Import_Stim.thisRepN,Import_Stim.thisTrialN,Import_Stim.thisN,Import_Stim.thisIndex,Import_Stim.ran,StimNum,Key,KeyNum,Symb,Symb_R,Symb_G,X_pos,Y_pos,Hand,Sound_P,Sound_N,Beep,participant,session,date,expName,psychopyVersion,OS,browser,browserInfo,frameRate,symb_map,symb_remap,Remap_Pair_1,Remap_Pair_2,Instr_Exp_Key.keys,Instr_Exp_Key.rt,Instr_Sound_Check_Press.keys,Instr_Sound_Check_Press.rt,Instr_Sound_Check_Press_Space.keys,Instr_Sound_Check_Iter.thisRepN,Instr_Sound_Check_Iter.thisTrialN,Instr_Sound_Check_Iter.thisN,Instr_Sound_Check_Iter.thisIndex,Instr_Sound_Check_Iter.ran,Instr_Sound_Check_Press_Space.rt,Sound_check_Creat_StimSeq_Text_Press.keys,sound_check,sound_check_press,sound_check_rt,sound_check_correct,sound_check_trial_count,Sound_Check_Press.keys,Sound_Check_Press.rt,Sound_Check_Iter.thisRepN,Sound_Check_Iter.thisTrialN,Sound_Check_Iter.thisN,Sound_Check_Iter.thisIndex,Sound_Check_Iter.ran,Sound_Check_Bool.thisRepN,Sound_Check_Bool.thisTrialN,Sound_Check_Bool.thisN,Sound_Check_Bool.thisIndex,Sound_Check_Bool.ran,Instr_RT_Hand_Key.keys,Instr_RT_Hand_Key.rt,stim_val,proposed_choice,key_num,stim_type,key,block_type,tr_old_pre,tr_old_post,remap,pre_rt,set_size,repeat_count,trial_Count,grp_stop,grp_swap,block_num,prep_time,actual_press,rt,actual_choice,correct,RT_Press_Hand.keys,RT_Press_Hand.corr,RT_Press_Hand.rt,RT_Iter_Hand.thisRepN,RT_Iter_Hand.thisTrialN,RT_Iter_Hand.thisN,RT_Iter_Hand.thisIndex,RT_Iter_Hand.ran,RT_Hand_Bool.thisRepN,RT_Hand_Bool.thisTrialN,RT_Hand_Bool.thisN,RT_Hand_Bool.thisIndex,RT_Hand_Bool.ran,Instr_HAND_TR_press.keys,Instr_HAND_TR_press.rt,Instr_Block_Num_Press.keys,Instr_Block_Num_Press.rt,TR_Press_Hand.keys,TR_Press_Hand.corr,TR_Press_Hand.rt,TR_Feedback_Bool_Hand.thisRepN,TR_Feedback_Bool_Hand.thisTrialN,TR_Feedback_Bool_Hand.thisN,TR_Feedback_Bool_Hand.thisIndex,TR_Feedback_Bool_Hand.ran,TR_Iter_Hand.thisRepN,TR_Iter_Hand.thisTrialN,TR_Iter_Hand.thisN,TR_Iter_Hand.thisIndex,TR_Iter_Hand.ran,TR_Penalty_Press.keys,TR_Penalty_Press.rt,TR_Penalty_Bool_Hand.thisRepN,TR_Penalty_Bool_Hand.thisTrialN,TR_Penalty_Bool_Hand.thisN,TR_Penalty_Bool_Hand.thisIndex,TR_Penalty_Bool_Hand.ran,TR_Block_Hand.thisRepN,TR_Block_Hand.thisTrialN,TR_Block_Hand.thisN,TR_Block_Hand.thisIndex,TR_Block_Hand.ran,TR_Hand_Bool.thisRepN,TR_Hand_Bool.thisTrialN,TR_Hand_Bool.thisN,TR_Hand_Bool.thisIndex,TR_Hand_Bool.ran,Instr_CR_Old_Press.keys,Instr_CR_Old_Press.rt,RT_Press.keys,RT_Press.corr,RT_Press.rt,CR_Old_Iter.thisRepN,CR_Old_Iter.thisTrialN,CR_Old_Iter.thisN,CR_Old_Iter.thisIndex,CR_Old_Iter.ran,CR_Old_Bool.thisRepN,CR_Old_Bool.thisTrialN,CR_Old_Bool.thisN,CR_Old_Bool.thisIndex,CR_Old_Bool.ran,Instr_CR_New_Press.keys,Instr_CR_New_Press.rt,CR_New_Iter_Swap.thisRepN,CR_New_Iter_Swap.thisTrialN,CR_New_Iter_Swap.thisN,CR_New_Iter_Swap.thisIndex,CR_New_Iter_Swap.ran,CR_Grp_Swap_Bool.thisRepN,CR_Grp_Swap_Bool.thisTrialN,CR_Grp_Swap_Bool.thisN,CR_Grp_Swap_Bool.thisIndex,CR_Grp_Swap_Bool.ran,CR_New_Bool.thisRepN,CR_New_Bool.thisTrialN,CR_New_Bool.thisN,CR_New_Bool.thisIndex,CR_New_Bool.ran,Instr_TR_Old_Post_Press_3.keys,Instr_TR_Old_Post_Press_3.rt,TR_Press.keys,TR_Press.corr,TR_Penalty_New_Swap_Bool.thisRepN,TR_Penalty_New_Swap_Bool.thisTrialN,TR_Penalty_New_Swap_Bool.thisN,TR_Penalty_New_Swap_Bool.thisIndex,TR_Penalty_New_Swap_Bool.ran,TR_Iter_New_Swap.thisRepN,TR_Iter_New_Swap.thisTrialN,TR_Iter_New_Swap.thisN,TR_Iter_New_Swap.thisIndex,TR_Iter_New_Swap.ran,TR_Press.rt,TR_Feedback_New_Swap_Bool.thisRepN,TR_Feedback_New_Swap_Bool.thisTrialN,TR_Feedback_New_Swap_Bool.thisN,TR_Feedback_New_Swap_Bool.thisIndex,TR_Feedback_New_Swap_Bool.ran,TR_New_Block_Swap.thisRepN,TR_New_Block_Swap.thisTrialN,TR_New_Block_Swap.thisN,TR_New_Block_Swap.thisIndex,TR_New_Block_Swap.ran,TR_New_Bool.thisRepN,TR_New_Bool.thisTrialN,TR_New_Bool.thisN,TR_New_Bool.thisIndex,TR_New_Bool.ran,Instr_End_Exp_Key.keys,Instr_End_Exp_Key.rt
0,0,0,0,1,0,a,0,media/djnb.png,media/djnb_r.png,media/djnb_g.png,-0.2495,0.045,media/hand2.png,media/coin.wav,media/buzz.wav,media/beep.wav,107,4,2024-09-05_15h33.34.906,Symbol-E,2020.1.3,MacIntel,Safari,"Mozilla/5.0 (Macintosh; Intel Mac OS X 10_15_7) AppleWebKit/605.1.15 (KHTML, like Gecko) Version/17.6 Safari/605.1.15",60,,,,,,,,,,,,,,,,,,,,,,,,,,,,,,,,,,,,,,,,,,,,,,,,,,,,,,,,,,,,,,,,,,,,,,,,,,,,,,,,,,,,,,,,,,,,,,,,,,,,,,,,,,,,,,,,,,,,,,,,,,,,,,,,,,,,,,,,,,,,,,,,,,,,,,,,,,,,,,,,,,,,,,,
0,1,1,1,1,1,w,1,media/dnnb.png,media/dnnb_r.png,media/dnnb_g.png,-0.205,0.112,,,,,107,4,2024-09-05_15h33.34.906,Symbol-E,2020.1.3,MacIntel,Safari,"Mozilla/5.0 (Macintosh; Intel Mac OS X 10_15_7) AppleWebKit/605.1.15 (KHTML, like Gecko) Version/17.6 Safari/605.1.15",60,,,,,,,,,,,,,,,,,,,,,,,,,,,,,,,,,,,,,,,,,,,,,,,,,,,,,,,,,,,,,,,,,,,,,,,,,,,,,,,,,,,,,,,,,,,,,,,,,,,,,,,,,,,,,,,,,,,,,,,,,,,,,,,,,,,,,,,,,,,,,,,,,,,,,,,,,,,,,,,,,,,,,,,
0,2,2,2,1,2,e,2,media/dinb.png,media/dinb_r.png,media/dinb_g.png,-0.15,0.135,,,,,107,4,2024-09-05_15h33.34.906,Symbol-E,2020.1.3,MacIntel,Safari,"Mozilla/5.0 (Macintosh; Intel Mac OS X 10_15_7) AppleWebKit/605.1.15 (KHTML, like Gecko) Version/17.6 Safari/605.1.15",60,,,,,,,,,,,,,,,,,,,,,,,,,,,,,,,,,,,,,,,,,,,,,,,,,,,,,,,,,,,,,,,,,,,,,,,,,,,,,,,,,,,,,,,,,,,,,,,,,,,,,,,,,,,,,,,,,,,,,,,,,,,,,,,,,,,,,,,,,,,,,,,,,,,,,,,,,,,,,,,,,,,,,,,
0,3,3,3,1,3,f,3,media/dgnb.png,media/dgnb_r.png,media/dgnb_g.png,-0.0885,0.115,,,,,107,4,2024-09-05_15h33.34.906,Symbol-E,2020.1.3,MacIntel,Safari,"Mozilla/5.0 (Macintosh; Intel Mac OS X 10_15_7) AppleWebKit/605.1.15 (KHTML, like Gecko) Version/17.6 Safari/605.1.15",60,,,,,,,,,,,,,,,,,,,,,,,,,,,,,,,,,,,,,,,,,,,,,,,,,,,,,,,,,,,,,,,,,,,,,,,,,,,,,,,,,,,,,,,,,,,,,,,,,,,,,,,,,,,,,,,,,,,,,,,,,,,,,,,,,,,,,,,,,,,,,,,,,,,,,,,,,,,,,,,,,,,,,,,
0,4,4,4,1,4,h,0,media/ddnb.png,media/ddnb_r.png,media/ddnb_g.png,0.088,0.115,,,,,107,4,2024-09-05_15h33.34.906,Symbol-E,2020.1.3,MacIntel,Safari,"Mozilla/5.0 (Macintosh; Intel Mac OS X 10_15_7) AppleWebKit/605.1.15 (KHTML, like Gecko) Version/17.6 Safari/605.1.15",60,,,,,,,,,,,,,,,,,,,,,,,,,,,,,,,,,,,,,,,,,,,,,,,,,,,,,,,,,,,,,,,,,,,,,,,,,,,,,,,,,,,,,,,,,,,,,,,,,,,,,,,,,,,,,,,,,,,,,,,,,,,,,,,,,,,,,,,,,,,,,,,,,,,,,,,,,,,,,,,,,,,,,,,
0,5,5,5,1,5,u,1,media/dfnb.png,media/dfnb_r.png,media/dfnb_g.png,0.1495,0.135,,,,,107,4,2024-09-05_15h33.34.906,Symbol-E,2020.1.3,MacIntel,Safari,"Mozilla/5.0 (Macintosh; Intel Mac OS X 10_15_7) AppleWebKit/605.1.15 (KHTML, like Gecko) Version/17.6 Safari/605.1.15",60,,,,,,,,,,,,,,,,,,,,,,,,,,,,,,,,,,,,,,,,,,,,,,,,,,,,,,,,,,,,,,,,,,,,,,,,,,,,,,,,,,,,,,,,,,,,,,,,,,,,,,,,,,,,,,,,,,,,,,,,,,,,,,,,,,,,,,,,,,,,,,,,,,,,,,,,,,,,,,,,,,,,,,,
0,6,6,6,1,6,i,2,media/dcnb.png,media/dcnb_r.png,media/dcnb_g.png,0.2055,0.112,,,,,107,4,2024-09-05_15h33.34.906,Symbol-E,2020.1.3,MacIntel,Safari,"Mozilla/5.0 (Macintosh; Intel Mac OS X 10_15_7) AppleWebKit/605.1.15 (KHTML, like Gecko) Version/17.6 Safari/605.1.15",60,,,,,,,,,,,,,,,,,,,,,,,,,,,,,,,,,,,,,,,,,,,,,,,,,,,,,,,,,,,,,,,,,,,,,,,,,,,,,,,,,,,,,,,,,,,,,,,,,,,,,,,,,,,,,,,,,,,,,,,,,,,,,,,,,,,,,,,,,,,,,,,,,,,,,,,,,,,,,,,,,,,,,,,
0,7,7,7,1,7,l,3,media/dmnb.png,media/dmnb_r.png,media/dmnb_g.png,0.25,0.045,,,,,107,4,2024-09-05_15h33.34.906,Symbol-E,2020.1.3,MacIntel,Safari,"Mozilla/5.0 (Macintosh; Intel Mac OS X 10_15_7) AppleWebKit/605.1.15 (KHTML, like Gecko) Version/17.6 Safari/605.1.15",60,,,,,,,,,,,,,,,,,,,,,,,,,,,,,,,,,,,,,,,,,,,,,,,,,,,,,,,,,,,,,,,,,,,,,,,,,,,,,,,,,,,,,,,,,,,,,,,,,,,,,,,,,,,,,,,,,,,,,,,,,,,,,,,,,,,,,,,,,,,,,,,,,,,,,,,,,,,,,,,,,,,,,,,
,,,,,,,,,,,,,,,,,107,4,2024-09-05_15h33.34.906,Symbol-E,2020.1.3,MacIntel,Safari,"Mozilla/5.0 (Macintosh; Intel Mac OS X 10_15_7) AppleWebKit/605.1.15 (KHTML, like Gecko) Version/17.6 Safari/605.1.15",60,"[6,2,7,5,4,0,1,3]",,"[1,3]","[5,7]",space,3.382,f,6.953,,0,0,0,0,1,,,,,,,,,,,,,,,,,,,,,,,,,,,,,,,,,,,,,,,,,,,,,,,,,,,,,,,,,,,,,,,,,,,,,,,,,,,,,,,,,,,,,,,,,,,,,,,,,,,,,,,,,,,,,,,,,,,,,,,,,,,,,,,,,,,,,,,,,,,,,,,,,,,,,,,,,
,,,,,,,,,,,,,,,,,107,4,2024-09-05_15h33.34.906,Symbol-E,2020.1.3,MacIntel,Safari,"Mozilla/5.0 (Macintosh; Intel Mac OS X 10_15_7) AppleWebKit/605.1.15 (KHTML, like Gecko) Version/17.6 Safari/605.1.15",60,,,,,,,j,0.649,,1,0,1,0,1,,,,,,,,,,,,,,,,,,,,,,,,,,,,,,,,,,,,,,,,,,,,,,,,,,,,,,,,,,,,,,,,,,,,,,,,,,,,,,,,,,,,,,,,,,,,,,,,,,,,,,,,,,,,,,,,,,,,,,,,,,,,,,,,,,,,,,,,,,,,,,,,,,,,,,,,,
,,,,,,,,,,,,,,,,,107,4,2024-09-05_15h33.34.906,Symbol-E,2020.1.3,MacIntel,Safari,"Mozilla/5.0 (Macintosh; Intel Mac OS X 10_15_7) AppleWebKit/605.1.15 (KHTML, like Gecko) Version/17.6 Safari/605.1.15",60,,,,,,,,,space,2,0,2,0,1,2.209,,,,,,,,,,,,,,,,,,,,,,,,,,,,,,,,,,,,,,,,,,,,,,,,,,,,,,,,,,,,,,,,,,,,,,,,,,,,,,,,,,,,,,,,,,,,,,,,,,,,,,,,,,,,,,,,,,,,,,,,,,,,,,,,,,,,,,,,,,,,,,,,,,,,,,,,
,,,,,,,,,,,,,,,,,107,4,2024-09-05_15h33.34.906,Symbol-E,2020.1.3,MacIntel,Safari,"Mozilla/5.0 (Macintosh; Intel Mac OS X 10_15_7) AppleWebKit/605.1.15 (KHTML, like Gecko) Version/17.6 Safari/605.1.15",60,,,,,,,,,,,,,,,,space,buzz,j,-0.48,-1,2,j,0.52,0,0,0,0,1,,,,,,,,,,,,,,,,,,,,,,,,,,,,,,,,,,,,,,,,,,,,,,,,,,,,,,,,,,,,,,,,,,,,,,,,,,,,,,,,,,,,,,,,,,,,,,,,,,,,,,,,,,,,,,,,,,,,,,,,,,,,,,,,,,,,,,,,,,,
,,,,,,,,,,,,,,,,,107,4,2024-09-05_15h33.34.906,Symbol-E,2020.1.3,MacIntel,Safari,"Mozilla/5.0 (Macintosh; Intel Mac OS X 10_15_7) AppleWebKit/605.1.15 (KHTML, like Gecko) Version/17.6 Safari/605.1.15",60,,,,,,,,,,,,,,,,,buzz,j,-0.661,-1,3,j,0.339,1,0,1,0,1,,,,,,,,,,,,,,,,,,,,,,,,,,,,,,,,,,,,,,,,,,,,,,,,,,,,,,,,,,,,,,,,,,,,,,,,,,,,,,,,,,,,,,,,,,,,,,,,,,,,,,,,,,,,,,,,,,,,,,,,,,,,,,,,,,,,,,,,,,,
,,,,,,,,,,,,,,,,,107,4,2024-09-05_15h33.34.906,Symbol-E,2020.1.3,MacIntel,Safari,"Mozilla/5.0 (Macintosh; Intel Mac OS X 10_15_7) AppleWebKit/605.1.15 (KHTML, like Gecko) Version/17.6 Safari/605.1.15",60,,,,,,,,,,,,,,,,,buzz,j,-0.655,-1,4,j,0.345,2,0,2,0,1,,,,,,,,,,,,,,,,,,,,,,,,,,,,,,,,,,,,,,,,,,,,,,,,,,,,,,,,,,,,,,,,,,,,,,,,,,,,,,,,,,,,,,,,,,,,,,,,,,,,,,,,,,,,,,,,,,,,,,,,,,,,,,,,,,,,,,,,,,,
,,,,,,,,,,,,,,,,,107,4,2024-09-05_15h33.34.906,Symbol-E,2020.1.3,MacIntel,Safari,"Mozilla/5.0 (Macintosh; Intel Mac OS X 10_15_7) AppleWebKit/605.1.15 (KHTML, like Gecko) Version/17.6 Safari/605.1.15",60,,,,,,,,,,,,,,,,,buzz,j,-0.814,-1,5,j,0.186,3,0,3,0,1,,,,,,,,,,,,,,,,,,,,,,,,,,,,,,,,,,,,,,,,,,,,,,,,,,,,,,,,,,,,,,,,,,,,,,,,,,,,,,,,,,,,,,,,,,,,,,,,,,,,,,,,,,,,,,,,,,,,,,,,,,,,,,,,,,,,,,,,,,,
,,,,,,,,,,,,,,,,,107,4,2024-09-05_15h33.34.906,Symbol-E,2020.1.3,MacIntel,Safari,"Mozilla/5.0 (Macintosh; Intel Mac OS X 10_15_7) AppleWebKit/605.1.15 (KHTML, like Gecko) Version/17.6 Safari/605.1.15",60,,,,,,,,,,,,,,,,,,,,,,,,,,,,,0,0,0,0,1,,,,,,,,,,,,,,,,,,,,,,,,,,,,,,,,,,,,,,,,,,,,,,,,,,,,,,,,,,,,,,,,,,,,,,,,,,,,,,,,,,,,,,,,,,,,,,,,,,,,,,,,,,,,,,,,,,,,,,,,,,,,,,,,,,,,,,
,,,,,,,,,,,,,,,,,107,4,2024-09-05_15h33.34.906,Symbol-E,2020.1.3,MacIntel,Safari,"Mozilla/5.0 (Macintosh; Intel Mac OS X 10_15_7) AppleWebKit/605.1.15 (KHTML, like Gecko) Version/17.6 Safari/605.1.15",60,,,,,,,,,,,,,,,,,,,,,,,,,,,,,,,,,,h,18.113,3,3,3,Hand,f,RT,0,0,0,0,8,0,0,0,1,0,99,u,0.037,5,0,u,0,0.037,0,0,0,0,1,,,,,,,,,,,,,,,,,,,,,,,,,,,,,,,,,,,,,,,,,,,,,,,,,,,,,,,,,,,,,,,,,,,,,,,,,,,,,,,,,,,,,,,,,,,,,,,,,,,,,,,
,,,,,,,,,,,,,,,,,107,4,2024-09-05_15h33.34.906,Symbol-E,2020.1.3,MacIntel,Safari,"Mozilla/5.0 (Macintosh; Intel Mac OS X 10_15_7) AppleWebKit/605.1.15 (KHTML, like Gecko) Version/17.6 Safari/605.1.15",60,,,,,,,,,,,,,,,,,,,,,,,,,,,,,,,,,,,,0,0,0,Hand,a,RT,0,0,0,0,8,0,1,0,1,0,99,f,0.332,3,0,f,0,0.332,1,0,1,0,1,,,,,,,,,,,,,,,,,,,,,,,,,,,,,,,,,,,,,,,,,,,,,,,,,,,,,,,,,,,,,,,,,,,,,,,,,,,,,,,,,,,,,,,,,,,,,,,,,,,,,,,
,,,,,,,,,,,,,,,,,107,4,2024-09-05_15h33.34.906,Symbol-E,2020.1.3,MacIntel,Safari,"Mozilla/5.0 (Macintosh; Intel Mac OS X 10_15_7) AppleWebKit/605.1.15 (KHTML, like Gecko) Version/17.6 Safari/605.1.15",60,,,,,,,,,,,,,,,,,,,,,,,,,,,,,,,,,,,,7,7,3,Hand,l,RT,0,0,0,0,8,0,2,0,1,0,99,l,0.634,7,1,l,1,0.634,2,0,2,0,1,,,,,,,,,,,,,,,,,,,,,,,,,,,,,,,,,,,,,,,,,,,,,,,,,,,,,,,,,,,,,,,,,,,,,,,,,,,,,,,,,,,,,,,,,,,,,,,,,,,,,,,
,,,,,,,,,,,,,,,,,107,4,2024-09-05_15h33.34.906,Symbol-E,2020.1.3,MacIntel,Safari,"Mozilla/5.0 (Macintosh; Intel Mac OS X 10_15_7) AppleWebKit/605.1.15 (KHTML, like Gecko) Version/17.6 Safari/605.1.15",60,,,,,,,,,,,,,,,,,,,,,,,,,,,,,,,,,,,,5,5,1,Hand,u,RT,0,0,0,0,8,0,3,0,1,0,99,u,0.441,5,1,u,1,0.441,3,0,3,0,1,,,,,,,,,,,,,,,,,,,,,,,,,,,,,,,,,,,,,,,,,,,,,,,,,,,,,,,,,,,,,,,,,,,,,,,,,,,,,,,,,,,,,,,,,,,,,,,,,,,,,,,
,,,,,,,,,,,,,,,,,107,4,2024-09-05_15h33.34.906,Symbol-E,2020.1.3,MacIntel,Safari,"Mozilla/5.0 (Macintosh; Intel Mac OS X 10_15_7) AppleWebKit/605.1.15 (KHTML, like Gecko) Version/17.6 Safari/605.1.15",60,,,,,,,,,,,,,,,,,,,,,,,,,,,,,,,,,,,,4,4,0,Hand,h,RT,0,0,0,0,8,0,4,0,1,0,99,h,0.552,4,1,h,1,0.552,4,0,4,0,1,,,,,,,,,,,,,,,,,,,,,,,,,,,,,,,,,,,,,,,,,,,,,,,,,,,,,,,,,,,,,,,,,,,,,,,,,,,,,,,,,,,,,,,,,,,,,,,,,,,,,,,
,,,,,,,,,,,,,,,,,107,4,2024-09-05_15h33.34.906,Symbol-E,2020.1.3,MacIntel,Safari,"Mozilla/5.0 (Macintosh; Intel Mac OS X 10_15_7) AppleWebKit/605.1.15 (KHTML, like Gecko) Version/17.6 Safari/605.1.15",60,,,,,,,,,,,,,,,,,,,,,,,,,,,,,,,,,,,,6,6,2,Hand,i,RT,0,0,0,0,8,0,5,0,1,0,99,i,0.435,6,1,i,1,0.435,5,0,5,0,1,,,,,,,,,,,,,,,,,,,,,,,,,,,,,,,,,,,,,,,,,,,,,,,,,,,,,,,,,,,,,,,,,,,,,,,,,,,,,,,,,,,,,,,,,,,,,,,,,,,,,,,
,,,,,,,,,,,,,,,,,107,4,2024-09-05_15h33.34.906,Symbol-E,2020.1.3,MacIntel,Safari,"Mozilla/5.0 (Macintosh; Intel Mac OS X 10_15_7) AppleWebKit/605.1.15 (KHTML, like Gecko) Version/17.6 Safari/605.1.15",60,,,,,,,,,,,,,,,,,,,,,,,,,,,,,,,,,,,,0,0,0,Hand,a,RT,0,0,0,0,8,0,6,0,1,0,99,a,0.498,0,1,a,1,0.498,6,0,6,0,1,,,,,,,,,,,,,,,,,,,,,,,,,,,,,,,,,,,,,,,,,,,,,,,,,,,,,,,,,,,,,,,,,,,,,,,,,,,,,,,,,,,,,,,,,,,,,,,,,,,,,,,
,,,,,,,,,,,,,,,,,107,4,2024-09-05_15h33.34.906,Symbol-E,2020.1.3,MacIntel,Safari,"Mozilla/5.0 (Macintosh; Intel Mac OS X 10_15_7) AppleWebKit/605.1.15 (KHTML, like Gecko) Version/17.6 Safari/605.1.15",60,,,,,,,,,,,,,,,,,,,,,,,,,,,,,,,,,,,,1,1,1,Hand,w,RT,0,0,0,0,8,0,7,0,1,0,99,w,0.338,1,1,w,1,0.338,7,0,7,0,1,,,,,,,,,,,,,,,,,,,,,,,,,,,,,,,,,,,,,,,,,,,,,,,,,,,,,,,,,,,,,,,,,,,,,,,,,,,,,,,,,,,,,,,,,,,,,,,,,,,,,,,
,,,,,,,,,,,,,,,,,107,4,2024-09-05_15h33.34.906,Symbol-E,2020.1.3,MacIntel,Safari,"Mozilla/5.0 (Macintosh; Intel Mac OS X 10_15_7) AppleWebKit/605.1.15 (KHTML, like Gecko) Version/17.6 Safari/605.1.15",60,,,,,,,,,,,,,,,,,,,,,,,,,,,,,,,,,,,,6,6,2,Hand,i,RT,0,0,0,0,8,0,8,0,1,0,99,i,0.589,6,1,i,1,0.589,8,0,8,0,1,,,,,,,,,,,,,,,,,,,,,,,,,,,,,,,,,,,,,,,,,,,,,,,,,,,,,,,,,,,,,,,,,,,,,,,,,,,,,,,,,,,,,,,,,,,,,,,,,,,,,,,
,,,,,,,,,,,,,,,,,107,4,2024-09-05_15h33.34.906,Symbol-E,2020.1.3,MacIntel,Safari,"Mozilla/5.0 (Macintosh; Intel Mac OS X 10_15_7) AppleWebKit/605.1.15 (KHTML, like Gecko) Version/17.6 Safari/605.1.15",60,,,,,,,,,,,,,,,,,,,,,,,,,,,,,,,,,,,,2,2,2,Hand,e,RT,0,0,0,0,8,0,9,0,1,0,99,e,0.566,2,1,e,1,0.566,9,0,9,0,1,,,,,,,,,,,,,,,,,,,,,,,,,,,,,,,,,,,,,,,,,,,,,,,,,,,,,,,,,,,,,,,,,,,,,,,,,,,,,,,,,,,,,,,,,,,,,,,,,,,,,,,
,,,,,,,,,,,,,,,,,107,4,2024-09-05_15h33.34.906,Symbol-E,2020.1.3,MacIntel,Safari,"Mozilla/5.0 (Macintosh; Intel Mac OS X 10_15_7) AppleWebKit/605.1.15 (KHTML, like Gecko) Version/17.6 Safari/605.1.15",60,,,,,,,,,,,,,,,,,,,,,,,,,,,,,,,,,,,,7,7,3,Hand,l,RT,0,0,0,0,8,0,10,0,1,0,99,l,0.516,7,1,l,1,0.516,10,0,10,0,1,,,,,,,,,,,,,,,,,,,,,,,,,,,,,,,,,,,,,,,,,,,,,,,,,,,,,,,,,,,,,,,,,,,,,,,,,,,,,,,,,,,,,,,,,,,,,,,,,,,,,,,
,,,,,,,,,,,,,,,,,107,4,2024-09-05_15h33.34.906,Symbol-E,2020.1.3,MacIntel,Safari,"Mozilla/5.0 (Macintosh; Intel Mac OS X 10_15_7) AppleWebKit/605.1.15 (KHTML, like Gecko) Version/17.6 Safari/605.1.15",60,,,,,,,,,,,,,,,,,,,,,,,,,,,,,,,,,,,,4,4,0,Hand,h,RT,0,0,0,0,8,0,11,0,1,0,99,u,0.581,5,0,u,0,0.581,11,0,11,0,1,,,,,,,,,,,,,,,,,,,,,,,,,,,,,,,,,,,,,,,,,,,,,,,,,,,,,,,,,,,,,,,,,,,,,,,,,,,,,,,,,,,,,,,,,,,,,,,,,,,,,,,
,,,,,,,,,,,,,,,,,107,4,2024-09-05_15h33.34.906,Symbol-E,2020.1.3,MacIntel,Safari,"Mozilla/5.0 (Macintosh; Intel Mac OS X 10_15_7) AppleWebKit/605.1.15 (KHTML, like Gecko) Version/17.6 Safari/605.1.15",60,,,,,,,,,,,,,,,,,,,,,,,,,,,,,,,,,,,,3,3,3,Hand,f,RT,0,0,0,0,8,0,12,0,1,0,99,e,0.57,2,0,e,0,0.57,12,0,12,0,1,,,,,,,,,,,,,,,,,,,,,,,,,,,,,,,,,,,,,,,,,,,,,,,,,,,,,,,,,,,,,,,,,,,,,,,,,,,,,,,,,,,,,,,,,,,,,,,,,,,,,,,
,,,,,,,,,,,,,,,,,107,4,2024-09-05_15h33.34.906,Symbol-E,2020.1.3,MacIntel,Safari,"Mozilla/5.0 (Macintosh; Intel Mac OS X 10_15_7) AppleWebKit/605.1.15 (KHTML, like Gecko) Version/17.6 Safari/605.1.15",60,,,,,,,,,,,,,,,,,,,,,,,,,,,,,,,,,,,,2,2,2,Hand,e,RT,0,0,0,0,8,0,13,0,1,0,99,e,0.434,2,1,e,1,0.434,13,0,13,0,1,,,,,,,,,,,,,,,,,,,,,,,,,,,,,,,,,,,,,,,,,,,,,,,,,,,,,,,,,,,,,,,,,,,,,,,,,,,,,,,,,,,,,,,,,,,,,,,,,,,,,,,
,,,,,,,,,,,,,,,,,107,4,2024-09-05_15h33.34.906,Symbol-E,2020.1.3,MacIntel,Safari,"Mozilla/5.0 (Macintosh; Intel Mac OS X 10_15_7) AppleWebKit/605.1.15 (KHTML, like Gecko) Version/17.6 Safari/605.1.15",60,,,,,,,,,,,,,,,,,,,,,,,,,,,,,,,,,,,,1,1,1,Hand,w,RT,0,0,0,0,8,0,14,0,1,0,99,w,0.454,1,1,w,1,0.454,14,0,14,0,1,,,,,,,,,,,,,,,,,,,,,,,,,,,,,,,,,,,,,,,,,,,,,,,,,,,,,,,,,,,,,,,,,,,,,,,,,,,,,,,,,,,,,,,,,,,,,,,,,,,,,,,
,,,,,,,,,,,,,,,,,107,4,2024-09-05_15h33.34.906,Symbol-E,2020.1.3,MacIntel,Safari,"Mozilla/5.0 (Macintosh; Intel Mac OS X 10_15_7) AppleWebKit/605.1.15 (KHTML, like Gecko) Version/17.6 Safari/605.1.15",60,,,,,,,,,,,,,,,,,,,,,,,,,,,,,,,,,,,,5,5,1,Hand,u,RT,0,0,0,0,8,0,15,0,1,0,99,u,0.471,5,1,u,1,0.471,15,0,15,0,1,,,,,,,,,,,,,,,,,,,,,,,,,,,,,,,,,,,,,,,,,,,,,,,,,,,,,,,,,,,,,,,,,,,,,,,,,,,,,,,,,,,,,,,,,,,,,,,,,,,,,,,
,,,,,,,,,,,,,,,,,107,4,2024-09-05_15h33.34.906,Symbol-E,2020.1.3,MacIntel,Safari,"Mozilla/5.0 (Macintosh; Intel Mac OS X 10_15_7) AppleWebKit/605.1.15 (KHTML, like Gecko) Version/17.6 Safari/605.1.15",60,,,,,,,,,,,,,,,,,,,,,,,,,,,,,,,,,,,,2,2,2,Hand,e,RT,0,0,0,0,8,0,16,0,1,0,99,e,0.534,2,1,e,1,0.534,16,0,16,0,1,,,,,,,,,,,,,,,,,,,,,,,,,,,,,,,,,,,,,,,,,,,,,,,,,,,,,,,,,,,,,,,,,,,,,,,,,,,,,,,,,,,,,,,,,,,,,,,,,,,,,,,
,,,,,,,,,,,,,,,,,107,4,2024-09-05_15h33.34.906,Symbol-E,2020.1.3,MacIntel,Safari,"Mozilla/5.0 (Macintosh; Intel Mac OS X 10_15_7) AppleWebKit/605.1.15 (KHTML, like Gecko) Version/17.6 Safari/605.1.15",60,,,,,,,,,,,,,,,,,,,,,,,,,,,,,,,,,,,,4,4,0,Hand,h,RT,0,0,0,0,8,0,17,0,1,0,99,h,0.62,4,1,h,1,0.62,17,0,17,0,1,,,,,,,,,,,,,,,,,,,,,,,,,,,,,,,,,,,,,,,,,,,,,,,,,,,,,,,,,,,,,,,,,,,,,,,,,,,,,,,,,,,,,,,,,,,,,,,,,,,,,,,
,,,,,,,,,,,,,,,,,107,4,2024-09-05_15h33.34.906,Symbol-E,2020.1.3,MacIntel,Safari,"Mozilla/5.0 (Macintosh; Intel Mac OS X 10_15_7) AppleWebKit/605.1.15 (KHTML, like Gecko) Version/17.6 Safari/605.1.15",60,,,,,,,,,,,,,,,,,,,,,,,,,,,,,,,,,,,,4,4,0,Hand,h,RT,0,0,0,0,8,0,18,0,1,0,99,h,0.375,4,1,h,1,0.375,18,0,18,0,1,,,,,,,,,,,,,,,,,,,,,,,,,,,,,,,,,,,,,,,,,,,,,,,,,,,,,,,,,,,,,,,,,,,,,,,,,,,,,,,,,,,,,,,,,,,,,,,,,,,,,,,
,,,,,,,,,,,,,,,,,107,4,2024-09-05_15h33.34.906,Symbol-E,2020.1.3,MacIntel,Safari,"Mozilla/5.0 (Macintosh; Intel Mac OS X 10_15_7) AppleWebKit/605.1.15 (KHTML, like Gecko) Version/17.6 Safari/605.1.15",60,,,,,,,,,,,,,,,,,,,,,,,,,,,,,,,,,,,,1,1,1,Hand,w,RT,0,0,0,0,8,0,19,0,1,0,99,w,0.467,1,1,w,1,0.467,19,0,19,0,1,,,,,,,,,,,,,,,,,,,,,,,,,,,,,,,,,,,,,,,,,,,,,,,,,,,,,,,,,,,,,,,,,,,,,,,,,,,,,,,,,,,,,,,,,,,,,,,,,,,,,,,
,,,,,,,,,,,,,,,,,107,4,2024-09-05_15h33.34.906,Symbol-E,2020.1.3,MacIntel,Safari,"Mozilla/5.0 (Macintosh; Intel Mac OS X 10_15_7) AppleWebKit/605.1.15 (KHTML, like Gecko) Version/17.6 Safari/605.1.15",60,,,,,,,,,,,,,,,,,,,,,,,,,,,,,,,,,,,,6,6,2,Hand,i,RT,0,0,0,0,8,0,20,0,1,0,99,i,0.557,6,1,i,1,0.557,20,0,20,0,1,,,,,,,,,,,,,,,,,,,,,,,,,,,,,,,,,,,,,,,,,,,,,,,,,,,,,,,,,,,,,,,,,,,,,,,,,,,,,,,,,,,,,,,,,,,,,,,,,,,,,,,
,,,,,,,,,,,,,,,,,107,4,2024-09-05_15h33.34.906,Symbol-E,2020.1.3,MacIntel,Safari,"Mozilla/5.0 (Macintosh; Intel Mac OS X 10_15_7) AppleWebKit/605.1.15 (KHTML, like Gecko) Version/17.6 Safari/605.1.15",60,,,,,,,,,,,,,,,,,,,,,,,,,,,,,,,,,,,,6,6,2,Hand,i,RT,0,0,0,0,8,0,21,0,1,0,99,i,0.351,6,1,i,1,0.351,21,0,21,0,1,,,,,,,,,,,,,,,,,,,,,,,,,,,,,,,,,,,,,,,,,,,,,,,,,,,,,,,,,,,,,,,,,,,,,,,,,,,,,,,,,,,,,,,,,,,,,,,,,,,,,,,
,,,,,,,,,,,,,,,,,107,4,2024-09-05_15h33.34.906,Symbol-E,2020.1.3,MacIntel,Safari,"Mozilla/5.0 (Macintosh; Intel Mac OS X 10_15_7) AppleWebKit/605.1.15 (KHTML, like Gecko) Version/17.6 Safari/605.1.15",60,,,,,,,,,,,,,,,,,,,,,,,,,,,,,,,,,,,,5,5,1,Hand,u,RT,0,0,0,0,8,0,22,0,1,0,99,u,0.408,5,1,u,1,0.408,22,0,22,0,1,,,,,,,,,,,,,,,,,,,,,,,,,,,,,,,,,,,,,,,,,,,,,,,,,,,,,,,,,,,,,,,,,,,,,,,,,,,,,,,,,,,,,,,,,,,,,,,,,,,,,,,
,,,,,,,,,,,,,,,,,107,4,2024-09-05_15h33.34.906,Symbol-E,2020.1.3,MacIntel,Safari,"Mozilla/5.0 (Macintosh; Intel Mac OS X 10_15_7) AppleWebKit/605.1.15 (KHTML, like Gecko) Version/17.6 Safari/605.1.15",60,,,,,,,,,,,,,,,,,,,,,,,,,,,,,,,,,,,,2,2,2,Hand,e,RT,0,0,0,0,8,0,23,0,1,0,99,e,0.552,2,1,e,1,0.552,23,0,23,0,1,,,,,,,,,,,,,,,,,,,,,,,,,,,,,,,,,,,,,,,,,,,,,,,,,,,,,,,,,,,,,,,,,,,,,,,,,,,,,,,,,,,,,,,,,,,,,,,,,,,,,,,
,,,,,,,,,,,,,,,,,107,4,2024-09-05_15h33.34.906,Symbol-E,2020.1.3,MacIntel,Safari,"Mozilla/5.0 (Macintosh; Intel Mac OS X 10_15_7) AppleWebKit/605.1.15 (KHTML, like Gecko) Version/17.6 Safari/605.1.15",60,,,,,,,,,,,,,,,,,,,,,,,,,,,,,,,,,,,,7,7,3,Hand,l,RT,0,0,0,0,8,0,24,0,1,0,99,l,0.483,7,1,l,1,0.483,24,0,24,0,1,,,,,,,,,,,,,,,,,,,,,,,,,,,,,,,,,,,,,,,,,,,,,,,,,,,,,,,,,,,,,,,,,,,,,,,,,,,,,,,,,,,,,,,,,,,,,,,,,,,,,,,
,,,,,,,,,,,,,,,,,107,4,2024-09-05_15h33.34.906,Symbol-E,2020.1.3,MacIntel,Safari,"Mozilla/5.0 (Macintosh; Intel Mac OS X 10_15_7) AppleWebKit/605.1.15 (KHTML, like Gecko) Version/17.6 Safari/605.1.15",60,,,,,,,,,,,,,,,,,,,,,,,,,,,,,,,,,,,,0,0,0,Hand,a,RT,0,0,0,0,8,0,25,0,1,0,99,a,0.401,0,1,a,1,0.401,25,0,25,0,1,,,,,,,,,,,,,,,,,,,,,,,,,,,,,,,,,,,,,,,,,,,,,,,,,,,,,,,,,,,,,,,,,,,,,,,,,,,,,,,,,,,,,,,,,,,,,,,,,,,,,,,
,,,,,,,,,,,,,,,,,107,4,2024-09-05_15h33.34.906,Symbol-E,2020.1.3,MacIntel,Safari,"Mozilla/5.0 (Macintosh; Intel Mac OS X 10_15_7) AppleWebKit/605.1.15 (KHTML, like Gecko) Version/17.6 Safari/605.1.15",60,,,,,,,,,,,,,,,,,,,,,,,,,,,,,,,,,,,,5,5,1,Hand,u,RT,0,0,0,0,8,0,26,0,1,0,99,u,0.416,5,1,u,1,0.416,26,0,26,0,1,,,,,,,,,,,,,,,,,,,,,,,,,,,,,,,,,,,,,,,,,,,,,,,,,,,,,,,,,,,,,,,,,,,,,,,,,,,,,,,,,,,,,,,,,,,,,,,,,,,,,,,
,,,,,,,,,,,,,,,,,107,4,2024-09-05_15h33.34.906,Symbol-E,2020.1.3,MacIntel,Safari,"Mozilla/5.0 (Macintosh; Intel Mac OS X 10_15_7) AppleWebKit/605.1.15 (KHTML, like Gecko) Version/17.6 Safari/605.1.15",60,,,,,,,,,,,,,,,,,,,,,,,,,,,,,,,,,,,,3,3,3,Hand,f,RT,0,0,0,0,8,0,27,0,1,0,99,f,0.601,3,1,f,1,0.601,27,0,27,0,1,,,,,,,,,,,,,,,,,,,,,,,,,,,,,,,,,,,,,,,,,,,,,,,,,,,,,,,,,,,,,,,,,,,,,,,,,,,,,,,,,,,,,,,,,,,,,,,,,,,,,,,
,,,,,,,,,,,,,,,,,107,4,2024-09-05_15h33.34.906,Symbol-E,2020.1.3,MacIntel,Safari,"Mozilla/5.0 (Macintosh; Intel Mac OS X 10_15_7) AppleWebKit/605.1.15 (KHTML, like Gecko) Version/17.6 Safari/605.1.15",60,,,,,,,,,,,,,,,,,,,,,,,,,,,,,,,,,,,,7,7,3,Hand,l,RT,0,0,0,0,8,0,28,0,1,0,99,l,0.396,7,1,l,1,0.396,28,0,28,0,1,,,,,,,,,,,,,,,,,,,,,,,,,,,,,,,,,,,,,,,,,,,,,,,,,,,,,,,,,,,,,,,,,,,,,,,,,,,,,,,,,,,,,,,,,,,,,,,,,,,,,,,
,,,,,,,,,,,,,,,,,107,4,2024-09-05_15h33.34.906,Symbol-E,2020.1.3,MacIntel,Safari,"Mozilla/5.0 (Macintosh; Intel Mac OS X 10_15_7) AppleWebKit/605.1.15 (KHTML, like Gecko) Version/17.6 Safari/605.1.15",60,,,,,,,,,,,,,,,,,,,,,,,,,,,,,,,,,,,,1,1,1,Hand,w,RT,0,0,0,0,8,0,29,0,1,0,99,w,0.603,1,1,w,1,0.603,29,0,29,0,1,,,,,,,,,,,,,,,,,,,,,,,,,,,,,,,,,,,,,,,,,,,,,,,,,,,,,,,,,,,,,,,,,,,,,,,,,,,,,,,,,,,,,,,,,,,,,,,,,,,,,,,
,,,,,,,,,,,,,,,,,107,4,2024-09-05_15h33.34.906,Symbol-E,2020.1.3,MacIntel,Safari,"Mozilla/5.0 (Macintosh; Intel Mac OS X 10_15_7) AppleWebKit/605.1.15 (KHTML, like Gecko) Version/17.6 Safari/605.1.15",60,,,,,,,,,,,,,,,,,,,,,,,,,,,,,,,,,,,,3,3,3,Hand,f,RT,0,0,0,0,8,0,30,0,1,0,99,f,0.768,3,1,f,1,0.768,30,0,30,0,1,,,,,,,,,,,,,,,,,,,,,,,,,,,,,,,,,,,,,,,,,,,,,,,,,,,,,,,,,,,,,,,,,,,,,,,,,,,,,,,,,,,,,,,,,,,,,,,,,,,,,,,
,,,,,,,,,,,,,,,,,107,4,2024-09-05_15h33.34.906,Symbol-E,2020.1.3,MacIntel,Safari,"Mozilla/5.0 (Macintosh; Intel Mac OS X 10_15_7) AppleWebKit/605.1.15 (KHTML, like Gecko) Version/17.6 Safari/605.1.15",60,,,,,,,,,,,,,,,,,,,,,,,,,,,,,,,,,,,,0,0,0,Hand,a,RT,0,0,0,0,8,0,31,0,1,0,99,a,0.448,0,1,a,1,0.448,31,0,31,0,1,,,,,,,,,,,,,,,,,,,,,,,,,,,,,,,,,,,,,,,,,,,,,,,,,,,,,,,,,,,,,,,,,,,,,,,,,,,,,,,,,,,,,,,,,,,,,,,,,,,,,,,
,,,,,,,,,,,,,,,,,107,4,2024-09-05_15h33.34.906,Symbol-E,2020.1.3,MacIntel,Safari,"Mozilla/5.0 (Macintosh; Intel Mac OS X 10_15_7) AppleWebKit/605.1.15 (KHTML, like Gecko) Version/17.6 Safari/605.1.15",60,,,,,,,,,,,,,,,,,,,,,,,,,,,,,,,,,,,,3,3,3,Hand,f,RT,0,0,0,0,8,0,32,0,1,0,99,f,0.596,3,1,f,1,0.596,32,0,32,0,1,,,,,,,,,,,,,,,,,,,,,,,,,,,,,,,,,,,,,,,,,,,,,,,,,,,,,,,,,,,,,,,,,,,,,,,,,,,,,,,,,,,,,,,,,,,,,,,,,,,,,,,
,,,,,,,,,,,,,,,,,107,4,2024-09-05_15h33.34.906,Symbol-E,2020.1.3,MacIntel,Safari,"Mozilla/5.0 (Macintosh; Intel Mac OS X 10_15_7) AppleWebKit/605.1.15 (KHTML, like Gecko) Version/17.6 Safari/605.1.15",60,,,,,,,,,,,,,,,,,,,,,,,,,,,,,,,,,,,,6,6,2,Hand,i,RT,0,0,0,0,8,0,33,0,1,0,99,i,0.435,6,1,i,1,0.435,33,0,33,0,1,,,,,,,,,,,,,,,,,,,,,,,,,,,,,,,,,,,,,,,,,,,,,,,,,,,,,,,,,,,,,,,,,,,,,,,,,,,,,,,,,,,,,,,,,,,,,,,,,,,,,,,
,,,,,,,,,,,,,,,,,107,4,2024-09-05_15h33.34.906,Symbol-E,2020.1.3,MacIntel,Safari,"Mozilla/5.0 (Macintosh; Intel Mac OS X 10_15_7) AppleWebKit/605.1.15 (KHTML, like Gecko) Version/17.6 Safari/605.1.15",60,,,,,,,,,,,,,,,,,,,,,,,,,,,,,,,,,,,,0,0,0,Hand,a,RT,0,0,0,0,8,0,34,0,1,0,99,a,0.434,0,1,a,1,0.434,34,0,34,0,1,,,,,,,,,,,,,,,,,,,,,,,,,,,,,,,,,,,,,,,,,,,,,,,,,,,,,,,,,,,,,,,,,,,,,,,,,,,,,,,,,,,,,,,,,,,,,,,,,,,,,,,
,,,,,,,,,,,,,,,,,107,4,2024-09-05_15h33.34.906,Symbol-E,2020.1.3,MacIntel,Safari,"Mozilla/5.0 (Macintosh; Intel Mac OS X 10_15_7) AppleWebKit/605.1.15 (KHTML, like Gecko) Version/17.6 Safari/605.1.15",60,,,,,,,,,,,,,,,,,,,,,,,,,,,,,,,,,,,,2,2,2,Hand,e,RT,0,0,0,0,8,0,35,0,1,0,99,e,0.52,2,1,e,1,0.52,35,0,35,0,1,,,,,,,,,,,,,,,,,,,,,,,,,,,,,,,,,,,,,,,,,,,,,,,,,,,,,,,,,,,,,,,,,,,,,,,,,,,,,,,,,,,,,,,,,,,,,,,,,,,,,,,
,,,,,,,,,,,,,,,,,107,4,2024-09-05_15h33.34.906,Symbol-E,2020.1.3,MacIntel,Safari,"Mozilla/5.0 (Macintosh; Intel Mac OS X 10_15_7) AppleWebKit/605.1.15 (KHTML, like Gecko) Version/17.6 Safari/605.1.15",60,,,,,,,,,,,,,,,,,,,,,,,,,,,,,,,,,,,,2,2,2,Hand,e,RT,0,0,0,0,8,0,36,0,1,0,99,e,0.454,2,1,e,1,0.454,36,0,36,0,1,,,,,,,,,,,,,,,,,,,,,,,,,,,,,,,,,,,,,,,,,,,,,,,,,,,,,,,,,,,,,,,,,,,,,,,,,,,,,,,,,,,,,,,,,,,,,,,,,,,,,,,
,,,,,,,,,,,,,,,,,107,4,2024-09-05_15h33.34.906,Symbol-E,2020.1.3,MacIntel,Safari,"Mozilla/5.0 (Macintosh; Intel Mac OS X 10_15_7) AppleWebKit/605.1.15 (KHTML, like Gecko) Version/17.6 Safari/605.1.15",60,,,,,,,,,,,,,,,,,,,,,,,,,,,,,,,,,,,,7,7,3,Hand,l,RT,0,0,0,0,8,0,37,0,1,0,99,l,0.408,7,1,l,1,0.408,37,0,37,0,1,,,,,,,,,,,,,,,,,,,,,,,,,,,,,,,,,,,,,,,,,,,,,,,,,,,,,,,,,,,,,,,,,,,,,,,,,,,,,,,,,,,,,,,,,,,,,,,,,,,,,,,
,,,,,,,,,,,,,,,,,107,4,2024-09-05_15h33.34.906,Symbol-E,2020.1.3,MacIntel,Safari,"Mozilla/5.0 (Macintosh; Intel Mac OS X 10_15_7) AppleWebKit/605.1.15 (KHTML, like Gecko) Version/17.6 Safari/605.1.15",60,,,,,,,,,,,,,,,,,,,,,,,,,,,,,,,,,,,,6,6,2,Hand,i,RT,0,0,0,0,8,0,38,0,1,0,99,i,0.433,6,1,i,1,0.433,38,0,38,0,1,,,,,,,,,,,,,,,,,,,,,,,,,,,,,,,,,,,,,,,,,,,,,,,,,,,,,,,,,,,,,,,,,,,,,,,,,,,,,,,,,,,,,,,,,,,,,,,,,,,,,,,
,,,,,,,,,,,,,,,,,107,4,2024-09-05_15h33.34.906,Symbol-E,2020.1.3,MacIntel,Safari,"Mozilla/5.0 (Macintosh; Intel Mac OS X 10_15_7) AppleWebKit/605.1.15 (KHTML, like Gecko) Version/17.6 Safari/605.1.15",60,,,,,,,,,,,,,,,,,,,,,,,,,,,,,,,,,,,,5,5,1,Hand,u,RT,0,0,0,0,8,0,39,0,1,0,99,u,0.388,5,1,u,1,0.388,39,0,39,0,1,,,,,,,,,,,,,,,,,,,,,,,,,,,,,,,,,,,,,,,,,,,,,,,,,,,,,,,,,,,,,,,,,,,,,,,,,,,,,,,,,,,,,,,,,,,,,,,,,,,,,,,
,,,,,,,,,,,,,,,,,107,4,2024-09-05_15h33.34.906,Symbol-E,2020.1.3,MacIntel,Safari,"Mozilla/5.0 (Macintosh; Intel Mac OS X 10_15_7) AppleWebKit/605.1.15 (KHTML, like Gecko) Version/17.6 Safari/605.1.15",60,,,,,,,,,,,,,,,,,,,,,,,,,,,,,,,,,,,,1,1,1,Hand,w,RT,0,0,0,0,8,0,40,0,1,0,99,w,0.501,1,1,w,1,0.501,40,0,40,0,1,,,,,,,,,,,,,,,,,,,,,,,,,,,,,,,,,,,,,,,,,,,,,,,,,,,,,,,,,,,,,,,,,,,,,,,,,,,,,,,,,,,,,,,,,,,,,,,,,,,,,,,
,,,,,,,,,,,,,,,,,107,4,2024-09-05_15h33.34.906,Symbol-E,2020.1.3,MacIntel,Safari,"Mozilla/5.0 (Macintosh; Intel Mac OS X 10_15_7) AppleWebKit/605.1.15 (KHTML, like Gecko) Version/17.6 Safari/605.1.15",60,,,,,,,,,,,,,,,,,,,,,,,,,,,,,,,,,,,,4,4,0,Hand,h,RT,0,0,0,0,8,0,41,0,1,0,99,h,0.468,4,1,h,1,0.468,41,0,41,0,1,,,,,,,,,,,,,,,,,,,,,,,,,,,,,,,,,,,,,,,,,,,,,,,,,,,,,,,,,,,,,,,,,,,,,,,,,,,,,,,,,,,,,,,,,,,,,,,,,,,,,,,
,,,,,,,,,,,,,,,,,107,4,2024-09-05_15h33.34.906,Symbol-E,2020.1.3,MacIntel,Safari,"Mozilla/5.0 (Macintosh; Intel Mac OS X 10_15_7) AppleWebKit/605.1.15 (KHTML, like Gecko) Version/17.6 Safari/605.1.15",60,,,,,,,,,,,,,,,,,,,,,,,,,,,,,,,,,,,,0,0,0,Hand,a,RT,0,0,0,0,8,0,42,0,1,0,99,a,0.4,0,1,a,1,0.4,42,0,42,0,1,,,,,,,,,,,,,,,,,,,,,,,,,,,,,,,,,,,,,,,,,,,,,,,,,,,,,,,,,,,,,,,,,,,,,,,,,,,,,,,,,,,,,,,,,,,,,,,,,,,,,,,
,,,,,,,,,,,,,,,,,107,4,2024-09-05_15h33.34.906,Symbol-E,2020.1.3,MacIntel,Safari,"Mozilla/5.0 (Macintosh; Intel Mac OS X 10_15_7) AppleWebKit/605.1.15 (KHTML, like Gecko) Version/17.6 Safari/605.1.15",60,,,,,,,,,,,,,,,,,,,,,,,,,,,,,,,,,,,,1,1,1,Hand,w,RT,0,0,0,0,8,0,43,0,1,0,99,w,0.399,1,1,w,1,0.399,43,0,43,0,1,,,,,,,,,,,,,,,,,,,,,,,,,,,,,,,,,,,,,,,,,,,,,,,,,,,,,,,,,,,,,,,,,,,,,,,,,,,,,,,,,,,,,,,,,,,,,,,,,,,,,,,
,,,,,,,,,,,,,,,,,107,4,2024-09-05_15h33.34.906,Symbol-E,2020.1.3,MacIntel,Safari,"Mozilla/5.0 (Macintosh; Intel Mac OS X 10_15_7) AppleWebKit/605.1.15 (KHTML, like Gecko) Version/17.6 Safari/605.1.15",60,,,,,,,,,,,,,,,,,,,,,,,,,,,,,,,,,,,,5,5,1,Hand,u,RT,0,0,0,0,8,0,44,0,1,0,99,u,0.437,5,1,u,1,0.437,44,0,44,0,1,,,,,,,,,,,,,,,,,,,,,,,,,,,,,,,,,,,,,,,,,,,,,,,,,,,,,,,,,,,,,,,,,,,,,,,,,,,,,,,,,,,,,,,,,,,,,,,,,,,,,,,
,,,,,,,,,,,,,,,,,107,4,2024-09-05_15h33.34.906,Symbol-E,2020.1.3,MacIntel,Safari,"Mozilla/5.0 (Macintosh; Intel Mac OS X 10_15_7) AppleWebKit/605.1.15 (KHTML, like Gecko) Version/17.6 Safari/605.1.15",60,,,,,,,,,,,,,,,,,,,,,,,,,,,,,,,,,,,,4,4,0,Hand,h,RT,0,0,0,0,8,0,45,0,1,0,99,h,0.416,4,1,h,1,0.416,45,0,45,0,1,,,,,,,,,,,,,,,,,,,,,,,,,,,,,,,,,,,,,,,,,,,,,,,,,,,,,,,,,,,,,,,,,,,,,,,,,,,,,,,,,,,,,,,,,,,,,,,,,,,,,,,
,,,,,,,,,,,,,,,,,107,4,2024-09-05_15h33.34.906,Symbol-E,2020.1.3,MacIntel,Safari,"Mozilla/5.0 (Macintosh; Intel Mac OS X 10_15_7) AppleWebKit/605.1.15 (KHTML, like Gecko) Version/17.6 Safari/605.1.15",60,,,,,,,,,,,,,,,,,,,,,,,,,,,,,,,,,,,,3,3,3,Hand,f,RT,0,0,0,0,8,0,46,0,1,0,99,f,0.582,3,1,f,1,0.582,46,0,46,0,1,,,,,,,,,,,,,,,,,,,,,,,,,,,,,,,,,,,,,,,,,,,,,,,,,,,,,,,,,,,,,,,,,,,,,,,,,,,,,,,,,,,,,,,,,,,,,,,,,,,,,,,
,,,,,,,,,,,,,,,,,107,4,2024-09-05_15h33.34.906,Symbol-E,2020.1.3,MacIntel,Safari,"Mozilla/5.0 (Macintosh; Intel Mac OS X 10_15_7) AppleWebKit/605.1.15 (KHTML, like Gecko) Version/17.6 Safari/605.1.15",60,,,,,,,,,,,,,,,,,,,,,,,,,,,,,,,,,,,,7,7,3,Hand,l,RT,0,0,0,0,8,0,47,0,1,0,99,l,0.425,7,1,l,1,0.425,47,0,47,0,1,,,,,,,,,,,,,,,,,,,,,,,,,,,,,,,,,,,,,,,,,,,,,,,,,,,,,,,,,,,,,,,,,,,,,,,,,,,,,,,,,,,,,,,,,,,,,,,,,,,,,,,
,,,,,,,,,,,,,,,,,107,4,2024-09-05_15h33.34.906,Symbol-E,2020.1.3,MacIntel,Safari,"Mozilla/5.0 (Macintosh; Intel Mac OS X 10_15_7) AppleWebKit/605.1.15 (KHTML, like Gecko) Version/17.6 Safari/605.1.15",60,,,,,,,,,,,,,,,,,,,,,,,,,,,,,,,,,,,,2,2,2,Hand,e,RT,0,0,0,0,8,0,48,0,1,0,99,e,0.457,2,1,e,1,0.457,48,0,48,0,1,,,,,,,,,,,,,,,,,,,,,,,,,,,,,,,,,,,,,,,,,,,,,,,,,,,,,,,,,,,,,,,,,,,,,,,,,,,,,,,,,,,,,,,,,,,,,,,,,,,,,,,
,,,,,,,,,,,,,,,,,107,4,2024-09-05_15h33.34.906,Symbol-E,2020.1.3,MacIntel,Safari,"Mozilla/5.0 (Macintosh; Intel Mac OS X 10_15_7) AppleWebKit/605.1.15 (KHTML, like Gecko) Version/17.6 Safari/605.1.15",60,,,,,,,,,,,,,,,,,,,,,,,,,,,,,,,,,,,,6,6,2,Hand,i,RT,0,0,0,0,8,0,49,0,1,0,99,i,0.508,6,1,i,1,0.508,49,0,49,0,1,,,,,,,,,,,,,,,,,,,,,,,,,,,,,,,,,,,,,,,,,,,,,,,,,,,,,,,,,,,,,,,,,,,,,,,,,,,,,,,,,,,,,,,,,,,,,,,,,,,,,,,
,,,,,,,,,,,,,,,,,107,4,2024-09-05_15h33.34.906,Symbol-E,2020.1.3,MacIntel,Safari,"Mozilla/5.0 (Macintosh; Intel Mac OS X 10_15_7) AppleWebKit/605.1.15 (KHTML, like Gecko) Version/17.6 Safari/605.1.15",60,,,,,,,,,,,,,,,,,,,,,,,,,,,,,,,,,,,,4,4,0,Hand,h,RT,0,0,0,0,8,0,50,0,1,0,99,h,0.484,4,1,h,1,0.484,50,0,50,0,1,,,,,,,,,,,,,,,,,,,,,,,,,,,,,,,,,,,,,,,,,,,,,,,,,,,,,,,,,,,,,,,,,,,,,,,,,,,,,,,,,,,,,,,,,,,,,,,,,,,,,,,
,,,,,,,,,,,,,,,,,107,4,2024-09-05_15h33.34.906,Symbol-E,2020.1.3,MacIntel,Safari,"Mozilla/5.0 (Macintosh; Intel Mac OS X 10_15_7) AppleWebKit/605.1.15 (KHTML, like Gecko) Version/17.6 Safari/605.1.15",60,,,,,,,,,,,,,,,,,,,,,,,,,,,,,,,,,,,,2,2,2,Hand,e,RT,0,0,0,0,8,0,51,0,1,0,99,e,0.534,2,1,e,1,0.534,51,0,51,0,1,,,,,,,,,,,,,,,,,,,,,,,,,,,,,,,,,,,,,,,,,,,,,,,,,,,,,,,,,,,,,,,,,,,,,,,,,,,,,,,,,,,,,,,,,,,,,,,,,,,,,,,
,,,,,,,,,,,,,,,,,107,4,2024-09-05_15h33.34.906,Symbol-E,2020.1.3,MacIntel,Safari,"Mozilla/5.0 (Macintosh; Intel Mac OS X 10_15_7) AppleWebKit/605.1.15 (KHTML, like Gecko) Version/17.6 Safari/605.1.15",60,,,,,,,,,,,,,,,,,,,,,,,,,,,,,,,,,,,,3,3,3,Hand,f,RT,0,0,0,0,8,0,52,0,1,0,99,f,0.753,3,1,f,1,0.753,52,0,52,0,1,,,,,,,,,,,,,,,,,,,,,,,,,,,,,,,,,,,,,,,,,,,,,,,,,,,,,,,,,,,,,,,,,,,,,,,,,,,,,,,,,,,,,,,,,,,,,,,,,,,,,,,
,,,,,,,,,,,,,,,,,107,4,2024-09-05_15h33.34.906,Symbol-E,2020.1.3,MacIntel,Safari,"Mozilla/5.0 (Macintosh; Intel Mac OS X 10_15_7) AppleWebKit/605.1.15 (KHTML, like Gecko) Version/17.6 Safari/605.1.15",60,,,,,,,,,,,,,,,,,,,,,,,,,,,,,,,,,,,,5,5,1,Hand,u,RT,0,0,0,0,8,0,53,0,1,0,99,u,0.47,5,1,u,1,0.47,53,0,53,0,1,,,,,,,,,,,,,,,,,,,,,,,,,,,,,,,,,,,,,,,,,,,,,,,,,,,,,,,,,,,,,,,,,,,,,,,,,,,,,,,,,,,,,,,,,,,,,,,,,,,,,,,
,,,,,,,,,,,,,,,,,107,4,2024-09-05_15h33.34.906,Symbol-E,2020.1.3,MacIntel,Safari,"Mozilla/5.0 (Macintosh; Intel Mac OS X 10_15_7) AppleWebKit/605.1.15 (KHTML, like Gecko) Version/17.6 Safari/605.1.15",60,,,,,,,,,,,,,,,,,,,,,,,,,,,,,,,,,,,,0,0,0,Hand,a,RT,0,0,0,0,8,0,54,0,1,0,99,a,0.483,0,1,a,1,0.483,54,0,54,0,1,,,,,,,,,,,,,,,,,,,,,,,,,,,,,,,,,,,,,,,,,,,,,,,,,,,,,,,,,,,,,,,,,,,,,,,,,,,,,,,,,,,,,,,,,,,,,,,,,,,,,,,
,,,,,,,,,,,,,,,,,107,4,2024-09-05_15h33.34.906,Symbol-E,2020.1.3,MacIntel,Safari,"Mozilla/5.0 (Macintosh; Intel Mac OS X 10_15_7) AppleWebKit/605.1.15 (KHTML, like Gecko) Version/17.6 Safari/605.1.15",60,,,,,,,,,,,,,,,,,,,,,,,,,,,,,,,,,,,,1,1,1,Hand,w,RT,0,0,0,0,8,0,55,0,1,0,99,w,0.416,1,1,w,1,0.416,55,0,55,0,1,,,,,,,,,,,,,,,,,,,,,,,,,,,,,,,,,,,,,,,,,,,,,,,,,,,,,,,,,,,,,,,,,,,,,,,,,,,,,,,,,,,,,,,,,,,,,,,,,,,,,,,
,,,,,,,,,,,,,,,,,107,4,2024-09-05_15h33.34.906,Symbol-E,2020.1.3,MacIntel,Safari,"Mozilla/5.0 (Macintosh; Intel Mac OS X 10_15_7) AppleWebKit/605.1.15 (KHTML, like Gecko) Version/17.6 Safari/605.1.15",60,,,,,,,,,,,,,,,,,,,,,,,,,,,,,,,,,,,,7,7,3,Hand,l,RT,0,0,0,0,8,0,56,0,1,0,99,l,0.456,7,1,l,1,0.456,56,0,56,0,1,,,,,,,,,,,,,,,,,,,,,,,,,,,,,,,,,,,,,,,,,,,,,,,,,,,,,,,,,,,,,,,,,,,,,,,,,,,,,,,,,,,,,,,,,,,,,,,,,,,,,,,
,,,,,,,,,,,,,,,,,107,4,2024-09-05_15h33.34.906,Symbol-E,2020.1.3,MacIntel,Safari,"Mozilla/5.0 (Macintosh; Intel Mac OS X 10_15_7) AppleWebKit/605.1.15 (KHTML, like Gecko) Version/17.6 Safari/605.1.15",60,,,,,,,,,,,,,,,,,,,,,,,,,,,,,,,,,,,,3,3,3,Hand,f,RT,0,0,0,0,8,0,57,0,1,0,99,f,0.598,3,1,f,1,0.598,57,0,57,0,1,,,,,,,,,,,,,,,,,,,,,,,,,,,,,,,,,,,,,,,,,,,,,,,,,,,,,,,,,,,,,,,,,,,,,,,,,,,,,,,,,,,,,,,,,,,,,,,,,,,,,,,
,,,,,,,,,,,,,,,,,107,4,2024-09-05_15h33.34.906,Symbol-E,2020.1.3,MacIntel,Safari,"Mozilla/5.0 (Macintosh; Intel Mac OS X 10_15_7) AppleWebKit/605.1.15 (KHTML, like Gecko) Version/17.6 Safari/605.1.15",60,,,,,,,,,,,,,,,,,,,,,,,,,,,,,,,,,,,,7,7,3,Hand,l,RT,0,0,0,0,8,0,58,0,1,0,99,l,0.368,7,1,l,1,0.368,58,0,58,0,1,,,,,,,,,,,,,,,,,,,,,,,,,,,,,,,,,,,,,,,,,,,,,,,,,,,,,,,,,,,,,,,,,,,,,,,,,,,,,,,,,,,,,,,,,,,,,,,,,,,,,,,
,,,,,,,,,,,,,,,,,107,4,2024-09-05_15h33.34.906,Symbol-E,2020.1.3,MacIntel,Safari,"Mozilla/5.0 (Macintosh; Intel Mac OS X 10_15_7) AppleWebKit/605.1.15 (KHTML, like Gecko) Version/17.6 Safari/605.1.15",60,,,,,,,,,,,,,,,,,,,,,,,,,,,,,,,,,,,,5,5,1,Hand,u,RT,0,0,0,0,8,0,59,0,1,0,99,u,0.374,5,1,u,1,0.374,59,0,59,0,1,,,,,,,,,,,,,,,,,,,,,,,,,,,,,,,,,,,,,,,,,,,,,,,,,,,,,,,,,,,,,,,,,,,,,,,,,,,,,,,,,,,,,,,,,,,,,,,,,,,,,,,
,,,,,,,,,,,,,,,,,107,4,2024-09-05_15h33.34.906,Symbol-E,2020.1.3,MacIntel,Safari,"Mozilla/5.0 (Macintosh; Intel Mac OS X 10_15_7) AppleWebKit/605.1.15 (KHTML, like Gecko) Version/17.6 Safari/605.1.15",60,,,,,,,,,,,,,,,,,,,,,,,,,,,,,,,,,,,,1,1,1,Hand,w,RT,0,0,0,0,8,0,60,0,1,0,99,w,0.417,1,1,w,1,0.417,60,0,60,0,1,,,,,,,,,,,,,,,,,,,,,,,,,,,,,,,,,,,,,,,,,,,,,,,,,,,,,,,,,,,,,,,,,,,,,,,,,,,,,,,,,,,,,,,,,,,,,,,,,,,,,,,
,,,,,,,,,,,,,,,,,107,4,2024-09-05_15h33.34.906,Symbol-E,2020.1.3,MacIntel,Safari,"Mozilla/5.0 (Macintosh; Intel Mac OS X 10_15_7) AppleWebKit/605.1.15 (KHTML, like Gecko) Version/17.6 Safari/605.1.15",60,,,,,,,,,,,,,,,,,,,,,,,,,,,,,,,,,,,,4,4,0,Hand,h,RT,0,0,0,0,8,0,61,0,1,0,99,h,0.474,4,1,h,1,0.474,61,0,61,0,1,,,,,,,,,,,,,,,,,,,,,,,,,,,,,,,,,,,,,,,,,,,,,,,,,,,,,,,,,,,,,,,,,,,,,,,,,,,,,,,,,,,,,,,,,,,,,,,,,,,,,,,
,,,,,,,,,,,,,,,,,107,4,2024-09-05_15h33.34.906,Symbol-E,2020.1.3,MacIntel,Safari,"Mozilla/5.0 (Macintosh; Intel Mac OS X 10_15_7) AppleWebKit/605.1.15 (KHTML, like Gecko) Version/17.6 Safari/605.1.15",60,,,,,,,,,,,,,,,,,,,,,,,,,,,,,,,,,,,,0,0,0,Hand,a,RT,0,0,0,0,8,0,62,0,1,0,99,a,0.397,0,1,a,1,0.397,62,0,62,0,1,,,,,,,,,,,,,,,,,,,,,,,,,,,,,,,,,,,,,,,,,,,,,,,,,,,,,,,,,,,,,,,,,,,,,,,,,,,,,,,,,,,,,,,,,,,,,,,,,,,,,,,
,,,,,,,,,,,,,,,,,107,4,2024-09-05_15h33.34.906,Symbol-E,2020.1.3,MacIntel,Safari,"Mozilla/5.0 (Macintosh; Intel Mac OS X 10_15_7) AppleWebKit/605.1.15 (KHTML, like Gecko) Version/17.6 Safari/605.1.15",60,,,,,,,,,,,,,,,,,,,,,,,,,,,,,,,,,,,,6,6,2,Hand,i,RT,0,0,0,0,8,0,63,0,1,0,99,i,0.381,6,1,i,1,0.381,63,0,63,0,1,,,,,,,,,,,,,,,,,,,,,,,,,,,,,,,,,,,,,,,,,,,,,,,,,,,,,,,,,,,,,,,,,,,,,,,,,,,,,,,,,,,,,,,,,,,,,,,,,,,,,,,
,,,,,,,,,,,,,,,,,107,4,2024-09-05_15h33.34.906,Symbol-E,2020.1.3,MacIntel,Safari,"Mozilla/5.0 (Macintosh; Intel Mac OS X 10_15_7) AppleWebKit/605.1.15 (KHTML, like Gecko) Version/17.6 Safari/605.1.15",60,,,,,,,,,,,,,,,,,,,,,,,,,,,,,,,,,,,,4,4,0,Hand,h,RT,0,0,0,0,8,0,64,0,1,0,99,h,0.452,4,1,h,1,0.452,64,0,64,0,1,,,,,,,,,,,,,,,,,,,,,,,,,,,,,,,,,,,,,,,,,,,,,,,,,,,,,,,,,,,,,,,,,,,,,,,,,,,,,,,,,,,,,,,,,,,,,,,,,,,,,,,
,,,,,,,,,,,,,,,,,107,4,2024-09-05_15h33.34.906,Symbol-E,2020.1.3,MacIntel,Safari,"Mozilla/5.0 (Macintosh; Intel Mac OS X 10_15_7) AppleWebKit/605.1.15 (KHTML, like Gecko) Version/17.6 Safari/605.1.15",60,,,,,,,,,,,,,,,,,,,,,,,,,,,,,,,,,,,,3,3,3,Hand,f,RT,0,0,0,0,8,0,65,0,1,0,99,f,0.502,3,1,f,1,0.502,65,0,65,0,1,,,,,,,,,,,,,,,,,,,,,,,,,,,,,,,,,,,,,,,,,,,,,,,,,,,,,,,,,,,,,,,,,,,,,,,,,,,,,,,,,,,,,,,,,,,,,,,,,,,,,,,
,,,,,,,,,,,,,,,,,107,4,2024-09-05_15h33.34.906,Symbol-E,2020.1.3,MacIntel,Safari,"Mozilla/5.0 (Macintosh; Intel Mac OS X 10_15_7) AppleWebKit/605.1.15 (KHTML, like Gecko) Version/17.6 Safari/605.1.15",60,,,,,,,,,,,,,,,,,,,,,,,,,,,,,,,,,,,,6,6,2,Hand,i,RT,0,0,0,0,8,0,66,0,1,0,99,i,0.43,6,1,i,1,0.43,66,0,66,0,1,,,,,,,,,,,,,,,,,,,,,,,,,,,,,,,,,,,,,,,,,,,,,,,,,,,,,,,,,,,,,,,,,,,,,,,,,,,,,,,,,,,,,,,,,,,,,,,,,,,,,,,
,,,,,,,,,,,,,,,,,107,4,2024-09-05_15h33.34.906,Symbol-E,2020.1.3,MacIntel,Safari,"Mozilla/5.0 (Macintosh; Intel Mac OS X 10_15_7) AppleWebKit/605.1.15 (KHTML, like Gecko) Version/17.6 Safari/605.1.15",60,,,,,,,,,,,,,,,,,,,,,,,,,,,,,,,,,,,,0,0,0,Hand,a,RT,0,0,0,0,8,0,67,0,1,0,99,a,0.431,0,1,a,1,0.431,67,0,67,0,1,,,,,,,,,,,,,,,,,,,,,,,,,,,,,,,,,,,,,,,,,,,,,,,,,,,,,,,,,,,,,,,,,,,,,,,,,,,,,,,,,,,,,,,,,,,,,,,,,,,,,,,
,,,,,,,,,,,,,,,,,107,4,2024-09-05_15h33.34.906,Symbol-E,2020.1.3,MacIntel,Safari,"Mozilla/5.0 (Macintosh; Intel Mac OS X 10_15_7) AppleWebKit/605.1.15 (KHTML, like Gecko) Version/17.6 Safari/605.1.15",60,,,,,,,,,,,,,,,,,,,,,,,,,,,,,,,,,,,,2,2,2,Hand,e,RT,0,0,0,0,8,0,68,0,1,0,99,e,0.502,2,1,e,1,0.502,68,0,68,0,1,,,,,,,,,,,,,,,,,,,,,,,,,,,,,,,,,,,,,,,,,,,,,,,,,,,,,,,,,,,,,,,,,,,,,,,,,,,,,,,,,,,,,,,,,,,,,,,,,,,,,,,
,,,,,,,,,,,,,,,,,107,4,2024-09-05_15h33.34.906,Symbol-E,2020.1.3,MacIntel,Safari,"Mozilla/5.0 (Macintosh; Intel Mac OS X 10_15_7) AppleWebKit/605.1.15 (KHTML, like Gecko) Version/17.6 Safari/605.1.15",60,,,,,,,,,,,,,,,,,,,,,,,,,,,,,,,,,,,,1,1,1,Hand,w,RT,0,0,0,0,8,0,69,0,1,0,99,w,0.482,1,1,w,1,0.482,69,0,69,0,1,,,,,,,,,,,,,,,,,,,,,,,,,,,,,,,,,,,,,,,,,,,,,,,,,,,,,,,,,,,,,,,,,,,,,,,,,,,,,,,,,,,,,,,,,,,,,,,,,,,,,,,
,,,,,,,,,,,,,,,,,107,4,2024-09-05_15h33.34.906,Symbol-E,2020.1.3,MacIntel,Safari,"Mozilla/5.0 (Macintosh; Intel Mac OS X 10_15_7) AppleWebKit/605.1.15 (KHTML, like Gecko) Version/17.6 Safari/605.1.15",60,,,,,,,,,,,,,,,,,,,,,,,,,,,,,,,,,,,,5,5,1,Hand,u,RT,0,0,0,0,8,0,70,0,1,0,99,u,0.471,5,1,u,1,0.471,70,0,70,0,1,,,,,,,,,,,,,,,,,,,,,,,,,,,,,,,,,,,,,,,,,,,,,,,,,,,,,,,,,,,,,,,,,,,,,,,,,,,,,,,,,,,,,,,,,,,,,,,,,,,,,,,
,,,,,,,,,,,,,,,,,107,4,2024-09-05_15h33.34.906,Symbol-E,2020.1.3,MacIntel,Safari,"Mozilla/5.0 (Macintosh; Intel Mac OS X 10_15_7) AppleWebKit/605.1.15 (KHTML, like Gecko) Version/17.6 Safari/605.1.15",60,,,,,,,,,,,,,,,,,,,,,,,,,,,,,,,,,,,,3,3,3,Hand,f,RT,0,0,0,0,8,0,71,0,1,0,99,f,2.958,3,1,f,1,2.958,71,0,71,0,1,,,,,,,,,,,,,,,,,,,,,,,,,,,,,,,,,,,,,,,,,,,,,,,,,,,,,,,,,,,,,,,,,,,,,,,,,,,,,,,,,,,,,,,,,,,,,,,,,,,,,,,
,,,,,,,,,,,,,,,,,107,4,2024-09-05_15h33.34.906,Symbol-E,2020.1.3,MacIntel,Safari,"Mozilla/5.0 (Macintosh; Intel Mac OS X 10_15_7) AppleWebKit/605.1.15 (KHTML, like Gecko) Version/17.6 Safari/605.1.15",60,,,,,,,,,,,,,,,,,,,,,,,,,,,,,,,,,,,,6,6,2,Hand,i,RT,0,0,0,0,8,0,72,0,1,0,99,i,1.206,6,1,i,1,1.206,72,0,72,0,1,,,,,,,,,,,,,,,,,,,,,,,,,,,,,,,,,,,,,,,,,,,,,,,,,,,,,,,,,,,,,,,,,,,,,,,,,,,,,,,,,,,,,,,,,,,,,,,,,,,,,,,
,,,,,,,,,,,,,,,,,107,4,2024-09-05_15h33.34.906,Symbol-E,2020.1.3,MacIntel,Safari,"Mozilla/5.0 (Macintosh; Intel Mac OS X 10_15_7) AppleWebKit/605.1.15 (KHTML, like Gecko) Version/17.6 Safari/605.1.15",60,,,,,,,,,,,,,,,,,,,,,,,,,,,,,,,,,,,,7,7,3,Hand,l,RT,0,0,0,0,8,0,73,0,1,0,99,l,0.469,7,1,l,1,0.469,73,0,73,0,1,,,,,,,,,,,,,,,,,,,,,,,,,,,,,,,,,,,,,,,,,,,,,,,,,,,,,,,,,,,,,,,,,,,,,,,,,,,,,,,,,,,,,,,,,,,,,,,,,,,,,,,
,,,,,,,,,,,,,,,,,107,4,2024-09-05_15h33.34.906,Symbol-E,2020.1.3,MacIntel,Safari,"Mozilla/5.0 (Macintosh; Intel Mac OS X 10_15_7) AppleWebKit/605.1.15 (KHTML, like Gecko) Version/17.6 Safari/605.1.15",60,,,,,,,,,,,,,,,,,,,,,,,,,,,,,,,,,,,,5,5,1,Hand,u,RT,0,0,0,0,8,0,74,0,1,0,99,u,0.486,5,1,u,1,0.486,74,0,74,0,1,,,,,,,,,,,,,,,,,,,,,,,,,,,,,,,,,,,,,,,,,,,,,,,,,,,,,,,,,,,,,,,,,,,,,,,,,,,,,,,,,,,,,,,,,,,,,,,,,,,,,,,
,,,,,,,,,,,,,,,,,107,4,2024-09-05_15h33.34.906,Symbol-E,2020.1.3,MacIntel,Safari,"Mozilla/5.0 (Macintosh; Intel Mac OS X 10_15_7) AppleWebKit/605.1.15 (KHTML, like Gecko) Version/17.6 Safari/605.1.15",60,,,,,,,,,,,,,,,,,,,,,,,,,,,,,,,,,,,,0,0,0,Hand,a,RT,0,0,0,0,8,0,75,0,1,0,99,a,0.417,0,1,a,1,0.417,75,0,75,0,1,,,,,,,,,,,,,,,,,,,,,,,,,,,,,,,,,,,,,,,,,,,,,,,,,,,,,,,,,,,,,,,,,,,,,,,,,,,,,,,,,,,,,,,,,,,,,,,,,,,,,,,
,,,,,,,,,,,,,,,,,107,4,2024-09-05_15h33.34.906,Symbol-E,2020.1.3,MacIntel,Safari,"Mozilla/5.0 (Macintosh; Intel Mac OS X 10_15_7) AppleWebKit/605.1.15 (KHTML, like Gecko) Version/17.6 Safari/605.1.15",60,,,,,,,,,,,,,,,,,,,,,,,,,,,,,,,,,,,,4,4,0,Hand,h,RT,0,0,0,0,8,0,76,0,1,0,99,h,0.513,4,1,h,1,0.513,76,0,76,0,1,,,,,,,,,,,,,,,,,,,,,,,,,,,,,,,,,,,,,,,,,,,,,,,,,,,,,,,,,,,,,,,,,,,,,,,,,,,,,,,,,,,,,,,,,,,,,,,,,,,,,,,
,,,,,,,,,,,,,,,,,107,4,2024-09-05_15h33.34.906,Symbol-E,2020.1.3,MacIntel,Safari,"Mozilla/5.0 (Macintosh; Intel Mac OS X 10_15_7) AppleWebKit/605.1.15 (KHTML, like Gecko) Version/17.6 Safari/605.1.15",60,,,,,,,,,,,,,,,,,,,,,,,,,,,,,,,,,,,,7,7,3,Hand,l,RT,0,0,0,0,8,0,77,0,1,0,99,l,0.449,7,1,l,1,0.449,77,0,77,0,1,,,,,,,,,,,,,,,,,,,,,,,,,,,,,,,,,,,,,,,,,,,,,,,,,,,,,,,,,,,,,,,,,,,,,,,,,,,,,,,,,,,,,,,,,,,,,,,,,,,,,,,
,,,,,,,,,,,,,,,,,107,4,2024-09-05_15h33.34.906,Symbol-E,2020.1.3,MacIntel,Safari,"Mozilla/5.0 (Macintosh; Intel Mac OS X 10_15_7) AppleWebKit/605.1.15 (KHTML, like Gecko) Version/17.6 Safari/605.1.15",60,,,,,,,,,,,,,,,,,,,,,,,,,,,,,,,,,,,,2,2,2,Hand,e,RT,0,0,0,0,8,0,78,0,1,0,99,e,0.425,2,1,e,1,0.425,78,0,78,0,1,,,,,,,,,,,,,,,,,,,,,,,,,,,,,,,,,,,,,,,,,,,,,,,,,,,,,,,,,,,,,,,,,,,,,,,,,,,,,,,,,,,,,,,,,,,,,,,,,,,,,,,
,,,,,,,,,,,,,,,,,107,4,2024-09-05_15h33.34.906,Symbol-E,2020.1.3,MacIntel,Safari,"Mozilla/5.0 (Macintosh; Intel Mac OS X 10_15_7) AppleWebKit/605.1.15 (KHTML, like Gecko) Version/17.6 Safari/605.1.15",60,,,,,,,,,,,,,,,,,,,,,,,,,,,,,,,,,,,,1,1,1,Hand,w,RT,0,0,0,0,8,0,79,0,1,0,99,w,0.331,1,1,w,1,0.331,79,0,79,0,1,,,,,,,,,,,,,,,,,,,,,,,,,,,,,,,,,,,,,,,,,,,,,,,,,,,,,,,,,,,,,,,,,,,,,,,,,,,,,,,,,,,,,,,,,,,,,,,,,,,,,,,
,,,,,,,,,,,,,,,,,107,4,2024-09-05_15h33.34.906,Symbol-E,2020.1.3,MacIntel,Safari,"Mozilla/5.0 (Macintosh; Intel Mac OS X 10_15_7) AppleWebKit/605.1.15 (KHTML, like Gecko) Version/17.6 Safari/605.1.15",60,,,,,,,,,,,,,,,,,,,,,,,,,,,,,,,,,,,,6,6,2,Hand,i,RT,0,0,0,0,8,0,80,0,1,0,99,i,0.418,6,1,i,1,0.418,80,0,80,0,1,,,,,,,,,,,,,,,,,,,,,,,,,,,,,,,,,,,,,,,,,,,,,,,,,,,,,,,,,,,,,,,,,,,,,,,,,,,,,,,,,,,,,,,,,,,,,,,,,,,,,,,
,,,,,,,,,,,,,,,,,107,4,2024-09-05_15h33.34.906,Symbol-E,2020.1.3,MacIntel,Safari,"Mozilla/5.0 (Macintosh; Intel Mac OS X 10_15_7) AppleWebKit/605.1.15 (KHTML, like Gecko) Version/17.6 Safari/605.1.15",60,,,,,,,,,,,,,,,,,,,,,,,,,,,,,,,,,,,,1,1,1,Hand,w,RT,0,0,0,0,8,0,81,0,1,0,99,w,0.486,1,1,w,1,0.486,81,0,81,0,1,,,,,,,,,,,,,,,,,,,,,,,,,,,,,,,,,,,,,,,,,,,,,,,,,,,,,,,,,,,,,,,,,,,,,,,,,,,,,,,,,,,,,,,,,,,,,,,,,,,,,,,
,,,,,,,,,,,,,,,,,107,4,2024-09-05_15h33.34.906,Symbol-E,2020.1.3,MacIntel,Safari,"Mozilla/5.0 (Macintosh; Intel Mac OS X 10_15_7) AppleWebKit/605.1.15 (KHTML, like Gecko) Version/17.6 Safari/605.1.15",60,,,,,,,,,,,,,,,,,,,,,,,,,,,,,,,,,,,,7,7,3,Hand,l,RT,0,0,0,0,8,0,82,0,1,0,99,l,0.418,7,1,l,1,0.418,82,0,82,0,1,,,,,,,,,,,,,,,,,,,,,,,,,,,,,,,,,,,,,,,,,,,,,,,,,,,,,,,,,,,,,,,,,,,,,,,,,,,,,,,,,,,,,,,,,,,,,,,,,,,,,,,
,,,,,,,,,,,,,,,,,107,4,2024-09-05_15h33.34.906,Symbol-E,2020.1.3,MacIntel,Safari,"Mozilla/5.0 (Macintosh; Intel Mac OS X 10_15_7) AppleWebKit/605.1.15 (KHTML, like Gecko) Version/17.6 Safari/605.1.15",60,,,,,,,,,,,,,,,,,,,,,,,,,,,,,,,,,,,,0,0,0,Hand,a,RT,0,0,0,0,8,0,83,0,1,0,99,a,0.485,0,1,a,1,0.485,83,0,83,0,1,,,,,,,,,,,,,,,,,,,,,,,,,,,,,,,,,,,,,,,,,,,,,,,,,,,,,,,,,,,,,,,,,,,,,,,,,,,,,,,,,,,,,,,,,,,,,,,,,,,,,,,
,,,,,,,,,,,,,,,,,107,4,2024-09-05_15h33.34.906,Symbol-E,2020.1.3,MacIntel,Safari,"Mozilla/5.0 (Macintosh; Intel Mac OS X 10_15_7) AppleWebKit/605.1.15 (KHTML, like Gecko) Version/17.6 Safari/605.1.15",60,,,,,,,,,,,,,,,,,,,,,,,,,,,,,,,,,,,,3,3,3,Hand,f,RT,0,0,0,0,8,0,84,0,1,0,99,f,0.515,3,1,f,1,0.515,84,0,84,0,1,,,,,,,,,,,,,,,,,,,,,,,,,,,,,,,,,,,,,,,,,,,,,,,,,,,,,,,,,,,,,,,,,,,,,,,,,,,,,,,,,,,,,,,,,,,,,,,,,,,,,,,
,,,,,,,,,,,,,,,,,107,4,2024-09-05_15h33.34.906,Symbol-E,2020.1.3,MacIntel,Safari,"Mozilla/5.0 (Macintosh; Intel Mac OS X 10_15_7) AppleWebKit/605.1.15 (KHTML, like Gecko) Version/17.6 Safari/605.1.15",60,,,,,,,,,,,,,,,,,,,,,,,,,,,,,,,,,,,,2,2,2,Hand,e,RT,0,0,0,0,8,0,85,0,1,0,99,e,0.437,2,1,e,1,0.437,85,0,85,0,1,,,,,,,,,,,,,,,,,,,,,,,,,,,,,,,,,,,,,,,,,,,,,,,,,,,,,,,,,,,,,,,,,,,,,,,,,,,,,,,,,,,,,,,,,,,,,,,,,,,,,,,
,,,,,,,,,,,,,,,,,107,4,2024-09-05_15h33.34.906,Symbol-E,2020.1.3,MacIntel,Safari,"Mozilla/5.0 (Macintosh; Intel Mac OS X 10_15_7) AppleWebKit/605.1.15 (KHTML, like Gecko) Version/17.6 Safari/605.1.15",60,,,,,,,,,,,,,,,,,,,,,,,,,,,,,,,,,,,,3,3,3,Hand,f,RT,0,0,0,0,8,0,86,0,1,0,99,f,0.45,3,1,f,1,0.45,86,0,86,0,1,,,,,,,,,,,,,,,,,,,,,,,,,,,,,,,,,,,,,,,,,,,,,,,,,,,,,,,,,,,,,,,,,,,,,,,,,,,,,,,,,,,,,,,,,,,,,,,,,,,,,,,
,,,,,,,,,,,,,,,,,107,4,2024-09-05_15h33.34.906,Symbol-E,2020.1.3,MacIntel,Safari,"Mozilla/5.0 (Macintosh; Intel Mac OS X 10_15_7) AppleWebKit/605.1.15 (KHTML, like Gecko) Version/17.6 Safari/605.1.15",60,,,,,,,,,,,,,,,,,,,,,,,,,,,,,,,,,,,,5,5,1,Hand,u,RT,0,0,0,0,8,0,87,0,1,0,99,u,0.437,5,1,u,1,0.437,87,0,87,0,1,,,,,,,,,,,,,,,,,,,,,,,,,,,,,,,,,,,,,,,,,,,,,,,,,,,,,,,,,,,,,,,,,,,,,,,,,,,,,,,,,,,,,,,,,,,,,,,,,,,,,,,
,,,,,,,,,,,,,,,,,107,4,2024-09-05_15h33.34.906,Symbol-E,2020.1.3,MacIntel,Safari,"Mozilla/5.0 (Macintosh; Intel Mac OS X 10_15_7) AppleWebKit/605.1.15 (KHTML, like Gecko) Version/17.6 Safari/605.1.15",60,,,,,,,,,,,,,,,,,,,,,,,,,,,,,,,,,,,,7,7,3,Hand,l,RT,0,0,0,0,8,0,88,0,1,0,99,l,0.401,7,1,l,1,0.401,88,0,88,0,1,,,,,,,,,,,,,,,,,,,,,,,,,,,,,,,,,,,,,,,,,,,,,,,,,,,,,,,,,,,,,,,,,,,,,,,,,,,,,,,,,,,,,,,,,,,,,,,,,,,,,,,
,,,,,,,,,,,,,,,,,107,4,2024-09-05_15h33.34.906,Symbol-E,2020.1.3,MacIntel,Safari,"Mozilla/5.0 (Macintosh; Intel Mac OS X 10_15_7) AppleWebKit/605.1.15 (KHTML, like Gecko) Version/17.6 Safari/605.1.15",60,,,,,,,,,,,,,,,,,,,,,,,,,,,,,,,,,,,,4,4,0,Hand,h,RT,0,0,0,0,8,0,89,0,1,0,99,h,0.586,4,1,h,1,0.586,89,0,89,0,1,,,,,,,,,,,,,,,,,,,,,,,,,,,,,,,,,,,,,,,,,,,,,,,,,,,,,,,,,,,,,,,,,,,,,,,,,,,,,,,,,,,,,,,,,,,,,,,,,,,,,,,
,,,,,,,,,,,,,,,,,107,4,2024-09-05_15h33.34.906,Symbol-E,2020.1.3,MacIntel,Safari,"Mozilla/5.0 (Macintosh; Intel Mac OS X 10_15_7) AppleWebKit/605.1.15 (KHTML, like Gecko) Version/17.6 Safari/605.1.15",60,,,,,,,,,,,,,,,,,,,,,,,,,,,,,,,,,,,,1,1,1,Hand,w,RT,0,0,0,0,8,0,90,0,1,0,99,w,0.518,1,1,w,1,0.518,90,0,90,0,1,,,,,,,,,,,,,,,,,,,,,,,,,,,,,,,,,,,,,,,,,,,,,,,,,,,,,,,,,,,,,,,,,,,,,,,,,,,,,,,,,,,,,,,,,,,,,,,,,,,,,,,
,,,,,,,,,,,,,,,,,107,4,2024-09-05_15h33.34.906,Symbol-E,2020.1.3,MacIntel,Safari,"Mozilla/5.0 (Macintosh; Intel Mac OS X 10_15_7) AppleWebKit/605.1.15 (KHTML, like Gecko) Version/17.6 Safari/605.1.15",60,,,,,,,,,,,,,,,,,,,,,,,,,,,,,,,,,,,,0,0,0,Hand,a,RT,0,0,0,0,8,0,91,0,1,0,99,a,0.435,0,1,a,1,0.435,91,0,91,0,1,,,,,,,,,,,,,,,,,,,,,,,,,,,,,,,,,,,,,,,,,,,,,,,,,,,,,,,,,,,,,,,,,,,,,,,,,,,,,,,,,,,,,,,,,,,,,,,,,,,,,,,
,,,,,,,,,,,,,,,,,107,4,2024-09-05_15h33.34.906,Symbol-E,2020.1.3,MacIntel,Safari,"Mozilla/5.0 (Macintosh; Intel Mac OS X 10_15_7) AppleWebKit/605.1.15 (KHTML, like Gecko) Version/17.6 Safari/605.1.15",60,,,,,,,,,,,,,,,,,,,,,,,,,,,,,,,,,,,,2,2,2,Hand,e,RT,0,0,0,0,8,0,92,0,1,0,99,e,0.433,2,1,e,1,0.433,92,0,92,0,1,,,,,,,,,,,,,,,,,,,,,,,,,,,,,,,,,,,,,,,,,,,,,,,,,,,,,,,,,,,,,,,,,,,,,,,,,,,,,,,,,,,,,,,,,,,,,,,,,,,,,,,
,,,,,,,,,,,,,,,,,107,4,2024-09-05_15h33.34.906,Symbol-E,2020.1.3,MacIntel,Safari,"Mozilla/5.0 (Macintosh; Intel Mac OS X 10_15_7) AppleWebKit/605.1.15 (KHTML, like Gecko) Version/17.6 Safari/605.1.15",60,,,,,,,,,,,,,,,,,,,,,,,,,,,,,,,,,,,,5,5,1,Hand,u,RT,0,0,0,0,8,0,93,0,1,0,99,u,0.454,5,1,u,1,0.454,93,0,93,0,1,,,,,,,,,,,,,,,,,,,,,,,,,,,,,,,,,,,,,,,,,,,,,,,,,,,,,,,,,,,,,,,,,,,,,,,,,,,,,,,,,,,,,,,,,,,,,,,,,,,,,,,
,,,,,,,,,,,,,,,,,107,4,2024-09-05_15h33.34.906,Symbol-E,2020.1.3,MacIntel,Safari,"Mozilla/5.0 (Macintosh; Intel Mac OS X 10_15_7) AppleWebKit/605.1.15 (KHTML, like Gecko) Version/17.6 Safari/605.1.15",60,,,,,,,,,,,,,,,,,,,,,,,,,,,,,,,,,,,,6,6,2,Hand,i,RT,0,0,0,0,8,0,94,0,1,0,99,i,0.334,6,1,i,1,0.334,94,0,94,0,1,,,,,,,,,,,,,,,,,,,,,,,,,,,,,,,,,,,,,,,,,,,,,,,,,,,,,,,,,,,,,,,,,,,,,,,,,,,,,,,,,,,,,,,,,,,,,,,,,,,,,,,
,,,,,,,,,,,,,,,,,107,4,2024-09-05_15h33.34.906,Symbol-E,2020.1.3,MacIntel,Safari,"Mozilla/5.0 (Macintosh; Intel Mac OS X 10_15_7) AppleWebKit/605.1.15 (KHTML, like Gecko) Version/17.6 Safari/605.1.15",60,,,,,,,,,,,,,,,,,,,,,,,,,,,,,,,,,,,,4,4,0,Hand,h,RT,0,0,0,0,8,0,95,0,1,0,99,h,0.352,4,1,h,1,0.352,95,0,95,0,1,,,,,,,,,,,,,,,,,,,,,,,,,,,,,,,,,,,,,,,,,,,,,,,,,,,,,,,,,,,,,,,,,,,,,,,,,,,,,,,,,,,,,,,,,,,,,,,,,,,,,,,
,,,,,,,,,,,,,,,,,107,4,2024-09-05_15h33.34.906,Symbol-E,2020.1.3,MacIntel,Safari,"Mozilla/5.0 (Macintosh; Intel Mac OS X 10_15_7) AppleWebKit/605.1.15 (KHTML, like Gecko) Version/17.6 Safari/605.1.15",60,,,,,,,,,,,,,,,,,,,,,,,,,,,,,,,,,,,,,,,,,,,,,,,,,,,,,,,,,,,,,,,,,0,0,0,0,1,,,,,,,,,,,,,,,,,,,,,,,,,,,,,,,,,,,,,,,,,,,,,,,,,,,,,,,,,,,,,,,,,,,,,,,,,,,,,,,,,,,,,,,,,,,,,,,,,,
,,,,,,,,,,,,,,,,,107,4,2024-09-05_15h33.34.906,Symbol-E,2020.1.3,MacIntel,Safari,"Mozilla/5.0 (Macintosh; Intel Mac OS X 10_15_7) AppleWebKit/605.1.15 (KHTML, like Gecko) Version/17.6 Safari/605.1.15",60,,,,,,,,,,,,,,,,,,,,,,,,,,,,,,,,,,,,5,5,1,Hand,u,TR,0,0,0,0,8,0,0,0,1,1,0.80855724,u,1.095,5,1,,,,,,,,,,,,,,h,26.841,h,0.786,u,1,1.095,0,0,0,0,1,,,,,,,,,,,,,,,,,,,,,,,,,,,,,,,,,,,,,,,,,,,,,,,,,,,,,,,,,,,,,,,,,,,,,,,,,,,,,,,,,,,,,,
,,,,,,,,,,,,,,,,,107,4,2024-09-05_15h33.34.906,Symbol-E,2020.1.3,MacIntel,Safari,"Mozilla/5.0 (Macintosh; Intel Mac OS X 10_15_7) AppleWebKit/605.1.15 (KHTML, like Gecko) Version/17.6 Safari/605.1.15",60,,,,,,,,,,,,,,,,,,,,,,,,,,,,,,,,,,,,,,,,,,,,,,,,,,,,,,,,,,,,,,,,,,,,,,,,,,,,,,,,,,0,0,0,0,1,,,,,,,,,,,,,,,,,,,,,,,,,,,,,,,,,,,,,,,,,,,,,,,,,,,,,,,,,,,,,,,,,,,,,,,,,,,,,,,,,
,,,,,,,,,,,,,,,,,107,4,2024-09-05_15h33.34.906,Symbol-E,2020.1.3,MacIntel,Safari,"Mozilla/5.0 (Macintosh; Intel Mac OS X 10_15_7) AppleWebKit/605.1.15 (KHTML, like Gecko) Version/17.6 Safari/605.1.15",60,,,,,,,,,,,,,,,,,,,,,,,,,,,,,,,,,,,,6,6,2,Hand,i,TR,0,0,0,0,8,0,1,0,1,1,0.794549259,i,0.834,6,1,,,,,,,,,,,,,,,,,,i,1,0.834,,,,,,,,,,,h,5.222,0,0,0,0,1,,,,,,,,,,,,,,,,,,,,,,,,,,,,,,,,,,,,,,,,,,,,,,,,,,,,,,,,,,,,,,,,,,,,,,,,,,
,,,,,,,,,,,,,,,,,107,4,2024-09-05_15h33.34.906,Symbol-E,2020.1.3,MacIntel,Safari,"Mozilla/5.0 (Macintosh; Intel Mac OS X 10_15_7) AppleWebKit/605.1.15 (KHTML, like Gecko) Version/17.6 Safari/605.1.15",60,,,,,,,,,,,,,,,,,,,,,,,,,,,,,,,,,,,,,,,,,,,,,,,,,,,,,,,,,,,,,,,,,,,,,,,,,,,,,,,,,,1,0,1,0,1,,,,,,,,,,,,,,,,,,,,,,,,,,,,,,,,,,,,,,,,,,,,,,,,,,,,,,,,,,,,,,,,,,,,,,,,,,,,,,,,,
,,,,,,,,,,,,,,,,,107,4,2024-09-05_15h33.34.906,Symbol-E,2020.1.3,MacIntel,Safari,"Mozilla/5.0 (Macintosh; Intel Mac OS X 10_15_7) AppleWebKit/605.1.15 (KHTML, like Gecko) Version/17.6 Safari/605.1.15",60,,,,,,,,,,,,,,,,,,,,,,,,,,,,,,,,,,,,0,0,0,Hand,a,TR,0,0,0,0,8,0,2,0,1,1,0.380827138,a,99,8,0,,,,,,,,,,,,,,,,,,,0,,,,,,,,,,,,h,2.771,0,0,0,0,1,,,,,,,,,,,,,,,,,,,,,,,,,,,,,,,,,,,,,,,,,,,,,,,,,,,,,,,,,,,,,,,,,,,,,,,,,,
,,,,,,,,,,,,,,,,,107,4,2024-09-05_15h33.34.906,Symbol-E,2020.1.3,MacIntel,Safari,"Mozilla/5.0 (Macintosh; Intel Mac OS X 10_15_7) AppleWebKit/605.1.15 (KHTML, like Gecko) Version/17.6 Safari/605.1.15",60,,,,,,,,,,,,,,,,,,,,,,,,,,,,,,,,,,,,,,,,,,,,,,,,,,,,,,,,,,,,,,,,,,,,,,,,,,,,,,,,,,2,0,2,0,1,,,,,,,,,,,,,,,,,,,,,,,,,,,,,,,,,,,,,,,,,,,,,,,,,,,,,,,,,,,,,,,,,,,,,,,,,,,,,,,,,
,,,,,,,,,,,,,,,,,107,4,2024-09-05_15h33.34.906,Symbol-E,2020.1.3,MacIntel,Safari,"Mozilla/5.0 (Macintosh; Intel Mac OS X 10_15_7) AppleWebKit/605.1.15 (KHTML, like Gecko) Version/17.6 Safari/605.1.15",60,,,,,,,,,,,,,,,,,,,,,,,,,,,,,,,,,,,,3,3,3,Hand,f,TR,0,0,0,0,8,0,3,0,1,1,0.949162026,f,0.684,3,1,,,,,,,,,,,,,,,,,,f,1,0.684,,,,,,,,,,,h,1.505,0,0,0,0,1,,,,,,,,,,,,,,,,,,,,,,,,,,,,,,,,,,,,,,,,,,,,,,,,,,,,,,,,,,,,,,,,,,,,,,,,,,
,,,,,,,,,,,,,,,,,107,4,2024-09-05_15h33.34.906,Symbol-E,2020.1.3,MacIntel,Safari,"Mozilla/5.0 (Macintosh; Intel Mac OS X 10_15_7) AppleWebKit/605.1.15 (KHTML, like Gecko) Version/17.6 Safari/605.1.15",60,,,,,,,,,,,,,,,,,,,,,,,,,,,,,,,,,,,,,,,,,,,,,,,,,,,,,,,,,,,,,,,,,,,,,,,,,,,,,,,,,,3,0,3,0,1,,,,,,,,,,,,,,,,,,,,,,,,,,,,,,,,,,,,,,,,,,,,,,,,,,,,,,,,,,,,,,,,,,,,,,,,,,,,,,,,,
,,,,,,,,,,,,,,,,,107,4,2024-09-05_15h33.34.906,Symbol-E,2020.1.3,MacIntel,Safari,"Mozilla/5.0 (Macintosh; Intel Mac OS X 10_15_7) AppleWebKit/605.1.15 (KHTML, like Gecko) Version/17.6 Safari/605.1.15",60,,,,,,,,,,,,,,,,,,,,,,,,,,,,,,,,,,,,7,7,3,Hand,l,TR,0,0,0,0,8,0,4,0,1,1,0.101336998,a,99,8,0,,,,,,,,,,,,,,,,,,,0,,,,,,,,,,,,h,0.56,0,0,0,0,1,,,,,,,,,,,,,,,,,,,,,,,,,,,,,,,,,,,,,,,,,,,,,,,,,,,,,,,,,,,,,,,,,,,,,,,,,,
,,,,,,,,,,,,,,,,,107,4,2024-09-05_15h33.34.906,Symbol-E,2020.1.3,MacIntel,Safari,"Mozilla/5.0 (Macintosh; Intel Mac OS X 10_15_7) AppleWebKit/605.1.15 (KHTML, like Gecko) Version/17.6 Safari/605.1.15",60,,,,,,,,,,,,,,,,,,,,,,,,,,,,,,,,,,,,,,,,,,,,,,,,,,,,,,,,,,,,,,,,,,,,,,,,,,,,,,,,,,4,0,4,0,1,,,,,,,,,,,,,,,,,,,,,,,,,,,,,,,,,,,,,,,,,,,,,,,,,,,,,,,,,,,,,,,,,,,,,,,,,,,,,,,,,
,,,,,,,,,,,,,,,,,107,4,2024-09-05_15h33.34.906,Symbol-E,2020.1.3,MacIntel,Safari,"Mozilla/5.0 (Macintosh; Intel Mac OS X 10_15_7) AppleWebKit/605.1.15 (KHTML, like Gecko) Version/17.6 Safari/605.1.15",60,,,,,,,,,,,,,,,,,,,,,,,,,,,,,,,,,,,,0,0,0,Hand,a,TR,0,0,0,0,8,0,5,0,1,1,0.67100514,a,0.932,0,1,,,,,,,,,,,,,,,,,,a,1,0.932,,,,,,,,,,,h,1.369,0,0,0,0,1,,,,,,,,,,,,,,,,,,,,,,,,,,,,,,,,,,,,,,,,,,,,,,,,,,,,,,,,,,,,,,,,,,,,,,,,,,
,,,,,,,,,,,,,,,,,107,4,2024-09-05_15h33.34.906,Symbol-E,2020.1.3,MacIntel,Safari,"Mozilla/5.0 (Macintosh; Intel Mac OS X 10_15_7) AppleWebKit/605.1.15 (KHTML, like Gecko) Version/17.6 Safari/605.1.15",60,,,,,,,,,,,,,,,,,,,,,,,,,,,,,,,,,,,,,,,,,,,,,,,,,,,,,,,,,,,,,,,,,,,,,,,,,,,,,,,,,,5,0,5,0,1,,,,,,,,,,,,,,,,,,,,,,,,,,,,,,,,,,,,,,,,,,,,,,,,,,,,,,,,,,,,,,,,,,,,,,,,,,,,,,,,,
,,,,,,,,,,,,,,,,,107,4,2024-09-05_15h33.34.906,Symbol-E,2020.1.3,MacIntel,Safari,"Mozilla/5.0 (Macintosh; Intel Mac OS X 10_15_7) AppleWebKit/605.1.15 (KHTML, like Gecko) Version/17.6 Safari/605.1.15",60,,,,,,,,,,,,,,,,,,,,,,,,,,,,,,,,,,,,7,7,3,Hand,l,TR,0,0,0,0,8,0,6,0,1,1,1.018696987,l,1.155,7,1,,,,,,,,,,,,,,,,,,l,1,1.155,0,0,0,0,1,,,,,,,,,,,,,,,,,,,,,,,,,,,,,,,,,,,,,,,,,,,,,,,,,,,,,,,,,,,,,,,,,,,,,,,,,,,,,,,,,,,,,,
,,,,,,,,,,,,,,,,,107,4,2024-09-05_15h33.34.906,Symbol-E,2020.1.3,MacIntel,Safari,"Mozilla/5.0 (Macintosh; Intel Mac OS X 10_15_7) AppleWebKit/605.1.15 (KHTML, like Gecko) Version/17.6 Safari/605.1.15",60,,,,,,,,,,,,,,,,,,,,,,,,,,,,,,,,,,,,,,,,,,,,,,,,,,,,,,,,,,,,,,,,,,,,,,,,,,,,,,,,,,6,0,6,0,1,,,,,,,,,,,,,,,,,,,,,,,,,,,,,,,,,,,,,,,,,,,,,,,,,,,,,,,,,,,,,,,,,,,,,,,,,,,,,,,,,
,,,,,,,,,,,,,,,,,107,4,2024-09-05_15h33.34.906,Symbol-E,2020.1.3,MacIntel,Safari,"Mozilla/5.0 (Macintosh; Intel Mac OS X 10_15_7) AppleWebKit/605.1.15 (KHTML, like Gecko) Version/17.6 Safari/605.1.15",60,,,,,,,,,,,,,,,,,,,,,,,,,,,,,,,,,,,,2,2,2,Hand,e,TR,0,0,0,0,8,0,7,0,1,1,0.200667524,a,99,8,0,,,,,,,,,,,,,,,,,,,0,,,,,,,,,,,,h,1.236,0,0,0,0,1,,,,,,,,,,,,,,,,,,,,,,,,,,,,,,,,,,,,,,,,,,,,,,,,,,,,,,,,,,,,,,,,,,,,,,,,,,
,,,,,,,,,,,,,,,,,107,4,2024-09-05_15h33.34.906,Symbol-E,2020.1.3,MacIntel,Safari,"Mozilla/5.0 (Macintosh; Intel Mac OS X 10_15_7) AppleWebKit/605.1.15 (KHTML, like Gecko) Version/17.6 Safari/605.1.15",60,,,,,,,,,,,,,,,,,,,,,,,,,,,,,,,,,,,,,,,,,,,,,,,,,,,,,,,,,,,,,,,,,,,,,,,,,,,,,,,,,,7,0,7,0,1,,,,,,,,,,,,,,,,,,,,,,,,,,,,,,,,,,,,,,,,,,,,,,,,,,,,,,,,,,,,,,,,,,,,,,,,,,,,,,,,,
,,,,,,,,,,,,,,,,,107,4,2024-09-05_15h33.34.906,Symbol-E,2020.1.3,MacIntel,Safari,"Mozilla/5.0 (Macintosh; Intel Mac OS X 10_15_7) AppleWebKit/605.1.15 (KHTML, like Gecko) Version/17.6 Safari/605.1.15",60,,,,,,,,,,,,,,,,,,,,,,,,,,,,,,,,,,,,1,1,1,Hand,w,TR,0,0,0,0,8,0,8,0,1,1,0.925246754,w,0.755,1,1,,,,,,,,,,,,,,,,,,w,1,0.755,,,,,,,,,,,h,0.141,0,0,0,0,1,,,,,,,,,,,,,,,,,,,,,,,,,,,,,,,,,,,,,,,,,,,,,,,,,,,,,,,,,,,,,,,,,,,,,,,,,,
,,,,,,,,,,,,,,,,,107,4,2024-09-05_15h33.34.906,Symbol-E,2020.1.3,MacIntel,Safari,"Mozilla/5.0 (Macintosh; Intel Mac OS X 10_15_7) AppleWebKit/605.1.15 (KHTML, like Gecko) Version/17.6 Safari/605.1.15",60,,,,,,,,,,,,,,,,,,,,,,,,,,,,,,,,,,,,,,,,,,,,,,,,,,,,,,,,,,,,,,,,,,,,,,,,,,,,,,,,,,8,0,8,0,1,,,,,,,,,,,,,,,,,,,,,,,,,,,,,,,,,,,,,,,,,,,,,,,,,,,,,,,,,,,,,,,,,,,,,,,,,,,,,,,,,
,,,,,,,,,,,,,,,,,107,4,2024-09-05_15h33.34.906,Symbol-E,2020.1.3,MacIntel,Safari,"Mozilla/5.0 (Macintosh; Intel Mac OS X 10_15_7) AppleWebKit/605.1.15 (KHTML, like Gecko) Version/17.6 Safari/605.1.15",60,,,,,,,,,,,,,,,,,,,,,,,,,,,,,,,,,,,,4,4,0,Hand,h,TR,0,0,0,0,8,0,9,0,1,1,0.96561413,h,1.334,4,1,,,,,,,,,,,,,,,,,,h,1,1.334,0,0,0,0,1,,,,,,,,,,,,,,,,,,,,,,,,,,,,,,,,,,,,,,,,,,,,,,,,,,,,,,,,,,,,,,,,,,,,,,,,,,,,,,,,,,,,,,
,,,,,,,,,,,,,,,,,107,4,2024-09-05_15h33.34.906,Symbol-E,2020.1.3,MacIntel,Safari,"Mozilla/5.0 (Macintosh; Intel Mac OS X 10_15_7) AppleWebKit/605.1.15 (KHTML, like Gecko) Version/17.6 Safari/605.1.15",60,,,,,,,,,,,,,,,,,,,,,,,,,,,,,,,,,,,,,,,,,,,,,,,,,,,,,,,,,,,,,,,,,,,,,,,,,,,,,,,,,,9,0,9,0,1,,,,,,,,,,,,,,,,,,,,,,,,,,,,,,,,,,,,,,,,,,,,,,,,,,,,,,,,,,,,,,,,,,,,,,,,,,,,,,,,,
,,,,,,,,,,,,,,,,,107,4,2024-09-05_15h33.34.906,Symbol-E,2020.1.3,MacIntel,Safari,"Mozilla/5.0 (Macintosh; Intel Mac OS X 10_15_7) AppleWebKit/605.1.15 (KHTML, like Gecko) Version/17.6 Safari/605.1.15",60,,,,,,,,,,,,,,,,,,,,,,,,,,,,,,,,,,,,2,2,2,Hand,e,TR,0,0,0,0,8,0,10,0,1,1,1.174389302,e,1.316,2,1,,,,,,,,,,,,,,,,,,e,1,1.316,0,0,0,0,1,,,,,,,,,,,,,,,,,,,,,,,,,,,,,,,,,,,,,,,,,,,,,,,,,,,,,,,,,,,,,,,,,,,,,,,,,,,,,,,,,,,,,,
,,,,,,,,,,,,,,,,,107,4,2024-09-05_15h33.34.906,Symbol-E,2020.1.3,MacIntel,Safari,"Mozilla/5.0 (Macintosh; Intel Mac OS X 10_15_7) AppleWebKit/605.1.15 (KHTML, like Gecko) Version/17.6 Safari/605.1.15",60,,,,,,,,,,,,,,,,,,,,,,,,,,,,,,,,,,,,,,,,,,,,,,,,,,,,,,,,,,,,,,,,,,,,,,,,,,,,,,,,,,10,0,10,0,1,,,,,,,,,,,,,,,,,,,,,,,,,,,,,,,,,,,,,,,,,,,,,,,,,,,,,,,,,,,,,,,,,,,,,,,,,,,,,,,,,
,,,,,,,,,,,,,,,,,107,4,2024-09-05_15h33.34.906,Symbol-E,2020.1.3,MacIntel,Safari,"Mozilla/5.0 (Macintosh; Intel Mac OS X 10_15_7) AppleWebKit/605.1.15 (KHTML, like Gecko) Version/17.6 Safari/605.1.15",60,,,,,,,,,,,,,,,,,,,,,,,,,,,,,,,,,,,,1,1,1,Hand,w,TR,0,0,0,0,8,0,11,0,1,1,0.318400475,w,1.401,1,1,,,,,,,,,,,,,,,,,,w,1,1.401,0,0,0,0,1,,,,,,,,,,,,,,,,,,,,,,,,,,,,,,,,,,,,,,,,,,,,,,,,,,,,,,,,,,,,,,,,,,,,,,,,,,,,,,,,,,,,,,
,,,,,,,,,,,,,,,,,107,4,2024-09-05_15h33.34.906,Symbol-E,2020.1.3,MacIntel,Safari,"Mozilla/5.0 (Macintosh; Intel Mac OS X 10_15_7) AppleWebKit/605.1.15 (KHTML, like Gecko) Version/17.6 Safari/605.1.15",60,,,,,,,,,,,,,,,,,,,,,,,,,,,,,,,,,,,,,,,,,,,,,,,,,,,,,,,,,,,,,,,,,,,,,,,,,,,,,,,,,,11,0,11,0,1,,,,,,,,,,,,,,,,,,,,,,,,,,,,,,,,,,,,,,,,,,,,,,,,,,,,,,,,,,,,,,,,,,,,,,,,,,,,,,,,,
,,,,,,,,,,,,,,,,,107,4,2024-09-05_15h33.34.906,Symbol-E,2020.1.3,MacIntel,Safari,"Mozilla/5.0 (Macintosh; Intel Mac OS X 10_15_7) AppleWebKit/605.1.15 (KHTML, like Gecko) Version/17.6 Safari/605.1.15",60,,,,,,,,,,,,,,,,,,,,,,,,,,,,,,,,,,,,3,3,3,Hand,f,TR,0,0,0,0,8,0,12,0,1,1,0.921715746,a,99,8,0,,,,,,,,,,,,,,,,,,,0,,,,,,,,,,,,h,1.305,0,0,0,0,1,,,,,,,,,,,,,,,,,,,,,,,,,,,,,,,,,,,,,,,,,,,,,,,,,,,,,,,,,,,,,,,,,,,,,,,,,,
,,,,,,,,,,,,,,,,,107,4,2024-09-05_15h33.34.906,Symbol-E,2020.1.3,MacIntel,Safari,"Mozilla/5.0 (Macintosh; Intel Mac OS X 10_15_7) AppleWebKit/605.1.15 (KHTML, like Gecko) Version/17.6 Safari/605.1.15",60,,,,,,,,,,,,,,,,,,,,,,,,,,,,,,,,,,,,,,,,,,,,,,,,,,,,,,,,,,,,,,,,,,,,,,,,,,,,,,,,,,12,0,12,0,1,,,,,,,,,,,,,,,,,,,,,,,,,,,,,,,,,,,,,,,,,,,,,,,,,,,,,,,,,,,,,,,,,,,,,,,,,,,,,,,,,
,,,,,,,,,,,,,,,,,107,4,2024-09-05_15h33.34.906,Symbol-E,2020.1.3,MacIntel,Safari,"Mozilla/5.0 (Macintosh; Intel Mac OS X 10_15_7) AppleWebKit/605.1.15 (KHTML, like Gecko) Version/17.6 Safari/605.1.15",60,,,,,,,,,,,,,,,,,,,,,,,,,,,,,,,,,,,,4,4,0,Hand,h,TR,0,0,0,0,8,0,13,0,1,1,1.062341829,h,1.384,4,1,,,,,,,,,,,,,,,,,,h,1,1.384,0,0,0,0,1,,,,,,,,,,,,,,,,,,,,,,,,,,,,,,,,,,,,,,,,,,,,,,,,,,,,,,,,,,,,,,,,,,,,,,,,,,,,,,,,,,,,,,
,,,,,,,,,,,,,,,,,107,4,2024-09-05_15h33.34.906,Symbol-E,2020.1.3,MacIntel,Safari,"Mozilla/5.0 (Macintosh; Intel Mac OS X 10_15_7) AppleWebKit/605.1.15 (KHTML, like Gecko) Version/17.6 Safari/605.1.15",60,,,,,,,,,,,,,,,,,,,,,,,,,,,,,,,,,,,,,,,,,,,,,,,,,,,,,,,,,,,,,,,,,,,,,,,,,,,,,,,,,,13,0,13,0,1,,,,,,,,,,,,,,,,,,,,,,,,,,,,,,,,,,,,,,,,,,,,,,,,,,,,,,,,,,,,,,,,,,,,,,,,,,,,,,,,,
,,,,,,,,,,,,,,,,,107,4,2024-09-05_15h33.34.906,Symbol-E,2020.1.3,MacIntel,Safari,"Mozilla/5.0 (Macintosh; Intel Mac OS X 10_15_7) AppleWebKit/605.1.15 (KHTML, like Gecko) Version/17.6 Safari/605.1.15",60,,,,,,,,,,,,,,,,,,,,,,,,,,,,,,,,,,,,6,6,2,Hand,i,TR,0,0,0,0,8,0,14,0,1,1,0.483775301,i,1.301,6,1,,,,,,,,,,,,,,,,,,i,1,1.301,0,0,0,0,1,,,,,,,,,,,,,,,,,,,,,,,,,,,,,,,,,,,,,,,,,,,,,,,,,,,,,,,,,,,,,,,,,,,,,,,,,,,,,,,,,,,,,,
,,,,,,,,,,,,,,,,,107,4,2024-09-05_15h33.34.906,Symbol-E,2020.1.3,MacIntel,Safari,"Mozilla/5.0 (Macintosh; Intel Mac OS X 10_15_7) AppleWebKit/605.1.15 (KHTML, like Gecko) Version/17.6 Safari/605.1.15",60,,,,,,,,,,,,,,,,,,,,,,,,,,,,,,,,,,,,,,,,,,,,,,,,,,,,,,,,,,,,,,,,,,,,,,,,,,,,,,,,,,14,0,14,0,1,,,,,,,,,,,,,,,,,,,,,,,,,,,,,,,,,,,,,,,,,,,,,,,,,,,,,,,,,,,,,,,,,,,,,,,,,,,,,,,,,
,,,,,,,,,,,,,,,,,107,4,2024-09-05_15h33.34.906,Symbol-E,2020.1.3,MacIntel,Safari,"Mozilla/5.0 (Macintosh; Intel Mac OS X 10_15_7) AppleWebKit/605.1.15 (KHTML, like Gecko) Version/17.6 Safari/605.1.15",60,,,,,,,,,,,,,,,,,,,,,,,,,,,,,,,,,,,,5,5,1,Hand,u,TR,0,0,0,0,8,0,15,0,1,1,0.990284828,u,1.167,5,1,,,,,,,,,,,,,,,,,,u,1,1.167,0,0,0,0,1,,,,,,,,,,,,,,,,,,,,,,,,,,,,,,,,,,,,,,,,,,,,,,,,,,,,,,,,,,,,,,,,,,,,,,,,,,,,,,,,,,,,,,
,,,,,,,,,,,,,,,,,107,4,2024-09-05_15h33.34.906,Symbol-E,2020.1.3,MacIntel,Safari,"Mozilla/5.0 (Macintosh; Intel Mac OS X 10_15_7) AppleWebKit/605.1.15 (KHTML, like Gecko) Version/17.6 Safari/605.1.15",60,,,,,,,,,,,,,,,,,,,,,,,,,,,,,,,,,,,,,,,,,,,,,,,,,,,,,,,,,,,,,,,,,,,,,,,,,,,,,,,,,,15,0,15,0,1,,,,,,,,,,,,,,,,,,,,,,,,,,,,,,,,,,,,,,,,,,,,,,,,,,,,,,,,,,,,,,,,,,,,,,,,,,,,,,,,,
,,,,,,,,,,,,,,,,,107,4,2024-09-05_15h33.34.906,Symbol-E,2020.1.3,MacIntel,Safari,"Mozilla/5.0 (Macintosh; Intel Mac OS X 10_15_7) AppleWebKit/605.1.15 (KHTML, like Gecko) Version/17.6 Safari/605.1.15",60,,,,,,,,,,,,,,,,,,,,,,,,,,,,,,,,,,,,0,0,0,Hand,a,TR,0,0,0,0,8,0,16,0,1,1,0.88957313,a,1.408,0,1,,,,,,,,,,,,,,,,,,a,1,1.408,0,0,0,0,1,,,,,,,,,,,,,,,,,,,,,,,,,,,,,,,,,,,,,,,,,,,,,,,,,,,,,,,,,,,,,,,,,,,,,,,,,,,,,,,,,,,,,,
,,,,,,,,,,,,,,,,,107,4,2024-09-05_15h33.34.906,Symbol-E,2020.1.3,MacIntel,Safari,"Mozilla/5.0 (Macintosh; Intel Mac OS X 10_15_7) AppleWebKit/605.1.15 (KHTML, like Gecko) Version/17.6 Safari/605.1.15",60,,,,,,,,,,,,,,,,,,,,,,,,,,,,,,,,,,,,,,,,,,,,,,,,,,,,,,,,,,,,,,,,,,,,,,,,,,,,,,,,,,16,0,16,0,1,,,,,,,,,,,,,,,,,,,,,,,,,,,,,,,,,,,,,,,,,,,,,,,,,,,,,,,,,,,,,,,,,,,,,,,,,,,,,,,,,
,,,,,,,,,,,,,,,,,107,4,2024-09-05_15h33.34.906,Symbol-E,2020.1.3,MacIntel,Safari,"Mozilla/5.0 (Macintosh; Intel Mac OS X 10_15_7) AppleWebKit/605.1.15 (KHTML, like Gecko) Version/17.6 Safari/605.1.15",60,,,,,,,,,,,,,,,,,,,,,,,,,,,,,,,,,,,,4,4,0,Hand,h,TR,0,0,0,0,8,0,17,0,1,1,0.046820491,a,99,8,0,,,,,,,,,,,,,,,,,,,0,,,,,,,,,,,,h,1.356,0,0,0,0,1,,,,,,,,,,,,,,,,,,,,,,,,,,,,,,,,,,,,,,,,,,,,,,,,,,,,,,,,,,,,,,,,,,,,,,,,,,
,,,,,,,,,,,,,,,,,107,4,2024-09-05_15h33.34.906,Symbol-E,2020.1.3,MacIntel,Safari,"Mozilla/5.0 (Macintosh; Intel Mac OS X 10_15_7) AppleWebKit/605.1.15 (KHTML, like Gecko) Version/17.6 Safari/605.1.15",60,,,,,,,,,,,,,,,,,,,,,,,,,,,,,,,,,,,,,,,,,,,,,,,,,,,,,,,,,,,,,,,,,,,,,,,,,,,,,,,,,,17,0,17,0,1,,,,,,,,,,,,,,,,,,,,,,,,,,,,,,,,,,,,,,,,,,,,,,,,,,,,,,,,,,,,,,,,,,,,,,,,,,,,,,,,,
,,,,,,,,,,,,,,,,,107,4,2024-09-05_15h33.34.906,Symbol-E,2020.1.3,MacIntel,Safari,"Mozilla/5.0 (Macintosh; Intel Mac OS X 10_15_7) AppleWebKit/605.1.15 (KHTML, like Gecko) Version/17.6 Safari/605.1.15",60,,,,,,,,,,,,,,,,,,,,,,,,,,,,,,,,,,,,7,7,3,Hand,l,TR,0,0,0,0,8,0,18,0,1,1,1.156900196,l,0.684,7,1,,,,,,,,,,,,,,,,,,l,1,0.684,,,,,,,,,,,h,0.39,0,0,0,0,1,,,,,,,,,,,,,,,,,,,,,,,,,,,,,,,,,,,,,,,,,,,,,,,,,,,,,,,,,,,,,,,,,,,,,,,,,,
,,,,,,,,,,,,,,,,,107,4,2024-09-05_15h33.34.906,Symbol-E,2020.1.3,MacIntel,Safari,"Mozilla/5.0 (Macintosh; Intel Mac OS X 10_15_7) AppleWebKit/605.1.15 (KHTML, like Gecko) Version/17.6 Safari/605.1.15",60,,,,,,,,,,,,,,,,,,,,,,,,,,,,,,,,,,,,,,,,,,,,,,,,,,,,,,,,,,,,,,,,,,,,,,,,,,,,,,,,,,18,0,18,0,1,,,,,,,,,,,,,,,,,,,,,,,,,,,,,,,,,,,,,,,,,,,,,,,,,,,,,,,,,,,,,,,,,,,,,,,,,,,,,,,,,
,,,,,,,,,,,,,,,,,107,4,2024-09-05_15h33.34.906,Symbol-E,2020.1.3,MacIntel,Safari,"Mozilla/5.0 (Macintosh; Intel Mac OS X 10_15_7) AppleWebKit/605.1.15 (KHTML, like Gecko) Version/17.6 Safari/605.1.15",60,,,,,,,,,,,,,,,,,,,,,,,,,,,,,,,,,,,,6,6,2,Hand,i,TR,0,0,0,0,8,0,19,0,1,1,0.201560464,a,99,8,0,,,,,,,,,,,,,,,,,,,0,,,,,,,,,,,,h,0.955,0,0,0,0,1,,,,,,,,,,,,,,,,,,,,,,,,,,,,,,,,,,,,,,,,,,,,,,,,,,,,,,,,,,,,,,,,,,,,,,,,,,
,,,,,,,,,,,,,,,,,107,4,2024-09-05_15h33.34.906,Symbol-E,2020.1.3,MacIntel,Safari,"Mozilla/5.0 (Macintosh; Intel Mac OS X 10_15_7) AppleWebKit/605.1.15 (KHTML, like Gecko) Version/17.6 Safari/605.1.15",60,,,,,,,,,,,,,,,,,,,,,,,,,,,,,,,,,,,,,,,,,,,,,,,,,,,,,,,,,,,,,,,,,,,,,,,,,,,,,,,,,,19,0,19,0,1,,,,,,,,,,,,,,,,,,,,,,,,,,,,,,,,,,,,,,,,,,,,,,,,,,,,,,,,,,,,,,,,,,,,,,,,,,,,,,,,,
,,,,,,,,,,,,,,,,,107,4,2024-09-05_15h33.34.906,Symbol-E,2020.1.3,MacIntel,Safari,"Mozilla/5.0 (Macintosh; Intel Mac OS X 10_15_7) AppleWebKit/605.1.15 (KHTML, like Gecko) Version/17.6 Safari/605.1.15",60,,,,,,,,,,,,,,,,,,,,,,,,,,,,,,,,,,,,5,5,1,Hand,u,TR,0,0,0,0,8,0,20,0,1,1,0.276214828,u,1.264,5,1,,,,,,,,,,,,,,,,,,u,1,1.264,0,0,0,0,1,,,,,,,,,,,,,,,,,,,,,,,,,,,,,,,,,,,,,,,,,,,,,,,,,,,,,,,,,,,,,,,,,,,,,,,,,,,,,,,,,,,,,,
,,,,,,,,,,,,,,,,,107,4,2024-09-05_15h33.34.906,Symbol-E,2020.1.3,MacIntel,Safari,"Mozilla/5.0 (Macintosh; Intel Mac OS X 10_15_7) AppleWebKit/605.1.15 (KHTML, like Gecko) Version/17.6 Safari/605.1.15",60,,,,,,,,,,,,,,,,,,,,,,,,,,,,,,,,,,,,,,,,,,,,,,,,,,,,,,,,,,,,,,,,,,,,,,,,,,,,,,,,,,20,0,20,0,1,,,,,,,,,,,,,,,,,,,,,,,,,,,,,,,,,,,,,,,,,,,,,,,,,,,,,,,,,,,,,,,,,,,,,,,,,,,,,,,,,
,,,,,,,,,,,,,,,,,107,4,2024-09-05_15h33.34.906,Symbol-E,2020.1.3,MacIntel,Safari,"Mozilla/5.0 (Macintosh; Intel Mac OS X 10_15_7) AppleWebKit/605.1.15 (KHTML, like Gecko) Version/17.6 Safari/605.1.15",60,,,,,,,,,,,,,,,,,,,,,,,,,,,,,,,,,,,,3,3,3,Hand,f,TR,0,0,0,0,8,0,21,0,1,1,0.667592104,f,1.116,3,1,,,,,,,,,,,,,,,,,,f,1,1.116,0,0,0,0,1,,,,,,,,,,,,,,,,,,,,,,,,,,,,,,,,,,,,,,,,,,,,,,,,,,,,,,,,,,,,,,,,,,,,,,,,,,,,,,,,,,,,,,
,,,,,,,,,,,,,,,,,107,4,2024-09-05_15h33.34.906,Symbol-E,2020.1.3,MacIntel,Safari,"Mozilla/5.0 (Macintosh; Intel Mac OS X 10_15_7) AppleWebKit/605.1.15 (KHTML, like Gecko) Version/17.6 Safari/605.1.15",60,,,,,,,,,,,,,,,,,,,,,,,,,,,,,,,,,,,,,,,,,,,,,,,,,,,,,,,,,,,,,,,,,,,,,,,,,,,,,,,,,,21,0,21,0,1,,,,,,,,,,,,,,,,,,,,,,,,,,,,,,,,,,,,,,,,,,,,,,,,,,,,,,,,,,,,,,,,,,,,,,,,,,,,,,,,,
,,,,,,,,,,,,,,,,,107,4,2024-09-05_15h33.34.906,Symbol-E,2020.1.3,MacIntel,Safari,"Mozilla/5.0 (Macintosh; Intel Mac OS X 10_15_7) AppleWebKit/605.1.15 (KHTML, like Gecko) Version/17.6 Safari/605.1.15",60,,,,,,,,,,,,,,,,,,,,,,,,,,,,,,,,,,,,2,2,2,Hand,e,TR,0,0,0,0,8,0,22,0,1,1,0.466001169,w,1.185,1,0,,,,,,,,,,,,,,,,,,w,0,1.185,0,0,0,0,1,,,,,,,,,,,,,,,,,,,,,,,,,,,,,,,,,,,,,,,,,,,,,,,,,,,,,,,,,,,,,,,,,,,,,,,,,,,,,,,,,,,,,,
,,,,,,,,,,,,,,,,,107,4,2024-09-05_15h33.34.906,Symbol-E,2020.1.3,MacIntel,Safari,"Mozilla/5.0 (Macintosh; Intel Mac OS X 10_15_7) AppleWebKit/605.1.15 (KHTML, like Gecko) Version/17.6 Safari/605.1.15",60,,,,,,,,,,,,,,,,,,,,,,,,,,,,,,,,,,,,,,,,,,,,,,,,,,,,,,,,,,,,,,,,,,,,,,,,,,,,,,,,,,22,0,22,0,1,,,,,,,,,,,,,,,,,,,,,,,,,,,,,,,,,,,,,,,,,,,,,,,,,,,,,,,,,,,,,,,,,,,,,,,,,,,,,,,,,
,,,,,,,,,,,,,,,,,107,4,2024-09-05_15h33.34.906,Symbol-E,2020.1.3,MacIntel,Safari,"Mozilla/5.0 (Macintosh; Intel Mac OS X 10_15_7) AppleWebKit/605.1.15 (KHTML, like Gecko) Version/17.6 Safari/605.1.15",60,,,,,,,,,,,,,,,,,,,,,,,,,,,,,,,,,,,,3,3,3,Hand,f,TR,0,0,0,0,8,0,23,0,1,1,0.293659707,f,1.371,3,1,,,,,,,,,,,,,,,,,,f,1,1.371,0,0,0,0,1,,,,,,,,,,,,,,,,,,,,,,,,,,,,,,,,,,,,,,,,,,,,,,,,,,,,,,,,,,,,,,,,,,,,,,,,,,,,,,,,,,,,,,
,,,,,,,,,,,,,,,,,107,4,2024-09-05_15h33.34.906,Symbol-E,2020.1.3,MacIntel,Safari,"Mozilla/5.0 (Macintosh; Intel Mac OS X 10_15_7) AppleWebKit/605.1.15 (KHTML, like Gecko) Version/17.6 Safari/605.1.15",60,,,,,,,,,,,,,,,,,,,,,,,,,,,,,,,,,,,,,,,,,,,,,,,,,,,,,,,,,,,,,,,,,,,,,,,,,,,,,,,,,,23,0,23,0,1,,,,,,,,,,,,,,,,,,,,,,,,,,,,,,,,,,,,,,,,,,,,,,,,,,,,,,,,,,,,,,,,,,,,,,,,,,,,,,,,,
,,,,,,,,,,,,,,,,,107,4,2024-09-05_15h33.34.906,Symbol-E,2020.1.3,MacIntel,Safari,"Mozilla/5.0 (Macintosh; Intel Mac OS X 10_15_7) AppleWebKit/605.1.15 (KHTML, like Gecko) Version/17.6 Safari/605.1.15",60,,,,,,,,,,,,,,,,,,,,,,,,,,,,,,,,,,,,7,7,3,Hand,l,TR,0,0,0,0,8,0,24,0,1,1,0.835779294,l,1.135,7,1,,,,,,,,,,,,,,,,,,l,1,1.135,0,0,0,0,1,,,,,,,,,,,,,,,,,,,,,,,,,,,,,,,,,,,,,,,,,,,,,,,,,,,,,,,,,,,,,,,,,,,,,,,,,,,,,,,,,,,,,,
,,,,,,,,,,,,,,,,,107,4,2024-09-05_15h33.34.906,Symbol-E,2020.1.3,MacIntel,Safari,"Mozilla/5.0 (Macintosh; Intel Mac OS X 10_15_7) AppleWebKit/605.1.15 (KHTML, like Gecko) Version/17.6 Safari/605.1.15",60,,,,,,,,,,,,,,,,,,,,,,,,,,,,,,,,,,,,,,,,,,,,,,,,,,,,,,,,,,,,,,,,,,,,,,,,,,,,,,,,,,24,0,24,0,1,,,,,,,,,,,,,,,,,,,,,,,,,,,,,,,,,,,,,,,,,,,,,,,,,,,,,,,,,,,,,,,,,,,,,,,,,,,,,,,,,
,,,,,,,,,,,,,,,,,107,4,2024-09-05_15h33.34.906,Symbol-E,2020.1.3,MacIntel,Safari,"Mozilla/5.0 (Macintosh; Intel Mac OS X 10_15_7) AppleWebKit/605.1.15 (KHTML, like Gecko) Version/17.6 Safari/605.1.15",60,,,,,,,,,,,,,,,,,,,,,,,,,,,,,,,,,,,,5,5,1,Hand,u,TR,0,0,0,0,8,0,25,0,1,1,0.797287604,u,1.318,5,1,,,,,,,,,,,,,,,,,,u,1,1.318,0,0,0,0,1,,,,,,,,,,,,,,,,,,,,,,,,,,,,,,,,,,,,,,,,,,,,,,,,,,,,,,,,,,,,,,,,,,,,,,,,,,,,,,,,,,,,,,
,,,,,,,,,,,,,,,,,107,4,2024-09-05_15h33.34.906,Symbol-E,2020.1.3,MacIntel,Safari,"Mozilla/5.0 (Macintosh; Intel Mac OS X 10_15_7) AppleWebKit/605.1.15 (KHTML, like Gecko) Version/17.6 Safari/605.1.15",60,,,,,,,,,,,,,,,,,,,,,,,,,,,,,,,,,,,,,,,,,,,,,,,,,,,,,,,,,,,,,,,,,,,,,,,,,,,,,,,,,,25,0,25,0,1,,,,,,,,,,,,,,,,,,,,,,,,,,,,,,,,,,,,,,,,,,,,,,,,,,,,,,,,,,,,,,,,,,,,,,,,,,,,,,,,,
,,,,,,,,,,,,,,,,,107,4,2024-09-05_15h33.34.906,Symbol-E,2020.1.3,MacIntel,Safari,"Mozilla/5.0 (Macintosh; Intel Mac OS X 10_15_7) AppleWebKit/605.1.15 (KHTML, like Gecko) Version/17.6 Safari/605.1.15",60,,,,,,,,,,,,,,,,,,,,,,,,,,,,,,,,,,,,1,1,1,Hand,w,TR,0,0,0,0,8,0,26,0,1,1,0.446941344,w,1.15,1,1,,,,,,,,,,,,,,,,,,w,1,1.15,0,0,0,0,1,,,,,,,,,,,,,,,,,,,,,,,,,,,,,,,,,,,,,,,,,,,,,,,,,,,,,,,,,,,,,,,,,,,,,,,,,,,,,,,,,,,,,,
,,,,,,,,,,,,,,,,,107,4,2024-09-05_15h33.34.906,Symbol-E,2020.1.3,MacIntel,Safari,"Mozilla/5.0 (Macintosh; Intel Mac OS X 10_15_7) AppleWebKit/605.1.15 (KHTML, like Gecko) Version/17.6 Safari/605.1.15",60,,,,,,,,,,,,,,,,,,,,,,,,,,,,,,,,,,,,,,,,,,,,,,,,,,,,,,,,,,,,,,,,,,,,,,,,,,,,,,,,,,26,0,26,0,1,,,,,,,,,,,,,,,,,,,,,,,,,,,,,,,,,,,,,,,,,,,,,,,,,,,,,,,,,,,,,,,,,,,,,,,,,,,,,,,,,
,,,,,,,,,,,,,,,,,107,4,2024-09-05_15h33.34.906,Symbol-E,2020.1.3,MacIntel,Safari,"Mozilla/5.0 (Macintosh; Intel Mac OS X 10_15_7) AppleWebKit/605.1.15 (KHTML, like Gecko) Version/17.6 Safari/605.1.15",60,,,,,,,,,,,,,,,,,,,,,,,,,,,,,,,,,,,,1,1,1,Hand,w,TR,0,0,0,0,8,0,27,0,1,1,0.451408365,w,1.218,1,1,,,,,,,,,,,,,,,,,,w,1,1.218,0,0,0,0,1,,,,,,,,,,,,,,,,,,,,,,,,,,,,,,,,,,,,,,,,,,,,,,,,,,,,,,,,,,,,,,,,,,,,,,,,,,,,,,,,,,,,,,
,,,,,,,,,,,,,,,,,107,4,2024-09-05_15h33.34.906,Symbol-E,2020.1.3,MacIntel,Safari,"Mozilla/5.0 (Macintosh; Intel Mac OS X 10_15_7) AppleWebKit/605.1.15 (KHTML, like Gecko) Version/17.6 Safari/605.1.15",60,,,,,,,,,,,,,,,,,,,,,,,,,,,,,,,,,,,,,,,,,,,,,,,,,,,,,,,,,,,,,,,,,,,,,,,,,,,,,,,,,,27,0,27,0,1,,,,,,,,,,,,,,,,,,,,,,,,,,,,,,,,,,,,,,,,,,,,,,,,,,,,,,,,,,,,,,,,,,,,,,,,,,,,,,,,,
,,,,,,,,,,,,,,,,,107,4,2024-09-05_15h33.34.906,Symbol-E,2020.1.3,MacIntel,Safari,"Mozilla/5.0 (Macintosh; Intel Mac OS X 10_15_7) AppleWebKit/605.1.15 (KHTML, like Gecko) Version/17.6 Safari/605.1.15",60,,,,,,,,,,,,,,,,,,,,,,,,,,,,,,,,,,,,6,6,2,Hand,i,TR,0,0,0,0,8,0,28,0,1,1,0.886708264,i,1.334,6,1,,,,,,,,,,,,,,,,,,i,1,1.334,0,0,0,0,1,,,,,,,,,,,,,,,,,,,,,,,,,,,,,,,,,,,,,,,,,,,,,,,,,,,,,,,,,,,,,,,,,,,,,,,,,,,,,,,,,,,,,,
,,,,,,,,,,,,,,,,,107,4,2024-09-05_15h33.34.906,Symbol-E,2020.1.3,MacIntel,Safari,"Mozilla/5.0 (Macintosh; Intel Mac OS X 10_15_7) AppleWebKit/605.1.15 (KHTML, like Gecko) Version/17.6 Safari/605.1.15",60,,,,,,,,,,,,,,,,,,,,,,,,,,,,,,,,,,,,,,,,,,,,,,,,,,,,,,,,,,,,,,,,,,,,,,,,,,,,,,,,,,28,0,28,0,1,,,,,,,,,,,,,,,,,,,,,,,,,,,,,,,,,,,,,,,,,,,,,,,,,,,,,,,,,,,,,,,,,,,,,,,,,,,,,,,,,
,,,,,,,,,,,,,,,,,107,4,2024-09-05_15h33.34.906,Symbol-E,2020.1.3,MacIntel,Safari,"Mozilla/5.0 (Macintosh; Intel Mac OS X 10_15_7) AppleWebKit/605.1.15 (KHTML, like Gecko) Version/17.6 Safari/605.1.15",60,,,,,,,,,,,,,,,,,,,,,,,,,,,,,,,,,,,,0,0,0,Hand,a,TR,0,0,0,0,8,0,29,0,1,1,0.018001945,w,1.252,1,0,,,,,,,,,,,,,,,,,,w,0,1.252,0,0,0,0,1,,,,,,,,,,,,,,,,,,,,,,,,,,,,,,,,,,,,,,,,,,,,,,,,,,,,,,,,,,,,,,,,,,,,,,,,,,,,,,,,,,,,,,
,,,,,,,,,,,,,,,,,107,4,2024-09-05_15h33.34.906,Symbol-E,2020.1.3,MacIntel,Safari,"Mozilla/5.0 (Macintosh; Intel Mac OS X 10_15_7) AppleWebKit/605.1.15 (KHTML, like Gecko) Version/17.6 Safari/605.1.15",60,,,,,,,,,,,,,,,,,,,,,,,,,,,,,,,,,,,,,,,,,,,,,,,,,,,,,,,,,,,,,,,,,,,,,,,,,,,,,,,,,,29,0,29,0,1,,,,,,,,,,,,,,,,,,,,,,,,,,,,,,,,,,,,,,,,,,,,,,,,,,,,,,,,,,,,,,,,,,,,,,,,,,,,,,,,,
,,,,,,,,,,,,,,,,,107,4,2024-09-05_15h33.34.906,Symbol-E,2020.1.3,MacIntel,Safari,"Mozilla/5.0 (Macintosh; Intel Mac OS X 10_15_7) AppleWebKit/605.1.15 (KHTML, like Gecko) Version/17.6 Safari/605.1.15",60,,,,,,,,,,,,,,,,,,,,,,,,,,,,,,,,,,,,4,4,0,Hand,h,TR,0,0,0,0,8,0,30,0,1,1,0.41640676,h,1.384,4,1,,,,,,,,,,,,,,,,,,h,1,1.384,0,0,0,0,1,,,,,,,,,,,,,,,,,,,,,,,,,,,,,,,,,,,,,,,,,,,,,,,,,,,,,,,,,,,,,,,,,,,,,,,,,,,,,,,,,,,,,,
,,,,,,,,,,,,,,,,,107,4,2024-09-05_15h33.34.906,Symbol-E,2020.1.3,MacIntel,Safari,"Mozilla/5.0 (Macintosh; Intel Mac OS X 10_15_7) AppleWebKit/605.1.15 (KHTML, like Gecko) Version/17.6 Safari/605.1.15",60,,,,,,,,,,,,,,,,,,,,,,,,,,,,,,,,,,,,,,,,,,,,,,,,,,,,,,,,,,,,,,,,,,,,,,,,,,,,,,,,,,30,0,30,0,1,,,,,,,,,,,,,,,,,,,,,,,,,,,,,,,,,,,,,,,,,,,,,,,,,,,,,,,,,,,,,,,,,,,,,,,,,,,,,,,,,
,,,,,,,,,,,,,,,,,107,4,2024-09-05_15h33.34.906,Symbol-E,2020.1.3,MacIntel,Safari,"Mozilla/5.0 (Macintosh; Intel Mac OS X 10_15_7) AppleWebKit/605.1.15 (KHTML, like Gecko) Version/17.6 Safari/605.1.15",60,,,,,,,,,,,,,,,,,,,,,,,,,,,,,,,,,,,,2,2,2,Hand,e,TR,0,0,0,0,8,0,31,0,1,1,1.188304477,e,1.27,2,1,,,,,,,,,,,,,,,,,,e,1,1.27,0,0,0,0,1,,,,,,,,,,,,,,,,,,,,,,,,,,,,,,,,,,,,,,,,,,,,,,,,,,,,,,,,,,,,,,,,,,,,,,,,,,,,,,,,,,,,,,
,,,,,,,,,,,,,,,,,107,4,2024-09-05_15h33.34.906,Symbol-E,2020.1.3,MacIntel,Safari,"Mozilla/5.0 (Macintosh; Intel Mac OS X 10_15_7) AppleWebKit/605.1.15 (KHTML, like Gecko) Version/17.6 Safari/605.1.15",60,,,,,,,,,,,,,,,,,,,,,,,,,,,,,,,,,,,,,,,,,,,,,,,,,,,,,,,,,,,,,,,,,,,,,,,,,,,,,,,,,,31,0,31,0,1,,,,,,,,,,,,,,,,,,,,,,,,,,,,,,,,,,,,,,,,,,,,,,,,,,,,,,,,,,,,,,,,,,,,,,,,,,,,,,,,,
,,,,,,,,,,,,,,,,,107,4,2024-09-05_15h33.34.906,Symbol-E,2020.1.3,MacIntel,Safari,"Mozilla/5.0 (Macintosh; Intel Mac OS X 10_15_7) AppleWebKit/605.1.15 (KHTML, like Gecko) Version/17.6 Safari/605.1.15",60,,,,,,,,,,,,,,,,,,,,,,,,,,,,,,,,,,,,0,0,0,Hand,a,TR,0,0,0,0,8,0,32,0,1,1,0.432266228,a,1.365,0,1,,,,,,,,,,,,,,,,,,a,1,1.365,0,0,0,0,1,,,,,,,,,,,,,,,,,,,,,,,,,,,,,,,,,,,,,,,,,,,,,,,,,,,,,,,,,,,,,,,,,,,,,,,,,,,,,,,,,,,,,,
,,,,,,,,,,,,,,,,,107,4,2024-09-05_15h33.34.906,Symbol-E,2020.1.3,MacIntel,Safari,"Mozilla/5.0 (Macintosh; Intel Mac OS X 10_15_7) AppleWebKit/605.1.15 (KHTML, like Gecko) Version/17.6 Safari/605.1.15",60,,,,,,,,,,,,,,,,,,,,,,,,,,,,,,,,,,,,,,,,,,,,,,,,,,,,,,,,,,,,,,,,,,,,,,,,,,,,,,,,,,32,0,32,0,1,,,,,,,,,,,,,,,,,,,,,,,,,,,,,,,,,,,,,,,,,,,,,,,,,,,,,,,,,,,,,,,,,,,,,,,,,,,,,,,,,
,,,,,,,,,,,,,,,,,107,4,2024-09-05_15h33.34.906,Symbol-E,2020.1.3,MacIntel,Safari,"Mozilla/5.0 (Macintosh; Intel Mac OS X 10_15_7) AppleWebKit/605.1.15 (KHTML, like Gecko) Version/17.6 Safari/605.1.15",60,,,,,,,,,,,,,,,,,,,,,,,,,,,,,,,,,,,,7,7,3,Hand,l,TR,0,0,0,0,8,0,33,0,1,1,0.889089529,l,1.269,7,1,,,,,,,,,,,,,,,,,,l,1,1.269,0,0,0,0,1,,,,,,,,,,,,,,,,,,,,,,,,,,,,,,,,,,,,,,,,,,,,,,,,,,,,,,,,,,,,,,,,,,,,,,,,,,,,,,,,,,,,,,
,,,,,,,,,,,,,,,,,107,4,2024-09-05_15h33.34.906,Symbol-E,2020.1.3,MacIntel,Safari,"Mozilla/5.0 (Macintosh; Intel Mac OS X 10_15_7) AppleWebKit/605.1.15 (KHTML, like Gecko) Version/17.6 Safari/605.1.15",60,,,,,,,,,,,,,,,,,,,,,,,,,,,,,,,,,,,,,,,,,,,,,,,,,,,,,,,,,,,,,,,,,,,,,,,,,,,,,,,,,,33,0,33,0,1,,,,,,,,,,,,,,,,,,,,,,,,,,,,,,,,,,,,,,,,,,,,,,,,,,,,,,,,,,,,,,,,,,,,,,,,,,,,,,,,,
,,,,,,,,,,,,,,,,,107,4,2024-09-05_15h33.34.906,Symbol-E,2020.1.3,MacIntel,Safari,"Mozilla/5.0 (Macintosh; Intel Mac OS X 10_15_7) AppleWebKit/605.1.15 (KHTML, like Gecko) Version/17.6 Safari/605.1.15",60,,,,,,,,,,,,,,,,,,,,,,,,,,,,,,,,,,,,2,2,2,Hand,e,TR,0,0,0,0,8,0,34,0,1,1,0.667485306,e,1.383,2,1,,,,,,,,,,,,,,,,,,e,1,1.383,0,0,0,0,1,,,,,,,,,,,,,,,,,,,,,,,,,,,,,,,,,,,,,,,,,,,,,,,,,,,,,,,,,,,,,,,,,,,,,,,,,,,,,,,,,,,,,,
,,,,,,,,,,,,,,,,,107,4,2024-09-05_15h33.34.906,Symbol-E,2020.1.3,MacIntel,Safari,"Mozilla/5.0 (Macintosh; Intel Mac OS X 10_15_7) AppleWebKit/605.1.15 (KHTML, like Gecko) Version/17.6 Safari/605.1.15",60,,,,,,,,,,,,,,,,,,,,,,,,,,,,,,,,,,,,,,,,,,,,,,,,,,,,,,,,,,,,,,,,,,,,,,,,,,,,,,,,,,34,0,34,0,1,,,,,,,,,,,,,,,,,,,,,,,,,,,,,,,,,,,,,,,,,,,,,,,,,,,,,,,,,,,,,,,,,,,,,,,,,,,,,,,,,
,,,,,,,,,,,,,,,,,107,4,2024-09-05_15h33.34.906,Symbol-E,2020.1.3,MacIntel,Safari,"Mozilla/5.0 (Macintosh; Intel Mac OS X 10_15_7) AppleWebKit/605.1.15 (KHTML, like Gecko) Version/17.6 Safari/605.1.15",60,,,,,,,,,,,,,,,,,,,,,,,,,,,,,,,,,,,,6,6,2,Hand,i,TR,0,0,0,0,8,0,35,0,1,1,0.397038285,i,1.208,6,1,,,,,,,,,,,,,,,,,,i,1,1.208,0,0,0,0,1,,,,,,,,,,,,,,,,,,,,,,,,,,,,,,,,,,,,,,,,,,,,,,,,,,,,,,,,,,,,,,,,,,,,,,,,,,,,,,,,,,,,,,
,,,,,,,,,,,,,,,,,107,4,2024-09-05_15h33.34.906,Symbol-E,2020.1.3,MacIntel,Safari,"Mozilla/5.0 (Macintosh; Intel Mac OS X 10_15_7) AppleWebKit/605.1.15 (KHTML, like Gecko) Version/17.6 Safari/605.1.15",60,,,,,,,,,,,,,,,,,,,,,,,,,,,,,,,,,,,,,,,,,,,,,,,,,,,,,,,,,,,,,,,,,,,,,,,,,,,,,,,,,,35,0,35,0,1,,,,,,,,,,,,,,,,,,,,,,,,,,,,,,,,,,,,,,,,,,,,,,,,,,,,,,,,,,,,,,,,,,,,,,,,,,,,,,,,,
,,,,,,,,,,,,,,,,,107,4,2024-09-05_15h33.34.906,Symbol-E,2020.1.3,MacIntel,Safari,"Mozilla/5.0 (Macintosh; Intel Mac OS X 10_15_7) AppleWebKit/605.1.15 (KHTML, like Gecko) Version/17.6 Safari/605.1.15",60,,,,,,,,,,,,,,,,,,,,,,,,,,,,,,,,,,,,2,2,2,Hand,e,TR,0,0,0,0,8,0,36,0,1,1,0.198379227,a,99,8,0,,,,,,,,,,,,,,,,,,,0,,,,,,,,,,,,h,0.211,0,0,0,0,1,,,,,,,,,,,,,,,,,,,,,,,,,,,,,,,,,,,,,,,,,,,,,,,,,,,,,,,,,,,,,,,,,,,,,,,,,,
,,,,,,,,,,,,,,,,,107,4,2024-09-05_15h33.34.906,Symbol-E,2020.1.3,MacIntel,Safari,"Mozilla/5.0 (Macintosh; Intel Mac OS X 10_15_7) AppleWebKit/605.1.15 (KHTML, like Gecko) Version/17.6 Safari/605.1.15",60,,,,,,,,,,,,,,,,,,,,,,,,,,,,,,,,,,,,,,,,,,,,,,,,,,,,,,,,,,,,,,,,,,,,,,,,,,,,,,,,,,36,0,36,0,1,,,,,,,,,,,,,,,,,,,,,,,,,,,,,,,,,,,,,,,,,,,,,,,,,,,,,,,,,,,,,,,,,,,,,,,,,,,,,,,,,
,,,,,,,,,,,,,,,,,107,4,2024-09-05_15h33.34.906,Symbol-E,2020.1.3,MacIntel,Safari,"Mozilla/5.0 (Macintosh; Intel Mac OS X 10_15_7) AppleWebKit/605.1.15 (KHTML, like Gecko) Version/17.6 Safari/605.1.15",60,,,,,,,,,,,,,,,,,,,,,,,,,,,,,,,,,,,,4,4,0,Hand,h,TR,0,0,0,0,8,0,37,0,1,1,1.006470931,h,1.373,4,1,,,,,,,,,,,,,,,,,,h,1,1.373,0,0,0,0,1,,,,,,,,,,,,,,,,,,,,,,,,,,,,,,,,,,,,,,,,,,,,,,,,,,,,,,,,,,,,,,,,,,,,,,,,,,,,,,,,,,,,,,
,,,,,,,,,,,,,,,,,107,4,2024-09-05_15h33.34.906,Symbol-E,2020.1.3,MacIntel,Safari,"Mozilla/5.0 (Macintosh; Intel Mac OS X 10_15_7) AppleWebKit/605.1.15 (KHTML, like Gecko) Version/17.6 Safari/605.1.15",60,,,,,,,,,,,,,,,,,,,,,,,,,,,,,,,,,,,,,,,,,,,,,,,,,,,,,,,,,,,,,,,,,,,,,,,,,,,,,,,,,,37,0,37,0,1,,,,,,,,,,,,,,,,,,,,,,,,,,,,,,,,,,,,,,,,,,,,,,,,,,,,,,,,,,,,,,,,,,,,,,,,,,,,,,,,,
,,,,,,,,,,,,,,,,,107,4,2024-09-05_15h33.34.906,Symbol-E,2020.1.3,MacIntel,Safari,"Mozilla/5.0 (Macintosh; Intel Mac OS X 10_15_7) AppleWebKit/605.1.15 (KHTML, like Gecko) Version/17.6 Safari/605.1.15",60,,,,,,,,,,,,,,,,,,,,,,,,,,,,,,,,,,,,1,1,1,Hand,w,TR,0,0,0,0,8,0,38,0,1,1,0.5599811,w,1.245,1,1,,,,,,,,,,,,,,,,,,w,1,1.245,0,0,0,0,1,,,,,,,,,,,,,,,,,,,,,,,,,,,,,,,,,,,,,,,,,,,,,,,,,,,,,,,,,,,,,,,,,,,,,,,,,,,,,,,,,,,,,,
,,,,,,,,,,,,,,,,,107,4,2024-09-05_15h33.34.906,Symbol-E,2020.1.3,MacIntel,Safari,"Mozilla/5.0 (Macintosh; Intel Mac OS X 10_15_7) AppleWebKit/605.1.15 (KHTML, like Gecko) Version/17.6 Safari/605.1.15",60,,,,,,,,,,,,,,,,,,,,,,,,,,,,,,,,,,,,,,,,,,,,,,,,,,,,,,,,,,,,,,,,,,,,,,,,,,,,,,,,,,38,0,38,0,1,,,,,,,,,,,,,,,,,,,,,,,,,,,,,,,,,,,,,,,,,,,,,,,,,,,,,,,,,,,,,,,,,,,,,,,,,,,,,,,,,
,,,,,,,,,,,,,,,,,107,4,2024-09-05_15h33.34.906,Symbol-E,2020.1.3,MacIntel,Safari,"Mozilla/5.0 (Macintosh; Intel Mac OS X 10_15_7) AppleWebKit/605.1.15 (KHTML, like Gecko) Version/17.6 Safari/605.1.15",60,,,,,,,,,,,,,,,,,,,,,,,,,,,,,,,,,,,,7,7,3,Hand,l,TR,0,0,0,0,8,0,39,0,1,1,1.122143237,l,1.251,7,1,,,,,,,,,,,,,,,,,,l,1,1.251,0,0,0,0,1,,,,,,,,,,,,,,,,,,,,,,,,,,,,,,,,,,,,,,,,,,,,,,,,,,,,,,,,,,,,,,,,,,,,,,,,,,,,,,,,,,,,,,
,,,,,,,,,,,,,,,,,107,4,2024-09-05_15h33.34.906,Symbol-E,2020.1.3,MacIntel,Safari,"Mozilla/5.0 (Macintosh; Intel Mac OS X 10_15_7) AppleWebKit/605.1.15 (KHTML, like Gecko) Version/17.6 Safari/605.1.15",60,,,,,,,,,,,,,,,,,,,,,,,,,,,,,,,,,,,,,,,,,,,,,,,,,,,,,,,,,,,,,,,,,,,,,,,,,,,,,,,,,,39,0,39,0,1,,,,,,,,,,,,,,,,,,,,,,,,,,,,,,,,,,,,,,,,,,,,,,,,,,,,,,,,,,,,,,,,,,,,,,,,,,,,,,,,,
,,,,,,,,,,,,,,,,,107,4,2024-09-05_15h33.34.906,Symbol-E,2020.1.3,MacIntel,Safari,"Mozilla/5.0 (Macintosh; Intel Mac OS X 10_15_7) AppleWebKit/605.1.15 (KHTML, like Gecko) Version/17.6 Safari/605.1.15",60,,,,,,,,,,,,,,,,,,,,,,,,,,,,,,,,,,,,4,4,0,Hand,h,TR,0,0,0,0,8,0,40,0,1,1,0.741722923,h,1.301,4,1,,,,,,,,,,,,,,,,,,h,1,1.301,0,0,0,0,1,,,,,,,,,,,,,,,,,,,,,,,,,,,,,,,,,,,,,,,,,,,,,,,,,,,,,,,,,,,,,,,,,,,,,,,,,,,,,,,,,,,,,,
,,,,,,,,,,,,,,,,,107,4,2024-09-05_15h33.34.906,Symbol-E,2020.1.3,MacIntel,Safari,"Mozilla/5.0 (Macintosh; Intel Mac OS X 10_15_7) AppleWebKit/605.1.15 (KHTML, like Gecko) Version/17.6 Safari/605.1.15",60,,,,,,,,,,,,,,,,,,,,,,,,,,,,,,,,,,,,,,,,,,,,,,,,,,,,,,,,,,,,,,,,,,,,,,,,,,,,,,,,,,40,0,40,0,1,,,,,,,,,,,,,,,,,,,,,,,,,,,,,,,,,,,,,,,,,,,,,,,,,,,,,,,,,,,,,,,,,,,,,,,,,,,,,,,,,
,,,,,,,,,,,,,,,,,107,4,2024-09-05_15h33.34.906,Symbol-E,2020.1.3,MacIntel,Safari,"Mozilla/5.0 (Macintosh; Intel Mac OS X 10_15_7) AppleWebKit/605.1.15 (KHTML, like Gecko) Version/17.6 Safari/605.1.15",60,,,,,,,,,,,,,,,,,,,,,,,,,,,,,,,,,,,,5,5,1,Hand,u,TR,0,0,0,0,8,0,41,0,1,1,0.23194172,w,1.219,1,0,,,,,,,,,,,,,,,,,,w,0,1.219,0,0,0,0,1,,,,,,,,,,,,,,,,,,,,,,,,,,,,,,,,,,,,,,,,,,,,,,,,,,,,,,,,,,,,,,,,,,,,,,,,,,,,,,,,,,,,,,
,,,,,,,,,,,,,,,,,107,4,2024-09-05_15h33.34.906,Symbol-E,2020.1.3,MacIntel,Safari,"Mozilla/5.0 (Macintosh; Intel Mac OS X 10_15_7) AppleWebKit/605.1.15 (KHTML, like Gecko) Version/17.6 Safari/605.1.15",60,,,,,,,,,,,,,,,,,,,,,,,,,,,,,,,,,,,,,,,,,,,,,,,,,,,,,,,,,,,,,,,,,,,,,,,,,,,,,,,,,,41,0,41,0,1,,,,,,,,,,,,,,,,,,,,,,,,,,,,,,,,,,,,,,,,,,,,,,,,,,,,,,,,,,,,,,,,,,,,,,,,,,,,,,,,,
,,,,,,,,,,,,,,,,,107,4,2024-09-05_15h33.34.906,Symbol-E,2020.1.3,MacIntel,Safari,"Mozilla/5.0 (Macintosh; Intel Mac OS X 10_15_7) AppleWebKit/605.1.15 (KHTML, like Gecko) Version/17.6 Safari/605.1.15",60,,,,,,,,,,,,,,,,,,,,,,,,,,,,,,,,,,,,3,3,3,Hand,f,TR,0,0,0,0,8,0,42,0,1,1,0.911666895,f,1.284,3,1,,,,,,,,,,,,,,,,,,f,1,1.284,0,0,0,0,1,,,,,,,,,,,,,,,,,,,,,,,,,,,,,,,,,,,,,,,,,,,,,,,,,,,,,,,,,,,,,,,,,,,,,,,,,,,,,,,,,,,,,,
,,,,,,,,,,,,,,,,,107,4,2024-09-05_15h33.34.906,Symbol-E,2020.1.3,MacIntel,Safari,"Mozilla/5.0 (Macintosh; Intel Mac OS X 10_15_7) AppleWebKit/605.1.15 (KHTML, like Gecko) Version/17.6 Safari/605.1.15",60,,,,,,,,,,,,,,,,,,,,,,,,,,,,,,,,,,,,,,,,,,,,,,,,,,,,,,,,,,,,,,,,,,,,,,,,,,,,,,,,,,42,0,42,0,1,,,,,,,,,,,,,,,,,,,,,,,,,,,,,,,,,,,,,,,,,,,,,,,,,,,,,,,,,,,,,,,,,,,,,,,,,,,,,,,,,
,,,,,,,,,,,,,,,,,107,4,2024-09-05_15h33.34.906,Symbol-E,2020.1.3,MacIntel,Safari,"Mozilla/5.0 (Macintosh; Intel Mac OS X 10_15_7) AppleWebKit/605.1.15 (KHTML, like Gecko) Version/17.6 Safari/605.1.15",60,,,,,,,,,,,,,,,,,,,,,,,,,,,,,,,,,,,,5,5,1,Hand,u,TR,0,0,0,0,8,0,43,0,1,1,0.665471207,u,1.146,5,1,,,,,,,,,,,,,,,,,,u,1,1.146,0,0,0,0,1,,,,,,,,,,,,,,,,,,,,,,,,,,,,,,,,,,,,,,,,,,,,,,,,,,,,,,,,,,,,,,,,,,,,,,,,,,,,,,,,,,,,,,
,,,,,,,,,,,,,,,,,107,4,2024-09-05_15h33.34.906,Symbol-E,2020.1.3,MacIntel,Safari,"Mozilla/5.0 (Macintosh; Intel Mac OS X 10_15_7) AppleWebKit/605.1.15 (KHTML, like Gecko) Version/17.6 Safari/605.1.15",60,,,,,,,,,,,,,,,,,,,,,,,,,,,,,,,,,,,,,,,,,,,,,,,,,,,,,,,,,,,,,,,,,,,,,,,,,,,,,,,,,,43,0,43,0,1,,,,,,,,,,,,,,,,,,,,,,,,,,,,,,,,,,,,,,,,,,,,,,,,,,,,,,,,,,,,,,,,,,,,,,,,,,,,,,,,,
,,,,,,,,,,,,,,,,,107,4,2024-09-05_15h33.34.906,Symbol-E,2020.1.3,MacIntel,Safari,"Mozilla/5.0 (Macintosh; Intel Mac OS X 10_15_7) AppleWebKit/605.1.15 (KHTML, like Gecko) Version/17.6 Safari/605.1.15",60,,,,,,,,,,,,,,,,,,,,,,,,,,,,,,,,,,,,1,1,1,Hand,w,TR,0,0,0,0,8,0,44,0,1,1,0.849314341,w,1.355,1,1,,,,,,,,,,,,,,,,,,w,1,1.355,0,0,0,0,1,,,,,,,,,,,,,,,,,,,,,,,,,,,,,,,,,,,,,,,,,,,,,,,,,,,,,,,,,,,,,,,,,,,,,,,,,,,,,,,,,,,,,,
,,,,,,,,,,,,,,,,,107,4,2024-09-05_15h33.34.906,Symbol-E,2020.1.3,MacIntel,Safari,"Mozilla/5.0 (Macintosh; Intel Mac OS X 10_15_7) AppleWebKit/605.1.15 (KHTML, like Gecko) Version/17.6 Safari/605.1.15",60,,,,,,,,,,,,,,,,,,,,,,,,,,,,,,,,,,,,,,,,,,,,,,,,,,,,,,,,,,,,,,,,,,,,,,,,,,,,,,,,,,44,0,44,0,1,,,,,,,,,,,,,,,,,,,,,,,,,,,,,,,,,,,,,,,,,,,,,,,,,,,,,,,,,,,,,,,,,,,,,,,,,,,,,,,,,
,,,,,,,,,,,,,,,,,107,4,2024-09-05_15h33.34.906,Symbol-E,2020.1.3,MacIntel,Safari,"Mozilla/5.0 (Macintosh; Intel Mac OS X 10_15_7) AppleWebKit/605.1.15 (KHTML, like Gecko) Version/17.6 Safari/605.1.15",60,,,,,,,,,,,,,,,,,,,,,,,,,,,,,,,,,,,,3,3,3,Hand,f,TR,0,0,0,0,8,0,45,0,1,1,0.703948863,f,1.098,3,1,,,,,,,,,,,,,,,,,,f,1,1.098,0,0,0,0,1,,,,,,,,,,,,,,,,,,,,,,,,,,,,,,,,,,,,,,,,,,,,,,,,,,,,,,,,,,,,,,,,,,,,,,,,,,,,,,,,,,,,,,
,,,,,,,,,,,,,,,,,107,4,2024-09-05_15h33.34.906,Symbol-E,2020.1.3,MacIntel,Safari,"Mozilla/5.0 (Macintosh; Intel Mac OS X 10_15_7) AppleWebKit/605.1.15 (KHTML, like Gecko) Version/17.6 Safari/605.1.15",60,,,,,,,,,,,,,,,,,,,,,,,,,,,,,,,,,,,,,,,,,,,,,,,,,,,,,,,,,,,,,,,,,,,,,,,,,,,,,,,,,,45,0,45,0,1,,,,,,,,,,,,,,,,,,,,,,,,,,,,,,,,,,,,,,,,,,,,,,,,,,,,,,,,,,,,,,,,,,,,,,,,,,,,,,,,,
,,,,,,,,,,,,,,,,,107,4,2024-09-05_15h33.34.906,Symbol-E,2020.1.3,MacIntel,Safari,"Mozilla/5.0 (Macintosh; Intel Mac OS X 10_15_7) AppleWebKit/605.1.15 (KHTML, like Gecko) Version/17.6 Safari/605.1.15",60,,,,,,,,,,,,,,,,,,,,,,,,,,,,,,,,,,,,6,6,2,Hand,i,TR,0,0,0,0,8,0,46,0,1,1,1.121693689,i,1.25,6,1,,,,,,,,,,,,,,,,,,i,1,1.25,0,0,0,0,1,,,,,,,,,,,,,,,,,,,,,,,,,,,,,,,,,,,,,,,,,,,,,,,,,,,,,,,,,,,,,,,,,,,,,,,,,,,,,,,,,,,,,,
,,,,,,,,,,,,,,,,,107,4,2024-09-05_15h33.34.906,Symbol-E,2020.1.3,MacIntel,Safari,"Mozilla/5.0 (Macintosh; Intel Mac OS X 10_15_7) AppleWebKit/605.1.15 (KHTML, like Gecko) Version/17.6 Safari/605.1.15",60,,,,,,,,,,,,,,,,,,,,,,,,,,,,,,,,,,,,,,,,,,,,,,,,,,,,,,,,,,,,,,,,,,,,,,,,,,,,,,,,,,46,0,46,0,1,,,,,,,,,,,,,,,,,,,,,,,,,,,,,,,,,,,,,,,,,,,,,,,,,,,,,,,,,,,,,,,,,,,,,,,,,,,,,,,,,
,,,,,,,,,,,,,,,,,107,4,2024-09-05_15h33.34.906,Symbol-E,2020.1.3,MacIntel,Safari,"Mozilla/5.0 (Macintosh; Intel Mac OS X 10_15_7) AppleWebKit/605.1.15 (KHTML, like Gecko) Version/17.6 Safari/605.1.15",60,,,,,,,,,,,,,,,,,,,,,,,,,,,,,,,,,,,,0,0,0,Hand,a,TR,0,0,0,0,8,0,47,0,1,1,0.287399234,a,1.35,0,1,,,,,,,,,,,,,,,,,,a,1,1.35,0,0,0,0,1,,,,,,,,,,,,,,,,,,,,,,,,,,,,,,,,,,,,,,,,,,,,,,,,,,,,,,,,,,,,,,,,,,,,,,,,,,,,,,,,,,,,,,
,,,,,,,,,,,,,,,,,107,4,2024-09-05_15h33.34.906,Symbol-E,2020.1.3,MacIntel,Safari,"Mozilla/5.0 (Macintosh; Intel Mac OS X 10_15_7) AppleWebKit/605.1.15 (KHTML, like Gecko) Version/17.6 Safari/605.1.15",60,,,,,,,,,,,,,,,,,,,,,,,,,,,,,,,,,,,,,,,,,,,,,,,,,,,,,,,,,,,,,,,,,,,,,,,,,,,,,,,,,,47,0,47,0,1,,,,,,,,,,,,,,,,,,,,,,,,,,,,,,,,,,,,,,,,,,,,,,,,,,,,,,,,,,,,,,,,,,,,,,,,,,,,,,,,,
,,,,,,,,,,,,,,,,,107,4,2024-09-05_15h33.34.906,Symbol-E,2020.1.3,MacIntel,Safari,"Mozilla/5.0 (Macintosh; Intel Mac OS X 10_15_7) AppleWebKit/605.1.15 (KHTML, like Gecko) Version/17.6 Safari/605.1.15",60,,,,,,,,,,,,,,,,,,,,,,,,,,,,,,,,,,,,4,4,0,Hand,h,TR,0,0,0,0,8,0,48,0,1,1,0.667117039,h,1.24,4,1,,,,,,,,,,,,,,,,,,h,1,1.24,0,0,0,0,1,,,,,,,,,,,,,,,,,,,,,,,,,,,,,,,,,,,,,,,,,,,,,,,,,,,,,,,,,,,,,,,,,,,,,,,,,,,,,,,,,,,,,,
,,,,,,,,,,,,,,,,,107,4,2024-09-05_15h33.34.906,Symbol-E,2020.1.3,MacIntel,Safari,"Mozilla/5.0 (Macintosh; Intel Mac OS X 10_15_7) AppleWebKit/605.1.15 (KHTML, like Gecko) Version/17.6 Safari/605.1.15",60,,,,,,,,,,,,,,,,,,,,,,,,,,,,,,,,,,,,,,,,,,,,,,,,,,,,,,,,,,,,,,,,,,,,,,,,,,,,,,,,,,48,0,48,0,1,,,,,,,,,,,,,,,,,,,,,,,,,,,,,,,,,,,,,,,,,,,,,,,,,,,,,,,,,,,,,,,,,,,,,,,,,,,,,,,,,
,,,,,,,,,,,,,,,,,107,4,2024-09-05_15h33.34.906,Symbol-E,2020.1.3,MacIntel,Safari,"Mozilla/5.0 (Macintosh; Intel Mac OS X 10_15_7) AppleWebKit/605.1.15 (KHTML, like Gecko) Version/17.6 Safari/605.1.15",60,,,,,,,,,,,,,,,,,,,,,,,,,,,,,,,,,,,,1,1,1,Hand,w,TR,0,0,0,0,8,0,49,0,1,1,0.632129648,w,1.373,1,1,,,,,,,,,,,,,,,,,,w,1,1.373,0,0,0,0,1,,,,,,,,,,,,,,,,,,,,,,,,,,,,,,,,,,,,,,,,,,,,,,,,,,,,,,,,,,,,,,,,,,,,,,,,,,,,,,,,,,,,,,
,,,,,,,,,,,,,,,,,107,4,2024-09-05_15h33.34.906,Symbol-E,2020.1.3,MacIntel,Safari,"Mozilla/5.0 (Macintosh; Intel Mac OS X 10_15_7) AppleWebKit/605.1.15 (KHTML, like Gecko) Version/17.6 Safari/605.1.15",60,,,,,,,,,,,,,,,,,,,,,,,,,,,,,,,,,,,,,,,,,,,,,,,,,,,,,,,,,,,,,,,,,,,,,,,,,,,,,,,,,,49,0,49,0,1,,,,,,,,,,,,,,,,,,,,,,,,,,,,,,,,,,,,,,,,,,,,,,,,,,,,,,,,,,,,,,,,,,,,,,,,,,,,,,,,,
,,,,,,,,,,,,,,,,,107,4,2024-09-05_15h33.34.906,Symbol-E,2020.1.3,MacIntel,Safari,"Mozilla/5.0 (Macintosh; Intel Mac OS X 10_15_7) AppleWebKit/605.1.15 (KHTML, like Gecko) Version/17.6 Safari/605.1.15",60,,,,,,,,,,,,,,,,,,,,,,,,,,,,,,,,,,,,4,4,0,Hand,h,TR,0,0,0,0,8,0,50,0,1,1,1.189857218,h,1.39,4,1,,,,,,,,,,,,,,,,,,h,1,1.39,0,0,0,0,1,,,,,,,,,,,,,,,,,,,,,,,,,,,,,,,,,,,,,,,,,,,,,,,,,,,,,,,,,,,,,,,,,,,,,,,,,,,,,,,,,,,,,,
,,,,,,,,,,,,,,,,,107,4,2024-09-05_15h33.34.906,Symbol-E,2020.1.3,MacIntel,Safari,"Mozilla/5.0 (Macintosh; Intel Mac OS X 10_15_7) AppleWebKit/605.1.15 (KHTML, like Gecko) Version/17.6 Safari/605.1.15",60,,,,,,,,,,,,,,,,,,,,,,,,,,,,,,,,,,,,,,,,,,,,,,,,,,,,,,,,,,,,,,,,,,,,,,,,,,,,,,,,,,50,0,50,0,1,,,,,,,,,,,,,,,,,,,,,,,,,,,,,,,,,,,,,,,,,,,,,,,,,,,,,,,,,,,,,,,,,,,,,,,,,,,,,,,,,
,,,,,,,,,,,,,,,,,107,4,2024-09-05_15h33.34.906,Symbol-E,2020.1.3,MacIntel,Safari,"Mozilla/5.0 (Macintosh; Intel Mac OS X 10_15_7) AppleWebKit/605.1.15 (KHTML, like Gecko) Version/17.6 Safari/605.1.15",60,,,,,,,,,,,,,,,,,,,,,,,,,,,,,,,,,,,,7,7,3,Hand,l,TR,0,0,0,0,8,0,51,0,1,1,0.97657394,l,1.233,7,1,,,,,,,,,,,,,,,,,,l,1,1.233,0,0,0,0,1,,,,,,,,,,,,,,,,,,,,,,,,,,,,,,,,,,,,,,,,,,,,,,,,,,,,,,,,,,,,,,,,,,,,,,,,,,,,,,,,,,,,,,
,,,,,,,,,,,,,,,,,107,4,2024-09-05_15h33.34.906,Symbol-E,2020.1.3,MacIntel,Safari,"Mozilla/5.0 (Macintosh; Intel Mac OS X 10_15_7) AppleWebKit/605.1.15 (KHTML, like Gecko) Version/17.6 Safari/605.1.15",60,,,,,,,,,,,,,,,,,,,,,,,,,,,,,,,,,,,,,,,,,,,,,,,,,,,,,,,,,,,,,,,,,,,,,,,,,,,,,,,,,,51,0,51,0,1,,,,,,,,,,,,,,,,,,,,,,,,,,,,,,,,,,,,,,,,,,,,,,,,,,,,,,,,,,,,,,,,,,,,,,,,,,,,,,,,,
,,,,,,,,,,,,,,,,,107,4,2024-09-05_15h33.34.906,Symbol-E,2020.1.3,MacIntel,Safari,"Mozilla/5.0 (Macintosh; Intel Mac OS X 10_15_7) AppleWebKit/605.1.15 (KHTML, like Gecko) Version/17.6 Safari/605.1.15",60,,,,,,,,,,,,,,,,,,,,,,,,,,,,,,,,,,,,2,2,2,Hand,e,TR,0,0,0,0,8,0,52,0,1,1,0.329305123,w,1.236,1,0,,,,,,,,,,,,,,,,,,w,0,1.236,0,0,0,0,1,,,,,,,,,,,,,,,,,,,,,,,,,,,,,,,,,,,,,,,,,,,,,,,,,,,,,,,,,,,,,,,,,,,,,,,,,,,,,,,,,,,,,,
,,,,,,,,,,,,,,,,,107,4,2024-09-05_15h33.34.906,Symbol-E,2020.1.3,MacIntel,Safari,"Mozilla/5.0 (Macintosh; Intel Mac OS X 10_15_7) AppleWebKit/605.1.15 (KHTML, like Gecko) Version/17.6 Safari/605.1.15",60,,,,,,,,,,,,,,,,,,,,,,,,,,,,,,,,,,,,,,,,,,,,,,,,,,,,,,,,,,,,,,,,,,,,,,,,,,,,,,,,,,52,0,52,0,1,,,,,,,,,,,,,,,,,,,,,,,,,,,,,,,,,,,,,,,,,,,,,,,,,,,,,,,,,,,,,,,,,,,,,,,,,,,,,,,,,
,,,,,,,,,,,,,,,,,107,4,2024-09-05_15h33.34.906,Symbol-E,2020.1.3,MacIntel,Safari,"Mozilla/5.0 (Macintosh; Intel Mac OS X 10_15_7) AppleWebKit/605.1.15 (KHTML, like Gecko) Version/17.6 Safari/605.1.15",60,,,,,,,,,,,,,,,,,,,,,,,,,,,,,,,,,,,,7,7,3,Hand,l,TR,0,0,0,0,8,0,53,0,1,1,0.257572713,l,1.385,7,1,,,,,,,,,,,,,,,,,,l,1,1.385,0,0,0,0,1,,,,,,,,,,,,,,,,,,,,,,,,,,,,,,,,,,,,,,,,,,,,,,,,,,,,,,,,,,,,,,,,,,,,,,,,,,,,,,,,,,,,,,
,,,,,,,,,,,,,,,,,107,4,2024-09-05_15h33.34.906,Symbol-E,2020.1.3,MacIntel,Safari,"Mozilla/5.0 (Macintosh; Intel Mac OS X 10_15_7) AppleWebKit/605.1.15 (KHTML, like Gecko) Version/17.6 Safari/605.1.15",60,,,,,,,,,,,,,,,,,,,,,,,,,,,,,,,,,,,,,,,,,,,,,,,,,,,,,,,,,,,,,,,,,,,,,,,,,,,,,,,,,,53,0,53,0,1,,,,,,,,,,,,,,,,,,,,,,,,,,,,,,,,,,,,,,,,,,,,,,,,,,,,,,,,,,,,,,,,,,,,,,,,,,,,,,,,,
,,,,,,,,,,,,,,,,,107,4,2024-09-05_15h33.34.906,Symbol-E,2020.1.3,MacIntel,Safari,"Mozilla/5.0 (Macintosh; Intel Mac OS X 10_15_7) AppleWebKit/605.1.15 (KHTML, like Gecko) Version/17.6 Safari/605.1.15",60,,,,,,,,,,,,,,,,,,,,,,,,,,,,,,,,,,,,6,6,2,Hand,i,TR,0,0,0,0,8,0,54,0,1,1,0.708697452,i,1.286,6,1,,,,,,,,,,,,,,,,,,i,1,1.286,0,0,0,0,1,,,,,,,,,,,,,,,,,,,,,,,,,,,,,,,,,,,,,,,,,,,,,,,,,,,,,,,,,,,,,,,,,,,,,,,,,,,,,,,,,,,,,,
,,,,,,,,,,,,,,,,,107,4,2024-09-05_15h33.34.906,Symbol-E,2020.1.3,MacIntel,Safari,"Mozilla/5.0 (Macintosh; Intel Mac OS X 10_15_7) AppleWebKit/605.1.15 (KHTML, like Gecko) Version/17.6 Safari/605.1.15",60,,,,,,,,,,,,,,,,,,,,,,,,,,,,,,,,,,,,,,,,,,,,,,,,,,,,,,,,,,,,,,,,,,,,,,,,,,,,,,,,,,54,0,54,0,1,,,,,,,,,,,,,,,,,,,,,,,,,,,,,,,,,,,,,,,,,,,,,,,,,,,,,,,,,,,,,,,,,,,,,,,,,,,,,,,,,
,,,,,,,,,,,,,,,,,107,4,2024-09-05_15h33.34.906,Symbol-E,2020.1.3,MacIntel,Safari,"Mozilla/5.0 (Macintosh; Intel Mac OS X 10_15_7) AppleWebKit/605.1.15 (KHTML, like Gecko) Version/17.6 Safari/605.1.15",60,,,,,,,,,,,,,,,,,,,,,,,,,,,,,,,,,,,,3,3,3,Hand,f,TR,0,0,0,0,8,0,55,0,1,1,0.145083172,e,1.268,2,0,,,,,,,,,,,,,,,,,,e,0,1.268,0,0,0,0,1,,,,,,,,,,,,,,,,,,,,,,,,,,,,,,,,,,,,,,,,,,,,,,,,,,,,,,,,,,,,,,,,,,,,,,,,,,,,,,,,,,,,,,
,,,,,,,,,,,,,,,,,107,4,2024-09-05_15h33.34.906,Symbol-E,2020.1.3,MacIntel,Safari,"Mozilla/5.0 (Macintosh; Intel Mac OS X 10_15_7) AppleWebKit/605.1.15 (KHTML, like Gecko) Version/17.6 Safari/605.1.15",60,,,,,,,,,,,,,,,,,,,,,,,,,,,,,,,,,,,,,,,,,,,,,,,,,,,,,,,,,,,,,,,,,,,,,,,,,,,,,,,,,,55,0,55,0,1,,,,,,,,,,,,,,,,,,,,,,,,,,,,,,,,,,,,,,,,,,,,,,,,,,,,,,,,,,,,,,,,,,,,,,,,,,,,,,,,,
,,,,,,,,,,,,,,,,,107,4,2024-09-05_15h33.34.906,Symbol-E,2020.1.3,MacIntel,Safari,"Mozilla/5.0 (Macintosh; Intel Mac OS X 10_15_7) AppleWebKit/605.1.15 (KHTML, like Gecko) Version/17.6 Safari/605.1.15",60,,,,,,,,,,,,,,,,,,,,,,,,,,,,,,,,,,,,0,0,0,Hand,a,TR,0,0,0,0,8,0,56,0,1,1,0.0830719,h,1.387,4,0,,,,,,,,,,,,,,,,,,h,0,1.387,0,0,0,0,1,,,,,,,,,,,,,,,,,,,,,,,,,,,,,,,,,,,,,,,,,,,,,,,,,,,,,,,,,,,,,,,,,,,,,,,,,,,,,,,,,,,,,,
,,,,,,,,,,,,,,,,,107,4,2024-09-05_15h33.34.906,Symbol-E,2020.1.3,MacIntel,Safari,"Mozilla/5.0 (Macintosh; Intel Mac OS X 10_15_7) AppleWebKit/605.1.15 (KHTML, like Gecko) Version/17.6 Safari/605.1.15",60,,,,,,,,,,,,,,,,,,,,,,,,,,,,,,,,,,,,,,,,,,,,,,,,,,,,,,,,,,,,,,,,,,,,,,,,,,,,,,,,,,56,0,56,0,1,,,,,,,,,,,,,,,,,,,,,,,,,,,,,,,,,,,,,,,,,,,,,,,,,,,,,,,,,,,,,,,,,,,,,,,,,,,,,,,,,
,,,,,,,,,,,,,,,,,107,4,2024-09-05_15h33.34.906,Symbol-E,2020.1.3,MacIntel,Safari,"Mozilla/5.0 (Macintosh; Intel Mac OS X 10_15_7) AppleWebKit/605.1.15 (KHTML, like Gecko) Version/17.6 Safari/605.1.15",60,,,,,,,,,,,,,,,,,,,,,,,,,,,,,,,,,,,,5,5,1,Hand,u,TR,0,0,0,0,8,0,57,0,1,1,0.495215852,u,1.368,5,1,,,,,,,,,,,,,,,,,,u,1,1.368,0,0,0,0,1,,,,,,,,,,,,,,,,,,,,,,,,,,,,,,,,,,,,,,,,,,,,,,,,,,,,,,,,,,,,,,,,,,,,,,,,,,,,,,,,,,,,,,
,,,,,,,,,,,,,,,,,107,4,2024-09-05_15h33.34.906,Symbol-E,2020.1.3,MacIntel,Safari,"Mozilla/5.0 (Macintosh; Intel Mac OS X 10_15_7) AppleWebKit/605.1.15 (KHTML, like Gecko) Version/17.6 Safari/605.1.15",60,,,,,,,,,,,,,,,,,,,,,,,,,,,,,,,,,,,,,,,,,,,,,,,,,,,,,,,,,,,,,,,,,,,,,,,,,,,,,,,,,,57,0,57,0,1,,,,,,,,,,,,,,,,,,,,,,,,,,,,,,,,,,,,,,,,,,,,,,,,,,,,,,,,,,,,,,,,,,,,,,,,,,,,,,,,,
,,,,,,,,,,,,,,,,,107,4,2024-09-05_15h33.34.906,Symbol-E,2020.1.3,MacIntel,Safari,"Mozilla/5.0 (Macintosh; Intel Mac OS X 10_15_7) AppleWebKit/605.1.15 (KHTML, like Gecko) Version/17.6 Safari/605.1.15",60,,,,,,,,,,,,,,,,,,,,,,,,,,,,,,,,,,,,1,1,1,Hand,w,TR,0,0,0,0,8,0,58,0,1,1,0.294279165,w,1.269,1,1,,,,,,,,,,,,,,,,,,w,1,1.269,0,0,0,0,1,,,,,,,,,,,,,,,,,,,,,,,,,,,,,,,,,,,,,,,,,,,,,,,,,,,,,,,,,,,,,,,,,,,,,,,,,,,,,,,,,,,,,,
,,,,,,,,,,,,,,,,,107,4,2024-09-05_15h33.34.906,Symbol-E,2020.1.3,MacIntel,Safari,"Mozilla/5.0 (Macintosh; Intel Mac OS X 10_15_7) AppleWebKit/605.1.15 (KHTML, like Gecko) Version/17.6 Safari/605.1.15",60,,,,,,,,,,,,,,,,,,,,,,,,,,,,,,,,,,,,,,,,,,,,,,,,,,,,,,,,,,,,,,,,,,,,,,,,,,,,,,,,,,58,0,58,0,1,,,,,,,,,,,,,,,,,,,,,,,,,,,,,,,,,,,,,,,,,,,,,,,,,,,,,,,,,,,,,,,,,,,,,,,,,,,,,,,,,
,,,,,,,,,,,,,,,,,107,4,2024-09-05_15h33.34.906,Symbol-E,2020.1.3,MacIntel,Safari,"Mozilla/5.0 (Macintosh; Intel Mac OS X 10_15_7) AppleWebKit/605.1.15 (KHTML, like Gecko) Version/17.6 Safari/605.1.15",60,,,,,,,,,,,,,,,,,,,,,,,,,,,,,,,,,,,,2,2,2,Hand,e,TR,0,0,0,0,8,0,59,0,1,1,0.399138241,e,1.27,2,1,,,,,,,,,,,,,,,,,,e,1,1.27,0,0,0,0,1,,,,,,,,,,,,,,,,,,,,,,,,,,,,,,,,,,,,,,,,,,,,,,,,,,,,,,,,,,,,,,,,,,,,,,,,,,,,,,,,,,,,,,
,,,,,,,,,,,,,,,,,107,4,2024-09-05_15h33.34.906,Symbol-E,2020.1.3,MacIntel,Safari,"Mozilla/5.0 (Macintosh; Intel Mac OS X 10_15_7) AppleWebKit/605.1.15 (KHTML, like Gecko) Version/17.6 Safari/605.1.15",60,,,,,,,,,,,,,,,,,,,,,,,,,,,,,,,,,,,,,,,,,,,,,,,,,,,,,,,,,,,,,,,,,,,,,,,,,,,,,,,,,,59,0,59,0,1,,,,,,,,,,,,,,,,,,,,,,,,,,,,,,,,,,,,,,,,,,,,,,,,,,,,,,,,,,,,,,,,,,,,,,,,,,,,,,,,,
,,,,,,,,,,,,,,,,,107,4,2024-09-05_15h33.34.906,Symbol-E,2020.1.3,MacIntel,Safari,"Mozilla/5.0 (Macintosh; Intel Mac OS X 10_15_7) AppleWebKit/605.1.15 (KHTML, like Gecko) Version/17.6 Safari/605.1.15",60,,,,,,,,,,,,,,,,,,,,,,,,,,,,,,,,,,,,0,0,0,Hand,a,TR,0,0,0,0,8,0,60,0,1,1,0.654959168,a,1.286,0,1,,,,,,,,,,,,,,,,,,a,1,1.286,0,0,0,0,1,,,,,,,,,,,,,,,,,,,,,,,,,,,,,,,,,,,,,,,,,,,,,,,,,,,,,,,,,,,,,,,,,,,,,,,,,,,,,,,,,,,,,,
,,,,,,,,,,,,,,,,,107,4,2024-09-05_15h33.34.906,Symbol-E,2020.1.3,MacIntel,Safari,"Mozilla/5.0 (Macintosh; Intel Mac OS X 10_15_7) AppleWebKit/605.1.15 (KHTML, like Gecko) Version/17.6 Safari/605.1.15",60,,,,,,,,,,,,,,,,,,,,,,,,,,,,,,,,,,,,,,,,,,,,,,,,,,,,,,,,,,,,,,,,,,,,,,,,,,,,,,,,,,60,0,60,0,1,,,,,,,,,,,,,,,,,,,,,,,,,,,,,,,,,,,,,,,,,,,,,,,,,,,,,,,,,,,,,,,,,,,,,,,,,,,,,,,,,
,,,,,,,,,,,,,,,,,107,4,2024-09-05_15h33.34.906,Symbol-E,2020.1.3,MacIntel,Safari,"Mozilla/5.0 (Macintosh; Intel Mac OS X 10_15_7) AppleWebKit/605.1.15 (KHTML, like Gecko) Version/17.6 Safari/605.1.15",60,,,,,,,,,,,,,,,,,,,,,,,,,,,,,,,,,,,,3,3,3,Hand,f,TR,0,0,0,0,8,0,61,0,1,1,0.482135229,e,1.168,2,0,,,,,,,,,,,,,,,,,,e,0,1.168,0,0,0,0,1,,,,,,,,,,,,,,,,,,,,,,,,,,,,,,,,,,,,,,,,,,,,,,,,,,,,,,,,,,,,,,,,,,,,,,,,,,,,,,,,,,,,,,
,,,,,,,,,,,,,,,,,107,4,2024-09-05_15h33.34.906,Symbol-E,2020.1.3,MacIntel,Safari,"Mozilla/5.0 (Macintosh; Intel Mac OS X 10_15_7) AppleWebKit/605.1.15 (KHTML, like Gecko) Version/17.6 Safari/605.1.15",60,,,,,,,,,,,,,,,,,,,,,,,,,,,,,,,,,,,,,,,,,,,,,,,,,,,,,,,,,,,,,,,,,,,,,,,,,,,,,,,,,,61,0,61,0,1,,,,,,,,,,,,,,,,,,,,,,,,,,,,,,,,,,,,,,,,,,,,,,,,,,,,,,,,,,,,,,,,,,,,,,,,,,,,,,,,,
,,,,,,,,,,,,,,,,,107,4,2024-09-05_15h33.34.906,Symbol-E,2020.1.3,MacIntel,Safari,"Mozilla/5.0 (Macintosh; Intel Mac OS X 10_15_7) AppleWebKit/605.1.15 (KHTML, like Gecko) Version/17.6 Safari/605.1.15",60,,,,,,,,,,,,,,,,,,,,,,,,,,,,,,,,,,,,6,6,2,Hand,i,TR,0,0,0,0,8,0,62,0,1,1,0.193602155,i,1.405,6,1,,,,,,,,,,,,,,,,,,i,1,1.405,0,0,0,0,1,,,,,,,,,,,,,,,,,,,,,,,,,,,,,,,,,,,,,,,,,,,,,,,,,,,,,,,,,,,,,,,,,,,,,,,,,,,,,,,,,,,,,,
,,,,,,,,,,,,,,,,,107,4,2024-09-05_15h33.34.906,Symbol-E,2020.1.3,MacIntel,Safari,"Mozilla/5.0 (Macintosh; Intel Mac OS X 10_15_7) AppleWebKit/605.1.15 (KHTML, like Gecko) Version/17.6 Safari/605.1.15",60,,,,,,,,,,,,,,,,,,,,,,,,,,,,,,,,,,,,,,,,,,,,,,,,,,,,,,,,,,,,,,,,,,,,,,,,,,,,,,,,,,62,0,62,0,1,,,,,,,,,,,,,,,,,,,,,,,,,,,,,,,,,,,,,,,,,,,,,,,,,,,,,,,,,,,,,,,,,,,,,,,,,,,,,,,,,
,,,,,,,,,,,,,,,,,107,4,2024-09-05_15h33.34.906,Symbol-E,2020.1.3,MacIntel,Safari,"Mozilla/5.0 (Macintosh; Intel Mac OS X 10_15_7) AppleWebKit/605.1.15 (KHTML, like Gecko) Version/17.6 Safari/605.1.15",60,,,,,,,,,,,,,,,,,,,,,,,,,,,,,,,,,,,,5,5,1,Hand,u,TR,0,0,0,0,8,0,63,0,1,1,0.483470734,u,1.091,5,1,,,,,,,,,,,,,,,,,,u,1,1.091,0,0,0,0,1,,,,,,,,,,,,,,,,,,,,,,,,,,,,,,,,,,,,,,,,,,,,,,,,,,,,,,,,,,,,,,,,,,,,,,,,,,,,,,,,,,,,,,
,,,,,,,,,,,,,,,,,107,4,2024-09-05_15h33.34.906,Symbol-E,2020.1.3,MacIntel,Safari,"Mozilla/5.0 (Macintosh; Intel Mac OS X 10_15_7) AppleWebKit/605.1.15 (KHTML, like Gecko) Version/17.6 Safari/605.1.15",60,,,,,,,,,,,,,,,,,,,,,,,,,,,,,,,,,,,,,,,,,,,,,,,,,,,,,,,,,,,,,,,,,,,,,,,,,,,,,,,,,,63,0,63,0,1,,,,,,,,,,,,,,,,,,,,,,,,,,,,,,,,,,,,,,,,,,,,,,,,,,,,,,,,,,,,,,,,,,,,,,,,,,,,,,,,,
,,,,,,,,,,,,,,,,,107,4,2024-09-05_15h33.34.906,Symbol-E,2020.1.3,MacIntel,Safari,"Mozilla/5.0 (Macintosh; Intel Mac OS X 10_15_7) AppleWebKit/605.1.15 (KHTML, like Gecko) Version/17.6 Safari/605.1.15",60,,,,,,,,,,,,,,,,,,,,,,,,,,,,,,,,,,,,5,5,1,Hand,u,TR,0,0,0,0,8,0,64,0,1,1,0.7002759,a,99,8,0,,,,,,,,,,,,,,,,,,,0,,,,,,,,,,,,h,3.122,0,0,0,0,1,,,,,,,,,,,,,,,,,,,,,,,,,,,,,,,,,,,,,,,,,,,,,,,,,,,,,,,,,,,,,,,,,,,,,,,,,,
,,,,,,,,,,,,,,,,,107,4,2024-09-05_15h33.34.906,Symbol-E,2020.1.3,MacIntel,Safari,"Mozilla/5.0 (Macintosh; Intel Mac OS X 10_15_7) AppleWebKit/605.1.15 (KHTML, like Gecko) Version/17.6 Safari/605.1.15",60,,,,,,,,,,,,,,,,,,,,,,,,,,,,,,,,,,,,,,,,,,,,,,,,,,,,,,,,,,,,,,,,,,,,,,,,,,,,,,,,,,64,0,64,0,1,,,,,,,,,,,,,,,,,,,,,,,,,,,,,,,,,,,,,,,,,,,,,,,,,,,,,,,,,,,,,,,,,,,,,,,,,,,,,,,,,
,,,,,,,,,,,,,,,,,107,4,2024-09-05_15h33.34.906,Symbol-E,2020.1.3,MacIntel,Safari,"Mozilla/5.0 (Macintosh; Intel Mac OS X 10_15_7) AppleWebKit/605.1.15 (KHTML, like Gecko) Version/17.6 Safari/605.1.15",60,,,,,,,,,,,,,,,,,,,,,,,,,,,,,,,,,,,,4,4,0,Hand,h,TR,0,0,0,0,8,0,65,0,1,1,1.153682037,h,1.347,4,1,,,,,,,,,,,,,,,,,,h,1,1.347,0,0,0,0,1,,,,,,,,,,,,,,,,,,,,,,,,,,,,,,,,,,,,,,,,,,,,,,,,,,,,,,,,,,,,,,,,,,,,,,,,,,,,,,,,,,,,,,
,,,,,,,,,,,,,,,,,107,4,2024-09-05_15h33.34.906,Symbol-E,2020.1.3,MacIntel,Safari,"Mozilla/5.0 (Macintosh; Intel Mac OS X 10_15_7) AppleWebKit/605.1.15 (KHTML, like Gecko) Version/17.6 Safari/605.1.15",60,,,,,,,,,,,,,,,,,,,,,,,,,,,,,,,,,,,,,,,,,,,,,,,,,,,,,,,,,,,,,,,,,,,,,,,,,,,,,,,,,,65,0,65,0,1,,,,,,,,,,,,,,,,,,,,,,,,,,,,,,,,,,,,,,,,,,,,,,,,,,,,,,,,,,,,,,,,,,,,,,,,,,,,,,,,,
,,,,,,,,,,,,,,,,,107,4,2024-09-05_15h33.34.906,Symbol-E,2020.1.3,MacIntel,Safari,"Mozilla/5.0 (Macintosh; Intel Mac OS X 10_15_7) AppleWebKit/605.1.15 (KHTML, like Gecko) Version/17.6 Safari/605.1.15",60,,,,,,,,,,,,,,,,,,,,,,,,,,,,,,,,,,,,2,2,2,Hand,e,TR,0,0,0,0,8,0,66,0,1,1,0.124034064,a,99,8,0,,,,,,,,,,,,,,,,,,,0,,,,,,,,,,,,h,0.072,0,0,0,0,1,,,,,,,,,,,,,,,,,,,,,,,,,,,,,,,,,,,,,,,,,,,,,,,,,,,,,,,,,,,,,,,,,,,,,,,,,,
,,,,,,,,,,,,,,,,,107,4,2024-09-05_15h33.34.906,Symbol-E,2020.1.3,MacIntel,Safari,"Mozilla/5.0 (Macintosh; Intel Mac OS X 10_15_7) AppleWebKit/605.1.15 (KHTML, like Gecko) Version/17.6 Safari/605.1.15",60,,,,,,,,,,,,,,,,,,,,,,,,,,,,,,,,,,,,,,,,,,,,,,,,,,,,,,,,,,,,,,,,,,,,,,,,,,,,,,,,,,66,0,66,0,1,,,,,,,,,,,,,,,,,,,,,,,,,,,,,,,,,,,,,,,,,,,,,,,,,,,,,,,,,,,,,,,,,,,,,,,,,,,,,,,,,
,,,,,,,,,,,,,,,,,107,4,2024-09-05_15h33.34.906,Symbol-E,2020.1.3,MacIntel,Safari,"Mozilla/5.0 (Macintosh; Intel Mac OS X 10_15_7) AppleWebKit/605.1.15 (KHTML, like Gecko) Version/17.6 Safari/605.1.15",60,,,,,,,,,,,,,,,,,,,,,,,,,,,,,,,,,,,,0,0,0,Hand,a,TR,0,0,0,0,8,0,67,0,1,1,1.198269327,a,1.384,0,1,,,,,,,,,,,,,,,,,,a,1,1.384,0,0,0,0,1,,,,,,,,,,,,,,,,,,,,,,,,,,,,,,,,,,,,,,,,,,,,,,,,,,,,,,,,,,,,,,,,,,,,,,,,,,,,,,,,,,,,,,
,,,,,,,,,,,,,,,,,107,4,2024-09-05_15h33.34.906,Symbol-E,2020.1.3,MacIntel,Safari,"Mozilla/5.0 (Macintosh; Intel Mac OS X 10_15_7) AppleWebKit/605.1.15 (KHTML, like Gecko) Version/17.6 Safari/605.1.15",60,,,,,,,,,,,,,,,,,,,,,,,,,,,,,,,,,,,,,,,,,,,,,,,,,,,,,,,,,,,,,,,,,,,,,,,,,,,,,,,,,,67,0,67,0,1,,,,,,,,,,,,,,,,,,,,,,,,,,,,,,,,,,,,,,,,,,,,,,,,,,,,,,,,,,,,,,,,,,,,,,,,,,,,,,,,,
,,,,,,,,,,,,,,,,,107,4,2024-09-05_15h33.34.906,Symbol-E,2020.1.3,MacIntel,Safari,"Mozilla/5.0 (Macintosh; Intel Mac OS X 10_15_7) AppleWebKit/605.1.15 (KHTML, like Gecko) Version/17.6 Safari/605.1.15",60,,,,,,,,,,,,,,,,,,,,,,,,,,,,,,,,,,,,5,5,1,Hand,u,TR,0,0,0,0,8,0,68,0,1,1,0.439360708,u,1.294,5,1,,,,,,,,,,,,,,,,,,u,1,1.294,0,0,0,0,1,,,,,,,,,,,,,,,,,,,,,,,,,,,,,,,,,,,,,,,,,,,,,,,,,,,,,,,,,,,,,,,,,,,,,,,,,,,,,,,,,,,,,,
,,,,,,,,,,,,,,,,,107,4,2024-09-05_15h33.34.906,Symbol-E,2020.1.3,MacIntel,Safari,"Mozilla/5.0 (Macintosh; Intel Mac OS X 10_15_7) AppleWebKit/605.1.15 (KHTML, like Gecko) Version/17.6 Safari/605.1.15",60,,,,,,,,,,,,,,,,,,,,,,,,,,,,,,,,,,,,,,,,,,,,,,,,,,,,,,,,,,,,,,,,,,,,,,,,,,,,,,,,,,68,0,68,0,1,,,,,,,,,,,,,,,,,,,,,,,,,,,,,,,,,,,,,,,,,,,,,,,,,,,,,,,,,,,,,,,,,,,,,,,,,,,,,,,,,
,,,,,,,,,,,,,,,,,107,4,2024-09-05_15h33.34.906,Symbol-E,2020.1.3,MacIntel,Safari,"Mozilla/5.0 (Macintosh; Intel Mac OS X 10_15_7) AppleWebKit/605.1.15 (KHTML, like Gecko) Version/17.6 Safari/605.1.15",60,,,,,,,,,,,,,,,,,,,,,,,,,,,,,,,,,,,,4,4,0,Hand,h,TR,0,0,0,0,8,0,69,0,1,1,1.034998122,h,1.384,4,1,,,,,,,,,,,,,,,,,,h,1,1.384,0,0,0,0,1,,,,,,,,,,,,,,,,,,,,,,,,,,,,,,,,,,,,,,,,,,,,,,,,,,,,,,,,,,,,,,,,,,,,,,,,,,,,,,,,,,,,,,
,,,,,,,,,,,,,,,,,107,4,2024-09-05_15h33.34.906,Symbol-E,2020.1.3,MacIntel,Safari,"Mozilla/5.0 (Macintosh; Intel Mac OS X 10_15_7) AppleWebKit/605.1.15 (KHTML, like Gecko) Version/17.6 Safari/605.1.15",60,,,,,,,,,,,,,,,,,,,,,,,,,,,,,,,,,,,,,,,,,,,,,,,,,,,,,,,,,,,,,,,,,,,,,,,,,,,,,,,,,,69,0,69,0,1,,,,,,,,,,,,,,,,,,,,,,,,,,,,,,,,,,,,,,,,,,,,,,,,,,,,,,,,,,,,,,,,,,,,,,,,,,,,,,,,,
,,,,,,,,,,,,,,,,,107,4,2024-09-05_15h33.34.906,Symbol-E,2020.1.3,MacIntel,Safari,"Mozilla/5.0 (Macintosh; Intel Mac OS X 10_15_7) AppleWebKit/605.1.15 (KHTML, like Gecko) Version/17.6 Safari/605.1.15",60,,,,,,,,,,,,,,,,,,,,,,,,,,,,,,,,,,,,3,3,3,Hand,f,TR,0,0,0,0,8,0,70,0,1,1,0.948579704,f,1.301,3,1,,,,,,,,,,,,,,,,,,f,1,1.301,0,0,0,0,1,,,,,,,,,,,,,,,,,,,,,,,,,,,,,,,,,,,,,,,,,,,,,,,,,,,,,,,,,,,,,,,,,,,,,,,,,,,,,,,,,,,,,,
,,,,,,,,,,,,,,,,,107,4,2024-09-05_15h33.34.906,Symbol-E,2020.1.3,MacIntel,Safari,"Mozilla/5.0 (Macintosh; Intel Mac OS X 10_15_7) AppleWebKit/605.1.15 (KHTML, like Gecko) Version/17.6 Safari/605.1.15",60,,,,,,,,,,,,,,,,,,,,,,,,,,,,,,,,,,,,,,,,,,,,,,,,,,,,,,,,,,,,,,,,,,,,,,,,,,,,,,,,,,70,0,70,0,1,,,,,,,,,,,,,,,,,,,,,,,,,,,,,,,,,,,,,,,,,,,,,,,,,,,,,,,,,,,,,,,,,,,,,,,,,,,,,,,,,
,,,,,,,,,,,,,,,,,107,4,2024-09-05_15h33.34.906,Symbol-E,2020.1.3,MacIntel,Safari,"Mozilla/5.0 (Macintosh; Intel Mac OS X 10_15_7) AppleWebKit/605.1.15 (KHTML, like Gecko) Version/17.6 Safari/605.1.15",60,,,,,,,,,,,,,,,,,,,,,,,,,,,,,,,,,,,,3,3,3,Hand,f,TR,0,0,0,0,8,0,71,0,1,1,0.642418549,f,1.321,3,1,,,,,,,,,,,,,,,,,,f,1,1.321,0,0,0,0,1,,,,,,,,,,,,,,,,,,,,,,,,,,,,,,,,,,,,,,,,,,,,,,,,,,,,,,,,,,,,,,,,,,,,,,,,,,,,,,,,,,,,,,
,,,,,,,,,,,,,,,,,107,4,2024-09-05_15h33.34.906,Symbol-E,2020.1.3,MacIntel,Safari,"Mozilla/5.0 (Macintosh; Intel Mac OS X 10_15_7) AppleWebKit/605.1.15 (KHTML, like Gecko) Version/17.6 Safari/605.1.15",60,,,,,,,,,,,,,,,,,,,,,,,,,,,,,,,,,,,,,,,,,,,,,,,,,,,,,,,,,,,,,,,,,,,,,,,,,,,,,,,,,,71,0,71,0,1,,,,,,,,,,,,,,,,,,,,,,,,,,,,,,,,,,,,,,,,,,,,,,,,,,,,,,,,,,,,,,,,,,,,,,,,,,,,,,,,,
,,,,,,,,,,,,,,,,,107,4,2024-09-05_15h33.34.906,Symbol-E,2020.1.3,MacIntel,Safari,"Mozilla/5.0 (Macintosh; Intel Mac OS X 10_15_7) AppleWebKit/605.1.15 (KHTML, like Gecko) Version/17.6 Safari/605.1.15",60,,,,,,,,,,,,,,,,,,,,,,,,,,,,,,,,,,,,7,7,3,Hand,l,TR,0,0,0,0,8,0,72,0,1,1,0.436733902,l,1.303,7,1,,,,,,,,,,,,,,,,,,l,1,1.303,0,0,0,0,1,,,,,,,,,,,,,,,,,,,,,,,,,,,,,,,,,,,,,,,,,,,,,,,,,,,,,,,,,,,,,,,,,,,,,,,,,,,,,,,,,,,,,,
,,,,,,,,,,,,,,,,,107,4,2024-09-05_15h33.34.906,Symbol-E,2020.1.3,MacIntel,Safari,"Mozilla/5.0 (Macintosh; Intel Mac OS X 10_15_7) AppleWebKit/605.1.15 (KHTML, like Gecko) Version/17.6 Safari/605.1.15",60,,,,,,,,,,,,,,,,,,,,,,,,,,,,,,,,,,,,,,,,,,,,,,,,,,,,,,,,,,,,,,,,,,,,,,,,,,,,,,,,,,72,0,72,0,1,,,,,,,,,,,,,,,,,,,,,,,,,,,,,,,,,,,,,,,,,,,,,,,,,,,,,,,,,,,,,,,,,,,,,,,,,,,,,,,,,
,,,,,,,,,,,,,,,,,107,4,2024-09-05_15h33.34.906,Symbol-E,2020.1.3,MacIntel,Safari,"Mozilla/5.0 (Macintosh; Intel Mac OS X 10_15_7) AppleWebKit/605.1.15 (KHTML, like Gecko) Version/17.6 Safari/605.1.15",60,,,,,,,,,,,,,,,,,,,,,,,,,,,,,,,,,,,,6,6,2,Hand,i,TR,0,0,0,0,8,0,73,0,1,1,1.11750136,i,1.319,6,1,,,,,,,,,,,,,,,,,,i,1,1.319,0,0,0,0,1,,,,,,,,,,,,,,,,,,,,,,,,,,,,,,,,,,,,,,,,,,,,,,,,,,,,,,,,,,,,,,,,,,,,,,,,,,,,,,,,,,,,,,
,,,,,,,,,,,,,,,,,107,4,2024-09-05_15h33.34.906,Symbol-E,2020.1.3,MacIntel,Safari,"Mozilla/5.0 (Macintosh; Intel Mac OS X 10_15_7) AppleWebKit/605.1.15 (KHTML, like Gecko) Version/17.6 Safari/605.1.15",60,,,,,,,,,,,,,,,,,,,,,,,,,,,,,,,,,,,,,,,,,,,,,,,,,,,,,,,,,,,,,,,,,,,,,,,,,,,,,,,,,,73,0,73,0,1,,,,,,,,,,,,,,,,,,,,,,,,,,,,,,,,,,,,,,,,,,,,,,,,,,,,,,,,,,,,,,,,,,,,,,,,,,,,,,,,,
,,,,,,,,,,,,,,,,,107,4,2024-09-05_15h33.34.906,Symbol-E,2020.1.3,MacIntel,Safari,"Mozilla/5.0 (Macintosh; Intel Mac OS X 10_15_7) AppleWebKit/605.1.15 (KHTML, like Gecko) Version/17.6 Safari/605.1.15",60,,,,,,,,,,,,,,,,,,,,,,,,,,,,,,,,,,,,2,2,2,Hand,e,TR,0,0,0,0,8,0,74,0,1,1,0.818193208,e,1.283,2,1,,,,,,,,,,,,,,,,,,e,1,1.283,0,0,0,0,1,,,,,,,,,,,,,,,,,,,,,,,,,,,,,,,,,,,,,,,,,,,,,,,,,,,,,,,,,,,,,,,,,,,,,,,,,,,,,,,,,,,,,,
,,,,,,,,,,,,,,,,,107,4,2024-09-05_15h33.34.906,Symbol-E,2020.1.3,MacIntel,Safari,"Mozilla/5.0 (Macintosh; Intel Mac OS X 10_15_7) AppleWebKit/605.1.15 (KHTML, like Gecko) Version/17.6 Safari/605.1.15",60,,,,,,,,,,,,,,,,,,,,,,,,,,,,,,,,,,,,,,,,,,,,,,,,,,,,,,,,,,,,,,,,,,,,,,,,,,,,,,,,,,74,0,74,0,1,,,,,,,,,,,,,,,,,,,,,,,,,,,,,,,,,,,,,,,,,,,,,,,,,,,,,,,,,,,,,,,,,,,,,,,,,,,,,,,,,
,,,,,,,,,,,,,,,,,107,4,2024-09-05_15h33.34.906,Symbol-E,2020.1.3,MacIntel,Safari,"Mozilla/5.0 (Macintosh; Intel Mac OS X 10_15_7) AppleWebKit/605.1.15 (KHTML, like Gecko) Version/17.6 Safari/605.1.15",60,,,,,,,,,,,,,,,,,,,,,,,,,,,,,,,,,,,,1,1,1,Hand,w,TR,0,0,0,0,8,0,75,0,1,1,1.187358388,w,1.266,1,1,,,,,,,,,,,,,,,,,,w,1,1.266,0,0,0,0,1,,,,,,,,,,,,,,,,,,,,,,,,,,,,,,,,,,,,,,,,,,,,,,,,,,,,,,,,,,,,,,,,,,,,,,,,,,,,,,,,,,,,,,
,,,,,,,,,,,,,,,,,107,4,2024-09-05_15h33.34.906,Symbol-E,2020.1.3,MacIntel,Safari,"Mozilla/5.0 (Macintosh; Intel Mac OS X 10_15_7) AppleWebKit/605.1.15 (KHTML, like Gecko) Version/17.6 Safari/605.1.15",60,,,,,,,,,,,,,,,,,,,,,,,,,,,,,,,,,,,,,,,,,,,,,,,,,,,,,,,,,,,,,,,,,,,,,,,,,,,,,,,,,,75,0,75,0,1,,,,,,,,,,,,,,,,,,,,,,,,,,,,,,,,,,,,,,,,,,,,,,,,,,,,,,,,,,,,,,,,,,,,,,,,,,,,,,,,,
,,,,,,,,,,,,,,,,,107,4,2024-09-05_15h33.34.906,Symbol-E,2020.1.3,MacIntel,Safari,"Mozilla/5.0 (Macintosh; Intel Mac OS X 10_15_7) AppleWebKit/605.1.15 (KHTML, like Gecko) Version/17.6 Safari/605.1.15",60,,,,,,,,,,,,,,,,,,,,,,,,,,,,,,,,,,,,7,7,3,Hand,l,TR,0,0,0,0,8,0,76,0,1,1,0.569604773,l,1.357,7,1,,,,,,,,,,,,,,,,,,l,1,1.357,0,0,0,0,1,,,,,,,,,,,,,,,,,,,,,,,,,,,,,,,,,,,,,,,,,,,,,,,,,,,,,,,,,,,,,,,,,,,,,,,,,,,,,,,,,,,,,,
,,,,,,,,,,,,,,,,,107,4,2024-09-05_15h33.34.906,Symbol-E,2020.1.3,MacIntel,Safari,"Mozilla/5.0 (Macintosh; Intel Mac OS X 10_15_7) AppleWebKit/605.1.15 (KHTML, like Gecko) Version/17.6 Safari/605.1.15",60,,,,,,,,,,,,,,,,,,,,,,,,,,,,,,,,,,,,,,,,,,,,,,,,,,,,,,,,,,,,,,,,,,,,,,,,,,,,,,,,,,76,0,76,0,1,,,,,,,,,,,,,,,,,,,,,,,,,,,,,,,,,,,,,,,,,,,,,,,,,,,,,,,,,,,,,,,,,,,,,,,,,,,,,,,,,
,,,,,,,,,,,,,,,,,107,4,2024-09-05_15h33.34.906,Symbol-E,2020.1.3,MacIntel,Safari,"Mozilla/5.0 (Macintosh; Intel Mac OS X 10_15_7) AppleWebKit/605.1.15 (KHTML, like Gecko) Version/17.6 Safari/605.1.15",60,,,,,,,,,,,,,,,,,,,,,,,,,,,,,,,,,,,,0,0,0,Hand,a,TR,0,0,0,0,8,0,77,0,1,1,0.676681692,a,1.336,0,1,,,,,,,,,,,,,,,,,,a,1,1.336,0,0,0,0,1,,,,,,,,,,,,,,,,,,,,,,,,,,,,,,,,,,,,,,,,,,,,,,,,,,,,,,,,,,,,,,,,,,,,,,,,,,,,,,,,,,,,,,
,,,,,,,,,,,,,,,,,107,4,2024-09-05_15h33.34.906,Symbol-E,2020.1.3,MacIntel,Safari,"Mozilla/5.0 (Macintosh; Intel Mac OS X 10_15_7) AppleWebKit/605.1.15 (KHTML, like Gecko) Version/17.6 Safari/605.1.15",60,,,,,,,,,,,,,,,,,,,,,,,,,,,,,,,,,,,,,,,,,,,,,,,,,,,,,,,,,,,,,,,,,,,,,,,,,,,,,,,,,,77,0,77,0,1,,,,,,,,,,,,,,,,,,,,,,,,,,,,,,,,,,,,,,,,,,,,,,,,,,,,,,,,,,,,,,,,,,,,,,,,,,,,,,,,,
,,,,,,,,,,,,,,,,,107,4,2024-09-05_15h33.34.906,Symbol-E,2020.1.3,MacIntel,Safari,"Mozilla/5.0 (Macintosh; Intel Mac OS X 10_15_7) AppleWebKit/605.1.15 (KHTML, like Gecko) Version/17.6 Safari/605.1.15",60,,,,,,,,,,,,,,,,,,,,,,,,,,,,,,,,,,,,1,1,1,Hand,w,TR,0,0,0,0,8,0,78,0,1,1,0.732547713,w,1.164,1,1,,,,,,,,,,,,,,,,,,w,1,1.164,0,0,0,0,1,,,,,,,,,,,,,,,,,,,,,,,,,,,,,,,,,,,,,,,,,,,,,,,,,,,,,,,,,,,,,,,,,,,,,,,,,,,,,,,,,,,,,,
,,,,,,,,,,,,,,,,,107,4,2024-09-05_15h33.34.906,Symbol-E,2020.1.3,MacIntel,Safari,"Mozilla/5.0 (Macintosh; Intel Mac OS X 10_15_7) AppleWebKit/605.1.15 (KHTML, like Gecko) Version/17.6 Safari/605.1.15",60,,,,,,,,,,,,,,,,,,,,,,,,,,,,,,,,,,,,,,,,,,,,,,,,,,,,,,,,,,,,,,,,,,,,,,,,,,,,,,,,,,78,0,78,0,1,,,,,,,,,,,,,,,,,,,,,,,,,,,,,,,,,,,,,,,,,,,,,,,,,,,,,,,,,,,,,,,,,,,,,,,,,,,,,,,,,
,,,,,,,,,,,,,,,,,107,4,2024-09-05_15h33.34.906,Symbol-E,2020.1.3,MacIntel,Safari,"Mozilla/5.0 (Macintosh; Intel Mac OS X 10_15_7) AppleWebKit/605.1.15 (KHTML, like Gecko) Version/17.6 Safari/605.1.15",60,,,,,,,,,,,,,,,,,,,,,,,,,,,,,,,,,,,,6,6,2,Hand,i,TR,0,0,0,0,8,0,79,0,1,1,0.790100781,i,1.372,6,1,,,,,,,,,,,,,,,,,,i,1,1.372,0,0,0,0,1,,,,,,,,,,,,,,,,,,,,,,,,,,,,,,,,,,,,,,,,,,,,,,,,,,,,,,,,,,,,,,,,,,,,,,,,,,,,,,,,,,,,,,
,,,,,,,,,,,,,,,,,107,4,2024-09-05_15h33.34.906,Symbol-E,2020.1.3,MacIntel,Safari,"Mozilla/5.0 (Macintosh; Intel Mac OS X 10_15_7) AppleWebKit/605.1.15 (KHTML, like Gecko) Version/17.6 Safari/605.1.15",60,,,,,,,,,,,,,,,,,,,,,,,,,,,,,,,,,,,,,,,,,,,,,,,,,,,,,,,,,,,,,,,,,,,,,,,,,,,,,,,,,,79,0,79,0,1,,,,,,,,,,,,,,,,,,,,,,,,,,,,,,,,,,,,,,,,,,,,,,,,,,,,,,,,,,,,,,,,,,,,,,,,,,,,,,,,,
,,,,,,,,,,,,,,,,,107,4,2024-09-05_15h33.34.906,Symbol-E,2020.1.3,MacIntel,Safari,"Mozilla/5.0 (Macintosh; Intel Mac OS X 10_15_7) AppleWebKit/605.1.15 (KHTML, like Gecko) Version/17.6 Safari/605.1.15",60,,,,,,,,,,,,,,,,,,,,,,,,,,,,,,,,,,,,6,6,2,Hand,i,TR,0,0,0,0,8,0,80,0,1,1,0.124119122,f,1.322,3,0,,,,,,,,,,,,,,,,,,f,0,1.322,0,0,0,0,1,,,,,,,,,,,,,,,,,,,,,,,,,,,,,,,,,,,,,,,,,,,,,,,,,,,,,,,,,,,,,,,,,,,,,,,,,,,,,,,,,,,,,,
,,,,,,,,,,,,,,,,,107,4,2024-09-05_15h33.34.906,Symbol-E,2020.1.3,MacIntel,Safari,"Mozilla/5.0 (Macintosh; Intel Mac OS X 10_15_7) AppleWebKit/605.1.15 (KHTML, like Gecko) Version/17.6 Safari/605.1.15",60,,,,,,,,,,,,,,,,,,,,,,,,,,,,,,,,,,,,,,,,,,,,,,,,,,,,,,,,,,,,,,,,,,,,,,,,,,,,,,,,,,80,0,80,0,1,,,,,,,,,,,,,,,,,,,,,,,,,,,,,,,,,,,,,,,,,,,,,,,,,,,,,,,,,,,,,,,,,,,,,,,,,,,,,,,,,
,,,,,,,,,,,,,,,,,107,4,2024-09-05_15h33.34.906,Symbol-E,2020.1.3,MacIntel,Safari,"Mozilla/5.0 (Macintosh; Intel Mac OS X 10_15_7) AppleWebKit/605.1.15 (KHTML, like Gecko) Version/17.6 Safari/605.1.15",60,,,,,,,,,,,,,,,,,,,,,,,,,,,,,,,,,,,,7,7,3,Hand,l,TR,0,0,0,0,8,0,81,0,1,1,0.692874971,l,1.389,7,1,,,,,,,,,,,,,,,,,,l,1,1.389,0,0,0,0,1,,,,,,,,,,,,,,,,,,,,,,,,,,,,,,,,,,,,,,,,,,,,,,,,,,,,,,,,,,,,,,,,,,,,,,,,,,,,,,,,,,,,,,
,,,,,,,,,,,,,,,,,107,4,2024-09-05_15h33.34.906,Symbol-E,2020.1.3,MacIntel,Safari,"Mozilla/5.0 (Macintosh; Intel Mac OS X 10_15_7) AppleWebKit/605.1.15 (KHTML, like Gecko) Version/17.6 Safari/605.1.15",60,,,,,,,,,,,,,,,,,,,,,,,,,,,,,,,,,,,,,,,,,,,,,,,,,,,,,,,,,,,,,,,,,,,,,,,,,,,,,,,,,,81,0,81,0,1,,,,,,,,,,,,,,,,,,,,,,,,,,,,,,,,,,,,,,,,,,,,,,,,,,,,,,,,,,,,,,,,,,,,,,,,,,,,,,,,,
,,,,,,,,,,,,,,,,,107,4,2024-09-05_15h33.34.906,Symbol-E,2020.1.3,MacIntel,Safari,"Mozilla/5.0 (Macintosh; Intel Mac OS X 10_15_7) AppleWebKit/605.1.15 (KHTML, like Gecko) Version/17.6 Safari/605.1.15",60,,,,,,,,,,,,,,,,,,,,,,,,,,,,,,,,,,,,0,0,0,Hand,a,TR,0,0,0,0,8,0,82,0,1,1,0.501488862,a,1.305,0,1,,,,,,,,,,,,,,,,,,a,1,1.305,0,0,0,0,1,,,,,,,,,,,,,,,,,,,,,,,,,,,,,,,,,,,,,,,,,,,,,,,,,,,,,,,,,,,,,,,,,,,,,,,,,,,,,,,,,,,,,,
,,,,,,,,,,,,,,,,,107,4,2024-09-05_15h33.34.906,Symbol-E,2020.1.3,MacIntel,Safari,"Mozilla/5.0 (Macintosh; Intel Mac OS X 10_15_7) AppleWebKit/605.1.15 (KHTML, like Gecko) Version/17.6 Safari/605.1.15",60,,,,,,,,,,,,,,,,,,,,,,,,,,,,,,,,,,,,,,,,,,,,,,,,,,,,,,,,,,,,,,,,,,,,,,,,,,,,,,,,,,82,0,82,0,1,,,,,,,,,,,,,,,,,,,,,,,,,,,,,,,,,,,,,,,,,,,,,,,,,,,,,,,,,,,,,,,,,,,,,,,,,,,,,,,,,
,,,,,,,,,,,,,,,,,107,4,2024-09-05_15h33.34.906,Symbol-E,2020.1.3,MacIntel,Safari,"Mozilla/5.0 (Macintosh; Intel Mac OS X 10_15_7) AppleWebKit/605.1.15 (KHTML, like Gecko) Version/17.6 Safari/605.1.15",60,,,,,,,,,,,,,,,,,,,,,,,,,,,,,,,,,,,,3,3,3,Hand,f,TR,0,0,0,0,8,0,83,0,1,1,0.111050908,a,99,8,0,,,,,,,,,,,,,,,,,,,0,,,,,,,,,,,,h,1.438,0,0,0,0,1,,,,,,,,,,,,,,,,,,,,,,,,,,,,,,,,,,,,,,,,,,,,,,,,,,,,,,,,,,,,,,,,,,,,,,,,,,
,,,,,,,,,,,,,,,,,107,4,2024-09-05_15h33.34.906,Symbol-E,2020.1.3,MacIntel,Safari,"Mozilla/5.0 (Macintosh; Intel Mac OS X 10_15_7) AppleWebKit/605.1.15 (KHTML, like Gecko) Version/17.6 Safari/605.1.15",60,,,,,,,,,,,,,,,,,,,,,,,,,,,,,,,,,,,,,,,,,,,,,,,,,,,,,,,,,,,,,,,,,,,,,,,,,,,,,,,,,,83,0,83,0,1,,,,,,,,,,,,,,,,,,,,,,,,,,,,,,,,,,,,,,,,,,,,,,,,,,,,,,,,,,,,,,,,,,,,,,,,,,,,,,,,,
,,,,,,,,,,,,,,,,,107,4,2024-09-05_15h33.34.906,Symbol-E,2020.1.3,MacIntel,Safari,"Mozilla/5.0 (Macintosh; Intel Mac OS X 10_15_7) AppleWebKit/605.1.15 (KHTML, like Gecko) Version/17.6 Safari/605.1.15",60,,,,,,,,,,,,,,,,,,,,,,,,,,,,,,,,,,,,4,4,0,Hand,h,TR,0,0,0,0,8,0,84,0,1,1,0.150890059,f,1.286,3,0,,,,,,,,,,,,,,,,,,f,0,1.286,0,0,0,0,1,,,,,,,,,,,,,,,,,,,,,,,,,,,,,,,,,,,,,,,,,,,,,,,,,,,,,,,,,,,,,,,,,,,,,,,,,,,,,,,,,,,,,,
,,,,,,,,,,,,,,,,,107,4,2024-09-05_15h33.34.906,Symbol-E,2020.1.3,MacIntel,Safari,"Mozilla/5.0 (Macintosh; Intel Mac OS X 10_15_7) AppleWebKit/605.1.15 (KHTML, like Gecko) Version/17.6 Safari/605.1.15",60,,,,,,,,,,,,,,,,,,,,,,,,,,,,,,,,,,,,,,,,,,,,,,,,,,,,,,,,,,,,,,,,,,,,,,,,,,,,,,,,,,84,0,84,0,1,,,,,,,,,,,,,,,,,,,,,,,,,,,,,,,,,,,,,,,,,,,,,,,,,,,,,,,,,,,,,,,,,,,,,,,,,,,,,,,,,
,,,,,,,,,,,,,,,,,107,4,2024-09-05_15h33.34.906,Symbol-E,2020.1.3,MacIntel,Safari,"Mozilla/5.0 (Macintosh; Intel Mac OS X 10_15_7) AppleWebKit/605.1.15 (KHTML, like Gecko) Version/17.6 Safari/605.1.15",60,,,,,,,,,,,,,,,,,,,,,,,,,,,,,,,,,,,,2,2,2,Hand,e,TR,0,0,0,0,8,0,85,0,1,1,0.579163958,u,1.321,5,0,,,,,,,,,,,,,,,,,,u,0,1.321,0,0,0,0,1,,,,,,,,,,,,,,,,,,,,,,,,,,,,,,,,,,,,,,,,,,,,,,,,,,,,,,,,,,,,,,,,,,,,,,,,,,,,,,,,,,,,,,
,,,,,,,,,,,,,,,,,107,4,2024-09-05_15h33.34.906,Symbol-E,2020.1.3,MacIntel,Safari,"Mozilla/5.0 (Macintosh; Intel Mac OS X 10_15_7) AppleWebKit/605.1.15 (KHTML, like Gecko) Version/17.6 Safari/605.1.15",60,,,,,,,,,,,,,,,,,,,,,,,,,,,,,,,,,,,,,,,,,,,,,,,,,,,,,,,,,,,,,,,,,,,,,,,,,,,,,,,,,,85,0,85,0,1,,,,,,,,,,,,,,,,,,,,,,,,,,,,,,,,,,,,,,,,,,,,,,,,,,,,,,,,,,,,,,,,,,,,,,,,,,,,,,,,,
,,,,,,,,,,,,,,,,,107,4,2024-09-05_15h33.34.906,Symbol-E,2020.1.3,MacIntel,Safari,"Mozilla/5.0 (Macintosh; Intel Mac OS X 10_15_7) AppleWebKit/605.1.15 (KHTML, like Gecko) Version/17.6 Safari/605.1.15",60,,,,,,,,,,,,,,,,,,,,,,,,,,,,,,,,,,,,6,6,2,Hand,i,TR,0,0,0,0,8,0,86,0,1,1,1.084125724,i,1.361,6,1,,,,,,,,,,,,,,,,,,i,1,1.361,0,0,0,0,1,,,,,,,,,,,,,,,,,,,,,,,,,,,,,,,,,,,,,,,,,,,,,,,,,,,,,,,,,,,,,,,,,,,,,,,,,,,,,,,,,,,,,,
,,,,,,,,,,,,,,,,,107,4,2024-09-05_15h33.34.906,Symbol-E,2020.1.3,MacIntel,Safari,"Mozilla/5.0 (Macintosh; Intel Mac OS X 10_15_7) AppleWebKit/605.1.15 (KHTML, like Gecko) Version/17.6 Safari/605.1.15",60,,,,,,,,,,,,,,,,,,,,,,,,,,,,,,,,,,,,,,,,,,,,,,,,,,,,,,,,,,,,,,,,,,,,,,,,,,,,,,,,,,86,0,86,0,1,,,,,,,,,,,,,,,,,,,,,,,,,,,,,,,,,,,,,,,,,,,,,,,,,,,,,,,,,,,,,,,,,,,,,,,,,,,,,,,,,
,,,,,,,,,,,,,,,,,107,4,2024-09-05_15h33.34.906,Symbol-E,2020.1.3,MacIntel,Safari,"Mozilla/5.0 (Macintosh; Intel Mac OS X 10_15_7) AppleWebKit/605.1.15 (KHTML, like Gecko) Version/17.6 Safari/605.1.15",60,,,,,,,,,,,,,,,,,,,,,,,,,,,,,,,,,,,,5,5,1,Hand,u,TR,0,0,0,0,8,0,87,0,1,1,0.595602593,u,1.355,5,1,,,,,,,,,,,,,,,,,,u,1,1.355,0,0,0,0,1,,,,,,,,,,,,,,,,,,,,,,,,,,,,,,,,,,,,,,,,,,,,,,,,,,,,,,,,,,,,,,,,,,,,,,,,,,,,,,,,,,,,,,
,,,,,,,,,,,,,,,,,107,4,2024-09-05_15h33.34.906,Symbol-E,2020.1.3,MacIntel,Safari,"Mozilla/5.0 (Macintosh; Intel Mac OS X 10_15_7) AppleWebKit/605.1.15 (KHTML, like Gecko) Version/17.6 Safari/605.1.15",60,,,,,,,,,,,,,,,,,,,,,,,,,,,,,,,,,,,,,,,,,,,,,,,,,,,,,,,,,,,,,,,,,,,,,,,,,,,,,,,,,,87,0,87,0,1,,,,,,,,,,,,,,,,,,,,,,,,,,,,,,,,,,,,,,,,,,,,,,,,,,,,,,,,,,,,,,,,,,,,,,,,,,,,,,,,,
,,,,,,,,,,,,,,,,,107,4,2024-09-05_15h33.34.906,Symbol-E,2020.1.3,MacIntel,Safari,"Mozilla/5.0 (Macintosh; Intel Mac OS X 10_15_7) AppleWebKit/605.1.15 (KHTML, like Gecko) Version/17.6 Safari/605.1.15",60,,,,,,,,,,,,,,,,,,,,,,,,,,,,,,,,,,,,2,2,2,Hand,e,TR,0,0,0,0,8,0,88,0,1,1,0.132223229,a,99,8,0,,,,,,,,,,,,,,,,,,,0,,,,,,,,,,,,h,0.256,0,0,0,0,1,,,,,,,,,,,,,,,,,,,,,,,,,,,,,,,,,,,,,,,,,,,,,,,,,,,,,,,,,,,,,,,,,,,,,,,,,,
,,,,,,,,,,,,,,,,,107,4,2024-09-05_15h33.34.906,Symbol-E,2020.1.3,MacIntel,Safari,"Mozilla/5.0 (Macintosh; Intel Mac OS X 10_15_7) AppleWebKit/605.1.15 (KHTML, like Gecko) Version/17.6 Safari/605.1.15",60,,,,,,,,,,,,,,,,,,,,,,,,,,,,,,,,,,,,,,,,,,,,,,,,,,,,,,,,,,,,,,,,,,,,,,,,,,,,,,,,,,88,0,88,0,1,,,,,,,,,,,,,,,,,,,,,,,,,,,,,,,,,,,,,,,,,,,,,,,,,,,,,,,,,,,,,,,,,,,,,,,,,,,,,,,,,
,,,,,,,,,,,,,,,,,107,4,2024-09-05_15h33.34.906,Symbol-E,2020.1.3,MacIntel,Safari,"Mozilla/5.0 (Macintosh; Intel Mac OS X 10_15_7) AppleWebKit/605.1.15 (KHTML, like Gecko) Version/17.6 Safari/605.1.15",60,,,,,,,,,,,,,,,,,,,,,,,,,,,,,,,,,,,,3,3,3,Hand,f,TR,0,0,0,0,8,0,89,0,1,1,0.285593824,f,1.353,3,1,,,,,,,,,,,,,,,,,,f,1,1.353,0,0,0,0,1,,,,,,,,,,,,,,,,,,,,,,,,,,,,,,,,,,,,,,,,,,,,,,,,,,,,,,,,,,,,,,,,,,,,,,,,,,,,,,,,,,,,,,
,,,,,,,,,,,,,,,,,107,4,2024-09-05_15h33.34.906,Symbol-E,2020.1.3,MacIntel,Safari,"Mozilla/5.0 (Macintosh; Intel Mac OS X 10_15_7) AppleWebKit/605.1.15 (KHTML, like Gecko) Version/17.6 Safari/605.1.15",60,,,,,,,,,,,,,,,,,,,,,,,,,,,,,,,,,,,,,,,,,,,,,,,,,,,,,,,,,,,,,,,,,,,,,,,,,,,,,,,,,,89,0,89,0,1,,,,,,,,,,,,,,,,,,,,,,,,,,,,,,,,,,,,,,,,,,,,,,,,,,,,,,,,,,,,,,,,,,,,,,,,,,,,,,,,,
,,,,,,,,,,,,,,,,,107,4,2024-09-05_15h33.34.906,Symbol-E,2020.1.3,MacIntel,Safari,"Mozilla/5.0 (Macintosh; Intel Mac OS X 10_15_7) AppleWebKit/605.1.15 (KHTML, like Gecko) Version/17.6 Safari/605.1.15",60,,,,,,,,,,,,,,,,,,,,,,,,,,,,,,,,,,,,1,1,1,Hand,w,TR,0,0,0,0,8,0,90,0,1,1,0.011408812,w,1.288,1,1,,,,,,,,,,,,,,,,,,w,1,1.288,0,0,0,0,1,,,,,,,,,,,,,,,,,,,,,,,,,,,,,,,,,,,,,,,,,,,,,,,,,,,,,,,,,,,,,,,,,,,,,,,,,,,,,,,,,,,,,,
,,,,,,,,,,,,,,,,,107,4,2024-09-05_15h33.34.906,Symbol-E,2020.1.3,MacIntel,Safari,"Mozilla/5.0 (Macintosh; Intel Mac OS X 10_15_7) AppleWebKit/605.1.15 (KHTML, like Gecko) Version/17.6 Safari/605.1.15",60,,,,,,,,,,,,,,,,,,,,,,,,,,,,,,,,,,,,,,,,,,,,,,,,,,,,,,,,,,,,,,,,,,,,,,,,,,,,,,,,,,90,0,90,0,1,,,,,,,,,,,,,,,,,,,,,,,,,,,,,,,,,,,,,,,,,,,,,,,,,,,,,,,,,,,,,,,,,,,,,,,,,,,,,,,,,
,,,,,,,,,,,,,,,,,107,4,2024-09-05_15h33.34.906,Symbol-E,2020.1.3,MacIntel,Safari,"Mozilla/5.0 (Macintosh; Intel Mac OS X 10_15_7) AppleWebKit/605.1.15 (KHTML, like Gecko) Version/17.6 Safari/605.1.15",60,,,,,,,,,,,,,,,,,,,,,,,,,,,,,,,,,,,,1,1,1,Hand,w,TR,0,0,0,0,8,0,91,0,1,1,0.170204214,u,1.242,5,0,,,,,,,,,,,,,,,,,,u,0,1.242,0,0,0,0,1,,,,,,,,,,,,,,,,,,,,,,,,,,,,,,,,,,,,,,,,,,,,,,,,,,,,,,,,,,,,,,,,,,,,,,,,,,,,,,,,,,,,,,
,,,,,,,,,,,,,,,,,107,4,2024-09-05_15h33.34.906,Symbol-E,2020.1.3,MacIntel,Safari,"Mozilla/5.0 (Macintosh; Intel Mac OS X 10_15_7) AppleWebKit/605.1.15 (KHTML, like Gecko) Version/17.6 Safari/605.1.15",60,,,,,,,,,,,,,,,,,,,,,,,,,,,,,,,,,,,,,,,,,,,,,,,,,,,,,,,,,,,,,,,,,,,,,,,,,,,,,,,,,,91,0,91,0,1,,,,,,,,,,,,,,,,,,,,,,,,,,,,,,,,,,,,,,,,,,,,,,,,,,,,,,,,,,,,,,,,,,,,,,,,,,,,,,,,,
,,,,,,,,,,,,,,,,,107,4,2024-09-05_15h33.34.906,Symbol-E,2020.1.3,MacIntel,Safari,"Mozilla/5.0 (Macintosh; Intel Mac OS X 10_15_7) AppleWebKit/605.1.15 (KHTML, like Gecko) Version/17.6 Safari/605.1.15",60,,,,,,,,,,,,,,,,,,,,,,,,,,,,,,,,,,,,5,5,1,Hand,u,TR,0,0,0,0,8,0,92,0,1,1,0.038406272,l,1.107,7,0,,,,,,,,,,,,,,,,,,l,0,1.107,0,0,0,0,1,,,,,,,,,,,,,,,,,,,,,,,,,,,,,,,,,,,,,,,,,,,,,,,,,,,,,,,,,,,,,,,,,,,,,,,,,,,,,,,,,,,,,,
,,,,,,,,,,,,,,,,,107,4,2024-09-05_15h33.34.906,Symbol-E,2020.1.3,MacIntel,Safari,"Mozilla/5.0 (Macintosh; Intel Mac OS X 10_15_7) AppleWebKit/605.1.15 (KHTML, like Gecko) Version/17.6 Safari/605.1.15",60,,,,,,,,,,,,,,,,,,,,,,,,,,,,,,,,,,,,,,,,,,,,,,,,,,,,,,,,,,,,,,,,,,,,,,,,,,,,,,,,,,92,0,92,0,1,,,,,,,,,,,,,,,,,,,,,,,,,,,,,,,,,,,,,,,,,,,,,,,,,,,,,,,,,,,,,,,,,,,,,,,,,,,,,,,,,
,,,,,,,,,,,,,,,,,107,4,2024-09-05_15h33.34.906,Symbol-E,2020.1.3,MacIntel,Safari,"Mozilla/5.0 (Macintosh; Intel Mac OS X 10_15_7) AppleWebKit/605.1.15 (KHTML, like Gecko) Version/17.6 Safari/605.1.15",60,,,,,,,,,,,,,,,,,,,,,,,,,,,,,,,,,,,,4,4,0,Hand,h,TR,0,0,0,0,8,0,93,0,1,1,0.87481113,h,1.308,4,1,,,,,,,,,,,,,,,,,,h,1,1.308,0,0,0,0,1,,,,,,,,,,,,,,,,,,,,,,,,,,,,,,,,,,,,,,,,,,,,,,,,,,,,,,,,,,,,,,,,,,,,,,,,,,,,,,,,,,,,,,
,,,,,,,,,,,,,,,,,107,4,2024-09-05_15h33.34.906,Symbol-E,2020.1.3,MacIntel,Safari,"Mozilla/5.0 (Macintosh; Intel Mac OS X 10_15_7) AppleWebKit/605.1.15 (KHTML, like Gecko) Version/17.6 Safari/605.1.15",60,,,,,,,,,,,,,,,,,,,,,,,,,,,,,,,,,,,,,,,,,,,,,,,,,,,,,,,,,,,,,,,,,,,,,,,,,,,,,,,,,,93,0,93,0,1,,,,,,,,,,,,,,,,,,,,,,,,,,,,,,,,,,,,,,,,,,,,,,,,,,,,,,,,,,,,,,,,,,,,,,,,,,,,,,,,,
,,,,,,,,,,,,,,,,,107,4,2024-09-05_15h33.34.906,Symbol-E,2020.1.3,MacIntel,Safari,"Mozilla/5.0 (Macintosh; Intel Mac OS X 10_15_7) AppleWebKit/605.1.15 (KHTML, like Gecko) Version/17.6 Safari/605.1.15",60,,,,,,,,,,,,,,,,,,,,,,,,,,,,,,,,,,,,0,0,0,Hand,a,TR,0,0,0,0,8,0,94,0,1,1,0.862553111,a,1.274,0,1,,,,,,,,,,,,,,,,,,a,1,1.274,0,0,0,0,1,,,,,,,,,,,,,,,,,,,,,,,,,,,,,,,,,,,,,,,,,,,,,,,,,,,,,,,,,,,,,,,,,,,,,,,,,,,,,,,,,,,,,,
,,,,,,,,,,,,,,,,,107,4,2024-09-05_15h33.34.906,Symbol-E,2020.1.3,MacIntel,Safari,"Mozilla/5.0 (Macintosh; Intel Mac OS X 10_15_7) AppleWebKit/605.1.15 (KHTML, like Gecko) Version/17.6 Safari/605.1.15",60,,,,,,,,,,,,,,,,,,,,,,,,,,,,,,,,,,,,,,,,,,,,,,,,,,,,,,,,,,,,,,,,,,,,,,,,,,,,,,,,,,94,0,94,0,1,,,,,,,,,,,,,,,,,,,,,,,,,,,,,,,,,,,,,,,,,,,,,,,,,,,,,,,,,,,,,,,,,,,,,,,,,,,,,,,,,
,,,,,,,,,,,,,,,,,107,4,2024-09-05_15h33.34.906,Symbol-E,2020.1.3,MacIntel,Safari,"Mozilla/5.0 (Macintosh; Intel Mac OS X 10_15_7) AppleWebKit/605.1.15 (KHTML, like Gecko) Version/17.6 Safari/605.1.15",60,,,,,,,,,,,,,,,,,,,,,,,,,,,,,,,,,,,,7,7,3,Hand,l,TR,0,0,0,0,8,0,95,0,1,1,0.272432211,i,1.223,6,0,,,,,,,,,,,,,,,,,,i,0,1.223,0,0,0,0,1,,,,,,,,,,,,,,,,,,,,,,,,,,,,,,,,,,,,,,,,,,,,,,,,,,,,,,,,,,,,,,,,,,,,,,,,,,,,,,,,,,,,,,
,,,,,,,,,,,,,,,,,107,4,2024-09-05_15h33.34.906,Symbol-E,2020.1.3,MacIntel,Safari,"Mozilla/5.0 (Macintosh; Intel Mac OS X 10_15_7) AppleWebKit/605.1.15 (KHTML, like Gecko) Version/17.6 Safari/605.1.15",60,,,,,,,,,,,,,,,,,,,,,,,,,,,,,,,,,,,,,,,,,,,,,,,,,,,,,,,,,,,,,,,,,,,,,,,,,,,,,,,,,,95,0,95,0,1,,,,,,,,,,,,,,,,,,,,,,,,,,,,,,,,,,,,,,,,,,,,,,,,,,,,,,,,,,,,,,,,,,,,,,,,,,,,,,,,,
,,,,,,,,,,,,,,,,,107,4,2024-09-05_15h33.34.906,Symbol-E,2020.1.3,MacIntel,Safari,"Mozilla/5.0 (Macintosh; Intel Mac OS X 10_15_7) AppleWebKit/605.1.15 (KHTML, like Gecko) Version/17.6 Safari/605.1.15",60,,,,,,,,,,,,,,,,,,,,,,,,,,,,,,,,,,,,,,,,,,,,,,,,,,,,,,,,,,,,,,,,,,,,,,,,,,,,,,,,,,,,,,,,,,,,,,0,0,0,0,1,,,,,,,,,,,,,,,,,,,,,,,,,,,,,,,,,,,,,,,,,,,,,,,,,,,,,,,,,,,,,,,,,,,,,
,,,,,,,,,,,,,,,,,107,4,2024-09-05_15h33.34.906,Symbol-E,2020.1.3,MacIntel,Safari,"Mozilla/5.0 (Macintosh; Intel Mac OS X 10_15_7) AppleWebKit/605.1.15 (KHTML, like Gecko) Version/17.6 Safari/605.1.15",60,,,,,,,,,,,,,,,,,,,,,,,,,,,,,,,,,,,,4,4,0,Hand,h,TR,0,0,0,0,8,0,0,0,1,2,0.039143752,a,99,8,0,,,,,,,,,,,,,,,,h,2.169,,0,,,,,,,,,,,,h,0.64,0,0,0,0,1,,,,,,,,,,,,,,,,,,,,,,,,,,,,,,,,,,,,,,,,,,,,,,,,,,,,,,,,,,,,,,,,,,,,,,,,,,
,,,,,,,,,,,,,,,,,107,4,2024-09-05_15h33.34.906,Symbol-E,2020.1.3,MacIntel,Safari,"Mozilla/5.0 (Macintosh; Intel Mac OS X 10_15_7) AppleWebKit/605.1.15 (KHTML, like Gecko) Version/17.6 Safari/605.1.15",60,,,,,,,,,,,,,,,,,,,,,,,,,,,,,,,,,,,,,,,,,,,,,,,,,,,,,,,,,,,,,,,,,,,,,,,,,,,,,,,,,,0,0,0,0,1,,,,,,,,,,,,,,,,,,,,,,,,,,,,,,,,,,,,,,,,,,,,,,,,,,,,,,,,,,,,,,,,,,,,,,,,,,,,,,,,,
,,,,,,,,,,,,,,,,,107,4,2024-09-05_15h33.34.906,Symbol-E,2020.1.3,MacIntel,Safari,"Mozilla/5.0 (Macintosh; Intel Mac OS X 10_15_7) AppleWebKit/605.1.15 (KHTML, like Gecko) Version/17.6 Safari/605.1.15",60,,,,,,,,,,,,,,,,,,,,,,,,,,,,,,,,,,,,1,1,1,Hand,w,TR,0,0,0,0,8,0,1,0,1,2,1.154639315,w,1.267,1,1,,,,,,,,,,,,,,,,,,w,1,1.267,0,0,0,0,1,,,,,,,,,,,,,,,,,,,,,,,,,,,,,,,,,,,,,,,,,,,,,,,,,,,,,,,,,,,,,,,,,,,,,,,,,,,,,,,,,,,,,,
,,,,,,,,,,,,,,,,,107,4,2024-09-05_15h33.34.906,Symbol-E,2020.1.3,MacIntel,Safari,"Mozilla/5.0 (Macintosh; Intel Mac OS X 10_15_7) AppleWebKit/605.1.15 (KHTML, like Gecko) Version/17.6 Safari/605.1.15",60,,,,,,,,,,,,,,,,,,,,,,,,,,,,,,,,,,,,,,,,,,,,,,,,,,,,,,,,,,,,,,,,,,,,,,,,,,,,,,,,,,1,0,1,0,1,,,,,,,,,,,,,,,,,,,,,,,,,,,,,,,,,,,,,,,,,,,,,,,,,,,,,,,,,,,,,,,,,,,,,,,,,,,,,,,,,
,,,,,,,,,,,,,,,,,107,4,2024-09-05_15h33.34.906,Symbol-E,2020.1.3,MacIntel,Safari,"Mozilla/5.0 (Macintosh; Intel Mac OS X 10_15_7) AppleWebKit/605.1.15 (KHTML, like Gecko) Version/17.6 Safari/605.1.15",60,,,,,,,,,,,,,,,,,,,,,,,,,,,,,,,,,,,,3,3,3,Hand,f,TR,0,0,0,0,8,0,2,0,1,2,0.053138182,l,1.367,7,0,,,,,,,,,,,,,,,,,,l,0,1.367,0,0,0,0,1,,,,,,,,,,,,,,,,,,,,,,,,,,,,,,,,,,,,,,,,,,,,,,,,,,,,,,,,,,,,,,,,,,,,,,,,,,,,,,,,,,,,,,
,,,,,,,,,,,,,,,,,107,4,2024-09-05_15h33.34.906,Symbol-E,2020.1.3,MacIntel,Safari,"Mozilla/5.0 (Macintosh; Intel Mac OS X 10_15_7) AppleWebKit/605.1.15 (KHTML, like Gecko) Version/17.6 Safari/605.1.15",60,,,,,,,,,,,,,,,,,,,,,,,,,,,,,,,,,,,,,,,,,,,,,,,,,,,,,,,,,,,,,,,,,,,,,,,,,,,,,,,,,,2,0,2,0,1,,,,,,,,,,,,,,,,,,,,,,,,,,,,,,,,,,,,,,,,,,,,,,,,,,,,,,,,,,,,,,,,,,,,,,,,,,,,,,,,,
,,,,,,,,,,,,,,,,,107,4,2024-09-05_15h33.34.906,Symbol-E,2020.1.3,MacIntel,Safari,"Mozilla/5.0 (Macintosh; Intel Mac OS X 10_15_7) AppleWebKit/605.1.15 (KHTML, like Gecko) Version/17.6 Safari/605.1.15",60,,,,,,,,,,,,,,,,,,,,,,,,,,,,,,,,,,,,5,5,1,Hand,u,TR,0,0,0,0,8,0,3,0,1,2,0.766185042,u,1.294,5,1,,,,,,,,,,,,,,,,,,u,1,1.294,0,0,0,0,1,,,,,,,,,,,,,,,,,,,,,,,,,,,,,,,,,,,,,,,,,,,,,,,,,,,,,,,,,,,,,,,,,,,,,,,,,,,,,,,,,,,,,,
,,,,,,,,,,,,,,,,,107,4,2024-09-05_15h33.34.906,Symbol-E,2020.1.3,MacIntel,Safari,"Mozilla/5.0 (Macintosh; Intel Mac OS X 10_15_7) AppleWebKit/605.1.15 (KHTML, like Gecko) Version/17.6 Safari/605.1.15",60,,,,,,,,,,,,,,,,,,,,,,,,,,,,,,,,,,,,,,,,,,,,,,,,,,,,,,,,,,,,,,,,,,,,,,,,,,,,,,,,,,3,0,3,0,1,,,,,,,,,,,,,,,,,,,,,,,,,,,,,,,,,,,,,,,,,,,,,,,,,,,,,,,,,,,,,,,,,,,,,,,,,,,,,,,,,
,,,,,,,,,,,,,,,,,107,4,2024-09-05_15h33.34.906,Symbol-E,2020.1.3,MacIntel,Safari,"Mozilla/5.0 (Macintosh; Intel Mac OS X 10_15_7) AppleWebKit/605.1.15 (KHTML, like Gecko) Version/17.6 Safari/605.1.15",60,,,,,,,,,,,,,,,,,,,,,,,,,,,,,,,,,,,,0,0,0,Hand,a,TR,0,0,0,0,8,0,4,0,1,2,0.75244086,a,1.319,0,1,,,,,,,,,,,,,,,,,,a,1,1.319,0,0,0,0,1,,,,,,,,,,,,,,,,,,,,,,,,,,,,,,,,,,,,,,,,,,,,,,,,,,,,,,,,,,,,,,,,,,,,,,,,,,,,,,,,,,,,,,
,,,,,,,,,,,,,,,,,107,4,2024-09-05_15h33.34.906,Symbol-E,2020.1.3,MacIntel,Safari,"Mozilla/5.0 (Macintosh; Intel Mac OS X 10_15_7) AppleWebKit/605.1.15 (KHTML, like Gecko) Version/17.6 Safari/605.1.15",60,,,,,,,,,,,,,,,,,,,,,,,,,,,,,,,,,,,,,,,,,,,,,,,,,,,,,,,,,,,,,,,,,,,,,,,,,,,,,,,,,,4,0,4,0,1,,,,,,,,,,,,,,,,,,,,,,,,,,,,,,,,,,,,,,,,,,,,,,,,,,,,,,,,,,,,,,,,,,,,,,,,,,,,,,,,,
,,,,,,,,,,,,,,,,,107,4,2024-09-05_15h33.34.906,Symbol-E,2020.1.3,MacIntel,Safari,"Mozilla/5.0 (Macintosh; Intel Mac OS X 10_15_7) AppleWebKit/605.1.15 (KHTML, like Gecko) Version/17.6 Safari/605.1.15",60,,,,,,,,,,,,,,,,,,,,,,,,,,,,,,,,,,,,2,2,2,Hand,e,TR,0,0,0,0,8,0,5,0,1,2,0.251383379,f,1.346,3,0,,,,,,,,,,,,,,,,,,f,0,1.346,0,0,0,0,1,,,,,,,,,,,,,,,,,,,,,,,,,,,,,,,,,,,,,,,,,,,,,,,,,,,,,,,,,,,,,,,,,,,,,,,,,,,,,,,,,,,,,,
,,,,,,,,,,,,,,,,,107,4,2024-09-05_15h33.34.906,Symbol-E,2020.1.3,MacIntel,Safari,"Mozilla/5.0 (Macintosh; Intel Mac OS X 10_15_7) AppleWebKit/605.1.15 (KHTML, like Gecko) Version/17.6 Safari/605.1.15",60,,,,,,,,,,,,,,,,,,,,,,,,,,,,,,,,,,,,,,,,,,,,,,,,,,,,,,,,,,,,,,,,,,,,,,,,,,,,,,,,,,5,0,5,0,1,,,,,,,,,,,,,,,,,,,,,,,,,,,,,,,,,,,,,,,,,,,,,,,,,,,,,,,,,,,,,,,,,,,,,,,,,,,,,,,,,
,,,,,,,,,,,,,,,,,107,4,2024-09-05_15h33.34.906,Symbol-E,2020.1.3,MacIntel,Safari,"Mozilla/5.0 (Macintosh; Intel Mac OS X 10_15_7) AppleWebKit/605.1.15 (KHTML, like Gecko) Version/17.6 Safari/605.1.15",60,,,,,,,,,,,,,,,,,,,,,,,,,,,,,,,,,,,,5,5,1,Hand,u,TR,0,0,0,0,8,0,6,0,1,2,0.149715513,u,1.277,5,1,,,,,,,,,,,,,,,,,,u,1,1.277,0,0,0,0,1,,,,,,,,,,,,,,,,,,,,,,,,,,,,,,,,,,,,,,,,,,,,,,,,,,,,,,,,,,,,,,,,,,,,,,,,,,,,,,,,,,,,,,
,,,,,,,,,,,,,,,,,107,4,2024-09-05_15h33.34.906,Symbol-E,2020.1.3,MacIntel,Safari,"Mozilla/5.0 (Macintosh; Intel Mac OS X 10_15_7) AppleWebKit/605.1.15 (KHTML, like Gecko) Version/17.6 Safari/605.1.15",60,,,,,,,,,,,,,,,,,,,,,,,,,,,,,,,,,,,,,,,,,,,,,,,,,,,,,,,,,,,,,,,,,,,,,,,,,,,,,,,,,,6,0,6,0,1,,,,,,,,,,,,,,,,,,,,,,,,,,,,,,,,,,,,,,,,,,,,,,,,,,,,,,,,,,,,,,,,,,,,,,,,,,,,,,,,,
,,,,,,,,,,,,,,,,,107,4,2024-09-05_15h33.34.906,Symbol-E,2020.1.3,MacIntel,Safari,"Mozilla/5.0 (Macintosh; Intel Mac OS X 10_15_7) AppleWebKit/605.1.15 (KHTML, like Gecko) Version/17.6 Safari/605.1.15",60,,,,,,,,,,,,,,,,,,,,,,,,,,,,,,,,,,,,6,6,2,Hand,i,TR,0,0,0,0,8,0,7,0,1,2,0.153004409,e,1.25,2,0,,,,,,,,,,,,,,,,,,e,0,1.25,0,0,0,0,1,,,,,,,,,,,,,,,,,,,,,,,,,,,,,,,,,,,,,,,,,,,,,,,,,,,,,,,,,,,,,,,,,,,,,,,,,,,,,,,,,,,,,,
,,,,,,,,,,,,,,,,,107,4,2024-09-05_15h33.34.906,Symbol-E,2020.1.3,MacIntel,Safari,"Mozilla/5.0 (Macintosh; Intel Mac OS X 10_15_7) AppleWebKit/605.1.15 (KHTML, like Gecko) Version/17.6 Safari/605.1.15",60,,,,,,,,,,,,,,,,,,,,,,,,,,,,,,,,,,,,,,,,,,,,,,,,,,,,,,,,,,,,,,,,,,,,,,,,,,,,,,,,,,7,0,7,0,1,,,,,,,,,,,,,,,,,,,,,,,,,,,,,,,,,,,,,,,,,,,,,,,,,,,,,,,,,,,,,,,,,,,,,,,,,,,,,,,,,
,,,,,,,,,,,,,,,,,107,4,2024-09-05_15h33.34.906,Symbol-E,2020.1.3,MacIntel,Safari,"Mozilla/5.0 (Macintosh; Intel Mac OS X 10_15_7) AppleWebKit/605.1.15 (KHTML, like Gecko) Version/17.6 Safari/605.1.15",60,,,,,,,,,,,,,,,,,,,,,,,,,,,,,,,,,,,,1,1,1,Hand,w,TR,0,0,0,0,8,0,8,0,1,2,0.876055811,w,1.366,1,1,,,,,,,,,,,,,,,,,,w,1,1.366,0,0,0,0,1,,,,,,,,,,,,,,,,,,,,,,,,,,,,,,,,,,,,,,,,,,,,,,,,,,,,,,,,,,,,,,,,,,,,,,,,,,,,,,,,,,,,,,
,,,,,,,,,,,,,,,,,107,4,2024-09-05_15h33.34.906,Symbol-E,2020.1.3,MacIntel,Safari,"Mozilla/5.0 (Macintosh; Intel Mac OS X 10_15_7) AppleWebKit/605.1.15 (KHTML, like Gecko) Version/17.6 Safari/605.1.15",60,,,,,,,,,,,,,,,,,,,,,,,,,,,,,,,,,,,,,,,,,,,,,,,,,,,,,,,,,,,,,,,,,,,,,,,,,,,,,,,,,,8,0,8,0,1,,,,,,,,,,,,,,,,,,,,,,,,,,,,,,,,,,,,,,,,,,,,,,,,,,,,,,,,,,,,,,,,,,,,,,,,,,,,,,,,,
,,,,,,,,,,,,,,,,,107,4,2024-09-05_15h33.34.906,Symbol-E,2020.1.3,MacIntel,Safari,"Mozilla/5.0 (Macintosh; Intel Mac OS X 10_15_7) AppleWebKit/605.1.15 (KHTML, like Gecko) Version/17.6 Safari/605.1.15",60,,,,,,,,,,,,,,,,,,,,,,,,,,,,,,,,,,,,6,6,2,Hand,i,TR,0,0,0,0,8,0,9,0,1,2,1.095982584,i,1.214,6,1,,,,,,,,,,,,,,,,,,i,1,1.214,0,0,0,0,1,,,,,,,,,,,,,,,,,,,,,,,,,,,,,,,,,,,,,,,,,,,,,,,,,,,,,,,,,,,,,,,,,,,,,,,,,,,,,,,,,,,,,,
,,,,,,,,,,,,,,,,,107,4,2024-09-05_15h33.34.906,Symbol-E,2020.1.3,MacIntel,Safari,"Mozilla/5.0 (Macintosh; Intel Mac OS X 10_15_7) AppleWebKit/605.1.15 (KHTML, like Gecko) Version/17.6 Safari/605.1.15",60,,,,,,,,,,,,,,,,,,,,,,,,,,,,,,,,,,,,,,,,,,,,,,,,,,,,,,,,,,,,,,,,,,,,,,,,,,,,,,,,,,9,0,9,0,1,,,,,,,,,,,,,,,,,,,,,,,,,,,,,,,,,,,,,,,,,,,,,,,,,,,,,,,,,,,,,,,,,,,,,,,,,,,,,,,,,
,,,,,,,,,,,,,,,,,107,4,2024-09-05_15h33.34.906,Symbol-E,2020.1.3,MacIntel,Safari,"Mozilla/5.0 (Macintosh; Intel Mac OS X 10_15_7) AppleWebKit/605.1.15 (KHTML, like Gecko) Version/17.6 Safari/605.1.15",60,,,,,,,,,,,,,,,,,,,,,,,,,,,,,,,,,,,,7,7,3,Hand,l,TR,0,0,0,0,8,0,10,0,1,2,1.169387891,l,1.348,7,1,,,,,,,,,,,,,,,,,,l,1,1.348,0,0,0,0,1,,,,,,,,,,,,,,,,,,,,,,,,,,,,,,,,,,,,,,,,,,,,,,,,,,,,,,,,,,,,,,,,,,,,,,,,,,,,,,,,,,,,,,
,,,,,,,,,,,,,,,,,107,4,2024-09-05_15h33.34.906,Symbol-E,2020.1.3,MacIntel,Safari,"Mozilla/5.0 (Macintosh; Intel Mac OS X 10_15_7) AppleWebKit/605.1.15 (KHTML, like Gecko) Version/17.6 Safari/605.1.15",60,,,,,,,,,,,,,,,,,,,,,,,,,,,,,,,,,,,,,,,,,,,,,,,,,,,,,,,,,,,,,,,,,,,,,,,,,,,,,,,,,,10,0,10,0,1,,,,,,,,,,,,,,,,,,,,,,,,,,,,,,,,,,,,,,,,,,,,,,,,,,,,,,,,,,,,,,,,,,,,,,,,,,,,,,,,,
,,,,,,,,,,,,,,,,,107,4,2024-09-05_15h33.34.906,Symbol-E,2020.1.3,MacIntel,Safari,"Mozilla/5.0 (Macintosh; Intel Mac OS X 10_15_7) AppleWebKit/605.1.15 (KHTML, like Gecko) Version/17.6 Safari/605.1.15",60,,,,,,,,,,,,,,,,,,,,,,,,,,,,,,,,,,,,2,2,2,Hand,e,TR,0,0,0,0,8,0,11,0,1,2,0.187535637,w,1.305,1,0,,,,,,,,,,,,,,,,,,w,0,1.305,0,0,0,0,1,,,,,,,,,,,,,,,,,,,,,,,,,,,,,,,,,,,,,,,,,,,,,,,,,,,,,,,,,,,,,,,,,,,,,,,,,,,,,,,,,,,,,,
,,,,,,,,,,,,,,,,,107,4,2024-09-05_15h33.34.906,Symbol-E,2020.1.3,MacIntel,Safari,"Mozilla/5.0 (Macintosh; Intel Mac OS X 10_15_7) AppleWebKit/605.1.15 (KHTML, like Gecko) Version/17.6 Safari/605.1.15",60,,,,,,,,,,,,,,,,,,,,,,,,,,,,,,,,,,,,,,,,,,,,,,,,,,,,,,,,,,,,,,,,,,,,,,,,,,,,,,,,,,11,0,11,0,1,,,,,,,,,,,,,,,,,,,,,,,,,,,,,,,,,,,,,,,,,,,,,,,,,,,,,,,,,,,,,,,,,,,,,,,,,,,,,,,,,
,,,,,,,,,,,,,,,,,107,4,2024-09-05_15h33.34.906,Symbol-E,2020.1.3,MacIntel,Safari,"Mozilla/5.0 (Macintosh; Intel Mac OS X 10_15_7) AppleWebKit/605.1.15 (KHTML, like Gecko) Version/17.6 Safari/605.1.15",60,,,,,,,,,,,,,,,,,,,,,,,,,,,,,,,,,,,,4,4,0,Hand,h,TR,0,0,0,0,8,0,12,0,1,2,0.632377598,h,1.348,4,1,,,,,,,,,,,,,,,,,,h,1,1.348,0,0,0,0,1,,,,,,,,,,,,,,,,,,,,,,,,,,,,,,,,,,,,,,,,,,,,,,,,,,,,,,,,,,,,,,,,,,,,,,,,,,,,,,,,,,,,,,
,,,,,,,,,,,,,,,,,107,4,2024-09-05_15h33.34.906,Symbol-E,2020.1.3,MacIntel,Safari,"Mozilla/5.0 (Macintosh; Intel Mac OS X 10_15_7) AppleWebKit/605.1.15 (KHTML, like Gecko) Version/17.6 Safari/605.1.15",60,,,,,,,,,,,,,,,,,,,,,,,,,,,,,,,,,,,,,,,,,,,,,,,,,,,,,,,,,,,,,,,,,,,,,,,,,,,,,,,,,,12,0,12,0,1,,,,,,,,,,,,,,,,,,,,,,,,,,,,,,,,,,,,,,,,,,,,,,,,,,,,,,,,,,,,,,,,,,,,,,,,,,,,,,,,,
,,,,,,,,,,,,,,,,,107,4,2024-09-05_15h33.34.906,Symbol-E,2020.1.3,MacIntel,Safari,"Mozilla/5.0 (Macintosh; Intel Mac OS X 10_15_7) AppleWebKit/605.1.15 (KHTML, like Gecko) Version/17.6 Safari/605.1.15",60,,,,,,,,,,,,,,,,,,,,,,,,,,,,,,,,,,,,0,0,0,Hand,a,TR,0,0,0,0,8,0,13,0,1,2,0.03097946,a,99,8,0,,,,,,,,,,,,,,,,,,,0,,,,,,,,,,,,h,0.222,0,0,0,0,1,,,,,,,,,,,,,,,,,,,,,,,,,,,,,,,,,,,,,,,,,,,,,,,,,,,,,,,,,,,,,,,,,,,,,,,,,,
,,,,,,,,,,,,,,,,,107,4,2024-09-05_15h33.34.906,Symbol-E,2020.1.3,MacIntel,Safari,"Mozilla/5.0 (Macintosh; Intel Mac OS X 10_15_7) AppleWebKit/605.1.15 (KHTML, like Gecko) Version/17.6 Safari/605.1.15",60,,,,,,,,,,,,,,,,,,,,,,,,,,,,,,,,,,,,,,,,,,,,,,,,,,,,,,,,,,,,,,,,,,,,,,,,,,,,,,,,,,13,0,13,0,1,,,,,,,,,,,,,,,,,,,,,,,,,,,,,,,,,,,,,,,,,,,,,,,,,,,,,,,,,,,,,,,,,,,,,,,,,,,,,,,,,
,,,,,,,,,,,,,,,,,107,4,2024-09-05_15h33.34.906,Symbol-E,2020.1.3,MacIntel,Safari,"Mozilla/5.0 (Macintosh; Intel Mac OS X 10_15_7) AppleWebKit/605.1.15 (KHTML, like Gecko) Version/17.6 Safari/605.1.15",60,,,,,,,,,,,,,,,,,,,,,,,,,,,,,,,,,,,,7,7,3,Hand,l,TR,0,0,0,0,8,0,14,0,1,2,0.277973876,l,1.355,7,1,,,,,,,,,,,,,,,,,,l,1,1.355,0,0,0,0,1,,,,,,,,,,,,,,,,,,,,,,,,,,,,,,,,,,,,,,,,,,,,,,,,,,,,,,,,,,,,,,,,,,,,,,,,,,,,,,,,,,,,,,
,,,,,,,,,,,,,,,,,107,4,2024-09-05_15h33.34.906,Symbol-E,2020.1.3,MacIntel,Safari,"Mozilla/5.0 (Macintosh; Intel Mac OS X 10_15_7) AppleWebKit/605.1.15 (KHTML, like Gecko) Version/17.6 Safari/605.1.15",60,,,,,,,,,,,,,,,,,,,,,,,,,,,,,,,,,,,,,,,,,,,,,,,,,,,,,,,,,,,,,,,,,,,,,,,,,,,,,,,,,,14,0,14,0,1,,,,,,,,,,,,,,,,,,,,,,,,,,,,,,,,,,,,,,,,,,,,,,,,,,,,,,,,,,,,,,,,,,,,,,,,,,,,,,,,,
,,,,,,,,,,,,,,,,,107,4,2024-09-05_15h33.34.906,Symbol-E,2020.1.3,MacIntel,Safari,"Mozilla/5.0 (Macintosh; Intel Mac OS X 10_15_7) AppleWebKit/605.1.15 (KHTML, like Gecko) Version/17.6 Safari/605.1.15",60,,,,,,,,,,,,,,,,,,,,,,,,,,,,,,,,,,,,3,3,3,Hand,f,TR,0,0,0,0,8,0,15,0,1,2,0.766585915,f,1.324,3,1,,,,,,,,,,,,,,,,,,f,1,1.324,0,0,0,0,1,,,,,,,,,,,,,,,,,,,,,,,,,,,,,,,,,,,,,,,,,,,,,,,,,,,,,,,,,,,,,,,,,,,,,,,,,,,,,,,,,,,,,,
,,,,,,,,,,,,,,,,,107,4,2024-09-05_15h33.34.906,Symbol-E,2020.1.3,MacIntel,Safari,"Mozilla/5.0 (Macintosh; Intel Mac OS X 10_15_7) AppleWebKit/605.1.15 (KHTML, like Gecko) Version/17.6 Safari/605.1.15",60,,,,,,,,,,,,,,,,,,,,,,,,,,,,,,,,,,,,,,,,,,,,,,,,,,,,,,,,,,,,,,,,,,,,,,,,,,,,,,,,,,15,0,15,0,1,,,,,,,,,,,,,,,,,,,,,,,,,,,,,,,,,,,,,,,,,,,,,,,,,,,,,,,,,,,,,,,,,,,,,,,,,,,,,,,,,
,,,,,,,,,,,,,,,,,107,4,2024-09-05_15h33.34.906,Symbol-E,2020.1.3,MacIntel,Safari,"Mozilla/5.0 (Macintosh; Intel Mac OS X 10_15_7) AppleWebKit/605.1.15 (KHTML, like Gecko) Version/17.6 Safari/605.1.15",60,,,,,,,,,,,,,,,,,,,,,,,,,,,,,,,,,,,,3,3,3,Hand,f,TR,0,0,0,0,8,0,16,0,1,2,0.018798902,e,1.32,2,0,,,,,,,,,,,,,,,,,,e,0,1.32,0,0,0,0,1,,,,,,,,,,,,,,,,,,,,,,,,,,,,,,,,,,,,,,,,,,,,,,,,,,,,,,,,,,,,,,,,,,,,,,,,,,,,,,,,,,,,,,
,,,,,,,,,,,,,,,,,107,4,2024-09-05_15h33.34.906,Symbol-E,2020.1.3,MacIntel,Safari,"Mozilla/5.0 (Macintosh; Intel Mac OS X 10_15_7) AppleWebKit/605.1.15 (KHTML, like Gecko) Version/17.6 Safari/605.1.15",60,,,,,,,,,,,,,,,,,,,,,,,,,,,,,,,,,,,,,,,,,,,,,,,,,,,,,,,,,,,,,,,,,,,,,,,,,,,,,,,,,,16,0,16,0,1,,,,,,,,,,,,,,,,,,,,,,,,,,,,,,,,,,,,,,,,,,,,,,,,,,,,,,,,,,,,,,,,,,,,,,,,,,,,,,,,,
,,,,,,,,,,,,,,,,,107,4,2024-09-05_15h33.34.906,Symbol-E,2020.1.3,MacIntel,Safari,"Mozilla/5.0 (Macintosh; Intel Mac OS X 10_15_7) AppleWebKit/605.1.15 (KHTML, like Gecko) Version/17.6 Safari/605.1.15",60,,,,,,,,,,,,,,,,,,,,,,,,,,,,,,,,,,,,4,4,0,Hand,h,TR,0,0,0,0,8,0,17,0,1,2,0.250192004,e,1.283,2,0,,,,,,,,,,,,,,,,,,e,0,1.283,0,0,0,0,1,,,,,,,,,,,,,,,,,,,,,,,,,,,,,,,,,,,,,,,,,,,,,,,,,,,,,,,,,,,,,,,,,,,,,,,,,,,,,,,,,,,,,,
,,,,,,,,,,,,,,,,,107,4,2024-09-05_15h33.34.906,Symbol-E,2020.1.3,MacIntel,Safari,"Mozilla/5.0 (Macintosh; Intel Mac OS X 10_15_7) AppleWebKit/605.1.15 (KHTML, like Gecko) Version/17.6 Safari/605.1.15",60,,,,,,,,,,,,,,,,,,,,,,,,,,,,,,,,,,,,,,,,,,,,,,,,,,,,,,,,,,,,,,,,,,,,,,,,,,,,,,,,,,17,0,17,0,1,,,,,,,,,,,,,,,,,,,,,,,,,,,,,,,,,,,,,,,,,,,,,,,,,,,,,,,,,,,,,,,,,,,,,,,,,,,,,,,,,
,,,,,,,,,,,,,,,,,107,4,2024-09-05_15h33.34.906,Symbol-E,2020.1.3,MacIntel,Safari,"Mozilla/5.0 (Macintosh; Intel Mac OS X 10_15_7) AppleWebKit/605.1.15 (KHTML, like Gecko) Version/17.6 Safari/605.1.15",60,,,,,,,,,,,,,,,,,,,,,,,,,,,,,,,,,,,,6,6,2,Hand,i,TR,0,0,0,0,8,0,18,0,1,2,0.028869224,u,1.265,5,0,,,,,,,,,,,,,,,,,,u,0,1.265,0,0,0,0,1,,,,,,,,,,,,,,,,,,,,,,,,,,,,,,,,,,,,,,,,,,,,,,,,,,,,,,,,,,,,,,,,,,,,,,,,,,,,,,,,,,,,,,
,,,,,,,,,,,,,,,,,107,4,2024-09-05_15h33.34.906,Symbol-E,2020.1.3,MacIntel,Safari,"Mozilla/5.0 (Macintosh; Intel Mac OS X 10_15_7) AppleWebKit/605.1.15 (KHTML, like Gecko) Version/17.6 Safari/605.1.15",60,,,,,,,,,,,,,,,,,,,,,,,,,,,,,,,,,,,,,,,,,,,,,,,,,,,,,,,,,,,,,,,,,,,,,,,,,,,,,,,,,,18,0,18,0,1,,,,,,,,,,,,,,,,,,,,,,,,,,,,,,,,,,,,,,,,,,,,,,,,,,,,,,,,,,,,,,,,,,,,,,,,,,,,,,,,,
,,,,,,,,,,,,,,,,,107,4,2024-09-05_15h33.34.906,Symbol-E,2020.1.3,MacIntel,Safari,"Mozilla/5.0 (Macintosh; Intel Mac OS X 10_15_7) AppleWebKit/605.1.15 (KHTML, like Gecko) Version/17.6 Safari/605.1.15",60,,,,,,,,,,,,,,,,,,,,,,,,,,,,,,,,,,,,1,1,1,Hand,w,TR,0,0,0,0,8,0,19,0,1,2,0.554887407,w,1.32,1,1,,,,,,,,,,,,,,,,,,w,1,1.32,0,0,0,0,1,,,,,,,,,,,,,,,,,,,,,,,,,,,,,,,,,,,,,,,,,,,,,,,,,,,,,,,,,,,,,,,,,,,,,,,,,,,,,,,,,,,,,,
,,,,,,,,,,,,,,,,,107,4,2024-09-05_15h33.34.906,Symbol-E,2020.1.3,MacIntel,Safari,"Mozilla/5.0 (Macintosh; Intel Mac OS X 10_15_7) AppleWebKit/605.1.15 (KHTML, like Gecko) Version/17.6 Safari/605.1.15",60,,,,,,,,,,,,,,,,,,,,,,,,,,,,,,,,,,,,,,,,,,,,,,,,,,,,,,,,,,,,,,,,,,,,,,,,,,,,,,,,,,19,0,19,0,1,,,,,,,,,,,,,,,,,,,,,,,,,,,,,,,,,,,,,,,,,,,,,,,,,,,,,,,,,,,,,,,,,,,,,,,,,,,,,,,,,
,,,,,,,,,,,,,,,,,107,4,2024-09-05_15h33.34.906,Symbol-E,2020.1.3,MacIntel,Safari,"Mozilla/5.0 (Macintosh; Intel Mac OS X 10_15_7) AppleWebKit/605.1.15 (KHTML, like Gecko) Version/17.6 Safari/605.1.15",60,,,,,,,,,,,,,,,,,,,,,,,,,,,,,,,,,,,,2,2,2,Hand,e,TR,0,0,0,0,8,0,20,0,1,2,0.295515306,h,1.241,4,0,,,,,,,,,,,,,,,,,,h,0,1.241,0,0,0,0,1,,,,,,,,,,,,,,,,,,,,,,,,,,,,,,,,,,,,,,,,,,,,,,,,,,,,,,,,,,,,,,,,,,,,,,,,,,,,,,,,,,,,,,
,,,,,,,,,,,,,,,,,107,4,2024-09-05_15h33.34.906,Symbol-E,2020.1.3,MacIntel,Safari,"Mozilla/5.0 (Macintosh; Intel Mac OS X 10_15_7) AppleWebKit/605.1.15 (KHTML, like Gecko) Version/17.6 Safari/605.1.15",60,,,,,,,,,,,,,,,,,,,,,,,,,,,,,,,,,,,,,,,,,,,,,,,,,,,,,,,,,,,,,,,,,,,,,,,,,,,,,,,,,,20,0,20,0,1,,,,,,,,,,,,,,,,,,,,,,,,,,,,,,,,,,,,,,,,,,,,,,,,,,,,,,,,,,,,,,,,,,,,,,,,,,,,,,,,,
,,,,,,,,,,,,,,,,,107,4,2024-09-05_15h33.34.906,Symbol-E,2020.1.3,MacIntel,Safari,"Mozilla/5.0 (Macintosh; Intel Mac OS X 10_15_7) AppleWebKit/605.1.15 (KHTML, like Gecko) Version/17.6 Safari/605.1.15",60,,,,,,,,,,,,,,,,,,,,,,,,,,,,,,,,,,,,3,3,3,Hand,f,TR,0,0,0,0,8,0,21,0,1,2,0.466417485,f,1.125,3,1,,,,,,,,,,,,,,,,,,f,1,1.125,0,0,0,0,1,,,,,,,,,,,,,,,,,,,,,,,,,,,,,,,,,,,,,,,,,,,,,,,,,,,,,,,,,,,,,,,,,,,,,,,,,,,,,,,,,,,,,,
,,,,,,,,,,,,,,,,,107,4,2024-09-05_15h33.34.906,Symbol-E,2020.1.3,MacIntel,Safari,"Mozilla/5.0 (Macintosh; Intel Mac OS X 10_15_7) AppleWebKit/605.1.15 (KHTML, like Gecko) Version/17.6 Safari/605.1.15",60,,,,,,,,,,,,,,,,,,,,,,,,,,,,,,,,,,,,,,,,,,,,,,,,,,,,,,,,,,,,,,,,,,,,,,,,,,,,,,,,,,21,0,21,0,1,,,,,,,,,,,,,,,,,,,,,,,,,,,,,,,,,,,,,,,,,,,,,,,,,,,,,,,,,,,,,,,,,,,,,,,,,,,,,,,,,
,,,,,,,,,,,,,,,,,107,4,2024-09-05_15h33.34.906,Symbol-E,2020.1.3,MacIntel,Safari,"Mozilla/5.0 (Macintosh; Intel Mac OS X 10_15_7) AppleWebKit/605.1.15 (KHTML, like Gecko) Version/17.6 Safari/605.1.15",60,,,,,,,,,,,,,,,,,,,,,,,,,,,,,,,,,,,,7,7,3,Hand,l,TR,0,0,0,0,8,0,22,0,1,2,0.626527297,l,1.358,7,1,,,,,,,,,,,,,,,,,,l,1,1.358,0,0,0,0,1,,,,,,,,,,,,,,,,,,,,,,,,,,,,,,,,,,,,,,,,,,,,,,,,,,,,,,,,,,,,,,,,,,,,,,,,,,,,,,,,,,,,,,
,,,,,,,,,,,,,,,,,107,4,2024-09-05_15h33.34.906,Symbol-E,2020.1.3,MacIntel,Safari,"Mozilla/5.0 (Macintosh; Intel Mac OS X 10_15_7) AppleWebKit/605.1.15 (KHTML, like Gecko) Version/17.6 Safari/605.1.15",60,,,,,,,,,,,,,,,,,,,,,,,,,,,,,,,,,,,,,,,,,,,,,,,,,,,,,,,,,,,,,,,,,,,,,,,,,,,,,,,,,,22,0,22,0,1,,,,,,,,,,,,,,,,,,,,,,,,,,,,,,,,,,,,,,,,,,,,,,,,,,,,,,,,,,,,,,,,,,,,,,,,,,,,,,,,,
,,,,,,,,,,,,,,,,,107,4,2024-09-05_15h33.34.906,Symbol-E,2020.1.3,MacIntel,Safari,"Mozilla/5.0 (Macintosh; Intel Mac OS X 10_15_7) AppleWebKit/605.1.15 (KHTML, like Gecko) Version/17.6 Safari/605.1.15",60,,,,,,,,,,,,,,,,,,,,,,,,,,,,,,,,,,,,2,2,2,Hand,e,TR,0,0,0,0,8,0,23,0,1,2,0.461618726,e,1.385,2,1,,,,,,,,,,,,,,,,,,e,1,1.385,0,0,0,0,1,,,,,,,,,,,,,,,,,,,,,,,,,,,,,,,,,,,,,,,,,,,,,,,,,,,,,,,,,,,,,,,,,,,,,,,,,,,,,,,,,,,,,,
,,,,,,,,,,,,,,,,,107,4,2024-09-05_15h33.34.906,Symbol-E,2020.1.3,MacIntel,Safari,"Mozilla/5.0 (Macintosh; Intel Mac OS X 10_15_7) AppleWebKit/605.1.15 (KHTML, like Gecko) Version/17.6 Safari/605.1.15",60,,,,,,,,,,,,,,,,,,,,,,,,,,,,,,,,,,,,,,,,,,,,,,,,,,,,,,,,,,,,,,,,,,,,,,,,,,,,,,,,,,23,0,23,0,1,,,,,,,,,,,,,,,,,,,,,,,,,,,,,,,,,,,,,,,,,,,,,,,,,,,,,,,,,,,,,,,,,,,,,,,,,,,,,,,,,
,,,,,,,,,,,,,,,,,107,4,2024-09-05_15h33.34.906,Symbol-E,2020.1.3,MacIntel,Safari,"Mozilla/5.0 (Macintosh; Intel Mac OS X 10_15_7) AppleWebKit/605.1.15 (KHTML, like Gecko) Version/17.6 Safari/605.1.15",60,,,,,,,,,,,,,,,,,,,,,,,,,,,,,,,,,,,,0,0,0,Hand,a,TR,0,0,0,0,8,0,24,0,1,2,0.074135555,w,1.36,1,0,,,,,,,,,,,,,,,,,,w,0,1.36,0,0,0,0,1,,,,,,,,,,,,,,,,,,,,,,,,,,,,,,,,,,,,,,,,,,,,,,,,,,,,,,,,,,,,,,,,,,,,,,,,,,,,,,,,,,,,,,
,,,,,,,,,,,,,,,,,107,4,2024-09-05_15h33.34.906,Symbol-E,2020.1.3,MacIntel,Safari,"Mozilla/5.0 (Macintosh; Intel Mac OS X 10_15_7) AppleWebKit/605.1.15 (KHTML, like Gecko) Version/17.6 Safari/605.1.15",60,,,,,,,,,,,,,,,,,,,,,,,,,,,,,,,,,,,,,,,,,,,,,,,,,,,,,,,,,,,,,,,,,,,,,,,,,,,,,,,,,,24,0,24,0,1,,,,,,,,,,,,,,,,,,,,,,,,,,,,,,,,,,,,,,,,,,,,,,,,,,,,,,,,,,,,,,,,,,,,,,,,,,,,,,,,,
,,,,,,,,,,,,,,,,,107,4,2024-09-05_15h33.34.906,Symbol-E,2020.1.3,MacIntel,Safari,"Mozilla/5.0 (Macintosh; Intel Mac OS X 10_15_7) AppleWebKit/605.1.15 (KHTML, like Gecko) Version/17.6 Safari/605.1.15",60,,,,,,,,,,,,,,,,,,,,,,,,,,,,,,,,,,,,0,0,0,Hand,a,TR,0,0,0,0,8,0,25,0,1,2,0.303461905,a,1.276,0,1,,,,,,,,,,,,,,,,,,a,1,1.276,0,0,0,0,1,,,,,,,,,,,,,,,,,,,,,,,,,,,,,,,,,,,,,,,,,,,,,,,,,,,,,,,,,,,,,,,,,,,,,,,,,,,,,,,,,,,,,,
,,,,,,,,,,,,,,,,,107,4,2024-09-05_15h33.34.906,Symbol-E,2020.1.3,MacIntel,Safari,"Mozilla/5.0 (Macintosh; Intel Mac OS X 10_15_7) AppleWebKit/605.1.15 (KHTML, like Gecko) Version/17.6 Safari/605.1.15",60,,,,,,,,,,,,,,,,,,,,,,,,,,,,,,,,,,,,,,,,,,,,,,,,,,,,,,,,,,,,,,,,,,,,,,,,,,,,,,,,,,25,0,25,0,1,,,,,,,,,,,,,,,,,,,,,,,,,,,,,,,,,,,,,,,,,,,,,,,,,,,,,,,,,,,,,,,,,,,,,,,,,,,,,,,,,
,,,,,,,,,,,,,,,,,107,4,2024-09-05_15h33.34.906,Symbol-E,2020.1.3,MacIntel,Safari,"Mozilla/5.0 (Macintosh; Intel Mac OS X 10_15_7) AppleWebKit/605.1.15 (KHTML, like Gecko) Version/17.6 Safari/605.1.15",60,,,,,,,,,,,,,,,,,,,,,,,,,,,,,,,,,,,,5,5,1,Hand,u,TR,0,0,0,0,8,0,26,0,1,2,0.962761917,u,1.35,5,1,,,,,,,,,,,,,,,,,,u,1,1.35,0,0,0,0,1,,,,,,,,,,,,,,,,,,,,,,,,,,,,,,,,,,,,,,,,,,,,,,,,,,,,,,,,,,,,,,,,,,,,,,,,,,,,,,,,,,,,,,
,,,,,,,,,,,,,,,,,107,4,2024-09-05_15h33.34.906,Symbol-E,2020.1.3,MacIntel,Safari,"Mozilla/5.0 (Macintosh; Intel Mac OS X 10_15_7) AppleWebKit/605.1.15 (KHTML, like Gecko) Version/17.6 Safari/605.1.15",60,,,,,,,,,,,,,,,,,,,,,,,,,,,,,,,,,,,,,,,,,,,,,,,,,,,,,,,,,,,,,,,,,,,,,,,,,,,,,,,,,,26,0,26,0,1,,,,,,,,,,,,,,,,,,,,,,,,,,,,,,,,,,,,,,,,,,,,,,,,,,,,,,,,,,,,,,,,,,,,,,,,,,,,,,,,,
,,,,,,,,,,,,,,,,,107,4,2024-09-05_15h33.34.906,Symbol-E,2020.1.3,MacIntel,Safari,"Mozilla/5.0 (Macintosh; Intel Mac OS X 10_15_7) AppleWebKit/605.1.15 (KHTML, like Gecko) Version/17.6 Safari/605.1.15",60,,,,,,,,,,,,,,,,,,,,,,,,,,,,,,,,,,,,4,4,0,Hand,h,TR,0,0,0,0,8,0,27,0,1,2,0.186204724,l,1.333,7,0,,,,,,,,,,,,,,,,,,l,0,1.333,0,0,0,0,1,,,,,,,,,,,,,,,,,,,,,,,,,,,,,,,,,,,,,,,,,,,,,,,,,,,,,,,,,,,,,,,,,,,,,,,,,,,,,,,,,,,,,,
,,,,,,,,,,,,,,,,,107,4,2024-09-05_15h33.34.906,Symbol-E,2020.1.3,MacIntel,Safari,"Mozilla/5.0 (Macintosh; Intel Mac OS X 10_15_7) AppleWebKit/605.1.15 (KHTML, like Gecko) Version/17.6 Safari/605.1.15",60,,,,,,,,,,,,,,,,,,,,,,,,,,,,,,,,,,,,,,,,,,,,,,,,,,,,,,,,,,,,,,,,,,,,,,,,,,,,,,,,,,27,0,27,0,1,,,,,,,,,,,,,,,,,,,,,,,,,,,,,,,,,,,,,,,,,,,,,,,,,,,,,,,,,,,,,,,,,,,,,,,,,,,,,,,,,
,,,,,,,,,,,,,,,,,107,4,2024-09-05_15h33.34.906,Symbol-E,2020.1.3,MacIntel,Safari,"Mozilla/5.0 (Macintosh; Intel Mac OS X 10_15_7) AppleWebKit/605.1.15 (KHTML, like Gecko) Version/17.6 Safari/605.1.15",60,,,,,,,,,,,,,,,,,,,,,,,,,,,,,,,,,,,,6,6,2,Hand,i,TR,0,0,0,0,8,0,28,0,1,2,0.405376309,i,1.328,6,1,,,,,,,,,,,,,,,,,,i,1,1.328,0,0,0,0,1,,,,,,,,,,,,,,,,,,,,,,,,,,,,,,,,,,,,,,,,,,,,,,,,,,,,,,,,,,,,,,,,,,,,,,,,,,,,,,,,,,,,,,
,,,,,,,,,,,,,,,,,107,4,2024-09-05_15h33.34.906,Symbol-E,2020.1.3,MacIntel,Safari,"Mozilla/5.0 (Macintosh; Intel Mac OS X 10_15_7) AppleWebKit/605.1.15 (KHTML, like Gecko) Version/17.6 Safari/605.1.15",60,,,,,,,,,,,,,,,,,,,,,,,,,,,,,,,,,,,,,,,,,,,,,,,,,,,,,,,,,,,,,,,,,,,,,,,,,,,,,,,,,,28,0,28,0,1,,,,,,,,,,,,,,,,,,,,,,,,,,,,,,,,,,,,,,,,,,,,,,,,,,,,,,,,,,,,,,,,,,,,,,,,,,,,,,,,,
,,,,,,,,,,,,,,,,,107,4,2024-09-05_15h33.34.906,Symbol-E,2020.1.3,MacIntel,Safari,"Mozilla/5.0 (Macintosh; Intel Mac OS X 10_15_7) AppleWebKit/605.1.15 (KHTML, like Gecko) Version/17.6 Safari/605.1.15",60,,,,,,,,,,,,,,,,,,,,,,,,,,,,,,,,,,,,7,7,3,Hand,l,TR,0,0,0,0,8,0,29,0,1,2,1.083520318,l,1.436,7,1,,,,,,,,,,,,,,,,,,l,1,1.436,0,0,0,0,1,,,,,,,,,,,,,,,,,,,,,,,,,,,,,,,,,,,,,,,,,,,,,,,,,,,,,,,,,,,,,,,,,,,,,,,,,,,,,,,,,,,,,,
,,,,,,,,,,,,,,,,,107,4,2024-09-05_15h33.34.906,Symbol-E,2020.1.3,MacIntel,Safari,"Mozilla/5.0 (Macintosh; Intel Mac OS X 10_15_7) AppleWebKit/605.1.15 (KHTML, like Gecko) Version/17.6 Safari/605.1.15",60,,,,,,,,,,,,,,,,,,,,,,,,,,,,,,,,,,,,,,,,,,,,,,,,,,,,,,,,,,,,,,,,,,,,,,,,,,,,,,,,,,29,0,29,0,1,,,,,,,,,,,,,,,,,,,,,,,,,,,,,,,,,,,,,,,,,,,,,,,,,,,,,,,,,,,,,,,,,,,,,,,,,,,,,,,,,
,,,,,,,,,,,,,,,,,107,4,2024-09-05_15h33.34.906,Symbol-E,2020.1.3,MacIntel,Safari,"Mozilla/5.0 (Macintosh; Intel Mac OS X 10_15_7) AppleWebKit/605.1.15 (KHTML, like Gecko) Version/17.6 Safari/605.1.15",60,,,,,,,,,,,,,,,,,,,,,,,,,,,,,,,,,,,,1,1,1,Hand,w,TR,0,0,0,0,8,0,30,0,1,2,0.267753293,w,1.299,1,1,,,,,,,,,,,,,,,,,,w,1,1.299,0,0,0,0,1,,,,,,,,,,,,,,,,,,,,,,,,,,,,,,,,,,,,,,,,,,,,,,,,,,,,,,,,,,,,,,,,,,,,,,,,,,,,,,,,,,,,,,
,,,,,,,,,,,,,,,,,107,4,2024-09-05_15h33.34.906,Symbol-E,2020.1.3,MacIntel,Safari,"Mozilla/5.0 (Macintosh; Intel Mac OS X 10_15_7) AppleWebKit/605.1.15 (KHTML, like Gecko) Version/17.6 Safari/605.1.15",60,,,,,,,,,,,,,,,,,,,,,,,,,,,,,,,,,,,,,,,,,,,,,,,,,,,,,,,,,,,,,,,,,,,,,,,,,,,,,,,,,,30,0,30,0,1,,,,,,,,,,,,,,,,,,,,,,,,,,,,,,,,,,,,,,,,,,,,,,,,,,,,,,,,,,,,,,,,,,,,,,,,,,,,,,,,,
,,,,,,,,,,,,,,,,,107,4,2024-09-05_15h33.34.906,Symbol-E,2020.1.3,MacIntel,Safari,"Mozilla/5.0 (Macintosh; Intel Mac OS X 10_15_7) AppleWebKit/605.1.15 (KHTML, like Gecko) Version/17.6 Safari/605.1.15",60,,,,,,,,,,,,,,,,,,,,,,,,,,,,,,,,,,,,5,5,1,Hand,u,TR,0,0,0,0,8,0,31,0,1,2,0.337448473,u,1.3,5,1,,,,,,,,,,,,,,,,,,u,1,1.3,0,0,0,0,1,,,,,,,,,,,,,,,,,,,,,,,,,,,,,,,,,,,,,,,,,,,,,,,,,,,,,,,,,,,,,,,,,,,,,,,,,,,,,,,,,,,,,,
,,,,,,,,,,,,,,,,,107,4,2024-09-05_15h33.34.906,Symbol-E,2020.1.3,MacIntel,Safari,"Mozilla/5.0 (Macintosh; Intel Mac OS X 10_15_7) AppleWebKit/605.1.15 (KHTML, like Gecko) Version/17.6 Safari/605.1.15",60,,,,,,,,,,,,,,,,,,,,,,,,,,,,,,,,,,,,,,,,,,,,,,,,,,,,,,,,,,,,,,,,,,,,,,,,,,,,,,,,,,31,0,31,0,1,,,,,,,,,,,,,,,,,,,,,,,,,,,,,,,,,,,,,,,,,,,,,,,,,,,,,,,,,,,,,,,,,,,,,,,,,,,,,,,,,
,,,,,,,,,,,,,,,,,107,4,2024-09-05_15h33.34.906,Symbol-E,2020.1.3,MacIntel,Safari,"Mozilla/5.0 (Macintosh; Intel Mac OS X 10_15_7) AppleWebKit/605.1.15 (KHTML, like Gecko) Version/17.6 Safari/605.1.15",60,,,,,,,,,,,,,,,,,,,,,,,,,,,,,,,,,,,,0,0,0,Hand,a,TR,0,0,0,0,8,0,32,0,1,2,0.226134651,a,1.354,0,1,,,,,,,,,,,,,,,,,,a,1,1.354,0,0,0,0,1,,,,,,,,,,,,,,,,,,,,,,,,,,,,,,,,,,,,,,,,,,,,,,,,,,,,,,,,,,,,,,,,,,,,,,,,,,,,,,,,,,,,,,
,,,,,,,,,,,,,,,,,107,4,2024-09-05_15h33.34.906,Symbol-E,2020.1.3,MacIntel,Safari,"Mozilla/5.0 (Macintosh; Intel Mac OS X 10_15_7) AppleWebKit/605.1.15 (KHTML, like Gecko) Version/17.6 Safari/605.1.15",60,,,,,,,,,,,,,,,,,,,,,,,,,,,,,,,,,,,,,,,,,,,,,,,,,,,,,,,,,,,,,,,,,,,,,,,,,,,,,,,,,,32,0,32,0,1,,,,,,,,,,,,,,,,,,,,,,,,,,,,,,,,,,,,,,,,,,,,,,,,,,,,,,,,,,,,,,,,,,,,,,,,,,,,,,,,,
,,,,,,,,,,,,,,,,,107,4,2024-09-05_15h33.34.906,Symbol-E,2020.1.3,MacIntel,Safari,"Mozilla/5.0 (Macintosh; Intel Mac OS X 10_15_7) AppleWebKit/605.1.15 (KHTML, like Gecko) Version/17.6 Safari/605.1.15",60,,,,,,,,,,,,,,,,,,,,,,,,,,,,,,,,,,,,1,1,1,Hand,w,TR,0,0,0,0,8,0,33,0,1,2,0.562408555,a,99,8,0,,,,,,,,,,,,,,,,,,,0,,,,,,,,,,,,h,0.055,0,0,0,0,1,,,,,,,,,,,,,,,,,,,,,,,,,,,,,,,,,,,,,,,,,,,,,,,,,,,,,,,,,,,,,,,,,,,,,,,,,,
,,,,,,,,,,,,,,,,,107,4,2024-09-05_15h33.34.906,Symbol-E,2020.1.3,MacIntel,Safari,"Mozilla/5.0 (Macintosh; Intel Mac OS X 10_15_7) AppleWebKit/605.1.15 (KHTML, like Gecko) Version/17.6 Safari/605.1.15",60,,,,,,,,,,,,,,,,,,,,,,,,,,,,,,,,,,,,,,,,,,,,,,,,,,,,,,,,,,,,,,,,,,,,,,,,,,,,,,,,,,33,0,33,0,1,,,,,,,,,,,,,,,,,,,,,,,,,,,,,,,,,,,,,,,,,,,,,,,,,,,,,,,,,,,,,,,,,,,,,,,,,,,,,,,,,
,,,,,,,,,,,,,,,,,107,4,2024-09-05_15h33.34.906,Symbol-E,2020.1.3,MacIntel,Safari,"Mozilla/5.0 (Macintosh; Intel Mac OS X 10_15_7) AppleWebKit/605.1.15 (KHTML, like Gecko) Version/17.6 Safari/605.1.15",60,,,,,,,,,,,,,,,,,,,,,,,,,,,,,,,,,,,,4,4,0,Hand,h,TR,0,0,0,0,8,0,34,0,1,2,0.800305342,h,1.382,4,1,,,,,,,,,,,,,,,,,,h,1,1.382,0,0,0,0,1,,,,,,,,,,,,,,,,,,,,,,,,,,,,,,,,,,,,,,,,,,,,,,,,,,,,,,,,,,,,,,,,,,,,,,,,,,,,,,,,,,,,,,
,,,,,,,,,,,,,,,,,107,4,2024-09-05_15h33.34.906,Symbol-E,2020.1.3,MacIntel,Safari,"Mozilla/5.0 (Macintosh; Intel Mac OS X 10_15_7) AppleWebKit/605.1.15 (KHTML, like Gecko) Version/17.6 Safari/605.1.15",60,,,,,,,,,,,,,,,,,,,,,,,,,,,,,,,,,,,,,,,,,,,,,,,,,,,,,,,,,,,,,,,,,,,,,,,,,,,,,,,,,,34,0,34,0,1,,,,,,,,,,,,,,,,,,,,,,,,,,,,,,,,,,,,,,,,,,,,,,,,,,,,,,,,,,,,,,,,,,,,,,,,,,,,,,,,,
,,,,,,,,,,,,,,,,,107,4,2024-09-05_15h33.34.906,Symbol-E,2020.1.3,MacIntel,Safari,"Mozilla/5.0 (Macintosh; Intel Mac OS X 10_15_7) AppleWebKit/605.1.15 (KHTML, like Gecko) Version/17.6 Safari/605.1.15",60,,,,,,,,,,,,,,,,,,,,,,,,,,,,,,,,,,,,6,6,2,Hand,i,TR,0,0,0,0,8,0,35,0,1,2,0.345765462,i,1.303,6,1,,,,,,,,,,,,,,,,,,i,1,1.303,0,0,0,0,1,,,,,,,,,,,,,,,,,,,,,,,,,,,,,,,,,,,,,,,,,,,,,,,,,,,,,,,,,,,,,,,,,,,,,,,,,,,,,,,,,,,,,,
,,,,,,,,,,,,,,,,,107,4,2024-09-05_15h33.34.906,Symbol-E,2020.1.3,MacIntel,Safari,"Mozilla/5.0 (Macintosh; Intel Mac OS X 10_15_7) AppleWebKit/605.1.15 (KHTML, like Gecko) Version/17.6 Safari/605.1.15",60,,,,,,,,,,,,,,,,,,,,,,,,,,,,,,,,,,,,,,,,,,,,,,,,,,,,,,,,,,,,,,,,,,,,,,,,,,,,,,,,,,35,0,35,0,1,,,,,,,,,,,,,,,,,,,,,,,,,,,,,,,,,,,,,,,,,,,,,,,,,,,,,,,,,,,,,,,,,,,,,,,,,,,,,,,,,
,,,,,,,,,,,,,,,,,107,4,2024-09-05_15h33.34.906,Symbol-E,2020.1.3,MacIntel,Safari,"Mozilla/5.0 (Macintosh; Intel Mac OS X 10_15_7) AppleWebKit/605.1.15 (KHTML, like Gecko) Version/17.6 Safari/605.1.15",60,,,,,,,,,,,,,,,,,,,,,,,,,,,,,,,,,,,,3,3,3,Hand,f,TR,0,0,0,0,8,0,36,0,1,2,0.236272135,f,1.304,3,1,,,,,,,,,,,,,,,,,,f,1,1.304,0,0,0,0,1,,,,,,,,,,,,,,,,,,,,,,,,,,,,,,,,,,,,,,,,,,,,,,,,,,,,,,,,,,,,,,,,,,,,,,,,,,,,,,,,,,,,,,
,,,,,,,,,,,,,,,,,107,4,2024-09-05_15h33.34.906,Symbol-E,2020.1.3,MacIntel,Safari,"Mozilla/5.0 (Macintosh; Intel Mac OS X 10_15_7) AppleWebKit/605.1.15 (KHTML, like Gecko) Version/17.6 Safari/605.1.15",60,,,,,,,,,,,,,,,,,,,,,,,,,,,,,,,,,,,,,,,,,,,,,,,,,,,,,,,,,,,,,,,,,,,,,,,,,,,,,,,,,,36,0,36,0,1,,,,,,,,,,,,,,,,,,,,,,,,,,,,,,,,,,,,,,,,,,,,,,,,,,,,,,,,,,,,,,,,,,,,,,,,,,,,,,,,,
,,,,,,,,,,,,,,,,,107,4,2024-09-05_15h33.34.906,Symbol-E,2020.1.3,MacIntel,Safari,"Mozilla/5.0 (Macintosh; Intel Mac OS X 10_15_7) AppleWebKit/605.1.15 (KHTML, like Gecko) Version/17.6 Safari/605.1.15",60,,,,,,,,,,,,,,,,,,,,,,,,,,,,,,,,,,,,1,1,1,Hand,w,TR,0,0,0,0,8,0,37,0,1,2,0.656429129,a,99,8,0,,,,,,,,,,,,,,,,,,,0,,,,,,,,,,,,h,0.01,0,0,0,0,1,,,,,,,,,,,,,,,,,,,,,,,,,,,,,,,,,,,,,,,,,,,,,,,,,,,,,,,,,,,,,,,,,,,,,,,,,,
,,,,,,,,,,,,,,,,,107,4,2024-09-05_15h33.34.906,Symbol-E,2020.1.3,MacIntel,Safari,"Mozilla/5.0 (Macintosh; Intel Mac OS X 10_15_7) AppleWebKit/605.1.15 (KHTML, like Gecko) Version/17.6 Safari/605.1.15",60,,,,,,,,,,,,,,,,,,,,,,,,,,,,,,,,,,,,,,,,,,,,,,,,,,,,,,,,,,,,,,,,,,,,,,,,,,,,,,,,,,37,0,37,0,1,,,,,,,,,,,,,,,,,,,,,,,,,,,,,,,,,,,,,,,,,,,,,,,,,,,,,,,,,,,,,,,,,,,,,,,,,,,,,,,,,
,,,,,,,,,,,,,,,,,107,4,2024-09-05_15h33.34.906,Symbol-E,2020.1.3,MacIntel,Safari,"Mozilla/5.0 (Macintosh; Intel Mac OS X 10_15_7) AppleWebKit/605.1.15 (KHTML, like Gecko) Version/17.6 Safari/605.1.15",60,,,,,,,,,,,,,,,,,,,,,,,,,,,,,,,,,,,,2,2,2,Hand,e,TR,0,0,0,0,8,0,38,0,1,2,0.301251032,e,1.351,2,1,,,,,,,,,,,,,,,,,,e,1,1.351,0,0,0,0,1,,,,,,,,,,,,,,,,,,,,,,,,,,,,,,,,,,,,,,,,,,,,,,,,,,,,,,,,,,,,,,,,,,,,,,,,,,,,,,,,,,,,,,
,,,,,,,,,,,,,,,,,107,4,2024-09-05_15h33.34.906,Symbol-E,2020.1.3,MacIntel,Safari,"Mozilla/5.0 (Macintosh; Intel Mac OS X 10_15_7) AppleWebKit/605.1.15 (KHTML, like Gecko) Version/17.6 Safari/605.1.15",60,,,,,,,,,,,,,,,,,,,,,,,,,,,,,,,,,,,,,,,,,,,,,,,,,,,,,,,,,,,,,,,,,,,,,,,,,,,,,,,,,,38,0,38,0,1,,,,,,,,,,,,,,,,,,,,,,,,,,,,,,,,,,,,,,,,,,,,,,,,,,,,,,,,,,,,,,,,,,,,,,,,,,,,,,,,,
,,,,,,,,,,,,,,,,,107,4,2024-09-05_15h33.34.906,Symbol-E,2020.1.3,MacIntel,Safari,"Mozilla/5.0 (Macintosh; Intel Mac OS X 10_15_7) AppleWebKit/605.1.15 (KHTML, like Gecko) Version/17.6 Safari/605.1.15",60,,,,,,,,,,,,,,,,,,,,,,,,,,,,,,,,,,,,4,4,0,Hand,h,TR,0,0,0,0,8,0,39,0,1,2,0.65185368,h,1.266,4,1,,,,,,,,,,,,,,,,,,h,1,1.266,0,0,0,0,1,,,,,,,,,,,,,,,,,,,,,,,,,,,,,,,,,,,,,,,,,,,,,,,,,,,,,,,,,,,,,,,,,,,,,,,,,,,,,,,,,,,,,,
,,,,,,,,,,,,,,,,,107,4,2024-09-05_15h33.34.906,Symbol-E,2020.1.3,MacIntel,Safari,"Mozilla/5.0 (Macintosh; Intel Mac OS X 10_15_7) AppleWebKit/605.1.15 (KHTML, like Gecko) Version/17.6 Safari/605.1.15",60,,,,,,,,,,,,,,,,,,,,,,,,,,,,,,,,,,,,,,,,,,,,,,,,,,,,,,,,,,,,,,,,,,,,,,,,,,,,,,,,,,39,0,39,0,1,,,,,,,,,,,,,,,,,,,,,,,,,,,,,,,,,,,,,,,,,,,,,,,,,,,,,,,,,,,,,,,,,,,,,,,,,,,,,,,,,
,,,,,,,,,,,,,,,,,107,4,2024-09-05_15h33.34.906,Symbol-E,2020.1.3,MacIntel,Safari,"Mozilla/5.0 (Macintosh; Intel Mac OS X 10_15_7) AppleWebKit/605.1.15 (KHTML, like Gecko) Version/17.6 Safari/605.1.15",60,,,,,,,,,,,,,,,,,,,,,,,,,,,,,,,,,,,,0,0,0,Hand,a,TR,0,0,0,0,8,0,40,0,1,2,0.009795834,e,1.337,2,0,,,,,,,,,,,,,,,,,,e,0,1.337,0,0,0,0,1,,,,,,,,,,,,,,,,,,,,,,,,,,,,,,,,,,,,,,,,,,,,,,,,,,,,,,,,,,,,,,,,,,,,,,,,,,,,,,,,,,,,,,
,,,,,,,,,,,,,,,,,107,4,2024-09-05_15h33.34.906,Symbol-E,2020.1.3,MacIntel,Safari,"Mozilla/5.0 (Macintosh; Intel Mac OS X 10_15_7) AppleWebKit/605.1.15 (KHTML, like Gecko) Version/17.6 Safari/605.1.15",60,,,,,,,,,,,,,,,,,,,,,,,,,,,,,,,,,,,,,,,,,,,,,,,,,,,,,,,,,,,,,,,,,,,,,,,,,,,,,,,,,,40,0,40,0,1,,,,,,,,,,,,,,,,,,,,,,,,,,,,,,,,,,,,,,,,,,,,,,,,,,,,,,,,,,,,,,,,,,,,,,,,,,,,,,,,,
,,,,,,,,,,,,,,,,,107,4,2024-09-05_15h33.34.906,Symbol-E,2020.1.3,MacIntel,Safari,"Mozilla/5.0 (Macintosh; Intel Mac OS X 10_15_7) AppleWebKit/605.1.15 (KHTML, like Gecko) Version/17.6 Safari/605.1.15",60,,,,,,,,,,,,,,,,,,,,,,,,,,,,,,,,,,,,6,6,2,Hand,i,TR,0,0,0,0,8,0,41,0,1,2,0.890010826,i,1.293,6,1,,,,,,,,,,,,,,,,,,i,1,1.293,0,0,0,0,1,,,,,,,,,,,,,,,,,,,,,,,,,,,,,,,,,,,,,,,,,,,,,,,,,,,,,,,,,,,,,,,,,,,,,,,,,,,,,,,,,,,,,,
,,,,,,,,,,,,,,,,,107,4,2024-09-05_15h33.34.906,Symbol-E,2020.1.3,MacIntel,Safari,"Mozilla/5.0 (Macintosh; Intel Mac OS X 10_15_7) AppleWebKit/605.1.15 (KHTML, like Gecko) Version/17.6 Safari/605.1.15",60,,,,,,,,,,,,,,,,,,,,,,,,,,,,,,,,,,,,,,,,,,,,,,,,,,,,,,,,,,,,,,,,,,,,,,,,,,,,,,,,,,41,0,41,0,1,,,,,,,,,,,,,,,,,,,,,,,,,,,,,,,,,,,,,,,,,,,,,,,,,,,,,,,,,,,,,,,,,,,,,,,,,,,,,,,,,
,,,,,,,,,,,,,,,,,107,4,2024-09-05_15h33.34.906,Symbol-E,2020.1.3,MacIntel,Safari,"Mozilla/5.0 (Macintosh; Intel Mac OS X 10_15_7) AppleWebKit/605.1.15 (KHTML, like Gecko) Version/17.6 Safari/605.1.15",60,,,,,,,,,,,,,,,,,,,,,,,,,,,,,,,,,,,,5,5,1,Hand,u,TR,0,0,0,0,8,0,42,0,1,2,0.856343967,u,1.272,5,1,,,,,,,,,,,,,,,,,,u,1,1.272,0,0,0,0,1,,,,,,,,,,,,,,,,,,,,,,,,,,,,,,,,,,,,,,,,,,,,,,,,,,,,,,,,,,,,,,,,,,,,,,,,,,,,,,,,,,,,,,
,,,,,,,,,,,,,,,,,107,4,2024-09-05_15h33.34.906,Symbol-E,2020.1.3,MacIntel,Safari,"Mozilla/5.0 (Macintosh; Intel Mac OS X 10_15_7) AppleWebKit/605.1.15 (KHTML, like Gecko) Version/17.6 Safari/605.1.15",60,,,,,,,,,,,,,,,,,,,,,,,,,,,,,,,,,,,,,,,,,,,,,,,,,,,,,,,,,,,,,,,,,,,,,,,,,,,,,,,,,,42,0,42,0,1,,,,,,,,,,,,,,,,,,,,,,,,,,,,,,,,,,,,,,,,,,,,,,,,,,,,,,,,,,,,,,,,,,,,,,,,,,,,,,,,,
,,,,,,,,,,,,,,,,,107,4,2024-09-05_15h33.34.906,Symbol-E,2020.1.3,MacIntel,Safari,"Mozilla/5.0 (Macintosh; Intel Mac OS X 10_15_7) AppleWebKit/605.1.15 (KHTML, like Gecko) Version/17.6 Safari/605.1.15",60,,,,,,,,,,,,,,,,,,,,,,,,,,,,,,,,,,,,7,7,3,Hand,l,TR,0,0,0,0,8,0,43,0,1,2,0.237062036,f,1.267,3,0,,,,,,,,,,,,,,,,,,f,0,1.267,0,0,0,0,1,,,,,,,,,,,,,,,,,,,,,,,,,,,,,,,,,,,,,,,,,,,,,,,,,,,,,,,,,,,,,,,,,,,,,,,,,,,,,,,,,,,,,,
,,,,,,,,,,,,,,,,,107,4,2024-09-05_15h33.34.906,Symbol-E,2020.1.3,MacIntel,Safari,"Mozilla/5.0 (Macintosh; Intel Mac OS X 10_15_7) AppleWebKit/605.1.15 (KHTML, like Gecko) Version/17.6 Safari/605.1.15",60,,,,,,,,,,,,,,,,,,,,,,,,,,,,,,,,,,,,,,,,,,,,,,,,,,,,,,,,,,,,,,,,,,,,,,,,,,,,,,,,,,43,0,43,0,1,,,,,,,,,,,,,,,,,,,,,,,,,,,,,,,,,,,,,,,,,,,,,,,,,,,,,,,,,,,,,,,,,,,,,,,,,,,,,,,,,
,,,,,,,,,,,,,,,,,107,4,2024-09-05_15h33.34.906,Symbol-E,2020.1.3,MacIntel,Safari,"Mozilla/5.0 (Macintosh; Intel Mac OS X 10_15_7) AppleWebKit/605.1.15 (KHTML, like Gecko) Version/17.6 Safari/605.1.15",60,,,,,,,,,,,,,,,,,,,,,,,,,,,,,,,,,,,,5,5,1,Hand,u,TR,0,0,0,0,8,0,44,0,1,2,0.643967168,u,1.302,5,1,,,,,,,,,,,,,,,,,,u,1,1.302,0,0,0,0,1,,,,,,,,,,,,,,,,,,,,,,,,,,,,,,,,,,,,,,,,,,,,,,,,,,,,,,,,,,,,,,,,,,,,,,,,,,,,,,,,,,,,,,
,,,,,,,,,,,,,,,,,107,4,2024-09-05_15h33.34.906,Symbol-E,2020.1.3,MacIntel,Safari,"Mozilla/5.0 (Macintosh; Intel Mac OS X 10_15_7) AppleWebKit/605.1.15 (KHTML, like Gecko) Version/17.6 Safari/605.1.15",60,,,,,,,,,,,,,,,,,,,,,,,,,,,,,,,,,,,,,,,,,,,,,,,,,,,,,,,,,,,,,,,,,,,,,,,,,,,,,,,,,,44,0,44,0,1,,,,,,,,,,,,,,,,,,,,,,,,,,,,,,,,,,,,,,,,,,,,,,,,,,,,,,,,,,,,,,,,,,,,,,,,,,,,,,,,,
,,,,,,,,,,,,,,,,,107,4,2024-09-05_15h33.34.906,Symbol-E,2020.1.3,MacIntel,Safari,"Mozilla/5.0 (Macintosh; Intel Mac OS X 10_15_7) AppleWebKit/605.1.15 (KHTML, like Gecko) Version/17.6 Safari/605.1.15",60,,,,,,,,,,,,,,,,,,,,,,,,,,,,,,,,,,,,3,3,3,Hand,f,TR,0,0,0,0,8,0,45,0,1,2,0.117594076,a,1.333,0,0,,,,,,,,,,,,,,,,,,a,0,1.333,0,0,0,0,1,,,,,,,,,,,,,,,,,,,,,,,,,,,,,,,,,,,,,,,,,,,,,,,,,,,,,,,,,,,,,,,,,,,,,,,,,,,,,,,,,,,,,,
,,,,,,,,,,,,,,,,,107,4,2024-09-05_15h33.34.906,Symbol-E,2020.1.3,MacIntel,Safari,"Mozilla/5.0 (Macintosh; Intel Mac OS X 10_15_7) AppleWebKit/605.1.15 (KHTML, like Gecko) Version/17.6 Safari/605.1.15",60,,,,,,,,,,,,,,,,,,,,,,,,,,,,,,,,,,,,,,,,,,,,,,,,,,,,,,,,,,,,,,,,,,,,,,,,,,,,,,,,,,45,0,45,0,1,,,,,,,,,,,,,,,,,,,,,,,,,,,,,,,,,,,,,,,,,,,,,,,,,,,,,,,,,,,,,,,,,,,,,,,,,,,,,,,,,
,,,,,,,,,,,,,,,,,107,4,2024-09-05_15h33.34.906,Symbol-E,2020.1.3,MacIntel,Safari,"Mozilla/5.0 (Macintosh; Intel Mac OS X 10_15_7) AppleWebKit/605.1.15 (KHTML, like Gecko) Version/17.6 Safari/605.1.15",60,,,,,,,,,,,,,,,,,,,,,,,,,,,,,,,,,,,,2,2,2,Hand,e,TR,0,0,0,0,8,0,46,0,1,2,0.567256182,e,1.266,2,1,,,,,,,,,,,,,,,,,,e,1,1.266,0,0,0,0,1,,,,,,,,,,,,,,,,,,,,,,,,,,,,,,,,,,,,,,,,,,,,,,,,,,,,,,,,,,,,,,,,,,,,,,,,,,,,,,,,,,,,,,
,,,,,,,,,,,,,,,,,107,4,2024-09-05_15h33.34.906,Symbol-E,2020.1.3,MacIntel,Safari,"Mozilla/5.0 (Macintosh; Intel Mac OS X 10_15_7) AppleWebKit/605.1.15 (KHTML, like Gecko) Version/17.6 Safari/605.1.15",60,,,,,,,,,,,,,,,,,,,,,,,,,,,,,,,,,,,,,,,,,,,,,,,,,,,,,,,,,,,,,,,,,,,,,,,,,,,,,,,,,,46,0,46,0,1,,,,,,,,,,,,,,,,,,,,,,,,,,,,,,,,,,,,,,,,,,,,,,,,,,,,,,,,,,,,,,,,,,,,,,,,,,,,,,,,,
,,,,,,,,,,,,,,,,,107,4,2024-09-05_15h33.34.906,Symbol-E,2020.1.3,MacIntel,Safari,"Mozilla/5.0 (Macintosh; Intel Mac OS X 10_15_7) AppleWebKit/605.1.15 (KHTML, like Gecko) Version/17.6 Safari/605.1.15",60,,,,,,,,,,,,,,,,,,,,,,,,,,,,,,,,,,,,7,7,3,Hand,l,TR,0,0,0,0,8,0,47,0,1,2,0.745019166,l,1.313,7,1,,,,,,,,,,,,,,,,,,l,1,1.313,0,0,0,0,1,,,,,,,,,,,,,,,,,,,,,,,,,,,,,,,,,,,,,,,,,,,,,,,,,,,,,,,,,,,,,,,,,,,,,,,,,,,,,,,,,,,,,,
,,,,,,,,,,,,,,,,,107,4,2024-09-05_15h33.34.906,Symbol-E,2020.1.3,MacIntel,Safari,"Mozilla/5.0 (Macintosh; Intel Mac OS X 10_15_7) AppleWebKit/605.1.15 (KHTML, like Gecko) Version/17.6 Safari/605.1.15",60,,,,,,,,,,,,,,,,,,,,,,,,,,,,,,,,,,,,,,,,,,,,,,,,,,,,,,,,,,,,,,,,,,,,,,,,,,,,,,,,,,47,0,47,0,1,,,,,,,,,,,,,,,,,,,,,,,,,,,,,,,,,,,,,,,,,,,,,,,,,,,,,,,,,,,,,,,,,,,,,,,,,,,,,,,,,
,,,,,,,,,,,,,,,,,107,4,2024-09-05_15h33.34.906,Symbol-E,2020.1.3,MacIntel,Safari,"Mozilla/5.0 (Macintosh; Intel Mac OS X 10_15_7) AppleWebKit/605.1.15 (KHTML, like Gecko) Version/17.6 Safari/605.1.15",60,,,,,,,,,,,,,,,,,,,,,,,,,,,,,,,,,,,,1,1,1,Hand,w,TR,0,0,0,0,8,0,48,0,1,2,0.936095837,w,1.305,1,1,,,,,,,,,,,,,,,,,,w,1,1.305,0,0,0,0,1,,,,,,,,,,,,,,,,,,,,,,,,,,,,,,,,,,,,,,,,,,,,,,,,,,,,,,,,,,,,,,,,,,,,,,,,,,,,,,,,,,,,,,
,,,,,,,,,,,,,,,,,107,4,2024-09-05_15h33.34.906,Symbol-E,2020.1.3,MacIntel,Safari,"Mozilla/5.0 (Macintosh; Intel Mac OS X 10_15_7) AppleWebKit/605.1.15 (KHTML, like Gecko) Version/17.6 Safari/605.1.15",60,,,,,,,,,,,,,,,,,,,,,,,,,,,,,,,,,,,,,,,,,,,,,,,,,,,,,,,,,,,,,,,,,,,,,,,,,,,,,,,,,,48,0,48,0,1,,,,,,,,,,,,,,,,,,,,,,,,,,,,,,,,,,,,,,,,,,,,,,,,,,,,,,,,,,,,,,,,,,,,,,,,,,,,,,,,,
,,,,,,,,,,,,,,,,,107,4,2024-09-05_15h33.34.906,Symbol-E,2020.1.3,MacIntel,Safari,"Mozilla/5.0 (Macintosh; Intel Mac OS X 10_15_7) AppleWebKit/605.1.15 (KHTML, like Gecko) Version/17.6 Safari/605.1.15",60,,,,,,,,,,,,,,,,,,,,,,,,,,,,,,,,,,,,0,0,0,Hand,a,TR,0,0,0,0,8,0,49,0,1,2,0.017237212,h,1.256,4,0,,,,,,,,,,,,,,,,,,h,0,1.256,0,0,0,0,1,,,,,,,,,,,,,,,,,,,,,,,,,,,,,,,,,,,,,,,,,,,,,,,,,,,,,,,,,,,,,,,,,,,,,,,,,,,,,,,,,,,,,,
,,,,,,,,,,,,,,,,,107,4,2024-09-05_15h33.34.906,Symbol-E,2020.1.3,MacIntel,Safari,"Mozilla/5.0 (Macintosh; Intel Mac OS X 10_15_7) AppleWebKit/605.1.15 (KHTML, like Gecko) Version/17.6 Safari/605.1.15",60,,,,,,,,,,,,,,,,,,,,,,,,,,,,,,,,,,,,,,,,,,,,,,,,,,,,,,,,,,,,,,,,,,,,,,,,,,,,,,,,,,49,0,49,0,1,,,,,,,,,,,,,,,,,,,,,,,,,,,,,,,,,,,,,,,,,,,,,,,,,,,,,,,,,,,,,,,,,,,,,,,,,,,,,,,,,
,,,,,,,,,,,,,,,,,107,4,2024-09-05_15h33.34.906,Symbol-E,2020.1.3,MacIntel,Safari,"Mozilla/5.0 (Macintosh; Intel Mac OS X 10_15_7) AppleWebKit/605.1.15 (KHTML, like Gecko) Version/17.6 Safari/605.1.15",60,,,,,,,,,,,,,,,,,,,,,,,,,,,,,,,,,,,,7,7,3,Hand,l,TR,0,0,0,0,8,0,50,0,1,2,0.77192658,l,1.336,7,1,,,,,,,,,,,,,,,,,,l,1,1.336,0,0,0,0,1,,,,,,,,,,,,,,,,,,,,,,,,,,,,,,,,,,,,,,,,,,,,,,,,,,,,,,,,,,,,,,,,,,,,,,,,,,,,,,,,,,,,,,
,,,,,,,,,,,,,,,,,107,4,2024-09-05_15h33.34.906,Symbol-E,2020.1.3,MacIntel,Safari,"Mozilla/5.0 (Macintosh; Intel Mac OS X 10_15_7) AppleWebKit/605.1.15 (KHTML, like Gecko) Version/17.6 Safari/605.1.15",60,,,,,,,,,,,,,,,,,,,,,,,,,,,,,,,,,,,,,,,,,,,,,,,,,,,,,,,,,,,,,,,,,,,,,,,,,,,,,,,,,,50,0,50,0,1,,,,,,,,,,,,,,,,,,,,,,,,,,,,,,,,,,,,,,,,,,,,,,,,,,,,,,,,,,,,,,,,,,,,,,,,,,,,,,,,,
,,,,,,,,,,,,,,,,,107,4,2024-09-05_15h33.34.906,Symbol-E,2020.1.3,MacIntel,Safari,"Mozilla/5.0 (Macintosh; Intel Mac OS X 10_15_7) AppleWebKit/605.1.15 (KHTML, like Gecko) Version/17.6 Safari/605.1.15",60,,,,,,,,,,,,,,,,,,,,,,,,,,,,,,,,,,,,5,5,1,Hand,u,TR,0,0,0,0,8,0,51,0,1,2,0.790947305,u,1.274,5,1,,,,,,,,,,,,,,,,,,u,1,1.274,0,0,0,0,1,,,,,,,,,,,,,,,,,,,,,,,,,,,,,,,,,,,,,,,,,,,,,,,,,,,,,,,,,,,,,,,,,,,,,,,,,,,,,,,,,,,,,,
,,,,,,,,,,,,,,,,,107,4,2024-09-05_15h33.34.906,Symbol-E,2020.1.3,MacIntel,Safari,"Mozilla/5.0 (Macintosh; Intel Mac OS X 10_15_7) AppleWebKit/605.1.15 (KHTML, like Gecko) Version/17.6 Safari/605.1.15",60,,,,,,,,,,,,,,,,,,,,,,,,,,,,,,,,,,,,,,,,,,,,,,,,,,,,,,,,,,,,,,,,,,,,,,,,,,,,,,,,,,51,0,51,0,1,,,,,,,,,,,,,,,,,,,,,,,,,,,,,,,,,,,,,,,,,,,,,,,,,,,,,,,,,,,,,,,,,,,,,,,,,,,,,,,,,
,,,,,,,,,,,,,,,,,107,4,2024-09-05_15h33.34.906,Symbol-E,2020.1.3,MacIntel,Safari,"Mozilla/5.0 (Macintosh; Intel Mac OS X 10_15_7) AppleWebKit/605.1.15 (KHTML, like Gecko) Version/17.6 Safari/605.1.15",60,,,,,,,,,,,,,,,,,,,,,,,,,,,,,,,,,,,,2,2,2,Hand,e,TR,0,0,0,0,8,0,52,0,1,2,1.170966546,e,1.279,2,1,,,,,,,,,,,,,,,,,,e,1,1.279,0,0,0,0,1,,,,,,,,,,,,,,,,,,,,,,,,,,,,,,,,,,,,,,,,,,,,,,,,,,,,,,,,,,,,,,,,,,,,,,,,,,,,,,,,,,,,,,
,,,,,,,,,,,,,,,,,107,4,2024-09-05_15h33.34.906,Symbol-E,2020.1.3,MacIntel,Safari,"Mozilla/5.0 (Macintosh; Intel Mac OS X 10_15_7) AppleWebKit/605.1.15 (KHTML, like Gecko) Version/17.6 Safari/605.1.15",60,,,,,,,,,,,,,,,,,,,,,,,,,,,,,,,,,,,,,,,,,,,,,,,,,,,,,,,,,,,,,,,,,,,,,,,,,,,,,,,,,,52,0,52,0,1,,,,,,,,,,,,,,,,,,,,,,,,,,,,,,,,,,,,,,,,,,,,,,,,,,,,,,,,,,,,,,,,,,,,,,,,,,,,,,,,,
,,,,,,,,,,,,,,,,,107,4,2024-09-05_15h33.34.906,Symbol-E,2020.1.3,MacIntel,Safari,"Mozilla/5.0 (Macintosh; Intel Mac OS X 10_15_7) AppleWebKit/605.1.15 (KHTML, like Gecko) Version/17.6 Safari/605.1.15",60,,,,,,,,,,,,,,,,,,,,,,,,,,,,,,,,,,,,6,6,2,Hand,i,TR,0,0,0,0,8,0,53,0,1,2,0.491952604,i,1.205,6,1,,,,,,,,,,,,,,,,,,i,1,1.205,0,0,0,0,1,,,,,,,,,,,,,,,,,,,,,,,,,,,,,,,,,,,,,,,,,,,,,,,,,,,,,,,,,,,,,,,,,,,,,,,,,,,,,,,,,,,,,,
,,,,,,,,,,,,,,,,,107,4,2024-09-05_15h33.34.906,Symbol-E,2020.1.3,MacIntel,Safari,"Mozilla/5.0 (Macintosh; Intel Mac OS X 10_15_7) AppleWebKit/605.1.15 (KHTML, like Gecko) Version/17.6 Safari/605.1.15",60,,,,,,,,,,,,,,,,,,,,,,,,,,,,,,,,,,,,,,,,,,,,,,,,,,,,,,,,,,,,,,,,,,,,,,,,,,,,,,,,,,53,0,53,0,1,,,,,,,,,,,,,,,,,,,,,,,,,,,,,,,,,,,,,,,,,,,,,,,,,,,,,,,,,,,,,,,,,,,,,,,,,,,,,,,,,
,,,,,,,,,,,,,,,,,107,4,2024-09-05_15h33.34.906,Symbol-E,2020.1.3,MacIntel,Safari,"Mozilla/5.0 (Macintosh; Intel Mac OS X 10_15_7) AppleWebKit/605.1.15 (KHTML, like Gecko) Version/17.6 Safari/605.1.15",60,,,,,,,,,,,,,,,,,,,,,,,,,,,,,,,,,,,,4,4,0,Hand,h,TR,0,0,0,0,8,0,54,0,1,2,0.027280134,w,1.375,1,0,,,,,,,,,,,,,,,,,,w,0,1.375,0,0,0,0,1,,,,,,,,,,,,,,,,,,,,,,,,,,,,,,,,,,,,,,,,,,,,,,,,,,,,,,,,,,,,,,,,,,,,,,,,,,,,,,,,,,,,,,
,,,,,,,,,,,,,,,,,107,4,2024-09-05_15h33.34.906,Symbol-E,2020.1.3,MacIntel,Safari,"Mozilla/5.0 (Macintosh; Intel Mac OS X 10_15_7) AppleWebKit/605.1.15 (KHTML, like Gecko) Version/17.6 Safari/605.1.15",60,,,,,,,,,,,,,,,,,,,,,,,,,,,,,,,,,,,,,,,,,,,,,,,,,,,,,,,,,,,,,,,,,,,,,,,,,,,,,,,,,,54,0,54,0,1,,,,,,,,,,,,,,,,,,,,,,,,,,,,,,,,,,,,,,,,,,,,,,,,,,,,,,,,,,,,,,,,,,,,,,,,,,,,,,,,,
,,,,,,,,,,,,,,,,,107,4,2024-09-05_15h33.34.906,Symbol-E,2020.1.3,MacIntel,Safari,"Mozilla/5.0 (Macintosh; Intel Mac OS X 10_15_7) AppleWebKit/605.1.15 (KHTML, like Gecko) Version/17.6 Safari/605.1.15",60,,,,,,,,,,,,,,,,,,,,,,,,,,,,,,,,,,,,3,3,3,Hand,f,TR,0,0,0,0,8,0,55,0,1,2,0.379163338,e,1.253,2,0,,,,,,,,,,,,,,,,,,e,0,1.253,0,0,0,0,1,,,,,,,,,,,,,,,,,,,,,,,,,,,,,,,,,,,,,,,,,,,,,,,,,,,,,,,,,,,,,,,,,,,,,,,,,,,,,,,,,,,,,,
,,,,,,,,,,,,,,,,,107,4,2024-09-05_15h33.34.906,Symbol-E,2020.1.3,MacIntel,Safari,"Mozilla/5.0 (Macintosh; Intel Mac OS X 10_15_7) AppleWebKit/605.1.15 (KHTML, like Gecko) Version/17.6 Safari/605.1.15",60,,,,,,,,,,,,,,,,,,,,,,,,,,,,,,,,,,,,,,,,,,,,,,,,,,,,,,,,,,,,,,,,,,,,,,,,,,,,,,,,,,55,0,55,0,1,,,,,,,,,,,,,,,,,,,,,,,,,,,,,,,,,,,,,,,,,,,,,,,,,,,,,,,,,,,,,,,,,,,,,,,,,,,,,,,,,
,,,,,,,,,,,,,,,,,107,4,2024-09-05_15h33.34.906,Symbol-E,2020.1.3,MacIntel,Safari,"Mozilla/5.0 (Macintosh; Intel Mac OS X 10_15_7) AppleWebKit/605.1.15 (KHTML, like Gecko) Version/17.6 Safari/605.1.15",60,,,,,,,,,,,,,,,,,,,,,,,,,,,,,,,,,,,,2,2,2,Hand,e,TR,0,0,0,0,8,0,56,0,1,2,0.056938089,i,1.265,6,0,,,,,,,,,,,,,,,,,,i,0,1.265,0,0,0,0,1,,,,,,,,,,,,,,,,,,,,,,,,,,,,,,,,,,,,,,,,,,,,,,,,,,,,,,,,,,,,,,,,,,,,,,,,,,,,,,,,,,,,,,
,,,,,,,,,,,,,,,,,107,4,2024-09-05_15h33.34.906,Symbol-E,2020.1.3,MacIntel,Safari,"Mozilla/5.0 (Macintosh; Intel Mac OS X 10_15_7) AppleWebKit/605.1.15 (KHTML, like Gecko) Version/17.6 Safari/605.1.15",60,,,,,,,,,,,,,,,,,,,,,,,,,,,,,,,,,,,,,,,,,,,,,,,,,,,,,,,,,,,,,,,,,,,,,,,,,,,,,,,,,,56,0,56,0,1,,,,,,,,,,,,,,,,,,,,,,,,,,,,,,,,,,,,,,,,,,,,,,,,,,,,,,,,,,,,,,,,,,,,,,,,,,,,,,,,,
,,,,,,,,,,,,,,,,,107,4,2024-09-05_15h33.34.906,Symbol-E,2020.1.3,MacIntel,Safari,"Mozilla/5.0 (Macintosh; Intel Mac OS X 10_15_7) AppleWebKit/605.1.15 (KHTML, like Gecko) Version/17.6 Safari/605.1.15",60,,,,,,,,,,,,,,,,,,,,,,,,,,,,,,,,,,,,5,5,1,Hand,u,TR,0,0,0,0,8,0,57,0,1,2,0.082435262,f,1.335,3,0,,,,,,,,,,,,,,,,,,f,0,1.335,0,0,0,0,1,,,,,,,,,,,,,,,,,,,,,,,,,,,,,,,,,,,,,,,,,,,,,,,,,,,,,,,,,,,,,,,,,,,,,,,,,,,,,,,,,,,,,,
,,,,,,,,,,,,,,,,,107,4,2024-09-05_15h33.34.906,Symbol-E,2020.1.3,MacIntel,Safari,"Mozilla/5.0 (Macintosh; Intel Mac OS X 10_15_7) AppleWebKit/605.1.15 (KHTML, like Gecko) Version/17.6 Safari/605.1.15",60,,,,,,,,,,,,,,,,,,,,,,,,,,,,,,,,,,,,,,,,,,,,,,,,,,,,,,,,,,,,,,,,,,,,,,,,,,,,,,,,,,57,0,57,0,1,,,,,,,,,,,,,,,,,,,,,,,,,,,,,,,,,,,,,,,,,,,,,,,,,,,,,,,,,,,,,,,,,,,,,,,,,,,,,,,,,
,,,,,,,,,,,,,,,,,107,4,2024-09-05_15h33.34.906,Symbol-E,2020.1.3,MacIntel,Safari,"Mozilla/5.0 (Macintosh; Intel Mac OS X 10_15_7) AppleWebKit/605.1.15 (KHTML, like Gecko) Version/17.6 Safari/605.1.15",60,,,,,,,,,,,,,,,,,,,,,,,,,,,,,,,,,,,,4,4,0,Hand,h,TR,0,0,0,0,8,0,58,0,1,2,0.741503586,h,1.333,4,1,,,,,,,,,,,,,,,,,,h,1,1.333,0,0,0,0,1,,,,,,,,,,,,,,,,,,,,,,,,,,,,,,,,,,,,,,,,,,,,,,,,,,,,,,,,,,,,,,,,,,,,,,,,,,,,,,,,,,,,,,
,,,,,,,,,,,,,,,,,107,4,2024-09-05_15h33.34.906,Symbol-E,2020.1.3,MacIntel,Safari,"Mozilla/5.0 (Macintosh; Intel Mac OS X 10_15_7) AppleWebKit/605.1.15 (KHTML, like Gecko) Version/17.6 Safari/605.1.15",60,,,,,,,,,,,,,,,,,,,,,,,,,,,,,,,,,,,,,,,,,,,,,,,,,,,,,,,,,,,,,,,,,,,,,,,,,,,,,,,,,,58,0,58,0,1,,,,,,,,,,,,,,,,,,,,,,,,,,,,,,,,,,,,,,,,,,,,,,,,,,,,,,,,,,,,,,,,,,,,,,,,,,,,,,,,,
,,,,,,,,,,,,,,,,,107,4,2024-09-05_15h33.34.906,Symbol-E,2020.1.3,MacIntel,Safari,"Mozilla/5.0 (Macintosh; Intel Mac OS X 10_15_7) AppleWebKit/605.1.15 (KHTML, like Gecko) Version/17.6 Safari/605.1.15",60,,,,,,,,,,,,,,,,,,,,,,,,,,,,,,,,,,,,6,6,2,Hand,i,TR,0,0,0,0,8,0,59,0,1,2,1.080552275,i,1.274,6,1,,,,,,,,,,,,,,,,,,i,1,1.274,0,0,0,0,1,,,,,,,,,,,,,,,,,,,,,,,,,,,,,,,,,,,,,,,,,,,,,,,,,,,,,,,,,,,,,,,,,,,,,,,,,,,,,,,,,,,,,,
,,,,,,,,,,,,,,,,,107,4,2024-09-05_15h33.34.906,Symbol-E,2020.1.3,MacIntel,Safari,"Mozilla/5.0 (Macintosh; Intel Mac OS X 10_15_7) AppleWebKit/605.1.15 (KHTML, like Gecko) Version/17.6 Safari/605.1.15",60,,,,,,,,,,,,,,,,,,,,,,,,,,,,,,,,,,,,,,,,,,,,,,,,,,,,,,,,,,,,,,,,,,,,,,,,,,,,,,,,,,59,0,59,0,1,,,,,,,,,,,,,,,,,,,,,,,,,,,,,,,,,,,,,,,,,,,,,,,,,,,,,,,,,,,,,,,,,,,,,,,,,,,,,,,,,
,,,,,,,,,,,,,,,,,107,4,2024-09-05_15h33.34.906,Symbol-E,2020.1.3,MacIntel,Safari,"Mozilla/5.0 (Macintosh; Intel Mac OS X 10_15_7) AppleWebKit/605.1.15 (KHTML, like Gecko) Version/17.6 Safari/605.1.15",60,,,,,,,,,,,,,,,,,,,,,,,,,,,,,,,,,,,,1,1,1,Hand,w,TR,0,0,0,0,8,0,60,0,1,2,0.635528851,w,1.314,1,1,,,,,,,,,,,,,,,,,,w,1,1.314,0,0,0,0,1,,,,,,,,,,,,,,,,,,,,,,,,,,,,,,,,,,,,,,,,,,,,,,,,,,,,,,,,,,,,,,,,,,,,,,,,,,,,,,,,,,,,,,
,,,,,,,,,,,,,,,,,107,4,2024-09-05_15h33.34.906,Symbol-E,2020.1.3,MacIntel,Safari,"Mozilla/5.0 (Macintosh; Intel Mac OS X 10_15_7) AppleWebKit/605.1.15 (KHTML, like Gecko) Version/17.6 Safari/605.1.15",60,,,,,,,,,,,,,,,,,,,,,,,,,,,,,,,,,,,,,,,,,,,,,,,,,,,,,,,,,,,,,,,,,,,,,,,,,,,,,,,,,,60,0,60,0,1,,,,,,,,,,,,,,,,,,,,,,,,,,,,,,,,,,,,,,,,,,,,,,,,,,,,,,,,,,,,,,,,,,,,,,,,,,,,,,,,,
,,,,,,,,,,,,,,,,,107,4,2024-09-05_15h33.34.906,Symbol-E,2020.1.3,MacIntel,Safari,"Mozilla/5.0 (Macintosh; Intel Mac OS X 10_15_7) AppleWebKit/605.1.15 (KHTML, like Gecko) Version/17.6 Safari/605.1.15",60,,,,,,,,,,,,,,,,,,,,,,,,,,,,,,,,,,,,3,3,3,Hand,f,TR,0,0,0,0,8,0,61,0,1,2,0.18226006,f,1.348,3,1,,,,,,,,,,,,,,,,,,f,1,1.348,0,0,0,0,1,,,,,,,,,,,,,,,,,,,,,,,,,,,,,,,,,,,,,,,,,,,,,,,,,,,,,,,,,,,,,,,,,,,,,,,,,,,,,,,,,,,,,,
,,,,,,,,,,,,,,,,,107,4,2024-09-05_15h33.34.906,Symbol-E,2020.1.3,MacIntel,Safari,"Mozilla/5.0 (Macintosh; Intel Mac OS X 10_15_7) AppleWebKit/605.1.15 (KHTML, like Gecko) Version/17.6 Safari/605.1.15",60,,,,,,,,,,,,,,,,,,,,,,,,,,,,,,,,,,,,,,,,,,,,,,,,,,,,,,,,,,,,,,,,,,,,,,,,,,,,,,,,,,61,0,61,0,1,,,,,,,,,,,,,,,,,,,,,,,,,,,,,,,,,,,,,,,,,,,,,,,,,,,,,,,,,,,,,,,,,,,,,,,,,,,,,,,,,
,,,,,,,,,,,,,,,,,107,4,2024-09-05_15h33.34.906,Symbol-E,2020.1.3,MacIntel,Safari,"Mozilla/5.0 (Macintosh; Intel Mac OS X 10_15_7) AppleWebKit/605.1.15 (KHTML, like Gecko) Version/17.6 Safari/605.1.15",60,,,,,,,,,,,,,,,,,,,,,,,,,,,,,,,,,,,,7,7,3,Hand,l,TR,0,0,0,0,8,0,62,0,1,2,1.108652706,l,1.336,7,1,,,,,,,,,,,,,,,,,,l,1,1.336,0,0,0,0,1,,,,,,,,,,,,,,,,,,,,,,,,,,,,,,,,,,,,,,,,,,,,,,,,,,,,,,,,,,,,,,,,,,,,,,,,,,,,,,,,,,,,,,
,,,,,,,,,,,,,,,,,107,4,2024-09-05_15h33.34.906,Symbol-E,2020.1.3,MacIntel,Safari,"Mozilla/5.0 (Macintosh; Intel Mac OS X 10_15_7) AppleWebKit/605.1.15 (KHTML, like Gecko) Version/17.6 Safari/605.1.15",60,,,,,,,,,,,,,,,,,,,,,,,,,,,,,,,,,,,,,,,,,,,,,,,,,,,,,,,,,,,,,,,,,,,,,,,,,,,,,,,,,,62,0,62,0,1,,,,,,,,,,,,,,,,,,,,,,,,,,,,,,,,,,,,,,,,,,,,,,,,,,,,,,,,,,,,,,,,,,,,,,,,,,,,,,,,,
,,,,,,,,,,,,,,,,,107,4,2024-09-05_15h33.34.906,Symbol-E,2020.1.3,MacIntel,Safari,"Mozilla/5.0 (Macintosh; Intel Mac OS X 10_15_7) AppleWebKit/605.1.15 (KHTML, like Gecko) Version/17.6 Safari/605.1.15",60,,,,,,,,,,,,,,,,,,,,,,,,,,,,,,,,,,,,0,0,0,Hand,a,TR,0,0,0,0,8,0,63,0,1,2,0.890472577,a,1.351,0,1,,,,,,,,,,,,,,,,,,a,1,1.351,0,0,0,0,1,,,,,,,,,,,,,,,,,,,,,,,,,,,,,,,,,,,,,,,,,,,,,,,,,,,,,,,,,,,,,,,,,,,,,,,,,,,,,,,,,,,,,,
,,,,,,,,,,,,,,,,,107,4,2024-09-05_15h33.34.906,Symbol-E,2020.1.3,MacIntel,Safari,"Mozilla/5.0 (Macintosh; Intel Mac OS X 10_15_7) AppleWebKit/605.1.15 (KHTML, like Gecko) Version/17.6 Safari/605.1.15",60,,,,,,,,,,,,,,,,,,,,,,,,,,,,,,,,,,,,,,,,,,,,,,,,,,,,,,,,,,,,,,,,,,,,,,,,,,,,,,,,,,63,0,63,0,1,,,,,,,,,,,,,,,,,,,,,,,,,,,,,,,,,,,,,,,,,,,,,,,,,,,,,,,,,,,,,,,,,,,,,,,,,,,,,,,,,
,,,,,,,,,,,,,,,,,107,4,2024-09-05_15h33.34.906,Symbol-E,2020.1.3,MacIntel,Safari,"Mozilla/5.0 (Macintosh; Intel Mac OS X 10_15_7) AppleWebKit/605.1.15 (KHTML, like Gecko) Version/17.6 Safari/605.1.15",60,,,,,,,,,,,,,,,,,,,,,,,,,,,,,,,,,,,,6,6,2,Hand,i,TR,0,0,0,0,8,0,64,0,1,2,0.828562686,i,1.299,6,1,,,,,,,,,,,,,,,,,,i,1,1.299,0,0,0,0,1,,,,,,,,,,,,,,,,,,,,,,,,,,,,,,,,,,,,,,,,,,,,,,,,,,,,,,,,,,,,,,,,,,,,,,,,,,,,,,,,,,,,,,
,,,,,,,,,,,,,,,,,107,4,2024-09-05_15h33.34.906,Symbol-E,2020.1.3,MacIntel,Safari,"Mozilla/5.0 (Macintosh; Intel Mac OS X 10_15_7) AppleWebKit/605.1.15 (KHTML, like Gecko) Version/17.6 Safari/605.1.15",60,,,,,,,,,,,,,,,,,,,,,,,,,,,,,,,,,,,,,,,,,,,,,,,,,,,,,,,,,,,,,,,,,,,,,,,,,,,,,,,,,,64,0,64,0,1,,,,,,,,,,,,,,,,,,,,,,,,,,,,,,,,,,,,,,,,,,,,,,,,,,,,,,,,,,,,,,,,,,,,,,,,,,,,,,,,,
,,,,,,,,,,,,,,,,,107,4,2024-09-05_15h33.34.906,Symbol-E,2020.1.3,MacIntel,Safari,"Mozilla/5.0 (Macintosh; Intel Mac OS X 10_15_7) AppleWebKit/605.1.15 (KHTML, like Gecko) Version/17.6 Safari/605.1.15",60,,,,,,,,,,,,,,,,,,,,,,,,,,,,,,,,,,,,0,0,0,Hand,a,TR,0,0,0,0,8,0,65,0,1,2,0.700408332,a,1.285,0,1,,,,,,,,,,,,,,,,,,a,1,1.285,0,0,0,0,1,,,,,,,,,,,,,,,,,,,,,,,,,,,,,,,,,,,,,,,,,,,,,,,,,,,,,,,,,,,,,,,,,,,,,,,,,,,,,,,,,,,,,,
,,,,,,,,,,,,,,,,,107,4,2024-09-05_15h33.34.906,Symbol-E,2020.1.3,MacIntel,Safari,"Mozilla/5.0 (Macintosh; Intel Mac OS X 10_15_7) AppleWebKit/605.1.15 (KHTML, like Gecko) Version/17.6 Safari/605.1.15",60,,,,,,,,,,,,,,,,,,,,,,,,,,,,,,,,,,,,,,,,,,,,,,,,,,,,,,,,,,,,,,,,,,,,,,,,,,,,,,,,,,65,0,65,0,1,,,,,,,,,,,,,,,,,,,,,,,,,,,,,,,,,,,,,,,,,,,,,,,,,,,,,,,,,,,,,,,,,,,,,,,,,,,,,,,,,
,,,,,,,,,,,,,,,,,107,4,2024-09-05_15h33.34.906,Symbol-E,2020.1.3,MacIntel,Safari,"Mozilla/5.0 (Macintosh; Intel Mac OS X 10_15_7) AppleWebKit/605.1.15 (KHTML, like Gecko) Version/17.6 Safari/605.1.15",60,,,,,,,,,,,,,,,,,,,,,,,,,,,,,,,,,,,,6,6,2,Hand,i,TR,0,0,0,0,8,0,66,0,1,2,0.095257879,e,1.289,2,0,,,,,,,,,,,,,,,,,,e,0,1.289,0,0,0,0,1,,,,,,,,,,,,,,,,,,,,,,,,,,,,,,,,,,,,,,,,,,,,,,,,,,,,,,,,,,,,,,,,,,,,,,,,,,,,,,,,,,,,,,
,,,,,,,,,,,,,,,,,107,4,2024-09-05_15h33.34.906,Symbol-E,2020.1.3,MacIntel,Safari,"Mozilla/5.0 (Macintosh; Intel Mac OS X 10_15_7) AppleWebKit/605.1.15 (KHTML, like Gecko) Version/17.6 Safari/605.1.15",60,,,,,,,,,,,,,,,,,,,,,,,,,,,,,,,,,,,,,,,,,,,,,,,,,,,,,,,,,,,,,,,,,,,,,,,,,,,,,,,,,,66,0,66,0,1,,,,,,,,,,,,,,,,,,,,,,,,,,,,,,,,,,,,,,,,,,,,,,,,,,,,,,,,,,,,,,,,,,,,,,,,,,,,,,,,,
,,,,,,,,,,,,,,,,,107,4,2024-09-05_15h33.34.906,Symbol-E,2020.1.3,MacIntel,Safari,"Mozilla/5.0 (Macintosh; Intel Mac OS X 10_15_7) AppleWebKit/605.1.15 (KHTML, like Gecko) Version/17.6 Safari/605.1.15",60,,,,,,,,,,,,,,,,,,,,,,,,,,,,,,,,,,,,5,5,1,Hand,u,TR,0,0,0,0,8,0,67,0,1,2,0.446956743,u,1.285,5,1,,,,,,,,,,,,,,,,,,u,1,1.285,0,0,0,0,1,,,,,,,,,,,,,,,,,,,,,,,,,,,,,,,,,,,,,,,,,,,,,,,,,,,,,,,,,,,,,,,,,,,,,,,,,,,,,,,,,,,,,,
,,,,,,,,,,,,,,,,,107,4,2024-09-05_15h33.34.906,Symbol-E,2020.1.3,MacIntel,Safari,"Mozilla/5.0 (Macintosh; Intel Mac OS X 10_15_7) AppleWebKit/605.1.15 (KHTML, like Gecko) Version/17.6 Safari/605.1.15",60,,,,,,,,,,,,,,,,,,,,,,,,,,,,,,,,,,,,,,,,,,,,,,,,,,,,,,,,,,,,,,,,,,,,,,,,,,,,,,,,,,67,0,67,0,1,,,,,,,,,,,,,,,,,,,,,,,,,,,,,,,,,,,,,,,,,,,,,,,,,,,,,,,,,,,,,,,,,,,,,,,,,,,,,,,,,
,,,,,,,,,,,,,,,,,107,4,2024-09-05_15h33.34.906,Symbol-E,2020.1.3,MacIntel,Safari,"Mozilla/5.0 (Macintosh; Intel Mac OS X 10_15_7) AppleWebKit/605.1.15 (KHTML, like Gecko) Version/17.6 Safari/605.1.15",60,,,,,,,,,,,,,,,,,,,,,,,,,,,,,,,,,,,,3,3,3,Hand,f,TR,0,0,0,0,8,0,68,0,1,2,0.760399279,f,1.335,3,1,,,,,,,,,,,,,,,,,,f,1,1.335,0,0,0,0,1,,,,,,,,,,,,,,,,,,,,,,,,,,,,,,,,,,,,,,,,,,,,,,,,,,,,,,,,,,,,,,,,,,,,,,,,,,,,,,,,,,,,,,
,,,,,,,,,,,,,,,,,107,4,2024-09-05_15h33.34.906,Symbol-E,2020.1.3,MacIntel,Safari,"Mozilla/5.0 (Macintosh; Intel Mac OS X 10_15_7) AppleWebKit/605.1.15 (KHTML, like Gecko) Version/17.6 Safari/605.1.15",60,,,,,,,,,,,,,,,,,,,,,,,,,,,,,,,,,,,,,,,,,,,,,,,,,,,,,,,,,,,,,,,,,,,,,,,,,,,,,,,,,,68,0,68,0,1,,,,,,,,,,,,,,,,,,,,,,,,,,,,,,,,,,,,,,,,,,,,,,,,,,,,,,,,,,,,,,,,,,,,,,,,,,,,,,,,,
,,,,,,,,,,,,,,,,,107,4,2024-09-05_15h33.34.906,Symbol-E,2020.1.3,MacIntel,Safari,"Mozilla/5.0 (Macintosh; Intel Mac OS X 10_15_7) AppleWebKit/605.1.15 (KHTML, like Gecko) Version/17.6 Safari/605.1.15",60,,,,,,,,,,,,,,,,,,,,,,,,,,,,,,,,,,,,4,4,0,Hand,h,TR,0,0,0,0,8,0,69,0,1,2,0.864666427,h,1.268,4,1,,,,,,,,,,,,,,,,,,h,1,1.268,0,0,0,0,1,,,,,,,,,,,,,,,,,,,,,,,,,,,,,,,,,,,,,,,,,,,,,,,,,,,,,,,,,,,,,,,,,,,,,,,,,,,,,,,,,,,,,,
,,,,,,,,,,,,,,,,,107,4,2024-09-05_15h33.34.906,Symbol-E,2020.1.3,MacIntel,Safari,"Mozilla/5.0 (Macintosh; Intel Mac OS X 10_15_7) AppleWebKit/605.1.15 (KHTML, like Gecko) Version/17.6 Safari/605.1.15",60,,,,,,,,,,,,,,,,,,,,,,,,,,,,,,,,,,,,,,,,,,,,,,,,,,,,,,,,,,,,,,,,,,,,,,,,,,,,,,,,,,69,0,69,0,1,,,,,,,,,,,,,,,,,,,,,,,,,,,,,,,,,,,,,,,,,,,,,,,,,,,,,,,,,,,,,,,,,,,,,,,,,,,,,,,,,
,,,,,,,,,,,,,,,,,107,4,2024-09-05_15h33.34.906,Symbol-E,2020.1.3,MacIntel,Safari,"Mozilla/5.0 (Macintosh; Intel Mac OS X 10_15_7) AppleWebKit/605.1.15 (KHTML, like Gecko) Version/17.6 Safari/605.1.15",60,,,,,,,,,,,,,,,,,,,,,,,,,,,,,,,,,,,,2,2,2,Hand,e,TR,0,0,0,0,8,0,70,0,1,2,0.362048429,i,1.185,6,0,,,,,,,,,,,,,,,,,,i,0,1.185,0,0,0,0,1,,,,,,,,,,,,,,,,,,,,,,,,,,,,,,,,,,,,,,,,,,,,,,,,,,,,,,,,,,,,,,,,,,,,,,,,,,,,,,,,,,,,,,
,,,,,,,,,,,,,,,,,107,4,2024-09-05_15h33.34.906,Symbol-E,2020.1.3,MacIntel,Safari,"Mozilla/5.0 (Macintosh; Intel Mac OS X 10_15_7) AppleWebKit/605.1.15 (KHTML, like Gecko) Version/17.6 Safari/605.1.15",60,,,,,,,,,,,,,,,,,,,,,,,,,,,,,,,,,,,,,,,,,,,,,,,,,,,,,,,,,,,,,,,,,,,,,,,,,,,,,,,,,,70,0,70,0,1,,,,,,,,,,,,,,,,,,,,,,,,,,,,,,,,,,,,,,,,,,,,,,,,,,,,,,,,,,,,,,,,,,,,,,,,,,,,,,,,,
,,,,,,,,,,,,,,,,,107,4,2024-09-05_15h33.34.906,Symbol-E,2020.1.3,MacIntel,Safari,"Mozilla/5.0 (Macintosh; Intel Mac OS X 10_15_7) AppleWebKit/605.1.15 (KHTML, like Gecko) Version/17.6 Safari/605.1.15",60,,,,,,,,,,,,,,,,,,,,,,,,,,,,,,,,,,,,1,1,1,Hand,w,TR,0,0,0,0,8,0,71,0,1,2,0.682750806,w,1.339,1,1,,,,,,,,,,,,,,,,,,w,1,1.339,0,0,0,0,1,,,,,,,,,,,,,,,,,,,,,,,,,,,,,,,,,,,,,,,,,,,,,,,,,,,,,,,,,,,,,,,,,,,,,,,,,,,,,,,,,,,,,,
,,,,,,,,,,,,,,,,,107,4,2024-09-05_15h33.34.906,Symbol-E,2020.1.3,MacIntel,Safari,"Mozilla/5.0 (Macintosh; Intel Mac OS X 10_15_7) AppleWebKit/605.1.15 (KHTML, like Gecko) Version/17.6 Safari/605.1.15",60,,,,,,,,,,,,,,,,,,,,,,,,,,,,,,,,,,,,,,,,,,,,,,,,,,,,,,,,,,,,,,,,,,,,,,,,,,,,,,,,,,71,0,71,0,1,,,,,,,,,,,,,,,,,,,,,,,,,,,,,,,,,,,,,,,,,,,,,,,,,,,,,,,,,,,,,,,,,,,,,,,,,,,,,,,,,
,,,,,,,,,,,,,,,,,107,4,2024-09-05_15h33.34.906,Symbol-E,2020.1.3,MacIntel,Safari,"Mozilla/5.0 (Macintosh; Intel Mac OS X 10_15_7) AppleWebKit/605.1.15 (KHTML, like Gecko) Version/17.6 Safari/605.1.15",60,,,,,,,,,,,,,,,,,,,,,,,,,,,,,,,,,,,,5,5,1,Hand,u,TR,0,0,0,0,8,0,72,0,1,2,0.775800946,u,1.201,5,1,,,,,,,,,,,,,,,,,,u,1,1.201,0,0,0,0,1,,,,,,,,,,,,,,,,,,,,,,,,,,,,,,,,,,,,,,,,,,,,,,,,,,,,,,,,,,,,,,,,,,,,,,,,,,,,,,,,,,,,,,
,,,,,,,,,,,,,,,,,107,4,2024-09-05_15h33.34.906,Symbol-E,2020.1.3,MacIntel,Safari,"Mozilla/5.0 (Macintosh; Intel Mac OS X 10_15_7) AppleWebKit/605.1.15 (KHTML, like Gecko) Version/17.6 Safari/605.1.15",60,,,,,,,,,,,,,,,,,,,,,,,,,,,,,,,,,,,,,,,,,,,,,,,,,,,,,,,,,,,,,,,,,,,,,,,,,,,,,,,,,,72,0,72,0,1,,,,,,,,,,,,,,,,,,,,,,,,,,,,,,,,,,,,,,,,,,,,,,,,,,,,,,,,,,,,,,,,,,,,,,,,,,,,,,,,,
,,,,,,,,,,,,,,,,,107,4,2024-09-05_15h33.34.906,Symbol-E,2020.1.3,MacIntel,Safari,"Mozilla/5.0 (Macintosh; Intel Mac OS X 10_15_7) AppleWebKit/605.1.15 (KHTML, like Gecko) Version/17.6 Safari/605.1.15",60,,,,,,,,,,,,,,,,,,,,,,,,,,,,,,,,,,,,0,0,0,Hand,a,TR,0,0,0,0,8,0,73,0,1,2,1.178917924,a,1.231,0,1,,,,,,,,,,,,,,,,,,a,1,1.231,0,0,0,0,1,,,,,,,,,,,,,,,,,,,,,,,,,,,,,,,,,,,,,,,,,,,,,,,,,,,,,,,,,,,,,,,,,,,,,,,,,,,,,,,,,,,,,,
,,,,,,,,,,,,,,,,,107,4,2024-09-05_15h33.34.906,Symbol-E,2020.1.3,MacIntel,Safari,"Mozilla/5.0 (Macintosh; Intel Mac OS X 10_15_7) AppleWebKit/605.1.15 (KHTML, like Gecko) Version/17.6 Safari/605.1.15",60,,,,,,,,,,,,,,,,,,,,,,,,,,,,,,,,,,,,,,,,,,,,,,,,,,,,,,,,,,,,,,,,,,,,,,,,,,,,,,,,,,73,0,73,0,1,,,,,,,,,,,,,,,,,,,,,,,,,,,,,,,,,,,,,,,,,,,,,,,,,,,,,,,,,,,,,,,,,,,,,,,,,,,,,,,,,
,,,,,,,,,,,,,,,,,107,4,2024-09-05_15h33.34.906,Symbol-E,2020.1.3,MacIntel,Safari,"Mozilla/5.0 (Macintosh; Intel Mac OS X 10_15_7) AppleWebKit/605.1.15 (KHTML, like Gecko) Version/17.6 Safari/605.1.15",60,,,,,,,,,,,,,,,,,,,,,,,,,,,,,,,,,,,,4,4,0,Hand,h,TR,0,0,0,0,8,0,74,0,1,2,0.864394415,h,1.217,4,1,,,,,,,,,,,,,,,,,,h,1,1.217,0,0,0,0,1,,,,,,,,,,,,,,,,,,,,,,,,,,,,,,,,,,,,,,,,,,,,,,,,,,,,,,,,,,,,,,,,,,,,,,,,,,,,,,,,,,,,,,
,,,,,,,,,,,,,,,,,107,4,2024-09-05_15h33.34.906,Symbol-E,2020.1.3,MacIntel,Safari,"Mozilla/5.0 (Macintosh; Intel Mac OS X 10_15_7) AppleWebKit/605.1.15 (KHTML, like Gecko) Version/17.6 Safari/605.1.15",60,,,,,,,,,,,,,,,,,,,,,,,,,,,,,,,,,,,,,,,,,,,,,,,,,,,,,,,,,,,,,,,,,,,,,,,,,,,,,,,,,,74,0,74,0,1,,,,,,,,,,,,,,,,,,,,,,,,,,,,,,,,,,,,,,,,,,,,,,,,,,,,,,,,,,,,,,,,,,,,,,,,,,,,,,,,,
,,,,,,,,,,,,,,,,,107,4,2024-09-05_15h33.34.906,Symbol-E,2020.1.3,MacIntel,Safari,"Mozilla/5.0 (Macintosh; Intel Mac OS X 10_15_7) AppleWebKit/605.1.15 (KHTML, like Gecko) Version/17.6 Safari/605.1.15",60,,,,,,,,,,,,,,,,,,,,,,,,,,,,,,,,,,,,7,7,3,Hand,l,TR,0,0,0,0,8,0,75,0,1,2,0.238003886,i,1.266,6,0,,,,,,,,,,,,,,,,,,i,0,1.266,0,0,0,0,1,,,,,,,,,,,,,,,,,,,,,,,,,,,,,,,,,,,,,,,,,,,,,,,,,,,,,,,,,,,,,,,,,,,,,,,,,,,,,,,,,,,,,,
,,,,,,,,,,,,,,,,,107,4,2024-09-05_15h33.34.906,Symbol-E,2020.1.3,MacIntel,Safari,"Mozilla/5.0 (Macintosh; Intel Mac OS X 10_15_7) AppleWebKit/605.1.15 (KHTML, like Gecko) Version/17.6 Safari/605.1.15",60,,,,,,,,,,,,,,,,,,,,,,,,,,,,,,,,,,,,,,,,,,,,,,,,,,,,,,,,,,,,,,,,,,,,,,,,,,,,,,,,,,75,0,75,0,1,,,,,,,,,,,,,,,,,,,,,,,,,,,,,,,,,,,,,,,,,,,,,,,,,,,,,,,,,,,,,,,,,,,,,,,,,,,,,,,,,
,,,,,,,,,,,,,,,,,107,4,2024-09-05_15h33.34.906,Symbol-E,2020.1.3,MacIntel,Safari,"Mozilla/5.0 (Macintosh; Intel Mac OS X 10_15_7) AppleWebKit/605.1.15 (KHTML, like Gecko) Version/17.6 Safari/605.1.15",60,,,,,,,,,,,,,,,,,,,,,,,,,,,,,,,,,,,,1,1,1,Hand,w,TR,0,0,0,0,8,0,76,0,1,2,0.922117561,w,1.353,1,1,,,,,,,,,,,,,,,,,,w,1,1.353,0,0,0,0,1,,,,,,,,,,,,,,,,,,,,,,,,,,,,,,,,,,,,,,,,,,,,,,,,,,,,,,,,,,,,,,,,,,,,,,,,,,,,,,,,,,,,,,
,,,,,,,,,,,,,,,,,107,4,2024-09-05_15h33.34.906,Symbol-E,2020.1.3,MacIntel,Safari,"Mozilla/5.0 (Macintosh; Intel Mac OS X 10_15_7) AppleWebKit/605.1.15 (KHTML, like Gecko) Version/17.6 Safari/605.1.15",60,,,,,,,,,,,,,,,,,,,,,,,,,,,,,,,,,,,,,,,,,,,,,,,,,,,,,,,,,,,,,,,,,,,,,,,,,,,,,,,,,,76,0,76,0,1,,,,,,,,,,,,,,,,,,,,,,,,,,,,,,,,,,,,,,,,,,,,,,,,,,,,,,,,,,,,,,,,,,,,,,,,,,,,,,,,,
,,,,,,,,,,,,,,,,,107,4,2024-09-05_15h33.34.906,Symbol-E,2020.1.3,MacIntel,Safari,"Mozilla/5.0 (Macintosh; Intel Mac OS X 10_15_7) AppleWebKit/605.1.15 (KHTML, like Gecko) Version/17.6 Safari/605.1.15",60,,,,,,,,,,,,,,,,,,,,,,,,,,,,,,,,,,,,3,3,3,Hand,f,TR,0,0,0,0,8,0,77,0,1,2,0.602884233,f,1.236,3,1,,,,,,,,,,,,,,,,,,f,1,1.236,0,0,0,0,1,,,,,,,,,,,,,,,,,,,,,,,,,,,,,,,,,,,,,,,,,,,,,,,,,,,,,,,,,,,,,,,,,,,,,,,,,,,,,,,,,,,,,,
,,,,,,,,,,,,,,,,,107,4,2024-09-05_15h33.34.906,Symbol-E,2020.1.3,MacIntel,Safari,"Mozilla/5.0 (Macintosh; Intel Mac OS X 10_15_7) AppleWebKit/605.1.15 (KHTML, like Gecko) Version/17.6 Safari/605.1.15",60,,,,,,,,,,,,,,,,,,,,,,,,,,,,,,,,,,,,,,,,,,,,,,,,,,,,,,,,,,,,,,,,,,,,,,,,,,,,,,,,,,77,0,77,0,1,,,,,,,,,,,,,,,,,,,,,,,,,,,,,,,,,,,,,,,,,,,,,,,,,,,,,,,,,,,,,,,,,,,,,,,,,,,,,,,,,
,,,,,,,,,,,,,,,,,107,4,2024-09-05_15h33.34.906,Symbol-E,2020.1.3,MacIntel,Safari,"Mozilla/5.0 (Macintosh; Intel Mac OS X 10_15_7) AppleWebKit/605.1.15 (KHTML, like Gecko) Version/17.6 Safari/605.1.15",60,,,,,,,,,,,,,,,,,,,,,,,,,,,,,,,,,,,,2,2,2,Hand,e,TR,0,0,0,0,8,0,78,0,1,2,0.072618726,h,1.35,4,0,,,,,,,,,,,,,,,,,,h,0,1.35,0,0,0,0,1,,,,,,,,,,,,,,,,,,,,,,,,,,,,,,,,,,,,,,,,,,,,,,,,,,,,,,,,,,,,,,,,,,,,,,,,,,,,,,,,,,,,,,
,,,,,,,,,,,,,,,,,107,4,2024-09-05_15h33.34.906,Symbol-E,2020.1.3,MacIntel,Safari,"Mozilla/5.0 (Macintosh; Intel Mac OS X 10_15_7) AppleWebKit/605.1.15 (KHTML, like Gecko) Version/17.6 Safari/605.1.15",60,,,,,,,,,,,,,,,,,,,,,,,,,,,,,,,,,,,,,,,,,,,,,,,,,,,,,,,,,,,,,,,,,,,,,,,,,,,,,,,,,,78,0,78,0,1,,,,,,,,,,,,,,,,,,,,,,,,,,,,,,,,,,,,,,,,,,,,,,,,,,,,,,,,,,,,,,,,,,,,,,,,,,,,,,,,,
,,,,,,,,,,,,,,,,,107,4,2024-09-05_15h33.34.906,Symbol-E,2020.1.3,MacIntel,Safari,"Mozilla/5.0 (Macintosh; Intel Mac OS X 10_15_7) AppleWebKit/605.1.15 (KHTML, like Gecko) Version/17.6 Safari/605.1.15",60,,,,,,,,,,,,,,,,,,,,,,,,,,,,,,,,,,,,7,7,3,Hand,l,TR,0,0,0,0,8,0,79,0,1,2,0.25992417,f,1.324,3,0,,,,,,,,,,,,,,,,,,f,0,1.324,0,0,0,0,1,,,,,,,,,,,,,,,,,,,,,,,,,,,,,,,,,,,,,,,,,,,,,,,,,,,,,,,,,,,,,,,,,,,,,,,,,,,,,,,,,,,,,,
,,,,,,,,,,,,,,,,,107,4,2024-09-05_15h33.34.906,Symbol-E,2020.1.3,MacIntel,Safari,"Mozilla/5.0 (Macintosh; Intel Mac OS X 10_15_7) AppleWebKit/605.1.15 (KHTML, like Gecko) Version/17.6 Safari/605.1.15",60,,,,,,,,,,,,,,,,,,,,,,,,,,,,,,,,,,,,,,,,,,,,,,,,,,,,,,,,,,,,,,,,,,,,,,,,,,,,,,,,,,79,0,79,0,1,,,,,,,,,,,,,,,,,,,,,,,,,,,,,,,,,,,,,,,,,,,,,,,,,,,,,,,,,,,,,,,,,,,,,,,,,,,,,,,,,
,,,,,,,,,,,,,,,,,107,4,2024-09-05_15h33.34.906,Symbol-E,2020.1.3,MacIntel,Safari,"Mozilla/5.0 (Macintosh; Intel Mac OS X 10_15_7) AppleWebKit/605.1.15 (KHTML, like Gecko) Version/17.6 Safari/605.1.15",60,,,,,,,,,,,,,,,,,,,,,,,,,,,,,,,,,,,,3,3,3,Hand,f,TR,0,0,0,0,8,0,80,0,1,2,0.476527495,f,1.184,3,1,,,,,,,,,,,,,,,,,,f,1,1.184,0,0,0,0,1,,,,,,,,,,,,,,,,,,,,,,,,,,,,,,,,,,,,,,,,,,,,,,,,,,,,,,,,,,,,,,,,,,,,,,,,,,,,,,,,,,,,,,
,,,,,,,,,,,,,,,,,107,4,2024-09-05_15h33.34.906,Symbol-E,2020.1.3,MacIntel,Safari,"Mozilla/5.0 (Macintosh; Intel Mac OS X 10_15_7) AppleWebKit/605.1.15 (KHTML, like Gecko) Version/17.6 Safari/605.1.15",60,,,,,,,,,,,,,,,,,,,,,,,,,,,,,,,,,,,,,,,,,,,,,,,,,,,,,,,,,,,,,,,,,,,,,,,,,,,,,,,,,,80,0,80,0,1,,,,,,,,,,,,,,,,,,,,,,,,,,,,,,,,,,,,,,,,,,,,,,,,,,,,,,,,,,,,,,,,,,,,,,,,,,,,,,,,,
,,,,,,,,,,,,,,,,,107,4,2024-09-05_15h33.34.906,Symbol-E,2020.1.3,MacIntel,Safari,"Mozilla/5.0 (Macintosh; Intel Mac OS X 10_15_7) AppleWebKit/605.1.15 (KHTML, like Gecko) Version/17.6 Safari/605.1.15",60,,,,,,,,,,,,,,,,,,,,,,,,,,,,,,,,,,,,4,4,0,Hand,h,TR,0,0,0,0,8,0,81,0,1,2,0.478087179,h,1.302,4,1,,,,,,,,,,,,,,,,,,h,1,1.302,0,0,0,0,1,,,,,,,,,,,,,,,,,,,,,,,,,,,,,,,,,,,,,,,,,,,,,,,,,,,,,,,,,,,,,,,,,,,,,,,,,,,,,,,,,,,,,,
,,,,,,,,,,,,,,,,,107,4,2024-09-05_15h33.34.906,Symbol-E,2020.1.3,MacIntel,Safari,"Mozilla/5.0 (Macintosh; Intel Mac OS X 10_15_7) AppleWebKit/605.1.15 (KHTML, like Gecko) Version/17.6 Safari/605.1.15",60,,,,,,,,,,,,,,,,,,,,,,,,,,,,,,,,,,,,,,,,,,,,,,,,,,,,,,,,,,,,,,,,,,,,,,,,,,,,,,,,,,81,0,81,0,1,,,,,,,,,,,,,,,,,,,,,,,,,,,,,,,,,,,,,,,,,,,,,,,,,,,,,,,,,,,,,,,,,,,,,,,,,,,,,,,,,
,,,,,,,,,,,,,,,,,107,4,2024-09-05_15h33.34.906,Symbol-E,2020.1.3,MacIntel,Safari,"Mozilla/5.0 (Macintosh; Intel Mac OS X 10_15_7) AppleWebKit/605.1.15 (KHTML, like Gecko) Version/17.6 Safari/605.1.15",60,,,,,,,,,,,,,,,,,,,,,,,,,,,,,,,,,,,,0,0,0,Hand,a,TR,0,0,0,0,8,0,82,0,1,2,0.647749382,a,1.385,0,1,,,,,,,,,,,,,,,,,,a,1,1.385,0,0,0,0,1,,,,,,,,,,,,,,,,,,,,,,,,,,,,,,,,,,,,,,,,,,,,,,,,,,,,,,,,,,,,,,,,,,,,,,,,,,,,,,,,,,,,,,
,,,,,,,,,,,,,,,,,107,4,2024-09-05_15h33.34.906,Symbol-E,2020.1.3,MacIntel,Safari,"Mozilla/5.0 (Macintosh; Intel Mac OS X 10_15_7) AppleWebKit/605.1.15 (KHTML, like Gecko) Version/17.6 Safari/605.1.15",60,,,,,,,,,,,,,,,,,,,,,,,,,,,,,,,,,,,,,,,,,,,,,,,,,,,,,,,,,,,,,,,,,,,,,,,,,,,,,,,,,,82,0,82,0,1,,,,,,,,,,,,,,,,,,,,,,,,,,,,,,,,,,,,,,,,,,,,,,,,,,,,,,,,,,,,,,,,,,,,,,,,,,,,,,,,,
,,,,,,,,,,,,,,,,,107,4,2024-09-05_15h33.34.906,Symbol-E,2020.1.3,MacIntel,Safari,"Mozilla/5.0 (Macintosh; Intel Mac OS X 10_15_7) AppleWebKit/605.1.15 (KHTML, like Gecko) Version/17.6 Safari/605.1.15",60,,,,,,,,,,,,,,,,,,,,,,,,,,,,,,,,,,,,5,5,1,Hand,u,TR,0,0,0,0,8,0,83,0,1,2,0.613300176,u,1.264,5,1,,,,,,,,,,,,,,,,,,u,1,1.264,0,0,0,0,1,,,,,,,,,,,,,,,,,,,,,,,,,,,,,,,,,,,,,,,,,,,,,,,,,,,,,,,,,,,,,,,,,,,,,,,,,,,,,,,,,,,,,,
,,,,,,,,,,,,,,,,,107,4,2024-09-05_15h33.34.906,Symbol-E,2020.1.3,MacIntel,Safari,"Mozilla/5.0 (Macintosh; Intel Mac OS X 10_15_7) AppleWebKit/605.1.15 (KHTML, like Gecko) Version/17.6 Safari/605.1.15",60,,,,,,,,,,,,,,,,,,,,,,,,,,,,,,,,,,,,,,,,,,,,,,,,,,,,,,,,,,,,,,,,,,,,,,,,,,,,,,,,,,83,0,83,0,1,,,,,,,,,,,,,,,,,,,,,,,,,,,,,,,,,,,,,,,,,,,,,,,,,,,,,,,,,,,,,,,,,,,,,,,,,,,,,,,,,
,,,,,,,,,,,,,,,,,107,4,2024-09-05_15h33.34.906,Symbol-E,2020.1.3,MacIntel,Safari,"Mozilla/5.0 (Macintosh; Intel Mac OS X 10_15_7) AppleWebKit/605.1.15 (KHTML, like Gecko) Version/17.6 Safari/605.1.15",60,,,,,,,,,,,,,,,,,,,,,,,,,,,,,,,,,,,,7,7,3,Hand,l,TR,0,0,0,0,8,0,84,0,1,2,0.696665524,l,1.255,7,1,,,,,,,,,,,,,,,,,,l,1,1.255,0,0,0,0,1,,,,,,,,,,,,,,,,,,,,,,,,,,,,,,,,,,,,,,,,,,,,,,,,,,,,,,,,,,,,,,,,,,,,,,,,,,,,,,,,,,,,,,
,,,,,,,,,,,,,,,,,107,4,2024-09-05_15h33.34.906,Symbol-E,2020.1.3,MacIntel,Safari,"Mozilla/5.0 (Macintosh; Intel Mac OS X 10_15_7) AppleWebKit/605.1.15 (KHTML, like Gecko) Version/17.6 Safari/605.1.15",60,,,,,,,,,,,,,,,,,,,,,,,,,,,,,,,,,,,,,,,,,,,,,,,,,,,,,,,,,,,,,,,,,,,,,,,,,,,,,,,,,,84,0,84,0,1,,,,,,,,,,,,,,,,,,,,,,,,,,,,,,,,,,,,,,,,,,,,,,,,,,,,,,,,,,,,,,,,,,,,,,,,,,,,,,,,,
,,,,,,,,,,,,,,,,,107,4,2024-09-05_15h33.34.906,Symbol-E,2020.1.3,MacIntel,Safari,"Mozilla/5.0 (Macintosh; Intel Mac OS X 10_15_7) AppleWebKit/605.1.15 (KHTML, like Gecko) Version/17.6 Safari/605.1.15",60,,,,,,,,,,,,,,,,,,,,,,,,,,,,,,,,,,,,4,4,0,Hand,h,TR,0,0,0,0,8,0,85,0,1,2,0.785876467,h,1.259,4,1,,,,,,,,,,,,,,,,,,h,1,1.259,0,0,0,0,1,,,,,,,,,,,,,,,,,,,,,,,,,,,,,,,,,,,,,,,,,,,,,,,,,,,,,,,,,,,,,,,,,,,,,,,,,,,,,,,,,,,,,,
,,,,,,,,,,,,,,,,,107,4,2024-09-05_15h33.34.906,Symbol-E,2020.1.3,MacIntel,Safari,"Mozilla/5.0 (Macintosh; Intel Mac OS X 10_15_7) AppleWebKit/605.1.15 (KHTML, like Gecko) Version/17.6 Safari/605.1.15",60,,,,,,,,,,,,,,,,,,,,,,,,,,,,,,,,,,,,,,,,,,,,,,,,,,,,,,,,,,,,,,,,,,,,,,,,,,,,,,,,,,85,0,85,0,1,,,,,,,,,,,,,,,,,,,,,,,,,,,,,,,,,,,,,,,,,,,,,,,,,,,,,,,,,,,,,,,,,,,,,,,,,,,,,,,,,
,,,,,,,,,,,,,,,,,107,4,2024-09-05_15h33.34.906,Symbol-E,2020.1.3,MacIntel,Safari,"Mozilla/5.0 (Macintosh; Intel Mac OS X 10_15_7) AppleWebKit/605.1.15 (KHTML, like Gecko) Version/17.6 Safari/605.1.15",60,,,,,,,,,,,,,,,,,,,,,,,,,,,,,,,,,,,,1,1,1,Hand,w,TR,0,0,0,0,8,0,86,0,1,2,1.115769034,w,1.247,1,1,,,,,,,,,,,,,,,,,,w,1,1.247,0,0,0,0,1,,,,,,,,,,,,,,,,,,,,,,,,,,,,,,,,,,,,,,,,,,,,,,,,,,,,,,,,,,,,,,,,,,,,,,,,,,,,,,,,,,,,,,
,,,,,,,,,,,,,,,,,107,4,2024-09-05_15h33.34.906,Symbol-E,2020.1.3,MacIntel,Safari,"Mozilla/5.0 (Macintosh; Intel Mac OS X 10_15_7) AppleWebKit/605.1.15 (KHTML, like Gecko) Version/17.6 Safari/605.1.15",60,,,,,,,,,,,,,,,,,,,,,,,,,,,,,,,,,,,,,,,,,,,,,,,,,,,,,,,,,,,,,,,,,,,,,,,,,,,,,,,,,,86,0,86,0,1,,,,,,,,,,,,,,,,,,,,,,,,,,,,,,,,,,,,,,,,,,,,,,,,,,,,,,,,,,,,,,,,,,,,,,,,,,,,,,,,,
,,,,,,,,,,,,,,,,,107,4,2024-09-05_15h33.34.906,Symbol-E,2020.1.3,MacIntel,Safari,"Mozilla/5.0 (Macintosh; Intel Mac OS X 10_15_7) AppleWebKit/605.1.15 (KHTML, like Gecko) Version/17.6 Safari/605.1.15",60,,,,,,,,,,,,,,,,,,,,,,,,,,,,,,,,,,,,6,6,2,Hand,i,TR,0,0,0,0,8,0,87,0,1,2,0.103530493,l,1.249,7,0,,,,,,,,,,,,,,,,,,l,0,1.249,0,0,0,0,1,,,,,,,,,,,,,,,,,,,,,,,,,,,,,,,,,,,,,,,,,,,,,,,,,,,,,,,,,,,,,,,,,,,,,,,,,,,,,,,,,,,,,,
,,,,,,,,,,,,,,,,,107,4,2024-09-05_15h33.34.906,Symbol-E,2020.1.3,MacIntel,Safari,"Mozilla/5.0 (Macintosh; Intel Mac OS X 10_15_7) AppleWebKit/605.1.15 (KHTML, like Gecko) Version/17.6 Safari/605.1.15",60,,,,,,,,,,,,,,,,,,,,,,,,,,,,,,,,,,,,,,,,,,,,,,,,,,,,,,,,,,,,,,,,,,,,,,,,,,,,,,,,,,87,0,87,0,1,,,,,,,,,,,,,,,,,,,,,,,,,,,,,,,,,,,,,,,,,,,,,,,,,,,,,,,,,,,,,,,,,,,,,,,,,,,,,,,,,
,,,,,,,,,,,,,,,,,107,4,2024-09-05_15h33.34.906,Symbol-E,2020.1.3,MacIntel,Safari,"Mozilla/5.0 (Macintosh; Intel Mac OS X 10_15_7) AppleWebKit/605.1.15 (KHTML, like Gecko) Version/17.6 Safari/605.1.15",60,,,,,,,,,,,,,,,,,,,,,,,,,,,,,,,,,,,,0,0,0,Hand,a,TR,0,0,0,0,8,0,88,0,1,2,1.085992726,a,1.356,0,1,,,,,,,,,,,,,,,,,,a,1,1.356,0,0,0,0,1,,,,,,,,,,,,,,,,,,,,,,,,,,,,,,,,,,,,,,,,,,,,,,,,,,,,,,,,,,,,,,,,,,,,,,,,,,,,,,,,,,,,,,
,,,,,,,,,,,,,,,,,107,4,2024-09-05_15h33.34.906,Symbol-E,2020.1.3,MacIntel,Safari,"Mozilla/5.0 (Macintosh; Intel Mac OS X 10_15_7) AppleWebKit/605.1.15 (KHTML, like Gecko) Version/17.6 Safari/605.1.15",60,,,,,,,,,,,,,,,,,,,,,,,,,,,,,,,,,,,,,,,,,,,,,,,,,,,,,,,,,,,,,,,,,,,,,,,,,,,,,,,,,,88,0,88,0,1,,,,,,,,,,,,,,,,,,,,,,,,,,,,,,,,,,,,,,,,,,,,,,,,,,,,,,,,,,,,,,,,,,,,,,,,,,,,,,,,,
,,,,,,,,,,,,,,,,,107,4,2024-09-05_15h33.34.906,Symbol-E,2020.1.3,MacIntel,Safari,"Mozilla/5.0 (Macintosh; Intel Mac OS X 10_15_7) AppleWebKit/605.1.15 (KHTML, like Gecko) Version/17.6 Safari/605.1.15",60,,,,,,,,,,,,,,,,,,,,,,,,,,,,,,,,,,,,7,7,3,Hand,l,TR,0,0,0,0,8,0,89,0,1,2,0.811119587,l,1.309,7,1,,,,,,,,,,,,,,,,,,l,1,1.309,0,0,0,0,1,,,,,,,,,,,,,,,,,,,,,,,,,,,,,,,,,,,,,,,,,,,,,,,,,,,,,,,,,,,,,,,,,,,,,,,,,,,,,,,,,,,,,,
,,,,,,,,,,,,,,,,,107,4,2024-09-05_15h33.34.906,Symbol-E,2020.1.3,MacIntel,Safari,"Mozilla/5.0 (Macintosh; Intel Mac OS X 10_15_7) AppleWebKit/605.1.15 (KHTML, like Gecko) Version/17.6 Safari/605.1.15",60,,,,,,,,,,,,,,,,,,,,,,,,,,,,,,,,,,,,,,,,,,,,,,,,,,,,,,,,,,,,,,,,,,,,,,,,,,,,,,,,,,89,0,89,0,1,,,,,,,,,,,,,,,,,,,,,,,,,,,,,,,,,,,,,,,,,,,,,,,,,,,,,,,,,,,,,,,,,,,,,,,,,,,,,,,,,
,,,,,,,,,,,,,,,,,107,4,2024-09-05_15h33.34.906,Symbol-E,2020.1.3,MacIntel,Safari,"Mozilla/5.0 (Macintosh; Intel Mac OS X 10_15_7) AppleWebKit/605.1.15 (KHTML, like Gecko) Version/17.6 Safari/605.1.15",60,,,,,,,,,,,,,,,,,,,,,,,,,,,,,,,,,,,,3,3,3,Hand,f,TR,0,0,0,0,8,0,90,0,1,2,0.268653964,f,1.332,3,1,,,,,,,,,,,,,,,,,,f,1,1.332,0,0,0,0,1,,,,,,,,,,,,,,,,,,,,,,,,,,,,,,,,,,,,,,,,,,,,,,,,,,,,,,,,,,,,,,,,,,,,,,,,,,,,,,,,,,,,,,
,,,,,,,,,,,,,,,,,107,4,2024-09-05_15h33.34.906,Symbol-E,2020.1.3,MacIntel,Safari,"Mozilla/5.0 (Macintosh; Intel Mac OS X 10_15_7) AppleWebKit/605.1.15 (KHTML, like Gecko) Version/17.6 Safari/605.1.15",60,,,,,,,,,,,,,,,,,,,,,,,,,,,,,,,,,,,,,,,,,,,,,,,,,,,,,,,,,,,,,,,,,,,,,,,,,,,,,,,,,,90,0,90,0,1,,,,,,,,,,,,,,,,,,,,,,,,,,,,,,,,,,,,,,,,,,,,,,,,,,,,,,,,,,,,,,,,,,,,,,,,,,,,,,,,,
,,,,,,,,,,,,,,,,,107,4,2024-09-05_15h33.34.906,Symbol-E,2020.1.3,MacIntel,Safari,"Mozilla/5.0 (Macintosh; Intel Mac OS X 10_15_7) AppleWebKit/605.1.15 (KHTML, like Gecko) Version/17.6 Safari/605.1.15",60,,,,,,,,,,,,,,,,,,,,,,,,,,,,,,,,,,,,5,5,1,Hand,u,TR,0,0,0,0,8,0,91,0,1,2,0.133356167,h,1.381,4,0,,,,,,,,,,,,,,,,,,h,0,1.381,0,0,0,0,1,,,,,,,,,,,,,,,,,,,,,,,,,,,,,,,,,,,,,,,,,,,,,,,,,,,,,,,,,,,,,,,,,,,,,,,,,,,,,,,,,,,,,,
,,,,,,,,,,,,,,,,,107,4,2024-09-05_15h33.34.906,Symbol-E,2020.1.3,MacIntel,Safari,"Mozilla/5.0 (Macintosh; Intel Mac OS X 10_15_7) AppleWebKit/605.1.15 (KHTML, like Gecko) Version/17.6 Safari/605.1.15",60,,,,,,,,,,,,,,,,,,,,,,,,,,,,,,,,,,,,,,,,,,,,,,,,,,,,,,,,,,,,,,,,,,,,,,,,,,,,,,,,,,91,0,91,0,1,,,,,,,,,,,,,,,,,,,,,,,,,,,,,,,,,,,,,,,,,,,,,,,,,,,,,,,,,,,,,,,,,,,,,,,,,,,,,,,,,
,,,,,,,,,,,,,,,,,107,4,2024-09-05_15h33.34.906,Symbol-E,2020.1.3,MacIntel,Safari,"Mozilla/5.0 (Macintosh; Intel Mac OS X 10_15_7) AppleWebKit/605.1.15 (KHTML, like Gecko) Version/17.6 Safari/605.1.15",60,,,,,,,,,,,,,,,,,,,,,,,,,,,,,,,,,,,,6,6,2,Hand,i,TR,0,0,0,0,8,0,92,0,1,2,0.707173021,i,1.088,6,1,,,,,,,,,,,,,,,,,,i,1,1.088,0,0,0,0,1,,,,,,,,,,,,,,,,,,,,,,,,,,,,,,,,,,,,,,,,,,,,,,,,,,,,,,,,,,,,,,,,,,,,,,,,,,,,,,,,,,,,,,
,,,,,,,,,,,,,,,,,107,4,2024-09-05_15h33.34.906,Symbol-E,2020.1.3,MacIntel,Safari,"Mozilla/5.0 (Macintosh; Intel Mac OS X 10_15_7) AppleWebKit/605.1.15 (KHTML, like Gecko) Version/17.6 Safari/605.1.15",60,,,,,,,,,,,,,,,,,,,,,,,,,,,,,,,,,,,,,,,,,,,,,,,,,,,,,,,,,,,,,,,,,,,,,,,,,,,,,,,,,,92,0,92,0,1,,,,,,,,,,,,,,,,,,,,,,,,,,,,,,,,,,,,,,,,,,,,,,,,,,,,,,,,,,,,,,,,,,,,,,,,,,,,,,,,,
,,,,,,,,,,,,,,,,,107,4,2024-09-05_15h33.34.906,Symbol-E,2020.1.3,MacIntel,Safari,"Mozilla/5.0 (Macintosh; Intel Mac OS X 10_15_7) AppleWebKit/605.1.15 (KHTML, like Gecko) Version/17.6 Safari/605.1.15",60,,,,,,,,,,,,,,,,,,,,,,,,,,,,,,,,,,,,1,1,1,Hand,w,TR,0,0,0,0,8,0,93,0,1,2,0.091531438,e,1.252,2,0,,,,,,,,,,,,,,,,,,e,0,1.252,0,0,0,0,1,,,,,,,,,,,,,,,,,,,,,,,,,,,,,,,,,,,,,,,,,,,,,,,,,,,,,,,,,,,,,,,,,,,,,,,,,,,,,,,,,,,,,,
,,,,,,,,,,,,,,,,,107,4,2024-09-05_15h33.34.906,Symbol-E,2020.1.3,MacIntel,Safari,"Mozilla/5.0 (Macintosh; Intel Mac OS X 10_15_7) AppleWebKit/605.1.15 (KHTML, like Gecko) Version/17.6 Safari/605.1.15",60,,,,,,,,,,,,,,,,,,,,,,,,,,,,,,,,,,,,,,,,,,,,,,,,,,,,,,,,,,,,,,,,,,,,,,,,,,,,,,,,,,93,0,93,0,1,,,,,,,,,,,,,,,,,,,,,,,,,,,,,,,,,,,,,,,,,,,,,,,,,,,,,,,,,,,,,,,,,,,,,,,,,,,,,,,,,
,,,,,,,,,,,,,,,,,107,4,2024-09-05_15h33.34.906,Symbol-E,2020.1.3,MacIntel,Safari,"Mozilla/5.0 (Macintosh; Intel Mac OS X 10_15_7) AppleWebKit/605.1.15 (KHTML, like Gecko) Version/17.6 Safari/605.1.15",60,,,,,,,,,,,,,,,,,,,,,,,,,,,,,,,,,,,,2,2,2,Hand,e,TR,0,0,0,0,8,0,94,0,1,2,1.195781924,e,1.304,2,1,,,,,,,,,,,,,,,,,,e,1,1.304,0,0,0,0,1,,,,,,,,,,,,,,,,,,,,,,,,,,,,,,,,,,,,,,,,,,,,,,,,,,,,,,,,,,,,,,,,,,,,,,,,,,,,,,,,,,,,,,
,,,,,,,,,,,,,,,,,107,4,2024-09-05_15h33.34.906,Symbol-E,2020.1.3,MacIntel,Safari,"Mozilla/5.0 (Macintosh; Intel Mac OS X 10_15_7) AppleWebKit/605.1.15 (KHTML, like Gecko) Version/17.6 Safari/605.1.15",60,,,,,,,,,,,,,,,,,,,,,,,,,,,,,,,,,,,,,,,,,,,,,,,,,,,,,,,,,,,,,,,,,,,,,,,,,,,,,,,,,,94,0,94,0,1,,,,,,,,,,,,,,,,,,,,,,,,,,,,,,,,,,,,,,,,,,,,,,,,,,,,,,,,,,,,,,,,,,,,,,,,,,,,,,,,,
,,,,,,,,,,,,,,,,,107,4,2024-09-05_15h33.34.906,Symbol-E,2020.1.3,MacIntel,Safari,"Mozilla/5.0 (Macintosh; Intel Mac OS X 10_15_7) AppleWebKit/605.1.15 (KHTML, like Gecko) Version/17.6 Safari/605.1.15",60,,,,,,,,,,,,,,,,,,,,,,,,,,,,,,,,,,,,2,2,2,Hand,e,TR,0,0,0,0,8,0,95,0,1,2,0.251712266,w,1.403,1,0,,,,,,,,,,,,,,,,,,w,0,1.403,0,0,0,0,1,,,,,,,,,,,,,,,,,,,,,,,,,,,,,,,,,,,,,,,,,,,,,,,,,,,,,,,,,,,,,,,,,,,,,,,,,,,,,,,,,,,,,,
,,,,,,,,,,,,,,,,,107,4,2024-09-05_15h33.34.906,Symbol-E,2020.1.3,MacIntel,Safari,"Mozilla/5.0 (Macintosh; Intel Mac OS X 10_15_7) AppleWebKit/605.1.15 (KHTML, like Gecko) Version/17.6 Safari/605.1.15",60,,,,,,,,,,,,,,,,,,,,,,,,,,,,,,,,,,,,,,,,,,,,,,,,,,,,,,,,,,,,,,,,,,,,,,,,,,,,,,,,,,95,0,95,0,1,,,,,,,,,,,,,,,,,,,,,,,,,,,,,,,,,,,,,,,,,,,,,,,,,,,,,,,,,,,,,,,,,,,,,,,,,,,,,,,,,
,,,,,,,,,,,,,,,,,107,4,2024-09-05_15h33.34.906,Symbol-E,2020.1.3,MacIntel,Safari,"Mozilla/5.0 (Macintosh; Intel Mac OS X 10_15_7) AppleWebKit/605.1.15 (KHTML, like Gecko) Version/17.6 Safari/605.1.15",60,,,,,,,,,,,,,,,,,,,,,,,,,,,,,,,,,,,,,,,,,,,,,,,,,,,,,,,,,,,,,,,,,,,,,,,,,,,,,,,,,,,,,,,,,,,,,,,,,,,0,0,0,0,1,,,,,,,,,,,,,,,,,,,,,,,,,,,,,,,,,,,,,,,,,,,,,,,,,,,,,,,,,,,,,,,,
,,,,,,,,,,,,,,,,,107,4,2024-09-05_15h33.34.906,Symbol-E,2020.1.3,MacIntel,Safari,"Mozilla/5.0 (Macintosh; Intel Mac OS X 10_15_7) AppleWebKit/605.1.15 (KHTML, like Gecko) Version/17.6 Safari/605.1.15",60,,,,,,,,,,,,,,,,,,,,,,,,,,,,,,,,,,,,media/dmnb.png,2,2,Symb,e,CR,0,0,0,0,8,0,0,0,1,0,99,w,1.815,1,0,,,,,,,,,,,,,,,,,,,,,,,,,,,,,,,,,,,,,,,,,,,,,,,,h,35.419,w,0,1.815,0,0,0,0,1,,,,,,,,,,,,,,,,,,,,,,,,,,,,,,,,,,,,,,,,,,,,,,,,,,,,,,
,,,,,,,,,,,,,,,,,107,4,2024-09-05_15h33.34.906,Symbol-E,2020.1.3,MacIntel,Safari,"Mozilla/5.0 (Macintosh; Intel Mac OS X 10_15_7) AppleWebKit/605.1.15 (KHTML, like Gecko) Version/17.6 Safari/605.1.15",60,,,,,,,,,,,,,,,,,,,,,,,,,,,,,,,,,,,,media/dmnb.png,2,2,Symb,e,CR,0,0,0,0,8,1,0,0,1,0,99,a,1.569,0,0,,,,,,,,,,,,,,,,,,,,,,,,,,,,,,,,,,,,,,,,,,,,,,,,,,a,0,1.569,1,0,1,0,1,,,,,,,,,,,,,,,,,,,,,,,,,,,,,,,,,,,,,,,,,,,,,,,,,,,,,,
,,,,,,,,,,,,,,,,,107,4,2024-09-05_15h33.34.906,Symbol-E,2020.1.3,MacIntel,Safari,"Mozilla/5.0 (Macintosh; Intel Mac OS X 10_15_7) AppleWebKit/605.1.15 (KHTML, like Gecko) Version/17.6 Safari/605.1.15",60,,,,,,,,,,,,,,,,,,,,,,,,,,,,,,,,,,,,media/dmnb.png,2,2,Symb,e,CR,0,0,0,0,8,2,0,0,1,0,99,e,0.299,2,1,,,,,,,,,,,,,,,,,,,,,,,,,,,,,,,,,,,,,,,,,,,,,,,,,,e,1,0.299,2,0,2,0,1,,,,,,,,,,,,,,,,,,,,,,,,,,,,,,,,,,,,,,,,,,,,,,,,,,,,,,
,,,,,,,,,,,,,,,,,107,4,2024-09-05_15h33.34.906,Symbol-E,2020.1.3,MacIntel,Safari,"Mozilla/5.0 (Macintosh; Intel Mac OS X 10_15_7) AppleWebKit/605.1.15 (KHTML, like Gecko) Version/17.6 Safari/605.1.15",60,,,,,,,,,,,,,,,,,,,,,,,,,,,,,,,,,,,,media/dfnb.png,3,3,Symb,f,CR,0,0,0,0,8,0,1,0,1,0,99,w,1.407,1,0,,,,,,,,,,,,,,,,,,,,,,,,,,,,,,,,,,,,,,,,,,,,,,,,,,w,0,1.407,3,0,3,0,1,,,,,,,,,,,,,,,,,,,,,,,,,,,,,,,,,,,,,,,,,,,,,,,,,,,,,,
,,,,,,,,,,,,,,,,,107,4,2024-09-05_15h33.34.906,Symbol-E,2020.1.3,MacIntel,Safari,"Mozilla/5.0 (Macintosh; Intel Mac OS X 10_15_7) AppleWebKit/605.1.15 (KHTML, like Gecko) Version/17.6 Safari/605.1.15",60,,,,,,,,,,,,,,,,,,,,,,,,,,,,,,,,,,,,media/dfnb.png,3,3,Symb,f,CR,0,0,0,0,8,1,1,0,1,0,99,f,0.369,3,1,,,,,,,,,,,,,,,,,,,,,,,,,,,,,,,,,,,,,,,,,,,,,,,,,,f,1,0.369,4,0,4,0,1,,,,,,,,,,,,,,,,,,,,,,,,,,,,,,,,,,,,,,,,,,,,,,,,,,,,,,
,,,,,,,,,,,,,,,,,107,4,2024-09-05_15h33.34.906,Symbol-E,2020.1.3,MacIntel,Safari,"Mozilla/5.0 (Macintosh; Intel Mac OS X 10_15_7) AppleWebKit/605.1.15 (KHTML, like Gecko) Version/17.6 Safari/605.1.15",60,,,,,,,,,,,,,,,,,,,,,,,,,,,,,,,,,,,,media/djnb.png,5,1,Symb,u,CR,0,0,0,0,8,0,2,0,1,0,99,w,1.251,1,0,,,,,,,,,,,,,,,,,,,,,,,,,,,,,,,,,,,,,,,,,,,,,,,,,,w,0,1.251,5,0,5,0,1,,,,,,,,,,,,,,,,,,,,,,,,,,,,,,,,,,,,,,,,,,,,,,,,,,,,,,
,,,,,,,,,,,,,,,,,107,4,2024-09-05_15h33.34.906,Symbol-E,2020.1.3,MacIntel,Safari,"Mozilla/5.0 (Macintosh; Intel Mac OS X 10_15_7) AppleWebKit/605.1.15 (KHTML, like Gecko) Version/17.6 Safari/605.1.15",60,,,,,,,,,,,,,,,,,,,,,,,,,,,,,,,,,,,,media/djnb.png,5,1,Symb,u,CR,0,0,0,0,8,1,2,0,1,0,99,a,0.152,0,0,,,,,,,,,,,,,,,,,,,,,,,,,,,,,,,,,,,,,,,,,,,,,,,,,,a,0,0.152,6,0,6,0,1,,,,,,,,,,,,,,,,,,,,,,,,,,,,,,,,,,,,,,,,,,,,,,,,,,,,,,
,,,,,,,,,,,,,,,,,107,4,2024-09-05_15h33.34.906,Symbol-E,2020.1.3,MacIntel,Safari,"Mozilla/5.0 (Macintosh; Intel Mac OS X 10_15_7) AppleWebKit/605.1.15 (KHTML, like Gecko) Version/17.6 Safari/605.1.15",60,,,,,,,,,,,,,,,,,,,,,,,,,,,,,,,,,,,,media/djnb.png,5,1,Symb,u,CR,0,0,0,0,8,2,2,0,1,0,99,h,0.076,4,0,,,,,,,,,,,,,,,,,,,,,,,,,,,,,,,,,,,,,,,,,,,,,,,,,,h,0,0.076,7,0,7,0,1,,,,,,,,,,,,,,,,,,,,,,,,,,,,,,,,,,,,,,,,,,,,,,,,,,,,,,
,,,,,,,,,,,,,,,,,107,4,2024-09-05_15h33.34.906,Symbol-E,2020.1.3,MacIntel,Safari,"Mozilla/5.0 (Macintosh; Intel Mac OS X 10_15_7) AppleWebKit/605.1.15 (KHTML, like Gecko) Version/17.6 Safari/605.1.15",60,,,,,,,,,,,,,,,,,,,,,,,,,,,,,,,,,,,,media/djnb.png,5,1,Symb,u,CR,0,0,0,0,8,3,2,0,1,0,99,u,0.456,5,1,,,,,,,,,,,,,,,,,,,,,,,,,,,,,,,,,,,,,,,,,,,,,,,,,,u,1,0.456,8,0,8,0,1,,,,,,,,,,,,,,,,,,,,,,,,,,,,,,,,,,,,,,,,,,,,,,,,,,,,,,
,,,,,,,,,,,,,,,,,107,4,2024-09-05_15h33.34.906,Symbol-E,2020.1.3,MacIntel,Safari,"Mozilla/5.0 (Macintosh; Intel Mac OS X 10_15_7) AppleWebKit/605.1.15 (KHTML, like Gecko) Version/17.6 Safari/605.1.15",60,,,,,,,,,,,,,,,,,,,,,,,,,,,,,,,,,,,,media/dinb.png,1,1,Symb,w,CR,0,0,0,0,8,0,3,0,1,0,99,i,0.917,6,0,,,,,,,,,,,,,,,,,,,,,,,,,,,,,,,,,,,,,,,,,,,,,,,,,,i,0,0.917,9,0,9,0,1,,,,,,,,,,,,,,,,,,,,,,,,,,,,,,,,,,,,,,,,,,,,,,,,,,,,,,
,,,,,,,,,,,,,,,,,107,4,2024-09-05_15h33.34.906,Symbol-E,2020.1.3,MacIntel,Safari,"Mozilla/5.0 (Macintosh; Intel Mac OS X 10_15_7) AppleWebKit/605.1.15 (KHTML, like Gecko) Version/17.6 Safari/605.1.15",60,,,,,,,,,,,,,,,,,,,,,,,,,,,,,,,,,,,,media/dinb.png,1,1,Symb,w,CR,0,0,0,0,8,1,3,0,1,0,99,l,0.453,7,0,,,,,,,,,,,,,,,,,,,,,,,,,,,,,,,,,,,,,,,,,,,,,,,,,,l,0,0.453,10,0,10,0,1,,,,,,,,,,,,,,,,,,,,,,,,,,,,,,,,,,,,,,,,,,,,,,,,,,,,,,
,,,,,,,,,,,,,,,,,107,4,2024-09-05_15h33.34.906,Symbol-E,2020.1.3,MacIntel,Safari,"Mozilla/5.0 (Macintosh; Intel Mac OS X 10_15_7) AppleWebKit/605.1.15 (KHTML, like Gecko) Version/17.6 Safari/605.1.15",60,,,,,,,,,,,,,,,,,,,,,,,,,,,,,,,,,,,,media/dinb.png,1,1,Symb,w,CR,0,0,0,0,8,2,3,0,1,0,99,h,0.019,4,0,,,,,,,,,,,,,,,,,,,,,,,,,,,,,,,,,,,,,,,,,,,,,,,,,,h,0,0.019,11,0,11,0,1,,,,,,,,,,,,,,,,,,,,,,,,,,,,,,,,,,,,,,,,,,,,,,,,,,,,,,
,,,,,,,,,,,,,,,,,107,4,2024-09-05_15h33.34.906,Symbol-E,2020.1.3,MacIntel,Safari,"Mozilla/5.0 (Macintosh; Intel Mac OS X 10_15_7) AppleWebKit/605.1.15 (KHTML, like Gecko) Version/17.6 Safari/605.1.15",60,,,,,,,,,,,,,,,,,,,,,,,,,,,,,,,,,,,,media/dinb.png,1,1,Symb,w,CR,0,0,0,0,8,3,3,0,1,0,99,a,0.053,0,0,,,,,,,,,,,,,,,,,,,,,,,,,,,,,,,,,,,,,,,,,,,,,,,,,,a,0,0.053,12,0,12,0,1,,,,,,,,,,,,,,,,,,,,,,,,,,,,,,,,,,,,,,,,,,,,,,,,,,,,,,
,,,,,,,,,,,,,,,,,107,4,2024-09-05_15h33.34.906,Symbol-E,2020.1.3,MacIntel,Safari,"Mozilla/5.0 (Macintosh; Intel Mac OS X 10_15_7) AppleWebKit/605.1.15 (KHTML, like Gecko) Version/17.6 Safari/605.1.15",60,,,,,,,,,,,,,,,,,,,,,,,,,,,,,,,,,,,,media/dinb.png,1,1,Symb,w,CR,0,0,0,0,8,4,3,0,1,0,99,w,0.538,1,1,,,,,,,,,,,,,,,,,,,,,,,,,,,,,,,,,,,,,,,,,,,,,,,,,,w,1,0.538,13,0,13,0,1,,,,,,,,,,,,,,,,,,,,,,,,,,,,,,,,,,,,,,,,,,,,,,,,,,,,,,
,,,,,,,,,,,,,,,,,107,4,2024-09-05_15h33.34.906,Symbol-E,2020.1.3,MacIntel,Safari,"Mozilla/5.0 (Macintosh; Intel Mac OS X 10_15_7) AppleWebKit/605.1.15 (KHTML, like Gecko) Version/17.6 Safari/605.1.15",60,,,,,,,,,,,,,,,,,,,,,,,,,,,,,,,,,,,,media/ddnb.png,4,0,Symb,h,CR,0,0,0,0,8,0,4,0,1,0,99,a,1.118,0,0,,,,,,,,,,,,,,,,,,,,,,,,,,,,,,,,,,,,,,,,,,,,,,,,,,a,0,1.118,14,0,14,0,1,,,,,,,,,,,,,,,,,,,,,,,,,,,,,,,,,,,,,,,,,,,,,,,,,,,,,,
,,,,,,,,,,,,,,,,,107,4,2024-09-05_15h33.34.906,Symbol-E,2020.1.3,MacIntel,Safari,"Mozilla/5.0 (Macintosh; Intel Mac OS X 10_15_7) AppleWebKit/605.1.15 (KHTML, like Gecko) Version/17.6 Safari/605.1.15",60,,,,,,,,,,,,,,,,,,,,,,,,,,,,,,,,,,,,media/ddnb.png,4,0,Symb,h,CR,0,0,0,0,8,1,4,0,1,0,99,h,0.001,4,1,,,,,,,,,,,,,,,,,,,,,,,,,,,,,,,,,,,,,,,,,,,,,,,,,,h,1,0.001,15,0,15,0,1,,,,,,,,,,,,,,,,,,,,,,,,,,,,,,,,,,,,,,,,,,,,,,,,,,,,,,
,,,,,,,,,,,,,,,,,107,4,2024-09-05_15h33.34.906,Symbol-E,2020.1.3,MacIntel,Safari,"Mozilla/5.0 (Macintosh; Intel Mac OS X 10_15_7) AppleWebKit/605.1.15 (KHTML, like Gecko) Version/17.6 Safari/605.1.15",60,,,,,,,,,,,,,,,,,,,,,,,,,,,,,,,,,,,,media/djnb.png,5,1,Symb,u,CR,0,0,0,0,8,0,5,0,1,0,99,u,1.066,5,1,,,,,,,,,,,,,,,,,,,,,,,,,,,,,,,,,,,,,,,,,,,,,,,,,,u,1,1.066,16,0,16,0,1,,,,,,,,,,,,,,,,,,,,,,,,,,,,,,,,,,,,,,,,,,,,,,,,,,,,,,
,,,,,,,,,,,,,,,,,107,4,2024-09-05_15h33.34.906,Symbol-E,2020.1.3,MacIntel,Safari,"Mozilla/5.0 (Macintosh; Intel Mac OS X 10_15_7) AppleWebKit/605.1.15 (KHTML, like Gecko) Version/17.6 Safari/605.1.15",60,,,,,,,,,,,,,,,,,,,,,,,,,,,,,,,,,,,,media/dfnb.png,3,3,Symb,f,CR,0,0,0,0,8,0,6,0,1,0,99,f,1.561,3,1,,,,,,,,,,,,,,,,,,,,,,,,,,,,,,,,,,,,,,,,,,,,,,,,,,f,1,1.561,17,0,17,0,1,,,,,,,,,,,,,,,,,,,,,,,,,,,,,,,,,,,,,,,,,,,,,,,,,,,,,,
,,,,,,,,,,,,,,,,,107,4,2024-09-05_15h33.34.906,Symbol-E,2020.1.3,MacIntel,Safari,"Mozilla/5.0 (Macintosh; Intel Mac OS X 10_15_7) AppleWebKit/605.1.15 (KHTML, like Gecko) Version/17.6 Safari/605.1.15",60,,,,,,,,,,,,,,,,,,,,,,,,,,,,,,,,,,,,media/dcnb.png,0,0,Symb,a,CR,0,0,0,0,8,0,7,0,1,0,99,l,1.122,7,0,,,,,,,,,,,,,,,,,,,,,,,,,,,,,,,,,,,,,,,,,,,,,,,,,,l,0,1.122,18,0,18,0,1,,,,,,,,,,,,,,,,,,,,,,,,,,,,,,,,,,,,,,,,,,,,,,,,,,,,,,
,,,,,,,,,,,,,,,,,107,4,2024-09-05_15h33.34.906,Symbol-E,2020.1.3,MacIntel,Safari,"Mozilla/5.0 (Macintosh; Intel Mac OS X 10_15_7) AppleWebKit/605.1.15 (KHTML, like Gecko) Version/17.6 Safari/605.1.15",60,,,,,,,,,,,,,,,,,,,,,,,,,,,,,,,,,,,,media/dcnb.png,0,0,Symb,a,CR,0,0,0,0,8,1,7,0,1,0,99,i,0.058,6,0,,,,,,,,,,,,,,,,,,,,,,,,,,,,,,,,,,,,,,,,,,,,,,,,,,i,0,0.058,19,0,19,0,1,,,,,,,,,,,,,,,,,,,,,,,,,,,,,,,,,,,,,,,,,,,,,,,,,,,,,,
,,,,,,,,,,,,,,,,,107,4,2024-09-05_15h33.34.906,Symbol-E,2020.1.3,MacIntel,Safari,"Mozilla/5.0 (Macintosh; Intel Mac OS X 10_15_7) AppleWebKit/605.1.15 (KHTML, like Gecko) Version/17.6 Safari/605.1.15",60,,,,,,,,,,,,,,,,,,,,,,,,,,,,,,,,,,,,media/dcnb.png,0,0,Symb,a,CR,0,0,0,0,8,2,7,0,1,0,99,h,1.123,4,0,,,,,,,,,,,,,,,,,,,,,,,,,,,,,,,,,,,,,,,,,,,,,,,,,,h,0,1.123,20,0,20,0,1,,,,,,,,,,,,,,,,,,,,,,,,,,,,,,,,,,,,,,,,,,,,,,,,,,,,,,
,,,,,,,,,,,,,,,,,107,4,2024-09-05_15h33.34.906,Symbol-E,2020.1.3,MacIntel,Safari,"Mozilla/5.0 (Macintosh; Intel Mac OS X 10_15_7) AppleWebKit/605.1.15 (KHTML, like Gecko) Version/17.6 Safari/605.1.15",60,,,,,,,,,,,,,,,,,,,,,,,,,,,,,,,,,,,,media/dcnb.png,0,0,Symb,a,CR,0,0,0,0,8,3,7,0,1,0,99,u,0.42,5,0,,,,,,,,,,,,,,,,,,,,,,,,,,,,,,,,,,,,,,,,,,,,,,,,,,u,0,0.42,21,0,21,0,1,,,,,,,,,,,,,,,,,,,,,,,,,,,,,,,,,,,,,,,,,,,,,,,,,,,,,,
,,,,,,,,,,,,,,,,,107,4,2024-09-05_15h33.34.906,Symbol-E,2020.1.3,MacIntel,Safari,"Mozilla/5.0 (Macintosh; Intel Mac OS X 10_15_7) AppleWebKit/605.1.15 (KHTML, like Gecko) Version/17.6 Safari/605.1.15",60,,,,,,,,,,,,,,,,,,,,,,,,,,,,,,,,,,,,media/dcnb.png,0,0,Symb,a,CR,0,0,0,0,8,4,7,0,1,0,99,w,0.253,1,0,,,,,,,,,,,,,,,,,,,,,,,,,,,,,,,,,,,,,,,,,,,,,,,,,,w,0,0.253,22,0,22,0,1,,,,,,,,,,,,,,,,,,,,,,,,,,,,,,,,,,,,,,,,,,,,,,,,,,,,,,
,,,,,,,,,,,,,,,,,107,4,2024-09-05_15h33.34.906,Symbol-E,2020.1.3,MacIntel,Safari,"Mozilla/5.0 (Macintosh; Intel Mac OS X 10_15_7) AppleWebKit/605.1.15 (KHTML, like Gecko) Version/17.6 Safari/605.1.15",60,,,,,,,,,,,,,,,,,,,,,,,,,,,,,,,,,,,,media/dcnb.png,0,0,Symb,a,CR,0,0,0,0,8,5,7,0,1,0,99,e,0.137,2,0,,,,,,,,,,,,,,,,,,,,,,,,,,,,,,,,,,,,,,,,,,,,,,,,,,e,0,0.137,23,0,23,0,1,,,,,,,,,,,,,,,,,,,,,,,,,,,,,,,,,,,,,,,,,,,,,,,,,,,,,,
,,,,,,,,,,,,,,,,,107,4,2024-09-05_15h33.34.906,Symbol-E,2020.1.3,MacIntel,Safari,"Mozilla/5.0 (Macintosh; Intel Mac OS X 10_15_7) AppleWebKit/605.1.15 (KHTML, like Gecko) Version/17.6 Safari/605.1.15",60,,,,,,,,,,,,,,,,,,,,,,,,,,,,,,,,,,,,media/dcnb.png,0,0,Symb,a,CR,0,0,0,0,8,6,7,0,1,0,99,a,0.12,0,1,,,,,,,,,,,,,,,,,,,,,,,,,,,,,,,,,,,,,,,,,,,,,,,,,,a,1,0.12,24,0,24,0,1,,,,,,,,,,,,,,,,,,,,,,,,,,,,,,,,,,,,,,,,,,,,,,,,,,,,,,
,,,,,,,,,,,,,,,,,107,4,2024-09-05_15h33.34.906,Symbol-E,2020.1.3,MacIntel,Safari,"Mozilla/5.0 (Macintosh; Intel Mac OS X 10_15_7) AppleWebKit/605.1.15 (KHTML, like Gecko) Version/17.6 Safari/605.1.15",60,,,,,,,,,,,,,,,,,,,,,,,,,,,,,,,,,,,,media/dcnb.png,0,0,Symb,a,CR,0,0,0,0,8,0,8,0,1,0,99,a,0.587,0,1,,,,,,,,,,,,,,,,,,,,,,,,,,,,,,,,,,,,,,,,,,,,,,,,,,a,1,0.587,25,0,25,0,1,,,,,,,,,,,,,,,,,,,,,,,,,,,,,,,,,,,,,,,,,,,,,,,,,,,,,,
,,,,,,,,,,,,,,,,,107,4,2024-09-05_15h33.34.906,Symbol-E,2020.1.3,MacIntel,Safari,"Mozilla/5.0 (Macintosh; Intel Mac OS X 10_15_7) AppleWebKit/605.1.15 (KHTML, like Gecko) Version/17.6 Safari/605.1.15",60,,,,,,,,,,,,,,,,,,,,,,,,,,,,,,,,,,,,media/dmnb.png,2,2,Symb,e,CR,0,0,0,0,8,0,9,0,1,0,99,e,0.82,2,1,,,,,,,,,,,,,,,,,,,,,,,,,,,,,,,,,,,,,,,,,,,,,,,,,,e,1,0.82,26,0,26,0,1,,,,,,,,,,,,,,,,,,,,,,,,,,,,,,,,,,,,,,,,,,,,,,,,,,,,,,
,,,,,,,,,,,,,,,,,107,4,2024-09-05_15h33.34.906,Symbol-E,2020.1.3,MacIntel,Safari,"Mozilla/5.0 (Macintosh; Intel Mac OS X 10_15_7) AppleWebKit/605.1.15 (KHTML, like Gecko) Version/17.6 Safari/605.1.15",60,,,,,,,,,,,,,,,,,,,,,,,,,,,,,,,,,,,,media/ddnb.png,4,0,Symb,h,CR,0,0,0,0,8,0,10,0,1,0,99,u,1.257,5,0,,,,,,,,,,,,,,,,,,,,,,,,,,,,,,,,,,,,,,,,,,,,,,,,,,u,0,1.257,27,0,27,0,1,,,,,,,,,,,,,,,,,,,,,,,,,,,,,,,,,,,,,,,,,,,,,,,,,,,,,,
,,,,,,,,,,,,,,,,,107,4,2024-09-05_15h33.34.906,Symbol-E,2020.1.3,MacIntel,Safari,"Mozilla/5.0 (Macintosh; Intel Mac OS X 10_15_7) AppleWebKit/605.1.15 (KHTML, like Gecko) Version/17.6 Safari/605.1.15",60,,,,,,,,,,,,,,,,,,,,,,,,,,,,,,,,,,,,media/ddnb.png,4,0,Symb,h,CR,0,0,0,0,8,1,10,0,1,0,99,h,0.054,4,1,,,,,,,,,,,,,,,,,,,,,,,,,,,,,,,,,,,,,,,,,,,,,,,,,,h,1,0.054,28,0,28,0,1,,,,,,,,,,,,,,,,,,,,,,,,,,,,,,,,,,,,,,,,,,,,,,,,,,,,,,
,,,,,,,,,,,,,,,,,107,4,2024-09-05_15h33.34.906,Symbol-E,2020.1.3,MacIntel,Safari,"Mozilla/5.0 (Macintosh; Intel Mac OS X 10_15_7) AppleWebKit/605.1.15 (KHTML, like Gecko) Version/17.6 Safari/605.1.15",60,,,,,,,,,,,,,,,,,,,,,,,,,,,,,,,,,,,,media/dgnb.png,7,3,Symb,l,CR,0,0,0,0,8,0,11,0,1,0,99,i,1.349,6,0,,,,,,,,,,,,,,,,,,,,,,,,,,,,,,,,,,,,,,,,,,,,,,,,,,i,0,1.349,29,0,29,0,1,,,,,,,,,,,,,,,,,,,,,,,,,,,,,,,,,,,,,,,,,,,,,,,,,,,,,,
,,,,,,,,,,,,,,,,,107,4,2024-09-05_15h33.34.906,Symbol-E,2020.1.3,MacIntel,Safari,"Mozilla/5.0 (Macintosh; Intel Mac OS X 10_15_7) AppleWebKit/605.1.15 (KHTML, like Gecko) Version/17.6 Safari/605.1.15",60,,,,,,,,,,,,,,,,,,,,,,,,,,,,,,,,,,,,media/dgnb.png,7,3,Symb,l,CR,0,0,0,0,8,1,11,0,1,0,99,l,0.071,7,1,,,,,,,,,,,,,,,,,,,,,,,,,,,,,,,,,,,,,,,,,,,,,,,,,,l,1,0.071,30,0,30,0,1,,,,,,,,,,,,,,,,,,,,,,,,,,,,,,,,,,,,,,,,,,,,,,,,,,,,,,
,,,,,,,,,,,,,,,,,107,4,2024-09-05_15h33.34.906,Symbol-E,2020.1.3,MacIntel,Safari,"Mozilla/5.0 (Macintosh; Intel Mac OS X 10_15_7) AppleWebKit/605.1.15 (KHTML, like Gecko) Version/17.6 Safari/605.1.15",60,,,,,,,,,,,,,,,,,,,,,,,,,,,,,,,,,,,,media/dinb.png,1,1,Symb,w,CR,0,0,0,0,8,0,12,0,1,0,99,u,1.088,5,0,,,,,,,,,,,,,,,,,,,,,,,,,,,,,,,,,,,,,,,,,,,,,,,,,,u,0,1.088,31,0,31,0,1,,,,,,,,,,,,,,,,,,,,,,,,,,,,,,,,,,,,,,,,,,,,,,,,,,,,,,
,,,,,,,,,,,,,,,,,107,4,2024-09-05_15h33.34.906,Symbol-E,2020.1.3,MacIntel,Safari,"Mozilla/5.0 (Macintosh; Intel Mac OS X 10_15_7) AppleWebKit/605.1.15 (KHTML, like Gecko) Version/17.6 Safari/605.1.15",60,,,,,,,,,,,,,,,,,,,,,,,,,,,,,,,,,,,,media/dinb.png,1,1,Symb,w,CR,0,0,0,0,8,1,12,0,1,0,99,h,0.334,4,0,,,,,,,,,,,,,,,,,,,,,,,,,,,,,,,,,,,,,,,,,,,,,,,,,,h,0,0.334,32,0,32,0,1,,,,,,,,,,,,,,,,,,,,,,,,,,,,,,,,,,,,,,,,,,,,,,,,,,,,,,
,,,,,,,,,,,,,,,,,107,4,2024-09-05_15h33.34.906,Symbol-E,2020.1.3,MacIntel,Safari,"Mozilla/5.0 (Macintosh; Intel Mac OS X 10_15_7) AppleWebKit/605.1.15 (KHTML, like Gecko) Version/17.6 Safari/605.1.15",60,,,,,,,,,,,,,,,,,,,,,,,,,,,,,,,,,,,,media/dinb.png,1,1,Symb,w,CR,0,0,0,0,8,2,12,0,1,0,99,w,0.32,1,1,,,,,,,,,,,,,,,,,,,,,,,,,,,,,,,,,,,,,,,,,,,,,,,,,,w,1,0.32,33,0,33,0,1,,,,,,,,,,,,,,,,,,,,,,,,,,,,,,,,,,,,,,,,,,,,,,,,,,,,,,
,,,,,,,,,,,,,,,,,107,4,2024-09-05_15h33.34.906,Symbol-E,2020.1.3,MacIntel,Safari,"Mozilla/5.0 (Macintosh; Intel Mac OS X 10_15_7) AppleWebKit/605.1.15 (KHTML, like Gecko) Version/17.6 Safari/605.1.15",60,,,,,,,,,,,,,,,,,,,,,,,,,,,,,,,,,,,,media/dnnb.png,6,2,Symb,i,CR,0,0,0,0,8,0,13,0,1,0,99,i,1.351,6,1,,,,,,,,,,,,,,,,,,,,,,,,,,,,,,,,,,,,,,,,,,,,,,,,,,i,1,1.351,34,0,34,0,1,,,,,,,,,,,,,,,,,,,,,,,,,,,,,,,,,,,,,,,,,,,,,,,,,,,,,,
,,,,,,,,,,,,,,,,,107,4,2024-09-05_15h33.34.906,Symbol-E,2020.1.3,MacIntel,Safari,"Mozilla/5.0 (Macintosh; Intel Mac OS X 10_15_7) AppleWebKit/605.1.15 (KHTML, like Gecko) Version/17.6 Safari/605.1.15",60,,,,,,,,,,,,,,,,,,,,,,,,,,,,,,,,,,,,media/dgnb.png,7,3,Symb,l,CR,0,0,0,0,8,0,14,0,1,0,99,h,0.982,4,0,,,,,,,,,,,,,,,,,,,,,,,,,,,,,,,,,,,,,,,,,,,,,,,,,,h,0,0.982,35,0,35,0,1,,,,,,,,,,,,,,,,,,,,,,,,,,,,,,,,,,,,,,,,,,,,,,,,,,,,,,
,,,,,,,,,,,,,,,,,107,4,2024-09-05_15h33.34.906,Symbol-E,2020.1.3,MacIntel,Safari,"Mozilla/5.0 (Macintosh; Intel Mac OS X 10_15_7) AppleWebKit/605.1.15 (KHTML, like Gecko) Version/17.6 Safari/605.1.15",60,,,,,,,,,,,,,,,,,,,,,,,,,,,,,,,,,,,,media/dgnb.png,7,3,Symb,l,CR,0,0,0,0,8,1,14,0,1,0,99,a,0.171,0,0,,,,,,,,,,,,,,,,,,,,,,,,,,,,,,,,,,,,,,,,,,,,,,,,,,a,0,0.171,36,0,36,0,1,,,,,,,,,,,,,,,,,,,,,,,,,,,,,,,,,,,,,,,,,,,,,,,,,,,,,,
,,,,,,,,,,,,,,,,,107,4,2024-09-05_15h33.34.906,Symbol-E,2020.1.3,MacIntel,Safari,"Mozilla/5.0 (Macintosh; Intel Mac OS X 10_15_7) AppleWebKit/605.1.15 (KHTML, like Gecko) Version/17.6 Safari/605.1.15",60,,,,,,,,,,,,,,,,,,,,,,,,,,,,,,,,,,,,media/dgnb.png,7,3,Symb,l,CR,0,0,0,0,8,2,14,0,1,0,99,l,0.334,7,1,,,,,,,,,,,,,,,,,,,,,,,,,,,,,,,,,,,,,,,,,,,,,,,,,,l,1,0.334,37,0,37,0,1,,,,,,,,,,,,,,,,,,,,,,,,,,,,,,,,,,,,,,,,,,,,,,,,,,,,,,
,,,,,,,,,,,,,,,,,107,4,2024-09-05_15h33.34.906,Symbol-E,2020.1.3,MacIntel,Safari,"Mozilla/5.0 (Macintosh; Intel Mac OS X 10_15_7) AppleWebKit/605.1.15 (KHTML, like Gecko) Version/17.6 Safari/605.1.15",60,,,,,,,,,,,,,,,,,,,,,,,,,,,,,,,,,,,,media/dnnb.png,6,2,Symb,i,CR,0,0,0,0,8,0,15,0,1,0,99,h,1.128,4,0,,,,,,,,,,,,,,,,,,,,,,,,,,,,,,,,,,,,,,,,,,,,,,,,,,h,0,1.128,38,0,38,0,1,,,,,,,,,,,,,,,,,,,,,,,,,,,,,,,,,,,,,,,,,,,,,,,,,,,,,,
,,,,,,,,,,,,,,,,,107,4,2024-09-05_15h33.34.906,Symbol-E,2020.1.3,MacIntel,Safari,"Mozilla/5.0 (Macintosh; Intel Mac OS X 10_15_7) AppleWebKit/605.1.15 (KHTML, like Gecko) Version/17.6 Safari/605.1.15",60,,,,,,,,,,,,,,,,,,,,,,,,,,,,,,,,,,,,media/dnnb.png,6,2,Symb,i,CR,0,0,0,0,8,1,15,0,1,0,99,u,0.3,5,0,,,,,,,,,,,,,,,,,,,,,,,,,,,,,,,,,,,,,,,,,,,,,,,,,,u,0,0.3,39,0,39,0,1,,,,,,,,,,,,,,,,,,,,,,,,,,,,,,,,,,,,,,,,,,,,,,,,,,,,,,
,,,,,,,,,,,,,,,,,107,4,2024-09-05_15h33.34.906,Symbol-E,2020.1.3,MacIntel,Safari,"Mozilla/5.0 (Macintosh; Intel Mac OS X 10_15_7) AppleWebKit/605.1.15 (KHTML, like Gecko) Version/17.6 Safari/605.1.15",60,,,,,,,,,,,,,,,,,,,,,,,,,,,,,,,,,,,,media/dnnb.png,6,2,Symb,i,CR,0,0,0,0,8,2,15,0,1,0,99,i,0.354,6,1,,,,,,,,,,,,,,,,,,,,,,,,,,,,,,,,,,,,,,,,,,,,,,,,,,i,1,0.354,40,0,40,0,1,,,,,,,,,,,,,,,,,,,,,,,,,,,,,,,,,,,,,,,,,,,,,,,,,,,,,,
,,,,,,,,,,,,,,,,,107,4,2024-09-05_15h33.34.906,Symbol-E,2020.1.3,MacIntel,Safari,"Mozilla/5.0 (Macintosh; Intel Mac OS X 10_15_7) AppleWebKit/605.1.15 (KHTML, like Gecko) Version/17.6 Safari/605.1.15",60,,,,,,,,,,,,,,,,,,,,,,,,,,,,,,,,,,,,media/dmnb.png,2,2,Symb,e,CR,0,0,0,0,8,0,16,0,1,0,99,e,0.86,2,1,,,,,,,,,,,,,,,,,,,,,,,,,,,,,,,,,,,,,,,,,,,,,,,,,,e,1,0.86,41,0,41,0,1,,,,,,,,,,,,,,,,,,,,,,,,,,,,,,,,,,,,,,,,,,,,,,,,,,,,,,
,,,,,,,,,,,,,,,,,107,4,2024-09-05_15h33.34.906,Symbol-E,2020.1.3,MacIntel,Safari,"Mozilla/5.0 (Macintosh; Intel Mac OS X 10_15_7) AppleWebKit/605.1.15 (KHTML, like Gecko) Version/17.6 Safari/605.1.15",60,,,,,,,,,,,,,,,,,,,,,,,,,,,,,,,,,,,,media/dgnb.png,7,3,Symb,l,CR,0,0,0,0,8,0,17,0,1,0,99,h,1.32,4,0,,,,,,,,,,,,,,,,,,,,,,,,,,,,,,,,,,,,,,,,,,,,,,,,,,h,0,1.32,42,0,42,0,1,,,,,,,,,,,,,,,,,,,,,,,,,,,,,,,,,,,,,,,,,,,,,,,,,,,,,,
,,,,,,,,,,,,,,,,,107,4,2024-09-05_15h33.34.906,Symbol-E,2020.1.3,MacIntel,Safari,"Mozilla/5.0 (Macintosh; Intel Mac OS X 10_15_7) AppleWebKit/605.1.15 (KHTML, like Gecko) Version/17.6 Safari/605.1.15",60,,,,,,,,,,,,,,,,,,,,,,,,,,,,,,,,,,,,media/dgnb.png,7,3,Symb,l,CR,0,0,0,0,8,1,17,0,1,0,99,u,0.257,5,0,,,,,,,,,,,,,,,,,,,,,,,,,,,,,,,,,,,,,,,,,,,,,,,,,,u,0,0.257,43,0,43,0,1,,,,,,,,,,,,,,,,,,,,,,,,,,,,,,,,,,,,,,,,,,,,,,,,,,,,,,
,,,,,,,,,,,,,,,,,107,4,2024-09-05_15h33.34.906,Symbol-E,2020.1.3,MacIntel,Safari,"Mozilla/5.0 (Macintosh; Intel Mac OS X 10_15_7) AppleWebKit/605.1.15 (KHTML, like Gecko) Version/17.6 Safari/605.1.15",60,,,,,,,,,,,,,,,,,,,,,,,,,,,,,,,,,,,,media/dgnb.png,7,3,Symb,l,CR,0,0,0,0,8,2,17,0,1,0,99,w,0.61,1,0,,,,,,,,,,,,,,,,,,,,,,,,,,,,,,,,,,,,,,,,,,,,,,,,,,w,0,0.61,44,0,44,0,1,,,,,,,,,,,,,,,,,,,,,,,,,,,,,,,,,,,,,,,,,,,,,,,,,,,,,,
,,,,,,,,,,,,,,,,,107,4,2024-09-05_15h33.34.906,Symbol-E,2020.1.3,MacIntel,Safari,"Mozilla/5.0 (Macintosh; Intel Mac OS X 10_15_7) AppleWebKit/605.1.15 (KHTML, like Gecko) Version/17.6 Safari/605.1.15",60,,,,,,,,,,,,,,,,,,,,,,,,,,,,,,,,,,,,media/dgnb.png,7,3,Symb,l,CR,0,0,0,0,8,3,17,0,1,0,99,a,0.074,0,0,,,,,,,,,,,,,,,,,,,,,,,,,,,,,,,,,,,,,,,,,,,,,,,,,,a,0,0.074,45,0,45,0,1,,,,,,,,,,,,,,,,,,,,,,,,,,,,,,,,,,,,,,,,,,,,,,,,,,,,,,
,,,,,,,,,,,,,,,,,107,4,2024-09-05_15h33.34.906,Symbol-E,2020.1.3,MacIntel,Safari,"Mozilla/5.0 (Macintosh; Intel Mac OS X 10_15_7) AppleWebKit/605.1.15 (KHTML, like Gecko) Version/17.6 Safari/605.1.15",60,,,,,,,,,,,,,,,,,,,,,,,,,,,,,,,,,,,,media/dgnb.png,7,3,Symb,l,CR,0,0,0,0,8,4,17,0,1,0,99,l,0.587,7,1,,,,,,,,,,,,,,,,,,,,,,,,,,,,,,,,,,,,,,,,,,,,,,,,,,l,1,0.587,46,0,46,0,1,,,,,,,,,,,,,,,,,,,,,,,,,,,,,,,,,,,,,,,,,,,,,,,,,,,,,,
,,,,,,,,,,,,,,,,,107,4,2024-09-05_15h33.34.906,Symbol-E,2020.1.3,MacIntel,Safari,"Mozilla/5.0 (Macintosh; Intel Mac OS X 10_15_7) AppleWebKit/605.1.15 (KHTML, like Gecko) Version/17.6 Safari/605.1.15",60,,,,,,,,,,,,,,,,,,,,,,,,,,,,,,,,,,,,media/ddnb.png,4,0,Symb,h,CR,0,0,0,0,8,0,18,0,1,0,99,u,2.82,5,0,,,,,,,,,,,,,,,,,,,,,,,,,,,,,,,,,,,,,,,,,,,,,,,,,,u,0,2.82,47,0,47,0,1,,,,,,,,,,,,,,,,,,,,,,,,,,,,,,,,,,,,,,,,,,,,,,,,,,,,,,
,,,,,,,,,,,,,,,,,107,4,2024-09-05_15h33.34.906,Symbol-E,2020.1.3,MacIntel,Safari,"Mozilla/5.0 (Macintosh; Intel Mac OS X 10_15_7) AppleWebKit/605.1.15 (KHTML, like Gecko) Version/17.6 Safari/605.1.15",60,,,,,,,,,,,,,,,,,,,,,,,,,,,,,,,,,,,,media/ddnb.png,4,0,Symb,h,CR,0,0,0,0,8,1,18,0,1,0,99,h,0.085,4,1,,,,,,,,,,,,,,,,,,,,,,,,,,,,,,,,,,,,,,,,,,,,,,,,,,h,1,0.085,48,0,48,0,1,,,,,,,,,,,,,,,,,,,,,,,,,,,,,,,,,,,,,,,,,,,,,,,,,,,,,,
,,,,,,,,,,,,,,,,,107,4,2024-09-05_15h33.34.906,Symbol-E,2020.1.3,MacIntel,Safari,"Mozilla/5.0 (Macintosh; Intel Mac OS X 10_15_7) AppleWebKit/605.1.15 (KHTML, like Gecko) Version/17.6 Safari/605.1.15",60,,,,,,,,,,,,,,,,,,,,,,,,,,,,,,,,,,,,media/ddnb.png,4,0,Symb,h,CR,0,0,0,0,8,0,19,0,1,0,99,h,1.736,4,1,,,,,,,,,,,,,,,,,,,,,,,,,,,,,,,,,,,,,,,,,,,,,,,,,,h,1,1.736,49,0,49,0,1,,,,,,,,,,,,,,,,,,,,,,,,,,,,,,,,,,,,,,,,,,,,,,,,,,,,,,
,,,,,,,,,,,,,,,,,107,4,2024-09-05_15h33.34.906,Symbol-E,2020.1.3,MacIntel,Safari,"Mozilla/5.0 (Macintosh; Intel Mac OS X 10_15_7) AppleWebKit/605.1.15 (KHTML, like Gecko) Version/17.6 Safari/605.1.15",60,,,,,,,,,,,,,,,,,,,,,,,,,,,,,,,,,,,,media/dmnb.png,2,2,Symb,e,CR,0,0,0,0,8,0,20,0,1,0,99,e,1.286,2,1,,,,,,,,,,,,,,,,,,,,,,,,,,,,,,,,,,,,,,,,,,,,,,,,,,e,1,1.286,50,0,50,0,1,,,,,,,,,,,,,,,,,,,,,,,,,,,,,,,,,,,,,,,,,,,,,,,,,,,,,,
,,,,,,,,,,,,,,,,,107,4,2024-09-05_15h33.34.906,Symbol-E,2020.1.3,MacIntel,Safari,"Mozilla/5.0 (Macintosh; Intel Mac OS X 10_15_7) AppleWebKit/605.1.15 (KHTML, like Gecko) Version/17.6 Safari/605.1.15",60,,,,,,,,,,,,,,,,,,,,,,,,,,,,,,,,,,,,media/dcnb.png,0,0,Symb,a,CR,0,0,0,0,8,0,21,0,1,0,99,w,2.751,1,0,,,,,,,,,,,,,,,,,,,,,,,,,,,,,,,,,,,,,,,,,,,,,,,,,,w,0,2.751,51,0,51,0,1,,,,,,,,,,,,,,,,,,,,,,,,,,,,,,,,,,,,,,,,,,,,,,,,,,,,,,
,,,,,,,,,,,,,,,,,107,4,2024-09-05_15h33.34.906,Symbol-E,2020.1.3,MacIntel,Safari,"Mozilla/5.0 (Macintosh; Intel Mac OS X 10_15_7) AppleWebKit/605.1.15 (KHTML, like Gecko) Version/17.6 Safari/605.1.15",60,,,,,,,,,,,,,,,,,,,,,,,,,,,,,,,,,,,,media/dcnb.png,0,0,Symb,a,CR,0,0,0,0,8,1,21,0,1,0,99,a,0.121,0,1,,,,,,,,,,,,,,,,,,,,,,,,,,,,,,,,,,,,,,,,,,,,,,,,,,a,1,0.121,52,0,52,0,1,,,,,,,,,,,,,,,,,,,,,,,,,,,,,,,,,,,,,,,,,,,,,,,,,,,,,,
,,,,,,,,,,,,,,,,,107,4,2024-09-05_15h33.34.906,Symbol-E,2020.1.3,MacIntel,Safari,"Mozilla/5.0 (Macintosh; Intel Mac OS X 10_15_7) AppleWebKit/605.1.15 (KHTML, like Gecko) Version/17.6 Safari/605.1.15",60,,,,,,,,,,,,,,,,,,,,,,,,,,,,,,,,,,,,media/dnnb.png,6,2,Symb,i,CR,0,0,0,0,8,0,22,0,1,0,99,u,1.686,5,0,,,,,,,,,,,,,,,,,,,,,,,,,,,,,,,,,,,,,,,,,,,,,,,,,,u,0,1.686,53,0,53,0,1,,,,,,,,,,,,,,,,,,,,,,,,,,,,,,,,,,,,,,,,,,,,,,,,,,,,,,
,,,,,,,,,,,,,,,,,107,4,2024-09-05_15h33.34.906,Symbol-E,2020.1.3,MacIntel,Safari,"Mozilla/5.0 (Macintosh; Intel Mac OS X 10_15_7) AppleWebKit/605.1.15 (KHTML, like Gecko) Version/17.6 Safari/605.1.15",60,,,,,,,,,,,,,,,,,,,,,,,,,,,,,,,,,,,,media/dnnb.png,6,2,Symb,i,CR,0,0,0,0,8,1,22,0,1,0,99,w,0.181,1,0,,,,,,,,,,,,,,,,,,,,,,,,,,,,,,,,,,,,,,,,,,,,,,,,,,w,0,0.181,54,0,54,0,1,,,,,,,,,,,,,,,,,,,,,,,,,,,,,,,,,,,,,,,,,,,,,,,,,,,,,,
,,,,,,,,,,,,,,,,,107,4,2024-09-05_15h33.34.906,Symbol-E,2020.1.3,MacIntel,Safari,"Mozilla/5.0 (Macintosh; Intel Mac OS X 10_15_7) AppleWebKit/605.1.15 (KHTML, like Gecko) Version/17.6 Safari/605.1.15",60,,,,,,,,,,,,,,,,,,,,,,,,,,,,,,,,,,,,media/dnnb.png,6,2,Symb,i,CR,0,0,0,0,8,2,22,0,1,0,99,i,0.119,6,1,,,,,,,,,,,,,,,,,,,,,,,,,,,,,,,,,,,,,,,,,,,,,,,,,,i,1,0.119,55,0,55,0,1,,,,,,,,,,,,,,,,,,,,,,,,,,,,,,,,,,,,,,,,,,,,,,,,,,,,,,
,,,,,,,,,,,,,,,,,107,4,2024-09-05_15h33.34.906,Symbol-E,2020.1.3,MacIntel,Safari,"Mozilla/5.0 (Macintosh; Intel Mac OS X 10_15_7) AppleWebKit/605.1.15 (KHTML, like Gecko) Version/17.6 Safari/605.1.15",60,,,,,,,,,,,,,,,,,,,,,,,,,,,,,,,,,,,,media/djnb.png,5,1,Symb,u,CR,0,0,0,0,8,0,23,0,1,0,99,h,1.103,4,0,,,,,,,,,,,,,,,,,,,,,,,,,,,,,,,,,,,,,,,,,,,,,,,,,,h,0,1.103,56,0,56,0,1,,,,,,,,,,,,,,,,,,,,,,,,,,,,,,,,,,,,,,,,,,,,,,,,,,,,,,
,,,,,,,,,,,,,,,,,107,4,2024-09-05_15h33.34.906,Symbol-E,2020.1.3,MacIntel,Safari,"Mozilla/5.0 (Macintosh; Intel Mac OS X 10_15_7) AppleWebKit/605.1.15 (KHTML, like Gecko) Version/17.6 Safari/605.1.15",60,,,,,,,,,,,,,,,,,,,,,,,,,,,,,,,,,,,,media/djnb.png,5,1,Symb,u,CR,0,0,0,0,8,1,23,0,1,0,99,f,0.219,3,0,,,,,,,,,,,,,,,,,,,,,,,,,,,,,,,,,,,,,,,,,,,,,,,,,,f,0,0.219,57,0,57,0,1,,,,,,,,,,,,,,,,,,,,,,,,,,,,,,,,,,,,,,,,,,,,,,,,,,,,,,
,,,,,,,,,,,,,,,,,107,4,2024-09-05_15h33.34.906,Symbol-E,2020.1.3,MacIntel,Safari,"Mozilla/5.0 (Macintosh; Intel Mac OS X 10_15_7) AppleWebKit/605.1.15 (KHTML, like Gecko) Version/17.6 Safari/605.1.15",60,,,,,,,,,,,,,,,,,,,,,,,,,,,,,,,,,,,,media/djnb.png,5,1,Symb,u,CR,0,0,0,0,8,2,23,0,1,0,99,u,0.252,5,1,,,,,,,,,,,,,,,,,,,,,,,,,,,,,,,,,,,,,,,,,,,,,,,,,,u,1,0.252,58,0,58,0,1,,,,,,,,,,,,,,,,,,,,,,,,,,,,,,,,,,,,,,,,,,,,,,,,,,,,,,
,,,,,,,,,,,,,,,,,107,4,2024-09-05_15h33.34.906,Symbol-E,2020.1.3,MacIntel,Safari,"Mozilla/5.0 (Macintosh; Intel Mac OS X 10_15_7) AppleWebKit/605.1.15 (KHTML, like Gecko) Version/17.6 Safari/605.1.15",60,,,,,,,,,,,,,,,,,,,,,,,,,,,,,,,,,,,,media/djnb.png,5,1,Symb,u,CR,0,0,0,0,8,0,24,0,1,0,99,u,0.602,5,1,,,,,,,,,,,,,,,,,,,,,,,,,,,,,,,,,,,,,,,,,,,,,,,,,,u,1,0.602,59,0,59,0,1,,,,,,,,,,,,,,,,,,,,,,,,,,,,,,,,,,,,,,,,,,,,,,,,,,,,,,
,,,,,,,,,,,,,,,,,107,4,2024-09-05_15h33.34.906,Symbol-E,2020.1.3,MacIntel,Safari,"Mozilla/5.0 (Macintosh; Intel Mac OS X 10_15_7) AppleWebKit/605.1.15 (KHTML, like Gecko) Version/17.6 Safari/605.1.15",60,,,,,,,,,,,,,,,,,,,,,,,,,,,,,,,,,,,,media/dinb.png,1,1,Symb,w,CR,0,0,0,0,8,0,25,0,1,0,99,h,1.133,4,0,,,,,,,,,,,,,,,,,,,,,,,,,,,,,,,,,,,,,,,,,,,,,,,,,,h,0,1.133,60,0,60,0,1,,,,,,,,,,,,,,,,,,,,,,,,,,,,,,,,,,,,,,,,,,,,,,,,,,,,,,
,,,,,,,,,,,,,,,,,107,4,2024-09-05_15h33.34.906,Symbol-E,2020.1.3,MacIntel,Safari,"Mozilla/5.0 (Macintosh; Intel Mac OS X 10_15_7) AppleWebKit/605.1.15 (KHTML, like Gecko) Version/17.6 Safari/605.1.15",60,,,,,,,,,,,,,,,,,,,,,,,,,,,,,,,,,,,,media/dinb.png,1,1,Symb,w,CR,0,0,0,0,8,1,25,0,1,0,99,w,0.386,1,1,,,,,,,,,,,,,,,,,,,,,,,,,,,,,,,,,,,,,,,,,,,,,,,,,,w,1,0.386,61,0,61,0,1,,,,,,,,,,,,,,,,,,,,,,,,,,,,,,,,,,,,,,,,,,,,,,,,,,,,,,
,,,,,,,,,,,,,,,,,107,4,2024-09-05_15h33.34.906,Symbol-E,2020.1.3,MacIntel,Safari,"Mozilla/5.0 (Macintosh; Intel Mac OS X 10_15_7) AppleWebKit/605.1.15 (KHTML, like Gecko) Version/17.6 Safari/605.1.15",60,,,,,,,,,,,,,,,,,,,,,,,,,,,,,,,,,,,,media/dinb.png,1,1,Symb,w,CR,0,0,0,0,8,0,26,0,1,0,99,w,0.789,1,1,,,,,,,,,,,,,,,,,,,,,,,,,,,,,,,,,,,,,,,,,,,,,,,,,,w,1,0.789,62,0,62,0,1,,,,,,,,,,,,,,,,,,,,,,,,,,,,,,,,,,,,,,,,,,,,,,,,,,,,,,
,,,,,,,,,,,,,,,,,107,4,2024-09-05_15h33.34.906,Symbol-E,2020.1.3,MacIntel,Safari,"Mozilla/5.0 (Macintosh; Intel Mac OS X 10_15_7) AppleWebKit/605.1.15 (KHTML, like Gecko) Version/17.6 Safari/605.1.15",60,,,,,,,,,,,,,,,,,,,,,,,,,,,,,,,,,,,,media/dcnb.png,0,0,Symb,a,CR,0,0,0,0,8,0,27,0,1,0,99,h,1.552,4,0,,,,,,,,,,,,,,,,,,,,,,,,,,,,,,,,,,,,,,,,,,,,,,,,,,h,0,1.552,63,0,63,0,1,,,,,,,,,,,,,,,,,,,,,,,,,,,,,,,,,,,,,,,,,,,,,,,,,,,,,,
,,,,,,,,,,,,,,,,,107,4,2024-09-05_15h33.34.906,Symbol-E,2020.1.3,MacIntel,Safari,"Mozilla/5.0 (Macintosh; Intel Mac OS X 10_15_7) AppleWebKit/605.1.15 (KHTML, like Gecko) Version/17.6 Safari/605.1.15",60,,,,,,,,,,,,,,,,,,,,,,,,,,,,,,,,,,,,media/dcnb.png,0,0,Symb,a,CR,0,0,0,0,8,1,27,0,1,0,99,l,0.133,7,0,,,,,,,,,,,,,,,,,,,,,,,,,,,,,,,,,,,,,,,,,,,,,,,,,,l,0,0.133,64,0,64,0,1,,,,,,,,,,,,,,,,,,,,,,,,,,,,,,,,,,,,,,,,,,,,,,,,,,,,,,
,,,,,,,,,,,,,,,,,107,4,2024-09-05_15h33.34.906,Symbol-E,2020.1.3,MacIntel,Safari,"Mozilla/5.0 (Macintosh; Intel Mac OS X 10_15_7) AppleWebKit/605.1.15 (KHTML, like Gecko) Version/17.6 Safari/605.1.15",60,,,,,,,,,,,,,,,,,,,,,,,,,,,,,,,,,,,,media/dcnb.png,0,0,Symb,a,CR,0,0,0,0,8,2,27,0,1,0,99,i,0.137,6,0,,,,,,,,,,,,,,,,,,,,,,,,,,,,,,,,,,,,,,,,,,,,,,,,,,i,0,0.137,65,0,65,0,1,,,,,,,,,,,,,,,,,,,,,,,,,,,,,,,,,,,,,,,,,,,,,,,,,,,,,,
,,,,,,,,,,,,,,,,,107,4,2024-09-05_15h33.34.906,Symbol-E,2020.1.3,MacIntel,Safari,"Mozilla/5.0 (Macintosh; Intel Mac OS X 10_15_7) AppleWebKit/605.1.15 (KHTML, like Gecko) Version/17.6 Safari/605.1.15",60,,,,,,,,,,,,,,,,,,,,,,,,,,,,,,,,,,,,media/dcnb.png,0,0,Symb,a,CR,0,0,0,0,8,3,27,0,1,0,99,a,0.07,0,1,,,,,,,,,,,,,,,,,,,,,,,,,,,,,,,,,,,,,,,,,,,,,,,,,,a,1,0.07,66,0,66,0,1,,,,,,,,,,,,,,,,,,,,,,,,,,,,,,,,,,,,,,,,,,,,,,,,,,,,,,
,,,,,,,,,,,,,,,,,107,4,2024-09-05_15h33.34.906,Symbol-E,2020.1.3,MacIntel,Safari,"Mozilla/5.0 (Macintosh; Intel Mac OS X 10_15_7) AppleWebKit/605.1.15 (KHTML, like Gecko) Version/17.6 Safari/605.1.15",60,,,,,,,,,,,,,,,,,,,,,,,,,,,,,,,,,,,,media/dfnb.png,3,3,Symb,f,CR,0,0,0,0,8,0,28,0,1,0,99,f,1.969,3,1,,,,,,,,,,,,,,,,,,,,,,,,,,,,,,,,,,,,,,,,,,,,,,,,,,f,1,1.969,67,0,67,0,1,,,,,,,,,,,,,,,,,,,,,,,,,,,,,,,,,,,,,,,,,,,,,,,,,,,,,,
,,,,,,,,,,,,,,,,,107,4,2024-09-05_15h33.34.906,Symbol-E,2020.1.3,MacIntel,Safari,"Mozilla/5.0 (Macintosh; Intel Mac OS X 10_15_7) AppleWebKit/605.1.15 (KHTML, like Gecko) Version/17.6 Safari/605.1.15",60,,,,,,,,,,,,,,,,,,,,,,,,,,,,,,,,,,,,media/dfnb.png,3,3,Symb,f,CR,0,0,0,0,8,0,29,0,1,0,99,f,0.65,3,1,,,,,,,,,,,,,,,,,,,,,,,,,,,,,,,,,,,,,,,,,,,,,,,,,,f,1,0.65,68,0,68,0,1,,,,,,,,,,,,,,,,,,,,,,,,,,,,,,,,,,,,,,,,,,,,,,,,,,,,,,
,,,,,,,,,,,,,,,,,107,4,2024-09-05_15h33.34.906,Symbol-E,2020.1.3,MacIntel,Safari,"Mozilla/5.0 (Macintosh; Intel Mac OS X 10_15_7) AppleWebKit/605.1.15 (KHTML, like Gecko) Version/17.6 Safari/605.1.15",60,,,,,,,,,,,,,,,,,,,,,,,,,,,,,,,,,,,,media/dgnb.png,7,3,Symb,l,CR,0,0,0,0,8,0,30,0,1,0,99,l,1.46,7,1,,,,,,,,,,,,,,,,,,,,,,,,,,,,,,,,,,,,,,,,,,,,,,,,,,l,1,1.46,69,0,69,0,1,,,,,,,,,,,,,,,,,,,,,,,,,,,,,,,,,,,,,,,,,,,,,,,,,,,,,,
,,,,,,,,,,,,,,,,,107,4,2024-09-05_15h33.34.906,Symbol-E,2020.1.3,MacIntel,Safari,"Mozilla/5.0 (Macintosh; Intel Mac OS X 10_15_7) AppleWebKit/605.1.15 (KHTML, like Gecko) Version/17.6 Safari/605.1.15",60,,,,,,,,,,,,,,,,,,,,,,,,,,,,,,,,,,,,media/dnnb.png,6,2,Symb,i,CR,0,0,0,0,8,0,31,0,1,0,99,u,1.087,5,0,,,,,,,,,,,,,,,,,,,,,,,,,,,,,,,,,,,,,,,,,,,,,,,,,,u,0,1.087,70,0,70,0,1,,,,,,,,,,,,,,,,,,,,,,,,,,,,,,,,,,,,,,,,,,,,,,,,,,,,,,
,,,,,,,,,,,,,,,,,107,4,2024-09-05_15h33.34.906,Symbol-E,2020.1.3,MacIntel,Safari,"Mozilla/5.0 (Macintosh; Intel Mac OS X 10_15_7) AppleWebKit/605.1.15 (KHTML, like Gecko) Version/17.6 Safari/605.1.15",60,,,,,,,,,,,,,,,,,,,,,,,,,,,,,,,,,,,,media/dnnb.png,6,2,Symb,i,CR,0,0,0,0,8,1,31,0,1,0,99,i,0.209,6,1,,,,,,,,,,,,,,,,,,,,,,,,,,,,,,,,,,,,,,,,,,,,,,,,,,i,1,0.209,71,0,71,0,1,,,,,,,,,,,,,,,,,,,,,,,,,,,,,,,,,,,,,,,,,,,,,,,,,,,,,,
,,,,,,,,,,,,,,,,,107,4,2024-09-05_15h33.34.906,Symbol-E,2020.1.3,MacIntel,Safari,"Mozilla/5.0 (Macintosh; Intel Mac OS X 10_15_7) AppleWebKit/605.1.15 (KHTML, like Gecko) Version/17.6 Safari/605.1.15",60,,,,,,,,,,,,,,,,,,,,,,,,,,,,,,,,,,,,media/djnb.png,5,1,Symb,u,CR,0,0,0,0,8,0,32,0,1,0,99,u,3.003,5,1,,,,,,,,,,,,,,,,,,,,,,,,,,,,,,,,,,,,,,,,,,,,,,,,,,u,1,3.003,72,0,72,0,1,,,,,,,,,,,,,,,,,,,,,,,,,,,,,,,,,,,,,,,,,,,,,,,,,,,,,,
,,,,,,,,,,,,,,,,,107,4,2024-09-05_15h33.34.906,Symbol-E,2020.1.3,MacIntel,Safari,"Mozilla/5.0 (Macintosh; Intel Mac OS X 10_15_7) AppleWebKit/605.1.15 (KHTML, like Gecko) Version/17.6 Safari/605.1.15",60,,,,,,,,,,,,,,,,,,,,,,,,,,,,,,,,,,,,media/dinb.png,1,1,Symb,w,CR,0,0,0,0,8,0,33,0,1,0,99,w,2.002,1,1,,,,,,,,,,,,,,,,,,,,,,,,,,,,,,,,,,,,,,,,,,,,,,,,,,w,1,2.002,73,0,73,0,1,,,,,,,,,,,,,,,,,,,,,,,,,,,,,,,,,,,,,,,,,,,,,,,,,,,,,,
,,,,,,,,,,,,,,,,,107,4,2024-09-05_15h33.34.906,Symbol-E,2020.1.3,MacIntel,Safari,"Mozilla/5.0 (Macintosh; Intel Mac OS X 10_15_7) AppleWebKit/605.1.15 (KHTML, like Gecko) Version/17.6 Safari/605.1.15",60,,,,,,,,,,,,,,,,,,,,,,,,,,,,,,,,,,,,media/ddnb.png,4,0,Symb,h,CR,0,0,0,0,8,0,34,0,1,0,99,h,2.51,4,1,,,,,,,,,,,,,,,,,,,,,,,,,,,,,,,,,,,,,,,,,,,,,,,,,,h,1,2.51,74,0,74,0,1,,,,,,,,,,,,,,,,,,,,,,,,,,,,,,,,,,,,,,,,,,,,,,,,,,,,,,
,,,,,,,,,,,,,,,,,107,4,2024-09-05_15h33.34.906,Symbol-E,2020.1.3,MacIntel,Safari,"Mozilla/5.0 (Macintosh; Intel Mac OS X 10_15_7) AppleWebKit/605.1.15 (KHTML, like Gecko) Version/17.6 Safari/605.1.15",60,,,,,,,,,,,,,,,,,,,,,,,,,,,,,,,,,,,,media/dgnb.png,7,3,Symb,l,CR,0,0,0,0,8,0,35,0,1,0,99,l,1.652,7,1,,,,,,,,,,,,,,,,,,,,,,,,,,,,,,,,,,,,,,,,,,,,,,,,,,l,1,1.652,75,0,75,0,1,,,,,,,,,,,,,,,,,,,,,,,,,,,,,,,,,,,,,,,,,,,,,,,,,,,,,,
,,,,,,,,,,,,,,,,,107,4,2024-09-05_15h33.34.906,Symbol-E,2020.1.3,MacIntel,Safari,"Mozilla/5.0 (Macintosh; Intel Mac OS X 10_15_7) AppleWebKit/605.1.15 (KHTML, like Gecko) Version/17.6 Safari/605.1.15",60,,,,,,,,,,,,,,,,,,,,,,,,,,,,,,,,,,,,media/dnnb.png,6,2,Symb,i,CR,0,0,0,0,8,0,36,0,1,0,99,i,1.384,6,1,,,,,,,,,,,,,,,,,,,,,,,,,,,,,,,,,,,,,,,,,,,,,,,,,,i,1,1.384,76,0,76,0,1,,,,,,,,,,,,,,,,,,,,,,,,,,,,,,,,,,,,,,,,,,,,,,,,,,,,,,
,,,,,,,,,,,,,,,,,107,4,2024-09-05_15h33.34.906,Symbol-E,2020.1.3,MacIntel,Safari,"Mozilla/5.0 (Macintosh; Intel Mac OS X 10_15_7) AppleWebKit/605.1.15 (KHTML, like Gecko) Version/17.6 Safari/605.1.15",60,,,,,,,,,,,,,,,,,,,,,,,,,,,,,,,,,,,,media/dmnb.png,2,2,Symb,e,CR,0,0,0,0,8,0,37,0,1,0,99,e,0.77,2,1,,,,,,,,,,,,,,,,,,,,,,,,,,,,,,,,,,,,,,,,,,,,,,,,,,e,1,0.77,77,0,77,0,1,,,,,,,,,,,,,,,,,,,,,,,,,,,,,,,,,,,,,,,,,,,,,,,,,,,,,,
,,,,,,,,,,,,,,,,,107,4,2024-09-05_15h33.34.906,Symbol-E,2020.1.3,MacIntel,Safari,"Mozilla/5.0 (Macintosh; Intel Mac OS X 10_15_7) AppleWebKit/605.1.15 (KHTML, like Gecko) Version/17.6 Safari/605.1.15",60,,,,,,,,,,,,,,,,,,,,,,,,,,,,,,,,,,,,media/dcnb.png,0,0,Symb,a,CR,0,0,0,0,8,0,38,0,1,0,99,a,2.776,0,1,,,,,,,,,,,,,,,,,,,,,,,,,,,,,,,,,,,,,,,,,,,,,,,,,,a,1,2.776,78,0,78,0,1,,,,,,,,,,,,,,,,,,,,,,,,,,,,,,,,,,,,,,,,,,,,,,,,,,,,,,
,,,,,,,,,,,,,,,,,107,4,2024-09-05_15h33.34.906,Symbol-E,2020.1.3,MacIntel,Safari,"Mozilla/5.0 (Macintosh; Intel Mac OS X 10_15_7) AppleWebKit/605.1.15 (KHTML, like Gecko) Version/17.6 Safari/605.1.15",60,,,,,,,,,,,,,,,,,,,,,,,,,,,,,,,,,,,,media/dfnb.png,3,3,Symb,f,CR,0,0,0,0,8,0,39,0,1,0,99,f,1.209,3,1,,,,,,,,,,,,,,,,,,,,,,,,,,,,,,,,,,,,,,,,,,,,,,,,,,f,1,1.209,79,0,79,0,1,,,,,,,,,,,,,,,,,,,,,,,,,,,,,,,,,,,,,,,,,,,,,,,,,,,,,,
,,,,,,,,,,,,,,,,,107,4,2024-09-05_15h33.34.906,Symbol-E,2020.1.3,MacIntel,Safari,"Mozilla/5.0 (Macintosh; Intel Mac OS X 10_15_7) AppleWebKit/605.1.15 (KHTML, like Gecko) Version/17.6 Safari/605.1.15",60,,,,,,,,,,,,,,,,,,,,,,,,,,,,,,,,,,,,media/djnb.png,5,1,Symb,u,CR,0,0,0,0,8,0,40,0,1,0,99,h,1.069,4,0,,,,,,,,,,,,,,,,,,,,,,,,,,,,,,,,,,,,,,,,,,,,,,,,,,h,0,1.069,80,0,80,0,1,,,,,,,,,,,,,,,,,,,,,,,,,,,,,,,,,,,,,,,,,,,,,,,,,,,,,,
,,,,,,,,,,,,,,,,,107,4,2024-09-05_15h33.34.906,Symbol-E,2020.1.3,MacIntel,Safari,"Mozilla/5.0 (Macintosh; Intel Mac OS X 10_15_7) AppleWebKit/605.1.15 (KHTML, like Gecko) Version/17.6 Safari/605.1.15",60,,,,,,,,,,,,,,,,,,,,,,,,,,,,,,,,,,,,media/djnb.png,5,1,Symb,u,CR,0,0,0,0,8,1,40,0,1,0,99,u,0.537,5,1,,,,,,,,,,,,,,,,,,,,,,,,,,,,,,,,,,,,,,,,,,,,,,,,,,u,1,0.537,81,0,81,0,1,,,,,,,,,,,,,,,,,,,,,,,,,,,,,,,,,,,,,,,,,,,,,,,,,,,,,,
,,,,,,,,,,,,,,,,,107,4,2024-09-05_15h33.34.906,Symbol-E,2020.1.3,MacIntel,Safari,"Mozilla/5.0 (Macintosh; Intel Mac OS X 10_15_7) AppleWebKit/605.1.15 (KHTML, like Gecko) Version/17.6 Safari/605.1.15",60,,,,,,,,,,,,,,,,,,,,,,,,,,,,,,,,,,,,media/dnnb.png,6,2,Symb,i,CR,0,0,0,0,8,0,41,0,1,0,99,w,2.169,1,0,,,,,,,,,,,,,,,,,,,,,,,,,,,,,,,,,,,,,,,,,,,,,,,,,,w,0,2.169,82,0,82,0,1,,,,,,,,,,,,,,,,,,,,,,,,,,,,,,,,,,,,,,,,,,,,,,,,,,,,,,
,,,,,,,,,,,,,,,,,107,4,2024-09-05_15h33.34.906,Symbol-E,2020.1.3,MacIntel,Safari,"Mozilla/5.0 (Macintosh; Intel Mac OS X 10_15_7) AppleWebKit/605.1.15 (KHTML, like Gecko) Version/17.6 Safari/605.1.15",60,,,,,,,,,,,,,,,,,,,,,,,,,,,,,,,,,,,,media/dnnb.png,6,2,Symb,i,CR,0,0,0,0,8,1,41,0,1,0,99,h,0.898,4,0,,,,,,,,,,,,,,,,,,,,,,,,,,,,,,,,,,,,,,,,,,,,,,,,,,h,0,0.898,83,0,83,0,1,,,,,,,,,,,,,,,,,,,,,,,,,,,,,,,,,,,,,,,,,,,,,,,,,,,,,,
,,,,,,,,,,,,,,,,,107,4,2024-09-05_15h33.34.906,Symbol-E,2020.1.3,MacIntel,Safari,"Mozilla/5.0 (Macintosh; Intel Mac OS X 10_15_7) AppleWebKit/605.1.15 (KHTML, like Gecko) Version/17.6 Safari/605.1.15",60,,,,,,,,,,,,,,,,,,,,,,,,,,,,,,,,,,,,media/dnnb.png,6,2,Symb,i,CR,0,0,0,0,8,2,41,0,1,0,99,i,0.087,6,1,,,,,,,,,,,,,,,,,,,,,,,,,,,,,,,,,,,,,,,,,,,,,,,,,,i,1,0.087,84,0,84,0,1,,,,,,,,,,,,,,,,,,,,,,,,,,,,,,,,,,,,,,,,,,,,,,,,,,,,,,
,,,,,,,,,,,,,,,,,107,4,2024-09-05_15h33.34.906,Symbol-E,2020.1.3,MacIntel,Safari,"Mozilla/5.0 (Macintosh; Intel Mac OS X 10_15_7) AppleWebKit/605.1.15 (KHTML, like Gecko) Version/17.6 Safari/605.1.15",60,,,,,,,,,,,,,,,,,,,,,,,,,,,,,,,,,,,,media/dgnb.png,7,3,Symb,l,CR,0,0,0,0,8,0,42,0,1,0,99,l,1.32,7,1,,,,,,,,,,,,,,,,,,,,,,,,,,,,,,,,,,,,,,,,,,,,,,,,,,l,1,1.32,85,0,85,0,1,,,,,,,,,,,,,,,,,,,,,,,,,,,,,,,,,,,,,,,,,,,,,,,,,,,,,,
,,,,,,,,,,,,,,,,,107,4,2024-09-05_15h33.34.906,Symbol-E,2020.1.3,MacIntel,Safari,"Mozilla/5.0 (Macintosh; Intel Mac OS X 10_15_7) AppleWebKit/605.1.15 (KHTML, like Gecko) Version/17.6 Safari/605.1.15",60,,,,,,,,,,,,,,,,,,,,,,,,,,,,,,,,,,,,media/dfnb.png,3,3,Symb,f,CR,0,0,0,0,8,0,43,0,1,0,99,f,0.854,3,1,,,,,,,,,,,,,,,,,,,,,,,,,,,,,,,,,,,,,,,,,,,,,,,,,,f,1,0.854,86,0,86,0,1,,,,,,,,,,,,,,,,,,,,,,,,,,,,,,,,,,,,,,,,,,,,,,,,,,,,,,
,,,,,,,,,,,,,,,,,107,4,2024-09-05_15h33.34.906,Symbol-E,2020.1.3,MacIntel,Safari,"Mozilla/5.0 (Macintosh; Intel Mac OS X 10_15_7) AppleWebKit/605.1.15 (KHTML, like Gecko) Version/17.6 Safari/605.1.15",60,,,,,,,,,,,,,,,,,,,,,,,,,,,,,,,,,,,,media/dgnb.png,7,3,Symb,l,CR,0,0,0,0,8,0,44,0,1,0,99,l,1.072,7,1,,,,,,,,,,,,,,,,,,,,,,,,,,,,,,,,,,,,,,,,,,,,,,,,,,l,1,1.072,87,0,87,0,1,,,,,,,,,,,,,,,,,,,,,,,,,,,,,,,,,,,,,,,,,,,,,,,,,,,,,,
,,,,,,,,,,,,,,,,,107,4,2024-09-05_15h33.34.906,Symbol-E,2020.1.3,MacIntel,Safari,"Mozilla/5.0 (Macintosh; Intel Mac OS X 10_15_7) AppleWebKit/605.1.15 (KHTML, like Gecko) Version/17.6 Safari/605.1.15",60,,,,,,,,,,,,,,,,,,,,,,,,,,,,,,,,,,,,media/dcnb.png,0,0,Symb,a,CR,0,0,0,0,8,0,45,0,1,0,99,a,2.151,0,1,,,,,,,,,,,,,,,,,,,,,,,,,,,,,,,,,,,,,,,,,,,,,,,,,,a,1,2.151,88,0,88,0,1,,,,,,,,,,,,,,,,,,,,,,,,,,,,,,,,,,,,,,,,,,,,,,,,,,,,,,
,,,,,,,,,,,,,,,,,107,4,2024-09-05_15h33.34.906,Symbol-E,2020.1.3,MacIntel,Safari,"Mozilla/5.0 (Macintosh; Intel Mac OS X 10_15_7) AppleWebKit/605.1.15 (KHTML, like Gecko) Version/17.6 Safari/605.1.15",60,,,,,,,,,,,,,,,,,,,,,,,,,,,,,,,,,,,,media/ddnb.png,4,0,Symb,h,CR,0,0,0,0,8,0,46,0,1,0,99,h,2.019,4,1,,,,,,,,,,,,,,,,,,,,,,,,,,,,,,,,,,,,,,,,,,,,,,,,,,h,1,2.019,89,0,89,0,1,,,,,,,,,,,,,,,,,,,,,,,,,,,,,,,,,,,,,,,,,,,,,,,,,,,,,,
,,,,,,,,,,,,,,,,,107,4,2024-09-05_15h33.34.906,Symbol-E,2020.1.3,MacIntel,Safari,"Mozilla/5.0 (Macintosh; Intel Mac OS X 10_15_7) AppleWebKit/605.1.15 (KHTML, like Gecko) Version/17.6 Safari/605.1.15",60,,,,,,,,,,,,,,,,,,,,,,,,,,,,,,,,,,,,media/dinb.png,1,1,Symb,w,CR,0,0,0,0,8,0,47,0,1,0,99,w,1.055,1,1,,,,,,,,,,,,,,,,,,,,,,,,,,,,,,,,,,,,,,,,,,,,,,,,,,w,1,1.055,90,0,90,0,1,,,,,,,,,,,,,,,,,,,,,,,,,,,,,,,,,,,,,,,,,,,,,,,,,,,,,,
,,,,,,,,,,,,,,,,,107,4,2024-09-05_15h33.34.906,Symbol-E,2020.1.3,MacIntel,Safari,"Mozilla/5.0 (Macintosh; Intel Mac OS X 10_15_7) AppleWebKit/605.1.15 (KHTML, like Gecko) Version/17.6 Safari/605.1.15",60,,,,,,,,,,,,,,,,,,,,,,,,,,,,,,,,,,,,media/dmnb.png,2,2,Symb,e,CR,0,0,0,0,8,0,48,0,1,0,99,e,0.81,2,1,,,,,,,,,,,,,,,,,,,,,,,,,,,,,,,,,,,,,,,,,,,,,,,,,,e,1,0.81,91,0,91,0,1,,,,,,,,,,,,,,,,,,,,,,,,,,,,,,,,,,,,,,,,,,,,,,,,,,,,,,
,,,,,,,,,,,,,,,,,107,4,2024-09-05_15h33.34.906,Symbol-E,2020.1.3,MacIntel,Safari,"Mozilla/5.0 (Macintosh; Intel Mac OS X 10_15_7) AppleWebKit/605.1.15 (KHTML, like Gecko) Version/17.6 Safari/605.1.15",60,,,,,,,,,,,,,,,,,,,,,,,,,,,,,,,,,,,,media/djnb.png,5,1,Symb,u,CR,0,0,0,0,8,0,49,0,1,0,99,i,2.203,6,0,,,,,,,,,,,,,,,,,,,,,,,,,,,,,,,,,,,,,,,,,,,,,,,,,,i,0,2.203,92,0,92,0,1,,,,,,,,,,,,,,,,,,,,,,,,,,,,,,,,,,,,,,,,,,,,,,,,,,,,,,
,,,,,,,,,,,,,,,,,107,4,2024-09-05_15h33.34.906,Symbol-E,2020.1.3,MacIntel,Safari,"Mozilla/5.0 (Macintosh; Intel Mac OS X 10_15_7) AppleWebKit/605.1.15 (KHTML, like Gecko) Version/17.6 Safari/605.1.15",60,,,,,,,,,,,,,,,,,,,,,,,,,,,,,,,,,,,,media/djnb.png,5,1,Symb,u,CR,0,0,0,0,8,1,49,0,1,0,99,h,0.135,4,0,,,,,,,,,,,,,,,,,,,,,,,,,,,,,,,,,,,,,,,,,,,,,,,,,,h,0,0.135,93,0,93,0,1,,,,,,,,,,,,,,,,,,,,,,,,,,,,,,,,,,,,,,,,,,,,,,,,,,,,,,
,,,,,,,,,,,,,,,,,107,4,2024-09-05_15h33.34.906,Symbol-E,2020.1.3,MacIntel,Safari,"Mozilla/5.0 (Macintosh; Intel Mac OS X 10_15_7) AppleWebKit/605.1.15 (KHTML, like Gecko) Version/17.6 Safari/605.1.15",60,,,,,,,,,,,,,,,,,,,,,,,,,,,,,,,,,,,,media/djnb.png,5,1,Symb,u,CR,0,0,0,0,8,2,49,0,1,0,99,u,0.171,5,1,,,,,,,,,,,,,,,,,,,,,,,,,,,,,,,,,,,,,,,,,,,,,,,,,,u,1,0.171,94,0,94,0,1,,,,,,,,,,,,,,,,,,,,,,,,,,,,,,,,,,,,,,,,,,,,,,,,,,,,,,
,,,,,,,,,,,,,,,,,107,4,2024-09-05_15h33.34.906,Symbol-E,2020.1.3,MacIntel,Safari,"Mozilla/5.0 (Macintosh; Intel Mac OS X 10_15_7) AppleWebKit/605.1.15 (KHTML, like Gecko) Version/17.6 Safari/605.1.15",60,,,,,,,,,,,,,,,,,,,,,,,,,,,,,,,,,,,,media/dnnb.png,6,2,Symb,i,CR,0,0,0,0,8,0,50,0,1,0,99,i,5.649,6,1,,,,,,,,,,,,,,,,,,,,,,,,,,,,,,,,,,,,,,,,,,,,,,,,,,i,1,5.649,95,0,95,0,1,,,,,,,,,,,,,,,,,,,,,,,,,,,,,,,,,,,,,,,,,,,,,,,,,,,,,,
,,,,,,,,,,,,,,,,,107,4,2024-09-05_15h33.34.906,Symbol-E,2020.1.3,MacIntel,Safari,"Mozilla/5.0 (Macintosh; Intel Mac OS X 10_15_7) AppleWebKit/605.1.15 (KHTML, like Gecko) Version/17.6 Safari/605.1.15",60,,,,,,,,,,,,,,,,,,,,,,,,,,,,,,,,,,,,media/dfnb.png,3,3,Symb,f,CR,0,0,0,0,8,0,51,0,1,0,99,f,0.756,3,1,,,,,,,,,,,,,,,,,,,,,,,,,,,,,,,,,,,,,,,,,,,,,,,,,,f,1,0.756,96,0,96,0,1,,,,,,,,,,,,,,,,,,,,,,,,,,,,,,,,,,,,,,,,,,,,,,,,,,,,,,
,,,,,,,,,,,,,,,,,107,4,2024-09-05_15h33.34.906,Symbol-E,2020.1.3,MacIntel,Safari,"Mozilla/5.0 (Macintosh; Intel Mac OS X 10_15_7) AppleWebKit/605.1.15 (KHTML, like Gecko) Version/17.6 Safari/605.1.15",60,,,,,,,,,,,,,,,,,,,,,,,,,,,,,,,,,,,,media/dinb.png,1,1,Symb,w,CR,0,0,0,0,8,0,52,0,1,0,99,w,0.853,1,1,,,,,,,,,,,,,,,,,,,,,,,,,,,,,,,,,,,,,,,,,,,,,,,,,,w,1,0.853,97,0,97,0,1,,,,,,,,,,,,,,,,,,,,,,,,,,,,,,,,,,,,,,,,,,,,,,,,,,,,,,
,,,,,,,,,,,,,,,,,107,4,2024-09-05_15h33.34.906,Symbol-E,2020.1.3,MacIntel,Safari,"Mozilla/5.0 (Macintosh; Intel Mac OS X 10_15_7) AppleWebKit/605.1.15 (KHTML, like Gecko) Version/17.6 Safari/605.1.15",60,,,,,,,,,,,,,,,,,,,,,,,,,,,,,,,,,,,,media/dcnb.png,0,0,Symb,a,CR,0,0,0,0,8,0,53,0,1,0,99,a,1.617,0,1,,,,,,,,,,,,,,,,,,,,,,,,,,,,,,,,,,,,,,,,,,,,,,,,,,a,1,1.617,98,0,98,0,1,,,,,,,,,,,,,,,,,,,,,,,,,,,,,,,,,,,,,,,,,,,,,,,,,,,,,,
,,,,,,,,,,,,,,,,,107,4,2024-09-05_15h33.34.906,Symbol-E,2020.1.3,MacIntel,Safari,"Mozilla/5.0 (Macintosh; Intel Mac OS X 10_15_7) AppleWebKit/605.1.15 (KHTML, like Gecko) Version/17.6 Safari/605.1.15",60,,,,,,,,,,,,,,,,,,,,,,,,,,,,,,,,,,,,media/dmnb.png,2,2,Symb,e,CR,0,0,0,0,8,0,54,0,1,0,99,e,0.637,2,1,,,,,,,,,,,,,,,,,,,,,,,,,,,,,,,,,,,,,,,,,,,,,,,,,,e,1,0.637,99,0,99,0,1,,,,,,,,,,,,,,,,,,,,,,,,,,,,,,,,,,,,,,,,,,,,,,,,,,,,,,
,,,,,,,,,,,,,,,,,107,4,2024-09-05_15h33.34.906,Symbol-E,2020.1.3,MacIntel,Safari,"Mozilla/5.0 (Macintosh; Intel Mac OS X 10_15_7) AppleWebKit/605.1.15 (KHTML, like Gecko) Version/17.6 Safari/605.1.15",60,,,,,,,,,,,,,,,,,,,,,,,,,,,,,,,,,,,,media/ddnb.png,4,0,Symb,h,CR,0,0,0,0,8,0,55,0,1,0,99,h,1.101,4,1,,,,,,,,,,,,,,,,,,,,,,,,,,,,,,,,,,,,,,,,,,,,,,,,,,h,1,1.101,100,0,100,0,1,,,,,,,,,,,,,,,,,,,,,,,,,,,,,,,,,,,,,,,,,,,,,,,,,,,,,,
,,,,,,,,,,,,,,,,,107,4,2024-09-05_15h33.34.906,Symbol-E,2020.1.3,MacIntel,Safari,"Mozilla/5.0 (Macintosh; Intel Mac OS X 10_15_7) AppleWebKit/605.1.15 (KHTML, like Gecko) Version/17.6 Safari/605.1.15",60,,,,,,,,,,,,,,,,,,,,,,,,,,,,,,,,,,,,media/dfnb.png,3,3,Symb,f,CR,0,0,0,0,8,0,56,0,1,0,99,f,0.769,3,1,,,,,,,,,,,,,,,,,,,,,,,,,,,,,,,,,,,,,,,,,,,,,,,,,,f,1,0.769,101,0,101,0,1,,,,,,,,,,,,,,,,,,,,,,,,,,,,,,,,,,,,,,,,,,,,,,,,,,,,,,
,,,,,,,,,,,,,,,,,107,4,2024-09-05_15h33.34.906,Symbol-E,2020.1.3,MacIntel,Safari,"Mozilla/5.0 (Macintosh; Intel Mac OS X 10_15_7) AppleWebKit/605.1.15 (KHTML, like Gecko) Version/17.6 Safari/605.1.15",60,,,,,,,,,,,,,,,,,,,,,,,,,,,,,,,,,,,,media/dnnb.png,6,2,Symb,i,CR,0,0,0,0,8,0,57,0,1,0,99,i,4.655,6,1,,,,,,,,,,,,,,,,,,,,,,,,,,,,,,,,,,,,,,,,,,,,,,,,,,i,1,4.655,102,0,102,0,1,,,,,,,,,,,,,,,,,,,,,,,,,,,,,,,,,,,,,,,,,,,,,,,,,,,,,,
,,,,,,,,,,,,,,,,,107,4,2024-09-05_15h33.34.906,Symbol-E,2020.1.3,MacIntel,Safari,"Mozilla/5.0 (Macintosh; Intel Mac OS X 10_15_7) AppleWebKit/605.1.15 (KHTML, like Gecko) Version/17.6 Safari/605.1.15",60,,,,,,,,,,,,,,,,,,,,,,,,,,,,,,,,,,,,media/ddnb.png,4,0,Symb,h,CR,0,0,0,0,8,0,58,0,1,0,99,h,1.335,4,1,,,,,,,,,,,,,,,,,,,,,,,,,,,,,,,,,,,,,,,,,,,,,,,,,,h,1,1.335,103,0,103,0,1,,,,,,,,,,,,,,,,,,,,,,,,,,,,,,,,,,,,,,,,,,,,,,,,,,,,,,
,,,,,,,,,,,,,,,,,107,4,2024-09-05_15h33.34.906,Symbol-E,2020.1.3,MacIntel,Safari,"Mozilla/5.0 (Macintosh; Intel Mac OS X 10_15_7) AppleWebKit/605.1.15 (KHTML, like Gecko) Version/17.6 Safari/605.1.15",60,,,,,,,,,,,,,,,,,,,,,,,,,,,,,,,,,,,,media/dgnb.png,7,3,Symb,l,CR,0,0,0,0,8,0,59,0,1,0,99,l,0.954,7,1,,,,,,,,,,,,,,,,,,,,,,,,,,,,,,,,,,,,,,,,,,,,,,,,,,l,1,0.954,104,0,104,0,1,,,,,,,,,,,,,,,,,,,,,,,,,,,,,,,,,,,,,,,,,,,,,,,,,,,,,,
,,,,,,,,,,,,,,,,,107,4,2024-09-05_15h33.34.906,Symbol-E,2020.1.3,MacIntel,Safari,"Mozilla/5.0 (Macintosh; Intel Mac OS X 10_15_7) AppleWebKit/605.1.15 (KHTML, like Gecko) Version/17.6 Safari/605.1.15",60,,,,,,,,,,,,,,,,,,,,,,,,,,,,,,,,,,,,media/dgnb.png,7,3,Symb,l,CR,0,0,0,0,8,0,60,0,1,0,99,l,0.704,7,1,,,,,,,,,,,,,,,,,,,,,,,,,,,,,,,,,,,,,,,,,,,,,,,,,,l,1,0.704,105,0,105,0,1,,,,,,,,,,,,,,,,,,,,,,,,,,,,,,,,,,,,,,,,,,,,,,,,,,,,,,
,,,,,,,,,,,,,,,,,107,4,2024-09-05_15h33.34.906,Symbol-E,2020.1.3,MacIntel,Safari,"Mozilla/5.0 (Macintosh; Intel Mac OS X 10_15_7) AppleWebKit/605.1.15 (KHTML, like Gecko) Version/17.6 Safari/605.1.15",60,,,,,,,,,,,,,,,,,,,,,,,,,,,,,,,,,,,,media/dcnb.png,0,0,Symb,a,CR,0,0,0,0,8,0,61,0,1,0,99,a,1.121,0,1,,,,,,,,,,,,,,,,,,,,,,,,,,,,,,,,,,,,,,,,,,,,,,,,,,a,1,1.121,106,0,106,0,1,,,,,,,,,,,,,,,,,,,,,,,,,,,,,,,,,,,,,,,,,,,,,,,,,,,,,,
,,,,,,,,,,,,,,,,,107,4,2024-09-05_15h33.34.906,Symbol-E,2020.1.3,MacIntel,Safari,"Mozilla/5.0 (Macintosh; Intel Mac OS X 10_15_7) AppleWebKit/605.1.15 (KHTML, like Gecko) Version/17.6 Safari/605.1.15",60,,,,,,,,,,,,,,,,,,,,,,,,,,,,,,,,,,,,media/dinb.png,1,1,Symb,w,CR,0,0,0,0,8,0,62,0,1,0,99,w,1.352,1,1,,,,,,,,,,,,,,,,,,,,,,,,,,,,,,,,,,,,,,,,,,,,,,,,,,w,1,1.352,107,0,107,0,1,,,,,,,,,,,,,,,,,,,,,,,,,,,,,,,,,,,,,,,,,,,,,,,,,,,,,,
,,,,,,,,,,,,,,,,,107,4,2024-09-05_15h33.34.906,Symbol-E,2020.1.3,MacIntel,Safari,"Mozilla/5.0 (Macintosh; Intel Mac OS X 10_15_7) AppleWebKit/605.1.15 (KHTML, like Gecko) Version/17.6 Safari/605.1.15",60,,,,,,,,,,,,,,,,,,,,,,,,,,,,,,,,,,,,media/djnb.png,5,1,Symb,u,CR,0,0,0,0,8,0,63,0,1,0,99,u,1.751,5,1,,,,,,,,,,,,,,,,,,,,,,,,,,,,,,,,,,,,,,,,,,,,,,,,,,u,1,1.751,108,0,108,0,1,,,,,,,,,,,,,,,,,,,,,,,,,,,,,,,,,,,,,,,,,,,,,,,,,,,,,,
,,,,,,,,,,,,,,,,,107,4,2024-09-05_15h33.34.906,Symbol-E,2020.1.3,MacIntel,Safari,"Mozilla/5.0 (Macintosh; Intel Mac OS X 10_15_7) AppleWebKit/605.1.15 (KHTML, like Gecko) Version/17.6 Safari/605.1.15",60,,,,,,,,,,,,,,,,,,,,,,,,,,,,,,,,,,,,media/dmnb.png,2,2,Symb,e,CR,0,0,0,0,8,0,64,0,1,0,99,e,0.704,2,1,,,,,,,,,,,,,,,,,,,,,,,,,,,,,,,,,,,,,,,,,,,,,,,,,,e,1,0.704,109,0,109,0,1,,,,,,,,,,,,,,,,,,,,,,,,,,,,,,,,,,,,,,,,,,,,,,,,,,,,,,
,,,,,,,,,,,,,,,,,107,4,2024-09-05_15h33.34.906,Symbol-E,2020.1.3,MacIntel,Safari,"Mozilla/5.0 (Macintosh; Intel Mac OS X 10_15_7) AppleWebKit/605.1.15 (KHTML, like Gecko) Version/17.6 Safari/605.1.15",60,,,,,,,,,,,,,,,,,,,,,,,,,,,,,,,,,,,,media/dmnb.png,2,2,Symb,e,CR,0,0,0,0,8,0,65,0,1,0,99,e,0.52,2,1,,,,,,,,,,,,,,,,,,,,,,,,,,,,,,,,,,,,,,,,,,,,,,,,,,e,1,0.52,110,0,110,0,1,,,,,,,,,,,,,,,,,,,,,,,,,,,,,,,,,,,,,,,,,,,,,,,,,,,,,,
,,,,,,,,,,,,,,,,,107,4,2024-09-05_15h33.34.906,Symbol-E,2020.1.3,MacIntel,Safari,"Mozilla/5.0 (Macintosh; Intel Mac OS X 10_15_7) AppleWebKit/605.1.15 (KHTML, like Gecko) Version/17.6 Safari/605.1.15",60,,,,,,,,,,,,,,,,,,,,,,,,,,,,,,,,,,,,media/dfnb.png,3,3,Symb,f,CR,0,0,0,0,8,0,66,0,1,0,99,f,0.716,3,1,,,,,,,,,,,,,,,,,,,,,,,,,,,,,,,,,,,,,,,,,,,,,,,,,,f,1,0.716,111,0,111,0,1,,,,,,,,,,,,,,,,,,,,,,,,,,,,,,,,,,,,,,,,,,,,,,,,,,,,,,
,,,,,,,,,,,,,,,,,107,4,2024-09-05_15h33.34.906,Symbol-E,2020.1.3,MacIntel,Safari,"Mozilla/5.0 (Macintosh; Intel Mac OS X 10_15_7) AppleWebKit/605.1.15 (KHTML, like Gecko) Version/17.6 Safari/605.1.15",60,,,,,,,,,,,,,,,,,,,,,,,,,,,,,,,,,,,,media/dcnb.png,0,0,Symb,a,CR,0,0,0,0,8,0,67,0,1,0,99,a,1.304,0,1,,,,,,,,,,,,,,,,,,,,,,,,,,,,,,,,,,,,,,,,,,,,,,,,,,a,1,1.304,112,0,112,0,1,,,,,,,,,,,,,,,,,,,,,,,,,,,,,,,,,,,,,,,,,,,,,,,,,,,,,,
,,,,,,,,,,,,,,,,,107,4,2024-09-05_15h33.34.906,Symbol-E,2020.1.3,MacIntel,Safari,"Mozilla/5.0 (Macintosh; Intel Mac OS X 10_15_7) AppleWebKit/605.1.15 (KHTML, like Gecko) Version/17.6 Safari/605.1.15",60,,,,,,,,,,,,,,,,,,,,,,,,,,,,,,,,,,,,media/djnb.png,5,1,Symb,u,CR,0,0,0,0,8,0,68,0,1,0,99,u,1.235,5,1,,,,,,,,,,,,,,,,,,,,,,,,,,,,,,,,,,,,,,,,,,,,,,,,,,u,1,1.235,113,0,113,0,1,,,,,,,,,,,,,,,,,,,,,,,,,,,,,,,,,,,,,,,,,,,,,,,,,,,,,,
,,,,,,,,,,,,,,,,,107,4,2024-09-05_15h33.34.906,Symbol-E,2020.1.3,MacIntel,Safari,"Mozilla/5.0 (Macintosh; Intel Mac OS X 10_15_7) AppleWebKit/605.1.15 (KHTML, like Gecko) Version/17.6 Safari/605.1.15",60,,,,,,,,,,,,,,,,,,,,,,,,,,,,,,,,,,,,media/ddnb.png,4,0,Symb,h,CR,0,0,0,0,8,0,69,0,1,0,99,h,4.403,4,1,,,,,,,,,,,,,,,,,,,,,,,,,,,,,,,,,,,,,,,,,,,,,,,,,,h,1,4.403,114,0,114,0,1,,,,,,,,,,,,,,,,,,,,,,,,,,,,,,,,,,,,,,,,,,,,,,,,,,,,,,
,,,,,,,,,,,,,,,,,107,4,2024-09-05_15h33.34.906,Symbol-E,2020.1.3,MacIntel,Safari,"Mozilla/5.0 (Macintosh; Intel Mac OS X 10_15_7) AppleWebKit/605.1.15 (KHTML, like Gecko) Version/17.6 Safari/605.1.15",60,,,,,,,,,,,,,,,,,,,,,,,,,,,,,,,,,,,,media/dnnb.png,6,2,Symb,i,CR,0,0,0,0,8,0,70,0,1,0,99,i,0.659,6,1,,,,,,,,,,,,,,,,,,,,,,,,,,,,,,,,,,,,,,,,,,,,,,,,,,i,1,0.659,115,0,115,0,1,,,,,,,,,,,,,,,,,,,,,,,,,,,,,,,,,,,,,,,,,,,,,,,,,,,,,,
,,,,,,,,,,,,,,,,,107,4,2024-09-05_15h33.34.906,Symbol-E,2020.1.3,MacIntel,Safari,"Mozilla/5.0 (Macintosh; Intel Mac OS X 10_15_7) AppleWebKit/605.1.15 (KHTML, like Gecko) Version/17.6 Safari/605.1.15",60,,,,,,,,,,,,,,,,,,,,,,,,,,,,,,,,,,,,media/dinb.png,1,1,Symb,w,CR,0,0,0,0,8,0,71,0,1,0,99,w,1.252,1,1,,,,,,,,,,,,,,,,,,,,,,,,,,,,,,,,,,,,,,,,,,,,,,,,,,w,1,1.252,116,0,116,0,1,,,,,,,,,,,,,,,,,,,,,,,,,,,,,,,,,,,,,,,,,,,,,,,,,,,,,,
,,,,,,,,,,,,,,,,,107,4,2024-09-05_15h33.34.906,Symbol-E,2020.1.3,MacIntel,Safari,"Mozilla/5.0 (Macintosh; Intel Mac OS X 10_15_7) AppleWebKit/605.1.15 (KHTML, like Gecko) Version/17.6 Safari/605.1.15",60,,,,,,,,,,,,,,,,,,,,,,,,,,,,,,,,,,,,media/dmnb.png,2,2,Symb,e,CR,0,0,0,0,8,0,72,0,1,0,99,e,0.717,2,1,,,,,,,,,,,,,,,,,,,,,,,,,,,,,,,,,,,,,,,,,,,,,,,,,,e,1,0.717,117,0,117,0,1,,,,,,,,,,,,,,,,,,,,,,,,,,,,,,,,,,,,,,,,,,,,,,,,,,,,,,
,,,,,,,,,,,,,,,,,107,4,2024-09-05_15h33.34.906,Symbol-E,2020.1.3,MacIntel,Safari,"Mozilla/5.0 (Macintosh; Intel Mac OS X 10_15_7) AppleWebKit/605.1.15 (KHTML, like Gecko) Version/17.6 Safari/605.1.15",60,,,,,,,,,,,,,,,,,,,,,,,,,,,,,,,,,,,,media/dinb.png,1,1,Symb,w,CR,0,0,0,0,8,0,73,0,1,0,99,w,1.074,1,1,,,,,,,,,,,,,,,,,,,,,,,,,,,,,,,,,,,,,,,,,,,,,,,,,,w,1,1.074,118,0,118,0,1,,,,,,,,,,,,,,,,,,,,,,,,,,,,,,,,,,,,,,,,,,,,,,,,,,,,,,
,,,,,,,,,,,,,,,,,107,4,2024-09-05_15h33.34.906,Symbol-E,2020.1.3,MacIntel,Safari,"Mozilla/5.0 (Macintosh; Intel Mac OS X 10_15_7) AppleWebKit/605.1.15 (KHTML, like Gecko) Version/17.6 Safari/605.1.15",60,,,,,,,,,,,,,,,,,,,,,,,,,,,,,,,,,,,,media/dfnb.png,3,3,Symb,f,CR,0,0,0,0,8,0,74,0,1,0,99,f,1.42,3,1,,,,,,,,,,,,,,,,,,,,,,,,,,,,,,,,,,,,,,,,,,,,,,,,,,f,1,1.42,119,0,119,0,1,,,,,,,,,,,,,,,,,,,,,,,,,,,,,,,,,,,,,,,,,,,,,,,,,,,,,,
,,,,,,,,,,,,,,,,,107,4,2024-09-05_15h33.34.906,Symbol-E,2020.1.3,MacIntel,Safari,"Mozilla/5.0 (Macintosh; Intel Mac OS X 10_15_7) AppleWebKit/605.1.15 (KHTML, like Gecko) Version/17.6 Safari/605.1.15",60,,,,,,,,,,,,,,,,,,,,,,,,,,,,,,,,,,,,media/ddnb.png,4,0,Symb,h,CR,0,0,0,0,8,0,75,0,1,0,99,h,1.453,4,1,,,,,,,,,,,,,,,,,,,,,,,,,,,,,,,,,,,,,,,,,,,,,,,,,,h,1,1.453,120,0,120,0,1,,,,,,,,,,,,,,,,,,,,,,,,,,,,,,,,,,,,,,,,,,,,,,,,,,,,,,
,,,,,,,,,,,,,,,,,107,4,2024-09-05_15h33.34.906,Symbol-E,2020.1.3,MacIntel,Safari,"Mozilla/5.0 (Macintosh; Intel Mac OS X 10_15_7) AppleWebKit/605.1.15 (KHTML, like Gecko) Version/17.6 Safari/605.1.15",60,,,,,,,,,,,,,,,,,,,,,,,,,,,,,,,,,,,,media/dnnb.png,6,2,Symb,i,CR,0,0,0,0,8,0,76,0,1,0,99,i,0.921,6,1,,,,,,,,,,,,,,,,,,,,,,,,,,,,,,,,,,,,,,,,,,,,,,,,,,i,1,0.921,121,0,121,0,1,,,,,,,,,,,,,,,,,,,,,,,,,,,,,,,,,,,,,,,,,,,,,,,,,,,,,,
,,,,,,,,,,,,,,,,,107,4,2024-09-05_15h33.34.906,Symbol-E,2020.1.3,MacIntel,Safari,"Mozilla/5.0 (Macintosh; Intel Mac OS X 10_15_7) AppleWebKit/605.1.15 (KHTML, like Gecko) Version/17.6 Safari/605.1.15",60,,,,,,,,,,,,,,,,,,,,,,,,,,,,,,,,,,,,media/djnb.png,5,1,Symb,u,CR,0,0,0,0,8,0,77,0,1,0,99,a,0.987,0,0,,,,,,,,,,,,,,,,,,,,,,,,,,,,,,,,,,,,,,,,,,,,,,,,,,a,0,0.987,122,0,122,0,1,,,,,,,,,,,,,,,,,,,,,,,,,,,,,,,,,,,,,,,,,,,,,,,,,,,,,,
,,,,,,,,,,,,,,,,,107,4,2024-09-05_15h33.34.906,Symbol-E,2020.1.3,MacIntel,Safari,"Mozilla/5.0 (Macintosh; Intel Mac OS X 10_15_7) AppleWebKit/605.1.15 (KHTML, like Gecko) Version/17.6 Safari/605.1.15",60,,,,,,,,,,,,,,,,,,,,,,,,,,,,,,,,,,,,media/djnb.png,5,1,Symb,u,CR,0,0,0,0,8,1,77,0,1,0,99,u,0.488,5,1,,,,,,,,,,,,,,,,,,,,,,,,,,,,,,,,,,,,,,,,,,,,,,,,,,u,1,0.488,123,0,123,0,1,,,,,,,,,,,,,,,,,,,,,,,,,,,,,,,,,,,,,,,,,,,,,,,,,,,,,,
,,,,,,,,,,,,,,,,,107,4,2024-09-05_15h33.34.906,Symbol-E,2020.1.3,MacIntel,Safari,"Mozilla/5.0 (Macintosh; Intel Mac OS X 10_15_7) AppleWebKit/605.1.15 (KHTML, like Gecko) Version/17.6 Safari/605.1.15",60,,,,,,,,,,,,,,,,,,,,,,,,,,,,,,,,,,,,media/dgnb.png,7,3,Symb,l,CR,0,0,0,0,8,0,78,0,1,0,99,l,2.92,7,1,,,,,,,,,,,,,,,,,,,,,,,,,,,,,,,,,,,,,,,,,,,,,,,,,,l,1,2.92,124,0,124,0,1,,,,,,,,,,,,,,,,,,,,,,,,,,,,,,,,,,,,,,,,,,,,,,,,,,,,,,
,,,,,,,,,,,,,,,,,107,4,2024-09-05_15h33.34.906,Symbol-E,2020.1.3,MacIntel,Safari,"Mozilla/5.0 (Macintosh; Intel Mac OS X 10_15_7) AppleWebKit/605.1.15 (KHTML, like Gecko) Version/17.6 Safari/605.1.15",60,,,,,,,,,,,,,,,,,,,,,,,,,,,,,,,,,,,,media/dcnb.png,0,0,Symb,a,CR,0,0,0,0,8,0,79,0,1,0,99,a,1.368,0,1,,,,,,,,,,,,,,,,,,,,,,,,,,,,,,,,,,,,,,,,,,,,,,,,,,a,1,1.368,125,0,125,0,1,,,,,,,,,,,,,,,,,,,,,,,,,,,,,,,,,,,,,,,,,,,,,,,,,,,,,,
,,,,,,,,,,,,,,,,,107,4,2024-09-05_15h33.34.906,Symbol-E,2020.1.3,MacIntel,Safari,"Mozilla/5.0 (Macintosh; Intel Mac OS X 10_15_7) AppleWebKit/605.1.15 (KHTML, like Gecko) Version/17.6 Safari/605.1.15",60,,,,,,,,,,,,,,,,,,,,,,,,,,,,,,,,,,,,media/djnb.png,5,1,Symb,u,CR,0,0,0,0,8,0,80,0,1,0,99,u,0.873,5,1,,,,,,,,,,,,,,,,,,,,,,,,,,,,,,,,,,,,,,,,,,,,,,,,,,u,1,0.873,126,0,126,0,1,,,,,,,,,,,,,,,,,,,,,,,,,,,,,,,,,,,,,,,,,,,,,,,,,,,,,,
,,,,,,,,,,,,,,,,,107,4,2024-09-05_15h33.34.906,Symbol-E,2020.1.3,MacIntel,Safari,"Mozilla/5.0 (Macintosh; Intel Mac OS X 10_15_7) AppleWebKit/605.1.15 (KHTML, like Gecko) Version/17.6 Safari/605.1.15",60,,,,,,,,,,,,,,,,,,,,,,,,,,,,,,,,,,,,media/dcnb.png,0,0,Symb,a,CR,0,0,0,0,8,0,81,0,1,0,99,a,1.536,0,1,,,,,,,,,,,,,,,,,,,,,,,,,,,,,,,,,,,,,,,,,,,,,,,,,,a,1,1.536,127,0,127,0,1,,,,,,,,,,,,,,,,,,,,,,,,,,,,,,,,,,,,,,,,,,,,,,,,,,,,,,
,,,,,,,,,,,,,,,,,107,4,2024-09-05_15h33.34.906,Symbol-E,2020.1.3,MacIntel,Safari,"Mozilla/5.0 (Macintosh; Intel Mac OS X 10_15_7) AppleWebKit/605.1.15 (KHTML, like Gecko) Version/17.6 Safari/605.1.15",60,,,,,,,,,,,,,,,,,,,,,,,,,,,,,,,,,,,,media/dfnb.png,3,3,Symb,f,CR,0,0,0,0,8,0,82,0,1,0,99,f,0.637,3,1,,,,,,,,,,,,,,,,,,,,,,,,,,,,,,,,,,,,,,,,,,,,,,,,,,f,1,0.637,128,0,128,0,1,,,,,,,,,,,,,,,,,,,,,,,,,,,,,,,,,,,,,,,,,,,,,,,,,,,,,,
,,,,,,,,,,,,,,,,,107,4,2024-09-05_15h33.34.906,Symbol-E,2020.1.3,MacIntel,Safari,"Mozilla/5.0 (Macintosh; Intel Mac OS X 10_15_7) AppleWebKit/605.1.15 (KHTML, like Gecko) Version/17.6 Safari/605.1.15",60,,,,,,,,,,,,,,,,,,,,,,,,,,,,,,,,,,,,media/dnnb.png,6,2,Symb,i,CR,0,0,0,0,8,0,83,0,1,0,99,i,1.576,6,1,,,,,,,,,,,,,,,,,,,,,,,,,,,,,,,,,,,,,,,,,,,,,,,,,,i,1,1.576,129,0,129,0,1,,,,,,,,,,,,,,,,,,,,,,,,,,,,,,,,,,,,,,,,,,,,,,,,,,,,,,
,,,,,,,,,,,,,,,,,107,4,2024-09-05_15h33.34.906,Symbol-E,2020.1.3,MacIntel,Safari,"Mozilla/5.0 (Macintosh; Intel Mac OS X 10_15_7) AppleWebKit/605.1.15 (KHTML, like Gecko) Version/17.6 Safari/605.1.15",60,,,,,,,,,,,,,,,,,,,,,,,,,,,,,,,,,,,,media/ddnb.png,4,0,Symb,h,CR,0,0,0,0,8,0,84,0,1,0,99,h,0.587,4,1,,,,,,,,,,,,,,,,,,,,,,,,,,,,,,,,,,,,,,,,,,,,,,,,,,h,1,0.587,130,0,130,0,1,,,,,,,,,,,,,,,,,,,,,,,,,,,,,,,,,,,,,,,,,,,,,,,,,,,,,,
,,,,,,,,,,,,,,,,,107,4,2024-09-05_15h33.34.906,Symbol-E,2020.1.3,MacIntel,Safari,"Mozilla/5.0 (Macintosh; Intel Mac OS X 10_15_7) AppleWebKit/605.1.15 (KHTML, like Gecko) Version/17.6 Safari/605.1.15",60,,,,,,,,,,,,,,,,,,,,,,,,,,,,,,,,,,,,media/djnb.png,5,1,Symb,u,CR,0,0,0,0,8,0,85,0,1,0,99,u,1.97,5,1,,,,,,,,,,,,,,,,,,,,,,,,,,,,,,,,,,,,,,,,,,,,,,,,,,u,1,1.97,131,0,131,0,1,,,,,,,,,,,,,,,,,,,,,,,,,,,,,,,,,,,,,,,,,,,,,,,,,,,,,,
,,,,,,,,,,,,,,,,,107,4,2024-09-05_15h33.34.906,Symbol-E,2020.1.3,MacIntel,Safari,"Mozilla/5.0 (Macintosh; Intel Mac OS X 10_15_7) AppleWebKit/605.1.15 (KHTML, like Gecko) Version/17.6 Safari/605.1.15",60,,,,,,,,,,,,,,,,,,,,,,,,,,,,,,,,,,,,media/dnnb.png,6,2,Symb,i,CR,0,0,0,0,8,0,86,0,1,0,99,i,1.025,6,1,,,,,,,,,,,,,,,,,,,,,,,,,,,,,,,,,,,,,,,,,,,,,,,,,,i,1,1.025,132,0,132,0,1,,,,,,,,,,,,,,,,,,,,,,,,,,,,,,,,,,,,,,,,,,,,,,,,,,,,,,
,,,,,,,,,,,,,,,,,107,4,2024-09-05_15h33.34.906,Symbol-E,2020.1.3,MacIntel,Safari,"Mozilla/5.0 (Macintosh; Intel Mac OS X 10_15_7) AppleWebKit/605.1.15 (KHTML, like Gecko) Version/17.6 Safari/605.1.15",60,,,,,,,,,,,,,,,,,,,,,,,,,,,,,,,,,,,,media/dmnb.png,2,2,Symb,e,CR,0,0,0,0,8,0,87,0,1,0,99,e,1.986,2,1,,,,,,,,,,,,,,,,,,,,,,,,,,,,,,,,,,,,,,,,,,,,,,,,,,e,1,1.986,133,0,133,0,1,,,,,,,,,,,,,,,,,,,,,,,,,,,,,,,,,,,,,,,,,,,,,,,,,,,,,,
,,,,,,,,,,,,,,,,,107,4,2024-09-05_15h33.34.906,Symbol-E,2020.1.3,MacIntel,Safari,"Mozilla/5.0 (Macintosh; Intel Mac OS X 10_15_7) AppleWebKit/605.1.15 (KHTML, like Gecko) Version/17.6 Safari/605.1.15",60,,,,,,,,,,,,,,,,,,,,,,,,,,,,,,,,,,,,media/ddnb.png,4,0,Symb,h,CR,0,0,0,0,8,0,88,0,1,0,99,h,1.718,4,1,,,,,,,,,,,,,,,,,,,,,,,,,,,,,,,,,,,,,,,,,,,,,,,,,,h,1,1.718,134,0,134,0,1,,,,,,,,,,,,,,,,,,,,,,,,,,,,,,,,,,,,,,,,,,,,,,,,,,,,,,
,,,,,,,,,,,,,,,,,107,4,2024-09-05_15h33.34.906,Symbol-E,2020.1.3,MacIntel,Safari,"Mozilla/5.0 (Macintosh; Intel Mac OS X 10_15_7) AppleWebKit/605.1.15 (KHTML, like Gecko) Version/17.6 Safari/605.1.15",60,,,,,,,,,,,,,,,,,,,,,,,,,,,,,,,,,,,,media/dinb.png,1,1,Symb,w,CR,0,0,0,0,8,0,89,0,1,0,99,w,0.718,1,1,,,,,,,,,,,,,,,,,,,,,,,,,,,,,,,,,,,,,,,,,,,,,,,,,,w,1,0.718,135,0,135,0,1,,,,,,,,,,,,,,,,,,,,,,,,,,,,,,,,,,,,,,,,,,,,,,,,,,,,,,
,,,,,,,,,,,,,,,,,107,4,2024-09-05_15h33.34.906,Symbol-E,2020.1.3,MacIntel,Safari,"Mozilla/5.0 (Macintosh; Intel Mac OS X 10_15_7) AppleWebKit/605.1.15 (KHTML, like Gecko) Version/17.6 Safari/605.1.15",60,,,,,,,,,,,,,,,,,,,,,,,,,,,,,,,,,,,,media/dgnb.png,7,3,Symb,l,CR,0,0,0,0,8,0,90,0,1,0,99,l,1.469,7,1,,,,,,,,,,,,,,,,,,,,,,,,,,,,,,,,,,,,,,,,,,,,,,,,,,l,1,1.469,136,0,136,0,1,,,,,,,,,,,,,,,,,,,,,,,,,,,,,,,,,,,,,,,,,,,,,,,,,,,,,,
,,,,,,,,,,,,,,,,,107,4,2024-09-05_15h33.34.906,Symbol-E,2020.1.3,MacIntel,Safari,"Mozilla/5.0 (Macintosh; Intel Mac OS X 10_15_7) AppleWebKit/605.1.15 (KHTML, like Gecko) Version/17.6 Safari/605.1.15",60,,,,,,,,,,,,,,,,,,,,,,,,,,,,,,,,,,,,media/dfnb.png,3,3,Symb,f,CR,0,0,0,0,8,0,91,0,1,0,99,f,0.787,3,1,,,,,,,,,,,,,,,,,,,,,,,,,,,,,,,,,,,,,,,,,,,,,,,,,,f,1,0.787,137,0,137,0,1,,,,,,,,,,,,,,,,,,,,,,,,,,,,,,,,,,,,,,,,,,,,,,,,,,,,,,
,,,,,,,,,,,,,,,,,107,4,2024-09-05_15h33.34.906,Symbol-E,2020.1.3,MacIntel,Safari,"Mozilla/5.0 (Macintosh; Intel Mac OS X 10_15_7) AppleWebKit/605.1.15 (KHTML, like Gecko) Version/17.6 Safari/605.1.15",60,,,,,,,,,,,,,,,,,,,,,,,,,,,,,,,,,,,,media/dmnb.png,2,2,Symb,e,CR,0,0,0,0,8,0,92,0,1,0,99,e,0.686,2,1,,,,,,,,,,,,,,,,,,,,,,,,,,,,,,,,,,,,,,,,,,,,,,,,,,e,1,0.686,138,0,138,0,1,,,,,,,,,,,,,,,,,,,,,,,,,,,,,,,,,,,,,,,,,,,,,,,,,,,,,,
,,,,,,,,,,,,,,,,,107,4,2024-09-05_15h33.34.906,Symbol-E,2020.1.3,MacIntel,Safari,"Mozilla/5.0 (Macintosh; Intel Mac OS X 10_15_7) AppleWebKit/605.1.15 (KHTML, like Gecko) Version/17.6 Safari/605.1.15",60,,,,,,,,,,,,,,,,,,,,,,,,,,,,,,,,,,,,media/dgnb.png,7,3,Symb,l,CR,0,0,0,0,8,0,93,0,1,0,99,l,1.086,7,1,,,,,,,,,,,,,,,,,,,,,,,,,,,,,,,,,,,,,,,,,,,,,,,,,,l,1,1.086,139,0,139,0,1,,,,,,,,,,,,,,,,,,,,,,,,,,,,,,,,,,,,,,,,,,,,,,,,,,,,,,
,,,,,,,,,,,,,,,,,107,4,2024-09-05_15h33.34.906,Symbol-E,2020.1.3,MacIntel,Safari,"Mozilla/5.0 (Macintosh; Intel Mac OS X 10_15_7) AppleWebKit/605.1.15 (KHTML, like Gecko) Version/17.6 Safari/605.1.15",60,,,,,,,,,,,,,,,,,,,,,,,,,,,,,,,,,,,,media/dinb.png,1,1,Symb,w,CR,0,0,0,0,8,0,94,0,1,0,99,w,1.787,1,1,,,,,,,,,,,,,,,,,,,,,,,,,,,,,,,,,,,,,,,,,,,,,,,,,,w,1,1.787,140,0,140,0,1,,,,,,,,,,,,,,,,,,,,,,,,,,,,,,,,,,,,,,,,,,,,,,,,,,,,,,
,,,,,,,,,,,,,,,,,107,4,2024-09-05_15h33.34.906,Symbol-E,2020.1.3,MacIntel,Safari,"Mozilla/5.0 (Macintosh; Intel Mac OS X 10_15_7) AppleWebKit/605.1.15 (KHTML, like Gecko) Version/17.6 Safari/605.1.15",60,,,,,,,,,,,,,,,,,,,,,,,,,,,,,,,,,,,,media/dcnb.png,0,0,Symb,a,CR,0,0,0,0,8,0,95,0,1,0,99,a,0.719,0,1,,,,,,,,,,,,,,,,,,,,,,,,,,,,,,,,,,,,,,,,,,,,,,,,,,a,1,0.719,141,0,141,0,1,,,,,,,,,,,,,,,,,,,,,,,,,,,,,,,,,,,,,,,,,,,,,,,,,,,,,,
,,,,,,,,,,,,,,,,,107,4,2024-09-05_15h33.34.906,Symbol-E,2020.1.3,MacIntel,Safari,"Mozilla/5.0 (Macintosh; Intel Mac OS X 10_15_7) AppleWebKit/605.1.15 (KHTML, like Gecko) Version/17.6 Safari/605.1.15",60,,,,,,,,,,,,,,,,,,,,,,,,,,,,,,,,,,,,media/dmnb.png,2,2,Symb,e,CR,0,0,0,0,8,0,96,0,1,0,99,e,0.636,2,1,,,,,,,,,,,,,,,,,,,,,,,,,,,,,,,,,,,,,,,,,,,,,,,,,,e,1,0.636,142,0,142,0,1,,,,,,,,,,,,,,,,,,,,,,,,,,,,,,,,,,,,,,,,,,,,,,,,,,,,,,
,,,,,,,,,,,,,,,,,107,4,2024-09-05_15h33.34.906,Symbol-E,2020.1.3,MacIntel,Safari,"Mozilla/5.0 (Macintosh; Intel Mac OS X 10_15_7) AppleWebKit/605.1.15 (KHTML, like Gecko) Version/17.6 Safari/605.1.15",60,,,,,,,,,,,,,,,,,,,,,,,,,,,,,,,,,,,,media/djnb.png,5,1,Symb,u,CR,0,0,0,0,8,0,97,0,1,0,99,u,1.069,5,1,,,,,,,,,,,,,,,,,,,,,,,,,,,,,,,,,,,,,,,,,,,,,,,,,,u,1,1.069,143,0,143,0,1,,,,,,,,,,,,,,,,,,,,,,,,,,,,,,,,,,,,,,,,,,,,,,,,,,,,,,
,,,,,,,,,,,,,,,,,107,4,2024-09-05_15h33.34.906,Symbol-E,2020.1.3,MacIntel,Safari,"Mozilla/5.0 (Macintosh; Intel Mac OS X 10_15_7) AppleWebKit/605.1.15 (KHTML, like Gecko) Version/17.6 Safari/605.1.15",60,,,,,,,,,,,,,,,,,,,,,,,,,,,,,,,,,,,,media/dnnb.png,6,2,Symb,i,CR,0,0,0,0,8,0,98,0,1,0,99,i,0.453,6,1,,,,,,,,,,,,,,,,,,,,,,,,,,,,,,,,,,,,,,,,,,,,,,,,,,i,1,0.453,144,0,144,0,1,,,,,,,,,,,,,,,,,,,,,,,,,,,,,,,,,,,,,,,,,,,,,,,,,,,,,,
,,,,,,,,,,,,,,,,,107,4,2024-09-05_15h33.34.906,Symbol-E,2020.1.3,MacIntel,Safari,"Mozilla/5.0 (Macintosh; Intel Mac OS X 10_15_7) AppleWebKit/605.1.15 (KHTML, like Gecko) Version/17.6 Safari/605.1.15",60,,,,,,,,,,,,,,,,,,,,,,,,,,,,,,,,,,,,media/dfnb.png,3,3,Symb,f,CR,0,0,0,0,8,0,99,0,1,0,99,f,0.769,3,1,,,,,,,,,,,,,,,,,,,,,,,,,,,,,,,,,,,,,,,,,,,,,,,,,,f,1,0.769,145,0,145,0,1,,,,,,,,,,,,,,,,,,,,,,,,,,,,,,,,,,,,,,,,,,,,,,,,,,,,,,
,,,,,,,,,,,,,,,,,107,4,2024-09-05_15h33.34.906,Symbol-E,2020.1.3,MacIntel,Safari,"Mozilla/5.0 (Macintosh; Intel Mac OS X 10_15_7) AppleWebKit/605.1.15 (KHTML, like Gecko) Version/17.6 Safari/605.1.15",60,,,,,,,,,,,,,,,,,,,,,,,,,,,,,,,,,,,,media/ddnb.png,4,0,Symb,h,CR,0,0,0,0,8,0,100,0,1,0,99,h,1.039,4,1,,,,,,,,,,,,,,,,,,,,,,,,,,,,,,,,,,,,,,,,,,,,,,,,,,h,1,1.039,146,0,146,0,1,,,,,,,,,,,,,,,,,,,,,,,,,,,,,,,,,,,,,,,,,,,,,,,,,,,,,,
,,,,,,,,,,,,,,,,,107,4,2024-09-05_15h33.34.906,Symbol-E,2020.1.3,MacIntel,Safari,"Mozilla/5.0 (Macintosh; Intel Mac OS X 10_15_7) AppleWebKit/605.1.15 (KHTML, like Gecko) Version/17.6 Safari/605.1.15",60,,,,,,,,,,,,,,,,,,,,,,,,,,,,,,,,,,,,media/dinb.png,1,1,Symb,w,CR,0,0,0,0,8,0,101,0,1,0,99,w,0.768,1,1,,,,,,,,,,,,,,,,,,,,,,,,,,,,,,,,,,,,,,,,,,,,,,,,,,w,1,0.768,147,0,147,0,1,,,,,,,,,,,,,,,,,,,,,,,,,,,,,,,,,,,,,,,,,,,,,,,,,,,,,,
,,,,,,,,,,,,,,,,,107,4,2024-09-05_15h33.34.906,Symbol-E,2020.1.3,MacIntel,Safari,"Mozilla/5.0 (Macintosh; Intel Mac OS X 10_15_7) AppleWebKit/605.1.15 (KHTML, like Gecko) Version/17.6 Safari/605.1.15",60,,,,,,,,,,,,,,,,,,,,,,,,,,,,,,,,,,,,media/dnnb.png,6,2,Symb,i,CR,0,0,0,0,8,0,102,0,1,0,99,i,0.761,6,1,,,,,,,,,,,,,,,,,,,,,,,,,,,,,,,,,,,,,,,,,,,,,,,,,,i,1,0.761,148,0,148,0,1,,,,,,,,,,,,,,,,,,,,,,,,,,,,,,,,,,,,,,,,,,,,,,,,,,,,,,
,,,,,,,,,,,,,,,,,107,4,2024-09-05_15h33.34.906,Symbol-E,2020.1.3,MacIntel,Safari,"Mozilla/5.0 (Macintosh; Intel Mac OS X 10_15_7) AppleWebKit/605.1.15 (KHTML, like Gecko) Version/17.6 Safari/605.1.15",60,,,,,,,,,,,,,,,,,,,,,,,,,,,,,,,,,,,,media/djnb.png,5,1,Symb,u,CR,0,0,0,0,8,0,103,0,1,0,99,u,0.801,5,1,,,,,,,,,,,,,,,,,,,,,,,,,,,,,,,,,,,,,,,,,,,,,,,,,,u,1,0.801,149,0,149,0,1,,,,,,,,,,,,,,,,,,,,,,,,,,,,,,,,,,,,,,,,,,,,,,,,,,,,,,
,,,,,,,,,,,,,,,,,107,4,2024-09-05_15h33.34.906,Symbol-E,2020.1.3,MacIntel,Safari,"Mozilla/5.0 (Macintosh; Intel Mac OS X 10_15_7) AppleWebKit/605.1.15 (KHTML, like Gecko) Version/17.6 Safari/605.1.15",60,,,,,,,,,,,,,,,,,,,,,,,,,,,,,,,,,,,,media/dinb.png,1,1,Symb,w,CR,0,0,0,0,8,0,104,0,1,0,99,w,0.652,1,1,,,,,,,,,,,,,,,,,,,,,,,,,,,,,,,,,,,,,,,,,,,,,,,,,,w,1,0.652,150,0,150,0,1,,,,,,,,,,,,,,,,,,,,,,,,,,,,,,,,,,,,,,,,,,,,,,,,,,,,,,
,,,,,,,,,,,,,,,,,107,4,2024-09-05_15h33.34.906,Symbol-E,2020.1.3,MacIntel,Safari,"Mozilla/5.0 (Macintosh; Intel Mac OS X 10_15_7) AppleWebKit/605.1.15 (KHTML, like Gecko) Version/17.6 Safari/605.1.15",60,,,,,,,,,,,,,,,,,,,,,,,,,,,,,,,,,,,,media/dgnb.png,7,3,Symb,l,CR,0,0,0,0,8,0,105,0,1,0,99,l,1.068,7,1,,,,,,,,,,,,,,,,,,,,,,,,,,,,,,,,,,,,,,,,,,,,,,,,,,l,1,1.068,151,0,151,0,1,,,,,,,,,,,,,,,,,,,,,,,,,,,,,,,,,,,,,,,,,,,,,,,,,,,,,,
,,,,,,,,,,,,,,,,,107,4,2024-09-05_15h33.34.906,Symbol-E,2020.1.3,MacIntel,Safari,"Mozilla/5.0 (Macintosh; Intel Mac OS X 10_15_7) AppleWebKit/605.1.15 (KHTML, like Gecko) Version/17.6 Safari/605.1.15",60,,,,,,,,,,,,,,,,,,,,,,,,,,,,,,,,,,,,media/ddnb.png,4,0,Symb,h,CR,0,0,0,0,8,0,106,0,1,0,99,h,1.152,4,1,,,,,,,,,,,,,,,,,,,,,,,,,,,,,,,,,,,,,,,,,,,,,,,,,,h,1,1.152,152,0,152,0,1,,,,,,,,,,,,,,,,,,,,,,,,,,,,,,,,,,,,,,,,,,,,,,,,,,,,,,
,,,,,,,,,,,,,,,,,107,4,2024-09-05_15h33.34.906,Symbol-E,2020.1.3,MacIntel,Safari,"Mozilla/5.0 (Macintosh; Intel Mac OS X 10_15_7) AppleWebKit/605.1.15 (KHTML, like Gecko) Version/17.6 Safari/605.1.15",60,,,,,,,,,,,,,,,,,,,,,,,,,,,,,,,,,,,,media/dmnb.png,2,2,Symb,e,CR,0,0,0,0,8,0,107,0,1,0,99,e,0.803,2,1,,,,,,,,,,,,,,,,,,,,,,,,,,,,,,,,,,,,,,,,,,,,,,,,,,e,1,0.803,153,0,153,0,1,,,,,,,,,,,,,,,,,,,,,,,,,,,,,,,,,,,,,,,,,,,,,,,,,,,,,,
,,,,,,,,,,,,,,,,,107,4,2024-09-05_15h33.34.906,Symbol-E,2020.1.3,MacIntel,Safari,"Mozilla/5.0 (Macintosh; Intel Mac OS X 10_15_7) AppleWebKit/605.1.15 (KHTML, like Gecko) Version/17.6 Safari/605.1.15",60,,,,,,,,,,,,,,,,,,,,,,,,,,,,,,,,,,,,media/dcnb.png,0,0,Symb,a,CR,0,0,0,0,8,0,108,0,1,0,99,a,0.936,0,1,,,,,,,,,,,,,,,,,,,,,,,,,,,,,,,,,,,,,,,,,,,,,,,,,,a,1,0.936,154,0,154,0,1,,,,,,,,,,,,,,,,,,,,,,,,,,,,,,,,,,,,,,,,,,,,,,,,,,,,,,
,,,,,,,,,,,,,,,,,107,4,2024-09-05_15h33.34.906,Symbol-E,2020.1.3,MacIntel,Safari,"Mozilla/5.0 (Macintosh; Intel Mac OS X 10_15_7) AppleWebKit/605.1.15 (KHTML, like Gecko) Version/17.6 Safari/605.1.15",60,,,,,,,,,,,,,,,,,,,,,,,,,,,,,,,,,,,,media/dgnb.png,7,3,Symb,l,CR,0,0,0,0,8,0,109,0,1,0,99,l,1.236,7,1,,,,,,,,,,,,,,,,,,,,,,,,,,,,,,,,,,,,,,,,,,,,,,,,,,l,1,1.236,155,0,155,0,1,,,,,,,,,,,,,,,,,,,,,,,,,,,,,,,,,,,,,,,,,,,,,,,,,,,,,,
,,,,,,,,,,,,,,,,,107,4,2024-09-05_15h33.34.906,Symbol-E,2020.1.3,MacIntel,Safari,"Mozilla/5.0 (Macintosh; Intel Mac OS X 10_15_7) AppleWebKit/605.1.15 (KHTML, like Gecko) Version/17.6 Safari/605.1.15",60,,,,,,,,,,,,,,,,,,,,,,,,,,,,,,,,,,,,media/dcnb.png,0,0,Symb,a,CR,0,0,0,0,8,0,110,0,1,0,99,a,1.302,0,1,,,,,,,,,,,,,,,,,,,,,,,,,,,,,,,,,,,,,,,,,,,,,,,,,,a,1,1.302,156,0,156,0,1,,,,,,,,,,,,,,,,,,,,,,,,,,,,,,,,,,,,,,,,,,,,,,,,,,,,,,
,,,,,,,,,,,,,,,,,107,4,2024-09-05_15h33.34.906,Symbol-E,2020.1.3,MacIntel,Safari,"Mozilla/5.0 (Macintosh; Intel Mac OS X 10_15_7) AppleWebKit/605.1.15 (KHTML, like Gecko) Version/17.6 Safari/605.1.15",60,,,,,,,,,,,,,,,,,,,,,,,,,,,,,,,,,,,,media/dfnb.png,3,3,Symb,f,CR,0,0,0,0,8,0,111,0,1,0,99,f,0.77,3,1,,,,,,,,,,,,,,,,,,,,,,,,,,,,,,,,,,,,,,,,,,,,,,,,,,f,1,0.77,157,0,157,0,1,,,,,,,,,,,,,,,,,,,,,,,,,,,,,,,,,,,,,,,,,,,,,,,,,,,,,,
,,,,,,,,,,,,,,,,,107,4,2024-09-05_15h33.34.906,Symbol-E,2020.1.3,MacIntel,Safari,"Mozilla/5.0 (Macintosh; Intel Mac OS X 10_15_7) AppleWebKit/605.1.15 (KHTML, like Gecko) Version/17.6 Safari/605.1.15",60,,,,,,,,,,,,,,,,,,,,,,,,,,,,,,,,,,,,media/dfnb.png,3,3,Symb,f,CR,0,0,0,0,8,0,112,0,1,0,99,f,0.507,3,1,,,,,,,,,,,,,,,,,,,,,,,,,,,,,,,,,,,,,,,,,,,,,,,,,,f,1,0.507,158,0,158,0,1,,,,,,,,,,,,,,,,,,,,,,,,,,,,,,,,,,,,,,,,,,,,,,,,,,,,,,
,,,,,,,,,,,,,,,,,107,4,2024-09-05_15h33.34.906,Symbol-E,2020.1.3,MacIntel,Safari,"Mozilla/5.0 (Macintosh; Intel Mac OS X 10_15_7) AppleWebKit/605.1.15 (KHTML, like Gecko) Version/17.6 Safari/605.1.15",60,,,,,,,,,,,,,,,,,,,,,,,,,,,,,,,,,,,,media/dinb.png,1,1,Symb,w,CR,0,0,0,0,8,0,113,0,1,0,99,w,0.686,1,1,,,,,,,,,,,,,,,,,,,,,,,,,,,,,,,,,,,,,,,,,,,,,,,,,,w,1,0.686,159,0,159,0,1,,,,,,,,,,,,,,,,,,,,,,,,,,,,,,,,,,,,,,,,,,,,,,,,,,,,,,
,,,,,,,,,,,,,,,,,107,4,2024-09-05_15h33.34.906,Symbol-E,2020.1.3,MacIntel,Safari,"Mozilla/5.0 (Macintosh; Intel Mac OS X 10_15_7) AppleWebKit/605.1.15 (KHTML, like Gecko) Version/17.6 Safari/605.1.15",60,,,,,,,,,,,,,,,,,,,,,,,,,,,,,,,,,,,,media/ddnb.png,4,0,Symb,h,CR,0,0,0,0,8,0,114,0,1,0,99,h,0.836,4,1,,,,,,,,,,,,,,,,,,,,,,,,,,,,,,,,,,,,,,,,,,,,,,,,,,h,1,0.836,160,0,160,0,1,,,,,,,,,,,,,,,,,,,,,,,,,,,,,,,,,,,,,,,,,,,,,,,,,,,,,,
,,,,,,,,,,,,,,,,,107,4,2024-09-05_15h33.34.906,Symbol-E,2020.1.3,MacIntel,Safari,"Mozilla/5.0 (Macintosh; Intel Mac OS X 10_15_7) AppleWebKit/605.1.15 (KHTML, like Gecko) Version/17.6 Safari/605.1.15",60,,,,,,,,,,,,,,,,,,,,,,,,,,,,,,,,,,,,media/djnb.png,5,1,Symb,u,CR,0,0,0,0,8,0,115,0,1,0,99,u,0.721,5,1,,,,,,,,,,,,,,,,,,,,,,,,,,,,,,,,,,,,,,,,,,,,,,,,,,u,1,0.721,161,0,161,0,1,,,,,,,,,,,,,,,,,,,,,,,,,,,,,,,,,,,,,,,,,,,,,,,,,,,,,,
,,,,,,,,,,,,,,,,,107,4,2024-09-05_15h33.34.906,Symbol-E,2020.1.3,MacIntel,Safari,"Mozilla/5.0 (Macintosh; Intel Mac OS X 10_15_7) AppleWebKit/605.1.15 (KHTML, like Gecko) Version/17.6 Safari/605.1.15",60,,,,,,,,,,,,,,,,,,,,,,,,,,,,,,,,,,,,,,,,,,,,,,,,,,,,,,,,,,,,,,,,,,,,,,,,,,,,,,,,,,,,,,,,,,,,,,,,,,,,,,,,,,,,,,,,,,0,0,0,0,1,,,,,,,,,,,,,,,,,,,,,,,,,,,,,,,,,,,,,,,,,,,,,,,,,
,,,,,,,,,,,,,,,,,107,4,2024-09-05_15h33.34.906,Symbol-E,2020.1.3,MacIntel,Safari,"Mozilla/5.0 (Macintosh; Intel Mac OS X 10_15_7) AppleWebKit/605.1.15 (KHTML, like Gecko) Version/17.6 Safari/605.1.15",60,,,,,,,,,,,,,,,,,,,,,,,,,,,,,,,,,,,,media/dcnb.png,0,0,Symb,a,CR,0,0,1,0,8,0,0,0,1,0,99,a,6.15,0,1,,,,,,,,,,,,,,,,,,,,,,,,,,,,,,,,,,,,,,,,,,,,,,,,,,a,1,6.15,,,,,,,,,,,h,22.569,0,0,0,0,1,,,,,,,,,,,,,,,,,,,,,,,,,,,,,,,,,,,,,,,,,,
,,,,,,,,,,,,,,,,,107,4,2024-09-05_15h33.34.906,Symbol-E,2020.1.3,MacIntel,Safari,"Mozilla/5.0 (Macintosh; Intel Mac OS X 10_15_7) AppleWebKit/605.1.15 (KHTML, like Gecko) Version/17.6 Safari/605.1.15",60,,,,,,,,,,,,,,,,,,,,,,,,,,,,,,,,,,,,media/ddnb.png,4,0,Symb,h,CR,0,0,1,0,8,0,1,0,1,0,99,i,10.659,6,0,,,,,,,,,,,,,,,,,,,,,,,,,,,,,,,,,,,,,,,,,,,,,,,,,,i,0,10.659,,,,,,,,,,,,,1,0,1,0,1,,,,,,,,,,,,,,,,,,,,,,,,,,,,,,,,,,,,,,,,,,
,,,,,,,,,,,,,,,,,107,4,2024-09-05_15h33.34.906,Symbol-E,2020.1.3,MacIntel,Safari,"Mozilla/5.0 (Macintosh; Intel Mac OS X 10_15_7) AppleWebKit/605.1.15 (KHTML, like Gecko) Version/17.6 Safari/605.1.15",60,,,,,,,,,,,,,,,,,,,,,,,,,,,,,,,,,,,,media/ddnb.png,4,0,Symb,h,CR,0,0,1,0,8,1,1,0,1,0,99,u,0.337,5,0,,,,,,,,,,,,,,,,,,,,,,,,,,,,,,,,,,,,,,,,,,,,,,,,,,u,0,0.337,,,,,,,,,,,,,2,0,2,0,1,,,,,,,,,,,,,,,,,,,,,,,,,,,,,,,,,,,,,,,,,,
,,,,,,,,,,,,,,,,,107,4,2024-09-05_15h33.34.906,Symbol-E,2020.1.3,MacIntel,Safari,"Mozilla/5.0 (Macintosh; Intel Mac OS X 10_15_7) AppleWebKit/605.1.15 (KHTML, like Gecko) Version/17.6 Safari/605.1.15",60,,,,,,,,,,,,,,,,,,,,,,,,,,,,,,,,,,,,media/ddnb.png,4,0,Symb,h,CR,0,0,1,0,8,2,1,0,1,0,99,f,0.786,3,0,,,,,,,,,,,,,,,,,,,,,,,,,,,,,,,,,,,,,,,,,,,,,,,,,,f,0,0.786,,,,,,,,,,,,,3,0,3,0,1,,,,,,,,,,,,,,,,,,,,,,,,,,,,,,,,,,,,,,,,,,
,,,,,,,,,,,,,,,,,107,4,2024-09-05_15h33.34.906,Symbol-E,2020.1.3,MacIntel,Safari,"Mozilla/5.0 (Macintosh; Intel Mac OS X 10_15_7) AppleWebKit/605.1.15 (KHTML, like Gecko) Version/17.6 Safari/605.1.15",60,,,,,,,,,,,,,,,,,,,,,,,,,,,,,,,,,,,,media/ddnb.png,4,0,Symb,h,CR,0,0,1,0,8,3,1,0,1,0,99,h,0.042,4,1,,,,,,,,,,,,,,,,,,,,,,,,,,,,,,,,,,,,,,,,,,,,,,,,,,h,1,0.042,,,,,,,,,,,,,4,0,4,0,1,,,,,,,,,,,,,,,,,,,,,,,,,,,,,,,,,,,,,,,,,,
,,,,,,,,,,,,,,,,,107,4,2024-09-05_15h33.34.906,Symbol-E,2020.1.3,MacIntel,Safari,"Mozilla/5.0 (Macintosh; Intel Mac OS X 10_15_7) AppleWebKit/605.1.15 (KHTML, like Gecko) Version/17.6 Safari/605.1.15",60,,,,,,,,,,,,,,,,,,,,,,,,,,,,,,,,,,,,media/djnb.png,7,3,Symb,l,CR,0,0,1,0,8,0,2,0,1,0,99,u,6.91,5,0,,,,,,,,,,,,,,,,,,,,,,,,,,,,,,,,,,,,,,,,,,,,,,,,,,u,0,6.91,,,,,,,,,,,,,5,0,5,0,1,,,,,,,,,,,,,,,,,,,,,,,,,,,,,,,,,,,,,,,,,,
,,,,,,,,,,,,,,,,,107,4,2024-09-05_15h33.34.906,Symbol-E,2020.1.3,MacIntel,Safari,"Mozilla/5.0 (Macintosh; Intel Mac OS X 10_15_7) AppleWebKit/605.1.15 (KHTML, like Gecko) Version/17.6 Safari/605.1.15",60,,,,,,,,,,,,,,,,,,,,,,,,,,,,,,,,,,,,media/djnb.png,7,3,Symb,l,CR,0,0,1,0,8,1,2,0,1,0,99,l,1.284,7,1,,,,,,,,,,,,,,,,,,,,,,,,,,,,,,,,,,,,,,,,,,,,,,,,,,l,1,1.284,,,,,,,,,,,,,6,0,6,0,1,,,,,,,,,,,,,,,,,,,,,,,,,,,,,,,,,,,,,,,,,,
,,,,,,,,,,,,,,,,,107,4,2024-09-05_15h33.34.906,Symbol-E,2020.1.3,MacIntel,Safari,"Mozilla/5.0 (Macintosh; Intel Mac OS X 10_15_7) AppleWebKit/605.1.15 (KHTML, like Gecko) Version/17.6 Safari/605.1.15",60,,,,,,,,,,,,,,,,,,,,,,,,,,,,,,,,,,,,media/dmnb.png,2,2,Symb,e,CR,0,0,1,0,8,0,3,0,1,0,99,e,3.986,2,1,,,,,,,,,,,,,,,,,,,,,,,,,,,,,,,,,,,,,,,,,,,,,,,,,,e,1,3.986,,,,,,,,,,,,,7,0,7,0,1,,,,,,,,,,,,,,,,,,,,,,,,,,,,,,,,,,,,,,,,,,
,,,,,,,,,,,,,,,,,107,4,2024-09-05_15h33.34.906,Symbol-E,2020.1.3,MacIntel,Safari,"Mozilla/5.0 (Macintosh; Intel Mac OS X 10_15_7) AppleWebKit/605.1.15 (KHTML, like Gecko) Version/17.6 Safari/605.1.15",60,,,,,,,,,,,,,,,,,,,,,,,,,,,,,,,,,,,,media/dnnb.png,6,2,Symb,i,CR,0,0,1,0,8,0,4,0,1,0,99,i,4.716,6,1,,,,,,,,,,,,,,,,,,,,,,,,,,,,,,,,,,,,,,,,,,,,,,,,,,i,1,4.716,,,,,,,,,,,,,8,0,8,0,1,,,,,,,,,,,,,,,,,,,,,,,,,,,,,,,,,,,,,,,,,,
,,,,,,,,,,,,,,,,,107,4,2024-09-05_15h33.34.906,Symbol-E,2020.1.3,MacIntel,Safari,"Mozilla/5.0 (Macintosh; Intel Mac OS X 10_15_7) AppleWebKit/605.1.15 (KHTML, like Gecko) Version/17.6 Safari/605.1.15",60,,,,,,,,,,,,,,,,,,,,,,,,,,,,,,,,,,,,media/dnnb.png,6,2,Symb,i,CR,0,0,1,0,8,0,5,0,1,0,99,i,3.784,6,1,,,,,,,,,,,,,,,,,,,,,,,,,,,,,,,,,,,,,,,,,,,,,,,,,,i,1,3.784,,,,,,,,,,,,,9,0,9,0,1,,,,,,,,,,,,,,,,,,,,,,,,,,,,,,,,,,,,,,,,,,
,,,,,,,,,,,,,,,,,107,4,2024-09-05_15h33.34.906,Symbol-E,2020.1.3,MacIntel,Safari,"Mozilla/5.0 (Macintosh; Intel Mac OS X 10_15_7) AppleWebKit/605.1.15 (KHTML, like Gecko) Version/17.6 Safari/605.1.15",60,,,,,,,,,,,,,,,,,,,,,,,,,,,,,,,,,,,,media/dinb.png,3,3,Symb,f,CR,0,0,1,0,8,0,6,0,1,0,99,w,3.083,1,0,,,,,,,,,,,,,,,,,,,,,,,,,,,,,,,,,,,,,,,,,,,,,,,,,,w,0,3.083,,,,,,,,,,,,,10,0,10,0,1,,,,,,,,,,,,,,,,,,,,,,,,,,,,,,,,,,,,,,,,,,
,,,,,,,,,,,,,,,,,107,4,2024-09-05_15h33.34.906,Symbol-E,2020.1.3,MacIntel,Safari,"Mozilla/5.0 (Macintosh; Intel Mac OS X 10_15_7) AppleWebKit/605.1.15 (KHTML, like Gecko) Version/17.6 Safari/605.1.15",60,,,,,,,,,,,,,,,,,,,,,,,,,,,,,,,,,,,,media/dinb.png,3,3,Symb,f,CR,0,0,1,0,8,1,6,0,1,0,99,l,0.27,7,0,,,,,,,,,,,,,,,,,,,,,,,,,,,,,,,,,,,,,,,,,,,,,,,,,,l,0,0.27,,,,,,,,,,,,,11,0,11,0,1,,,,,,,,,,,,,,,,,,,,,,,,,,,,,,,,,,,,,,,,,,
,,,,,,,,,,,,,,,,,107,4,2024-09-05_15h33.34.906,Symbol-E,2020.1.3,MacIntel,Safari,"Mozilla/5.0 (Macintosh; Intel Mac OS X 10_15_7) AppleWebKit/605.1.15 (KHTML, like Gecko) Version/17.6 Safari/605.1.15",60,,,,,,,,,,,,,,,,,,,,,,,,,,,,,,,,,,,,media/dinb.png,3,3,Symb,f,CR,0,0,1,0,8,2,6,0,1,0,99,h,0.298,4,0,,,,,,,,,,,,,,,,,,,,,,,,,,,,,,,,,,,,,,,,,,,,,,,,,,h,0,0.298,,,,,,,,,,,,,12,0,12,0,1,,,,,,,,,,,,,,,,,,,,,,,,,,,,,,,,,,,,,,,,,,
,,,,,,,,,,,,,,,,,107,4,2024-09-05_15h33.34.906,Symbol-E,2020.1.3,MacIntel,Safari,"Mozilla/5.0 (Macintosh; Intel Mac OS X 10_15_7) AppleWebKit/605.1.15 (KHTML, like Gecko) Version/17.6 Safari/605.1.15",60,,,,,,,,,,,,,,,,,,,,,,,,,,,,,,,,,,,,media/dinb.png,3,3,Symb,f,CR,0,0,1,0,8,3,6,0,1,0,99,f,0.319,3,1,,,,,,,,,,,,,,,,,,,,,,,,,,,,,,,,,,,,,,,,,,,,,,,,,,f,1,0.319,,,,,,,,,,,,,13,0,13,0,1,,,,,,,,,,,,,,,,,,,,,,,,,,,,,,,,,,,,,,,,,,
,,,,,,,,,,,,,,,,,107,4,2024-09-05_15h33.34.906,Symbol-E,2020.1.3,MacIntel,Safari,"Mozilla/5.0 (Macintosh; Intel Mac OS X 10_15_7) AppleWebKit/605.1.15 (KHTML, like Gecko) Version/17.6 Safari/605.1.15",60,,,,,,,,,,,,,,,,,,,,,,,,,,,,,,,,,,,,media/dgnb.png,5,1,Symb,u,CR,0,0,1,0,8,0,7,0,1,0,99,i,5.607,6,0,,,,,,,,,,,,,,,,,,,,,,,,,,,,,,,,,,,,,,,,,,,,,,,,,,i,0,5.607,,,,,,,,,,,,,14,0,14,0,1,,,,,,,,,,,,,,,,,,,,,,,,,,,,,,,,,,,,,,,,,,
,,,,,,,,,,,,,,,,,107,4,2024-09-05_15h33.34.906,Symbol-E,2020.1.3,MacIntel,Safari,"Mozilla/5.0 (Macintosh; Intel Mac OS X 10_15_7) AppleWebKit/605.1.15 (KHTML, like Gecko) Version/17.6 Safari/605.1.15",60,,,,,,,,,,,,,,,,,,,,,,,,,,,,,,,,,,,,media/dgnb.png,5,1,Symb,u,CR,0,0,1,0,8,1,7,0,1,0,99,l,0.103,7,0,,,,,,,,,,,,,,,,,,,,,,,,,,,,,,,,,,,,,,,,,,,,,,,,,,l,0,0.103,,,,,,,,,,,,,15,0,15,0,1,,,,,,,,,,,,,,,,,,,,,,,,,,,,,,,,,,,,,,,,,,
,,,,,,,,,,,,,,,,,107,4,2024-09-05_15h33.34.906,Symbol-E,2020.1.3,MacIntel,Safari,"Mozilla/5.0 (Macintosh; Intel Mac OS X 10_15_7) AppleWebKit/605.1.15 (KHTML, like Gecko) Version/17.6 Safari/605.1.15",60,,,,,,,,,,,,,,,,,,,,,,,,,,,,,,,,,,,,media/dgnb.png,5,1,Symb,u,CR,0,0,1,0,8,2,7,0,1,0,99,w,0.371,1,0,,,,,,,,,,,,,,,,,,,,,,,,,,,,,,,,,,,,,,,,,,,,,,,,,,w,0,0.371,,,,,,,,,,,,,16,0,16,0,1,,,,,,,,,,,,,,,,,,,,,,,,,,,,,,,,,,,,,,,,,,
,,,,,,,,,,,,,,,,,107,4,2024-09-05_15h33.34.906,Symbol-E,2020.1.3,MacIntel,Safari,"Mozilla/5.0 (Macintosh; Intel Mac OS X 10_15_7) AppleWebKit/605.1.15 (KHTML, like Gecko) Version/17.6 Safari/605.1.15",60,,,,,,,,,,,,,,,,,,,,,,,,,,,,,,,,,,,,media/dgnb.png,5,1,Symb,u,CR,0,0,1,0,8,3,7,0,1,0,99,e,0.219,2,0,,,,,,,,,,,,,,,,,,,,,,,,,,,,,,,,,,,,,,,,,,,,,,,,,,e,0,0.219,,,,,,,,,,,,,17,0,17,0,1,,,,,,,,,,,,,,,,,,,,,,,,,,,,,,,,,,,,,,,,,,
,,,,,,,,,,,,,,,,,107,4,2024-09-05_15h33.34.906,Symbol-E,2020.1.3,MacIntel,Safari,"Mozilla/5.0 (Macintosh; Intel Mac OS X 10_15_7) AppleWebKit/605.1.15 (KHTML, like Gecko) Version/17.6 Safari/605.1.15",60,,,,,,,,,,,,,,,,,,,,,,,,,,,,,,,,,,,,media/dgnb.png,5,1,Symb,u,CR,0,0,1,0,8,4,7,0,1,0,99,h,0.265,4,0,,,,,,,,,,,,,,,,,,,,,,,,,,,,,,,,,,,,,,,,,,,,,,,,,,h,0,0.265,,,,,,,,,,,,,18,0,18,0,1,,,,,,,,,,,,,,,,,,,,,,,,,,,,,,,,,,,,,,,,,,
,,,,,,,,,,,,,,,,,107,4,2024-09-05_15h33.34.906,Symbol-E,2020.1.3,MacIntel,Safari,"Mozilla/5.0 (Macintosh; Intel Mac OS X 10_15_7) AppleWebKit/605.1.15 (KHTML, like Gecko) Version/17.6 Safari/605.1.15",60,,,,,,,,,,,,,,,,,,,,,,,,,,,,,,,,,,,,media/dgnb.png,5,1,Symb,u,CR,0,0,1,0,8,5,7,0,1,0,99,i,0.142,6,0,,,,,,,,,,,,,,,,,,,,,,,,,,,,,,,,,,,,,,,,,,,,,,,,,,i,0,0.142,,,,,,,,,,,,,19,0,19,0,1,,,,,,,,,,,,,,,,,,,,,,,,,,,,,,,,,,,,,,,,,,
,,,,,,,,,,,,,,,,,107,4,2024-09-05_15h33.34.906,Symbol-E,2020.1.3,MacIntel,Safari,"Mozilla/5.0 (Macintosh; Intel Mac OS X 10_15_7) AppleWebKit/605.1.15 (KHTML, like Gecko) Version/17.6 Safari/605.1.15",60,,,,,,,,,,,,,,,,,,,,,,,,,,,,,,,,,,,,media/dgnb.png,5,1,Symb,u,CR,0,0,1,0,8,6,7,0,1,0,99,a,0.471,0,0,,,,,,,,,,,,,,,,,,,,,,,,,,,,,,,,,,,,,,,,,,,,,,,,,,a,0,0.471,,,,,,,,,,,,,20,0,20,0,1,,,,,,,,,,,,,,,,,,,,,,,,,,,,,,,,,,,,,,,,,,
,,,,,,,,,,,,,,,,,107,4,2024-09-05_15h33.34.906,Symbol-E,2020.1.3,MacIntel,Safari,"Mozilla/5.0 (Macintosh; Intel Mac OS X 10_15_7) AppleWebKit/605.1.15 (KHTML, like Gecko) Version/17.6 Safari/605.1.15",60,,,,,,,,,,,,,,,,,,,,,,,,,,,,,,,,,,,,media/dgnb.png,5,1,Symb,u,CR,0,0,1,0,8,7,7,0,1,0,99,h,0.234,4,0,,,,,,,,,,,,,,,,,,,,,,,,,,,,,,,,,,,,,,,,,,,,,,,,,,h,0,0.234,,,,,,,,,,,,,21,0,21,0,1,,,,,,,,,,,,,,,,,,,,,,,,,,,,,,,,,,,,,,,,,,
,,,,,,,,,,,,,,,,,107,4,2024-09-05_15h33.34.906,Symbol-E,2020.1.3,MacIntel,Safari,"Mozilla/5.0 (Macintosh; Intel Mac OS X 10_15_7) AppleWebKit/605.1.15 (KHTML, like Gecko) Version/17.6 Safari/605.1.15",60,,,,,,,,,,,,,,,,,,,,,,,,,,,,,,,,,,,,media/dgnb.png,5,1,Symb,u,CR,0,0,1,0,8,8,7,0,1,0,99,u,0.237,5,1,,,,,,,,,,,,,,,,,,,,,,,,,,,,,,,,,,,,,,,,,,,,,,,,,,u,1,0.237,,,,,,,,,,,,,22,0,22,0,1,,,,,,,,,,,,,,,,,,,,,,,,,,,,,,,,,,,,,,,,,,
,,,,,,,,,,,,,,,,,107,4,2024-09-05_15h33.34.906,Symbol-E,2020.1.3,MacIntel,Safari,"Mozilla/5.0 (Macintosh; Intel Mac OS X 10_15_7) AppleWebKit/605.1.15 (KHTML, like Gecko) Version/17.6 Safari/605.1.15",60,,,,,,,,,,,,,,,,,,,,,,,,,,,,,,,,,,,,media/djnb.png,7,3,Symb,l,CR,0,0,1,0,8,0,8,0,1,0,99,l,8.035,7,1,,,,,,,,,,,,,,,,,,,,,,,,,,,,,,,,,,,,,,,,,,,,,,,,,,l,1,8.035,,,,,,,,,,,,,23,0,23,0,1,,,,,,,,,,,,,,,,,,,,,,,,,,,,,,,,,,,,,,,,,,
,,,,,,,,,,,,,,,,,107,4,2024-09-05_15h33.34.906,Symbol-E,2020.1.3,MacIntel,Safari,"Mozilla/5.0 (Macintosh; Intel Mac OS X 10_15_7) AppleWebKit/605.1.15 (KHTML, like Gecko) Version/17.6 Safari/605.1.15",60,,,,,,,,,,,,,,,,,,,,,,,,,,,,,,,,,,,,media/dgnb.png,5,1,Symb,u,CR,0,0,1,0,8,0,9,0,1,0,99,i,2.552,6,0,,,,,,,,,,,,,,,,,,,,,,,,,,,,,,,,,,,,,,,,,,,,,,,,,,i,0,2.552,,,,,,,,,,,,,24,0,24,0,1,,,,,,,,,,,,,,,,,,,,,,,,,,,,,,,,,,,,,,,,,,
,,,,,,,,,,,,,,,,,107,4,2024-09-05_15h33.34.906,Symbol-E,2020.1.3,MacIntel,Safari,"Mozilla/5.0 (Macintosh; Intel Mac OS X 10_15_7) AppleWebKit/605.1.15 (KHTML, like Gecko) Version/17.6 Safari/605.1.15",60,,,,,,,,,,,,,,,,,,,,,,,,,,,,,,,,,,,,media/dgnb.png,5,1,Symb,u,CR,0,0,1,0,8,1,9,0,1,0,99,w,8.537,1,0,,,,,,,,,,,,,,,,,,,,,,,,,,,,,,,,,,,,,,,,,,,,,,,,,,w,0,8.537,,,,,,,,,,,,,25,0,25,0,1,,,,,,,,,,,,,,,,,,,,,,,,,,,,,,,,,,,,,,,,,,
,,,,,,,,,,,,,,,,,107,4,2024-09-05_15h33.34.906,Symbol-E,2020.1.3,MacIntel,Safari,"Mozilla/5.0 (Macintosh; Intel Mac OS X 10_15_7) AppleWebKit/605.1.15 (KHTML, like Gecko) Version/17.6 Safari/605.1.15",60,,,,,,,,,,,,,,,,,,,,,,,,,,,,,,,,,,,,media/dgnb.png,5,1,Symb,u,CR,0,0,1,0,8,2,9,0,1,0,99,h,0.682,4,0,,,,,,,,,,,,,,,,,,,,,,,,,,,,,,,,,,,,,,,,,,,,,,,,,,h,0,0.682,,,,,,,,,,,,,26,0,26,0,1,,,,,,,,,,,,,,,,,,,,,,,,,,,,,,,,,,,,,,,,,,
,,,,,,,,,,,,,,,,,107,4,2024-09-05_15h33.34.906,Symbol-E,2020.1.3,MacIntel,Safari,"Mozilla/5.0 (Macintosh; Intel Mac OS X 10_15_7) AppleWebKit/605.1.15 (KHTML, like Gecko) Version/17.6 Safari/605.1.15",60,,,,,,,,,,,,,,,,,,,,,,,,,,,,,,,,,,,,media/dgnb.png,5,1,Symb,u,CR,0,0,1,0,8,3,9,0,1,0,99,i,0.035,6,0,,,,,,,,,,,,,,,,,,,,,,,,,,,,,,,,,,,,,,,,,,,,,,,,,,i,0,0.035,,,,,,,,,,,,,27,0,27,0,1,,,,,,,,,,,,,,,,,,,,,,,,,,,,,,,,,,,,,,,,,,
,,,,,,,,,,,,,,,,,107,4,2024-09-05_15h33.34.906,Symbol-E,2020.1.3,MacIntel,Safari,"Mozilla/5.0 (Macintosh; Intel Mac OS X 10_15_7) AppleWebKit/605.1.15 (KHTML, like Gecko) Version/17.6 Safari/605.1.15",60,,,,,,,,,,,,,,,,,,,,,,,,,,,,,,,,,,,,media/dgnb.png,5,1,Symb,u,CR,0,0,1,0,8,4,9,0,1,0,99,l,0.054,7,0,,,,,,,,,,,,,,,,,,,,,,,,,,,,,,,,,,,,,,,,,,,,,,,,,,l,0,0.054,,,,,,,,,,,,,28,0,28,0,1,,,,,,,,,,,,,,,,,,,,,,,,,,,,,,,,,,,,,,,,,,
,,,,,,,,,,,,,,,,,107,4,2024-09-05_15h33.34.906,Symbol-E,2020.1.3,MacIntel,Safari,"Mozilla/5.0 (Macintosh; Intel Mac OS X 10_15_7) AppleWebKit/605.1.15 (KHTML, like Gecko) Version/17.6 Safari/605.1.15",60,,,,,,,,,,,,,,,,,,,,,,,,,,,,,,,,,,,,media/dgnb.png,5,1,Symb,u,CR,0,0,1,0,8,5,9,0,1,0,99,f,0.838,3,0,,,,,,,,,,,,,,,,,,,,,,,,,,,,,,,,,,,,,,,,,,,,,,,,,,f,0,0.838,,,,,,,,,,,,,29,0,29,0,1,,,,,,,,,,,,,,,,,,,,,,,,,,,,,,,,,,,,,,,,,,
,,,,,,,,,,,,,,,,,107,4,2024-09-05_15h33.34.906,Symbol-E,2020.1.3,MacIntel,Safari,"Mozilla/5.0 (Macintosh; Intel Mac OS X 10_15_7) AppleWebKit/605.1.15 (KHTML, like Gecko) Version/17.6 Safari/605.1.15",60,,,,,,,,,,,,,,,,,,,,,,,,,,,,,,,,,,,,media/dgnb.png,5,1,Symb,u,CR,0,0,1,0,8,6,9,0,1,0,99,e,0.865,2,0,,,,,,,,,,,,,,,,,,,,,,,,,,,,,,,,,,,,,,,,,,,,,,,,,,e,0,0.865,,,,,,,,,,,,,30,0,30,0,1,,,,,,,,,,,,,,,,,,,,,,,,,,,,,,,,,,,,,,,,,,
,,,,,,,,,,,,,,,,,107,4,2024-09-05_15h33.34.906,Symbol-E,2020.1.3,MacIntel,Safari,"Mozilla/5.0 (Macintosh; Intel Mac OS X 10_15_7) AppleWebKit/605.1.15 (KHTML, like Gecko) Version/17.6 Safari/605.1.15",60,,,,,,,,,,,,,,,,,,,,,,,,,,,,,,,,,,,,media/dgnb.png,5,1,Symb,u,CR,0,0,1,0,8,7,9,0,1,0,99,i,0.252,6,0,,,,,,,,,,,,,,,,,,,,,,,,,,,,,,,,,,,,,,,,,,,,,,,,,,i,0,0.252,,,,,,,,,,,,,31,0,31,0,1,,,,,,,,,,,,,,,,,,,,,,,,,,,,,,,,,,,,,,,,,,
,,,,,,,,,,,,,,,,,107,4,2024-09-05_15h33.34.906,Symbol-E,2020.1.3,MacIntel,Safari,"Mozilla/5.0 (Macintosh; Intel Mac OS X 10_15_7) AppleWebKit/605.1.15 (KHTML, like Gecko) Version/17.6 Safari/605.1.15",60,,,,,,,,,,,,,,,,,,,,,,,,,,,,,,,,,,,,media/dgnb.png,5,1,Symb,u,CR,0,0,1,0,8,8,9,0,1,0,99,u,1.937,5,1,,,,,,,,,,,,,,,,,,,,,,,,,,,,,,,,,,,,,,,,,,,,,,,,,,u,1,1.937,,,,,,,,,,,,,32,0,32,0,1,,,,,,,,,,,,,,,,,,,,,,,,,,,,,,,,,,,,,,,,,,
,,,,,,,,,,,,,,,,,107,4,2024-09-05_15h33.34.906,Symbol-E,2020.1.3,MacIntel,Safari,"Mozilla/5.0 (Macintosh; Intel Mac OS X 10_15_7) AppleWebKit/605.1.15 (KHTML, like Gecko) Version/17.6 Safari/605.1.15",60,,,,,,,,,,,,,,,,,,,,,,,,,,,,,,,,,,,,media/dcnb.png,0,0,Symb,a,CR,0,0,1,0,8,0,10,0,1,0,99,a,1.774,0,1,,,,,,,,,,,,,,,,,,,,,,,,,,,,,,,,,,,,,,,,,,,,,,,,,,a,1,1.774,,,,,,,,,,,,,33,0,33,0,1,,,,,,,,,,,,,,,,,,,,,,,,,,,,,,,,,,,,,,,,,,
,,,,,,,,,,,,,,,,,107,4,2024-09-05_15h33.34.906,Symbol-E,2020.1.3,MacIntel,Safari,"Mozilla/5.0 (Macintosh; Intel Mac OS X 10_15_7) AppleWebKit/605.1.15 (KHTML, like Gecko) Version/17.6 Safari/605.1.15",60,,,,,,,,,,,,,,,,,,,,,,,,,,,,,,,,,,,,media/dfnb.png,1,1,Symb,w,CR,0,0,1,0,8,0,11,0,1,0,99,f,2.492,3,0,,,,,,,,,,,,,,,,,,,,,,,,,,,,,,,,,,,,,,,,,,,,,,,,,,f,0,2.492,,,,,,,,,,,,,34,0,34,0,1,,,,,,,,,,,,,,,,,,,,,,,,,,,,,,,,,,,,,,,,,,
,,,,,,,,,,,,,,,,,107,4,2024-09-05_15h33.34.906,Symbol-E,2020.1.3,MacIntel,Safari,"Mozilla/5.0 (Macintosh; Intel Mac OS X 10_15_7) AppleWebKit/605.1.15 (KHTML, like Gecko) Version/17.6 Safari/605.1.15",60,,,,,,,,,,,,,,,,,,,,,,,,,,,,,,,,,,,,media/dfnb.png,1,1,Symb,w,CR,0,0,1,0,8,1,11,0,1,0,99,i,5.637,6,0,,,,,,,,,,,,,,,,,,,,,,,,,,,,,,,,,,,,,,,,,,,,,,,,,,i,0,5.637,,,,,,,,,,,,,35,0,35,0,1,,,,,,,,,,,,,,,,,,,,,,,,,,,,,,,,,,,,,,,,,,
,,,,,,,,,,,,,,,,,107,4,2024-09-05_15h33.34.906,Symbol-E,2020.1.3,MacIntel,Safari,"Mozilla/5.0 (Macintosh; Intel Mac OS X 10_15_7) AppleWebKit/605.1.15 (KHTML, like Gecko) Version/17.6 Safari/605.1.15",60,,,,,,,,,,,,,,,,,,,,,,,,,,,,,,,,,,,,media/dfnb.png,1,1,Symb,w,CR,0,0,1,0,8,2,11,0,1,0,99,h,0.44,4,0,,,,,,,,,,,,,,,,,,,,,,,,,,,,,,,,,,,,,,,,,,,,,,,,,,h,0,0.44,,,,,,,,,,,,,36,0,36,0,1,,,,,,,,,,,,,,,,,,,,,,,,,,,,,,,,,,,,,,,,,,
,,,,,,,,,,,,,,,,,107,4,2024-09-05_15h33.34.906,Symbol-E,2020.1.3,MacIntel,Safari,"Mozilla/5.0 (Macintosh; Intel Mac OS X 10_15_7) AppleWebKit/605.1.15 (KHTML, like Gecko) Version/17.6 Safari/605.1.15",60,,,,,,,,,,,,,,,,,,,,,,,,,,,,,,,,,,,,media/dfnb.png,1,1,Symb,w,CR,0,0,1,0,8,3,11,0,1,0,99,u,0.22,5,0,,,,,,,,,,,,,,,,,,,,,,,,,,,,,,,,,,,,,,,,,,,,,,,,,,u,0,0.22,,,,,,,,,,,,,37,0,37,0,1,,,,,,,,,,,,,,,,,,,,,,,,,,,,,,,,,,,,,,,,,,
,,,,,,,,,,,,,,,,,107,4,2024-09-05_15h33.34.906,Symbol-E,2020.1.3,MacIntel,Safari,"Mozilla/5.0 (Macintosh; Intel Mac OS X 10_15_7) AppleWebKit/605.1.15 (KHTML, like Gecko) Version/17.6 Safari/605.1.15",60,,,,,,,,,,,,,,,,,,,,,,,,,,,,,,,,,,,,media/dfnb.png,1,1,Symb,w,CR,0,0,1,0,8,4,11,0,1,0,99,l,0.053,7,0,,,,,,,,,,,,,,,,,,,,,,,,,,,,,,,,,,,,,,,,,,,,,,,,,,l,0,0.053,,,,,,,,,,,,,38,0,38,0,1,,,,,,,,,,,,,,,,,,,,,,,,,,,,,,,,,,,,,,,,,,
,,,,,,,,,,,,,,,,,107,4,2024-09-05_15h33.34.906,Symbol-E,2020.1.3,MacIntel,Safari,"Mozilla/5.0 (Macintosh; Intel Mac OS X 10_15_7) AppleWebKit/605.1.15 (KHTML, like Gecko) Version/17.6 Safari/605.1.15",60,,,,,,,,,,,,,,,,,,,,,,,,,,,,,,,,,,,,media/dfnb.png,1,1,Symb,w,CR,0,0,1,0,8,5,11,0,1,0,99,w,0.052,1,1,,,,,,,,,,,,,,,,,,,,,,,,,,,,,,,,,,,,,,,,,,,,,,,,,,w,1,0.052,,,,,,,,,,,,,39,0,39,0,1,,,,,,,,,,,,,,,,,,,,,,,,,,,,,,,,,,,,,,,,,,
,,,,,,,,,,,,,,,,,107,4,2024-09-05_15h33.34.906,Symbol-E,2020.1.3,MacIntel,Safari,"Mozilla/5.0 (Macintosh; Intel Mac OS X 10_15_7) AppleWebKit/605.1.15 (KHTML, like Gecko) Version/17.6 Safari/605.1.15",60,,,,,,,,,,,,,,,,,,,,,,,,,,,,,,,,,,,,media/dinb.png,3,3,Symb,f,CR,0,0,1,0,8,0,12,0,1,0,99,f,4.569,3,1,,,,,,,,,,,,,,,,,,,,,,,,,,,,,,,,,,,,,,,,,,,,,,,,,,f,1,4.569,,,,,,,,,,,,,40,0,40,0,1,,,,,,,,,,,,,,,,,,,,,,,,,,,,,,,,,,,,,,,,,,
,,,,,,,,,,,,,,,,,107,4,2024-09-05_15h33.34.906,Symbol-E,2020.1.3,MacIntel,Safari,"Mozilla/5.0 (Macintosh; Intel Mac OS X 10_15_7) AppleWebKit/605.1.15 (KHTML, like Gecko) Version/17.6 Safari/605.1.15",60,,,,,,,,,,,,,,,,,,,,,,,,,,,,,,,,,,,,media/dfnb.png,1,1,Symb,w,CR,0,0,1,0,8,0,13,0,1,0,99,w,1.704,1,1,,,,,,,,,,,,,,,,,,,,,,,,,,,,,,,,,,,,,,,,,,,,,,,,,,w,1,1.704,,,,,,,,,,,,,41,0,41,0,1,,,,,,,,,,,,,,,,,,,,,,,,,,,,,,,,,,,,,,,,,,
,,,,,,,,,,,,,,,,,107,4,2024-09-05_15h33.34.906,Symbol-E,2020.1.3,MacIntel,Safari,"Mozilla/5.0 (Macintosh; Intel Mac OS X 10_15_7) AppleWebKit/605.1.15 (KHTML, like Gecko) Version/17.6 Safari/605.1.15",60,,,,,,,,,,,,,,,,,,,,,,,,,,,,,,,,,,,,media/dmnb.png,2,2,Symb,e,CR,0,0,1,0,8,0,14,0,1,0,99,e,1.652,2,1,,,,,,,,,,,,,,,,,,,,,,,,,,,,,,,,,,,,,,,,,,,,,,,,,,e,1,1.652,,,,,,,,,,,,,42,0,42,0,1,,,,,,,,,,,,,,,,,,,,,,,,,,,,,,,,,,,,,,,,,,
,,,,,,,,,,,,,,,,,107,4,2024-09-05_15h33.34.906,Symbol-E,2020.1.3,MacIntel,Safari,"Mozilla/5.0 (Macintosh; Intel Mac OS X 10_15_7) AppleWebKit/605.1.15 (KHTML, like Gecko) Version/17.6 Safari/605.1.15",60,,,,,,,,,,,,,,,,,,,,,,,,,,,,,,,,,,,,media/ddnb.png,4,0,Symb,h,CR,0,0,1,0,8,0,15,0,1,0,99,h,2.32,4,1,,,,,,,,,,,,,,,,,,,,,,,,,,,,,,,,,,,,,,,,,,,,,,,,,,h,1,2.32,,,,,,,,,,,,,43,0,43,0,1,,,,,,,,,,,,,,,,,,,,,,,,,,,,,,,,,,,,,,,,,,
,,,,,,,,,,,,,,,,,107,4,2024-09-05_15h33.34.906,Symbol-E,2020.1.3,MacIntel,Safari,"Mozilla/5.0 (Macintosh; Intel Mac OS X 10_15_7) AppleWebKit/605.1.15 (KHTML, like Gecko) Version/17.6 Safari/605.1.15",60,,,,,,,,,,,,,,,,,,,,,,,,,,,,,,,,,,,,media/dinb.png,3,3,Symb,f,CR,0,0,1,0,8,0,16,0,1,0,99,f,1.886,3,1,,,,,,,,,,,,,,,,,,,,,,,,,,,,,,,,,,,,,,,,,,,,,,,,,,f,1,1.886,,,,,,,,,,,,,44,0,44,0,1,,,,,,,,,,,,,,,,,,,,,,,,,,,,,,,,,,,,,,,,,,
,,,,,,,,,,,,,,,,,107,4,2024-09-05_15h33.34.906,Symbol-E,2020.1.3,MacIntel,Safari,"Mozilla/5.0 (Macintosh; Intel Mac OS X 10_15_7) AppleWebKit/605.1.15 (KHTML, like Gecko) Version/17.6 Safari/605.1.15",60,,,,,,,,,,,,,,,,,,,,,,,,,,,,,,,,,,,,media/dgnb.png,5,1,Symb,u,CR,0,0,1,0,8,0,17,0,1,0,99,u,5.303,5,1,,,,,,,,,,,,,,,,,,,,,,,,,,,,,,,,,,,,,,,,,,,,,,,,,,u,1,5.303,,,,,,,,,,,,,45,0,45,0,1,,,,,,,,,,,,,,,,,,,,,,,,,,,,,,,,,,,,,,,,,,
,,,,,,,,,,,,,,,,,107,4,2024-09-05_15h33.34.906,Symbol-E,2020.1.3,MacIntel,Safari,"Mozilla/5.0 (Macintosh; Intel Mac OS X 10_15_7) AppleWebKit/605.1.15 (KHTML, like Gecko) Version/17.6 Safari/605.1.15",60,,,,,,,,,,,,,,,,,,,,,,,,,,,,,,,,,,,,media/dcnb.png,0,0,Symb,a,CR,0,0,1,0,8,0,18,0,1,0,99,a,2.47,0,1,,,,,,,,,,,,,,,,,,,,,,,,,,,,,,,,,,,,,,,,,,,,,,,,,,a,1,2.47,,,,,,,,,,,,,46,0,46,0,1,,,,,,,,,,,,,,,,,,,,,,,,,,,,,,,,,,,,,,,,,,
,,,,,,,,,,,,,,,,,107,4,2024-09-05_15h33.34.906,Symbol-E,2020.1.3,MacIntel,Safari,"Mozilla/5.0 (Macintosh; Intel Mac OS X 10_15_7) AppleWebKit/605.1.15 (KHTML, like Gecko) Version/17.6 Safari/605.1.15",60,,,,,,,,,,,,,,,,,,,,,,,,,,,,,,,,,,,,media/ddnb.png,4,0,Symb,h,CR,0,0,1,0,8,0,19,0,1,0,99,h,1.739,4,1,,,,,,,,,,,,,,,,,,,,,,,,,,,,,,,,,,,,,,,,,,,,,,,,,,h,1,1.739,,,,,,,,,,,,,47,0,47,0,1,,,,,,,,,,,,,,,,,,,,,,,,,,,,,,,,,,,,,,,,,,
,,,,,,,,,,,,,,,,,107,4,2024-09-05_15h33.34.906,Symbol-E,2020.1.3,MacIntel,Safari,"Mozilla/5.0 (Macintosh; Intel Mac OS X 10_15_7) AppleWebKit/605.1.15 (KHTML, like Gecko) Version/17.6 Safari/605.1.15",60,,,,,,,,,,,,,,,,,,,,,,,,,,,,,,,,,,,,media/dnnb.png,6,2,Symb,i,CR,0,0,1,0,8,0,20,0,1,0,99,i,2.036,6,1,,,,,,,,,,,,,,,,,,,,,,,,,,,,,,,,,,,,,,,,,,,,,,,,,,i,1,2.036,,,,,,,,,,,,,48,0,48,0,1,,,,,,,,,,,,,,,,,,,,,,,,,,,,,,,,,,,,,,,,,,
,,,,,,,,,,,,,,,,,107,4,2024-09-05_15h33.34.906,Symbol-E,2020.1.3,MacIntel,Safari,"Mozilla/5.0 (Macintosh; Intel Mac OS X 10_15_7) AppleWebKit/605.1.15 (KHTML, like Gecko) Version/17.6 Safari/605.1.15",60,,,,,,,,,,,,,,,,,,,,,,,,,,,,,,,,,,,,media/dcnb.png,0,0,Symb,a,CR,0,0,1,0,8,0,21,0,1,0,99,a,1.291,0,1,,,,,,,,,,,,,,,,,,,,,,,,,,,,,,,,,,,,,,,,,,,,,,,,,,a,1,1.291,,,,,,,,,,,,,49,0,49,0,1,,,,,,,,,,,,,,,,,,,,,,,,,,,,,,,,,,,,,,,,,,
,,,,,,,,,,,,,,,,,107,4,2024-09-05_15h33.34.906,Symbol-E,2020.1.3,MacIntel,Safari,"Mozilla/5.0 (Macintosh; Intel Mac OS X 10_15_7) AppleWebKit/605.1.15 (KHTML, like Gecko) Version/17.6 Safari/605.1.15",60,,,,,,,,,,,,,,,,,,,,,,,,,,,,,,,,,,,,media/ddnb.png,4,0,Symb,h,CR,0,0,1,0,8,0,22,0,1,0,99,h,2.785,4,1,,,,,,,,,,,,,,,,,,,,,,,,,,,,,,,,,,,,,,,,,,,,,,,,,,h,1,2.785,,,,,,,,,,,,,50,0,50,0,1,,,,,,,,,,,,,,,,,,,,,,,,,,,,,,,,,,,,,,,,,,
,,,,,,,,,,,,,,,,,107,4,2024-09-05_15h33.34.906,Symbol-E,2020.1.3,MacIntel,Safari,"Mozilla/5.0 (Macintosh; Intel Mac OS X 10_15_7) AppleWebKit/605.1.15 (KHTML, like Gecko) Version/17.6 Safari/605.1.15",60,,,,,,,,,,,,,,,,,,,,,,,,,,,,,,,,,,,,media/dnnb.png,6,2,Symb,i,CR,0,0,1,0,8,0,23,0,1,0,99,i,1.423,6,1,,,,,,,,,,,,,,,,,,,,,,,,,,,,,,,,,,,,,,,,,,,,,,,,,,i,1,1.423,,,,,,,,,,,,,51,0,51,0,1,,,,,,,,,,,,,,,,,,,,,,,,,,,,,,,,,,,,,,,,,,
,,,,,,,,,,,,,,,,,107,4,2024-09-05_15h33.34.906,Symbol-E,2020.1.3,MacIntel,Safari,"Mozilla/5.0 (Macintosh; Intel Mac OS X 10_15_7) AppleWebKit/605.1.15 (KHTML, like Gecko) Version/17.6 Safari/605.1.15",60,,,,,,,,,,,,,,,,,,,,,,,,,,,,,,,,,,,,media/dfnb.png,1,1,Symb,w,CR,0,0,1,0,8,0,24,0,1,0,99,w,1.433,1,1,,,,,,,,,,,,,,,,,,,,,,,,,,,,,,,,,,,,,,,,,,,,,,,,,,w,1,1.433,,,,,,,,,,,,,52,0,52,0,1,,,,,,,,,,,,,,,,,,,,,,,,,,,,,,,,,,,,,,,,,,
,,,,,,,,,,,,,,,,,107,4,2024-09-05_15h33.34.906,Symbol-E,2020.1.3,MacIntel,Safari,"Mozilla/5.0 (Macintosh; Intel Mac OS X 10_15_7) AppleWebKit/605.1.15 (KHTML, like Gecko) Version/17.6 Safari/605.1.15",60,,,,,,,,,,,,,,,,,,,,,,,,,,,,,,,,,,,,media/dinb.png,3,3,Symb,f,CR,0,0,1,0,8,0,25,0,1,0,99,f,1.468,3,1,,,,,,,,,,,,,,,,,,,,,,,,,,,,,,,,,,,,,,,,,,,,,,,,,,f,1,1.468,,,,,,,,,,,,,53,0,53,0,1,,,,,,,,,,,,,,,,,,,,,,,,,,,,,,,,,,,,,,,,,,
,,,,,,,,,,,,,,,,,107,4,2024-09-05_15h33.34.906,Symbol-E,2020.1.3,MacIntel,Safari,"Mozilla/5.0 (Macintosh; Intel Mac OS X 10_15_7) AppleWebKit/605.1.15 (KHTML, like Gecko) Version/17.6 Safari/605.1.15",60,,,,,,,,,,,,,,,,,,,,,,,,,,,,,,,,,,,,media/dfnb.png,1,1,Symb,w,CR,0,0,1,0,8,0,26,0,1,0,99,w,1.565,1,1,,,,,,,,,,,,,,,,,,,,,,,,,,,,,,,,,,,,,,,,,,,,,,,,,,w,1,1.565,,,,,,,,,,,,,54,0,54,0,1,,,,,,,,,,,,,,,,,,,,,,,,,,,,,,,,,,,,,,,,,,
,,,,,,,,,,,,,,,,,107,4,2024-09-05_15h33.34.906,Symbol-E,2020.1.3,MacIntel,Safari,"Mozilla/5.0 (Macintosh; Intel Mac OS X 10_15_7) AppleWebKit/605.1.15 (KHTML, like Gecko) Version/17.6 Safari/605.1.15",60,,,,,,,,,,,,,,,,,,,,,,,,,,,,,,,,,,,,media/dgnb.png,5,1,Symb,u,CR,0,0,1,0,8,0,27,0,1,0,99,f,2.348,3,0,,,,,,,,,,,,,,,,,,,,,,,,,,,,,,,,,,,,,,,,,,,,,,,,,,f,0,2.348,,,,,,,,,,,,,55,0,55,0,1,,,,,,,,,,,,,,,,,,,,,,,,,,,,,,,,,,,,,,,,,,
,,,,,,,,,,,,,,,,,107,4,2024-09-05_15h33.34.906,Symbol-E,2020.1.3,MacIntel,Safari,"Mozilla/5.0 (Macintosh; Intel Mac OS X 10_15_7) AppleWebKit/605.1.15 (KHTML, like Gecko) Version/17.6 Safari/605.1.15",60,,,,,,,,,,,,,,,,,,,,,,,,,,,,,,,,,,,,media/dgnb.png,5,1,Symb,u,CR,0,0,1,0,8,1,27,0,1,0,99,h,0.968,4,0,,,,,,,,,,,,,,,,,,,,,,,,,,,,,,,,,,,,,,,,,,,,,,,,,,h,0,0.968,,,,,,,,,,,,,56,0,56,0,1,,,,,,,,,,,,,,,,,,,,,,,,,,,,,,,,,,,,,,,,,,
,,,,,,,,,,,,,,,,,107,4,2024-09-05_15h33.34.906,Symbol-E,2020.1.3,MacIntel,Safari,"Mozilla/5.0 (Macintosh; Intel Mac OS X 10_15_7) AppleWebKit/605.1.15 (KHTML, like Gecko) Version/17.6 Safari/605.1.15",60,,,,,,,,,,,,,,,,,,,,,,,,,,,,,,,,,,,,media/dgnb.png,5,1,Symb,u,CR,0,0,1,0,8,2,27,0,1,0,99,u,6.785,5,1,,,,,,,,,,,,,,,,,,,,,,,,,,,,,,,,,,,,,,,,,,,,,,,,,,u,1,6.785,,,,,,,,,,,,,57,0,57,0,1,,,,,,,,,,,,,,,,,,,,,,,,,,,,,,,,,,,,,,,,,,
,,,,,,,,,,,,,,,,,107,4,2024-09-05_15h33.34.906,Symbol-E,2020.1.3,MacIntel,Safari,"Mozilla/5.0 (Macintosh; Intel Mac OS X 10_15_7) AppleWebKit/605.1.15 (KHTML, like Gecko) Version/17.6 Safari/605.1.15",60,,,,,,,,,,,,,,,,,,,,,,,,,,,,,,,,,,,,media/djnb.png,7,3,Symb,l,CR,0,0,1,0,8,0,28,0,1,0,99,l,2.122,7,1,,,,,,,,,,,,,,,,,,,,,,,,,,,,,,,,,,,,,,,,,,,,,,,,,,l,1,2.122,,,,,,,,,,,,,58,0,58,0,1,,,,,,,,,,,,,,,,,,,,,,,,,,,,,,,,,,,,,,,,,,
,,,,,,,,,,,,,,,,,107,4,2024-09-05_15h33.34.906,Symbol-E,2020.1.3,MacIntel,Safari,"Mozilla/5.0 (Macintosh; Intel Mac OS X 10_15_7) AppleWebKit/605.1.15 (KHTML, like Gecko) Version/17.6 Safari/605.1.15",60,,,,,,,,,,,,,,,,,,,,,,,,,,,,,,,,,,,,media/djnb.png,7,3,Symb,l,CR,0,0,1,0,8,0,29,0,1,0,99,l,0.51,7,1,,,,,,,,,,,,,,,,,,,,,,,,,,,,,,,,,,,,,,,,,,,,,,,,,,l,1,0.51,,,,,,,,,,,,,59,0,59,0,1,,,,,,,,,,,,,,,,,,,,,,,,,,,,,,,,,,,,,,,,,,
,,,,,,,,,,,,,,,,,107,4,2024-09-05_15h33.34.906,Symbol-E,2020.1.3,MacIntel,Safari,"Mozilla/5.0 (Macintosh; Intel Mac OS X 10_15_7) AppleWebKit/605.1.15 (KHTML, like Gecko) Version/17.6 Safari/605.1.15",60,,,,,,,,,,,,,,,,,,,,,,,,,,,,,,,,,,,,media/dmnb.png,2,2,Symb,e,CR,0,0,1,0,8,0,30,0,1,0,99,e,1.967,2,1,,,,,,,,,,,,,,,,,,,,,,,,,,,,,,,,,,,,,,,,,,,,,,,,,,e,1,1.967,,,,,,,,,,,,,60,0,60,0,1,,,,,,,,,,,,,,,,,,,,,,,,,,,,,,,,,,,,,,,,,,
,,,,,,,,,,,,,,,,,107,4,2024-09-05_15h33.34.906,Symbol-E,2020.1.3,MacIntel,Safari,"Mozilla/5.0 (Macintosh; Intel Mac OS X 10_15_7) AppleWebKit/605.1.15 (KHTML, like Gecko) Version/17.6 Safari/605.1.15",60,,,,,,,,,,,,,,,,,,,,,,,,,,,,,,,,,,,,media/dmnb.png,2,2,Symb,e,CR,0,0,1,0,8,0,31,0,1,0,99,e,0.692,2,1,,,,,,,,,,,,,,,,,,,,,,,,,,,,,,,,,,,,,,,,,,,,,,,,,,e,1,0.692,,,,,,,,,,,,,61,0,61,0,1,,,,,,,,,,,,,,,,,,,,,,,,,,,,,,,,,,,,,,,,,,
,,,,,,,,,,,,,,,,,107,4,2024-09-05_15h33.34.906,Symbol-E,2020.1.3,MacIntel,Safari,"Mozilla/5.0 (Macintosh; Intel Mac OS X 10_15_7) AppleWebKit/605.1.15 (KHTML, like Gecko) Version/17.6 Safari/605.1.15",60,,,,,,,,,,,,,,,,,,,,,,,,,,,,,,,,,,,,media/dfnb.png,1,1,Symb,w,CR,0,0,1,0,8,0,32,0,1,0,99,w,2.002,1,1,,,,,,,,,,,,,,,,,,,,,,,,,,,,,,,,,,,,,,,,,,,,,,,,,,w,1,2.002,,,,,,,,,,,,,62,0,62,0,1,,,,,,,,,,,,,,,,,,,,,,,,,,,,,,,,,,,,,,,,,,
,,,,,,,,,,,,,,,,,107,4,2024-09-05_15h33.34.906,Symbol-E,2020.1.3,MacIntel,Safari,"Mozilla/5.0 (Macintosh; Intel Mac OS X 10_15_7) AppleWebKit/605.1.15 (KHTML, like Gecko) Version/17.6 Safari/605.1.15",60,,,,,,,,,,,,,,,,,,,,,,,,,,,,,,,,,,,,media/dinb.png,3,3,Symb,f,CR,0,0,1,0,8,0,33,0,1,0,99,f,2.001,3,1,,,,,,,,,,,,,,,,,,,,,,,,,,,,,,,,,,,,,,,,,,,,,,,,,,f,1,2.001,,,,,,,,,,,,,63,0,63,0,1,,,,,,,,,,,,,,,,,,,,,,,,,,,,,,,,,,,,,,,,,,
,,,,,,,,,,,,,,,,,107,4,2024-09-05_15h33.34.906,Symbol-E,2020.1.3,MacIntel,Safari,"Mozilla/5.0 (Macintosh; Intel Mac OS X 10_15_7) AppleWebKit/605.1.15 (KHTML, like Gecko) Version/17.6 Safari/605.1.15",60,,,,,,,,,,,,,,,,,,,,,,,,,,,,,,,,,,,,media/dmnb.png,2,2,Symb,e,CR,0,0,1,0,8,0,34,0,1,0,99,e,2.354,2,1,,,,,,,,,,,,,,,,,,,,,,,,,,,,,,,,,,,,,,,,,,,,,,,,,,e,1,2.354,,,,,,,,,,,,,64,0,64,0,1,,,,,,,,,,,,,,,,,,,,,,,,,,,,,,,,,,,,,,,,,,
,,,,,,,,,,,,,,,,,107,4,2024-09-05_15h33.34.906,Symbol-E,2020.1.3,MacIntel,Safari,"Mozilla/5.0 (Macintosh; Intel Mac OS X 10_15_7) AppleWebKit/605.1.15 (KHTML, like Gecko) Version/17.6 Safari/605.1.15",60,,,,,,,,,,,,,,,,,,,,,,,,,,,,,,,,,,,,media/dgnb.png,5,1,Symb,u,CR,0,0,1,0,8,0,35,0,1,0,99,u,2.917,5,1,,,,,,,,,,,,,,,,,,,,,,,,,,,,,,,,,,,,,,,,,,,,,,,,,,u,1,2.917,,,,,,,,,,,,,65,0,65,0,1,,,,,,,,,,,,,,,,,,,,,,,,,,,,,,,,,,,,,,,,,,
,,,,,,,,,,,,,,,,,107,4,2024-09-05_15h33.34.906,Symbol-E,2020.1.3,MacIntel,Safari,"Mozilla/5.0 (Macintosh; Intel Mac OS X 10_15_7) AppleWebKit/605.1.15 (KHTML, like Gecko) Version/17.6 Safari/605.1.15",60,,,,,,,,,,,,,,,,,,,,,,,,,,,,,,,,,,,,media/djnb.png,7,3,Symb,l,CR,0,0,1,0,8,0,36,0,1,0,99,l,2.769,7,1,,,,,,,,,,,,,,,,,,,,,,,,,,,,,,,,,,,,,,,,,,,,,,,,,,l,1,2.769,,,,,,,,,,,,,66,0,66,0,1,,,,,,,,,,,,,,,,,,,,,,,,,,,,,,,,,,,,,,,,,,
,,,,,,,,,,,,,,,,,107,4,2024-09-05_15h33.34.906,Symbol-E,2020.1.3,MacIntel,Safari,"Mozilla/5.0 (Macintosh; Intel Mac OS X 10_15_7) AppleWebKit/605.1.15 (KHTML, like Gecko) Version/17.6 Safari/605.1.15",60,,,,,,,,,,,,,,,,,,,,,,,,,,,,,,,,,,,,media/dcnb.png,0,0,Symb,a,CR,0,0,1,0,8,0,37,0,1,0,99,a,2.086,0,1,,,,,,,,,,,,,,,,,,,,,,,,,,,,,,,,,,,,,,,,,,,,,,,,,,a,1,2.086,,,,,,,,,,,,,67,0,67,0,1,,,,,,,,,,,,,,,,,,,,,,,,,,,,,,,,,,,,,,,,,,
,,,,,,,,,,,,,,,,,107,4,2024-09-05_15h33.34.906,Symbol-E,2020.1.3,MacIntel,Safari,"Mozilla/5.0 (Macintosh; Intel Mac OS X 10_15_7) AppleWebKit/605.1.15 (KHTML, like Gecko) Version/17.6 Safari/605.1.15",60,,,,,,,,,,,,,,,,,,,,,,,,,,,,,,,,,,,,media/dnnb.png,6,2,Symb,i,CR,0,0,1,0,8,0,38,0,1,0,99,i,1.624,6,1,,,,,,,,,,,,,,,,,,,,,,,,,,,,,,,,,,,,,,,,,,,,,,,,,,i,1,1.624,,,,,,,,,,,,,68,0,68,0,1,,,,,,,,,,,,,,,,,,,,,,,,,,,,,,,,,,,,,,,,,,
,,,,,,,,,,,,,,,,,107,4,2024-09-05_15h33.34.906,Symbol-E,2020.1.3,MacIntel,Safari,"Mozilla/5.0 (Macintosh; Intel Mac OS X 10_15_7) AppleWebKit/605.1.15 (KHTML, like Gecko) Version/17.6 Safari/605.1.15",60,,,,,,,,,,,,,,,,,,,,,,,,,,,,,,,,,,,,media/ddnb.png,4,0,Symb,h,CR,0,0,1,0,8,0,39,0,1,0,99,h,1.771,4,1,,,,,,,,,,,,,,,,,,,,,,,,,,,,,,,,,,,,,,,,,,,,,,,,,,h,1,1.771,,,,,,,,,,,,,69,0,69,0,1,,,,,,,,,,,,,,,,,,,,,,,,,,,,,,,,,,,,,,,,,,
,,,,,,,,,,,,,,,,,107,4,2024-09-05_15h33.34.906,Symbol-E,2020.1.3,MacIntel,Safari,"Mozilla/5.0 (Macintosh; Intel Mac OS X 10_15_7) AppleWebKit/605.1.15 (KHTML, like Gecko) Version/17.6 Safari/605.1.15",60,,,,,,,,,,,,,,,,,,,,,,,,,,,,,,,,,,,,media/dinb.png,3,3,Symb,f,CR,0,0,1,0,8,0,40,0,1,0,99,f,1.634,3,1,,,,,,,,,,,,,,,,,,,,,,,,,,,,,,,,,,,,,,,,,,,,,,,,,,f,1,1.634,,,,,,,,,,,,,70,0,70,0,1,,,,,,,,,,,,,,,,,,,,,,,,,,,,,,,,,,,,,,,,,,
,,,,,,,,,,,,,,,,,107,4,2024-09-05_15h33.34.906,Symbol-E,2020.1.3,MacIntel,Safari,"Mozilla/5.0 (Macintosh; Intel Mac OS X 10_15_7) AppleWebKit/605.1.15 (KHTML, like Gecko) Version/17.6 Safari/605.1.15",60,,,,,,,,,,,,,,,,,,,,,,,,,,,,,,,,,,,,media/dmnb.png,2,2,Symb,e,CR,0,0,1,0,8,0,41,0,1,0,99,e,1.251,2,1,,,,,,,,,,,,,,,,,,,,,,,,,,,,,,,,,,,,,,,,,,,,,,,,,,e,1,1.251,,,,,,,,,,,,,71,0,71,0,1,,,,,,,,,,,,,,,,,,,,,,,,,,,,,,,,,,,,,,,,,,
,,,,,,,,,,,,,,,,,107,4,2024-09-05_15h33.34.906,Symbol-E,2020.1.3,MacIntel,Safari,"Mozilla/5.0 (Macintosh; Intel Mac OS X 10_15_7) AppleWebKit/605.1.15 (KHTML, like Gecko) Version/17.6 Safari/605.1.15",60,,,,,,,,,,,,,,,,,,,,,,,,,,,,,,,,,,,,media/dinb.png,3,3,Symb,f,CR,0,0,1,0,8,0,42,0,1,0,99,f,2.29,3,1,,,,,,,,,,,,,,,,,,,,,,,,,,,,,,,,,,,,,,,,,,,,,,,,,,f,1,2.29,,,,,,,,,,,,,72,0,72,0,1,,,,,,,,,,,,,,,,,,,,,,,,,,,,,,,,,,,,,,,,,,
,,,,,,,,,,,,,,,,,107,4,2024-09-05_15h33.34.906,Symbol-E,2020.1.3,MacIntel,Safari,"Mozilla/5.0 (Macintosh; Intel Mac OS X 10_15_7) AppleWebKit/605.1.15 (KHTML, like Gecko) Version/17.6 Safari/605.1.15",60,,,,,,,,,,,,,,,,,,,,,,,,,,,,,,,,,,,,media/dmnb.png,2,2,Symb,e,CR,0,0,1,0,8,0,43,0,1,0,99,e,1.927,2,1,,,,,,,,,,,,,,,,,,,,,,,,,,,,,,,,,,,,,,,,,,,,,,,,,,e,1,1.927,,,,,,,,,,,,,73,0,73,0,1,,,,,,,,,,,,,,,,,,,,,,,,,,,,,,,,,,,,,,,,,,
,,,,,,,,,,,,,,,,,107,4,2024-09-05_15h33.34.906,Symbol-E,2020.1.3,MacIntel,Safari,"Mozilla/5.0 (Macintosh; Intel Mac OS X 10_15_7) AppleWebKit/605.1.15 (KHTML, like Gecko) Version/17.6 Safari/605.1.15",60,,,,,,,,,,,,,,,,,,,,,,,,,,,,,,,,,,,,media/dnnb.png,6,2,Symb,i,CR,0,0,1,0,8,0,44,0,1,0,99,i,1.733,6,1,,,,,,,,,,,,,,,,,,,,,,,,,,,,,,,,,,,,,,,,,,,,,,,,,,i,1,1.733,,,,,,,,,,,,,74,0,74,0,1,,,,,,,,,,,,,,,,,,,,,,,,,,,,,,,,,,,,,,,,,,
,,,,,,,,,,,,,,,,,107,4,2024-09-05_15h33.34.906,Symbol-E,2020.1.3,MacIntel,Safari,"Mozilla/5.0 (Macintosh; Intel Mac OS X 10_15_7) AppleWebKit/605.1.15 (KHTML, like Gecko) Version/17.6 Safari/605.1.15",60,,,,,,,,,,,,,,,,,,,,,,,,,,,,,,,,,,,,media/dcnb.png,0,0,Symb,a,CR,0,0,1,0,8,0,45,0,1,0,99,a,1.236,0,1,,,,,,,,,,,,,,,,,,,,,,,,,,,,,,,,,,,,,,,,,,,,,,,,,,a,1,1.236,,,,,,,,,,,,,75,0,75,0,1,,,,,,,,,,,,,,,,,,,,,,,,,,,,,,,,,,,,,,,,,,
,,,,,,,,,,,,,,,,,107,4,2024-09-05_15h33.34.906,Symbol-E,2020.1.3,MacIntel,Safari,"Mozilla/5.0 (Macintosh; Intel Mac OS X 10_15_7) AppleWebKit/605.1.15 (KHTML, like Gecko) Version/17.6 Safari/605.1.15",60,,,,,,,,,,,,,,,,,,,,,,,,,,,,,,,,,,,,media/dgnb.png,5,1,Symb,u,CR,0,0,1,0,8,0,46,0,1,0,99,u,3.819,5,1,,,,,,,,,,,,,,,,,,,,,,,,,,,,,,,,,,,,,,,,,,,,,,,,,,u,1,3.819,,,,,,,,,,,,,76,0,76,0,1,,,,,,,,,,,,,,,,,,,,,,,,,,,,,,,,,,,,,,,,,,
,,,,,,,,,,,,,,,,,107,4,2024-09-05_15h33.34.906,Symbol-E,2020.1.3,MacIntel,Safari,"Mozilla/5.0 (Macintosh; Intel Mac OS X 10_15_7) AppleWebKit/605.1.15 (KHTML, like Gecko) Version/17.6 Safari/605.1.15",60,,,,,,,,,,,,,,,,,,,,,,,,,,,,,,,,,,,,media/ddnb.png,4,0,Symb,h,CR,0,0,1,0,8,0,47,0,1,0,99,h,2.237,4,1,,,,,,,,,,,,,,,,,,,,,,,,,,,,,,,,,,,,,,,,,,,,,,,,,,h,1,2.237,,,,,,,,,,,,,77,0,77,0,1,,,,,,,,,,,,,,,,,,,,,,,,,,,,,,,,,,,,,,,,,,
,,,,,,,,,,,,,,,,,107,4,2024-09-05_15h33.34.906,Symbol-E,2020.1.3,MacIntel,Safari,"Mozilla/5.0 (Macintosh; Intel Mac OS X 10_15_7) AppleWebKit/605.1.15 (KHTML, like Gecko) Version/17.6 Safari/605.1.15",60,,,,,,,,,,,,,,,,,,,,,,,,,,,,,,,,,,,,media/dcnb.png,0,0,Symb,a,CR,0,0,1,0,8,0,48,0,1,0,99,a,2.998,0,1,,,,,,,,,,,,,,,,,,,,,,,,,,,,,,,,,,,,,,,,,,,,,,,,,,a,1,2.998,,,,,,,,,,,,,78,0,78,0,1,,,,,,,,,,,,,,,,,,,,,,,,,,,,,,,,,,,,,,,,,,
,,,,,,,,,,,,,,,,,107,4,2024-09-05_15h33.34.906,Symbol-E,2020.1.3,MacIntel,Safari,"Mozilla/5.0 (Macintosh; Intel Mac OS X 10_15_7) AppleWebKit/605.1.15 (KHTML, like Gecko) Version/17.6 Safari/605.1.15",60,,,,,,,,,,,,,,,,,,,,,,,,,,,,,,,,,,,,media/dgnb.png,5,1,Symb,u,CR,0,0,1,0,8,0,49,0,1,0,99,u,2.57,5,1,,,,,,,,,,,,,,,,,,,,,,,,,,,,,,,,,,,,,,,,,,,,,,,,,,u,1,2.57,,,,,,,,,,,,,79,0,79,0,1,,,,,,,,,,,,,,,,,,,,,,,,,,,,,,,,,,,,,,,,,,
,,,,,,,,,,,,,,,,,107,4,2024-09-05_15h33.34.906,Symbol-E,2020.1.3,MacIntel,Safari,"Mozilla/5.0 (Macintosh; Intel Mac OS X 10_15_7) AppleWebKit/605.1.15 (KHTML, like Gecko) Version/17.6 Safari/605.1.15",60,,,,,,,,,,,,,,,,,,,,,,,,,,,,,,,,,,,,media/djnb.png,7,3,Symb,l,CR,0,0,1,0,8,0,50,0,1,0,99,l,1.917,7,1,,,,,,,,,,,,,,,,,,,,,,,,,,,,,,,,,,,,,,,,,,,,,,,,,,l,1,1.917,,,,,,,,,,,,,80,0,80,0,1,,,,,,,,,,,,,,,,,,,,,,,,,,,,,,,,,,,,,,,,,,
,,,,,,,,,,,,,,,,,107,4,2024-09-05_15h33.34.906,Symbol-E,2020.1.3,MacIntel,Safari,"Mozilla/5.0 (Macintosh; Intel Mac OS X 10_15_7) AppleWebKit/605.1.15 (KHTML, like Gecko) Version/17.6 Safari/605.1.15",60,,,,,,,,,,,,,,,,,,,,,,,,,,,,,,,,,,,,media/dnnb.png,6,2,Symb,i,CR,0,0,1,0,8,0,51,0,1,0,99,i,1.517,6,1,,,,,,,,,,,,,,,,,,,,,,,,,,,,,,,,,,,,,,,,,,,,,,,,,,i,1,1.517,,,,,,,,,,,,,81,0,81,0,1,,,,,,,,,,,,,,,,,,,,,,,,,,,,,,,,,,,,,,,,,,
,,,,,,,,,,,,,,,,,107,4,2024-09-05_15h33.34.906,Symbol-E,2020.1.3,MacIntel,Safari,"Mozilla/5.0 (Macintosh; Intel Mac OS X 10_15_7) AppleWebKit/605.1.15 (KHTML, like Gecko) Version/17.6 Safari/605.1.15",60,,,,,,,,,,,,,,,,,,,,,,,,,,,,,,,,,,,,media/djnb.png,7,3,Symb,l,CR,0,0,1,0,8,0,52,0,1,0,99,l,1.458,7,1,,,,,,,,,,,,,,,,,,,,,,,,,,,,,,,,,,,,,,,,,,,,,,,,,,l,1,1.458,,,,,,,,,,,,,82,0,82,0,1,,,,,,,,,,,,,,,,,,,,,,,,,,,,,,,,,,,,,,,,,,
,,,,,,,,,,,,,,,,,107,4,2024-09-05_15h33.34.906,Symbol-E,2020.1.3,MacIntel,Safari,"Mozilla/5.0 (Macintosh; Intel Mac OS X 10_15_7) AppleWebKit/605.1.15 (KHTML, like Gecko) Version/17.6 Safari/605.1.15",60,,,,,,,,,,,,,,,,,,,,,,,,,,,,,,,,,,,,media/dfnb.png,1,1,Symb,w,CR,0,0,1,0,8,0,53,0,1,0,99,w,1.392,1,1,,,,,,,,,,,,,,,,,,,,,,,,,,,,,,,,,,,,,,,,,,,,,,,,,,w,1,1.392,,,,,,,,,,,,,83,0,83,0,1,,,,,,,,,,,,,,,,,,,,,,,,,,,,,,,,,,,,,,,,,,
,,,,,,,,,,,,,,,,,107,4,2024-09-05_15h33.34.906,Symbol-E,2020.1.3,MacIntel,Safari,"Mozilla/5.0 (Macintosh; Intel Mac OS X 10_15_7) AppleWebKit/605.1.15 (KHTML, like Gecko) Version/17.6 Safari/605.1.15",60,,,,,,,,,,,,,,,,,,,,,,,,,,,,,,,,,,,,media/ddnb.png,4,0,Symb,h,CR,0,0,1,0,8,0,54,0,1,0,99,h,1.926,4,1,,,,,,,,,,,,,,,,,,,,,,,,,,,,,,,,,,,,,,,,,,,,,,,,,,h,1,1.926,,,,,,,,,,,,,84,0,84,0,1,,,,,,,,,,,,,,,,,,,,,,,,,,,,,,,,,,,,,,,,,,
,,,,,,,,,,,,,,,,,107,4,2024-09-05_15h33.34.906,Symbol-E,2020.1.3,MacIntel,Safari,"Mozilla/5.0 (Macintosh; Intel Mac OS X 10_15_7) AppleWebKit/605.1.15 (KHTML, like Gecko) Version/17.6 Safari/605.1.15",60,,,,,,,,,,,,,,,,,,,,,,,,,,,,,,,,,,,,media/dfnb.png,1,1,Symb,w,CR,0,0,1,0,8,0,55,0,1,0,99,w,1.285,1,1,,,,,,,,,,,,,,,,,,,,,,,,,,,,,,,,,,,,,,,,,,,,,,,,,,w,1,1.285,,,,,,,,,,,,,85,0,85,0,1,,,,,,,,,,,,,,,,,,,,,,,,,,,,,,,,,,,,,,,,,,
,,,,,,,,,,,,,,,,,107,4,2024-09-05_15h33.34.906,Symbol-E,2020.1.3,MacIntel,Safari,"Mozilla/5.0 (Macintosh; Intel Mac OS X 10_15_7) AppleWebKit/605.1.15 (KHTML, like Gecko) Version/17.6 Safari/605.1.15",60,,,,,,,,,,,,,,,,,,,,,,,,,,,,,,,,,,,,media/dnnb.png,6,2,Symb,i,CR,0,0,1,0,8,0,56,0,1,0,99,i,1.776,6,1,,,,,,,,,,,,,,,,,,,,,,,,,,,,,,,,,,,,,,,,,,,,,,,,,,i,1,1.776,,,,,,,,,,,,,86,0,86,0,1,,,,,,,,,,,,,,,,,,,,,,,,,,,,,,,,,,,,,,,,,,
,,,,,,,,,,,,,,,,,107,4,2024-09-05_15h33.34.906,Symbol-E,2020.1.3,MacIntel,Safari,"Mozilla/5.0 (Macintosh; Intel Mac OS X 10_15_7) AppleWebKit/605.1.15 (KHTML, like Gecko) Version/17.6 Safari/605.1.15",60,,,,,,,,,,,,,,,,,,,,,,,,,,,,,,,,,,,,media/dcnb.png,0,0,Symb,a,CR,0,0,1,0,8,0,57,0,1,0,99,a,1.568,0,1,,,,,,,,,,,,,,,,,,,,,,,,,,,,,,,,,,,,,,,,,,,,,,,,,,a,1,1.568,,,,,,,,,,,,,87,0,87,0,1,,,,,,,,,,,,,,,,,,,,,,,,,,,,,,,,,,,,,,,,,,
,,,,,,,,,,,,,,,,,107,4,2024-09-05_15h33.34.906,Symbol-E,2020.1.3,MacIntel,Safari,"Mozilla/5.0 (Macintosh; Intel Mac OS X 10_15_7) AppleWebKit/605.1.15 (KHTML, like Gecko) Version/17.6 Safari/605.1.15",60,,,,,,,,,,,,,,,,,,,,,,,,,,,,,,,,,,,,media/ddnb.png,4,0,Symb,h,CR,0,0,1,0,8,0,58,0,1,0,99,h,0.751,4,1,,,,,,,,,,,,,,,,,,,,,,,,,,,,,,,,,,,,,,,,,,,,,,,,,,h,1,0.751,,,,,,,,,,,,,88,0,88,0,1,,,,,,,,,,,,,,,,,,,,,,,,,,,,,,,,,,,,,,,,,,
,,,,,,,,,,,,,,,,,107,4,2024-09-05_15h33.34.906,Symbol-E,2020.1.3,MacIntel,Safari,"Mozilla/5.0 (Macintosh; Intel Mac OS X 10_15_7) AppleWebKit/605.1.15 (KHTML, like Gecko) Version/17.6 Safari/605.1.15",60,,,,,,,,,,,,,,,,,,,,,,,,,,,,,,,,,,,,media/dgnb.png,5,1,Symb,u,CR,0,0,1,0,8,0,59,0,1,0,99,u,2.15,5,1,,,,,,,,,,,,,,,,,,,,,,,,,,,,,,,,,,,,,,,,,,,,,,,,,,u,1,2.15,,,,,,,,,,,,,89,0,89,0,1,,,,,,,,,,,,,,,,,,,,,,,,,,,,,,,,,,,,,,,,,,
,,,,,,,,,,,,,,,,,107,4,2024-09-05_15h33.34.906,Symbol-E,2020.1.3,MacIntel,Safari,"Mozilla/5.0 (Macintosh; Intel Mac OS X 10_15_7) AppleWebKit/605.1.15 (KHTML, like Gecko) Version/17.6 Safari/605.1.15",60,,,,,,,,,,,,,,,,,,,,,,,,,,,,,,,,,,,,media/dnnb.png,6,2,Symb,i,CR,0,0,1,0,8,0,60,0,1,0,99,i,1.7,6,1,,,,,,,,,,,,,,,,,,,,,,,,,,,,,,,,,,,,,,,,,,,,,,,,,,i,1,1.7,,,,,,,,,,,,,90,0,90,0,1,,,,,,,,,,,,,,,,,,,,,,,,,,,,,,,,,,,,,,,,,,
,,,,,,,,,,,,,,,,,107,4,2024-09-05_15h33.34.906,Symbol-E,2020.1.3,MacIntel,Safari,"Mozilla/5.0 (Macintosh; Intel Mac OS X 10_15_7) AppleWebKit/605.1.15 (KHTML, like Gecko) Version/17.6 Safari/605.1.15",60,,,,,,,,,,,,,,,,,,,,,,,,,,,,,,,,,,,,media/djnb.png,7,3,Symb,l,CR,0,0,1,0,8,0,61,0,1,0,99,l,1.756,7,1,,,,,,,,,,,,,,,,,,,,,,,,,,,,,,,,,,,,,,,,,,,,,,,,,,l,1,1.756,,,,,,,,,,,,,91,0,91,0,1,,,,,,,,,,,,,,,,,,,,,,,,,,,,,,,,,,,,,,,,,,
,,,,,,,,,,,,,,,,,107,4,2024-09-05_15h33.34.906,Symbol-E,2020.1.3,MacIntel,Safari,"Mozilla/5.0 (Macintosh; Intel Mac OS X 10_15_7) AppleWebKit/605.1.15 (KHTML, like Gecko) Version/17.6 Safari/605.1.15",60,,,,,,,,,,,,,,,,,,,,,,,,,,,,,,,,,,,,media/dcnb.png,0,0,Symb,a,CR,0,0,1,0,8,0,62,0,1,0,99,a,0.96,0,1,,,,,,,,,,,,,,,,,,,,,,,,,,,,,,,,,,,,,,,,,,,,,,,,,,a,1,0.96,,,,,,,,,,,,,92,0,92,0,1,,,,,,,,,,,,,,,,,,,,,,,,,,,,,,,,,,,,,,,,,,
,,,,,,,,,,,,,,,,,107,4,2024-09-05_15h33.34.906,Symbol-E,2020.1.3,MacIntel,Safari,"Mozilla/5.0 (Macintosh; Intel Mac OS X 10_15_7) AppleWebKit/605.1.15 (KHTML, like Gecko) Version/17.6 Safari/605.1.15",60,,,,,,,,,,,,,,,,,,,,,,,,,,,,,,,,,,,,media/ddnb.png,4,0,Symb,h,CR,0,0,1,0,8,0,63,0,1,0,99,h,1.625,4,1,,,,,,,,,,,,,,,,,,,,,,,,,,,,,,,,,,,,,,,,,,,,,,,,,,h,1,1.625,,,,,,,,,,,,,93,0,93,0,1,,,,,,,,,,,,,,,,,,,,,,,,,,,,,,,,,,,,,,,,,,
,,,,,,,,,,,,,,,,,107,4,2024-09-05_15h33.34.906,Symbol-E,2020.1.3,MacIntel,Safari,"Mozilla/5.0 (Macintosh; Intel Mac OS X 10_15_7) AppleWebKit/605.1.15 (KHTML, like Gecko) Version/17.6 Safari/605.1.15",60,,,,,,,,,,,,,,,,,,,,,,,,,,,,,,,,,,,,media/djnb.png,7,3,Symb,l,CR,0,0,1,0,8,0,64,0,1,0,99,l,1.617,7,1,,,,,,,,,,,,,,,,,,,,,,,,,,,,,,,,,,,,,,,,,,,,,,,,,,l,1,1.617,,,,,,,,,,,,,94,0,94,0,1,,,,,,,,,,,,,,,,,,,,,,,,,,,,,,,,,,,,,,,,,,
,,,,,,,,,,,,,,,,,107,4,2024-09-05_15h33.34.906,Symbol-E,2020.1.3,MacIntel,Safari,"Mozilla/5.0 (Macintosh; Intel Mac OS X 10_15_7) AppleWebKit/605.1.15 (KHTML, like Gecko) Version/17.6 Safari/605.1.15",60,,,,,,,,,,,,,,,,,,,,,,,,,,,,,,,,,,,,media/dmnb.png,2,2,Symb,e,CR,0,0,1,0,8,0,65,0,1,0,99,e,1.568,2,1,,,,,,,,,,,,,,,,,,,,,,,,,,,,,,,,,,,,,,,,,,,,,,,,,,e,1,1.568,,,,,,,,,,,,,95,0,95,0,1,,,,,,,,,,,,,,,,,,,,,,,,,,,,,,,,,,,,,,,,,,
,,,,,,,,,,,,,,,,,107,4,2024-09-05_15h33.34.906,Symbol-E,2020.1.3,MacIntel,Safari,"Mozilla/5.0 (Macintosh; Intel Mac OS X 10_15_7) AppleWebKit/605.1.15 (KHTML, like Gecko) Version/17.6 Safari/605.1.15",60,,,,,,,,,,,,,,,,,,,,,,,,,,,,,,,,,,,,media/dinb.png,3,3,Symb,f,CR,0,0,1,0,8,0,66,0,1,0,99,f,1.505,3,1,,,,,,,,,,,,,,,,,,,,,,,,,,,,,,,,,,,,,,,,,,,,,,,,,,f,1,1.505,,,,,,,,,,,,,96,0,96,0,1,,,,,,,,,,,,,,,,,,,,,,,,,,,,,,,,,,,,,,,,,,
,,,,,,,,,,,,,,,,,107,4,2024-09-05_15h33.34.906,Symbol-E,2020.1.3,MacIntel,Safari,"Mozilla/5.0 (Macintosh; Intel Mac OS X 10_15_7) AppleWebKit/605.1.15 (KHTML, like Gecko) Version/17.6 Safari/605.1.15",60,,,,,,,,,,,,,,,,,,,,,,,,,,,,,,,,,,,,media/dmnb.png,2,2,Symb,e,CR,0,0,1,0,8,0,67,0,1,0,99,e,1.154,2,1,,,,,,,,,,,,,,,,,,,,,,,,,,,,,,,,,,,,,,,,,,,,,,,,,,e,1,1.154,,,,,,,,,,,,,97,0,97,0,1,,,,,,,,,,,,,,,,,,,,,,,,,,,,,,,,,,,,,,,,,,
,,,,,,,,,,,,,,,,,107,4,2024-09-05_15h33.34.906,Symbol-E,2020.1.3,MacIntel,Safari,"Mozilla/5.0 (Macintosh; Intel Mac OS X 10_15_7) AppleWebKit/605.1.15 (KHTML, like Gecko) Version/17.6 Safari/605.1.15",60,,,,,,,,,,,,,,,,,,,,,,,,,,,,,,,,,,,,media/dfnb.png,1,1,Symb,w,CR,0,0,1,0,8,0,68,0,1,0,99,w,1.286,1,1,,,,,,,,,,,,,,,,,,,,,,,,,,,,,,,,,,,,,,,,,,,,,,,,,,w,1,1.286,,,,,,,,,,,,,98,0,98,0,1,,,,,,,,,,,,,,,,,,,,,,,,,,,,,,,,,,,,,,,,,,
,,,,,,,,,,,,,,,,,107,4,2024-09-05_15h33.34.906,Symbol-E,2020.1.3,MacIntel,Safari,"Mozilla/5.0 (Macintosh; Intel Mac OS X 10_15_7) AppleWebKit/605.1.15 (KHTML, like Gecko) Version/17.6 Safari/605.1.15",60,,,,,,,,,,,,,,,,,,,,,,,,,,,,,,,,,,,,media/dinb.png,3,3,Symb,f,CR,0,0,1,0,8,0,69,0,1,0,99,h,2.05,4,0,,,,,,,,,,,,,,,,,,,,,,,,,,,,,,,,,,,,,,,,,,,,,,,,,,h,0,2.05,,,,,,,,,,,,,99,0,99,0,1,,,,,,,,,,,,,,,,,,,,,,,,,,,,,,,,,,,,,,,,,,
,,,,,,,,,,,,,,,,,107,4,2024-09-05_15h33.34.906,Symbol-E,2020.1.3,MacIntel,Safari,"Mozilla/5.0 (Macintosh; Intel Mac OS X 10_15_7) AppleWebKit/605.1.15 (KHTML, like Gecko) Version/17.6 Safari/605.1.15",60,,,,,,,,,,,,,,,,,,,,,,,,,,,,,,,,,,,,media/dinb.png,3,3,Symb,f,CR,0,0,1,0,8,1,69,0,1,0,99,f,0.456,3,1,,,,,,,,,,,,,,,,,,,,,,,,,,,,,,,,,,,,,,,,,,,,,,,,,,f,1,0.456,,,,,,,,,,,,,100,0,100,0,1,,,,,,,,,,,,,,,,,,,,,,,,,,,,,,,,,,,,,,,,,,
,,,,,,,,,,,,,,,,,107,4,2024-09-05_15h33.34.906,Symbol-E,2020.1.3,MacIntel,Safari,"Mozilla/5.0 (Macintosh; Intel Mac OS X 10_15_7) AppleWebKit/605.1.15 (KHTML, like Gecko) Version/17.6 Safari/605.1.15",60,,,,,,,,,,,,,,,,,,,,,,,,,,,,,,,,,,,,media/dfnb.png,1,1,Symb,w,CR,0,0,1,0,8,0,70,0,1,0,99,w,1.221,1,1,,,,,,,,,,,,,,,,,,,,,,,,,,,,,,,,,,,,,,,,,,,,,,,,,,w,1,1.221,,,,,,,,,,,,,101,0,101,0,1,,,,,,,,,,,,,,,,,,,,,,,,,,,,,,,,,,,,,,,,,,
,,,,,,,,,,,,,,,,,107,4,2024-09-05_15h33.34.906,Symbol-E,2020.1.3,MacIntel,Safari,"Mozilla/5.0 (Macintosh; Intel Mac OS X 10_15_7) AppleWebKit/605.1.15 (KHTML, like Gecko) Version/17.6 Safari/605.1.15",60,,,,,,,,,,,,,,,,,,,,,,,,,,,,,,,,,,,,media/dgnb.png,5,1,Symb,u,CR,0,0,1,0,8,0,71,0,1,0,99,i,2.586,6,0,,,,,,,,,,,,,,,,,,,,,,,,,,,,,,,,,,,,,,,,,,,,,,,,,,i,0,2.586,,,,,,,,,,,,,102,0,102,0,1,,,,,,,,,,,,,,,,,,,,,,,,,,,,,,,,,,,,,,,,,,
,,,,,,,,,,,,,,,,,107,4,2024-09-05_15h33.34.906,Symbol-E,2020.1.3,MacIntel,Safari,"Mozilla/5.0 (Macintosh; Intel Mac OS X 10_15_7) AppleWebKit/605.1.15 (KHTML, like Gecko) Version/17.6 Safari/605.1.15",60,,,,,,,,,,,,,,,,,,,,,,,,,,,,,,,,,,,,media/dgnb.png,5,1,Symb,u,CR,0,0,1,0,8,1,71,0,1,0,99,u,0.971,5,1,,,,,,,,,,,,,,,,,,,,,,,,,,,,,,,,,,,,,,,,,,,,,,,,,,u,1,0.971,,,,,,,,,,,,,103,0,103,0,1,,,,,,,,,,,,,,,,,,,,,,,,,,,,,,,,,,,,,,,,,,
,,,,,,,,,,,,,,,,,107,4,2024-09-05_15h33.34.906,Symbol-E,2020.1.3,MacIntel,Safari,"Mozilla/5.0 (Macintosh; Intel Mac OS X 10_15_7) AppleWebKit/605.1.15 (KHTML, like Gecko) Version/17.6 Safari/605.1.15",60,,,,,,,,,,,,,,,,,,,,,,,,,,,,,,,,,,,,media/dnnb.png,6,2,Symb,i,CR,0,0,1,0,8,0,72,0,1,0,99,i,5.169,6,1,,,,,,,,,,,,,,,,,,,,,,,,,,,,,,,,,,,,,,,,,,,,,,,,,,i,1,5.169,,,,,,,,,,,,,104,0,104,0,1,,,,,,,,,,,,,,,,,,,,,,,,,,,,,,,,,,,,,,,,,,
,,,,,,,,,,,,,,,,,107,4,2024-09-05_15h33.34.906,Symbol-E,2020.1.3,MacIntel,Safari,"Mozilla/5.0 (Macintosh; Intel Mac OS X 10_15_7) AppleWebKit/605.1.15 (KHTML, like Gecko) Version/17.6 Safari/605.1.15",60,,,,,,,,,,,,,,,,,,,,,,,,,,,,,,,,,,,,media/dinb.png,3,3,Symb,f,CR,0,0,1,0,8,0,73,0,1,0,99,f,2.115,3,1,,,,,,,,,,,,,,,,,,,,,,,,,,,,,,,,,,,,,,,,,,,,,,,,,,f,1,2.115,,,,,,,,,,,,,105,0,105,0,1,,,,,,,,,,,,,,,,,,,,,,,,,,,,,,,,,,,,,,,,,,
,,,,,,,,,,,,,,,,,107,4,2024-09-05_15h33.34.906,Symbol-E,2020.1.3,MacIntel,Safari,"Mozilla/5.0 (Macintosh; Intel Mac OS X 10_15_7) AppleWebKit/605.1.15 (KHTML, like Gecko) Version/17.6 Safari/605.1.15",60,,,,,,,,,,,,,,,,,,,,,,,,,,,,,,,,,,,,media/ddnb.png,4,0,Symb,h,CR,0,0,1,0,8,0,74,0,1,0,99,h,0.953,4,1,,,,,,,,,,,,,,,,,,,,,,,,,,,,,,,,,,,,,,,,,,,,,,,,,,h,1,0.953,,,,,,,,,,,,,106,0,106,0,1,,,,,,,,,,,,,,,,,,,,,,,,,,,,,,,,,,,,,,,,,,
,,,,,,,,,,,,,,,,,107,4,2024-09-05_15h33.34.906,Symbol-E,2020.1.3,MacIntel,Safari,"Mozilla/5.0 (Macintosh; Intel Mac OS X 10_15_7) AppleWebKit/605.1.15 (KHTML, like Gecko) Version/17.6 Safari/605.1.15",60,,,,,,,,,,,,,,,,,,,,,,,,,,,,,,,,,,,,media/dmnb.png,2,2,Symb,e,CR,0,0,1,0,8,0,75,0,1,0,99,e,1.55,2,1,,,,,,,,,,,,,,,,,,,,,,,,,,,,,,,,,,,,,,,,,,,,,,,,,,e,1,1.55,,,,,,,,,,,,,107,0,107,0,1,,,,,,,,,,,,,,,,,,,,,,,,,,,,,,,,,,,,,,,,,,
,,,,,,,,,,,,,,,,,107,4,2024-09-05_15h33.34.906,Symbol-E,2020.1.3,MacIntel,Safari,"Mozilla/5.0 (Macintosh; Intel Mac OS X 10_15_7) AppleWebKit/605.1.15 (KHTML, like Gecko) Version/17.6 Safari/605.1.15",60,,,,,,,,,,,,,,,,,,,,,,,,,,,,,,,,,,,,media/djnb.png,7,3,Symb,l,CR,0,0,1,0,8,0,76,0,1,0,99,l,1.62,7,1,,,,,,,,,,,,,,,,,,,,,,,,,,,,,,,,,,,,,,,,,,,,,,,,,,l,1,1.62,,,,,,,,,,,,,108,0,108,0,1,,,,,,,,,,,,,,,,,,,,,,,,,,,,,,,,,,,,,,,,,,
,,,,,,,,,,,,,,,,,107,4,2024-09-05_15h33.34.906,Symbol-E,2020.1.3,MacIntel,Safari,"Mozilla/5.0 (Macintosh; Intel Mac OS X 10_15_7) AppleWebKit/605.1.15 (KHTML, like Gecko) Version/17.6 Safari/605.1.15",60,,,,,,,,,,,,,,,,,,,,,,,,,,,,,,,,,,,,media/dgnb.png,5,1,Symb,u,CR,0,0,1,0,8,0,77,0,1,0,99,u,4.624,5,1,,,,,,,,,,,,,,,,,,,,,,,,,,,,,,,,,,,,,,,,,,,,,,,,,,u,1,4.624,,,,,,,,,,,,,109,0,109,0,1,,,,,,,,,,,,,,,,,,,,,,,,,,,,,,,,,,,,,,,,,,
,,,,,,,,,,,,,,,,,107,4,2024-09-05_15h33.34.906,Symbol-E,2020.1.3,MacIntel,Safari,"Mozilla/5.0 (Macintosh; Intel Mac OS X 10_15_7) AppleWebKit/605.1.15 (KHTML, like Gecko) Version/17.6 Safari/605.1.15",60,,,,,,,,,,,,,,,,,,,,,,,,,,,,,,,,,,,,media/dcnb.png,0,0,Symb,a,CR,0,0,1,0,8,0,78,0,1,0,99,a,1.481,0,1,,,,,,,,,,,,,,,,,,,,,,,,,,,,,,,,,,,,,,,,,,,,,,,,,,a,1,1.481,,,,,,,,,,,,,110,0,110,0,1,,,,,,,,,,,,,,,,,,,,,,,,,,,,,,,,,,,,,,,,,,
,,,,,,,,,,,,,,,,,107,4,2024-09-05_15h33.34.906,Symbol-E,2020.1.3,MacIntel,Safari,"Mozilla/5.0 (Macintosh; Intel Mac OS X 10_15_7) AppleWebKit/605.1.15 (KHTML, like Gecko) Version/17.6 Safari/605.1.15",60,,,,,,,,,,,,,,,,,,,,,,,,,,,,,,,,,,,,media/dfnb.png,1,1,Symb,w,CR,0,0,1,0,8,0,79,0,1,0,99,w,1.242,1,1,,,,,,,,,,,,,,,,,,,,,,,,,,,,,,,,,,,,,,,,,,,,,,,,,,w,1,1.242,,,,,,,,,,,,,111,0,111,0,1,,,,,,,,,,,,,,,,,,,,,,,,,,,,,,,,,,,,,,,,,,
,,,,,,,,,,,,,,,,,107,4,2024-09-05_15h33.34.906,Symbol-E,2020.1.3,MacIntel,Safari,"Mozilla/5.0 (Macintosh; Intel Mac OS X 10_15_7) AppleWebKit/605.1.15 (KHTML, like Gecko) Version/17.6 Safari/605.1.15",60,,,,,,,,,,,,,,,,,,,,,,,,,,,,,,,,,,,,media/ddnb.png,4,0,Symb,h,CR,0,0,1,0,8,0,80,0,1,0,99,h,2.443,4,1,,,,,,,,,,,,,,,,,,,,,,,,,,,,,,,,,,,,,,,,,,,,,,,,,,h,1,2.443,,,,,,,,,,,,,112,0,112,0,1,,,,,,,,,,,,,,,,,,,,,,,,,,,,,,,,,,,,,,,,,,
,,,,,,,,,,,,,,,,,107,4,2024-09-05_15h33.34.906,Symbol-E,2020.1.3,MacIntel,Safari,"Mozilla/5.0 (Macintosh; Intel Mac OS X 10_15_7) AppleWebKit/605.1.15 (KHTML, like Gecko) Version/17.6 Safari/605.1.15",60,,,,,,,,,,,,,,,,,,,,,,,,,,,,,,,,,,,,media/djnb.png,7,3,Symb,l,CR,0,0,1,0,8,0,81,0,1,0,99,l,1.407,7,1,,,,,,,,,,,,,,,,,,,,,,,,,,,,,,,,,,,,,,,,,,,,,,,,,,l,1,1.407,,,,,,,,,,,,,113,0,113,0,1,,,,,,,,,,,,,,,,,,,,,,,,,,,,,,,,,,,,,,,,,,
,,,,,,,,,,,,,,,,,107,4,2024-09-05_15h33.34.906,Symbol-E,2020.1.3,MacIntel,Safari,"Mozilla/5.0 (Macintosh; Intel Mac OS X 10_15_7) AppleWebKit/605.1.15 (KHTML, like Gecko) Version/17.6 Safari/605.1.15",60,,,,,,,,,,,,,,,,,,,,,,,,,,,,,,,,,,,,media/dmnb.png,2,2,Symb,e,CR,0,0,1,0,8,0,82,0,1,0,99,e,1.405,2,1,,,,,,,,,,,,,,,,,,,,,,,,,,,,,,,,,,,,,,,,,,,,,,,,,,e,1,1.405,,,,,,,,,,,,,114,0,114,0,1,,,,,,,,,,,,,,,,,,,,,,,,,,,,,,,,,,,,,,,,,,
,,,,,,,,,,,,,,,,,107,4,2024-09-05_15h33.34.906,Symbol-E,2020.1.3,MacIntel,Safari,"Mozilla/5.0 (Macintosh; Intel Mac OS X 10_15_7) AppleWebKit/605.1.15 (KHTML, like Gecko) Version/17.6 Safari/605.1.15",60,,,,,,,,,,,,,,,,,,,,,,,,,,,,,,,,,,,,media/dcnb.png,0,0,Symb,a,CR,0,0,1,0,8,0,83,0,1,0,99,a,1.759,0,1,,,,,,,,,,,,,,,,,,,,,,,,,,,,,,,,,,,,,,,,,,,,,,,,,,a,1,1.759,,,,,,,,,,,,,115,0,115,0,1,,,,,,,,,,,,,,,,,,,,,,,,,,,,,,,,,,,,,,,,,,
,,,,,,,,,,,,,,,,,107,4,2024-09-05_15h33.34.906,Symbol-E,2020.1.3,MacIntel,Safari,"Mozilla/5.0 (Macintosh; Intel Mac OS X 10_15_7) AppleWebKit/605.1.15 (KHTML, like Gecko) Version/17.6 Safari/605.1.15",60,,,,,,,,,,,,,,,,,,,,,,,,,,,,,,,,,,,,media/dfnb.png,1,1,Symb,w,CR,0,0,1,0,8,0,84,0,1,0,99,w,0.987,1,1,,,,,,,,,,,,,,,,,,,,,,,,,,,,,,,,,,,,,,,,,,,,,,,,,,w,1,0.987,,,,,,,,,,,,,116,0,116,0,1,,,,,,,,,,,,,,,,,,,,,,,,,,,,,,,,,,,,,,,,,,
,,,,,,,,,,,,,,,,,107,4,2024-09-05_15h33.34.906,Symbol-E,2020.1.3,MacIntel,Safari,"Mozilla/5.0 (Macintosh; Intel Mac OS X 10_15_7) AppleWebKit/605.1.15 (KHTML, like Gecko) Version/17.6 Safari/605.1.15",60,,,,,,,,,,,,,,,,,,,,,,,,,,,,,,,,,,,,media/dgnb.png,5,1,Symb,u,CR,0,0,1,0,8,0,85,0,1,0,99,u,1.951,5,1,,,,,,,,,,,,,,,,,,,,,,,,,,,,,,,,,,,,,,,,,,,,,,,,,,u,1,1.951,,,,,,,,,,,,,117,0,117,0,1,,,,,,,,,,,,,,,,,,,,,,,,,,,,,,,,,,,,,,,,,,
,,,,,,,,,,,,,,,,,107,4,2024-09-05_15h33.34.906,Symbol-E,2020.1.3,MacIntel,Safari,"Mozilla/5.0 (Macintosh; Intel Mac OS X 10_15_7) AppleWebKit/605.1.15 (KHTML, like Gecko) Version/17.6 Safari/605.1.15",60,,,,,,,,,,,,,,,,,,,,,,,,,,,,,,,,,,,,media/dnnb.png,6,2,Symb,i,CR,0,0,1,0,8,0,86,0,1,0,99,i,1.207,6,1,,,,,,,,,,,,,,,,,,,,,,,,,,,,,,,,,,,,,,,,,,,,,,,,,,i,1,1.207,,,,,,,,,,,,,118,0,118,0,1,,,,,,,,,,,,,,,,,,,,,,,,,,,,,,,,,,,,,,,,,,
,,,,,,,,,,,,,,,,,107,4,2024-09-05_15h33.34.906,Symbol-E,2020.1.3,MacIntel,Safari,"Mozilla/5.0 (Macintosh; Intel Mac OS X 10_15_7) AppleWebKit/605.1.15 (KHTML, like Gecko) Version/17.6 Safari/605.1.15",60,,,,,,,,,,,,,,,,,,,,,,,,,,,,,,,,,,,,media/dinb.png,3,3,Symb,f,CR,0,0,1,0,8,0,87,0,1,0,99,f,3.209,3,1,,,,,,,,,,,,,,,,,,,,,,,,,,,,,,,,,,,,,,,,,,,,,,,,,,f,1,3.209,,,,,,,,,,,,,119,0,119,0,1,,,,,,,,,,,,,,,,,,,,,,,,,,,,,,,,,,,,,,,,,,
,,,,,,,,,,,,,,,,,107,4,2024-09-05_15h33.34.906,Symbol-E,2020.1.3,MacIntel,Safari,"Mozilla/5.0 (Macintosh; Intel Mac OS X 10_15_7) AppleWebKit/605.1.15 (KHTML, like Gecko) Version/17.6 Safari/605.1.15",60,,,,,,,,,,,,,,,,,,,,,,,,,,,,,,,,,,,,media/dmnb.png,2,2,Symb,e,CR,0,0,1,0,8,0,88,0,1,0,99,e,1.249,2,1,,,,,,,,,,,,,,,,,,,,,,,,,,,,,,,,,,,,,,,,,,,,,,,,,,e,1,1.249,,,,,,,,,,,,,120,0,120,0,1,,,,,,,,,,,,,,,,,,,,,,,,,,,,,,,,,,,,,,,,,,
,,,,,,,,,,,,,,,,,107,4,2024-09-05_15h33.34.906,Symbol-E,2020.1.3,MacIntel,Safari,"Mozilla/5.0 (Macintosh; Intel Mac OS X 10_15_7) AppleWebKit/605.1.15 (KHTML, like Gecko) Version/17.6 Safari/605.1.15",60,,,,,,,,,,,,,,,,,,,,,,,,,,,,,,,,,,,,media/dcnb.png,0,0,Symb,a,CR,0,0,1,0,8,0,89,0,1,0,99,a,0.738,0,1,,,,,,,,,,,,,,,,,,,,,,,,,,,,,,,,,,,,,,,,,,,,,,,,,,a,1,0.738,,,,,,,,,,,,,121,0,121,0,1,,,,,,,,,,,,,,,,,,,,,,,,,,,,,,,,,,,,,,,,,,
,,,,,,,,,,,,,,,,,107,4,2024-09-05_15h33.34.906,Symbol-E,2020.1.3,MacIntel,Safari,"Mozilla/5.0 (Macintosh; Intel Mac OS X 10_15_7) AppleWebKit/605.1.15 (KHTML, like Gecko) Version/17.6 Safari/605.1.15",60,,,,,,,,,,,,,,,,,,,,,,,,,,,,,,,,,,,,media/dgnb.png,5,1,Symb,u,CR,0,0,1,0,8,0,90,0,1,0,99,u,2.249,5,1,,,,,,,,,,,,,,,,,,,,,,,,,,,,,,,,,,,,,,,,,,,,,,,,,,u,1,2.249,,,,,,,,,,,,,122,0,122,0,1,,,,,,,,,,,,,,,,,,,,,,,,,,,,,,,,,,,,,,,,,,
,,,,,,,,,,,,,,,,,107,4,2024-09-05_15h33.34.906,Symbol-E,2020.1.3,MacIntel,Safari,"Mozilla/5.0 (Macintosh; Intel Mac OS X 10_15_7) AppleWebKit/605.1.15 (KHTML, like Gecko) Version/17.6 Safari/605.1.15",60,,,,,,,,,,,,,,,,,,,,,,,,,,,,,,,,,,,,media/djnb.png,7,3,Symb,l,CR,0,0,1,0,8,0,91,0,1,0,99,l,1.341,7,1,,,,,,,,,,,,,,,,,,,,,,,,,,,,,,,,,,,,,,,,,,,,,,,,,,l,1,1.341,,,,,,,,,,,,,123,0,123,0,1,,,,,,,,,,,,,,,,,,,,,,,,,,,,,,,,,,,,,,,,,,
,,,,,,,,,,,,,,,,,107,4,2024-09-05_15h33.34.906,Symbol-E,2020.1.3,MacIntel,Safari,"Mozilla/5.0 (Macintosh; Intel Mac OS X 10_15_7) AppleWebKit/605.1.15 (KHTML, like Gecko) Version/17.6 Safari/605.1.15",60,,,,,,,,,,,,,,,,,,,,,,,,,,,,,,,,,,,,media/dfnb.png,1,1,Symb,w,CR,0,0,1,0,8,0,92,0,1,0,99,w,1.004,1,1,,,,,,,,,,,,,,,,,,,,,,,,,,,,,,,,,,,,,,,,,,,,,,,,,,w,1,1.004,,,,,,,,,,,,,124,0,124,0,1,,,,,,,,,,,,,,,,,,,,,,,,,,,,,,,,,,,,,,,,,,
,,,,,,,,,,,,,,,,,107,4,2024-09-05_15h33.34.906,Symbol-E,2020.1.3,MacIntel,Safari,"Mozilla/5.0 (Macintosh; Intel Mac OS X 10_15_7) AppleWebKit/605.1.15 (KHTML, like Gecko) Version/17.6 Safari/605.1.15",60,,,,,,,,,,,,,,,,,,,,,,,,,,,,,,,,,,,,media/dinb.png,3,3,Symb,f,CR,0,0,1,0,8,0,93,0,1,0,99,f,2.083,3,1,,,,,,,,,,,,,,,,,,,,,,,,,,,,,,,,,,,,,,,,,,,,,,,,,,f,1,2.083,,,,,,,,,,,,,125,0,125,0,1,,,,,,,,,,,,,,,,,,,,,,,,,,,,,,,,,,,,,,,,,,
,,,,,,,,,,,,,,,,,107,4,2024-09-05_15h33.34.906,Symbol-E,2020.1.3,MacIntel,Safari,"Mozilla/5.0 (Macintosh; Intel Mac OS X 10_15_7) AppleWebKit/605.1.15 (KHTML, like Gecko) Version/17.6 Safari/605.1.15",60,,,,,,,,,,,,,,,,,,,,,,,,,,,,,,,,,,,,media/ddnb.png,4,0,Symb,h,CR,0,0,1,0,8,0,94,0,1,0,99,h,1.183,4,1,,,,,,,,,,,,,,,,,,,,,,,,,,,,,,,,,,,,,,,,,,,,,,,,,,h,1,1.183,,,,,,,,,,,,,126,0,126,0,1,,,,,,,,,,,,,,,,,,,,,,,,,,,,,,,,,,,,,,,,,,
,,,,,,,,,,,,,,,,,107,4,2024-09-05_15h33.34.906,Symbol-E,2020.1.3,MacIntel,Safari,"Mozilla/5.0 (Macintosh; Intel Mac OS X 10_15_7) AppleWebKit/605.1.15 (KHTML, like Gecko) Version/17.6 Safari/605.1.15",60,,,,,,,,,,,,,,,,,,,,,,,,,,,,,,,,,,,,media/dnnb.png,6,2,Symb,i,CR,0,0,1,0,8,0,95,0,1,0,99,i,1.337,6,1,,,,,,,,,,,,,,,,,,,,,,,,,,,,,,,,,,,,,,,,,,,,,,,,,,i,1,1.337,,,,,,,,,,,,,127,0,127,0,1,,,,,,,,,,,,,,,,,,,,,,,,,,,,,,,,,,,,,,,,,,
,,,,,,,,,,,,,,,,,107,4,2024-09-05_15h33.34.906,Symbol-E,2020.1.3,MacIntel,Safari,"Mozilla/5.0 (Macintosh; Intel Mac OS X 10_15_7) AppleWebKit/605.1.15 (KHTML, like Gecko) Version/17.6 Safari/605.1.15",60,,,,,,,,,,,,,,,,,,,,,,,,,,,,,,,,,,,,media/ddnb.png,4,0,Symb,h,CR,0,0,1,0,8,0,96,0,1,0,99,h,1.236,4,1,,,,,,,,,,,,,,,,,,,,,,,,,,,,,,,,,,,,,,,,,,,,,,,,,,h,1,1.236,,,,,,,,,,,,,128,0,128,0,1,,,,,,,,,,,,,,,,,,,,,,,,,,,,,,,,,,,,,,,,,,
,,,,,,,,,,,,,,,,,107,4,2024-09-05_15h33.34.906,Symbol-E,2020.1.3,MacIntel,Safari,"Mozilla/5.0 (Macintosh; Intel Mac OS X 10_15_7) AppleWebKit/605.1.15 (KHTML, like Gecko) Version/17.6 Safari/605.1.15",60,,,,,,,,,,,,,,,,,,,,,,,,,,,,,,,,,,,,media/djnb.png,7,3,Symb,l,CR,0,0,1,0,8,0,97,0,1,0,99,l,1.325,7,1,,,,,,,,,,,,,,,,,,,,,,,,,,,,,,,,,,,,,,,,,,,,,,,,,,l,1,1.325,,,,,,,,,,,,,129,0,129,0,1,,,,,,,,,,,,,,,,,,,,,,,,,,,,,,,,,,,,,,,,,,
,,,,,,,,,,,,,,,,,107,4,2024-09-05_15h33.34.906,Symbol-E,2020.1.3,MacIntel,Safari,"Mozilla/5.0 (Macintosh; Intel Mac OS X 10_15_7) AppleWebKit/605.1.15 (KHTML, like Gecko) Version/17.6 Safari/605.1.15",60,,,,,,,,,,,,,,,,,,,,,,,,,,,,,,,,,,,,media/dgnb.png,5,1,Symb,u,CR,0,0,1,0,8,0,98,0,1,0,99,u,2.134,5,1,,,,,,,,,,,,,,,,,,,,,,,,,,,,,,,,,,,,,,,,,,,,,,,,,,u,1,2.134,,,,,,,,,,,,,130,0,130,0,1,,,,,,,,,,,,,,,,,,,,,,,,,,,,,,,,,,,,,,,,,,
,,,,,,,,,,,,,,,,,107,4,2024-09-05_15h33.34.906,Symbol-E,2020.1.3,MacIntel,Safari,"Mozilla/5.0 (Macintosh; Intel Mac OS X 10_15_7) AppleWebKit/605.1.15 (KHTML, like Gecko) Version/17.6 Safari/605.1.15",60,,,,,,,,,,,,,,,,,,,,,,,,,,,,,,,,,,,,media/dinb.png,3,3,Symb,f,CR,0,0,1,0,8,0,99,0,1,0,99,f,2.771,3,1,,,,,,,,,,,,,,,,,,,,,,,,,,,,,,,,,,,,,,,,,,,,,,,,,,f,1,2.771,,,,,,,,,,,,,131,0,131,0,1,,,,,,,,,,,,,,,,,,,,,,,,,,,,,,,,,,,,,,,,,,
,,,,,,,,,,,,,,,,,107,4,2024-09-05_15h33.34.906,Symbol-E,2020.1.3,MacIntel,Safari,"Mozilla/5.0 (Macintosh; Intel Mac OS X 10_15_7) AppleWebKit/605.1.15 (KHTML, like Gecko) Version/17.6 Safari/605.1.15",60,,,,,,,,,,,,,,,,,,,,,,,,,,,,,,,,,,,,media/dmnb.png,2,2,Symb,e,CR,0,0,1,0,8,0,100,0,1,0,99,e,1.058,2,1,,,,,,,,,,,,,,,,,,,,,,,,,,,,,,,,,,,,,,,,,,,,,,,,,,e,1,1.058,,,,,,,,,,,,,132,0,132,0,1,,,,,,,,,,,,,,,,,,,,,,,,,,,,,,,,,,,,,,,,,,
,,,,,,,,,,,,,,,,,107,4,2024-09-05_15h33.34.906,Symbol-E,2020.1.3,MacIntel,Safari,"Mozilla/5.0 (Macintosh; Intel Mac OS X 10_15_7) AppleWebKit/605.1.15 (KHTML, like Gecko) Version/17.6 Safari/605.1.15",60,,,,,,,,,,,,,,,,,,,,,,,,,,,,,,,,,,,,media/dcnb.png,0,0,Symb,a,CR,0,0,1,0,8,0,101,0,1,0,99,a,1.585,0,1,,,,,,,,,,,,,,,,,,,,,,,,,,,,,,,,,,,,,,,,,,,,,,,,,,a,1,1.585,,,,,,,,,,,,,133,0,133,0,1,,,,,,,,,,,,,,,,,,,,,,,,,,,,,,,,,,,,,,,,,,
,,,,,,,,,,,,,,,,,107,4,2024-09-05_15h33.34.906,Symbol-E,2020.1.3,MacIntel,Safari,"Mozilla/5.0 (Macintosh; Intel Mac OS X 10_15_7) AppleWebKit/605.1.15 (KHTML, like Gecko) Version/17.6 Safari/605.1.15",60,,,,,,,,,,,,,,,,,,,,,,,,,,,,,,,,,,,,media/dmnb.png,2,2,Symb,e,CR,0,0,1,0,8,0,102,0,1,0,99,e,1.388,2,1,,,,,,,,,,,,,,,,,,,,,,,,,,,,,,,,,,,,,,,,,,,,,,,,,,e,1,1.388,,,,,,,,,,,,,134,0,134,0,1,,,,,,,,,,,,,,,,,,,,,,,,,,,,,,,,,,,,,,,,,,
,,,,,,,,,,,,,,,,,107,4,2024-09-05_15h33.34.906,Symbol-E,2020.1.3,MacIntel,Safari,"Mozilla/5.0 (Macintosh; Intel Mac OS X 10_15_7) AppleWebKit/605.1.15 (KHTML, like Gecko) Version/17.6 Safari/605.1.15",60,,,,,,,,,,,,,,,,,,,,,,,,,,,,,,,,,,,,media/djnb.png,7,3,Symb,l,CR,0,0,1,0,8,0,103,0,1,0,99,l,1.356,7,1,,,,,,,,,,,,,,,,,,,,,,,,,,,,,,,,,,,,,,,,,,,,,,,,,,l,1,1.356,,,,,,,,,,,,,135,0,135,0,1,,,,,,,,,,,,,,,,,,,,,,,,,,,,,,,,,,,,,,,,,,
,,,,,,,,,,,,,,,,,107,4,2024-09-05_15h33.34.906,Symbol-E,2020.1.3,MacIntel,Safari,"Mozilla/5.0 (Macintosh; Intel Mac OS X 10_15_7) AppleWebKit/605.1.15 (KHTML, like Gecko) Version/17.6 Safari/605.1.15",60,,,,,,,,,,,,,,,,,,,,,,,,,,,,,,,,,,,,media/dfnb.png,1,1,Symb,w,CR,0,0,1,0,8,0,104,0,1,0,99,w,1.487,1,1,,,,,,,,,,,,,,,,,,,,,,,,,,,,,,,,,,,,,,,,,,,,,,,,,,w,1,1.487,,,,,,,,,,,,,136,0,136,0,1,,,,,,,,,,,,,,,,,,,,,,,,,,,,,,,,,,,,,,,,,,
,,,,,,,,,,,,,,,,,107,4,2024-09-05_15h33.34.906,Symbol-E,2020.1.3,MacIntel,Safari,"Mozilla/5.0 (Macintosh; Intel Mac OS X 10_15_7) AppleWebKit/605.1.15 (KHTML, like Gecko) Version/17.6 Safari/605.1.15",60,,,,,,,,,,,,,,,,,,,,,,,,,,,,,,,,,,,,media/dgnb.png,5,1,Symb,u,CR,0,0,1,0,8,0,105,0,1,0,99,u,2.27,5,1,,,,,,,,,,,,,,,,,,,,,,,,,,,,,,,,,,,,,,,,,,,,,,,,,,u,1,2.27,,,,,,,,,,,,,137,0,137,0,1,,,,,,,,,,,,,,,,,,,,,,,,,,,,,,,,,,,,,,,,,,
,,,,,,,,,,,,,,,,,107,4,2024-09-05_15h33.34.906,Symbol-E,2020.1.3,MacIntel,Safari,"Mozilla/5.0 (Macintosh; Intel Mac OS X 10_15_7) AppleWebKit/605.1.15 (KHTML, like Gecko) Version/17.6 Safari/605.1.15",60,,,,,,,,,,,,,,,,,,,,,,,,,,,,,,,,,,,,,,,,,,,,,,,,,,,,,,,,,,,,,,,,,,,,,,,,,,,,,,,,,,,,,,,,,,,,,,,,,,,,,,,,,,,,,,,,,,,,,,,,,,,,,,0,0,0,0,1,,,,,,,,,,,,,,,,,,,,,,,,,,,,,,,,,,,,,
,,,,,,,,,,,,,,,,,107,4,2024-09-05_15h33.34.906,Symbol-E,2020.1.3,MacIntel,Safari,"Mozilla/5.0 (Macintosh; Intel Mac OS X 10_15_7) AppleWebKit/605.1.15 (KHTML, like Gecko) Version/17.6 Safari/605.1.15",60,,,,,,,,,,,,,,,,,,,,,,,,,,,,,,,,,,,,,,,,,,,,,,,,,,,,,,,,,,,,,,,,,,,,,,,,,,,,,,,,,,,,,,,,,,,,,,,,,,,,,,,,,,,,,,,,,,,,,,,,,,,,,,,,,,,0,0,0,0,1,,,,,,,,,,,,,,,,,,,,,,,,,,,,,,,,
,,,,,,,,,,,,,,,,,107,4,2024-09-05_15h33.34.906,Symbol-E,2020.1.3,MacIntel,Safari,"Mozilla/5.0 (Macintosh; Intel Mac OS X 10_15_7) AppleWebKit/605.1.15 (KHTML, like Gecko) Version/17.6 Safari/605.1.15",60,,,,,,,,,,,,,,,,,,,,,,,,,,,,,,,,,,,,media/dfnb.png,1,1,Symb,w,TR,0,0,1,0,8,0,0,0,1,1,0.816135672,a,99,8,0,,,,,,,,,,,,,,,,h,1.422,,,,,,,,,,,,,,h,0.621,,,,,,,,,,,,,,,,,,,,,,,,,,,,,,,,,,,,,,,,,,,,,,,,h,14.689,,0,0,0,0,0,1,,,,,,,,,,,,,,,,,,,,,,,
,,,,,,,,,,,,,,,,,107,4,2024-09-05_15h33.34.906,Symbol-E,2020.1.3,MacIntel,Safari,"Mozilla/5.0 (Macintosh; Intel Mac OS X 10_15_7) AppleWebKit/605.1.15 (KHTML, like Gecko) Version/17.6 Safari/605.1.15",60,,,,,,,,,,,,,,,,,,,,,,,,,,,,,,,,,,,,,,,,,,,,,,,,,,,,,,,,,,,,,,,,,,,,,,,,,,,,,,,,,,,,,,,,,,,,,,,,,,,,,,,,,,,,,,,,,,,,,,,,,,,,,,,,,,,,,,,,,,,,,,,,,0,0,0,0,1,,,,,,,,,,,,,,,,,,
,,,,,,,,,,,,,,,,,107,4,2024-09-05_15h33.34.906,Symbol-E,2020.1.3,MacIntel,Safari,"Mozilla/5.0 (Macintosh; Intel Mac OS X 10_15_7) AppleWebKit/605.1.15 (KHTML, like Gecko) Version/17.6 Safari/605.1.15",60,,,,,,,,,,,,,,,,,,,,,,,,,,,,,,,,,,,,media/dnnb.png,6,2,Symb,i,TR,0,0,1,0,8,0,1,0,1,1,1.038332849,i,1.037,6,1,,,,,,,,,,,,,,,,,,,,,,,,,,,,,,,,,,,,,,,,,,,,,,,,,,,,,,,,,,,,,,,,,,,,,,,,,,,,,,,,,,i,1,,,,,,,,,,,1.037,0,0,0,0,1,,,,,,,,,,,,
,,,,,,,,,,,,,,,,,107,4,2024-09-05_15h33.34.906,Symbol-E,2020.1.3,MacIntel,Safari,"Mozilla/5.0 (Macintosh; Intel Mac OS X 10_15_7) AppleWebKit/605.1.15 (KHTML, like Gecko) Version/17.6 Safari/605.1.15",60,,,,,,,,,,,,,,,,,,,,,,,,,,,,,,,,,,,,,,,,,,,,,,,,,,,,,,,,,,,,,,,,,,,,,,,,,,,,,,,,,,,,,,,,,,,,,,,,,,,,,,,,,,,,,,,,,,,,,,,,,,,,,,,,,,,,,,,,,,,,,,,,,1,0,1,0,1,,,,,,,,,,,,,,,,,,
,,,,,,,,,,,,,,,,,107,4,2024-09-05_15h33.34.906,Symbol-E,2020.1.3,MacIntel,Safari,"Mozilla/5.0 (Macintosh; Intel Mac OS X 10_15_7) AppleWebKit/605.1.15 (KHTML, like Gecko) Version/17.6 Safari/605.1.15",60,,,,,,,,,,,,,,,,,,,,,,,,,,,,,,,,,,,,media/dinb.png,3,3,Symb,f,TR,0,0,1,0,8,0,2,0,1,1,0.434429188,a,99,8,0,,,,,,,,,,,,,,,,,,,,,,,,,,,,,,,l,1.136,,,,,,,,,,,,,,,,,,,,,,,,,,,,,,,,,,,,,,,,,,,,,,,,,,,0,0,0,0,0,1,,,,,,,,,,,,,,,,,,,,,,,
,,,,,,,,,,,,,,,,,107,4,2024-09-05_15h33.34.906,Symbol-E,2020.1.3,MacIntel,Safari,"Mozilla/5.0 (Macintosh; Intel Mac OS X 10_15_7) AppleWebKit/605.1.15 (KHTML, like Gecko) Version/17.6 Safari/605.1.15",60,,,,,,,,,,,,,,,,,,,,,,,,,,,,,,,,,,,,,,,,,,,,,,,,,,,,,,,,,,,,,,,,,,,,,,,,,,,,,,,,,,,,,,,,,,,,,,,,,,,,,,,,,,,,,,,,,,,,,,,,,,,,,,,,,,,,,,,,,,,,,,,,,2,0,2,0,1,,,,,,,,,,,,,,,,,,
,,,,,,,,,,,,,,,,,107,4,2024-09-05_15h33.34.906,Symbol-E,2020.1.3,MacIntel,Safari,"Mozilla/5.0 (Macintosh; Intel Mac OS X 10_15_7) AppleWebKit/605.1.15 (KHTML, like Gecko) Version/17.6 Safari/605.1.15",60,,,,,,,,,,,,,,,,,,,,,,,,,,,,,,,,,,,,media/dcnb.png,0,0,Symb,a,TR,0,0,1,0,8,0,3,0,1,1,0.630285405,a,1.31,0,1,,,,,,,,,,,,,,,,,,,,,,,,,,,,,,,,,,,,,,,,,,,,,,,,,,,,,,,,,,,,,,,,,,,,,,,,,,,,,,,,,,a,1,,,,,,,,,,,1.31,0,0,0,0,1,,,,,,,,,,,,
,,,,,,,,,,,,,,,,,107,4,2024-09-05_15h33.34.906,Symbol-E,2020.1.3,MacIntel,Safari,"Mozilla/5.0 (Macintosh; Intel Mac OS X 10_15_7) AppleWebKit/605.1.15 (KHTML, like Gecko) Version/17.6 Safari/605.1.15",60,,,,,,,,,,,,,,,,,,,,,,,,,,,,,,,,,,,,,,,,,,,,,,,,,,,,,,,,,,,,,,,,,,,,,,,,,,,,,,,,,,,,,,,,,,,,,,,,,,,,,,,,,,,,,,,,,,,,,,,,,,,,,,,,,,,,,,,,,,,,,,,,,3,0,3,0,1,,,,,,,,,,,,,,,,,,
,,,,,,,,,,,,,,,,,107,4,2024-09-05_15h33.34.906,Symbol-E,2020.1.3,MacIntel,Safari,"Mozilla/5.0 (Macintosh; Intel Mac OS X 10_15_7) AppleWebKit/605.1.15 (KHTML, like Gecko) Version/17.6 Safari/605.1.15",60,,,,,,,,,,,,,,,,,,,,,,,,,,,,,,,,,,,,media/ddnb.png,4,0,Symb,h,TR,0,0,1,0,8,0,4,0,1,1,0.201742298,e,1.318,2,0,,,,,,,,,,,,,,,,,,,,,,,,,,,,,,,,,,,,,,,,,,,,,,,,,,,,,,,,,,,,,,,,,,,,,,,,,,,,,,,,,,e,0,,,,,,,,,,,1.318,0,0,0,0,1,,,,,,,,,,,,
,,,,,,,,,,,,,,,,,107,4,2024-09-05_15h33.34.906,Symbol-E,2020.1.3,MacIntel,Safari,"Mozilla/5.0 (Macintosh; Intel Mac OS X 10_15_7) AppleWebKit/605.1.15 (KHTML, like Gecko) Version/17.6 Safari/605.1.15",60,,,,,,,,,,,,,,,,,,,,,,,,,,,,,,,,,,,,,,,,,,,,,,,,,,,,,,,,,,,,,,,,,,,,,,,,,,,,,,,,,,,,,,,,,,,,,,,,,,,,,,,,,,,,,,,,,,,,,,,,,,,,,,,,,,,,,,,,,,,,,,,,,4,0,4,0,1,,,,,,,,,,,,,,,,,,
,,,,,,,,,,,,,,,,,107,4,2024-09-05_15h33.34.906,Symbol-E,2020.1.3,MacIntel,Safari,"Mozilla/5.0 (Macintosh; Intel Mac OS X 10_15_7) AppleWebKit/605.1.15 (KHTML, like Gecko) Version/17.6 Safari/605.1.15",60,,,,,,,,,,,,,,,,,,,,,,,,,,,,,,,,,,,,media/dinb.png,3,3,Symb,f,TR,0,0,1,0,8,0,5,0,1,1,1.115817517,h,1.343,4,0,,,,,,,,,,,,,,,,,,,,,,,,,,,,,,,,,,,,,,,,,,,,,,,,,,,,,,,,,,,,,,,,,,,,,,,,,,,,,,,,,,h,0,,,,,,,,,,,1.343,0,0,0,0,1,,,,,,,,,,,,
,,,,,,,,,,,,,,,,,107,4,2024-09-05_15h33.34.906,Symbol-E,2020.1.3,MacIntel,Safari,"Mozilla/5.0 (Macintosh; Intel Mac OS X 10_15_7) AppleWebKit/605.1.15 (KHTML, like Gecko) Version/17.6 Safari/605.1.15",60,,,,,,,,,,,,,,,,,,,,,,,,,,,,,,,,,,,,,,,,,,,,,,,,,,,,,,,,,,,,,,,,,,,,,,,,,,,,,,,,,,,,,,,,,,,,,,,,,,,,,,,,,,,,,,,,,,,,,,,,,,,,,,,,,,,,,,,,,,,,,,,,,5,0,5,0,1,,,,,,,,,,,,,,,,,,
,,,,,,,,,,,,,,,,,107,4,2024-09-05_15h33.34.906,Symbol-E,2020.1.3,MacIntel,Safari,"Mozilla/5.0 (Macintosh; Intel Mac OS X 10_15_7) AppleWebKit/605.1.15 (KHTML, like Gecko) Version/17.6 Safari/605.1.15",60,,,,,,,,,,,,,,,,,,,,,,,,,,,,,,,,,,,,media/dmnb.png,2,2,Symb,e,TR,0,0,1,0,8,0,6,0,1,1,0.845614905,e,1.203,2,1,,,,,,,,,,,,,,,,,,,,,,,,,,,,,,,,,,,,,,,,,,,,,,,,,,,,,,,,,,,,,,,,,,,,,,,,,,,,,,,,,,e,1,,,,,,,,,,,1.203,0,0,0,0,1,,,,,,,,,,,,
,,,,,,,,,,,,,,,,,107,4,2024-09-05_15h33.34.906,Symbol-E,2020.1.3,MacIntel,Safari,"Mozilla/5.0 (Macintosh; Intel Mac OS X 10_15_7) AppleWebKit/605.1.15 (KHTML, like Gecko) Version/17.6 Safari/605.1.15",60,,,,,,,,,,,,,,,,,,,,,,,,,,,,,,,,,,,,,,,,,,,,,,,,,,,,,,,,,,,,,,,,,,,,,,,,,,,,,,,,,,,,,,,,,,,,,,,,,,,,,,,,,,,,,,,,,,,,,,,,,,,,,,,,,,,,,,,,,,,,,,,,,6,0,6,0,1,,,,,,,,,,,,,,,,,,
,,,,,,,,,,,,,,,,,107,4,2024-09-05_15h33.34.906,Symbol-E,2020.1.3,MacIntel,Safari,"Mozilla/5.0 (Macintosh; Intel Mac OS X 10_15_7) AppleWebKit/605.1.15 (KHTML, like Gecko) Version/17.6 Safari/605.1.15",60,,,,,,,,,,,,,,,,,,,,,,,,,,,,,,,,,,,,media/dnnb.png,6,2,Symb,i,TR,0,0,1,0,8,0,7,0,1,1,0.799372986,i,1.352,6,1,,,,,,,,,,,,,,,,,,,,,,,,,,,,,,,,,,,,,,,,,,,,,,,,,,,,,,,,,,,,,,,,,,,,,,,,,,,,,,,,,,i,1,,,,,,,,,,,1.352,0,0,0,0,1,,,,,,,,,,,,
,,,,,,,,,,,,,,,,,107,4,2024-09-05_15h33.34.906,Symbol-E,2020.1.3,MacIntel,Safari,"Mozilla/5.0 (Macintosh; Intel Mac OS X 10_15_7) AppleWebKit/605.1.15 (KHTML, like Gecko) Version/17.6 Safari/605.1.15",60,,,,,,,,,,,,,,,,,,,,,,,,,,,,,,,,,,,,,,,,,,,,,,,,,,,,,,,,,,,,,,,,,,,,,,,,,,,,,,,,,,,,,,,,,,,,,,,,,,,,,,,,,,,,,,,,,,,,,,,,,,,,,,,,,,,,,,,,,,,,,,,,,7,0,7,0,1,,,,,,,,,,,,,,,,,,
,,,,,,,,,,,,,,,,,107,4,2024-09-05_15h33.34.906,Symbol-E,2020.1.3,MacIntel,Safari,"Mozilla/5.0 (Macintosh; Intel Mac OS X 10_15_7) AppleWebKit/605.1.15 (KHTML, like Gecko) Version/17.6 Safari/605.1.15",60,,,,,,,,,,,,,,,,,,,,,,,,,,,,,,,,,,,,media/djnb.png,7,3,Symb,l,TR,0,0,1,0,8,0,8,0,1,1,0.286386298,e,1.386,2,0,,,,,,,,,,,,,,,,,,,,,,,,,,,,,,,,,,,,,,,,,,,,,,,,,,,,,,,,,,,,,,,,,,,,,,,,,,,,,,,,,,e,0,,,,,,,,,,,1.386,0,0,0,0,1,,,,,,,,,,,,
,,,,,,,,,,,,,,,,,107,4,2024-09-05_15h33.34.906,Symbol-E,2020.1.3,MacIntel,Safari,"Mozilla/5.0 (Macintosh; Intel Mac OS X 10_15_7) AppleWebKit/605.1.15 (KHTML, like Gecko) Version/17.6 Safari/605.1.15",60,,,,,,,,,,,,,,,,,,,,,,,,,,,,,,,,,,,,,,,,,,,,,,,,,,,,,,,,,,,,,,,,,,,,,,,,,,,,,,,,,,,,,,,,,,,,,,,,,,,,,,,,,,,,,,,,,,,,,,,,,,,,,,,,,,,,,,,,,,,,,,,,,8,0,8,0,1,,,,,,,,,,,,,,,,,,
,,,,,,,,,,,,,,,,,107,4,2024-09-05_15h33.34.906,Symbol-E,2020.1.3,MacIntel,Safari,"Mozilla/5.0 (Macintosh; Intel Mac OS X 10_15_7) AppleWebKit/605.1.15 (KHTML, like Gecko) Version/17.6 Safari/605.1.15",60,,,,,,,,,,,,,,,,,,,,,,,,,,,,,,,,,,,,media/dmnb.png,2,2,Symb,e,TR,0,0,1,0,8,0,9,0,1,1,0.16990412,w,1.406,1,0,,,,,,,,,,,,,,,,,,,,,,,,,,,,,,,,,,,,,,,,,,,,,,,,,,,,,,,,,,,,,,,,,,,,,,,,,,,,,,,,,,w,0,,,,,,,,,,,1.406,0,0,0,0,1,,,,,,,,,,,,
,,,,,,,,,,,,,,,,,107,4,2024-09-05_15h33.34.906,Symbol-E,2020.1.3,MacIntel,Safari,"Mozilla/5.0 (Macintosh; Intel Mac OS X 10_15_7) AppleWebKit/605.1.15 (KHTML, like Gecko) Version/17.6 Safari/605.1.15",60,,,,,,,,,,,,,,,,,,,,,,,,,,,,,,,,,,,,,,,,,,,,,,,,,,,,,,,,,,,,,,,,,,,,,,,,,,,,,,,,,,,,,,,,,,,,,,,,,,,,,,,,,,,,,,,,,,,,,,,,,,,,,,,,,,,,,,,,,,,,,,,,,9,0,9,0,1,,,,,,,,,,,,,,,,,,
,,,,,,,,,,,,,,,,,107,4,2024-09-05_15h33.34.906,Symbol-E,2020.1.3,MacIntel,Safari,"Mozilla/5.0 (Macintosh; Intel Mac OS X 10_15_7) AppleWebKit/605.1.15 (KHTML, like Gecko) Version/17.6 Safari/605.1.15",60,,,,,,,,,,,,,,,,,,,,,,,,,,,,,,,,,,,,media/ddnb.png,4,0,Symb,h,TR,0,0,1,0,8,0,10,0,1,1,0.96940464,h,1.321,4,1,,,,,,,,,,,,,,,,,,,,,,,,,,,,,,,,,,,,,,,,,,,,,,,,,,,,,,,,,,,,,,,,,,,,,,,,,,,,,,,,,,h,1,,,,,,,,,,,1.321,0,0,0,0,1,,,,,,,,,,,,
,,,,,,,,,,,,,,,,,107,4,2024-09-05_15h33.34.906,Symbol-E,2020.1.3,MacIntel,Safari,"Mozilla/5.0 (Macintosh; Intel Mac OS X 10_15_7) AppleWebKit/605.1.15 (KHTML, like Gecko) Version/17.6 Safari/605.1.15",60,,,,,,,,,,,,,,,,,,,,,,,,,,,,,,,,,,,,,,,,,,,,,,,,,,,,,,,,,,,,,,,,,,,,,,,,,,,,,,,,,,,,,,,,,,,,,,,,,,,,,,,,,,,,,,,,,,,,,,,,,,,,,,,,,,,,,,,,,,,,,,,,,10,0,10,0,1,,,,,,,,,,,,,,,,,,
,,,,,,,,,,,,,,,,,107,4,2024-09-05_15h33.34.906,Symbol-E,2020.1.3,MacIntel,Safari,"Mozilla/5.0 (Macintosh; Intel Mac OS X 10_15_7) AppleWebKit/605.1.15 (KHTML, like Gecko) Version/17.6 Safari/605.1.15",60,,,,,,,,,,,,,,,,,,,,,,,,,,,,,,,,,,,,media/dgnb.png,5,1,Symb,u,TR,0,0,1,0,8,0,11,0,1,1,1.178929408,l,1.301,7,0,,,,,,,,,,,,,,,,,,,,,,,,,,,,,,,,,,,,,,,,,,,,,,,,,,,,,,,,,,,,,,,,,,,,,,,,,,,,,,,,,,l,0,,,,,,,,,,,1.301,0,0,0,0,1,,,,,,,,,,,,
,,,,,,,,,,,,,,,,,107,4,2024-09-05_15h33.34.906,Symbol-E,2020.1.3,MacIntel,Safari,"Mozilla/5.0 (Macintosh; Intel Mac OS X 10_15_7) AppleWebKit/605.1.15 (KHTML, like Gecko) Version/17.6 Safari/605.1.15",60,,,,,,,,,,,,,,,,,,,,,,,,,,,,,,,,,,,,,,,,,,,,,,,,,,,,,,,,,,,,,,,,,,,,,,,,,,,,,,,,,,,,,,,,,,,,,,,,,,,,,,,,,,,,,,,,,,,,,,,,,,,,,,,,,,,,,,,,,,,,,,,,,11,0,11,0,1,,,,,,,,,,,,,,,,,,
,,,,,,,,,,,,,,,,,107,4,2024-09-05_15h33.34.906,Symbol-E,2020.1.3,MacIntel,Safari,"Mozilla/5.0 (Macintosh; Intel Mac OS X 10_15_7) AppleWebKit/605.1.15 (KHTML, like Gecko) Version/17.6 Safari/605.1.15",60,,,,,,,,,,,,,,,,,,,,,,,,,,,,,,,,,,,,media/djnb.png,7,3,Symb,l,TR,0,0,1,0,8,0,12,0,1,1,1.09703772,f,1.371,3,0,,,,,,,,,,,,,,,,,,,,,,,,,,,,,,,,,,,,,,,,,,,,,,,,,,,,,,,,,,,,,,,,,,,,,,,,,,,,,,,,,,f,0,,,,,,,,,,,1.371,0,0,0,0,1,,,,,,,,,,,,
,,,,,,,,,,,,,,,,,107,4,2024-09-05_15h33.34.906,Symbol-E,2020.1.3,MacIntel,Safari,"Mozilla/5.0 (Macintosh; Intel Mac OS X 10_15_7) AppleWebKit/605.1.15 (KHTML, like Gecko) Version/17.6 Safari/605.1.15",60,,,,,,,,,,,,,,,,,,,,,,,,,,,,,,,,,,,,,,,,,,,,,,,,,,,,,,,,,,,,,,,,,,,,,,,,,,,,,,,,,,,,,,,,,,,,,,,,,,,,,,,,,,,,,,,,,,,,,,,,,,,,,,,,,,,,,,,,,,,,,,,,,12,0,12,0,1,,,,,,,,,,,,,,,,,,
,,,,,,,,,,,,,,,,,107,4,2024-09-05_15h33.34.906,Symbol-E,2020.1.3,MacIntel,Safari,"Mozilla/5.0 (Macintosh; Intel Mac OS X 10_15_7) AppleWebKit/605.1.15 (KHTML, like Gecko) Version/17.6 Safari/605.1.15",60,,,,,,,,,,,,,,,,,,,,,,,,,,,,,,,,,,,,media/dgnb.png,5,1,Symb,u,TR,0,0,1,0,8,0,13,0,1,1,0.247319294,a,99,8,0,,,,,,,,,,,,,,,,,,,,,,,,,,,,,,,l,0.106,,,,,,,,,,,,,,,,,,,,,,,,,,,,,,,,,,,,,,,,,,,,,,,,,,,0,0,0,0,0,1,,,,,,,,,,,,,,,,,,,,,,,
,,,,,,,,,,,,,,,,,107,4,2024-09-05_15h33.34.906,Symbol-E,2020.1.3,MacIntel,Safari,"Mozilla/5.0 (Macintosh; Intel Mac OS X 10_15_7) AppleWebKit/605.1.15 (KHTML, like Gecko) Version/17.6 Safari/605.1.15",60,,,,,,,,,,,,,,,,,,,,,,,,,,,,,,,,,,,,,,,,,,,,,,,,,,,,,,,,,,,,,,,,,,,,,,,,,,,,,,,,,,,,,,,,,,,,,,,,,,,,,,,,,,,,,,,,,,,,,,,,,,,,,,,,,,,,,,,,,,,,,,,,,13,0,13,0,1,,,,,,,,,,,,,,,,,,
,,,,,,,,,,,,,,,,,107,4,2024-09-05_15h33.34.906,Symbol-E,2020.1.3,MacIntel,Safari,"Mozilla/5.0 (Macintosh; Intel Mac OS X 10_15_7) AppleWebKit/605.1.15 (KHTML, like Gecko) Version/17.6 Safari/605.1.15",60,,,,,,,,,,,,,,,,,,,,,,,,,,,,,,,,,,,,media/dcnb.png,0,0,Symb,a,TR,0,0,1,0,8,0,14,0,1,1,0.438843787,a,1.352,0,1,,,,,,,,,,,,,,,,,,,,,,,,,,,,,,,,,,,,,,,,,,,,,,,,,,,,,,,,,,,,,,,,,,,,,,,,,,,,,,,,,,a,1,,,,,,,,,,,1.352,0,0,0,0,1,,,,,,,,,,,,
,,,,,,,,,,,,,,,,,107,4,2024-09-05_15h33.34.906,Symbol-E,2020.1.3,MacIntel,Safari,"Mozilla/5.0 (Macintosh; Intel Mac OS X 10_15_7) AppleWebKit/605.1.15 (KHTML, like Gecko) Version/17.6 Safari/605.1.15",60,,,,,,,,,,,,,,,,,,,,,,,,,,,,,,,,,,,,,,,,,,,,,,,,,,,,,,,,,,,,,,,,,,,,,,,,,,,,,,,,,,,,,,,,,,,,,,,,,,,,,,,,,,,,,,,,,,,,,,,,,,,,,,,,,,,,,,,,,,,,,,,,,14,0,14,0,1,,,,,,,,,,,,,,,,,,
,,,,,,,,,,,,,,,,,107,4,2024-09-05_15h33.34.906,Symbol-E,2020.1.3,MacIntel,Safari,"Mozilla/5.0 (Macintosh; Intel Mac OS X 10_15_7) AppleWebKit/605.1.15 (KHTML, like Gecko) Version/17.6 Safari/605.1.15",60,,,,,,,,,,,,,,,,,,,,,,,,,,,,,,,,,,,,media/dfnb.png,1,1,Symb,w,TR,0,0,1,0,8,0,15,0,1,1,0.073420957,u,1.459,5,0,,,,,,,,,,,,,,,,,,,,,,,,,,,,,,,,,,,,,,,,,,,,,,,,,,,,,,,,,,,,,,,,,,,,,,,,,,,,,,,,,,u,0,,,,,,,,,,,1.459,0,0,0,0,1,,,,,,,,,,,,
,,,,,,,,,,,,,,,,,107,4,2024-09-05_15h33.34.906,Symbol-E,2020.1.3,MacIntel,Safari,"Mozilla/5.0 (Macintosh; Intel Mac OS X 10_15_7) AppleWebKit/605.1.15 (KHTML, like Gecko) Version/17.6 Safari/605.1.15",60,,,,,,,,,,,,,,,,,,,,,,,,,,,,,,,,,,,,,,,,,,,,,,,,,,,,,,,,,,,,,,,,,,,,,,,,,,,,,,,,,,,,,,,,,,,,,,,,,,,,,,,,,,,,,,,,,,,,,,,,,,,,,,,,,,,,,,,,,,,,,,,,,15,0,15,0,1,,,,,,,,,,,,,,,,,,
,,,,,,,,,,,,,,,,,107,4,2024-09-05_15h33.34.906,Symbol-E,2020.1.3,MacIntel,Safari,"Mozilla/5.0 (Macintosh; Intel Mac OS X 10_15_7) AppleWebKit/605.1.15 (KHTML, like Gecko) Version/17.6 Safari/605.1.15",60,,,,,,,,,,,,,,,,,,,,,,,,,,,,,,,,,,,,media/dinb.png,3,3,Symb,f,TR,0,0,1,0,8,0,16,0,1,1,0.780992871,w,1.321,1,0,,,,,,,,,,,,,,,,,,,,,,,,,,,,,,,,,,,,,,,,,,,,,,,,,,,,,,,,,,,,,,,,,,,,,,,,,,,,,,,,,,w,0,,,,,,,,,,,1.321,0,0,0,0,1,,,,,,,,,,,,
,,,,,,,,,,,,,,,,,107,4,2024-09-05_15h33.34.906,Symbol-E,2020.1.3,MacIntel,Safari,"Mozilla/5.0 (Macintosh; Intel Mac OS X 10_15_7) AppleWebKit/605.1.15 (KHTML, like Gecko) Version/17.6 Safari/605.1.15",60,,,,,,,,,,,,,,,,,,,,,,,,,,,,,,,,,,,,,,,,,,,,,,,,,,,,,,,,,,,,,,,,,,,,,,,,,,,,,,,,,,,,,,,,,,,,,,,,,,,,,,,,,,,,,,,,,,,,,,,,,,,,,,,,,,,,,,,,,,,,,,,,,16,0,16,0,1,,,,,,,,,,,,,,,,,,
,,,,,,,,,,,,,,,,,107,4,2024-09-05_15h33.34.906,Symbol-E,2020.1.3,MacIntel,Safari,"Mozilla/5.0 (Macintosh; Intel Mac OS X 10_15_7) AppleWebKit/605.1.15 (KHTML, like Gecko) Version/17.6 Safari/605.1.15",60,,,,,,,,,,,,,,,,,,,,,,,,,,,,,,,,,,,,media/dgnb.png,5,1,Symb,u,TR,0,0,1,0,8,0,17,0,1,1,1.017947056,a,1.368,0,0,,,,,,,,,,,,,,,,,,,,,,,,,,,,,,,,,,,,,,,,,,,,,,,,,,,,,,,,,,,,,,,,,,,,,,,,,,,,,,,,,,a,0,,,,,,,,,,,1.368,0,0,0,0,1,,,,,,,,,,,,
,,,,,,,,,,,,,,,,,107,4,2024-09-05_15h33.34.906,Symbol-E,2020.1.3,MacIntel,Safari,"Mozilla/5.0 (Macintosh; Intel Mac OS X 10_15_7) AppleWebKit/605.1.15 (KHTML, like Gecko) Version/17.6 Safari/605.1.15",60,,,,,,,,,,,,,,,,,,,,,,,,,,,,,,,,,,,,,,,,,,,,,,,,,,,,,,,,,,,,,,,,,,,,,,,,,,,,,,,,,,,,,,,,,,,,,,,,,,,,,,,,,,,,,,,,,,,,,,,,,,,,,,,,,,,,,,,,,,,,,,,,,17,0,17,0,1,,,,,,,,,,,,,,,,,,
,,,,,,,,,,,,,,,,,107,4,2024-09-05_15h33.34.906,Symbol-E,2020.1.3,MacIntel,Safari,"Mozilla/5.0 (Macintosh; Intel Mac OS X 10_15_7) AppleWebKit/605.1.15 (KHTML, like Gecko) Version/17.6 Safari/605.1.15",60,,,,,,,,,,,,,,,,,,,,,,,,,,,,,,,,,,,,media/dfnb.png,1,1,Symb,w,TR,0,0,1,0,8,0,18,0,1,1,1.165164122,l,1.223,7,0,,,,,,,,,,,,,,,,,,,,,,,,,,,,,,,,,,,,,,,,,,,,,,,,,,,,,,,,,,,,,,,,,,,,,,,,,,,,,,,,,,l,0,,,,,,,,,,,1.223,0,0,0,0,1,,,,,,,,,,,,
,,,,,,,,,,,,,,,,,107,4,2024-09-05_15h33.34.906,Symbol-E,2020.1.3,MacIntel,Safari,"Mozilla/5.0 (Macintosh; Intel Mac OS X 10_15_7) AppleWebKit/605.1.15 (KHTML, like Gecko) Version/17.6 Safari/605.1.15",60,,,,,,,,,,,,,,,,,,,,,,,,,,,,,,,,,,,,,,,,,,,,,,,,,,,,,,,,,,,,,,,,,,,,,,,,,,,,,,,,,,,,,,,,,,,,,,,,,,,,,,,,,,,,,,,,,,,,,,,,,,,,,,,,,,,,,,,,,,,,,,,,,18,0,18,0,1,,,,,,,,,,,,,,,,,,
,,,,,,,,,,,,,,,,,107,4,2024-09-05_15h33.34.906,Symbol-E,2020.1.3,MacIntel,Safari,"Mozilla/5.0 (Macintosh; Intel Mac OS X 10_15_7) AppleWebKit/605.1.15 (KHTML, like Gecko) Version/17.6 Safari/605.1.15",60,,,,,,,,,,,,,,,,,,,,,,,,,,,,,,,,,,,,media/dcnb.png,0,0,Symb,a,TR,0,0,1,0,8,0,19,0,1,1,0.899359402,a,1.285,0,1,,,,,,,,,,,,,,,,,,,,,,,,,,,,,,,,,,,,,,,,,,,,,,,,,,,,,,,,,,,,,,,,,,,,,,,,,,,,,,,,,,a,1,,,,,,,,,,,1.285,0,0,0,0,1,,,,,,,,,,,,
,,,,,,,,,,,,,,,,,107,4,2024-09-05_15h33.34.906,Symbol-E,2020.1.3,MacIntel,Safari,"Mozilla/5.0 (Macintosh; Intel Mac OS X 10_15_7) AppleWebKit/605.1.15 (KHTML, like Gecko) Version/17.6 Safari/605.1.15",60,,,,,,,,,,,,,,,,,,,,,,,,,,,,,,,,,,,,,,,,,,,,,,,,,,,,,,,,,,,,,,,,,,,,,,,,,,,,,,,,,,,,,,,,,,,,,,,,,,,,,,,,,,,,,,,,,,,,,,,,,,,,,,,,,,,,,,,,,,,,,,,,,19,0,19,0,1,,,,,,,,,,,,,,,,,,
,,,,,,,,,,,,,,,,,107,4,2024-09-05_15h33.34.906,Symbol-E,2020.1.3,MacIntel,Safari,"Mozilla/5.0 (Macintosh; Intel Mac OS X 10_15_7) AppleWebKit/605.1.15 (KHTML, like Gecko) Version/17.6 Safari/605.1.15",60,,,,,,,,,,,,,,,,,,,,,,,,,,,,,,,,,,,,media/dnnb.png,6,2,Symb,i,TR,0,0,1,0,8,0,20,0,1,1,0.62512573,u,1.353,5,0,,,,,,,,,,,,,,,,,,,,,,,,,,,,,,,,,,,,,,,,,,,,,,,,,,,,,,,,,,,,,,,,,,,,,,,,,,,,,,,,,,u,0,,,,,,,,,,,1.353,0,0,0,0,1,,,,,,,,,,,,
,,,,,,,,,,,,,,,,,107,4,2024-09-05_15h33.34.906,Symbol-E,2020.1.3,MacIntel,Safari,"Mozilla/5.0 (Macintosh; Intel Mac OS X 10_15_7) AppleWebKit/605.1.15 (KHTML, like Gecko) Version/17.6 Safari/605.1.15",60,,,,,,,,,,,,,,,,,,,,,,,,,,,,,,,,,,,,,,,,,,,,,,,,,,,,,,,,,,,,,,,,,,,,,,,,,,,,,,,,,,,,,,,,,,,,,,,,,,,,,,,,,,,,,,,,,,,,,,,,,,,,,,,,,,,,,,,,,,,,,,,,,20,0,20,0,1,,,,,,,,,,,,,,,,,,
,,,,,,,,,,,,,,,,,107,4,2024-09-05_15h33.34.906,Symbol-E,2020.1.3,MacIntel,Safari,"Mozilla/5.0 (Macintosh; Intel Mac OS X 10_15_7) AppleWebKit/605.1.15 (KHTML, like Gecko) Version/17.6 Safari/605.1.15",60,,,,,,,,,,,,,,,,,,,,,,,,,,,,,,,,,,,,media/dfnb.png,1,1,Symb,w,TR,0,0,1,0,8,0,21,0,1,1,0.184748781,i,1.418,6,0,,,,,,,,,,,,,,,,,,,,,,,,,,,,,,,,,,,,,,,,,,,,,,,,,,,,,,,,,,,,,,,,,,,,,,,,,,,,,,,,,,i,0,,,,,,,,,,,1.418,0,0,0,0,1,,,,,,,,,,,,
,,,,,,,,,,,,,,,,,107,4,2024-09-05_15h33.34.906,Symbol-E,2020.1.3,MacIntel,Safari,"Mozilla/5.0 (Macintosh; Intel Mac OS X 10_15_7) AppleWebKit/605.1.15 (KHTML, like Gecko) Version/17.6 Safari/605.1.15",60,,,,,,,,,,,,,,,,,,,,,,,,,,,,,,,,,,,,,,,,,,,,,,,,,,,,,,,,,,,,,,,,,,,,,,,,,,,,,,,,,,,,,,,,,,,,,,,,,,,,,,,,,,,,,,,,,,,,,,,,,,,,,,,,,,,,,,,,,,,,,,,,,21,0,21,0,1,,,,,,,,,,,,,,,,,,
,,,,,,,,,,,,,,,,,107,4,2024-09-05_15h33.34.906,Symbol-E,2020.1.3,MacIntel,Safari,"Mozilla/5.0 (Macintosh; Intel Mac OS X 10_15_7) AppleWebKit/605.1.15 (KHTML, like Gecko) Version/17.6 Safari/605.1.15",60,,,,,,,,,,,,,,,,,,,,,,,,,,,,,,,,,,,,media/dgnb.png,5,1,Symb,u,TR,0,0,1,0,8,0,22,0,1,1,0.921984203,a,1.289,0,0,,,,,,,,,,,,,,,,,,,,,,,,,,,,,,,,,,,,,,,,,,,,,,,,,,,,,,,,,,,,,,,,,,,,,,,,,,,,,,,,,,a,0,,,,,,,,,,,1.289,0,0,0,0,1,,,,,,,,,,,,
,,,,,,,,,,,,,,,,,107,4,2024-09-05_15h33.34.906,Symbol-E,2020.1.3,MacIntel,Safari,"Mozilla/5.0 (Macintosh; Intel Mac OS X 10_15_7) AppleWebKit/605.1.15 (KHTML, like Gecko) Version/17.6 Safari/605.1.15",60,,,,,,,,,,,,,,,,,,,,,,,,,,,,,,,,,,,,,,,,,,,,,,,,,,,,,,,,,,,,,,,,,,,,,,,,,,,,,,,,,,,,,,,,,,,,,,,,,,,,,,,,,,,,,,,,,,,,,,,,,,,,,,,,,,,,,,,,,,,,,,,,,22,0,22,0,1,,,,,,,,,,,,,,,,,,
,,,,,,,,,,,,,,,,,107,4,2024-09-05_15h33.34.906,Symbol-E,2020.1.3,MacIntel,Safari,"Mozilla/5.0 (Macintosh; Intel Mac OS X 10_15_7) AppleWebKit/605.1.15 (KHTML, like Gecko) Version/17.6 Safari/605.1.15",60,,,,,,,,,,,,,,,,,,,,,,,,,,,,,,,,,,,,media/djnb.png,7,3,Symb,l,TR,0,0,1,0,8,0,23,0,1,1,0.89537873,l,1.437,7,1,,,,,,,,,,,,,,,,,,,,,,,,,,,,,,,,,,,,,,,,,,,,,,,,,,,,,,,,,,,,,,,,,,,,,,,,,,,,,,,,,,l,1,,,,,,,,,,,1.437,0,0,0,0,1,,,,,,,,,,,,
,,,,,,,,,,,,,,,,,107,4,2024-09-05_15h33.34.906,Symbol-E,2020.1.3,MacIntel,Safari,"Mozilla/5.0 (Macintosh; Intel Mac OS X 10_15_7) AppleWebKit/605.1.15 (KHTML, like Gecko) Version/17.6 Safari/605.1.15",60,,,,,,,,,,,,,,,,,,,,,,,,,,,,,,,,,,,,,,,,,,,,,,,,,,,,,,,,,,,,,,,,,,,,,,,,,,,,,,,,,,,,,,,,,,,,,,,,,,,,,,,,,,,,,,,,,,,,,,,,,,,,,,,,,,,,,,,,,,,,,,,,,23,0,23,0,1,,,,,,,,,,,,,,,,,,
,,,,,,,,,,,,,,,,,107,4,2024-09-05_15h33.34.906,Symbol-E,2020.1.3,MacIntel,Safari,"Mozilla/5.0 (Macintosh; Intel Mac OS X 10_15_7) AppleWebKit/605.1.15 (KHTML, like Gecko) Version/17.6 Safari/605.1.15",60,,,,,,,,,,,,,,,,,,,,,,,,,,,,,,,,,,,,media/ddnb.png,4,0,Symb,h,TR,0,0,1,0,8,0,24,0,1,1,0.583794064,h,1.345,4,1,,,,,,,,,,,,,,,,,,,,,,,,,,,,,,,,,,,,,,,,,,,,,,,,,,,,,,,,,,,,,,,,,,,,,,,,,,,,,,,,,,h,1,,,,,,,,,,,1.345,0,0,0,0,1,,,,,,,,,,,,
,,,,,,,,,,,,,,,,,107,4,2024-09-05_15h33.34.906,Symbol-E,2020.1.3,MacIntel,Safari,"Mozilla/5.0 (Macintosh; Intel Mac OS X 10_15_7) AppleWebKit/605.1.15 (KHTML, like Gecko) Version/17.6 Safari/605.1.15",60,,,,,,,,,,,,,,,,,,,,,,,,,,,,,,,,,,,,,,,,,,,,,,,,,,,,,,,,,,,,,,,,,,,,,,,,,,,,,,,,,,,,,,,,,,,,,,,,,,,,,,,,,,,,,,,,,,,,,,,,,,,,,,,,,,,,,,,,,,,,,,,,,24,0,24,0,1,,,,,,,,,,,,,,,,,,
,,,,,,,,,,,,,,,,,107,4,2024-09-05_15h33.34.906,Symbol-E,2020.1.3,MacIntel,Safari,"Mozilla/5.0 (Macintosh; Intel Mac OS X 10_15_7) AppleWebKit/605.1.15 (KHTML, like Gecko) Version/17.6 Safari/605.1.15",60,,,,,,,,,,,,,,,,,,,,,,,,,,,,,,,,,,,,media/dnnb.png,6,2,Symb,i,TR,0,0,1,0,8,0,25,0,1,1,0.382110271,u,1.334,5,0,,,,,,,,,,,,,,,,,,,,,,,,,,,,,,,,,,,,,,,,,,,,,,,,,,,,,,,,,,,,,,,,,,,,,,,,,,,,,,,,,,u,0,,,,,,,,,,,1.334,0,0,0,0,1,,,,,,,,,,,,
,,,,,,,,,,,,,,,,,107,4,2024-09-05_15h33.34.906,Symbol-E,2020.1.3,MacIntel,Safari,"Mozilla/5.0 (Macintosh; Intel Mac OS X 10_15_7) AppleWebKit/605.1.15 (KHTML, like Gecko) Version/17.6 Safari/605.1.15",60,,,,,,,,,,,,,,,,,,,,,,,,,,,,,,,,,,,,,,,,,,,,,,,,,,,,,,,,,,,,,,,,,,,,,,,,,,,,,,,,,,,,,,,,,,,,,,,,,,,,,,,,,,,,,,,,,,,,,,,,,,,,,,,,,,,,,,,,,,,,,,,,,25,0,25,0,1,,,,,,,,,,,,,,,,,,
,,,,,,,,,,,,,,,,,107,4,2024-09-05_15h33.34.906,Symbol-E,2020.1.3,MacIntel,Safari,"Mozilla/5.0 (Macintosh; Intel Mac OS X 10_15_7) AppleWebKit/605.1.15 (KHTML, like Gecko) Version/17.6 Safari/605.1.15",60,,,,,,,,,,,,,,,,,,,,,,,,,,,,,,,,,,,,media/dcnb.png,0,0,Symb,a,TR,0,0,1,0,8,0,26,0,1,1,0.033686038,a,1.408,0,1,,,,,,,,,,,,,,,,,,,,,,,,,,,,,,,,,,,,,,,,,,,,,,,,,,,,,,,,,,,,,,,,,,,,,,,,,,,,,,,,,,a,1,,,,,,,,,,,1.408,0,0,0,0,1,,,,,,,,,,,,
,,,,,,,,,,,,,,,,,107,4,2024-09-05_15h33.34.906,Symbol-E,2020.1.3,MacIntel,Safari,"Mozilla/5.0 (Macintosh; Intel Mac OS X 10_15_7) AppleWebKit/605.1.15 (KHTML, like Gecko) Version/17.6 Safari/605.1.15",60,,,,,,,,,,,,,,,,,,,,,,,,,,,,,,,,,,,,,,,,,,,,,,,,,,,,,,,,,,,,,,,,,,,,,,,,,,,,,,,,,,,,,,,,,,,,,,,,,,,,,,,,,,,,,,,,,,,,,,,,,,,,,,,,,,,,,,,,,,,,,,,,,26,0,26,0,1,,,,,,,,,,,,,,,,,,
,,,,,,,,,,,,,,,,,107,4,2024-09-05_15h33.34.906,Symbol-E,2020.1.3,MacIntel,Safari,"Mozilla/5.0 (Macintosh; Intel Mac OS X 10_15_7) AppleWebKit/605.1.15 (KHTML, like Gecko) Version/17.6 Safari/605.1.15",60,,,,,,,,,,,,,,,,,,,,,,,,,,,,,,,,,,,,media/dmnb.png,2,2,Symb,e,TR,0,0,1,0,8,0,27,0,1,1,1.139761342,e,1.435,2,1,,,,,,,,,,,,,,,,,,,,,,,,,,,,,,,,,,,,,,,,,,,,,,,,,,,,,,,,,,,,,,,,,,,,,,,,,,,,,,,,,,e,1,,,,,,,,,,,1.435,0,0,0,0,1,,,,,,,,,,,,
,,,,,,,,,,,,,,,,,107,4,2024-09-05_15h33.34.906,Symbol-E,2020.1.3,MacIntel,Safari,"Mozilla/5.0 (Macintosh; Intel Mac OS X 10_15_7) AppleWebKit/605.1.15 (KHTML, like Gecko) Version/17.6 Safari/605.1.15",60,,,,,,,,,,,,,,,,,,,,,,,,,,,,,,,,,,,,,,,,,,,,,,,,,,,,,,,,,,,,,,,,,,,,,,,,,,,,,,,,,,,,,,,,,,,,,,,,,,,,,,,,,,,,,,,,,,,,,,,,,,,,,,,,,,,,,,,,,,,,,,,,,27,0,27,0,1,,,,,,,,,,,,,,,,,,
,,,,,,,,,,,,,,,,,107,4,2024-09-05_15h33.34.906,Symbol-E,2020.1.3,MacIntel,Safari,"Mozilla/5.0 (Macintosh; Intel Mac OS X 10_15_7) AppleWebKit/605.1.15 (KHTML, like Gecko) Version/17.6 Safari/605.1.15",60,,,,,,,,,,,,,,,,,,,,,,,,,,,,,,,,,,,,media/dinb.png,3,3,Symb,f,TR,0,0,1,0,8,0,28,0,1,1,0.152083447,i,1.355,6,0,,,,,,,,,,,,,,,,,,,,,,,,,,,,,,,,,,,,,,,,,,,,,,,,,,,,,,,,,,,,,,,,,,,,,,,,,,,,,,,,,,i,0,,,,,,,,,,,1.355,0,0,0,0,1,,,,,,,,,,,,
,,,,,,,,,,,,,,,,,107,4,2024-09-05_15h33.34.906,Symbol-E,2020.1.3,MacIntel,Safari,"Mozilla/5.0 (Macintosh; Intel Mac OS X 10_15_7) AppleWebKit/605.1.15 (KHTML, like Gecko) Version/17.6 Safari/605.1.15",60,,,,,,,,,,,,,,,,,,,,,,,,,,,,,,,,,,,,,,,,,,,,,,,,,,,,,,,,,,,,,,,,,,,,,,,,,,,,,,,,,,,,,,,,,,,,,,,,,,,,,,,,,,,,,,,,,,,,,,,,,,,,,,,,,,,,,,,,,,,,,,,,,28,0,28,0,1,,,,,,,,,,,,,,,,,,
,,,,,,,,,,,,,,,,,107,4,2024-09-05_15h33.34.906,Symbol-E,2020.1.3,MacIntel,Safari,"Mozilla/5.0 (Macintosh; Intel Mac OS X 10_15_7) AppleWebKit/605.1.15 (KHTML, like Gecko) Version/17.6 Safari/605.1.15",60,,,,,,,,,,,,,,,,,,,,,,,,,,,,,,,,,,,,media/ddnb.png,4,0,Symb,h,TR,0,0,1,0,8,0,29,0,1,1,0.771553309,h,1.291,4,1,,,,,,,,,,,,,,,,,,,,,,,,,,,,,,,,,,,,,,,,,,,,,,,,,,,,,,,,,,,,,,,,,,,,,,,,,,,,,,,,,,h,1,,,,,,,,,,,1.291,0,0,0,0,1,,,,,,,,,,,,
,,,,,,,,,,,,,,,,,107,4,2024-09-05_15h33.34.906,Symbol-E,2020.1.3,MacIntel,Safari,"Mozilla/5.0 (Macintosh; Intel Mac OS X 10_15_7) AppleWebKit/605.1.15 (KHTML, like Gecko) Version/17.6 Safari/605.1.15",60,,,,,,,,,,,,,,,,,,,,,,,,,,,,,,,,,,,,,,,,,,,,,,,,,,,,,,,,,,,,,,,,,,,,,,,,,,,,,,,,,,,,,,,,,,,,,,,,,,,,,,,,,,,,,,,,,,,,,,,,,,,,,,,,,,,,,,,,,,,,,,,,,29,0,29,0,1,,,,,,,,,,,,,,,,,,
,,,,,,,,,,,,,,,,,107,4,2024-09-05_15h33.34.906,Symbol-E,2020.1.3,MacIntel,Safari,"Mozilla/5.0 (Macintosh; Intel Mac OS X 10_15_7) AppleWebKit/605.1.15 (KHTML, like Gecko) Version/17.6 Safari/605.1.15",60,,,,,,,,,,,,,,,,,,,,,,,,,,,,,,,,,,,,media/dmnb.png,2,2,Symb,e,TR,0,0,1,0,8,0,30,0,1,1,0.963821782,e,1.354,2,1,,,,,,,,,,,,,,,,,,,,,,,,,,,,,,,,,,,,,,,,,,,,,,,,,,,,,,,,,,,,,,,,,,,,,,,,,,,,,,,,,,e,1,,,,,,,,,,,1.354,0,0,0,0,1,,,,,,,,,,,,
,,,,,,,,,,,,,,,,,107,4,2024-09-05_15h33.34.906,Symbol-E,2020.1.3,MacIntel,Safari,"Mozilla/5.0 (Macintosh; Intel Mac OS X 10_15_7) AppleWebKit/605.1.15 (KHTML, like Gecko) Version/17.6 Safari/605.1.15",60,,,,,,,,,,,,,,,,,,,,,,,,,,,,,,,,,,,,,,,,,,,,,,,,,,,,,,,,,,,,,,,,,,,,,,,,,,,,,,,,,,,,,,,,,,,,,,,,,,,,,,,,,,,,,,,,,,,,,,,,,,,,,,,,,,,,,,,,,,,,,,,,,30,0,30,0,1,,,,,,,,,,,,,,,,,,
,,,,,,,,,,,,,,,,,107,4,2024-09-05_15h33.34.906,Symbol-E,2020.1.3,MacIntel,Safari,"Mozilla/5.0 (Macintosh; Intel Mac OS X 10_15_7) AppleWebKit/605.1.15 (KHTML, like Gecko) Version/17.6 Safari/605.1.15",60,,,,,,,,,,,,,,,,,,,,,,,,,,,,,,,,,,,,media/djnb.png,7,3,Symb,l,TR,0,0,1,0,8,0,31,0,1,1,0.926433844,a,1.321,0,0,,,,,,,,,,,,,,,,,,,,,,,,,,,,,,,,,,,,,,,,,,,,,,,,,,,,,,,,,,,,,,,,,,,,,,,,,,,,,,,,,,a,0,,,,,,,,,,,1.321,0,0,0,0,1,,,,,,,,,,,,
,,,,,,,,,,,,,,,,,107,4,2024-09-05_15h33.34.906,Symbol-E,2020.1.3,MacIntel,Safari,"Mozilla/5.0 (Macintosh; Intel Mac OS X 10_15_7) AppleWebKit/605.1.15 (KHTML, like Gecko) Version/17.6 Safari/605.1.15",60,,,,,,,,,,,,,,,,,,,,,,,,,,,,,,,,,,,,,,,,,,,,,,,,,,,,,,,,,,,,,,,,,,,,,,,,,,,,,,,,,,,,,,,,,,,,,,,,,,,,,,,,,,,,,,,,,,,,,,,,,,,,,,,,,,,,,,,,,,,,,,,,,31,0,31,0,1,,,,,,,,,,,,,,,,,,
,,,,,,,,,,,,,,,,,107,4,2024-09-05_15h33.34.906,Symbol-E,2020.1.3,MacIntel,Safari,"Mozilla/5.0 (Macintosh; Intel Mac OS X 10_15_7) AppleWebKit/605.1.15 (KHTML, like Gecko) Version/17.6 Safari/605.1.15",60,,,,,,,,,,,,,,,,,,,,,,,,,,,,,,,,,,,,media/dinb.png,3,3,Symb,f,TR,0,0,1,0,8,0,32,0,1,1,0.28221781,u,1.345,5,0,,,,,,,,,,,,,,,,,,,,,,,,,,,,,,,,,,,,,,,,,,,,,,,,,,,,,,,,,,,,,,,,,,,,,,,,,,,,,,,,,,u,0,,,,,,,,,,,1.345,0,0,0,0,1,,,,,,,,,,,,
,,,,,,,,,,,,,,,,,107,4,2024-09-05_15h33.34.906,Symbol-E,2020.1.3,MacIntel,Safari,"Mozilla/5.0 (Macintosh; Intel Mac OS X 10_15_7) AppleWebKit/605.1.15 (KHTML, like Gecko) Version/17.6 Safari/605.1.15",60,,,,,,,,,,,,,,,,,,,,,,,,,,,,,,,,,,,,,,,,,,,,,,,,,,,,,,,,,,,,,,,,,,,,,,,,,,,,,,,,,,,,,,,,,,,,,,,,,,,,,,,,,,,,,,,,,,,,,,,,,,,,,,,,,,,,,,,,,,,,,,,,,32,0,32,0,1,,,,,,,,,,,,,,,,,,
,,,,,,,,,,,,,,,,,107,4,2024-09-05_15h33.34.906,Symbol-E,2020.1.3,MacIntel,Safari,"Mozilla/5.0 (Macintosh; Intel Mac OS X 10_15_7) AppleWebKit/605.1.15 (KHTML, like Gecko) Version/17.6 Safari/605.1.15",60,,,,,,,,,,,,,,,,,,,,,,,,,,,,,,,,,,,,media/djnb.png,7,3,Symb,l,TR,0,0,1,0,8,0,33,0,1,1,0.34762593,w,1.338,1,0,,,,,,,,,,,,,,,,,,,,,,,,,,,,,,,,,,,,,,,,,,,,,,,,,,,,,,,,,,,,,,,,,,,,,,,,,,,,,,,,,,w,0,,,,,,,,,,,1.338,0,0,0,0,1,,,,,,,,,,,,
,,,,,,,,,,,,,,,,,107,4,2024-09-05_15h33.34.906,Symbol-E,2020.1.3,MacIntel,Safari,"Mozilla/5.0 (Macintosh; Intel Mac OS X 10_15_7) AppleWebKit/605.1.15 (KHTML, like Gecko) Version/17.6 Safari/605.1.15",60,,,,,,,,,,,,,,,,,,,,,,,,,,,,,,,,,,,,,,,,,,,,,,,,,,,,,,,,,,,,,,,,,,,,,,,,,,,,,,,,,,,,,,,,,,,,,,,,,,,,,,,,,,,,,,,,,,,,,,,,,,,,,,,,,,,,,,,,,,,,,,,,,33,0,33,0,1,,,,,,,,,,,,,,,,,,
,,,,,,,,,,,,,,,,,107,4,2024-09-05_15h33.34.906,Symbol-E,2020.1.3,MacIntel,Safari,"Mozilla/5.0 (Macintosh; Intel Mac OS X 10_15_7) AppleWebKit/605.1.15 (KHTML, like Gecko) Version/17.6 Safari/605.1.15",60,,,,,,,,,,,,,,,,,,,,,,,,,,,,,,,,,,,,media/ddnb.png,4,0,Symb,h,TR,0,0,1,0,8,0,34,0,1,1,0.088435876,l,1.402,7,0,,,,,,,,,,,,,,,,,,,,,,,,,,,,,,,,,,,,,,,,,,,,,,,,,,,,,,,,,,,,,,,,,,,,,,,,,,,,,,,,,,l,0,,,,,,,,,,,1.402,0,0,0,0,1,,,,,,,,,,,,
,,,,,,,,,,,,,,,,,107,4,2024-09-05_15h33.34.906,Symbol-E,2020.1.3,MacIntel,Safari,"Mozilla/5.0 (Macintosh; Intel Mac OS X 10_15_7) AppleWebKit/605.1.15 (KHTML, like Gecko) Version/17.6 Safari/605.1.15",60,,,,,,,,,,,,,,,,,,,,,,,,,,,,,,,,,,,,,,,,,,,,,,,,,,,,,,,,,,,,,,,,,,,,,,,,,,,,,,,,,,,,,,,,,,,,,,,,,,,,,,,,,,,,,,,,,,,,,,,,,,,,,,,,,,,,,,,,,,,,,,,,,34,0,34,0,1,,,,,,,,,,,,,,,,,,
,,,,,,,,,,,,,,,,,107,4,2024-09-05_15h33.34.906,Symbol-E,2020.1.3,MacIntel,Safari,"Mozilla/5.0 (Macintosh; Intel Mac OS X 10_15_7) AppleWebKit/605.1.15 (KHTML, like Gecko) Version/17.6 Safari/605.1.15",60,,,,,,,,,,,,,,,,,,,,,,,,,,,,,,,,,,,,media/dmnb.png,2,2,Symb,e,TR,0,0,1,0,8,0,35,0,1,1,0.784232131,e,1.309,2,1,,,,,,,,,,,,,,,,,,,,,,,,,,,,,,,,,,,,,,,,,,,,,,,,,,,,,,,,,,,,,,,,,,,,,,,,,,,,,,,,,,e,1,,,,,,,,,,,1.309,0,0,0,0,1,,,,,,,,,,,,
,,,,,,,,,,,,,,,,,107,4,2024-09-05_15h33.34.906,Symbol-E,2020.1.3,MacIntel,Safari,"Mozilla/5.0 (Macintosh; Intel Mac OS X 10_15_7) AppleWebKit/605.1.15 (KHTML, like Gecko) Version/17.6 Safari/605.1.15",60,,,,,,,,,,,,,,,,,,,,,,,,,,,,,,,,,,,,,,,,,,,,,,,,,,,,,,,,,,,,,,,,,,,,,,,,,,,,,,,,,,,,,,,,,,,,,,,,,,,,,,,,,,,,,,,,,,,,,,,,,,,,,,,,,,,,,,,,,,,,,,,,,35,0,35,0,1,,,,,,,,,,,,,,,,,,
,,,,,,,,,,,,,,,,,107,4,2024-09-05_15h33.34.906,Symbol-E,2020.1.3,MacIntel,Safari,"Mozilla/5.0 (Macintosh; Intel Mac OS X 10_15_7) AppleWebKit/605.1.15 (KHTML, like Gecko) Version/17.6 Safari/605.1.15",60,,,,,,,,,,,,,,,,,,,,,,,,,,,,,,,,,,,,media/dnnb.png,6,2,Symb,i,TR,0,0,1,0,8,0,36,0,1,1,0.892858956,i,1.321,6,1,,,,,,,,,,,,,,,,,,,,,,,,,,,,,,,,,,,,,,,,,,,,,,,,,,,,,,,,,,,,,,,,,,,,,,,,,,,,,,,,,,i,1,,,,,,,,,,,1.321,0,0,0,0,1,,,,,,,,,,,,
,,,,,,,,,,,,,,,,,107,4,2024-09-05_15h33.34.906,Symbol-E,2020.1.3,MacIntel,Safari,"Mozilla/5.0 (Macintosh; Intel Mac OS X 10_15_7) AppleWebKit/605.1.15 (KHTML, like Gecko) Version/17.6 Safari/605.1.15",60,,,,,,,,,,,,,,,,,,,,,,,,,,,,,,,,,,,,,,,,,,,,,,,,,,,,,,,,,,,,,,,,,,,,,,,,,,,,,,,,,,,,,,,,,,,,,,,,,,,,,,,,,,,,,,,,,,,,,,,,,,,,,,,,,,,,,,,,,,,,,,,,,36,0,36,0,1,,,,,,,,,,,,,,,,,,
,,,,,,,,,,,,,,,,,107,4,2024-09-05_15h33.34.906,Symbol-E,2020.1.3,MacIntel,Safari,"Mozilla/5.0 (Macintosh; Intel Mac OS X 10_15_7) AppleWebKit/605.1.15 (KHTML, like Gecko) Version/17.6 Safari/605.1.15",60,,,,,,,,,,,,,,,,,,,,,,,,,,,,,,,,,,,,media/dcnb.png,0,0,Symb,a,TR,0,0,1,0,8,0,37,0,1,1,0.909419503,a,1.387,0,1,,,,,,,,,,,,,,,,,,,,,,,,,,,,,,,,,,,,,,,,,,,,,,,,,,,,,,,,,,,,,,,,,,,,,,,,,,,,,,,,,,a,1,,,,,,,,,,,1.387,0,0,0,0,1,,,,,,,,,,,,
,,,,,,,,,,,,,,,,,107,4,2024-09-05_15h33.34.906,Symbol-E,2020.1.3,MacIntel,Safari,"Mozilla/5.0 (Macintosh; Intel Mac OS X 10_15_7) AppleWebKit/605.1.15 (KHTML, like Gecko) Version/17.6 Safari/605.1.15",60,,,,,,,,,,,,,,,,,,,,,,,,,,,,,,,,,,,,,,,,,,,,,,,,,,,,,,,,,,,,,,,,,,,,,,,,,,,,,,,,,,,,,,,,,,,,,,,,,,,,,,,,,,,,,,,,,,,,,,,,,,,,,,,,,,,,,,,,,,,,,,,,,37,0,37,0,1,,,,,,,,,,,,,,,,,,
,,,,,,,,,,,,,,,,,107,4,2024-09-05_15h33.34.906,Symbol-E,2020.1.3,MacIntel,Safari,"Mozilla/5.0 (Macintosh; Intel Mac OS X 10_15_7) AppleWebKit/605.1.15 (KHTML, like Gecko) Version/17.6 Safari/605.1.15",60,,,,,,,,,,,,,,,,,,,,,,,,,,,,,,,,,,,,media/djnb.png,7,3,Symb,l,TR,0,0,1,0,8,0,38,0,1,1,0.53148519,u,1.438,5,0,,,,,,,,,,,,,,,,,,,,,,,,,,,,,,,,,,,,,,,,,,,,,,,,,,,,,,,,,,,,,,,,,,,,,,,,,,,,,,,,,,u,0,,,,,,,,,,,1.438,0,0,0,0,1,,,,,,,,,,,,
,,,,,,,,,,,,,,,,,107,4,2024-09-05_15h33.34.906,Symbol-E,2020.1.3,MacIntel,Safari,"Mozilla/5.0 (Macintosh; Intel Mac OS X 10_15_7) AppleWebKit/605.1.15 (KHTML, like Gecko) Version/17.6 Safari/605.1.15",60,,,,,,,,,,,,,,,,,,,,,,,,,,,,,,,,,,,,,,,,,,,,,,,,,,,,,,,,,,,,,,,,,,,,,,,,,,,,,,,,,,,,,,,,,,,,,,,,,,,,,,,,,,,,,,,,,,,,,,,,,,,,,,,,,,,,,,,,,,,,,,,,,38,0,38,0,1,,,,,,,,,,,,,,,,,,
,,,,,,,,,,,,,,,,,107,4,2024-09-05_15h33.34.906,Symbol-E,2020.1.3,MacIntel,Safari,"Mozilla/5.0 (Macintosh; Intel Mac OS X 10_15_7) AppleWebKit/605.1.15 (KHTML, like Gecko) Version/17.6 Safari/605.1.15",60,,,,,,,,,,,,,,,,,,,,,,,,,,,,,,,,,,,,media/dnnb.png,6,2,Symb,i,TR,0,0,1,0,8,0,39,0,1,1,0.924529693,i,1.406,6,1,,,,,,,,,,,,,,,,,,,,,,,,,,,,,,,,,,,,,,,,,,,,,,,,,,,,,,,,,,,,,,,,,,,,,,,,,,,,,,,,,,i,1,,,,,,,,,,,1.406,0,0,0,0,1,,,,,,,,,,,,
,,,,,,,,,,,,,,,,,107,4,2024-09-05_15h33.34.906,Symbol-E,2020.1.3,MacIntel,Safari,"Mozilla/5.0 (Macintosh; Intel Mac OS X 10_15_7) AppleWebKit/605.1.15 (KHTML, like Gecko) Version/17.6 Safari/605.1.15",60,,,,,,,,,,,,,,,,,,,,,,,,,,,,,,,,,,,,,,,,,,,,,,,,,,,,,,,,,,,,,,,,,,,,,,,,,,,,,,,,,,,,,,,,,,,,,,,,,,,,,,,,,,,,,,,,,,,,,,,,,,,,,,,,,,,,,,,,,,,,,,,,,39,0,39,0,1,,,,,,,,,,,,,,,,,,
,,,,,,,,,,,,,,,,,107,4,2024-09-05_15h33.34.906,Symbol-E,2020.1.3,MacIntel,Safari,"Mozilla/5.0 (Macintosh; Intel Mac OS X 10_15_7) AppleWebKit/605.1.15 (KHTML, like Gecko) Version/17.6 Safari/605.1.15",60,,,,,,,,,,,,,,,,,,,,,,,,,,,,,,,,,,,,media/ddnb.png,4,0,Symb,h,TR,0,0,1,0,8,0,40,0,1,1,0.67710728,h,1.405,4,1,,,,,,,,,,,,,,,,,,,,,,,,,,,,,,,,,,,,,,,,,,,,,,,,,,,,,,,,,,,,,,,,,,,,,,,,,,,,,,,,,,h,1,,,,,,,,,,,1.405,0,0,0,0,1,,,,,,,,,,,,
,,,,,,,,,,,,,,,,,107,4,2024-09-05_15h33.34.906,Symbol-E,2020.1.3,MacIntel,Safari,"Mozilla/5.0 (Macintosh; Intel Mac OS X 10_15_7) AppleWebKit/605.1.15 (KHTML, like Gecko) Version/17.6 Safari/605.1.15",60,,,,,,,,,,,,,,,,,,,,,,,,,,,,,,,,,,,,,,,,,,,,,,,,,,,,,,,,,,,,,,,,,,,,,,,,,,,,,,,,,,,,,,,,,,,,,,,,,,,,,,,,,,,,,,,,,,,,,,,,,,,,,,,,,,,,,,,,,,,,,,,,,40,0,40,0,1,,,,,,,,,,,,,,,,,,
,,,,,,,,,,,,,,,,,107,4,2024-09-05_15h33.34.906,Symbol-E,2020.1.3,MacIntel,Safari,"Mozilla/5.0 (Macintosh; Intel Mac OS X 10_15_7) AppleWebKit/605.1.15 (KHTML, like Gecko) Version/17.6 Safari/605.1.15",60,,,,,,,,,,,,,,,,,,,,,,,,,,,,,,,,,,,,media/dfnb.png,1,1,Symb,w,TR,0,0,1,0,8,0,41,0,1,1,0.313874514,u,1.404,5,0,,,,,,,,,,,,,,,,,,,,,,,,,,,,,,,,,,,,,,,,,,,,,,,,,,,,,,,,,,,,,,,,,,,,,,,,,,,,,,,,,,u,0,,,,,,,,,,,1.404,0,0,0,0,1,,,,,,,,,,,,
,,,,,,,,,,,,,,,,,107,4,2024-09-05_15h33.34.906,Symbol-E,2020.1.3,MacIntel,Safari,"Mozilla/5.0 (Macintosh; Intel Mac OS X 10_15_7) AppleWebKit/605.1.15 (KHTML, like Gecko) Version/17.6 Safari/605.1.15",60,,,,,,,,,,,,,,,,,,,,,,,,,,,,,,,,,,,,,,,,,,,,,,,,,,,,,,,,,,,,,,,,,,,,,,,,,,,,,,,,,,,,,,,,,,,,,,,,,,,,,,,,,,,,,,,,,,,,,,,,,,,,,,,,,,,,,,,,,,,,,,,,,41,0,41,0,1,,,,,,,,,,,,,,,,,,
,,,,,,,,,,,,,,,,,107,4,2024-09-05_15h33.34.906,Symbol-E,2020.1.3,MacIntel,Safari,"Mozilla/5.0 (Macintosh; Intel Mac OS X 10_15_7) AppleWebKit/605.1.15 (KHTML, like Gecko) Version/17.6 Safari/605.1.15",60,,,,,,,,,,,,,,,,,,,,,,,,,,,,,,,,,,,,media/dgnb.png,5,1,Symb,u,TR,0,0,1,0,8,0,42,0,1,1,0.538907722,a,1.376,0,0,,,,,,,,,,,,,,,,,,,,,,,,,,,,,,,,,,,,,,,,,,,,,,,,,,,,,,,,,,,,,,,,,,,,,,,,,,,,,,,,,,a,0,,,,,,,,,,,1.376,0,0,0,0,1,,,,,,,,,,,,
,,,,,,,,,,,,,,,,,107,4,2024-09-05_15h33.34.906,Symbol-E,2020.1.3,MacIntel,Safari,"Mozilla/5.0 (Macintosh; Intel Mac OS X 10_15_7) AppleWebKit/605.1.15 (KHTML, like Gecko) Version/17.6 Safari/605.1.15",60,,,,,,,,,,,,,,,,,,,,,,,,,,,,,,,,,,,,,,,,,,,,,,,,,,,,,,,,,,,,,,,,,,,,,,,,,,,,,,,,,,,,,,,,,,,,,,,,,,,,,,,,,,,,,,,,,,,,,,,,,,,,,,,,,,,,,,,,,,,,,,,,,42,0,42,0,1,,,,,,,,,,,,,,,,,,
,,,,,,,,,,,,,,,,,107,4,2024-09-05_15h33.34.906,Symbol-E,2020.1.3,MacIntel,Safari,"Mozilla/5.0 (Macintosh; Intel Mac OS X 10_15_7) AppleWebKit/605.1.15 (KHTML, like Gecko) Version/17.6 Safari/605.1.15",60,,,,,,,,,,,,,,,,,,,,,,,,,,,,,,,,,,,,media/dinb.png,3,3,Symb,f,TR,0,0,1,0,8,0,43,0,1,1,0.969484525,u,1.45,5,0,,,,,,,,,,,,,,,,,,,,,,,,,,,,,,,,,,,,,,,,,,,,,,,,,,,,,,,,,,,,,,,,,,,,,,,,,,,,,,,,,,u,0,,,,,,,,,,,1.45,0,0,0,0,1,,,,,,,,,,,,
,,,,,,,,,,,,,,,,,107,4,2024-09-05_15h33.34.906,Symbol-E,2020.1.3,MacIntel,Safari,"Mozilla/5.0 (Macintosh; Intel Mac OS X 10_15_7) AppleWebKit/605.1.15 (KHTML, like Gecko) Version/17.6 Safari/605.1.15",60,,,,,,,,,,,,,,,,,,,,,,,,,,,,,,,,,,,,,,,,,,,,,,,,,,,,,,,,,,,,,,,,,,,,,,,,,,,,,,,,,,,,,,,,,,,,,,,,,,,,,,,,,,,,,,,,,,,,,,,,,,,,,,,,,,,,,,,,,,,,,,,,,43,0,43,0,1,,,,,,,,,,,,,,,,,,
,,,,,,,,,,,,,,,,,107,4,2024-09-05_15h33.34.906,Symbol-E,2020.1.3,MacIntel,Safari,"Mozilla/5.0 (Macintosh; Intel Mac OS X 10_15_7) AppleWebKit/605.1.15 (KHTML, like Gecko) Version/17.6 Safari/605.1.15",60,,,,,,,,,,,,,,,,,,,,,,,,,,,,,,,,,,,,media/dcnb.png,0,0,Symb,a,TR,0,0,1,0,8,0,44,0,1,1,1.17915561,a,1.454,0,1,,,,,,,,,,,,,,,,,,,,,,,,,,,,,,,,,,,,,,,,,,,,,,,,,,,,,,,,,,,,,,,,,,,,,,,,,,,,,,,,,,a,1,,,,,,,,,,,1.454,0,0,0,0,1,,,,,,,,,,,,
,,,,,,,,,,,,,,,,,107,4,2024-09-05_15h33.34.906,Symbol-E,2020.1.3,MacIntel,Safari,"Mozilla/5.0 (Macintosh; Intel Mac OS X 10_15_7) AppleWebKit/605.1.15 (KHTML, like Gecko) Version/17.6 Safari/605.1.15",60,,,,,,,,,,,,,,,,,,,,,,,,,,,,,,,,,,,,,,,,,,,,,,,,,,,,,,,,,,,,,,,,,,,,,,,,,,,,,,,,,,,,,,,,,,,,,,,,,,,,,,,,,,,,,,,,,,,,,,,,,,,,,,,,,,,,,,,,,,,,,,,,,44,0,44,0,1,,,,,,,,,,,,,,,,,,
,,,,,,,,,,,,,,,,,107,4,2024-09-05_15h33.34.906,Symbol-E,2020.1.3,MacIntel,Safari,"Mozilla/5.0 (Macintosh; Intel Mac OS X 10_15_7) AppleWebKit/605.1.15 (KHTML, like Gecko) Version/17.6 Safari/605.1.15",60,,,,,,,,,,,,,,,,,,,,,,,,,,,,,,,,,,,,media/dmnb.png,2,2,Symb,e,TR,0,0,1,0,8,0,45,0,1,1,0.442961459,e,1.423,2,1,,,,,,,,,,,,,,,,,,,,,,,,,,,,,,,,,,,,,,,,,,,,,,,,,,,,,,,,,,,,,,,,,,,,,,,,,,,,,,,,,,e,1,,,,,,,,,,,1.423,0,0,0,0,1,,,,,,,,,,,,
,,,,,,,,,,,,,,,,,107,4,2024-09-05_15h33.34.906,Symbol-E,2020.1.3,MacIntel,Safari,"Mozilla/5.0 (Macintosh; Intel Mac OS X 10_15_7) AppleWebKit/605.1.15 (KHTML, like Gecko) Version/17.6 Safari/605.1.15",60,,,,,,,,,,,,,,,,,,,,,,,,,,,,,,,,,,,,,,,,,,,,,,,,,,,,,,,,,,,,,,,,,,,,,,,,,,,,,,,,,,,,,,,,,,,,,,,,,,,,,,,,,,,,,,,,,,,,,,,,,,,,,,,,,,,,,,,,,,,,,,,,,45,0,45,0,1,,,,,,,,,,,,,,,,,,
,,,,,,,,,,,,,,,,,107,4,2024-09-05_15h33.34.906,Symbol-E,2020.1.3,MacIntel,Safari,"Mozilla/5.0 (Macintosh; Intel Mac OS X 10_15_7) AppleWebKit/605.1.15 (KHTML, like Gecko) Version/17.6 Safari/605.1.15",60,,,,,,,,,,,,,,,,,,,,,,,,,,,,,,,,,,,,media/dgnb.png,5,1,Symb,u,TR,0,0,1,0,8,0,46,0,1,1,0.359931488,w,1.304,1,0,,,,,,,,,,,,,,,,,,,,,,,,,,,,,,,,,,,,,,,,,,,,,,,,,,,,,,,,,,,,,,,,,,,,,,,,,,,,,,,,,,w,0,,,,,,,,,,,1.304,0,0,0,0,1,,,,,,,,,,,,
,,,,,,,,,,,,,,,,,107,4,2024-09-05_15h33.34.906,Symbol-E,2020.1.3,MacIntel,Safari,"Mozilla/5.0 (Macintosh; Intel Mac OS X 10_15_7) AppleWebKit/605.1.15 (KHTML, like Gecko) Version/17.6 Safari/605.1.15",60,,,,,,,,,,,,,,,,,,,,,,,,,,,,,,,,,,,,,,,,,,,,,,,,,,,,,,,,,,,,,,,,,,,,,,,,,,,,,,,,,,,,,,,,,,,,,,,,,,,,,,,,,,,,,,,,,,,,,,,,,,,,,,,,,,,,,,,,,,,,,,,,,46,0,46,0,1,,,,,,,,,,,,,,,,,,
,,,,,,,,,,,,,,,,,107,4,2024-09-05_15h33.34.906,Symbol-E,2020.1.3,MacIntel,Safari,"Mozilla/5.0 (Macintosh; Intel Mac OS X 10_15_7) AppleWebKit/605.1.15 (KHTML, like Gecko) Version/17.6 Safari/605.1.15",60,,,,,,,,,,,,,,,,,,,,,,,,,,,,,,,,,,,,media/dfnb.png,1,1,Symb,w,TR,0,0,1,0,8,0,47,0,1,1,0.603617958,i,1.385,6,0,,,,,,,,,,,,,,,,,,,,,,,,,,,,,,,,,,,,,,,,,,,,,,,,,,,,,,,,,,,,,,,,,,,,,,,,,,,,,,,,,,i,0,,,,,,,,,,,1.385,0,0,0,0,1,,,,,,,,,,,,
,,,,,,,,,,,,,,,,,107,4,2024-09-05_15h33.34.906,Symbol-E,2020.1.3,MacIntel,Safari,"Mozilla/5.0 (Macintosh; Intel Mac OS X 10_15_7) AppleWebKit/605.1.15 (KHTML, like Gecko) Version/17.6 Safari/605.1.15",60,,,,,,,,,,,,,,,,,,,,,,,,,,,,,,,,,,,,,,,,,,,,,,,,,,,,,,,,,,,,,,,,,,,,,,,,,,,,,,,,,,,,,,,,,,,,,,,,,,,,,,,,,,,,,,,,,,,,,,,,,,,,,,,,,,,,,,,,,,,,,,,,,47,0,47,0,1,,,,,,,,,,,,,,,,,,
,,,,,,,,,,,,,,,,,107,4,2024-09-05_15h33.34.906,Symbol-E,2020.1.3,MacIntel,Safari,"Mozilla/5.0 (Macintosh; Intel Mac OS X 10_15_7) AppleWebKit/605.1.15 (KHTML, like Gecko) Version/17.6 Safari/605.1.15",60,,,,,,,,,,,,,,,,,,,,,,,,,,,,,,,,,,,,media/dfnb.png,1,1,Symb,w,TR,0,0,1,0,8,0,48,0,1,1,0.282467892,w,1.325,1,1,,,,,,,,,,,,,,,,,,,,,,,,,,,,,,,,,,,,,,,,,,,,,,,,,,,,,,,,,,,,,,,,,,,,,,,,,,,,,,,,,,w,1,,,,,,,,,,,1.325,0,0,0,0,1,,,,,,,,,,,,
,,,,,,,,,,,,,,,,,107,4,2024-09-05_15h33.34.906,Symbol-E,2020.1.3,MacIntel,Safari,"Mozilla/5.0 (Macintosh; Intel Mac OS X 10_15_7) AppleWebKit/605.1.15 (KHTML, like Gecko) Version/17.6 Safari/605.1.15",60,,,,,,,,,,,,,,,,,,,,,,,,,,,,,,,,,,,,,,,,,,,,,,,,,,,,,,,,,,,,,,,,,,,,,,,,,,,,,,,,,,,,,,,,,,,,,,,,,,,,,,,,,,,,,,,,,,,,,,,,,,,,,,,,,,,,,,,,,,,,,,,,,48,0,48,0,1,,,,,,,,,,,,,,,,,,
,,,,,,,,,,,,,,,,,107,4,2024-09-05_15h33.34.906,Symbol-E,2020.1.3,MacIntel,Safari,"Mozilla/5.0 (Macintosh; Intel Mac OS X 10_15_7) AppleWebKit/605.1.15 (KHTML, like Gecko) Version/17.6 Safari/605.1.15",60,,,,,,,,,,,,,,,,,,,,,,,,,,,,,,,,,,,,media/dnnb.png,6,2,Symb,i,TR,0,0,1,0,8,0,49,0,1,1,0.440455586,u,1.426,5,0,,,,,,,,,,,,,,,,,,,,,,,,,,,,,,,,,,,,,,,,,,,,,,,,,,,,,,,,,,,,,,,,,,,,,,,,,,,,,,,,,,u,0,,,,,,,,,,,1.426,0,0,0,0,1,,,,,,,,,,,,
,,,,,,,,,,,,,,,,,107,4,2024-09-05_15h33.34.906,Symbol-E,2020.1.3,MacIntel,Safari,"Mozilla/5.0 (Macintosh; Intel Mac OS X 10_15_7) AppleWebKit/605.1.15 (KHTML, like Gecko) Version/17.6 Safari/605.1.15",60,,,,,,,,,,,,,,,,,,,,,,,,,,,,,,,,,,,,,,,,,,,,,,,,,,,,,,,,,,,,,,,,,,,,,,,,,,,,,,,,,,,,,,,,,,,,,,,,,,,,,,,,,,,,,,,,,,,,,,,,,,,,,,,,,,,,,,,,,,,,,,,,,49,0,49,0,1,,,,,,,,,,,,,,,,,,
,,,,,,,,,,,,,,,,,107,4,2024-09-05_15h33.34.906,Symbol-E,2020.1.3,MacIntel,Safari,"Mozilla/5.0 (Macintosh; Intel Mac OS X 10_15_7) AppleWebKit/605.1.15 (KHTML, like Gecko) Version/17.6 Safari/605.1.15",60,,,,,,,,,,,,,,,,,,,,,,,,,,,,,,,,,,,,media/ddnb.png,4,0,Symb,h,TR,0,0,1,0,8,0,50,0,1,1,0.134848895,i,1.386,6,0,,,,,,,,,,,,,,,,,,,,,,,,,,,,,,,,,,,,,,,,,,,,,,,,,,,,,,,,,,,,,,,,,,,,,,,,,,,,,,,,,,i,0,,,,,,,,,,,1.386,0,0,0,0,1,,,,,,,,,,,,
,,,,,,,,,,,,,,,,,107,4,2024-09-05_15h33.34.906,Symbol-E,2020.1.3,MacIntel,Safari,"Mozilla/5.0 (Macintosh; Intel Mac OS X 10_15_7) AppleWebKit/605.1.15 (KHTML, like Gecko) Version/17.6 Safari/605.1.15",60,,,,,,,,,,,,,,,,,,,,,,,,,,,,,,,,,,,,,,,,,,,,,,,,,,,,,,,,,,,,,,,,,,,,,,,,,,,,,,,,,,,,,,,,,,,,,,,,,,,,,,,,,,,,,,,,,,,,,,,,,,,,,,,,,,,,,,,,,,,,,,,,,50,0,50,0,1,,,,,,,,,,,,,,,,,,
,,,,,,,,,,,,,,,,,107,4,2024-09-05_15h33.34.906,Symbol-E,2020.1.3,MacIntel,Safari,"Mozilla/5.0 (Macintosh; Intel Mac OS X 10_15_7) AppleWebKit/605.1.15 (KHTML, like Gecko) Version/17.6 Safari/605.1.15",60,,,,,,,,,,,,,,,,,,,,,,,,,,,,,,,,,,,,media/djnb.png,7,3,Symb,l,TR,0,0,1,0,8,0,51,0,1,1,0.633917571,a,1.342,0,0,,,,,,,,,,,,,,,,,,,,,,,,,,,,,,,,,,,,,,,,,,,,,,,,,,,,,,,,,,,,,,,,,,,,,,,,,,,,,,,,,,a,0,,,,,,,,,,,1.342,0,0,0,0,1,,,,,,,,,,,,
,,,,,,,,,,,,,,,,,107,4,2024-09-05_15h33.34.906,Symbol-E,2020.1.3,MacIntel,Safari,"Mozilla/5.0 (Macintosh; Intel Mac OS X 10_15_7) AppleWebKit/605.1.15 (KHTML, like Gecko) Version/17.6 Safari/605.1.15",60,,,,,,,,,,,,,,,,,,,,,,,,,,,,,,,,,,,,,,,,,,,,,,,,,,,,,,,,,,,,,,,,,,,,,,,,,,,,,,,,,,,,,,,,,,,,,,,,,,,,,,,,,,,,,,,,,,,,,,,,,,,,,,,,,,,,,,,,,,,,,,,,,51,0,51,0,1,,,,,,,,,,,,,,,,,,
,,,,,,,,,,,,,,,,,107,4,2024-09-05_15h33.34.906,Symbol-E,2020.1.3,MacIntel,Safari,"Mozilla/5.0 (Macintosh; Intel Mac OS X 10_15_7) AppleWebKit/605.1.15 (KHTML, like Gecko) Version/17.6 Safari/605.1.15",60,,,,,,,,,,,,,,,,,,,,,,,,,,,,,,,,,,,,media/dnnb.png,6,2,Symb,i,TR,0,0,1,0,8,0,52,0,1,1,0.162668768,u,1.39,5,0,,,,,,,,,,,,,,,,,,,,,,,,,,,,,,,,,,,,,,,,,,,,,,,,,,,,,,,,,,,,,,,,,,,,,,,,,,,,,,,,,,u,0,,,,,,,,,,,1.39,0,0,0,0,1,,,,,,,,,,,,
,,,,,,,,,,,,,,,,,107,4,2024-09-05_15h33.34.906,Symbol-E,2020.1.3,MacIntel,Safari,"Mozilla/5.0 (Macintosh; Intel Mac OS X 10_15_7) AppleWebKit/605.1.15 (KHTML, like Gecko) Version/17.6 Safari/605.1.15",60,,,,,,,,,,,,,,,,,,,,,,,,,,,,,,,,,,,,,,,,,,,,,,,,,,,,,,,,,,,,,,,,,,,,,,,,,,,,,,,,,,,,,,,,,,,,,,,,,,,,,,,,,,,,,,,,,,,,,,,,,,,,,,,,,,,,,,,,,,,,,,,,,52,0,52,0,1,,,,,,,,,,,,,,,,,,
,,,,,,,,,,,,,,,,,107,4,2024-09-05_15h33.34.906,Symbol-E,2020.1.3,MacIntel,Safari,"Mozilla/5.0 (Macintosh; Intel Mac OS X 10_15_7) AppleWebKit/605.1.15 (KHTML, like Gecko) Version/17.6 Safari/605.1.15",60,,,,,,,,,,,,,,,,,,,,,,,,,,,,,,,,,,,,media/dinb.png,3,3,Symb,f,TR,0,0,1,0,8,0,53,0,1,1,1.03505138,i,1.4,6,0,,,,,,,,,,,,,,,,,,,,,,,,,,,,,,,,,,,,,,,,,,,,,,,,,,,,,,,,,,,,,,,,,,,,,,,,,,,,,,,,,,i,0,,,,,,,,,,,1.4,0,0,0,0,1,,,,,,,,,,,,
,,,,,,,,,,,,,,,,,107,4,2024-09-05_15h33.34.906,Symbol-E,2020.1.3,MacIntel,Safari,"Mozilla/5.0 (Macintosh; Intel Mac OS X 10_15_7) AppleWebKit/605.1.15 (KHTML, like Gecko) Version/17.6 Safari/605.1.15",60,,,,,,,,,,,,,,,,,,,,,,,,,,,,,,,,,,,,,,,,,,,,,,,,,,,,,,,,,,,,,,,,,,,,,,,,,,,,,,,,,,,,,,,,,,,,,,,,,,,,,,,,,,,,,,,,,,,,,,,,,,,,,,,,,,,,,,,,,,,,,,,,,53,0,53,0,1,,,,,,,,,,,,,,,,,,
,,,,,,,,,,,,,,,,,107,4,2024-09-05_15h33.34.906,Symbol-E,2020.1.3,MacIntel,Safari,"Mozilla/5.0 (Macintosh; Intel Mac OS X 10_15_7) AppleWebKit/605.1.15 (KHTML, like Gecko) Version/17.6 Safari/605.1.15",60,,,,,,,,,,,,,,,,,,,,,,,,,,,,,,,,,,,,media/dfnb.png,1,1,Symb,w,TR,0,0,1,0,8,0,54,0,1,1,0.772645536,w,1.357,1,1,,,,,,,,,,,,,,,,,,,,,,,,,,,,,,,,,,,,,,,,,,,,,,,,,,,,,,,,,,,,,,,,,,,,,,,,,,,,,,,,,,w,1,,,,,,,,,,,1.357,0,0,0,0,1,,,,,,,,,,,,
,,,,,,,,,,,,,,,,,107,4,2024-09-05_15h33.34.906,Symbol-E,2020.1.3,MacIntel,Safari,"Mozilla/5.0 (Macintosh; Intel Mac OS X 10_15_7) AppleWebKit/605.1.15 (KHTML, like Gecko) Version/17.6 Safari/605.1.15",60,,,,,,,,,,,,,,,,,,,,,,,,,,,,,,,,,,,,,,,,,,,,,,,,,,,,,,,,,,,,,,,,,,,,,,,,,,,,,,,,,,,,,,,,,,,,,,,,,,,,,,,,,,,,,,,,,,,,,,,,,,,,,,,,,,,,,,,,,,,,,,,,,54,0,54,0,1,,,,,,,,,,,,,,,,,,
,,,,,,,,,,,,,,,,,107,4,2024-09-05_15h33.34.906,Symbol-E,2020.1.3,MacIntel,Safari,"Mozilla/5.0 (Macintosh; Intel Mac OS X 10_15_7) AppleWebKit/605.1.15 (KHTML, like Gecko) Version/17.6 Safari/605.1.15",60,,,,,,,,,,,,,,,,,,,,,,,,,,,,,,,,,,,,media/dinb.png,3,3,Symb,f,TR,0,0,1,0,8,0,55,0,1,1,0.030023534,u,1.438,5,0,,,,,,,,,,,,,,,,,,,,,,,,,,,,,,,,,,,,,,,,,,,,,,,,,,,,,,,,,,,,,,,,,,,,,,,,,,,,,,,,,,u,0,,,,,,,,,,,1.438,0,0,0,0,1,,,,,,,,,,,,
,,,,,,,,,,,,,,,,,107,4,2024-09-05_15h33.34.906,Symbol-E,2020.1.3,MacIntel,Safari,"Mozilla/5.0 (Macintosh; Intel Mac OS X 10_15_7) AppleWebKit/605.1.15 (KHTML, like Gecko) Version/17.6 Safari/605.1.15",60,,,,,,,,,,,,,,,,,,,,,,,,,,,,,,,,,,,,,,,,,,,,,,,,,,,,,,,,,,,,,,,,,,,,,,,,,,,,,,,,,,,,,,,,,,,,,,,,,,,,,,,,,,,,,,,,,,,,,,,,,,,,,,,,,,,,,,,,,,,,,,,,,55,0,55,0,1,,,,,,,,,,,,,,,,,,
,,,,,,,,,,,,,,,,,107,4,2024-09-05_15h33.34.906,Symbol-E,2020.1.3,MacIntel,Safari,"Mozilla/5.0 (Macintosh; Intel Mac OS X 10_15_7) AppleWebKit/605.1.15 (KHTML, like Gecko) Version/17.6 Safari/605.1.15",60,,,,,,,,,,,,,,,,,,,,,,,,,,,,,,,,,,,,media/dmnb.png,2,2,Symb,e,TR,0,0,1,0,8,0,56,0,1,1,0.374319112,i,1.187,6,0,,,,,,,,,,,,,,,,,,,,,,,,,,,,,,,,,,,,,,,,,,,,,,,,,,,,,,,,,,,,,,,,,,,,,,,,,,,,,,,,,,i,0,,,,,,,,,,,1.187,0,0,0,0,1,,,,,,,,,,,,
,,,,,,,,,,,,,,,,,107,4,2024-09-05_15h33.34.906,Symbol-E,2020.1.3,MacIntel,Safari,"Mozilla/5.0 (Macintosh; Intel Mac OS X 10_15_7) AppleWebKit/605.1.15 (KHTML, like Gecko) Version/17.6 Safari/605.1.15",60,,,,,,,,,,,,,,,,,,,,,,,,,,,,,,,,,,,,,,,,,,,,,,,,,,,,,,,,,,,,,,,,,,,,,,,,,,,,,,,,,,,,,,,,,,,,,,,,,,,,,,,,,,,,,,,,,,,,,,,,,,,,,,,,,,,,,,,,,,,,,,,,,56,0,56,0,1,,,,,,,,,,,,,,,,,,
,,,,,,,,,,,,,,,,,107,4,2024-09-05_15h33.34.906,Symbol-E,2020.1.3,MacIntel,Safari,"Mozilla/5.0 (Macintosh; Intel Mac OS X 10_15_7) AppleWebKit/605.1.15 (KHTML, like Gecko) Version/17.6 Safari/605.1.15",60,,,,,,,,,,,,,,,,,,,,,,,,,,,,,,,,,,,,media/dgnb.png,5,1,Symb,u,TR,0,0,1,0,8,0,57,0,1,1,0.462391174,a,1.388,0,0,,,,,,,,,,,,,,,,,,,,,,,,,,,,,,,,,,,,,,,,,,,,,,,,,,,,,,,,,,,,,,,,,,,,,,,,,,,,,,,,,,a,0,,,,,,,,,,,1.388,0,0,0,0,1,,,,,,,,,,,,
,,,,,,,,,,,,,,,,,107,4,2024-09-05_15h33.34.906,Symbol-E,2020.1.3,MacIntel,Safari,"Mozilla/5.0 (Macintosh; Intel Mac OS X 10_15_7) AppleWebKit/605.1.15 (KHTML, like Gecko) Version/17.6 Safari/605.1.15",60,,,,,,,,,,,,,,,,,,,,,,,,,,,,,,,,,,,,,,,,,,,,,,,,,,,,,,,,,,,,,,,,,,,,,,,,,,,,,,,,,,,,,,,,,,,,,,,,,,,,,,,,,,,,,,,,,,,,,,,,,,,,,,,,,,,,,,,,,,,,,,,,,57,0,57,0,1,,,,,,,,,,,,,,,,,,
,,,,,,,,,,,,,,,,,107,4,2024-09-05_15h33.34.906,Symbol-E,2020.1.3,MacIntel,Safari,"Mozilla/5.0 (Macintosh; Intel Mac OS X 10_15_7) AppleWebKit/605.1.15 (KHTML, like Gecko) Version/17.6 Safari/605.1.15",60,,,,,,,,,,,,,,,,,,,,,,,,,,,,,,,,,,,,media/dmnb.png,2,2,Symb,e,TR,0,0,1,0,8,0,58,0,1,1,0.688165645,u,1.186,5,0,,,,,,,,,,,,,,,,,,,,,,,,,,,,,,,,,,,,,,,,,,,,,,,,,,,,,,,,,,,,,,,,,,,,,,,,,,,,,,,,,,u,0,,,,,,,,,,,1.186,0,0,0,0,1,,,,,,,,,,,,
,,,,,,,,,,,,,,,,,107,4,2024-09-05_15h33.34.906,Symbol-E,2020.1.3,MacIntel,Safari,"Mozilla/5.0 (Macintosh; Intel Mac OS X 10_15_7) AppleWebKit/605.1.15 (KHTML, like Gecko) Version/17.6 Safari/605.1.15",60,,,,,,,,,,,,,,,,,,,,,,,,,,,,,,,,,,,,,,,,,,,,,,,,,,,,,,,,,,,,,,,,,,,,,,,,,,,,,,,,,,,,,,,,,,,,,,,,,,,,,,,,,,,,,,,,,,,,,,,,,,,,,,,,,,,,,,,,,,,,,,,,,58,0,58,0,1,,,,,,,,,,,,,,,,,,
,,,,,,,,,,,,,,,,,107,4,2024-09-05_15h33.34.906,Symbol-E,2020.1.3,MacIntel,Safari,"Mozilla/5.0 (Macintosh; Intel Mac OS X 10_15_7) AppleWebKit/605.1.15 (KHTML, like Gecko) Version/17.6 Safari/605.1.15",60,,,,,,,,,,,,,,,,,,,,,,,,,,,,,,,,,,,,media/ddnb.png,4,0,Symb,h,TR,0,0,1,0,8,0,59,0,1,1,0.484107448,f,1.437,3,0,,,,,,,,,,,,,,,,,,,,,,,,,,,,,,,,,,,,,,,,,,,,,,,,,,,,,,,,,,,,,,,,,,,,,,,,,,,,,,,,,,f,0,,,,,,,,,,,1.437,0,0,0,0,1,,,,,,,,,,,,
,,,,,,,,,,,,,,,,,107,4,2024-09-05_15h33.34.906,Symbol-E,2020.1.3,MacIntel,Safari,"Mozilla/5.0 (Macintosh; Intel Mac OS X 10_15_7) AppleWebKit/605.1.15 (KHTML, like Gecko) Version/17.6 Safari/605.1.15",60,,,,,,,,,,,,,,,,,,,,,,,,,,,,,,,,,,,,,,,,,,,,,,,,,,,,,,,,,,,,,,,,,,,,,,,,,,,,,,,,,,,,,,,,,,,,,,,,,,,,,,,,,,,,,,,,,,,,,,,,,,,,,,,,,,,,,,,,,,,,,,,,,59,0,59,0,1,,,,,,,,,,,,,,,,,,
,,,,,,,,,,,,,,,,,107,4,2024-09-05_15h33.34.906,Symbol-E,2020.1.3,MacIntel,Safari,"Mozilla/5.0 (Macintosh; Intel Mac OS X 10_15_7) AppleWebKit/605.1.15 (KHTML, like Gecko) Version/17.6 Safari/605.1.15",60,,,,,,,,,,,,,,,,,,,,,,,,,,,,,,,,,,,,media/dcnb.png,0,0,Symb,a,TR,0,0,1,0,8,0,60,0,1,1,0.516242443,a,1.367,0,1,,,,,,,,,,,,,,,,,,,,,,,,,,,,,,,,,,,,,,,,,,,,,,,,,,,,,,,,,,,,,,,,,,,,,,,,,,,,,,,,,,a,1,,,,,,,,,,,1.367,0,0,0,0,1,,,,,,,,,,,,
,,,,,,,,,,,,,,,,,107,4,2024-09-05_15h33.34.906,Symbol-E,2020.1.3,MacIntel,Safari,"Mozilla/5.0 (Macintosh; Intel Mac OS X 10_15_7) AppleWebKit/605.1.15 (KHTML, like Gecko) Version/17.6 Safari/605.1.15",60,,,,,,,,,,,,,,,,,,,,,,,,,,,,,,,,,,,,,,,,,,,,,,,,,,,,,,,,,,,,,,,,,,,,,,,,,,,,,,,,,,,,,,,,,,,,,,,,,,,,,,,,,,,,,,,,,,,,,,,,,,,,,,,,,,,,,,,,,,,,,,,,,60,0,60,0,1,,,,,,,,,,,,,,,,,,
,,,,,,,,,,,,,,,,,107,4,2024-09-05_15h33.34.906,Symbol-E,2020.1.3,MacIntel,Safari,"Mozilla/5.0 (Macintosh; Intel Mac OS X 10_15_7) AppleWebKit/605.1.15 (KHTML, like Gecko) Version/17.6 Safari/605.1.15",60,,,,,,,,,,,,,,,,,,,,,,,,,,,,,,,,,,,,media/djnb.png,7,3,Symb,l,TR,0,0,1,0,8,0,61,0,1,1,1.145939319,u,1.388,5,0,,,,,,,,,,,,,,,,,,,,,,,,,,,,,,,,,,,,,,,,,,,,,,,,,,,,,,,,,,,,,,,,,,,,,,,,,,,,,,,,,,u,0,,,,,,,,,,,1.388,0,0,0,0,1,,,,,,,,,,,,
,,,,,,,,,,,,,,,,,107,4,2024-09-05_15h33.34.906,Symbol-E,2020.1.3,MacIntel,Safari,"Mozilla/5.0 (Macintosh; Intel Mac OS X 10_15_7) AppleWebKit/605.1.15 (KHTML, like Gecko) Version/17.6 Safari/605.1.15",60,,,,,,,,,,,,,,,,,,,,,,,,,,,,,,,,,,,,,,,,,,,,,,,,,,,,,,,,,,,,,,,,,,,,,,,,,,,,,,,,,,,,,,,,,,,,,,,,,,,,,,,,,,,,,,,,,,,,,,,,,,,,,,,,,,,,,,,,,,,,,,,,,61,0,61,0,1,,,,,,,,,,,,,,,,,,
,,,,,,,,,,,,,,,,,107,4,2024-09-05_15h33.34.906,Symbol-E,2020.1.3,MacIntel,Safari,"Mozilla/5.0 (Macintosh; Intel Mac OS X 10_15_7) AppleWebKit/605.1.15 (KHTML, like Gecko) Version/17.6 Safari/605.1.15",60,,,,,,,,,,,,,,,,,,,,,,,,,,,,,,,,,,,,media/dcnb.png,0,0,Symb,a,TR,0,0,1,0,8,0,62,0,1,1,0.230372984,l,1.206,7,0,,,,,,,,,,,,,,,,,,,,,,,,,,,,,,,,,,,,,,,,,,,,,,,,,,,,,,,,,,,,,,,,,,,,,,,,,,,,,,,,,,l,0,,,,,,,,,,,1.206,0,0,0,0,1,,,,,,,,,,,,
,,,,,,,,,,,,,,,,,107,4,2024-09-05_15h33.34.906,Symbol-E,2020.1.3,MacIntel,Safari,"Mozilla/5.0 (Macintosh; Intel Mac OS X 10_15_7) AppleWebKit/605.1.15 (KHTML, like Gecko) Version/17.6 Safari/605.1.15",60,,,,,,,,,,,,,,,,,,,,,,,,,,,,,,,,,,,,,,,,,,,,,,,,,,,,,,,,,,,,,,,,,,,,,,,,,,,,,,,,,,,,,,,,,,,,,,,,,,,,,,,,,,,,,,,,,,,,,,,,,,,,,,,,,,,,,,,,,,,,,,,,,62,0,62,0,1,,,,,,,,,,,,,,,,,,
,,,,,,,,,,,,,,,,,107,4,2024-09-05_15h33.34.906,Symbol-E,2020.1.3,MacIntel,Safari,"Mozilla/5.0 (Macintosh; Intel Mac OS X 10_15_7) AppleWebKit/605.1.15 (KHTML, like Gecko) Version/17.6 Safari/605.1.15",60,,,,,,,,,,,,,,,,,,,,,,,,,,,,,,,,,,,,media/dgnb.png,5,1,Symb,u,TR,0,0,1,0,8,0,63,0,1,1,0.813461892,i,1.357,6,0,,,,,,,,,,,,,,,,,,,,,,,,,,,,,,,,,,,,,,,,,,,,,,,,,,,,,,,,,,,,,,,,,,,,,,,,,,,,,,,,,,i,0,,,,,,,,,,,1.357,0,0,0,0,1,,,,,,,,,,,,
,,,,,,,,,,,,,,,,,107,4,2024-09-05_15h33.34.906,Symbol-E,2020.1.3,MacIntel,Safari,"Mozilla/5.0 (Macintosh; Intel Mac OS X 10_15_7) AppleWebKit/605.1.15 (KHTML, like Gecko) Version/17.6 Safari/605.1.15",60,,,,,,,,,,,,,,,,,,,,,,,,,,,,,,,,,,,,,,,,,,,,,,,,,,,,,,,,,,,,,,,,,,,,,,,,,,,,,,,,,,,,,,,,,,,,,,,,,,,,,,,,,,,,,,,,,,,,,,,,,,,,,,,,,,,,,,,,,,,,,,,,,63,0,63,0,1,,,,,,,,,,,,,,,,,,
,,,,,,,,,,,,,,,,,107,4,2024-09-05_15h33.34.906,Symbol-E,2020.1.3,MacIntel,Safari,"Mozilla/5.0 (Macintosh; Intel Mac OS X 10_15_7) AppleWebKit/605.1.15 (KHTML, like Gecko) Version/17.6 Safari/605.1.15",60,,,,,,,,,,,,,,,,,,,,,,,,,,,,,,,,,,,,media/dmnb.png,2,2,Symb,e,TR,0,0,1,0,8,0,64,0,1,1,0.278902567,f,1.286,3,0,,,,,,,,,,,,,,,,,,,,,,,,,,,,,,,,,,,,,,,,,,,,,,,,,,,,,,,,,,,,,,,,,,,,,,,,,,,,,,,,,,f,0,,,,,,,,,,,1.286,0,0,0,0,1,,,,,,,,,,,,
,,,,,,,,,,,,,,,,,107,4,2024-09-05_15h33.34.906,Symbol-E,2020.1.3,MacIntel,Safari,"Mozilla/5.0 (Macintosh; Intel Mac OS X 10_15_7) AppleWebKit/605.1.15 (KHTML, like Gecko) Version/17.6 Safari/605.1.15",60,,,,,,,,,,,,,,,,,,,,,,,,,,,,,,,,,,,,,,,,,,,,,,,,,,,,,,,,,,,,,,,,,,,,,,,,,,,,,,,,,,,,,,,,,,,,,,,,,,,,,,,,,,,,,,,,,,,,,,,,,,,,,,,,,,,,,,,,,,,,,,,,,64,0,64,0,1,,,,,,,,,,,,,,,,,,
,,,,,,,,,,,,,,,,,107,4,2024-09-05_15h33.34.906,Symbol-E,2020.1.3,MacIntel,Safari,"Mozilla/5.0 (Macintosh; Intel Mac OS X 10_15_7) AppleWebKit/605.1.15 (KHTML, like Gecko) Version/17.6 Safari/605.1.15",60,,,,,,,,,,,,,,,,,,,,,,,,,,,,,,,,,,,,media/dfnb.png,1,1,Symb,w,TR,0,0,1,0,8,0,65,0,1,1,0.928194731,u,1.405,5,0,,,,,,,,,,,,,,,,,,,,,,,,,,,,,,,,,,,,,,,,,,,,,,,,,,,,,,,,,,,,,,,,,,,,,,,,,,,,,,,,,,u,0,,,,,,,,,,,1.405,0,0,0,0,1,,,,,,,,,,,,
,,,,,,,,,,,,,,,,,107,4,2024-09-05_15h33.34.906,Symbol-E,2020.1.3,MacIntel,Safari,"Mozilla/5.0 (Macintosh; Intel Mac OS X 10_15_7) AppleWebKit/605.1.15 (KHTML, like Gecko) Version/17.6 Safari/605.1.15",60,,,,,,,,,,,,,,,,,,,,,,,,,,,,,,,,,,,,,,,,,,,,,,,,,,,,,,,,,,,,,,,,,,,,,,,,,,,,,,,,,,,,,,,,,,,,,,,,,,,,,,,,,,,,,,,,,,,,,,,,,,,,,,,,,,,,,,,,,,,,,,,,,65,0,65,0,1,,,,,,,,,,,,,,,,,,
,,,,,,,,,,,,,,,,,107,4,2024-09-05_15h33.34.906,Symbol-E,2020.1.3,MacIntel,Safari,"Mozilla/5.0 (Macintosh; Intel Mac OS X 10_15_7) AppleWebKit/605.1.15 (KHTML, like Gecko) Version/17.6 Safari/605.1.15",60,,,,,,,,,,,,,,,,,,,,,,,,,,,,,,,,,,,,media/dfnb.png,1,1,Symb,w,TR,0,0,1,0,8,0,66,0,1,1,0.522305622,u,1.426,5,0,,,,,,,,,,,,,,,,,,,,,,,,,,,,,,,,,,,,,,,,,,,,,,,,,,,,,,,,,,,,,,,,,,,,,,,,,,,,,,,,,,u,0,,,,,,,,,,,1.426,0,0,0,0,1,,,,,,,,,,,,
,,,,,,,,,,,,,,,,,107,4,2024-09-05_15h33.34.906,Symbol-E,2020.1.3,MacIntel,Safari,"Mozilla/5.0 (Macintosh; Intel Mac OS X 10_15_7) AppleWebKit/605.1.15 (KHTML, like Gecko) Version/17.6 Safari/605.1.15",60,,,,,,,,,,,,,,,,,,,,,,,,,,,,,,,,,,,,,,,,,,,,,,,,,,,,,,,,,,,,,,,,,,,,,,,,,,,,,,,,,,,,,,,,,,,,,,,,,,,,,,,,,,,,,,,,,,,,,,,,,,,,,,,,,,,,,,,,,,,,,,,,,66,0,66,0,1,,,,,,,,,,,,,,,,,,
,,,,,,,,,,,,,,,,,107,4,2024-09-05_15h33.34.906,Symbol-E,2020.1.3,MacIntel,Safari,"Mozilla/5.0 (Macintosh; Intel Mac OS X 10_15_7) AppleWebKit/605.1.15 (KHTML, like Gecko) Version/17.6 Safari/605.1.15",60,,,,,,,,,,,,,,,,,,,,,,,,,,,,,,,,,,,,media/dmnb.png,2,2,Symb,e,TR,0,0,1,0,8,0,67,0,1,1,1.077377885,e,1.334,2,1,,,,,,,,,,,,,,,,,,,,,,,,,,,,,,,,,,,,,,,,,,,,,,,,,,,,,,,,,,,,,,,,,,,,,,,,,,,,,,,,,,e,1,,,,,,,,,,,1.334,0,0,0,0,1,,,,,,,,,,,,
,,,,,,,,,,,,,,,,,107,4,2024-09-05_15h33.34.906,Symbol-E,2020.1.3,MacIntel,Safari,"Mozilla/5.0 (Macintosh; Intel Mac OS X 10_15_7) AppleWebKit/605.1.15 (KHTML, like Gecko) Version/17.6 Safari/605.1.15",60,,,,,,,,,,,,,,,,,,,,,,,,,,,,,,,,,,,,,,,,,,,,,,,,,,,,,,,,,,,,,,,,,,,,,,,,,,,,,,,,,,,,,,,,,,,,,,,,,,,,,,,,,,,,,,,,,,,,,,,,,,,,,,,,,,,,,,,,,,,,,,,,,67,0,67,0,1,,,,,,,,,,,,,,,,,,
,,,,,,,,,,,,,,,,,107,4,2024-09-05_15h33.34.906,Symbol-E,2020.1.3,MacIntel,Safari,"Mozilla/5.0 (Macintosh; Intel Mac OS X 10_15_7) AppleWebKit/605.1.15 (KHTML, like Gecko) Version/17.6 Safari/605.1.15",60,,,,,,,,,,,,,,,,,,,,,,,,,,,,,,,,,,,,media/ddnb.png,4,0,Symb,h,TR,0,0,1,0,8,0,68,0,1,1,1.112563211,w,1.386,1,0,,,,,,,,,,,,,,,,,,,,,,,,,,,,,,,,,,,,,,,,,,,,,,,,,,,,,,,,,,,,,,,,,,,,,,,,,,,,,,,,,,w,0,,,,,,,,,,,1.386,0,0,0,0,1,,,,,,,,,,,,
,,,,,,,,,,,,,,,,,107,4,2024-09-05_15h33.34.906,Symbol-E,2020.1.3,MacIntel,Safari,"Mozilla/5.0 (Macintosh; Intel Mac OS X 10_15_7) AppleWebKit/605.1.15 (KHTML, like Gecko) Version/17.6 Safari/605.1.15",60,,,,,,,,,,,,,,,,,,,,,,,,,,,,,,,,,,,,,,,,,,,,,,,,,,,,,,,,,,,,,,,,,,,,,,,,,,,,,,,,,,,,,,,,,,,,,,,,,,,,,,,,,,,,,,,,,,,,,,,,,,,,,,,,,,,,,,,,,,,,,,,,,68,0,68,0,1,,,,,,,,,,,,,,,,,,
,,,,,,,,,,,,,,,,,107,4,2024-09-05_15h33.34.906,Symbol-E,2020.1.3,MacIntel,Safari,"Mozilla/5.0 (Macintosh; Intel Mac OS X 10_15_7) AppleWebKit/605.1.15 (KHTML, like Gecko) Version/17.6 Safari/605.1.15",60,,,,,,,,,,,,,,,,,,,,,,,,,,,,,,,,,,,,media/dgnb.png,5,1,Symb,u,TR,0,0,1,0,8,0,69,0,1,1,0.156302309,a,99,8,0,,,,,,,,,,,,,,,,,,,,,,,,,,,,,,,h,1.702,,,,,,,,,,,,,,,,,,,,,,,,,,,,,,,,,,,,,,,,,,,,,,,,,,,0,0,0,0,0,1,,,,,,,,,,,,,,,,,,,,,,,
,,,,,,,,,,,,,,,,,107,4,2024-09-05_15h33.34.906,Symbol-E,2020.1.3,MacIntel,Safari,"Mozilla/5.0 (Macintosh; Intel Mac OS X 10_15_7) AppleWebKit/605.1.15 (KHTML, like Gecko) Version/17.6 Safari/605.1.15",60,,,,,,,,,,,,,,,,,,,,,,,,,,,,,,,,,,,,,,,,,,,,,,,,,,,,,,,,,,,,,,,,,,,,,,,,,,,,,,,,,,,,,,,,,,,,,,,,,,,,,,,,,,,,,,,,,,,,,,,,,,,,,,,,,,,,,,,,,,,,,,,,,69,0,69,0,1,,,,,,,,,,,,,,,,,,
,,,,,,,,,,,,,,,,,107,4,2024-09-05_15h33.34.906,Symbol-E,2020.1.3,MacIntel,Safari,"Mozilla/5.0 (Macintosh; Intel Mac OS X 10_15_7) AppleWebKit/605.1.15 (KHTML, like Gecko) Version/17.6 Safari/605.1.15",60,,,,,,,,,,,,,,,,,,,,,,,,,,,,,,,,,,,,media/dnnb.png,6,2,Symb,i,TR,0,0,1,0,8,0,70,0,1,1,1.169431134,e,1.42,2,0,,,,,,,,,,,,,,,,,,,,,,,,,,,,,,,,,,,,,,,,,,,,,,,,,,,,,,,,,,,,,,,,,,,,,,,,,,,,,,,,,,e,0,,,,,,,,,,,1.42,0,0,0,0,1,,,,,,,,,,,,
,,,,,,,,,,,,,,,,,107,4,2024-09-05_15h33.34.906,Symbol-E,2020.1.3,MacIntel,Safari,"Mozilla/5.0 (Macintosh; Intel Mac OS X 10_15_7) AppleWebKit/605.1.15 (KHTML, like Gecko) Version/17.6 Safari/605.1.15",60,,,,,,,,,,,,,,,,,,,,,,,,,,,,,,,,,,,,,,,,,,,,,,,,,,,,,,,,,,,,,,,,,,,,,,,,,,,,,,,,,,,,,,,,,,,,,,,,,,,,,,,,,,,,,,,,,,,,,,,,,,,,,,,,,,,,,,,,,,,,,,,,,70,0,70,0,1,,,,,,,,,,,,,,,,,,
,,,,,,,,,,,,,,,,,107,4,2024-09-05_15h33.34.906,Symbol-E,2020.1.3,MacIntel,Safari,"Mozilla/5.0 (Macintosh; Intel Mac OS X 10_15_7) AppleWebKit/605.1.15 (KHTML, like Gecko) Version/17.6 Safari/605.1.15",60,,,,,,,,,,,,,,,,,,,,,,,,,,,,,,,,,,,,media/djnb.png,7,3,Symb,l,TR,0,0,1,0,8,0,71,0,1,1,0.171191769,a,1.288,0,0,,,,,,,,,,,,,,,,,,,,,,,,,,,,,,,,,,,,,,,,,,,,,,,,,,,,,,,,,,,,,,,,,,,,,,,,,,,,,,,,,,a,0,,,,,,,,,,,1.288,0,0,0,0,1,,,,,,,,,,,,
,,,,,,,,,,,,,,,,,107,4,2024-09-05_15h33.34.906,Symbol-E,2020.1.3,MacIntel,Safari,"Mozilla/5.0 (Macintosh; Intel Mac OS X 10_15_7) AppleWebKit/605.1.15 (KHTML, like Gecko) Version/17.6 Safari/605.1.15",60,,,,,,,,,,,,,,,,,,,,,,,,,,,,,,,,,,,,,,,,,,,,,,,,,,,,,,,,,,,,,,,,,,,,,,,,,,,,,,,,,,,,,,,,,,,,,,,,,,,,,,,,,,,,,,,,,,,,,,,,,,,,,,,,,,,,,,,,,,,,,,,,,71,0,71,0,1,,,,,,,,,,,,,,,,,,
,,,,,,,,,,,,,,,,,107,4,2024-09-05_15h33.34.906,Symbol-E,2020.1.3,MacIntel,Safari,"Mozilla/5.0 (Macintosh; Intel Mac OS X 10_15_7) AppleWebKit/605.1.15 (KHTML, like Gecko) Version/17.6 Safari/605.1.15",60,,,,,,,,,,,,,,,,,,,,,,,,,,,,,,,,,,,,media/dcnb.png,0,0,Symb,a,TR,0,0,1,0,8,0,72,0,1,1,0.136765527,h,1.337,4,0,,,,,,,,,,,,,,,,,,,,,,,,,,,,,,,,,,,,,,,,,,,,,,,,,,,,,,,,,,,,,,,,,,,,,,,,,,,,,,,,,,h,0,,,,,,,,,,,1.337,0,0,0,0,1,,,,,,,,,,,,
,,,,,,,,,,,,,,,,,107,4,2024-09-05_15h33.34.906,Symbol-E,2020.1.3,MacIntel,Safari,"Mozilla/5.0 (Macintosh; Intel Mac OS X 10_15_7) AppleWebKit/605.1.15 (KHTML, like Gecko) Version/17.6 Safari/605.1.15",60,,,,,,,,,,,,,,,,,,,,,,,,,,,,,,,,,,,,,,,,,,,,,,,,,,,,,,,,,,,,,,,,,,,,,,,,,,,,,,,,,,,,,,,,,,,,,,,,,,,,,,,,,,,,,,,,,,,,,,,,,,,,,,,,,,,,,,,,,,,,,,,,,72,0,72,0,1,,,,,,,,,,,,,,,,,,
,,,,,,,,,,,,,,,,,107,4,2024-09-05_15h33.34.906,Symbol-E,2020.1.3,MacIntel,Safari,"Mozilla/5.0 (Macintosh; Intel Mac OS X 10_15_7) AppleWebKit/605.1.15 (KHTML, like Gecko) Version/17.6 Safari/605.1.15",60,,,,,,,,,,,,,,,,,,,,,,,,,,,,,,,,,,,,media/dnnb.png,6,2,Symb,i,TR,0,0,1,0,8,0,73,0,1,1,0.028344915,w,1.387,1,0,,,,,,,,,,,,,,,,,,,,,,,,,,,,,,,,,,,,,,,,,,,,,,,,,,,,,,,,,,,,,,,,,,,,,,,,,,,,,,,,,,w,0,,,,,,,,,,,1.387,0,0,0,0,1,,,,,,,,,,,,
,,,,,,,,,,,,,,,,,107,4,2024-09-05_15h33.34.906,Symbol-E,2020.1.3,MacIntel,Safari,"Mozilla/5.0 (Macintosh; Intel Mac OS X 10_15_7) AppleWebKit/605.1.15 (KHTML, like Gecko) Version/17.6 Safari/605.1.15",60,,,,,,,,,,,,,,,,,,,,,,,,,,,,,,,,,,,,,,,,,,,,,,,,,,,,,,,,,,,,,,,,,,,,,,,,,,,,,,,,,,,,,,,,,,,,,,,,,,,,,,,,,,,,,,,,,,,,,,,,,,,,,,,,,,,,,,,,,,,,,,,,,73,0,73,0,1,,,,,,,,,,,,,,,,,,
,,,,,,,,,,,,,,,,,107,4,2024-09-05_15h33.34.906,Symbol-E,2020.1.3,MacIntel,Safari,"Mozilla/5.0 (Macintosh; Intel Mac OS X 10_15_7) AppleWebKit/605.1.15 (KHTML, like Gecko) Version/17.6 Safari/605.1.15",60,,,,,,,,,,,,,,,,,,,,,,,,,,,,,,,,,,,,media/dcnb.png,0,0,Symb,a,TR,0,0,1,0,8,0,74,0,1,1,0.724601877,a,1.371,0,1,,,,,,,,,,,,,,,,,,,,,,,,,,,,,,,,,,,,,,,,,,,,,,,,,,,,,,,,,,,,,,,,,,,,,,,,,,,,,,,,,,a,1,,,,,,,,,,,1.371,0,0,0,0,1,,,,,,,,,,,,
,,,,,,,,,,,,,,,,,107,4,2024-09-05_15h33.34.906,Symbol-E,2020.1.3,MacIntel,Safari,"Mozilla/5.0 (Macintosh; Intel Mac OS X 10_15_7) AppleWebKit/605.1.15 (KHTML, like Gecko) Version/17.6 Safari/605.1.15",60,,,,,,,,,,,,,,,,,,,,,,,,,,,,,,,,,,,,,,,,,,,,,,,,,,,,,,,,,,,,,,,,,,,,,,,,,,,,,,,,,,,,,,,,,,,,,,,,,,,,,,,,,,,,,,,,,,,,,,,,,,,,,,,,,,,,,,,,,,,,,,,,,74,0,74,0,1,,,,,,,,,,,,,,,,,,
,,,,,,,,,,,,,,,,,107,4,2024-09-05_15h33.34.906,Symbol-E,2020.1.3,MacIntel,Safari,"Mozilla/5.0 (Macintosh; Intel Mac OS X 10_15_7) AppleWebKit/605.1.15 (KHTML, like Gecko) Version/17.6 Safari/605.1.15",60,,,,,,,,,,,,,,,,,,,,,,,,,,,,,,,,,,,,media/dinb.png,3,3,Symb,f,TR,0,0,1,0,8,0,75,0,1,1,0.319484348,i,1.235,6,0,,,,,,,,,,,,,,,,,,,,,,,,,,,,,,,,,,,,,,,,,,,,,,,,,,,,,,,,,,,,,,,,,,,,,,,,,,,,,,,,,,i,0,,,,,,,,,,,1.235,0,0,0,0,1,,,,,,,,,,,,
,,,,,,,,,,,,,,,,,107,4,2024-09-05_15h33.34.906,Symbol-E,2020.1.3,MacIntel,Safari,"Mozilla/5.0 (Macintosh; Intel Mac OS X 10_15_7) AppleWebKit/605.1.15 (KHTML, like Gecko) Version/17.6 Safari/605.1.15",60,,,,,,,,,,,,,,,,,,,,,,,,,,,,,,,,,,,,,,,,,,,,,,,,,,,,,,,,,,,,,,,,,,,,,,,,,,,,,,,,,,,,,,,,,,,,,,,,,,,,,,,,,,,,,,,,,,,,,,,,,,,,,,,,,,,,,,,,,,,,,,,,,75,0,75,0,1,,,,,,,,,,,,,,,,,,
,,,,,,,,,,,,,,,,,107,4,2024-09-05_15h33.34.906,Symbol-E,2020.1.3,MacIntel,Safari,"Mozilla/5.0 (Macintosh; Intel Mac OS X 10_15_7) AppleWebKit/605.1.15 (KHTML, like Gecko) Version/17.6 Safari/605.1.15",60,,,,,,,,,,,,,,,,,,,,,,,,,,,,,,,,,,,,media/djnb.png,7,3,Symb,l,TR,0,0,1,0,8,0,76,0,1,1,0.07172629,u,1.377,5,0,,,,,,,,,,,,,,,,,,,,,,,,,,,,,,,,,,,,,,,,,,,,,,,,,,,,,,,,,,,,,,,,,,,,,,,,,,,,,,,,,,u,0,,,,,,,,,,,1.377,0,0,0,0,1,,,,,,,,,,,,
,,,,,,,,,,,,,,,,,107,4,2024-09-05_15h33.34.906,Symbol-E,2020.1.3,MacIntel,Safari,"Mozilla/5.0 (Macintosh; Intel Mac OS X 10_15_7) AppleWebKit/605.1.15 (KHTML, like Gecko) Version/17.6 Safari/605.1.15",60,,,,,,,,,,,,,,,,,,,,,,,,,,,,,,,,,,,,,,,,,,,,,,,,,,,,,,,,,,,,,,,,,,,,,,,,,,,,,,,,,,,,,,,,,,,,,,,,,,,,,,,,,,,,,,,,,,,,,,,,,,,,,,,,,,,,,,,,,,,,,,,,,76,0,76,0,1,,,,,,,,,,,,,,,,,,
,,,,,,,,,,,,,,,,,107,4,2024-09-05_15h33.34.906,Symbol-E,2020.1.3,MacIntel,Safari,"Mozilla/5.0 (Macintosh; Intel Mac OS X 10_15_7) AppleWebKit/605.1.15 (KHTML, like Gecko) Version/17.6 Safari/605.1.15",60,,,,,,,,,,,,,,,,,,,,,,,,,,,,,,,,,,,,media/dinb.png,3,3,Symb,f,TR,0,0,1,0,8,0,77,0,1,1,0.520918845,l,1.354,7,0,,,,,,,,,,,,,,,,,,,,,,,,,,,,,,,,,,,,,,,,,,,,,,,,,,,,,,,,,,,,,,,,,,,,,,,,,,,,,,,,,,l,0,,,,,,,,,,,1.354,0,0,0,0,1,,,,,,,,,,,,
,,,,,,,,,,,,,,,,,107,4,2024-09-05_15h33.34.906,Symbol-E,2020.1.3,MacIntel,Safari,"Mozilla/5.0 (Macintosh; Intel Mac OS X 10_15_7) AppleWebKit/605.1.15 (KHTML, like Gecko) Version/17.6 Safari/605.1.15",60,,,,,,,,,,,,,,,,,,,,,,,,,,,,,,,,,,,,,,,,,,,,,,,,,,,,,,,,,,,,,,,,,,,,,,,,,,,,,,,,,,,,,,,,,,,,,,,,,,,,,,,,,,,,,,,,,,,,,,,,,,,,,,,,,,,,,,,,,,,,,,,,,77,0,77,0,1,,,,,,,,,,,,,,,,,,
,,,,,,,,,,,,,,,,,107,4,2024-09-05_15h33.34.906,Symbol-E,2020.1.3,MacIntel,Safari,"Mozilla/5.0 (Macintosh; Intel Mac OS X 10_15_7) AppleWebKit/605.1.15 (KHTML, like Gecko) Version/17.6 Safari/605.1.15",60,,,,,,,,,,,,,,,,,,,,,,,,,,,,,,,,,,,,media/dgnb.png,5,1,Symb,u,TR,0,0,1,0,8,0,78,0,1,1,0.748183485,w,1.303,1,0,,,,,,,,,,,,,,,,,,,,,,,,,,,,,,,,,,,,,,,,,,,,,,,,,,,,,,,,,,,,,,,,,,,,,,,,,,,,,,,,,,w,0,,,,,,,,,,,1.303,0,0,0,0,1,,,,,,,,,,,,
,,,,,,,,,,,,,,,,,107,4,2024-09-05_15h33.34.906,Symbol-E,2020.1.3,MacIntel,Safari,"Mozilla/5.0 (Macintosh; Intel Mac OS X 10_15_7) AppleWebKit/605.1.15 (KHTML, like Gecko) Version/17.6 Safari/605.1.15",60,,,,,,,,,,,,,,,,,,,,,,,,,,,,,,,,,,,,,,,,,,,,,,,,,,,,,,,,,,,,,,,,,,,,,,,,,,,,,,,,,,,,,,,,,,,,,,,,,,,,,,,,,,,,,,,,,,,,,,,,,,,,,,,,,,,,,,,,,,,,,,,,,78,0,78,0,1,,,,,,,,,,,,,,,,,,
,,,,,,,,,,,,,,,,,107,4,2024-09-05_15h33.34.906,Symbol-E,2020.1.3,MacIntel,Safari,"Mozilla/5.0 (Macintosh; Intel Mac OS X 10_15_7) AppleWebKit/605.1.15 (KHTML, like Gecko) Version/17.6 Safari/605.1.15",60,,,,,,,,,,,,,,,,,,,,,,,,,,,,,,,,,,,,media/ddnb.png,4,0,Symb,h,TR,0,0,1,0,8,0,79,0,1,1,0.389228388,e,1.253,2,0,,,,,,,,,,,,,,,,,,,,,,,,,,,,,,,,,,,,,,,,,,,,,,,,,,,,,,,,,,,,,,,,,,,,,,,,,,,,,,,,,,e,0,,,,,,,,,,,1.253,0,0,0,0,1,,,,,,,,,,,,
,,,,,,,,,,,,,,,,,107,4,2024-09-05_15h33.34.906,Symbol-E,2020.1.3,MacIntel,Safari,"Mozilla/5.0 (Macintosh; Intel Mac OS X 10_15_7) AppleWebKit/605.1.15 (KHTML, like Gecko) Version/17.6 Safari/605.1.15",60,,,,,,,,,,,,,,,,,,,,,,,,,,,,,,,,,,,,,,,,,,,,,,,,,,,,,,,,,,,,,,,,,,,,,,,,,,,,,,,,,,,,,,,,,,,,,,,,,,,,,,,,,,,,,,,,,,,,,,,,,,,,,,,,,,,,,,,,,,,,,,,,,79,0,79,0,1,,,,,,,,,,,,,,,,,,
,,,,,,,,,,,,,,,,,107,4,2024-09-05_15h33.34.906,Symbol-E,2020.1.3,MacIntel,Safari,"Mozilla/5.0 (Macintosh; Intel Mac OS X 10_15_7) AppleWebKit/605.1.15 (KHTML, like Gecko) Version/17.6 Safari/605.1.15",60,,,,,,,,,,,,,,,,,,,,,,,,,,,,,,,,,,,,media/dnnb.png,6,2,Symb,i,TR,0,0,1,0,8,0,80,0,1,1,0.28369728,w,1.469,1,0,,,,,,,,,,,,,,,,,,,,,,,,,,,,,,,,,,,,,,,,,,,,,,,,,,,,,,,,,,,,,,,,,,,,,,,,,,,,,,,,,,w,0,,,,,,,,,,,1.469,0,0,0,0,1,,,,,,,,,,,,
,,,,,,,,,,,,,,,,,107,4,2024-09-05_15h33.34.906,Symbol-E,2020.1.3,MacIntel,Safari,"Mozilla/5.0 (Macintosh; Intel Mac OS X 10_15_7) AppleWebKit/605.1.15 (KHTML, like Gecko) Version/17.6 Safari/605.1.15",60,,,,,,,,,,,,,,,,,,,,,,,,,,,,,,,,,,,,,,,,,,,,,,,,,,,,,,,,,,,,,,,,,,,,,,,,,,,,,,,,,,,,,,,,,,,,,,,,,,,,,,,,,,,,,,,,,,,,,,,,,,,,,,,,,,,,,,,,,,,,,,,,,80,0,80,0,1,,,,,,,,,,,,,,,,,,
,,,,,,,,,,,,,,,,,107,4,2024-09-05_15h33.34.906,Symbol-E,2020.1.3,MacIntel,Safari,"Mozilla/5.0 (Macintosh; Intel Mac OS X 10_15_7) AppleWebKit/605.1.15 (KHTML, like Gecko) Version/17.6 Safari/605.1.15",60,,,,,,,,,,,,,,,,,,,,,,,,,,,,,,,,,,,,media/dinb.png,3,3,Symb,f,TR,0,0,1,0,8,0,81,0,1,1,0.629277173,i,1.452,6,0,,,,,,,,,,,,,,,,,,,,,,,,,,,,,,,,,,,,,,,,,,,,,,,,,,,,,,,,,,,,,,,,,,,,,,,,,,,,,,,,,,i,0,,,,,,,,,,,1.452,0,0,0,0,1,,,,,,,,,,,,
,,,,,,,,,,,,,,,,,107,4,2024-09-05_15h33.34.906,Symbol-E,2020.1.3,MacIntel,Safari,"Mozilla/5.0 (Macintosh; Intel Mac OS X 10_15_7) AppleWebKit/605.1.15 (KHTML, like Gecko) Version/17.6 Safari/605.1.15",60,,,,,,,,,,,,,,,,,,,,,,,,,,,,,,,,,,,,,,,,,,,,,,,,,,,,,,,,,,,,,,,,,,,,,,,,,,,,,,,,,,,,,,,,,,,,,,,,,,,,,,,,,,,,,,,,,,,,,,,,,,,,,,,,,,,,,,,,,,,,,,,,,81,0,81,0,1,,,,,,,,,,,,,,,,,,
,,,,,,,,,,,,,,,,,107,4,2024-09-05_15h33.34.906,Symbol-E,2020.1.3,MacIntel,Safari,"Mozilla/5.0 (Macintosh; Intel Mac OS X 10_15_7) AppleWebKit/605.1.15 (KHTML, like Gecko) Version/17.6 Safari/605.1.15",60,,,,,,,,,,,,,,,,,,,,,,,,,,,,,,,,,,,,media/ddnb.png,4,0,Symb,h,TR,0,0,1,0,8,0,82,0,1,1,1.077135497,a,1.357,0,0,,,,,,,,,,,,,,,,,,,,,,,,,,,,,,,,,,,,,,,,,,,,,,,,,,,,,,,,,,,,,,,,,,,,,,,,,,,,,,,,,,a,0,,,,,,,,,,,1.357,0,0,0,0,1,,,,,,,,,,,,
,,,,,,,,,,,,,,,,,107,4,2024-09-05_15h33.34.906,Symbol-E,2020.1.3,MacIntel,Safari,"Mozilla/5.0 (Macintosh; Intel Mac OS X 10_15_7) AppleWebKit/605.1.15 (KHTML, like Gecko) Version/17.6 Safari/605.1.15",60,,,,,,,,,,,,,,,,,,,,,,,,,,,,,,,,,,,,,,,,,,,,,,,,,,,,,,,,,,,,,,,,,,,,,,,,,,,,,,,,,,,,,,,,,,,,,,,,,,,,,,,,,,,,,,,,,,,,,,,,,,,,,,,,,,,,,,,,,,,,,,,,,82,0,82,0,1,,,,,,,,,,,,,,,,,,
,,,,,,,,,,,,,,,,,107,4,2024-09-05_15h33.34.906,Symbol-E,2020.1.3,MacIntel,Safari,"Mozilla/5.0 (Macintosh; Intel Mac OS X 10_15_7) AppleWebKit/605.1.15 (KHTML, like Gecko) Version/17.6 Safari/605.1.15",60,,,,,,,,,,,,,,,,,,,,,,,,,,,,,,,,,,,,media/dcnb.png,0,0,Symb,a,TR,0,0,1,0,8,0,83,0,1,1,0.378404337,h,1.289,4,0,,,,,,,,,,,,,,,,,,,,,,,,,,,,,,,,,,,,,,,,,,,,,,,,,,,,,,,,,,,,,,,,,,,,,,,,,,,,,,,,,,h,0,,,,,,,,,,,1.289,0,0,0,0,1,,,,,,,,,,,,
,,,,,,,,,,,,,,,,,107,4,2024-09-05_15h33.34.906,Symbol-E,2020.1.3,MacIntel,Safari,"Mozilla/5.0 (Macintosh; Intel Mac OS X 10_15_7) AppleWebKit/605.1.15 (KHTML, like Gecko) Version/17.6 Safari/605.1.15",60,,,,,,,,,,,,,,,,,,,,,,,,,,,,,,,,,,,,,,,,,,,,,,,,,,,,,,,,,,,,,,,,,,,,,,,,,,,,,,,,,,,,,,,,,,,,,,,,,,,,,,,,,,,,,,,,,,,,,,,,,,,,,,,,,,,,,,,,,,,,,,,,,83,0,83,0,1,,,,,,,,,,,,,,,,,,
,,,,,,,,,,,,,,,,,107,4,2024-09-05_15h33.34.906,Symbol-E,2020.1.3,MacIntel,Safari,"Mozilla/5.0 (Macintosh; Intel Mac OS X 10_15_7) AppleWebKit/605.1.15 (KHTML, like Gecko) Version/17.6 Safari/605.1.15",60,,,,,,,,,,,,,,,,,,,,,,,,,,,,,,,,,,,,media/dfnb.png,1,1,Symb,w,TR,0,0,1,0,8,0,84,0,1,1,0.419343422,i,1.437,6,0,,,,,,,,,,,,,,,,,,,,,,,,,,,,,,,,,,,,,,,,,,,,,,,,,,,,,,,,,,,,,,,,,,,,,,,,,,,,,,,,,,i,0,,,,,,,,,,,1.437,0,0,0,0,1,,,,,,,,,,,,
,,,,,,,,,,,,,,,,,107,4,2024-09-05_15h33.34.906,Symbol-E,2020.1.3,MacIntel,Safari,"Mozilla/5.0 (Macintosh; Intel Mac OS X 10_15_7) AppleWebKit/605.1.15 (KHTML, like Gecko) Version/17.6 Safari/605.1.15",60,,,,,,,,,,,,,,,,,,,,,,,,,,,,,,,,,,,,,,,,,,,,,,,,,,,,,,,,,,,,,,,,,,,,,,,,,,,,,,,,,,,,,,,,,,,,,,,,,,,,,,,,,,,,,,,,,,,,,,,,,,,,,,,,,,,,,,,,,,,,,,,,,84,0,84,0,1,,,,,,,,,,,,,,,,,,
,,,,,,,,,,,,,,,,,107,4,2024-09-05_15h33.34.906,Symbol-E,2020.1.3,MacIntel,Safari,"Mozilla/5.0 (Macintosh; Intel Mac OS X 10_15_7) AppleWebKit/605.1.15 (KHTML, like Gecko) Version/17.6 Safari/605.1.15",60,,,,,,,,,,,,,,,,,,,,,,,,,,,,,,,,,,,,media/dcnb.png,0,0,Symb,a,TR,0,0,1,0,8,0,85,0,1,1,1.036016571,a,1.272,0,1,,,,,,,,,,,,,,,,,,,,,,,,,,,,,,,,,,,,,,,,,,,,,,,,,,,,,,,,,,,,,,,,,,,,,,,,,,,,,,,,,,a,1,,,,,,,,,,,1.272,0,0,0,0,1,,,,,,,,,,,,
,,,,,,,,,,,,,,,,,107,4,2024-09-05_15h33.34.906,Symbol-E,2020.1.3,MacIntel,Safari,"Mozilla/5.0 (Macintosh; Intel Mac OS X 10_15_7) AppleWebKit/605.1.15 (KHTML, like Gecko) Version/17.6 Safari/605.1.15",60,,,,,,,,,,,,,,,,,,,,,,,,,,,,,,,,,,,,,,,,,,,,,,,,,,,,,,,,,,,,,,,,,,,,,,,,,,,,,,,,,,,,,,,,,,,,,,,,,,,,,,,,,,,,,,,,,,,,,,,,,,,,,,,,,,,,,,,,,,,,,,,,,85,0,85,0,1,,,,,,,,,,,,,,,,,,
,,,,,,,,,,,,,,,,,107,4,2024-09-05_15h33.34.906,Symbol-E,2020.1.3,MacIntel,Safari,"Mozilla/5.0 (Macintosh; Intel Mac OS X 10_15_7) AppleWebKit/605.1.15 (KHTML, like Gecko) Version/17.6 Safari/605.1.15",60,,,,,,,,,,,,,,,,,,,,,,,,,,,,,,,,,,,,media/dmnb.png,2,2,Symb,e,TR,0,0,1,0,8,0,86,0,1,1,0.540507111,e,1.361,2,1,,,,,,,,,,,,,,,,,,,,,,,,,,,,,,,,,,,,,,,,,,,,,,,,,,,,,,,,,,,,,,,,,,,,,,,,,,,,,,,,,,e,1,,,,,,,,,,,1.361,0,0,0,0,1,,,,,,,,,,,,
,,,,,,,,,,,,,,,,,107,4,2024-09-05_15h33.34.906,Symbol-E,2020.1.3,MacIntel,Safari,"Mozilla/5.0 (Macintosh; Intel Mac OS X 10_15_7) AppleWebKit/605.1.15 (KHTML, like Gecko) Version/17.6 Safari/605.1.15",60,,,,,,,,,,,,,,,,,,,,,,,,,,,,,,,,,,,,,,,,,,,,,,,,,,,,,,,,,,,,,,,,,,,,,,,,,,,,,,,,,,,,,,,,,,,,,,,,,,,,,,,,,,,,,,,,,,,,,,,,,,,,,,,,,,,,,,,,,,,,,,,,,86,0,86,0,1,,,,,,,,,,,,,,,,,,
,,,,,,,,,,,,,,,,,107,4,2024-09-05_15h33.34.906,Symbol-E,2020.1.3,MacIntel,Safari,"Mozilla/5.0 (Macintosh; Intel Mac OS X 10_15_7) AppleWebKit/605.1.15 (KHTML, like Gecko) Version/17.6 Safari/605.1.15",60,,,,,,,,,,,,,,,,,,,,,,,,,,,,,,,,,,,,media/dinb.png,3,3,Symb,f,TR,0,0,1,0,8,0,87,0,1,1,0.889138798,h,1.317,4,0,,,,,,,,,,,,,,,,,,,,,,,,,,,,,,,,,,,,,,,,,,,,,,,,,,,,,,,,,,,,,,,,,,,,,,,,,,,,,,,,,,h,0,,,,,,,,,,,1.317,0,0,0,0,1,,,,,,,,,,,,
,,,,,,,,,,,,,,,,,107,4,2024-09-05_15h33.34.906,Symbol-E,2020.1.3,MacIntel,Safari,"Mozilla/5.0 (Macintosh; Intel Mac OS X 10_15_7) AppleWebKit/605.1.15 (KHTML, like Gecko) Version/17.6 Safari/605.1.15",60,,,,,,,,,,,,,,,,,,,,,,,,,,,,,,,,,,,,,,,,,,,,,,,,,,,,,,,,,,,,,,,,,,,,,,,,,,,,,,,,,,,,,,,,,,,,,,,,,,,,,,,,,,,,,,,,,,,,,,,,,,,,,,,,,,,,,,,,,,,,,,,,,87,0,87,0,1,,,,,,,,,,,,,,,,,,
,,,,,,,,,,,,,,,,,107,4,2024-09-05_15h33.34.906,Symbol-E,2020.1.3,MacIntel,Safari,"Mozilla/5.0 (Macintosh; Intel Mac OS X 10_15_7) AppleWebKit/605.1.15 (KHTML, like Gecko) Version/17.6 Safari/605.1.15",60,,,,,,,,,,,,,,,,,,,,,,,,,,,,,,,,,,,,media/djnb.png,7,3,Symb,l,TR,0,0,1,0,8,0,88,0,1,1,0.731912466,w,1.272,1,0,,,,,,,,,,,,,,,,,,,,,,,,,,,,,,,,,,,,,,,,,,,,,,,,,,,,,,,,,,,,,,,,,,,,,,,,,,,,,,,,,,w,0,,,,,,,,,,,1.272,0,0,0,0,1,,,,,,,,,,,,
,,,,,,,,,,,,,,,,,107,4,2024-09-05_15h33.34.906,Symbol-E,2020.1.3,MacIntel,Safari,"Mozilla/5.0 (Macintosh; Intel Mac OS X 10_15_7) AppleWebKit/605.1.15 (KHTML, like Gecko) Version/17.6 Safari/605.1.15",60,,,,,,,,,,,,,,,,,,,,,,,,,,,,,,,,,,,,,,,,,,,,,,,,,,,,,,,,,,,,,,,,,,,,,,,,,,,,,,,,,,,,,,,,,,,,,,,,,,,,,,,,,,,,,,,,,,,,,,,,,,,,,,,,,,,,,,,,,,,,,,,,,88,0,88,0,1,,,,,,,,,,,,,,,,,,
,,,,,,,,,,,,,,,,,107,4,2024-09-05_15h33.34.906,Symbol-E,2020.1.3,MacIntel,Safari,"Mozilla/5.0 (Macintosh; Intel Mac OS X 10_15_7) AppleWebKit/605.1.15 (KHTML, like Gecko) Version/17.6 Safari/605.1.15",60,,,,,,,,,,,,,,,,,,,,,,,,,,,,,,,,,,,,media/dgnb.png,5,1,Symb,u,TR,0,0,1,0,8,0,89,0,1,1,0.675704157,u,1.388,5,1,,,,,,,,,,,,,,,,,,,,,,,,,,,,,,,,,,,,,,,,,,,,,,,,,,,,,,,,,,,,,,,,,,,,,,,,,,,,,,,,,,u,1,,,,,,,,,,,1.388,0,0,0,0,1,,,,,,,,,,,,
,,,,,,,,,,,,,,,,,107,4,2024-09-05_15h33.34.906,Symbol-E,2020.1.3,MacIntel,Safari,"Mozilla/5.0 (Macintosh; Intel Mac OS X 10_15_7) AppleWebKit/605.1.15 (KHTML, like Gecko) Version/17.6 Safari/605.1.15",60,,,,,,,,,,,,,,,,,,,,,,,,,,,,,,,,,,,,,,,,,,,,,,,,,,,,,,,,,,,,,,,,,,,,,,,,,,,,,,,,,,,,,,,,,,,,,,,,,,,,,,,,,,,,,,,,,,,,,,,,,,,,,,,,,,,,,,,,,,,,,,,,,89,0,89,0,1,,,,,,,,,,,,,,,,,,
,,,,,,,,,,,,,,,,,107,4,2024-09-05_15h33.34.906,Symbol-E,2020.1.3,MacIntel,Safari,"Mozilla/5.0 (Macintosh; Intel Mac OS X 10_15_7) AppleWebKit/605.1.15 (KHTML, like Gecko) Version/17.6 Safari/605.1.15",60,,,,,,,,,,,,,,,,,,,,,,,,,,,,,,,,,,,,media/ddnb.png,4,0,Symb,h,TR,0,0,1,0,8,0,90,0,1,1,0.810854744,f,1.31,3,0,,,,,,,,,,,,,,,,,,,,,,,,,,,,,,,,,,,,,,,,,,,,,,,,,,,,,,,,,,,,,,,,,,,,,,,,,,,,,,,,,,f,0,,,,,,,,,,,1.31,0,0,0,0,1,,,,,,,,,,,,
,,,,,,,,,,,,,,,,,107,4,2024-09-05_15h33.34.906,Symbol-E,2020.1.3,MacIntel,Safari,"Mozilla/5.0 (Macintosh; Intel Mac OS X 10_15_7) AppleWebKit/605.1.15 (KHTML, like Gecko) Version/17.6 Safari/605.1.15",60,,,,,,,,,,,,,,,,,,,,,,,,,,,,,,,,,,,,,,,,,,,,,,,,,,,,,,,,,,,,,,,,,,,,,,,,,,,,,,,,,,,,,,,,,,,,,,,,,,,,,,,,,,,,,,,,,,,,,,,,,,,,,,,,,,,,,,,,,,,,,,,,,90,0,90,0,1,,,,,,,,,,,,,,,,,,
,,,,,,,,,,,,,,,,,107,4,2024-09-05_15h33.34.906,Symbol-E,2020.1.3,MacIntel,Safari,"Mozilla/5.0 (Macintosh; Intel Mac OS X 10_15_7) AppleWebKit/605.1.15 (KHTML, like Gecko) Version/17.6 Safari/605.1.15",60,,,,,,,,,,,,,,,,,,,,,,,,,,,,,,,,,,,,media/dnnb.png,6,2,Symb,i,TR,0,0,1,0,8,0,91,0,1,1,0.581942641,i,1.338,6,1,,,,,,,,,,,,,,,,,,,,,,,,,,,,,,,,,,,,,,,,,,,,,,,,,,,,,,,,,,,,,,,,,,,,,,,,,,,,,,,,,,i,1,,,,,,,,,,,1.338,0,0,0,0,1,,,,,,,,,,,,
,,,,,,,,,,,,,,,,,107,4,2024-09-05_15h33.34.906,Symbol-E,2020.1.3,MacIntel,Safari,"Mozilla/5.0 (Macintosh; Intel Mac OS X 10_15_7) AppleWebKit/605.1.15 (KHTML, like Gecko) Version/17.6 Safari/605.1.15",60,,,,,,,,,,,,,,,,,,,,,,,,,,,,,,,,,,,,,,,,,,,,,,,,,,,,,,,,,,,,,,,,,,,,,,,,,,,,,,,,,,,,,,,,,,,,,,,,,,,,,,,,,,,,,,,,,,,,,,,,,,,,,,,,,,,,,,,,,,,,,,,,,91,0,91,0,1,,,,,,,,,,,,,,,,,,
,,,,,,,,,,,,,,,,,107,4,2024-09-05_15h33.34.906,Symbol-E,2020.1.3,MacIntel,Safari,"Mozilla/5.0 (Macintosh; Intel Mac OS X 10_15_7) AppleWebKit/605.1.15 (KHTML, like Gecko) Version/17.6 Safari/605.1.15",60,,,,,,,,,,,,,,,,,,,,,,,,,,,,,,,,,,,,media/djnb.png,7,3,Symb,l,TR,0,0,1,0,8,0,92,0,1,1,0.448027634,l,1.377,7,1,,,,,,,,,,,,,,,,,,,,,,,,,,,,,,,,,,,,,,,,,,,,,,,,,,,,,,,,,,,,,,,,,,,,,,,,,,,,,,,,,,l,1,,,,,,,,,,,1.377,0,0,0,0,1,,,,,,,,,,,,
,,,,,,,,,,,,,,,,,107,4,2024-09-05_15h33.34.906,Symbol-E,2020.1.3,MacIntel,Safari,"Mozilla/5.0 (Macintosh; Intel Mac OS X 10_15_7) AppleWebKit/605.1.15 (KHTML, like Gecko) Version/17.6 Safari/605.1.15",60,,,,,,,,,,,,,,,,,,,,,,,,,,,,,,,,,,,,,,,,,,,,,,,,,,,,,,,,,,,,,,,,,,,,,,,,,,,,,,,,,,,,,,,,,,,,,,,,,,,,,,,,,,,,,,,,,,,,,,,,,,,,,,,,,,,,,,,,,,,,,,,,,92,0,92,0,1,,,,,,,,,,,,,,,,,,
,,,,,,,,,,,,,,,,,107,4,2024-09-05_15h33.34.906,Symbol-E,2020.1.3,MacIntel,Safari,"Mozilla/5.0 (Macintosh; Intel Mac OS X 10_15_7) AppleWebKit/605.1.15 (KHTML, like Gecko) Version/17.6 Safari/605.1.15",60,,,,,,,,,,,,,,,,,,,,,,,,,,,,,,,,,,,,media/dmnb.png,2,2,Symb,e,TR,0,0,1,0,8,0,93,0,1,1,0.080140977,u,1.373,5,0,,,,,,,,,,,,,,,,,,,,,,,,,,,,,,,,,,,,,,,,,,,,,,,,,,,,,,,,,,,,,,,,,,,,,,,,,,,,,,,,,,u,0,,,,,,,,,,,1.373,0,0,0,0,1,,,,,,,,,,,,
,,,,,,,,,,,,,,,,,107,4,2024-09-05_15h33.34.906,Symbol-E,2020.1.3,MacIntel,Safari,"Mozilla/5.0 (Macintosh; Intel Mac OS X 10_15_7) AppleWebKit/605.1.15 (KHTML, like Gecko) Version/17.6 Safari/605.1.15",60,,,,,,,,,,,,,,,,,,,,,,,,,,,,,,,,,,,,,,,,,,,,,,,,,,,,,,,,,,,,,,,,,,,,,,,,,,,,,,,,,,,,,,,,,,,,,,,,,,,,,,,,,,,,,,,,,,,,,,,,,,,,,,,,,,,,,,,,,,,,,,,,,93,0,93,0,1,,,,,,,,,,,,,,,,,,
,,,,,,,,,,,,,,,,,107,4,2024-09-05_15h33.34.906,Symbol-E,2020.1.3,MacIntel,Safari,"Mozilla/5.0 (Macintosh; Intel Mac OS X 10_15_7) AppleWebKit/605.1.15 (KHTML, like Gecko) Version/17.6 Safari/605.1.15",60,,,,,,,,,,,,,,,,,,,,,,,,,,,,,,,,,,,,media/dgnb.png,5,1,Symb,u,TR,0,0,1,0,8,0,94,0,1,1,0.011053936,a,1.453,0,0,,,,,,,,,,,,,,,,,,,,,,,,,,,,,,,,,,,,,,,,,,,,,,,,,,,,,,,,,,,,,,,,,,,,,,,,,,,,,,,,,,a,0,,,,,,,,,,,1.453,0,0,0,0,1,,,,,,,,,,,,
,,,,,,,,,,,,,,,,,107,4,2024-09-05_15h33.34.906,Symbol-E,2020.1.3,MacIntel,Safari,"Mozilla/5.0 (Macintosh; Intel Mac OS X 10_15_7) AppleWebKit/605.1.15 (KHTML, like Gecko) Version/17.6 Safari/605.1.15",60,,,,,,,,,,,,,,,,,,,,,,,,,,,,,,,,,,,,,,,,,,,,,,,,,,,,,,,,,,,,,,,,,,,,,,,,,,,,,,,,,,,,,,,,,,,,,,,,,,,,,,,,,,,,,,,,,,,,,,,,,,,,,,,,,,,,,,,,,,,,,,,,,94,0,94,0,1,,,,,,,,,,,,,,,,,,
,,,,,,,,,,,,,,,,,107,4,2024-09-05_15h33.34.906,Symbol-E,2020.1.3,MacIntel,Safari,"Mozilla/5.0 (Macintosh; Intel Mac OS X 10_15_7) AppleWebKit/605.1.15 (KHTML, like Gecko) Version/17.6 Safari/605.1.15",60,,,,,,,,,,,,,,,,,,,,,,,,,,,,,,,,,,,,media/dfnb.png,1,1,Symb,w,TR,0,0,1,0,8,0,95,0,1,1,1.024106254,e,1.32,2,0,,,,,,,,,,,,,,,,,,,,,,,,,,,,,,,,,,,,,,,,,,,,,,,,,,,,,,,,,,,,,,,,,,,,,,,,,,,,,,,,,,e,0,,,,,,,,,,,1.32,0,0,0,0,1,,,,,,,,,,,,
,,,,,,,,,,,,,,,,,107,4,2024-09-05_15h33.34.906,Symbol-E,2020.1.3,MacIntel,Safari,"Mozilla/5.0 (Macintosh; Intel Mac OS X 10_15_7) AppleWebKit/605.1.15 (KHTML, like Gecko) Version/17.6 Safari/605.1.15",60,,,,,,,,,,,,,,,,,,,,,,,,,,,,,,,,,,,,,,,,,,,,,,,,,,,,,,,,,,,,,,,,,,,,,,,,,,,,,,,,,,,,,,,,,,,,,,,,,,,,,,,,,,,,,,,,,,,,,,,,,,,,,,,,,,,,,,,,,,,,,,,,,95,0,95,0,1,,,,,,,,,,,,,,,,,,
,,,,,,,,,,,,,,,,,107,4,2024-09-05_15h33.34.906,Symbol-E,2020.1.3,MacIntel,Safari,"Mozilla/5.0 (Macintosh; Intel Mac OS X 10_15_7) AppleWebKit/605.1.15 (KHTML, like Gecko) Version/17.6 Safari/605.1.15",60,,,,,,,,,,,,,,,,,,,,,,,,,,,,,,,,,,,,,,,,,,,,,,,,,,,,,,,,,,,,,,,,,,,,,,,,,,,,,,,,,,,,,,,,,,,,,,,,,,,,,,,,,,,,,,,,,,,,,,,,,,,,,,,,,,,,,,,,,,,,,,,,,,,,,,,,,,,,0,0,0,0,1,,,,,,,
,,,,,,,,,,,,,,,,,107,4,2024-09-05_15h33.34.906,Symbol-E,2020.1.3,MacIntel,Safari,"Mozilla/5.0 (Macintosh; Intel Mac OS X 10_15_7) AppleWebKit/605.1.15 (KHTML, like Gecko) Version/17.6 Safari/605.1.15",60,,,,,,,,,,,,,,,,,,,,,,,,,,,,,,,,,,,,media/ddnb.png,4,0,Symb,h,TR,0,0,1,0,8,0,0,0,1,2,0.260981049,e,1.268,2,0,,,,,,,,,,,,,,,,h,0.671,,,,,,,,,,,,,,,,,,,,,,,,,,,,,,,,,,,,,,,,,,,,,,,,,,,,,,,,,,,,,,,,,e,0,,,,,,,,,,,1.268,0,0,0,0,1,,,,,,,,,,,,
,,,,,,,,,,,,,,,,,107,4,2024-09-05_15h33.34.906,Symbol-E,2020.1.3,MacIntel,Safari,"Mozilla/5.0 (Macintosh; Intel Mac OS X 10_15_7) AppleWebKit/605.1.15 (KHTML, like Gecko) Version/17.6 Safari/605.1.15",60,,,,,,,,,,,,,,,,,,,,,,,,,,,,,,,,,,,,,,,,,,,,,,,,,,,,,,,,,,,,,,,,,,,,,,,,,,,,,,,,,,,,,,,,,,,,,,,,,,,,,,,,,,,,,,,,,,,,,,,,,,,,,,,,,,,,,,,,,,,,,,,,,0,0,0,0,1,,,,,,,,,,,,,,,,,,
,,,,,,,,,,,,,,,,,107,4,2024-09-05_15h33.34.906,Symbol-E,2020.1.3,MacIntel,Safari,"Mozilla/5.0 (Macintosh; Intel Mac OS X 10_15_7) AppleWebKit/605.1.15 (KHTML, like Gecko) Version/17.6 Safari/605.1.15",60,,,,,,,,,,,,,,,,,,,,,,,,,,,,,,,,,,,,media/dcnb.png,0,0,Symb,a,TR,0,0,1,0,8,0,1,0,1,2,0.665039556,a,1.304,0,1,,,,,,,,,,,,,,,,,,,,,,,,,,,,,,,,,,,,,,,,,,,,,,,,,,,,,,,,,,,,,,,,,,,,,,,,,,,,,,,,,,a,1,,,,,,,,,,,1.304,0,0,0,0,1,,,,,,,,,,,,
,,,,,,,,,,,,,,,,,107,4,2024-09-05_15h33.34.906,Symbol-E,2020.1.3,MacIntel,Safari,"Mozilla/5.0 (Macintosh; Intel Mac OS X 10_15_7) AppleWebKit/605.1.15 (KHTML, like Gecko) Version/17.6 Safari/605.1.15",60,,,,,,,,,,,,,,,,,,,,,,,,,,,,,,,,,,,,,,,,,,,,,,,,,,,,,,,,,,,,,,,,,,,,,,,,,,,,,,,,,,,,,,,,,,,,,,,,,,,,,,,,,,,,,,,,,,,,,,,,,,,,,,,,,,,,,,,,,,,,,,,,,1,0,1,0,1,,,,,,,,,,,,,,,,,,
,,,,,,,,,,,,,,,,,107,4,2024-09-05_15h33.34.906,Symbol-E,2020.1.3,MacIntel,Safari,"Mozilla/5.0 (Macintosh; Intel Mac OS X 10_15_7) AppleWebKit/605.1.15 (KHTML, like Gecko) Version/17.6 Safari/605.1.15",60,,,,,,,,,,,,,,,,,,,,,,,,,,,,,,,,,,,,media/ddnb.png,4,0,Symb,h,TR,0,0,1,0,8,0,2,0,1,2,0.970826377,h,1.306,4,1,,,,,,,,,,,,,,,,,,,,,,,,,,,,,,,,,,,,,,,,,,,,,,,,,,,,,,,,,,,,,,,,,,,,,,,,,,,,,,,,,,h,1,,,,,,,,,,,1.306,0,0,0,0,1,,,,,,,,,,,,
,,,,,,,,,,,,,,,,,107,4,2024-09-05_15h33.34.906,Symbol-E,2020.1.3,MacIntel,Safari,"Mozilla/5.0 (Macintosh; Intel Mac OS X 10_15_7) AppleWebKit/605.1.15 (KHTML, like Gecko) Version/17.6 Safari/605.1.15",60,,,,,,,,,,,,,,,,,,,,,,,,,,,,,,,,,,,,,,,,,,,,,,,,,,,,,,,,,,,,,,,,,,,,,,,,,,,,,,,,,,,,,,,,,,,,,,,,,,,,,,,,,,,,,,,,,,,,,,,,,,,,,,,,,,,,,,,,,,,,,,,,,2,0,2,0,1,,,,,,,,,,,,,,,,,,
,,,,,,,,,,,,,,,,,107,4,2024-09-05_15h33.34.906,Symbol-E,2020.1.3,MacIntel,Safari,"Mozilla/5.0 (Macintosh; Intel Mac OS X 10_15_7) AppleWebKit/605.1.15 (KHTML, like Gecko) Version/17.6 Safari/605.1.15",60,,,,,,,,,,,,,,,,,,,,,,,,,,,,,,,,,,,,media/dfnb.png,1,1,Symb,w,TR,0,0,1,0,8,0,3,0,1,2,0.880248289,w,1.245,1,1,,,,,,,,,,,,,,,,,,,,,,,,,,,,,,,,,,,,,,,,,,,,,,,,,,,,,,,,,,,,,,,,,,,,,,,,,,,,,,,,,,w,1,,,,,,,,,,,1.245,0,0,0,0,1,,,,,,,,,,,,
,,,,,,,,,,,,,,,,,107,4,2024-09-05_15h33.34.906,Symbol-E,2020.1.3,MacIntel,Safari,"Mozilla/5.0 (Macintosh; Intel Mac OS X 10_15_7) AppleWebKit/605.1.15 (KHTML, like Gecko) Version/17.6 Safari/605.1.15",60,,,,,,,,,,,,,,,,,,,,,,,,,,,,,,,,,,,,,,,,,,,,,,,,,,,,,,,,,,,,,,,,,,,,,,,,,,,,,,,,,,,,,,,,,,,,,,,,,,,,,,,,,,,,,,,,,,,,,,,,,,,,,,,,,,,,,,,,,,,,,,,,,3,0,3,0,1,,,,,,,,,,,,,,,,,,
,,,,,,,,,,,,,,,,,107,4,2024-09-05_15h33.34.906,Symbol-E,2020.1.3,MacIntel,Safari,"Mozilla/5.0 (Macintosh; Intel Mac OS X 10_15_7) AppleWebKit/605.1.15 (KHTML, like Gecko) Version/17.6 Safari/605.1.15",60,,,,,,,,,,,,,,,,,,,,,,,,,,,,,,,,,,,,media/dgnb.png,5,1,Symb,u,TR,0,0,1,0,8,0,4,0,1,2,1.173564329,u,1.367,5,1,,,,,,,,,,,,,,,,,,,,,,,,,,,,,,,,,,,,,,,,,,,,,,,,,,,,,,,,,,,,,,,,,,,,,,,,,,,,,,,,,,u,1,,,,,,,,,,,1.367,0,0,0,0,1,,,,,,,,,,,,
,,,,,,,,,,,,,,,,,107,4,2024-09-05_15h33.34.906,Symbol-E,2020.1.3,MacIntel,Safari,"Mozilla/5.0 (Macintosh; Intel Mac OS X 10_15_7) AppleWebKit/605.1.15 (KHTML, like Gecko) Version/17.6 Safari/605.1.15",60,,,,,,,,,,,,,,,,,,,,,,,,,,,,,,,,,,,,,,,,,,,,,,,,,,,,,,,,,,,,,,,,,,,,,,,,,,,,,,,,,,,,,,,,,,,,,,,,,,,,,,,,,,,,,,,,,,,,,,,,,,,,,,,,,,,,,,,,,,,,,,,,,4,0,4,0,1,,,,,,,,,,,,,,,,,,
,,,,,,,,,,,,,,,,,107,4,2024-09-05_15h33.34.906,Symbol-E,2020.1.3,MacIntel,Safari,"Mozilla/5.0 (Macintosh; Intel Mac OS X 10_15_7) AppleWebKit/605.1.15 (KHTML, like Gecko) Version/17.6 Safari/605.1.15",60,,,,,,,,,,,,,,,,,,,,,,,,,,,,,,,,,,,,media/dfnb.png,1,1,Symb,w,TR,0,0,1,0,8,0,5,0,1,2,0.008087292,i,1.338,6,0,,,,,,,,,,,,,,,,,,,,,,,,,,,,,,,,,,,,,,,,,,,,,,,,,,,,,,,,,,,,,,,,,,,,,,,,,,,,,,,,,,i,0,,,,,,,,,,,1.338,0,0,0,0,1,,,,,,,,,,,,
,,,,,,,,,,,,,,,,,107,4,2024-09-05_15h33.34.906,Symbol-E,2020.1.3,MacIntel,Safari,"Mozilla/5.0 (Macintosh; Intel Mac OS X 10_15_7) AppleWebKit/605.1.15 (KHTML, like Gecko) Version/17.6 Safari/605.1.15",60,,,,,,,,,,,,,,,,,,,,,,,,,,,,,,,,,,,,,,,,,,,,,,,,,,,,,,,,,,,,,,,,,,,,,,,,,,,,,,,,,,,,,,,,,,,,,,,,,,,,,,,,,,,,,,,,,,,,,,,,,,,,,,,,,,,,,,,,,,,,,,,,,5,0,5,0,1,,,,,,,,,,,,,,,,,,
,,,,,,,,,,,,,,,,,107,4,2024-09-05_15h33.34.906,Symbol-E,2020.1.3,MacIntel,Safari,"Mozilla/5.0 (Macintosh; Intel Mac OS X 10_15_7) AppleWebKit/605.1.15 (KHTML, like Gecko) Version/17.6 Safari/605.1.15",60,,,,,,,,,,,,,,,,,,,,,,,,,,,,,,,,,,,,media/dinb.png,3,3,Symb,f,TR,0,0,1,0,8,0,6,0,1,2,0.497471342,e,1.37,2,0,,,,,,,,,,,,,,,,,,,,,,,,,,,,,,,,,,,,,,,,,,,,,,,,,,,,,,,,,,,,,,,,,,,,,,,,,,,,,,,,,,e,0,,,,,,,,,,,1.37,0,0,0,0,1,,,,,,,,,,,,
,,,,,,,,,,,,,,,,,107,4,2024-09-05_15h33.34.906,Symbol-E,2020.1.3,MacIntel,Safari,"Mozilla/5.0 (Macintosh; Intel Mac OS X 10_15_7) AppleWebKit/605.1.15 (KHTML, like Gecko) Version/17.6 Safari/605.1.15",60,,,,,,,,,,,,,,,,,,,,,,,,,,,,,,,,,,,,,,,,,,,,,,,,,,,,,,,,,,,,,,,,,,,,,,,,,,,,,,,,,,,,,,,,,,,,,,,,,,,,,,,,,,,,,,,,,,,,,,,,,,,,,,,,,,,,,,,,,,,,,,,,,6,0,6,0,1,,,,,,,,,,,,,,,,,,
,,,,,,,,,,,,,,,,,107,4,2024-09-05_15h33.34.906,Symbol-E,2020.1.3,MacIntel,Safari,"Mozilla/5.0 (Macintosh; Intel Mac OS X 10_15_7) AppleWebKit/605.1.15 (KHTML, like Gecko) Version/17.6 Safari/605.1.15",60,,,,,,,,,,,,,,,,,,,,,,,,,,,,,,,,,,,,media/djnb.png,7,3,Symb,l,TR,0,0,1,0,8,0,7,0,1,2,0.254386393,a,1.31,0,0,,,,,,,,,,,,,,,,,,,,,,,,,,,,,,,,,,,,,,,,,,,,,,,,,,,,,,,,,,,,,,,,,,,,,,,,,,,,,,,,,,a,0,,,,,,,,,,,1.31,0,0,0,0,1,,,,,,,,,,,,
,,,,,,,,,,,,,,,,,107,4,2024-09-05_15h33.34.906,Symbol-E,2020.1.3,MacIntel,Safari,"Mozilla/5.0 (Macintosh; Intel Mac OS X 10_15_7) AppleWebKit/605.1.15 (KHTML, like Gecko) Version/17.6 Safari/605.1.15",60,,,,,,,,,,,,,,,,,,,,,,,,,,,,,,,,,,,,,,,,,,,,,,,,,,,,,,,,,,,,,,,,,,,,,,,,,,,,,,,,,,,,,,,,,,,,,,,,,,,,,,,,,,,,,,,,,,,,,,,,,,,,,,,,,,,,,,,,,,,,,,,,,7,0,7,0,1,,,,,,,,,,,,,,,,,,
,,,,,,,,,,,,,,,,,107,4,2024-09-05_15h33.34.906,Symbol-E,2020.1.3,MacIntel,Safari,"Mozilla/5.0 (Macintosh; Intel Mac OS X 10_15_7) AppleWebKit/605.1.15 (KHTML, like Gecko) Version/17.6 Safari/605.1.15",60,,,,,,,,,,,,,,,,,,,,,,,,,,,,,,,,,,,,media/dnnb.png,6,2,Symb,i,TR,0,0,1,0,8,0,8,0,1,2,1.046402766,i,1.356,6,1,,,,,,,,,,,,,,,,,,,,,,,,,,,,,,,,,,,,,,,,,,,,,,,,,,,,,,,,,,,,,,,,,,,,,,,,,,,,,,,,,,i,1,,,,,,,,,,,1.356,0,0,0,0,1,,,,,,,,,,,,
,,,,,,,,,,,,,,,,,107,4,2024-09-05_15h33.34.906,Symbol-E,2020.1.3,MacIntel,Safari,"Mozilla/5.0 (Macintosh; Intel Mac OS X 10_15_7) AppleWebKit/605.1.15 (KHTML, like Gecko) Version/17.6 Safari/605.1.15",60,,,,,,,,,,,,,,,,,,,,,,,,,,,,,,,,,,,,,,,,,,,,,,,,,,,,,,,,,,,,,,,,,,,,,,,,,,,,,,,,,,,,,,,,,,,,,,,,,,,,,,,,,,,,,,,,,,,,,,,,,,,,,,,,,,,,,,,,,,,,,,,,,8,0,8,0,1,,,,,,,,,,,,,,,,,,
,,,,,,,,,,,,,,,,,107,4,2024-09-05_15h33.34.906,Symbol-E,2020.1.3,MacIntel,Safari,"Mozilla/5.0 (Macintosh; Intel Mac OS X 10_15_7) AppleWebKit/605.1.15 (KHTML, like Gecko) Version/17.6 Safari/605.1.15",60,,,,,,,,,,,,,,,,,,,,,,,,,,,,,,,,,,,,media/dinb.png,3,3,Symb,f,TR,0,0,1,0,8,0,9,0,1,2,1.17197011,e,1.393,2,0,,,,,,,,,,,,,,,,,,,,,,,,,,,,,,,,,,,,,,,,,,,,,,,,,,,,,,,,,,,,,,,,,,,,,,,,,,,,,,,,,,e,0,,,,,,,,,,,1.393,0,0,0,0,1,,,,,,,,,,,,
,,,,,,,,,,,,,,,,,107,4,2024-09-05_15h33.34.906,Symbol-E,2020.1.3,MacIntel,Safari,"Mozilla/5.0 (Macintosh; Intel Mac OS X 10_15_7) AppleWebKit/605.1.15 (KHTML, like Gecko) Version/17.6 Safari/605.1.15",60,,,,,,,,,,,,,,,,,,,,,,,,,,,,,,,,,,,,,,,,,,,,,,,,,,,,,,,,,,,,,,,,,,,,,,,,,,,,,,,,,,,,,,,,,,,,,,,,,,,,,,,,,,,,,,,,,,,,,,,,,,,,,,,,,,,,,,,,,,,,,,,,,9,0,9,0,1,,,,,,,,,,,,,,,,,,
,,,,,,,,,,,,,,,,,107,4,2024-09-05_15h33.34.906,Symbol-E,2020.1.3,MacIntel,Safari,"Mozilla/5.0 (Macintosh; Intel Mac OS X 10_15_7) AppleWebKit/605.1.15 (KHTML, like Gecko) Version/17.6 Safari/605.1.15",60,,,,,,,,,,,,,,,,,,,,,,,,,,,,,,,,,,,,media/dcnb.png,0,0,Symb,a,TR,0,0,1,0,8,0,10,0,1,2,0.432355164,f,1.405,3,0,,,,,,,,,,,,,,,,,,,,,,,,,,,,,,,,,,,,,,,,,,,,,,,,,,,,,,,,,,,,,,,,,,,,,,,,,,,,,,,,,,f,0,,,,,,,,,,,1.405,0,0,0,0,1,,,,,,,,,,,,
,,,,,,,,,,,,,,,,,107,4,2024-09-05_15h33.34.906,Symbol-E,2020.1.3,MacIntel,Safari,"Mozilla/5.0 (Macintosh; Intel Mac OS X 10_15_7) AppleWebKit/605.1.15 (KHTML, like Gecko) Version/17.6 Safari/605.1.15",60,,,,,,,,,,,,,,,,,,,,,,,,,,,,,,,,,,,,,,,,,,,,,,,,,,,,,,,,,,,,,,,,,,,,,,,,,,,,,,,,,,,,,,,,,,,,,,,,,,,,,,,,,,,,,,,,,,,,,,,,,,,,,,,,,,,,,,,,,,,,,,,,,10,0,10,0,1,,,,,,,,,,,,,,,,,,
,,,,,,,,,,,,,,,,,107,4,2024-09-05_15h33.34.906,Symbol-E,2020.1.3,MacIntel,Safari,"Mozilla/5.0 (Macintosh; Intel Mac OS X 10_15_7) AppleWebKit/605.1.15 (KHTML, like Gecko) Version/17.6 Safari/605.1.15",60,,,,,,,,,,,,,,,,,,,,,,,,,,,,,,,,,,,,media/dmnb.png,2,2,Symb,e,TR,0,0,1,0,8,0,11,0,1,2,0.830516287,e,1.353,2,1,,,,,,,,,,,,,,,,,,,,,,,,,,,,,,,,,,,,,,,,,,,,,,,,,,,,,,,,,,,,,,,,,,,,,,,,,,,,,,,,,,e,1,,,,,,,,,,,1.353,0,0,0,0,1,,,,,,,,,,,,
,,,,,,,,,,,,,,,,,107,4,2024-09-05_15h33.34.906,Symbol-E,2020.1.3,MacIntel,Safari,"Mozilla/5.0 (Macintosh; Intel Mac OS X 10_15_7) AppleWebKit/605.1.15 (KHTML, like Gecko) Version/17.6 Safari/605.1.15",60,,,,,,,,,,,,,,,,,,,,,,,,,,,,,,,,,,,,,,,,,,,,,,,,,,,,,,,,,,,,,,,,,,,,,,,,,,,,,,,,,,,,,,,,,,,,,,,,,,,,,,,,,,,,,,,,,,,,,,,,,,,,,,,,,,,,,,,,,,,,,,,,,11,0,11,0,1,,,,,,,,,,,,,,,,,,
,,,,,,,,,,,,,,,,,107,4,2024-09-05_15h33.34.906,Symbol-E,2020.1.3,MacIntel,Safari,"Mozilla/5.0 (Macintosh; Intel Mac OS X 10_15_7) AppleWebKit/605.1.15 (KHTML, like Gecko) Version/17.6 Safari/605.1.15",60,,,,,,,,,,,,,,,,,,,,,,,,,,,,,,,,,,,,media/dmnb.png,2,2,Symb,e,TR,0,0,1,0,8,0,12,0,1,2,0.179891094,a,99,8,0,,,,,,,,,,,,,,,,,,,,,,,,,,,,,,,h,0.204,,,,,,,,,,,,,,,,,,,,,,,,,,,,,,,,,,,,,,,,,,,,,,,,,,,0,0,0,0,0,1,,,,,,,,,,,,,,,,,,,,,,,
,,,,,,,,,,,,,,,,,107,4,2024-09-05_15h33.34.906,Symbol-E,2020.1.3,MacIntel,Safari,"Mozilla/5.0 (Macintosh; Intel Mac OS X 10_15_7) AppleWebKit/605.1.15 (KHTML, like Gecko) Version/17.6 Safari/605.1.15",60,,,,,,,,,,,,,,,,,,,,,,,,,,,,,,,,,,,,,,,,,,,,,,,,,,,,,,,,,,,,,,,,,,,,,,,,,,,,,,,,,,,,,,,,,,,,,,,,,,,,,,,,,,,,,,,,,,,,,,,,,,,,,,,,,,,,,,,,,,,,,,,,,12,0,12,0,1,,,,,,,,,,,,,,,,,,
,,,,,,,,,,,,,,,,,107,4,2024-09-05_15h33.34.906,Symbol-E,2020.1.3,MacIntel,Safari,"Mozilla/5.0 (Macintosh; Intel Mac OS X 10_15_7) AppleWebKit/605.1.15 (KHTML, like Gecko) Version/17.6 Safari/605.1.15",60,,,,,,,,,,,,,,,,,,,,,,,,,,,,,,,,,,,,media/djnb.png,7,3,Symb,l,TR,0,0,1,0,8,0,13,0,1,2,1.050192005,a,99,8,0,,,,,,,,,,,,,,,,,,,,,,,,,,,,,,,h,0.256,,,,,,,,,,,,,,,,,,,,,,,,,,,,,,,,,,,,,,,,,,,,,,,,,,,0,0,0,0,0,1,,,,,,,,,,,,,,,,,,,,,,,
,,,,,,,,,,,,,,,,,107,4,2024-09-05_15h33.34.906,Symbol-E,2020.1.3,MacIntel,Safari,"Mozilla/5.0 (Macintosh; Intel Mac OS X 10_15_7) AppleWebKit/605.1.15 (KHTML, like Gecko) Version/17.6 Safari/605.1.15",60,,,,,,,,,,,,,,,,,,,,,,,,,,,,,,,,,,,,,,,,,,,,,,,,,,,,,,,,,,,,,,,,,,,,,,,,,,,,,,,,,,,,,,,,,,,,,,,,,,,,,,,,,,,,,,,,,,,,,,,,,,,,,,,,,,,,,,,,,,,,,,,,,13,0,13,0,1,,,,,,,,,,,,,,,,,,
,,,,,,,,,,,,,,,,,107,4,2024-09-05_15h33.34.906,Symbol-E,2020.1.3,MacIntel,Safari,"Mozilla/5.0 (Macintosh; Intel Mac OS X 10_15_7) AppleWebKit/605.1.15 (KHTML, like Gecko) Version/17.6 Safari/605.1.15",60,,,,,,,,,,,,,,,,,,,,,,,,,,,,,,,,,,,,media/dgnb.png,5,1,Symb,u,TR,0,0,1,0,8,0,14,0,1,2,0.207819615,i,1.353,6,0,,,,,,,,,,,,,,,,,,,,,,,,,,,,,,,,,,,,,,,,,,,,,,,,,,,,,,,,,,,,,,,,,,,,,,,,,,,,,,,,,,i,0,,,,,,,,,,,1.353,0,0,0,0,1,,,,,,,,,,,,
,,,,,,,,,,,,,,,,,107,4,2024-09-05_15h33.34.906,Symbol-E,2020.1.3,MacIntel,Safari,"Mozilla/5.0 (Macintosh; Intel Mac OS X 10_15_7) AppleWebKit/605.1.15 (KHTML, like Gecko) Version/17.6 Safari/605.1.15",60,,,,,,,,,,,,,,,,,,,,,,,,,,,,,,,,,,,,,,,,,,,,,,,,,,,,,,,,,,,,,,,,,,,,,,,,,,,,,,,,,,,,,,,,,,,,,,,,,,,,,,,,,,,,,,,,,,,,,,,,,,,,,,,,,,,,,,,,,,,,,,,,,14,0,14,0,1,,,,,,,,,,,,,,,,,,
,,,,,,,,,,,,,,,,,107,4,2024-09-05_15h33.34.906,Symbol-E,2020.1.3,MacIntel,Safari,"Mozilla/5.0 (Macintosh; Intel Mac OS X 10_15_7) AppleWebKit/605.1.15 (KHTML, like Gecko) Version/17.6 Safari/605.1.15",60,,,,,,,,,,,,,,,,,,,,,,,,,,,,,,,,,,,,media/dnnb.png,6,2,Symb,i,TR,0,0,1,0,8,0,15,0,1,2,0.706711192,i,1.344,6,1,,,,,,,,,,,,,,,,,,,,,,,,,,,,,,,,,,,,,,,,,,,,,,,,,,,,,,,,,,,,,,,,,,,,,,,,,,,,,,,,,,i,1,,,,,,,,,,,1.344,0,0,0,0,1,,,,,,,,,,,,
,,,,,,,,,,,,,,,,,107,4,2024-09-05_15h33.34.906,Symbol-E,2020.1.3,MacIntel,Safari,"Mozilla/5.0 (Macintosh; Intel Mac OS X 10_15_7) AppleWebKit/605.1.15 (KHTML, like Gecko) Version/17.6 Safari/605.1.15",60,,,,,,,,,,,,,,,,,,,,,,,,,,,,,,,,,,,,,,,,,,,,,,,,,,,,,,,,,,,,,,,,,,,,,,,,,,,,,,,,,,,,,,,,,,,,,,,,,,,,,,,,,,,,,,,,,,,,,,,,,,,,,,,,,,,,,,,,,,,,,,,,,15,0,15,0,1,,,,,,,,,,,,,,,,,,
,,,,,,,,,,,,,,,,,107,4,2024-09-05_15h33.34.906,Symbol-E,2020.1.3,MacIntel,Safari,"Mozilla/5.0 (Macintosh; Intel Mac OS X 10_15_7) AppleWebKit/605.1.15 (KHTML, like Gecko) Version/17.6 Safari/605.1.15",60,,,,,,,,,,,,,,,,,,,,,,,,,,,,,,,,,,,,media/dnnb.png,6,2,Symb,i,TR,0,0,1,0,8,0,16,0,1,2,0.652011802,i,1.337,6,1,,,,,,,,,,,,,,,,,,,,,,,,,,,,,,,,,,,,,,,,,,,,,,,,,,,,,,,,,,,,,,,,,,,,,,,,,,,,,,,,,,i,1,,,,,,,,,,,1.337,0,0,0,0,1,,,,,,,,,,,,
,,,,,,,,,,,,,,,,,107,4,2024-09-05_15h33.34.906,Symbol-E,2020.1.3,MacIntel,Safari,"Mozilla/5.0 (Macintosh; Intel Mac OS X 10_15_7) AppleWebKit/605.1.15 (KHTML, like Gecko) Version/17.6 Safari/605.1.15",60,,,,,,,,,,,,,,,,,,,,,,,,,,,,,,,,,,,,,,,,,,,,,,,,,,,,,,,,,,,,,,,,,,,,,,,,,,,,,,,,,,,,,,,,,,,,,,,,,,,,,,,,,,,,,,,,,,,,,,,,,,,,,,,,,,,,,,,,,,,,,,,,,16,0,16,0,1,,,,,,,,,,,,,,,,,,
,,,,,,,,,,,,,,,,,107,4,2024-09-05_15h33.34.906,Symbol-E,2020.1.3,MacIntel,Safari,"Mozilla/5.0 (Macintosh; Intel Mac OS X 10_15_7) AppleWebKit/605.1.15 (KHTML, like Gecko) Version/17.6 Safari/605.1.15",60,,,,,,,,,,,,,,,,,,,,,,,,,,,,,,,,,,,,media/ddnb.png,4,0,Symb,h,TR,0,0,1,0,8,0,17,0,1,2,0.51516098,a,1.284,0,0,,,,,,,,,,,,,,,,,,,,,,,,,,,,,,,,,,,,,,,,,,,,,,,,,,,,,,,,,,,,,,,,,,,,,,,,,,,,,,,,,,a,0,,,,,,,,,,,1.284,0,0,0,0,1,,,,,,,,,,,,
,,,,,,,,,,,,,,,,,107,4,2024-09-05_15h33.34.906,Symbol-E,2020.1.3,MacIntel,Safari,"Mozilla/5.0 (Macintosh; Intel Mac OS X 10_15_7) AppleWebKit/605.1.15 (KHTML, like Gecko) Version/17.6 Safari/605.1.15",60,,,,,,,,,,,,,,,,,,,,,,,,,,,,,,,,,,,,,,,,,,,,,,,,,,,,,,,,,,,,,,,,,,,,,,,,,,,,,,,,,,,,,,,,,,,,,,,,,,,,,,,,,,,,,,,,,,,,,,,,,,,,,,,,,,,,,,,,,,,,,,,,,17,0,17,0,1,,,,,,,,,,,,,,,,,,
,,,,,,,,,,,,,,,,,107,4,2024-09-05_15h33.34.906,Symbol-E,2020.1.3,MacIntel,Safari,"Mozilla/5.0 (Macintosh; Intel Mac OS X 10_15_7) AppleWebKit/605.1.15 (KHTML, like Gecko) Version/17.6 Safari/605.1.15",60,,,,,,,,,,,,,,,,,,,,,,,,,,,,,,,,,,,,media/dnnb.png,6,2,Symb,i,TR,0,0,1,0,8,0,18,0,1,2,0.346498605,l,1.424,7,0,,,,,,,,,,,,,,,,,,,,,,,,,,,,,,,,,,,,,,,,,,,,,,,,,,,,,,,,,,,,,,,,,,,,,,,,,,,,,,,,,,l,0,,,,,,,,,,,1.424,0,0,0,0,1,,,,,,,,,,,,
,,,,,,,,,,,,,,,,,107,4,2024-09-05_15h33.34.906,Symbol-E,2020.1.3,MacIntel,Safari,"Mozilla/5.0 (Macintosh; Intel Mac OS X 10_15_7) AppleWebKit/605.1.15 (KHTML, like Gecko) Version/17.6 Safari/605.1.15",60,,,,,,,,,,,,,,,,,,,,,,,,,,,,,,,,,,,,,,,,,,,,,,,,,,,,,,,,,,,,,,,,,,,,,,,,,,,,,,,,,,,,,,,,,,,,,,,,,,,,,,,,,,,,,,,,,,,,,,,,,,,,,,,,,,,,,,,,,,,,,,,,,18,0,18,0,1,,,,,,,,,,,,,,,,,,
,,,,,,,,,,,,,,,,,107,4,2024-09-05_15h33.34.906,Symbol-E,2020.1.3,MacIntel,Safari,"Mozilla/5.0 (Macintosh; Intel Mac OS X 10_15_7) AppleWebKit/605.1.15 (KHTML, like Gecko) Version/17.6 Safari/605.1.15",60,,,,,,,,,,,,,,,,,,,,,,,,,,,,,,,,,,,,media/dgnb.png,5,1,Symb,u,TR,0,0,1,0,8,0,19,0,1,2,1.060364031,e,1.31,2,0,,,,,,,,,,,,,,,,,,,,,,,,,,,,,,,,,,,,,,,,,,,,,,,,,,,,,,,,,,,,,,,,,,,,,,,,,,,,,,,,,,e,0,,,,,,,,,,,1.31,0,0,0,0,1,,,,,,,,,,,,
,,,,,,,,,,,,,,,,,107,4,2024-09-05_15h33.34.906,Symbol-E,2020.1.3,MacIntel,Safari,"Mozilla/5.0 (Macintosh; Intel Mac OS X 10_15_7) AppleWebKit/605.1.15 (KHTML, like Gecko) Version/17.6 Safari/605.1.15",60,,,,,,,,,,,,,,,,,,,,,,,,,,,,,,,,,,,,,,,,,,,,,,,,,,,,,,,,,,,,,,,,,,,,,,,,,,,,,,,,,,,,,,,,,,,,,,,,,,,,,,,,,,,,,,,,,,,,,,,,,,,,,,,,,,,,,,,,,,,,,,,,,19,0,19,0,1,,,,,,,,,,,,,,,,,,
,,,,,,,,,,,,,,,,,107,4,2024-09-05_15h33.34.906,Symbol-E,2020.1.3,MacIntel,Safari,"Mozilla/5.0 (Macintosh; Intel Mac OS X 10_15_7) AppleWebKit/605.1.15 (KHTML, like Gecko) Version/17.6 Safari/605.1.15",60,,,,,,,,,,,,,,,,,,,,,,,,,,,,,,,,,,,,media/dmnb.png,2,2,Symb,e,TR,0,0,1,0,8,0,20,0,1,2,1.111654491,e,1.418,2,1,,,,,,,,,,,,,,,,,,,,,,,,,,,,,,,,,,,,,,,,,,,,,,,,,,,,,,,,,,,,,,,,,,,,,,,,,,,,,,,,,,e,1,,,,,,,,,,,1.418,0,0,0,0,1,,,,,,,,,,,,
,,,,,,,,,,,,,,,,,107,4,2024-09-05_15h33.34.906,Symbol-E,2020.1.3,MacIntel,Safari,"Mozilla/5.0 (Macintosh; Intel Mac OS X 10_15_7) AppleWebKit/605.1.15 (KHTML, like Gecko) Version/17.6 Safari/605.1.15",60,,,,,,,,,,,,,,,,,,,,,,,,,,,,,,,,,,,,,,,,,,,,,,,,,,,,,,,,,,,,,,,,,,,,,,,,,,,,,,,,,,,,,,,,,,,,,,,,,,,,,,,,,,,,,,,,,,,,,,,,,,,,,,,,,,,,,,,,,,,,,,,,,20,0,20,0,1,,,,,,,,,,,,,,,,,,
,,,,,,,,,,,,,,,,,107,4,2024-09-05_15h33.34.906,Symbol-E,2020.1.3,MacIntel,Safari,"Mozilla/5.0 (Macintosh; Intel Mac OS X 10_15_7) AppleWebKit/605.1.15 (KHTML, like Gecko) Version/17.6 Safari/605.1.15",60,,,,,,,,,,,,,,,,,,,,,,,,,,,,,,,,,,,,media/dcnb.png,0,0,Symb,a,TR,0,0,1,0,8,0,21,0,1,2,0.836680328,a,1.244,0,1,,,,,,,,,,,,,,,,,,,,,,,,,,,,,,,,,,,,,,,,,,,,,,,,,,,,,,,,,,,,,,,,,,,,,,,,,,,,,,,,,,a,1,,,,,,,,,,,1.244,0,0,0,0,1,,,,,,,,,,,,
,,,,,,,,,,,,,,,,,107,4,2024-09-05_15h33.34.906,Symbol-E,2020.1.3,MacIntel,Safari,"Mozilla/5.0 (Macintosh; Intel Mac OS X 10_15_7) AppleWebKit/605.1.15 (KHTML, like Gecko) Version/17.6 Safari/605.1.15",60,,,,,,,,,,,,,,,,,,,,,,,,,,,,,,,,,,,,,,,,,,,,,,,,,,,,,,,,,,,,,,,,,,,,,,,,,,,,,,,,,,,,,,,,,,,,,,,,,,,,,,,,,,,,,,,,,,,,,,,,,,,,,,,,,,,,,,,,,,,,,,,,,21,0,21,0,1,,,,,,,,,,,,,,,,,,
,,,,,,,,,,,,,,,,,107,4,2024-09-05_15h33.34.906,Symbol-E,2020.1.3,MacIntel,Safari,"Mozilla/5.0 (Macintosh; Intel Mac OS X 10_15_7) AppleWebKit/605.1.15 (KHTML, like Gecko) Version/17.6 Safari/605.1.15",60,,,,,,,,,,,,,,,,,,,,,,,,,,,,,,,,,,,,media/dgnb.png,5,1,Symb,u,TR,0,0,1,0,8,0,22,0,1,2,0.989798856,w,1.223,1,0,,,,,,,,,,,,,,,,,,,,,,,,,,,,,,,,,,,,,,,,,,,,,,,,,,,,,,,,,,,,,,,,,,,,,,,,,,,,,,,,,,w,0,,,,,,,,,,,1.223,0,0,0,0,1,,,,,,,,,,,,
,,,,,,,,,,,,,,,,,107,4,2024-09-05_15h33.34.906,Symbol-E,2020.1.3,MacIntel,Safari,"Mozilla/5.0 (Macintosh; Intel Mac OS X 10_15_7) AppleWebKit/605.1.15 (KHTML, like Gecko) Version/17.6 Safari/605.1.15",60,,,,,,,,,,,,,,,,,,,,,,,,,,,,,,,,,,,,,,,,,,,,,,,,,,,,,,,,,,,,,,,,,,,,,,,,,,,,,,,,,,,,,,,,,,,,,,,,,,,,,,,,,,,,,,,,,,,,,,,,,,,,,,,,,,,,,,,,,,,,,,,,,22,0,22,0,1,,,,,,,,,,,,,,,,,,
,,,,,,,,,,,,,,,,,107,4,2024-09-05_15h33.34.906,Symbol-E,2020.1.3,MacIntel,Safari,"Mozilla/5.0 (Macintosh; Intel Mac OS X 10_15_7) AppleWebKit/605.1.15 (KHTML, like Gecko) Version/17.6 Safari/605.1.15",60,,,,,,,,,,,,,,,,,,,,,,,,,,,,,,,,,,,,media/dfnb.png,1,1,Symb,w,TR,0,0,1,0,8,0,23,0,1,2,1.113355823,e,1.218,2,0,,,,,,,,,,,,,,,,,,,,,,,,,,,,,,,,,,,,,,,,,,,,,,,,,,,,,,,,,,,,,,,,,,,,,,,,,,,,,,,,,,e,0,,,,,,,,,,,1.218,0,0,0,0,1,,,,,,,,,,,,
,,,,,,,,,,,,,,,,,107,4,2024-09-05_15h33.34.906,Symbol-E,2020.1.3,MacIntel,Safari,"Mozilla/5.0 (Macintosh; Intel Mac OS X 10_15_7) AppleWebKit/605.1.15 (KHTML, like Gecko) Version/17.6 Safari/605.1.15",60,,,,,,,,,,,,,,,,,,,,,,,,,,,,,,,,,,,,,,,,,,,,,,,,,,,,,,,,,,,,,,,,,,,,,,,,,,,,,,,,,,,,,,,,,,,,,,,,,,,,,,,,,,,,,,,,,,,,,,,,,,,,,,,,,,,,,,,,,,,,,,,,,23,0,23,0,1,,,,,,,,,,,,,,,,,,
,,,,,,,,,,,,,,,,,107,4,2024-09-05_15h33.34.906,Symbol-E,2020.1.3,MacIntel,Safari,"Mozilla/5.0 (Macintosh; Intel Mac OS X 10_15_7) AppleWebKit/605.1.15 (KHTML, like Gecko) Version/17.6 Safari/605.1.15",60,,,,,,,,,,,,,,,,,,,,,,,,,,,,,,,,,,,,media/dcnb.png,0,0,Symb,a,TR,0,0,1,0,8,0,24,0,1,2,0.055277504,h,1.457,4,0,,,,,,,,,,,,,,,,,,,,,,,,,,,,,,,,,,,,,,,,,,,,,,,,,,,,,,,,,,,,,,,,,,,,,,,,,,,,,,,,,,h,0,,,,,,,,,,,1.457,0,0,0,0,1,,,,,,,,,,,,
,,,,,,,,,,,,,,,,,107,4,2024-09-05_15h33.34.906,Symbol-E,2020.1.3,MacIntel,Safari,"Mozilla/5.0 (Macintosh; Intel Mac OS X 10_15_7) AppleWebKit/605.1.15 (KHTML, like Gecko) Version/17.6 Safari/605.1.15",60,,,,,,,,,,,,,,,,,,,,,,,,,,,,,,,,,,,,,,,,,,,,,,,,,,,,,,,,,,,,,,,,,,,,,,,,,,,,,,,,,,,,,,,,,,,,,,,,,,,,,,,,,,,,,,,,,,,,,,,,,,,,,,,,,,,,,,,,,,,,,,,,,24,0,24,0,1,,,,,,,,,,,,,,,,,,
,,,,,,,,,,,,,,,,,107,4,2024-09-05_15h33.34.906,Symbol-E,2020.1.3,MacIntel,Safari,"Mozilla/5.0 (Macintosh; Intel Mac OS X 10_15_7) AppleWebKit/605.1.15 (KHTML, like Gecko) Version/17.6 Safari/605.1.15",60,,,,,,,,,,,,,,,,,,,,,,,,,,,,,,,,,,,,media/dinb.png,3,3,Symb,f,TR,0,0,1,0,8,0,25,0,1,2,0.791763625,w,1.371,1,0,,,,,,,,,,,,,,,,,,,,,,,,,,,,,,,,,,,,,,,,,,,,,,,,,,,,,,,,,,,,,,,,,,,,,,,,,,,,,,,,,,w,0,,,,,,,,,,,1.371,0,0,0,0,1,,,,,,,,,,,,
,,,,,,,,,,,,,,,,,107,4,2024-09-05_15h33.34.906,Symbol-E,2020.1.3,MacIntel,Safari,"Mozilla/5.0 (Macintosh; Intel Mac OS X 10_15_7) AppleWebKit/605.1.15 (KHTML, like Gecko) Version/17.6 Safari/605.1.15",60,,,,,,,,,,,,,,,,,,,,,,,,,,,,,,,,,,,,,,,,,,,,,,,,,,,,,,,,,,,,,,,,,,,,,,,,,,,,,,,,,,,,,,,,,,,,,,,,,,,,,,,,,,,,,,,,,,,,,,,,,,,,,,,,,,,,,,,,,,,,,,,,,25,0,25,0,1,,,,,,,,,,,,,,,,,,
,,,,,,,,,,,,,,,,,107,4,2024-09-05_15h33.34.906,Symbol-E,2020.1.3,MacIntel,Safari,"Mozilla/5.0 (Macintosh; Intel Mac OS X 10_15_7) AppleWebKit/605.1.15 (KHTML, like Gecko) Version/17.6 Safari/605.1.15",60,,,,,,,,,,,,,,,,,,,,,,,,,,,,,,,,,,,,media/dfnb.png,1,1,Symb,w,TR,0,0,1,0,8,0,26,0,1,2,0.176591586,u,1.37,5,0,,,,,,,,,,,,,,,,,,,,,,,,,,,,,,,,,,,,,,,,,,,,,,,,,,,,,,,,,,,,,,,,,,,,,,,,,,,,,,,,,,u,0,,,,,,,,,,,1.37,0,0,0,0,1,,,,,,,,,,,,
,,,,,,,,,,,,,,,,,107,4,2024-09-05_15h33.34.906,Symbol-E,2020.1.3,MacIntel,Safari,"Mozilla/5.0 (Macintosh; Intel Mac OS X 10_15_7) AppleWebKit/605.1.15 (KHTML, like Gecko) Version/17.6 Safari/605.1.15",60,,,,,,,,,,,,,,,,,,,,,,,,,,,,,,,,,,,,,,,,,,,,,,,,,,,,,,,,,,,,,,,,,,,,,,,,,,,,,,,,,,,,,,,,,,,,,,,,,,,,,,,,,,,,,,,,,,,,,,,,,,,,,,,,,,,,,,,,,,,,,,,,,26,0,26,0,1,,,,,,,,,,,,,,,,,,
,,,,,,,,,,,,,,,,,107,4,2024-09-05_15h33.34.906,Symbol-E,2020.1.3,MacIntel,Safari,"Mozilla/5.0 (Macintosh; Intel Mac OS X 10_15_7) AppleWebKit/605.1.15 (KHTML, like Gecko) Version/17.6 Safari/605.1.15",60,,,,,,,,,,,,,,,,,,,,,,,,,,,,,,,,,,,,media/dmnb.png,2,2,Symb,e,TR,0,0,1,0,8,0,27,0,1,2,0.917650104,e,1.309,2,1,,,,,,,,,,,,,,,,,,,,,,,,,,,,,,,,,,,,,,,,,,,,,,,,,,,,,,,,,,,,,,,,,,,,,,,,,,,,,,,,,,e,1,,,,,,,,,,,1.309,0,0,0,0,1,,,,,,,,,,,,
,,,,,,,,,,,,,,,,,107,4,2024-09-05_15h33.34.906,Symbol-E,2020.1.3,MacIntel,Safari,"Mozilla/5.0 (Macintosh; Intel Mac OS X 10_15_7) AppleWebKit/605.1.15 (KHTML, like Gecko) Version/17.6 Safari/605.1.15",60,,,,,,,,,,,,,,,,,,,,,,,,,,,,,,,,,,,,,,,,,,,,,,,,,,,,,,,,,,,,,,,,,,,,,,,,,,,,,,,,,,,,,,,,,,,,,,,,,,,,,,,,,,,,,,,,,,,,,,,,,,,,,,,,,,,,,,,,,,,,,,,,,27,0,27,0,1,,,,,,,,,,,,,,,,,,
,,,,,,,,,,,,,,,,,107,4,2024-09-05_15h33.34.906,Symbol-E,2020.1.3,MacIntel,Safari,"Mozilla/5.0 (Macintosh; Intel Mac OS X 10_15_7) AppleWebKit/605.1.15 (KHTML, like Gecko) Version/17.6 Safari/605.1.15",60,,,,,,,,,,,,,,,,,,,,,,,,,,,,,,,,,,,,media/djnb.png,7,3,Symb,l,TR,0,0,1,0,8,0,28,0,1,2,0.834124356,a,1.254,0,0,,,,,,,,,,,,,,,,,,,,,,,,,,,,,,,,,,,,,,,,,,,,,,,,,,,,,,,,,,,,,,,,,,,,,,,,,,,,,,,,,,a,0,,,,,,,,,,,1.254,0,0,0,0,1,,,,,,,,,,,,
,,,,,,,,,,,,,,,,,107,4,2024-09-05_15h33.34.906,Symbol-E,2020.1.3,MacIntel,Safari,"Mozilla/5.0 (Macintosh; Intel Mac OS X 10_15_7) AppleWebKit/605.1.15 (KHTML, like Gecko) Version/17.6 Safari/605.1.15",60,,,,,,,,,,,,,,,,,,,,,,,,,,,,,,,,,,,,,,,,,,,,,,,,,,,,,,,,,,,,,,,,,,,,,,,,,,,,,,,,,,,,,,,,,,,,,,,,,,,,,,,,,,,,,,,,,,,,,,,,,,,,,,,,,,,,,,,,,,,,,,,,,28,0,28,0,1,,,,,,,,,,,,,,,,,,
,,,,,,,,,,,,,,,,,107,4,2024-09-05_15h33.34.906,Symbol-E,2020.1.3,MacIntel,Safari,"Mozilla/5.0 (Macintosh; Intel Mac OS X 10_15_7) AppleWebKit/605.1.15 (KHTML, like Gecko) Version/17.6 Safari/605.1.15",60,,,,,,,,,,,,,,,,,,,,,,,,,,,,,,,,,,,,media/dinb.png,3,3,Symb,f,TR,0,0,1,0,8,0,29,0,1,2,0.165993802,i,1.35,6,0,,,,,,,,,,,,,,,,,,,,,,,,,,,,,,,,,,,,,,,,,,,,,,,,,,,,,,,,,,,,,,,,,,,,,,,,,,,,,,,,,,i,0,,,,,,,,,,,1.35,0,0,0,0,1,,,,,,,,,,,,
,,,,,,,,,,,,,,,,,107,4,2024-09-05_15h33.34.906,Symbol-E,2020.1.3,MacIntel,Safari,"Mozilla/5.0 (Macintosh; Intel Mac OS X 10_15_7) AppleWebKit/605.1.15 (KHTML, like Gecko) Version/17.6 Safari/605.1.15",60,,,,,,,,,,,,,,,,,,,,,,,,,,,,,,,,,,,,,,,,,,,,,,,,,,,,,,,,,,,,,,,,,,,,,,,,,,,,,,,,,,,,,,,,,,,,,,,,,,,,,,,,,,,,,,,,,,,,,,,,,,,,,,,,,,,,,,,,,,,,,,,,,29,0,29,0,1,,,,,,,,,,,,,,,,,,
,,,,,,,,,,,,,,,,,107,4,2024-09-05_15h33.34.906,Symbol-E,2020.1.3,MacIntel,Safari,"Mozilla/5.0 (Macintosh; Intel Mac OS X 10_15_7) AppleWebKit/605.1.15 (KHTML, like Gecko) Version/17.6 Safari/605.1.15",60,,,,,,,,,,,,,,,,,,,,,,,,,,,,,,,,,,,,media/ddnb.png,4,0,Symb,h,TR,0,0,1,0,8,0,30,0,1,2,0.721183757,u,1.283,5,0,,,,,,,,,,,,,,,,,,,,,,,,,,,,,,,,,,,,,,,,,,,,,,,,,,,,,,,,,,,,,,,,,,,,,,,,,,,,,,,,,,u,0,,,,,,,,,,,1.283,0,0,0,0,1,,,,,,,,,,,,
,,,,,,,,,,,,,,,,,107,4,2024-09-05_15h33.34.906,Symbol-E,2020.1.3,MacIntel,Safari,"Mozilla/5.0 (Macintosh; Intel Mac OS X 10_15_7) AppleWebKit/605.1.15 (KHTML, like Gecko) Version/17.6 Safari/605.1.15",60,,,,,,,,,,,,,,,,,,,,,,,,,,,,,,,,,,,,,,,,,,,,,,,,,,,,,,,,,,,,,,,,,,,,,,,,,,,,,,,,,,,,,,,,,,,,,,,,,,,,,,,,,,,,,,,,,,,,,,,,,,,,,,,,,,,,,,,,,,,,,,,,,30,0,30,0,1,,,,,,,,,,,,,,,,,,
,,,,,,,,,,,,,,,,,107,4,2024-09-05_15h33.34.906,Symbol-E,2020.1.3,MacIntel,Safari,"Mozilla/5.0 (Macintosh; Intel Mac OS X 10_15_7) AppleWebKit/605.1.15 (KHTML, like Gecko) Version/17.6 Safari/605.1.15",60,,,,,,,,,,,,,,,,,,,,,,,,,,,,,,,,,,,,media/djnb.png,7,3,Symb,l,TR,0,0,1,0,8,0,31,0,1,2,0.936733507,i,1.289,6,0,,,,,,,,,,,,,,,,,,,,,,,,,,,,,,,,,,,,,,,,,,,,,,,,,,,,,,,,,,,,,,,,,,,,,,,,,,,,,,,,,,i,0,,,,,,,,,,,1.289,0,0,0,0,1,,,,,,,,,,,,
,,,,,,,,,,,,,,,,,107,4,2024-09-05_15h33.34.906,Symbol-E,2020.1.3,MacIntel,Safari,"Mozilla/5.0 (Macintosh; Intel Mac OS X 10_15_7) AppleWebKit/605.1.15 (KHTML, like Gecko) Version/17.6 Safari/605.1.15",60,,,,,,,,,,,,,,,,,,,,,,,,,,,,,,,,,,,,,,,,,,,,,,,,,,,,,,,,,,,,,,,,,,,,,,,,,,,,,,,,,,,,,,,,,,,,,,,,,,,,,,,,,,,,,,,,,,,,,,,,,,,,,,,,,,,,,,,,,,,,,,,,,31,0,31,0,1,,,,,,,,,,,,,,,,,,
,,,,,,,,,,,,,,,,,107,4,2024-09-05_15h33.34.906,Symbol-E,2020.1.3,MacIntel,Safari,"Mozilla/5.0 (Macintosh; Intel Mac OS X 10_15_7) AppleWebKit/605.1.15 (KHTML, like Gecko) Version/17.6 Safari/605.1.15",60,,,,,,,,,,,,,,,,,,,,,,,,,,,,,,,,,,,,media/dfnb.png,1,1,Symb,w,TR,0,0,1,0,8,0,32,0,1,2,0.344899712,w,1.343,1,1,,,,,,,,,,,,,,,,,,,,,,,,,,,,,,,,,,,,,,,,,,,,,,,,,,,,,,,,,,,,,,,,,,,,,,,,,,,,,,,,,,w,1,,,,,,,,,,,1.343,0,0,0,0,1,,,,,,,,,,,,
,,,,,,,,,,,,,,,,,107,4,2024-09-05_15h33.34.906,Symbol-E,2020.1.3,MacIntel,Safari,"Mozilla/5.0 (Macintosh; Intel Mac OS X 10_15_7) AppleWebKit/605.1.15 (KHTML, like Gecko) Version/17.6 Safari/605.1.15",60,,,,,,,,,,,,,,,,,,,,,,,,,,,,,,,,,,,,,,,,,,,,,,,,,,,,,,,,,,,,,,,,,,,,,,,,,,,,,,,,,,,,,,,,,,,,,,,,,,,,,,,,,,,,,,,,,,,,,,,,,,,,,,,,,,,,,,,,,,,,,,,,,32,0,32,0,1,,,,,,,,,,,,,,,,,,
,,,,,,,,,,,,,,,,,107,4,2024-09-05_15h33.34.906,Symbol-E,2020.1.3,MacIntel,Safari,"Mozilla/5.0 (Macintosh; Intel Mac OS X 10_15_7) AppleWebKit/605.1.15 (KHTML, like Gecko) Version/17.6 Safari/605.1.15",60,,,,,,,,,,,,,,,,,,,,,,,,,,,,,,,,,,,,media/dcnb.png,0,0,Symb,a,TR,0,0,1,0,8,0,33,0,1,2,0.963851235,a,1.393,0,1,,,,,,,,,,,,,,,,,,,,,,,,,,,,,,,,,,,,,,,,,,,,,,,,,,,,,,,,,,,,,,,,,,,,,,,,,,,,,,,,,,a,1,,,,,,,,,,,1.393,0,0,0,0,1,,,,,,,,,,,,
,,,,,,,,,,,,,,,,,107,4,2024-09-05_15h33.34.906,Symbol-E,2020.1.3,MacIntel,Safari,"Mozilla/5.0 (Macintosh; Intel Mac OS X 10_15_7) AppleWebKit/605.1.15 (KHTML, like Gecko) Version/17.6 Safari/605.1.15",60,,,,,,,,,,,,,,,,,,,,,,,,,,,,,,,,,,,,,,,,,,,,,,,,,,,,,,,,,,,,,,,,,,,,,,,,,,,,,,,,,,,,,,,,,,,,,,,,,,,,,,,,,,,,,,,,,,,,,,,,,,,,,,,,,,,,,,,,,,,,,,,,,33,0,33,0,1,,,,,,,,,,,,,,,,,,
,,,,,,,,,,,,,,,,,107,4,2024-09-05_15h33.34.906,Symbol-E,2020.1.3,MacIntel,Safari,"Mozilla/5.0 (Macintosh; Intel Mac OS X 10_15_7) AppleWebKit/605.1.15 (KHTML, like Gecko) Version/17.6 Safari/605.1.15",60,,,,,,,,,,,,,,,,,,,,,,,,,,,,,,,,,,,,media/djnb.png,7,3,Symb,l,TR,0,0,1,0,8,0,34,0,1,2,0.355929966,l,1.138,7,1,,,,,,,,,,,,,,,,,,,,,,,,,,,,,,,,,,,,,,,,,,,,,,,,,,,,,,,,,,,,,,,,,,,,,,,,,,,,,,,,,,l,1,,,,,,,,,,,1.138,0,0,0,0,1,,,,,,,,,,,,
,,,,,,,,,,,,,,,,,107,4,2024-09-05_15h33.34.906,Symbol-E,2020.1.3,MacIntel,Safari,"Mozilla/5.0 (Macintosh; Intel Mac OS X 10_15_7) AppleWebKit/605.1.15 (KHTML, like Gecko) Version/17.6 Safari/605.1.15",60,,,,,,,,,,,,,,,,,,,,,,,,,,,,,,,,,,,,,,,,,,,,,,,,,,,,,,,,,,,,,,,,,,,,,,,,,,,,,,,,,,,,,,,,,,,,,,,,,,,,,,,,,,,,,,,,,,,,,,,,,,,,,,,,,,,,,,,,,,,,,,,,,34,0,34,0,1,,,,,,,,,,,,,,,,,,
,,,,,,,,,,,,,,,,,107,4,2024-09-05_15h33.34.906,Symbol-E,2020.1.3,MacIntel,Safari,"Mozilla/5.0 (Macintosh; Intel Mac OS X 10_15_7) AppleWebKit/605.1.15 (KHTML, like Gecko) Version/17.6 Safari/605.1.15",60,,,,,,,,,,,,,,,,,,,,,,,,,,,,,,,,,,,,media/dfnb.png,1,1,Symb,w,TR,0,0,1,0,8,0,35,0,1,2,0.603053137,w,1.318,1,1,,,,,,,,,,,,,,,,,,,,,,,,,,,,,,,,,,,,,,,,,,,,,,,,,,,,,,,,,,,,,,,,,,,,,,,,,,,,,,,,,,w,1,,,,,,,,,,,1.318,0,0,0,0,1,,,,,,,,,,,,
,,,,,,,,,,,,,,,,,107,4,2024-09-05_15h33.34.906,Symbol-E,2020.1.3,MacIntel,Safari,"Mozilla/5.0 (Macintosh; Intel Mac OS X 10_15_7) AppleWebKit/605.1.15 (KHTML, like Gecko) Version/17.6 Safari/605.1.15",60,,,,,,,,,,,,,,,,,,,,,,,,,,,,,,,,,,,,,,,,,,,,,,,,,,,,,,,,,,,,,,,,,,,,,,,,,,,,,,,,,,,,,,,,,,,,,,,,,,,,,,,,,,,,,,,,,,,,,,,,,,,,,,,,,,,,,,,,,,,,,,,,,35,0,35,0,1,,,,,,,,,,,,,,,,,,
,,,,,,,,,,,,,,,,,107,4,2024-09-05_15h33.34.906,Symbol-E,2020.1.3,MacIntel,Safari,"Mozilla/5.0 (Macintosh; Intel Mac OS X 10_15_7) AppleWebKit/605.1.15 (KHTML, like Gecko) Version/17.6 Safari/605.1.15",60,,,,,,,,,,,,,,,,,,,,,,,,,,,,,,,,,,,,media/ddnb.png,4,0,Symb,h,TR,0,0,1,0,8,0,36,0,1,2,0.044284512,u,1.47,5,0,,,,,,,,,,,,,,,,,,,,,,,,,,,,,,,,,,,,,,,,,,,,,,,,,,,,,,,,,,,,,,,,,,,,,,,,,,,,,,,,,,u,0,,,,,,,,,,,1.47,0,0,0,0,1,,,,,,,,,,,,
,,,,,,,,,,,,,,,,,107,4,2024-09-05_15h33.34.906,Symbol-E,2020.1.3,MacIntel,Safari,"Mozilla/5.0 (Macintosh; Intel Mac OS X 10_15_7) AppleWebKit/605.1.15 (KHTML, like Gecko) Version/17.6 Safari/605.1.15",60,,,,,,,,,,,,,,,,,,,,,,,,,,,,,,,,,,,,,,,,,,,,,,,,,,,,,,,,,,,,,,,,,,,,,,,,,,,,,,,,,,,,,,,,,,,,,,,,,,,,,,,,,,,,,,,,,,,,,,,,,,,,,,,,,,,,,,,,,,,,,,,,,36,0,36,0,1,,,,,,,,,,,,,,,,,,
,,,,,,,,,,,,,,,,,107,4,2024-09-05_15h33.34.906,Symbol-E,2020.1.3,MacIntel,Safari,"Mozilla/5.0 (Macintosh; Intel Mac OS X 10_15_7) AppleWebKit/605.1.15 (KHTML, like Gecko) Version/17.6 Safari/605.1.15",60,,,,,,,,,,,,,,,,,,,,,,,,,,,,,,,,,,,,media/ddnb.png,4,0,Symb,h,TR,0,0,1,0,8,0,37,0,1,2,0.614383575,h,1.36,4,1,,,,,,,,,,,,,,,,,,,,,,,,,,,,,,,,,,,,,,,,,,,,,,,,,,,,,,,,,,,,,,,,,,,,,,,,,,,,,,,,,,h,1,,,,,,,,,,,1.36,0,0,0,0,1,,,,,,,,,,,,
,,,,,,,,,,,,,,,,,107,4,2024-09-05_15h33.34.906,Symbol-E,2020.1.3,MacIntel,Safari,"Mozilla/5.0 (Macintosh; Intel Mac OS X 10_15_7) AppleWebKit/605.1.15 (KHTML, like Gecko) Version/17.6 Safari/605.1.15",60,,,,,,,,,,,,,,,,,,,,,,,,,,,,,,,,,,,,,,,,,,,,,,,,,,,,,,,,,,,,,,,,,,,,,,,,,,,,,,,,,,,,,,,,,,,,,,,,,,,,,,,,,,,,,,,,,,,,,,,,,,,,,,,,,,,,,,,,,,,,,,,,,37,0,37,0,1,,,,,,,,,,,,,,,,,,
,,,,,,,,,,,,,,,,,107,4,2024-09-05_15h33.34.906,Symbol-E,2020.1.3,MacIntel,Safari,"Mozilla/5.0 (Macintosh; Intel Mac OS X 10_15_7) AppleWebKit/605.1.15 (KHTML, like Gecko) Version/17.6 Safari/605.1.15",60,,,,,,,,,,,,,,,,,,,,,,,,,,,,,,,,,,,,media/dnnb.png,6,2,Symb,i,TR,0,0,1,0,8,0,38,0,1,2,0.898815327,i,1.222,6,1,,,,,,,,,,,,,,,,,,,,,,,,,,,,,,,,,,,,,,,,,,,,,,,,,,,,,,,,,,,,,,,,,,,,,,,,,,,,,,,,,,i,1,,,,,,,,,,,1.222,0,0,0,0,1,,,,,,,,,,,,
,,,,,,,,,,,,,,,,,107,4,2024-09-05_15h33.34.906,Symbol-E,2020.1.3,MacIntel,Safari,"Mozilla/5.0 (Macintosh; Intel Mac OS X 10_15_7) AppleWebKit/605.1.15 (KHTML, like Gecko) Version/17.6 Safari/605.1.15",60,,,,,,,,,,,,,,,,,,,,,,,,,,,,,,,,,,,,,,,,,,,,,,,,,,,,,,,,,,,,,,,,,,,,,,,,,,,,,,,,,,,,,,,,,,,,,,,,,,,,,,,,,,,,,,,,,,,,,,,,,,,,,,,,,,,,,,,,,,,,,,,,,38,0,38,0,1,,,,,,,,,,,,,,,,,,
,,,,,,,,,,,,,,,,,107,4,2024-09-05_15h33.34.906,Symbol-E,2020.1.3,MacIntel,Safari,"Mozilla/5.0 (Macintosh; Intel Mac OS X 10_15_7) AppleWebKit/605.1.15 (KHTML, like Gecko) Version/17.6 Safari/605.1.15",60,,,,,,,,,,,,,,,,,,,,,,,,,,,,,,,,,,,,media/dgnb.png,5,1,Symb,u,TR,0,0,1,0,8,0,39,0,1,2,0.503262115,a,1.356,0,0,,,,,,,,,,,,,,,,,,,,,,,,,,,,,,,,,,,,,,,,,,,,,,,,,,,,,,,,,,,,,,,,,,,,,,,,,,,,,,,,,,a,0,,,,,,,,,,,1.356,0,0,0,0,1,,,,,,,,,,,,
,,,,,,,,,,,,,,,,,107,4,2024-09-05_15h33.34.906,Symbol-E,2020.1.3,MacIntel,Safari,"Mozilla/5.0 (Macintosh; Intel Mac OS X 10_15_7) AppleWebKit/605.1.15 (KHTML, like Gecko) Version/17.6 Safari/605.1.15",60,,,,,,,,,,,,,,,,,,,,,,,,,,,,,,,,,,,,,,,,,,,,,,,,,,,,,,,,,,,,,,,,,,,,,,,,,,,,,,,,,,,,,,,,,,,,,,,,,,,,,,,,,,,,,,,,,,,,,,,,,,,,,,,,,,,,,,,,,,,,,,,,,39,0,39,0,1,,,,,,,,,,,,,,,,,,
,,,,,,,,,,,,,,,,,107,4,2024-09-05_15h33.34.906,Symbol-E,2020.1.3,MacIntel,Safari,"Mozilla/5.0 (Macintosh; Intel Mac OS X 10_15_7) AppleWebKit/605.1.15 (KHTML, like Gecko) Version/17.6 Safari/605.1.15",60,,,,,,,,,,,,,,,,,,,,,,,,,,,,,,,,,,,,media/dgnb.png,5,1,Symb,u,TR,0,0,1,0,8,0,40,0,1,2,0.305231436,w,1.287,1,0,,,,,,,,,,,,,,,,,,,,,,,,,,,,,,,,,,,,,,,,,,,,,,,,,,,,,,,,,,,,,,,,,,,,,,,,,,,,,,,,,,w,0,,,,,,,,,,,1.287,0,0,0,0,1,,,,,,,,,,,,
,,,,,,,,,,,,,,,,,107,4,2024-09-05_15h33.34.906,Symbol-E,2020.1.3,MacIntel,Safari,"Mozilla/5.0 (Macintosh; Intel Mac OS X 10_15_7) AppleWebKit/605.1.15 (KHTML, like Gecko) Version/17.6 Safari/605.1.15",60,,,,,,,,,,,,,,,,,,,,,,,,,,,,,,,,,,,,,,,,,,,,,,,,,,,,,,,,,,,,,,,,,,,,,,,,,,,,,,,,,,,,,,,,,,,,,,,,,,,,,,,,,,,,,,,,,,,,,,,,,,,,,,,,,,,,,,,,,,,,,,,,,40,0,40,0,1,,,,,,,,,,,,,,,,,,
,,,,,,,,,,,,,,,,,107,4,2024-09-05_15h33.34.906,Symbol-E,2020.1.3,MacIntel,Safari,"Mozilla/5.0 (Macintosh; Intel Mac OS X 10_15_7) AppleWebKit/605.1.15 (KHTML, like Gecko) Version/17.6 Safari/605.1.15",60,,,,,,,,,,,,,,,,,,,,,,,,,,,,,,,,,,,,media/dnnb.png,6,2,Symb,i,TR,0,0,1,0,8,0,41,0,1,2,0.968412873,i,1.255,6,1,,,,,,,,,,,,,,,,,,,,,,,,,,,,,,,,,,,,,,,,,,,,,,,,,,,,,,,,,,,,,,,,,,,,,,,,,,,,,,,,,,i,1,,,,,,,,,,,1.255,0,0,0,0,1,,,,,,,,,,,,
,,,,,,,,,,,,,,,,,107,4,2024-09-05_15h33.34.906,Symbol-E,2020.1.3,MacIntel,Safari,"Mozilla/5.0 (Macintosh; Intel Mac OS X 10_15_7) AppleWebKit/605.1.15 (KHTML, like Gecko) Version/17.6 Safari/605.1.15",60,,,,,,,,,,,,,,,,,,,,,,,,,,,,,,,,,,,,,,,,,,,,,,,,,,,,,,,,,,,,,,,,,,,,,,,,,,,,,,,,,,,,,,,,,,,,,,,,,,,,,,,,,,,,,,,,,,,,,,,,,,,,,,,,,,,,,,,,,,,,,,,,,41,0,41,0,1,,,,,,,,,,,,,,,,,,
,,,,,,,,,,,,,,,,,107,4,2024-09-05_15h33.34.906,Symbol-E,2020.1.3,MacIntel,Safari,"Mozilla/5.0 (Macintosh; Intel Mac OS X 10_15_7) AppleWebKit/605.1.15 (KHTML, like Gecko) Version/17.6 Safari/605.1.15",60,,,,,,,,,,,,,,,,,,,,,,,,,,,,,,,,,,,,media/djnb.png,7,3,Symb,l,TR,0,0,1,0,8,0,42,0,1,2,0.580599779,a,1.291,0,0,,,,,,,,,,,,,,,,,,,,,,,,,,,,,,,,,,,,,,,,,,,,,,,,,,,,,,,,,,,,,,,,,,,,,,,,,,,,,,,,,,a,0,,,,,,,,,,,1.291,0,0,0,0,1,,,,,,,,,,,,
,,,,,,,,,,,,,,,,,107,4,2024-09-05_15h33.34.906,Symbol-E,2020.1.3,MacIntel,Safari,"Mozilla/5.0 (Macintosh; Intel Mac OS X 10_15_7) AppleWebKit/605.1.15 (KHTML, like Gecko) Version/17.6 Safari/605.1.15",60,,,,,,,,,,,,,,,,,,,,,,,,,,,,,,,,,,,,,,,,,,,,,,,,,,,,,,,,,,,,,,,,,,,,,,,,,,,,,,,,,,,,,,,,,,,,,,,,,,,,,,,,,,,,,,,,,,,,,,,,,,,,,,,,,,,,,,,,,,,,,,,,,42,0,42,0,1,,,,,,,,,,,,,,,,,,
,,,,,,,,,,,,,,,,,107,4,2024-09-05_15h33.34.906,Symbol-E,2020.1.3,MacIntel,Safari,"Mozilla/5.0 (Macintosh; Intel Mac OS X 10_15_7) AppleWebKit/605.1.15 (KHTML, like Gecko) Version/17.6 Safari/605.1.15",60,,,,,,,,,,,,,,,,,,,,,,,,,,,,,,,,,,,,media/dcnb.png,0,0,Symb,a,TR,0,0,1,0,8,0,43,0,1,2,1.117449829,a,1.369,0,1,,,,,,,,,,,,,,,,,,,,,,,,,,,,,,,,,,,,,,,,,,,,,,,,,,,,,,,,,,,,,,,,,,,,,,,,,,,,,,,,,,a,1,,,,,,,,,,,1.369,0,0,0,0,1,,,,,,,,,,,,
,,,,,,,,,,,,,,,,,107,4,2024-09-05_15h33.34.906,Symbol-E,2020.1.3,MacIntel,Safari,"Mozilla/5.0 (Macintosh; Intel Mac OS X 10_15_7) AppleWebKit/605.1.15 (KHTML, like Gecko) Version/17.6 Safari/605.1.15",60,,,,,,,,,,,,,,,,,,,,,,,,,,,,,,,,,,,,,,,,,,,,,,,,,,,,,,,,,,,,,,,,,,,,,,,,,,,,,,,,,,,,,,,,,,,,,,,,,,,,,,,,,,,,,,,,,,,,,,,,,,,,,,,,,,,,,,,,,,,,,,,,,43,0,43,0,1,,,,,,,,,,,,,,,,,,
,,,,,,,,,,,,,,,,,107,4,2024-09-05_15h33.34.906,Symbol-E,2020.1.3,MacIntel,Safari,"Mozilla/5.0 (Macintosh; Intel Mac OS X 10_15_7) AppleWebKit/605.1.15 (KHTML, like Gecko) Version/17.6 Safari/605.1.15",60,,,,,,,,,,,,,,,,,,,,,,,,,,,,,,,,,,,,media/dmnb.png,2,2,Symb,e,TR,0,0,1,0,8,0,44,0,1,2,0.735324454,e,1.356,2,1,,,,,,,,,,,,,,,,,,,,,,,,,,,,,,,,,,,,,,,,,,,,,,,,,,,,,,,,,,,,,,,,,,,,,,,,,,,,,,,,,,e,1,,,,,,,,,,,1.356,0,0,0,0,1,,,,,,,,,,,,
,,,,,,,,,,,,,,,,,107,4,2024-09-05_15h33.34.906,Symbol-E,2020.1.3,MacIntel,Safari,"Mozilla/5.0 (Macintosh; Intel Mac OS X 10_15_7) AppleWebKit/605.1.15 (KHTML, like Gecko) Version/17.6 Safari/605.1.15",60,,,,,,,,,,,,,,,,,,,,,,,,,,,,,,,,,,,,,,,,,,,,,,,,,,,,,,,,,,,,,,,,,,,,,,,,,,,,,,,,,,,,,,,,,,,,,,,,,,,,,,,,,,,,,,,,,,,,,,,,,,,,,,,,,,,,,,,,,,,,,,,,,44,0,44,0,1,,,,,,,,,,,,,,,,,,
,,,,,,,,,,,,,,,,,107,4,2024-09-05_15h33.34.906,Symbol-E,2020.1.3,MacIntel,Safari,"Mozilla/5.0 (Macintosh; Intel Mac OS X 10_15_7) AppleWebKit/605.1.15 (KHTML, like Gecko) Version/17.6 Safari/605.1.15",60,,,,,,,,,,,,,,,,,,,,,,,,,,,,,,,,,,,,media/dinb.png,3,3,Symb,f,TR,0,0,1,0,8,0,45,0,1,2,0.249157158,l,1.304,7,0,,,,,,,,,,,,,,,,,,,,,,,,,,,,,,,,,,,,,,,,,,,,,,,,,,,,,,,,,,,,,,,,,,,,,,,,,,,,,,,,,,l,0,,,,,,,,,,,1.304,0,0,0,0,1,,,,,,,,,,,,
,,,,,,,,,,,,,,,,,107,4,2024-09-05_15h33.34.906,Symbol-E,2020.1.3,MacIntel,Safari,"Mozilla/5.0 (Macintosh; Intel Mac OS X 10_15_7) AppleWebKit/605.1.15 (KHTML, like Gecko) Version/17.6 Safari/605.1.15",60,,,,,,,,,,,,,,,,,,,,,,,,,,,,,,,,,,,,,,,,,,,,,,,,,,,,,,,,,,,,,,,,,,,,,,,,,,,,,,,,,,,,,,,,,,,,,,,,,,,,,,,,,,,,,,,,,,,,,,,,,,,,,,,,,,,,,,,,,,,,,,,,,45,0,45,0,1,,,,,,,,,,,,,,,,,,
,,,,,,,,,,,,,,,,,107,4,2024-09-05_15h33.34.906,Symbol-E,2020.1.3,MacIntel,Safari,"Mozilla/5.0 (Macintosh; Intel Mac OS X 10_15_7) AppleWebKit/605.1.15 (KHTML, like Gecko) Version/17.6 Safari/605.1.15",60,,,,,,,,,,,,,,,,,,,,,,,,,,,,,,,,,,,,media/dmnb.png,2,2,Symb,e,TR,0,0,1,0,8,0,46,0,1,2,0.474988673,e,1.337,2,1,,,,,,,,,,,,,,,,,,,,,,,,,,,,,,,,,,,,,,,,,,,,,,,,,,,,,,,,,,,,,,,,,,,,,,,,,,,,,,,,,,e,1,,,,,,,,,,,1.337,0,0,0,0,1,,,,,,,,,,,,
,,,,,,,,,,,,,,,,,107,4,2024-09-05_15h33.34.906,Symbol-E,2020.1.3,MacIntel,Safari,"Mozilla/5.0 (Macintosh; Intel Mac OS X 10_15_7) AppleWebKit/605.1.15 (KHTML, like Gecko) Version/17.6 Safari/605.1.15",60,,,,,,,,,,,,,,,,,,,,,,,,,,,,,,,,,,,,,,,,,,,,,,,,,,,,,,,,,,,,,,,,,,,,,,,,,,,,,,,,,,,,,,,,,,,,,,,,,,,,,,,,,,,,,,,,,,,,,,,,,,,,,,,,,,,,,,,,,,,,,,,,,46,0,46,0,1,,,,,,,,,,,,,,,,,,
,,,,,,,,,,,,,,,,,107,4,2024-09-05_15h33.34.906,Symbol-E,2020.1.3,MacIntel,Safari,"Mozilla/5.0 (Macintosh; Intel Mac OS X 10_15_7) AppleWebKit/605.1.15 (KHTML, like Gecko) Version/17.6 Safari/605.1.15",60,,,,,,,,,,,,,,,,,,,,,,,,,,,,,,,,,,,,media/dinb.png,3,3,Symb,f,TR,0,0,1,0,8,0,47,0,1,2,0.99084757,h,1.351,4,0,,,,,,,,,,,,,,,,,,,,,,,,,,,,,,,,,,,,,,,,,,,,,,,,,,,,,,,,,,,,,,,,,,,,,,,,,,,,,,,,,,h,0,,,,,,,,,,,1.351,0,0,0,0,1,,,,,,,,,,,,
,,,,,,,,,,,,,,,,,107,4,2024-09-05_15h33.34.906,Symbol-E,2020.1.3,MacIntel,Safari,"Mozilla/5.0 (Macintosh; Intel Mac OS X 10_15_7) AppleWebKit/605.1.15 (KHTML, like Gecko) Version/17.6 Safari/605.1.15",60,,,,,,,,,,,,,,,,,,,,,,,,,,,,,,,,,,,,,,,,,,,,,,,,,,,,,,,,,,,,,,,,,,,,,,,,,,,,,,,,,,,,,,,,,,,,,,,,,,,,,,,,,,,,,,,,,,,,,,,,,,,,,,,,,,,,,,,,,,,,,,,,,47,0,47,0,1,,,,,,,,,,,,,,,,,,
,,,,,,,,,,,,,,,,,107,4,2024-09-05_15h33.34.906,Symbol-E,2020.1.3,MacIntel,Safari,"Mozilla/5.0 (Macintosh; Intel Mac OS X 10_15_7) AppleWebKit/605.1.15 (KHTML, like Gecko) Version/17.6 Safari/605.1.15",60,,,,,,,,,,,,,,,,,,,,,,,,,,,,,,,,,,,,media/dcnb.png,0,0,Symb,a,TR,0,0,1,0,8,0,48,0,1,2,0.59051468,a,1.388,0,1,,,,,,,,,,,,,,,,,,,,,,,,,,,,,,,,,,,,,,,,,,,,,,,,,,,,,,,,,,,,,,,,,,,,,,,,,,,,,,,,,,a,1,,,,,,,,,,,1.388,0,0,0,0,1,,,,,,,,,,,,
,,,,,,,,,,,,,,,,,107,4,2024-09-05_15h33.34.906,Symbol-E,2020.1.3,MacIntel,Safari,"Mozilla/5.0 (Macintosh; Intel Mac OS X 10_15_7) AppleWebKit/605.1.15 (KHTML, like Gecko) Version/17.6 Safari/605.1.15",60,,,,,,,,,,,,,,,,,,,,,,,,,,,,,,,,,,,,,,,,,,,,,,,,,,,,,,,,,,,,,,,,,,,,,,,,,,,,,,,,,,,,,,,,,,,,,,,,,,,,,,,,,,,,,,,,,,,,,,,,,,,,,,,,,,,,,,,,,,,,,,,,,48,0,48,0,1,,,,,,,,,,,,,,,,,,
,,,,,,,,,,,,,,,,,107,4,2024-09-05_15h33.34.906,Symbol-E,2020.1.3,MacIntel,Safari,"Mozilla/5.0 (Macintosh; Intel Mac OS X 10_15_7) AppleWebKit/605.1.15 (KHTML, like Gecko) Version/17.6 Safari/605.1.15",60,,,,,,,,,,,,,,,,,,,,,,,,,,,,,,,,,,,,media/dfnb.png,1,1,Symb,w,TR,0,0,1,0,8,0,49,0,1,2,0.227902676,i,1.252,6,0,,,,,,,,,,,,,,,,,,,,,,,,,,,,,,,,,,,,,,,,,,,,,,,,,,,,,,,,,,,,,,,,,,,,,,,,,,,,,,,,,,i,0,,,,,,,,,,,1.252,0,0,0,0,1,,,,,,,,,,,,
,,,,,,,,,,,,,,,,,107,4,2024-09-05_15h33.34.906,Symbol-E,2020.1.3,MacIntel,Safari,"Mozilla/5.0 (Macintosh; Intel Mac OS X 10_15_7) AppleWebKit/605.1.15 (KHTML, like Gecko) Version/17.6 Safari/605.1.15",60,,,,,,,,,,,,,,,,,,,,,,,,,,,,,,,,,,,,,,,,,,,,,,,,,,,,,,,,,,,,,,,,,,,,,,,,,,,,,,,,,,,,,,,,,,,,,,,,,,,,,,,,,,,,,,,,,,,,,,,,,,,,,,,,,,,,,,,,,,,,,,,,,49,0,49,0,1,,,,,,,,,,,,,,,,,,
,,,,,,,,,,,,,,,,,107,4,2024-09-05_15h33.34.906,Symbol-E,2020.1.3,MacIntel,Safari,"Mozilla/5.0 (Macintosh; Intel Mac OS X 10_15_7) AppleWebKit/605.1.15 (KHTML, like Gecko) Version/17.6 Safari/605.1.15",60,,,,,,,,,,,,,,,,,,,,,,,,,,,,,,,,,,,,media/dnnb.png,6,2,Symb,i,TR,0,0,1,0,8,0,50,0,1,2,0.407372702,w,1.372,1,0,,,,,,,,,,,,,,,,,,,,,,,,,,,,,,,,,,,,,,,,,,,,,,,,,,,,,,,,,,,,,,,,,,,,,,,,,,,,,,,,,,w,0,,,,,,,,,,,1.372,0,0,0,0,1,,,,,,,,,,,,
,,,,,,,,,,,,,,,,,107,4,2024-09-05_15h33.34.906,Symbol-E,2020.1.3,MacIntel,Safari,"Mozilla/5.0 (Macintosh; Intel Mac OS X 10_15_7) AppleWebKit/605.1.15 (KHTML, like Gecko) Version/17.6 Safari/605.1.15",60,,,,,,,,,,,,,,,,,,,,,,,,,,,,,,,,,,,,,,,,,,,,,,,,,,,,,,,,,,,,,,,,,,,,,,,,,,,,,,,,,,,,,,,,,,,,,,,,,,,,,,,,,,,,,,,,,,,,,,,,,,,,,,,,,,,,,,,,,,,,,,,,,50,0,50,0,1,,,,,,,,,,,,,,,,,,
,,,,,,,,,,,,,,,,,107,4,2024-09-05_15h33.34.906,Symbol-E,2020.1.3,MacIntel,Safari,"Mozilla/5.0 (Macintosh; Intel Mac OS X 10_15_7) AppleWebKit/605.1.15 (KHTML, like Gecko) Version/17.6 Safari/605.1.15",60,,,,,,,,,,,,,,,,,,,,,,,,,,,,,,,,,,,,media/dcnb.png,0,0,Symb,a,TR,0,0,1,0,8,0,51,0,1,2,0.21036947,l,1.32,7,0,,,,,,,,,,,,,,,,,,,,,,,,,,,,,,,,,,,,,,,,,,,,,,,,,,,,,,,,,,,,,,,,,,,,,,,,,,,,,,,,,,l,0,,,,,,,,,,,1.32,0,0,0,0,1,,,,,,,,,,,,
,,,,,,,,,,,,,,,,,107,4,2024-09-05_15h33.34.906,Symbol-E,2020.1.3,MacIntel,Safari,"Mozilla/5.0 (Macintosh; Intel Mac OS X 10_15_7) AppleWebKit/605.1.15 (KHTML, like Gecko) Version/17.6 Safari/605.1.15",60,,,,,,,,,,,,,,,,,,,,,,,,,,,,,,,,,,,,,,,,,,,,,,,,,,,,,,,,,,,,,,,,,,,,,,,,,,,,,,,,,,,,,,,,,,,,,,,,,,,,,,,,,,,,,,,,,,,,,,,,,,,,,,,,,,,,,,,,,,,,,,,,,51,0,51,0,1,,,,,,,,,,,,,,,,,,
,,,,,,,,,,,,,,,,,107,4,2024-09-05_15h33.34.906,Symbol-E,2020.1.3,MacIntel,Safari,"Mozilla/5.0 (Macintosh; Intel Mac OS X 10_15_7) AppleWebKit/605.1.15 (KHTML, like Gecko) Version/17.6 Safari/605.1.15",60,,,,,,,,,,,,,,,,,,,,,,,,,,,,,,,,,,,,media/dgnb.png,5,1,Symb,u,TR,0,0,1,0,8,0,52,0,1,2,0.469047187,i,1.346,6,0,,,,,,,,,,,,,,,,,,,,,,,,,,,,,,,,,,,,,,,,,,,,,,,,,,,,,,,,,,,,,,,,,,,,,,,,,,,,,,,,,,i,0,,,,,,,,,,,1.346,0,0,0,0,1,,,,,,,,,,,,
,,,,,,,,,,,,,,,,,107,4,2024-09-05_15h33.34.906,Symbol-E,2020.1.3,MacIntel,Safari,"Mozilla/5.0 (Macintosh; Intel Mac OS X 10_15_7) AppleWebKit/605.1.15 (KHTML, like Gecko) Version/17.6 Safari/605.1.15",60,,,,,,,,,,,,,,,,,,,,,,,,,,,,,,,,,,,,,,,,,,,,,,,,,,,,,,,,,,,,,,,,,,,,,,,,,,,,,,,,,,,,,,,,,,,,,,,,,,,,,,,,,,,,,,,,,,,,,,,,,,,,,,,,,,,,,,,,,,,,,,,,,52,0,52,0,1,,,,,,,,,,,,,,,,,,
,,,,,,,,,,,,,,,,,107,4,2024-09-05_15h33.34.906,Symbol-E,2020.1.3,MacIntel,Safari,"Mozilla/5.0 (Macintosh; Intel Mac OS X 10_15_7) AppleWebKit/605.1.15 (KHTML, like Gecko) Version/17.6 Safari/605.1.15",60,,,,,,,,,,,,,,,,,,,,,,,,,,,,,,,,,,,,media/ddnb.png,4,0,Symb,h,TR,0,0,1,0,8,0,53,0,1,2,0.192954865,e,1.338,2,0,,,,,,,,,,,,,,,,,,,,,,,,,,,,,,,,,,,,,,,,,,,,,,,,,,,,,,,,,,,,,,,,,,,,,,,,,,,,,,,,,,e,0,,,,,,,,,,,1.338,0,0,0,0,1,,,,,,,,,,,,
,,,,,,,,,,,,,,,,,107,4,2024-09-05_15h33.34.906,Symbol-E,2020.1.3,MacIntel,Safari,"Mozilla/5.0 (Macintosh; Intel Mac OS X 10_15_7) AppleWebKit/605.1.15 (KHTML, like Gecko) Version/17.6 Safari/605.1.15",60,,,,,,,,,,,,,,,,,,,,,,,,,,,,,,,,,,,,,,,,,,,,,,,,,,,,,,,,,,,,,,,,,,,,,,,,,,,,,,,,,,,,,,,,,,,,,,,,,,,,,,,,,,,,,,,,,,,,,,,,,,,,,,,,,,,,,,,,,,,,,,,,,53,0,53,0,1,,,,,,,,,,,,,,,,,,
,,,,,,,,,,,,,,,,,107,4,2024-09-05_15h33.34.906,Symbol-E,2020.1.3,MacIntel,Safari,"Mozilla/5.0 (Macintosh; Intel Mac OS X 10_15_7) AppleWebKit/605.1.15 (KHTML, like Gecko) Version/17.6 Safari/605.1.15",60,,,,,,,,,,,,,,,,,,,,,,,,,,,,,,,,,,,,media/djnb.png,7,3,Symb,l,TR,0,0,1,0,8,0,54,0,1,2,0.623516307,a,1.238,0,0,,,,,,,,,,,,,,,,,,,,,,,,,,,,,,,,,,,,,,,,,,,,,,,,,,,,,,,,,,,,,,,,,,,,,,,,,,,,,,,,,,a,0,,,,,,,,,,,1.238,0,0,0,0,1,,,,,,,,,,,,
,,,,,,,,,,,,,,,,,107,4,2024-09-05_15h33.34.906,Symbol-E,2020.1.3,MacIntel,Safari,"Mozilla/5.0 (Macintosh; Intel Mac OS X 10_15_7) AppleWebKit/605.1.15 (KHTML, like Gecko) Version/17.6 Safari/605.1.15",60,,,,,,,,,,,,,,,,,,,,,,,,,,,,,,,,,,,,,,,,,,,,,,,,,,,,,,,,,,,,,,,,,,,,,,,,,,,,,,,,,,,,,,,,,,,,,,,,,,,,,,,,,,,,,,,,,,,,,,,,,,,,,,,,,,,,,,,,,,,,,,,,,54,0,54,0,1,,,,,,,,,,,,,,,,,,
,,,,,,,,,,,,,,,,,107,4,2024-09-05_15h33.34.906,Symbol-E,2020.1.3,MacIntel,Safari,"Mozilla/5.0 (Macintosh; Intel Mac OS X 10_15_7) AppleWebKit/605.1.15 (KHTML, like Gecko) Version/17.6 Safari/605.1.15",60,,,,,,,,,,,,,,,,,,,,,,,,,,,,,,,,,,,,media/dmnb.png,2,2,Symb,e,TR,0,0,1,0,8,0,55,0,1,2,0.394935449,e,1.339,2,1,,,,,,,,,,,,,,,,,,,,,,,,,,,,,,,,,,,,,,,,,,,,,,,,,,,,,,,,,,,,,,,,,,,,,,,,,,,,,,,,,,e,1,,,,,,,,,,,1.339,0,0,0,0,1,,,,,,,,,,,,
,,,,,,,,,,,,,,,,,107,4,2024-09-05_15h33.34.906,Symbol-E,2020.1.3,MacIntel,Safari,"Mozilla/5.0 (Macintosh; Intel Mac OS X 10_15_7) AppleWebKit/605.1.15 (KHTML, like Gecko) Version/17.6 Safari/605.1.15",60,,,,,,,,,,,,,,,,,,,,,,,,,,,,,,,,,,,,,,,,,,,,,,,,,,,,,,,,,,,,,,,,,,,,,,,,,,,,,,,,,,,,,,,,,,,,,,,,,,,,,,,,,,,,,,,,,,,,,,,,,,,,,,,,,,,,,,,,,,,,,,,,,55,0,55,0,1,,,,,,,,,,,,,,,,,,
,,,,,,,,,,,,,,,,,107,4,2024-09-05_15h33.34.906,Symbol-E,2020.1.3,MacIntel,Safari,"Mozilla/5.0 (Macintosh; Intel Mac OS X 10_15_7) AppleWebKit/605.1.15 (KHTML, like Gecko) Version/17.6 Safari/605.1.15",60,,,,,,,,,,,,,,,,,,,,,,,,,,,,,,,,,,,,media/dinb.png,3,3,Symb,f,TR,0,0,1,0,8,0,56,0,1,2,1.084750381,h,1.305,4,0,,,,,,,,,,,,,,,,,,,,,,,,,,,,,,,,,,,,,,,,,,,,,,,,,,,,,,,,,,,,,,,,,,,,,,,,,,,,,,,,,,h,0,,,,,,,,,,,1.305,0,0,0,0,1,,,,,,,,,,,,
,,,,,,,,,,,,,,,,,107,4,2024-09-05_15h33.34.906,Symbol-E,2020.1.3,MacIntel,Safari,"Mozilla/5.0 (Macintosh; Intel Mac OS X 10_15_7) AppleWebKit/605.1.15 (KHTML, like Gecko) Version/17.6 Safari/605.1.15",60,,,,,,,,,,,,,,,,,,,,,,,,,,,,,,,,,,,,,,,,,,,,,,,,,,,,,,,,,,,,,,,,,,,,,,,,,,,,,,,,,,,,,,,,,,,,,,,,,,,,,,,,,,,,,,,,,,,,,,,,,,,,,,,,,,,,,,,,,,,,,,,,,56,0,56,0,1,,,,,,,,,,,,,,,,,,
,,,,,,,,,,,,,,,,,107,4,2024-09-05_15h33.34.906,Symbol-E,2020.1.3,MacIntel,Safari,"Mozilla/5.0 (Macintosh; Intel Mac OS X 10_15_7) AppleWebKit/605.1.15 (KHTML, like Gecko) Version/17.6 Safari/605.1.15",60,,,,,,,,,,,,,,,,,,,,,,,,,,,,,,,,,,,,media/dfnb.png,1,1,Symb,w,TR,0,0,1,0,8,0,57,0,1,2,0.732794596,i,1.204,6,0,,,,,,,,,,,,,,,,,,,,,,,,,,,,,,,,,,,,,,,,,,,,,,,,,,,,,,,,,,,,,,,,,,,,,,,,,,,,,,,,,,i,0,,,,,,,,,,,1.204,0,0,0,0,1,,,,,,,,,,,,
,,,,,,,,,,,,,,,,,107,4,2024-09-05_15h33.34.906,Symbol-E,2020.1.3,MacIntel,Safari,"Mozilla/5.0 (Macintosh; Intel Mac OS X 10_15_7) AppleWebKit/605.1.15 (KHTML, like Gecko) Version/17.6 Safari/605.1.15",60,,,,,,,,,,,,,,,,,,,,,,,,,,,,,,,,,,,,,,,,,,,,,,,,,,,,,,,,,,,,,,,,,,,,,,,,,,,,,,,,,,,,,,,,,,,,,,,,,,,,,,,,,,,,,,,,,,,,,,,,,,,,,,,,,,,,,,,,,,,,,,,,,57,0,57,0,1,,,,,,,,,,,,,,,,,,
,,,,,,,,,,,,,,,,,107,4,2024-09-05_15h33.34.906,Symbol-E,2020.1.3,MacIntel,Safari,"Mozilla/5.0 (Macintosh; Intel Mac OS X 10_15_7) AppleWebKit/605.1.15 (KHTML, like Gecko) Version/17.6 Safari/605.1.15",60,,,,,,,,,,,,,,,,,,,,,,,,,,,,,,,,,,,,media/dmnb.png,2,2,Symb,e,TR,0,0,1,0,8,0,58,0,1,2,0.685866211,e,1.22,2,1,,,,,,,,,,,,,,,,,,,,,,,,,,,,,,,,,,,,,,,,,,,,,,,,,,,,,,,,,,,,,,,,,,,,,,,,,,,,,,,,,,e,1,,,,,,,,,,,1.22,0,0,0,0,1,,,,,,,,,,,,
,,,,,,,,,,,,,,,,,107,4,2024-09-05_15h33.34.906,Symbol-E,2020.1.3,MacIntel,Safari,"Mozilla/5.0 (Macintosh; Intel Mac OS X 10_15_7) AppleWebKit/605.1.15 (KHTML, like Gecko) Version/17.6 Safari/605.1.15",60,,,,,,,,,,,,,,,,,,,,,,,,,,,,,,,,,,,,,,,,,,,,,,,,,,,,,,,,,,,,,,,,,,,,,,,,,,,,,,,,,,,,,,,,,,,,,,,,,,,,,,,,,,,,,,,,,,,,,,,,,,,,,,,,,,,,,,,,,,,,,,,,,58,0,58,0,1,,,,,,,,,,,,,,,,,,
,,,,,,,,,,,,,,,,,107,4,2024-09-05_15h33.34.906,Symbol-E,2020.1.3,MacIntel,Safari,"Mozilla/5.0 (Macintosh; Intel Mac OS X 10_15_7) AppleWebKit/605.1.15 (KHTML, like Gecko) Version/17.6 Safari/605.1.15",60,,,,,,,,,,,,,,,,,,,,,,,,,,,,,,,,,,,,media/djnb.png,7,3,Symb,l,TR,0,0,1,0,8,0,59,0,1,2,1.150546641,l,1.245,7,1,,,,,,,,,,,,,,,,,,,,,,,,,,,,,,,,,,,,,,,,,,,,,,,,,,,,,,,,,,,,,,,,,,,,,,,,,,,,,,,,,,l,1,,,,,,,,,,,1.245,0,0,0,0,1,,,,,,,,,,,,
,,,,,,,,,,,,,,,,,107,4,2024-09-05_15h33.34.906,Symbol-E,2020.1.3,MacIntel,Safari,"Mozilla/5.0 (Macintosh; Intel Mac OS X 10_15_7) AppleWebKit/605.1.15 (KHTML, like Gecko) Version/17.6 Safari/605.1.15",60,,,,,,,,,,,,,,,,,,,,,,,,,,,,,,,,,,,,,,,,,,,,,,,,,,,,,,,,,,,,,,,,,,,,,,,,,,,,,,,,,,,,,,,,,,,,,,,,,,,,,,,,,,,,,,,,,,,,,,,,,,,,,,,,,,,,,,,,,,,,,,,,,59,0,59,0,1,,,,,,,,,,,,,,,,,,
,,,,,,,,,,,,,,,,,107,4,2024-09-05_15h33.34.906,Symbol-E,2020.1.3,MacIntel,Safari,"Mozilla/5.0 (Macintosh; Intel Mac OS X 10_15_7) AppleWebKit/605.1.15 (KHTML, like Gecko) Version/17.6 Safari/605.1.15",60,,,,,,,,,,,,,,,,,,,,,,,,,,,,,,,,,,,,media/dinb.png,3,3,Symb,f,TR,0,0,1,0,8,0,60,0,1,2,0.022940321,e,1.352,2,0,,,,,,,,,,,,,,,,,,,,,,,,,,,,,,,,,,,,,,,,,,,,,,,,,,,,,,,,,,,,,,,,,,,,,,,,,,,,,,,,,,e,0,,,,,,,,,,,1.352,0,0,0,0,1,,,,,,,,,,,,
,,,,,,,,,,,,,,,,,107,4,2024-09-05_15h33.34.906,Symbol-E,2020.1.3,MacIntel,Safari,"Mozilla/5.0 (Macintosh; Intel Mac OS X 10_15_7) AppleWebKit/605.1.15 (KHTML, like Gecko) Version/17.6 Safari/605.1.15",60,,,,,,,,,,,,,,,,,,,,,,,,,,,,,,,,,,,,,,,,,,,,,,,,,,,,,,,,,,,,,,,,,,,,,,,,,,,,,,,,,,,,,,,,,,,,,,,,,,,,,,,,,,,,,,,,,,,,,,,,,,,,,,,,,,,,,,,,,,,,,,,,,60,0,60,0,1,,,,,,,,,,,,,,,,,,
,,,,,,,,,,,,,,,,,107,4,2024-09-05_15h33.34.906,Symbol-E,2020.1.3,MacIntel,Safari,"Mozilla/5.0 (Macintosh; Intel Mac OS X 10_15_7) AppleWebKit/605.1.15 (KHTML, like Gecko) Version/17.6 Safari/605.1.15",60,,,,,,,,,,,,,,,,,,,,,,,,,,,,,,,,,,,,media/ddnb.png,4,0,Symb,h,TR,0,0,1,0,8,0,61,0,1,2,0.424583589,w,1.227,1,0,,,,,,,,,,,,,,,,,,,,,,,,,,,,,,,,,,,,,,,,,,,,,,,,,,,,,,,,,,,,,,,,,,,,,,,,,,,,,,,,,,w,0,,,,,,,,,,,1.227,0,0,0,0,1,,,,,,,,,,,,
,,,,,,,,,,,,,,,,,107,4,2024-09-05_15h33.34.906,Symbol-E,2020.1.3,MacIntel,Safari,"Mozilla/5.0 (Macintosh; Intel Mac OS X 10_15_7) AppleWebKit/605.1.15 (KHTML, like Gecko) Version/17.6 Safari/605.1.15",60,,,,,,,,,,,,,,,,,,,,,,,,,,,,,,,,,,,,,,,,,,,,,,,,,,,,,,,,,,,,,,,,,,,,,,,,,,,,,,,,,,,,,,,,,,,,,,,,,,,,,,,,,,,,,,,,,,,,,,,,,,,,,,,,,,,,,,,,,,,,,,,,,61,0,61,0,1,,,,,,,,,,,,,,,,,,
,,,,,,,,,,,,,,,,,107,4,2024-09-05_15h33.34.906,Symbol-E,2020.1.3,MacIntel,Safari,"Mozilla/5.0 (Macintosh; Intel Mac OS X 10_15_7) AppleWebKit/605.1.15 (KHTML, like Gecko) Version/17.6 Safari/605.1.15",60,,,,,,,,,,,,,,,,,,,,,,,,,,,,,,,,,,,,media/dnnb.png,6,2,Symb,i,TR,0,0,1,0,8,0,62,0,1,2,0.118249879,h,1.322,4,0,,,,,,,,,,,,,,,,,,,,,,,,,,,,,,,,,,,,,,,,,,,,,,,,,,,,,,,,,,,,,,,,,,,,,,,,,,,,,,,,,,h,0,,,,,,,,,,,1.322,0,0,0,0,1,,,,,,,,,,,,
,,,,,,,,,,,,,,,,,107,4,2024-09-05_15h33.34.906,Symbol-E,2020.1.3,MacIntel,Safari,"Mozilla/5.0 (Macintosh; Intel Mac OS X 10_15_7) AppleWebKit/605.1.15 (KHTML, like Gecko) Version/17.6 Safari/605.1.15",60,,,,,,,,,,,,,,,,,,,,,,,,,,,,,,,,,,,,,,,,,,,,,,,,,,,,,,,,,,,,,,,,,,,,,,,,,,,,,,,,,,,,,,,,,,,,,,,,,,,,,,,,,,,,,,,,,,,,,,,,,,,,,,,,,,,,,,,,,,,,,,,,,62,0,62,0,1,,,,,,,,,,,,,,,,,,
,,,,,,,,,,,,,,,,,107,4,2024-09-05_15h33.34.906,Symbol-E,2020.1.3,MacIntel,Safari,"Mozilla/5.0 (Macintosh; Intel Mac OS X 10_15_7) AppleWebKit/605.1.15 (KHTML, like Gecko) Version/17.6 Safari/605.1.15",60,,,,,,,,,,,,,,,,,,,,,,,,,,,,,,,,,,,,media/dgnb.png,5,1,Symb,u,TR,0,0,1,0,8,0,63,0,1,2,0.805057708,e,1.345,2,0,,,,,,,,,,,,,,,,,,,,,,,,,,,,,,,,,,,,,,,,,,,,,,,,,,,,,,,,,,,,,,,,,,,,,,,,,,,,,,,,,,e,0,,,,,,,,,,,1.345,0,0,0,0,1,,,,,,,,,,,,
,,,,,,,,,,,,,,,,,107,4,2024-09-05_15h33.34.906,Symbol-E,2020.1.3,MacIntel,Safari,"Mozilla/5.0 (Macintosh; Intel Mac OS X 10_15_7) AppleWebKit/605.1.15 (KHTML, like Gecko) Version/17.6 Safari/605.1.15",60,,,,,,,,,,,,,,,,,,,,,,,,,,,,,,,,,,,,,,,,,,,,,,,,,,,,,,,,,,,,,,,,,,,,,,,,,,,,,,,,,,,,,,,,,,,,,,,,,,,,,,,,,,,,,,,,,,,,,,,,,,,,,,,,,,,,,,,,,,,,,,,,,63,0,63,0,1,,,,,,,,,,,,,,,,,,
,,,,,,,,,,,,,,,,,107,4,2024-09-05_15h33.34.906,Symbol-E,2020.1.3,MacIntel,Safari,"Mozilla/5.0 (Macintosh; Intel Mac OS X 10_15_7) AppleWebKit/605.1.15 (KHTML, like Gecko) Version/17.6 Safari/605.1.15",60,,,,,,,,,,,,,,,,,,,,,,,,,,,,,,,,,,,,media/ddnb.png,4,0,Symb,h,TR,0,0,1,0,8,0,64,0,1,2,1.183466883,h,1.25,4,1,,,,,,,,,,,,,,,,,,,,,,,,,,,,,,,,,,,,,,,,,,,,,,,,,,,,,,,,,,,,,,,,,,,,,,,,,,,,,,,,,,h,1,,,,,,,,,,,1.25,0,0,0,0,1,,,,,,,,,,,,
,,,,,,,,,,,,,,,,,107,4,2024-09-05_15h33.34.906,Symbol-E,2020.1.3,MacIntel,Safari,"Mozilla/5.0 (Macintosh; Intel Mac OS X 10_15_7) AppleWebKit/605.1.15 (KHTML, like Gecko) Version/17.6 Safari/605.1.15",60,,,,,,,,,,,,,,,,,,,,,,,,,,,,,,,,,,,,,,,,,,,,,,,,,,,,,,,,,,,,,,,,,,,,,,,,,,,,,,,,,,,,,,,,,,,,,,,,,,,,,,,,,,,,,,,,,,,,,,,,,,,,,,,,,,,,,,,,,,,,,,,,,64,0,64,0,1,,,,,,,,,,,,,,,,,,
,,,,,,,,,,,,,,,,,107,4,2024-09-05_15h33.34.906,Symbol-E,2020.1.3,MacIntel,Safari,"Mozilla/5.0 (Macintosh; Intel Mac OS X 10_15_7) AppleWebKit/605.1.15 (KHTML, like Gecko) Version/17.6 Safari/605.1.15",60,,,,,,,,,,,,,,,,,,,,,,,,,,,,,,,,,,,,media/dfnb.png,1,1,Symb,w,TR,0,0,1,0,8,0,65,0,1,2,0.958055725,l,1.171,7,0,,,,,,,,,,,,,,,,,,,,,,,,,,,,,,,,,,,,,,,,,,,,,,,,,,,,,,,,,,,,,,,,,,,,,,,,,,,,,,,,,,l,0,,,,,,,,,,,1.171,0,0,0,0,1,,,,,,,,,,,,
,,,,,,,,,,,,,,,,,107,4,2024-09-05_15h33.34.906,Symbol-E,2020.1.3,MacIntel,Safari,"Mozilla/5.0 (Macintosh; Intel Mac OS X 10_15_7) AppleWebKit/605.1.15 (KHTML, like Gecko) Version/17.6 Safari/605.1.15",60,,,,,,,,,,,,,,,,,,,,,,,,,,,,,,,,,,,,,,,,,,,,,,,,,,,,,,,,,,,,,,,,,,,,,,,,,,,,,,,,,,,,,,,,,,,,,,,,,,,,,,,,,,,,,,,,,,,,,,,,,,,,,,,,,,,,,,,,,,,,,,,,,65,0,65,0,1,,,,,,,,,,,,,,,,,,
,,,,,,,,,,,,,,,,,107,4,2024-09-05_15h33.34.906,Symbol-E,2020.1.3,MacIntel,Safari,"Mozilla/5.0 (Macintosh; Intel Mac OS X 10_15_7) AppleWebKit/605.1.15 (KHTML, like Gecko) Version/17.6 Safari/605.1.15",60,,,,,,,,,,,,,,,,,,,,,,,,,,,,,,,,,,,,media/dnnb.png,6,2,Symb,i,TR,0,0,1,0,8,0,66,0,1,2,1.138758278,i,1.26,6,1,,,,,,,,,,,,,,,,,,,,,,,,,,,,,,,,,,,,,,,,,,,,,,,,,,,,,,,,,,,,,,,,,,,,,,,,,,,,,,,,,,i,1,,,,,,,,,,,1.26,0,0,0,0,1,,,,,,,,,,,,
,,,,,,,,,,,,,,,,,107,4,2024-09-05_15h33.34.906,Symbol-E,2020.1.3,MacIntel,Safari,"Mozilla/5.0 (Macintosh; Intel Mac OS X 10_15_7) AppleWebKit/605.1.15 (KHTML, like Gecko) Version/17.6 Safari/605.1.15",60,,,,,,,,,,,,,,,,,,,,,,,,,,,,,,,,,,,,,,,,,,,,,,,,,,,,,,,,,,,,,,,,,,,,,,,,,,,,,,,,,,,,,,,,,,,,,,,,,,,,,,,,,,,,,,,,,,,,,,,,,,,,,,,,,,,,,,,,,,,,,,,,,66,0,66,0,1,,,,,,,,,,,,,,,,,,
,,,,,,,,,,,,,,,,,107,4,2024-09-05_15h33.34.906,Symbol-E,2020.1.3,MacIntel,Safari,"Mozilla/5.0 (Macintosh; Intel Mac OS X 10_15_7) AppleWebKit/605.1.15 (KHTML, like Gecko) Version/17.6 Safari/605.1.15",60,,,,,,,,,,,,,,,,,,,,,,,,,,,,,,,,,,,,media/dgnb.png,5,1,Symb,u,TR,0,0,1,0,8,0,67,0,1,2,0.18435337,w,1.321,1,0,,,,,,,,,,,,,,,,,,,,,,,,,,,,,,,,,,,,,,,,,,,,,,,,,,,,,,,,,,,,,,,,,,,,,,,,,,,,,,,,,,w,0,,,,,,,,,,,1.321,0,0,0,0,1,,,,,,,,,,,,
,,,,,,,,,,,,,,,,,107,4,2024-09-05_15h33.34.906,Symbol-E,2020.1.3,MacIntel,Safari,"Mozilla/5.0 (Macintosh; Intel Mac OS X 10_15_7) AppleWebKit/605.1.15 (KHTML, like Gecko) Version/17.6 Safari/605.1.15",60,,,,,,,,,,,,,,,,,,,,,,,,,,,,,,,,,,,,,,,,,,,,,,,,,,,,,,,,,,,,,,,,,,,,,,,,,,,,,,,,,,,,,,,,,,,,,,,,,,,,,,,,,,,,,,,,,,,,,,,,,,,,,,,,,,,,,,,,,,,,,,,,,67,0,67,0,1,,,,,,,,,,,,,,,,,,
,,,,,,,,,,,,,,,,,107,4,2024-09-05_15h33.34.906,Symbol-E,2020.1.3,MacIntel,Safari,"Mozilla/5.0 (Macintosh; Intel Mac OS X 10_15_7) AppleWebKit/605.1.15 (KHTML, like Gecko) Version/17.6 Safari/605.1.15",60,,,,,,,,,,,,,,,,,,,,,,,,,,,,,,,,,,,,media/djnb.png,7,3,Symb,l,TR,0,0,1,0,8,0,68,0,1,2,0.125168747,h,1.368,4,0,,,,,,,,,,,,,,,,,,,,,,,,,,,,,,,,,,,,,,,,,,,,,,,,,,,,,,,,,,,,,,,,,,,,,,,,,,,,,,,,,,h,0,,,,,,,,,,,1.368,0,0,0,0,1,,,,,,,,,,,,
,,,,,,,,,,,,,,,,,107,4,2024-09-05_15h33.34.906,Symbol-E,2020.1.3,MacIntel,Safari,"Mozilla/5.0 (Macintosh; Intel Mac OS X 10_15_7) AppleWebKit/605.1.15 (KHTML, like Gecko) Version/17.6 Safari/605.1.15",60,,,,,,,,,,,,,,,,,,,,,,,,,,,,,,,,,,,,,,,,,,,,,,,,,,,,,,,,,,,,,,,,,,,,,,,,,,,,,,,,,,,,,,,,,,,,,,,,,,,,,,,,,,,,,,,,,,,,,,,,,,,,,,,,,,,,,,,,,,,,,,,,,68,0,68,0,1,,,,,,,,,,,,,,,,,,
,,,,,,,,,,,,,,,,,107,4,2024-09-05_15h33.34.906,Symbol-E,2020.1.3,MacIntel,Safari,"Mozilla/5.0 (Macintosh; Intel Mac OS X 10_15_7) AppleWebKit/605.1.15 (KHTML, like Gecko) Version/17.6 Safari/605.1.15",60,,,,,,,,,,,,,,,,,,,,,,,,,,,,,,,,,,,,media/dfnb.png,1,1,Symb,w,TR,0,0,1,0,8,0,69,0,1,2,0.582842662,f,1.238,3,0,,,,,,,,,,,,,,,,,,,,,,,,,,,,,,,,,,,,,,,,,,,,,,,,,,,,,,,,,,,,,,,,,,,,,,,,,,,,,,,,,,f,0,,,,,,,,,,,1.238,0,0,0,0,1,,,,,,,,,,,,
,,,,,,,,,,,,,,,,,107,4,2024-09-05_15h33.34.906,Symbol-E,2020.1.3,MacIntel,Safari,"Mozilla/5.0 (Macintosh; Intel Mac OS X 10_15_7) AppleWebKit/605.1.15 (KHTML, like Gecko) Version/17.6 Safari/605.1.15",60,,,,,,,,,,,,,,,,,,,,,,,,,,,,,,,,,,,,,,,,,,,,,,,,,,,,,,,,,,,,,,,,,,,,,,,,,,,,,,,,,,,,,,,,,,,,,,,,,,,,,,,,,,,,,,,,,,,,,,,,,,,,,,,,,,,,,,,,,,,,,,,,,69,0,69,0,1,,,,,,,,,,,,,,,,,,
,,,,,,,,,,,,,,,,,107,4,2024-09-05_15h33.34.906,Symbol-E,2020.1.3,MacIntel,Safari,"Mozilla/5.0 (Macintosh; Intel Mac OS X 10_15_7) AppleWebKit/605.1.15 (KHTML, like Gecko) Version/17.6 Safari/605.1.15",60,,,,,,,,,,,,,,,,,,,,,,,,,,,,,,,,,,,,media/dinb.png,3,3,Symb,f,TR,0,0,1,0,8,0,70,0,1,2,0.316255684,w,1.321,1,0,,,,,,,,,,,,,,,,,,,,,,,,,,,,,,,,,,,,,,,,,,,,,,,,,,,,,,,,,,,,,,,,,,,,,,,,,,,,,,,,,,w,0,,,,,,,,,,,1.321,0,0,0,0,1,,,,,,,,,,,,
,,,,,,,,,,,,,,,,,107,4,2024-09-05_15h33.34.906,Symbol-E,2020.1.3,MacIntel,Safari,"Mozilla/5.0 (Macintosh; Intel Mac OS X 10_15_7) AppleWebKit/605.1.15 (KHTML, like Gecko) Version/17.6 Safari/605.1.15",60,,,,,,,,,,,,,,,,,,,,,,,,,,,,,,,,,,,,,,,,,,,,,,,,,,,,,,,,,,,,,,,,,,,,,,,,,,,,,,,,,,,,,,,,,,,,,,,,,,,,,,,,,,,,,,,,,,,,,,,,,,,,,,,,,,,,,,,,,,,,,,,,,70,0,70,0,1,,,,,,,,,,,,,,,,,,
,,,,,,,,,,,,,,,,,107,4,2024-09-05_15h33.34.906,Symbol-E,2020.1.3,MacIntel,Safari,"Mozilla/5.0 (Macintosh; Intel Mac OS X 10_15_7) AppleWebKit/605.1.15 (KHTML, like Gecko) Version/17.6 Safari/605.1.15",60,,,,,,,,,,,,,,,,,,,,,,,,,,,,,,,,,,,,media/dmnb.png,2,2,Symb,e,TR,0,0,1,0,8,0,71,0,1,2,0.283927649,w,1.437,1,0,,,,,,,,,,,,,,,,,,,,,,,,,,,,,,,,,,,,,,,,,,,,,,,,,,,,,,,,,,,,,,,,,,,,,,,,,,,,,,,,,,w,0,,,,,,,,,,,1.437,0,0,0,0,1,,,,,,,,,,,,
,,,,,,,,,,,,,,,,,107,4,2024-09-05_15h33.34.906,Symbol-E,2020.1.3,MacIntel,Safari,"Mozilla/5.0 (Macintosh; Intel Mac OS X 10_15_7) AppleWebKit/605.1.15 (KHTML, like Gecko) Version/17.6 Safari/605.1.15",60,,,,,,,,,,,,,,,,,,,,,,,,,,,,,,,,,,,,,,,,,,,,,,,,,,,,,,,,,,,,,,,,,,,,,,,,,,,,,,,,,,,,,,,,,,,,,,,,,,,,,,,,,,,,,,,,,,,,,,,,,,,,,,,,,,,,,,,,,,,,,,,,,71,0,71,0,1,,,,,,,,,,,,,,,,,,
,,,,,,,,,,,,,,,,,107,4,2024-09-05_15h33.34.906,Symbol-E,2020.1.3,MacIntel,Safari,"Mozilla/5.0 (Macintosh; Intel Mac OS X 10_15_7) AppleWebKit/605.1.15 (KHTML, like Gecko) Version/17.6 Safari/605.1.15",60,,,,,,,,,,,,,,,,,,,,,,,,,,,,,,,,,,,,media/djnb.png,7,3,Symb,l,TR,0,0,1,0,8,0,72,0,1,2,0.033618632,w,1.3,1,0,,,,,,,,,,,,,,,,,,,,,,,,,,,,,,,,,,,,,,,,,,,,,,,,,,,,,,,,,,,,,,,,,,,,,,,,,,,,,,,,,,w,0,,,,,,,,,,,1.3,0,0,0,0,1,,,,,,,,,,,,
,,,,,,,,,,,,,,,,,107,4,2024-09-05_15h33.34.906,Symbol-E,2020.1.3,MacIntel,Safari,"Mozilla/5.0 (Macintosh; Intel Mac OS X 10_15_7) AppleWebKit/605.1.15 (KHTML, like Gecko) Version/17.6 Safari/605.1.15",60,,,,,,,,,,,,,,,,,,,,,,,,,,,,,,,,,,,,,,,,,,,,,,,,,,,,,,,,,,,,,,,,,,,,,,,,,,,,,,,,,,,,,,,,,,,,,,,,,,,,,,,,,,,,,,,,,,,,,,,,,,,,,,,,,,,,,,,,,,,,,,,,,72,0,72,0,1,,,,,,,,,,,,,,,,,,
,,,,,,,,,,,,,,,,,107,4,2024-09-05_15h33.34.906,Symbol-E,2020.1.3,MacIntel,Safari,"Mozilla/5.0 (Macintosh; Intel Mac OS X 10_15_7) AppleWebKit/605.1.15 (KHTML, like Gecko) Version/17.6 Safari/605.1.15",60,,,,,,,,,,,,,,,,,,,,,,,,,,,,,,,,,,,,media/dgnb.png,5,1,Symb,u,TR,0,0,1,0,8,0,73,0,1,2,0.726386919,w,1.288,1,0,,,,,,,,,,,,,,,,,,,,,,,,,,,,,,,,,,,,,,,,,,,,,,,,,,,,,,,,,,,,,,,,,,,,,,,,,,,,,,,,,,w,0,,,,,,,,,,,1.288,0,0,0,0,1,,,,,,,,,,,,
,,,,,,,,,,,,,,,,,107,4,2024-09-05_15h33.34.906,Symbol-E,2020.1.3,MacIntel,Safari,"Mozilla/5.0 (Macintosh; Intel Mac OS X 10_15_7) AppleWebKit/605.1.15 (KHTML, like Gecko) Version/17.6 Safari/605.1.15",60,,,,,,,,,,,,,,,,,,,,,,,,,,,,,,,,,,,,,,,,,,,,,,,,,,,,,,,,,,,,,,,,,,,,,,,,,,,,,,,,,,,,,,,,,,,,,,,,,,,,,,,,,,,,,,,,,,,,,,,,,,,,,,,,,,,,,,,,,,,,,,,,,73,0,73,0,1,,,,,,,,,,,,,,,,,,
,,,,,,,,,,,,,,,,,107,4,2024-09-05_15h33.34.906,Symbol-E,2020.1.3,MacIntel,Safari,"Mozilla/5.0 (Macintosh; Intel Mac OS X 10_15_7) AppleWebKit/605.1.15 (KHTML, like Gecko) Version/17.6 Safari/605.1.15",60,,,,,,,,,,,,,,,,,,,,,,,,,,,,,,,,,,,,media/dmnb.png,2,2,Symb,e,TR,0,0,1,0,8,0,74,0,1,2,1.060613249,e,1.155,2,1,,,,,,,,,,,,,,,,,,,,,,,,,,,,,,,,,,,,,,,,,,,,,,,,,,,,,,,,,,,,,,,,,,,,,,,,,,,,,,,,,,e,1,,,,,,,,,,,1.155,0,0,0,0,1,,,,,,,,,,,,
,,,,,,,,,,,,,,,,,107,4,2024-09-05_15h33.34.906,Symbol-E,2020.1.3,MacIntel,Safari,"Mozilla/5.0 (Macintosh; Intel Mac OS X 10_15_7) AppleWebKit/605.1.15 (KHTML, like Gecko) Version/17.6 Safari/605.1.15",60,,,,,,,,,,,,,,,,,,,,,,,,,,,,,,,,,,,,,,,,,,,,,,,,,,,,,,,,,,,,,,,,,,,,,,,,,,,,,,,,,,,,,,,,,,,,,,,,,,,,,,,,,,,,,,,,,,,,,,,,,,,,,,,,,,,,,,,,,,,,,,,,,74,0,74,0,1,,,,,,,,,,,,,,,,,,
,,,,,,,,,,,,,,,,,107,4,2024-09-05_15h33.34.906,Symbol-E,2020.1.3,MacIntel,Safari,"Mozilla/5.0 (Macintosh; Intel Mac OS X 10_15_7) AppleWebKit/605.1.15 (KHTML, like Gecko) Version/17.6 Safari/605.1.15",60,,,,,,,,,,,,,,,,,,,,,,,,,,,,,,,,,,,,media/ddnb.png,4,0,Symb,h,TR,0,0,1,0,8,0,75,0,1,2,0.316132962,i,1.287,6,0,,,,,,,,,,,,,,,,,,,,,,,,,,,,,,,,,,,,,,,,,,,,,,,,,,,,,,,,,,,,,,,,,,,,,,,,,,,,,,,,,,i,0,,,,,,,,,,,1.287,0,0,0,0,1,,,,,,,,,,,,
,,,,,,,,,,,,,,,,,107,4,2024-09-05_15h33.34.906,Symbol-E,2020.1.3,MacIntel,Safari,"Mozilla/5.0 (Macintosh; Intel Mac OS X 10_15_7) AppleWebKit/605.1.15 (KHTML, like Gecko) Version/17.6 Safari/605.1.15",60,,,,,,,,,,,,,,,,,,,,,,,,,,,,,,,,,,,,,,,,,,,,,,,,,,,,,,,,,,,,,,,,,,,,,,,,,,,,,,,,,,,,,,,,,,,,,,,,,,,,,,,,,,,,,,,,,,,,,,,,,,,,,,,,,,,,,,,,,,,,,,,,,75,0,75,0,1,,,,,,,,,,,,,,,,,,
,,,,,,,,,,,,,,,,,107,4,2024-09-05_15h33.34.906,Symbol-E,2020.1.3,MacIntel,Safari,"Mozilla/5.0 (Macintosh; Intel Mac OS X 10_15_7) AppleWebKit/605.1.15 (KHTML, like Gecko) Version/17.6 Safari/605.1.15",60,,,,,,,,,,,,,,,,,,,,,,,,,,,,,,,,,,,,media/dinb.png,3,3,Symb,f,TR,0,0,1,0,8,0,76,0,1,2,0.559445551,f,1.401,3,1,,,,,,,,,,,,,,,,,,,,,,,,,,,,,,,,,,,,,,,,,,,,,,,,,,,,,,,,,,,,,,,,,,,,,,,,,,,,,,,,,,f,1,,,,,,,,,,,1.401,0,0,0,0,1,,,,,,,,,,,,
,,,,,,,,,,,,,,,,,107,4,2024-09-05_15h33.34.906,Symbol-E,2020.1.3,MacIntel,Safari,"Mozilla/5.0 (Macintosh; Intel Mac OS X 10_15_7) AppleWebKit/605.1.15 (KHTML, like Gecko) Version/17.6 Safari/605.1.15",60,,,,,,,,,,,,,,,,,,,,,,,,,,,,,,,,,,,,,,,,,,,,,,,,,,,,,,,,,,,,,,,,,,,,,,,,,,,,,,,,,,,,,,,,,,,,,,,,,,,,,,,,,,,,,,,,,,,,,,,,,,,,,,,,,,,,,,,,,,,,,,,,,76,0,76,0,1,,,,,,,,,,,,,,,,,,
,,,,,,,,,,,,,,,,,107,4,2024-09-05_15h33.34.906,Symbol-E,2020.1.3,MacIntel,Safari,"Mozilla/5.0 (Macintosh; Intel Mac OS X 10_15_7) AppleWebKit/605.1.15 (KHTML, like Gecko) Version/17.6 Safari/605.1.15",60,,,,,,,,,,,,,,,,,,,,,,,,,,,,,,,,,,,,media/dcnb.png,0,0,Symb,a,TR,0,0,1,0,8,0,77,0,1,2,0.128626934,w,1.387,1,0,,,,,,,,,,,,,,,,,,,,,,,,,,,,,,,,,,,,,,,,,,,,,,,,,,,,,,,,,,,,,,,,,,,,,,,,,,,,,,,,,,w,0,,,,,,,,,,,1.387,0,0,0,0,1,,,,,,,,,,,,
,,,,,,,,,,,,,,,,,107,4,2024-09-05_15h33.34.906,Symbol-E,2020.1.3,MacIntel,Safari,"Mozilla/5.0 (Macintosh; Intel Mac OS X 10_15_7) AppleWebKit/605.1.15 (KHTML, like Gecko) Version/17.6 Safari/605.1.15",60,,,,,,,,,,,,,,,,,,,,,,,,,,,,,,,,,,,,,,,,,,,,,,,,,,,,,,,,,,,,,,,,,,,,,,,,,,,,,,,,,,,,,,,,,,,,,,,,,,,,,,,,,,,,,,,,,,,,,,,,,,,,,,,,,,,,,,,,,,,,,,,,,77,0,77,0,1,,,,,,,,,,,,,,,,,,
,,,,,,,,,,,,,,,,,107,4,2024-09-05_15h33.34.906,Symbol-E,2020.1.3,MacIntel,Safari,"Mozilla/5.0 (Macintosh; Intel Mac OS X 10_15_7) AppleWebKit/605.1.15 (KHTML, like Gecko) Version/17.6 Safari/605.1.15",60,,,,,,,,,,,,,,,,,,,,,,,,,,,,,,,,,,,,media/dnnb.png,6,2,Symb,i,TR,0,0,1,0,8,0,78,0,1,2,0.05944712,w,1.354,1,0,,,,,,,,,,,,,,,,,,,,,,,,,,,,,,,,,,,,,,,,,,,,,,,,,,,,,,,,,,,,,,,,,,,,,,,,,,,,,,,,,,w,0,,,,,,,,,,,1.354,0,0,0,0,1,,,,,,,,,,,,
,,,,,,,,,,,,,,,,,107,4,2024-09-05_15h33.34.906,Symbol-E,2020.1.3,MacIntel,Safari,"Mozilla/5.0 (Macintosh; Intel Mac OS X 10_15_7) AppleWebKit/605.1.15 (KHTML, like Gecko) Version/17.6 Safari/605.1.15",60,,,,,,,,,,,,,,,,,,,,,,,,,,,,,,,,,,,,,,,,,,,,,,,,,,,,,,,,,,,,,,,,,,,,,,,,,,,,,,,,,,,,,,,,,,,,,,,,,,,,,,,,,,,,,,,,,,,,,,,,,,,,,,,,,,,,,,,,,,,,,,,,,78,0,78,0,1,,,,,,,,,,,,,,,,,,
,,,,,,,,,,,,,,,,,107,4,2024-09-05_15h33.34.906,Symbol-E,2020.1.3,MacIntel,Safari,"Mozilla/5.0 (Macintosh; Intel Mac OS X 10_15_7) AppleWebKit/605.1.15 (KHTML, like Gecko) Version/17.6 Safari/605.1.15",60,,,,,,,,,,,,,,,,,,,,,,,,,,,,,,,,,,,,media/dcnb.png,0,0,Symb,a,TR,0,0,1,0,8,0,79,0,1,2,0.733651873,a,1.321,0,1,,,,,,,,,,,,,,,,,,,,,,,,,,,,,,,,,,,,,,,,,,,,,,,,,,,,,,,,,,,,,,,,,,,,,,,,,,,,,,,,,,a,1,,,,,,,,,,,1.321,0,0,0,0,1,,,,,,,,,,,,
,,,,,,,,,,,,,,,,,107,4,2024-09-05_15h33.34.906,Symbol-E,2020.1.3,MacIntel,Safari,"Mozilla/5.0 (Macintosh; Intel Mac OS X 10_15_7) AppleWebKit/605.1.15 (KHTML, like Gecko) Version/17.6 Safari/605.1.15",60,,,,,,,,,,,,,,,,,,,,,,,,,,,,,,,,,,,,,,,,,,,,,,,,,,,,,,,,,,,,,,,,,,,,,,,,,,,,,,,,,,,,,,,,,,,,,,,,,,,,,,,,,,,,,,,,,,,,,,,,,,,,,,,,,,,,,,,,,,,,,,,,,79,0,79,0,1,,,,,,,,,,,,,,,,,,
,,,,,,,,,,,,,,,,,107,4,2024-09-05_15h33.34.906,Symbol-E,2020.1.3,MacIntel,Safari,"Mozilla/5.0 (Macintosh; Intel Mac OS X 10_15_7) AppleWebKit/605.1.15 (KHTML, like Gecko) Version/17.6 Safari/605.1.15",60,,,,,,,,,,,,,,,,,,,,,,,,,,,,,,,,,,,,media/djnb.png,7,3,Symb,l,TR,0,0,1,0,8,0,80,0,1,2,0.798642168,l,1.276,7,1,,,,,,,,,,,,,,,,,,,,,,,,,,,,,,,,,,,,,,,,,,,,,,,,,,,,,,,,,,,,,,,,,,,,,,,,,,,,,,,,,,l,1,,,,,,,,,,,1.276,0,0,0,0,1,,,,,,,,,,,,
,,,,,,,,,,,,,,,,,107,4,2024-09-05_15h33.34.906,Symbol-E,2020.1.3,MacIntel,Safari,"Mozilla/5.0 (Macintosh; Intel Mac OS X 10_15_7) AppleWebKit/605.1.15 (KHTML, like Gecko) Version/17.6 Safari/605.1.15",60,,,,,,,,,,,,,,,,,,,,,,,,,,,,,,,,,,,,,,,,,,,,,,,,,,,,,,,,,,,,,,,,,,,,,,,,,,,,,,,,,,,,,,,,,,,,,,,,,,,,,,,,,,,,,,,,,,,,,,,,,,,,,,,,,,,,,,,,,,,,,,,,,80,0,80,0,1,,,,,,,,,,,,,,,,,,
,,,,,,,,,,,,,,,,,107,4,2024-09-05_15h33.34.906,Symbol-E,2020.1.3,MacIntel,Safari,"Mozilla/5.0 (Macintosh; Intel Mac OS X 10_15_7) AppleWebKit/605.1.15 (KHTML, like Gecko) Version/17.6 Safari/605.1.15",60,,,,,,,,,,,,,,,,,,,,,,,,,,,,,,,,,,,,media/ddnb.png,4,0,Symb,h,TR,0,0,1,0,8,0,81,0,1,2,1.076106113,w,1.293,1,0,,,,,,,,,,,,,,,,,,,,,,,,,,,,,,,,,,,,,,,,,,,,,,,,,,,,,,,,,,,,,,,,,,,,,,,,,,,,,,,,,,w,0,,,,,,,,,,,1.293,0,0,0,0,1,,,,,,,,,,,,
,,,,,,,,,,,,,,,,,107,4,2024-09-05_15h33.34.906,Symbol-E,2020.1.3,MacIntel,Safari,"Mozilla/5.0 (Macintosh; Intel Mac OS X 10_15_7) AppleWebKit/605.1.15 (KHTML, like Gecko) Version/17.6 Safari/605.1.15",60,,,,,,,,,,,,,,,,,,,,,,,,,,,,,,,,,,,,,,,,,,,,,,,,,,,,,,,,,,,,,,,,,,,,,,,,,,,,,,,,,,,,,,,,,,,,,,,,,,,,,,,,,,,,,,,,,,,,,,,,,,,,,,,,,,,,,,,,,,,,,,,,,81,0,81,0,1,,,,,,,,,,,,,,,,,,
,,,,,,,,,,,,,,,,,107,4,2024-09-05_15h33.34.906,Symbol-E,2020.1.3,MacIntel,Safari,"Mozilla/5.0 (Macintosh; Intel Mac OS X 10_15_7) AppleWebKit/605.1.15 (KHTML, like Gecko) Version/17.6 Safari/605.1.15",60,,,,,,,,,,,,,,,,,,,,,,,,,,,,,,,,,,,,media/ddnb.png,4,0,Symb,h,TR,0,0,1,0,8,0,82,0,1,2,0.883438697,h,1.324,4,1,,,,,,,,,,,,,,,,,,,,,,,,,,,,,,,,,,,,,,,,,,,,,,,,,,,,,,,,,,,,,,,,,,,,,,,,,,,,,,,,,,h,1,,,,,,,,,,,1.324,0,0,0,0,1,,,,,,,,,,,,
,,,,,,,,,,,,,,,,,107,4,2024-09-05_15h33.34.906,Symbol-E,2020.1.3,MacIntel,Safari,"Mozilla/5.0 (Macintosh; Intel Mac OS X 10_15_7) AppleWebKit/605.1.15 (KHTML, like Gecko) Version/17.6 Safari/605.1.15",60,,,,,,,,,,,,,,,,,,,,,,,,,,,,,,,,,,,,,,,,,,,,,,,,,,,,,,,,,,,,,,,,,,,,,,,,,,,,,,,,,,,,,,,,,,,,,,,,,,,,,,,,,,,,,,,,,,,,,,,,,,,,,,,,,,,,,,,,,,,,,,,,,82,0,82,0,1,,,,,,,,,,,,,,,,,,
,,,,,,,,,,,,,,,,,107,4,2024-09-05_15h33.34.906,Symbol-E,2020.1.3,MacIntel,Safari,"Mozilla/5.0 (Macintosh; Intel Mac OS X 10_15_7) AppleWebKit/605.1.15 (KHTML, like Gecko) Version/17.6 Safari/605.1.15",60,,,,,,,,,,,,,,,,,,,,,,,,,,,,,,,,,,,,media/dgnb.png,5,1,Symb,u,TR,0,0,1,0,8,0,83,0,1,2,0.605630657,w,1.387,1,0,,,,,,,,,,,,,,,,,,,,,,,,,,,,,,,,,,,,,,,,,,,,,,,,,,,,,,,,,,,,,,,,,,,,,,,,,,,,,,,,,,w,0,,,,,,,,,,,1.387,0,0,0,0,1,,,,,,,,,,,,
,,,,,,,,,,,,,,,,,107,4,2024-09-05_15h33.34.906,Symbol-E,2020.1.3,MacIntel,Safari,"Mozilla/5.0 (Macintosh; Intel Mac OS X 10_15_7) AppleWebKit/605.1.15 (KHTML, like Gecko) Version/17.6 Safari/605.1.15",60,,,,,,,,,,,,,,,,,,,,,,,,,,,,,,,,,,,,,,,,,,,,,,,,,,,,,,,,,,,,,,,,,,,,,,,,,,,,,,,,,,,,,,,,,,,,,,,,,,,,,,,,,,,,,,,,,,,,,,,,,,,,,,,,,,,,,,,,,,,,,,,,,83,0,83,0,1,,,,,,,,,,,,,,,,,,
,,,,,,,,,,,,,,,,,107,4,2024-09-05_15h33.34.906,Symbol-E,2020.1.3,MacIntel,Safari,"Mozilla/5.0 (Macintosh; Intel Mac OS X 10_15_7) AppleWebKit/605.1.15 (KHTML, like Gecko) Version/17.6 Safari/605.1.15",60,,,,,,,,,,,,,,,,,,,,,,,,,,,,,,,,,,,,media/dmnb.png,2,2,Symb,e,TR,0,0,1,0,8,0,84,0,1,2,0.563991305,e,1.349,2,1,,,,,,,,,,,,,,,,,,,,,,,,,,,,,,,,,,,,,,,,,,,,,,,,,,,,,,,,,,,,,,,,,,,,,,,,,,,,,,,,,,e,1,,,,,,,,,,,1.349,0,0,0,0,1,,,,,,,,,,,,
,,,,,,,,,,,,,,,,,107,4,2024-09-05_15h33.34.906,Symbol-E,2020.1.3,MacIntel,Safari,"Mozilla/5.0 (Macintosh; Intel Mac OS X 10_15_7) AppleWebKit/605.1.15 (KHTML, like Gecko) Version/17.6 Safari/605.1.15",60,,,,,,,,,,,,,,,,,,,,,,,,,,,,,,,,,,,,,,,,,,,,,,,,,,,,,,,,,,,,,,,,,,,,,,,,,,,,,,,,,,,,,,,,,,,,,,,,,,,,,,,,,,,,,,,,,,,,,,,,,,,,,,,,,,,,,,,,,,,,,,,,,84,0,84,0,1,,,,,,,,,,,,,,,,,,
,,,,,,,,,,,,,,,,,107,4,2024-09-05_15h33.34.906,Symbol-E,2020.1.3,MacIntel,Safari,"Mozilla/5.0 (Macintosh; Intel Mac OS X 10_15_7) AppleWebKit/605.1.15 (KHTML, like Gecko) Version/17.6 Safari/605.1.15",60,,,,,,,,,,,,,,,,,,,,,,,,,,,,,,,,,,,,media/djnb.png,7,3,Symb,l,TR,0,0,1,0,8,0,85,0,1,2,0.418849442,a,99,8,0,,,,,,,,,,,,,,,,,,,,,,,,,,,,,,,l,0.32,,,,,,,,,,,,,,,,,,,,,,,,,,,,,,,,,,,,,,,,,,,,,,,,,,,0,0,0,0,0,1,,,,,,,,,,,,,,,,,,,,,,,
,,,,,,,,,,,,,,,,,107,4,2024-09-05_15h33.34.906,Symbol-E,2020.1.3,MacIntel,Safari,"Mozilla/5.0 (Macintosh; Intel Mac OS X 10_15_7) AppleWebKit/605.1.15 (KHTML, like Gecko) Version/17.6 Safari/605.1.15",60,,,,,,,,,,,,,,,,,,,,,,,,,,,,,,,,,,,,,,,,,,,,,,,,,,,,,,,,,,,,,,,,,,,,,,,,,,,,,,,,,,,,,,,,,,,,,,,,,,,,,,,,,,,,,,,,,,,,,,,,,,,,,,,,,,,,,,,,,,,,,,,,,85,0,85,0,1,,,,,,,,,,,,,,,,,,
,,,,,,,,,,,,,,,,,107,4,2024-09-05_15h33.34.906,Symbol-E,2020.1.3,MacIntel,Safari,"Mozilla/5.0 (Macintosh; Intel Mac OS X 10_15_7) AppleWebKit/605.1.15 (KHTML, like Gecko) Version/17.6 Safari/605.1.15",60,,,,,,,,,,,,,,,,,,,,,,,,,,,,,,,,,,,,media/dcnb.png,0,0,Symb,a,TR,0,0,1,0,8,0,86,0,1,2,0.306630197,a,1.472,0,1,,,,,,,,,,,,,,,,,,,,,,,,,,,,,,,,,,,,,,,,,,,,,,,,,,,,,,,,,,,,,,,,,,,,,,,,,,,,,,,,,,a,1,,,,,,,,,,,1.472,0,0,0,0,1,,,,,,,,,,,,
,,,,,,,,,,,,,,,,,107,4,2024-09-05_15h33.34.906,Symbol-E,2020.1.3,MacIntel,Safari,"Mozilla/5.0 (Macintosh; Intel Mac OS X 10_15_7) AppleWebKit/605.1.15 (KHTML, like Gecko) Version/17.6 Safari/605.1.15",60,,,,,,,,,,,,,,,,,,,,,,,,,,,,,,,,,,,,,,,,,,,,,,,,,,,,,,,,,,,,,,,,,,,,,,,,,,,,,,,,,,,,,,,,,,,,,,,,,,,,,,,,,,,,,,,,,,,,,,,,,,,,,,,,,,,,,,,,,,,,,,,,,86,0,86,0,1,,,,,,,,,,,,,,,,,,
,,,,,,,,,,,,,,,,,107,4,2024-09-05_15h33.34.906,Symbol-E,2020.1.3,MacIntel,Safari,"Mozilla/5.0 (Macintosh; Intel Mac OS X 10_15_7) AppleWebKit/605.1.15 (KHTML, like Gecko) Version/17.6 Safari/605.1.15",60,,,,,,,,,,,,,,,,,,,,,,,,,,,,,,,,,,,,media/dmnb.png,2,2,Symb,e,TR,0,0,1,0,8,0,87,0,1,2,0.090552115,a,1.219,0,0,,,,,,,,,,,,,,,,,,,,,,,,,,,,,,,,,,,,,,,,,,,,,,,,,,,,,,,,,,,,,,,,,,,,,,,,,,,,,,,,,,a,0,,,,,,,,,,,1.219,0,0,0,0,1,,,,,,,,,,,,
,,,,,,,,,,,,,,,,,107,4,2024-09-05_15h33.34.906,Symbol-E,2020.1.3,MacIntel,Safari,"Mozilla/5.0 (Macintosh; Intel Mac OS X 10_15_7) AppleWebKit/605.1.15 (KHTML, like Gecko) Version/17.6 Safari/605.1.15",60,,,,,,,,,,,,,,,,,,,,,,,,,,,,,,,,,,,,,,,,,,,,,,,,,,,,,,,,,,,,,,,,,,,,,,,,,,,,,,,,,,,,,,,,,,,,,,,,,,,,,,,,,,,,,,,,,,,,,,,,,,,,,,,,,,,,,,,,,,,,,,,,,87,0,87,0,1,,,,,,,,,,,,,,,,,,
,,,,,,,,,,,,,,,,,107,4,2024-09-05_15h33.34.906,Symbol-E,2020.1.3,MacIntel,Safari,"Mozilla/5.0 (Macintosh; Intel Mac OS X 10_15_7) AppleWebKit/605.1.15 (KHTML, like Gecko) Version/17.6 Safari/605.1.15",60,,,,,,,,,,,,,,,,,,,,,,,,,,,,,,,,,,,,media/dinb.png,3,3,Symb,f,TR,0,0,1,0,8,0,88,0,1,2,0.664032667,w,1.332,1,0,,,,,,,,,,,,,,,,,,,,,,,,,,,,,,,,,,,,,,,,,,,,,,,,,,,,,,,,,,,,,,,,,,,,,,,,,,,,,,,,,,w,0,,,,,,,,,,,1.332,0,0,0,0,1,,,,,,,,,,,,
,,,,,,,,,,,,,,,,,107,4,2024-09-05_15h33.34.906,Symbol-E,2020.1.3,MacIntel,Safari,"Mozilla/5.0 (Macintosh; Intel Mac OS X 10_15_7) AppleWebKit/605.1.15 (KHTML, like Gecko) Version/17.6 Safari/605.1.15",60,,,,,,,,,,,,,,,,,,,,,,,,,,,,,,,,,,,,,,,,,,,,,,,,,,,,,,,,,,,,,,,,,,,,,,,,,,,,,,,,,,,,,,,,,,,,,,,,,,,,,,,,,,,,,,,,,,,,,,,,,,,,,,,,,,,,,,,,,,,,,,,,,88,0,88,0,1,,,,,,,,,,,,,,,,,,
,,,,,,,,,,,,,,,,,107,4,2024-09-05_15h33.34.906,Symbol-E,2020.1.3,MacIntel,Safari,"Mozilla/5.0 (Macintosh; Intel Mac OS X 10_15_7) AppleWebKit/605.1.15 (KHTML, like Gecko) Version/17.6 Safari/605.1.15",60,,,,,,,,,,,,,,,,,,,,,,,,,,,,,,,,,,,,media/dnnb.png,6,2,Symb,i,TR,0,0,1,0,8,0,89,0,1,2,0.294837332,f,1.402,3,0,,,,,,,,,,,,,,,,,,,,,,,,,,,,,,,,,,,,,,,,,,,,,,,,,,,,,,,,,,,,,,,,,,,,,,,,,,,,,,,,,,f,0,,,,,,,,,,,1.402,0,0,0,0,1,,,,,,,,,,,,
,,,,,,,,,,,,,,,,,107,4,2024-09-05_15h33.34.906,Symbol-E,2020.1.3,MacIntel,Safari,"Mozilla/5.0 (Macintosh; Intel Mac OS X 10_15_7) AppleWebKit/605.1.15 (KHTML, like Gecko) Version/17.6 Safari/605.1.15",60,,,,,,,,,,,,,,,,,,,,,,,,,,,,,,,,,,,,,,,,,,,,,,,,,,,,,,,,,,,,,,,,,,,,,,,,,,,,,,,,,,,,,,,,,,,,,,,,,,,,,,,,,,,,,,,,,,,,,,,,,,,,,,,,,,,,,,,,,,,,,,,,,89,0,89,0,1,,,,,,,,,,,,,,,,,,
,,,,,,,,,,,,,,,,,107,4,2024-09-05_15h33.34.906,Symbol-E,2020.1.3,MacIntel,Safari,"Mozilla/5.0 (Macintosh; Intel Mac OS X 10_15_7) AppleWebKit/605.1.15 (KHTML, like Gecko) Version/17.6 Safari/605.1.15",60,,,,,,,,,,,,,,,,,,,,,,,,,,,,,,,,,,,,media/dgnb.png,5,1,Symb,u,TR,0,0,1,0,8,0,90,0,1,2,0.058571372,f,1.387,3,0,,,,,,,,,,,,,,,,,,,,,,,,,,,,,,,,,,,,,,,,,,,,,,,,,,,,,,,,,,,,,,,,,,,,,,,,,,,,,,,,,,f,0,,,,,,,,,,,1.387,0,0,0,0,1,,,,,,,,,,,,
,,,,,,,,,,,,,,,,,107,4,2024-09-05_15h33.34.906,Symbol-E,2020.1.3,MacIntel,Safari,"Mozilla/5.0 (Macintosh; Intel Mac OS X 10_15_7) AppleWebKit/605.1.15 (KHTML, like Gecko) Version/17.6 Safari/605.1.15",60,,,,,,,,,,,,,,,,,,,,,,,,,,,,,,,,,,,,,,,,,,,,,,,,,,,,,,,,,,,,,,,,,,,,,,,,,,,,,,,,,,,,,,,,,,,,,,,,,,,,,,,,,,,,,,,,,,,,,,,,,,,,,,,,,,,,,,,,,,,,,,,,,90,0,90,0,1,,,,,,,,,,,,,,,,,,
,,,,,,,,,,,,,,,,,107,4,2024-09-05_15h33.34.906,Symbol-E,2020.1.3,MacIntel,Safari,"Mozilla/5.0 (Macintosh; Intel Mac OS X 10_15_7) AppleWebKit/605.1.15 (KHTML, like Gecko) Version/17.6 Safari/605.1.15",60,,,,,,,,,,,,,,,,,,,,,,,,,,,,,,,,,,,,media/dfnb.png,1,1,Symb,w,TR,0,0,1,0,8,0,91,0,1,2,0.456263894,w,1.452,1,1,,,,,,,,,,,,,,,,,,,,,,,,,,,,,,,,,,,,,,,,,,,,,,,,,,,,,,,,,,,,,,,,,,,,,,,,,,,,,,,,,,w,1,,,,,,,,,,,1.452,0,0,0,0,1,,,,,,,,,,,,
,,,,,,,,,,,,,,,,,107,4,2024-09-05_15h33.34.906,Symbol-E,2020.1.3,MacIntel,Safari,"Mozilla/5.0 (Macintosh; Intel Mac OS X 10_15_7) AppleWebKit/605.1.15 (KHTML, like Gecko) Version/17.6 Safari/605.1.15",60,,,,,,,,,,,,,,,,,,,,,,,,,,,,,,,,,,,,,,,,,,,,,,,,,,,,,,,,,,,,,,,,,,,,,,,,,,,,,,,,,,,,,,,,,,,,,,,,,,,,,,,,,,,,,,,,,,,,,,,,,,,,,,,,,,,,,,,,,,,,,,,,,91,0,91,0,1,,,,,,,,,,,,,,,,,,
,,,,,,,,,,,,,,,,,107,4,2024-09-05_15h33.34.906,Symbol-E,2020.1.3,MacIntel,Safari,"Mozilla/5.0 (Macintosh; Intel Mac OS X 10_15_7) AppleWebKit/605.1.15 (KHTML, like Gecko) Version/17.6 Safari/605.1.15",60,,,,,,,,,,,,,,,,,,,,,,,,,,,,,,,,,,,,media/dfnb.png,1,1,Symb,w,TR,0,0,1,0,8,0,92,0,1,2,1.016473866,w,1.318,1,1,,,,,,,,,,,,,,,,,,,,,,,,,,,,,,,,,,,,,,,,,,,,,,,,,,,,,,,,,,,,,,,,,,,,,,,,,,,,,,,,,,w,1,,,,,,,,,,,1.318,0,0,0,0,1,,,,,,,,,,,,
,,,,,,,,,,,,,,,,,107,4,2024-09-05_15h33.34.906,Symbol-E,2020.1.3,MacIntel,Safari,"Mozilla/5.0 (Macintosh; Intel Mac OS X 10_15_7) AppleWebKit/605.1.15 (KHTML, like Gecko) Version/17.6 Safari/605.1.15",60,,,,,,,,,,,,,,,,,,,,,,,,,,,,,,,,,,,,,,,,,,,,,,,,,,,,,,,,,,,,,,,,,,,,,,,,,,,,,,,,,,,,,,,,,,,,,,,,,,,,,,,,,,,,,,,,,,,,,,,,,,,,,,,,,,,,,,,,,,,,,,,,,92,0,92,0,1,,,,,,,,,,,,,,,,,,
,,,,,,,,,,,,,,,,,107,4,2024-09-05_15h33.34.906,Symbol-E,2020.1.3,MacIntel,Safari,"Mozilla/5.0 (Macintosh; Intel Mac OS X 10_15_7) AppleWebKit/605.1.15 (KHTML, like Gecko) Version/17.6 Safari/605.1.15",60,,,,,,,,,,,,,,,,,,,,,,,,,,,,,,,,,,,,media/dinb.png,3,3,Symb,f,TR,0,0,1,0,8,0,93,0,1,2,0.857512452,f,1.324,3,1,,,,,,,,,,,,,,,,,,,,,,,,,,,,,,,,,,,,,,,,,,,,,,,,,,,,,,,,,,,,,,,,,,,,,,,,,,,,,,,,,,f,1,,,,,,,,,,,1.324,0,0,0,0,1,,,,,,,,,,,,
,,,,,,,,,,,,,,,,,107,4,2024-09-05_15h33.34.906,Symbol-E,2020.1.3,MacIntel,Safari,"Mozilla/5.0 (Macintosh; Intel Mac OS X 10_15_7) AppleWebKit/605.1.15 (KHTML, like Gecko) Version/17.6 Safari/605.1.15",60,,,,,,,,,,,,,,,,,,,,,,,,,,,,,,,,,,,,,,,,,,,,,,,,,,,,,,,,,,,,,,,,,,,,,,,,,,,,,,,,,,,,,,,,,,,,,,,,,,,,,,,,,,,,,,,,,,,,,,,,,,,,,,,,,,,,,,,,,,,,,,,,,93,0,93,0,1,,,,,,,,,,,,,,,,,,
,,,,,,,,,,,,,,,,,107,4,2024-09-05_15h33.34.906,Symbol-E,2020.1.3,MacIntel,Safari,"Mozilla/5.0 (Macintosh; Intel Mac OS X 10_15_7) AppleWebKit/605.1.15 (KHTML, like Gecko) Version/17.6 Safari/605.1.15",60,,,,,,,,,,,,,,,,,,,,,,,,,,,,,,,,,,,,media/dnnb.png,6,2,Symb,i,TR,0,0,1,0,8,0,94,0,1,2,0.545983388,i,1.285,6,1,,,,,,,,,,,,,,,,,,,,,,,,,,,,,,,,,,,,,,,,,,,,,,,,,,,,,,,,,,,,,,,,,,,,,,,,,,,,,,,,,,i,1,,,,,,,,,,,1.285,0,0,0,0,1,,,,,,,,,,,,
,,,,,,,,,,,,,,,,,107,4,2024-09-05_15h33.34.906,Symbol-E,2020.1.3,MacIntel,Safari,"Mozilla/5.0 (Macintosh; Intel Mac OS X 10_15_7) AppleWebKit/605.1.15 (KHTML, like Gecko) Version/17.6 Safari/605.1.15",60,,,,,,,,,,,,,,,,,,,,,,,,,,,,,,,,,,,,,,,,,,,,,,,,,,,,,,,,,,,,,,,,,,,,,,,,,,,,,,,,,,,,,,,,,,,,,,,,,,,,,,,,,,,,,,,,,,,,,,,,,,,,,,,,,,,,,,,,,,,,,,,,,94,0,94,0,1,,,,,,,,,,,,,,,,,,
,,,,,,,,,,,,,,,,,107,4,2024-09-05_15h33.34.906,Symbol-E,2020.1.3,MacIntel,Safari,"Mozilla/5.0 (Macintosh; Intel Mac OS X 10_15_7) AppleWebKit/605.1.15 (KHTML, like Gecko) Version/17.6 Safari/605.1.15",60,,,,,,,,,,,,,,,,,,,,,,,,,,,,,,,,,,,,media/dcnb.png,0,0,Symb,a,TR,0,0,1,0,8,0,95,0,1,2,1.035439755,a,1.303,0,1,,,,,,,,,,,,,,,,,,,,,,,,,,,,,,,,,,,,,,,,,,,,,,,,,,,,,,,,,,,,,,,,,,,,,,,,,,,,,,,,,,a,1,,,,,,,,,,,1.303,0,0,0,0,1,,,,,,,,,,,,
,,,,,,,,,,,,,,,,,107,4,2024-09-05_15h33.34.906,Symbol-E,2020.1.3,MacIntel,Safari,"Mozilla/5.0 (Macintosh; Intel Mac OS X 10_15_7) AppleWebKit/605.1.15 (KHTML, like Gecko) Version/17.6 Safari/605.1.15",60,,,,,,,,,,,,,,,,,,,,,,,,,,,,,,,,,,,,,,,,,,,,,,,,,,,,,,,,,,,,,,,,,,,,,,,,,,,,,,,,,,,,,,,,,,,,,,,,,,,,,,,,,,,,,,,,,,,,,,,,,,,,,,,,,,,,,,,,,,,,,,,,,95,0,95,0,1,,,,,,,,,,,,,,,,,,
,,,,,,,,,,,,,,,,,107,4,2024-09-05_15h33.34.906,Symbol-E,2020.1.3,MacIntel,Safari,"Mozilla/5.0 (Macintosh; Intel Mac OS X 10_15_7) AppleWebKit/605.1.15 (KHTML, like Gecko) Version/17.6 Safari/605.1.15",60,,,,,,,,,,,,,,,,,,,,,,,,,,,,,,,,,,,,,,,,,,,,,,,,,,,,,,,,,,,,,,,,,,,,,,,,,,,,,,,,,,,,,,,,,,,,,,,,,,,,,,,,,,,,,,,,,,,,,,,,,,,,,,,,,,,,,,,,,,,,,,,,,,,,,,,,,,,,1,0,1,0,1,,,,,,,
,,,,,,,,,,,,,,,,,107,4,2024-09-05_15h33.34.906,Symbol-E,2020.1.3,MacIntel,Safari,"Mozilla/5.0 (Macintosh; Intel Mac OS X 10_15_7) AppleWebKit/605.1.15 (KHTML, like Gecko) Version/17.6 Safari/605.1.15",60,,,,,,,,,,,,,,,,,,,,,,,,,,,,,,,,,,,,media/dfnb.png,1,1,Symb,w,TR,0,0,1,0,8,0,0,0,1,3,0.833623504,l,1.405,7,0,,,,,,,,,,,,,,,,h,0.694,,,,,,,,,,,,,,,,,,,,,,,,,,,,,,,,,,,,,,,,,,,,,,,,,,,,,,,,,,,,,,,,,l,0,,,,,,,,,,,1.405,0,0,0,0,1,,,,,,,,,,,,
,,,,,,,,,,,,,,,,,107,4,2024-09-05_15h33.34.906,Symbol-E,2020.1.3,MacIntel,Safari,"Mozilla/5.0 (Macintosh; Intel Mac OS X 10_15_7) AppleWebKit/605.1.15 (KHTML, like Gecko) Version/17.6 Safari/605.1.15",60,,,,,,,,,,,,,,,,,,,,,,,,,,,,,,,,,,,,,,,,,,,,,,,,,,,,,,,,,,,,,,,,,,,,,,,,,,,,,,,,,,,,,,,,,,,,,,,,,,,,,,,,,,,,,,,,,,,,,,,,,,,,,,,,,,,,,,,,,,,,,,,,,0,0,0,0,1,,,,,,,,,,,,,,,,,,
,,,,,,,,,,,,,,,,,107,4,2024-09-05_15h33.34.906,Symbol-E,2020.1.3,MacIntel,Safari,"Mozilla/5.0 (Macintosh; Intel Mac OS X 10_15_7) AppleWebKit/605.1.15 (KHTML, like Gecko) Version/17.6 Safari/605.1.15",60,,,,,,,,,,,,,,,,,,,,,,,,,,,,,,,,,,,,media/dgnb.png,5,1,Symb,u,TR,0,0,1,0,8,0,1,0,1,3,1.121679488,f,1.453,3,0,,,,,,,,,,,,,,,,,,,,,,,,,,,,,,,,,,,,,,,,,,,,,,,,,,,,,,,,,,,,,,,,,,,,,,,,,,,,,,,,,,f,0,,,,,,,,,,,1.453,0,0,0,0,1,,,,,,,,,,,,
,,,,,,,,,,,,,,,,,107,4,2024-09-05_15h33.34.906,Symbol-E,2020.1.3,MacIntel,Safari,"Mozilla/5.0 (Macintosh; Intel Mac OS X 10_15_7) AppleWebKit/605.1.15 (KHTML, like Gecko) Version/17.6 Safari/605.1.15",60,,,,,,,,,,,,,,,,,,,,,,,,,,,,,,,,,,,,,,,,,,,,,,,,,,,,,,,,,,,,,,,,,,,,,,,,,,,,,,,,,,,,,,,,,,,,,,,,,,,,,,,,,,,,,,,,,,,,,,,,,,,,,,,,,,,,,,,,,,,,,,,,,1,0,1,0,1,,,,,,,,,,,,,,,,,,
,,,,,,,,,,,,,,,,,107,4,2024-09-05_15h33.34.906,Symbol-E,2020.1.3,MacIntel,Safari,"Mozilla/5.0 (Macintosh; Intel Mac OS X 10_15_7) AppleWebKit/605.1.15 (KHTML, like Gecko) Version/17.6 Safari/605.1.15",60,,,,,,,,,,,,,,,,,,,,,,,,,,,,,,,,,,,,media/djnb.png,7,3,Symb,l,TR,0,0,1,0,8,0,2,0,1,3,0.296491422,a,99,8,0,,,,,,,,,,,,,,,,,,,,,,,,,,,,,,,l,0.438,,,,,,,,,,,,,,,,,,,,,,,,,,,,,,,,,,,,,,,,,,,,,,,,,,,0,0,0,0,0,1,,,,,,,,,,,,,,,,,,,,,,,
,,,,,,,,,,,,,,,,,107,4,2024-09-05_15h33.34.906,Symbol-E,2020.1.3,MacIntel,Safari,"Mozilla/5.0 (Macintosh; Intel Mac OS X 10_15_7) AppleWebKit/605.1.15 (KHTML, like Gecko) Version/17.6 Safari/605.1.15",60,,,,,,,,,,,,,,,,,,,,,,,,,,,,,,,,,,,,,,,,,,,,,,,,,,,,,,,,,,,,,,,,,,,,,,,,,,,,,,,,,,,,,,,,,,,,,,,,,,,,,,,,,,,,,,,,,,,,,,,,,,,,,,,,,,,,,,,,,,,,,,,,,2,0,2,0,1,,,,,,,,,,,,,,,,,,
,,,,,,,,,,,,,,,,,107,4,2024-09-05_15h33.34.906,Symbol-E,2020.1.3,MacIntel,Safari,"Mozilla/5.0 (Macintosh; Intel Mac OS X 10_15_7) AppleWebKit/605.1.15 (KHTML, like Gecko) Version/17.6 Safari/605.1.15",60,,,,,,,,,,,,,,,,,,,,,,,,,,,,,,,,,,,,media/dcnb.png,0,0,Symb,a,TR,0,0,1,0,8,0,3,0,1,3,0.629398095,a,1.327,0,1,,,,,,,,,,,,,,,,,,,,,,,,,,,,,,,,,,,,,,,,,,,,,,,,,,,,,,,,,,,,,,,,,,,,,,,,,,,,,,,,,,a,1,,,,,,,,,,,1.327,0,0,0,0,1,,,,,,,,,,,,
,,,,,,,,,,,,,,,,,107,4,2024-09-05_15h33.34.906,Symbol-E,2020.1.3,MacIntel,Safari,"Mozilla/5.0 (Macintosh; Intel Mac OS X 10_15_7) AppleWebKit/605.1.15 (KHTML, like Gecko) Version/17.6 Safari/605.1.15",60,,,,,,,,,,,,,,,,,,,,,,,,,,,,,,,,,,,,,,,,,,,,,,,,,,,,,,,,,,,,,,,,,,,,,,,,,,,,,,,,,,,,,,,,,,,,,,,,,,,,,,,,,,,,,,,,,,,,,,,,,,,,,,,,,,,,,,,,,,,,,,,,,3,0,3,0,1,,,,,,,,,,,,,,,,,,
,,,,,,,,,,,,,,,,,107,4,2024-09-05_15h33.34.906,Symbol-E,2020.1.3,MacIntel,Safari,"Mozilla/5.0 (Macintosh; Intel Mac OS X 10_15_7) AppleWebKit/605.1.15 (KHTML, like Gecko) Version/17.6 Safari/605.1.15",60,,,,,,,,,,,,,,,,,,,,,,,,,,,,,,,,,,,,media/ddnb.png,4,0,Symb,h,TR,0,0,1,0,8,0,4,0,1,3,0.220382869,w,1.469,1,0,,,,,,,,,,,,,,,,,,,,,,,,,,,,,,,,,,,,,,,,,,,,,,,,,,,,,,,,,,,,,,,,,,,,,,,,,,,,,,,,,,w,0,,,,,,,,,,,1.469,0,0,0,0,1,,,,,,,,,,,,
,,,,,,,,,,,,,,,,,107,4,2024-09-05_15h33.34.906,Symbol-E,2020.1.3,MacIntel,Safari,"Mozilla/5.0 (Macintosh; Intel Mac OS X 10_15_7) AppleWebKit/605.1.15 (KHTML, like Gecko) Version/17.6 Safari/605.1.15",60,,,,,,,,,,,,,,,,,,,,,,,,,,,,,,,,,,,,,,,,,,,,,,,,,,,,,,,,,,,,,,,,,,,,,,,,,,,,,,,,,,,,,,,,,,,,,,,,,,,,,,,,,,,,,,,,,,,,,,,,,,,,,,,,,,,,,,,,,,,,,,,,,4,0,4,0,1,,,,,,,,,,,,,,,,,,
,,,,,,,,,,,,,,,,,107,4,2024-09-05_15h33.34.906,Symbol-E,2020.1.3,MacIntel,Safari,"Mozilla/5.0 (Macintosh; Intel Mac OS X 10_15_7) AppleWebKit/605.1.15 (KHTML, like Gecko) Version/17.6 Safari/605.1.15",60,,,,,,,,,,,,,,,,,,,,,,,,,,,,,,,,,,,,media/dmnb.png,2,2,Symb,e,TR,0,0,1,0,8,0,5,0,1,3,0.822632614,e,1.291,2,1,,,,,,,,,,,,,,,,,,,,,,,,,,,,,,,,,,,,,,,,,,,,,,,,,,,,,,,,,,,,,,,,,,,,,,,,,,,,,,,,,,e,1,,,,,,,,,,,1.291,0,0,0,0,1,,,,,,,,,,,,
,,,,,,,,,,,,,,,,,107,4,2024-09-05_15h33.34.906,Symbol-E,2020.1.3,MacIntel,Safari,"Mozilla/5.0 (Macintosh; Intel Mac OS X 10_15_7) AppleWebKit/605.1.15 (KHTML, like Gecko) Version/17.6 Safari/605.1.15",60,,,,,,,,,,,,,,,,,,,,,,,,,,,,,,,,,,,,,,,,,,,,,,,,,,,,,,,,,,,,,,,,,,,,,,,,,,,,,,,,,,,,,,,,,,,,,,,,,,,,,,,,,,,,,,,,,,,,,,,,,,,,,,,,,,,,,,,,,,,,,,,,,5,0,5,0,1,,,,,,,,,,,,,,,,,,
,,,,,,,,,,,,,,,,,107,4,2024-09-05_15h33.34.906,Symbol-E,2020.1.3,MacIntel,Safari,"Mozilla/5.0 (Macintosh; Intel Mac OS X 10_15_7) AppleWebKit/605.1.15 (KHTML, like Gecko) Version/17.6 Safari/605.1.15",60,,,,,,,,,,,,,,,,,,,,,,,,,,,,,,,,,,,,media/dnnb.png,6,2,Symb,i,TR,0,0,1,0,8,0,6,0,1,3,1.062939632,i,1.187,6,1,,,,,,,,,,,,,,,,,,,,,,,,,,,,,,,,,,,,,,,,,,,,,,,,,,,,,,,,,,,,,,,,,,,,,,,,,,,,,,,,,,i,1,,,,,,,,,,,1.187,0,0,0,0,1,,,,,,,,,,,,
,,,,,,,,,,,,,,,,,107,4,2024-09-05_15h33.34.906,Symbol-E,2020.1.3,MacIntel,Safari,"Mozilla/5.0 (Macintosh; Intel Mac OS X 10_15_7) AppleWebKit/605.1.15 (KHTML, like Gecko) Version/17.6 Safari/605.1.15",60,,,,,,,,,,,,,,,,,,,,,,,,,,,,,,,,,,,,,,,,,,,,,,,,,,,,,,,,,,,,,,,,,,,,,,,,,,,,,,,,,,,,,,,,,,,,,,,,,,,,,,,,,,,,,,,,,,,,,,,,,,,,,,,,,,,,,,,,,,,,,,,,,6,0,6,0,1,,,,,,,,,,,,,,,,,,
,,,,,,,,,,,,,,,,,107,4,2024-09-05_15h33.34.906,Symbol-E,2020.1.3,MacIntel,Safari,"Mozilla/5.0 (Macintosh; Intel Mac OS X 10_15_7) AppleWebKit/605.1.15 (KHTML, like Gecko) Version/17.6 Safari/605.1.15",60,,,,,,,,,,,,,,,,,,,,,,,,,,,,,,,,,,,,media/dmnb.png,2,2,Symb,e,TR,0,0,1,0,8,0,7,0,1,3,0.189838078,h,1.386,4,0,,,,,,,,,,,,,,,,,,,,,,,,,,,,,,,,,,,,,,,,,,,,,,,,,,,,,,,,,,,,,,,,,,,,,,,,,,,,,,,,,,h,0,,,,,,,,,,,1.386,0,0,0,0,1,,,,,,,,,,,,
,,,,,,,,,,,,,,,,,107,4,2024-09-05_15h33.34.906,Symbol-E,2020.1.3,MacIntel,Safari,"Mozilla/5.0 (Macintosh; Intel Mac OS X 10_15_7) AppleWebKit/605.1.15 (KHTML, like Gecko) Version/17.6 Safari/605.1.15",60,,,,,,,,,,,,,,,,,,,,,,,,,,,,,,,,,,,,,,,,,,,,,,,,,,,,,,,,,,,,,,,,,,,,,,,,,,,,,,,,,,,,,,,,,,,,,,,,,,,,,,,,,,,,,,,,,,,,,,,,,,,,,,,,,,,,,,,,,,,,,,,,,7,0,7,0,1,,,,,,,,,,,,,,,,,,
,,,,,,,,,,,,,,,,,107,4,2024-09-05_15h33.34.906,Symbol-E,2020.1.3,MacIntel,Safari,"Mozilla/5.0 (Macintosh; Intel Mac OS X 10_15_7) AppleWebKit/605.1.15 (KHTML, like Gecko) Version/17.6 Safari/605.1.15",60,,,,,,,,,,,,,,,,,,,,,,,,,,,,,,,,,,,,media/djnb.png,7,3,Symb,l,TR,0,0,1,0,8,0,8,0,1,3,1.098735873,l,1.32,7,1,,,,,,,,,,,,,,,,,,,,,,,,,,,,,,,,,,,,,,,,,,,,,,,,,,,,,,,,,,,,,,,,,,,,,,,,,,,,,,,,,,l,1,,,,,,,,,,,1.32,0,0,0,0,1,,,,,,,,,,,,
,,,,,,,,,,,,,,,,,107,4,2024-09-05_15h33.34.906,Symbol-E,2020.1.3,MacIntel,Safari,"Mozilla/5.0 (Macintosh; Intel Mac OS X 10_15_7) AppleWebKit/605.1.15 (KHTML, like Gecko) Version/17.6 Safari/605.1.15",60,,,,,,,,,,,,,,,,,,,,,,,,,,,,,,,,,,,,,,,,,,,,,,,,,,,,,,,,,,,,,,,,,,,,,,,,,,,,,,,,,,,,,,,,,,,,,,,,,,,,,,,,,,,,,,,,,,,,,,,,,,,,,,,,,,,,,,,,,,,,,,,,,8,0,8,0,1,,,,,,,,,,,,,,,,,,
,,,,,,,,,,,,,,,,,107,4,2024-09-05_15h33.34.906,Symbol-E,2020.1.3,MacIntel,Safari,"Mozilla/5.0 (Macintosh; Intel Mac OS X 10_15_7) AppleWebKit/605.1.15 (KHTML, like Gecko) Version/17.6 Safari/605.1.15",60,,,,,,,,,,,,,,,,,,,,,,,,,,,,,,,,,,,,media/dcnb.png,0,0,Symb,a,TR,0,0,1,0,8,0,9,0,1,3,0.440223764,a,1.387,0,1,,,,,,,,,,,,,,,,,,,,,,,,,,,,,,,,,,,,,,,,,,,,,,,,,,,,,,,,,,,,,,,,,,,,,,,,,,,,,,,,,,a,1,,,,,,,,,,,1.387,0,0,0,0,1,,,,,,,,,,,,
,,,,,,,,,,,,,,,,,107,4,2024-09-05_15h33.34.906,Symbol-E,2020.1.3,MacIntel,Safari,"Mozilla/5.0 (Macintosh; Intel Mac OS X 10_15_7) AppleWebKit/605.1.15 (KHTML, like Gecko) Version/17.6 Safari/605.1.15",60,,,,,,,,,,,,,,,,,,,,,,,,,,,,,,,,,,,,,,,,,,,,,,,,,,,,,,,,,,,,,,,,,,,,,,,,,,,,,,,,,,,,,,,,,,,,,,,,,,,,,,,,,,,,,,,,,,,,,,,,,,,,,,,,,,,,,,,,,,,,,,,,,9,0,9,0,1,,,,,,,,,,,,,,,,,,
,,,,,,,,,,,,,,,,,107,4,2024-09-05_15h33.34.906,Symbol-E,2020.1.3,MacIntel,Safari,"Mozilla/5.0 (Macintosh; Intel Mac OS X 10_15_7) AppleWebKit/605.1.15 (KHTML, like Gecko) Version/17.6 Safari/605.1.15",60,,,,,,,,,,,,,,,,,,,,,,,,,,,,,,,,,,,,media/dinb.png,3,3,Symb,f,TR,0,0,1,0,8,0,10,0,1,3,0.457643211,e,1.238,2,0,,,,,,,,,,,,,,,,,,,,,,,,,,,,,,,,,,,,,,,,,,,,,,,,,,,,,,,,,,,,,,,,,,,,,,,,,,,,,,,,,,e,0,,,,,,,,,,,1.238,0,0,0,0,1,,,,,,,,,,,,
,,,,,,,,,,,,,,,,,107,4,2024-09-05_15h33.34.906,Symbol-E,2020.1.3,MacIntel,Safari,"Mozilla/5.0 (Macintosh; Intel Mac OS X 10_15_7) AppleWebKit/605.1.15 (KHTML, like Gecko) Version/17.6 Safari/605.1.15",60,,,,,,,,,,,,,,,,,,,,,,,,,,,,,,,,,,,,,,,,,,,,,,,,,,,,,,,,,,,,,,,,,,,,,,,,,,,,,,,,,,,,,,,,,,,,,,,,,,,,,,,,,,,,,,,,,,,,,,,,,,,,,,,,,,,,,,,,,,,,,,,,,10,0,10,0,1,,,,,,,,,,,,,,,,,,
,,,,,,,,,,,,,,,,,107,4,2024-09-05_15h33.34.906,Symbol-E,2020.1.3,MacIntel,Safari,"Mozilla/5.0 (Macintosh; Intel Mac OS X 10_15_7) AppleWebKit/605.1.15 (KHTML, like Gecko) Version/17.6 Safari/605.1.15",60,,,,,,,,,,,,,,,,,,,,,,,,,,,,,,,,,,,,media/dinb.png,3,3,Symb,f,TR,0,0,1,0,8,0,11,0,1,3,1.179562689,f,1.319,3,1,,,,,,,,,,,,,,,,,,,,,,,,,,,,,,,,,,,,,,,,,,,,,,,,,,,,,,,,,,,,,,,,,,,,,,,,,,,,,,,,,,f,1,,,,,,,,,,,1.319,0,0,0,0,1,,,,,,,,,,,,
,,,,,,,,,,,,,,,,,107,4,2024-09-05_15h33.34.906,Symbol-E,2020.1.3,MacIntel,Safari,"Mozilla/5.0 (Macintosh; Intel Mac OS X 10_15_7) AppleWebKit/605.1.15 (KHTML, like Gecko) Version/17.6 Safari/605.1.15",60,,,,,,,,,,,,,,,,,,,,,,,,,,,,,,,,,,,,,,,,,,,,,,,,,,,,,,,,,,,,,,,,,,,,,,,,,,,,,,,,,,,,,,,,,,,,,,,,,,,,,,,,,,,,,,,,,,,,,,,,,,,,,,,,,,,,,,,,,,,,,,,,,11,0,11,0,1,,,,,,,,,,,,,,,,,,
,,,,,,,,,,,,,,,,,107,4,2024-09-05_15h33.34.906,Symbol-E,2020.1.3,MacIntel,Safari,"Mozilla/5.0 (Macintosh; Intel Mac OS X 10_15_7) AppleWebKit/605.1.15 (KHTML, like Gecko) Version/17.6 Safari/605.1.15",60,,,,,,,,,,,,,,,,,,,,,,,,,,,,,,,,,,,,media/dnnb.png,6,2,Symb,i,TR,0,0,1,0,8,0,12,0,1,3,0.767706175,i,1.31,6,1,,,,,,,,,,,,,,,,,,,,,,,,,,,,,,,,,,,,,,,,,,,,,,,,,,,,,,,,,,,,,,,,,,,,,,,,,,,,,,,,,,i,1,,,,,,,,,,,1.31,0,0,0,0,1,,,,,,,,,,,,
,,,,,,,,,,,,,,,,,107,4,2024-09-05_15h33.34.906,Symbol-E,2020.1.3,MacIntel,Safari,"Mozilla/5.0 (Macintosh; Intel Mac OS X 10_15_7) AppleWebKit/605.1.15 (KHTML, like Gecko) Version/17.6 Safari/605.1.15",60,,,,,,,,,,,,,,,,,,,,,,,,,,,,,,,,,,,,,,,,,,,,,,,,,,,,,,,,,,,,,,,,,,,,,,,,,,,,,,,,,,,,,,,,,,,,,,,,,,,,,,,,,,,,,,,,,,,,,,,,,,,,,,,,,,,,,,,,,,,,,,,,,12,0,12,0,1,,,,,,,,,,,,,,,,,,
,,,,,,,,,,,,,,,,,107,4,2024-09-05_15h33.34.906,Symbol-E,2020.1.3,MacIntel,Safari,"Mozilla/5.0 (Macintosh; Intel Mac OS X 10_15_7) AppleWebKit/605.1.15 (KHTML, like Gecko) Version/17.6 Safari/605.1.15",60,,,,,,,,,,,,,,,,,,,,,,,,,,,,,,,,,,,,media/dgnb.png,5,1,Symb,u,TR,0,0,1,0,8,0,13,0,1,3,0.264542827,w,1.434,1,0,,,,,,,,,,,,,,,,,,,,,,,,,,,,,,,,,,,,,,,,,,,,,,,,,,,,,,,,,,,,,,,,,,,,,,,,,,,,,,,,,,w,0,,,,,,,,,,,1.434,0,0,0,0,1,,,,,,,,,,,,
,,,,,,,,,,,,,,,,,107,4,2024-09-05_15h33.34.906,Symbol-E,2020.1.3,MacIntel,Safari,"Mozilla/5.0 (Macintosh; Intel Mac OS X 10_15_7) AppleWebKit/605.1.15 (KHTML, like Gecko) Version/17.6 Safari/605.1.15",60,,,,,,,,,,,,,,,,,,,,,,,,,,,,,,,,,,,,,,,,,,,,,,,,,,,,,,,,,,,,,,,,,,,,,,,,,,,,,,,,,,,,,,,,,,,,,,,,,,,,,,,,,,,,,,,,,,,,,,,,,,,,,,,,,,,,,,,,,,,,,,,,,13,0,13,0,1,,,,,,,,,,,,,,,,,,
,,,,,,,,,,,,,,,,,107,4,2024-09-05_15h33.34.906,Symbol-E,2020.1.3,MacIntel,Safari,"Mozilla/5.0 (Macintosh; Intel Mac OS X 10_15_7) AppleWebKit/605.1.15 (KHTML, like Gecko) Version/17.6 Safari/605.1.15",60,,,,,,,,,,,,,,,,,,,,,,,,,,,,,,,,,,,,media/dfnb.png,1,1,Symb,w,TR,0,0,1,0,8,0,14,0,1,3,0.028738877,f,1.402,3,0,,,,,,,,,,,,,,,,,,,,,,,,,,,,,,,,,,,,,,,,,,,,,,,,,,,,,,,,,,,,,,,,,,,,,,,,,,,,,,,,,,f,0,,,,,,,,,,,1.402,0,0,0,0,1,,,,,,,,,,,,
,,,,,,,,,,,,,,,,,107,4,2024-09-05_15h33.34.906,Symbol-E,2020.1.3,MacIntel,Safari,"Mozilla/5.0 (Macintosh; Intel Mac OS X 10_15_7) AppleWebKit/605.1.15 (KHTML, like Gecko) Version/17.6 Safari/605.1.15",60,,,,,,,,,,,,,,,,,,,,,,,,,,,,,,,,,,,,,,,,,,,,,,,,,,,,,,,,,,,,,,,,,,,,,,,,,,,,,,,,,,,,,,,,,,,,,,,,,,,,,,,,,,,,,,,,,,,,,,,,,,,,,,,,,,,,,,,,,,,,,,,,,14,0,14,0,1,,,,,,,,,,,,,,,,,,
,,,,,,,,,,,,,,,,,107,4,2024-09-05_15h33.34.906,Symbol-E,2020.1.3,MacIntel,Safari,"Mozilla/5.0 (Macintosh; Intel Mac OS X 10_15_7) AppleWebKit/605.1.15 (KHTML, like Gecko) Version/17.6 Safari/605.1.15",60,,,,,,,,,,,,,,,,,,,,,,,,,,,,,,,,,,,,media/ddnb.png,4,0,Symb,h,TR,0,0,1,0,8,0,15,0,1,3,0.941169336,h,1.304,4,1,,,,,,,,,,,,,,,,,,,,,,,,,,,,,,,,,,,,,,,,,,,,,,,,,,,,,,,,,,,,,,,,,,,,,,,,,,,,,,,,,,h,1,,,,,,,,,,,1.304,0,0,0,0,1,,,,,,,,,,,,
,,,,,,,,,,,,,,,,,107,4,2024-09-05_15h33.34.906,Symbol-E,2020.1.3,MacIntel,Safari,"Mozilla/5.0 (Macintosh; Intel Mac OS X 10_15_7) AppleWebKit/605.1.15 (KHTML, like Gecko) Version/17.6 Safari/605.1.15",60,,,,,,,,,,,,,,,,,,,,,,,,,,,,,,,,,,,,,,,,,,,,,,,,,,,,,,,,,,,,,,,,,,,,,,,,,,,,,,,,,,,,,,,,,,,,,,,,,,,,,,,,,,,,,,,,,,,,,,,,,,,,,,,,,,,,,,,,,,,,,,,,,15,0,15,0,1,,,,,,,,,,,,,,,,,,
,,,,,,,,,,,,,,,,,107,4,2024-09-05_15h33.34.906,Symbol-E,2020.1.3,MacIntel,Safari,"Mozilla/5.0 (Macintosh; Intel Mac OS X 10_15_7) AppleWebKit/605.1.15 (KHTML, like Gecko) Version/17.6 Safari/605.1.15",60,,,,,,,,,,,,,,,,,,,,,,,,,,,,,,,,,,,,media/dinb.png,3,3,Symb,f,TR,0,0,1,0,8,0,16,0,1,3,0.757955054,w,1.421,1,0,,,,,,,,,,,,,,,,,,,,,,,,,,,,,,,,,,,,,,,,,,,,,,,,,,,,,,,,,,,,,,,,,,,,,,,,,,,,,,,,,,w,0,,,,,,,,,,,1.421,0,0,0,0,1,,,,,,,,,,,,
,,,,,,,,,,,,,,,,,107,4,2024-09-05_15h33.34.906,Symbol-E,2020.1.3,MacIntel,Safari,"Mozilla/5.0 (Macintosh; Intel Mac OS X 10_15_7) AppleWebKit/605.1.15 (KHTML, like Gecko) Version/17.6 Safari/605.1.15",60,,,,,,,,,,,,,,,,,,,,,,,,,,,,,,,,,,,,,,,,,,,,,,,,,,,,,,,,,,,,,,,,,,,,,,,,,,,,,,,,,,,,,,,,,,,,,,,,,,,,,,,,,,,,,,,,,,,,,,,,,,,,,,,,,,,,,,,,,,,,,,,,,16,0,16,0,1,,,,,,,,,,,,,,,,,,
,,,,,,,,,,,,,,,,,107,4,2024-09-05_15h33.34.906,Symbol-E,2020.1.3,MacIntel,Safari,"Mozilla/5.0 (Macintosh; Intel Mac OS X 10_15_7) AppleWebKit/605.1.15 (KHTML, like Gecko) Version/17.6 Safari/605.1.15",60,,,,,,,,,,,,,,,,,,,,,,,,,,,,,,,,,,,,media/dmnb.png,2,2,Symb,e,TR,0,0,1,0,8,0,17,0,1,3,1.153333156,e,1.325,2,1,,,,,,,,,,,,,,,,,,,,,,,,,,,,,,,,,,,,,,,,,,,,,,,,,,,,,,,,,,,,,,,,,,,,,,,,,,,,,,,,,,e,1,,,,,,,,,,,1.325,0,0,0,0,1,,,,,,,,,,,,
,,,,,,,,,,,,,,,,,107,4,2024-09-05_15h33.34.906,Symbol-E,2020.1.3,MacIntel,Safari,"Mozilla/5.0 (Macintosh; Intel Mac OS X 10_15_7) AppleWebKit/605.1.15 (KHTML, like Gecko) Version/17.6 Safari/605.1.15",60,,,,,,,,,,,,,,,,,,,,,,,,,,,,,,,,,,,,,,,,,,,,,,,,,,,,,,,,,,,,,,,,,,,,,,,,,,,,,,,,,,,,,,,,,,,,,,,,,,,,,,,,,,,,,,,,,,,,,,,,,,,,,,,,,,,,,,,,,,,,,,,,,17,0,17,0,1,,,,,,,,,,,,,,,,,,
,,,,,,,,,,,,,,,,,107,4,2024-09-05_15h33.34.906,Symbol-E,2020.1.3,MacIntel,Safari,"Mozilla/5.0 (Macintosh; Intel Mac OS X 10_15_7) AppleWebKit/605.1.15 (KHTML, like Gecko) Version/17.6 Safari/605.1.15",60,,,,,,,,,,,,,,,,,,,,,,,,,,,,,,,,,,,,media/djnb.png,7,3,Symb,l,TR,0,0,1,0,8,0,18,0,1,3,0.818934922,l,1.22,7,1,,,,,,,,,,,,,,,,,,,,,,,,,,,,,,,,,,,,,,,,,,,,,,,,,,,,,,,,,,,,,,,,,,,,,,,,,,,,,,,,,,l,1,,,,,,,,,,,1.22,0,0,0,0,1,,,,,,,,,,,,
,,,,,,,,,,,,,,,,,107,4,2024-09-05_15h33.34.906,Symbol-E,2020.1.3,MacIntel,Safari,"Mozilla/5.0 (Macintosh; Intel Mac OS X 10_15_7) AppleWebKit/605.1.15 (KHTML, like Gecko) Version/17.6 Safari/605.1.15",60,,,,,,,,,,,,,,,,,,,,,,,,,,,,,,,,,,,,,,,,,,,,,,,,,,,,,,,,,,,,,,,,,,,,,,,,,,,,,,,,,,,,,,,,,,,,,,,,,,,,,,,,,,,,,,,,,,,,,,,,,,,,,,,,,,,,,,,,,,,,,,,,,18,0,18,0,1,,,,,,,,,,,,,,,,,,
,,,,,,,,,,,,,,,,,107,4,2024-09-05_15h33.34.906,Symbol-E,2020.1.3,MacIntel,Safari,"Mozilla/5.0 (Macintosh; Intel Mac OS X 10_15_7) AppleWebKit/605.1.15 (KHTML, like Gecko) Version/17.6 Safari/605.1.15",60,,,,,,,,,,,,,,,,,,,,,,,,,,,,,,,,,,,,media/dnnb.png,6,2,Symb,i,TR,0,0,1,0,8,0,19,0,1,3,0.634887196,w,1.277,1,0,,,,,,,,,,,,,,,,,,,,,,,,,,,,,,,,,,,,,,,,,,,,,,,,,,,,,,,,,,,,,,,,,,,,,,,,,,,,,,,,,,w,0,,,,,,,,,,,1.277,0,0,0,0,1,,,,,,,,,,,,
,,,,,,,,,,,,,,,,,107,4,2024-09-05_15h33.34.906,Symbol-E,2020.1.3,MacIntel,Safari,"Mozilla/5.0 (Macintosh; Intel Mac OS X 10_15_7) AppleWebKit/605.1.15 (KHTML, like Gecko) Version/17.6 Safari/605.1.15",60,,,,,,,,,,,,,,,,,,,,,,,,,,,,,,,,,,,,,,,,,,,,,,,,,,,,,,,,,,,,,,,,,,,,,,,,,,,,,,,,,,,,,,,,,,,,,,,,,,,,,,,,,,,,,,,,,,,,,,,,,,,,,,,,,,,,,,,,,,,,,,,,,19,0,19,0,1,,,,,,,,,,,,,,,,,,
,,,,,,,,,,,,,,,,,107,4,2024-09-05_15h33.34.906,Symbol-E,2020.1.3,MacIntel,Safari,"Mozilla/5.0 (Macintosh; Intel Mac OS X 10_15_7) AppleWebKit/605.1.15 (KHTML, like Gecko) Version/17.6 Safari/605.1.15",60,,,,,,,,,,,,,,,,,,,,,,,,,,,,,,,,,,,,media/dinb.png,3,3,Symb,f,TR,0,0,1,0,8,0,20,0,1,3,0.11572369,w,1.404,1,0,,,,,,,,,,,,,,,,,,,,,,,,,,,,,,,,,,,,,,,,,,,,,,,,,,,,,,,,,,,,,,,,,,,,,,,,,,,,,,,,,,w,0,,,,,,,,,,,1.404,0,0,0,0,1,,,,,,,,,,,,
,,,,,,,,,,,,,,,,,107,4,2024-09-05_15h33.34.906,Symbol-E,2020.1.3,MacIntel,Safari,"Mozilla/5.0 (Macintosh; Intel Mac OS X 10_15_7) AppleWebKit/605.1.15 (KHTML, like Gecko) Version/17.6 Safari/605.1.15",60,,,,,,,,,,,,,,,,,,,,,,,,,,,,,,,,,,,,,,,,,,,,,,,,,,,,,,,,,,,,,,,,,,,,,,,,,,,,,,,,,,,,,,,,,,,,,,,,,,,,,,,,,,,,,,,,,,,,,,,,,,,,,,,,,,,,,,,,,,,,,,,,,20,0,20,0,1,,,,,,,,,,,,,,,,,,
,,,,,,,,,,,,,,,,,107,4,2024-09-05_15h33.34.906,Symbol-E,2020.1.3,MacIntel,Safari,"Mozilla/5.0 (Macintosh; Intel Mac OS X 10_15_7) AppleWebKit/605.1.15 (KHTML, like Gecko) Version/17.6 Safari/605.1.15",60,,,,,,,,,,,,,,,,,,,,,,,,,,,,,,,,,,,,media/djnb.png,7,3,Symb,l,TR,0,0,1,0,8,0,21,0,1,3,0.985747494,l,1.324,7,1,,,,,,,,,,,,,,,,,,,,,,,,,,,,,,,,,,,,,,,,,,,,,,,,,,,,,,,,,,,,,,,,,,,,,,,,,,,,,,,,,,l,1,,,,,,,,,,,1.324,0,0,0,0,1,,,,,,,,,,,,
,,,,,,,,,,,,,,,,,107,4,2024-09-05_15h33.34.906,Symbol-E,2020.1.3,MacIntel,Safari,"Mozilla/5.0 (Macintosh; Intel Mac OS X 10_15_7) AppleWebKit/605.1.15 (KHTML, like Gecko) Version/17.6 Safari/605.1.15",60,,,,,,,,,,,,,,,,,,,,,,,,,,,,,,,,,,,,,,,,,,,,,,,,,,,,,,,,,,,,,,,,,,,,,,,,,,,,,,,,,,,,,,,,,,,,,,,,,,,,,,,,,,,,,,,,,,,,,,,,,,,,,,,,,,,,,,,,,,,,,,,,,21,0,21,0,1,,,,,,,,,,,,,,,,,,
,,,,,,,,,,,,,,,,,107,4,2024-09-05_15h33.34.906,Symbol-E,2020.1.3,MacIntel,Safari,"Mozilla/5.0 (Macintosh; Intel Mac OS X 10_15_7) AppleWebKit/605.1.15 (KHTML, like Gecko) Version/17.6 Safari/605.1.15",60,,,,,,,,,,,,,,,,,,,,,,,,,,,,,,,,,,,,media/dfnb.png,1,1,Symb,w,TR,0,0,1,0,8,0,22,0,1,3,1.124591995,w,1.384,1,1,,,,,,,,,,,,,,,,,,,,,,,,,,,,,,,,,,,,,,,,,,,,,,,,,,,,,,,,,,,,,,,,,,,,,,,,,,,,,,,,,,w,1,,,,,,,,,,,1.384,0,0,0,0,1,,,,,,,,,,,,
,,,,,,,,,,,,,,,,,107,4,2024-09-05_15h33.34.906,Symbol-E,2020.1.3,MacIntel,Safari,"Mozilla/5.0 (Macintosh; Intel Mac OS X 10_15_7) AppleWebKit/605.1.15 (KHTML, like Gecko) Version/17.6 Safari/605.1.15",60,,,,,,,,,,,,,,,,,,,,,,,,,,,,,,,,,,,,,,,,,,,,,,,,,,,,,,,,,,,,,,,,,,,,,,,,,,,,,,,,,,,,,,,,,,,,,,,,,,,,,,,,,,,,,,,,,,,,,,,,,,,,,,,,,,,,,,,,,,,,,,,,,22,0,22,0,1,,,,,,,,,,,,,,,,,,
,,,,,,,,,,,,,,,,,107,4,2024-09-05_15h33.34.906,Symbol-E,2020.1.3,MacIntel,Safari,"Mozilla/5.0 (Macintosh; Intel Mac OS X 10_15_7) AppleWebKit/605.1.15 (KHTML, like Gecko) Version/17.6 Safari/605.1.15",60,,,,,,,,,,,,,,,,,,,,,,,,,,,,,,,,,,,,media/dcnb.png,0,0,Symb,a,TR,0,0,1,0,8,0,23,0,1,3,0.861219914,a,1.353,0,1,,,,,,,,,,,,,,,,,,,,,,,,,,,,,,,,,,,,,,,,,,,,,,,,,,,,,,,,,,,,,,,,,,,,,,,,,,,,,,,,,,a,1,,,,,,,,,,,1.353,0,0,0,0,1,,,,,,,,,,,,
,,,,,,,,,,,,,,,,,107,4,2024-09-05_15h33.34.906,Symbol-E,2020.1.3,MacIntel,Safari,"Mozilla/5.0 (Macintosh; Intel Mac OS X 10_15_7) AppleWebKit/605.1.15 (KHTML, like Gecko) Version/17.6 Safari/605.1.15",60,,,,,,,,,,,,,,,,,,,,,,,,,,,,,,,,,,,,,,,,,,,,,,,,,,,,,,,,,,,,,,,,,,,,,,,,,,,,,,,,,,,,,,,,,,,,,,,,,,,,,,,,,,,,,,,,,,,,,,,,,,,,,,,,,,,,,,,,,,,,,,,,,23,0,23,0,1,,,,,,,,,,,,,,,,,,
,,,,,,,,,,,,,,,,,107,4,2024-09-05_15h33.34.906,Symbol-E,2020.1.3,MacIntel,Safari,"Mozilla/5.0 (Macintosh; Intel Mac OS X 10_15_7) AppleWebKit/605.1.15 (KHTML, like Gecko) Version/17.6 Safari/605.1.15",60,,,,,,,,,,,,,,,,,,,,,,,,,,,,,,,,,,,,media/dfnb.png,1,1,Symb,w,TR,0,0,1,0,8,0,24,0,1,3,0.108900004,f,1.386,3,0,,,,,,,,,,,,,,,,,,,,,,,,,,,,,,,,,,,,,,,,,,,,,,,,,,,,,,,,,,,,,,,,,,,,,,,,,,,,,,,,,,f,0,,,,,,,,,,,1.386,0,0,0,0,1,,,,,,,,,,,,
,,,,,,,,,,,,,,,,,107,4,2024-09-05_15h33.34.906,Symbol-E,2020.1.3,MacIntel,Safari,"Mozilla/5.0 (Macintosh; Intel Mac OS X 10_15_7) AppleWebKit/605.1.15 (KHTML, like Gecko) Version/17.6 Safari/605.1.15",60,,,,,,,,,,,,,,,,,,,,,,,,,,,,,,,,,,,,,,,,,,,,,,,,,,,,,,,,,,,,,,,,,,,,,,,,,,,,,,,,,,,,,,,,,,,,,,,,,,,,,,,,,,,,,,,,,,,,,,,,,,,,,,,,,,,,,,,,,,,,,,,,,24,0,24,0,1,,,,,,,,,,,,,,,,,,
,,,,,,,,,,,,,,,,,107,4,2024-09-05_15h33.34.906,Symbol-E,2020.1.3,MacIntel,Safari,"Mozilla/5.0 (Macintosh; Intel Mac OS X 10_15_7) AppleWebKit/605.1.15 (KHTML, like Gecko) Version/17.6 Safari/605.1.15",60,,,,,,,,,,,,,,,,,,,,,,,,,,,,,,,,,,,,media/dgnb.png,5,1,Symb,u,TR,0,0,1,0,8,0,25,0,1,3,1.024407248,f,1.404,3,0,,,,,,,,,,,,,,,,,,,,,,,,,,,,,,,,,,,,,,,,,,,,,,,,,,,,,,,,,,,,,,,,,,,,,,,,,,,,,,,,,,f,0,,,,,,,,,,,1.404,0,0,0,0,1,,,,,,,,,,,,
,,,,,,,,,,,,,,,,,107,4,2024-09-05_15h33.34.906,Symbol-E,2020.1.3,MacIntel,Safari,"Mozilla/5.0 (Macintosh; Intel Mac OS X 10_15_7) AppleWebKit/605.1.15 (KHTML, like Gecko) Version/17.6 Safari/605.1.15",60,,,,,,,,,,,,,,,,,,,,,,,,,,,,,,,,,,,,,,,,,,,,,,,,,,,,,,,,,,,,,,,,,,,,,,,,,,,,,,,,,,,,,,,,,,,,,,,,,,,,,,,,,,,,,,,,,,,,,,,,,,,,,,,,,,,,,,,,,,,,,,,,,25,0,25,0,1,,,,,,,,,,,,,,,,,,
,,,,,,,,,,,,,,,,,107,4,2024-09-05_15h33.34.906,Symbol-E,2020.1.3,MacIntel,Safari,"Mozilla/5.0 (Macintosh; Intel Mac OS X 10_15_7) AppleWebKit/605.1.15 (KHTML, like Gecko) Version/17.6 Safari/605.1.15",60,,,,,,,,,,,,,,,,,,,,,,,,,,,,,,,,,,,,media/dgnb.png,5,1,Symb,u,TR,0,0,1,0,8,0,26,0,1,3,0.952552868,w,1.338,1,0,,,,,,,,,,,,,,,,,,,,,,,,,,,,,,,,,,,,,,,,,,,,,,,,,,,,,,,,,,,,,,,,,,,,,,,,,,,,,,,,,,w,0,,,,,,,,,,,1.338,0,0,0,0,1,,,,,,,,,,,,
,,,,,,,,,,,,,,,,,107,4,2024-09-05_15h33.34.906,Symbol-E,2020.1.3,MacIntel,Safari,"Mozilla/5.0 (Macintosh; Intel Mac OS X 10_15_7) AppleWebKit/605.1.15 (KHTML, like Gecko) Version/17.6 Safari/605.1.15",60,,,,,,,,,,,,,,,,,,,,,,,,,,,,,,,,,,,,,,,,,,,,,,,,,,,,,,,,,,,,,,,,,,,,,,,,,,,,,,,,,,,,,,,,,,,,,,,,,,,,,,,,,,,,,,,,,,,,,,,,,,,,,,,,,,,,,,,,,,,,,,,,,26,0,26,0,1,,,,,,,,,,,,,,,,,,
,,,,,,,,,,,,,,,,,107,4,2024-09-05_15h33.34.906,Symbol-E,2020.1.3,MacIntel,Safari,"Mozilla/5.0 (Macintosh; Intel Mac OS X 10_15_7) AppleWebKit/605.1.15 (KHTML, like Gecko) Version/17.6 Safari/605.1.15",60,,,,,,,,,,,,,,,,,,,,,,,,,,,,,,,,,,,,media/ddnb.png,4,0,Symb,h,TR,0,0,1,0,8,0,27,0,1,3,0.563808254,h,1.374,4,1,,,,,,,,,,,,,,,,,,,,,,,,,,,,,,,,,,,,,,,,,,,,,,,,,,,,,,,,,,,,,,,,,,,,,,,,,,,,,,,,,,h,1,,,,,,,,,,,1.374,0,0,0,0,1,,,,,,,,,,,,
,,,,,,,,,,,,,,,,,107,4,2024-09-05_15h33.34.906,Symbol-E,2020.1.3,MacIntel,Safari,"Mozilla/5.0 (Macintosh; Intel Mac OS X 10_15_7) AppleWebKit/605.1.15 (KHTML, like Gecko) Version/17.6 Safari/605.1.15",60,,,,,,,,,,,,,,,,,,,,,,,,,,,,,,,,,,,,,,,,,,,,,,,,,,,,,,,,,,,,,,,,,,,,,,,,,,,,,,,,,,,,,,,,,,,,,,,,,,,,,,,,,,,,,,,,,,,,,,,,,,,,,,,,,,,,,,,,,,,,,,,,,27,0,27,0,1,,,,,,,,,,,,,,,,,,
,,,,,,,,,,,,,,,,,107,4,2024-09-05_15h33.34.906,Symbol-E,2020.1.3,MacIntel,Safari,"Mozilla/5.0 (Macintosh; Intel Mac OS X 10_15_7) AppleWebKit/605.1.15 (KHTML, like Gecko) Version/17.6 Safari/605.1.15",60,,,,,,,,,,,,,,,,,,,,,,,,,,,,,,,,,,,,media/dcnb.png,0,0,Symb,a,TR,0,0,1,0,8,0,28,0,1,3,0.028431797,a,99,8,0,,,,,,,,,,,,,,,,,,,,,,,,,,,,,,,u,0.054,,,,,,,,,,,,,,,,,,,,,,,,,,,,,,,,,,,,,,,,,,,,,,,,,,,0,0,0,0,0,1,,,,,,,,,,,,,,,,,,,,,,,
,,,,,,,,,,,,,,,,,107,4,2024-09-05_15h33.34.906,Symbol-E,2020.1.3,MacIntel,Safari,"Mozilla/5.0 (Macintosh; Intel Mac OS X 10_15_7) AppleWebKit/605.1.15 (KHTML, like Gecko) Version/17.6 Safari/605.1.15",60,,,,,,,,,,,,,,,,,,,,,,,,,,,,,,,,,,,,,,,,,,,,,,,,,,,,,,,,,,,,,,,,,,,,,,,,,,,,,,,,,,,,,,,,,,,,,,,,,,,,,,,,,,,,,,,,,,,,,,,,,,,,,,,,,,,,,,,,,,,,,,,,,28,0,28,0,1,,,,,,,,,,,,,,,,,,
,,,,,,,,,,,,,,,,,107,4,2024-09-05_15h33.34.906,Symbol-E,2020.1.3,MacIntel,Safari,"Mozilla/5.0 (Macintosh; Intel Mac OS X 10_15_7) AppleWebKit/605.1.15 (KHTML, like Gecko) Version/17.6 Safari/605.1.15",60,,,,,,,,,,,,,,,,,,,,,,,,,,,,,,,,,,,,media/ddnb.png,4,0,Symb,h,TR,0,0,1,0,8,0,29,0,1,3,0.757679451,h,1.384,4,1,,,,,,,,,,,,,,,,,,,,,,,,,,,,,,,,,,,,,,,,,,,,,,,,,,,,,,,,,,,,,,,,,,,,,,,,,,,,,,,,,,h,1,,,,,,,,,,,1.384,0,0,0,0,1,,,,,,,,,,,,
,,,,,,,,,,,,,,,,,107,4,2024-09-05_15h33.34.906,Symbol-E,2020.1.3,MacIntel,Safari,"Mozilla/5.0 (Macintosh; Intel Mac OS X 10_15_7) AppleWebKit/605.1.15 (KHTML, like Gecko) Version/17.6 Safari/605.1.15",60,,,,,,,,,,,,,,,,,,,,,,,,,,,,,,,,,,,,,,,,,,,,,,,,,,,,,,,,,,,,,,,,,,,,,,,,,,,,,,,,,,,,,,,,,,,,,,,,,,,,,,,,,,,,,,,,,,,,,,,,,,,,,,,,,,,,,,,,,,,,,,,,,29,0,29,0,1,,,,,,,,,,,,,,,,,,
,,,,,,,,,,,,,,,,,107,4,2024-09-05_15h33.34.906,Symbol-E,2020.1.3,MacIntel,Safari,"Mozilla/5.0 (Macintosh; Intel Mac OS X 10_15_7) AppleWebKit/605.1.15 (KHTML, like Gecko) Version/17.6 Safari/605.1.15",60,,,,,,,,,,,,,,,,,,,,,,,,,,,,,,,,,,,,media/dnnb.png,6,2,Symb,i,TR,0,0,1,0,8,0,30,0,1,3,0.312558515,w,1.221,1,0,,,,,,,,,,,,,,,,,,,,,,,,,,,,,,,,,,,,,,,,,,,,,,,,,,,,,,,,,,,,,,,,,,,,,,,,,,,,,,,,,,w,0,,,,,,,,,,,1.221,0,0,0,0,1,,,,,,,,,,,,
,,,,,,,,,,,,,,,,,107,4,2024-09-05_15h33.34.906,Symbol-E,2020.1.3,MacIntel,Safari,"Mozilla/5.0 (Macintosh; Intel Mac OS X 10_15_7) AppleWebKit/605.1.15 (KHTML, like Gecko) Version/17.6 Safari/605.1.15",60,,,,,,,,,,,,,,,,,,,,,,,,,,,,,,,,,,,,,,,,,,,,,,,,,,,,,,,,,,,,,,,,,,,,,,,,,,,,,,,,,,,,,,,,,,,,,,,,,,,,,,,,,,,,,,,,,,,,,,,,,,,,,,,,,,,,,,,,,,,,,,,,,30,0,30,0,1,,,,,,,,,,,,,,,,,,
,,,,,,,,,,,,,,,,,107,4,2024-09-05_15h33.34.906,Symbol-E,2020.1.3,MacIntel,Safari,"Mozilla/5.0 (Macintosh; Intel Mac OS X 10_15_7) AppleWebKit/605.1.15 (KHTML, like Gecko) Version/17.6 Safari/605.1.15",60,,,,,,,,,,,,,,,,,,,,,,,,,,,,,,,,,,,,media/dmnb.png,2,2,Symb,e,TR,0,0,1,0,8,0,31,0,1,3,0.977670075,e,1.352,2,1,,,,,,,,,,,,,,,,,,,,,,,,,,,,,,,,,,,,,,,,,,,,,,,,,,,,,,,,,,,,,,,,,,,,,,,,,,,,,,,,,,e,1,,,,,,,,,,,1.352,0,0,0,0,1,,,,,,,,,,,,
,,,,,,,,,,,,,,,,,107,4,2024-09-05_15h33.34.906,Symbol-E,2020.1.3,MacIntel,Safari,"Mozilla/5.0 (Macintosh; Intel Mac OS X 10_15_7) AppleWebKit/605.1.15 (KHTML, like Gecko) Version/17.6 Safari/605.1.15",60,,,,,,,,,,,,,,,,,,,,,,,,,,,,,,,,,,,,,,,,,,,,,,,,,,,,,,,,,,,,,,,,,,,,,,,,,,,,,,,,,,,,,,,,,,,,,,,,,,,,,,,,,,,,,,,,,,,,,,,,,,,,,,,,,,,,,,,,,,,,,,,,,31,0,31,0,1,,,,,,,,,,,,,,,,,,
,,,,,,,,,,,,,,,,,107,4,2024-09-05_15h33.34.906,Symbol-E,2020.1.3,MacIntel,Safari,"Mozilla/5.0 (Macintosh; Intel Mac OS X 10_15_7) AppleWebKit/605.1.15 (KHTML, like Gecko) Version/17.6 Safari/605.1.15",60,,,,,,,,,,,,,,,,,,,,,,,,,,,,,,,,,,,,media/dgnb.png,5,1,Symb,u,TR,0,0,1,0,8,0,32,0,1,3,0.575281302,w,1.394,1,0,,,,,,,,,,,,,,,,,,,,,,,,,,,,,,,,,,,,,,,,,,,,,,,,,,,,,,,,,,,,,,,,,,,,,,,,,,,,,,,,,,w,0,,,,,,,,,,,1.394,0,0,0,0,1,,,,,,,,,,,,
,,,,,,,,,,,,,,,,,107,4,2024-09-05_15h33.34.906,Symbol-E,2020.1.3,MacIntel,Safari,"Mozilla/5.0 (Macintosh; Intel Mac OS X 10_15_7) AppleWebKit/605.1.15 (KHTML, like Gecko) Version/17.6 Safari/605.1.15",60,,,,,,,,,,,,,,,,,,,,,,,,,,,,,,,,,,,,,,,,,,,,,,,,,,,,,,,,,,,,,,,,,,,,,,,,,,,,,,,,,,,,,,,,,,,,,,,,,,,,,,,,,,,,,,,,,,,,,,,,,,,,,,,,,,,,,,,,,,,,,,,,,32,0,32,0,1,,,,,,,,,,,,,,,,,,
,,,,,,,,,,,,,,,,,107,4,2024-09-05_15h33.34.906,Symbol-E,2020.1.3,MacIntel,Safari,"Mozilla/5.0 (Macintosh; Intel Mac OS X 10_15_7) AppleWebKit/605.1.15 (KHTML, like Gecko) Version/17.6 Safari/605.1.15",60,,,,,,,,,,,,,,,,,,,,,,,,,,,,,,,,,,,,media/ddnb.png,4,0,Symb,h,TR,0,0,1,0,8,0,33,0,1,3,0.030948865,f,1.357,3,0,,,,,,,,,,,,,,,,,,,,,,,,,,,,,,,,,,,,,,,,,,,,,,,,,,,,,,,,,,,,,,,,,,,,,,,,,,,,,,,,,,f,0,,,,,,,,,,,1.357,0,0,0,0,1,,,,,,,,,,,,
,,,,,,,,,,,,,,,,,107,4,2024-09-05_15h33.34.906,Symbol-E,2020.1.3,MacIntel,Safari,"Mozilla/5.0 (Macintosh; Intel Mac OS X 10_15_7) AppleWebKit/605.1.15 (KHTML, like Gecko) Version/17.6 Safari/605.1.15",60,,,,,,,,,,,,,,,,,,,,,,,,,,,,,,,,,,,,,,,,,,,,,,,,,,,,,,,,,,,,,,,,,,,,,,,,,,,,,,,,,,,,,,,,,,,,,,,,,,,,,,,,,,,,,,,,,,,,,,,,,,,,,,,,,,,,,,,,,,,,,,,,,33,0,33,0,1,,,,,,,,,,,,,,,,,,
,,,,,,,,,,,,,,,,,107,4,2024-09-05_15h33.34.906,Symbol-E,2020.1.3,MacIntel,Safari,"Mozilla/5.0 (Macintosh; Intel Mac OS X 10_15_7) AppleWebKit/605.1.15 (KHTML, like Gecko) Version/17.6 Safari/605.1.15",60,,,,,,,,,,,,,,,,,,,,,,,,,,,,,,,,,,,,media/dcnb.png,0,0,Symb,a,TR,0,0,1,0,8,0,34,0,1,3,0.903615307,h,1.368,4,0,,,,,,,,,,,,,,,,,,,,,,,,,,,,,,,,,,,,,,,,,,,,,,,,,,,,,,,,,,,,,,,,,,,,,,,,,,,,,,,,,,h,0,,,,,,,,,,,1.368,0,0,0,0,1,,,,,,,,,,,,
,,,,,,,,,,,,,,,,,107,4,2024-09-05_15h33.34.906,Symbol-E,2020.1.3,MacIntel,Safari,"Mozilla/5.0 (Macintosh; Intel Mac OS X 10_15_7) AppleWebKit/605.1.15 (KHTML, like Gecko) Version/17.6 Safari/605.1.15",60,,,,,,,,,,,,,,,,,,,,,,,,,,,,,,,,,,,,,,,,,,,,,,,,,,,,,,,,,,,,,,,,,,,,,,,,,,,,,,,,,,,,,,,,,,,,,,,,,,,,,,,,,,,,,,,,,,,,,,,,,,,,,,,,,,,,,,,,,,,,,,,,,34,0,34,0,1,,,,,,,,,,,,,,,,,,
,,,,,,,,,,,,,,,,,107,4,2024-09-05_15h33.34.906,Symbol-E,2020.1.3,MacIntel,Safari,"Mozilla/5.0 (Macintosh; Intel Mac OS X 10_15_7) AppleWebKit/605.1.15 (KHTML, like Gecko) Version/17.6 Safari/605.1.15",60,,,,,,,,,,,,,,,,,,,,,,,,,,,,,,,,,,,,media/dcnb.png,0,0,Symb,a,TR,0,0,1,0,8,0,35,0,1,3,1.190480191,a,1.271,0,1,,,,,,,,,,,,,,,,,,,,,,,,,,,,,,,,,,,,,,,,,,,,,,,,,,,,,,,,,,,,,,,,,,,,,,,,,,,,,,,,,,a,1,,,,,,,,,,,1.271,0,0,0,0,1,,,,,,,,,,,,
,,,,,,,,,,,,,,,,,107,4,2024-09-05_15h33.34.906,Symbol-E,2020.1.3,MacIntel,Safari,"Mozilla/5.0 (Macintosh; Intel Mac OS X 10_15_7) AppleWebKit/605.1.15 (KHTML, like Gecko) Version/17.6 Safari/605.1.15",60,,,,,,,,,,,,,,,,,,,,,,,,,,,,,,,,,,,,,,,,,,,,,,,,,,,,,,,,,,,,,,,,,,,,,,,,,,,,,,,,,,,,,,,,,,,,,,,,,,,,,,,,,,,,,,,,,,,,,,,,,,,,,,,,,,,,,,,,,,,,,,,,,35,0,35,0,1,,,,,,,,,,,,,,,,,,
,,,,,,,,,,,,,,,,,107,4,2024-09-05_15h33.34.906,Symbol-E,2020.1.3,MacIntel,Safari,"Mozilla/5.0 (Macintosh; Intel Mac OS X 10_15_7) AppleWebKit/605.1.15 (KHTML, like Gecko) Version/17.6 Safari/605.1.15",60,,,,,,,,,,,,,,,,,,,,,,,,,,,,,,,,,,,,media/dmnb.png,2,2,Symb,e,TR,0,0,1,0,8,0,36,0,1,3,0.722479637,e,1.385,2,1,,,,,,,,,,,,,,,,,,,,,,,,,,,,,,,,,,,,,,,,,,,,,,,,,,,,,,,,,,,,,,,,,,,,,,,,,,,,,,,,,,e,1,,,,,,,,,,,1.385,0,0,0,0,1,,,,,,,,,,,,
,,,,,,,,,,,,,,,,,107,4,2024-09-05_15h33.34.906,Symbol-E,2020.1.3,MacIntel,Safari,"Mozilla/5.0 (Macintosh; Intel Mac OS X 10_15_7) AppleWebKit/605.1.15 (KHTML, like Gecko) Version/17.6 Safari/605.1.15",60,,,,,,,,,,,,,,,,,,,,,,,,,,,,,,,,,,,,,,,,,,,,,,,,,,,,,,,,,,,,,,,,,,,,,,,,,,,,,,,,,,,,,,,,,,,,,,,,,,,,,,,,,,,,,,,,,,,,,,,,,,,,,,,,,,,,,,,,,,,,,,,,,36,0,36,0,1,,,,,,,,,,,,,,,,,,
,,,,,,,,,,,,,,,,,107,4,2024-09-05_15h33.34.906,Symbol-E,2020.1.3,MacIntel,Safari,"Mozilla/5.0 (Macintosh; Intel Mac OS X 10_15_7) AppleWebKit/605.1.15 (KHTML, like Gecko) Version/17.6 Safari/605.1.15",60,,,,,,,,,,,,,,,,,,,,,,,,,,,,,,,,,,,,media/dmnb.png,2,2,Symb,e,TR,0,0,1,0,8,0,37,0,1,3,0.419462832,e,1.439,2,1,,,,,,,,,,,,,,,,,,,,,,,,,,,,,,,,,,,,,,,,,,,,,,,,,,,,,,,,,,,,,,,,,,,,,,,,,,,,,,,,,,e,1,,,,,,,,,,,1.439,0,0,0,0,1,,,,,,,,,,,,
,,,,,,,,,,,,,,,,,107,4,2024-09-05_15h33.34.906,Symbol-E,2020.1.3,MacIntel,Safari,"Mozilla/5.0 (Macintosh; Intel Mac OS X 10_15_7) AppleWebKit/605.1.15 (KHTML, like Gecko) Version/17.6 Safari/605.1.15",60,,,,,,,,,,,,,,,,,,,,,,,,,,,,,,,,,,,,,,,,,,,,,,,,,,,,,,,,,,,,,,,,,,,,,,,,,,,,,,,,,,,,,,,,,,,,,,,,,,,,,,,,,,,,,,,,,,,,,,,,,,,,,,,,,,,,,,,,,,,,,,,,,37,0,37,0,1,,,,,,,,,,,,,,,,,,
,,,,,,,,,,,,,,,,,107,4,2024-09-05_15h33.34.906,Symbol-E,2020.1.3,MacIntel,Safari,"Mozilla/5.0 (Macintosh; Intel Mac OS X 10_15_7) AppleWebKit/605.1.15 (KHTML, like Gecko) Version/17.6 Safari/605.1.15",60,,,,,,,,,,,,,,,,,,,,,,,,,,,,,,,,,,,,media/ddnb.png,4,0,Symb,h,TR,0,0,1,0,8,0,38,0,1,3,0.698094111,w,1.227,1,0,,,,,,,,,,,,,,,,,,,,,,,,,,,,,,,,,,,,,,,,,,,,,,,,,,,,,,,,,,,,,,,,,,,,,,,,,,,,,,,,,,w,0,,,,,,,,,,,1.227,0,0,0,0,1,,,,,,,,,,,,
,,,,,,,,,,,,,,,,,107,4,2024-09-05_15h33.34.906,Symbol-E,2020.1.3,MacIntel,Safari,"Mozilla/5.0 (Macintosh; Intel Mac OS X 10_15_7) AppleWebKit/605.1.15 (KHTML, like Gecko) Version/17.6 Safari/605.1.15",60,,,,,,,,,,,,,,,,,,,,,,,,,,,,,,,,,,,,,,,,,,,,,,,,,,,,,,,,,,,,,,,,,,,,,,,,,,,,,,,,,,,,,,,,,,,,,,,,,,,,,,,,,,,,,,,,,,,,,,,,,,,,,,,,,,,,,,,,,,,,,,,,,38,0,38,0,1,,,,,,,,,,,,,,,,,,
,,,,,,,,,,,,,,,,,107,4,2024-09-05_15h33.34.906,Symbol-E,2020.1.3,MacIntel,Safari,"Mozilla/5.0 (Macintosh; Intel Mac OS X 10_15_7) AppleWebKit/605.1.15 (KHTML, like Gecko) Version/17.6 Safari/605.1.15",60,,,,,,,,,,,,,,,,,,,,,,,,,,,,,,,,,,,,media/dinb.png,3,3,Symb,f,TR,0,0,1,0,8,0,39,0,1,3,0.227367167,u,1.404,5,0,,,,,,,,,,,,,,,,,,,,,,,,,,,,,,,,,,,,,,,,,,,,,,,,,,,,,,,,,,,,,,,,,,,,,,,,,,,,,,,,,,u,0,,,,,,,,,,,1.404,0,0,0,0,1,,,,,,,,,,,,
,,,,,,,,,,,,,,,,,107,4,2024-09-05_15h33.34.906,Symbol-E,2020.1.3,MacIntel,Safari,"Mozilla/5.0 (Macintosh; Intel Mac OS X 10_15_7) AppleWebKit/605.1.15 (KHTML, like Gecko) Version/17.6 Safari/605.1.15",60,,,,,,,,,,,,,,,,,,,,,,,,,,,,,,,,,,,,,,,,,,,,,,,,,,,,,,,,,,,,,,,,,,,,,,,,,,,,,,,,,,,,,,,,,,,,,,,,,,,,,,,,,,,,,,,,,,,,,,,,,,,,,,,,,,,,,,,,,,,,,,,,,39,0,39,0,1,,,,,,,,,,,,,,,,,,
,,,,,,,,,,,,,,,,,107,4,2024-09-05_15h33.34.906,Symbol-E,2020.1.3,MacIntel,Safari,"Mozilla/5.0 (Macintosh; Intel Mac OS X 10_15_7) AppleWebKit/605.1.15 (KHTML, like Gecko) Version/17.6 Safari/605.1.15",60,,,,,,,,,,,,,,,,,,,,,,,,,,,,,,,,,,,,media/dnnb.png,6,2,Symb,i,TR,0,0,1,0,8,0,40,0,1,3,0.892881328,f,1.343,3,0,,,,,,,,,,,,,,,,,,,,,,,,,,,,,,,,,,,,,,,,,,,,,,,,,,,,,,,,,,,,,,,,,,,,,,,,,,,,,,,,,,f,0,,,,,,,,,,,1.343,0,0,0,0,1,,,,,,,,,,,,
,,,,,,,,,,,,,,,,,107,4,2024-09-05_15h33.34.906,Symbol-E,2020.1.3,MacIntel,Safari,"Mozilla/5.0 (Macintosh; Intel Mac OS X 10_15_7) AppleWebKit/605.1.15 (KHTML, like Gecko) Version/17.6 Safari/605.1.15",60,,,,,,,,,,,,,,,,,,,,,,,,,,,,,,,,,,,,,,,,,,,,,,,,,,,,,,,,,,,,,,,,,,,,,,,,,,,,,,,,,,,,,,,,,,,,,,,,,,,,,,,,,,,,,,,,,,,,,,,,,,,,,,,,,,,,,,,,,,,,,,,,,40,0,40,0,1,,,,,,,,,,,,,,,,,,
,,,,,,,,,,,,,,,,,107,4,2024-09-05_15h33.34.906,Symbol-E,2020.1.3,MacIntel,Safari,"Mozilla/5.0 (Macintosh; Intel Mac OS X 10_15_7) AppleWebKit/605.1.15 (KHTML, like Gecko) Version/17.6 Safari/605.1.15",60,,,,,,,,,,,,,,,,,,,,,,,,,,,,,,,,,,,,media/djnb.png,7,3,Symb,l,TR,0,0,1,0,8,0,41,0,1,3,0.3625831,i,1.334,6,0,,,,,,,,,,,,,,,,,,,,,,,,,,,,,,,,,,,,,,,,,,,,,,,,,,,,,,,,,,,,,,,,,,,,,,,,,,,,,,,,,,i,0,,,,,,,,,,,1.334,0,0,0,0,1,,,,,,,,,,,,
,,,,,,,,,,,,,,,,,107,4,2024-09-05_15h33.34.906,Symbol-E,2020.1.3,MacIntel,Safari,"Mozilla/5.0 (Macintosh; Intel Mac OS X 10_15_7) AppleWebKit/605.1.15 (KHTML, like Gecko) Version/17.6 Safari/605.1.15",60,,,,,,,,,,,,,,,,,,,,,,,,,,,,,,,,,,,,,,,,,,,,,,,,,,,,,,,,,,,,,,,,,,,,,,,,,,,,,,,,,,,,,,,,,,,,,,,,,,,,,,,,,,,,,,,,,,,,,,,,,,,,,,,,,,,,,,,,,,,,,,,,,41,0,41,0,1,,,,,,,,,,,,,,,,,,
,,,,,,,,,,,,,,,,,107,4,2024-09-05_15h33.34.906,Symbol-E,2020.1.3,MacIntel,Safari,"Mozilla/5.0 (Macintosh; Intel Mac OS X 10_15_7) AppleWebKit/605.1.15 (KHTML, like Gecko) Version/17.6 Safari/605.1.15",60,,,,,,,,,,,,,,,,,,,,,,,,,,,,,,,,,,,,media/dnnb.png,6,2,Symb,i,TR,0,0,1,0,8,0,42,0,1,3,0.932809352,i,1.372,6,1,,,,,,,,,,,,,,,,,,,,,,,,,,,,,,,,,,,,,,,,,,,,,,,,,,,,,,,,,,,,,,,,,,,,,,,,,,,,,,,,,,i,1,,,,,,,,,,,1.372,0,0,0,0,1,,,,,,,,,,,,
,,,,,,,,,,,,,,,,,107,4,2024-09-05_15h33.34.906,Symbol-E,2020.1.3,MacIntel,Safari,"Mozilla/5.0 (Macintosh; Intel Mac OS X 10_15_7) AppleWebKit/605.1.15 (KHTML, like Gecko) Version/17.6 Safari/605.1.15",60,,,,,,,,,,,,,,,,,,,,,,,,,,,,,,,,,,,,,,,,,,,,,,,,,,,,,,,,,,,,,,,,,,,,,,,,,,,,,,,,,,,,,,,,,,,,,,,,,,,,,,,,,,,,,,,,,,,,,,,,,,,,,,,,,,,,,,,,,,,,,,,,,42,0,42,0,1,,,,,,,,,,,,,,,,,,
,,,,,,,,,,,,,,,,,107,4,2024-09-05_15h33.34.906,Symbol-E,2020.1.3,MacIntel,Safari,"Mozilla/5.0 (Macintosh; Intel Mac OS X 10_15_7) AppleWebKit/605.1.15 (KHTML, like Gecko) Version/17.6 Safari/605.1.15",60,,,,,,,,,,,,,,,,,,,,,,,,,,,,,,,,,,,,media/djnb.png,7,3,Symb,l,TR,0,0,1,0,8,0,43,0,1,3,0.508525969,a,1.422,0,0,,,,,,,,,,,,,,,,,,,,,,,,,,,,,,,,,,,,,,,,,,,,,,,,,,,,,,,,,,,,,,,,,,,,,,,,,,,,,,,,,,a,0,,,,,,,,,,,1.422,0,0,0,0,1,,,,,,,,,,,,
,,,,,,,,,,,,,,,,,107,4,2024-09-05_15h33.34.906,Symbol-E,2020.1.3,MacIntel,Safari,"Mozilla/5.0 (Macintosh; Intel Mac OS X 10_15_7) AppleWebKit/605.1.15 (KHTML, like Gecko) Version/17.6 Safari/605.1.15",60,,,,,,,,,,,,,,,,,,,,,,,,,,,,,,,,,,,,,,,,,,,,,,,,,,,,,,,,,,,,,,,,,,,,,,,,,,,,,,,,,,,,,,,,,,,,,,,,,,,,,,,,,,,,,,,,,,,,,,,,,,,,,,,,,,,,,,,,,,,,,,,,,43,0,43,0,1,,,,,,,,,,,,,,,,,,
,,,,,,,,,,,,,,,,,107,4,2024-09-05_15h33.34.906,Symbol-E,2020.1.3,MacIntel,Safari,"Mozilla/5.0 (Macintosh; Intel Mac OS X 10_15_7) AppleWebKit/605.1.15 (KHTML, like Gecko) Version/17.6 Safari/605.1.15",60,,,,,,,,,,,,,,,,,,,,,,,,,,,,,,,,,,,,media/dinb.png,3,3,Symb,f,TR,0,0,1,0,8,0,44,0,1,3,0.963987814,u,1.376,5,0,,,,,,,,,,,,,,,,,,,,,,,,,,,,,,,,,,,,,,,,,,,,,,,,,,,,,,,,,,,,,,,,,,,,,,,,,,,,,,,,,,u,0,,,,,,,,,,,1.376,0,0,0,0,1,,,,,,,,,,,,
,,,,,,,,,,,,,,,,,107,4,2024-09-05_15h33.34.906,Symbol-E,2020.1.3,MacIntel,Safari,"Mozilla/5.0 (Macintosh; Intel Mac OS X 10_15_7) AppleWebKit/605.1.15 (KHTML, like Gecko) Version/17.6 Safari/605.1.15",60,,,,,,,,,,,,,,,,,,,,,,,,,,,,,,,,,,,,,,,,,,,,,,,,,,,,,,,,,,,,,,,,,,,,,,,,,,,,,,,,,,,,,,,,,,,,,,,,,,,,,,,,,,,,,,,,,,,,,,,,,,,,,,,,,,,,,,,,,,,,,,,,,44,0,44,0,1,,,,,,,,,,,,,,,,,,
,,,,,,,,,,,,,,,,,107,4,2024-09-05_15h33.34.906,Symbol-E,2020.1.3,MacIntel,Safari,"Mozilla/5.0 (Macintosh; Intel Mac OS X 10_15_7) AppleWebKit/605.1.15 (KHTML, like Gecko) Version/17.6 Safari/605.1.15",60,,,,,,,,,,,,,,,,,,,,,,,,,,,,,,,,,,,,media/dfnb.png,1,1,Symb,w,TR,0,0,1,0,8,0,45,0,1,3,0.306598367,f,1.236,3,0,,,,,,,,,,,,,,,,,,,,,,,,,,,,,,,,,,,,,,,,,,,,,,,,,,,,,,,,,,,,,,,,,,,,,,,,,,,,,,,,,,f,0,,,,,,,,,,,1.236,0,0,0,0,1,,,,,,,,,,,,
,,,,,,,,,,,,,,,,,107,4,2024-09-05_15h33.34.906,Symbol-E,2020.1.3,MacIntel,Safari,"Mozilla/5.0 (Macintosh; Intel Mac OS X 10_15_7) AppleWebKit/605.1.15 (KHTML, like Gecko) Version/17.6 Safari/605.1.15",60,,,,,,,,,,,,,,,,,,,,,,,,,,,,,,,,,,,,,,,,,,,,,,,,,,,,,,,,,,,,,,,,,,,,,,,,,,,,,,,,,,,,,,,,,,,,,,,,,,,,,,,,,,,,,,,,,,,,,,,,,,,,,,,,,,,,,,,,,,,,,,,,,45,0,45,0,1,,,,,,,,,,,,,,,,,,
,,,,,,,,,,,,,,,,,107,4,2024-09-05_15h33.34.906,Symbol-E,2020.1.3,MacIntel,Safari,"Mozilla/5.0 (Macintosh; Intel Mac OS X 10_15_7) AppleWebKit/605.1.15 (KHTML, like Gecko) Version/17.6 Safari/605.1.15",60,,,,,,,,,,,,,,,,,,,,,,,,,,,,,,,,,,,,media/dgnb.png,5,1,Symb,u,TR,0,0,1,0,8,0,46,0,1,3,0.304721197,w,1.219,1,0,,,,,,,,,,,,,,,,,,,,,,,,,,,,,,,,,,,,,,,,,,,,,,,,,,,,,,,,,,,,,,,,,,,,,,,,,,,,,,,,,,w,0,,,,,,,,,,,1.219,0,0,0,0,1,,,,,,,,,,,,
,,,,,,,,,,,,,,,,,107,4,2024-09-05_15h33.34.906,Symbol-E,2020.1.3,MacIntel,Safari,"Mozilla/5.0 (Macintosh; Intel Mac OS X 10_15_7) AppleWebKit/605.1.15 (KHTML, like Gecko) Version/17.6 Safari/605.1.15",60,,,,,,,,,,,,,,,,,,,,,,,,,,,,,,,,,,,,,,,,,,,,,,,,,,,,,,,,,,,,,,,,,,,,,,,,,,,,,,,,,,,,,,,,,,,,,,,,,,,,,,,,,,,,,,,,,,,,,,,,,,,,,,,,,,,,,,,,,,,,,,,,,46,0,46,0,1,,,,,,,,,,,,,,,,,,
,,,,,,,,,,,,,,,,,107,4,2024-09-05_15h33.34.906,Symbol-E,2020.1.3,MacIntel,Safari,"Mozilla/5.0 (Macintosh; Intel Mac OS X 10_15_7) AppleWebKit/605.1.15 (KHTML, like Gecko) Version/17.6 Safari/605.1.15",60,,,,,,,,,,,,,,,,,,,,,,,,,,,,,,,,,,,,media/dfnb.png,1,1,Symb,w,TR,0,0,1,0,8,0,47,0,1,3,0.600884103,i,1.34,6,0,,,,,,,,,,,,,,,,,,,,,,,,,,,,,,,,,,,,,,,,,,,,,,,,,,,,,,,,,,,,,,,,,,,,,,,,,,,,,,,,,,i,0,,,,,,,,,,,1.34,0,0,0,0,1,,,,,,,,,,,,
,,,,,,,,,,,,,,,,,107,4,2024-09-05_15h33.34.906,Symbol-E,2020.1.3,MacIntel,Safari,"Mozilla/5.0 (Macintosh; Intel Mac OS X 10_15_7) AppleWebKit/605.1.15 (KHTML, like Gecko) Version/17.6 Safari/605.1.15",60,,,,,,,,,,,,,,,,,,,,,,,,,,,,,,,,,,,,,,,,,,,,,,,,,,,,,,,,,,,,,,,,,,,,,,,,,,,,,,,,,,,,,,,,,,,,,,,,,,,,,,,,,,,,,,,,,,,,,,,,,,,,,,,,,,,,,,,,,,,,,,,,,47,0,47,0,1,,,,,,,,,,,,,,,,,,
,,,,,,,,,,,,,,,,,107,4,2024-09-05_15h33.34.906,Symbol-E,2020.1.3,MacIntel,Safari,"Mozilla/5.0 (Macintosh; Intel Mac OS X 10_15_7) AppleWebKit/605.1.15 (KHTML, like Gecko) Version/17.6 Safari/605.1.15",60,,,,,,,,,,,,,,,,,,,,,,,,,,,,,,,,,,,,media/dcnb.png,0,0,Symb,a,TR,0,0,1,0,8,0,48,0,1,3,0.562872588,a,1.29,0,1,,,,,,,,,,,,,,,,,,,,,,,,,,,,,,,,,,,,,,,,,,,,,,,,,,,,,,,,,,,,,,,,,,,,,,,,,,,,,,,,,,a,1,,,,,,,,,,,1.29,0,0,0,0,1,,,,,,,,,,,,
,,,,,,,,,,,,,,,,,107,4,2024-09-05_15h33.34.906,Symbol-E,2020.1.3,MacIntel,Safari,"Mozilla/5.0 (Macintosh; Intel Mac OS X 10_15_7) AppleWebKit/605.1.15 (KHTML, like Gecko) Version/17.6 Safari/605.1.15",60,,,,,,,,,,,,,,,,,,,,,,,,,,,,,,,,,,,,,,,,,,,,,,,,,,,,,,,,,,,,,,,,,,,,,,,,,,,,,,,,,,,,,,,,,,,,,,,,,,,,,,,,,,,,,,,,,,,,,,,,,,,,,,,,,,,,,,,,,,,,,,,,,48,0,48,0,1,,,,,,,,,,,,,,,,,,
,,,,,,,,,,,,,,,,,107,4,2024-09-05_15h33.34.906,Symbol-E,2020.1.3,MacIntel,Safari,"Mozilla/5.0 (Macintosh; Intel Mac OS X 10_15_7) AppleWebKit/605.1.15 (KHTML, like Gecko) Version/17.6 Safari/605.1.15",60,,,,,,,,,,,,,,,,,,,,,,,,,,,,,,,,,,,,media/dinb.png,3,3,Symb,f,TR,0,0,1,0,8,0,49,0,1,3,1.0857447,w,1.356,1,0,,,,,,,,,,,,,,,,,,,,,,,,,,,,,,,,,,,,,,,,,,,,,,,,,,,,,,,,,,,,,,,,,,,,,,,,,,,,,,,,,,w,0,,,,,,,,,,,1.356,0,0,0,0,1,,,,,,,,,,,,
,,,,,,,,,,,,,,,,,107,4,2024-09-05_15h33.34.906,Symbol-E,2020.1.3,MacIntel,Safari,"Mozilla/5.0 (Macintosh; Intel Mac OS X 10_15_7) AppleWebKit/605.1.15 (KHTML, like Gecko) Version/17.6 Safari/605.1.15",60,,,,,,,,,,,,,,,,,,,,,,,,,,,,,,,,,,,,,,,,,,,,,,,,,,,,,,,,,,,,,,,,,,,,,,,,,,,,,,,,,,,,,,,,,,,,,,,,,,,,,,,,,,,,,,,,,,,,,,,,,,,,,,,,,,,,,,,,,,,,,,,,,49,0,49,0,1,,,,,,,,,,,,,,,,,,
,,,,,,,,,,,,,,,,,107,4,2024-09-05_15h33.34.906,Symbol-E,2020.1.3,MacIntel,Safari,"Mozilla/5.0 (Macintosh; Intel Mac OS X 10_15_7) AppleWebKit/605.1.15 (KHTML, like Gecko) Version/17.6 Safari/605.1.15",60,,,,,,,,,,,,,,,,,,,,,,,,,,,,,,,,,,,,media/dnnb.png,6,2,Symb,i,TR,0,0,1,0,8,0,50,0,1,3,0.474163302,i,1.386,6,1,,,,,,,,,,,,,,,,,,,,,,,,,,,,,,,,,,,,,,,,,,,,,,,,,,,,,,,,,,,,,,,,,,,,,,,,,,,,,,,,,,i,1,,,,,,,,,,,1.386,0,0,0,0,1,,,,,,,,,,,,
,,,,,,,,,,,,,,,,,107,4,2024-09-05_15h33.34.906,Symbol-E,2020.1.3,MacIntel,Safari,"Mozilla/5.0 (Macintosh; Intel Mac OS X 10_15_7) AppleWebKit/605.1.15 (KHTML, like Gecko) Version/17.6 Safari/605.1.15",60,,,,,,,,,,,,,,,,,,,,,,,,,,,,,,,,,,,,,,,,,,,,,,,,,,,,,,,,,,,,,,,,,,,,,,,,,,,,,,,,,,,,,,,,,,,,,,,,,,,,,,,,,,,,,,,,,,,,,,,,,,,,,,,,,,,,,,,,,,,,,,,,,50,0,50,0,1,,,,,,,,,,,,,,,,,,
,,,,,,,,,,,,,,,,,107,4,2024-09-05_15h33.34.906,Symbol-E,2020.1.3,MacIntel,Safari,"Mozilla/5.0 (Macintosh; Intel Mac OS X 10_15_7) AppleWebKit/605.1.15 (KHTML, like Gecko) Version/17.6 Safari/605.1.15",60,,,,,,,,,,,,,,,,,,,,,,,,,,,,,,,,,,,,media/djnb.png,7,3,Symb,l,TR,0,0,1,0,8,0,51,0,1,3,0.603494407,a,1.305,0,0,,,,,,,,,,,,,,,,,,,,,,,,,,,,,,,,,,,,,,,,,,,,,,,,,,,,,,,,,,,,,,,,,,,,,,,,,,,,,,,,,,a,0,,,,,,,,,,,1.305,0,0,0,0,1,,,,,,,,,,,,
,,,,,,,,,,,,,,,,,107,4,2024-09-05_15h33.34.906,Symbol-E,2020.1.3,MacIntel,Safari,"Mozilla/5.0 (Macintosh; Intel Mac OS X 10_15_7) AppleWebKit/605.1.15 (KHTML, like Gecko) Version/17.6 Safari/605.1.15",60,,,,,,,,,,,,,,,,,,,,,,,,,,,,,,,,,,,,,,,,,,,,,,,,,,,,,,,,,,,,,,,,,,,,,,,,,,,,,,,,,,,,,,,,,,,,,,,,,,,,,,,,,,,,,,,,,,,,,,,,,,,,,,,,,,,,,,,,,,,,,,,,,51,0,51,0,1,,,,,,,,,,,,,,,,,,
,,,,,,,,,,,,,,,,,107,4,2024-09-05_15h33.34.906,Symbol-E,2020.1.3,MacIntel,Safari,"Mozilla/5.0 (Macintosh; Intel Mac OS X 10_15_7) AppleWebKit/605.1.15 (KHTML, like Gecko) Version/17.6 Safari/605.1.15",60,,,,,,,,,,,,,,,,,,,,,,,,,,,,,,,,,,,,media/dgnb.png,5,1,Symb,u,TR,0,0,1,0,8,0,52,0,1,3,0.40174428,w,1.354,1,0,,,,,,,,,,,,,,,,,,,,,,,,,,,,,,,,,,,,,,,,,,,,,,,,,,,,,,,,,,,,,,,,,,,,,,,,,,,,,,,,,,w,0,,,,,,,,,,,1.354,0,0,0,0,1,,,,,,,,,,,,
,,,,,,,,,,,,,,,,,107,4,2024-09-05_15h33.34.906,Symbol-E,2020.1.3,MacIntel,Safari,"Mozilla/5.0 (Macintosh; Intel Mac OS X 10_15_7) AppleWebKit/605.1.15 (KHTML, like Gecko) Version/17.6 Safari/605.1.15",60,,,,,,,,,,,,,,,,,,,,,,,,,,,,,,,,,,,,,,,,,,,,,,,,,,,,,,,,,,,,,,,,,,,,,,,,,,,,,,,,,,,,,,,,,,,,,,,,,,,,,,,,,,,,,,,,,,,,,,,,,,,,,,,,,,,,,,,,,,,,,,,,,52,0,52,0,1,,,,,,,,,,,,,,,,,,
,,,,,,,,,,,,,,,,,107,4,2024-09-05_15h33.34.906,Symbol-E,2020.1.3,MacIntel,Safari,"Mozilla/5.0 (Macintosh; Intel Mac OS X 10_15_7) AppleWebKit/605.1.15 (KHTML, like Gecko) Version/17.6 Safari/605.1.15",60,,,,,,,,,,,,,,,,,,,,,,,,,,,,,,,,,,,,media/dnnb.png,6,2,Symb,i,TR,0,0,1,0,8,0,53,0,1,3,0.109894867,f,1.374,3,0,,,,,,,,,,,,,,,,,,,,,,,,,,,,,,,,,,,,,,,,,,,,,,,,,,,,,,,,,,,,,,,,,,,,,,,,,,,,,,,,,,f,0,,,,,,,,,,,1.374,0,0,0,0,1,,,,,,,,,,,,
,,,,,,,,,,,,,,,,,107,4,2024-09-05_15h33.34.906,Symbol-E,2020.1.3,MacIntel,Safari,"Mozilla/5.0 (Macintosh; Intel Mac OS X 10_15_7) AppleWebKit/605.1.15 (KHTML, like Gecko) Version/17.6 Safari/605.1.15",60,,,,,,,,,,,,,,,,,,,,,,,,,,,,,,,,,,,,,,,,,,,,,,,,,,,,,,,,,,,,,,,,,,,,,,,,,,,,,,,,,,,,,,,,,,,,,,,,,,,,,,,,,,,,,,,,,,,,,,,,,,,,,,,,,,,,,,,,,,,,,,,,,53,0,53,0,1,,,,,,,,,,,,,,,,,,
,,,,,,,,,,,,,,,,,107,4,2024-09-05_15h33.34.906,Symbol-E,2020.1.3,MacIntel,Safari,"Mozilla/5.0 (Macintosh; Intel Mac OS X 10_15_7) AppleWebKit/605.1.15 (KHTML, like Gecko) Version/17.6 Safari/605.1.15",60,,,,,,,,,,,,,,,,,,,,,,,,,,,,,,,,,,,,media/dfnb.png,1,1,Symb,w,TR,0,0,1,0,8,0,54,0,1,3,0.233555279,u,1.304,5,0,,,,,,,,,,,,,,,,,,,,,,,,,,,,,,,,,,,,,,,,,,,,,,,,,,,,,,,,,,,,,,,,,,,,,,,,,,,,,,,,,,u,0,,,,,,,,,,,1.304,0,0,0,0,1,,,,,,,,,,,,
,,,,,,,,,,,,,,,,,107,4,2024-09-05_15h33.34.906,Symbol-E,2020.1.3,MacIntel,Safari,"Mozilla/5.0 (Macintosh; Intel Mac OS X 10_15_7) AppleWebKit/605.1.15 (KHTML, like Gecko) Version/17.6 Safari/605.1.15",60,,,,,,,,,,,,,,,,,,,,,,,,,,,,,,,,,,,,,,,,,,,,,,,,,,,,,,,,,,,,,,,,,,,,,,,,,,,,,,,,,,,,,,,,,,,,,,,,,,,,,,,,,,,,,,,,,,,,,,,,,,,,,,,,,,,,,,,,,,,,,,,,,54,0,54,0,1,,,,,,,,,,,,,,,,,,
,,,,,,,,,,,,,,,,,107,4,2024-09-05_15h33.34.906,Symbol-E,2020.1.3,MacIntel,Safari,"Mozilla/5.0 (Macintosh; Intel Mac OS X 10_15_7) AppleWebKit/605.1.15 (KHTML, like Gecko) Version/17.6 Safari/605.1.15",60,,,,,,,,,,,,,,,,,,,,,,,,,,,,,,,,,,,,media/ddnb.png,4,0,Symb,h,TR,0,0,1,0,8,0,55,0,1,3,0.10212582,l,1.351,7,0,,,,,,,,,,,,,,,,,,,,,,,,,,,,,,,,,,,,,,,,,,,,,,,,,,,,,,,,,,,,,,,,,,,,,,,,,,,,,,,,,,l,0,,,,,,,,,,,1.351,0,0,0,0,1,,,,,,,,,,,,
,,,,,,,,,,,,,,,,,107,4,2024-09-05_15h33.34.906,Symbol-E,2020.1.3,MacIntel,Safari,"Mozilla/5.0 (Macintosh; Intel Mac OS X 10_15_7) AppleWebKit/605.1.15 (KHTML, like Gecko) Version/17.6 Safari/605.1.15",60,,,,,,,,,,,,,,,,,,,,,,,,,,,,,,,,,,,,,,,,,,,,,,,,,,,,,,,,,,,,,,,,,,,,,,,,,,,,,,,,,,,,,,,,,,,,,,,,,,,,,,,,,,,,,,,,,,,,,,,,,,,,,,,,,,,,,,,,,,,,,,,,,55,0,55,0,1,,,,,,,,,,,,,,,,,,
,,,,,,,,,,,,,,,,,107,4,2024-09-05_15h33.34.906,Symbol-E,2020.1.3,MacIntel,Safari,"Mozilla/5.0 (Macintosh; Intel Mac OS X 10_15_7) AppleWebKit/605.1.15 (KHTML, like Gecko) Version/17.6 Safari/605.1.15",60,,,,,,,,,,,,,,,,,,,,,,,,,,,,,,,,,,,,media/djnb.png,7,3,Symb,l,TR,0,0,1,0,8,0,56,0,1,3,1.160538163,l,1.386,7,1,,,,,,,,,,,,,,,,,,,,,,,,,,,,,,,,,,,,,,,,,,,,,,,,,,,,,,,,,,,,,,,,,,,,,,,,,,,,,,,,,,l,1,,,,,,,,,,,1.386,0,0,0,0,1,,,,,,,,,,,,
,,,,,,,,,,,,,,,,,107,4,2024-09-05_15h33.34.906,Symbol-E,2020.1.3,MacIntel,Safari,"Mozilla/5.0 (Macintosh; Intel Mac OS X 10_15_7) AppleWebKit/605.1.15 (KHTML, like Gecko) Version/17.6 Safari/605.1.15",60,,,,,,,,,,,,,,,,,,,,,,,,,,,,,,,,,,,,,,,,,,,,,,,,,,,,,,,,,,,,,,,,,,,,,,,,,,,,,,,,,,,,,,,,,,,,,,,,,,,,,,,,,,,,,,,,,,,,,,,,,,,,,,,,,,,,,,,,,,,,,,,,,56,0,56,0,1,,,,,,,,,,,,,,,,,,
,,,,,,,,,,,,,,,,,107,4,2024-09-05_15h33.34.906,Symbol-E,2020.1.3,MacIntel,Safari,"Mozilla/5.0 (Macintosh; Intel Mac OS X 10_15_7) AppleWebKit/605.1.15 (KHTML, like Gecko) Version/17.6 Safari/605.1.15",60,,,,,,,,,,,,,,,,,,,,,,,,,,,,,,,,,,,,media/dmnb.png,2,2,Symb,e,TR,0,0,1,0,8,0,57,0,1,3,0.317374285,e,1.229,2,1,,,,,,,,,,,,,,,,,,,,,,,,,,,,,,,,,,,,,,,,,,,,,,,,,,,,,,,,,,,,,,,,,,,,,,,,,,,,,,,,,,e,1,,,,,,,,,,,1.229,0,0,0,0,1,,,,,,,,,,,,
,,,,,,,,,,,,,,,,,107,4,2024-09-05_15h33.34.906,Symbol-E,2020.1.3,MacIntel,Safari,"Mozilla/5.0 (Macintosh; Intel Mac OS X 10_15_7) AppleWebKit/605.1.15 (KHTML, like Gecko) Version/17.6 Safari/605.1.15",60,,,,,,,,,,,,,,,,,,,,,,,,,,,,,,,,,,,,,,,,,,,,,,,,,,,,,,,,,,,,,,,,,,,,,,,,,,,,,,,,,,,,,,,,,,,,,,,,,,,,,,,,,,,,,,,,,,,,,,,,,,,,,,,,,,,,,,,,,,,,,,,,,57,0,57,0,1,,,,,,,,,,,,,,,,,,
,,,,,,,,,,,,,,,,,107,4,2024-09-05_15h33.34.906,Symbol-E,2020.1.3,MacIntel,Safari,"Mozilla/5.0 (Macintosh; Intel Mac OS X 10_15_7) AppleWebKit/605.1.15 (KHTML, like Gecko) Version/17.6 Safari/605.1.15",60,,,,,,,,,,,,,,,,,,,,,,,,,,,,,,,,,,,,media/dinb.png,3,3,Symb,f,TR,0,0,1,0,8,0,58,0,1,3,0.056012427,h,1.337,4,0,,,,,,,,,,,,,,,,,,,,,,,,,,,,,,,,,,,,,,,,,,,,,,,,,,,,,,,,,,,,,,,,,,,,,,,,,,,,,,,,,,h,0,,,,,,,,,,,1.337,0,0,0,0,1,,,,,,,,,,,,
,,,,,,,,,,,,,,,,,107,4,2024-09-05_15h33.34.906,Symbol-E,2020.1.3,MacIntel,Safari,"Mozilla/5.0 (Macintosh; Intel Mac OS X 10_15_7) AppleWebKit/605.1.15 (KHTML, like Gecko) Version/17.6 Safari/605.1.15",60,,,,,,,,,,,,,,,,,,,,,,,,,,,,,,,,,,,,,,,,,,,,,,,,,,,,,,,,,,,,,,,,,,,,,,,,,,,,,,,,,,,,,,,,,,,,,,,,,,,,,,,,,,,,,,,,,,,,,,,,,,,,,,,,,,,,,,,,,,,,,,,,,58,0,58,0,1,,,,,,,,,,,,,,,,,,
,,,,,,,,,,,,,,,,,107,4,2024-09-05_15h33.34.906,Symbol-E,2020.1.3,MacIntel,Safari,"Mozilla/5.0 (Macintosh; Intel Mac OS X 10_15_7) AppleWebKit/605.1.15 (KHTML, like Gecko) Version/17.6 Safari/605.1.15",60,,,,,,,,,,,,,,,,,,,,,,,,,,,,,,,,,,,,media/dmnb.png,2,2,Symb,e,TR,0,0,1,0,8,0,59,0,1,3,0.632876832,e,1.384,2,1,,,,,,,,,,,,,,,,,,,,,,,,,,,,,,,,,,,,,,,,,,,,,,,,,,,,,,,,,,,,,,,,,,,,,,,,,,,,,,,,,,e,1,,,,,,,,,,,1.384,0,0,0,0,1,,,,,,,,,,,,
,,,,,,,,,,,,,,,,,107,4,2024-09-05_15h33.34.906,Symbol-E,2020.1.3,MacIntel,Safari,"Mozilla/5.0 (Macintosh; Intel Mac OS X 10_15_7) AppleWebKit/605.1.15 (KHTML, like Gecko) Version/17.6 Safari/605.1.15",60,,,,,,,,,,,,,,,,,,,,,,,,,,,,,,,,,,,,,,,,,,,,,,,,,,,,,,,,,,,,,,,,,,,,,,,,,,,,,,,,,,,,,,,,,,,,,,,,,,,,,,,,,,,,,,,,,,,,,,,,,,,,,,,,,,,,,,,,,,,,,,,,,59,0,59,0,1,,,,,,,,,,,,,,,,,,
,,,,,,,,,,,,,,,,,107,4,2024-09-05_15h33.34.906,Symbol-E,2020.1.3,MacIntel,Safari,"Mozilla/5.0 (Macintosh; Intel Mac OS X 10_15_7) AppleWebKit/605.1.15 (KHTML, like Gecko) Version/17.6 Safari/605.1.15",60,,,,,,,,,,,,,,,,,,,,,,,,,,,,,,,,,,,,media/dfnb.png,1,1,Symb,w,TR,0,0,1,0,8,0,60,0,1,3,0.787329405,l,1.21,7,0,,,,,,,,,,,,,,,,,,,,,,,,,,,,,,,,,,,,,,,,,,,,,,,,,,,,,,,,,,,,,,,,,,,,,,,,,,,,,,,,,,l,0,,,,,,,,,,,1.21,0,0,0,0,1,,,,,,,,,,,,
,,,,,,,,,,,,,,,,,107,4,2024-09-05_15h33.34.906,Symbol-E,2020.1.3,MacIntel,Safari,"Mozilla/5.0 (Macintosh; Intel Mac OS X 10_15_7) AppleWebKit/605.1.15 (KHTML, like Gecko) Version/17.6 Safari/605.1.15",60,,,,,,,,,,,,,,,,,,,,,,,,,,,,,,,,,,,,,,,,,,,,,,,,,,,,,,,,,,,,,,,,,,,,,,,,,,,,,,,,,,,,,,,,,,,,,,,,,,,,,,,,,,,,,,,,,,,,,,,,,,,,,,,,,,,,,,,,,,,,,,,,,60,0,60,0,1,,,,,,,,,,,,,,,,,,
,,,,,,,,,,,,,,,,,107,4,2024-09-05_15h33.34.906,Symbol-E,2020.1.3,MacIntel,Safari,"Mozilla/5.0 (Macintosh; Intel Mac OS X 10_15_7) AppleWebKit/605.1.15 (KHTML, like Gecko) Version/17.6 Safari/605.1.15",60,,,,,,,,,,,,,,,,,,,,,,,,,,,,,,,,,,,,media/dcnb.png,0,0,Symb,a,TR,0,0,1,0,8,0,61,0,1,3,0.248669605,w,1.301,1,0,,,,,,,,,,,,,,,,,,,,,,,,,,,,,,,,,,,,,,,,,,,,,,,,,,,,,,,,,,,,,,,,,,,,,,,,,,,,,,,,,,w,0,,,,,,,,,,,1.301,0,0,0,0,1,,,,,,,,,,,,
,,,,,,,,,,,,,,,,,107,4,2024-09-05_15h33.34.906,Symbol-E,2020.1.3,MacIntel,Safari,"Mozilla/5.0 (Macintosh; Intel Mac OS X 10_15_7) AppleWebKit/605.1.15 (KHTML, like Gecko) Version/17.6 Safari/605.1.15",60,,,,,,,,,,,,,,,,,,,,,,,,,,,,,,,,,,,,,,,,,,,,,,,,,,,,,,,,,,,,,,,,,,,,,,,,,,,,,,,,,,,,,,,,,,,,,,,,,,,,,,,,,,,,,,,,,,,,,,,,,,,,,,,,,,,,,,,,,,,,,,,,,61,0,61,0,1,,,,,,,,,,,,,,,,,,
,,,,,,,,,,,,,,,,,107,4,2024-09-05_15h33.34.906,Symbol-E,2020.1.3,MacIntel,Safari,"Mozilla/5.0 (Macintosh; Intel Mac OS X 10_15_7) AppleWebKit/605.1.15 (KHTML, like Gecko) Version/17.6 Safari/605.1.15",60,,,,,,,,,,,,,,,,,,,,,,,,,,,,,,,,,,,,media/dgnb.png,5,1,Symb,u,TR,0,0,1,0,8,0,62,0,1,3,0.862961662,i,1.321,6,0,,,,,,,,,,,,,,,,,,,,,,,,,,,,,,,,,,,,,,,,,,,,,,,,,,,,,,,,,,,,,,,,,,,,,,,,,,,,,,,,,,i,0,,,,,,,,,,,1.321,0,0,0,0,1,,,,,,,,,,,,
,,,,,,,,,,,,,,,,,107,4,2024-09-05_15h33.34.906,Symbol-E,2020.1.3,MacIntel,Safari,"Mozilla/5.0 (Macintosh; Intel Mac OS X 10_15_7) AppleWebKit/605.1.15 (KHTML, like Gecko) Version/17.6 Safari/605.1.15",60,,,,,,,,,,,,,,,,,,,,,,,,,,,,,,,,,,,,,,,,,,,,,,,,,,,,,,,,,,,,,,,,,,,,,,,,,,,,,,,,,,,,,,,,,,,,,,,,,,,,,,,,,,,,,,,,,,,,,,,,,,,,,,,,,,,,,,,,,,,,,,,,,62,0,62,0,1,,,,,,,,,,,,,,,,,,
,,,,,,,,,,,,,,,,,107,4,2024-09-05_15h33.34.906,Symbol-E,2020.1.3,MacIntel,Safari,"Mozilla/5.0 (Macintosh; Intel Mac OS X 10_15_7) AppleWebKit/605.1.15 (KHTML, like Gecko) Version/17.6 Safari/605.1.15",60,,,,,,,,,,,,,,,,,,,,,,,,,,,,,,,,,,,,media/ddnb.png,4,0,Symb,h,TR,0,0,1,0,8,0,63,0,1,3,0.451790255,h,1.425,4,1,,,,,,,,,,,,,,,,,,,,,,,,,,,,,,,,,,,,,,,,,,,,,,,,,,,,,,,,,,,,,,,,,,,,,,,,,,,,,,,,,,h,1,,,,,,,,,,,1.425,0,0,0,0,1,,,,,,,,,,,,
,,,,,,,,,,,,,,,,,107,4,2024-09-05_15h33.34.906,Symbol-E,2020.1.3,MacIntel,Safari,"Mozilla/5.0 (Macintosh; Intel Mac OS X 10_15_7) AppleWebKit/605.1.15 (KHTML, like Gecko) Version/17.6 Safari/605.1.15",60,,,,,,,,,,,,,,,,,,,,,,,,,,,,,,,,,,,,,,,,,,,,,,,,,,,,,,,,,,,,,,,,,,,,,,,,,,,,,,,,,,,,,,,,,,,,,,,,,,,,,,,,,,,,,,,,,,,,,,,,,,,,,,,,,,,,,,,,,,,,,,,,,63,0,63,0,1,,,,,,,,,,,,,,,,,,
,,,,,,,,,,,,,,,,,107,4,2024-09-05_15h33.34.906,Symbol-E,2020.1.3,MacIntel,Safari,"Mozilla/5.0 (Macintosh; Intel Mac OS X 10_15_7) AppleWebKit/605.1.15 (KHTML, like Gecko) Version/17.6 Safari/605.1.15",60,,,,,,,,,,,,,,,,,,,,,,,,,,,,,,,,,,,,media/dnnb.png,6,2,Symb,i,TR,0,0,1,0,8,0,64,0,1,3,1.135946925,i,1.272,6,1,,,,,,,,,,,,,,,,,,,,,,,,,,,,,,,,,,,,,,,,,,,,,,,,,,,,,,,,,,,,,,,,,,,,,,,,,,,,,,,,,,i,1,,,,,,,,,,,1.272,0,0,0,0,1,,,,,,,,,,,,
,,,,,,,,,,,,,,,,,107,4,2024-09-05_15h33.34.906,Symbol-E,2020.1.3,MacIntel,Safari,"Mozilla/5.0 (Macintosh; Intel Mac OS X 10_15_7) AppleWebKit/605.1.15 (KHTML, like Gecko) Version/17.6 Safari/605.1.15",60,,,,,,,,,,,,,,,,,,,,,,,,,,,,,,,,,,,,,,,,,,,,,,,,,,,,,,,,,,,,,,,,,,,,,,,,,,,,,,,,,,,,,,,,,,,,,,,,,,,,,,,,,,,,,,,,,,,,,,,,,,,,,,,,,,,,,,,,,,,,,,,,,64,0,64,0,1,,,,,,,,,,,,,,,,,,
,,,,,,,,,,,,,,,,,107,4,2024-09-05_15h33.34.906,Symbol-E,2020.1.3,MacIntel,Safari,"Mozilla/5.0 (Macintosh; Intel Mac OS X 10_15_7) AppleWebKit/605.1.15 (KHTML, like Gecko) Version/17.6 Safari/605.1.15",60,,,,,,,,,,,,,,,,,,,,,,,,,,,,,,,,,,,,media/ddnb.png,4,0,Symb,h,TR,0,0,1,0,8,0,65,0,1,3,1.131186643,h,1.326,4,1,,,,,,,,,,,,,,,,,,,,,,,,,,,,,,,,,,,,,,,,,,,,,,,,,,,,,,,,,,,,,,,,,,,,,,,,,,,,,,,,,,h,1,,,,,,,,,,,1.326,0,0,0,0,1,,,,,,,,,,,,
,,,,,,,,,,,,,,,,,107,4,2024-09-05_15h33.34.906,Symbol-E,2020.1.3,MacIntel,Safari,"Mozilla/5.0 (Macintosh; Intel Mac OS X 10_15_7) AppleWebKit/605.1.15 (KHTML, like Gecko) Version/17.6 Safari/605.1.15",60,,,,,,,,,,,,,,,,,,,,,,,,,,,,,,,,,,,,,,,,,,,,,,,,,,,,,,,,,,,,,,,,,,,,,,,,,,,,,,,,,,,,,,,,,,,,,,,,,,,,,,,,,,,,,,,,,,,,,,,,,,,,,,,,,,,,,,,,,,,,,,,,,65,0,65,0,1,,,,,,,,,,,,,,,,,,
,,,,,,,,,,,,,,,,,107,4,2024-09-05_15h33.34.906,Symbol-E,2020.1.3,MacIntel,Safari,"Mozilla/5.0 (Macintosh; Intel Mac OS X 10_15_7) AppleWebKit/605.1.15 (KHTML, like Gecko) Version/17.6 Safari/605.1.15",60,,,,,,,,,,,,,,,,,,,,,,,,,,,,,,,,,,,,media/dgnb.png,5,1,Symb,u,TR,0,0,1,0,8,0,66,0,1,3,0.153527362,e,1.278,2,0,,,,,,,,,,,,,,,,,,,,,,,,,,,,,,,,,,,,,,,,,,,,,,,,,,,,,,,,,,,,,,,,,,,,,,,,,,,,,,,,,,e,0,,,,,,,,,,,1.278,0,0,0,0,1,,,,,,,,,,,,
,,,,,,,,,,,,,,,,,107,4,2024-09-05_15h33.34.906,Symbol-E,2020.1.3,MacIntel,Safari,"Mozilla/5.0 (Macintosh; Intel Mac OS X 10_15_7) AppleWebKit/605.1.15 (KHTML, like Gecko) Version/17.6 Safari/605.1.15",60,,,,,,,,,,,,,,,,,,,,,,,,,,,,,,,,,,,,,,,,,,,,,,,,,,,,,,,,,,,,,,,,,,,,,,,,,,,,,,,,,,,,,,,,,,,,,,,,,,,,,,,,,,,,,,,,,,,,,,,,,,,,,,,,,,,,,,,,,,,,,,,,,66,0,66,0,1,,,,,,,,,,,,,,,,,,
,,,,,,,,,,,,,,,,,107,4,2024-09-05_15h33.34.906,Symbol-E,2020.1.3,MacIntel,Safari,"Mozilla/5.0 (Macintosh; Intel Mac OS X 10_15_7) AppleWebKit/605.1.15 (KHTML, like Gecko) Version/17.6 Safari/605.1.15",60,,,,,,,,,,,,,,,,,,,,,,,,,,,,,,,,,,,,media/dcnb.png,0,0,Symb,a,TR,0,0,1,0,8,0,67,0,1,3,0.193737036,f,1.341,3,0,,,,,,,,,,,,,,,,,,,,,,,,,,,,,,,,,,,,,,,,,,,,,,,,,,,,,,,,,,,,,,,,,,,,,,,,,,,,,,,,,,f,0,,,,,,,,,,,1.341,0,0,0,0,1,,,,,,,,,,,,
,,,,,,,,,,,,,,,,,107,4,2024-09-05_15h33.34.906,Symbol-E,2020.1.3,MacIntel,Safari,"Mozilla/5.0 (Macintosh; Intel Mac OS X 10_15_7) AppleWebKit/605.1.15 (KHTML, like Gecko) Version/17.6 Safari/605.1.15",60,,,,,,,,,,,,,,,,,,,,,,,,,,,,,,,,,,,,,,,,,,,,,,,,,,,,,,,,,,,,,,,,,,,,,,,,,,,,,,,,,,,,,,,,,,,,,,,,,,,,,,,,,,,,,,,,,,,,,,,,,,,,,,,,,,,,,,,,,,,,,,,,,67,0,67,0,1,,,,,,,,,,,,,,,,,,
,,,,,,,,,,,,,,,,,107,4,2024-09-05_15h33.34.906,Symbol-E,2020.1.3,MacIntel,Safari,"Mozilla/5.0 (Macintosh; Intel Mac OS X 10_15_7) AppleWebKit/605.1.15 (KHTML, like Gecko) Version/17.6 Safari/605.1.15",60,,,,,,,,,,,,,,,,,,,,,,,,,,,,,,,,,,,,media/djnb.png,7,3,Symb,l,TR,0,0,1,0,8,0,68,0,1,3,0.148099304,e,1.317,2,0,,,,,,,,,,,,,,,,,,,,,,,,,,,,,,,,,,,,,,,,,,,,,,,,,,,,,,,,,,,,,,,,,,,,,,,,,,,,,,,,,,e,0,,,,,,,,,,,1.317,0,0,0,0,1,,,,,,,,,,,,
,,,,,,,,,,,,,,,,,107,4,2024-09-05_15h33.34.906,Symbol-E,2020.1.3,MacIntel,Safari,"Mozilla/5.0 (Macintosh; Intel Mac OS X 10_15_7) AppleWebKit/605.1.15 (KHTML, like Gecko) Version/17.6 Safari/605.1.15",60,,,,,,,,,,,,,,,,,,,,,,,,,,,,,,,,,,,,,,,,,,,,,,,,,,,,,,,,,,,,,,,,,,,,,,,,,,,,,,,,,,,,,,,,,,,,,,,,,,,,,,,,,,,,,,,,,,,,,,,,,,,,,,,,,,,,,,,,,,,,,,,,,68,0,68,0,1,,,,,,,,,,,,,,,,,,
,,,,,,,,,,,,,,,,,107,4,2024-09-05_15h33.34.906,Symbol-E,2020.1.3,MacIntel,Safari,"Mozilla/5.0 (Macintosh; Intel Mac OS X 10_15_7) AppleWebKit/605.1.15 (KHTML, like Gecko) Version/17.6 Safari/605.1.15",60,,,,,,,,,,,,,,,,,,,,,,,,,,,,,,,,,,,,media/dcnb.png,0,0,Symb,a,TR,0,0,1,0,8,0,69,0,1,3,0.741680868,w,1.323,1,0,,,,,,,,,,,,,,,,,,,,,,,,,,,,,,,,,,,,,,,,,,,,,,,,,,,,,,,,,,,,,,,,,,,,,,,,,,,,,,,,,,w,0,,,,,,,,,,,1.323,0,0,0,0,1,,,,,,,,,,,,
,,,,,,,,,,,,,,,,,107,4,2024-09-05_15h33.34.906,Symbol-E,2020.1.3,MacIntel,Safari,"Mozilla/5.0 (Macintosh; Intel Mac OS X 10_15_7) AppleWebKit/605.1.15 (KHTML, like Gecko) Version/17.6 Safari/605.1.15",60,,,,,,,,,,,,,,,,,,,,,,,,,,,,,,,,,,,,,,,,,,,,,,,,,,,,,,,,,,,,,,,,,,,,,,,,,,,,,,,,,,,,,,,,,,,,,,,,,,,,,,,,,,,,,,,,,,,,,,,,,,,,,,,,,,,,,,,,,,,,,,,,,69,0,69,0,1,,,,,,,,,,,,,,,,,,
,,,,,,,,,,,,,,,,,107,4,2024-09-05_15h33.34.906,Symbol-E,2020.1.3,MacIntel,Safari,"Mozilla/5.0 (Macintosh; Intel Mac OS X 10_15_7) AppleWebKit/605.1.15 (KHTML, like Gecko) Version/17.6 Safari/605.1.15",60,,,,,,,,,,,,,,,,,,,,,,,,,,,,,,,,,,,,media/dinb.png,3,3,Symb,f,TR,0,0,1,0,8,0,70,0,1,3,0.392438972,u,1.388,5,0,,,,,,,,,,,,,,,,,,,,,,,,,,,,,,,,,,,,,,,,,,,,,,,,,,,,,,,,,,,,,,,,,,,,,,,,,,,,,,,,,,u,0,,,,,,,,,,,1.388,0,0,0,0,1,,,,,,,,,,,,
,,,,,,,,,,,,,,,,,107,4,2024-09-05_15h33.34.906,Symbol-E,2020.1.3,MacIntel,Safari,"Mozilla/5.0 (Macintosh; Intel Mac OS X 10_15_7) AppleWebKit/605.1.15 (KHTML, like Gecko) Version/17.6 Safari/605.1.15",60,,,,,,,,,,,,,,,,,,,,,,,,,,,,,,,,,,,,,,,,,,,,,,,,,,,,,,,,,,,,,,,,,,,,,,,,,,,,,,,,,,,,,,,,,,,,,,,,,,,,,,,,,,,,,,,,,,,,,,,,,,,,,,,,,,,,,,,,,,,,,,,,,70,0,70,0,1,,,,,,,,,,,,,,,,,,
,,,,,,,,,,,,,,,,,107,4,2024-09-05_15h33.34.906,Symbol-E,2020.1.3,MacIntel,Safari,"Mozilla/5.0 (Macintosh; Intel Mac OS X 10_15_7) AppleWebKit/605.1.15 (KHTML, like Gecko) Version/17.6 Safari/605.1.15",60,,,,,,,,,,,,,,,,,,,,,,,,,,,,,,,,,,,,media/djnb.png,7,3,Symb,l,TR,0,0,1,0,8,0,71,0,1,3,0.006050448,i,1.361,6,0,,,,,,,,,,,,,,,,,,,,,,,,,,,,,,,,,,,,,,,,,,,,,,,,,,,,,,,,,,,,,,,,,,,,,,,,,,,,,,,,,,i,0,,,,,,,,,,,1.361,0,0,0,0,1,,,,,,,,,,,,
,,,,,,,,,,,,,,,,,107,4,2024-09-05_15h33.34.906,Symbol-E,2020.1.3,MacIntel,Safari,"Mozilla/5.0 (Macintosh; Intel Mac OS X 10_15_7) AppleWebKit/605.1.15 (KHTML, like Gecko) Version/17.6 Safari/605.1.15",60,,,,,,,,,,,,,,,,,,,,,,,,,,,,,,,,,,,,,,,,,,,,,,,,,,,,,,,,,,,,,,,,,,,,,,,,,,,,,,,,,,,,,,,,,,,,,,,,,,,,,,,,,,,,,,,,,,,,,,,,,,,,,,,,,,,,,,,,,,,,,,,,,71,0,71,0,1,,,,,,,,,,,,,,,,,,
,,,,,,,,,,,,,,,,,107,4,2024-09-05_15h33.34.906,Symbol-E,2020.1.3,MacIntel,Safari,"Mozilla/5.0 (Macintosh; Intel Mac OS X 10_15_7) AppleWebKit/605.1.15 (KHTML, like Gecko) Version/17.6 Safari/605.1.15",60,,,,,,,,,,,,,,,,,,,,,,,,,,,,,,,,,,,,media/dfnb.png,1,1,Symb,w,TR,0,0,1,0,8,0,72,0,1,3,0.951866706,i,1.361,6,0,,,,,,,,,,,,,,,,,,,,,,,,,,,,,,,,,,,,,,,,,,,,,,,,,,,,,,,,,,,,,,,,,,,,,,,,,,,,,,,,,,i,0,,,,,,,,,,,1.361,0,0,0,0,1,,,,,,,,,,,,
,,,,,,,,,,,,,,,,,107,4,2024-09-05_15h33.34.906,Symbol-E,2020.1.3,MacIntel,Safari,"Mozilla/5.0 (Macintosh; Intel Mac OS X 10_15_7) AppleWebKit/605.1.15 (KHTML, like Gecko) Version/17.6 Safari/605.1.15",60,,,,,,,,,,,,,,,,,,,,,,,,,,,,,,,,,,,,,,,,,,,,,,,,,,,,,,,,,,,,,,,,,,,,,,,,,,,,,,,,,,,,,,,,,,,,,,,,,,,,,,,,,,,,,,,,,,,,,,,,,,,,,,,,,,,,,,,,,,,,,,,,,72,0,72,0,1,,,,,,,,,,,,,,,,,,
,,,,,,,,,,,,,,,,,107,4,2024-09-05_15h33.34.906,Symbol-E,2020.1.3,MacIntel,Safari,"Mozilla/5.0 (Macintosh; Intel Mac OS X 10_15_7) AppleWebKit/605.1.15 (KHTML, like Gecko) Version/17.6 Safari/605.1.15",60,,,,,,,,,,,,,,,,,,,,,,,,,,,,,,,,,,,,media/ddnb.png,4,0,Symb,h,TR,0,0,1,0,8,0,73,0,1,3,0.365067925,w,1.404,1,0,,,,,,,,,,,,,,,,,,,,,,,,,,,,,,,,,,,,,,,,,,,,,,,,,,,,,,,,,,,,,,,,,,,,,,,,,,,,,,,,,,w,0,,,,,,,,,,,1.404,0,0,0,0,1,,,,,,,,,,,,
,,,,,,,,,,,,,,,,,107,4,2024-09-05_15h33.34.906,Symbol-E,2020.1.3,MacIntel,Safari,"Mozilla/5.0 (Macintosh; Intel Mac OS X 10_15_7) AppleWebKit/605.1.15 (KHTML, like Gecko) Version/17.6 Safari/605.1.15",60,,,,,,,,,,,,,,,,,,,,,,,,,,,,,,,,,,,,,,,,,,,,,,,,,,,,,,,,,,,,,,,,,,,,,,,,,,,,,,,,,,,,,,,,,,,,,,,,,,,,,,,,,,,,,,,,,,,,,,,,,,,,,,,,,,,,,,,,,,,,,,,,,73,0,73,0,1,,,,,,,,,,,,,,,,,,
,,,,,,,,,,,,,,,,,107,4,2024-09-05_15h33.34.906,Symbol-E,2020.1.3,MacIntel,Safari,"Mozilla/5.0 (Macintosh; Intel Mac OS X 10_15_7) AppleWebKit/605.1.15 (KHTML, like Gecko) Version/17.6 Safari/605.1.15",60,,,,,,,,,,,,,,,,,,,,,,,,,,,,,,,,,,,,media/dmnb.png,2,2,Symb,e,TR,0,0,1,0,8,0,74,0,1,3,0.285303516,a,99,8,0,,,,,,,,,,,,,,,,,,,,,,,,,,,,,,,h,0.045,,,,,,,,,,,,,,,,,,,,,,,,,,,,,,,,,,,,,,,,,,,,,,,,,,,0,0,0,0,0,1,,,,,,,,,,,,,,,,,,,,,,,
,,,,,,,,,,,,,,,,,107,4,2024-09-05_15h33.34.906,Symbol-E,2020.1.3,MacIntel,Safari,"Mozilla/5.0 (Macintosh; Intel Mac OS X 10_15_7) AppleWebKit/605.1.15 (KHTML, like Gecko) Version/17.6 Safari/605.1.15",60,,,,,,,,,,,,,,,,,,,,,,,,,,,,,,,,,,,,,,,,,,,,,,,,,,,,,,,,,,,,,,,,,,,,,,,,,,,,,,,,,,,,,,,,,,,,,,,,,,,,,,,,,,,,,,,,,,,,,,,,,,,,,,,,,,,,,,,,,,,,,,,,,74,0,74,0,1,,,,,,,,,,,,,,,,,,
,,,,,,,,,,,,,,,,,107,4,2024-09-05_15h33.34.906,Symbol-E,2020.1.3,MacIntel,Safari,"Mozilla/5.0 (Macintosh; Intel Mac OS X 10_15_7) AppleWebKit/605.1.15 (KHTML, like Gecko) Version/17.6 Safari/605.1.15",60,,,,,,,,,,,,,,,,,,,,,,,,,,,,,,,,,,,,media/dinb.png,3,3,Symb,f,TR,0,0,1,0,8,0,75,0,1,3,0.59200367,e,1.435,2,0,,,,,,,,,,,,,,,,,,,,,,,,,,,,,,,,,,,,,,,,,,,,,,,,,,,,,,,,,,,,,,,,,,,,,,,,,,,,,,,,,,e,0,,,,,,,,,,,1.435,0,0,0,0,1,,,,,,,,,,,,
,,,,,,,,,,,,,,,,,107,4,2024-09-05_15h33.34.906,Symbol-E,2020.1.3,MacIntel,Safari,"Mozilla/5.0 (Macintosh; Intel Mac OS X 10_15_7) AppleWebKit/605.1.15 (KHTML, like Gecko) Version/17.6 Safari/605.1.15",60,,,,,,,,,,,,,,,,,,,,,,,,,,,,,,,,,,,,,,,,,,,,,,,,,,,,,,,,,,,,,,,,,,,,,,,,,,,,,,,,,,,,,,,,,,,,,,,,,,,,,,,,,,,,,,,,,,,,,,,,,,,,,,,,,,,,,,,,,,,,,,,,,75,0,75,0,1,,,,,,,,,,,,,,,,,,
,,,,,,,,,,,,,,,,,107,4,2024-09-05_15h33.34.906,Symbol-E,2020.1.3,MacIntel,Safari,"Mozilla/5.0 (Macintosh; Intel Mac OS X 10_15_7) AppleWebKit/605.1.15 (KHTML, like Gecko) Version/17.6 Safari/605.1.15",60,,,,,,,,,,,,,,,,,,,,,,,,,,,,,,,,,,,,media/dfnb.png,1,1,Symb,w,TR,0,0,1,0,8,0,76,0,1,3,0.576561211,w,1.372,1,1,,,,,,,,,,,,,,,,,,,,,,,,,,,,,,,,,,,,,,,,,,,,,,,,,,,,,,,,,,,,,,,,,,,,,,,,,,,,,,,,,,w,1,,,,,,,,,,,1.372,0,0,0,0,1,,,,,,,,,,,,
,,,,,,,,,,,,,,,,,107,4,2024-09-05_15h33.34.906,Symbol-E,2020.1.3,MacIntel,Safari,"Mozilla/5.0 (Macintosh; Intel Mac OS X 10_15_7) AppleWebKit/605.1.15 (KHTML, like Gecko) Version/17.6 Safari/605.1.15",60,,,,,,,,,,,,,,,,,,,,,,,,,,,,,,,,,,,,,,,,,,,,,,,,,,,,,,,,,,,,,,,,,,,,,,,,,,,,,,,,,,,,,,,,,,,,,,,,,,,,,,,,,,,,,,,,,,,,,,,,,,,,,,,,,,,,,,,,,,,,,,,,,76,0,76,0,1,,,,,,,,,,,,,,,,,,
,,,,,,,,,,,,,,,,,107,4,2024-09-05_15h33.34.906,Symbol-E,2020.1.3,MacIntel,Safari,"Mozilla/5.0 (Macintosh; Intel Mac OS X 10_15_7) AppleWebKit/605.1.15 (KHTML, like Gecko) Version/17.6 Safari/605.1.15",60,,,,,,,,,,,,,,,,,,,,,,,,,,,,,,,,,,,,media/dgnb.png,5,1,Symb,u,TR,0,0,1,0,8,0,77,0,1,3,0.748414948,i,1.309,6,0,,,,,,,,,,,,,,,,,,,,,,,,,,,,,,,,,,,,,,,,,,,,,,,,,,,,,,,,,,,,,,,,,,,,,,,,,,,,,,,,,,i,0,,,,,,,,,,,1.309,0,0,0,0,1,,,,,,,,,,,,
,,,,,,,,,,,,,,,,,107,4,2024-09-05_15h33.34.906,Symbol-E,2020.1.3,MacIntel,Safari,"Mozilla/5.0 (Macintosh; Intel Mac OS X 10_15_7) AppleWebKit/605.1.15 (KHTML, like Gecko) Version/17.6 Safari/605.1.15",60,,,,,,,,,,,,,,,,,,,,,,,,,,,,,,,,,,,,,,,,,,,,,,,,,,,,,,,,,,,,,,,,,,,,,,,,,,,,,,,,,,,,,,,,,,,,,,,,,,,,,,,,,,,,,,,,,,,,,,,,,,,,,,,,,,,,,,,,,,,,,,,,,77,0,77,0,1,,,,,,,,,,,,,,,,,,
,,,,,,,,,,,,,,,,,107,4,2024-09-05_15h33.34.906,Symbol-E,2020.1.3,MacIntel,Safari,"Mozilla/5.0 (Macintosh; Intel Mac OS X 10_15_7) AppleWebKit/605.1.15 (KHTML, like Gecko) Version/17.6 Safari/605.1.15",60,,,,,,,,,,,,,,,,,,,,,,,,,,,,,,,,,,,,media/dmnb.png,2,2,Symb,e,TR,0,0,1,0,8,0,78,0,1,3,1.087935371,e,1.32,2,1,,,,,,,,,,,,,,,,,,,,,,,,,,,,,,,,,,,,,,,,,,,,,,,,,,,,,,,,,,,,,,,,,,,,,,,,,,,,,,,,,,e,1,,,,,,,,,,,1.32,0,0,0,0,1,,,,,,,,,,,,
,,,,,,,,,,,,,,,,,107,4,2024-09-05_15h33.34.906,Symbol-E,2020.1.3,MacIntel,Safari,"Mozilla/5.0 (Macintosh; Intel Mac OS X 10_15_7) AppleWebKit/605.1.15 (KHTML, like Gecko) Version/17.6 Safari/605.1.15",60,,,,,,,,,,,,,,,,,,,,,,,,,,,,,,,,,,,,,,,,,,,,,,,,,,,,,,,,,,,,,,,,,,,,,,,,,,,,,,,,,,,,,,,,,,,,,,,,,,,,,,,,,,,,,,,,,,,,,,,,,,,,,,,,,,,,,,,,,,,,,,,,,78,0,78,0,1,,,,,,,,,,,,,,,,,,
,,,,,,,,,,,,,,,,,107,4,2024-09-05_15h33.34.906,Symbol-E,2020.1.3,MacIntel,Safari,"Mozilla/5.0 (Macintosh; Intel Mac OS X 10_15_7) AppleWebKit/605.1.15 (KHTML, like Gecko) Version/17.6 Safari/605.1.15",60,,,,,,,,,,,,,,,,,,,,,,,,,,,,,,,,,,,,media/dnnb.png,6,2,Symb,i,TR,0,0,1,0,8,0,79,0,1,3,0.009221205,f,1.375,3,0,,,,,,,,,,,,,,,,,,,,,,,,,,,,,,,,,,,,,,,,,,,,,,,,,,,,,,,,,,,,,,,,,,,,,,,,,,,,,,,,,,f,0,,,,,,,,,,,1.375,0,0,0,0,1,,,,,,,,,,,,
,,,,,,,,,,,,,,,,,107,4,2024-09-05_15h33.34.906,Symbol-E,2020.1.3,MacIntel,Safari,"Mozilla/5.0 (Macintosh; Intel Mac OS X 10_15_7) AppleWebKit/605.1.15 (KHTML, like Gecko) Version/17.6 Safari/605.1.15",60,,,,,,,,,,,,,,,,,,,,,,,,,,,,,,,,,,,,,,,,,,,,,,,,,,,,,,,,,,,,,,,,,,,,,,,,,,,,,,,,,,,,,,,,,,,,,,,,,,,,,,,,,,,,,,,,,,,,,,,,,,,,,,,,,,,,,,,,,,,,,,,,,79,0,79,0,1,,,,,,,,,,,,,,,,,,
,,,,,,,,,,,,,,,,,107,4,2024-09-05_15h33.34.906,Symbol-E,2020.1.3,MacIntel,Safari,"Mozilla/5.0 (Macintosh; Intel Mac OS X 10_15_7) AppleWebKit/605.1.15 (KHTML, like Gecko) Version/17.6 Safari/605.1.15",60,,,,,,,,,,,,,,,,,,,,,,,,,,,,,,,,,,,,media/djnb.png,7,3,Symb,l,TR,0,0,1,0,8,0,80,0,1,3,0.747093617,l,1.375,7,1,,,,,,,,,,,,,,,,,,,,,,,,,,,,,,,,,,,,,,,,,,,,,,,,,,,,,,,,,,,,,,,,,,,,,,,,,,,,,,,,,,l,1,,,,,,,,,,,1.375,0,0,0,0,1,,,,,,,,,,,,
,,,,,,,,,,,,,,,,,107,4,2024-09-05_15h33.34.906,Symbol-E,2020.1.3,MacIntel,Safari,"Mozilla/5.0 (Macintosh; Intel Mac OS X 10_15_7) AppleWebKit/605.1.15 (KHTML, like Gecko) Version/17.6 Safari/605.1.15",60,,,,,,,,,,,,,,,,,,,,,,,,,,,,,,,,,,,,,,,,,,,,,,,,,,,,,,,,,,,,,,,,,,,,,,,,,,,,,,,,,,,,,,,,,,,,,,,,,,,,,,,,,,,,,,,,,,,,,,,,,,,,,,,,,,,,,,,,,,,,,,,,,80,0,80,0,1,,,,,,,,,,,,,,,,,,
,,,,,,,,,,,,,,,,,107,4,2024-09-05_15h33.34.906,Symbol-E,2020.1.3,MacIntel,Safari,"Mozilla/5.0 (Macintosh; Intel Mac OS X 10_15_7) AppleWebKit/605.1.15 (KHTML, like Gecko) Version/17.6 Safari/605.1.15",60,,,,,,,,,,,,,,,,,,,,,,,,,,,,,,,,,,,,media/dfnb.png,1,1,Symb,w,TR,0,0,1,0,8,0,81,0,1,3,0.472632783,w,1.438,1,1,,,,,,,,,,,,,,,,,,,,,,,,,,,,,,,,,,,,,,,,,,,,,,,,,,,,,,,,,,,,,,,,,,,,,,,,,,,,,,,,,,w,1,,,,,,,,,,,1.438,0,0,0,0,1,,,,,,,,,,,,
,,,,,,,,,,,,,,,,,107,4,2024-09-05_15h33.34.906,Symbol-E,2020.1.3,MacIntel,Safari,"Mozilla/5.0 (Macintosh; Intel Mac OS X 10_15_7) AppleWebKit/605.1.15 (KHTML, like Gecko) Version/17.6 Safari/605.1.15",60,,,,,,,,,,,,,,,,,,,,,,,,,,,,,,,,,,,,,,,,,,,,,,,,,,,,,,,,,,,,,,,,,,,,,,,,,,,,,,,,,,,,,,,,,,,,,,,,,,,,,,,,,,,,,,,,,,,,,,,,,,,,,,,,,,,,,,,,,,,,,,,,,81,0,81,0,1,,,,,,,,,,,,,,,,,,
,,,,,,,,,,,,,,,,,107,4,2024-09-05_15h33.34.906,Symbol-E,2020.1.3,MacIntel,Safari,"Mozilla/5.0 (Macintosh; Intel Mac OS X 10_15_7) AppleWebKit/605.1.15 (KHTML, like Gecko) Version/17.6 Safari/605.1.15",60,,,,,,,,,,,,,,,,,,,,,,,,,,,,,,,,,,,,media/dmnb.png,2,2,Symb,e,TR,0,0,1,0,8,0,82,0,1,3,0.567941186,e,1.291,2,1,,,,,,,,,,,,,,,,,,,,,,,,,,,,,,,,,,,,,,,,,,,,,,,,,,,,,,,,,,,,,,,,,,,,,,,,,,,,,,,,,,e,1,,,,,,,,,,,1.291,0,0,0,0,1,,,,,,,,,,,,
,,,,,,,,,,,,,,,,,107,4,2024-09-05_15h33.34.906,Symbol-E,2020.1.3,MacIntel,Safari,"Mozilla/5.0 (Macintosh; Intel Mac OS X 10_15_7) AppleWebKit/605.1.15 (KHTML, like Gecko) Version/17.6 Safari/605.1.15",60,,,,,,,,,,,,,,,,,,,,,,,,,,,,,,,,,,,,,,,,,,,,,,,,,,,,,,,,,,,,,,,,,,,,,,,,,,,,,,,,,,,,,,,,,,,,,,,,,,,,,,,,,,,,,,,,,,,,,,,,,,,,,,,,,,,,,,,,,,,,,,,,,82,0,82,0,1,,,,,,,,,,,,,,,,,,
,,,,,,,,,,,,,,,,,107,4,2024-09-05_15h33.34.906,Symbol-E,2020.1.3,MacIntel,Safari,"Mozilla/5.0 (Macintosh; Intel Mac OS X 10_15_7) AppleWebKit/605.1.15 (KHTML, like Gecko) Version/17.6 Safari/605.1.15",60,,,,,,,,,,,,,,,,,,,,,,,,,,,,,,,,,,,,media/dinb.png,3,3,Symb,f,TR,0,0,1,0,8,0,83,0,1,3,0.605465188,f,1.354,3,1,,,,,,,,,,,,,,,,,,,,,,,,,,,,,,,,,,,,,,,,,,,,,,,,,,,,,,,,,,,,,,,,,,,,,,,,,,,,,,,,,,f,1,,,,,,,,,,,1.354,0,0,0,0,1,,,,,,,,,,,,
,,,,,,,,,,,,,,,,,107,4,2024-09-05_15h33.34.906,Symbol-E,2020.1.3,MacIntel,Safari,"Mozilla/5.0 (Macintosh; Intel Mac OS X 10_15_7) AppleWebKit/605.1.15 (KHTML, like Gecko) Version/17.6 Safari/605.1.15",60,,,,,,,,,,,,,,,,,,,,,,,,,,,,,,,,,,,,,,,,,,,,,,,,,,,,,,,,,,,,,,,,,,,,,,,,,,,,,,,,,,,,,,,,,,,,,,,,,,,,,,,,,,,,,,,,,,,,,,,,,,,,,,,,,,,,,,,,,,,,,,,,,83,0,83,0,1,,,,,,,,,,,,,,,,,,
,,,,,,,,,,,,,,,,,107,4,2024-09-05_15h33.34.906,Symbol-E,2020.1.3,MacIntel,Safari,"Mozilla/5.0 (Macintosh; Intel Mac OS X 10_15_7) AppleWebKit/605.1.15 (KHTML, like Gecko) Version/17.6 Safari/605.1.15",60,,,,,,,,,,,,,,,,,,,,,,,,,,,,,,,,,,,,media/dmnb.png,2,2,Symb,e,TR,0,0,1,0,8,0,84,0,1,3,0.01365625,u,1.455,5,0,,,,,,,,,,,,,,,,,,,,,,,,,,,,,,,,,,,,,,,,,,,,,,,,,,,,,,,,,,,,,,,,,,,,,,,,,,,,,,,,,,u,0,,,,,,,,,,,1.455,0,0,0,0,1,,,,,,,,,,,,
,,,,,,,,,,,,,,,,,107,4,2024-09-05_15h33.34.906,Symbol-E,2020.1.3,MacIntel,Safari,"Mozilla/5.0 (Macintosh; Intel Mac OS X 10_15_7) AppleWebKit/605.1.15 (KHTML, like Gecko) Version/17.6 Safari/605.1.15",60,,,,,,,,,,,,,,,,,,,,,,,,,,,,,,,,,,,,,,,,,,,,,,,,,,,,,,,,,,,,,,,,,,,,,,,,,,,,,,,,,,,,,,,,,,,,,,,,,,,,,,,,,,,,,,,,,,,,,,,,,,,,,,,,,,,,,,,,,,,,,,,,,84,0,84,0,1,,,,,,,,,,,,,,,,,,
,,,,,,,,,,,,,,,,,107,4,2024-09-05_15h33.34.906,Symbol-E,2020.1.3,MacIntel,Safari,"Mozilla/5.0 (Macintosh; Intel Mac OS X 10_15_7) AppleWebKit/605.1.15 (KHTML, like Gecko) Version/17.6 Safari/605.1.15",60,,,,,,,,,,,,,,,,,,,,,,,,,,,,,,,,,,,,media/dnnb.png,6,2,Symb,i,TR,0,0,1,0,8,0,85,0,1,3,0.238530744,e,1.338,2,0,,,,,,,,,,,,,,,,,,,,,,,,,,,,,,,,,,,,,,,,,,,,,,,,,,,,,,,,,,,,,,,,,,,,,,,,,,,,,,,,,,e,0,,,,,,,,,,,1.338,0,0,0,0,1,,,,,,,,,,,,
,,,,,,,,,,,,,,,,,107,4,2024-09-05_15h33.34.906,Symbol-E,2020.1.3,MacIntel,Safari,"Mozilla/5.0 (Macintosh; Intel Mac OS X 10_15_7) AppleWebKit/605.1.15 (KHTML, like Gecko) Version/17.6 Safari/605.1.15",60,,,,,,,,,,,,,,,,,,,,,,,,,,,,,,,,,,,,,,,,,,,,,,,,,,,,,,,,,,,,,,,,,,,,,,,,,,,,,,,,,,,,,,,,,,,,,,,,,,,,,,,,,,,,,,,,,,,,,,,,,,,,,,,,,,,,,,,,,,,,,,,,,85,0,85,0,1,,,,,,,,,,,,,,,,,,
,,,,,,,,,,,,,,,,,107,4,2024-09-05_15h33.34.906,Symbol-E,2020.1.3,MacIntel,Safari,"Mozilla/5.0 (Macintosh; Intel Mac OS X 10_15_7) AppleWebKit/605.1.15 (KHTML, like Gecko) Version/17.6 Safari/605.1.15",60,,,,,,,,,,,,,,,,,,,,,,,,,,,,,,,,,,,,media/dfnb.png,1,1,Symb,w,TR,0,0,1,0,8,0,86,0,1,3,1.010792876,l,1.335,7,0,,,,,,,,,,,,,,,,,,,,,,,,,,,,,,,,,,,,,,,,,,,,,,,,,,,,,,,,,,,,,,,,,,,,,,,,,,,,,,,,,,l,0,,,,,,,,,,,1.335,0,0,0,0,1,,,,,,,,,,,,
,,,,,,,,,,,,,,,,,107,4,2024-09-05_15h33.34.906,Symbol-E,2020.1.3,MacIntel,Safari,"Mozilla/5.0 (Macintosh; Intel Mac OS X 10_15_7) AppleWebKit/605.1.15 (KHTML, like Gecko) Version/17.6 Safari/605.1.15",60,,,,,,,,,,,,,,,,,,,,,,,,,,,,,,,,,,,,,,,,,,,,,,,,,,,,,,,,,,,,,,,,,,,,,,,,,,,,,,,,,,,,,,,,,,,,,,,,,,,,,,,,,,,,,,,,,,,,,,,,,,,,,,,,,,,,,,,,,,,,,,,,,86,0,86,0,1,,,,,,,,,,,,,,,,,,
,,,,,,,,,,,,,,,,,107,4,2024-09-05_15h33.34.906,Symbol-E,2020.1.3,MacIntel,Safari,"Mozilla/5.0 (Macintosh; Intel Mac OS X 10_15_7) AppleWebKit/605.1.15 (KHTML, like Gecko) Version/17.6 Safari/605.1.15",60,,,,,,,,,,,,,,,,,,,,,,,,,,,,,,,,,,,,media/ddnb.png,4,0,Symb,h,TR,0,0,1,0,8,0,87,0,1,3,1.055352752,h,1.253,4,1,,,,,,,,,,,,,,,,,,,,,,,,,,,,,,,,,,,,,,,,,,,,,,,,,,,,,,,,,,,,,,,,,,,,,,,,,,,,,,,,,,h,1,,,,,,,,,,,1.253,0,0,0,0,1,,,,,,,,,,,,
,,,,,,,,,,,,,,,,,107,4,2024-09-05_15h33.34.906,Symbol-E,2020.1.3,MacIntel,Safari,"Mozilla/5.0 (Macintosh; Intel Mac OS X 10_15_7) AppleWebKit/605.1.15 (KHTML, like Gecko) Version/17.6 Safari/605.1.15",60,,,,,,,,,,,,,,,,,,,,,,,,,,,,,,,,,,,,,,,,,,,,,,,,,,,,,,,,,,,,,,,,,,,,,,,,,,,,,,,,,,,,,,,,,,,,,,,,,,,,,,,,,,,,,,,,,,,,,,,,,,,,,,,,,,,,,,,,,,,,,,,,,87,0,87,0,1,,,,,,,,,,,,,,,,,,
,,,,,,,,,,,,,,,,,107,4,2024-09-05_15h33.34.906,Symbol-E,2020.1.3,MacIntel,Safari,"Mozilla/5.0 (Macintosh; Intel Mac OS X 10_15_7) AppleWebKit/605.1.15 (KHTML, like Gecko) Version/17.6 Safari/605.1.15",60,,,,,,,,,,,,,,,,,,,,,,,,,,,,,,,,,,,,media/dgnb.png,5,1,Symb,u,TR,0,0,1,0,8,0,88,0,1,3,0.645551819,w,1.385,1,0,,,,,,,,,,,,,,,,,,,,,,,,,,,,,,,,,,,,,,,,,,,,,,,,,,,,,,,,,,,,,,,,,,,,,,,,,,,,,,,,,,w,0,,,,,,,,,,,1.385,0,0,0,0,1,,,,,,,,,,,,
,,,,,,,,,,,,,,,,,107,4,2024-09-05_15h33.34.906,Symbol-E,2020.1.3,MacIntel,Safari,"Mozilla/5.0 (Macintosh; Intel Mac OS X 10_15_7) AppleWebKit/605.1.15 (KHTML, like Gecko) Version/17.6 Safari/605.1.15",60,,,,,,,,,,,,,,,,,,,,,,,,,,,,,,,,,,,,,,,,,,,,,,,,,,,,,,,,,,,,,,,,,,,,,,,,,,,,,,,,,,,,,,,,,,,,,,,,,,,,,,,,,,,,,,,,,,,,,,,,,,,,,,,,,,,,,,,,,,,,,,,,,88,0,88,0,1,,,,,,,,,,,,,,,,,,
,,,,,,,,,,,,,,,,,107,4,2024-09-05_15h33.34.906,Symbol-E,2020.1.3,MacIntel,Safari,"Mozilla/5.0 (Macintosh; Intel Mac OS X 10_15_7) AppleWebKit/605.1.15 (KHTML, like Gecko) Version/17.6 Safari/605.1.15",60,,,,,,,,,,,,,,,,,,,,,,,,,,,,,,,,,,,,media/dcnb.png,0,0,Symb,a,TR,0,0,1,0,8,0,89,0,1,3,0.390634123,u,1.453,5,0,,,,,,,,,,,,,,,,,,,,,,,,,,,,,,,,,,,,,,,,,,,,,,,,,,,,,,,,,,,,,,,,,,,,,,,,,,,,,,,,,,u,0,,,,,,,,,,,1.453,0,0,0,0,1,,,,,,,,,,,,
,,,,,,,,,,,,,,,,,107,4,2024-09-05_15h33.34.906,Symbol-E,2020.1.3,MacIntel,Safari,"Mozilla/5.0 (Macintosh; Intel Mac OS X 10_15_7) AppleWebKit/605.1.15 (KHTML, like Gecko) Version/17.6 Safari/605.1.15",60,,,,,,,,,,,,,,,,,,,,,,,,,,,,,,,,,,,,,,,,,,,,,,,,,,,,,,,,,,,,,,,,,,,,,,,,,,,,,,,,,,,,,,,,,,,,,,,,,,,,,,,,,,,,,,,,,,,,,,,,,,,,,,,,,,,,,,,,,,,,,,,,,89,0,89,0,1,,,,,,,,,,,,,,,,,,
,,,,,,,,,,,,,,,,,107,4,2024-09-05_15h33.34.906,Symbol-E,2020.1.3,MacIntel,Safari,"Mozilla/5.0 (Macintosh; Intel Mac OS X 10_15_7) AppleWebKit/605.1.15 (KHTML, like Gecko) Version/17.6 Safari/605.1.15",60,,,,,,,,,,,,,,,,,,,,,,,,,,,,,,,,,,,,media/dcnb.png,0,0,Symb,a,TR,0,0,1,0,8,0,90,0,1,3,1.084354523,a,1.3,0,1,,,,,,,,,,,,,,,,,,,,,,,,,,,,,,,,,,,,,,,,,,,,,,,,,,,,,,,,,,,,,,,,,,,,,,,,,,,,,,,,,,a,1,,,,,,,,,,,1.3,0,0,0,0,1,,,,,,,,,,,,
,,,,,,,,,,,,,,,,,107,4,2024-09-05_15h33.34.906,Symbol-E,2020.1.3,MacIntel,Safari,"Mozilla/5.0 (Macintosh; Intel Mac OS X 10_15_7) AppleWebKit/605.1.15 (KHTML, like Gecko) Version/17.6 Safari/605.1.15",60,,,,,,,,,,,,,,,,,,,,,,,,,,,,,,,,,,,,,,,,,,,,,,,,,,,,,,,,,,,,,,,,,,,,,,,,,,,,,,,,,,,,,,,,,,,,,,,,,,,,,,,,,,,,,,,,,,,,,,,,,,,,,,,,,,,,,,,,,,,,,,,,,90,0,90,0,1,,,,,,,,,,,,,,,,,,
,,,,,,,,,,,,,,,,,107,4,2024-09-05_15h33.34.906,Symbol-E,2020.1.3,MacIntel,Safari,"Mozilla/5.0 (Macintosh; Intel Mac OS X 10_15_7) AppleWebKit/605.1.15 (KHTML, like Gecko) Version/17.6 Safari/605.1.15",60,,,,,,,,,,,,,,,,,,,,,,,,,,,,,,,,,,,,media/dinb.png,3,3,Symb,f,TR,0,0,1,0,8,0,91,0,1,3,0.890407937,f,1.37,3,1,,,,,,,,,,,,,,,,,,,,,,,,,,,,,,,,,,,,,,,,,,,,,,,,,,,,,,,,,,,,,,,,,,,,,,,,,,,,,,,,,,f,1,,,,,,,,,,,1.37,0,0,0,0,1,,,,,,,,,,,,
,,,,,,,,,,,,,,,,,107,4,2024-09-05_15h33.34.906,Symbol-E,2020.1.3,MacIntel,Safari,"Mozilla/5.0 (Macintosh; Intel Mac OS X 10_15_7) AppleWebKit/605.1.15 (KHTML, like Gecko) Version/17.6 Safari/605.1.15",60,,,,,,,,,,,,,,,,,,,,,,,,,,,,,,,,,,,,,,,,,,,,,,,,,,,,,,,,,,,,,,,,,,,,,,,,,,,,,,,,,,,,,,,,,,,,,,,,,,,,,,,,,,,,,,,,,,,,,,,,,,,,,,,,,,,,,,,,,,,,,,,,,91,0,91,0,1,,,,,,,,,,,,,,,,,,
,,,,,,,,,,,,,,,,,107,4,2024-09-05_15h33.34.906,Symbol-E,2020.1.3,MacIntel,Safari,"Mozilla/5.0 (Macintosh; Intel Mac OS X 10_15_7) AppleWebKit/605.1.15 (KHTML, like Gecko) Version/17.6 Safari/605.1.15",60,,,,,,,,,,,,,,,,,,,,,,,,,,,,,,,,,,,,media/dgnb.png,5,1,Symb,u,TR,0,0,1,0,8,0,92,0,1,3,0.095085884,w,1.467,1,0,,,,,,,,,,,,,,,,,,,,,,,,,,,,,,,,,,,,,,,,,,,,,,,,,,,,,,,,,,,,,,,,,,,,,,,,,,,,,,,,,,w,0,,,,,,,,,,,1.467,0,0,0,0,1,,,,,,,,,,,,
,,,,,,,,,,,,,,,,,107,4,2024-09-05_15h33.34.906,Symbol-E,2020.1.3,MacIntel,Safari,"Mozilla/5.0 (Macintosh; Intel Mac OS X 10_15_7) AppleWebKit/605.1.15 (KHTML, like Gecko) Version/17.6 Safari/605.1.15",60,,,,,,,,,,,,,,,,,,,,,,,,,,,,,,,,,,,,,,,,,,,,,,,,,,,,,,,,,,,,,,,,,,,,,,,,,,,,,,,,,,,,,,,,,,,,,,,,,,,,,,,,,,,,,,,,,,,,,,,,,,,,,,,,,,,,,,,,,,,,,,,,,92,0,92,0,1,,,,,,,,,,,,,,,,,,
,,,,,,,,,,,,,,,,,107,4,2024-09-05_15h33.34.906,Symbol-E,2020.1.3,MacIntel,Safari,"Mozilla/5.0 (Macintosh; Intel Mac OS X 10_15_7) AppleWebKit/605.1.15 (KHTML, like Gecko) Version/17.6 Safari/605.1.15",60,,,,,,,,,,,,,,,,,,,,,,,,,,,,,,,,,,,,media/ddnb.png,4,0,Symb,h,TR,0,0,1,0,8,0,93,0,1,3,0.878637539,h,1.339,4,1,,,,,,,,,,,,,,,,,,,,,,,,,,,,,,,,,,,,,,,,,,,,,,,,,,,,,,,,,,,,,,,,,,,,,,,,,,,,,,,,,,h,1,,,,,,,,,,,1.339,0,0,0,0,1,,,,,,,,,,,,
,,,,,,,,,,,,,,,,,107,4,2024-09-05_15h33.34.906,Symbol-E,2020.1.3,MacIntel,Safari,"Mozilla/5.0 (Macintosh; Intel Mac OS X 10_15_7) AppleWebKit/605.1.15 (KHTML, like Gecko) Version/17.6 Safari/605.1.15",60,,,,,,,,,,,,,,,,,,,,,,,,,,,,,,,,,,,,,,,,,,,,,,,,,,,,,,,,,,,,,,,,,,,,,,,,,,,,,,,,,,,,,,,,,,,,,,,,,,,,,,,,,,,,,,,,,,,,,,,,,,,,,,,,,,,,,,,,,,,,,,,,,93,0,93,0,1,,,,,,,,,,,,,,,,,,
,,,,,,,,,,,,,,,,,107,4,2024-09-05_15h33.34.906,Symbol-E,2020.1.3,MacIntel,Safari,"Mozilla/5.0 (Macintosh; Intel Mac OS X 10_15_7) AppleWebKit/605.1.15 (KHTML, like Gecko) Version/17.6 Safari/605.1.15",60,,,,,,,,,,,,,,,,,,,,,,,,,,,,,,,,,,,,media/dnnb.png,6,2,Symb,i,TR,0,0,1,0,8,0,94,0,1,3,0.525556613,u,1.12,5,0,,,,,,,,,,,,,,,,,,,,,,,,,,,,,,,,,,,,,,,,,,,,,,,,,,,,,,,,,,,,,,,,,,,,,,,,,,,,,,,,,,u,0,,,,,,,,,,,1.12,0,0,0,0,1,,,,,,,,,,,,
,,,,,,,,,,,,,,,,,107,4,2024-09-05_15h33.34.906,Symbol-E,2020.1.3,MacIntel,Safari,"Mozilla/5.0 (Macintosh; Intel Mac OS X 10_15_7) AppleWebKit/605.1.15 (KHTML, like Gecko) Version/17.6 Safari/605.1.15",60,,,,,,,,,,,,,,,,,,,,,,,,,,,,,,,,,,,,,,,,,,,,,,,,,,,,,,,,,,,,,,,,,,,,,,,,,,,,,,,,,,,,,,,,,,,,,,,,,,,,,,,,,,,,,,,,,,,,,,,,,,,,,,,,,,,,,,,,,,,,,,,,,94,0,94,0,1,,,,,,,,,,,,,,,,,,
,,,,,,,,,,,,,,,,,107,4,2024-09-05_15h33.34.906,Symbol-E,2020.1.3,MacIntel,Safari,"Mozilla/5.0 (Macintosh; Intel Mac OS X 10_15_7) AppleWebKit/605.1.15 (KHTML, like Gecko) Version/17.6 Safari/605.1.15",60,,,,,,,,,,,,,,,,,,,,,,,,,,,,,,,,,,,,media/djnb.png,7,3,Symb,l,TR,0,0,1,0,8,0,95,0,1,3,0.486394721,l,1.406,7,1,,,,,,,,,,,,,,,,,,,,,,,,,,,,,,,,,,,,,,,,,,,,,,,,,,,,,,,,,,,,,,,,,,,,,,,,,,,,,,,,,,l,1,,,,,,,,,,,1.406,0,0,0,0,1,,,,,,,,,,,,
,,,,,,,,,,,,,,,,,107,4,2024-09-05_15h33.34.906,Symbol-E,2020.1.3,MacIntel,Safari,"Mozilla/5.0 (Macintosh; Intel Mac OS X 10_15_7) AppleWebKit/605.1.15 (KHTML, like Gecko) Version/17.6 Safari/605.1.15",60,,,,,,,,,,,,,,,,,,,,,,,,,,,,,,,,,,,,,,,,,,,,,,,,,,,,,,,,,,,,,,,,,,,,,,,,,,,,,,,,,,,,,,,,,,,,,,,,,,,,,,,,,,,,,,,,,,,,,,,,,,,,,,,,,,,,,,,,,,,,,,,,,95,0,95,0,1,,,,,,,,,,,,,,,,,,
,,,,,,,,,,,,,,,,,107,4,2024-09-05_15h33.34.906,Symbol-E,2020.1.3,MacIntel,Safari,"Mozilla/5.0 (Macintosh; Intel Mac OS X 10_15_7) AppleWebKit/605.1.15 (KHTML, like Gecko) Version/17.6 Safari/605.1.15",60,,,,,,,,,,,,,,,,,,,,,,,,,,,,,,,,,,,,,,,,,,,,,,,,,,,,,,,,,,,,,,,,,,,,,,,,,,,,,,,,,,,,,,,,,,,,,,,,,,,,,,,,,,,,,,,,,,,,,,,,,,,,,,,,,,,,,,,,,,,,,,,,,,,,,,,,,,,,2,0,2,0,1,,,,,,,
,,,,,,,,,,,,,,,,,107,4,2024-09-05_15h33.34.906,Symbol-E,2020.1.3,MacIntel,Safari,"Mozilla/5.0 (Macintosh; Intel Mac OS X 10_15_7) AppleWebKit/605.1.15 (KHTML, like Gecko) Version/17.6 Safari/605.1.15",60,,,,,,,,,,,,,,,,,,,,,,,,,,,,,,,,,,,,media/ddnb.png,4,0,Symb,h,TR,0,0,1,0,8,0,0,0,1,4,0.2524253,a,99,8,0,,,,,,,,,,,,,,,,h,4.958,,,,,,,,,,,,,,h,0.837,,,,,,,,,,,,,,,,,,,,,,,,,,,,,,,,,,,,,,,,,,,,,,,,,,,0,0,0,0,0,1,,,,,,,,,,,,,,,,,,,,,,,
,,,,,,,,,,,,,,,,,107,4,2024-09-05_15h33.34.906,Symbol-E,2020.1.3,MacIntel,Safari,"Mozilla/5.0 (Macintosh; Intel Mac OS X 10_15_7) AppleWebKit/605.1.15 (KHTML, like Gecko) Version/17.6 Safari/605.1.15",60,,,,,,,,,,,,,,,,,,,,,,,,,,,,,,,,,,,,,,,,,,,,,,,,,,,,,,,,,,,,,,,,,,,,,,,,,,,,,,,,,,,,,,,,,,,,,,,,,,,,,,,,,,,,,,,,,,,,,,,,,,,,,,,,,,,,,,,,,,,,,,,,,0,0,0,0,1,,,,,,,,,,,,,,,,,,
,,,,,,,,,,,,,,,,,107,4,2024-09-05_15h33.34.906,Symbol-E,2020.1.3,MacIntel,Safari,"Mozilla/5.0 (Macintosh; Intel Mac OS X 10_15_7) AppleWebKit/605.1.15 (KHTML, like Gecko) Version/17.6 Safari/605.1.15",60,,,,,,,,,,,,,,,,,,,,,,,,,,,,,,,,,,,,media/dcnb.png,0,0,Symb,a,TR,0,0,1,0,8,0,1,0,1,4,0.686918131,a,1.302,0,1,,,,,,,,,,,,,,,,,,,,,,,,,,,,,,,,,,,,,,,,,,,,,,,,,,,,,,,,,,,,,,,,,,,,,,,,,,,,,,,,,,a,1,,,,,,,,,,,1.302,0,0,0,0,1,,,,,,,,,,,,
,,,,,,,,,,,,,,,,,107,4,2024-09-05_15h33.34.906,Symbol-E,2020.1.3,MacIntel,Safari,"Mozilla/5.0 (Macintosh; Intel Mac OS X 10_15_7) AppleWebKit/605.1.15 (KHTML, like Gecko) Version/17.6 Safari/605.1.15",60,,,,,,,,,,,,,,,,,,,,,,,,,,,,,,,,,,,,,,,,,,,,,,,,,,,,,,,,,,,,,,,,,,,,,,,,,,,,,,,,,,,,,,,,,,,,,,,,,,,,,,,,,,,,,,,,,,,,,,,,,,,,,,,,,,,,,,,,,,,,,,,,,1,0,1,0,1,,,,,,,,,,,,,,,,,,
,,,,,,,,,,,,,,,,,107,4,2024-09-05_15h33.34.906,Symbol-E,2020.1.3,MacIntel,Safari,"Mozilla/5.0 (Macintosh; Intel Mac OS X 10_15_7) AppleWebKit/605.1.15 (KHTML, like Gecko) Version/17.6 Safari/605.1.15",60,,,,,,,,,,,,,,,,,,,,,,,,,,,,,,,,,,,,media/djnb.png,7,3,Symb,l,TR,0,0,1,0,8,0,2,0,1,4,0.257177239,u,1.319,5,0,,,,,,,,,,,,,,,,,,,,,,,,,,,,,,,,,,,,,,,,,,,,,,,,,,,,,,,,,,,,,,,,,,,,,,,,,,,,,,,,,,u,0,,,,,,,,,,,1.319,0,0,0,0,1,,,,,,,,,,,,
,,,,,,,,,,,,,,,,,107,4,2024-09-05_15h33.34.906,Symbol-E,2020.1.3,MacIntel,Safari,"Mozilla/5.0 (Macintosh; Intel Mac OS X 10_15_7) AppleWebKit/605.1.15 (KHTML, like Gecko) Version/17.6 Safari/605.1.15",60,,,,,,,,,,,,,,,,,,,,,,,,,,,,,,,,,,,,,,,,,,,,,,,,,,,,,,,,,,,,,,,,,,,,,,,,,,,,,,,,,,,,,,,,,,,,,,,,,,,,,,,,,,,,,,,,,,,,,,,,,,,,,,,,,,,,,,,,,,,,,,,,,2,0,2,0,1,,,,,,,,,,,,,,,,,,
,,,,,,,,,,,,,,,,,107,4,2024-09-05_15h33.34.906,Symbol-E,2020.1.3,MacIntel,Safari,"Mozilla/5.0 (Macintosh; Intel Mac OS X 10_15_7) AppleWebKit/605.1.15 (KHTML, like Gecko) Version/17.6 Safari/605.1.15",60,,,,,,,,,,,,,,,,,,,,,,,,,,,,,,,,,,,,media/dinb.png,3,3,Symb,f,TR,0,0,1,0,8,0,3,0,1,4,0.480520192,e,1.372,2,0,,,,,,,,,,,,,,,,,,,,,,,,,,,,,,,,,,,,,,,,,,,,,,,,,,,,,,,,,,,,,,,,,,,,,,,,,,,,,,,,,,e,0,,,,,,,,,,,1.372,0,0,0,0,1,,,,,,,,,,,,
,,,,,,,,,,,,,,,,,107,4,2024-09-05_15h33.34.906,Symbol-E,2020.1.3,MacIntel,Safari,"Mozilla/5.0 (Macintosh; Intel Mac OS X 10_15_7) AppleWebKit/605.1.15 (KHTML, like Gecko) Version/17.6 Safari/605.1.15",60,,,,,,,,,,,,,,,,,,,,,,,,,,,,,,,,,,,,,,,,,,,,,,,,,,,,,,,,,,,,,,,,,,,,,,,,,,,,,,,,,,,,,,,,,,,,,,,,,,,,,,,,,,,,,,,,,,,,,,,,,,,,,,,,,,,,,,,,,,,,,,,,,3,0,3,0,1,,,,,,,,,,,,,,,,,,
,,,,,,,,,,,,,,,,,107,4,2024-09-05_15h33.34.906,Symbol-E,2020.1.3,MacIntel,Safari,"Mozilla/5.0 (Macintosh; Intel Mac OS X 10_15_7) AppleWebKit/605.1.15 (KHTML, like Gecko) Version/17.6 Safari/605.1.15",60,,,,,,,,,,,,,,,,,,,,,,,,,,,,,,,,,,,,media/djnb.png,7,3,Symb,l,TR,0,0,1,0,8,0,4,0,1,4,1.067822666,l,1.271,7,1,,,,,,,,,,,,,,,,,,,,,,,,,,,,,,,,,,,,,,,,,,,,,,,,,,,,,,,,,,,,,,,,,,,,,,,,,,,,,,,,,,l,1,,,,,,,,,,,1.271,0,0,0,0,1,,,,,,,,,,,,
,,,,,,,,,,,,,,,,,107,4,2024-09-05_15h33.34.906,Symbol-E,2020.1.3,MacIntel,Safari,"Mozilla/5.0 (Macintosh; Intel Mac OS X 10_15_7) AppleWebKit/605.1.15 (KHTML, like Gecko) Version/17.6 Safari/605.1.15",60,,,,,,,,,,,,,,,,,,,,,,,,,,,,,,,,,,,,,,,,,,,,,,,,,,,,,,,,,,,,,,,,,,,,,,,,,,,,,,,,,,,,,,,,,,,,,,,,,,,,,,,,,,,,,,,,,,,,,,,,,,,,,,,,,,,,,,,,,,,,,,,,,4,0,4,0,1,,,,,,,,,,,,,,,,,,
,,,,,,,,,,,,,,,,,107,4,2024-09-05_15h33.34.906,Symbol-E,2020.1.3,MacIntel,Safari,"Mozilla/5.0 (Macintosh; Intel Mac OS X 10_15_7) AppleWebKit/605.1.15 (KHTML, like Gecko) Version/17.6 Safari/605.1.15",60,,,,,,,,,,,,,,,,,,,,,,,,,,,,,,,,,,,,media/dgnb.png,5,1,Symb,u,TR,0,0,1,0,8,0,5,0,1,4,1.187403616,f,1.304,3,0,,,,,,,,,,,,,,,,,,,,,,,,,,,,,,,,,,,,,,,,,,,,,,,,,,,,,,,,,,,,,,,,,,,,,,,,,,,,,,,,,,f,0,,,,,,,,,,,1.304,0,0,0,0,1,,,,,,,,,,,,
,,,,,,,,,,,,,,,,,107,4,2024-09-05_15h33.34.906,Symbol-E,2020.1.3,MacIntel,Safari,"Mozilla/5.0 (Macintosh; Intel Mac OS X 10_15_7) AppleWebKit/605.1.15 (KHTML, like Gecko) Version/17.6 Safari/605.1.15",60,,,,,,,,,,,,,,,,,,,,,,,,,,,,,,,,,,,,,,,,,,,,,,,,,,,,,,,,,,,,,,,,,,,,,,,,,,,,,,,,,,,,,,,,,,,,,,,,,,,,,,,,,,,,,,,,,,,,,,,,,,,,,,,,,,,,,,,,,,,,,,,,,5,0,5,0,1,,,,,,,,,,,,,,,,,,
,,,,,,,,,,,,,,,,,107,4,2024-09-05_15h33.34.906,Symbol-E,2020.1.3,MacIntel,Safari,"Mozilla/5.0 (Macintosh; Intel Mac OS X 10_15_7) AppleWebKit/605.1.15 (KHTML, like Gecko) Version/17.6 Safari/605.1.15",60,,,,,,,,,,,,,,,,,,,,,,,,,,,,,,,,,,,,media/dnnb.png,6,2,Symb,i,TR,0,0,1,0,8,0,6,0,1,4,1.064758507,i,1.169,6,1,,,,,,,,,,,,,,,,,,,,,,,,,,,,,,,,,,,,,,,,,,,,,,,,,,,,,,,,,,,,,,,,,,,,,,,,,,,,,,,,,,i,1,,,,,,,,,,,1.169,0,0,0,0,1,,,,,,,,,,,,
,,,,,,,,,,,,,,,,,107,4,2024-09-05_15h33.34.906,Symbol-E,2020.1.3,MacIntel,Safari,"Mozilla/5.0 (Macintosh; Intel Mac OS X 10_15_7) AppleWebKit/605.1.15 (KHTML, like Gecko) Version/17.6 Safari/605.1.15",60,,,,,,,,,,,,,,,,,,,,,,,,,,,,,,,,,,,,,,,,,,,,,,,,,,,,,,,,,,,,,,,,,,,,,,,,,,,,,,,,,,,,,,,,,,,,,,,,,,,,,,,,,,,,,,,,,,,,,,,,,,,,,,,,,,,,,,,,,,,,,,,,,6,0,6,0,1,,,,,,,,,,,,,,,,,,
,,,,,,,,,,,,,,,,,107,4,2024-09-05_15h33.34.906,Symbol-E,2020.1.3,MacIntel,Safari,"Mozilla/5.0 (Macintosh; Intel Mac OS X 10_15_7) AppleWebKit/605.1.15 (KHTML, like Gecko) Version/17.6 Safari/605.1.15",60,,,,,,,,,,,,,,,,,,,,,,,,,,,,,,,,,,,,media/dcnb.png,0,0,Symb,a,TR,0,0,1,0,8,0,7,0,1,4,0.456943778,a,1.403,0,1,,,,,,,,,,,,,,,,,,,,,,,,,,,,,,,,,,,,,,,,,,,,,,,,,,,,,,,,,,,,,,,,,,,,,,,,,,,,,,,,,,a,1,,,,,,,,,,,1.403,0,0,0,0,1,,,,,,,,,,,,
,,,,,,,,,,,,,,,,,107,4,2024-09-05_15h33.34.906,Symbol-E,2020.1.3,MacIntel,Safari,"Mozilla/5.0 (Macintosh; Intel Mac OS X 10_15_7) AppleWebKit/605.1.15 (KHTML, like Gecko) Version/17.6 Safari/605.1.15",60,,,,,,,,,,,,,,,,,,,,,,,,,,,,,,,,,,,,,,,,,,,,,,,,,,,,,,,,,,,,,,,,,,,,,,,,,,,,,,,,,,,,,,,,,,,,,,,,,,,,,,,,,,,,,,,,,,,,,,,,,,,,,,,,,,,,,,,,,,,,,,,,,7,0,7,0,1,,,,,,,,,,,,,,,,,,
,,,,,,,,,,,,,,,,,107,4,2024-09-05_15h33.34.906,Symbol-E,2020.1.3,MacIntel,Safari,"Mozilla/5.0 (Macintosh; Intel Mac OS X 10_15_7) AppleWebKit/605.1.15 (KHTML, like Gecko) Version/17.6 Safari/605.1.15",60,,,,,,,,,,,,,,,,,,,,,,,,,,,,,,,,,,,,media/dgnb.png,5,1,Symb,u,TR,0,0,1,0,8,0,8,0,1,4,0.20275522,a,99,8,0,,,,,,,,,,,,,,,,,,,,,,,,,,,,,,,h,0.69,,,,,,,,,,,,,,,,,,,,,,,,,,,,,,,,,,,,,,,,,,,,,,,,,,,0,0,0,0,0,1,,,,,,,,,,,,,,,,,,,,,,,
,,,,,,,,,,,,,,,,,107,4,2024-09-05_15h33.34.906,Symbol-E,2020.1.3,MacIntel,Safari,"Mozilla/5.0 (Macintosh; Intel Mac OS X 10_15_7) AppleWebKit/605.1.15 (KHTML, like Gecko) Version/17.6 Safari/605.1.15",60,,,,,,,,,,,,,,,,,,,,,,,,,,,,,,,,,,,,,,,,,,,,,,,,,,,,,,,,,,,,,,,,,,,,,,,,,,,,,,,,,,,,,,,,,,,,,,,,,,,,,,,,,,,,,,,,,,,,,,,,,,,,,,,,,,,,,,,,,,,,,,,,,8,0,8,0,1,,,,,,,,,,,,,,,,,,
,,,,,,,,,,,,,,,,,107,4,2024-09-05_15h33.34.906,Symbol-E,2020.1.3,MacIntel,Safari,"Mozilla/5.0 (Macintosh; Intel Mac OS X 10_15_7) AppleWebKit/605.1.15 (KHTML, like Gecko) Version/17.6 Safari/605.1.15",60,,,,,,,,,,,,,,,,,,,,,,,,,,,,,,,,,,,,media/dmnb.png,2,2,Symb,e,TR,0,0,1,0,8,0,9,0,1,4,0.874245435,e,1.39,2,1,,,,,,,,,,,,,,,,,,,,,,,,,,,,,,,,,,,,,,,,,,,,,,,,,,,,,,,,,,,,,,,,,,,,,,,,,,,,,,,,,,e,1,,,,,,,,,,,1.39,0,0,0,0,1,,,,,,,,,,,,
,,,,,,,,,,,,,,,,,107,4,2024-09-05_15h33.34.906,Symbol-E,2020.1.3,MacIntel,Safari,"Mozilla/5.0 (Macintosh; Intel Mac OS X 10_15_7) AppleWebKit/605.1.15 (KHTML, like Gecko) Version/17.6 Safari/605.1.15",60,,,,,,,,,,,,,,,,,,,,,,,,,,,,,,,,,,,,,,,,,,,,,,,,,,,,,,,,,,,,,,,,,,,,,,,,,,,,,,,,,,,,,,,,,,,,,,,,,,,,,,,,,,,,,,,,,,,,,,,,,,,,,,,,,,,,,,,,,,,,,,,,,9,0,9,0,1,,,,,,,,,,,,,,,,,,
,,,,,,,,,,,,,,,,,107,4,2024-09-05_15h33.34.906,Symbol-E,2020.1.3,MacIntel,Safari,"Mozilla/5.0 (Macintosh; Intel Mac OS X 10_15_7) AppleWebKit/605.1.15 (KHTML, like Gecko) Version/17.6 Safari/605.1.15",60,,,,,,,,,,,,,,,,,,,,,,,,,,,,,,,,,,,,media/dmnb.png,2,2,Symb,e,TR,0,0,1,0,8,0,10,0,1,4,0.158107385,w,1.255,1,0,,,,,,,,,,,,,,,,,,,,,,,,,,,,,,,,,,,,,,,,,,,,,,,,,,,,,,,,,,,,,,,,,,,,,,,,,,,,,,,,,,w,0,,,,,,,,,,,1.255,0,0,0,0,1,,,,,,,,,,,,
,,,,,,,,,,,,,,,,,107,4,2024-09-05_15h33.34.906,Symbol-E,2020.1.3,MacIntel,Safari,"Mozilla/5.0 (Macintosh; Intel Mac OS X 10_15_7) AppleWebKit/605.1.15 (KHTML, like Gecko) Version/17.6 Safari/605.1.15",60,,,,,,,,,,,,,,,,,,,,,,,,,,,,,,,,,,,,,,,,,,,,,,,,,,,,,,,,,,,,,,,,,,,,,,,,,,,,,,,,,,,,,,,,,,,,,,,,,,,,,,,,,,,,,,,,,,,,,,,,,,,,,,,,,,,,,,,,,,,,,,,,,10,0,10,0,1,,,,,,,,,,,,,,,,,,
,,,,,,,,,,,,,,,,,107,4,2024-09-05_15h33.34.906,Symbol-E,2020.1.3,MacIntel,Safari,"Mozilla/5.0 (Macintosh; Intel Mac OS X 10_15_7) AppleWebKit/605.1.15 (KHTML, like Gecko) Version/17.6 Safari/605.1.15",60,,,,,,,,,,,,,,,,,,,,,,,,,,,,,,,,,,,,media/dfnb.png,1,1,Symb,w,TR,0,0,1,0,8,0,11,0,1,4,0.869273092,l,1.388,7,0,,,,,,,,,,,,,,,,,,,,,,,,,,,,,,,,,,,,,,,,,,,,,,,,,,,,,,,,,,,,,,,,,,,,,,,,,,,,,,,,,,l,0,,,,,,,,,,,1.388,0,0,0,0,1,,,,,,,,,,,,
,,,,,,,,,,,,,,,,,107,4,2024-09-05_15h33.34.906,Symbol-E,2020.1.3,MacIntel,Safari,"Mozilla/5.0 (Macintosh; Intel Mac OS X 10_15_7) AppleWebKit/605.1.15 (KHTML, like Gecko) Version/17.6 Safari/605.1.15",60,,,,,,,,,,,,,,,,,,,,,,,,,,,,,,,,,,,,,,,,,,,,,,,,,,,,,,,,,,,,,,,,,,,,,,,,,,,,,,,,,,,,,,,,,,,,,,,,,,,,,,,,,,,,,,,,,,,,,,,,,,,,,,,,,,,,,,,,,,,,,,,,,11,0,11,0,1,,,,,,,,,,,,,,,,,,
,,,,,,,,,,,,,,,,,107,4,2024-09-05_15h33.34.906,Symbol-E,2020.1.3,MacIntel,Safari,"Mozilla/5.0 (Macintosh; Intel Mac OS X 10_15_7) AppleWebKit/605.1.15 (KHTML, like Gecko) Version/17.6 Safari/605.1.15",60,,,,,,,,,,,,,,,,,,,,,,,,,,,,,,,,,,,,media/dinb.png,3,3,Symb,f,TR,0,0,1,0,8,0,12,0,1,4,1.16658391,u,1.288,5,0,,,,,,,,,,,,,,,,,,,,,,,,,,,,,,,,,,,,,,,,,,,,,,,,,,,,,,,,,,,,,,,,,,,,,,,,,,,,,,,,,,u,0,,,,,,,,,,,1.288,0,0,0,0,1,,,,,,,,,,,,
,,,,,,,,,,,,,,,,,107,4,2024-09-05_15h33.34.906,Symbol-E,2020.1.3,MacIntel,Safari,"Mozilla/5.0 (Macintosh; Intel Mac OS X 10_15_7) AppleWebKit/605.1.15 (KHTML, like Gecko) Version/17.6 Safari/605.1.15",60,,,,,,,,,,,,,,,,,,,,,,,,,,,,,,,,,,,,,,,,,,,,,,,,,,,,,,,,,,,,,,,,,,,,,,,,,,,,,,,,,,,,,,,,,,,,,,,,,,,,,,,,,,,,,,,,,,,,,,,,,,,,,,,,,,,,,,,,,,,,,,,,,12,0,12,0,1,,,,,,,,,,,,,,,,,,
,,,,,,,,,,,,,,,,,107,4,2024-09-05_15h33.34.906,Symbol-E,2020.1.3,MacIntel,Safari,"Mozilla/5.0 (Macintosh; Intel Mac OS X 10_15_7) AppleWebKit/605.1.15 (KHTML, like Gecko) Version/17.6 Safari/605.1.15",60,,,,,,,,,,,,,,,,,,,,,,,,,,,,,,,,,,,,media/dfnb.png,1,1,Symb,w,TR,0,0,1,0,8,0,13,0,1,4,0.07225174,a,99,8,0,,,,,,,,,,,,,,,,,,,,,,,,,,,,,,,h,6.523,,,,,,,,,,,,,,,,,,,,,,,,,,,,,,,,,,,,,,,,,,,,,,,,,,,0,0,0,0,0,1,,,,,,,,,,,,,,,,,,,,,,,
,,,,,,,,,,,,,,,,,107,4,2024-09-05_15h33.34.906,Symbol-E,2020.1.3,MacIntel,Safari,"Mozilla/5.0 (Macintosh; Intel Mac OS X 10_15_7) AppleWebKit/605.1.15 (KHTML, like Gecko) Version/17.6 Safari/605.1.15",60,,,,,,,,,,,,,,,,,,,,,,,,,,,,,,,,,,,,,,,,,,,,,,,,,,,,,,,,,,,,,,,,,,,,,,,,,,,,,,,,,,,,,,,,,,,,,,,,,,,,,,,,,,,,,,,,,,,,,,,,,,,,,,,,,,,,,,,,,,,,,,,,,13,0,13,0,1,,,,,,,,,,,,,,,,,,
,,,,,,,,,,,,,,,,,107,4,2024-09-05_15h33.34.906,Symbol-E,2020.1.3,MacIntel,Safari,"Mozilla/5.0 (Macintosh; Intel Mac OS X 10_15_7) AppleWebKit/605.1.15 (KHTML, like Gecko) Version/17.6 Safari/605.1.15",60,,,,,,,,,,,,,,,,,,,,,,,,,,,,,,,,,,,,media/ddnb.png,4,0,Symb,h,TR,0,0,1,0,8,0,14,0,1,4,0.9507273,h,1.372,4,1,,,,,,,,,,,,,,,,,,,,,,,,,,,,,,,,,,,,,,,,,,,,,,,,,,,,,,,,,,,,,,,,,,,,,,,,,,,,,,,,,,h,1,,,,,,,,,,,1.372,0,0,0,0,1,,,,,,,,,,,,
,,,,,,,,,,,,,,,,,107,4,2024-09-05_15h33.34.906,Symbol-E,2020.1.3,MacIntel,Safari,"Mozilla/5.0 (Macintosh; Intel Mac OS X 10_15_7) AppleWebKit/605.1.15 (KHTML, like Gecko) Version/17.6 Safari/605.1.15",60,,,,,,,,,,,,,,,,,,,,,,,,,,,,,,,,,,,,,,,,,,,,,,,,,,,,,,,,,,,,,,,,,,,,,,,,,,,,,,,,,,,,,,,,,,,,,,,,,,,,,,,,,,,,,,,,,,,,,,,,,,,,,,,,,,,,,,,,,,,,,,,,,14,0,14,0,1,,,,,,,,,,,,,,,,,,
,,,,,,,,,,,,,,,,,107,4,2024-09-05_15h33.34.906,Symbol-E,2020.1.3,MacIntel,Safari,"Mozilla/5.0 (Macintosh; Intel Mac OS X 10_15_7) AppleWebKit/605.1.15 (KHTML, like Gecko) Version/17.6 Safari/605.1.15",60,,,,,,,,,,,,,,,,,,,,,,,,,,,,,,,,,,,,media/dnnb.png,6,2,Symb,i,TR,0,0,1,0,8,0,15,0,1,4,0.72571477,i,1.254,6,1,,,,,,,,,,,,,,,,,,,,,,,,,,,,,,,,,,,,,,,,,,,,,,,,,,,,,,,,,,,,,,,,,,,,,,,,,,,,,,,,,,i,1,,,,,,,,,,,1.254,0,0,0,0,1,,,,,,,,,,,,
,,,,,,,,,,,,,,,,,107,4,2024-09-05_15h33.34.906,Symbol-E,2020.1.3,MacIntel,Safari,"Mozilla/5.0 (Macintosh; Intel Mac OS X 10_15_7) AppleWebKit/605.1.15 (KHTML, like Gecko) Version/17.6 Safari/605.1.15",60,,,,,,,,,,,,,,,,,,,,,,,,,,,,,,,,,,,,,,,,,,,,,,,,,,,,,,,,,,,,,,,,,,,,,,,,,,,,,,,,,,,,,,,,,,,,,,,,,,,,,,,,,,,,,,,,,,,,,,,,,,,,,,,,,,,,,,,,,,,,,,,,,15,0,15,0,1,,,,,,,,,,,,,,,,,,
,,,,,,,,,,,,,,,,,107,4,2024-09-05_15h33.34.906,Symbol-E,2020.1.3,MacIntel,Safari,"Mozilla/5.0 (Macintosh; Intel Mac OS X 10_15_7) AppleWebKit/605.1.15 (KHTML, like Gecko) Version/17.6 Safari/605.1.15",60,,,,,,,,,,,,,,,,,,,,,,,,,,,,,,,,,,,,media/dnnb.png,6,2,Symb,i,TR,0,0,1,0,8,0,16,0,1,4,0.680434929,i,1.336,6,1,,,,,,,,,,,,,,,,,,,,,,,,,,,,,,,,,,,,,,,,,,,,,,,,,,,,,,,,,,,,,,,,,,,,,,,,,,,,,,,,,,i,1,,,,,,,,,,,1.336,0,0,0,0,1,,,,,,,,,,,,
,,,,,,,,,,,,,,,,,107,4,2024-09-05_15h33.34.906,Symbol-E,2020.1.3,MacIntel,Safari,"Mozilla/5.0 (Macintosh; Intel Mac OS X 10_15_7) AppleWebKit/605.1.15 (KHTML, like Gecko) Version/17.6 Safari/605.1.15",60,,,,,,,,,,,,,,,,,,,,,,,,,,,,,,,,,,,,,,,,,,,,,,,,,,,,,,,,,,,,,,,,,,,,,,,,,,,,,,,,,,,,,,,,,,,,,,,,,,,,,,,,,,,,,,,,,,,,,,,,,,,,,,,,,,,,,,,,,,,,,,,,,16,0,16,0,1,,,,,,,,,,,,,,,,,,
,,,,,,,,,,,,,,,,,107,4,2024-09-05_15h33.34.906,Symbol-E,2020.1.3,MacIntel,Safari,"Mozilla/5.0 (Macintosh; Intel Mac OS X 10_15_7) AppleWebKit/605.1.15 (KHTML, like Gecko) Version/17.6 Safari/605.1.15",60,,,,,,,,,,,,,,,,,,,,,,,,,,,,,,,,,,,,media/djnb.png,7,3,Symb,l,TR,0,0,1,0,8,0,17,0,1,4,0.806583788,l,1.41,7,1,,,,,,,,,,,,,,,,,,,,,,,,,,,,,,,,,,,,,,,,,,,,,,,,,,,,,,,,,,,,,,,,,,,,,,,,,,,,,,,,,,l,1,,,,,,,,,,,1.41,0,0,0,0,1,,,,,,,,,,,,
,,,,,,,,,,,,,,,,,107,4,2024-09-05_15h33.34.906,Symbol-E,2020.1.3,MacIntel,Safari,"Mozilla/5.0 (Macintosh; Intel Mac OS X 10_15_7) AppleWebKit/605.1.15 (KHTML, like Gecko) Version/17.6 Safari/605.1.15",60,,,,,,,,,,,,,,,,,,,,,,,,,,,,,,,,,,,,,,,,,,,,,,,,,,,,,,,,,,,,,,,,,,,,,,,,,,,,,,,,,,,,,,,,,,,,,,,,,,,,,,,,,,,,,,,,,,,,,,,,,,,,,,,,,,,,,,,,,,,,,,,,,17,0,17,0,1,,,,,,,,,,,,,,,,,,
,,,,,,,,,,,,,,,,,107,4,2024-09-05_15h33.34.906,Symbol-E,2020.1.3,MacIntel,Safari,"Mozilla/5.0 (Macintosh; Intel Mac OS X 10_15_7) AppleWebKit/605.1.15 (KHTML, like Gecko) Version/17.6 Safari/605.1.15",60,,,,,,,,,,,,,,,,,,,,,,,,,,,,,,,,,,,,media/djnb.png,7,3,Symb,l,TR,0,0,1,0,8,0,18,0,1,4,0.964864368,l,1.421,7,1,,,,,,,,,,,,,,,,,,,,,,,,,,,,,,,,,,,,,,,,,,,,,,,,,,,,,,,,,,,,,,,,,,,,,,,,,,,,,,,,,,l,1,,,,,,,,,,,1.421,0,0,0,0,1,,,,,,,,,,,,
,,,,,,,,,,,,,,,,,107,4,2024-09-05_15h33.34.906,Symbol-E,2020.1.3,MacIntel,Safari,"Mozilla/5.0 (Macintosh; Intel Mac OS X 10_15_7) AppleWebKit/605.1.15 (KHTML, like Gecko) Version/17.6 Safari/605.1.15",60,,,,,,,,,,,,,,,,,,,,,,,,,,,,,,,,,,,,,,,,,,,,,,,,,,,,,,,,,,,,,,,,,,,,,,,,,,,,,,,,,,,,,,,,,,,,,,,,,,,,,,,,,,,,,,,,,,,,,,,,,,,,,,,,,,,,,,,,,,,,,,,,,18,0,18,0,1,,,,,,,,,,,,,,,,,,
,,,,,,,,,,,,,,,,,107,4,2024-09-05_15h33.34.906,Symbol-E,2020.1.3,MacIntel,Safari,"Mozilla/5.0 (Macintosh; Intel Mac OS X 10_15_7) AppleWebKit/605.1.15 (KHTML, like Gecko) Version/17.6 Safari/605.1.15",60,,,,,,,,,,,,,,,,,,,,,,,,,,,,,,,,,,,,media/dcnb.png,0,0,Symb,a,TR,0,0,1,0,8,0,19,0,1,4,0.835366149,a,1.305,0,1,,,,,,,,,,,,,,,,,,,,,,,,,,,,,,,,,,,,,,,,,,,,,,,,,,,,,,,,,,,,,,,,,,,,,,,,,,,,,,,,,,a,1,,,,,,,,,,,1.305,0,0,0,0,1,,,,,,,,,,,,
,,,,,,,,,,,,,,,,,107,4,2024-09-05_15h33.34.906,Symbol-E,2020.1.3,MacIntel,Safari,"Mozilla/5.0 (Macintosh; Intel Mac OS X 10_15_7) AppleWebKit/605.1.15 (KHTML, like Gecko) Version/17.6 Safari/605.1.15",60,,,,,,,,,,,,,,,,,,,,,,,,,,,,,,,,,,,,,,,,,,,,,,,,,,,,,,,,,,,,,,,,,,,,,,,,,,,,,,,,,,,,,,,,,,,,,,,,,,,,,,,,,,,,,,,,,,,,,,,,,,,,,,,,,,,,,,,,,,,,,,,,,19,0,19,0,1,,,,,,,,,,,,,,,,,,
,,,,,,,,,,,,,,,,,107,4,2024-09-05_15h33.34.906,Symbol-E,2020.1.3,MacIntel,Safari,"Mozilla/5.0 (Macintosh; Intel Mac OS X 10_15_7) AppleWebKit/605.1.15 (KHTML, like Gecko) Version/17.6 Safari/605.1.15",60,,,,,,,,,,,,,,,,,,,,,,,,,,,,,,,,,,,,media/dinb.png,3,3,Symb,f,TR,0,0,1,0,8,0,20,0,1,4,0.71663818,u,1.322,5,0,,,,,,,,,,,,,,,,,,,,,,,,,,,,,,,,,,,,,,,,,,,,,,,,,,,,,,,,,,,,,,,,,,,,,,,,,,,,,,,,,,u,0,,,,,,,,,,,1.322,0,0,0,0,1,,,,,,,,,,,,
,,,,,,,,,,,,,,,,,107,4,2024-09-05_15h33.34.906,Symbol-E,2020.1.3,MacIntel,Safari,"Mozilla/5.0 (Macintosh; Intel Mac OS X 10_15_7) AppleWebKit/605.1.15 (KHTML, like Gecko) Version/17.6 Safari/605.1.15",60,,,,,,,,,,,,,,,,,,,,,,,,,,,,,,,,,,,,,,,,,,,,,,,,,,,,,,,,,,,,,,,,,,,,,,,,,,,,,,,,,,,,,,,,,,,,,,,,,,,,,,,,,,,,,,,,,,,,,,,,,,,,,,,,,,,,,,,,,,,,,,,,,20,0,20,0,1,,,,,,,,,,,,,,,,,,
,,,,,,,,,,,,,,,,,107,4,2024-09-05_15h33.34.906,Symbol-E,2020.1.3,MacIntel,Safari,"Mozilla/5.0 (Macintosh; Intel Mac OS X 10_15_7) AppleWebKit/605.1.15 (KHTML, like Gecko) Version/17.6 Safari/605.1.15",60,,,,,,,,,,,,,,,,,,,,,,,,,,,,,,,,,,,,media/ddnb.png,4,0,Symb,h,TR,0,0,1,0,8,0,21,0,1,4,0.552402794,h,1.385,4,1,,,,,,,,,,,,,,,,,,,,,,,,,,,,,,,,,,,,,,,,,,,,,,,,,,,,,,,,,,,,,,,,,,,,,,,,,,,,,,,,,,h,1,,,,,,,,,,,1.385,0,0,0,0,1,,,,,,,,,,,,
,,,,,,,,,,,,,,,,,107,4,2024-09-05_15h33.34.906,Symbol-E,2020.1.3,MacIntel,Safari,"Mozilla/5.0 (Macintosh; Intel Mac OS X 10_15_7) AppleWebKit/605.1.15 (KHTML, like Gecko) Version/17.6 Safari/605.1.15",60,,,,,,,,,,,,,,,,,,,,,,,,,,,,,,,,,,,,,,,,,,,,,,,,,,,,,,,,,,,,,,,,,,,,,,,,,,,,,,,,,,,,,,,,,,,,,,,,,,,,,,,,,,,,,,,,,,,,,,,,,,,,,,,,,,,,,,,,,,,,,,,,,21,0,21,0,1,,,,,,,,,,,,,,,,,,
,,,,,,,,,,,,,,,,,107,4,2024-09-05_15h33.34.906,Symbol-E,2020.1.3,MacIntel,Safari,"Mozilla/5.0 (Macintosh; Intel Mac OS X 10_15_7) AppleWebKit/605.1.15 (KHTML, like Gecko) Version/17.6 Safari/605.1.15",60,,,,,,,,,,,,,,,,,,,,,,,,,,,,,,,,,,,,media/dfnb.png,1,1,Symb,w,TR,0,0,1,0,8,0,22,0,1,4,1.158001565,f,1.417,3,0,,,,,,,,,,,,,,,,,,,,,,,,,,,,,,,,,,,,,,,,,,,,,,,,,,,,,,,,,,,,,,,,,,,,,,,,,,,,,,,,,,f,0,,,,,,,,,,,1.417,0,0,0,0,1,,,,,,,,,,,,
,,,,,,,,,,,,,,,,,107,4,2024-09-05_15h33.34.906,Symbol-E,2020.1.3,MacIntel,Safari,"Mozilla/5.0 (Macintosh; Intel Mac OS X 10_15_7) AppleWebKit/605.1.15 (KHTML, like Gecko) Version/17.6 Safari/605.1.15",60,,,,,,,,,,,,,,,,,,,,,,,,,,,,,,,,,,,,,,,,,,,,,,,,,,,,,,,,,,,,,,,,,,,,,,,,,,,,,,,,,,,,,,,,,,,,,,,,,,,,,,,,,,,,,,,,,,,,,,,,,,,,,,,,,,,,,,,,,,,,,,,,,22,0,22,0,1,,,,,,,,,,,,,,,,,,
,,,,,,,,,,,,,,,,,107,4,2024-09-05_15h33.34.906,Symbol-E,2020.1.3,MacIntel,Safari,"Mozilla/5.0 (Macintosh; Intel Mac OS X 10_15_7) AppleWebKit/605.1.15 (KHTML, like Gecko) Version/17.6 Safari/605.1.15",60,,,,,,,,,,,,,,,,,,,,,,,,,,,,,,,,,,,,media/dgnb.png,5,1,Symb,u,TR,0,0,1,0,8,0,23,0,1,4,1.0472405,u,1.358,5,1,,,,,,,,,,,,,,,,,,,,,,,,,,,,,,,,,,,,,,,,,,,,,,,,,,,,,,,,,,,,,,,,,,,,,,,,,,,,,,,,,,u,1,,,,,,,,,,,1.358,0,0,0,0,1,,,,,,,,,,,,
,,,,,,,,,,,,,,,,,107,4,2024-09-05_15h33.34.906,Symbol-E,2020.1.3,MacIntel,Safari,"Mozilla/5.0 (Macintosh; Intel Mac OS X 10_15_7) AppleWebKit/605.1.15 (KHTML, like Gecko) Version/17.6 Safari/605.1.15",60,,,,,,,,,,,,,,,,,,,,,,,,,,,,,,,,,,,,,,,,,,,,,,,,,,,,,,,,,,,,,,,,,,,,,,,,,,,,,,,,,,,,,,,,,,,,,,,,,,,,,,,,,,,,,,,,,,,,,,,,,,,,,,,,,,,,,,,,,,,,,,,,,23,0,23,0,1,,,,,,,,,,,,,,,,,,
,,,,,,,,,,,,,,,,,107,4,2024-09-05_15h33.34.906,Symbol-E,2020.1.3,MacIntel,Safari,"Mozilla/5.0 (Macintosh; Intel Mac OS X 10_15_7) AppleWebKit/605.1.15 (KHTML, like Gecko) Version/17.6 Safari/605.1.15",60,,,,,,,,,,,,,,,,,,,,,,,,,,,,,,,,,,,,media/dcnb.png,0,0,Symb,a,TR,0,0,1,0,8,0,24,0,1,4,0.083351462,w,1.371,1,0,,,,,,,,,,,,,,,,,,,,,,,,,,,,,,,,,,,,,,,,,,,,,,,,,,,,,,,,,,,,,,,,,,,,,,,,,,,,,,,,,,w,0,,,,,,,,,,,1.371,0,0,0,0,1,,,,,,,,,,,,
,,,,,,,,,,,,,,,,,107,4,2024-09-05_15h33.34.906,Symbol-E,2020.1.3,MacIntel,Safari,"Mozilla/5.0 (Macintosh; Intel Mac OS X 10_15_7) AppleWebKit/605.1.15 (KHTML, like Gecko) Version/17.6 Safari/605.1.15",60,,,,,,,,,,,,,,,,,,,,,,,,,,,,,,,,,,,,,,,,,,,,,,,,,,,,,,,,,,,,,,,,,,,,,,,,,,,,,,,,,,,,,,,,,,,,,,,,,,,,,,,,,,,,,,,,,,,,,,,,,,,,,,,,,,,,,,,,,,,,,,,,,24,0,24,0,1,,,,,,,,,,,,,,,,,,
,,,,,,,,,,,,,,,,,107,4,2024-09-05_15h33.34.906,Symbol-E,2020.1.3,MacIntel,Safari,"Mozilla/5.0 (Macintosh; Intel Mac OS X 10_15_7) AppleWebKit/605.1.15 (KHTML, like Gecko) Version/17.6 Safari/605.1.15",60,,,,,,,,,,,,,,,,,,,,,,,,,,,,,,,,,,,,media/dinb.png,3,3,Symb,f,TR,0,0,1,0,8,0,25,0,1,4,0.12575825,f,1.356,3,1,,,,,,,,,,,,,,,,,,,,,,,,,,,,,,,,,,,,,,,,,,,,,,,,,,,,,,,,,,,,,,,,,,,,,,,,,,,,,,,,,,f,1,,,,,,,,,,,1.356,0,0,0,0,1,,,,,,,,,,,,
,,,,,,,,,,,,,,,,,107,4,2024-09-05_15h33.34.906,Symbol-E,2020.1.3,MacIntel,Safari,"Mozilla/5.0 (Macintosh; Intel Mac OS X 10_15_7) AppleWebKit/605.1.15 (KHTML, like Gecko) Version/17.6 Safari/605.1.15",60,,,,,,,,,,,,,,,,,,,,,,,,,,,,,,,,,,,,,,,,,,,,,,,,,,,,,,,,,,,,,,,,,,,,,,,,,,,,,,,,,,,,,,,,,,,,,,,,,,,,,,,,,,,,,,,,,,,,,,,,,,,,,,,,,,,,,,,,,,,,,,,,,25,0,25,0,1,,,,,,,,,,,,,,,,,,
,,,,,,,,,,,,,,,,,107,4,2024-09-05_15h33.34.906,Symbol-E,2020.1.3,MacIntel,Safari,"Mozilla/5.0 (Macintosh; Intel Mac OS X 10_15_7) AppleWebKit/605.1.15 (KHTML, like Gecko) Version/17.6 Safari/605.1.15",60,,,,,,,,,,,,,,,,,,,,,,,,,,,,,,,,,,,,media/dfnb.png,1,1,Symb,w,TR,0,0,1,0,8,0,26,0,1,4,0.193644537,w,1.356,1,1,,,,,,,,,,,,,,,,,,,,,,,,,,,,,,,,,,,,,,,,,,,,,,,,,,,,,,,,,,,,,,,,,,,,,,,,,,,,,,,,,,w,1,,,,,,,,,,,1.356,0,0,0,0,1,,,,,,,,,,,,
,,,,,,,,,,,,,,,,,107,4,2024-09-05_15h33.34.906,Symbol-E,2020.1.3,MacIntel,Safari,"Mozilla/5.0 (Macintosh; Intel Mac OS X 10_15_7) AppleWebKit/605.1.15 (KHTML, like Gecko) Version/17.6 Safari/605.1.15",60,,,,,,,,,,,,,,,,,,,,,,,,,,,,,,,,,,,,,,,,,,,,,,,,,,,,,,,,,,,,,,,,,,,,,,,,,,,,,,,,,,,,,,,,,,,,,,,,,,,,,,,,,,,,,,,,,,,,,,,,,,,,,,,,,,,,,,,,,,,,,,,,,26,0,26,0,1,,,,,,,,,,,,,,,,,,
,,,,,,,,,,,,,,,,,107,4,2024-09-05_15h33.34.906,Symbol-E,2020.1.3,MacIntel,Safari,"Mozilla/5.0 (Macintosh; Intel Mac OS X 10_15_7) AppleWebKit/605.1.15 (KHTML, like Gecko) Version/17.6 Safari/605.1.15",60,,,,,,,,,,,,,,,,,,,,,,,,,,,,,,,,,,,,media/dmnb.png,2,2,Symb,e,TR,0,0,1,0,8,0,27,0,1,4,1.143566306,e,1.404,2,1,,,,,,,,,,,,,,,,,,,,,,,,,,,,,,,,,,,,,,,,,,,,,,,,,,,,,,,,,,,,,,,,,,,,,,,,,,,,,,,,,,e,1,,,,,,,,,,,1.404,0,0,0,0,1,,,,,,,,,,,,
,,,,,,,,,,,,,,,,,107,4,2024-09-05_15h33.34.906,Symbol-E,2020.1.3,MacIntel,Safari,"Mozilla/5.0 (Macintosh; Intel Mac OS X 10_15_7) AppleWebKit/605.1.15 (KHTML, like Gecko) Version/17.6 Safari/605.1.15",60,,,,,,,,,,,,,,,,,,,,,,,,,,,,,,,,,,,,,,,,,,,,,,,,,,,,,,,,,,,,,,,,,,,,,,,,,,,,,,,,,,,,,,,,,,,,,,,,,,,,,,,,,,,,,,,,,,,,,,,,,,,,,,,,,,,,,,,,,,,,,,,,,27,0,27,0,1,,,,,,,,,,,,,,,,,,
,,,,,,,,,,,,,,,,,107,4,2024-09-05_15h33.34.906,Symbol-E,2020.1.3,MacIntel,Safari,"Mozilla/5.0 (Macintosh; Intel Mac OS X 10_15_7) AppleWebKit/605.1.15 (KHTML, like Gecko) Version/17.6 Safari/605.1.15",60,,,,,,,,,,,,,,,,,,,,,,,,,,,,,,,,,,,,media/dmnb.png,2,2,Symb,e,TR,0,0,1,0,8,0,28,0,1,4,0.957550085,e,1.4,2,1,,,,,,,,,,,,,,,,,,,,,,,,,,,,,,,,,,,,,,,,,,,,,,,,,,,,,,,,,,,,,,,,,,,,,,,,,,,,,,,,,,e,1,,,,,,,,,,,1.4,0,0,0,0,1,,,,,,,,,,,,
,,,,,,,,,,,,,,,,,107,4,2024-09-05_15h33.34.906,Symbol-E,2020.1.3,MacIntel,Safari,"Mozilla/5.0 (Macintosh; Intel Mac OS X 10_15_7) AppleWebKit/605.1.15 (KHTML, like Gecko) Version/17.6 Safari/605.1.15",60,,,,,,,,,,,,,,,,,,,,,,,,,,,,,,,,,,,,,,,,,,,,,,,,,,,,,,,,,,,,,,,,,,,,,,,,,,,,,,,,,,,,,,,,,,,,,,,,,,,,,,,,,,,,,,,,,,,,,,,,,,,,,,,,,,,,,,,,,,,,,,,,,28,0,28,0,1,,,,,,,,,,,,,,,,,,
,,,,,,,,,,,,,,,,,107,4,2024-09-05_15h33.34.906,Symbol-E,2020.1.3,MacIntel,Safari,"Mozilla/5.0 (Macintosh; Intel Mac OS X 10_15_7) AppleWebKit/605.1.15 (KHTML, like Gecko) Version/17.6 Safari/605.1.15",60,,,,,,,,,,,,,,,,,,,,,,,,,,,,,,,,,,,,media/dgnb.png,5,1,Symb,u,TR,0,0,1,0,8,0,29,0,1,4,0.935163231,u,1.384,5,1,,,,,,,,,,,,,,,,,,,,,,,,,,,,,,,,,,,,,,,,,,,,,,,,,,,,,,,,,,,,,,,,,,,,,,,,,,,,,,,,,,u,1,,,,,,,,,,,1.384,0,0,0,0,1,,,,,,,,,,,,
,,,,,,,,,,,,,,,,,107,4,2024-09-05_15h33.34.906,Symbol-E,2020.1.3,MacIntel,Safari,"Mozilla/5.0 (Macintosh; Intel Mac OS X 10_15_7) AppleWebKit/605.1.15 (KHTML, like Gecko) Version/17.6 Safari/605.1.15",60,,,,,,,,,,,,,,,,,,,,,,,,,,,,,,,,,,,,,,,,,,,,,,,,,,,,,,,,,,,,,,,,,,,,,,,,,,,,,,,,,,,,,,,,,,,,,,,,,,,,,,,,,,,,,,,,,,,,,,,,,,,,,,,,,,,,,,,,,,,,,,,,,29,0,29,0,1,,,,,,,,,,,,,,,,,,
,,,,,,,,,,,,,,,,,107,4,2024-09-05_15h33.34.906,Symbol-E,2020.1.3,MacIntel,Safari,"Mozilla/5.0 (Macintosh; Intel Mac OS X 10_15_7) AppleWebKit/605.1.15 (KHTML, like Gecko) Version/17.6 Safari/605.1.15",60,,,,,,,,,,,,,,,,,,,,,,,,,,,,,,,,,,,,media/dnnb.png,6,2,Symb,i,TR,0,0,1,0,8,0,30,0,1,4,0.369893854,e,1.302,2,0,,,,,,,,,,,,,,,,,,,,,,,,,,,,,,,,,,,,,,,,,,,,,,,,,,,,,,,,,,,,,,,,,,,,,,,,,,,,,,,,,,e,0,,,,,,,,,,,1.302,0,0,0,0,1,,,,,,,,,,,,
,,,,,,,,,,,,,,,,,107,4,2024-09-05_15h33.34.906,Symbol-E,2020.1.3,MacIntel,Safari,"Mozilla/5.0 (Macintosh; Intel Mac OS X 10_15_7) AppleWebKit/605.1.15 (KHTML, like Gecko) Version/17.6 Safari/605.1.15",60,,,,,,,,,,,,,,,,,,,,,,,,,,,,,,,,,,,,,,,,,,,,,,,,,,,,,,,,,,,,,,,,,,,,,,,,,,,,,,,,,,,,,,,,,,,,,,,,,,,,,,,,,,,,,,,,,,,,,,,,,,,,,,,,,,,,,,,,,,,,,,,,,30,0,30,0,1,,,,,,,,,,,,,,,,,,
,,,,,,,,,,,,,,,,,107,4,2024-09-05_15h33.34.906,Symbol-E,2020.1.3,MacIntel,Safari,"Mozilla/5.0 (Macintosh; Intel Mac OS X 10_15_7) AppleWebKit/605.1.15 (KHTML, like Gecko) Version/17.6 Safari/605.1.15",60,,,,,,,,,,,,,,,,,,,,,,,,,,,,,,,,,,,,media/ddnb.png,4,0,Symb,h,TR,0,0,1,0,8,0,31,0,1,4,0.791366577,h,1.34,4,1,,,,,,,,,,,,,,,,,,,,,,,,,,,,,,,,,,,,,,,,,,,,,,,,,,,,,,,,,,,,,,,,,,,,,,,,,,,,,,,,,,h,1,,,,,,,,,,,1.34,0,0,0,0,1,,,,,,,,,,,,
,,,,,,,,,,,,,,,,,107,4,2024-09-05_15h33.34.906,Symbol-E,2020.1.3,MacIntel,Safari,"Mozilla/5.0 (Macintosh; Intel Mac OS X 10_15_7) AppleWebKit/605.1.15 (KHTML, like Gecko) Version/17.6 Safari/605.1.15",60,,,,,,,,,,,,,,,,,,,,,,,,,,,,,,,,,,,,,,,,,,,,,,,,,,,,,,,,,,,,,,,,,,,,,,,,,,,,,,,,,,,,,,,,,,,,,,,,,,,,,,,,,,,,,,,,,,,,,,,,,,,,,,,,,,,,,,,,,,,,,,,,,31,0,31,0,1,,,,,,,,,,,,,,,,,,
,,,,,,,,,,,,,,,,,107,4,2024-09-05_15h33.34.906,Symbol-E,2020.1.3,MacIntel,Safari,"Mozilla/5.0 (Macintosh; Intel Mac OS X 10_15_7) AppleWebKit/605.1.15 (KHTML, like Gecko) Version/17.6 Safari/605.1.15",60,,,,,,,,,,,,,,,,,,,,,,,,,,,,,,,,,,,,media/dnnb.png,6,2,Symb,i,TR,0,0,1,0,8,0,32,0,1,4,0.81704701,i,1.327,6,1,,,,,,,,,,,,,,,,,,,,,,,,,,,,,,,,,,,,,,,,,,,,,,,,,,,,,,,,,,,,,,,,,,,,,,,,,,,,,,,,,,i,1,,,,,,,,,,,1.327,0,0,0,0,1,,,,,,,,,,,,
,,,,,,,,,,,,,,,,,107,4,2024-09-05_15h33.34.906,Symbol-E,2020.1.3,MacIntel,Safari,"Mozilla/5.0 (Macintosh; Intel Mac OS X 10_15_7) AppleWebKit/605.1.15 (KHTML, like Gecko) Version/17.6 Safari/605.1.15",60,,,,,,,,,,,,,,,,,,,,,,,,,,,,,,,,,,,,,,,,,,,,,,,,,,,,,,,,,,,,,,,,,,,,,,,,,,,,,,,,,,,,,,,,,,,,,,,,,,,,,,,,,,,,,,,,,,,,,,,,,,,,,,,,,,,,,,,,,,,,,,,,,32,0,32,0,1,,,,,,,,,,,,,,,,,,
,,,,,,,,,,,,,,,,,107,4,2024-09-05_15h33.34.906,Symbol-E,2020.1.3,MacIntel,Safari,"Mozilla/5.0 (Macintosh; Intel Mac OS X 10_15_7) AppleWebKit/605.1.15 (KHTML, like Gecko) Version/17.6 Safari/605.1.15",60,,,,,,,,,,,,,,,,,,,,,,,,,,,,,,,,,,,,media/dcnb.png,0,0,Symb,a,TR,0,0,1,0,8,0,33,0,1,4,0.980411551,a,1.31,0,1,,,,,,,,,,,,,,,,,,,,,,,,,,,,,,,,,,,,,,,,,,,,,,,,,,,,,,,,,,,,,,,,,,,,,,,,,,,,,,,,,,a,1,,,,,,,,,,,1.31,0,0,0,0,1,,,,,,,,,,,,
,,,,,,,,,,,,,,,,,107,4,2024-09-05_15h33.34.906,Symbol-E,2020.1.3,MacIntel,Safari,"Mozilla/5.0 (Macintosh; Intel Mac OS X 10_15_7) AppleWebKit/605.1.15 (KHTML, like Gecko) Version/17.6 Safari/605.1.15",60,,,,,,,,,,,,,,,,,,,,,,,,,,,,,,,,,,,,,,,,,,,,,,,,,,,,,,,,,,,,,,,,,,,,,,,,,,,,,,,,,,,,,,,,,,,,,,,,,,,,,,,,,,,,,,,,,,,,,,,,,,,,,,,,,,,,,,,,,,,,,,,,,33,0,33,0,1,,,,,,,,,,,,,,,,,,
,,,,,,,,,,,,,,,,,107,4,2024-09-05_15h33.34.906,Symbol-E,2020.1.3,MacIntel,Safari,"Mozilla/5.0 (Macintosh; Intel Mac OS X 10_15_7) AppleWebKit/605.1.15 (KHTML, like Gecko) Version/17.6 Safari/605.1.15",60,,,,,,,,,,,,,,,,,,,,,,,,,,,,,,,,,,,,media/dinb.png,3,3,Symb,f,TR,0,0,1,0,8,0,34,0,1,4,0.253739045,e,1.288,2,0,,,,,,,,,,,,,,,,,,,,,,,,,,,,,,,,,,,,,,,,,,,,,,,,,,,,,,,,,,,,,,,,,,,,,,,,,,,,,,,,,,e,0,,,,,,,,,,,1.288,0,0,0,0,1,,,,,,,,,,,,
,,,,,,,,,,,,,,,,,107,4,2024-09-05_15h33.34.906,Symbol-E,2020.1.3,MacIntel,Safari,"Mozilla/5.0 (Macintosh; Intel Mac OS X 10_15_7) AppleWebKit/605.1.15 (KHTML, like Gecko) Version/17.6 Safari/605.1.15",60,,,,,,,,,,,,,,,,,,,,,,,,,,,,,,,,,,,,,,,,,,,,,,,,,,,,,,,,,,,,,,,,,,,,,,,,,,,,,,,,,,,,,,,,,,,,,,,,,,,,,,,,,,,,,,,,,,,,,,,,,,,,,,,,,,,,,,,,,,,,,,,,,34,0,34,0,1,,,,,,,,,,,,,,,,,,
,,,,,,,,,,,,,,,,,107,4,2024-09-05_15h33.34.906,Symbol-E,2020.1.3,MacIntel,Safari,"Mozilla/5.0 (Macintosh; Intel Mac OS X 10_15_7) AppleWebKit/605.1.15 (KHTML, like Gecko) Version/17.6 Safari/605.1.15",60,,,,,,,,,,,,,,,,,,,,,,,,,,,,,,,,,,,,media/djnb.png,7,3,Symb,l,TR,0,0,1,0,8,0,35,0,1,4,0.372891127,i,1.463,6,0,,,,,,,,,,,,,,,,,,,,,,,,,,,,,,,,,,,,,,,,,,,,,,,,,,,,,,,,,,,,,,,,,,,,,,,,,,,,,,,,,,i,0,,,,,,,,,,,1.463,0,0,0,0,1,,,,,,,,,,,,
,,,,,,,,,,,,,,,,,107,4,2024-09-05_15h33.34.906,Symbol-E,2020.1.3,MacIntel,Safari,"Mozilla/5.0 (Macintosh; Intel Mac OS X 10_15_7) AppleWebKit/605.1.15 (KHTML, like Gecko) Version/17.6 Safari/605.1.15",60,,,,,,,,,,,,,,,,,,,,,,,,,,,,,,,,,,,,,,,,,,,,,,,,,,,,,,,,,,,,,,,,,,,,,,,,,,,,,,,,,,,,,,,,,,,,,,,,,,,,,,,,,,,,,,,,,,,,,,,,,,,,,,,,,,,,,,,,,,,,,,,,,35,0,35,0,1,,,,,,,,,,,,,,,,,,
,,,,,,,,,,,,,,,,,107,4,2024-09-05_15h33.34.906,Symbol-E,2020.1.3,MacIntel,Safari,"Mozilla/5.0 (Macintosh; Intel Mac OS X 10_15_7) AppleWebKit/605.1.15 (KHTML, like Gecko) Version/17.6 Safari/605.1.15",60,,,,,,,,,,,,,,,,,,,,,,,,,,,,,,,,,,,,media/dmnb.png,2,2,Symb,e,TR,0,0,1,0,8,0,36,0,1,4,0.701060409,e,1.32,2,1,,,,,,,,,,,,,,,,,,,,,,,,,,,,,,,,,,,,,,,,,,,,,,,,,,,,,,,,,,,,,,,,,,,,,,,,,,,,,,,,,,e,1,,,,,,,,,,,1.32,0,0,0,0,1,,,,,,,,,,,,
,,,,,,,,,,,,,,,,,107,4,2024-09-05_15h33.34.906,Symbol-E,2020.1.3,MacIntel,Safari,"Mozilla/5.0 (Macintosh; Intel Mac OS X 10_15_7) AppleWebKit/605.1.15 (KHTML, like Gecko) Version/17.6 Safari/605.1.15",60,,,,,,,,,,,,,,,,,,,,,,,,,,,,,,,,,,,,,,,,,,,,,,,,,,,,,,,,,,,,,,,,,,,,,,,,,,,,,,,,,,,,,,,,,,,,,,,,,,,,,,,,,,,,,,,,,,,,,,,,,,,,,,,,,,,,,,,,,,,,,,,,,36,0,36,0,1,,,,,,,,,,,,,,,,,,
,,,,,,,,,,,,,,,,,107,4,2024-09-05_15h33.34.906,Symbol-E,2020.1.3,MacIntel,Safari,"Mozilla/5.0 (Macintosh; Intel Mac OS X 10_15_7) AppleWebKit/605.1.15 (KHTML, like Gecko) Version/17.6 Safari/605.1.15",60,,,,,,,,,,,,,,,,,,,,,,,,,,,,,,,,,,,,media/dmnb.png,2,2,Symb,e,TR,0,0,1,0,8,0,37,0,1,4,0.440571739,e,1.426,2,1,,,,,,,,,,,,,,,,,,,,,,,,,,,,,,,,,,,,,,,,,,,,,,,,,,,,,,,,,,,,,,,,,,,,,,,,,,,,,,,,,,e,1,,,,,,,,,,,1.426,0,0,0,0,1,,,,,,,,,,,,
,,,,,,,,,,,,,,,,,107,4,2024-09-05_15h33.34.906,Symbol-E,2020.1.3,MacIntel,Safari,"Mozilla/5.0 (Macintosh; Intel Mac OS X 10_15_7) AppleWebKit/605.1.15 (KHTML, like Gecko) Version/17.6 Safari/605.1.15",60,,,,,,,,,,,,,,,,,,,,,,,,,,,,,,,,,,,,,,,,,,,,,,,,,,,,,,,,,,,,,,,,,,,,,,,,,,,,,,,,,,,,,,,,,,,,,,,,,,,,,,,,,,,,,,,,,,,,,,,,,,,,,,,,,,,,,,,,,,,,,,,,,37,0,37,0,1,,,,,,,,,,,,,,,,,,
,,,,,,,,,,,,,,,,,107,4,2024-09-05_15h33.34.906,Symbol-E,2020.1.3,MacIntel,Safari,"Mozilla/5.0 (Macintosh; Intel Mac OS X 10_15_7) AppleWebKit/605.1.15 (KHTML, like Gecko) Version/17.6 Safari/605.1.15",60,,,,,,,,,,,,,,,,,,,,,,,,,,,,,,,,,,,,media/ddnb.png,4,0,Symb,h,TR,0,0,1,0,8,0,38,0,1,4,0.044929535,f,1.393,3,0,,,,,,,,,,,,,,,,,,,,,,,,,,,,,,,,,,,,,,,,,,,,,,,,,,,,,,,,,,,,,,,,,,,,,,,,,,,,,,,,,,f,0,,,,,,,,,,,1.393,0,0,0,0,1,,,,,,,,,,,,
,,,,,,,,,,,,,,,,,107,4,2024-09-05_15h33.34.906,Symbol-E,2020.1.3,MacIntel,Safari,"Mozilla/5.0 (Macintosh; Intel Mac OS X 10_15_7) AppleWebKit/605.1.15 (KHTML, like Gecko) Version/17.6 Safari/605.1.15",60,,,,,,,,,,,,,,,,,,,,,,,,,,,,,,,,,,,,,,,,,,,,,,,,,,,,,,,,,,,,,,,,,,,,,,,,,,,,,,,,,,,,,,,,,,,,,,,,,,,,,,,,,,,,,,,,,,,,,,,,,,,,,,,,,,,,,,,,,,,,,,,,,38,0,38,0,1,,,,,,,,,,,,,,,,,,
,,,,,,,,,,,,,,,,,107,4,2024-09-05_15h33.34.906,Symbol-E,2020.1.3,MacIntel,Safari,"Mozilla/5.0 (Macintosh; Intel Mac OS X 10_15_7) AppleWebKit/605.1.15 (KHTML, like Gecko) Version/17.6 Safari/605.1.15",60,,,,,,,,,,,,,,,,,,,,,,,,,,,,,,,,,,,,media/dinb.png,3,3,Symb,f,TR,0,0,1,0,8,0,39,0,1,4,0.989228228,f,1.308,3,1,,,,,,,,,,,,,,,,,,,,,,,,,,,,,,,,,,,,,,,,,,,,,,,,,,,,,,,,,,,,,,,,,,,,,,,,,,,,,,,,,,f,1,,,,,,,,,,,1.308,0,0,0,0,1,,,,,,,,,,,,
,,,,,,,,,,,,,,,,,107,4,2024-09-05_15h33.34.906,Symbol-E,2020.1.3,MacIntel,Safari,"Mozilla/5.0 (Macintosh; Intel Mac OS X 10_15_7) AppleWebKit/605.1.15 (KHTML, like Gecko) Version/17.6 Safari/605.1.15",60,,,,,,,,,,,,,,,,,,,,,,,,,,,,,,,,,,,,,,,,,,,,,,,,,,,,,,,,,,,,,,,,,,,,,,,,,,,,,,,,,,,,,,,,,,,,,,,,,,,,,,,,,,,,,,,,,,,,,,,,,,,,,,,,,,,,,,,,,,,,,,,,,39,0,39,0,1,,,,,,,,,,,,,,,,,,
,,,,,,,,,,,,,,,,,107,4,2024-09-05_15h33.34.906,Symbol-E,2020.1.3,MacIntel,Safari,"Mozilla/5.0 (Macintosh; Intel Mac OS X 10_15_7) AppleWebKit/605.1.15 (KHTML, like Gecko) Version/17.6 Safari/605.1.15",60,,,,,,,,,,,,,,,,,,,,,,,,,,,,,,,,,,,,media/ddnb.png,4,0,Symb,h,TR,0,0,1,0,8,0,40,0,1,4,0.695692052,h,1.373,4,1,,,,,,,,,,,,,,,,,,,,,,,,,,,,,,,,,,,,,,,,,,,,,,,,,,,,,,,,,,,,,,,,,,,,,,,,,,,,,,,,,,h,1,,,,,,,,,,,1.373,0,0,0,0,1,,,,,,,,,,,,
,,,,,,,,,,,,,,,,,107,4,2024-09-05_15h33.34.906,Symbol-E,2020.1.3,MacIntel,Safari,"Mozilla/5.0 (Macintosh; Intel Mac OS X 10_15_7) AppleWebKit/605.1.15 (KHTML, like Gecko) Version/17.6 Safari/605.1.15",60,,,,,,,,,,,,,,,,,,,,,,,,,,,,,,,,,,,,,,,,,,,,,,,,,,,,,,,,,,,,,,,,,,,,,,,,,,,,,,,,,,,,,,,,,,,,,,,,,,,,,,,,,,,,,,,,,,,,,,,,,,,,,,,,,,,,,,,,,,,,,,,,,40,0,40,0,1,,,,,,,,,,,,,,,,,,
,,,,,,,,,,,,,,,,,107,4,2024-09-05_15h33.34.906,Symbol-E,2020.1.3,MacIntel,Safari,"Mozilla/5.0 (Macintosh; Intel Mac OS X 10_15_7) AppleWebKit/605.1.15 (KHTML, like Gecko) Version/17.6 Safari/605.1.15",60,,,,,,,,,,,,,,,,,,,,,,,,,,,,,,,,,,,,media/dgnb.png,5,1,Symb,u,TR,0,0,1,0,8,0,41,0,1,4,0.543753127,i,1.384,6,0,,,,,,,,,,,,,,,,,,,,,,,,,,,,,,,,,,,,,,,,,,,,,,,,,,,,,,,,,,,,,,,,,,,,,,,,,,,,,,,,,,i,0,,,,,,,,,,,1.384,0,0,0,0,1,,,,,,,,,,,,
,,,,,,,,,,,,,,,,,107,4,2024-09-05_15h33.34.906,Symbol-E,2020.1.3,MacIntel,Safari,"Mozilla/5.0 (Macintosh; Intel Mac OS X 10_15_7) AppleWebKit/605.1.15 (KHTML, like Gecko) Version/17.6 Safari/605.1.15",60,,,,,,,,,,,,,,,,,,,,,,,,,,,,,,,,,,,,,,,,,,,,,,,,,,,,,,,,,,,,,,,,,,,,,,,,,,,,,,,,,,,,,,,,,,,,,,,,,,,,,,,,,,,,,,,,,,,,,,,,,,,,,,,,,,,,,,,,,,,,,,,,,41,0,41,0,1,,,,,,,,,,,,,,,,,,
,,,,,,,,,,,,,,,,,107,4,2024-09-05_15h33.34.906,Symbol-E,2020.1.3,MacIntel,Safari,"Mozilla/5.0 (Macintosh; Intel Mac OS X 10_15_7) AppleWebKit/605.1.15 (KHTML, like Gecko) Version/17.6 Safari/605.1.15",60,,,,,,,,,,,,,,,,,,,,,,,,,,,,,,,,,,,,media/dnnb.png,6,2,Symb,i,TR,0,0,1,0,8,0,42,0,1,4,0.989491929,i,1.287,6,1,,,,,,,,,,,,,,,,,,,,,,,,,,,,,,,,,,,,,,,,,,,,,,,,,,,,,,,,,,,,,,,,,,,,,,,,,,,,,,,,,,i,1,,,,,,,,,,,1.287,0,0,0,0,1,,,,,,,,,,,,
,,,,,,,,,,,,,,,,,107,4,2024-09-05_15h33.34.906,Symbol-E,2020.1.3,MacIntel,Safari,"Mozilla/5.0 (Macintosh; Intel Mac OS X 10_15_7) AppleWebKit/605.1.15 (KHTML, like Gecko) Version/17.6 Safari/605.1.15",60,,,,,,,,,,,,,,,,,,,,,,,,,,,,,,,,,,,,,,,,,,,,,,,,,,,,,,,,,,,,,,,,,,,,,,,,,,,,,,,,,,,,,,,,,,,,,,,,,,,,,,,,,,,,,,,,,,,,,,,,,,,,,,,,,,,,,,,,,,,,,,,,,42,0,42,0,1,,,,,,,,,,,,,,,,,,
,,,,,,,,,,,,,,,,,107,4,2024-09-05_15h33.34.906,Symbol-E,2020.1.3,MacIntel,Safari,"Mozilla/5.0 (Macintosh; Intel Mac OS X 10_15_7) AppleWebKit/605.1.15 (KHTML, like Gecko) Version/17.6 Safari/605.1.15",60,,,,,,,,,,,,,,,,,,,,,,,,,,,,,,,,,,,,media/dcnb.png,0,0,Symb,a,TR,0,0,1,0,8,0,43,0,1,4,1.186644517,a,1.325,0,1,,,,,,,,,,,,,,,,,,,,,,,,,,,,,,,,,,,,,,,,,,,,,,,,,,,,,,,,,,,,,,,,,,,,,,,,,,,,,,,,,,a,1,,,,,,,,,,,1.325,0,0,0,0,1,,,,,,,,,,,,
,,,,,,,,,,,,,,,,,107,4,2024-09-05_15h33.34.906,Symbol-E,2020.1.3,MacIntel,Safari,"Mozilla/5.0 (Macintosh; Intel Mac OS X 10_15_7) AppleWebKit/605.1.15 (KHTML, like Gecko) Version/17.6 Safari/605.1.15",60,,,,,,,,,,,,,,,,,,,,,,,,,,,,,,,,,,,,,,,,,,,,,,,,,,,,,,,,,,,,,,,,,,,,,,,,,,,,,,,,,,,,,,,,,,,,,,,,,,,,,,,,,,,,,,,,,,,,,,,,,,,,,,,,,,,,,,,,,,,,,,,,,43,0,43,0,1,,,,,,,,,,,,,,,,,,
,,,,,,,,,,,,,,,,,107,4,2024-09-05_15h33.34.906,Symbol-E,2020.1.3,MacIntel,Safari,"Mozilla/5.0 (Macintosh; Intel Mac OS X 10_15_7) AppleWebKit/605.1.15 (KHTML, like Gecko) Version/17.6 Safari/605.1.15",60,,,,,,,,,,,,,,,,,,,,,,,,,,,,,,,,,,,,media/djnb.png,7,3,Symb,l,TR,0,0,1,0,8,0,44,0,1,4,0.570747818,l,1.324,7,1,,,,,,,,,,,,,,,,,,,,,,,,,,,,,,,,,,,,,,,,,,,,,,,,,,,,,,,,,,,,,,,,,,,,,,,,,,,,,,,,,,l,1,,,,,,,,,,,1.324,0,0,0,0,1,,,,,,,,,,,,
,,,,,,,,,,,,,,,,,107,4,2024-09-05_15h33.34.906,Symbol-E,2020.1.3,MacIntel,Safari,"Mozilla/5.0 (Macintosh; Intel Mac OS X 10_15_7) AppleWebKit/605.1.15 (KHTML, like Gecko) Version/17.6 Safari/605.1.15",60,,,,,,,,,,,,,,,,,,,,,,,,,,,,,,,,,,,,,,,,,,,,,,,,,,,,,,,,,,,,,,,,,,,,,,,,,,,,,,,,,,,,,,,,,,,,,,,,,,,,,,,,,,,,,,,,,,,,,,,,,,,,,,,,,,,,,,,,,,,,,,,,,44,0,44,0,1,,,,,,,,,,,,,,,,,,
,,,,,,,,,,,,,,,,,107,4,2024-09-05_15h33.34.906,Symbol-E,2020.1.3,MacIntel,Safari,"Mozilla/5.0 (Macintosh; Intel Mac OS X 10_15_7) AppleWebKit/605.1.15 (KHTML, like Gecko) Version/17.6 Safari/605.1.15",60,,,,,,,,,,,,,,,,,,,,,,,,,,,,,,,,,,,,media/dfnb.png,1,1,Symb,w,TR,0,0,1,0,8,0,45,0,1,4,0.37671919,f,1.201,3,0,,,,,,,,,,,,,,,,,,,,,,,,,,,,,,,,,,,,,,,,,,,,,,,,,,,,,,,,,,,,,,,,,,,,,,,,,,,,,,,,,,f,0,,,,,,,,,,,1.201,0,0,0,0,1,,,,,,,,,,,,
,,,,,,,,,,,,,,,,,107,4,2024-09-05_15h33.34.906,Symbol-E,2020.1.3,MacIntel,Safari,"Mozilla/5.0 (Macintosh; Intel Mac OS X 10_15_7) AppleWebKit/605.1.15 (KHTML, like Gecko) Version/17.6 Safari/605.1.15",60,,,,,,,,,,,,,,,,,,,,,,,,,,,,,,,,,,,,,,,,,,,,,,,,,,,,,,,,,,,,,,,,,,,,,,,,,,,,,,,,,,,,,,,,,,,,,,,,,,,,,,,,,,,,,,,,,,,,,,,,,,,,,,,,,,,,,,,,,,,,,,,,,45,0,45,0,1,,,,,,,,,,,,,,,,,,
,,,,,,,,,,,,,,,,,107,4,2024-09-05_15h33.34.906,Symbol-E,2020.1.3,MacIntel,Safari,"Mozilla/5.0 (Macintosh; Intel Mac OS X 10_15_7) AppleWebKit/605.1.15 (KHTML, like Gecko) Version/17.6 Safari/605.1.15",60,,,,,,,,,,,,,,,,,,,,,,,,,,,,,,,,,,,,media/dfnb.png,1,1,Symb,w,TR,0,0,1,0,8,0,46,0,1,4,0.602537298,w,1.353,1,1,,,,,,,,,,,,,,,,,,,,,,,,,,,,,,,,,,,,,,,,,,,,,,,,,,,,,,,,,,,,,,,,,,,,,,,,,,,,,,,,,,w,1,,,,,,,,,,,1.353,0,0,0,0,1,,,,,,,,,,,,
,,,,,,,,,,,,,,,,,107,4,2024-09-05_15h33.34.906,Symbol-E,2020.1.3,MacIntel,Safari,"Mozilla/5.0 (Macintosh; Intel Mac OS X 10_15_7) AppleWebKit/605.1.15 (KHTML, like Gecko) Version/17.6 Safari/605.1.15",60,,,,,,,,,,,,,,,,,,,,,,,,,,,,,,,,,,,,,,,,,,,,,,,,,,,,,,,,,,,,,,,,,,,,,,,,,,,,,,,,,,,,,,,,,,,,,,,,,,,,,,,,,,,,,,,,,,,,,,,,,,,,,,,,,,,,,,,,,,,,,,,,,46,0,46,0,1,,,,,,,,,,,,,,,,,,
,,,,,,,,,,,,,,,,,107,4,2024-09-05_15h33.34.906,Symbol-E,2020.1.3,MacIntel,Safari,"Mozilla/5.0 (Macintosh; Intel Mac OS X 10_15_7) AppleWebKit/605.1.15 (KHTML, like Gecko) Version/17.6 Safari/605.1.15",60,,,,,,,,,,,,,,,,,,,,,,,,,,,,,,,,,,,,media/dgnb.png,5,1,Symb,u,TR,0,0,1,0,8,0,47,0,1,4,0.332690154,u,1.352,5,1,,,,,,,,,,,,,,,,,,,,,,,,,,,,,,,,,,,,,,,,,,,,,,,,,,,,,,,,,,,,,,,,,,,,,,,,,,,,,,,,,,u,1,,,,,,,,,,,1.352,0,0,0,0,1,,,,,,,,,,,,
,,,,,,,,,,,,,,,,,107,4,2024-09-05_15h33.34.906,Symbol-E,2020.1.3,MacIntel,Safari,"Mozilla/5.0 (Macintosh; Intel Mac OS X 10_15_7) AppleWebKit/605.1.15 (KHTML, like Gecko) Version/17.6 Safari/605.1.15",60,,,,,,,,,,,,,,,,,,,,,,,,,,,,,,,,,,,,,,,,,,,,,,,,,,,,,,,,,,,,,,,,,,,,,,,,,,,,,,,,,,,,,,,,,,,,,,,,,,,,,,,,,,,,,,,,,,,,,,,,,,,,,,,,,,,,,,,,,,,,,,,,,47,0,47,0,1,,,,,,,,,,,,,,,,,,
,,,,,,,,,,,,,,,,,107,4,2024-09-05_15h33.34.906,Symbol-E,2020.1.3,MacIntel,Safari,"Mozilla/5.0 (Macintosh; Intel Mac OS X 10_15_7) AppleWebKit/605.1.15 (KHTML, like Gecko) Version/17.6 Safari/605.1.15",60,,,,,,,,,,,,,,,,,,,,,,,,,,,,,,,,,,,,media/djnb.png,7,3,Symb,l,TR,0,0,1,0,8,0,48,0,1,4,0.665077167,l,1.352,7,1,,,,,,,,,,,,,,,,,,,,,,,,,,,,,,,,,,,,,,,,,,,,,,,,,,,,,,,,,,,,,,,,,,,,,,,,,,,,,,,,,,l,1,,,,,,,,,,,1.352,0,0,0,0,1,,,,,,,,,,,,
,,,,,,,,,,,,,,,,,107,4,2024-09-05_15h33.34.906,Symbol-E,2020.1.3,MacIntel,Safari,"Mozilla/5.0 (Macintosh; Intel Mac OS X 10_15_7) AppleWebKit/605.1.15 (KHTML, like Gecko) Version/17.6 Safari/605.1.15",60,,,,,,,,,,,,,,,,,,,,,,,,,,,,,,,,,,,,,,,,,,,,,,,,,,,,,,,,,,,,,,,,,,,,,,,,,,,,,,,,,,,,,,,,,,,,,,,,,,,,,,,,,,,,,,,,,,,,,,,,,,,,,,,,,,,,,,,,,,,,,,,,,48,0,48,0,1,,,,,,,,,,,,,,,,,,
,,,,,,,,,,,,,,,,,107,4,2024-09-05_15h33.34.906,Symbol-E,2020.1.3,MacIntel,Safari,"Mozilla/5.0 (Macintosh; Intel Mac OS X 10_15_7) AppleWebKit/605.1.15 (KHTML, like Gecko) Version/17.6 Safari/605.1.15",60,,,,,,,,,,,,,,,,,,,,,,,,,,,,,,,,,,,,media/ddnb.png,4,0,Symb,h,TR,0,0,1,0,8,0,49,0,1,4,0.125938472,f,1.401,3,0,,,,,,,,,,,,,,,,,,,,,,,,,,,,,,,,,,,,,,,,,,,,,,,,,,,,,,,,,,,,,,,,,,,,,,,,,,,,,,,,,,f,0,,,,,,,,,,,1.401,0,0,0,0,1,,,,,,,,,,,,
,,,,,,,,,,,,,,,,,107,4,2024-09-05_15h33.34.906,Symbol-E,2020.1.3,MacIntel,Safari,"Mozilla/5.0 (Macintosh; Intel Mac OS X 10_15_7) AppleWebKit/605.1.15 (KHTML, like Gecko) Version/17.6 Safari/605.1.15",60,,,,,,,,,,,,,,,,,,,,,,,,,,,,,,,,,,,,,,,,,,,,,,,,,,,,,,,,,,,,,,,,,,,,,,,,,,,,,,,,,,,,,,,,,,,,,,,,,,,,,,,,,,,,,,,,,,,,,,,,,,,,,,,,,,,,,,,,,,,,,,,,,49,0,49,0,1,,,,,,,,,,,,,,,,,,
,,,,,,,,,,,,,,,,,107,4,2024-09-05_15h33.34.906,Symbol-E,2020.1.3,MacIntel,Safari,"Mozilla/5.0 (Macintosh; Intel Mac OS X 10_15_7) AppleWebKit/605.1.15 (KHTML, like Gecko) Version/17.6 Safari/605.1.15",60,,,,,,,,,,,,,,,,,,,,,,,,,,,,,,,,,,,,media/dgnb.png,5,1,Symb,u,TR,0,0,1,0,8,0,50,0,1,4,0.434786865,a,99,8,0,,,,,,,,,,,,,,,,,,,,,,,,,,,,,,,u,0.174,,,,,,,,,,,,,,,,,,,,,,,,,,,,,,,,,,,,,,,,,,,,,,,,,,,0,0,0,0,0,1,,,,,,,,,,,,,,,,,,,,,,,
,,,,,,,,,,,,,,,,,107,4,2024-09-05_15h33.34.906,Symbol-E,2020.1.3,MacIntel,Safari,"Mozilla/5.0 (Macintosh; Intel Mac OS X 10_15_7) AppleWebKit/605.1.15 (KHTML, like Gecko) Version/17.6 Safari/605.1.15",60,,,,,,,,,,,,,,,,,,,,,,,,,,,,,,,,,,,,,,,,,,,,,,,,,,,,,,,,,,,,,,,,,,,,,,,,,,,,,,,,,,,,,,,,,,,,,,,,,,,,,,,,,,,,,,,,,,,,,,,,,,,,,,,,,,,,,,,,,,,,,,,,,50,0,50,0,1,,,,,,,,,,,,,,,,,,
,,,,,,,,,,,,,,,,,107,4,2024-09-05_15h33.34.906,Symbol-E,2020.1.3,MacIntel,Safari,"Mozilla/5.0 (Macintosh; Intel Mac OS X 10_15_7) AppleWebKit/605.1.15 (KHTML, like Gecko) Version/17.6 Safari/605.1.15",60,,,,,,,,,,,,,,,,,,,,,,,,,,,,,,,,,,,,media/dfnb.png,1,1,Symb,w,TR,0,0,1,0,8,0,51,0,1,4,0.26357926,i,1.239,6,0,,,,,,,,,,,,,,,,,,,,,,,,,,,,,,,,,,,,,,,,,,,,,,,,,,,,,,,,,,,,,,,,,,,,,,,,,,,,,,,,,,i,0,,,,,,,,,,,1.239,0,0,0,0,1,,,,,,,,,,,,
,,,,,,,,,,,,,,,,,107,4,2024-09-05_15h33.34.906,Symbol-E,2020.1.3,MacIntel,Safari,"Mozilla/5.0 (Macintosh; Intel Mac OS X 10_15_7) AppleWebKit/605.1.15 (KHTML, like Gecko) Version/17.6 Safari/605.1.15",60,,,,,,,,,,,,,,,,,,,,,,,,,,,,,,,,,,,,,,,,,,,,,,,,,,,,,,,,,,,,,,,,,,,,,,,,,,,,,,,,,,,,,,,,,,,,,,,,,,,,,,,,,,,,,,,,,,,,,,,,,,,,,,,,,,,,,,,,,,,,,,,,,51,0,51,0,1,,,,,,,,,,,,,,,,,,
,,,,,,,,,,,,,,,,,107,4,2024-09-05_15h33.34.906,Symbol-E,2020.1.3,MacIntel,Safari,"Mozilla/5.0 (Macintosh; Intel Mac OS X 10_15_7) AppleWebKit/605.1.15 (KHTML, like Gecko) Version/17.6 Safari/605.1.15",60,,,,,,,,,,,,,,,,,,,,,,,,,,,,,,,,,,,,media/dcnb.png,0,0,Symb,a,TR,0,0,1,0,8,0,52,0,1,4,0.502488462,a,1.321,0,1,,,,,,,,,,,,,,,,,,,,,,,,,,,,,,,,,,,,,,,,,,,,,,,,,,,,,,,,,,,,,,,,,,,,,,,,,,,,,,,,,,a,1,,,,,,,,,,,1.321,0,0,0,0,1,,,,,,,,,,,,
,,,,,,,,,,,,,,,,,107,4,2024-09-05_15h33.34.906,Symbol-E,2020.1.3,MacIntel,Safari,"Mozilla/5.0 (Macintosh; Intel Mac OS X 10_15_7) AppleWebKit/605.1.15 (KHTML, like Gecko) Version/17.6 Safari/605.1.15",60,,,,,,,,,,,,,,,,,,,,,,,,,,,,,,,,,,,,,,,,,,,,,,,,,,,,,,,,,,,,,,,,,,,,,,,,,,,,,,,,,,,,,,,,,,,,,,,,,,,,,,,,,,,,,,,,,,,,,,,,,,,,,,,,,,,,,,,,,,,,,,,,,52,0,52,0,1,,,,,,,,,,,,,,,,,,
,,,,,,,,,,,,,,,,,107,4,2024-09-05_15h33.34.906,Symbol-E,2020.1.3,MacIntel,Safari,"Mozilla/5.0 (Macintosh; Intel Mac OS X 10_15_7) AppleWebKit/605.1.15 (KHTML, like Gecko) Version/17.6 Safari/605.1.15",60,,,,,,,,,,,,,,,,,,,,,,,,,,,,,,,,,,,,media/dinb.png,3,3,Symb,f,TR,0,0,1,0,8,0,53,0,1,4,1.078022727,f,1.269,3,1,,,,,,,,,,,,,,,,,,,,,,,,,,,,,,,,,,,,,,,,,,,,,,,,,,,,,,,,,,,,,,,,,,,,,,,,,,,,,,,,,,f,1,,,,,,,,,,,1.269,0,0,0,0,1,,,,,,,,,,,,
,,,,,,,,,,,,,,,,,107,4,2024-09-05_15h33.34.906,Symbol-E,2020.1.3,MacIntel,Safari,"Mozilla/5.0 (Macintosh; Intel Mac OS X 10_15_7) AppleWebKit/605.1.15 (KHTML, like Gecko) Version/17.6 Safari/605.1.15",60,,,,,,,,,,,,,,,,,,,,,,,,,,,,,,,,,,,,,,,,,,,,,,,,,,,,,,,,,,,,,,,,,,,,,,,,,,,,,,,,,,,,,,,,,,,,,,,,,,,,,,,,,,,,,,,,,,,,,,,,,,,,,,,,,,,,,,,,,,,,,,,,,53,0,53,0,1,,,,,,,,,,,,,,,,,,
,,,,,,,,,,,,,,,,,107,4,2024-09-05_15h33.34.906,Symbol-E,2020.1.3,MacIntel,Safari,"Mozilla/5.0 (Macintosh; Intel Mac OS X 10_15_7) AppleWebKit/605.1.15 (KHTML, like Gecko) Version/17.6 Safari/605.1.15",60,,,,,,,,,,,,,,,,,,,,,,,,,,,,,,,,,,,,media/dfnb.png,1,1,Symb,w,TR,0,0,1,0,8,0,54,0,1,4,0.772011703,l,1.304,7,0,,,,,,,,,,,,,,,,,,,,,,,,,,,,,,,,,,,,,,,,,,,,,,,,,,,,,,,,,,,,,,,,,,,,,,,,,,,,,,,,,,l,0,,,,,,,,,,,1.304,0,0,0,0,1,,,,,,,,,,,,
,,,,,,,,,,,,,,,,,107,4,2024-09-05_15h33.34.906,Symbol-E,2020.1.3,MacIntel,Safari,"Mozilla/5.0 (Macintosh; Intel Mac OS X 10_15_7) AppleWebKit/605.1.15 (KHTML, like Gecko) Version/17.6 Safari/605.1.15",60,,,,,,,,,,,,,,,,,,,,,,,,,,,,,,,,,,,,,,,,,,,,,,,,,,,,,,,,,,,,,,,,,,,,,,,,,,,,,,,,,,,,,,,,,,,,,,,,,,,,,,,,,,,,,,,,,,,,,,,,,,,,,,,,,,,,,,,,,,,,,,,,,54,0,54,0,1,,,,,,,,,,,,,,,,,,
,,,,,,,,,,,,,,,,,107,4,2024-09-05_15h33.34.906,Symbol-E,2020.1.3,MacIntel,Safari,"Mozilla/5.0 (Macintosh; Intel Mac OS X 10_15_7) AppleWebKit/605.1.15 (KHTML, like Gecko) Version/17.6 Safari/605.1.15",60,,,,,,,,,,,,,,,,,,,,,,,,,,,,,,,,,,,,media/dmnb.png,2,2,Symb,e,TR,0,0,1,0,8,0,55,0,1,4,0.396639905,e,1.243,2,1,,,,,,,,,,,,,,,,,,,,,,,,,,,,,,,,,,,,,,,,,,,,,,,,,,,,,,,,,,,,,,,,,,,,,,,,,,,,,,,,,,e,1,,,,,,,,,,,1.243,0,0,0,0,1,,,,,,,,,,,,
,,,,,,,,,,,,,,,,,107,4,2024-09-05_15h33.34.906,Symbol-E,2020.1.3,MacIntel,Safari,"Mozilla/5.0 (Macintosh; Intel Mac OS X 10_15_7) AppleWebKit/605.1.15 (KHTML, like Gecko) Version/17.6 Safari/605.1.15",60,,,,,,,,,,,,,,,,,,,,,,,,,,,,,,,,,,,,,,,,,,,,,,,,,,,,,,,,,,,,,,,,,,,,,,,,,,,,,,,,,,,,,,,,,,,,,,,,,,,,,,,,,,,,,,,,,,,,,,,,,,,,,,,,,,,,,,,,,,,,,,,,,55,0,55,0,1,,,,,,,,,,,,,,,,,,
,,,,,,,,,,,,,,,,,107,4,2024-09-05_15h33.34.906,Symbol-E,2020.1.3,MacIntel,Safari,"Mozilla/5.0 (Macintosh; Intel Mac OS X 10_15_7) AppleWebKit/605.1.15 (KHTML, like Gecko) Version/17.6 Safari/605.1.15",60,,,,,,,,,,,,,,,,,,,,,,,,,,,,,,,,,,,,media/dcnb.png,0,0,Symb,a,TR,0,0,1,0,8,0,56,0,1,4,0.236966142,w,1.389,1,0,,,,,,,,,,,,,,,,,,,,,,,,,,,,,,,,,,,,,,,,,,,,,,,,,,,,,,,,,,,,,,,,,,,,,,,,,,,,,,,,,,w,0,,,,,,,,,,,1.389,0,0,0,0,1,,,,,,,,,,,,
,,,,,,,,,,,,,,,,,107,4,2024-09-05_15h33.34.906,Symbol-E,2020.1.3,MacIntel,Safari,"Mozilla/5.0 (Macintosh; Intel Mac OS X 10_15_7) AppleWebKit/605.1.15 (KHTML, like Gecko) Version/17.6 Safari/605.1.15",60,,,,,,,,,,,,,,,,,,,,,,,,,,,,,,,,,,,,,,,,,,,,,,,,,,,,,,,,,,,,,,,,,,,,,,,,,,,,,,,,,,,,,,,,,,,,,,,,,,,,,,,,,,,,,,,,,,,,,,,,,,,,,,,,,,,,,,,,,,,,,,,,,56,0,56,0,1,,,,,,,,,,,,,,,,,,
,,,,,,,,,,,,,,,,,107,4,2024-09-05_15h33.34.906,Symbol-E,2020.1.3,MacIntel,Safari,"Mozilla/5.0 (Macintosh; Intel Mac OS X 10_15_7) AppleWebKit/605.1.15 (KHTML, like Gecko) Version/17.6 Safari/605.1.15",60,,,,,,,,,,,,,,,,,,,,,,,,,,,,,,,,,,,,media/dinb.png,3,3,Symb,f,TR,0,0,1,0,8,0,57,0,1,4,0.095973987,w,1.401,1,0,,,,,,,,,,,,,,,,,,,,,,,,,,,,,,,,,,,,,,,,,,,,,,,,,,,,,,,,,,,,,,,,,,,,,,,,,,,,,,,,,,w,0,,,,,,,,,,,1.401,0,0,0,0,1,,,,,,,,,,,,
,,,,,,,,,,,,,,,,,107,4,2024-09-05_15h33.34.906,Symbol-E,2020.1.3,MacIntel,Safari,"Mozilla/5.0 (Macintosh; Intel Mac OS X 10_15_7) AppleWebKit/605.1.15 (KHTML, like Gecko) Version/17.6 Safari/605.1.15",60,,,,,,,,,,,,,,,,,,,,,,,,,,,,,,,,,,,,,,,,,,,,,,,,,,,,,,,,,,,,,,,,,,,,,,,,,,,,,,,,,,,,,,,,,,,,,,,,,,,,,,,,,,,,,,,,,,,,,,,,,,,,,,,,,,,,,,,,,,,,,,,,,57,0,57,0,1,,,,,,,,,,,,,,,,,,
,,,,,,,,,,,,,,,,,107,4,2024-09-05_15h33.34.906,Symbol-E,2020.1.3,MacIntel,Safari,"Mozilla/5.0 (Macintosh; Intel Mac OS X 10_15_7) AppleWebKit/605.1.15 (KHTML, like Gecko) Version/17.6 Safari/605.1.15",60,,,,,,,,,,,,,,,,,,,,,,,,,,,,,,,,,,,,media/dmnb.png,2,2,Symb,e,TR,0,0,1,0,8,0,58,0,1,4,0.675709294,e,1.352,2,1,,,,,,,,,,,,,,,,,,,,,,,,,,,,,,,,,,,,,,,,,,,,,,,,,,,,,,,,,,,,,,,,,,,,,,,,,,,,,,,,,,e,1,,,,,,,,,,,1.352,0,0,0,0,1,,,,,,,,,,,,
,,,,,,,,,,,,,,,,,107,4,2024-09-05_15h33.34.906,Symbol-E,2020.1.3,MacIntel,Safari,"Mozilla/5.0 (Macintosh; Intel Mac OS X 10_15_7) AppleWebKit/605.1.15 (KHTML, like Gecko) Version/17.6 Safari/605.1.15",60,,,,,,,,,,,,,,,,,,,,,,,,,,,,,,,,,,,,,,,,,,,,,,,,,,,,,,,,,,,,,,,,,,,,,,,,,,,,,,,,,,,,,,,,,,,,,,,,,,,,,,,,,,,,,,,,,,,,,,,,,,,,,,,,,,,,,,,,,,,,,,,,,58,0,58,0,1,,,,,,,,,,,,,,,,,,
,,,,,,,,,,,,,,,,,107,4,2024-09-05_15h33.34.906,Symbol-E,2020.1.3,MacIntel,Safari,"Mozilla/5.0 (Macintosh; Intel Mac OS X 10_15_7) AppleWebKit/605.1.15 (KHTML, like Gecko) Version/17.6 Safari/605.1.15",60,,,,,,,,,,,,,,,,,,,,,,,,,,,,,,,,,,,,media/djnb.png,7,3,Symb,l,TR,0,0,1,0,8,0,59,0,1,4,1.113071793,l,1.371,7,1,,,,,,,,,,,,,,,,,,,,,,,,,,,,,,,,,,,,,,,,,,,,,,,,,,,,,,,,,,,,,,,,,,,,,,,,,,,,,,,,,,l,1,,,,,,,,,,,1.371,0,0,0,0,1,,,,,,,,,,,,
,,,,,,,,,,,,,,,,,107,4,2024-09-05_15h33.34.906,Symbol-E,2020.1.3,MacIntel,Safari,"Mozilla/5.0 (Macintosh; Intel Mac OS X 10_15_7) AppleWebKit/605.1.15 (KHTML, like Gecko) Version/17.6 Safari/605.1.15",60,,,,,,,,,,,,,,,,,,,,,,,,,,,,,,,,,,,,,,,,,,,,,,,,,,,,,,,,,,,,,,,,,,,,,,,,,,,,,,,,,,,,,,,,,,,,,,,,,,,,,,,,,,,,,,,,,,,,,,,,,,,,,,,,,,,,,,,,,,,,,,,,,59,0,59,0,1,,,,,,,,,,,,,,,,,,
,,,,,,,,,,,,,,,,,107,4,2024-09-05_15h33.34.906,Symbol-E,2020.1.3,MacIntel,Safari,"Mozilla/5.0 (Macintosh; Intel Mac OS X 10_15_7) AppleWebKit/605.1.15 (KHTML, like Gecko) Version/17.6 Safari/605.1.15",60,,,,,,,,,,,,,,,,,,,,,,,,,,,,,,,,,,,,media/dnnb.png,6,2,Symb,i,TR,0,0,1,0,8,0,60,0,1,4,0.408198558,e,1.372,2,0,,,,,,,,,,,,,,,,,,,,,,,,,,,,,,,,,,,,,,,,,,,,,,,,,,,,,,,,,,,,,,,,,,,,,,,,,,,,,,,,,,e,0,,,,,,,,,,,1.372,0,0,0,0,1,,,,,,,,,,,,
,,,,,,,,,,,,,,,,,107,4,2024-09-05_15h33.34.906,Symbol-E,2020.1.3,MacIntel,Safari,"Mozilla/5.0 (Macintosh; Intel Mac OS X 10_15_7) AppleWebKit/605.1.15 (KHTML, like Gecko) Version/17.6 Safari/605.1.15",60,,,,,,,,,,,,,,,,,,,,,,,,,,,,,,,,,,,,,,,,,,,,,,,,,,,,,,,,,,,,,,,,,,,,,,,,,,,,,,,,,,,,,,,,,,,,,,,,,,,,,,,,,,,,,,,,,,,,,,,,,,,,,,,,,,,,,,,,,,,,,,,,,60,0,60,0,1,,,,,,,,,,,,,,,,,,
,,,,,,,,,,,,,,,,,107,4,2024-09-05_15h33.34.906,Symbol-E,2020.1.3,MacIntel,Safari,"Mozilla/5.0 (Macintosh; Intel Mac OS X 10_15_7) AppleWebKit/605.1.15 (KHTML, like Gecko) Version/17.6 Safari/605.1.15",60,,,,,,,,,,,,,,,,,,,,,,,,,,,,,,,,,,,,media/dgnb.png,5,1,Symb,u,TR,0,0,1,0,8,0,61,0,1,4,0.828035634,w,1.388,1,0,,,,,,,,,,,,,,,,,,,,,,,,,,,,,,,,,,,,,,,,,,,,,,,,,,,,,,,,,,,,,,,,,,,,,,,,,,,,,,,,,,w,0,,,,,,,,,,,1.388,0,0,0,0,1,,,,,,,,,,,,
,,,,,,,,,,,,,,,,,107,4,2024-09-05_15h33.34.906,Symbol-E,2020.1.3,MacIntel,Safari,"Mozilla/5.0 (Macintosh; Intel Mac OS X 10_15_7) AppleWebKit/605.1.15 (KHTML, like Gecko) Version/17.6 Safari/605.1.15",60,,,,,,,,,,,,,,,,,,,,,,,,,,,,,,,,,,,,,,,,,,,,,,,,,,,,,,,,,,,,,,,,,,,,,,,,,,,,,,,,,,,,,,,,,,,,,,,,,,,,,,,,,,,,,,,,,,,,,,,,,,,,,,,,,,,,,,,,,,,,,,,,,61,0,61,0,1,,,,,,,,,,,,,,,,,,
,,,,,,,,,,,,,,,,,107,4,2024-09-05_15h33.34.906,Symbol-E,2020.1.3,MacIntel,Safari,"Mozilla/5.0 (Macintosh; Intel Mac OS X 10_15_7) AppleWebKit/605.1.15 (KHTML, like Gecko) Version/17.6 Safari/605.1.15",60,,,,,,,,,,,,,,,,,,,,,,,,,,,,,,,,,,,,media/dnnb.png,6,2,Symb,i,TR,0,0,1,0,8,0,62,0,1,4,0.179854866,e,1.353,2,0,,,,,,,,,,,,,,,,,,,,,,,,,,,,,,,,,,,,,,,,,,,,,,,,,,,,,,,,,,,,,,,,,,,,,,,,,,,,,,,,,,e,0,,,,,,,,,,,1.353,0,0,0,0,1,,,,,,,,,,,,
,,,,,,,,,,,,,,,,,107,4,2024-09-05_15h33.34.906,Symbol-E,2020.1.3,MacIntel,Safari,"Mozilla/5.0 (Macintosh; Intel Mac OS X 10_15_7) AppleWebKit/605.1.15 (KHTML, like Gecko) Version/17.6 Safari/605.1.15",60,,,,,,,,,,,,,,,,,,,,,,,,,,,,,,,,,,,,,,,,,,,,,,,,,,,,,,,,,,,,,,,,,,,,,,,,,,,,,,,,,,,,,,,,,,,,,,,,,,,,,,,,,,,,,,,,,,,,,,,,,,,,,,,,,,,,,,,,,,,,,,,,,62,0,62,0,1,,,,,,,,,,,,,,,,,,
,,,,,,,,,,,,,,,,,107,4,2024-09-05_15h33.34.906,Symbol-E,2020.1.3,MacIntel,Safari,"Mozilla/5.0 (Macintosh; Intel Mac OS X 10_15_7) AppleWebKit/605.1.15 (KHTML, like Gecko) Version/17.6 Safari/605.1.15",60,,,,,,,,,,,,,,,,,,,,,,,,,,,,,,,,,,,,media/ddnb.png,4,0,Symb,h,TR,0,0,1,0,8,0,63,0,1,4,0.484086573,h,1.406,4,1,,,,,,,,,,,,,,,,,,,,,,,,,,,,,,,,,,,,,,,,,,,,,,,,,,,,,,,,,,,,,,,,,,,,,,,,,,,,,,,,,,h,1,,,,,,,,,,,1.406,0,0,0,0,1,,,,,,,,,,,,
,,,,,,,,,,,,,,,,,107,4,2024-09-05_15h33.34.906,Symbol-E,2020.1.3,MacIntel,Safari,"Mozilla/5.0 (Macintosh; Intel Mac OS X 10_15_7) AppleWebKit/605.1.15 (KHTML, like Gecko) Version/17.6 Safari/605.1.15",60,,,,,,,,,,,,,,,,,,,,,,,,,,,,,,,,,,,,,,,,,,,,,,,,,,,,,,,,,,,,,,,,,,,,,,,,,,,,,,,,,,,,,,,,,,,,,,,,,,,,,,,,,,,,,,,,,,,,,,,,,,,,,,,,,,,,,,,,,,,,,,,,,63,0,63,0,1,,,,,,,,,,,,,,,,,,
,,,,,,,,,,,,,,,,,107,4,2024-09-05_15h33.34.906,Symbol-E,2020.1.3,MacIntel,Safari,"Mozilla/5.0 (Macintosh; Intel Mac OS X 10_15_7) AppleWebKit/605.1.15 (KHTML, like Gecko) Version/17.6 Safari/605.1.15",60,,,,,,,,,,,,,,,,,,,,,,,,,,,,,,,,,,,,media/dinb.png,3,3,Symb,f,TR,0,0,1,0,8,0,64,0,1,4,0.341169727,i,1.272,6,0,,,,,,,,,,,,,,,,,,,,,,,,,,,,,,,,,,,,,,,,,,,,,,,,,,,,,,,,,,,,,,,,,,,,,,,,,,,,,,,,,,i,0,,,,,,,,,,,1.272,0,0,0,0,1,,,,,,,,,,,,
,,,,,,,,,,,,,,,,,107,4,2024-09-05_15h33.34.906,Symbol-E,2020.1.3,MacIntel,Safari,"Mozilla/5.0 (Macintosh; Intel Mac OS X 10_15_7) AppleWebKit/605.1.15 (KHTML, like Gecko) Version/17.6 Safari/605.1.15",60,,,,,,,,,,,,,,,,,,,,,,,,,,,,,,,,,,,,,,,,,,,,,,,,,,,,,,,,,,,,,,,,,,,,,,,,,,,,,,,,,,,,,,,,,,,,,,,,,,,,,,,,,,,,,,,,,,,,,,,,,,,,,,,,,,,,,,,,,,,,,,,,,64,0,64,0,1,,,,,,,,,,,,,,,,,,
,,,,,,,,,,,,,,,,,107,4,2024-09-05_15h33.34.906,Symbol-E,2020.1.3,MacIntel,Safari,"Mozilla/5.0 (Macintosh; Intel Mac OS X 10_15_7) AppleWebKit/605.1.15 (KHTML, like Gecko) Version/17.6 Safari/605.1.15",60,,,,,,,,,,,,,,,,,,,,,,,,,,,,,,,,,,,,media/ddnb.png,4,0,Symb,h,TR,0,0,1,0,8,0,65,0,1,4,1.148537357,h,1.346,4,1,,,,,,,,,,,,,,,,,,,,,,,,,,,,,,,,,,,,,,,,,,,,,,,,,,,,,,,,,,,,,,,,,,,,,,,,,,,,,,,,,,h,1,,,,,,,,,,,1.346,0,0,0,0,1,,,,,,,,,,,,
,,,,,,,,,,,,,,,,,107,4,2024-09-05_15h33.34.906,Symbol-E,2020.1.3,MacIntel,Safari,"Mozilla/5.0 (Macintosh; Intel Mac OS X 10_15_7) AppleWebKit/605.1.15 (KHTML, like Gecko) Version/17.6 Safari/605.1.15",60,,,,,,,,,,,,,,,,,,,,,,,,,,,,,,,,,,,,,,,,,,,,,,,,,,,,,,,,,,,,,,,,,,,,,,,,,,,,,,,,,,,,,,,,,,,,,,,,,,,,,,,,,,,,,,,,,,,,,,,,,,,,,,,,,,,,,,,,,,,,,,,,,65,0,65,0,1,,,,,,,,,,,,,,,,,,
,,,,,,,,,,,,,,,,,107,4,2024-09-05_15h33.34.906,Symbol-E,2020.1.3,MacIntel,Safari,"Mozilla/5.0 (Macintosh; Intel Mac OS X 10_15_7) AppleWebKit/605.1.15 (KHTML, like Gecko) Version/17.6 Safari/605.1.15",60,,,,,,,,,,,,,,,,,,,,,,,,,,,,,,,,,,,,media/dmnb.png,2,2,Symb,e,TR,0,0,1,0,8,0,66,0,1,4,0.233919688,f,1.443,3,0,,,,,,,,,,,,,,,,,,,,,,,,,,,,,,,,,,,,,,,,,,,,,,,,,,,,,,,,,,,,,,,,,,,,,,,,,,,,,,,,,,f,0,,,,,,,,,,,1.443,0,0,0,0,1,,,,,,,,,,,,
,,,,,,,,,,,,,,,,,107,4,2024-09-05_15h33.34.906,Symbol-E,2020.1.3,MacIntel,Safari,"Mozilla/5.0 (Macintosh; Intel Mac OS X 10_15_7) AppleWebKit/605.1.15 (KHTML, like Gecko) Version/17.6 Safari/605.1.15",60,,,,,,,,,,,,,,,,,,,,,,,,,,,,,,,,,,,,,,,,,,,,,,,,,,,,,,,,,,,,,,,,,,,,,,,,,,,,,,,,,,,,,,,,,,,,,,,,,,,,,,,,,,,,,,,,,,,,,,,,,,,,,,,,,,,,,,,,,,,,,,,,,66,0,66,0,1,,,,,,,,,,,,,,,,,,
,,,,,,,,,,,,,,,,,107,4,2024-09-05_15h33.34.906,Symbol-E,2020.1.3,MacIntel,Safari,"Mozilla/5.0 (Macintosh; Intel Mac OS X 10_15_7) AppleWebKit/605.1.15 (KHTML, like Gecko) Version/17.6 Safari/605.1.15",60,,,,,,,,,,,,,,,,,,,,,,,,,,,,,,,,,,,,media/dcnb.png,0,0,Symb,a,TR,0,0,1,0,8,0,67,0,1,4,0.188259249,e,1.339,2,0,,,,,,,,,,,,,,,,,,,,,,,,,,,,,,,,,,,,,,,,,,,,,,,,,,,,,,,,,,,,,,,,,,,,,,,,,,,,,,,,,,e,0,,,,,,,,,,,1.339,0,0,0,0,1,,,,,,,,,,,,
,,,,,,,,,,,,,,,,,107,4,2024-09-05_15h33.34.906,Symbol-E,2020.1.3,MacIntel,Safari,"Mozilla/5.0 (Macintosh; Intel Mac OS X 10_15_7) AppleWebKit/605.1.15 (KHTML, like Gecko) Version/17.6 Safari/605.1.15",60,,,,,,,,,,,,,,,,,,,,,,,,,,,,,,,,,,,,,,,,,,,,,,,,,,,,,,,,,,,,,,,,,,,,,,,,,,,,,,,,,,,,,,,,,,,,,,,,,,,,,,,,,,,,,,,,,,,,,,,,,,,,,,,,,,,,,,,,,,,,,,,,,67,0,67,0,1,,,,,,,,,,,,,,,,,,
,,,,,,,,,,,,,,,,,107,4,2024-09-05_15h33.34.906,Symbol-E,2020.1.3,MacIntel,Safari,"Mozilla/5.0 (Macintosh; Intel Mac OS X 10_15_7) AppleWebKit/605.1.15 (KHTML, like Gecko) Version/17.6 Safari/605.1.15",60,,,,,,,,,,,,,,,,,,,,,,,,,,,,,,,,,,,,media/dcnb.png,0,0,Symb,a,TR,0,0,1,0,8,0,68,0,1,4,0.778209925,a,1.404,0,1,,,,,,,,,,,,,,,,,,,,,,,,,,,,,,,,,,,,,,,,,,,,,,,,,,,,,,,,,,,,,,,,,,,,,,,,,,,,,,,,,,a,1,,,,,,,,,,,1.404,0,0,0,0,1,,,,,,,,,,,,
,,,,,,,,,,,,,,,,,107,4,2024-09-05_15h33.34.906,Symbol-E,2020.1.3,MacIntel,Safari,"Mozilla/5.0 (Macintosh; Intel Mac OS X 10_15_7) AppleWebKit/605.1.15 (KHTML, like Gecko) Version/17.6 Safari/605.1.15",60,,,,,,,,,,,,,,,,,,,,,,,,,,,,,,,,,,,,,,,,,,,,,,,,,,,,,,,,,,,,,,,,,,,,,,,,,,,,,,,,,,,,,,,,,,,,,,,,,,,,,,,,,,,,,,,,,,,,,,,,,,,,,,,,,,,,,,,,,,,,,,,,,68,0,68,0,1,,,,,,,,,,,,,,,,,,
,,,,,,,,,,,,,,,,,107,4,2024-09-05_15h33.34.906,Symbol-E,2020.1.3,MacIntel,Safari,"Mozilla/5.0 (Macintosh; Intel Mac OS X 10_15_7) AppleWebKit/605.1.15 (KHTML, like Gecko) Version/17.6 Safari/605.1.15",60,,,,,,,,,,,,,,,,,,,,,,,,,,,,,,,,,,,,media/dgnb.png,5,1,Symb,u,TR,0,0,1,0,8,0,69,0,1,4,0.17680896,i,1.311,6,0,,,,,,,,,,,,,,,,,,,,,,,,,,,,,,,,,,,,,,,,,,,,,,,,,,,,,,,,,,,,,,,,,,,,,,,,,,,,,,,,,,i,0,,,,,,,,,,,1.311,0,0,0,0,1,,,,,,,,,,,,
,,,,,,,,,,,,,,,,,107,4,2024-09-05_15h33.34.906,Symbol-E,2020.1.3,MacIntel,Safari,"Mozilla/5.0 (Macintosh; Intel Mac OS X 10_15_7) AppleWebKit/605.1.15 (KHTML, like Gecko) Version/17.6 Safari/605.1.15",60,,,,,,,,,,,,,,,,,,,,,,,,,,,,,,,,,,,,,,,,,,,,,,,,,,,,,,,,,,,,,,,,,,,,,,,,,,,,,,,,,,,,,,,,,,,,,,,,,,,,,,,,,,,,,,,,,,,,,,,,,,,,,,,,,,,,,,,,,,,,,,,,,69,0,69,0,1,,,,,,,,,,,,,,,,,,
,,,,,,,,,,,,,,,,,107,4,2024-09-05_15h33.34.906,Symbol-E,2020.1.3,MacIntel,Safari,"Mozilla/5.0 (Macintosh; Intel Mac OS X 10_15_7) AppleWebKit/605.1.15 (KHTML, like Gecko) Version/17.6 Safari/605.1.15",60,,,,,,,,,,,,,,,,,,,,,,,,,,,,,,,,,,,,media/dfnb.png,1,1,Symb,w,TR,0,0,1,0,8,0,70,0,1,4,0.931016782,w,1.371,1,1,,,,,,,,,,,,,,,,,,,,,,,,,,,,,,,,,,,,,,,,,,,,,,,,,,,,,,,,,,,,,,,,,,,,,,,,,,,,,,,,,,w,1,,,,,,,,,,,1.371,0,0,0,0,1,,,,,,,,,,,,
,,,,,,,,,,,,,,,,,107,4,2024-09-05_15h33.34.906,Symbol-E,2020.1.3,MacIntel,Safari,"Mozilla/5.0 (Macintosh; Intel Mac OS X 10_15_7) AppleWebKit/605.1.15 (KHTML, like Gecko) Version/17.6 Safari/605.1.15",60,,,,,,,,,,,,,,,,,,,,,,,,,,,,,,,,,,,,,,,,,,,,,,,,,,,,,,,,,,,,,,,,,,,,,,,,,,,,,,,,,,,,,,,,,,,,,,,,,,,,,,,,,,,,,,,,,,,,,,,,,,,,,,,,,,,,,,,,,,,,,,,,,70,0,70,0,1,,,,,,,,,,,,,,,,,,
,,,,,,,,,,,,,,,,,107,4,2024-09-05_15h33.34.906,Symbol-E,2020.1.3,MacIntel,Safari,"Mozilla/5.0 (Macintosh; Intel Mac OS X 10_15_7) AppleWebKit/605.1.15 (KHTML, like Gecko) Version/17.6 Safari/605.1.15",60,,,,,,,,,,,,,,,,,,,,,,,,,,,,,,,,,,,,media/djnb.png,7,3,Symb,l,TR,0,0,1,0,8,0,71,0,1,4,0.153330115,h,1.354,4,0,,,,,,,,,,,,,,,,,,,,,,,,,,,,,,,,,,,,,,,,,,,,,,,,,,,,,,,,,,,,,,,,,,,,,,,,,,,,,,,,,,h,0,,,,,,,,,,,1.354,0,0,0,0,1,,,,,,,,,,,,
,,,,,,,,,,,,,,,,,107,4,2024-09-05_15h33.34.906,Symbol-E,2020.1.3,MacIntel,Safari,"Mozilla/5.0 (Macintosh; Intel Mac OS X 10_15_7) AppleWebKit/605.1.15 (KHTML, like Gecko) Version/17.6 Safari/605.1.15",60,,,,,,,,,,,,,,,,,,,,,,,,,,,,,,,,,,,,,,,,,,,,,,,,,,,,,,,,,,,,,,,,,,,,,,,,,,,,,,,,,,,,,,,,,,,,,,,,,,,,,,,,,,,,,,,,,,,,,,,,,,,,,,,,,,,,,,,,,,,,,,,,,71,0,71,0,1,,,,,,,,,,,,,,,,,,
,,,,,,,,,,,,,,,,,107,4,2024-09-05_15h33.34.906,Symbol-E,2020.1.3,MacIntel,Safari,"Mozilla/5.0 (Macintosh; Intel Mac OS X 10_15_7) AppleWebKit/605.1.15 (KHTML, like Gecko) Version/17.6 Safari/605.1.15",60,,,,,,,,,,,,,,,,,,,,,,,,,,,,,,,,,,,,media/dnnb.png,6,2,Symb,i,TR,0,0,1,0,8,0,72,0,1,4,1.10007372,f,1.42,3,0,,,,,,,,,,,,,,,,,,,,,,,,,,,,,,,,,,,,,,,,,,,,,,,,,,,,,,,,,,,,,,,,,,,,,,,,,,,,,,,,,,f,0,,,,,,,,,,,1.42,0,0,0,0,1,,,,,,,,,,,,
,,,,,,,,,,,,,,,,,107,4,2024-09-05_15h33.34.906,Symbol-E,2020.1.3,MacIntel,Safari,"Mozilla/5.0 (Macintosh; Intel Mac OS X 10_15_7) AppleWebKit/605.1.15 (KHTML, like Gecko) Version/17.6 Safari/605.1.15",60,,,,,,,,,,,,,,,,,,,,,,,,,,,,,,,,,,,,,,,,,,,,,,,,,,,,,,,,,,,,,,,,,,,,,,,,,,,,,,,,,,,,,,,,,,,,,,,,,,,,,,,,,,,,,,,,,,,,,,,,,,,,,,,,,,,,,,,,,,,,,,,,,72,0,72,0,1,,,,,,,,,,,,,,,,,,
,,,,,,,,,,,,,,,,,107,4,2024-09-05_15h33.34.906,Symbol-E,2020.1.3,MacIntel,Safari,"Mozilla/5.0 (Macintosh; Intel Mac OS X 10_15_7) AppleWebKit/605.1.15 (KHTML, like Gecko) Version/17.6 Safari/605.1.15",60,,,,,,,,,,,,,,,,,,,,,,,,,,,,,,,,,,,,media/ddnb.png,4,0,Symb,h,TR,0,0,1,0,8,0,73,0,1,4,0.3384994,a,99,8,0,,,,,,,,,,,,,,,,,,,,,,,,,,,,,,,h,0.321,,,,,,,,,,,,,,,,,,,,,,,,,,,,,,,,,,,,,,,,,,,,,,,,,,,0,0,0,0,0,1,,,,,,,,,,,,,,,,,,,,,,,
,,,,,,,,,,,,,,,,,107,4,2024-09-05_15h33.34.906,Symbol-E,2020.1.3,MacIntel,Safari,"Mozilla/5.0 (Macintosh; Intel Mac OS X 10_15_7) AppleWebKit/605.1.15 (KHTML, like Gecko) Version/17.6 Safari/605.1.15",60,,,,,,,,,,,,,,,,,,,,,,,,,,,,,,,,,,,,,,,,,,,,,,,,,,,,,,,,,,,,,,,,,,,,,,,,,,,,,,,,,,,,,,,,,,,,,,,,,,,,,,,,,,,,,,,,,,,,,,,,,,,,,,,,,,,,,,,,,,,,,,,,,73,0,73,0,1,,,,,,,,,,,,,,,,,,
,,,,,,,,,,,,,,,,,107,4,2024-09-05_15h33.34.906,Symbol-E,2020.1.3,MacIntel,Safari,"Mozilla/5.0 (Macintosh; Intel Mac OS X 10_15_7) AppleWebKit/605.1.15 (KHTML, like Gecko) Version/17.6 Safari/605.1.15",60,,,,,,,,,,,,,,,,,,,,,,,,,,,,,,,,,,,,media/dgnb.png,5,1,Symb,u,TR,0,0,1,0,8,0,74,0,1,4,0.711385692,a,99,8,0,,,,,,,,,,,,,,,,,,,,,,,,,,,,,,,u,0.225,,,,,,,,,,,,,,,,,,,,,,,,,,,,,,,,,,,,,,,,,,,,,,,,,,,0,0,0,0,0,1,,,,,,,,,,,,,,,,,,,,,,,
,,,,,,,,,,,,,,,,,107,4,2024-09-05_15h33.34.906,Symbol-E,2020.1.3,MacIntel,Safari,"Mozilla/5.0 (Macintosh; Intel Mac OS X 10_15_7) AppleWebKit/605.1.15 (KHTML, like Gecko) Version/17.6 Safari/605.1.15",60,,,,,,,,,,,,,,,,,,,,,,,,,,,,,,,,,,,,,,,,,,,,,,,,,,,,,,,,,,,,,,,,,,,,,,,,,,,,,,,,,,,,,,,,,,,,,,,,,,,,,,,,,,,,,,,,,,,,,,,,,,,,,,,,,,,,,,,,,,,,,,,,,74,0,74,0,1,,,,,,,,,,,,,,,,,,
,,,,,,,,,,,,,,,,,107,4,2024-09-05_15h33.34.906,Symbol-E,2020.1.3,MacIntel,Safari,"Mozilla/5.0 (Macintosh; Intel Mac OS X 10_15_7) AppleWebKit/605.1.15 (KHTML, like Gecko) Version/17.6 Safari/605.1.15",60,,,,,,,,,,,,,,,,,,,,,,,,,,,,,,,,,,,,media/djnb.png,7,3,Symb,l,TR,0,0,1,0,8,0,75,0,1,4,0.061892452,w,1.44,1,0,,,,,,,,,,,,,,,,,,,,,,,,,,,,,,,,,,,,,,,,,,,,,,,,,,,,,,,,,,,,,,,,,,,,,,,,,,,,,,,,,,w,0,,,,,,,,,,,1.44,0,0,0,0,1,,,,,,,,,,,,
,,,,,,,,,,,,,,,,,107,4,2024-09-05_15h33.34.906,Symbol-E,2020.1.3,MacIntel,Safari,"Mozilla/5.0 (Macintosh; Intel Mac OS X 10_15_7) AppleWebKit/605.1.15 (KHTML, like Gecko) Version/17.6 Safari/605.1.15",60,,,,,,,,,,,,,,,,,,,,,,,,,,,,,,,,,,,,,,,,,,,,,,,,,,,,,,,,,,,,,,,,,,,,,,,,,,,,,,,,,,,,,,,,,,,,,,,,,,,,,,,,,,,,,,,,,,,,,,,,,,,,,,,,,,,,,,,,,,,,,,,,,75,0,75,0,1,,,,,,,,,,,,,,,,,,
,,,,,,,,,,,,,,,,,107,4,2024-09-05_15h33.34.906,Symbol-E,2020.1.3,MacIntel,Safari,"Mozilla/5.0 (Macintosh; Intel Mac OS X 10_15_7) AppleWebKit/605.1.15 (KHTML, like Gecko) Version/17.6 Safari/605.1.15",60,,,,,,,,,,,,,,,,,,,,,,,,,,,,,,,,,,,,media/dfnb.png,1,1,Symb,w,TR,0,0,1,0,8,0,76,0,1,4,0.5692782,w,1.292,1,1,,,,,,,,,,,,,,,,,,,,,,,,,,,,,,,,,,,,,,,,,,,,,,,,,,,,,,,,,,,,,,,,,,,,,,,,,,,,,,,,,,w,1,,,,,,,,,,,1.292,0,0,0,0,1,,,,,,,,,,,,
,,,,,,,,,,,,,,,,,107,4,2024-09-05_15h33.34.906,Symbol-E,2020.1.3,MacIntel,Safari,"Mozilla/5.0 (Macintosh; Intel Mac OS X 10_15_7) AppleWebKit/605.1.15 (KHTML, like Gecko) Version/17.6 Safari/605.1.15",60,,,,,,,,,,,,,,,,,,,,,,,,,,,,,,,,,,,,,,,,,,,,,,,,,,,,,,,,,,,,,,,,,,,,,,,,,,,,,,,,,,,,,,,,,,,,,,,,,,,,,,,,,,,,,,,,,,,,,,,,,,,,,,,,,,,,,,,,,,,,,,,,,76,0,76,0,1,,,,,,,,,,,,,,,,,,
,,,,,,,,,,,,,,,,,107,4,2024-09-05_15h33.34.906,Symbol-E,2020.1.3,MacIntel,Safari,"Mozilla/5.0 (Macintosh; Intel Mac OS X 10_15_7) AppleWebKit/605.1.15 (KHTML, like Gecko) Version/17.6 Safari/605.1.15",60,,,,,,,,,,,,,,,,,,,,,,,,,,,,,,,,,,,,media/dinb.png,3,3,Symb,f,TR,0,0,1,0,8,0,77,0,1,4,0.595498832,f,1.338,3,1,,,,,,,,,,,,,,,,,,,,,,,,,,,,,,,,,,,,,,,,,,,,,,,,,,,,,,,,,,,,,,,,,,,,,,,,,,,,,,,,,,f,1,,,,,,,,,,,1.338,0,0,0,0,1,,,,,,,,,,,,
,,,,,,,,,,,,,,,,,107,4,2024-09-05_15h33.34.906,Symbol-E,2020.1.3,MacIntel,Safari,"Mozilla/5.0 (Macintosh; Intel Mac OS X 10_15_7) AppleWebKit/605.1.15 (KHTML, like Gecko) Version/17.6 Safari/605.1.15",60,,,,,,,,,,,,,,,,,,,,,,,,,,,,,,,,,,,,,,,,,,,,,,,,,,,,,,,,,,,,,,,,,,,,,,,,,,,,,,,,,,,,,,,,,,,,,,,,,,,,,,,,,,,,,,,,,,,,,,,,,,,,,,,,,,,,,,,,,,,,,,,,,77,0,77,0,1,,,,,,,,,,,,,,,,,,
,,,,,,,,,,,,,,,,,107,4,2024-09-05_15h33.34.906,Symbol-E,2020.1.3,MacIntel,Safari,"Mozilla/5.0 (Macintosh; Intel Mac OS X 10_15_7) AppleWebKit/605.1.15 (KHTML, like Gecko) Version/17.6 Safari/605.1.15",60,,,,,,,,,,,,,,,,,,,,,,,,,,,,,,,,,,,,media/dnnb.png,6,2,Symb,i,TR,0,0,1,0,8,0,78,0,1,4,0.035317522,u,1.404,5,0,,,,,,,,,,,,,,,,,,,,,,,,,,,,,,,,,,,,,,,,,,,,,,,,,,,,,,,,,,,,,,,,,,,,,,,,,,,,,,,,,,u,0,,,,,,,,,,,1.404,0,0,0,0,1,,,,,,,,,,,,
,,,,,,,,,,,,,,,,,107,4,2024-09-05_15h33.34.906,Symbol-E,2020.1.3,MacIntel,Safari,"Mozilla/5.0 (Macintosh; Intel Mac OS X 10_15_7) AppleWebKit/605.1.15 (KHTML, like Gecko) Version/17.6 Safari/605.1.15",60,,,,,,,,,,,,,,,,,,,,,,,,,,,,,,,,,,,,,,,,,,,,,,,,,,,,,,,,,,,,,,,,,,,,,,,,,,,,,,,,,,,,,,,,,,,,,,,,,,,,,,,,,,,,,,,,,,,,,,,,,,,,,,,,,,,,,,,,,,,,,,,,,78,0,78,0,1,,,,,,,,,,,,,,,,,,
,,,,,,,,,,,,,,,,,107,4,2024-09-05_15h33.34.906,Symbol-E,2020.1.3,MacIntel,Safari,"Mozilla/5.0 (Macintosh; Intel Mac OS X 10_15_7) AppleWebKit/605.1.15 (KHTML, like Gecko) Version/17.6 Safari/605.1.15",60,,,,,,,,,,,,,,,,,,,,,,,,,,,,,,,,,,,,media/dmnb.png,2,2,Symb,e,TR,0,0,1,0,8,0,79,0,1,4,1.097269605,e,1.338,2,1,,,,,,,,,,,,,,,,,,,,,,,,,,,,,,,,,,,,,,,,,,,,,,,,,,,,,,,,,,,,,,,,,,,,,,,,,,,,,,,,,,e,1,,,,,,,,,,,1.338,0,0,0,0,1,,,,,,,,,,,,
,,,,,,,,,,,,,,,,,107,4,2024-09-05_15h33.34.906,Symbol-E,2020.1.3,MacIntel,Safari,"Mozilla/5.0 (Macintosh; Intel Mac OS X 10_15_7) AppleWebKit/605.1.15 (KHTML, like Gecko) Version/17.6 Safari/605.1.15",60,,,,,,,,,,,,,,,,,,,,,,,,,,,,,,,,,,,,,,,,,,,,,,,,,,,,,,,,,,,,,,,,,,,,,,,,,,,,,,,,,,,,,,,,,,,,,,,,,,,,,,,,,,,,,,,,,,,,,,,,,,,,,,,,,,,,,,,,,,,,,,,,,79,0,79,0,1,,,,,,,,,,,,,,,,,,
,,,,,,,,,,,,,,,,,107,4,2024-09-05_15h33.34.906,Symbol-E,2020.1.3,MacIntel,Safari,"Mozilla/5.0 (Macintosh; Intel Mac OS X 10_15_7) AppleWebKit/605.1.15 (KHTML, like Gecko) Version/17.6 Safari/605.1.15",60,,,,,,,,,,,,,,,,,,,,,,,,,,,,,,,,,,,,media/dinb.png,3,3,Symb,f,TR,0,0,1,0,8,0,80,0,1,4,0.647375746,u,1.325,5,0,,,,,,,,,,,,,,,,,,,,,,,,,,,,,,,,,,,,,,,,,,,,,,,,,,,,,,,,,,,,,,,,,,,,,,,,,,,,,,,,,,u,0,,,,,,,,,,,1.325,0,0,0,0,1,,,,,,,,,,,,
,,,,,,,,,,,,,,,,,107,4,2024-09-05_15h33.34.906,Symbol-E,2020.1.3,MacIntel,Safari,"Mozilla/5.0 (Macintosh; Intel Mac OS X 10_15_7) AppleWebKit/605.1.15 (KHTML, like Gecko) Version/17.6 Safari/605.1.15",60,,,,,,,,,,,,,,,,,,,,,,,,,,,,,,,,,,,,,,,,,,,,,,,,,,,,,,,,,,,,,,,,,,,,,,,,,,,,,,,,,,,,,,,,,,,,,,,,,,,,,,,,,,,,,,,,,,,,,,,,,,,,,,,,,,,,,,,,,,,,,,,,,80,0,80,0,1,,,,,,,,,,,,,,,,,,
,,,,,,,,,,,,,,,,,107,4,2024-09-05_15h33.34.906,Symbol-E,2020.1.3,MacIntel,Safari,"Mozilla/5.0 (Macintosh; Intel Mac OS X 10_15_7) AppleWebKit/605.1.15 (KHTML, like Gecko) Version/17.6 Safari/605.1.15",60,,,,,,,,,,,,,,,,,,,,,,,,,,,,,,,,,,,,media/dmnb.png,2,2,Symb,e,TR,0,0,1,0,8,0,81,0,1,4,0.552787211,e,1.304,2,1,,,,,,,,,,,,,,,,,,,,,,,,,,,,,,,,,,,,,,,,,,,,,,,,,,,,,,,,,,,,,,,,,,,,,,,,,,,,,,,,,,e,1,,,,,,,,,,,1.304,0,0,0,0,1,,,,,,,,,,,,
,,,,,,,,,,,,,,,,,107,4,2024-09-05_15h33.34.906,Symbol-E,2020.1.3,MacIntel,Safari,"Mozilla/5.0 (Macintosh; Intel Mac OS X 10_15_7) AppleWebKit/605.1.15 (KHTML, like Gecko) Version/17.6 Safari/605.1.15",60,,,,,,,,,,,,,,,,,,,,,,,,,,,,,,,,,,,,,,,,,,,,,,,,,,,,,,,,,,,,,,,,,,,,,,,,,,,,,,,,,,,,,,,,,,,,,,,,,,,,,,,,,,,,,,,,,,,,,,,,,,,,,,,,,,,,,,,,,,,,,,,,,81,0,81,0,1,,,,,,,,,,,,,,,,,,
,,,,,,,,,,,,,,,,,107,4,2024-09-05_15h33.34.906,Symbol-E,2020.1.3,MacIntel,Safari,"Mozilla/5.0 (Macintosh; Intel Mac OS X 10_15_7) AppleWebKit/605.1.15 (KHTML, like Gecko) Version/17.6 Safari/605.1.15",60,,,,,,,,,,,,,,,,,,,,,,,,,,,,,,,,,,,,media/djnb.png,7,3,Symb,l,TR,0,0,1,0,8,0,82,0,1,4,0.700550488,l,1.309,7,1,,,,,,,,,,,,,,,,,,,,,,,,,,,,,,,,,,,,,,,,,,,,,,,,,,,,,,,,,,,,,,,,,,,,,,,,,,,,,,,,,,l,1,,,,,,,,,,,1.309,0,0,0,0,1,,,,,,,,,,,,
,,,,,,,,,,,,,,,,,107,4,2024-09-05_15h33.34.906,Symbol-E,2020.1.3,MacIntel,Safari,"Mozilla/5.0 (Macintosh; Intel Mac OS X 10_15_7) AppleWebKit/605.1.15 (KHTML, like Gecko) Version/17.6 Safari/605.1.15",60,,,,,,,,,,,,,,,,,,,,,,,,,,,,,,,,,,,,,,,,,,,,,,,,,,,,,,,,,,,,,,,,,,,,,,,,,,,,,,,,,,,,,,,,,,,,,,,,,,,,,,,,,,,,,,,,,,,,,,,,,,,,,,,,,,,,,,,,,,,,,,,,,82,0,82,0,1,,,,,,,,,,,,,,,,,,
,,,,,,,,,,,,,,,,,107,4,2024-09-05_15h33.34.906,Symbol-E,2020.1.3,MacIntel,Safari,"Mozilla/5.0 (Macintosh; Intel Mac OS X 10_15_7) AppleWebKit/605.1.15 (KHTML, like Gecko) Version/17.6 Safari/605.1.15",60,,,,,,,,,,,,,,,,,,,,,,,,,,,,,,,,,,,,media/ddnb.png,4,0,Symb,h,TR,0,0,1,0,8,0,83,0,1,4,1.09305786,h,1.377,4,1,,,,,,,,,,,,,,,,,,,,,,,,,,,,,,,,,,,,,,,,,,,,,,,,,,,,,,,,,,,,,,,,,,,,,,,,,,,,,,,,,,h,1,,,,,,,,,,,1.377,0,0,0,0,1,,,,,,,,,,,,
,,,,,,,,,,,,,,,,,107,4,2024-09-05_15h33.34.906,Symbol-E,2020.1.3,MacIntel,Safari,"Mozilla/5.0 (Macintosh; Intel Mac OS X 10_15_7) AppleWebKit/605.1.15 (KHTML, like Gecko) Version/17.6 Safari/605.1.15",60,,,,,,,,,,,,,,,,,,,,,,,,,,,,,,,,,,,,,,,,,,,,,,,,,,,,,,,,,,,,,,,,,,,,,,,,,,,,,,,,,,,,,,,,,,,,,,,,,,,,,,,,,,,,,,,,,,,,,,,,,,,,,,,,,,,,,,,,,,,,,,,,,83,0,83,0,1,,,,,,,,,,,,,,,,,,
,,,,,,,,,,,,,,,,,107,4,2024-09-05_15h33.34.906,Symbol-E,2020.1.3,MacIntel,Safari,"Mozilla/5.0 (Macintosh; Intel Mac OS X 10_15_7) AppleWebKit/605.1.15 (KHTML, like Gecko) Version/17.6 Safari/605.1.15",60,,,,,,,,,,,,,,,,,,,,,,,,,,,,,,,,,,,,media/dnnb.png,6,2,Symb,i,TR,0,0,1,0,8,0,84,0,1,4,0.273732064,i,1.271,6,1,,,,,,,,,,,,,,,,,,,,,,,,,,,,,,,,,,,,,,,,,,,,,,,,,,,,,,,,,,,,,,,,,,,,,,,,,,,,,,,,,,i,1,,,,,,,,,,,1.271,0,0,0,0,1,,,,,,,,,,,,
,,,,,,,,,,,,,,,,,107,4,2024-09-05_15h33.34.906,Symbol-E,2020.1.3,MacIntel,Safari,"Mozilla/5.0 (Macintosh; Intel Mac OS X 10_15_7) AppleWebKit/605.1.15 (KHTML, like Gecko) Version/17.6 Safari/605.1.15",60,,,,,,,,,,,,,,,,,,,,,,,,,,,,,,,,,,,,,,,,,,,,,,,,,,,,,,,,,,,,,,,,,,,,,,,,,,,,,,,,,,,,,,,,,,,,,,,,,,,,,,,,,,,,,,,,,,,,,,,,,,,,,,,,,,,,,,,,,,,,,,,,,84,0,84,0,1,,,,,,,,,,,,,,,,,,
,,,,,,,,,,,,,,,,,107,4,2024-09-05_15h33.34.906,Symbol-E,2020.1.3,MacIntel,Safari,"Mozilla/5.0 (Macintosh; Intel Mac OS X 10_15_7) AppleWebKit/605.1.15 (KHTML, like Gecko) Version/17.6 Safari/605.1.15",60,,,,,,,,,,,,,,,,,,,,,,,,,,,,,,,,,,,,media/dnnb.png,6,2,Symb,i,TR,0,0,1,0,8,0,85,0,1,4,0.547954947,f,1.407,3,0,,,,,,,,,,,,,,,,,,,,,,,,,,,,,,,,,,,,,,,,,,,,,,,,,,,,,,,,,,,,,,,,,,,,,,,,,,,,,,,,,,f,0,,,,,,,,,,,1.407,0,0,0,0,1,,,,,,,,,,,,
,,,,,,,,,,,,,,,,,107,4,2024-09-05_15h33.34.906,Symbol-E,2020.1.3,MacIntel,Safari,"Mozilla/5.0 (Macintosh; Intel Mac OS X 10_15_7) AppleWebKit/605.1.15 (KHTML, like Gecko) Version/17.6 Safari/605.1.15",60,,,,,,,,,,,,,,,,,,,,,,,,,,,,,,,,,,,,,,,,,,,,,,,,,,,,,,,,,,,,,,,,,,,,,,,,,,,,,,,,,,,,,,,,,,,,,,,,,,,,,,,,,,,,,,,,,,,,,,,,,,,,,,,,,,,,,,,,,,,,,,,,,85,0,85,0,1,,,,,,,,,,,,,,,,,,
,,,,,,,,,,,,,,,,,107,4,2024-09-05_15h33.34.906,Symbol-E,2020.1.3,MacIntel,Safari,"Mozilla/5.0 (Macintosh; Intel Mac OS X 10_15_7) AppleWebKit/605.1.15 (KHTML, like Gecko) Version/17.6 Safari/605.1.15",60,,,,,,,,,,,,,,,,,,,,,,,,,,,,,,,,,,,,media/djnb.png,7,3,Symb,l,TR,0,0,1,0,8,0,86,0,1,4,0.458676617,l,1.421,7,1,,,,,,,,,,,,,,,,,,,,,,,,,,,,,,,,,,,,,,,,,,,,,,,,,,,,,,,,,,,,,,,,,,,,,,,,,,,,,,,,,,l,1,,,,,,,,,,,1.421,0,0,0,0,1,,,,,,,,,,,,
,,,,,,,,,,,,,,,,,107,4,2024-09-05_15h33.34.906,Symbol-E,2020.1.3,MacIntel,Safari,"Mozilla/5.0 (Macintosh; Intel Mac OS X 10_15_7) AppleWebKit/605.1.15 (KHTML, like Gecko) Version/17.6 Safari/605.1.15",60,,,,,,,,,,,,,,,,,,,,,,,,,,,,,,,,,,,,,,,,,,,,,,,,,,,,,,,,,,,,,,,,,,,,,,,,,,,,,,,,,,,,,,,,,,,,,,,,,,,,,,,,,,,,,,,,,,,,,,,,,,,,,,,,,,,,,,,,,,,,,,,,,86,0,86,0,1,,,,,,,,,,,,,,,,,,
,,,,,,,,,,,,,,,,,107,4,2024-09-05_15h33.34.906,Symbol-E,2020.1.3,MacIntel,Safari,"Mozilla/5.0 (Macintosh; Intel Mac OS X 10_15_7) AppleWebKit/605.1.15 (KHTML, like Gecko) Version/17.6 Safari/605.1.15",60,,,,,,,,,,,,,,,,,,,,,,,,,,,,,,,,,,,,media/dcnb.png,0,0,Symb,a,TR,0,0,1,0,8,0,87,0,1,4,0.390689964,e,1.32,2,0,,,,,,,,,,,,,,,,,,,,,,,,,,,,,,,,,,,,,,,,,,,,,,,,,,,,,,,,,,,,,,,,,,,,,,,,,,,,,,,,,,e,0,,,,,,,,,,,1.32,0,0,0,0,1,,,,,,,,,,,,
,,,,,,,,,,,,,,,,,107,4,2024-09-05_15h33.34.906,Symbol-E,2020.1.3,MacIntel,Safari,"Mozilla/5.0 (Macintosh; Intel Mac OS X 10_15_7) AppleWebKit/605.1.15 (KHTML, like Gecko) Version/17.6 Safari/605.1.15",60,,,,,,,,,,,,,,,,,,,,,,,,,,,,,,,,,,,,,,,,,,,,,,,,,,,,,,,,,,,,,,,,,,,,,,,,,,,,,,,,,,,,,,,,,,,,,,,,,,,,,,,,,,,,,,,,,,,,,,,,,,,,,,,,,,,,,,,,,,,,,,,,,87,0,87,0,1,,,,,,,,,,,,,,,,,,
,,,,,,,,,,,,,,,,,107,4,2024-09-05_15h33.34.906,Symbol-E,2020.1.3,MacIntel,Safari,"Mozilla/5.0 (Macintosh; Intel Mac OS X 10_15_7) AppleWebKit/605.1.15 (KHTML, like Gecko) Version/17.6 Safari/605.1.15",60,,,,,,,,,,,,,,,,,,,,,,,,,,,,,,,,,,,,media/dinb.png,3,3,Symb,f,TR,0,0,1,0,8,0,88,0,1,4,0.83719284,f,1.306,3,1,,,,,,,,,,,,,,,,,,,,,,,,,,,,,,,,,,,,,,,,,,,,,,,,,,,,,,,,,,,,,,,,,,,,,,,,,,,,,,,,,,f,1,,,,,,,,,,,1.306,0,0,0,0,1,,,,,,,,,,,,
,,,,,,,,,,,,,,,,,107,4,2024-09-05_15h33.34.906,Symbol-E,2020.1.3,MacIntel,Safari,"Mozilla/5.0 (Macintosh; Intel Mac OS X 10_15_7) AppleWebKit/605.1.15 (KHTML, like Gecko) Version/17.6 Safari/605.1.15",60,,,,,,,,,,,,,,,,,,,,,,,,,,,,,,,,,,,,,,,,,,,,,,,,,,,,,,,,,,,,,,,,,,,,,,,,,,,,,,,,,,,,,,,,,,,,,,,,,,,,,,,,,,,,,,,,,,,,,,,,,,,,,,,,,,,,,,,,,,,,,,,,,88,0,88,0,1,,,,,,,,,,,,,,,,,,
,,,,,,,,,,,,,,,,,107,4,2024-09-05_15h33.34.906,Symbol-E,2020.1.3,MacIntel,Safari,"Mozilla/5.0 (Macintosh; Intel Mac OS X 10_15_7) AppleWebKit/605.1.15 (KHTML, like Gecko) Version/17.6 Safari/605.1.15",60,,,,,,,,,,,,,,,,,,,,,,,,,,,,,,,,,,,,media/dgnb.png,5,1,Symb,u,TR,0,0,1,0,8,0,89,0,1,4,0.631701316,u,1.388,5,1,,,,,,,,,,,,,,,,,,,,,,,,,,,,,,,,,,,,,,,,,,,,,,,,,,,,,,,,,,,,,,,,,,,,,,,,,,,,,,,,,,u,1,,,,,,,,,,,1.388,0,0,0,0,1,,,,,,,,,,,,
,,,,,,,,,,,,,,,,,107,4,2024-09-05_15h33.34.906,Symbol-E,2020.1.3,MacIntel,Safari,"Mozilla/5.0 (Macintosh; Intel Mac OS X 10_15_7) AppleWebKit/605.1.15 (KHTML, like Gecko) Version/17.6 Safari/605.1.15",60,,,,,,,,,,,,,,,,,,,,,,,,,,,,,,,,,,,,,,,,,,,,,,,,,,,,,,,,,,,,,,,,,,,,,,,,,,,,,,,,,,,,,,,,,,,,,,,,,,,,,,,,,,,,,,,,,,,,,,,,,,,,,,,,,,,,,,,,,,,,,,,,,89,0,89,0,1,,,,,,,,,,,,,,,,,,
,,,,,,,,,,,,,,,,,107,4,2024-09-05_15h33.34.906,Symbol-E,2020.1.3,MacIntel,Safari,"Mozilla/5.0 (Macintosh; Intel Mac OS X 10_15_7) AppleWebKit/605.1.15 (KHTML, like Gecko) Version/17.6 Safari/605.1.15",60,,,,,,,,,,,,,,,,,,,,,,,,,,,,,,,,,,,,media/dfnb.png,1,1,Symb,w,TR,0,0,1,0,8,0,90,0,1,4,0.428641341,w,1.427,1,1,,,,,,,,,,,,,,,,,,,,,,,,,,,,,,,,,,,,,,,,,,,,,,,,,,,,,,,,,,,,,,,,,,,,,,,,,,,,,,,,,,w,1,,,,,,,,,,,1.427,0,0,0,0,1,,,,,,,,,,,,
,,,,,,,,,,,,,,,,,107,4,2024-09-05_15h33.34.906,Symbol-E,2020.1.3,MacIntel,Safari,"Mozilla/5.0 (Macintosh; Intel Mac OS X 10_15_7) AppleWebKit/605.1.15 (KHTML, like Gecko) Version/17.6 Safari/605.1.15",60,,,,,,,,,,,,,,,,,,,,,,,,,,,,,,,,,,,,,,,,,,,,,,,,,,,,,,,,,,,,,,,,,,,,,,,,,,,,,,,,,,,,,,,,,,,,,,,,,,,,,,,,,,,,,,,,,,,,,,,,,,,,,,,,,,,,,,,,,,,,,,,,,90,0,90,0,1,,,,,,,,,,,,,,,,,,
,,,,,,,,,,,,,,,,,107,4,2024-09-05_15h33.34.906,Symbol-E,2020.1.3,MacIntel,Safari,"Mozilla/5.0 (Macintosh; Intel Mac OS X 10_15_7) AppleWebKit/605.1.15 (KHTML, like Gecko) Version/17.6 Safari/605.1.15",60,,,,,,,,,,,,,,,,,,,,,,,,,,,,,,,,,,,,media/dgnb.png,5,1,Symb,u,TR,0,0,1,0,8,0,91,0,1,4,0.043610644,f,1.303,3,0,,,,,,,,,,,,,,,,,,,,,,,,,,,,,,,,,,,,,,,,,,,,,,,,,,,,,,,,,,,,,,,,,,,,,,,,,,,,,,,,,,f,0,,,,,,,,,,,1.303,0,0,0,0,1,,,,,,,,,,,,
,,,,,,,,,,,,,,,,,107,4,2024-09-05_15h33.34.906,Symbol-E,2020.1.3,MacIntel,Safari,"Mozilla/5.0 (Macintosh; Intel Mac OS X 10_15_7) AppleWebKit/605.1.15 (KHTML, like Gecko) Version/17.6 Safari/605.1.15",60,,,,,,,,,,,,,,,,,,,,,,,,,,,,,,,,,,,,,,,,,,,,,,,,,,,,,,,,,,,,,,,,,,,,,,,,,,,,,,,,,,,,,,,,,,,,,,,,,,,,,,,,,,,,,,,,,,,,,,,,,,,,,,,,,,,,,,,,,,,,,,,,,91,0,91,0,1,,,,,,,,,,,,,,,,,,
,,,,,,,,,,,,,,,,,107,4,2024-09-05_15h33.34.906,Symbol-E,2020.1.3,MacIntel,Safari,"Mozilla/5.0 (Macintosh; Intel Mac OS X 10_15_7) AppleWebKit/605.1.15 (KHTML, like Gecko) Version/17.6 Safari/605.1.15",60,,,,,,,,,,,,,,,,,,,,,,,,,,,,,,,,,,,,media/dfnb.png,1,1,Symb,w,TR,0,0,1,0,8,0,92,0,1,4,1.017783293,w,1.338,1,1,,,,,,,,,,,,,,,,,,,,,,,,,,,,,,,,,,,,,,,,,,,,,,,,,,,,,,,,,,,,,,,,,,,,,,,,,,,,,,,,,,w,1,,,,,,,,,,,1.338,0,0,0,0,1,,,,,,,,,,,,
,,,,,,,,,,,,,,,,,107,4,2024-09-05_15h33.34.906,Symbol-E,2020.1.3,MacIntel,Safari,"Mozilla/5.0 (Macintosh; Intel Mac OS X 10_15_7) AppleWebKit/605.1.15 (KHTML, like Gecko) Version/17.6 Safari/605.1.15",60,,,,,,,,,,,,,,,,,,,,,,,,,,,,,,,,,,,,,,,,,,,,,,,,,,,,,,,,,,,,,,,,,,,,,,,,,,,,,,,,,,,,,,,,,,,,,,,,,,,,,,,,,,,,,,,,,,,,,,,,,,,,,,,,,,,,,,,,,,,,,,,,,92,0,92,0,1,,,,,,,,,,,,,,,,,,
,,,,,,,,,,,,,,,,,107,4,2024-09-05_15h33.34.906,Symbol-E,2020.1.3,MacIntel,Safari,"Mozilla/5.0 (Macintosh; Intel Mac OS X 10_15_7) AppleWebKit/605.1.15 (KHTML, like Gecko) Version/17.6 Safari/605.1.15",60,,,,,,,,,,,,,,,,,,,,,,,,,,,,,,,,,,,,media/dmnb.png,2,2,Symb,e,TR,0,0,1,0,8,0,93,0,1,4,0.073003197,u,1.39,5,0,,,,,,,,,,,,,,,,,,,,,,,,,,,,,,,,,,,,,,,,,,,,,,,,,,,,,,,,,,,,,,,,,,,,,,,,,,,,,,,,,,u,0,,,,,,,,,,,1.39,0,0,0,0,1,,,,,,,,,,,,
,,,,,,,,,,,,,,,,,107,4,2024-09-05_15h33.34.906,Symbol-E,2020.1.3,MacIntel,Safari,"Mozilla/5.0 (Macintosh; Intel Mac OS X 10_15_7) AppleWebKit/605.1.15 (KHTML, like Gecko) Version/17.6 Safari/605.1.15",60,,,,,,,,,,,,,,,,,,,,,,,,,,,,,,,,,,,,,,,,,,,,,,,,,,,,,,,,,,,,,,,,,,,,,,,,,,,,,,,,,,,,,,,,,,,,,,,,,,,,,,,,,,,,,,,,,,,,,,,,,,,,,,,,,,,,,,,,,,,,,,,,,93,0,93,0,1,,,,,,,,,,,,,,,,,,
,,,,,,,,,,,,,,,,,107,4,2024-09-05_15h33.34.906,Symbol-E,2020.1.3,MacIntel,Safari,"Mozilla/5.0 (Macintosh; Intel Mac OS X 10_15_7) AppleWebKit/605.1.15 (KHTML, like Gecko) Version/17.6 Safari/605.1.15",60,,,,,,,,,,,,,,,,,,,,,,,,,,,,,,,,,,,,media/dcnb.png,0,0,Symb,a,TR,0,0,1,0,8,0,94,0,1,4,1.06935966,a,1.371,0,1,,,,,,,,,,,,,,,,,,,,,,,,,,,,,,,,,,,,,,,,,,,,,,,,,,,,,,,,,,,,,,,,,,,,,,,,,,,,,,,,,,a,1,,,,,,,,,,,1.371,0,0,0,0,1,,,,,,,,,,,,
,,,,,,,,,,,,,,,,,107,4,2024-09-05_15h33.34.906,Symbol-E,2020.1.3,MacIntel,Safari,"Mozilla/5.0 (Macintosh; Intel Mac OS X 10_15_7) AppleWebKit/605.1.15 (KHTML, like Gecko) Version/17.6 Safari/605.1.15",60,,,,,,,,,,,,,,,,,,,,,,,,,,,,,,,,,,,,,,,,,,,,,,,,,,,,,,,,,,,,,,,,,,,,,,,,,,,,,,,,,,,,,,,,,,,,,,,,,,,,,,,,,,,,,,,,,,,,,,,,,,,,,,,,,,,,,,,,,,,,,,,,,94,0,94,0,1,,,,,,,,,,,,,,,,,,
,,,,,,,,,,,,,,,,,107,4,2024-09-05_15h33.34.906,Symbol-E,2020.1.3,MacIntel,Safari,"Mozilla/5.0 (Macintosh; Intel Mac OS X 10_15_7) AppleWebKit/605.1.15 (KHTML, like Gecko) Version/17.6 Safari/605.1.15",60,,,,,,,,,,,,,,,,,,,,,,,,,,,,,,,,,,,,media/ddnb.png,4,0,Symb,h,TR,0,0,1,0,8,0,95,0,1,4,0.888662319,h,1.369,4,1,,,,,,,,,,,,,,,,,,,,,,,,,,,,,,,,,,,,,,,,,,,,,,,,,,,,,,,,,,,,,,,,,,,,,,,,,,,,,,,,,,h,1,,,,,,,,,,,1.369,0,0,0,0,1,,,,,,,,,,,,
,,,,,,,,,,,,,,,,,107,4,2024-09-05_15h33.34.906,Symbol-E,2020.1.3,MacIntel,Safari,"Mozilla/5.0 (Macintosh; Intel Mac OS X 10_15_7) AppleWebKit/605.1.15 (KHTML, like Gecko) Version/17.6 Safari/605.1.15",60,,,,,,,,,,,,,,,,,,,,,,,,,,,,,,,,,,,,,,,,,,,,,,,,,,,,,,,,,,,,,,,,,,,,,,,,,,,,,,,,,,,,,,,,,,,,,,,,,,,,,,,,,,,,,,,,,,,,,,,,,,,,,,,,,,,,,,,,,,,,,,,,,95,0,95,0,1,,,,,,,,,,,,,,,,,,
,,,,,,,,,,,,,,,,,107,4,2024-09-05_15h33.34.906,Symbol-E,2020.1.3,MacIntel,Safari,"Mozilla/5.0 (Macintosh; Intel Mac OS X 10_15_7) AppleWebKit/605.1.15 (KHTML, like Gecko) Version/17.6 Safari/605.1.15",60,,,,,,,,,,,,,,,,,,,,,,,,,,,,,,,,,,,,,,,,,,,,,,,,,,,,,,,,,,,,,,,,,,,,,,,,,,,,,,,,,,,,,,,,,,,,,,,,,,,,,,,,,,,,,,,,,,,,,,,,,,,,,,,,,,,,,,,,,,,,,,,,,,,,,,,,,,,,3,0,3,0,1,,,,,,,
,,,,,,,,,,,,,,,,,107,4,2024-09-05_15h33.34.906,Symbol-E,2020.1.3,MacIntel,Safari,"Mozilla/5.0 (Macintosh; Intel Mac OS X 10_15_7) AppleWebKit/605.1.15 (KHTML, like Gecko) Version/17.6 Safari/605.1.15",60,,,,,,,,,,,,,,,,,,,,,,,,,,,,,,,,,,,,media/dgnb.png,5,1,Symb,u,TR,0,0,1,0,8,0,0,0,1,5,1.118878539,u,1.32,5,1,,,,,,,,,,,,,,,,h,6.342,,,,,,,,,,,,,,,,,,,,,,,,,,,,,,,,,,,,,,,,,,,,,,,,,,,,,,,,,,,,,,,,,u,1,,,,,,,,,,,1.32,0,0,0,0,1,,,,,,,,,,,,
,,,,,,,,,,,,,,,,,107,4,2024-09-05_15h33.34.906,Symbol-E,2020.1.3,MacIntel,Safari,"Mozilla/5.0 (Macintosh; Intel Mac OS X 10_15_7) AppleWebKit/605.1.15 (KHTML, like Gecko) Version/17.6 Safari/605.1.15",60,,,,,,,,,,,,,,,,,,,,,,,,,,,,,,,,,,,,,,,,,,,,,,,,,,,,,,,,,,,,,,,,,,,,,,,,,,,,,,,,,,,,,,,,,,,,,,,,,,,,,,,,,,,,,,,,,,,,,,,,,,,,,,,,,,,,,,,,,,,,,,,,,0,0,0,0,1,,,,,,,,,,,,,,,,,,
,,,,,,,,,,,,,,,,,107,4,2024-09-05_15h33.34.906,Symbol-E,2020.1.3,MacIntel,Safari,"Mozilla/5.0 (Macintosh; Intel Mac OS X 10_15_7) AppleWebKit/605.1.15 (KHTML, like Gecko) Version/17.6 Safari/605.1.15",60,,,,,,,,,,,,,,,,,,,,,,,,,,,,,,,,,,,,media/dfnb.png,1,1,Symb,w,TR,0,0,1,0,8,0,1,0,1,5,0.862462753,w,1.321,1,1,,,,,,,,,,,,,,,,,,,,,,,,,,,,,,,,,,,,,,,,,,,,,,,,,,,,,,,,,,,,,,,,,,,,,,,,,,,,,,,,,,w,1,,,,,,,,,,,1.321,0,0,0,0,1,,,,,,,,,,,,
,,,,,,,,,,,,,,,,,107,4,2024-09-05_15h33.34.906,Symbol-E,2020.1.3,MacIntel,Safari,"Mozilla/5.0 (Macintosh; Intel Mac OS X 10_15_7) AppleWebKit/605.1.15 (KHTML, like Gecko) Version/17.6 Safari/605.1.15",60,,,,,,,,,,,,,,,,,,,,,,,,,,,,,,,,,,,,,,,,,,,,,,,,,,,,,,,,,,,,,,,,,,,,,,,,,,,,,,,,,,,,,,,,,,,,,,,,,,,,,,,,,,,,,,,,,,,,,,,,,,,,,,,,,,,,,,,,,,,,,,,,,1,0,1,0,1,,,,,,,,,,,,,,,,,,
,,,,,,,,,,,,,,,,,107,4,2024-09-05_15h33.34.906,Symbol-E,2020.1.3,MacIntel,Safari,"Mozilla/5.0 (Macintosh; Intel Mac OS X 10_15_7) AppleWebKit/605.1.15 (KHTML, like Gecko) Version/17.6 Safari/605.1.15",60,,,,,,,,,,,,,,,,,,,,,,,,,,,,,,,,,,,,media/dgnb.png,5,1,Symb,u,TR,0,0,1,0,8,0,2,0,1,5,0.239045283,a,99,8,0,,,,,,,,,,,,,,,,,,,,,,,,,,,,,,,i,0.172,,,,,,,,,,,,,,,,,,,,,,,,,,,,,,,,,,,,,,,,,,,,,,,,,,,0,0,0,0,0,1,,,,,,,,,,,,,,,,,,,,,,,
,,,,,,,,,,,,,,,,,107,4,2024-09-05_15h33.34.906,Symbol-E,2020.1.3,MacIntel,Safari,"Mozilla/5.0 (Macintosh; Intel Mac OS X 10_15_7) AppleWebKit/605.1.15 (KHTML, like Gecko) Version/17.6 Safari/605.1.15",60,,,,,,,,,,,,,,,,,,,,,,,,,,,,,,,,,,,,,,,,,,,,,,,,,,,,,,,,,,,,,,,,,,,,,,,,,,,,,,,,,,,,,,,,,,,,,,,,,,,,,,,,,,,,,,,,,,,,,,,,,,,,,,,,,,,,,,,,,,,,,,,,,2,0,2,0,1,,,,,,,,,,,,,,,,,,
,,,,,,,,,,,,,,,,,107,4,2024-09-05_15h33.34.906,Symbol-E,2020.1.3,MacIntel,Safari,"Mozilla/5.0 (Macintosh; Intel Mac OS X 10_15_7) AppleWebKit/605.1.15 (KHTML, like Gecko) Version/17.6 Safari/605.1.15",60,,,,,,,,,,,,,,,,,,,,,,,,,,,,,,,,,,,,media/ddnb.png,4,0,Symb,h,TR,0,0,1,0,8,0,3,0,1,5,0.254703808,f,1.322,3,0,,,,,,,,,,,,,,,,,,,,,,,,,,,,,,,,,,,,,,,,,,,,,,,,,,,,,,,,,,,,,,,,,,,,,,,,,,,,,,,,,,f,0,,,,,,,,,,,1.322,0,0,0,0,1,,,,,,,,,,,,
,,,,,,,,,,,,,,,,,107,4,2024-09-05_15h33.34.906,Symbol-E,2020.1.3,MacIntel,Safari,"Mozilla/5.0 (Macintosh; Intel Mac OS X 10_15_7) AppleWebKit/605.1.15 (KHTML, like Gecko) Version/17.6 Safari/605.1.15",60,,,,,,,,,,,,,,,,,,,,,,,,,,,,,,,,,,,,,,,,,,,,,,,,,,,,,,,,,,,,,,,,,,,,,,,,,,,,,,,,,,,,,,,,,,,,,,,,,,,,,,,,,,,,,,,,,,,,,,,,,,,,,,,,,,,,,,,,,,,,,,,,,3,0,3,0,1,,,,,,,,,,,,,,,,,,
,,,,,,,,,,,,,,,,,107,4,2024-09-05_15h33.34.906,Symbol-E,2020.1.3,MacIntel,Safari,"Mozilla/5.0 (Macintosh; Intel Mac OS X 10_15_7) AppleWebKit/605.1.15 (KHTML, like Gecko) Version/17.6 Safari/605.1.15",60,,,,,,,,,,,,,,,,,,,,,,,,,,,,,,,,,,,,media/dmnb.png,2,2,Symb,e,TR,0,0,1,0,8,0,4,0,1,5,0.803993356,e,1.321,2,1,,,,,,,,,,,,,,,,,,,,,,,,,,,,,,,,,,,,,,,,,,,,,,,,,,,,,,,,,,,,,,,,,,,,,,,,,,,,,,,,,,e,1,,,,,,,,,,,1.321,0,0,0,0,1,,,,,,,,,,,,
,,,,,,,,,,,,,,,,,107,4,2024-09-05_15h33.34.906,Symbol-E,2020.1.3,MacIntel,Safari,"Mozilla/5.0 (Macintosh; Intel Mac OS X 10_15_7) AppleWebKit/605.1.15 (KHTML, like Gecko) Version/17.6 Safari/605.1.15",60,,,,,,,,,,,,,,,,,,,,,,,,,,,,,,,,,,,,,,,,,,,,,,,,,,,,,,,,,,,,,,,,,,,,,,,,,,,,,,,,,,,,,,,,,,,,,,,,,,,,,,,,,,,,,,,,,,,,,,,,,,,,,,,,,,,,,,,,,,,,,,,,,4,0,4,0,1,,,,,,,,,,,,,,,,,,
,,,,,,,,,,,,,,,,,107,4,2024-09-05_15h33.34.906,Symbol-E,2020.1.3,MacIntel,Safari,"Mozilla/5.0 (Macintosh; Intel Mac OS X 10_15_7) AppleWebKit/605.1.15 (KHTML, like Gecko) Version/17.6 Safari/605.1.15",60,,,,,,,,,,,,,,,,,,,,,,,,,,,,,,,,,,,,media/dfnb.png,1,1,Symb,w,TR,0,0,1,0,8,0,5,0,1,5,0.000457935,u,1.324,5,0,,,,,,,,,,,,,,,,,,,,,,,,,,,,,,,,,,,,,,,,,,,,,,,,,,,,,,,,,,,,,,,,,,,,,,,,,,,,,,,,,,u,0,,,,,,,,,,,1.324,0,0,0,0,1,,,,,,,,,,,,
,,,,,,,,,,,,,,,,,107,4,2024-09-05_15h33.34.906,Symbol-E,2020.1.3,MacIntel,Safari,"Mozilla/5.0 (Macintosh; Intel Mac OS X 10_15_7) AppleWebKit/605.1.15 (KHTML, like Gecko) Version/17.6 Safari/605.1.15",60,,,,,,,,,,,,,,,,,,,,,,,,,,,,,,,,,,,,,,,,,,,,,,,,,,,,,,,,,,,,,,,,,,,,,,,,,,,,,,,,,,,,,,,,,,,,,,,,,,,,,,,,,,,,,,,,,,,,,,,,,,,,,,,,,,,,,,,,,,,,,,,,,5,0,5,0,1,,,,,,,,,,,,,,,,,,
,,,,,,,,,,,,,,,,,107,4,2024-09-05_15h33.34.906,Symbol-E,2020.1.3,MacIntel,Safari,"Mozilla/5.0 (Macintosh; Intel Mac OS X 10_15_7) AppleWebKit/605.1.15 (KHTML, like Gecko) Version/17.6 Safari/605.1.15",60,,,,,,,,,,,,,,,,,,,,,,,,,,,,,,,,,,,,media/djnb.png,7,3,Symb,l,TR,0,0,1,0,8,0,6,0,1,5,0.282708401,f,1.269,3,0,,,,,,,,,,,,,,,,,,,,,,,,,,,,,,,,,,,,,,,,,,,,,,,,,,,,,,,,,,,,,,,,,,,,,,,,,,,,,,,,,,f,0,,,,,,,,,,,1.269,0,0,0,0,1,,,,,,,,,,,,
,,,,,,,,,,,,,,,,,107,4,2024-09-05_15h33.34.906,Symbol-E,2020.1.3,MacIntel,Safari,"Mozilla/5.0 (Macintosh; Intel Mac OS X 10_15_7) AppleWebKit/605.1.15 (KHTML, like Gecko) Version/17.6 Safari/605.1.15",60,,,,,,,,,,,,,,,,,,,,,,,,,,,,,,,,,,,,,,,,,,,,,,,,,,,,,,,,,,,,,,,,,,,,,,,,,,,,,,,,,,,,,,,,,,,,,,,,,,,,,,,,,,,,,,,,,,,,,,,,,,,,,,,,,,,,,,,,,,,,,,,,,6,0,6,0,1,,,,,,,,,,,,,,,,,,
,,,,,,,,,,,,,,,,,107,4,2024-09-05_15h33.34.906,Symbol-E,2020.1.3,MacIntel,Safari,"Mozilla/5.0 (Macintosh; Intel Mac OS X 10_15_7) AppleWebKit/605.1.15 (KHTML, like Gecko) Version/17.6 Safari/605.1.15",60,,,,,,,,,,,,,,,,,,,,,,,,,,,,,,,,,,,,media/dinb.png,3,3,Symb,f,TR,0,0,1,0,8,0,7,0,1,5,0.422561292,i,1.388,6,0,,,,,,,,,,,,,,,,,,,,,,,,,,,,,,,,,,,,,,,,,,,,,,,,,,,,,,,,,,,,,,,,,,,,,,,,,,,,,,,,,,i,0,,,,,,,,,,,1.388,0,0,0,0,1,,,,,,,,,,,,
,,,,,,,,,,,,,,,,,107,4,2024-09-05_15h33.34.906,Symbol-E,2020.1.3,MacIntel,Safari,"Mozilla/5.0 (Macintosh; Intel Mac OS X 10_15_7) AppleWebKit/605.1.15 (KHTML, like Gecko) Version/17.6 Safari/605.1.15",60,,,,,,,,,,,,,,,,,,,,,,,,,,,,,,,,,,,,,,,,,,,,,,,,,,,,,,,,,,,,,,,,,,,,,,,,,,,,,,,,,,,,,,,,,,,,,,,,,,,,,,,,,,,,,,,,,,,,,,,,,,,,,,,,,,,,,,,,,,,,,,,,,7,0,7,0,1,,,,,,,,,,,,,,,,,,
,,,,,,,,,,,,,,,,,107,4,2024-09-05_15h33.34.906,Symbol-E,2020.1.3,MacIntel,Safari,"Mozilla/5.0 (Macintosh; Intel Mac OS X 10_15_7) AppleWebKit/605.1.15 (KHTML, like Gecko) Version/17.6 Safari/605.1.15",60,,,,,,,,,,,,,,,,,,,,,,,,,,,,,,,,,,,,media/dcnb.png,0,0,Symb,a,TR,0,0,1,0,8,0,8,0,1,5,0.601965905,a,1.368,0,1,,,,,,,,,,,,,,,,,,,,,,,,,,,,,,,,,,,,,,,,,,,,,,,,,,,,,,,,,,,,,,,,,,,,,,,,,,,,,,,,,,a,1,,,,,,,,,,,1.368,0,0,0,0,1,,,,,,,,,,,,
,,,,,,,,,,,,,,,,,107,4,2024-09-05_15h33.34.906,Symbol-E,2020.1.3,MacIntel,Safari,"Mozilla/5.0 (Macintosh; Intel Mac OS X 10_15_7) AppleWebKit/605.1.15 (KHTML, like Gecko) Version/17.6 Safari/605.1.15",60,,,,,,,,,,,,,,,,,,,,,,,,,,,,,,,,,,,,,,,,,,,,,,,,,,,,,,,,,,,,,,,,,,,,,,,,,,,,,,,,,,,,,,,,,,,,,,,,,,,,,,,,,,,,,,,,,,,,,,,,,,,,,,,,,,,,,,,,,,,,,,,,,8,0,8,0,1,,,,,,,,,,,,,,,,,,
,,,,,,,,,,,,,,,,,107,4,2024-09-05_15h33.34.906,Symbol-E,2020.1.3,MacIntel,Safari,"Mozilla/5.0 (Macintosh; Intel Mac OS X 10_15_7) AppleWebKit/605.1.15 (KHTML, like Gecko) Version/17.6 Safari/605.1.15",60,,,,,,,,,,,,,,,,,,,,,,,,,,,,,,,,,,,,media/dnnb.png,6,2,Symb,i,TR,0,0,1,0,8,0,9,0,1,5,1.027592281,i,1.303,6,1,,,,,,,,,,,,,,,,,,,,,,,,,,,,,,,,,,,,,,,,,,,,,,,,,,,,,,,,,,,,,,,,,,,,,,,,,,,,,,,,,,i,1,,,,,,,,,,,1.303,0,0,0,0,1,,,,,,,,,,,,
,,,,,,,,,,,,,,,,,107,4,2024-09-05_15h33.34.906,Symbol-E,2020.1.3,MacIntel,Safari,"Mozilla/5.0 (Macintosh; Intel Mac OS X 10_15_7) AppleWebKit/605.1.15 (KHTML, like Gecko) Version/17.6 Safari/605.1.15",60,,,,,,,,,,,,,,,,,,,,,,,,,,,,,,,,,,,,,,,,,,,,,,,,,,,,,,,,,,,,,,,,,,,,,,,,,,,,,,,,,,,,,,,,,,,,,,,,,,,,,,,,,,,,,,,,,,,,,,,,,,,,,,,,,,,,,,,,,,,,,,,,,9,0,9,0,1,,,,,,,,,,,,,,,,,,
,,,,,,,,,,,,,,,,,107,4,2024-09-05_15h33.34.906,Symbol-E,2020.1.3,MacIntel,Safari,"Mozilla/5.0 (Macintosh; Intel Mac OS X 10_15_7) AppleWebKit/605.1.15 (KHTML, like Gecko) Version/17.6 Safari/605.1.15",60,,,,,,,,,,,,,,,,,,,,,,,,,,,,,,,,,,,,media/dinb.png,3,3,Symb,f,TR,0,0,1,0,8,0,10,0,1,5,1.133997686,f,1.354,3,1,,,,,,,,,,,,,,,,,,,,,,,,,,,,,,,,,,,,,,,,,,,,,,,,,,,,,,,,,,,,,,,,,,,,,,,,,,,,,,,,,,f,1,,,,,,,,,,,1.354,0,0,0,0,1,,,,,,,,,,,,
,,,,,,,,,,,,,,,,,107,4,2024-09-05_15h33.34.906,Symbol-E,2020.1.3,MacIntel,Safari,"Mozilla/5.0 (Macintosh; Intel Mac OS X 10_15_7) AppleWebKit/605.1.15 (KHTML, like Gecko) Version/17.6 Safari/605.1.15",60,,,,,,,,,,,,,,,,,,,,,,,,,,,,,,,,,,,,,,,,,,,,,,,,,,,,,,,,,,,,,,,,,,,,,,,,,,,,,,,,,,,,,,,,,,,,,,,,,,,,,,,,,,,,,,,,,,,,,,,,,,,,,,,,,,,,,,,,,,,,,,,,,10,0,10,0,1,,,,,,,,,,,,,,,,,,
,,,,,,,,,,,,,,,,,107,4,2024-09-05_15h33.34.906,Symbol-E,2020.1.3,MacIntel,Safari,"Mozilla/5.0 (Macintosh; Intel Mac OS X 10_15_7) AppleWebKit/605.1.15 (KHTML, like Gecko) Version/17.6 Safari/605.1.15",60,,,,,,,,,,,,,,,,,,,,,,,,,,,,,,,,,,,,media/djnb.png,7,3,Symb,l,TR,0,0,1,0,8,0,11,0,1,5,1.030531267,l,1.336,7,1,,,,,,,,,,,,,,,,,,,,,,,,,,,,,,,,,,,,,,,,,,,,,,,,,,,,,,,,,,,,,,,,,,,,,,,,,,,,,,,,,,l,1,,,,,,,,,,,1.336,0,0,0,0,1,,,,,,,,,,,,
,,,,,,,,,,,,,,,,,107,4,2024-09-05_15h33.34.906,Symbol-E,2020.1.3,MacIntel,Safari,"Mozilla/5.0 (Macintosh; Intel Mac OS X 10_15_7) AppleWebKit/605.1.15 (KHTML, like Gecko) Version/17.6 Safari/605.1.15",60,,,,,,,,,,,,,,,,,,,,,,,,,,,,,,,,,,,,,,,,,,,,,,,,,,,,,,,,,,,,,,,,,,,,,,,,,,,,,,,,,,,,,,,,,,,,,,,,,,,,,,,,,,,,,,,,,,,,,,,,,,,,,,,,,,,,,,,,,,,,,,,,,11,0,11,0,1,,,,,,,,,,,,,,,,,,
,,,,,,,,,,,,,,,,,107,4,2024-09-05_15h33.34.906,Symbol-E,2020.1.3,MacIntel,Safari,"Mozilla/5.0 (Macintosh; Intel Mac OS X 10_15_7) AppleWebKit/605.1.15 (KHTML, like Gecko) Version/17.6 Safari/605.1.15",60,,,,,,,,,,,,,,,,,,,,,,,,,,,,,,,,,,,,media/ddnb.png,4,0,Symb,h,TR,0,0,1,0,8,0,12,0,1,5,0.994620233,h,1.358,4,1,,,,,,,,,,,,,,,,,,,,,,,,,,,,,,,,,,,,,,,,,,,,,,,,,,,,,,,,,,,,,,,,,,,,,,,,,,,,,,,,,,h,1,,,,,,,,,,,1.358,0,0,0,0,1,,,,,,,,,,,,
,,,,,,,,,,,,,,,,,107,4,2024-09-05_15h33.34.906,Symbol-E,2020.1.3,MacIntel,Safari,"Mozilla/5.0 (Macintosh; Intel Mac OS X 10_15_7) AppleWebKit/605.1.15 (KHTML, like Gecko) Version/17.6 Safari/605.1.15",60,,,,,,,,,,,,,,,,,,,,,,,,,,,,,,,,,,,,,,,,,,,,,,,,,,,,,,,,,,,,,,,,,,,,,,,,,,,,,,,,,,,,,,,,,,,,,,,,,,,,,,,,,,,,,,,,,,,,,,,,,,,,,,,,,,,,,,,,,,,,,,,,,12,0,12,0,1,,,,,,,,,,,,,,,,,,
,,,,,,,,,,,,,,,,,107,4,2024-09-05_15h33.34.906,Symbol-E,2020.1.3,MacIntel,Safari,"Mozilla/5.0 (Macintosh; Intel Mac OS X 10_15_7) AppleWebKit/605.1.15 (KHTML, like Gecko) Version/17.6 Safari/605.1.15",60,,,,,,,,,,,,,,,,,,,,,,,,,,,,,,,,,,,,media/dnnb.png,6,2,Symb,i,TR,0,0,1,0,8,0,13,0,1,5,0.715070935,i,1.353,6,1,,,,,,,,,,,,,,,,,,,,,,,,,,,,,,,,,,,,,,,,,,,,,,,,,,,,,,,,,,,,,,,,,,,,,,,,,,,,,,,,,,i,1,,,,,,,,,,,1.353,0,0,0,0,1,,,,,,,,,,,,
,,,,,,,,,,,,,,,,,107,4,2024-09-05_15h33.34.906,Symbol-E,2020.1.3,MacIntel,Safari,"Mozilla/5.0 (Macintosh; Intel Mac OS X 10_15_7) AppleWebKit/605.1.15 (KHTML, like Gecko) Version/17.6 Safari/605.1.15",60,,,,,,,,,,,,,,,,,,,,,,,,,,,,,,,,,,,,,,,,,,,,,,,,,,,,,,,,,,,,,,,,,,,,,,,,,,,,,,,,,,,,,,,,,,,,,,,,,,,,,,,,,,,,,,,,,,,,,,,,,,,,,,,,,,,,,,,,,,,,,,,,,13,0,13,0,1,,,,,,,,,,,,,,,,,,
,,,,,,,,,,,,,,,,,107,4,2024-09-05_15h33.34.906,Symbol-E,2020.1.3,MacIntel,Safari,"Mozilla/5.0 (Macintosh; Intel Mac OS X 10_15_7) AppleWebKit/605.1.15 (KHTML, like Gecko) Version/17.6 Safari/605.1.15",60,,,,,,,,,,,,,,,,,,,,,,,,,,,,,,,,,,,,media/dmnb.png,2,2,Symb,e,TR,0,0,1,0,8,0,14,0,1,5,0.186361951,w,1.478,1,0,,,,,,,,,,,,,,,,,,,,,,,,,,,,,,,,,,,,,,,,,,,,,,,,,,,,,,,,,,,,,,,,,,,,,,,,,,,,,,,,,,w,0,,,,,,,,,,,1.478,0,0,0,0,1,,,,,,,,,,,,
,,,,,,,,,,,,,,,,,107,4,2024-09-05_15h33.34.906,Symbol-E,2020.1.3,MacIntel,Safari,"Mozilla/5.0 (Macintosh; Intel Mac OS X 10_15_7) AppleWebKit/605.1.15 (KHTML, like Gecko) Version/17.6 Safari/605.1.15",60,,,,,,,,,,,,,,,,,,,,,,,,,,,,,,,,,,,,,,,,,,,,,,,,,,,,,,,,,,,,,,,,,,,,,,,,,,,,,,,,,,,,,,,,,,,,,,,,,,,,,,,,,,,,,,,,,,,,,,,,,,,,,,,,,,,,,,,,,,,,,,,,,14,0,14,0,1,,,,,,,,,,,,,,,,,,
,,,,,,,,,,,,,,,,,107,4,2024-09-05_15h33.34.906,Symbol-E,2020.1.3,MacIntel,Safari,"Mozilla/5.0 (Macintosh; Intel Mac OS X 10_15_7) AppleWebKit/605.1.15 (KHTML, like Gecko) Version/17.6 Safari/605.1.15",60,,,,,,,,,,,,,,,,,,,,,,,,,,,,,,,,,,,,media/dcnb.png,0,0,Symb,a,TR,0,0,1,0,8,0,15,0,1,5,0.494011803,a,1.338,0,1,,,,,,,,,,,,,,,,,,,,,,,,,,,,,,,,,,,,,,,,,,,,,,,,,,,,,,,,,,,,,,,,,,,,,,,,,,,,,,,,,,a,1,,,,,,,,,,,1.338,0,0,0,0,1,,,,,,,,,,,,
,,,,,,,,,,,,,,,,,107,4,2024-09-05_15h33.34.906,Symbol-E,2020.1.3,MacIntel,Safari,"Mozilla/5.0 (Macintosh; Intel Mac OS X 10_15_7) AppleWebKit/605.1.15 (KHTML, like Gecko) Version/17.6 Safari/605.1.15",60,,,,,,,,,,,,,,,,,,,,,,,,,,,,,,,,,,,,,,,,,,,,,,,,,,,,,,,,,,,,,,,,,,,,,,,,,,,,,,,,,,,,,,,,,,,,,,,,,,,,,,,,,,,,,,,,,,,,,,,,,,,,,,,,,,,,,,,,,,,,,,,,,15,0,15,0,1,,,,,,,,,,,,,,,,,,
,,,,,,,,,,,,,,,,,107,4,2024-09-05_15h33.34.906,Symbol-E,2020.1.3,MacIntel,Safari,"Mozilla/5.0 (Macintosh; Intel Mac OS X 10_15_7) AppleWebKit/605.1.15 (KHTML, like Gecko) Version/17.6 Safari/605.1.15",60,,,,,,,,,,,,,,,,,,,,,,,,,,,,,,,,,,,,media/ddnb.png,4,0,Symb,h,TR,0,0,1,0,8,0,16,0,1,5,0.517124523,h,1.402,4,1,,,,,,,,,,,,,,,,,,,,,,,,,,,,,,,,,,,,,,,,,,,,,,,,,,,,,,,,,,,,,,,,,,,,,,,,,,,,,,,,,,h,1,,,,,,,,,,,1.402,0,0,0,0,1,,,,,,,,,,,,
,,,,,,,,,,,,,,,,,107,4,2024-09-05_15h33.34.906,Symbol-E,2020.1.3,MacIntel,Safari,"Mozilla/5.0 (Macintosh; Intel Mac OS X 10_15_7) AppleWebKit/605.1.15 (KHTML, like Gecko) Version/17.6 Safari/605.1.15",60,,,,,,,,,,,,,,,,,,,,,,,,,,,,,,,,,,,,,,,,,,,,,,,,,,,,,,,,,,,,,,,,,,,,,,,,,,,,,,,,,,,,,,,,,,,,,,,,,,,,,,,,,,,,,,,,,,,,,,,,,,,,,,,,,,,,,,,,,,,,,,,,,16,0,16,0,1,,,,,,,,,,,,,,,,,,
,,,,,,,,,,,,,,,,,107,4,2024-09-05_15h33.34.906,Symbol-E,2020.1.3,MacIntel,Safari,"Mozilla/5.0 (Macintosh; Intel Mac OS X 10_15_7) AppleWebKit/605.1.15 (KHTML, like Gecko) Version/17.6 Safari/605.1.15",60,,,,,,,,,,,,,,,,,,,,,,,,,,,,,,,,,,,,media/dnnb.png,6,2,Symb,i,TR,0,0,1,0,8,0,17,0,1,5,0.67227189,i,1.402,6,1,,,,,,,,,,,,,,,,,,,,,,,,,,,,,,,,,,,,,,,,,,,,,,,,,,,,,,,,,,,,,,,,,,,,,,,,,,,,,,,,,,i,1,,,,,,,,,,,1.402,0,0,0,0,1,,,,,,,,,,,,
,,,,,,,,,,,,,,,,,107,4,2024-09-05_15h33.34.906,Symbol-E,2020.1.3,MacIntel,Safari,"Mozilla/5.0 (Macintosh; Intel Mac OS X 10_15_7) AppleWebKit/605.1.15 (KHTML, like Gecko) Version/17.6 Safari/605.1.15",60,,,,,,,,,,,,,,,,,,,,,,,,,,,,,,,,,,,,,,,,,,,,,,,,,,,,,,,,,,,,,,,,,,,,,,,,,,,,,,,,,,,,,,,,,,,,,,,,,,,,,,,,,,,,,,,,,,,,,,,,,,,,,,,,,,,,,,,,,,,,,,,,,17,0,17,0,1,,,,,,,,,,,,,,,,,,
,,,,,,,,,,,,,,,,,107,4,2024-09-05_15h33.34.906,Symbol-E,2020.1.3,MacIntel,Safari,"Mozilla/5.0 (Macintosh; Intel Mac OS X 10_15_7) AppleWebKit/605.1.15 (KHTML, like Gecko) Version/17.6 Safari/605.1.15",60,,,,,,,,,,,,,,,,,,,,,,,,,,,,,,,,,,,,media/dcnb.png,0,0,Symb,a,TR,0,0,1,0,8,0,18,0,1,5,0.877140725,a,1.24,0,1,,,,,,,,,,,,,,,,,,,,,,,,,,,,,,,,,,,,,,,,,,,,,,,,,,,,,,,,,,,,,,,,,,,,,,,,,,,,,,,,,,a,1,,,,,,,,,,,1.24,0,0,0,0,1,,,,,,,,,,,,
,,,,,,,,,,,,,,,,,107,4,2024-09-05_15h33.34.906,Symbol-E,2020.1.3,MacIntel,Safari,"Mozilla/5.0 (Macintosh; Intel Mac OS X 10_15_7) AppleWebKit/605.1.15 (KHTML, like Gecko) Version/17.6 Safari/605.1.15",60,,,,,,,,,,,,,,,,,,,,,,,,,,,,,,,,,,,,,,,,,,,,,,,,,,,,,,,,,,,,,,,,,,,,,,,,,,,,,,,,,,,,,,,,,,,,,,,,,,,,,,,,,,,,,,,,,,,,,,,,,,,,,,,,,,,,,,,,,,,,,,,,,18,0,18,0,1,,,,,,,,,,,,,,,,,,
,,,,,,,,,,,,,,,,,107,4,2024-09-05_15h33.34.906,Symbol-E,2020.1.3,MacIntel,Safari,"Mozilla/5.0 (Macintosh; Intel Mac OS X 10_15_7) AppleWebKit/605.1.15 (KHTML, like Gecko) Version/17.6 Safari/605.1.15",60,,,,,,,,,,,,,,,,,,,,,,,,,,,,,,,,,,,,media/dmnb.png,2,2,Symb,e,TR,0,0,1,0,8,0,19,0,1,5,1.125562421,e,1.321,2,1,,,,,,,,,,,,,,,,,,,,,,,,,,,,,,,,,,,,,,,,,,,,,,,,,,,,,,,,,,,,,,,,,,,,,,,,,,,,,,,,,,e,1,,,,,,,,,,,1.321,0,0,0,0,1,,,,,,,,,,,,
,,,,,,,,,,,,,,,,,107,4,2024-09-05_15h33.34.906,Symbol-E,2020.1.3,MacIntel,Safari,"Mozilla/5.0 (Macintosh; Intel Mac OS X 10_15_7) AppleWebKit/605.1.15 (KHTML, like Gecko) Version/17.6 Safari/605.1.15",60,,,,,,,,,,,,,,,,,,,,,,,,,,,,,,,,,,,,,,,,,,,,,,,,,,,,,,,,,,,,,,,,,,,,,,,,,,,,,,,,,,,,,,,,,,,,,,,,,,,,,,,,,,,,,,,,,,,,,,,,,,,,,,,,,,,,,,,,,,,,,,,,,19,0,19,0,1,,,,,,,,,,,,,,,,,,
,,,,,,,,,,,,,,,,,107,4,2024-09-05_15h33.34.906,Symbol-E,2020.1.3,MacIntel,Safari,"Mozilla/5.0 (Macintosh; Intel Mac OS X 10_15_7) AppleWebKit/605.1.15 (KHTML, like Gecko) Version/17.6 Safari/605.1.15",60,,,,,,,,,,,,,,,,,,,,,,,,,,,,,,,,,,,,media/dnnb.png,6,2,Symb,i,TR,0,0,1,0,8,0,20,0,1,5,0.345626657,w,1.339,1,0,,,,,,,,,,,,,,,,,,,,,,,,,,,,,,,,,,,,,,,,,,,,,,,,,,,,,,,,,,,,,,,,,,,,,,,,,,,,,,,,,,w,0,,,,,,,,,,,1.339,0,0,0,0,1,,,,,,,,,,,,
,,,,,,,,,,,,,,,,,107,4,2024-09-05_15h33.34.906,Symbol-E,2020.1.3,MacIntel,Safari,"Mozilla/5.0 (Macintosh; Intel Mac OS X 10_15_7) AppleWebKit/605.1.15 (KHTML, like Gecko) Version/17.6 Safari/605.1.15",60,,,,,,,,,,,,,,,,,,,,,,,,,,,,,,,,,,,,,,,,,,,,,,,,,,,,,,,,,,,,,,,,,,,,,,,,,,,,,,,,,,,,,,,,,,,,,,,,,,,,,,,,,,,,,,,,,,,,,,,,,,,,,,,,,,,,,,,,,,,,,,,,,20,0,20,0,1,,,,,,,,,,,,,,,,,,
,,,,,,,,,,,,,,,,,107,4,2024-09-05_15h33.34.906,Symbol-E,2020.1.3,MacIntel,Safari,"Mozilla/5.0 (Macintosh; Intel Mac OS X 10_15_7) AppleWebKit/605.1.15 (KHTML, like Gecko) Version/17.6 Safari/605.1.15",60,,,,,,,,,,,,,,,,,,,,,,,,,,,,,,,,,,,,media/dcnb.png,0,0,Symb,a,TR,0,0,1,0,8,0,21,0,1,5,0.081078441,w,1.369,1,0,,,,,,,,,,,,,,,,,,,,,,,,,,,,,,,,,,,,,,,,,,,,,,,,,,,,,,,,,,,,,,,,,,,,,,,,,,,,,,,,,,w,0,,,,,,,,,,,1.369,0,0,0,0,1,,,,,,,,,,,,
,,,,,,,,,,,,,,,,,107,4,2024-09-05_15h33.34.906,Symbol-E,2020.1.3,MacIntel,Safari,"Mozilla/5.0 (Macintosh; Intel Mac OS X 10_15_7) AppleWebKit/605.1.15 (KHTML, like Gecko) Version/17.6 Safari/605.1.15",60,,,,,,,,,,,,,,,,,,,,,,,,,,,,,,,,,,,,,,,,,,,,,,,,,,,,,,,,,,,,,,,,,,,,,,,,,,,,,,,,,,,,,,,,,,,,,,,,,,,,,,,,,,,,,,,,,,,,,,,,,,,,,,,,,,,,,,,,,,,,,,,,,21,0,21,0,1,,,,,,,,,,,,,,,,,,
,,,,,,,,,,,,,,,,,107,4,2024-09-05_15h33.34.906,Symbol-E,2020.1.3,MacIntel,Safari,"Mozilla/5.0 (Macintosh; Intel Mac OS X 10_15_7) AppleWebKit/605.1.15 (KHTML, like Gecko) Version/17.6 Safari/605.1.15",60,,,,,,,,,,,,,,,,,,,,,,,,,,,,,,,,,,,,media/ddnb.png,4,0,Symb,h,TR,0,0,1,0,8,0,22,0,1,5,0.741842194,h,1.338,4,1,,,,,,,,,,,,,,,,,,,,,,,,,,,,,,,,,,,,,,,,,,,,,,,,,,,,,,,,,,,,,,,,,,,,,,,,,,,,,,,,,,h,1,,,,,,,,,,,1.338,0,0,0,0,1,,,,,,,,,,,,
,,,,,,,,,,,,,,,,,107,4,2024-09-05_15h33.34.906,Symbol-E,2020.1.3,MacIntel,Safari,"Mozilla/5.0 (Macintosh; Intel Mac OS X 10_15_7) AppleWebKit/605.1.15 (KHTML, like Gecko) Version/17.6 Safari/605.1.15",60,,,,,,,,,,,,,,,,,,,,,,,,,,,,,,,,,,,,,,,,,,,,,,,,,,,,,,,,,,,,,,,,,,,,,,,,,,,,,,,,,,,,,,,,,,,,,,,,,,,,,,,,,,,,,,,,,,,,,,,,,,,,,,,,,,,,,,,,,,,,,,,,,22,0,22,0,1,,,,,,,,,,,,,,,,,,
,,,,,,,,,,,,,,,,,107,4,2024-09-05_15h33.34.906,Symbol-E,2020.1.3,MacIntel,Safari,"Mozilla/5.0 (Macintosh; Intel Mac OS X 10_15_7) AppleWebKit/605.1.15 (KHTML, like Gecko) Version/17.6 Safari/605.1.15",60,,,,,,,,,,,,,,,,,,,,,,,,,,,,,,,,,,,,media/dinb.png,3,3,Symb,f,TR,0,0,1,0,8,0,23,0,1,5,0.716033281,a,1.382,0,0,,,,,,,,,,,,,,,,,,,,,,,,,,,,,,,,,,,,,,,,,,,,,,,,,,,,,,,,,,,,,,,,,,,,,,,,,,,,,,,,,,a,0,,,,,,,,,,,1.382,0,0,0,0,1,,,,,,,,,,,,
,,,,,,,,,,,,,,,,,107,4,2024-09-05_15h33.34.906,Symbol-E,2020.1.3,MacIntel,Safari,"Mozilla/5.0 (Macintosh; Intel Mac OS X 10_15_7) AppleWebKit/605.1.15 (KHTML, like Gecko) Version/17.6 Safari/605.1.15",60,,,,,,,,,,,,,,,,,,,,,,,,,,,,,,,,,,,,,,,,,,,,,,,,,,,,,,,,,,,,,,,,,,,,,,,,,,,,,,,,,,,,,,,,,,,,,,,,,,,,,,,,,,,,,,,,,,,,,,,,,,,,,,,,,,,,,,,,,,,,,,,,,23,0,23,0,1,,,,,,,,,,,,,,,,,,
,,,,,,,,,,,,,,,,,107,4,2024-09-05_15h33.34.906,Symbol-E,2020.1.3,MacIntel,Safari,"Mozilla/5.0 (Macintosh; Intel Mac OS X 10_15_7) AppleWebKit/605.1.15 (KHTML, like Gecko) Version/17.6 Safari/605.1.15",60,,,,,,,,,,,,,,,,,,,,,,,,,,,,,,,,,,,,media/djnb.png,7,3,Symb,l,TR,0,0,1,0,8,0,24,0,1,5,0.837829474,l,1.306,7,1,,,,,,,,,,,,,,,,,,,,,,,,,,,,,,,,,,,,,,,,,,,,,,,,,,,,,,,,,,,,,,,,,,,,,,,,,,,,,,,,,,l,1,,,,,,,,,,,1.306,0,0,0,0,1,,,,,,,,,,,,
,,,,,,,,,,,,,,,,,107,4,2024-09-05_15h33.34.906,Symbol-E,2020.1.3,MacIntel,Safari,"Mozilla/5.0 (Macintosh; Intel Mac OS X 10_15_7) AppleWebKit/605.1.15 (KHTML, like Gecko) Version/17.6 Safari/605.1.15",60,,,,,,,,,,,,,,,,,,,,,,,,,,,,,,,,,,,,,,,,,,,,,,,,,,,,,,,,,,,,,,,,,,,,,,,,,,,,,,,,,,,,,,,,,,,,,,,,,,,,,,,,,,,,,,,,,,,,,,,,,,,,,,,,,,,,,,,,,,,,,,,,,24,0,24,0,1,,,,,,,,,,,,,,,,,,
,,,,,,,,,,,,,,,,,107,4,2024-09-05_15h33.34.906,Symbol-E,2020.1.3,MacIntel,Safari,"Mozilla/5.0 (Macintosh; Intel Mac OS X 10_15_7) AppleWebKit/605.1.15 (KHTML, like Gecko) Version/17.6 Safari/605.1.15",60,,,,,,,,,,,,,,,,,,,,,,,,,,,,,,,,,,,,media/dfnb.png,1,1,Symb,w,TR,0,0,1,0,8,0,25,0,1,5,1.197861974,w,1.287,1,1,,,,,,,,,,,,,,,,,,,,,,,,,,,,,,,,,,,,,,,,,,,,,,,,,,,,,,,,,,,,,,,,,,,,,,,,,,,,,,,,,,w,1,,,,,,,,,,,1.287,0,0,0,0,1,,,,,,,,,,,,
,,,,,,,,,,,,,,,,,107,4,2024-09-05_15h33.34.906,Symbol-E,2020.1.3,MacIntel,Safari,"Mozilla/5.0 (Macintosh; Intel Mac OS X 10_15_7) AppleWebKit/605.1.15 (KHTML, like Gecko) Version/17.6 Safari/605.1.15",60,,,,,,,,,,,,,,,,,,,,,,,,,,,,,,,,,,,,,,,,,,,,,,,,,,,,,,,,,,,,,,,,,,,,,,,,,,,,,,,,,,,,,,,,,,,,,,,,,,,,,,,,,,,,,,,,,,,,,,,,,,,,,,,,,,,,,,,,,,,,,,,,,25,0,25,0,1,,,,,,,,,,,,,,,,,,
,,,,,,,,,,,,,,,,,107,4,2024-09-05_15h33.34.906,Symbol-E,2020.1.3,MacIntel,Safari,"Mozilla/5.0 (Macintosh; Intel Mac OS X 10_15_7) AppleWebKit/605.1.15 (KHTML, like Gecko) Version/17.6 Safari/605.1.15",60,,,,,,,,,,,,,,,,,,,,,,,,,,,,,,,,,,,,media/djnb.png,7,3,Symb,l,TR,0,0,1,0,8,0,26,0,1,5,0.983182916,l,1.337,7,1,,,,,,,,,,,,,,,,,,,,,,,,,,,,,,,,,,,,,,,,,,,,,,,,,,,,,,,,,,,,,,,,,,,,,,,,,,,,,,,,,,l,1,,,,,,,,,,,1.337,0,0,0,0,1,,,,,,,,,,,,
,,,,,,,,,,,,,,,,,107,4,2024-09-05_15h33.34.906,Symbol-E,2020.1.3,MacIntel,Safari,"Mozilla/5.0 (Macintosh; Intel Mac OS X 10_15_7) AppleWebKit/605.1.15 (KHTML, like Gecko) Version/17.6 Safari/605.1.15",60,,,,,,,,,,,,,,,,,,,,,,,,,,,,,,,,,,,,,,,,,,,,,,,,,,,,,,,,,,,,,,,,,,,,,,,,,,,,,,,,,,,,,,,,,,,,,,,,,,,,,,,,,,,,,,,,,,,,,,,,,,,,,,,,,,,,,,,,,,,,,,,,,26,0,26,0,1,,,,,,,,,,,,,,,,,,
,,,,,,,,,,,,,,,,,107,4,2024-09-05_15h33.34.906,Symbol-E,2020.1.3,MacIntel,Safari,"Mozilla/5.0 (Macintosh; Intel Mac OS X 10_15_7) AppleWebKit/605.1.15 (KHTML, like Gecko) Version/17.6 Safari/605.1.15",60,,,,,,,,,,,,,,,,,,,,,,,,,,,,,,,,,,,,media/dgnb.png,5,1,Symb,u,TR,0,0,1,0,8,0,27,0,1,5,1.031461244,u,1.243,5,1,,,,,,,,,,,,,,,,,,,,,,,,,,,,,,,,,,,,,,,,,,,,,,,,,,,,,,,,,,,,,,,,,,,,,,,,,,,,,,,,,,u,1,,,,,,,,,,,1.243,0,0,0,0,1,,,,,,,,,,,,
,,,,,,,,,,,,,,,,,107,4,2024-09-05_15h33.34.906,Symbol-E,2020.1.3,MacIntel,Safari,"Mozilla/5.0 (Macintosh; Intel Mac OS X 10_15_7) AppleWebKit/605.1.15 (KHTML, like Gecko) Version/17.6 Safari/605.1.15",60,,,,,,,,,,,,,,,,,,,,,,,,,,,,,,,,,,,,,,,,,,,,,,,,,,,,,,,,,,,,,,,,,,,,,,,,,,,,,,,,,,,,,,,,,,,,,,,,,,,,,,,,,,,,,,,,,,,,,,,,,,,,,,,,,,,,,,,,,,,,,,,,,27,0,27,0,1,,,,,,,,,,,,,,,,,,
,,,,,,,,,,,,,,,,,107,4,2024-09-05_15h33.34.906,Symbol-E,2020.1.3,MacIntel,Safari,"Mozilla/5.0 (Macintosh; Intel Mac OS X 10_15_7) AppleWebKit/605.1.15 (KHTML, like Gecko) Version/17.6 Safari/605.1.15",60,,,,,,,,,,,,,,,,,,,,,,,,,,,,,,,,,,,,media/dfnb.png,1,1,Symb,w,TR,0,0,1,0,8,0,28,0,1,5,0.172157748,e,1.353,2,0,,,,,,,,,,,,,,,,,,,,,,,,,,,,,,,,,,,,,,,,,,,,,,,,,,,,,,,,,,,,,,,,,,,,,,,,,,,,,,,,,,e,0,,,,,,,,,,,1.353,0,0,0,0,1,,,,,,,,,,,,
,,,,,,,,,,,,,,,,,107,4,2024-09-05_15h33.34.906,Symbol-E,2020.1.3,MacIntel,Safari,"Mozilla/5.0 (Macintosh; Intel Mac OS X 10_15_7) AppleWebKit/605.1.15 (KHTML, like Gecko) Version/17.6 Safari/605.1.15",60,,,,,,,,,,,,,,,,,,,,,,,,,,,,,,,,,,,,,,,,,,,,,,,,,,,,,,,,,,,,,,,,,,,,,,,,,,,,,,,,,,,,,,,,,,,,,,,,,,,,,,,,,,,,,,,,,,,,,,,,,,,,,,,,,,,,,,,,,,,,,,,,,28,0,28,0,1,,,,,,,,,,,,,,,,,,
,,,,,,,,,,,,,,,,,107,4,2024-09-05_15h33.34.906,Symbol-E,2020.1.3,MacIntel,Safari,"Mozilla/5.0 (Macintosh; Intel Mac OS X 10_15_7) AppleWebKit/605.1.15 (KHTML, like Gecko) Version/17.6 Safari/605.1.15",60,,,,,,,,,,,,,,,,,,,,,,,,,,,,,,,,,,,,media/dmnb.png,2,2,Symb,e,TR,0,0,1,0,8,0,29,0,1,5,0.905679771,e,1.37,2,1,,,,,,,,,,,,,,,,,,,,,,,,,,,,,,,,,,,,,,,,,,,,,,,,,,,,,,,,,,,,,,,,,,,,,,,,,,,,,,,,,,e,1,,,,,,,,,,,1.37,0,0,0,0,1,,,,,,,,,,,,
,,,,,,,,,,,,,,,,,107,4,2024-09-05_15h33.34.906,Symbol-E,2020.1.3,MacIntel,Safari,"Mozilla/5.0 (Macintosh; Intel Mac OS X 10_15_7) AppleWebKit/605.1.15 (KHTML, like Gecko) Version/17.6 Safari/605.1.15",60,,,,,,,,,,,,,,,,,,,,,,,,,,,,,,,,,,,,,,,,,,,,,,,,,,,,,,,,,,,,,,,,,,,,,,,,,,,,,,,,,,,,,,,,,,,,,,,,,,,,,,,,,,,,,,,,,,,,,,,,,,,,,,,,,,,,,,,,,,,,,,,,,29,0,29,0,1,,,,,,,,,,,,,,,,,,
,,,,,,,,,,,,,,,,,107,4,2024-09-05_15h33.34.906,Symbol-E,2020.1.3,MacIntel,Safari,"Mozilla/5.0 (Macintosh; Intel Mac OS X 10_15_7) AppleWebKit/605.1.15 (KHTML, like Gecko) Version/17.6 Safari/605.1.15",60,,,,,,,,,,,,,,,,,,,,,,,,,,,,,,,,,,,,media/dinb.png,3,3,Symb,f,TR,0,0,1,0,8,0,30,0,1,5,0.103267279,u,1.421,5,0,,,,,,,,,,,,,,,,,,,,,,,,,,,,,,,,,,,,,,,,,,,,,,,,,,,,,,,,,,,,,,,,,,,,,,,,,,,,,,,,,,u,0,,,,,,,,,,,1.421,0,0,0,0,1,,,,,,,,,,,,
,,,,,,,,,,,,,,,,,107,4,2024-09-05_15h33.34.906,Symbol-E,2020.1.3,MacIntel,Safari,"Mozilla/5.0 (Macintosh; Intel Mac OS X 10_15_7) AppleWebKit/605.1.15 (KHTML, like Gecko) Version/17.6 Safari/605.1.15",60,,,,,,,,,,,,,,,,,,,,,,,,,,,,,,,,,,,,,,,,,,,,,,,,,,,,,,,,,,,,,,,,,,,,,,,,,,,,,,,,,,,,,,,,,,,,,,,,,,,,,,,,,,,,,,,,,,,,,,,,,,,,,,,,,,,,,,,,,,,,,,,,,30,0,30,0,1,,,,,,,,,,,,,,,,,,
,,,,,,,,,,,,,,,,,107,4,2024-09-05_15h33.34.906,Symbol-E,2020.1.3,MacIntel,Safari,"Mozilla/5.0 (Macintosh; Intel Mac OS X 10_15_7) AppleWebKit/605.1.15 (KHTML, like Gecko) Version/17.6 Safari/605.1.15",60,,,,,,,,,,,,,,,,,,,,,,,,,,,,,,,,,,,,media/dgnb.png,5,1,Symb,u,TR,0,0,1,0,8,0,31,0,1,5,0.901868725,u,1.305,5,1,,,,,,,,,,,,,,,,,,,,,,,,,,,,,,,,,,,,,,,,,,,,,,,,,,,,,,,,,,,,,,,,,,,,,,,,,,,,,,,,,,u,1,,,,,,,,,,,1.305,0,0,0,0,1,,,,,,,,,,,,
,,,,,,,,,,,,,,,,,107,4,2024-09-05_15h33.34.906,Symbol-E,2020.1.3,MacIntel,Safari,"Mozilla/5.0 (Macintosh; Intel Mac OS X 10_15_7) AppleWebKit/605.1.15 (KHTML, like Gecko) Version/17.6 Safari/605.1.15",60,,,,,,,,,,,,,,,,,,,,,,,,,,,,,,,,,,,,,,,,,,,,,,,,,,,,,,,,,,,,,,,,,,,,,,,,,,,,,,,,,,,,,,,,,,,,,,,,,,,,,,,,,,,,,,,,,,,,,,,,,,,,,,,,,,,,,,,,,,,,,,,,,31,0,31,0,1,,,,,,,,,,,,,,,,,,
,,,,,,,,,,,,,,,,,107,4,2024-09-05_15h33.34.906,Symbol-E,2020.1.3,MacIntel,Safari,"Mozilla/5.0 (Macintosh; Intel Mac OS X 10_15_7) AppleWebKit/605.1.15 (KHTML, like Gecko) Version/17.6 Safari/605.1.15",60,,,,,,,,,,,,,,,,,,,,,,,,,,,,,,,,,,,,media/dgnb.png,5,1,Symb,u,TR,0,0,1,0,8,0,32,0,1,5,0.584027542,u,1.31,5,1,,,,,,,,,,,,,,,,,,,,,,,,,,,,,,,,,,,,,,,,,,,,,,,,,,,,,,,,,,,,,,,,,,,,,,,,,,,,,,,,,,u,1,,,,,,,,,,,1.31,0,0,0,0,1,,,,,,,,,,,,
,,,,,,,,,,,,,,,,,107,4,2024-09-05_15h33.34.906,Symbol-E,2020.1.3,MacIntel,Safari,"Mozilla/5.0 (Macintosh; Intel Mac OS X 10_15_7) AppleWebKit/605.1.15 (KHTML, like Gecko) Version/17.6 Safari/605.1.15",60,,,,,,,,,,,,,,,,,,,,,,,,,,,,,,,,,,,,,,,,,,,,,,,,,,,,,,,,,,,,,,,,,,,,,,,,,,,,,,,,,,,,,,,,,,,,,,,,,,,,,,,,,,,,,,,,,,,,,,,,,,,,,,,,,,,,,,,,,,,,,,,,,32,0,32,0,1,,,,,,,,,,,,,,,,,,
,,,,,,,,,,,,,,,,,107,4,2024-09-05_15h33.34.906,Symbol-E,2020.1.3,MacIntel,Safari,"Mozilla/5.0 (Macintosh; Intel Mac OS X 10_15_7) AppleWebKit/605.1.15 (KHTML, like Gecko) Version/17.6 Safari/605.1.15",60,,,,,,,,,,,,,,,,,,,,,,,,,,,,,,,,,,,,media/ddnb.png,4,0,Symb,h,TR,0,0,1,0,8,0,33,0,1,5,0.055561269,w,1.435,1,0,,,,,,,,,,,,,,,,,,,,,,,,,,,,,,,,,,,,,,,,,,,,,,,,,,,,,,,,,,,,,,,,,,,,,,,,,,,,,,,,,,w,0,,,,,,,,,,,1.435,0,0,0,0,1,,,,,,,,,,,,
,,,,,,,,,,,,,,,,,107,4,2024-09-05_15h33.34.906,Symbol-E,2020.1.3,MacIntel,Safari,"Mozilla/5.0 (Macintosh; Intel Mac OS X 10_15_7) AppleWebKit/605.1.15 (KHTML, like Gecko) Version/17.6 Safari/605.1.15",60,,,,,,,,,,,,,,,,,,,,,,,,,,,,,,,,,,,,,,,,,,,,,,,,,,,,,,,,,,,,,,,,,,,,,,,,,,,,,,,,,,,,,,,,,,,,,,,,,,,,,,,,,,,,,,,,,,,,,,,,,,,,,,,,,,,,,,,,,,,,,,,,,33,0,33,0,1,,,,,,,,,,,,,,,,,,
,,,,,,,,,,,,,,,,,107,4,2024-09-05_15h33.34.906,Symbol-E,2020.1.3,MacIntel,Safari,"Mozilla/5.0 (Macintosh; Intel Mac OS X 10_15_7) AppleWebKit/605.1.15 (KHTML, like Gecko) Version/17.6 Safari/605.1.15",60,,,,,,,,,,,,,,,,,,,,,,,,,,,,,,,,,,,,media/dgnb.png,5,1,Symb,u,TR,0,0,1,0,8,0,34,0,1,5,0.359590666,f,1.303,3,0,,,,,,,,,,,,,,,,,,,,,,,,,,,,,,,,,,,,,,,,,,,,,,,,,,,,,,,,,,,,,,,,,,,,,,,,,,,,,,,,,,f,0,,,,,,,,,,,1.303,0,0,0,0,1,,,,,,,,,,,,
,,,,,,,,,,,,,,,,,107,4,2024-09-05_15h33.34.906,Symbol-E,2020.1.3,MacIntel,Safari,"Mozilla/5.0 (Macintosh; Intel Mac OS X 10_15_7) AppleWebKit/605.1.15 (KHTML, like Gecko) Version/17.6 Safari/605.1.15",60,,,,,,,,,,,,,,,,,,,,,,,,,,,,,,,,,,,,,,,,,,,,,,,,,,,,,,,,,,,,,,,,,,,,,,,,,,,,,,,,,,,,,,,,,,,,,,,,,,,,,,,,,,,,,,,,,,,,,,,,,,,,,,,,,,,,,,,,,,,,,,,,,34,0,34,0,1,,,,,,,,,,,,,,,,,,
,,,,,,,,,,,,,,,,,107,4,2024-09-05_15h33.34.906,Symbol-E,2020.1.3,MacIntel,Safari,"Mozilla/5.0 (Macintosh; Intel Mac OS X 10_15_7) AppleWebKit/605.1.15 (KHTML, like Gecko) Version/17.6 Safari/605.1.15",60,,,,,,,,,,,,,,,,,,,,,,,,,,,,,,,,,,,,media/dmnb.png,2,2,Symb,e,TR,0,0,1,0,8,0,35,0,1,5,0.722779438,e,1.306,2,1,,,,,,,,,,,,,,,,,,,,,,,,,,,,,,,,,,,,,,,,,,,,,,,,,,,,,,,,,,,,,,,,,,,,,,,,,,,,,,,,,,e,1,,,,,,,,,,,1.306,0,0,0,0,1,,,,,,,,,,,,
,,,,,,,,,,,,,,,,,107,4,2024-09-05_15h33.34.906,Symbol-E,2020.1.3,MacIntel,Safari,"Mozilla/5.0 (Macintosh; Intel Mac OS X 10_15_7) AppleWebKit/605.1.15 (KHTML, like Gecko) Version/17.6 Safari/605.1.15",60,,,,,,,,,,,,,,,,,,,,,,,,,,,,,,,,,,,,,,,,,,,,,,,,,,,,,,,,,,,,,,,,,,,,,,,,,,,,,,,,,,,,,,,,,,,,,,,,,,,,,,,,,,,,,,,,,,,,,,,,,,,,,,,,,,,,,,,,,,,,,,,,,35,0,35,0,1,,,,,,,,,,,,,,,,,,
,,,,,,,,,,,,,,,,,107,4,2024-09-05_15h33.34.906,Symbol-E,2020.1.3,MacIntel,Safari,"Mozilla/5.0 (Macintosh; Intel Mac OS X 10_15_7) AppleWebKit/605.1.15 (KHTML, like Gecko) Version/17.6 Safari/605.1.15",60,,,,,,,,,,,,,,,,,,,,,,,,,,,,,,,,,,,,media/dcnb.png,0,0,Symb,a,TR,0,0,1,0,8,0,36,0,1,5,0.937790081,a,1.352,0,1,,,,,,,,,,,,,,,,,,,,,,,,,,,,,,,,,,,,,,,,,,,,,,,,,,,,,,,,,,,,,,,,,,,,,,,,,,,,,,,,,,a,1,,,,,,,,,,,1.352,0,0,0,0,1,,,,,,,,,,,,
,,,,,,,,,,,,,,,,,107,4,2024-09-05_15h33.34.906,Symbol-E,2020.1.3,MacIntel,Safari,"Mozilla/5.0 (Macintosh; Intel Mac OS X 10_15_7) AppleWebKit/605.1.15 (KHTML, like Gecko) Version/17.6 Safari/605.1.15",60,,,,,,,,,,,,,,,,,,,,,,,,,,,,,,,,,,,,,,,,,,,,,,,,,,,,,,,,,,,,,,,,,,,,,,,,,,,,,,,,,,,,,,,,,,,,,,,,,,,,,,,,,,,,,,,,,,,,,,,,,,,,,,,,,,,,,,,,,,,,,,,,,36,0,36,0,1,,,,,,,,,,,,,,,,,,
,,,,,,,,,,,,,,,,,107,4,2024-09-05_15h33.34.906,Symbol-E,2020.1.3,MacIntel,Safari,"Mozilla/5.0 (Macintosh; Intel Mac OS X 10_15_7) AppleWebKit/605.1.15 (KHTML, like Gecko) Version/17.6 Safari/605.1.15",60,,,,,,,,,,,,,,,,,,,,,,,,,,,,,,,,,,,,media/dfnb.png,1,1,Symb,w,TR,0,0,1,0,8,0,37,0,1,5,0.368613868,f,1.259,3,0,,,,,,,,,,,,,,,,,,,,,,,,,,,,,,,,,,,,,,,,,,,,,,,,,,,,,,,,,,,,,,,,,,,,,,,,,,,,,,,,,,f,0,,,,,,,,,,,1.259,0,0,0,0,1,,,,,,,,,,,,
,,,,,,,,,,,,,,,,,107,4,2024-09-05_15h33.34.906,Symbol-E,2020.1.3,MacIntel,Safari,"Mozilla/5.0 (Macintosh; Intel Mac OS X 10_15_7) AppleWebKit/605.1.15 (KHTML, like Gecko) Version/17.6 Safari/605.1.15",60,,,,,,,,,,,,,,,,,,,,,,,,,,,,,,,,,,,,,,,,,,,,,,,,,,,,,,,,,,,,,,,,,,,,,,,,,,,,,,,,,,,,,,,,,,,,,,,,,,,,,,,,,,,,,,,,,,,,,,,,,,,,,,,,,,,,,,,,,,,,,,,,,37,0,37,0,1,,,,,,,,,,,,,,,,,,
,,,,,,,,,,,,,,,,,107,4,2024-09-05_15h33.34.906,Symbol-E,2020.1.3,MacIntel,Safari,"Mozilla/5.0 (Macintosh; Intel Mac OS X 10_15_7) AppleWebKit/605.1.15 (KHTML, like Gecko) Version/17.6 Safari/605.1.15",60,,,,,,,,,,,,,,,,,,,,,,,,,,,,,,,,,,,,media/djnb.png,7,3,Symb,l,TR,0,0,1,0,8,0,38,0,1,5,0.329700541,w,1.388,1,0,,,,,,,,,,,,,,,,,,,,,,,,,,,,,,,,,,,,,,,,,,,,,,,,,,,,,,,,,,,,,,,,,,,,,,,,,,,,,,,,,,w,0,,,,,,,,,,,1.388,0,0,0,0,1,,,,,,,,,,,,
,,,,,,,,,,,,,,,,,107,4,2024-09-05_15h33.34.906,Symbol-E,2020.1.3,MacIntel,Safari,"Mozilla/5.0 (Macintosh; Intel Mac OS X 10_15_7) AppleWebKit/605.1.15 (KHTML, like Gecko) Version/17.6 Safari/605.1.15",60,,,,,,,,,,,,,,,,,,,,,,,,,,,,,,,,,,,,,,,,,,,,,,,,,,,,,,,,,,,,,,,,,,,,,,,,,,,,,,,,,,,,,,,,,,,,,,,,,,,,,,,,,,,,,,,,,,,,,,,,,,,,,,,,,,,,,,,,,,,,,,,,,38,0,38,0,1,,,,,,,,,,,,,,,,,,
,,,,,,,,,,,,,,,,,107,4,2024-09-05_15h33.34.906,Symbol-E,2020.1.3,MacIntel,Safari,"Mozilla/5.0 (Macintosh; Intel Mac OS X 10_15_7) AppleWebKit/605.1.15 (KHTML, like Gecko) Version/17.6 Safari/605.1.15",60,,,,,,,,,,,,,,,,,,,,,,,,,,,,,,,,,,,,media/dnnb.png,6,2,Symb,i,TR,0,0,1,0,8,0,39,0,1,5,0.868860737,i,1.343,6,1,,,,,,,,,,,,,,,,,,,,,,,,,,,,,,,,,,,,,,,,,,,,,,,,,,,,,,,,,,,,,,,,,,,,,,,,,,,,,,,,,,i,1,,,,,,,,,,,1.343,0,0,0,0,1,,,,,,,,,,,,
,,,,,,,,,,,,,,,,,107,4,2024-09-05_15h33.34.906,Symbol-E,2020.1.3,MacIntel,Safari,"Mozilla/5.0 (Macintosh; Intel Mac OS X 10_15_7) AppleWebKit/605.1.15 (KHTML, like Gecko) Version/17.6 Safari/605.1.15",60,,,,,,,,,,,,,,,,,,,,,,,,,,,,,,,,,,,,,,,,,,,,,,,,,,,,,,,,,,,,,,,,,,,,,,,,,,,,,,,,,,,,,,,,,,,,,,,,,,,,,,,,,,,,,,,,,,,,,,,,,,,,,,,,,,,,,,,,,,,,,,,,,39,0,39,0,1,,,,,,,,,,,,,,,,,,
,,,,,,,,,,,,,,,,,107,4,2024-09-05_15h33.34.906,Symbol-E,2020.1.3,MacIntel,Safari,"Mozilla/5.0 (Macintosh; Intel Mac OS X 10_15_7) AppleWebKit/605.1.15 (KHTML, like Gecko) Version/17.6 Safari/605.1.15",60,,,,,,,,,,,,,,,,,,,,,,,,,,,,,,,,,,,,media/dinb.png,3,3,Symb,f,TR,0,0,1,0,8,0,40,0,1,5,0.206294484,l,1.302,7,0,,,,,,,,,,,,,,,,,,,,,,,,,,,,,,,,,,,,,,,,,,,,,,,,,,,,,,,,,,,,,,,,,,,,,,,,,,,,,,,,,,l,0,,,,,,,,,,,1.302,0,0,0,0,1,,,,,,,,,,,,
,,,,,,,,,,,,,,,,,107,4,2024-09-05_15h33.34.906,Symbol-E,2020.1.3,MacIntel,Safari,"Mozilla/5.0 (Macintosh; Intel Mac OS X 10_15_7) AppleWebKit/605.1.15 (KHTML, like Gecko) Version/17.6 Safari/605.1.15",60,,,,,,,,,,,,,,,,,,,,,,,,,,,,,,,,,,,,,,,,,,,,,,,,,,,,,,,,,,,,,,,,,,,,,,,,,,,,,,,,,,,,,,,,,,,,,,,,,,,,,,,,,,,,,,,,,,,,,,,,,,,,,,,,,,,,,,,,,,,,,,,,,40,0,40,0,1,,,,,,,,,,,,,,,,,,
,,,,,,,,,,,,,,,,,107,4,2024-09-05_15h33.34.906,Symbol-E,2020.1.3,MacIntel,Safari,"Mozilla/5.0 (Macintosh; Intel Mac OS X 10_15_7) AppleWebKit/605.1.15 (KHTML, like Gecko) Version/17.6 Safari/605.1.15",60,,,,,,,,,,,,,,,,,,,,,,,,,,,,,,,,,,,,media/ddnb.png,4,0,Symb,h,TR,0,0,1,0,8,0,41,0,1,5,0.6282272,h,1.472,4,1,,,,,,,,,,,,,,,,,,,,,,,,,,,,,,,,,,,,,,,,,,,,,,,,,,,,,,,,,,,,,,,,,,,,,,,,,,,,,,,,,,h,1,,,,,,,,,,,1.472,0,0,0,0,1,,,,,,,,,,,,
,,,,,,,,,,,,,,,,,107,4,2024-09-05_15h33.34.906,Symbol-E,2020.1.3,MacIntel,Safari,"Mozilla/5.0 (Macintosh; Intel Mac OS X 10_15_7) AppleWebKit/605.1.15 (KHTML, like Gecko) Version/17.6 Safari/605.1.15",60,,,,,,,,,,,,,,,,,,,,,,,,,,,,,,,,,,,,,,,,,,,,,,,,,,,,,,,,,,,,,,,,,,,,,,,,,,,,,,,,,,,,,,,,,,,,,,,,,,,,,,,,,,,,,,,,,,,,,,,,,,,,,,,,,,,,,,,,,,,,,,,,,41,0,41,0,1,,,,,,,,,,,,,,,,,,
,,,,,,,,,,,,,,,,,107,4,2024-09-05_15h33.34.906,Symbol-E,2020.1.3,MacIntel,Safari,"Mozilla/5.0 (Macintosh; Intel Mac OS X 10_15_7) AppleWebKit/605.1.15 (KHTML, like Gecko) Version/17.6 Safari/605.1.15",60,,,,,,,,,,,,,,,,,,,,,,,,,,,,,,,,,,,,media/dfnb.png,1,1,Symb,w,TR,0,0,1,0,8,0,42,0,1,5,0.674683451,w,1.306,1,1,,,,,,,,,,,,,,,,,,,,,,,,,,,,,,,,,,,,,,,,,,,,,,,,,,,,,,,,,,,,,,,,,,,,,,,,,,,,,,,,,,w,1,,,,,,,,,,,1.306,0,0,0,0,1,,,,,,,,,,,,
,,,,,,,,,,,,,,,,,107,4,2024-09-05_15h33.34.906,Symbol-E,2020.1.3,MacIntel,Safari,"Mozilla/5.0 (Macintosh; Intel Mac OS X 10_15_7) AppleWebKit/605.1.15 (KHTML, like Gecko) Version/17.6 Safari/605.1.15",60,,,,,,,,,,,,,,,,,,,,,,,,,,,,,,,,,,,,,,,,,,,,,,,,,,,,,,,,,,,,,,,,,,,,,,,,,,,,,,,,,,,,,,,,,,,,,,,,,,,,,,,,,,,,,,,,,,,,,,,,,,,,,,,,,,,,,,,,,,,,,,,,,42,0,42,0,1,,,,,,,,,,,,,,,,,,
,,,,,,,,,,,,,,,,,107,4,2024-09-05_15h33.34.906,Symbol-E,2020.1.3,MacIntel,Safari,"Mozilla/5.0 (Macintosh; Intel Mac OS X 10_15_7) AppleWebKit/605.1.15 (KHTML, like Gecko) Version/17.6 Safari/605.1.15",60,,,,,,,,,,,,,,,,,,,,,,,,,,,,,,,,,,,,media/dnnb.png,6,2,Symb,i,TR,0,0,1,0,8,0,43,0,1,5,0.935521317,i,1.338,6,1,,,,,,,,,,,,,,,,,,,,,,,,,,,,,,,,,,,,,,,,,,,,,,,,,,,,,,,,,,,,,,,,,,,,,,,,,,,,,,,,,,i,1,,,,,,,,,,,1.338,0,0,0,0,1,,,,,,,,,,,,
,,,,,,,,,,,,,,,,,107,4,2024-09-05_15h33.34.906,Symbol-E,2020.1.3,MacIntel,Safari,"Mozilla/5.0 (Macintosh; Intel Mac OS X 10_15_7) AppleWebKit/605.1.15 (KHTML, like Gecko) Version/17.6 Safari/605.1.15",60,,,,,,,,,,,,,,,,,,,,,,,,,,,,,,,,,,,,,,,,,,,,,,,,,,,,,,,,,,,,,,,,,,,,,,,,,,,,,,,,,,,,,,,,,,,,,,,,,,,,,,,,,,,,,,,,,,,,,,,,,,,,,,,,,,,,,,,,,,,,,,,,,43,0,43,0,1,,,,,,,,,,,,,,,,,,
,,,,,,,,,,,,,,,,,107,4,2024-09-05_15h33.34.906,Symbol-E,2020.1.3,MacIntel,Safari,"Mozilla/5.0 (Macintosh; Intel Mac OS X 10_15_7) AppleWebKit/605.1.15 (KHTML, like Gecko) Version/17.6 Safari/605.1.15",60,,,,,,,,,,,,,,,,,,,,,,,,,,,,,,,,,,,,media/dinb.png,3,3,Symb,f,TR,0,0,1,0,8,0,44,0,1,5,0.913681883,f,1.258,3,1,,,,,,,,,,,,,,,,,,,,,,,,,,,,,,,,,,,,,,,,,,,,,,,,,,,,,,,,,,,,,,,,,,,,,,,,,,,,,,,,,,f,1,,,,,,,,,,,1.258,0,0,0,0,1,,,,,,,,,,,,
,,,,,,,,,,,,,,,,,107,4,2024-09-05_15h33.34.906,Symbol-E,2020.1.3,MacIntel,Safari,"Mozilla/5.0 (Macintosh; Intel Mac OS X 10_15_7) AppleWebKit/605.1.15 (KHTML, like Gecko) Version/17.6 Safari/605.1.15",60,,,,,,,,,,,,,,,,,,,,,,,,,,,,,,,,,,,,,,,,,,,,,,,,,,,,,,,,,,,,,,,,,,,,,,,,,,,,,,,,,,,,,,,,,,,,,,,,,,,,,,,,,,,,,,,,,,,,,,,,,,,,,,,,,,,,,,,,,,,,,,,,,44,0,44,0,1,,,,,,,,,,,,,,,,,,
,,,,,,,,,,,,,,,,,107,4,2024-09-05_15h33.34.906,Symbol-E,2020.1.3,MacIntel,Safari,"Mozilla/5.0 (Macintosh; Intel Mac OS X 10_15_7) AppleWebKit/605.1.15 (KHTML, like Gecko) Version/17.6 Safari/605.1.15",60,,,,,,,,,,,,,,,,,,,,,,,,,,,,,,,,,,,,media/dcnb.png,0,0,Symb,a,TR,0,0,1,0,8,0,45,0,1,5,1.179794902,a,1.321,0,1,,,,,,,,,,,,,,,,,,,,,,,,,,,,,,,,,,,,,,,,,,,,,,,,,,,,,,,,,,,,,,,,,,,,,,,,,,,,,,,,,,a,1,,,,,,,,,,,1.321,0,0,0,0,1,,,,,,,,,,,,
,,,,,,,,,,,,,,,,,107,4,2024-09-05_15h33.34.906,Symbol-E,2020.1.3,MacIntel,Safari,"Mozilla/5.0 (Macintosh; Intel Mac OS X 10_15_7) AppleWebKit/605.1.15 (KHTML, like Gecko) Version/17.6 Safari/605.1.15",60,,,,,,,,,,,,,,,,,,,,,,,,,,,,,,,,,,,,,,,,,,,,,,,,,,,,,,,,,,,,,,,,,,,,,,,,,,,,,,,,,,,,,,,,,,,,,,,,,,,,,,,,,,,,,,,,,,,,,,,,,,,,,,,,,,,,,,,,,,,,,,,,,45,0,45,0,1,,,,,,,,,,,,,,,,,,
,,,,,,,,,,,,,,,,,107,4,2024-09-05_15h33.34.906,Symbol-E,2020.1.3,MacIntel,Safari,"Mozilla/5.0 (Macintosh; Intel Mac OS X 10_15_7) AppleWebKit/605.1.15 (KHTML, like Gecko) Version/17.6 Safari/605.1.15",60,,,,,,,,,,,,,,,,,,,,,,,,,,,,,,,,,,,,media/djnb.png,7,3,Symb,l,TR,0,0,1,0,8,0,46,0,1,5,0.514230955,l,1.31,7,1,,,,,,,,,,,,,,,,,,,,,,,,,,,,,,,,,,,,,,,,,,,,,,,,,,,,,,,,,,,,,,,,,,,,,,,,,,,,,,,,,,l,1,,,,,,,,,,,1.31,0,0,0,0,1,,,,,,,,,,,,
,,,,,,,,,,,,,,,,,107,4,2024-09-05_15h33.34.906,Symbol-E,2020.1.3,MacIntel,Safari,"Mozilla/5.0 (Macintosh; Intel Mac OS X 10_15_7) AppleWebKit/605.1.15 (KHTML, like Gecko) Version/17.6 Safari/605.1.15",60,,,,,,,,,,,,,,,,,,,,,,,,,,,,,,,,,,,,,,,,,,,,,,,,,,,,,,,,,,,,,,,,,,,,,,,,,,,,,,,,,,,,,,,,,,,,,,,,,,,,,,,,,,,,,,,,,,,,,,,,,,,,,,,,,,,,,,,,,,,,,,,,,46,0,46,0,1,,,,,,,,,,,,,,,,,,
,,,,,,,,,,,,,,,,,107,4,2024-09-05_15h33.34.906,Symbol-E,2020.1.3,MacIntel,Safari,"Mozilla/5.0 (Macintosh; Intel Mac OS X 10_15_7) AppleWebKit/605.1.15 (KHTML, like Gecko) Version/17.6 Safari/605.1.15",60,,,,,,,,,,,,,,,,,,,,,,,,,,,,,,,,,,,,media/dmnb.png,2,2,Symb,e,TR,0,0,1,0,8,0,47,0,1,5,0.472747335,e,1.352,2,1,,,,,,,,,,,,,,,,,,,,,,,,,,,,,,,,,,,,,,,,,,,,,,,,,,,,,,,,,,,,,,,,,,,,,,,,,,,,,,,,,,e,1,,,,,,,,,,,1.352,0,0,0,0,1,,,,,,,,,,,,
,,,,,,,,,,,,,,,,,107,4,2024-09-05_15h33.34.906,Symbol-E,2020.1.3,MacIntel,Safari,"Mozilla/5.0 (Macintosh; Intel Mac OS X 10_15_7) AppleWebKit/605.1.15 (KHTML, like Gecko) Version/17.6 Safari/605.1.15",60,,,,,,,,,,,,,,,,,,,,,,,,,,,,,,,,,,,,,,,,,,,,,,,,,,,,,,,,,,,,,,,,,,,,,,,,,,,,,,,,,,,,,,,,,,,,,,,,,,,,,,,,,,,,,,,,,,,,,,,,,,,,,,,,,,,,,,,,,,,,,,,,,47,0,47,0,1,,,,,,,,,,,,,,,,,,
,,,,,,,,,,,,,,,,,107,4,2024-09-05_15h33.34.906,Symbol-E,2020.1.3,MacIntel,Safari,"Mozilla/5.0 (Macintosh; Intel Mac OS X 10_15_7) AppleWebKit/605.1.15 (KHTML, like Gecko) Version/17.6 Safari/605.1.15",60,,,,,,,,,,,,,,,,,,,,,,,,,,,,,,,,,,,,media/dnnb.png,6,2,Symb,i,TR,0,0,1,0,8,0,48,0,1,5,0.481704356,a,99,8,0,,,,,,,,,,,,,,,,,,,,,,,,,,,,,,,h,0.189,,,,,,,,,,,,,,,,,,,,,,,,,,,,,,,,,,,,,,,,,,,,,,,,,,,0,0,0,0,0,1,,,,,,,,,,,,,,,,,,,,,,,
,,,,,,,,,,,,,,,,,107,4,2024-09-05_15h33.34.906,Symbol-E,2020.1.3,MacIntel,Safari,"Mozilla/5.0 (Macintosh; Intel Mac OS X 10_15_7) AppleWebKit/605.1.15 (KHTML, like Gecko) Version/17.6 Safari/605.1.15",60,,,,,,,,,,,,,,,,,,,,,,,,,,,,,,,,,,,,,,,,,,,,,,,,,,,,,,,,,,,,,,,,,,,,,,,,,,,,,,,,,,,,,,,,,,,,,,,,,,,,,,,,,,,,,,,,,,,,,,,,,,,,,,,,,,,,,,,,,,,,,,,,,48,0,48,0,1,,,,,,,,,,,,,,,,,,
,,,,,,,,,,,,,,,,,107,4,2024-09-05_15h33.34.906,Symbol-E,2020.1.3,MacIntel,Safari,"Mozilla/5.0 (Macintosh; Intel Mac OS X 10_15_7) AppleWebKit/605.1.15 (KHTML, like Gecko) Version/17.6 Safari/605.1.15",60,,,,,,,,,,,,,,,,,,,,,,,,,,,,,,,,,,,,media/dfnb.png,1,1,Symb,w,TR,0,0,1,0,8,0,49,0,1,5,0.249786273,w,1.453,1,1,,,,,,,,,,,,,,,,,,,,,,,,,,,,,,,,,,,,,,,,,,,,,,,,,,,,,,,,,,,,,,,,,,,,,,,,,,,,,,,,,,w,1,,,,,,,,,,,1.453,0,0,0,0,1,,,,,,,,,,,,
,,,,,,,,,,,,,,,,,107,4,2024-09-05_15h33.34.906,Symbol-E,2020.1.3,MacIntel,Safari,"Mozilla/5.0 (Macintosh; Intel Mac OS X 10_15_7) AppleWebKit/605.1.15 (KHTML, like Gecko) Version/17.6 Safari/605.1.15",60,,,,,,,,,,,,,,,,,,,,,,,,,,,,,,,,,,,,,,,,,,,,,,,,,,,,,,,,,,,,,,,,,,,,,,,,,,,,,,,,,,,,,,,,,,,,,,,,,,,,,,,,,,,,,,,,,,,,,,,,,,,,,,,,,,,,,,,,,,,,,,,,,49,0,49,0,1,,,,,,,,,,,,,,,,,,
,,,,,,,,,,,,,,,,,107,4,2024-09-05_15h33.34.906,Symbol-E,2020.1.3,MacIntel,Safari,"Mozilla/5.0 (Macintosh; Intel Mac OS X 10_15_7) AppleWebKit/605.1.15 (KHTML, like Gecko) Version/17.6 Safari/605.1.15",60,,,,,,,,,,,,,,,,,,,,,,,,,,,,,,,,,,,,media/dfnb.png,1,1,Symb,w,TR,0,0,1,0,8,0,50,0,1,5,0.779205743,w,1.254,1,1,,,,,,,,,,,,,,,,,,,,,,,,,,,,,,,,,,,,,,,,,,,,,,,,,,,,,,,,,,,,,,,,,,,,,,,,,,,,,,,,,,w,1,,,,,,,,,,,1.254,0,0,0,0,1,,,,,,,,,,,,
,,,,,,,,,,,,,,,,,107,4,2024-09-05_15h33.34.906,Symbol-E,2020.1.3,MacIntel,Safari,"Mozilla/5.0 (Macintosh; Intel Mac OS X 10_15_7) AppleWebKit/605.1.15 (KHTML, like Gecko) Version/17.6 Safari/605.1.15",60,,,,,,,,,,,,,,,,,,,,,,,,,,,,,,,,,,,,,,,,,,,,,,,,,,,,,,,,,,,,,,,,,,,,,,,,,,,,,,,,,,,,,,,,,,,,,,,,,,,,,,,,,,,,,,,,,,,,,,,,,,,,,,,,,,,,,,,,,,,,,,,,,50,0,50,0,1,,,,,,,,,,,,,,,,,,
,,,,,,,,,,,,,,,,,107,4,2024-09-05_15h33.34.906,Symbol-E,2020.1.3,MacIntel,Safari,"Mozilla/5.0 (Macintosh; Intel Mac OS X 10_15_7) AppleWebKit/605.1.15 (KHTML, like Gecko) Version/17.6 Safari/605.1.15",60,,,,,,,,,,,,,,,,,,,,,,,,,,,,,,,,,,,,media/dgnb.png,5,1,Symb,u,TR,0,0,1,0,8,0,51,0,1,5,0.429394002,f,1.188,3,0,,,,,,,,,,,,,,,,,,,,,,,,,,,,,,,,,,,,,,,,,,,,,,,,,,,,,,,,,,,,,,,,,,,,,,,,,,,,,,,,,,f,0,,,,,,,,,,,1.188,0,0,0,0,1,,,,,,,,,,,,
,,,,,,,,,,,,,,,,,107,4,2024-09-05_15h33.34.906,Symbol-E,2020.1.3,MacIntel,Safari,"Mozilla/5.0 (Macintosh; Intel Mac OS X 10_15_7) AppleWebKit/605.1.15 (KHTML, like Gecko) Version/17.6 Safari/605.1.15",60,,,,,,,,,,,,,,,,,,,,,,,,,,,,,,,,,,,,,,,,,,,,,,,,,,,,,,,,,,,,,,,,,,,,,,,,,,,,,,,,,,,,,,,,,,,,,,,,,,,,,,,,,,,,,,,,,,,,,,,,,,,,,,,,,,,,,,,,,,,,,,,,,51,0,51,0,1,,,,,,,,,,,,,,,,,,
,,,,,,,,,,,,,,,,,107,4,2024-09-05_15h33.34.906,Symbol-E,2020.1.3,MacIntel,Safari,"Mozilla/5.0 (Macintosh; Intel Mac OS X 10_15_7) AppleWebKit/605.1.15 (KHTML, like Gecko) Version/17.6 Safari/605.1.15",60,,,,,,,,,,,,,,,,,,,,,,,,,,,,,,,,,,,,media/dinb.png,3,3,Symb,f,TR,0,0,1,0,8,0,52,0,1,5,1.061197194,f,1.244,3,1,,,,,,,,,,,,,,,,,,,,,,,,,,,,,,,,,,,,,,,,,,,,,,,,,,,,,,,,,,,,,,,,,,,,,,,,,,,,,,,,,,f,1,,,,,,,,,,,1.244,0,0,0,0,1,,,,,,,,,,,,
,,,,,,,,,,,,,,,,,107,4,2024-09-05_15h33.34.906,Symbol-E,2020.1.3,MacIntel,Safari,"Mozilla/5.0 (Macintosh; Intel Mac OS X 10_15_7) AppleWebKit/605.1.15 (KHTML, like Gecko) Version/17.6 Safari/605.1.15",60,,,,,,,,,,,,,,,,,,,,,,,,,,,,,,,,,,,,,,,,,,,,,,,,,,,,,,,,,,,,,,,,,,,,,,,,,,,,,,,,,,,,,,,,,,,,,,,,,,,,,,,,,,,,,,,,,,,,,,,,,,,,,,,,,,,,,,,,,,,,,,,,,52,0,52,0,1,,,,,,,,,,,,,,,,,,
,,,,,,,,,,,,,,,,,107,4,2024-09-05_15h33.34.906,Symbol-E,2020.1.3,MacIntel,Safari,"Mozilla/5.0 (Macintosh; Intel Mac OS X 10_15_7) AppleWebKit/605.1.15 (KHTML, like Gecko) Version/17.6 Safari/605.1.15",60,,,,,,,,,,,,,,,,,,,,,,,,,,,,,,,,,,,,media/djnb.png,7,3,Symb,l,TR,0,0,1,0,8,0,53,0,1,5,0.682497191,l,1.293,7,1,,,,,,,,,,,,,,,,,,,,,,,,,,,,,,,,,,,,,,,,,,,,,,,,,,,,,,,,,,,,,,,,,,,,,,,,,,,,,,,,,,l,1,,,,,,,,,,,1.293,0,0,0,0,1,,,,,,,,,,,,
,,,,,,,,,,,,,,,,,107,4,2024-09-05_15h33.34.906,Symbol-E,2020.1.3,MacIntel,Safari,"Mozilla/5.0 (Macintosh; Intel Mac OS X 10_15_7) AppleWebKit/605.1.15 (KHTML, like Gecko) Version/17.6 Safari/605.1.15",60,,,,,,,,,,,,,,,,,,,,,,,,,,,,,,,,,,,,,,,,,,,,,,,,,,,,,,,,,,,,,,,,,,,,,,,,,,,,,,,,,,,,,,,,,,,,,,,,,,,,,,,,,,,,,,,,,,,,,,,,,,,,,,,,,,,,,,,,,,,,,,,,,53,0,53,0,1,,,,,,,,,,,,,,,,,,
,,,,,,,,,,,,,,,,,107,4,2024-09-05_15h33.34.906,Symbol-E,2020.1.3,MacIntel,Safari,"Mozilla/5.0 (Macintosh; Intel Mac OS X 10_15_7) AppleWebKit/605.1.15 (KHTML, like Gecko) Version/17.6 Safari/605.1.15",60,,,,,,,,,,,,,,,,,,,,,,,,,,,,,,,,,,,,media/dmnb.png,2,2,Symb,e,TR,0,0,1,0,8,0,54,0,1,5,0.357203261,u,1.385,5,0,,,,,,,,,,,,,,,,,,,,,,,,,,,,,,,,,,,,,,,,,,,,,,,,,,,,,,,,,,,,,,,,,,,,,,,,,,,,,,,,,,u,0,,,,,,,,,,,1.385,0,0,0,0,1,,,,,,,,,,,,
,,,,,,,,,,,,,,,,,107,4,2024-09-05_15h33.34.906,Symbol-E,2020.1.3,MacIntel,Safari,"Mozilla/5.0 (Macintosh; Intel Mac OS X 10_15_7) AppleWebKit/605.1.15 (KHTML, like Gecko) Version/17.6 Safari/605.1.15",60,,,,,,,,,,,,,,,,,,,,,,,,,,,,,,,,,,,,,,,,,,,,,,,,,,,,,,,,,,,,,,,,,,,,,,,,,,,,,,,,,,,,,,,,,,,,,,,,,,,,,,,,,,,,,,,,,,,,,,,,,,,,,,,,,,,,,,,,,,,,,,,,,54,0,54,0,1,,,,,,,,,,,,,,,,,,
,,,,,,,,,,,,,,,,,107,4,2024-09-05_15h33.34.906,Symbol-E,2020.1.3,MacIntel,Safari,"Mozilla/5.0 (Macintosh; Intel Mac OS X 10_15_7) AppleWebKit/605.1.15 (KHTML, like Gecko) Version/17.6 Safari/605.1.15",60,,,,,,,,,,,,,,,,,,,,,,,,,,,,,,,,,,,,media/dgnb.png,5,1,Symb,u,TR,0,0,1,0,8,0,55,0,1,5,0.849698638,u,1.334,5,1,,,,,,,,,,,,,,,,,,,,,,,,,,,,,,,,,,,,,,,,,,,,,,,,,,,,,,,,,,,,,,,,,,,,,,,,,,,,,,,,,,u,1,,,,,,,,,,,1.334,0,0,0,0,1,,,,,,,,,,,,
,,,,,,,,,,,,,,,,,107,4,2024-09-05_15h33.34.906,Symbol-E,2020.1.3,MacIntel,Safari,"Mozilla/5.0 (Macintosh; Intel Mac OS X 10_15_7) AppleWebKit/605.1.15 (KHTML, like Gecko) Version/17.6 Safari/605.1.15",60,,,,,,,,,,,,,,,,,,,,,,,,,,,,,,,,,,,,,,,,,,,,,,,,,,,,,,,,,,,,,,,,,,,,,,,,,,,,,,,,,,,,,,,,,,,,,,,,,,,,,,,,,,,,,,,,,,,,,,,,,,,,,,,,,,,,,,,,,,,,,,,,,55,0,55,0,1,,,,,,,,,,,,,,,,,,
,,,,,,,,,,,,,,,,,107,4,2024-09-05_15h33.34.906,Symbol-E,2020.1.3,MacIntel,Safari,"Mozilla/5.0 (Macintosh; Intel Mac OS X 10_15_7) AppleWebKit/605.1.15 (KHTML, like Gecko) Version/17.6 Safari/605.1.15",60,,,,,,,,,,,,,,,,,,,,,,,,,,,,,,,,,,,,media/dcnb.png,0,0,Symb,a,TR,0,0,1,0,8,0,56,0,1,5,0.505724819,a,1.311,0,1,,,,,,,,,,,,,,,,,,,,,,,,,,,,,,,,,,,,,,,,,,,,,,,,,,,,,,,,,,,,,,,,,,,,,,,,,,,,,,,,,,a,1,,,,,,,,,,,1.311,0,0,0,0,1,,,,,,,,,,,,
,,,,,,,,,,,,,,,,,107,4,2024-09-05_15h33.34.906,Symbol-E,2020.1.3,MacIntel,Safari,"Mozilla/5.0 (Macintosh; Intel Mac OS X 10_15_7) AppleWebKit/605.1.15 (KHTML, like Gecko) Version/17.6 Safari/605.1.15",60,,,,,,,,,,,,,,,,,,,,,,,,,,,,,,,,,,,,,,,,,,,,,,,,,,,,,,,,,,,,,,,,,,,,,,,,,,,,,,,,,,,,,,,,,,,,,,,,,,,,,,,,,,,,,,,,,,,,,,,,,,,,,,,,,,,,,,,,,,,,,,,,,56,0,56,0,1,,,,,,,,,,,,,,,,,,
,,,,,,,,,,,,,,,,,107,4,2024-09-05_15h33.34.906,Symbol-E,2020.1.3,MacIntel,Safari,"Mozilla/5.0 (Macintosh; Intel Mac OS X 10_15_7) AppleWebKit/605.1.15 (KHTML, like Gecko) Version/17.6 Safari/605.1.15",60,,,,,,,,,,,,,,,,,,,,,,,,,,,,,,,,,,,,media/ddnb.png,4,0,Symb,h,TR,0,0,1,0,8,0,57,0,1,5,0.163998447,u,1.454,5,0,,,,,,,,,,,,,,,,,,,,,,,,,,,,,,,,,,,,,,,,,,,,,,,,,,,,,,,,,,,,,,,,,,,,,,,,,,,,,,,,,,u,0,,,,,,,,,,,1.454,0,0,0,0,1,,,,,,,,,,,,
,,,,,,,,,,,,,,,,,107,4,2024-09-05_15h33.34.906,Symbol-E,2020.1.3,MacIntel,Safari,"Mozilla/5.0 (Macintosh; Intel Mac OS X 10_15_7) AppleWebKit/605.1.15 (KHTML, like Gecko) Version/17.6 Safari/605.1.15",60,,,,,,,,,,,,,,,,,,,,,,,,,,,,,,,,,,,,,,,,,,,,,,,,,,,,,,,,,,,,,,,,,,,,,,,,,,,,,,,,,,,,,,,,,,,,,,,,,,,,,,,,,,,,,,,,,,,,,,,,,,,,,,,,,,,,,,,,,,,,,,,,,57,0,57,0,1,,,,,,,,,,,,,,,,,,
,,,,,,,,,,,,,,,,,107,4,2024-09-05_15h33.34.906,Symbol-E,2020.1.3,MacIntel,Safari,"Mozilla/5.0 (Macintosh; Intel Mac OS X 10_15_7) AppleWebKit/605.1.15 (KHTML, like Gecko) Version/17.6 Safari/605.1.15",60,,,,,,,,,,,,,,,,,,,,,,,,,,,,,,,,,,,,media/ddnb.png,4,0,Symb,h,TR,0,0,1,0,8,0,58,0,1,5,0.411036803,e,1.419,2,0,,,,,,,,,,,,,,,,,,,,,,,,,,,,,,,,,,,,,,,,,,,,,,,,,,,,,,,,,,,,,,,,,,,,,,,,,,,,,,,,,,e,0,,,,,,,,,,,1.419,0,0,0,0,1,,,,,,,,,,,,
,,,,,,,,,,,,,,,,,107,4,2024-09-05_15h33.34.906,Symbol-E,2020.1.3,MacIntel,Safari,"Mozilla/5.0 (Macintosh; Intel Mac OS X 10_15_7) AppleWebKit/605.1.15 (KHTML, like Gecko) Version/17.6 Safari/605.1.15",60,,,,,,,,,,,,,,,,,,,,,,,,,,,,,,,,,,,,,,,,,,,,,,,,,,,,,,,,,,,,,,,,,,,,,,,,,,,,,,,,,,,,,,,,,,,,,,,,,,,,,,,,,,,,,,,,,,,,,,,,,,,,,,,,,,,,,,,,,,,,,,,,,58,0,58,0,1,,,,,,,,,,,,,,,,,,
,,,,,,,,,,,,,,,,,107,4,2024-09-05_15h33.34.906,Symbol-E,2020.1.3,MacIntel,Safari,"Mozilla/5.0 (Macintosh; Intel Mac OS X 10_15_7) AppleWebKit/605.1.15 (KHTML, like Gecko) Version/17.6 Safari/605.1.15",60,,,,,,,,,,,,,,,,,,,,,,,,,,,,,,,,,,,,media/dnnb.png,6,2,Symb,i,TR,0,0,1,0,8,0,59,0,1,5,0.148339422,w,1.32,1,0,,,,,,,,,,,,,,,,,,,,,,,,,,,,,,,,,,,,,,,,,,,,,,,,,,,,,,,,,,,,,,,,,,,,,,,,,,,,,,,,,,w,0,,,,,,,,,,,1.32,0,0,0,0,1,,,,,,,,,,,,
,,,,,,,,,,,,,,,,,107,4,2024-09-05_15h33.34.906,Symbol-E,2020.1.3,MacIntel,Safari,"Mozilla/5.0 (Macintosh; Intel Mac OS X 10_15_7) AppleWebKit/605.1.15 (KHTML, like Gecko) Version/17.6 Safari/605.1.15",60,,,,,,,,,,,,,,,,,,,,,,,,,,,,,,,,,,,,,,,,,,,,,,,,,,,,,,,,,,,,,,,,,,,,,,,,,,,,,,,,,,,,,,,,,,,,,,,,,,,,,,,,,,,,,,,,,,,,,,,,,,,,,,,,,,,,,,,,,,,,,,,,,59,0,59,0,1,,,,,,,,,,,,,,,,,,
,,,,,,,,,,,,,,,,,107,4,2024-09-05_15h33.34.906,Symbol-E,2020.1.3,MacIntel,Safari,"Mozilla/5.0 (Macintosh; Intel Mac OS X 10_15_7) AppleWebKit/605.1.15 (KHTML, like Gecko) Version/17.6 Safari/605.1.15",60,,,,,,,,,,,,,,,,,,,,,,,,,,,,,,,,,,,,media/dmnb.png,2,2,Symb,e,TR,0,0,1,0,8,0,60,0,1,5,0.680723841,e,1.284,2,1,,,,,,,,,,,,,,,,,,,,,,,,,,,,,,,,,,,,,,,,,,,,,,,,,,,,,,,,,,,,,,,,,,,,,,,,,,,,,,,,,,e,1,,,,,,,,,,,1.284,0,0,0,0,1,,,,,,,,,,,,
,,,,,,,,,,,,,,,,,107,4,2024-09-05_15h33.34.906,Symbol-E,2020.1.3,MacIntel,Safari,"Mozilla/5.0 (Macintosh; Intel Mac OS X 10_15_7) AppleWebKit/605.1.15 (KHTML, like Gecko) Version/17.6 Safari/605.1.15",60,,,,,,,,,,,,,,,,,,,,,,,,,,,,,,,,,,,,,,,,,,,,,,,,,,,,,,,,,,,,,,,,,,,,,,,,,,,,,,,,,,,,,,,,,,,,,,,,,,,,,,,,,,,,,,,,,,,,,,,,,,,,,,,,,,,,,,,,,,,,,,,,,60,0,60,0,1,,,,,,,,,,,,,,,,,,
,,,,,,,,,,,,,,,,,107,4,2024-09-05_15h33.34.906,Symbol-E,2020.1.3,MacIntel,Safari,"Mozilla/5.0 (Macintosh; Intel Mac OS X 10_15_7) AppleWebKit/605.1.15 (KHTML, like Gecko) Version/17.6 Safari/605.1.15",60,,,,,,,,,,,,,,,,,,,,,,,,,,,,,,,,,,,,media/dcnb.png,0,0,Symb,a,TR,0,0,1,0,8,0,61,0,1,5,0.277866555,h,1.287,4,0,,,,,,,,,,,,,,,,,,,,,,,,,,,,,,,,,,,,,,,,,,,,,,,,,,,,,,,,,,,,,,,,,,,,,,,,,,,,,,,,,,h,0,,,,,,,,,,,1.287,0,0,0,0,1,,,,,,,,,,,,
,,,,,,,,,,,,,,,,,107,4,2024-09-05_15h33.34.906,Symbol-E,2020.1.3,MacIntel,Safari,"Mozilla/5.0 (Macintosh; Intel Mac OS X 10_15_7) AppleWebKit/605.1.15 (KHTML, like Gecko) Version/17.6 Safari/605.1.15",60,,,,,,,,,,,,,,,,,,,,,,,,,,,,,,,,,,,,,,,,,,,,,,,,,,,,,,,,,,,,,,,,,,,,,,,,,,,,,,,,,,,,,,,,,,,,,,,,,,,,,,,,,,,,,,,,,,,,,,,,,,,,,,,,,,,,,,,,,,,,,,,,,61,0,61,0,1,,,,,,,,,,,,,,,,,,
,,,,,,,,,,,,,,,,,107,4,2024-09-05_15h33.34.906,Symbol-E,2020.1.3,MacIntel,Safari,"Mozilla/5.0 (Macintosh; Intel Mac OS X 10_15_7) AppleWebKit/605.1.15 (KHTML, like Gecko) Version/17.6 Safari/605.1.15",60,,,,,,,,,,,,,,,,,,,,,,,,,,,,,,,,,,,,media/dinb.png,3,3,Symb,f,TR,0,0,1,0,8,0,62,0,1,5,0.084406673,e,1.361,2,0,,,,,,,,,,,,,,,,,,,,,,,,,,,,,,,,,,,,,,,,,,,,,,,,,,,,,,,,,,,,,,,,,,,,,,,,,,,,,,,,,,e,0,,,,,,,,,,,1.361,0,0,0,0,1,,,,,,,,,,,,
,,,,,,,,,,,,,,,,,107,4,2024-09-05_15h33.34.906,Symbol-E,2020.1.3,MacIntel,Safari,"Mozilla/5.0 (Macintosh; Intel Mac OS X 10_15_7) AppleWebKit/605.1.15 (KHTML, like Gecko) Version/17.6 Safari/605.1.15",60,,,,,,,,,,,,,,,,,,,,,,,,,,,,,,,,,,,,,,,,,,,,,,,,,,,,,,,,,,,,,,,,,,,,,,,,,,,,,,,,,,,,,,,,,,,,,,,,,,,,,,,,,,,,,,,,,,,,,,,,,,,,,,,,,,,,,,,,,,,,,,,,,62,0,62,0,1,,,,,,,,,,,,,,,,,,
,,,,,,,,,,,,,,,,,107,4,2024-09-05_15h33.34.906,Symbol-E,2020.1.3,MacIntel,Safari,"Mozilla/5.0 (Macintosh; Intel Mac OS X 10_15_7) AppleWebKit/605.1.15 (KHTML, like Gecko) Version/17.6 Safari/605.1.15",60,,,,,,,,,,,,,,,,,,,,,,,,,,,,,,,,,,,,media/djnb.png,7,3,Symb,l,TR,0,0,1,0,8,0,63,0,1,5,1.177825692,l,1.34,7,1,,,,,,,,,,,,,,,,,,,,,,,,,,,,,,,,,,,,,,,,,,,,,,,,,,,,,,,,,,,,,,,,,,,,,,,,,,,,,,,,,,l,1,,,,,,,,,,,1.34,0,0,0,0,1,,,,,,,,,,,,
,,,,,,,,,,,,,,,,,107,4,2024-09-05_15h33.34.906,Symbol-E,2020.1.3,MacIntel,Safari,"Mozilla/5.0 (Macintosh; Intel Mac OS X 10_15_7) AppleWebKit/605.1.15 (KHTML, like Gecko) Version/17.6 Safari/605.1.15",60,,,,,,,,,,,,,,,,,,,,,,,,,,,,,,,,,,,,,,,,,,,,,,,,,,,,,,,,,,,,,,,,,,,,,,,,,,,,,,,,,,,,,,,,,,,,,,,,,,,,,,,,,,,,,,,,,,,,,,,,,,,,,,,,,,,,,,,,,,,,,,,,,63,0,63,0,1,,,,,,,,,,,,,,,,,,
,,,,,,,,,,,,,,,,,107,4,2024-09-05_15h33.34.906,Symbol-E,2020.1.3,MacIntel,Safari,"Mozilla/5.0 (Macintosh; Intel Mac OS X 10_15_7) AppleWebKit/605.1.15 (KHTML, like Gecko) Version/17.6 Safari/605.1.15",60,,,,,,,,,,,,,,,,,,,,,,,,,,,,,,,,,,,,media/ddnb.png,4,0,Symb,h,TR,0,0,1,0,8,0,64,0,1,5,1.110221968,h,1.327,4,1,,,,,,,,,,,,,,,,,,,,,,,,,,,,,,,,,,,,,,,,,,,,,,,,,,,,,,,,,,,,,,,,,,,,,,,,,,,,,,,,,,h,1,,,,,,,,,,,1.327,0,0,0,0,1,,,,,,,,,,,,
,,,,,,,,,,,,,,,,,107,4,2024-09-05_15h33.34.906,Symbol-E,2020.1.3,MacIntel,Safari,"Mozilla/5.0 (Macintosh; Intel Mac OS X 10_15_7) AppleWebKit/605.1.15 (KHTML, like Gecko) Version/17.6 Safari/605.1.15",60,,,,,,,,,,,,,,,,,,,,,,,,,,,,,,,,,,,,,,,,,,,,,,,,,,,,,,,,,,,,,,,,,,,,,,,,,,,,,,,,,,,,,,,,,,,,,,,,,,,,,,,,,,,,,,,,,,,,,,,,,,,,,,,,,,,,,,,,,,,,,,,,,64,0,64,0,1,,,,,,,,,,,,,,,,,,
,,,,,,,,,,,,,,,,,107,4,2024-09-05_15h33.34.906,Symbol-E,2020.1.3,MacIntel,Safari,"Mozilla/5.0 (Macintosh; Intel Mac OS X 10_15_7) AppleWebKit/605.1.15 (KHTML, like Gecko) Version/17.6 Safari/605.1.15",60,,,,,,,,,,,,,,,,,,,,,,,,,,,,,,,,,,,,media/dinb.png,3,3,Symb,f,TR,0,0,1,0,8,0,65,0,1,5,0.388534197,w,1.438,1,0,,,,,,,,,,,,,,,,,,,,,,,,,,,,,,,,,,,,,,,,,,,,,,,,,,,,,,,,,,,,,,,,,,,,,,,,,,,,,,,,,,w,0,,,,,,,,,,,1.438,0,0,0,0,1,,,,,,,,,,,,
,,,,,,,,,,,,,,,,,107,4,2024-09-05_15h33.34.906,Symbol-E,2020.1.3,MacIntel,Safari,"Mozilla/5.0 (Macintosh; Intel Mac OS X 10_15_7) AppleWebKit/605.1.15 (KHTML, like Gecko) Version/17.6 Safari/605.1.15",60,,,,,,,,,,,,,,,,,,,,,,,,,,,,,,,,,,,,,,,,,,,,,,,,,,,,,,,,,,,,,,,,,,,,,,,,,,,,,,,,,,,,,,,,,,,,,,,,,,,,,,,,,,,,,,,,,,,,,,,,,,,,,,,,,,,,,,,,,,,,,,,,,65,0,65,0,1,,,,,,,,,,,,,,,,,,
,,,,,,,,,,,,,,,,,107,4,2024-09-05_15h33.34.906,Symbol-E,2020.1.3,MacIntel,Safari,"Mozilla/5.0 (Macintosh; Intel Mac OS X 10_15_7) AppleWebKit/605.1.15 (KHTML, like Gecko) Version/17.6 Safari/605.1.15",60,,,,,,,,,,,,,,,,,,,,,,,,,,,,,,,,,,,,media/ddnb.png,4,0,Symb,h,TR,0,0,1,0,8,0,66,0,1,5,0.308509818,e,1.3,2,0,,,,,,,,,,,,,,,,,,,,,,,,,,,,,,,,,,,,,,,,,,,,,,,,,,,,,,,,,,,,,,,,,,,,,,,,,,,,,,,,,,e,0,,,,,,,,,,,1.3,0,0,0,0,1,,,,,,,,,,,,
,,,,,,,,,,,,,,,,,107,4,2024-09-05_15h33.34.906,Symbol-E,2020.1.3,MacIntel,Safari,"Mozilla/5.0 (Macintosh; Intel Mac OS X 10_15_7) AppleWebKit/605.1.15 (KHTML, like Gecko) Version/17.6 Safari/605.1.15",60,,,,,,,,,,,,,,,,,,,,,,,,,,,,,,,,,,,,,,,,,,,,,,,,,,,,,,,,,,,,,,,,,,,,,,,,,,,,,,,,,,,,,,,,,,,,,,,,,,,,,,,,,,,,,,,,,,,,,,,,,,,,,,,,,,,,,,,,,,,,,,,,,66,0,66,0,1,,,,,,,,,,,,,,,,,,
,,,,,,,,,,,,,,,,,107,4,2024-09-05_15h33.34.906,Symbol-E,2020.1.3,MacIntel,Safari,"Mozilla/5.0 (Macintosh; Intel Mac OS X 10_15_7) AppleWebKit/605.1.15 (KHTML, like Gecko) Version/17.6 Safari/605.1.15",60,,,,,,,,,,,,,,,,,,,,,,,,,,,,,,,,,,,,media/dnnb.png,6,2,Symb,i,TR,0,0,1,0,8,0,67,0,1,5,1.109894906,i,1.354,6,1,,,,,,,,,,,,,,,,,,,,,,,,,,,,,,,,,,,,,,,,,,,,,,,,,,,,,,,,,,,,,,,,,,,,,,,,,,,,,,,,,,i,1,,,,,,,,,,,1.354,0,0,0,0,1,,,,,,,,,,,,
,,,,,,,,,,,,,,,,,107,4,2024-09-05_15h33.34.906,Symbol-E,2020.1.3,MacIntel,Safari,"Mozilla/5.0 (Macintosh; Intel Mac OS X 10_15_7) AppleWebKit/605.1.15 (KHTML, like Gecko) Version/17.6 Safari/605.1.15",60,,,,,,,,,,,,,,,,,,,,,,,,,,,,,,,,,,,,,,,,,,,,,,,,,,,,,,,,,,,,,,,,,,,,,,,,,,,,,,,,,,,,,,,,,,,,,,,,,,,,,,,,,,,,,,,,,,,,,,,,,,,,,,,,,,,,,,,,,,,,,,,,,67,0,67,0,1,,,,,,,,,,,,,,,,,,
,,,,,,,,,,,,,,,,,107,4,2024-09-05_15h33.34.906,Symbol-E,2020.1.3,MacIntel,Safari,"Mozilla/5.0 (Macintosh; Intel Mac OS X 10_15_7) AppleWebKit/605.1.15 (KHTML, like Gecko) Version/17.6 Safari/605.1.15",60,,,,,,,,,,,,,,,,,,,,,,,,,,,,,,,,,,,,media/dgnb.png,5,1,Symb,u,TR,0,0,1,0,8,0,68,0,1,5,0.146831748,f,1.255,3,0,,,,,,,,,,,,,,,,,,,,,,,,,,,,,,,,,,,,,,,,,,,,,,,,,,,,,,,,,,,,,,,,,,,,,,,,,,,,,,,,,,f,0,,,,,,,,,,,1.255,0,0,0,0,1,,,,,,,,,,,,
,,,,,,,,,,,,,,,,,107,4,2024-09-05_15h33.34.906,Symbol-E,2020.1.3,MacIntel,Safari,"Mozilla/5.0 (Macintosh; Intel Mac OS X 10_15_7) AppleWebKit/605.1.15 (KHTML, like Gecko) Version/17.6 Safari/605.1.15",60,,,,,,,,,,,,,,,,,,,,,,,,,,,,,,,,,,,,,,,,,,,,,,,,,,,,,,,,,,,,,,,,,,,,,,,,,,,,,,,,,,,,,,,,,,,,,,,,,,,,,,,,,,,,,,,,,,,,,,,,,,,,,,,,,,,,,,,,,,,,,,,,,68,0,68,0,1,,,,,,,,,,,,,,,,,,
,,,,,,,,,,,,,,,,,107,4,2024-09-05_15h33.34.906,Symbol-E,2020.1.3,MacIntel,Safari,"Mozilla/5.0 (Macintosh; Intel Mac OS X 10_15_7) AppleWebKit/605.1.15 (KHTML, like Gecko) Version/17.6 Safari/605.1.15",60,,,,,,,,,,,,,,,,,,,,,,,,,,,,,,,,,,,,media/dfnb.png,1,1,Symb,w,TR,0,0,1,0,8,0,69,0,1,5,0.901341701,w,1.294,1,1,,,,,,,,,,,,,,,,,,,,,,,,,,,,,,,,,,,,,,,,,,,,,,,,,,,,,,,,,,,,,,,,,,,,,,,,,,,,,,,,,,w,1,,,,,,,,,,,1.294,0,0,0,0,1,,,,,,,,,,,,
,,,,,,,,,,,,,,,,,107,4,2024-09-05_15h33.34.906,Symbol-E,2020.1.3,MacIntel,Safari,"Mozilla/5.0 (Macintosh; Intel Mac OS X 10_15_7) AppleWebKit/605.1.15 (KHTML, like Gecko) Version/17.6 Safari/605.1.15",60,,,,,,,,,,,,,,,,,,,,,,,,,,,,,,,,,,,,,,,,,,,,,,,,,,,,,,,,,,,,,,,,,,,,,,,,,,,,,,,,,,,,,,,,,,,,,,,,,,,,,,,,,,,,,,,,,,,,,,,,,,,,,,,,,,,,,,,,,,,,,,,,,69,0,69,0,1,,,,,,,,,,,,,,,,,,
,,,,,,,,,,,,,,,,,107,4,2024-09-05_15h33.34.906,Symbol-E,2020.1.3,MacIntel,Safari,"Mozilla/5.0 (Macintosh; Intel Mac OS X 10_15_7) AppleWebKit/605.1.15 (KHTML, like Gecko) Version/17.6 Safari/605.1.15",60,,,,,,,,,,,,,,,,,,,,,,,,,,,,,,,,,,,,media/dinb.png,3,3,Symb,f,TR,0,0,1,0,8,0,70,0,1,5,0.534144967,f,1.385,3,1,,,,,,,,,,,,,,,,,,,,,,,,,,,,,,,,,,,,,,,,,,,,,,,,,,,,,,,,,,,,,,,,,,,,,,,,,,,,,,,,,,f,1,,,,,,,,,,,1.385,0,0,0,0,1,,,,,,,,,,,,
,,,,,,,,,,,,,,,,,107,4,2024-09-05_15h33.34.906,Symbol-E,2020.1.3,MacIntel,Safari,"Mozilla/5.0 (Macintosh; Intel Mac OS X 10_15_7) AppleWebKit/605.1.15 (KHTML, like Gecko) Version/17.6 Safari/605.1.15",60,,,,,,,,,,,,,,,,,,,,,,,,,,,,,,,,,,,,,,,,,,,,,,,,,,,,,,,,,,,,,,,,,,,,,,,,,,,,,,,,,,,,,,,,,,,,,,,,,,,,,,,,,,,,,,,,,,,,,,,,,,,,,,,,,,,,,,,,,,,,,,,,,70,0,70,0,1,,,,,,,,,,,,,,,,,,
,,,,,,,,,,,,,,,,,107,4,2024-09-05_15h33.34.906,Symbol-E,2020.1.3,MacIntel,Safari,"Mozilla/5.0 (Macintosh; Intel Mac OS X 10_15_7) AppleWebKit/605.1.15 (KHTML, like Gecko) Version/17.6 Safari/605.1.15",60,,,,,,,,,,,,,,,,,,,,,,,,,,,,,,,,,,,,media/djnb.png,7,3,Symb,l,TR,0,0,1,0,8,0,71,0,1,5,0.195813167,e,1.318,2,0,,,,,,,,,,,,,,,,,,,,,,,,,,,,,,,,,,,,,,,,,,,,,,,,,,,,,,,,,,,,,,,,,,,,,,,,,,,,,,,,,,e,0,,,,,,,,,,,1.318,0,0,0,0,1,,,,,,,,,,,,
,,,,,,,,,,,,,,,,,107,4,2024-09-05_15h33.34.906,Symbol-E,2020.1.3,MacIntel,Safari,"Mozilla/5.0 (Macintosh; Intel Mac OS X 10_15_7) AppleWebKit/605.1.15 (KHTML, like Gecko) Version/17.6 Safari/605.1.15",60,,,,,,,,,,,,,,,,,,,,,,,,,,,,,,,,,,,,,,,,,,,,,,,,,,,,,,,,,,,,,,,,,,,,,,,,,,,,,,,,,,,,,,,,,,,,,,,,,,,,,,,,,,,,,,,,,,,,,,,,,,,,,,,,,,,,,,,,,,,,,,,,,71,0,71,0,1,,,,,,,,,,,,,,,,,,
,,,,,,,,,,,,,,,,,107,4,2024-09-05_15h33.34.906,Symbol-E,2020.1.3,MacIntel,Safari,"Mozilla/5.0 (Macintosh; Intel Mac OS X 10_15_7) AppleWebKit/605.1.15 (KHTML, like Gecko) Version/17.6 Safari/605.1.15",60,,,,,,,,,,,,,,,,,,,,,,,,,,,,,,,,,,,,media/dnnb.png,6,2,Symb,i,TR,0,0,1,0,8,0,72,0,1,5,0.036723885,w,1.335,1,0,,,,,,,,,,,,,,,,,,,,,,,,,,,,,,,,,,,,,,,,,,,,,,,,,,,,,,,,,,,,,,,,,,,,,,,,,,,,,,,,,,w,0,,,,,,,,,,,1.335,0,0,0,0,1,,,,,,,,,,,,
,,,,,,,,,,,,,,,,,107,4,2024-09-05_15h33.34.906,Symbol-E,2020.1.3,MacIntel,Safari,"Mozilla/5.0 (Macintosh; Intel Mac OS X 10_15_7) AppleWebKit/605.1.15 (KHTML, like Gecko) Version/17.6 Safari/605.1.15",60,,,,,,,,,,,,,,,,,,,,,,,,,,,,,,,,,,,,,,,,,,,,,,,,,,,,,,,,,,,,,,,,,,,,,,,,,,,,,,,,,,,,,,,,,,,,,,,,,,,,,,,,,,,,,,,,,,,,,,,,,,,,,,,,,,,,,,,,,,,,,,,,,72,0,72,0,1,,,,,,,,,,,,,,,,,,
,,,,,,,,,,,,,,,,,107,4,2024-09-05_15h33.34.906,Symbol-E,2020.1.3,MacIntel,Safari,"Mozilla/5.0 (Macintosh; Intel Mac OS X 10_15_7) AppleWebKit/605.1.15 (KHTML, like Gecko) Version/17.6 Safari/605.1.15",60,,,,,,,,,,,,,,,,,,,,,,,,,,,,,,,,,,,,media/djnb.png,7,3,Symb,l,TR,0,0,1,0,8,0,73,0,1,5,0.040652421,u,1.421,5,0,,,,,,,,,,,,,,,,,,,,,,,,,,,,,,,,,,,,,,,,,,,,,,,,,,,,,,,,,,,,,,,,,,,,,,,,,,,,,,,,,,u,0,,,,,,,,,,,1.421,0,0,0,0,1,,,,,,,,,,,,
,,,,,,,,,,,,,,,,,107,4,2024-09-05_15h33.34.906,Symbol-E,2020.1.3,MacIntel,Safari,"Mozilla/5.0 (Macintosh; Intel Mac OS X 10_15_7) AppleWebKit/605.1.15 (KHTML, like Gecko) Version/17.6 Safari/605.1.15",60,,,,,,,,,,,,,,,,,,,,,,,,,,,,,,,,,,,,,,,,,,,,,,,,,,,,,,,,,,,,,,,,,,,,,,,,,,,,,,,,,,,,,,,,,,,,,,,,,,,,,,,,,,,,,,,,,,,,,,,,,,,,,,,,,,,,,,,,,,,,,,,,,73,0,73,0,1,,,,,,,,,,,,,,,,,,
,,,,,,,,,,,,,,,,,107,4,2024-09-05_15h33.34.906,Symbol-E,2020.1.3,MacIntel,Safari,"Mozilla/5.0 (Macintosh; Intel Mac OS X 10_15_7) AppleWebKit/605.1.15 (KHTML, like Gecko) Version/17.6 Safari/605.1.15",60,,,,,,,,,,,,,,,,,,,,,,,,,,,,,,,,,,,,media/dmnb.png,2,2,Symb,e,TR,0,0,1,0,8,0,74,0,1,5,0.228956564,i,1.269,6,0,,,,,,,,,,,,,,,,,,,,,,,,,,,,,,,,,,,,,,,,,,,,,,,,,,,,,,,,,,,,,,,,,,,,,,,,,,,,,,,,,,i,0,,,,,,,,,,,1.269,0,0,0,0,1,,,,,,,,,,,,
,,,,,,,,,,,,,,,,,107,4,2024-09-05_15h33.34.906,Symbol-E,2020.1.3,MacIntel,Safari,"Mozilla/5.0 (Macintosh; Intel Mac OS X 10_15_7) AppleWebKit/605.1.15 (KHTML, like Gecko) Version/17.6 Safari/605.1.15",60,,,,,,,,,,,,,,,,,,,,,,,,,,,,,,,,,,,,,,,,,,,,,,,,,,,,,,,,,,,,,,,,,,,,,,,,,,,,,,,,,,,,,,,,,,,,,,,,,,,,,,,,,,,,,,,,,,,,,,,,,,,,,,,,,,,,,,,,,,,,,,,,,74,0,74,0,1,,,,,,,,,,,,,,,,,,
,,,,,,,,,,,,,,,,,107,4,2024-09-05_15h33.34.906,Symbol-E,2020.1.3,MacIntel,Safari,"Mozilla/5.0 (Macintosh; Intel Mac OS X 10_15_7) AppleWebKit/605.1.15 (KHTML, like Gecko) Version/17.6 Safari/605.1.15",60,,,,,,,,,,,,,,,,,,,,,,,,,,,,,,,,,,,,media/dfnb.png,1,1,Symb,w,TR,0,0,1,0,8,0,75,0,1,5,0.583146282,w,1.285,1,1,,,,,,,,,,,,,,,,,,,,,,,,,,,,,,,,,,,,,,,,,,,,,,,,,,,,,,,,,,,,,,,,,,,,,,,,,,,,,,,,,,w,1,,,,,,,,,,,1.285,0,0,0,0,1,,,,,,,,,,,,
,,,,,,,,,,,,,,,,,107,4,2024-09-05_15h33.34.906,Symbol-E,2020.1.3,MacIntel,Safari,"Mozilla/5.0 (Macintosh; Intel Mac OS X 10_15_7) AppleWebKit/605.1.15 (KHTML, like Gecko) Version/17.6 Safari/605.1.15",60,,,,,,,,,,,,,,,,,,,,,,,,,,,,,,,,,,,,,,,,,,,,,,,,,,,,,,,,,,,,,,,,,,,,,,,,,,,,,,,,,,,,,,,,,,,,,,,,,,,,,,,,,,,,,,,,,,,,,,,,,,,,,,,,,,,,,,,,,,,,,,,,,75,0,75,0,1,,,,,,,,,,,,,,,,,,
,,,,,,,,,,,,,,,,,107,4,2024-09-05_15h33.34.906,Symbol-E,2020.1.3,MacIntel,Safari,"Mozilla/5.0 (Macintosh; Intel Mac OS X 10_15_7) AppleWebKit/605.1.15 (KHTML, like Gecko) Version/17.6 Safari/605.1.15",60,,,,,,,,,,,,,,,,,,,,,,,,,,,,,,,,,,,,media/dcnb.png,0,0,Symb,a,TR,0,0,1,0,8,0,76,0,1,5,0.169645338,f,1.27,3,0,,,,,,,,,,,,,,,,,,,,,,,,,,,,,,,,,,,,,,,,,,,,,,,,,,,,,,,,,,,,,,,,,,,,,,,,,,,,,,,,,,f,0,,,,,,,,,,,1.27,0,0,0,0,1,,,,,,,,,,,,
,,,,,,,,,,,,,,,,,107,4,2024-09-05_15h33.34.906,Symbol-E,2020.1.3,MacIntel,Safari,"Mozilla/5.0 (Macintosh; Intel Mac OS X 10_15_7) AppleWebKit/605.1.15 (KHTML, like Gecko) Version/17.6 Safari/605.1.15",60,,,,,,,,,,,,,,,,,,,,,,,,,,,,,,,,,,,,,,,,,,,,,,,,,,,,,,,,,,,,,,,,,,,,,,,,,,,,,,,,,,,,,,,,,,,,,,,,,,,,,,,,,,,,,,,,,,,,,,,,,,,,,,,,,,,,,,,,,,,,,,,,,76,0,76,0,1,,,,,,,,,,,,,,,,,,
,,,,,,,,,,,,,,,,,107,4,2024-09-05_15h33.34.906,Symbol-E,2020.1.3,MacIntel,Safari,"Mozilla/5.0 (Macintosh; Intel Mac OS X 10_15_7) AppleWebKit/605.1.15 (KHTML, like Gecko) Version/17.6 Safari/605.1.15",60,,,,,,,,,,,,,,,,,,,,,,,,,,,,,,,,,,,,media/dgnb.png,5,1,Symb,u,TR,0,0,1,0,8,0,77,0,1,5,0.784894633,u,1.285,5,1,,,,,,,,,,,,,,,,,,,,,,,,,,,,,,,,,,,,,,,,,,,,,,,,,,,,,,,,,,,,,,,,,,,,,,,,,,,,,,,,,,u,1,,,,,,,,,,,1.285,0,0,0,0,1,,,,,,,,,,,,
,,,,,,,,,,,,,,,,,107,4,2024-09-05_15h33.34.906,Symbol-E,2020.1.3,MacIntel,Safari,"Mozilla/5.0 (Macintosh; Intel Mac OS X 10_15_7) AppleWebKit/605.1.15 (KHTML, like Gecko) Version/17.6 Safari/605.1.15",60,,,,,,,,,,,,,,,,,,,,,,,,,,,,,,,,,,,,,,,,,,,,,,,,,,,,,,,,,,,,,,,,,,,,,,,,,,,,,,,,,,,,,,,,,,,,,,,,,,,,,,,,,,,,,,,,,,,,,,,,,,,,,,,,,,,,,,,,,,,,,,,,,77,0,77,0,1,,,,,,,,,,,,,,,,,,
,,,,,,,,,,,,,,,,,107,4,2024-09-05_15h33.34.906,Symbol-E,2020.1.3,MacIntel,Safari,"Mozilla/5.0 (Macintosh; Intel Mac OS X 10_15_7) AppleWebKit/605.1.15 (KHTML, like Gecko) Version/17.6 Safari/605.1.15",60,,,,,,,,,,,,,,,,,,,,,,,,,,,,,,,,,,,,media/dmnb.png,2,2,Symb,e,TR,0,0,1,0,8,0,78,0,1,5,1.097742817,e,1.269,2,1,,,,,,,,,,,,,,,,,,,,,,,,,,,,,,,,,,,,,,,,,,,,,,,,,,,,,,,,,,,,,,,,,,,,,,,,,,,,,,,,,,e,1,,,,,,,,,,,1.269,0,0,0,0,1,,,,,,,,,,,,
,,,,,,,,,,,,,,,,,107,4,2024-09-05_15h33.34.906,Symbol-E,2020.1.3,MacIntel,Safari,"Mozilla/5.0 (Macintosh; Intel Mac OS X 10_15_7) AppleWebKit/605.1.15 (KHTML, like Gecko) Version/17.6 Safari/605.1.15",60,,,,,,,,,,,,,,,,,,,,,,,,,,,,,,,,,,,,,,,,,,,,,,,,,,,,,,,,,,,,,,,,,,,,,,,,,,,,,,,,,,,,,,,,,,,,,,,,,,,,,,,,,,,,,,,,,,,,,,,,,,,,,,,,,,,,,,,,,,,,,,,,,78,0,78,0,1,,,,,,,,,,,,,,,,,,
,,,,,,,,,,,,,,,,,107,4,2024-09-05_15h33.34.906,Symbol-E,2020.1.3,MacIntel,Safari,"Mozilla/5.0 (Macintosh; Intel Mac OS X 10_15_7) AppleWebKit/605.1.15 (KHTML, like Gecko) Version/17.6 Safari/605.1.15",60,,,,,,,,,,,,,,,,,,,,,,,,,,,,,,,,,,,,media/dcnb.png,0,0,Symb,a,TR,0,0,1,0,8,0,79,0,1,5,0.724103247,a,1.072,0,1,,,,,,,,,,,,,,,,,,,,,,,,,,,,,,,,,,,,,,,,,,,,,,,,,,,,,,,,,,,,,,,,,,,,,,,,,,,,,,,,,,a,1,,,,,,,,,,,1.072,0,0,0,0,1,,,,,,,,,,,,
,,,,,,,,,,,,,,,,,107,4,2024-09-05_15h33.34.906,Symbol-E,2020.1.3,MacIntel,Safari,"Mozilla/5.0 (Macintosh; Intel Mac OS X 10_15_7) AppleWebKit/605.1.15 (KHTML, like Gecko) Version/17.6 Safari/605.1.15",60,,,,,,,,,,,,,,,,,,,,,,,,,,,,,,,,,,,,,,,,,,,,,,,,,,,,,,,,,,,,,,,,,,,,,,,,,,,,,,,,,,,,,,,,,,,,,,,,,,,,,,,,,,,,,,,,,,,,,,,,,,,,,,,,,,,,,,,,,,,,,,,,,79,0,79,0,1,,,,,,,,,,,,,,,,,,
,,,,,,,,,,,,,,,,,107,4,2024-09-05_15h33.34.906,Symbol-E,2020.1.3,MacIntel,Safari,"Mozilla/5.0 (Macintosh; Intel Mac OS X 10_15_7) AppleWebKit/605.1.15 (KHTML, like Gecko) Version/17.6 Safari/605.1.15",60,,,,,,,,,,,,,,,,,,,,,,,,,,,,,,,,,,,,media/dcnb.png,0,0,Symb,a,TR,0,0,1,0,8,0,80,0,1,5,0.329816352,e,1.372,2,0,,,,,,,,,,,,,,,,,,,,,,,,,,,,,,,,,,,,,,,,,,,,,,,,,,,,,,,,,,,,,,,,,,,,,,,,,,,,,,,,,,e,0,,,,,,,,,,,1.372,0,0,0,0,1,,,,,,,,,,,,
,,,,,,,,,,,,,,,,,107,4,2024-09-05_15h33.34.906,Symbol-E,2020.1.3,MacIntel,Safari,"Mozilla/5.0 (Macintosh; Intel Mac OS X 10_15_7) AppleWebKit/605.1.15 (KHTML, like Gecko) Version/17.6 Safari/605.1.15",60,,,,,,,,,,,,,,,,,,,,,,,,,,,,,,,,,,,,,,,,,,,,,,,,,,,,,,,,,,,,,,,,,,,,,,,,,,,,,,,,,,,,,,,,,,,,,,,,,,,,,,,,,,,,,,,,,,,,,,,,,,,,,,,,,,,,,,,,,,,,,,,,,80,0,80,0,1,,,,,,,,,,,,,,,,,,
,,,,,,,,,,,,,,,,,107,4,2024-09-05_15h33.34.906,Symbol-E,2020.1.3,MacIntel,Safari,"Mozilla/5.0 (Macintosh; Intel Mac OS X 10_15_7) AppleWebKit/605.1.15 (KHTML, like Gecko) Version/17.6 Safari/605.1.15",60,,,,,,,,,,,,,,,,,,,,,,,,,,,,,,,,,,,,media/dfnb.png,1,1,Symb,w,TR,0,0,1,0,8,0,81,0,1,5,0.416128533,w,1.421,1,1,,,,,,,,,,,,,,,,,,,,,,,,,,,,,,,,,,,,,,,,,,,,,,,,,,,,,,,,,,,,,,,,,,,,,,,,,,,,,,,,,,w,1,,,,,,,,,,,1.421,0,0,0,0,1,,,,,,,,,,,,
,,,,,,,,,,,,,,,,,107,4,2024-09-05_15h33.34.906,Symbol-E,2020.1.3,MacIntel,Safari,"Mozilla/5.0 (Macintosh; Intel Mac OS X 10_15_7) AppleWebKit/605.1.15 (KHTML, like Gecko) Version/17.6 Safari/605.1.15",60,,,,,,,,,,,,,,,,,,,,,,,,,,,,,,,,,,,,,,,,,,,,,,,,,,,,,,,,,,,,,,,,,,,,,,,,,,,,,,,,,,,,,,,,,,,,,,,,,,,,,,,,,,,,,,,,,,,,,,,,,,,,,,,,,,,,,,,,,,,,,,,,,81,0,81,0,1,,,,,,,,,,,,,,,,,,
,,,,,,,,,,,,,,,,,107,4,2024-09-05_15h33.34.906,Symbol-E,2020.1.3,MacIntel,Safari,"Mozilla/5.0 (Macintosh; Intel Mac OS X 10_15_7) AppleWebKit/605.1.15 (KHTML, like Gecko) Version/17.6 Safari/605.1.15",60,,,,,,,,,,,,,,,,,,,,,,,,,,,,,,,,,,,,media/ddnb.png,4,0,Symb,h,TR,0,0,1,0,8,0,82,0,1,5,1.080318363,h,1.335,4,1,,,,,,,,,,,,,,,,,,,,,,,,,,,,,,,,,,,,,,,,,,,,,,,,,,,,,,,,,,,,,,,,,,,,,,,,,,,,,,,,,,h,1,,,,,,,,,,,1.335,0,0,0,0,1,,,,,,,,,,,,
,,,,,,,,,,,,,,,,,107,4,2024-09-05_15h33.34.906,Symbol-E,2020.1.3,MacIntel,Safari,"Mozilla/5.0 (Macintosh; Intel Mac OS X 10_15_7) AppleWebKit/605.1.15 (KHTML, like Gecko) Version/17.6 Safari/605.1.15",60,,,,,,,,,,,,,,,,,,,,,,,,,,,,,,,,,,,,,,,,,,,,,,,,,,,,,,,,,,,,,,,,,,,,,,,,,,,,,,,,,,,,,,,,,,,,,,,,,,,,,,,,,,,,,,,,,,,,,,,,,,,,,,,,,,,,,,,,,,,,,,,,,82,0,82,0,1,,,,,,,,,,,,,,,,,,
,,,,,,,,,,,,,,,,,107,4,2024-09-05_15h33.34.906,Symbol-E,2020.1.3,MacIntel,Safari,"Mozilla/5.0 (Macintosh; Intel Mac OS X 10_15_7) AppleWebKit/605.1.15 (KHTML, like Gecko) Version/17.6 Safari/605.1.15",60,,,,,,,,,,,,,,,,,,,,,,,,,,,,,,,,,,,,media/dmnb.png,2,2,Symb,e,TR,0,0,1,0,8,0,83,0,1,5,0.590511076,e,1.352,2,1,,,,,,,,,,,,,,,,,,,,,,,,,,,,,,,,,,,,,,,,,,,,,,,,,,,,,,,,,,,,,,,,,,,,,,,,,,,,,,,,,,e,1,,,,,,,,,,,1.352,0,0,0,0,1,,,,,,,,,,,,
,,,,,,,,,,,,,,,,,107,4,2024-09-05_15h33.34.906,Symbol-E,2020.1.3,MacIntel,Safari,"Mozilla/5.0 (Macintosh; Intel Mac OS X 10_15_7) AppleWebKit/605.1.15 (KHTML, like Gecko) Version/17.6 Safari/605.1.15",60,,,,,,,,,,,,,,,,,,,,,,,,,,,,,,,,,,,,,,,,,,,,,,,,,,,,,,,,,,,,,,,,,,,,,,,,,,,,,,,,,,,,,,,,,,,,,,,,,,,,,,,,,,,,,,,,,,,,,,,,,,,,,,,,,,,,,,,,,,,,,,,,,83,0,83,0,1,,,,,,,,,,,,,,,,,,
,,,,,,,,,,,,,,,,,107,4,2024-09-05_15h33.34.906,Symbol-E,2020.1.3,MacIntel,Safari,"Mozilla/5.0 (Macintosh; Intel Mac OS X 10_15_7) AppleWebKit/605.1.15 (KHTML, like Gecko) Version/17.6 Safari/605.1.15",60,,,,,,,,,,,,,,,,,,,,,,,,,,,,,,,,,,,,media/dinb.png,3,3,Symb,f,TR,0,0,1,0,8,0,84,0,1,5,0.647468998,e,1.354,2,0,,,,,,,,,,,,,,,,,,,,,,,,,,,,,,,,,,,,,,,,,,,,,,,,,,,,,,,,,,,,,,,,,,,,,,,,,,,,,,,,,,e,0,,,,,,,,,,,1.354,0,0,0,0,1,,,,,,,,,,,,
,,,,,,,,,,,,,,,,,107,4,2024-09-05_15h33.34.906,Symbol-E,2020.1.3,MacIntel,Safari,"Mozilla/5.0 (Macintosh; Intel Mac OS X 10_15_7) AppleWebKit/605.1.15 (KHTML, like Gecko) Version/17.6 Safari/605.1.15",60,,,,,,,,,,,,,,,,,,,,,,,,,,,,,,,,,,,,,,,,,,,,,,,,,,,,,,,,,,,,,,,,,,,,,,,,,,,,,,,,,,,,,,,,,,,,,,,,,,,,,,,,,,,,,,,,,,,,,,,,,,,,,,,,,,,,,,,,,,,,,,,,,84,0,84,0,1,,,,,,,,,,,,,,,,,,
,,,,,,,,,,,,,,,,,107,4,2024-09-05_15h33.34.906,Symbol-E,2020.1.3,MacIntel,Safari,"Mozilla/5.0 (Macintosh; Intel Mac OS X 10_15_7) AppleWebKit/605.1.15 (KHTML, like Gecko) Version/17.6 Safari/605.1.15",60,,,,,,,,,,,,,,,,,,,,,,,,,,,,,,,,,,,,media/djnb.png,7,3,Symb,l,TR,0,0,1,0,8,0,85,0,1,5,0.794125347,l,1.271,7,1,,,,,,,,,,,,,,,,,,,,,,,,,,,,,,,,,,,,,,,,,,,,,,,,,,,,,,,,,,,,,,,,,,,,,,,,,,,,,,,,,,l,1,,,,,,,,,,,1.271,0,0,0,0,1,,,,,,,,,,,,
,,,,,,,,,,,,,,,,,107,4,2024-09-05_15h33.34.906,Symbol-E,2020.1.3,MacIntel,Safari,"Mozilla/5.0 (Macintosh; Intel Mac OS X 10_15_7) AppleWebKit/605.1.15 (KHTML, like Gecko) Version/17.6 Safari/605.1.15",60,,,,,,,,,,,,,,,,,,,,,,,,,,,,,,,,,,,,,,,,,,,,,,,,,,,,,,,,,,,,,,,,,,,,,,,,,,,,,,,,,,,,,,,,,,,,,,,,,,,,,,,,,,,,,,,,,,,,,,,,,,,,,,,,,,,,,,,,,,,,,,,,,85,0,85,0,1,,,,,,,,,,,,,,,,,,
,,,,,,,,,,,,,,,,,107,4,2024-09-05_15h33.34.906,Symbol-E,2020.1.3,MacIntel,Safari,"Mozilla/5.0 (Macintosh; Intel Mac OS X 10_15_7) AppleWebKit/605.1.15 (KHTML, like Gecko) Version/17.6 Safari/605.1.15",60,,,,,,,,,,,,,,,,,,,,,,,,,,,,,,,,,,,,media/dnnb.png,6,2,Symb,i,TR,0,0,1,0,8,0,86,0,1,5,0.241604279,w,1.284,1,0,,,,,,,,,,,,,,,,,,,,,,,,,,,,,,,,,,,,,,,,,,,,,,,,,,,,,,,,,,,,,,,,,,,,,,,,,,,,,,,,,,w,0,,,,,,,,,,,1.284,0,0,0,0,1,,,,,,,,,,,,
,,,,,,,,,,,,,,,,,107,4,2024-09-05_15h33.34.906,Symbol-E,2020.1.3,MacIntel,Safari,"Mozilla/5.0 (Macintosh; Intel Mac OS X 10_15_7) AppleWebKit/605.1.15 (KHTML, like Gecko) Version/17.6 Safari/605.1.15",60,,,,,,,,,,,,,,,,,,,,,,,,,,,,,,,,,,,,,,,,,,,,,,,,,,,,,,,,,,,,,,,,,,,,,,,,,,,,,,,,,,,,,,,,,,,,,,,,,,,,,,,,,,,,,,,,,,,,,,,,,,,,,,,,,,,,,,,,,,,,,,,,,86,0,86,0,1,,,,,,,,,,,,,,,,,,
,,,,,,,,,,,,,,,,,107,4,2024-09-05_15h33.34.906,Symbol-E,2020.1.3,MacIntel,Safari,"Mozilla/5.0 (Macintosh; Intel Mac OS X 10_15_7) AppleWebKit/605.1.15 (KHTML, like Gecko) Version/17.6 Safari/605.1.15",60,,,,,,,,,,,,,,,,,,,,,,,,,,,,,,,,,,,,media/dcnb.png,0,0,Symb,a,TR,0,0,1,0,8,0,87,0,1,5,1.079185042,a,1.325,0,1,,,,,,,,,,,,,,,,,,,,,,,,,,,,,,,,,,,,,,,,,,,,,,,,,,,,,,,,,,,,,,,,,,,,,,,,,,,,,,,,,,a,1,,,,,,,,,,,1.325,0,0,0,0,1,,,,,,,,,,,,
,,,,,,,,,,,,,,,,,107,4,2024-09-05_15h33.34.906,Symbol-E,2020.1.3,MacIntel,Safari,"Mozilla/5.0 (Macintosh; Intel Mac OS X 10_15_7) AppleWebKit/605.1.15 (KHTML, like Gecko) Version/17.6 Safari/605.1.15",60,,,,,,,,,,,,,,,,,,,,,,,,,,,,,,,,,,,,,,,,,,,,,,,,,,,,,,,,,,,,,,,,,,,,,,,,,,,,,,,,,,,,,,,,,,,,,,,,,,,,,,,,,,,,,,,,,,,,,,,,,,,,,,,,,,,,,,,,,,,,,,,,,87,0,87,0,1,,,,,,,,,,,,,,,,,,
,,,,,,,,,,,,,,,,,107,4,2024-09-05_15h33.34.906,Symbol-E,2020.1.3,MacIntel,Safari,"Mozilla/5.0 (Macintosh; Intel Mac OS X 10_15_7) AppleWebKit/605.1.15 (KHTML, like Gecko) Version/17.6 Safari/605.1.15",60,,,,,,,,,,,,,,,,,,,,,,,,,,,,,,,,,,,,media/dnnb.png,6,2,Symb,i,TR,0,0,1,0,8,0,88,0,1,5,0.547093965,i,1.352,6,1,,,,,,,,,,,,,,,,,,,,,,,,,,,,,,,,,,,,,,,,,,,,,,,,,,,,,,,,,,,,,,,,,,,,,,,,,,,,,,,,,,i,1,,,,,,,,,,,1.352,0,0,0,0,1,,,,,,,,,,,,
,,,,,,,,,,,,,,,,,107,4,2024-09-05_15h33.34.906,Symbol-E,2020.1.3,MacIntel,Safari,"Mozilla/5.0 (Macintosh; Intel Mac OS X 10_15_7) AppleWebKit/605.1.15 (KHTML, like Gecko) Version/17.6 Safari/605.1.15",60,,,,,,,,,,,,,,,,,,,,,,,,,,,,,,,,,,,,,,,,,,,,,,,,,,,,,,,,,,,,,,,,,,,,,,,,,,,,,,,,,,,,,,,,,,,,,,,,,,,,,,,,,,,,,,,,,,,,,,,,,,,,,,,,,,,,,,,,,,,,,,,,,88,0,88,0,1,,,,,,,,,,,,,,,,,,
,,,,,,,,,,,,,,,,,107,4,2024-09-05_15h33.34.906,Symbol-E,2020.1.3,MacIntel,Safari,"Mozilla/5.0 (Macintosh; Intel Mac OS X 10_15_7) AppleWebKit/605.1.15 (KHTML, like Gecko) Version/17.6 Safari/605.1.15",60,,,,,,,,,,,,,,,,,,,,,,,,,,,,,,,,,,,,media/dgnb.png,5,1,Symb,u,TR,0,0,1,0,8,0,89,0,1,5,0.622564128,i,1.335,6,0,,,,,,,,,,,,,,,,,,,,,,,,,,,,,,,,,,,,,,,,,,,,,,,,,,,,,,,,,,,,,,,,,,,,,,,,,,,,,,,,,,i,0,,,,,,,,,,,1.335,0,0,0,0,1,,,,,,,,,,,,
,,,,,,,,,,,,,,,,,107,4,2024-09-05_15h33.34.906,Symbol-E,2020.1.3,MacIntel,Safari,"Mozilla/5.0 (Macintosh; Intel Mac OS X 10_15_7) AppleWebKit/605.1.15 (KHTML, like Gecko) Version/17.6 Safari/605.1.15",60,,,,,,,,,,,,,,,,,,,,,,,,,,,,,,,,,,,,,,,,,,,,,,,,,,,,,,,,,,,,,,,,,,,,,,,,,,,,,,,,,,,,,,,,,,,,,,,,,,,,,,,,,,,,,,,,,,,,,,,,,,,,,,,,,,,,,,,,,,,,,,,,,89,0,89,0,1,,,,,,,,,,,,,,,,,,
,,,,,,,,,,,,,,,,,107,4,2024-09-05_15h33.34.906,Symbol-E,2020.1.3,MacIntel,Safari,"Mozilla/5.0 (Macintosh; Intel Mac OS X 10_15_7) AppleWebKit/605.1.15 (KHTML, like Gecko) Version/17.6 Safari/605.1.15",60,,,,,,,,,,,,,,,,,,,,,,,,,,,,,,,,,,,,media/djnb.png,7,3,Symb,l,TR,0,0,1,0,8,0,90,0,1,5,0.449169206,u,1.371,5,0,,,,,,,,,,,,,,,,,,,,,,,,,,,,,,,,,,,,,,,,,,,,,,,,,,,,,,,,,,,,,,,,,,,,,,,,,,,,,,,,,,u,0,,,,,,,,,,,1.371,0,0,0,0,1,,,,,,,,,,,,
,,,,,,,,,,,,,,,,,107,4,2024-09-05_15h33.34.906,Symbol-E,2020.1.3,MacIntel,Safari,"Mozilla/5.0 (Macintosh; Intel Mac OS X 10_15_7) AppleWebKit/605.1.15 (KHTML, like Gecko) Version/17.6 Safari/605.1.15",60,,,,,,,,,,,,,,,,,,,,,,,,,,,,,,,,,,,,,,,,,,,,,,,,,,,,,,,,,,,,,,,,,,,,,,,,,,,,,,,,,,,,,,,,,,,,,,,,,,,,,,,,,,,,,,,,,,,,,,,,,,,,,,,,,,,,,,,,,,,,,,,,,90,0,90,0,1,,,,,,,,,,,,,,,,,,
,,,,,,,,,,,,,,,,,107,4,2024-09-05_15h33.34.906,Symbol-E,2020.1.3,MacIntel,Safari,"Mozilla/5.0 (Macintosh; Intel Mac OS X 10_15_7) AppleWebKit/605.1.15 (KHTML, like Gecko) Version/17.6 Safari/605.1.15",60,,,,,,,,,,,,,,,,,,,,,,,,,,,,,,,,,,,,media/dmnb.png,2,2,Symb,e,TR,0,0,1,0,8,0,91,0,1,5,0.08652053,w,1.341,1,0,,,,,,,,,,,,,,,,,,,,,,,,,,,,,,,,,,,,,,,,,,,,,,,,,,,,,,,,,,,,,,,,,,,,,,,,,,,,,,,,,,w,0,,,,,,,,,,,1.341,0,0,0,0,1,,,,,,,,,,,,
,,,,,,,,,,,,,,,,,107,4,2024-09-05_15h33.34.906,Symbol-E,2020.1.3,MacIntel,Safari,"Mozilla/5.0 (Macintosh; Intel Mac OS X 10_15_7) AppleWebKit/605.1.15 (KHTML, like Gecko) Version/17.6 Safari/605.1.15",60,,,,,,,,,,,,,,,,,,,,,,,,,,,,,,,,,,,,,,,,,,,,,,,,,,,,,,,,,,,,,,,,,,,,,,,,,,,,,,,,,,,,,,,,,,,,,,,,,,,,,,,,,,,,,,,,,,,,,,,,,,,,,,,,,,,,,,,,,,,,,,,,,91,0,91,0,1,,,,,,,,,,,,,,,,,,
,,,,,,,,,,,,,,,,,107,4,2024-09-05_15h33.34.906,Symbol-E,2020.1.3,MacIntel,Safari,"Mozilla/5.0 (Macintosh; Intel Mac OS X 10_15_7) AppleWebKit/605.1.15 (KHTML, like Gecko) Version/17.6 Safari/605.1.15",60,,,,,,,,,,,,,,,,,,,,,,,,,,,,,,,,,,,,media/ddnb.png,4,0,Symb,h,TR,0,0,1,0,8,0,92,0,1,5,0.841392359,h,1.321,4,1,,,,,,,,,,,,,,,,,,,,,,,,,,,,,,,,,,,,,,,,,,,,,,,,,,,,,,,,,,,,,,,,,,,,,,,,,,,,,,,,,,h,1,,,,,,,,,,,1.321,0,0,0,0,1,,,,,,,,,,,,
,,,,,,,,,,,,,,,,,107,4,2024-09-05_15h33.34.906,Symbol-E,2020.1.3,MacIntel,Safari,"Mozilla/5.0 (Macintosh; Intel Mac OS X 10_15_7) AppleWebKit/605.1.15 (KHTML, like Gecko) Version/17.6 Safari/605.1.15",60,,,,,,,,,,,,,,,,,,,,,,,,,,,,,,,,,,,,,,,,,,,,,,,,,,,,,,,,,,,,,,,,,,,,,,,,,,,,,,,,,,,,,,,,,,,,,,,,,,,,,,,,,,,,,,,,,,,,,,,,,,,,,,,,,,,,,,,,,,,,,,,,,92,0,92,0,1,,,,,,,,,,,,,,,,,,
,,,,,,,,,,,,,,,,,107,4,2024-09-05_15h33.34.906,Symbol-E,2020.1.3,MacIntel,Safari,"Mozilla/5.0 (Macintosh; Intel Mac OS X 10_15_7) AppleWebKit/605.1.15 (KHTML, like Gecko) Version/17.6 Safari/605.1.15",60,,,,,,,,,,,,,,,,,,,,,,,,,,,,,,,,,,,,media/dgnb.png,5,1,Symb,u,TR,0,0,1,0,8,0,93,0,1,5,0.051261548,w,1.372,1,0,,,,,,,,,,,,,,,,,,,,,,,,,,,,,,,,,,,,,,,,,,,,,,,,,,,,,,,,,,,,,,,,,,,,,,,,,,,,,,,,,,w,0,,,,,,,,,,,1.372,0,0,0,0,1,,,,,,,,,,,,
,,,,,,,,,,,,,,,,,107,4,2024-09-05_15h33.34.906,Symbol-E,2020.1.3,MacIntel,Safari,"Mozilla/5.0 (Macintosh; Intel Mac OS X 10_15_7) AppleWebKit/605.1.15 (KHTML, like Gecko) Version/17.6 Safari/605.1.15",60,,,,,,,,,,,,,,,,,,,,,,,,,,,,,,,,,,,,,,,,,,,,,,,,,,,,,,,,,,,,,,,,,,,,,,,,,,,,,,,,,,,,,,,,,,,,,,,,,,,,,,,,,,,,,,,,,,,,,,,,,,,,,,,,,,,,,,,,,,,,,,,,,93,0,93,0,1,,,,,,,,,,,,,,,,,,
,,,,,,,,,,,,,,,,,107,4,2024-09-05_15h33.34.906,Symbol-E,2020.1.3,MacIntel,Safari,"Mozilla/5.0 (Macintosh; Intel Mac OS X 10_15_7) AppleWebKit/605.1.15 (KHTML, like Gecko) Version/17.6 Safari/605.1.15",60,,,,,,,,,,,,,,,,,,,,,,,,,,,,,,,,,,,,media/dfnb.png,1,1,Symb,w,TR,0,0,1,0,8,0,94,0,1,5,1.085408214,w,1.339,1,1,,,,,,,,,,,,,,,,,,,,,,,,,,,,,,,,,,,,,,,,,,,,,,,,,,,,,,,,,,,,,,,,,,,,,,,,,,,,,,,,,,w,1,,,,,,,,,,,1.339,0,0,0,0,1,,,,,,,,,,,,
,,,,,,,,,,,,,,,,,107,4,2024-09-05_15h33.34.906,Symbol-E,2020.1.3,MacIntel,Safari,"Mozilla/5.0 (Macintosh; Intel Mac OS X 10_15_7) AppleWebKit/605.1.15 (KHTML, like Gecko) Version/17.6 Safari/605.1.15",60,,,,,,,,,,,,,,,,,,,,,,,,,,,,,,,,,,,,,,,,,,,,,,,,,,,,,,,,,,,,,,,,,,,,,,,,,,,,,,,,,,,,,,,,,,,,,,,,,,,,,,,,,,,,,,,,,,,,,,,,,,,,,,,,,,,,,,,,,,,,,,,,,94,0,94,0,1,,,,,,,,,,,,,,,,,,
,,,,,,,,,,,,,,,,,107,4,2024-09-05_15h33.34.906,Symbol-E,2020.1.3,MacIntel,Safari,"Mozilla/5.0 (Macintosh; Intel Mac OS X 10_15_7) AppleWebKit/605.1.15 (KHTML, like Gecko) Version/17.6 Safari/605.1.15",60,,,,,,,,,,,,,,,,,,,,,,,,,,,,,,,,,,,,media/dinb.png,3,3,Symb,f,TR,0,0,1,0,8,0,95,0,1,5,0.837368495,f,1.336,3,1,,,,,,,,,,,,,,,,,,,,,,,,,,,,,,,,,,,,,,,,,,,,,,,,,,,,,,,,,,,,,,,,,,,,,,,,,,,,,,,,,,f,1,,,,,,,,,,,1.336,0,0,0,0,1,,,,,,,,,,,,
,,,,,,,,,,,,,,,,,107,4,2024-09-05_15h33.34.906,Symbol-E,2020.1.3,MacIntel,Safari,"Mozilla/5.0 (Macintosh; Intel Mac OS X 10_15_7) AppleWebKit/605.1.15 (KHTML, like Gecko) Version/17.6 Safari/605.1.15",60,,,,,,,,,,,,,,,,,,,,,,,,,,,,,,,,,,,,,,,,,,,,,,,,,,,,,,,,,,,,,,,,,,,,,,,,,,,,,,,,,,,,,,,,,,,,,,,,,,,,,,,,,,,,,,,,,,,,,,,,,,,,,,,,,,,,,,,,,,,,,,,,,95,0,95,0,1,,,,,,,,,,,,,,,,,,
,,,,,,,,,,,,,,,,,107,4,2024-09-05_15h33.34.906,Symbol-E,2020.1.3,MacIntel,Safari,"Mozilla/5.0 (Macintosh; Intel Mac OS X 10_15_7) AppleWebKit/605.1.15 (KHTML, like Gecko) Version/17.6 Safari/605.1.15",60,,,,,,,,,,,,,,,,,,,,,,,,,,,,,,,,,,,,,,,,,,,,,,,,,,,,,,,,,,,,,,,,,,,,,,,,,,,,,,,,,,,,,,,,,,,,,,,,,,,,,,,,,,,,,,,,,,,,,,,,,,,,,,,,,,,,,,,,,,,,,,,,,,,,,,,,,,,,4,0,4,0,1,,,,,,,
,,,,,,,,,,,,,,,,,107,4,2024-09-05_15h33.34.906,Symbol-E,2020.1.3,MacIntel,Safari,"Mozilla/5.0 (Macintosh; Intel Mac OS X 10_15_7) AppleWebKit/605.1.15 (KHTML, like Gecko) Version/17.6 Safari/605.1.15",60,,,,,,,,,,,,,,,,,,,,,,,,,,,,,,,,,,,,media/dinb.png,3,3,Symb,f,TR,0,0,1,0,8,0,0,0,1,6,0.484034743,u,1.136,5,0,,,,,,,,,,,,,,,,h,6.66,,,,,,,,,,,,,,,,,,,,,,,,,,,,,,,,,,,,,,,,,,,,,,,,,,,,,,,,,,,,,,,,,u,0,,,,,,,,,,,1.136,0,0,0,0,1,,,,,,,,,,,,
,,,,,,,,,,,,,,,,,107,4,2024-09-05_15h33.34.906,Symbol-E,2020.1.3,MacIntel,Safari,"Mozilla/5.0 (Macintosh; Intel Mac OS X 10_15_7) AppleWebKit/605.1.15 (KHTML, like Gecko) Version/17.6 Safari/605.1.15",60,,,,,,,,,,,,,,,,,,,,,,,,,,,,,,,,,,,,,,,,,,,,,,,,,,,,,,,,,,,,,,,,,,,,,,,,,,,,,,,,,,,,,,,,,,,,,,,,,,,,,,,,,,,,,,,,,,,,,,,,,,,,,,,,,,,,,,,,,,,,,,,,,0,0,0,0,1,,,,,,,,,,,,,,,,,,
,,,,,,,,,,,,,,,,,107,4,2024-09-05_15h33.34.906,Symbol-E,2020.1.3,MacIntel,Safari,"Mozilla/5.0 (Macintosh; Intel Mac OS X 10_15_7) AppleWebKit/605.1.15 (KHTML, like Gecko) Version/17.6 Safari/605.1.15",60,,,,,,,,,,,,,,,,,,,,,,,,,,,,,,,,,,,,media/dgnb.png,5,1,Symb,u,TR,0,0,1,0,8,0,1,0,1,6,1.143476446,u,1.355,5,1,,,,,,,,,,,,,,,,,,,,,,,,,,,,,,,,,,,,,,,,,,,,,,,,,,,,,,,,,,,,,,,,,,,,,,,,,,,,,,,,,,u,1,,,,,,,,,,,1.355,0,0,0,0,1,,,,,,,,,,,,
,,,,,,,,,,,,,,,,,107,4,2024-09-05_15h33.34.906,Symbol-E,2020.1.3,MacIntel,Safari,"Mozilla/5.0 (Macintosh; Intel Mac OS X 10_15_7) AppleWebKit/605.1.15 (KHTML, like Gecko) Version/17.6 Safari/605.1.15",60,,,,,,,,,,,,,,,,,,,,,,,,,,,,,,,,,,,,,,,,,,,,,,,,,,,,,,,,,,,,,,,,,,,,,,,,,,,,,,,,,,,,,,,,,,,,,,,,,,,,,,,,,,,,,,,,,,,,,,,,,,,,,,,,,,,,,,,,,,,,,,,,,1,0,1,0,1,,,,,,,,,,,,,,,,,,
,,,,,,,,,,,,,,,,,107,4,2024-09-05_15h33.34.906,Symbol-E,2020.1.3,MacIntel,Safari,"Mozilla/5.0 (Macintosh; Intel Mac OS X 10_15_7) AppleWebKit/605.1.15 (KHTML, like Gecko) Version/17.6 Safari/605.1.15",60,,,,,,,,,,,,,,,,,,,,,,,,,,,,,,,,,,,,media/dmnb.png,2,2,Symb,e,TR,0,0,1,0,8,0,2,0,1,6,0.889009563,e,1.353,2,1,,,,,,,,,,,,,,,,,,,,,,,,,,,,,,,,,,,,,,,,,,,,,,,,,,,,,,,,,,,,,,,,,,,,,,,,,,,,,,,,,,e,1,,,,,,,,,,,1.353,0,0,0,0,1,,,,,,,,,,,,
,,,,,,,,,,,,,,,,,107,4,2024-09-05_15h33.34.906,Symbol-E,2020.1.3,MacIntel,Safari,"Mozilla/5.0 (Macintosh; Intel Mac OS X 10_15_7) AppleWebKit/605.1.15 (KHTML, like Gecko) Version/17.6 Safari/605.1.15",60,,,,,,,,,,,,,,,,,,,,,,,,,,,,,,,,,,,,,,,,,,,,,,,,,,,,,,,,,,,,,,,,,,,,,,,,,,,,,,,,,,,,,,,,,,,,,,,,,,,,,,,,,,,,,,,,,,,,,,,,,,,,,,,,,,,,,,,,,,,,,,,,,2,0,2,0,1,,,,,,,,,,,,,,,,,,
,,,,,,,,,,,,,,,,,107,4,2024-09-05_15h33.34.906,Symbol-E,2020.1.3,MacIntel,Safari,"Mozilla/5.0 (Macintosh; Intel Mac OS X 10_15_7) AppleWebKit/605.1.15 (KHTML, like Gecko) Version/17.6 Safari/605.1.15",60,,,,,,,,,,,,,,,,,,,,,,,,,,,,,,,,,,,,media/dinb.png,3,3,Symb,f,TR,0,0,1,0,8,0,3,0,1,6,1.114948649,f,1.301,3,1,,,,,,,,,,,,,,,,,,,,,,,,,,,,,,,,,,,,,,,,,,,,,,,,,,,,,,,,,,,,,,,,,,,,,,,,,,,,,,,,,,f,1,,,,,,,,,,,1.301,0,0,0,0,1,,,,,,,,,,,,
,,,,,,,,,,,,,,,,,107,4,2024-09-05_15h33.34.906,Symbol-E,2020.1.3,MacIntel,Safari,"Mozilla/5.0 (Macintosh; Intel Mac OS X 10_15_7) AppleWebKit/605.1.15 (KHTML, like Gecko) Version/17.6 Safari/605.1.15",60,,,,,,,,,,,,,,,,,,,,,,,,,,,,,,,,,,,,,,,,,,,,,,,,,,,,,,,,,,,,,,,,,,,,,,,,,,,,,,,,,,,,,,,,,,,,,,,,,,,,,,,,,,,,,,,,,,,,,,,,,,,,,,,,,,,,,,,,,,,,,,,,,3,0,3,0,1,,,,,,,,,,,,,,,,,,
,,,,,,,,,,,,,,,,,107,4,2024-09-05_15h33.34.906,Symbol-E,2020.1.3,MacIntel,Safari,"Mozilla/5.0 (Macintosh; Intel Mac OS X 10_15_7) AppleWebKit/605.1.15 (KHTML, like Gecko) Version/17.6 Safari/605.1.15",60,,,,,,,,,,,,,,,,,,,,,,,,,,,,,,,,,,,,media/dgnb.png,5,1,Symb,u,TR,0,0,1,0,8,0,4,0,1,6,0.284866127,w,1.235,1,0,,,,,,,,,,,,,,,,,,,,,,,,,,,,,,,,,,,,,,,,,,,,,,,,,,,,,,,,,,,,,,,,,,,,,,,,,,,,,,,,,,w,0,,,,,,,,,,,1.235,0,0,0,0,1,,,,,,,,,,,,
,,,,,,,,,,,,,,,,,107,4,2024-09-05_15h33.34.906,Symbol-E,2020.1.3,MacIntel,Safari,"Mozilla/5.0 (Macintosh; Intel Mac OS X 10_15_7) AppleWebKit/605.1.15 (KHTML, like Gecko) Version/17.6 Safari/605.1.15",60,,,,,,,,,,,,,,,,,,,,,,,,,,,,,,,,,,,,,,,,,,,,,,,,,,,,,,,,,,,,,,,,,,,,,,,,,,,,,,,,,,,,,,,,,,,,,,,,,,,,,,,,,,,,,,,,,,,,,,,,,,,,,,,,,,,,,,,,,,,,,,,,,4,0,4,0,1,,,,,,,,,,,,,,,,,,
,,,,,,,,,,,,,,,,,107,4,2024-09-05_15h33.34.906,Symbol-E,2020.1.3,MacIntel,Safari,"Mozilla/5.0 (Macintosh; Intel Mac OS X 10_15_7) AppleWebKit/605.1.15 (KHTML, like Gecko) Version/17.6 Safari/605.1.15",60,,,,,,,,,,,,,,,,,,,,,,,,,,,,,,,,,,,,media/djnb.png,7,3,Symb,l,TR,0,0,1,0,8,0,5,0,1,6,0.276151987,a,1.324,0,0,,,,,,,,,,,,,,,,,,,,,,,,,,,,,,,,,,,,,,,,,,,,,,,,,,,,,,,,,,,,,,,,,,,,,,,,,,,,,,,,,,a,0,,,,,,,,,,,1.324,0,0,0,0,1,,,,,,,,,,,,
,,,,,,,,,,,,,,,,,107,4,2024-09-05_15h33.34.906,Symbol-E,2020.1.3,MacIntel,Safari,"Mozilla/5.0 (Macintosh; Intel Mac OS X 10_15_7) AppleWebKit/605.1.15 (KHTML, like Gecko) Version/17.6 Safari/605.1.15",60,,,,,,,,,,,,,,,,,,,,,,,,,,,,,,,,,,,,,,,,,,,,,,,,,,,,,,,,,,,,,,,,,,,,,,,,,,,,,,,,,,,,,,,,,,,,,,,,,,,,,,,,,,,,,,,,,,,,,,,,,,,,,,,,,,,,,,,,,,,,,,,,,5,0,5,0,1,,,,,,,,,,,,,,,,,,
,,,,,,,,,,,,,,,,,107,4,2024-09-05_15h33.34.906,Symbol-E,2020.1.3,MacIntel,Safari,"Mozilla/5.0 (Macintosh; Intel Mac OS X 10_15_7) AppleWebKit/605.1.15 (KHTML, like Gecko) Version/17.6 Safari/605.1.15",60,,,,,,,,,,,,,,,,,,,,,,,,,,,,,,,,,,,,media/dnnb.png,6,2,Symb,i,TR,0,0,1,0,8,0,6,0,1,6,1.048216723,i,1.334,6,1,,,,,,,,,,,,,,,,,,,,,,,,,,,,,,,,,,,,,,,,,,,,,,,,,,,,,,,,,,,,,,,,,,,,,,,,,,,,,,,,,,i,1,,,,,,,,,,,1.334,0,0,0,0,1,,,,,,,,,,,,
,,,,,,,,,,,,,,,,,107,4,2024-09-05_15h33.34.906,Symbol-E,2020.1.3,MacIntel,Safari,"Mozilla/5.0 (Macintosh; Intel Mac OS X 10_15_7) AppleWebKit/605.1.15 (KHTML, like Gecko) Version/17.6 Safari/605.1.15",60,,,,,,,,,,,,,,,,,,,,,,,,,,,,,,,,,,,,,,,,,,,,,,,,,,,,,,,,,,,,,,,,,,,,,,,,,,,,,,,,,,,,,,,,,,,,,,,,,,,,,,,,,,,,,,,,,,,,,,,,,,,,,,,,,,,,,,,,,,,,,,,,,6,0,6,0,1,,,,,,,,,,,,,,,,,,
,,,,,,,,,,,,,,,,,107,4,2024-09-05_15h33.34.906,Symbol-E,2020.1.3,MacIntel,Safari,"Mozilla/5.0 (Macintosh; Intel Mac OS X 10_15_7) AppleWebKit/605.1.15 (KHTML, like Gecko) Version/17.6 Safari/605.1.15",60,,,,,,,,,,,,,,,,,,,,,,,,,,,,,,,,,,,,media/dcnb.png,0,0,Symb,a,TR,0,0,1,0,8,0,7,0,1,6,0.687213045,a,1.271,0,1,,,,,,,,,,,,,,,,,,,,,,,,,,,,,,,,,,,,,,,,,,,,,,,,,,,,,,,,,,,,,,,,,,,,,,,,,,,,,,,,,,a,1,,,,,,,,,,,1.271,0,0,0,0,1,,,,,,,,,,,,
,,,,,,,,,,,,,,,,,107,4,2024-09-05_15h33.34.906,Symbol-E,2020.1.3,MacIntel,Safari,"Mozilla/5.0 (Macintosh; Intel Mac OS X 10_15_7) AppleWebKit/605.1.15 (KHTML, like Gecko) Version/17.6 Safari/605.1.15",60,,,,,,,,,,,,,,,,,,,,,,,,,,,,,,,,,,,,,,,,,,,,,,,,,,,,,,,,,,,,,,,,,,,,,,,,,,,,,,,,,,,,,,,,,,,,,,,,,,,,,,,,,,,,,,,,,,,,,,,,,,,,,,,,,,,,,,,,,,,,,,,,,7,0,7,0,1,,,,,,,,,,,,,,,,,,
,,,,,,,,,,,,,,,,,107,4,2024-09-05_15h33.34.906,Symbol-E,2020.1.3,MacIntel,Safari,"Mozilla/5.0 (Macintosh; Intel Mac OS X 10_15_7) AppleWebKit/605.1.15 (KHTML, like Gecko) Version/17.6 Safari/605.1.15",60,,,,,,,,,,,,,,,,,,,,,,,,,,,,,,,,,,,,media/dfnb.png,1,1,Symb,w,TR,0,0,1,0,8,0,8,0,1,6,0.85706248,w,1.276,1,1,,,,,,,,,,,,,,,,,,,,,,,,,,,,,,,,,,,,,,,,,,,,,,,,,,,,,,,,,,,,,,,,,,,,,,,,,,,,,,,,,,w,1,,,,,,,,,,,1.276,0,0,0,0,1,,,,,,,,,,,,
,,,,,,,,,,,,,,,,,107,4,2024-09-05_15h33.34.906,Symbol-E,2020.1.3,MacIntel,Safari,"Mozilla/5.0 (Macintosh; Intel Mac OS X 10_15_7) AppleWebKit/605.1.15 (KHTML, like Gecko) Version/17.6 Safari/605.1.15",60,,,,,,,,,,,,,,,,,,,,,,,,,,,,,,,,,,,,,,,,,,,,,,,,,,,,,,,,,,,,,,,,,,,,,,,,,,,,,,,,,,,,,,,,,,,,,,,,,,,,,,,,,,,,,,,,,,,,,,,,,,,,,,,,,,,,,,,,,,,,,,,,,8,0,8,0,1,,,,,,,,,,,,,,,,,,
,,,,,,,,,,,,,,,,,107,4,2024-09-05_15h33.34.906,Symbol-E,2020.1.3,MacIntel,Safari,"Mozilla/5.0 (Macintosh; Intel Mac OS X 10_15_7) AppleWebKit/605.1.15 (KHTML, like Gecko) Version/17.6 Safari/605.1.15",60,,,,,,,,,,,,,,,,,,,,,,,,,,,,,,,,,,,,media/dcnb.png,0,0,Symb,a,TR,0,0,1,0,8,0,9,0,1,6,0.454357461,a,1.41,0,1,,,,,,,,,,,,,,,,,,,,,,,,,,,,,,,,,,,,,,,,,,,,,,,,,,,,,,,,,,,,,,,,,,,,,,,,,,,,,,,,,,a,1,,,,,,,,,,,1.41,0,0,0,0,1,,,,,,,,,,,,
,,,,,,,,,,,,,,,,,107,4,2024-09-05_15h33.34.906,Symbol-E,2020.1.3,MacIntel,Safari,"Mozilla/5.0 (Macintosh; Intel Mac OS X 10_15_7) AppleWebKit/605.1.15 (KHTML, like Gecko) Version/17.6 Safari/605.1.15",60,,,,,,,,,,,,,,,,,,,,,,,,,,,,,,,,,,,,,,,,,,,,,,,,,,,,,,,,,,,,,,,,,,,,,,,,,,,,,,,,,,,,,,,,,,,,,,,,,,,,,,,,,,,,,,,,,,,,,,,,,,,,,,,,,,,,,,,,,,,,,,,,,9,0,9,0,1,,,,,,,,,,,,,,,,,,
,,,,,,,,,,,,,,,,,107,4,2024-09-05_15h33.34.906,Symbol-E,2020.1.3,MacIntel,Safari,"Mozilla/5.0 (Macintosh; Intel Mac OS X 10_15_7) AppleWebKit/605.1.15 (KHTML, like Gecko) Version/17.6 Safari/605.1.15",60,,,,,,,,,,,,,,,,,,,,,,,,,,,,,,,,,,,,media/dfnb.png,1,1,Symb,w,TR,0,0,1,0,8,0,10,0,1,6,0.043310245,f,1.369,3,0,,,,,,,,,,,,,,,,,,,,,,,,,,,,,,,,,,,,,,,,,,,,,,,,,,,,,,,,,,,,,,,,,,,,,,,,,,,,,,,,,,f,0,,,,,,,,,,,1.369,0,0,0,0,1,,,,,,,,,,,,
,,,,,,,,,,,,,,,,,107,4,2024-09-05_15h33.34.906,Symbol-E,2020.1.3,MacIntel,Safari,"Mozilla/5.0 (Macintosh; Intel Mac OS X 10_15_7) AppleWebKit/605.1.15 (KHTML, like Gecko) Version/17.6 Safari/605.1.15",60,,,,,,,,,,,,,,,,,,,,,,,,,,,,,,,,,,,,,,,,,,,,,,,,,,,,,,,,,,,,,,,,,,,,,,,,,,,,,,,,,,,,,,,,,,,,,,,,,,,,,,,,,,,,,,,,,,,,,,,,,,,,,,,,,,,,,,,,,,,,,,,,,10,0,10,0,1,,,,,,,,,,,,,,,,,,
,,,,,,,,,,,,,,,,,107,4,2024-09-05_15h33.34.906,Symbol-E,2020.1.3,MacIntel,Safari,"Mozilla/5.0 (Macintosh; Intel Mac OS X 10_15_7) AppleWebKit/605.1.15 (KHTML, like Gecko) Version/17.6 Safari/605.1.15",60,,,,,,,,,,,,,,,,,,,,,,,,,,,,,,,,,,,,media/djnb.png,7,3,Symb,l,TR,0,0,1,0,8,0,11,0,1,6,1.045344142,l,1.405,7,1,,,,,,,,,,,,,,,,,,,,,,,,,,,,,,,,,,,,,,,,,,,,,,,,,,,,,,,,,,,,,,,,,,,,,,,,,,,,,,,,,,l,1,,,,,,,,,,,1.405,0,0,0,0,1,,,,,,,,,,,,
,,,,,,,,,,,,,,,,,107,4,2024-09-05_15h33.34.906,Symbol-E,2020.1.3,MacIntel,Safari,"Mozilla/5.0 (Macintosh; Intel Mac OS X 10_15_7) AppleWebKit/605.1.15 (KHTML, like Gecko) Version/17.6 Safari/605.1.15",60,,,,,,,,,,,,,,,,,,,,,,,,,,,,,,,,,,,,,,,,,,,,,,,,,,,,,,,,,,,,,,,,,,,,,,,,,,,,,,,,,,,,,,,,,,,,,,,,,,,,,,,,,,,,,,,,,,,,,,,,,,,,,,,,,,,,,,,,,,,,,,,,,11,0,11,0,1,,,,,,,,,,,,,,,,,,
,,,,,,,,,,,,,,,,,107,4,2024-09-05_15h33.34.906,Symbol-E,2020.1.3,MacIntel,Safari,"Mozilla/5.0 (Macintosh; Intel Mac OS X 10_15_7) AppleWebKit/605.1.15 (KHTML, like Gecko) Version/17.6 Safari/605.1.15",60,,,,,,,,,,,,,,,,,,,,,,,,,,,,,,,,,,,,media/dmnb.png,2,2,Symb,e,TR,0,0,1,0,8,0,12,0,1,6,0.165870651,w,1.254,1,0,,,,,,,,,,,,,,,,,,,,,,,,,,,,,,,,,,,,,,,,,,,,,,,,,,,,,,,,,,,,,,,,,,,,,,,,,,,,,,,,,,w,0,,,,,,,,,,,1.254,0,0,0,0,1,,,,,,,,,,,,
,,,,,,,,,,,,,,,,,107,4,2024-09-05_15h33.34.906,Symbol-E,2020.1.3,MacIntel,Safari,"Mozilla/5.0 (Macintosh; Intel Mac OS X 10_15_7) AppleWebKit/605.1.15 (KHTML, like Gecko) Version/17.6 Safari/605.1.15",60,,,,,,,,,,,,,,,,,,,,,,,,,,,,,,,,,,,,,,,,,,,,,,,,,,,,,,,,,,,,,,,,,,,,,,,,,,,,,,,,,,,,,,,,,,,,,,,,,,,,,,,,,,,,,,,,,,,,,,,,,,,,,,,,,,,,,,,,,,,,,,,,,12,0,12,0,1,,,,,,,,,,,,,,,,,,
,,,,,,,,,,,,,,,,,107,4,2024-09-05_15h33.34.906,Symbol-E,2020.1.3,MacIntel,Safari,"Mozilla/5.0 (Macintosh; Intel Mac OS X 10_15_7) AppleWebKit/605.1.15 (KHTML, like Gecko) Version/17.6 Safari/605.1.15",60,,,,,,,,,,,,,,,,,,,,,,,,,,,,,,,,,,,,media/dnnb.png,6,2,Symb,i,TR,0,0,1,0,8,0,13,0,1,6,0.707387619,i,1.34,6,1,,,,,,,,,,,,,,,,,,,,,,,,,,,,,,,,,,,,,,,,,,,,,,,,,,,,,,,,,,,,,,,,,,,,,,,,,,,,,,,,,,i,1,,,,,,,,,,,1.34,0,0,0,0,1,,,,,,,,,,,,
,,,,,,,,,,,,,,,,,107,4,2024-09-05_15h33.34.906,Symbol-E,2020.1.3,MacIntel,Safari,"Mozilla/5.0 (Macintosh; Intel Mac OS X 10_15_7) AppleWebKit/605.1.15 (KHTML, like Gecko) Version/17.6 Safari/605.1.15",60,,,,,,,,,,,,,,,,,,,,,,,,,,,,,,,,,,,,,,,,,,,,,,,,,,,,,,,,,,,,,,,,,,,,,,,,,,,,,,,,,,,,,,,,,,,,,,,,,,,,,,,,,,,,,,,,,,,,,,,,,,,,,,,,,,,,,,,,,,,,,,,,,13,0,13,0,1,,,,,,,,,,,,,,,,,,
,,,,,,,,,,,,,,,,,107,4,2024-09-05_15h33.34.906,Symbol-E,2020.1.3,MacIntel,Safari,"Mozilla/5.0 (Macintosh; Intel Mac OS X 10_15_7) AppleWebKit/605.1.15 (KHTML, like Gecko) Version/17.6 Safari/605.1.15",60,,,,,,,,,,,,,,,,,,,,,,,,,,,,,,,,,,,,media/ddnb.png,4,0,Symb,h,TR,0,0,1,0,8,0,14,0,1,6,0.29791034,w,1.402,1,0,,,,,,,,,,,,,,,,,,,,,,,,,,,,,,,,,,,,,,,,,,,,,,,,,,,,,,,,,,,,,,,,,,,,,,,,,,,,,,,,,,w,0,,,,,,,,,,,1.402,0,0,0,0,1,,,,,,,,,,,,
,,,,,,,,,,,,,,,,,107,4,2024-09-05_15h33.34.906,Symbol-E,2020.1.3,MacIntel,Safari,"Mozilla/5.0 (Macintosh; Intel Mac OS X 10_15_7) AppleWebKit/605.1.15 (KHTML, like Gecko) Version/17.6 Safari/605.1.15",60,,,,,,,,,,,,,,,,,,,,,,,,,,,,,,,,,,,,,,,,,,,,,,,,,,,,,,,,,,,,,,,,,,,,,,,,,,,,,,,,,,,,,,,,,,,,,,,,,,,,,,,,,,,,,,,,,,,,,,,,,,,,,,,,,,,,,,,,,,,,,,,,,14,0,14,0,1,,,,,,,,,,,,,,,,,,
,,,,,,,,,,,,,,,,,107,4,2024-09-05_15h33.34.906,Symbol-E,2020.1.3,MacIntel,Safari,"Mozilla/5.0 (Macintosh; Intel Mac OS X 10_15_7) AppleWebKit/605.1.15 (KHTML, like Gecko) Version/17.6 Safari/605.1.15",60,,,,,,,,,,,,,,,,,,,,,,,,,,,,,,,,,,,,media/ddnb.png,4,0,Symb,h,TR,0,0,1,0,8,0,15,0,1,6,0.929514896,h,1.327,4,1,,,,,,,,,,,,,,,,,,,,,,,,,,,,,,,,,,,,,,,,,,,,,,,,,,,,,,,,,,,,,,,,,,,,,,,,,,,,,,,,,,h,1,,,,,,,,,,,1.327,0,0,0,0,1,,,,,,,,,,,,
,,,,,,,,,,,,,,,,,107,4,2024-09-05_15h33.34.906,Symbol-E,2020.1.3,MacIntel,Safari,"Mozilla/5.0 (Macintosh; Intel Mac OS X 10_15_7) AppleWebKit/605.1.15 (KHTML, like Gecko) Version/17.6 Safari/605.1.15",60,,,,,,,,,,,,,,,,,,,,,,,,,,,,,,,,,,,,,,,,,,,,,,,,,,,,,,,,,,,,,,,,,,,,,,,,,,,,,,,,,,,,,,,,,,,,,,,,,,,,,,,,,,,,,,,,,,,,,,,,,,,,,,,,,,,,,,,,,,,,,,,,,15,0,15,0,1,,,,,,,,,,,,,,,,,,
,,,,,,,,,,,,,,,,,107,4,2024-09-05_15h33.34.906,Symbol-E,2020.1.3,MacIntel,Safari,"Mozilla/5.0 (Macintosh; Intel Mac OS X 10_15_7) AppleWebKit/605.1.15 (KHTML, like Gecko) Version/17.6 Safari/605.1.15",60,,,,,,,,,,,,,,,,,,,,,,,,,,,,,,,,,,,,media/dnnb.png,6,2,Symb,i,TR,0,0,1,0,8,0,16,0,1,6,0.6408317,i,1.288,6,1,,,,,,,,,,,,,,,,,,,,,,,,,,,,,,,,,,,,,,,,,,,,,,,,,,,,,,,,,,,,,,,,,,,,,,,,,,,,,,,,,,i,1,,,,,,,,,,,1.288,0,0,0,0,1,,,,,,,,,,,,
,,,,,,,,,,,,,,,,,107,4,2024-09-05_15h33.34.906,Symbol-E,2020.1.3,MacIntel,Safari,"Mozilla/5.0 (Macintosh; Intel Mac OS X 10_15_7) AppleWebKit/605.1.15 (KHTML, like Gecko) Version/17.6 Safari/605.1.15",60,,,,,,,,,,,,,,,,,,,,,,,,,,,,,,,,,,,,,,,,,,,,,,,,,,,,,,,,,,,,,,,,,,,,,,,,,,,,,,,,,,,,,,,,,,,,,,,,,,,,,,,,,,,,,,,,,,,,,,,,,,,,,,,,,,,,,,,,,,,,,,,,,16,0,16,0,1,,,,,,,,,,,,,,,,,,
,,,,,,,,,,,,,,,,,107,4,2024-09-05_15h33.34.906,Symbol-E,2020.1.3,MacIntel,Safari,"Mozilla/5.0 (Macintosh; Intel Mac OS X 10_15_7) AppleWebKit/605.1.15 (KHTML, like Gecko) Version/17.6 Safari/605.1.15",60,,,,,,,,,,,,,,,,,,,,,,,,,,,,,,,,,,,,media/dgnb.png,5,1,Symb,u,TR,0,0,1,0,8,0,17,0,1,6,1.090865282,u,1.319,5,1,,,,,,,,,,,,,,,,,,,,,,,,,,,,,,,,,,,,,,,,,,,,,,,,,,,,,,,,,,,,,,,,,,,,,,,,,,,,,,,,,,u,1,,,,,,,,,,,1.319,0,0,0,0,1,,,,,,,,,,,,
,,,,,,,,,,,,,,,,,107,4,2024-09-05_15h33.34.906,Symbol-E,2020.1.3,MacIntel,Safari,"Mozilla/5.0 (Macintosh; Intel Mac OS X 10_15_7) AppleWebKit/605.1.15 (KHTML, like Gecko) Version/17.6 Safari/605.1.15",60,,,,,,,,,,,,,,,,,,,,,,,,,,,,,,,,,,,,,,,,,,,,,,,,,,,,,,,,,,,,,,,,,,,,,,,,,,,,,,,,,,,,,,,,,,,,,,,,,,,,,,,,,,,,,,,,,,,,,,,,,,,,,,,,,,,,,,,,,,,,,,,,,17,0,17,0,1,,,,,,,,,,,,,,,,,,
,,,,,,,,,,,,,,,,,107,4,2024-09-05_15h33.34.906,Symbol-E,2020.1.3,MacIntel,Safari,"Mozilla/5.0 (Macintosh; Intel Mac OS X 10_15_7) AppleWebKit/605.1.15 (KHTML, like Gecko) Version/17.6 Safari/605.1.15",60,,,,,,,,,,,,,,,,,,,,,,,,,,,,,,,,,,,,media/dcnb.png,0,0,Symb,a,TR,0,0,1,0,8,0,18,0,1,6,0.879740109,a,1.171,0,1,,,,,,,,,,,,,,,,,,,,,,,,,,,,,,,,,,,,,,,,,,,,,,,,,,,,,,,,,,,,,,,,,,,,,,,,,,,,,,,,,,a,1,,,,,,,,,,,1.171,0,0,0,0,1,,,,,,,,,,,,
,,,,,,,,,,,,,,,,,107,4,2024-09-05_15h33.34.906,Symbol-E,2020.1.3,MacIntel,Safari,"Mozilla/5.0 (Macintosh; Intel Mac OS X 10_15_7) AppleWebKit/605.1.15 (KHTML, like Gecko) Version/17.6 Safari/605.1.15",60,,,,,,,,,,,,,,,,,,,,,,,,,,,,,,,,,,,,,,,,,,,,,,,,,,,,,,,,,,,,,,,,,,,,,,,,,,,,,,,,,,,,,,,,,,,,,,,,,,,,,,,,,,,,,,,,,,,,,,,,,,,,,,,,,,,,,,,,,,,,,,,,,18,0,18,0,1,,,,,,,,,,,,,,,,,,
,,,,,,,,,,,,,,,,,107,4,2024-09-05_15h33.34.906,Symbol-E,2020.1.3,MacIntel,Safari,"Mozilla/5.0 (Macintosh; Intel Mac OS X 10_15_7) AppleWebKit/605.1.15 (KHTML, like Gecko) Version/17.6 Safari/605.1.15",60,,,,,,,,,,,,,,,,,,,,,,,,,,,,,,,,,,,,media/dmnb.png,2,2,Symb,e,TR,0,0,1,0,8,0,19,0,1,6,1.105032937,e,1.416,2,1,,,,,,,,,,,,,,,,,,,,,,,,,,,,,,,,,,,,,,,,,,,,,,,,,,,,,,,,,,,,,,,,,,,,,,,,,,,,,,,,,,e,1,,,,,,,,,,,1.416,0,0,0,0,1,,,,,,,,,,,,
,,,,,,,,,,,,,,,,,107,4,2024-09-05_15h33.34.906,Symbol-E,2020.1.3,MacIntel,Safari,"Mozilla/5.0 (Macintosh; Intel Mac OS X 10_15_7) AppleWebKit/605.1.15 (KHTML, like Gecko) Version/17.6 Safari/605.1.15",60,,,,,,,,,,,,,,,,,,,,,,,,,,,,,,,,,,,,,,,,,,,,,,,,,,,,,,,,,,,,,,,,,,,,,,,,,,,,,,,,,,,,,,,,,,,,,,,,,,,,,,,,,,,,,,,,,,,,,,,,,,,,,,,,,,,,,,,,,,,,,,,,,19,0,19,0,1,,,,,,,,,,,,,,,,,,
,,,,,,,,,,,,,,,,,107,4,2024-09-05_15h33.34.906,Symbol-E,2020.1.3,MacIntel,Safari,"Mozilla/5.0 (Macintosh; Intel Mac OS X 10_15_7) AppleWebKit/605.1.15 (KHTML, like Gecko) Version/17.6 Safari/605.1.15",60,,,,,,,,,,,,,,,,,,,,,,,,,,,,,,,,,,,,media/dmnb.png,2,2,Symb,e,TR,0,0,1,0,8,0,20,0,1,6,0.924835578,e,1.408,2,1,,,,,,,,,,,,,,,,,,,,,,,,,,,,,,,,,,,,,,,,,,,,,,,,,,,,,,,,,,,,,,,,,,,,,,,,,,,,,,,,,,e,1,,,,,,,,,,,1.408,0,0,0,0,1,,,,,,,,,,,,
,,,,,,,,,,,,,,,,,107,4,2024-09-05_15h33.34.906,Symbol-E,2020.1.3,MacIntel,Safari,"Mozilla/5.0 (Macintosh; Intel Mac OS X 10_15_7) AppleWebKit/605.1.15 (KHTML, like Gecko) Version/17.6 Safari/605.1.15",60,,,,,,,,,,,,,,,,,,,,,,,,,,,,,,,,,,,,,,,,,,,,,,,,,,,,,,,,,,,,,,,,,,,,,,,,,,,,,,,,,,,,,,,,,,,,,,,,,,,,,,,,,,,,,,,,,,,,,,,,,,,,,,,,,,,,,,,,,,,,,,,,,20,0,20,0,1,,,,,,,,,,,,,,,,,,
,,,,,,,,,,,,,,,,,107,4,2024-09-05_15h33.34.906,Symbol-E,2020.1.3,MacIntel,Safari,"Mozilla/5.0 (Macintosh; Intel Mac OS X 10_15_7) AppleWebKit/605.1.15 (KHTML, like Gecko) Version/17.6 Safari/605.1.15",60,,,,,,,,,,,,,,,,,,,,,,,,,,,,,,,,,,,,media/dinb.png,3,3,Symb,f,TR,0,0,1,0,8,0,21,0,1,6,0.776733872,f,1.356,3,1,,,,,,,,,,,,,,,,,,,,,,,,,,,,,,,,,,,,,,,,,,,,,,,,,,,,,,,,,,,,,,,,,,,,,,,,,,,,,,,,,,f,1,,,,,,,,,,,1.356,0,0,0,0,1,,,,,,,,,,,,
,,,,,,,,,,,,,,,,,107,4,2024-09-05_15h33.34.906,Symbol-E,2020.1.3,MacIntel,Safari,"Mozilla/5.0 (Macintosh; Intel Mac OS X 10_15_7) AppleWebKit/605.1.15 (KHTML, like Gecko) Version/17.6 Safari/605.1.15",60,,,,,,,,,,,,,,,,,,,,,,,,,,,,,,,,,,,,,,,,,,,,,,,,,,,,,,,,,,,,,,,,,,,,,,,,,,,,,,,,,,,,,,,,,,,,,,,,,,,,,,,,,,,,,,,,,,,,,,,,,,,,,,,,,,,,,,,,,,,,,,,,,21,0,21,0,1,,,,,,,,,,,,,,,,,,
,,,,,,,,,,,,,,,,,107,4,2024-09-05_15h33.34.906,Symbol-E,2020.1.3,MacIntel,Safari,"Mozilla/5.0 (Macintosh; Intel Mac OS X 10_15_7) AppleWebKit/605.1.15 (KHTML, like Gecko) Version/17.6 Safari/605.1.15",60,,,,,,,,,,,,,,,,,,,,,,,,,,,,,,,,,,,,media/djnb.png,7,3,Symb,l,TR,0,0,1,0,8,0,22,0,1,6,0.817837704,l,1.309,7,1,,,,,,,,,,,,,,,,,,,,,,,,,,,,,,,,,,,,,,,,,,,,,,,,,,,,,,,,,,,,,,,,,,,,,,,,,,,,,,,,,,l,1,,,,,,,,,,,1.309,0,0,0,0,1,,,,,,,,,,,,
,,,,,,,,,,,,,,,,,107,4,2024-09-05_15h33.34.906,Symbol-E,2020.1.3,MacIntel,Safari,"Mozilla/5.0 (Macintosh; Intel Mac OS X 10_15_7) AppleWebKit/605.1.15 (KHTML, like Gecko) Version/17.6 Safari/605.1.15",60,,,,,,,,,,,,,,,,,,,,,,,,,,,,,,,,,,,,,,,,,,,,,,,,,,,,,,,,,,,,,,,,,,,,,,,,,,,,,,,,,,,,,,,,,,,,,,,,,,,,,,,,,,,,,,,,,,,,,,,,,,,,,,,,,,,,,,,,,,,,,,,,,22,0,22,0,1,,,,,,,,,,,,,,,,,,
,,,,,,,,,,,,,,,,,107,4,2024-09-05_15h33.34.906,Symbol-E,2020.1.3,MacIntel,Safari,"Mozilla/5.0 (Macintosh; Intel Mac OS X 10_15_7) AppleWebKit/605.1.15 (KHTML, like Gecko) Version/17.6 Safari/605.1.15",60,,,,,,,,,,,,,,,,,,,,,,,,,,,,,,,,,,,,media/dnnb.png,6,2,Symb,i,TR,0,0,1,0,8,0,23,0,1,6,0.382008779,u,1.201,5,0,,,,,,,,,,,,,,,,,,,,,,,,,,,,,,,,,,,,,,,,,,,,,,,,,,,,,,,,,,,,,,,,,,,,,,,,,,,,,,,,,,u,0,,,,,,,,,,,1.201,0,0,0,0,1,,,,,,,,,,,,
,,,,,,,,,,,,,,,,,107,4,2024-09-05_15h33.34.906,Symbol-E,2020.1.3,MacIntel,Safari,"Mozilla/5.0 (Macintosh; Intel Mac OS X 10_15_7) AppleWebKit/605.1.15 (KHTML, like Gecko) Version/17.6 Safari/605.1.15",60,,,,,,,,,,,,,,,,,,,,,,,,,,,,,,,,,,,,,,,,,,,,,,,,,,,,,,,,,,,,,,,,,,,,,,,,,,,,,,,,,,,,,,,,,,,,,,,,,,,,,,,,,,,,,,,,,,,,,,,,,,,,,,,,,,,,,,,,,,,,,,,,,23,0,23,0,1,,,,,,,,,,,,,,,,,,
,,,,,,,,,,,,,,,,,107,4,2024-09-05_15h33.34.906,Symbol-E,2020.1.3,MacIntel,Safari,"Mozilla/5.0 (Macintosh; Intel Mac OS X 10_15_7) AppleWebKit/605.1.15 (KHTML, like Gecko) Version/17.6 Safari/605.1.15",60,,,,,,,,,,,,,,,,,,,,,,,,,,,,,,,,,,,,media/djnb.png,7,3,Symb,l,TR,0,0,1,0,8,0,24,0,1,6,0.916438003,l,1.389,7,1,,,,,,,,,,,,,,,,,,,,,,,,,,,,,,,,,,,,,,,,,,,,,,,,,,,,,,,,,,,,,,,,,,,,,,,,,,,,,,,,,,l,1,,,,,,,,,,,1.389,0,0,0,0,1,,,,,,,,,,,,
,,,,,,,,,,,,,,,,,107,4,2024-09-05_15h33.34.906,Symbol-E,2020.1.3,MacIntel,Safari,"Mozilla/5.0 (Macintosh; Intel Mac OS X 10_15_7) AppleWebKit/605.1.15 (KHTML, like Gecko) Version/17.6 Safari/605.1.15",60,,,,,,,,,,,,,,,,,,,,,,,,,,,,,,,,,,,,,,,,,,,,,,,,,,,,,,,,,,,,,,,,,,,,,,,,,,,,,,,,,,,,,,,,,,,,,,,,,,,,,,,,,,,,,,,,,,,,,,,,,,,,,,,,,,,,,,,,,,,,,,,,,24,0,24,0,1,,,,,,,,,,,,,,,,,,
,,,,,,,,,,,,,,,,,107,4,2024-09-05_15h33.34.906,Symbol-E,2020.1.3,MacIntel,Safari,"Mozilla/5.0 (Macintosh; Intel Mac OS X 10_15_7) AppleWebKit/605.1.15 (KHTML, like Gecko) Version/17.6 Safari/605.1.15",60,,,,,,,,,,,,,,,,,,,,,,,,,,,,,,,,,,,,media/dinb.png,3,3,Symb,f,TR,0,0,1,0,8,0,25,0,1,6,0.175958426,w,1.452,1,0,,,,,,,,,,,,,,,,,,,,,,,,,,,,,,,,,,,,,,,,,,,,,,,,,,,,,,,,,,,,,,,,,,,,,,,,,,,,,,,,,,w,0,,,,,,,,,,,1.452,0,0,0,0,1,,,,,,,,,,,,
,,,,,,,,,,,,,,,,,107,4,2024-09-05_15h33.34.906,Symbol-E,2020.1.3,MacIntel,Safari,"Mozilla/5.0 (Macintosh; Intel Mac OS X 10_15_7) AppleWebKit/605.1.15 (KHTML, like Gecko) Version/17.6 Safari/605.1.15",60,,,,,,,,,,,,,,,,,,,,,,,,,,,,,,,,,,,,,,,,,,,,,,,,,,,,,,,,,,,,,,,,,,,,,,,,,,,,,,,,,,,,,,,,,,,,,,,,,,,,,,,,,,,,,,,,,,,,,,,,,,,,,,,,,,,,,,,,,,,,,,,,,25,0,25,0,1,,,,,,,,,,,,,,,,,,
,,,,,,,,,,,,,,,,,107,4,2024-09-05_15h33.34.906,Symbol-E,2020.1.3,MacIntel,Safari,"Mozilla/5.0 (Macintosh; Intel Mac OS X 10_15_7) AppleWebKit/605.1.15 (KHTML, like Gecko) Version/17.6 Safari/605.1.15",60,,,,,,,,,,,,,,,,,,,,,,,,,,,,,,,,,,,,media/ddnb.png,4,0,Symb,h,TR,0,0,1,0,8,0,26,0,1,6,0.529613917,h,1.344,4,1,,,,,,,,,,,,,,,,,,,,,,,,,,,,,,,,,,,,,,,,,,,,,,,,,,,,,,,,,,,,,,,,,,,,,,,,,,,,,,,,,,h,1,,,,,,,,,,,1.344,0,0,0,0,1,,,,,,,,,,,,
,,,,,,,,,,,,,,,,,107,4,2024-09-05_15h33.34.906,Symbol-E,2020.1.3,MacIntel,Safari,"Mozilla/5.0 (Macintosh; Intel Mac OS X 10_15_7) AppleWebKit/605.1.15 (KHTML, like Gecko) Version/17.6 Safari/605.1.15",60,,,,,,,,,,,,,,,,,,,,,,,,,,,,,,,,,,,,,,,,,,,,,,,,,,,,,,,,,,,,,,,,,,,,,,,,,,,,,,,,,,,,,,,,,,,,,,,,,,,,,,,,,,,,,,,,,,,,,,,,,,,,,,,,,,,,,,,,,,,,,,,,,26,0,26,0,1,,,,,,,,,,,,,,,,,,
,,,,,,,,,,,,,,,,,107,4,2024-09-05_15h33.34.906,Symbol-E,2020.1.3,MacIntel,Safari,"Mozilla/5.0 (Macintosh; Intel Mac OS X 10_15_7) AppleWebKit/605.1.15 (KHTML, like Gecko) Version/17.6 Safari/605.1.15",60,,,,,,,,,,,,,,,,,,,,,,,,,,,,,,,,,,,,media/dfnb.png,1,1,Symb,w,TR,0,0,1,0,8,0,27,0,1,6,1.187202168,w,1.353,1,1,,,,,,,,,,,,,,,,,,,,,,,,,,,,,,,,,,,,,,,,,,,,,,,,,,,,,,,,,,,,,,,,,,,,,,,,,,,,,,,,,,w,1,,,,,,,,,,,1.353,0,0,0,0,1,,,,,,,,,,,,
,,,,,,,,,,,,,,,,,107,4,2024-09-05_15h33.34.906,Symbol-E,2020.1.3,MacIntel,Safari,"Mozilla/5.0 (Macintosh; Intel Mac OS X 10_15_7) AppleWebKit/605.1.15 (KHTML, like Gecko) Version/17.6 Safari/605.1.15",60,,,,,,,,,,,,,,,,,,,,,,,,,,,,,,,,,,,,,,,,,,,,,,,,,,,,,,,,,,,,,,,,,,,,,,,,,,,,,,,,,,,,,,,,,,,,,,,,,,,,,,,,,,,,,,,,,,,,,,,,,,,,,,,,,,,,,,,,,,,,,,,,,27,0,27,0,1,,,,,,,,,,,,,,,,,,
,,,,,,,,,,,,,,,,,107,4,2024-09-05_15h33.34.906,Symbol-E,2020.1.3,MacIntel,Safari,"Mozilla/5.0 (Macintosh; Intel Mac OS X 10_15_7) AppleWebKit/605.1.15 (KHTML, like Gecko) Version/17.6 Safari/605.1.15",60,,,,,,,,,,,,,,,,,,,,,,,,,,,,,,,,,,,,media/ddnb.png,4,0,Symb,h,TR,0,0,1,0,8,0,28,0,1,6,0.728286578,h,1.351,4,1,,,,,,,,,,,,,,,,,,,,,,,,,,,,,,,,,,,,,,,,,,,,,,,,,,,,,,,,,,,,,,,,,,,,,,,,,,,,,,,,,,h,1,,,,,,,,,,,1.351,0,0,0,0,1,,,,,,,,,,,,
,,,,,,,,,,,,,,,,,107,4,2024-09-05_15h33.34.906,Symbol-E,2020.1.3,MacIntel,Safari,"Mozilla/5.0 (Macintosh; Intel Mac OS X 10_15_7) AppleWebKit/605.1.15 (KHTML, like Gecko) Version/17.6 Safari/605.1.15",60,,,,,,,,,,,,,,,,,,,,,,,,,,,,,,,,,,,,,,,,,,,,,,,,,,,,,,,,,,,,,,,,,,,,,,,,,,,,,,,,,,,,,,,,,,,,,,,,,,,,,,,,,,,,,,,,,,,,,,,,,,,,,,,,,,,,,,,,,,,,,,,,,28,0,28,0,1,,,,,,,,,,,,,,,,,,
,,,,,,,,,,,,,,,,,107,4,2024-09-05_15h33.34.906,Symbol-E,2020.1.3,MacIntel,Safari,"Mozilla/5.0 (Macintosh; Intel Mac OS X 10_15_7) AppleWebKit/605.1.15 (KHTML, like Gecko) Version/17.6 Safari/605.1.15",60,,,,,,,,,,,,,,,,,,,,,,,,,,,,,,,,,,,,media/dgnb.png,5,1,Symb,u,TR,0,0,1,0,8,0,29,0,1,6,0.916007613,u,1.327,5,1,,,,,,,,,,,,,,,,,,,,,,,,,,,,,,,,,,,,,,,,,,,,,,,,,,,,,,,,,,,,,,,,,,,,,,,,,,,,,,,,,,u,1,,,,,,,,,,,1.327,0,0,0,0,1,,,,,,,,,,,,
,,,,,,,,,,,,,,,,,107,4,2024-09-05_15h33.34.906,Symbol-E,2020.1.3,MacIntel,Safari,"Mozilla/5.0 (Macintosh; Intel Mac OS X 10_15_7) AppleWebKit/605.1.15 (KHTML, like Gecko) Version/17.6 Safari/605.1.15",60,,,,,,,,,,,,,,,,,,,,,,,,,,,,,,,,,,,,,,,,,,,,,,,,,,,,,,,,,,,,,,,,,,,,,,,,,,,,,,,,,,,,,,,,,,,,,,,,,,,,,,,,,,,,,,,,,,,,,,,,,,,,,,,,,,,,,,,,,,,,,,,,,29,0,29,0,1,,,,,,,,,,,,,,,,,,
,,,,,,,,,,,,,,,,,107,4,2024-09-05_15h33.34.906,Symbol-E,2020.1.3,MacIntel,Safari,"Mozilla/5.0 (Macintosh; Intel Mac OS X 10_15_7) AppleWebKit/605.1.15 (KHTML, like Gecko) Version/17.6 Safari/605.1.15",60,,,,,,,,,,,,,,,,,,,,,,,,,,,,,,,,,,,,media/dcnb.png,0,0,Symb,a,TR,0,0,1,0,8,0,30,0,1,6,0.016922824,w,1.287,1,0,,,,,,,,,,,,,,,,,,,,,,,,,,,,,,,,,,,,,,,,,,,,,,,,,,,,,,,,,,,,,,,,,,,,,,,,,,,,,,,,,,w,0,,,,,,,,,,,1.287,0,0,0,0,1,,,,,,,,,,,,
,,,,,,,,,,,,,,,,,107,4,2024-09-05_15h33.34.906,Symbol-E,2020.1.3,MacIntel,Safari,"Mozilla/5.0 (Macintosh; Intel Mac OS X 10_15_7) AppleWebKit/605.1.15 (KHTML, like Gecko) Version/17.6 Safari/605.1.15",60,,,,,,,,,,,,,,,,,,,,,,,,,,,,,,,,,,,,,,,,,,,,,,,,,,,,,,,,,,,,,,,,,,,,,,,,,,,,,,,,,,,,,,,,,,,,,,,,,,,,,,,,,,,,,,,,,,,,,,,,,,,,,,,,,,,,,,,,,,,,,,,,,30,0,30,0,1,,,,,,,,,,,,,,,,,,
,,,,,,,,,,,,,,,,,107,4,2024-09-05_15h33.34.906,Symbol-E,2020.1.3,MacIntel,Safari,"Mozilla/5.0 (Macintosh; Intel Mac OS X 10_15_7) AppleWebKit/605.1.15 (KHTML, like Gecko) Version/17.6 Safari/605.1.15",60,,,,,,,,,,,,,,,,,,,,,,,,,,,,,,,,,,,,media/dfnb.png,1,1,Symb,w,TR,0,0,1,0,8,0,31,0,1,6,0.104615836,i,1.392,6,0,,,,,,,,,,,,,,,,,,,,,,,,,,,,,,,,,,,,,,,,,,,,,,,,,,,,,,,,,,,,,,,,,,,,,,,,,,,,,,,,,,i,0,,,,,,,,,,,1.392,0,0,0,0,1,,,,,,,,,,,,
,,,,,,,,,,,,,,,,,107,4,2024-09-05_15h33.34.906,Symbol-E,2020.1.3,MacIntel,Safari,"Mozilla/5.0 (Macintosh; Intel Mac OS X 10_15_7) AppleWebKit/605.1.15 (KHTML, like Gecko) Version/17.6 Safari/605.1.15",60,,,,,,,,,,,,,,,,,,,,,,,,,,,,,,,,,,,,,,,,,,,,,,,,,,,,,,,,,,,,,,,,,,,,,,,,,,,,,,,,,,,,,,,,,,,,,,,,,,,,,,,,,,,,,,,,,,,,,,,,,,,,,,,,,,,,,,,,,,,,,,,,,31,0,31,0,1,,,,,,,,,,,,,,,,,,
,,,,,,,,,,,,,,,,,107,4,2024-09-05_15h33.34.906,Symbol-E,2020.1.3,MacIntel,Safari,"Mozilla/5.0 (Macintosh; Intel Mac OS X 10_15_7) AppleWebKit/605.1.15 (KHTML, like Gecko) Version/17.6 Safari/605.1.15",60,,,,,,,,,,,,,,,,,,,,,,,,,,,,,,,,,,,,media/ddnb.png,4,0,Symb,h,TR,0,0,1,0,8,0,32,0,1,6,0.019502895,f,1.371,3,0,,,,,,,,,,,,,,,,,,,,,,,,,,,,,,,,,,,,,,,,,,,,,,,,,,,,,,,,,,,,,,,,,,,,,,,,,,,,,,,,,,f,0,,,,,,,,,,,1.371,0,0,0,0,1,,,,,,,,,,,,
,,,,,,,,,,,,,,,,,107,4,2024-09-05_15h33.34.906,Symbol-E,2020.1.3,MacIntel,Safari,"Mozilla/5.0 (Macintosh; Intel Mac OS X 10_15_7) AppleWebKit/605.1.15 (KHTML, like Gecko) Version/17.6 Safari/605.1.15",60,,,,,,,,,,,,,,,,,,,,,,,,,,,,,,,,,,,,,,,,,,,,,,,,,,,,,,,,,,,,,,,,,,,,,,,,,,,,,,,,,,,,,,,,,,,,,,,,,,,,,,,,,,,,,,,,,,,,,,,,,,,,,,,,,,,,,,,,,,,,,,,,,32,0,32,0,1,,,,,,,,,,,,,,,,,,
,,,,,,,,,,,,,,,,,107,4,2024-09-05_15h33.34.906,Symbol-E,2020.1.3,MacIntel,Safari,"Mozilla/5.0 (Macintosh; Intel Mac OS X 10_15_7) AppleWebKit/605.1.15 (KHTML, like Gecko) Version/17.6 Safari/605.1.15",60,,,,,,,,,,,,,,,,,,,,,,,,,,,,,,,,,,,,media/dinb.png,3,3,Symb,f,TR,0,0,1,0,8,0,33,0,1,6,0.289406966,e,1.327,2,0,,,,,,,,,,,,,,,,,,,,,,,,,,,,,,,,,,,,,,,,,,,,,,,,,,,,,,,,,,,,,,,,,,,,,,,,,,,,,,,,,,e,0,,,,,,,,,,,1.327,0,0,0,0,1,,,,,,,,,,,,
,,,,,,,,,,,,,,,,,107,4,2024-09-05_15h33.34.906,Symbol-E,2020.1.3,MacIntel,Safari,"Mozilla/5.0 (Macintosh; Intel Mac OS X 10_15_7) AppleWebKit/605.1.15 (KHTML, like Gecko) Version/17.6 Safari/605.1.15",60,,,,,,,,,,,,,,,,,,,,,,,,,,,,,,,,,,,,,,,,,,,,,,,,,,,,,,,,,,,,,,,,,,,,,,,,,,,,,,,,,,,,,,,,,,,,,,,,,,,,,,,,,,,,,,,,,,,,,,,,,,,,,,,,,,,,,,,,,,,,,,,,,33,0,33,0,1,,,,,,,,,,,,,,,,,,
,,,,,,,,,,,,,,,,,107,4,2024-09-05_15h33.34.906,Symbol-E,2020.1.3,MacIntel,Safari,"Mozilla/5.0 (Macintosh; Intel Mac OS X 10_15_7) AppleWebKit/605.1.15 (KHTML, like Gecko) Version/17.6 Safari/605.1.15",60,,,,,,,,,,,,,,,,,,,,,,,,,,,,,,,,,,,,media/dmnb.png,2,2,Symb,e,TR,0,0,1,0,8,0,34,0,1,6,0.736942633,e,1.359,2,1,,,,,,,,,,,,,,,,,,,,,,,,,,,,,,,,,,,,,,,,,,,,,,,,,,,,,,,,,,,,,,,,,,,,,,,,,,,,,,,,,,e,1,,,,,,,,,,,1.359,0,0,0,0,1,,,,,,,,,,,,
,,,,,,,,,,,,,,,,,107,4,2024-09-05_15h33.34.906,Symbol-E,2020.1.3,MacIntel,Safari,"Mozilla/5.0 (Macintosh; Intel Mac OS X 10_15_7) AppleWebKit/605.1.15 (KHTML, like Gecko) Version/17.6 Safari/605.1.15",60,,,,,,,,,,,,,,,,,,,,,,,,,,,,,,,,,,,,,,,,,,,,,,,,,,,,,,,,,,,,,,,,,,,,,,,,,,,,,,,,,,,,,,,,,,,,,,,,,,,,,,,,,,,,,,,,,,,,,,,,,,,,,,,,,,,,,,,,,,,,,,,,,34,0,34,0,1,,,,,,,,,,,,,,,,,,
,,,,,,,,,,,,,,,,,107,4,2024-09-05_15h33.34.906,Symbol-E,2020.1.3,MacIntel,Safari,"Mozilla/5.0 (Macintosh; Intel Mac OS X 10_15_7) AppleWebKit/605.1.15 (KHTML, like Gecko) Version/17.6 Safari/605.1.15",60,,,,,,,,,,,,,,,,,,,,,,,,,,,,,,,,,,,,media/dmnb.png,2,2,Symb,e,TR,0,0,1,0,8,0,35,0,1,6,0.486569374,e,1.254,2,1,,,,,,,,,,,,,,,,,,,,,,,,,,,,,,,,,,,,,,,,,,,,,,,,,,,,,,,,,,,,,,,,,,,,,,,,,,,,,,,,,,e,1,,,,,,,,,,,1.254,0,0,0,0,1,,,,,,,,,,,,
,,,,,,,,,,,,,,,,,107,4,2024-09-05_15h33.34.906,Symbol-E,2020.1.3,MacIntel,Safari,"Mozilla/5.0 (Macintosh; Intel Mac OS X 10_15_7) AppleWebKit/605.1.15 (KHTML, like Gecko) Version/17.6 Safari/605.1.15",60,,,,,,,,,,,,,,,,,,,,,,,,,,,,,,,,,,,,,,,,,,,,,,,,,,,,,,,,,,,,,,,,,,,,,,,,,,,,,,,,,,,,,,,,,,,,,,,,,,,,,,,,,,,,,,,,,,,,,,,,,,,,,,,,,,,,,,,,,,,,,,,,,35,0,35,0,1,,,,,,,,,,,,,,,,,,
,,,,,,,,,,,,,,,,,107,4,2024-09-05_15h33.34.906,Symbol-E,2020.1.3,MacIntel,Safari,"Mozilla/5.0 (Macintosh; Intel Mac OS X 10_15_7) AppleWebKit/605.1.15 (KHTML, like Gecko) Version/17.6 Safari/605.1.15",60,,,,,,,,,,,,,,,,,,,,,,,,,,,,,,,,,,,,media/djnb.png,7,3,Symb,l,TR,0,0,1,0,8,0,36,0,1,6,0.343515628,a,1.238,0,0,,,,,,,,,,,,,,,,,,,,,,,,,,,,,,,,,,,,,,,,,,,,,,,,,,,,,,,,,,,,,,,,,,,,,,,,,,,,,,,,,,a,0,,,,,,,,,,,1.238,0,0,0,0,1,,,,,,,,,,,,
,,,,,,,,,,,,,,,,,107,4,2024-09-05_15h33.34.906,Symbol-E,2020.1.3,MacIntel,Safari,"Mozilla/5.0 (Macintosh; Intel Mac OS X 10_15_7) AppleWebKit/605.1.15 (KHTML, like Gecko) Version/17.6 Safari/605.1.15",60,,,,,,,,,,,,,,,,,,,,,,,,,,,,,,,,,,,,,,,,,,,,,,,,,,,,,,,,,,,,,,,,,,,,,,,,,,,,,,,,,,,,,,,,,,,,,,,,,,,,,,,,,,,,,,,,,,,,,,,,,,,,,,,,,,,,,,,,,,,,,,,,,36,0,36,0,1,,,,,,,,,,,,,,,,,,
,,,,,,,,,,,,,,,,,107,4,2024-09-05_15h33.34.906,Symbol-E,2020.1.3,MacIntel,Safari,"Mozilla/5.0 (Macintosh; Intel Mac OS X 10_15_7) AppleWebKit/605.1.15 (KHTML, like Gecko) Version/17.6 Safari/605.1.15",60,,,,,,,,,,,,,,,,,,,,,,,,,,,,,,,,,,,,media/dcnb.png,0,0,Symb,a,TR,0,0,1,0,8,0,37,0,1,6,0.960355224,a,1.405,0,1,,,,,,,,,,,,,,,,,,,,,,,,,,,,,,,,,,,,,,,,,,,,,,,,,,,,,,,,,,,,,,,,,,,,,,,,,,,,,,,,,,a,1,,,,,,,,,,,1.405,0,0,0,0,1,,,,,,,,,,,,
,,,,,,,,,,,,,,,,,107,4,2024-09-05_15h33.34.906,Symbol-E,2020.1.3,MacIntel,Safari,"Mozilla/5.0 (Macintosh; Intel Mac OS X 10_15_7) AppleWebKit/605.1.15 (KHTML, like Gecko) Version/17.6 Safari/605.1.15",60,,,,,,,,,,,,,,,,,,,,,,,,,,,,,,,,,,,,,,,,,,,,,,,,,,,,,,,,,,,,,,,,,,,,,,,,,,,,,,,,,,,,,,,,,,,,,,,,,,,,,,,,,,,,,,,,,,,,,,,,,,,,,,,,,,,,,,,,,,,,,,,,,37,0,37,0,1,,,,,,,,,,,,,,,,,,
,,,,,,,,,,,,,,,,,107,4,2024-09-05_15h33.34.906,Symbol-E,2020.1.3,MacIntel,Safari,"Mozilla/5.0 (Macintosh; Intel Mac OS X 10_15_7) AppleWebKit/605.1.15 (KHTML, like Gecko) Version/17.6 Safari/605.1.15",60,,,,,,,,,,,,,,,,,,,,,,,,,,,,,,,,,,,,media/dfnb.png,1,1,Symb,w,TR,0,0,1,0,8,0,38,0,1,6,0.348324943,w,1.454,1,1,,,,,,,,,,,,,,,,,,,,,,,,,,,,,,,,,,,,,,,,,,,,,,,,,,,,,,,,,,,,,,,,,,,,,,,,,,,,,,,,,,w,1,,,,,,,,,,,1.454,0,0,0,0,1,,,,,,,,,,,,
,,,,,,,,,,,,,,,,,107,4,2024-09-05_15h33.34.906,Symbol-E,2020.1.3,MacIntel,Safari,"Mozilla/5.0 (Macintosh; Intel Mac OS X 10_15_7) AppleWebKit/605.1.15 (KHTML, like Gecko) Version/17.6 Safari/605.1.15",60,,,,,,,,,,,,,,,,,,,,,,,,,,,,,,,,,,,,,,,,,,,,,,,,,,,,,,,,,,,,,,,,,,,,,,,,,,,,,,,,,,,,,,,,,,,,,,,,,,,,,,,,,,,,,,,,,,,,,,,,,,,,,,,,,,,,,,,,,,,,,,,,,38,0,38,0,1,,,,,,,,,,,,,,,,,,
,,,,,,,,,,,,,,,,,107,4,2024-09-05_15h33.34.906,Symbol-E,2020.1.3,MacIntel,Safari,"Mozilla/5.0 (Macintosh; Intel Mac OS X 10_15_7) AppleWebKit/605.1.15 (KHTML, like Gecko) Version/17.6 Safari/605.1.15",60,,,,,,,,,,,,,,,,,,,,,,,,,,,,,,,,,,,,media/dinb.png,3,3,Symb,f,TR,0,0,1,0,8,0,39,0,1,6,0.966865994,f,1.335,3,1,,,,,,,,,,,,,,,,,,,,,,,,,,,,,,,,,,,,,,,,,,,,,,,,,,,,,,,,,,,,,,,,,,,,,,,,,,,,,,,,,,f,1,,,,,,,,,,,1.335,0,0,0,0,1,,,,,,,,,,,,
,,,,,,,,,,,,,,,,,107,4,2024-09-05_15h33.34.906,Symbol-E,2020.1.3,MacIntel,Safari,"Mozilla/5.0 (Macintosh; Intel Mac OS X 10_15_7) AppleWebKit/605.1.15 (KHTML, like Gecko) Version/17.6 Safari/605.1.15",60,,,,,,,,,,,,,,,,,,,,,,,,,,,,,,,,,,,,,,,,,,,,,,,,,,,,,,,,,,,,,,,,,,,,,,,,,,,,,,,,,,,,,,,,,,,,,,,,,,,,,,,,,,,,,,,,,,,,,,,,,,,,,,,,,,,,,,,,,,,,,,,,,39,0,39,0,1,,,,,,,,,,,,,,,,,,
,,,,,,,,,,,,,,,,,107,4,2024-09-05_15h33.34.906,Symbol-E,2020.1.3,MacIntel,Safari,"Mozilla/5.0 (Macintosh; Intel Mac OS X 10_15_7) AppleWebKit/605.1.15 (KHTML, like Gecko) Version/17.6 Safari/605.1.15",60,,,,,,,,,,,,,,,,,,,,,,,,,,,,,,,,,,,,media/dnnb.png,6,2,Symb,i,TR,0,0,1,0,8,0,40,0,1,6,0.875175006,i,1.334,6,1,,,,,,,,,,,,,,,,,,,,,,,,,,,,,,,,,,,,,,,,,,,,,,,,,,,,,,,,,,,,,,,,,,,,,,,,,,,,,,,,,,i,1,,,,,,,,,,,1.334,0,0,0,0,1,,,,,,,,,,,,
,,,,,,,,,,,,,,,,,107,4,2024-09-05_15h33.34.906,Symbol-E,2020.1.3,MacIntel,Safari,"Mozilla/5.0 (Macintosh; Intel Mac OS X 10_15_7) AppleWebKit/605.1.15 (KHTML, like Gecko) Version/17.6 Safari/605.1.15",60,,,,,,,,,,,,,,,,,,,,,,,,,,,,,,,,,,,,,,,,,,,,,,,,,,,,,,,,,,,,,,,,,,,,,,,,,,,,,,,,,,,,,,,,,,,,,,,,,,,,,,,,,,,,,,,,,,,,,,,,,,,,,,,,,,,,,,,,,,,,,,,,,40,0,40,0,1,,,,,,,,,,,,,,,,,,
,,,,,,,,,,,,,,,,,107,4,2024-09-05_15h33.34.906,Symbol-E,2020.1.3,MacIntel,Safari,"Mozilla/5.0 (Macintosh; Intel Mac OS X 10_15_7) AppleWebKit/605.1.15 (KHTML, like Gecko) Version/17.6 Safari/605.1.15",60,,,,,,,,,,,,,,,,,,,,,,,,,,,,,,,,,,,,media/dfnb.png,1,1,Symb,w,TR,0,0,1,0,8,0,41,0,1,6,0.681998925,w,1.356,1,1,,,,,,,,,,,,,,,,,,,,,,,,,,,,,,,,,,,,,,,,,,,,,,,,,,,,,,,,,,,,,,,,,,,,,,,,,,,,,,,,,,w,1,,,,,,,,,,,1.356,0,0,0,0,1,,,,,,,,,,,,
,,,,,,,,,,,,,,,,,107,4,2024-09-05_15h33.34.906,Symbol-E,2020.1.3,MacIntel,Safari,"Mozilla/5.0 (Macintosh; Intel Mac OS X 10_15_7) AppleWebKit/605.1.15 (KHTML, like Gecko) Version/17.6 Safari/605.1.15",60,,,,,,,,,,,,,,,,,,,,,,,,,,,,,,,,,,,,,,,,,,,,,,,,,,,,,,,,,,,,,,,,,,,,,,,,,,,,,,,,,,,,,,,,,,,,,,,,,,,,,,,,,,,,,,,,,,,,,,,,,,,,,,,,,,,,,,,,,,,,,,,,,41,0,41,0,1,,,,,,,,,,,,,,,,,,
,,,,,,,,,,,,,,,,,107,4,2024-09-05_15h33.34.906,Symbol-E,2020.1.3,MacIntel,Safari,"Mozilla/5.0 (Macintosh; Intel Mac OS X 10_15_7) AppleWebKit/605.1.15 (KHTML, like Gecko) Version/17.6 Safari/605.1.15",60,,,,,,,,,,,,,,,,,,,,,,,,,,,,,,,,,,,,media/ddnb.png,4,0,Symb,h,TR,0,0,1,0,8,0,42,0,1,6,0.656306533,h,1.306,4,1,,,,,,,,,,,,,,,,,,,,,,,,,,,,,,,,,,,,,,,,,,,,,,,,,,,,,,,,,,,,,,,,,,,,,,,,,,,,,,,,,,h,1,,,,,,,,,,,1.306,0,0,0,0,1,,,,,,,,,,,,
,,,,,,,,,,,,,,,,,107,4,2024-09-05_15h33.34.906,Symbol-E,2020.1.3,MacIntel,Safari,"Mozilla/5.0 (Macintosh; Intel Mac OS X 10_15_7) AppleWebKit/605.1.15 (KHTML, like Gecko) Version/17.6 Safari/605.1.15",60,,,,,,,,,,,,,,,,,,,,,,,,,,,,,,,,,,,,,,,,,,,,,,,,,,,,,,,,,,,,,,,,,,,,,,,,,,,,,,,,,,,,,,,,,,,,,,,,,,,,,,,,,,,,,,,,,,,,,,,,,,,,,,,,,,,,,,,,,,,,,,,,,42,0,42,0,1,,,,,,,,,,,,,,,,,,
,,,,,,,,,,,,,,,,,107,4,2024-09-05_15h33.34.906,Symbol-E,2020.1.3,MacIntel,Safari,"Mozilla/5.0 (Macintosh; Intel Mac OS X 10_15_7) AppleWebKit/605.1.15 (KHTML, like Gecko) Version/17.6 Safari/605.1.15",60,,,,,,,,,,,,,,,,,,,,,,,,,,,,,,,,,,,,media/dgnb.png,5,1,Symb,u,TR,0,0,1,0,8,0,43,0,1,6,0.558299178,u,1.411,5,1,,,,,,,,,,,,,,,,,,,,,,,,,,,,,,,,,,,,,,,,,,,,,,,,,,,,,,,,,,,,,,,,,,,,,,,,,,,,,,,,,,u,1,,,,,,,,,,,1.411,0,0,0,0,1,,,,,,,,,,,,
,,,,,,,,,,,,,,,,,107,4,2024-09-05_15h33.34.906,Symbol-E,2020.1.3,MacIntel,Safari,"Mozilla/5.0 (Macintosh; Intel Mac OS X 10_15_7) AppleWebKit/605.1.15 (KHTML, like Gecko) Version/17.6 Safari/605.1.15",60,,,,,,,,,,,,,,,,,,,,,,,,,,,,,,,,,,,,,,,,,,,,,,,,,,,,,,,,,,,,,,,,,,,,,,,,,,,,,,,,,,,,,,,,,,,,,,,,,,,,,,,,,,,,,,,,,,,,,,,,,,,,,,,,,,,,,,,,,,,,,,,,,43,0,43,0,1,,,,,,,,,,,,,,,,,,
,,,,,,,,,,,,,,,,,107,4,2024-09-05_15h33.34.906,Symbol-E,2020.1.3,MacIntel,Safari,"Mozilla/5.0 (Macintosh; Intel Mac OS X 10_15_7) AppleWebKit/605.1.15 (KHTML, like Gecko) Version/17.6 Safari/605.1.15",60,,,,,,,,,,,,,,,,,,,,,,,,,,,,,,,,,,,,media/dgnb.png,5,1,Symb,u,TR,0,0,1,0,8,0,44,0,1,6,0.331479921,w,1.294,1,0,,,,,,,,,,,,,,,,,,,,,,,,,,,,,,,,,,,,,,,,,,,,,,,,,,,,,,,,,,,,,,,,,,,,,,,,,,,,,,,,,,w,0,,,,,,,,,,,1.294,0,0,0,0,1,,,,,,,,,,,,
,,,,,,,,,,,,,,,,,107,4,2024-09-05_15h33.34.906,Symbol-E,2020.1.3,MacIntel,Safari,"Mozilla/5.0 (Macintosh; Intel Mac OS X 10_15_7) AppleWebKit/605.1.15 (KHTML, like Gecko) Version/17.6 Safari/605.1.15",60,,,,,,,,,,,,,,,,,,,,,,,,,,,,,,,,,,,,,,,,,,,,,,,,,,,,,,,,,,,,,,,,,,,,,,,,,,,,,,,,,,,,,,,,,,,,,,,,,,,,,,,,,,,,,,,,,,,,,,,,,,,,,,,,,,,,,,,,,,,,,,,,,44,0,44,0,1,,,,,,,,,,,,,,,,,,
,,,,,,,,,,,,,,,,,107,4,2024-09-05_15h33.34.906,Symbol-E,2020.1.3,MacIntel,Safari,"Mozilla/5.0 (Macintosh; Intel Mac OS X 10_15_7) AppleWebKit/605.1.15 (KHTML, like Gecko) Version/17.6 Safari/605.1.15",60,,,,,,,,,,,,,,,,,,,,,,,,,,,,,,,,,,,,media/dnnb.png,6,2,Symb,i,TR,0,0,1,0,8,0,45,0,1,6,0.937075214,i,1.357,6,1,,,,,,,,,,,,,,,,,,,,,,,,,,,,,,,,,,,,,,,,,,,,,,,,,,,,,,,,,,,,,,,,,,,,,,,,,,,,,,,,,,i,1,,,,,,,,,,,1.357,0,0,0,0,1,,,,,,,,,,,,
,,,,,,,,,,,,,,,,,107,4,2024-09-05_15h33.34.906,Symbol-E,2020.1.3,MacIntel,Safari,"Mozilla/5.0 (Macintosh; Intel Mac OS X 10_15_7) AppleWebKit/605.1.15 (KHTML, like Gecko) Version/17.6 Safari/605.1.15",60,,,,,,,,,,,,,,,,,,,,,,,,,,,,,,,,,,,,,,,,,,,,,,,,,,,,,,,,,,,,,,,,,,,,,,,,,,,,,,,,,,,,,,,,,,,,,,,,,,,,,,,,,,,,,,,,,,,,,,,,,,,,,,,,,,,,,,,,,,,,,,,,,45,0,45,0,1,,,,,,,,,,,,,,,,,,
,,,,,,,,,,,,,,,,,107,4,2024-09-05_15h33.34.906,Symbol-E,2020.1.3,MacIntel,Safari,"Mozilla/5.0 (Macintosh; Intel Mac OS X 10_15_7) AppleWebKit/605.1.15 (KHTML, like Gecko) Version/17.6 Safari/605.1.15",60,,,,,,,,,,,,,,,,,,,,,,,,,,,,,,,,,,,,media/djnb.png,7,3,Symb,l,TR,0,0,1,0,8,0,46,0,1,6,0.526789107,a,1.405,0,0,,,,,,,,,,,,,,,,,,,,,,,,,,,,,,,,,,,,,,,,,,,,,,,,,,,,,,,,,,,,,,,,,,,,,,,,,,,,,,,,,,a,0,,,,,,,,,,,1.405,0,0,0,0,1,,,,,,,,,,,,
,,,,,,,,,,,,,,,,,107,4,2024-09-05_15h33.34.906,Symbol-E,2020.1.3,MacIntel,Safari,"Mozilla/5.0 (Macintosh; Intel Mac OS X 10_15_7) AppleWebKit/605.1.15 (KHTML, like Gecko) Version/17.6 Safari/605.1.15",60,,,,,,,,,,,,,,,,,,,,,,,,,,,,,,,,,,,,,,,,,,,,,,,,,,,,,,,,,,,,,,,,,,,,,,,,,,,,,,,,,,,,,,,,,,,,,,,,,,,,,,,,,,,,,,,,,,,,,,,,,,,,,,,,,,,,,,,,,,,,,,,,,46,0,46,0,1,,,,,,,,,,,,,,,,,,
,,,,,,,,,,,,,,,,,107,4,2024-09-05_15h33.34.906,Symbol-E,2020.1.3,MacIntel,Safari,"Mozilla/5.0 (Macintosh; Intel Mac OS X 10_15_7) AppleWebKit/605.1.15 (KHTML, like Gecko) Version/17.6 Safari/605.1.15",60,,,,,,,,,,,,,,,,,,,,,,,,,,,,,,,,,,,,media/dcnb.png,0,0,Symb,a,TR,0,0,1,0,8,0,47,0,1,6,1.136604339,a,1.367,0,1,,,,,,,,,,,,,,,,,,,,,,,,,,,,,,,,,,,,,,,,,,,,,,,,,,,,,,,,,,,,,,,,,,,,,,,,,,,,,,,,,,a,1,,,,,,,,,,,1.367,0,0,0,0,1,,,,,,,,,,,,
,,,,,,,,,,,,,,,,,107,4,2024-09-05_15h33.34.906,Symbol-E,2020.1.3,MacIntel,Safari,"Mozilla/5.0 (Macintosh; Intel Mac OS X 10_15_7) AppleWebKit/605.1.15 (KHTML, like Gecko) Version/17.6 Safari/605.1.15",60,,,,,,,,,,,,,,,,,,,,,,,,,,,,,,,,,,,,,,,,,,,,,,,,,,,,,,,,,,,,,,,,,,,,,,,,,,,,,,,,,,,,,,,,,,,,,,,,,,,,,,,,,,,,,,,,,,,,,,,,,,,,,,,,,,,,,,,,,,,,,,,,,47,0,47,0,1,,,,,,,,,,,,,,,,,,
,,,,,,,,,,,,,,,,,107,4,2024-09-05_15h33.34.906,Symbol-E,2020.1.3,MacIntel,Safari,"Mozilla/5.0 (Macintosh; Intel Mac OS X 10_15_7) AppleWebKit/605.1.15 (KHTML, like Gecko) Version/17.6 Safari/605.1.15",60,,,,,,,,,,,,,,,,,,,,,,,,,,,,,,,,,,,,media/dnnb.png,6,2,Symb,i,TR,0,0,1,0,8,0,48,0,1,6,0.494210195,i,1.384,6,1,,,,,,,,,,,,,,,,,,,,,,,,,,,,,,,,,,,,,,,,,,,,,,,,,,,,,,,,,,,,,,,,,,,,,,,,,,,,,,,,,,i,1,,,,,,,,,,,1.384,0,0,0,0,1,,,,,,,,,,,,
,,,,,,,,,,,,,,,,,107,4,2024-09-05_15h33.34.906,Symbol-E,2020.1.3,MacIntel,Safari,"Mozilla/5.0 (Macintosh; Intel Mac OS X 10_15_7) AppleWebKit/605.1.15 (KHTML, like Gecko) Version/17.6 Safari/605.1.15",60,,,,,,,,,,,,,,,,,,,,,,,,,,,,,,,,,,,,,,,,,,,,,,,,,,,,,,,,,,,,,,,,,,,,,,,,,,,,,,,,,,,,,,,,,,,,,,,,,,,,,,,,,,,,,,,,,,,,,,,,,,,,,,,,,,,,,,,,,,,,,,,,,48,0,48,0,1,,,,,,,,,,,,,,,,,,
,,,,,,,,,,,,,,,,,107,4,2024-09-05_15h33.34.906,Symbol-E,2020.1.3,MacIntel,Safari,"Mozilla/5.0 (Macintosh; Intel Mac OS X 10_15_7) AppleWebKit/605.1.15 (KHTML, like Gecko) Version/17.6 Safari/605.1.15",60,,,,,,,,,,,,,,,,,,,,,,,,,,,,,,,,,,,,media/ddnb.png,4,0,Symb,h,TR,0,0,1,0,8,0,49,0,1,6,0.159883271,w,1.401,1,0,,,,,,,,,,,,,,,,,,,,,,,,,,,,,,,,,,,,,,,,,,,,,,,,,,,,,,,,,,,,,,,,,,,,,,,,,,,,,,,,,,w,0,,,,,,,,,,,1.401,0,0,0,0,1,,,,,,,,,,,,
,,,,,,,,,,,,,,,,,107,4,2024-09-05_15h33.34.906,Symbol-E,2020.1.3,MacIntel,Safari,"Mozilla/5.0 (Macintosh; Intel Mac OS X 10_15_7) AppleWebKit/605.1.15 (KHTML, like Gecko) Version/17.6 Safari/605.1.15",60,,,,,,,,,,,,,,,,,,,,,,,,,,,,,,,,,,,,,,,,,,,,,,,,,,,,,,,,,,,,,,,,,,,,,,,,,,,,,,,,,,,,,,,,,,,,,,,,,,,,,,,,,,,,,,,,,,,,,,,,,,,,,,,,,,,,,,,,,,,,,,,,,49,0,49,0,1,,,,,,,,,,,,,,,,,,
,,,,,,,,,,,,,,,,,107,4,2024-09-05_15h33.34.906,Symbol-E,2020.1.3,MacIntel,Safari,"Mozilla/5.0 (Macintosh; Intel Mac OS X 10_15_7) AppleWebKit/605.1.15 (KHTML, like Gecko) Version/17.6 Safari/605.1.15",60,,,,,,,,,,,,,,,,,,,,,,,,,,,,,,,,,,,,media/djnb.png,7,3,Symb,l,TR,0,0,1,0,8,0,50,0,1,6,0.680676671,i,1.37,6,0,,,,,,,,,,,,,,,,,,,,,,,,,,,,,,,,,,,,,,,,,,,,,,,,,,,,,,,,,,,,,,,,,,,,,,,,,,,,,,,,,,i,0,,,,,,,,,,,1.37,0,0,0,0,1,,,,,,,,,,,,
,,,,,,,,,,,,,,,,,107,4,2024-09-05_15h33.34.906,Symbol-E,2020.1.3,MacIntel,Safari,"Mozilla/5.0 (Macintosh; Intel Mac OS X 10_15_7) AppleWebKit/605.1.15 (KHTML, like Gecko) Version/17.6 Safari/605.1.15",60,,,,,,,,,,,,,,,,,,,,,,,,,,,,,,,,,,,,,,,,,,,,,,,,,,,,,,,,,,,,,,,,,,,,,,,,,,,,,,,,,,,,,,,,,,,,,,,,,,,,,,,,,,,,,,,,,,,,,,,,,,,,,,,,,,,,,,,,,,,,,,,,,50,0,50,0,1,,,,,,,,,,,,,,,,,,
,,,,,,,,,,,,,,,,,107,4,2024-09-05_15h33.34.906,Symbol-E,2020.1.3,MacIntel,Safari,"Mozilla/5.0 (Macintosh; Intel Mac OS X 10_15_7) AppleWebKit/605.1.15 (KHTML, like Gecko) Version/17.6 Safari/605.1.15",60,,,,,,,,,,,,,,,,,,,,,,,,,,,,,,,,,,,,media/dgnb.png,5,1,Symb,u,TR,0,0,1,0,8,0,51,0,1,6,0.44590121,a,99,8,0,,,,,,,,,,,,,,,,,,,,,,,,,,,,,,,u,0.121,,,,,,,,,,,,,,,,,,,,,,,,,,,,,,,,,,,,,,,,,,,,,,,,,,,0,0,0,0,0,1,,,,,,,,,,,,,,,,,,,,,,,
,,,,,,,,,,,,,,,,,107,4,2024-09-05_15h33.34.906,Symbol-E,2020.1.3,MacIntel,Safari,"Mozilla/5.0 (Macintosh; Intel Mac OS X 10_15_7) AppleWebKit/605.1.15 (KHTML, like Gecko) Version/17.6 Safari/605.1.15",60,,,,,,,,,,,,,,,,,,,,,,,,,,,,,,,,,,,,,,,,,,,,,,,,,,,,,,,,,,,,,,,,,,,,,,,,,,,,,,,,,,,,,,,,,,,,,,,,,,,,,,,,,,,,,,,,,,,,,,,,,,,,,,,,,,,,,,,,,,,,,,,,,51,0,51,0,1,,,,,,,,,,,,,,,,,,
,,,,,,,,,,,,,,,,,107,4,2024-09-05_15h33.34.906,Symbol-E,2020.1.3,MacIntel,Safari,"Mozilla/5.0 (Macintosh; Intel Mac OS X 10_15_7) AppleWebKit/605.1.15 (KHTML, like Gecko) Version/17.6 Safari/605.1.15",60,,,,,,,,,,,,,,,,,,,,,,,,,,,,,,,,,,,,media/dfnb.png,1,1,Symb,w,TR,0,0,1,0,8,0,52,0,1,6,0.262044453,l,1.355,7,0,,,,,,,,,,,,,,,,,,,,,,,,,,,,,,,,,,,,,,,,,,,,,,,,,,,,,,,,,,,,,,,,,,,,,,,,,,,,,,,,,,l,0,,,,,,,,,,,1.355,0,0,0,0,1,,,,,,,,,,,,
,,,,,,,,,,,,,,,,,107,4,2024-09-05_15h33.34.906,Symbol-E,2020.1.3,MacIntel,Safari,"Mozilla/5.0 (Macintosh; Intel Mac OS X 10_15_7) AppleWebKit/605.1.15 (KHTML, like Gecko) Version/17.6 Safari/605.1.15",60,,,,,,,,,,,,,,,,,,,,,,,,,,,,,,,,,,,,,,,,,,,,,,,,,,,,,,,,,,,,,,,,,,,,,,,,,,,,,,,,,,,,,,,,,,,,,,,,,,,,,,,,,,,,,,,,,,,,,,,,,,,,,,,,,,,,,,,,,,,,,,,,,52,0,52,0,1,,,,,,,,,,,,,,,,,,
,,,,,,,,,,,,,,,,,107,4,2024-09-05_15h33.34.906,Symbol-E,2020.1.3,MacIntel,Safari,"Mozilla/5.0 (Macintosh; Intel Mac OS X 10_15_7) AppleWebKit/605.1.15 (KHTML, like Gecko) Version/17.6 Safari/605.1.15",60,,,,,,,,,,,,,,,,,,,,,,,,,,,,,,,,,,,,media/dcnb.png,0,0,Symb,a,TR,0,0,1,0,8,0,53,0,1,6,0.517409709,a,1.324,0,1,,,,,,,,,,,,,,,,,,,,,,,,,,,,,,,,,,,,,,,,,,,,,,,,,,,,,,,,,,,,,,,,,,,,,,,,,,,,,,,,,,a,1,,,,,,,,,,,1.324,0,0,0,0,1,,,,,,,,,,,,
,,,,,,,,,,,,,,,,,107,4,2024-09-05_15h33.34.906,Symbol-E,2020.1.3,MacIntel,Safari,"Mozilla/5.0 (Macintosh; Intel Mac OS X 10_15_7) AppleWebKit/605.1.15 (KHTML, like Gecko) Version/17.6 Safari/605.1.15",60,,,,,,,,,,,,,,,,,,,,,,,,,,,,,,,,,,,,,,,,,,,,,,,,,,,,,,,,,,,,,,,,,,,,,,,,,,,,,,,,,,,,,,,,,,,,,,,,,,,,,,,,,,,,,,,,,,,,,,,,,,,,,,,,,,,,,,,,,,,,,,,,,53,0,53,0,1,,,,,,,,,,,,,,,,,,
,,,,,,,,,,,,,,,,,107,4,2024-09-05_15h33.34.906,Symbol-E,2020.1.3,MacIntel,Safari,"Mozilla/5.0 (Macintosh; Intel Mac OS X 10_15_7) AppleWebKit/605.1.15 (KHTML, like Gecko) Version/17.6 Safari/605.1.15",60,,,,,,,,,,,,,,,,,,,,,,,,,,,,,,,,,,,,media/djnb.png,7,3,Symb,l,TR,0,0,1,0,8,0,54,0,1,6,1.105176476,l,1.355,7,1,,,,,,,,,,,,,,,,,,,,,,,,,,,,,,,,,,,,,,,,,,,,,,,,,,,,,,,,,,,,,,,,,,,,,,,,,,,,,,,,,,l,1,,,,,,,,,,,1.355,0,0,0,0,1,,,,,,,,,,,,
,,,,,,,,,,,,,,,,,107,4,2024-09-05_15h33.34.906,Symbol-E,2020.1.3,MacIntel,Safari,"Mozilla/5.0 (Macintosh; Intel Mac OS X 10_15_7) AppleWebKit/605.1.15 (KHTML, like Gecko) Version/17.6 Safari/605.1.15",60,,,,,,,,,,,,,,,,,,,,,,,,,,,,,,,,,,,,,,,,,,,,,,,,,,,,,,,,,,,,,,,,,,,,,,,,,,,,,,,,,,,,,,,,,,,,,,,,,,,,,,,,,,,,,,,,,,,,,,,,,,,,,,,,,,,,,,,,,,,,,,,,,54,0,54,0,1,,,,,,,,,,,,,,,,,,
,,,,,,,,,,,,,,,,,107,4,2024-09-05_15h33.34.906,Symbol-E,2020.1.3,MacIntel,Safari,"Mozilla/5.0 (Macintosh; Intel Mac OS X 10_15_7) AppleWebKit/605.1.15 (KHTML, like Gecko) Version/17.6 Safari/605.1.15",60,,,,,,,,,,,,,,,,,,,,,,,,,,,,,,,,,,,,media/dmnb.png,2,2,Symb,e,TR,0,0,1,0,8,0,55,0,1,6,0.319155628,a,99,8,0,,,,,,,,,,,,,,,,,,,,,,,,,,,,,,,u,1.969,,,,,,,,,,,,,,,,,,,,,,,,,,,,,,,,,,,,,,,,,,,,,,,,,,,0,0,0,0,0,1,,,,,,,,,,,,,,,,,,,,,,,
,,,,,,,,,,,,,,,,,107,4,2024-09-05_15h33.34.906,Symbol-E,2020.1.3,MacIntel,Safari,"Mozilla/5.0 (Macintosh; Intel Mac OS X 10_15_7) AppleWebKit/605.1.15 (KHTML, like Gecko) Version/17.6 Safari/605.1.15",60,,,,,,,,,,,,,,,,,,,,,,,,,,,,,,,,,,,,,,,,,,,,,,,,,,,,,,,,,,,,,,,,,,,,,,,,,,,,,,,,,,,,,,,,,,,,,,,,,,,,,,,,,,,,,,,,,,,,,,,,,,,,,,,,,,,,,,,,,,,,,,,,,55,0,55,0,1,,,,,,,,,,,,,,,,,,
,,,,,,,,,,,,,,,,,107,4,2024-09-05_15h33.34.906,Symbol-E,2020.1.3,MacIntel,Safari,"Mozilla/5.0 (Macintosh; Intel Mac OS X 10_15_7) AppleWebKit/605.1.15 (KHTML, like Gecko) Version/17.6 Safari/605.1.15",60,,,,,,,,,,,,,,,,,,,,,,,,,,,,,,,,,,,,media/dfnb.png,1,1,Symb,w,TR,0,0,1,0,8,0,56,0,1,6,0.741716109,w,1.304,1,1,,,,,,,,,,,,,,,,,,,,,,,,,,,,,,,,,,,,,,,,,,,,,,,,,,,,,,,,,,,,,,,,,,,,,,,,,,,,,,,,,,w,1,,,,,,,,,,,1.304,0,0,0,0,1,,,,,,,,,,,,
,,,,,,,,,,,,,,,,,107,4,2024-09-05_15h33.34.906,Symbol-E,2020.1.3,MacIntel,Safari,"Mozilla/5.0 (Macintosh; Intel Mac OS X 10_15_7) AppleWebKit/605.1.15 (KHTML, like Gecko) Version/17.6 Safari/605.1.15",60,,,,,,,,,,,,,,,,,,,,,,,,,,,,,,,,,,,,,,,,,,,,,,,,,,,,,,,,,,,,,,,,,,,,,,,,,,,,,,,,,,,,,,,,,,,,,,,,,,,,,,,,,,,,,,,,,,,,,,,,,,,,,,,,,,,,,,,,,,,,,,,,,56,0,56,0,1,,,,,,,,,,,,,,,,,,
,,,,,,,,,,,,,,,,,107,4,2024-09-05_15h33.34.906,Symbol-E,2020.1.3,MacIntel,Safari,"Mozilla/5.0 (Macintosh; Intel Mac OS X 10_15_7) AppleWebKit/605.1.15 (KHTML, like Gecko) Version/17.6 Safari/605.1.15",60,,,,,,,,,,,,,,,,,,,,,,,,,,,,,,,,,,,,media/dcnb.png,0,0,Symb,a,TR,0,0,1,0,8,0,57,0,1,6,0.214650503,i,1.321,6,0,,,,,,,,,,,,,,,,,,,,,,,,,,,,,,,,,,,,,,,,,,,,,,,,,,,,,,,,,,,,,,,,,,,,,,,,,,,,,,,,,,i,0,,,,,,,,,,,1.321,0,0,0,0,1,,,,,,,,,,,,
,,,,,,,,,,,,,,,,,107,4,2024-09-05_15h33.34.906,Symbol-E,2020.1.3,MacIntel,Safari,"Mozilla/5.0 (Macintosh; Intel Mac OS X 10_15_7) AppleWebKit/605.1.15 (KHTML, like Gecko) Version/17.6 Safari/605.1.15",60,,,,,,,,,,,,,,,,,,,,,,,,,,,,,,,,,,,,,,,,,,,,,,,,,,,,,,,,,,,,,,,,,,,,,,,,,,,,,,,,,,,,,,,,,,,,,,,,,,,,,,,,,,,,,,,,,,,,,,,,,,,,,,,,,,,,,,,,,,,,,,,,,57,0,57,0,1,,,,,,,,,,,,,,,,,,
,,,,,,,,,,,,,,,,,107,4,2024-09-05_15h33.34.906,Symbol-E,2020.1.3,MacIntel,Safari,"Mozilla/5.0 (Macintosh; Intel Mac OS X 10_15_7) AppleWebKit/605.1.15 (KHTML, like Gecko) Version/17.6 Safari/605.1.15",60,,,,,,,,,,,,,,,,,,,,,,,,,,,,,,,,,,,,media/dgnb.png,5,1,Symb,u,TR,0,0,1,0,8,0,58,0,1,6,0.840313769,u,1.223,5,1,,,,,,,,,,,,,,,,,,,,,,,,,,,,,,,,,,,,,,,,,,,,,,,,,,,,,,,,,,,,,,,,,,,,,,,,,,,,,,,,,,u,1,,,,,,,,,,,1.223,0,0,0,0,1,,,,,,,,,,,,
,,,,,,,,,,,,,,,,,107,4,2024-09-05_15h33.34.906,Symbol-E,2020.1.3,MacIntel,Safari,"Mozilla/5.0 (Macintosh; Intel Mac OS X 10_15_7) AppleWebKit/605.1.15 (KHTML, like Gecko) Version/17.6 Safari/605.1.15",60,,,,,,,,,,,,,,,,,,,,,,,,,,,,,,,,,,,,,,,,,,,,,,,,,,,,,,,,,,,,,,,,,,,,,,,,,,,,,,,,,,,,,,,,,,,,,,,,,,,,,,,,,,,,,,,,,,,,,,,,,,,,,,,,,,,,,,,,,,,,,,,,,58,0,58,0,1,,,,,,,,,,,,,,,,,,
,,,,,,,,,,,,,,,,,107,4,2024-09-05_15h33.34.906,Symbol-E,2020.1.3,MacIntel,Safari,"Mozilla/5.0 (Macintosh; Intel Mac OS X 10_15_7) AppleWebKit/605.1.15 (KHTML, like Gecko) Version/17.6 Safari/605.1.15",60,,,,,,,,,,,,,,,,,,,,,,,,,,,,,,,,,,,,media/dinb.png,3,3,Symb,f,TR,0,0,1,0,8,0,59,0,1,6,1.074000141,f,1.288,3,1,,,,,,,,,,,,,,,,,,,,,,,,,,,,,,,,,,,,,,,,,,,,,,,,,,,,,,,,,,,,,,,,,,,,,,,,,,,,,,,,,,f,1,,,,,,,,,,,1.288,0,0,0,0,1,,,,,,,,,,,,
,,,,,,,,,,,,,,,,,107,4,2024-09-05_15h33.34.906,Symbol-E,2020.1.3,MacIntel,Safari,"Mozilla/5.0 (Macintosh; Intel Mac OS X 10_15_7) AppleWebKit/605.1.15 (KHTML, like Gecko) Version/17.6 Safari/605.1.15",60,,,,,,,,,,,,,,,,,,,,,,,,,,,,,,,,,,,,,,,,,,,,,,,,,,,,,,,,,,,,,,,,,,,,,,,,,,,,,,,,,,,,,,,,,,,,,,,,,,,,,,,,,,,,,,,,,,,,,,,,,,,,,,,,,,,,,,,,,,,,,,,,,59,0,59,0,1,,,,,,,,,,,,,,,,,,
,,,,,,,,,,,,,,,,,107,4,2024-09-05_15h33.34.906,Symbol-E,2020.1.3,MacIntel,Safari,"Mozilla/5.0 (Macintosh; Intel Mac OS X 10_15_7) AppleWebKit/605.1.15 (KHTML, like Gecko) Version/17.6 Safari/605.1.15",60,,,,,,,,,,,,,,,,,,,,,,,,,,,,,,,,,,,,media/ddnb.png,4,0,Symb,h,TR,0,0,1,0,8,0,60,0,1,6,0.455931724,w,1.143,1,0,,,,,,,,,,,,,,,,,,,,,,,,,,,,,,,,,,,,,,,,,,,,,,,,,,,,,,,,,,,,,,,,,,,,,,,,,,,,,,,,,,w,0,,,,,,,,,,,1.143,0,0,0,0,1,,,,,,,,,,,,
,,,,,,,,,,,,,,,,,107,4,2024-09-05_15h33.34.906,Symbol-E,2020.1.3,MacIntel,Safari,"Mozilla/5.0 (Macintosh; Intel Mac OS X 10_15_7) AppleWebKit/605.1.15 (KHTML, like Gecko) Version/17.6 Safari/605.1.15",60,,,,,,,,,,,,,,,,,,,,,,,,,,,,,,,,,,,,,,,,,,,,,,,,,,,,,,,,,,,,,,,,,,,,,,,,,,,,,,,,,,,,,,,,,,,,,,,,,,,,,,,,,,,,,,,,,,,,,,,,,,,,,,,,,,,,,,,,,,,,,,,,,60,0,60,0,1,,,,,,,,,,,,,,,,,,
,,,,,,,,,,,,,,,,,107,4,2024-09-05_15h33.34.906,Symbol-E,2020.1.3,MacIntel,Safari,"Mozilla/5.0 (Macintosh; Intel Mac OS X 10_15_7) AppleWebKit/605.1.15 (KHTML, like Gecko) Version/17.6 Safari/605.1.15",60,,,,,,,,,,,,,,,,,,,,,,,,,,,,,,,,,,,,media/dinb.png,3,3,Symb,f,TR,0,0,1,0,8,0,61,0,1,6,0.079965311,a,1.407,0,0,,,,,,,,,,,,,,,,,,,,,,,,,,,,,,,,,,,,,,,,,,,,,,,,,,,,,,,,,,,,,,,,,,,,,,,,,,,,,,,,,,a,0,,,,,,,,,,,1.407,0,0,0,0,1,,,,,,,,,,,,
,,,,,,,,,,,,,,,,,107,4,2024-09-05_15h33.34.906,Symbol-E,2020.1.3,MacIntel,Safari,"Mozilla/5.0 (Macintosh; Intel Mac OS X 10_15_7) AppleWebKit/605.1.15 (KHTML, like Gecko) Version/17.6 Safari/605.1.15",60,,,,,,,,,,,,,,,,,,,,,,,,,,,,,,,,,,,,,,,,,,,,,,,,,,,,,,,,,,,,,,,,,,,,,,,,,,,,,,,,,,,,,,,,,,,,,,,,,,,,,,,,,,,,,,,,,,,,,,,,,,,,,,,,,,,,,,,,,,,,,,,,,61,0,61,0,1,,,,,,,,,,,,,,,,,,
,,,,,,,,,,,,,,,,,107,4,2024-09-05_15h33.34.906,Symbol-E,2020.1.3,MacIntel,Safari,"Mozilla/5.0 (Macintosh; Intel Mac OS X 10_15_7) AppleWebKit/605.1.15 (KHTML, like Gecko) Version/17.6 Safari/605.1.15",60,,,,,,,,,,,,,,,,,,,,,,,,,,,,,,,,,,,,media/dmnb.png,2,2,Symb,e,TR,0,0,1,0,8,0,62,0,1,6,0.684456476,e,1.277,2,1,,,,,,,,,,,,,,,,,,,,,,,,,,,,,,,,,,,,,,,,,,,,,,,,,,,,,,,,,,,,,,,,,,,,,,,,,,,,,,,,,,e,1,,,,,,,,,,,1.277,0,0,0,0,1,,,,,,,,,,,,
,,,,,,,,,,,,,,,,,107,4,2024-09-05_15h33.34.906,Symbol-E,2020.1.3,MacIntel,Safari,"Mozilla/5.0 (Macintosh; Intel Mac OS X 10_15_7) AppleWebKit/605.1.15 (KHTML, like Gecko) Version/17.6 Safari/605.1.15",60,,,,,,,,,,,,,,,,,,,,,,,,,,,,,,,,,,,,,,,,,,,,,,,,,,,,,,,,,,,,,,,,,,,,,,,,,,,,,,,,,,,,,,,,,,,,,,,,,,,,,,,,,,,,,,,,,,,,,,,,,,,,,,,,,,,,,,,,,,,,,,,,,62,0,62,0,1,,,,,,,,,,,,,,,,,,
,,,,,,,,,,,,,,,,,107,4,2024-09-05_15h33.34.906,Symbol-E,2020.1.3,MacIntel,Safari,"Mozilla/5.0 (Macintosh; Intel Mac OS X 10_15_7) AppleWebKit/605.1.15 (KHTML, like Gecko) Version/17.6 Safari/605.1.15",60,,,,,,,,,,,,,,,,,,,,,,,,,,,,,,,,,,,,media/dnnb.png,6,2,Symb,i,TR,0,0,1,0,8,0,63,0,1,6,0.162564322,h,1.293,4,0,,,,,,,,,,,,,,,,,,,,,,,,,,,,,,,,,,,,,,,,,,,,,,,,,,,,,,,,,,,,,,,,,,,,,,,,,,,,,,,,,,h,0,,,,,,,,,,,1.293,0,0,0,0,1,,,,,,,,,,,,
,,,,,,,,,,,,,,,,,107,4,2024-09-05_15h33.34.906,Symbol-E,2020.1.3,MacIntel,Safari,"Mozilla/5.0 (Macintosh; Intel Mac OS X 10_15_7) AppleWebKit/605.1.15 (KHTML, like Gecko) Version/17.6 Safari/605.1.15",60,,,,,,,,,,,,,,,,,,,,,,,,,,,,,,,,,,,,,,,,,,,,,,,,,,,,,,,,,,,,,,,,,,,,,,,,,,,,,,,,,,,,,,,,,,,,,,,,,,,,,,,,,,,,,,,,,,,,,,,,,,,,,,,,,,,,,,,,,,,,,,,,,63,0,63,0,1,,,,,,,,,,,,,,,,,,
,,,,,,,,,,,,,,,,,107,4,2024-09-05_15h33.34.906,Symbol-E,2020.1.3,MacIntel,Safari,"Mozilla/5.0 (Macintosh; Intel Mac OS X 10_15_7) AppleWebKit/605.1.15 (KHTML, like Gecko) Version/17.6 Safari/605.1.15",60,,,,,,,,,,,,,,,,,,,,,,,,,,,,,,,,,,,,media/ddnb.png,4,0,Symb,h,TR,0,0,1,0,8,0,64,0,1,6,1.17337623,h,1.339,4,1,,,,,,,,,,,,,,,,,,,,,,,,,,,,,,,,,,,,,,,,,,,,,,,,,,,,,,,,,,,,,,,,,,,,,,,,,,,,,,,,,,h,1,,,,,,,,,,,1.339,0,0,0,0,1,,,,,,,,,,,,
,,,,,,,,,,,,,,,,,107,4,2024-09-05_15h33.34.906,Symbol-E,2020.1.3,MacIntel,Safari,"Mozilla/5.0 (Macintosh; Intel Mac OS X 10_15_7) AppleWebKit/605.1.15 (KHTML, like Gecko) Version/17.6 Safari/605.1.15",60,,,,,,,,,,,,,,,,,,,,,,,,,,,,,,,,,,,,,,,,,,,,,,,,,,,,,,,,,,,,,,,,,,,,,,,,,,,,,,,,,,,,,,,,,,,,,,,,,,,,,,,,,,,,,,,,,,,,,,,,,,,,,,,,,,,,,,,,,,,,,,,,,64,0,64,0,1,,,,,,,,,,,,,,,,,,
,,,,,,,,,,,,,,,,,107,4,2024-09-05_15h33.34.906,Symbol-E,2020.1.3,MacIntel,Safari,"Mozilla/5.0 (Macintosh; Intel Mac OS X 10_15_7) AppleWebKit/605.1.15 (KHTML, like Gecko) Version/17.6 Safari/605.1.15",60,,,,,,,,,,,,,,,,,,,,,,,,,,,,,,,,,,,,media/djnb.png,7,3,Symb,l,TR,0,0,1,0,8,0,65,0,1,6,0.119074972,i,1.219,6,0,,,,,,,,,,,,,,,,,,,,,,,,,,,,,,,,,,,,,,,,,,,,,,,,,,,,,,,,,,,,,,,,,,,,,,,,,,,,,,,,,,i,0,,,,,,,,,,,1.219,0,0,0,0,1,,,,,,,,,,,,
,,,,,,,,,,,,,,,,,107,4,2024-09-05_15h33.34.906,Symbol-E,2020.1.3,MacIntel,Safari,"Mozilla/5.0 (Macintosh; Intel Mac OS X 10_15_7) AppleWebKit/605.1.15 (KHTML, like Gecko) Version/17.6 Safari/605.1.15",60,,,,,,,,,,,,,,,,,,,,,,,,,,,,,,,,,,,,,,,,,,,,,,,,,,,,,,,,,,,,,,,,,,,,,,,,,,,,,,,,,,,,,,,,,,,,,,,,,,,,,,,,,,,,,,,,,,,,,,,,,,,,,,,,,,,,,,,,,,,,,,,,,65,0,65,0,1,,,,,,,,,,,,,,,,,,
,,,,,,,,,,,,,,,,,107,4,2024-09-05_15h33.34.906,Symbol-E,2020.1.3,MacIntel,Safari,"Mozilla/5.0 (Macintosh; Intel Mac OS X 10_15_7) AppleWebKit/605.1.15 (KHTML, like Gecko) Version/17.6 Safari/605.1.15",60,,,,,,,,,,,,,,,,,,,,,,,,,,,,,,,,,,,,media/ddnb.png,4,0,Symb,h,TR,0,0,1,0,8,0,66,0,1,6,0.38262964,w,1.322,1,0,,,,,,,,,,,,,,,,,,,,,,,,,,,,,,,,,,,,,,,,,,,,,,,,,,,,,,,,,,,,,,,,,,,,,,,,,,,,,,,,,,w,0,,,,,,,,,,,1.322,0,0,0,0,1,,,,,,,,,,,,
,,,,,,,,,,,,,,,,,107,4,2024-09-05_15h33.34.906,Symbol-E,2020.1.3,MacIntel,Safari,"Mozilla/5.0 (Macintosh; Intel Mac OS X 10_15_7) AppleWebKit/605.1.15 (KHTML, like Gecko) Version/17.6 Safari/605.1.15",60,,,,,,,,,,,,,,,,,,,,,,,,,,,,,,,,,,,,,,,,,,,,,,,,,,,,,,,,,,,,,,,,,,,,,,,,,,,,,,,,,,,,,,,,,,,,,,,,,,,,,,,,,,,,,,,,,,,,,,,,,,,,,,,,,,,,,,,,,,,,,,,,,66,0,66,0,1,,,,,,,,,,,,,,,,,,
,,,,,,,,,,,,,,,,,107,4,2024-09-05_15h33.34.906,Symbol-E,2020.1.3,MacIntel,Safari,"Mozilla/5.0 (Macintosh; Intel Mac OS X 10_15_7) AppleWebKit/605.1.15 (KHTML, like Gecko) Version/17.6 Safari/605.1.15",60,,,,,,,,,,,,,,,,,,,,,,,,,,,,,,,,,,,,media/dinb.png,3,3,Symb,f,TR,0,0,1,0,8,0,67,0,1,6,0.387830997,l,1.207,7,0,,,,,,,,,,,,,,,,,,,,,,,,,,,,,,,,,,,,,,,,,,,,,,,,,,,,,,,,,,,,,,,,,,,,,,,,,,,,,,,,,,l,0,,,,,,,,,,,1.207,0,0,0,0,1,,,,,,,,,,,,
,,,,,,,,,,,,,,,,,107,4,2024-09-05_15h33.34.906,Symbol-E,2020.1.3,MacIntel,Safari,"Mozilla/5.0 (Macintosh; Intel Mac OS X 10_15_7) AppleWebKit/605.1.15 (KHTML, like Gecko) Version/17.6 Safari/605.1.15",60,,,,,,,,,,,,,,,,,,,,,,,,,,,,,,,,,,,,,,,,,,,,,,,,,,,,,,,,,,,,,,,,,,,,,,,,,,,,,,,,,,,,,,,,,,,,,,,,,,,,,,,,,,,,,,,,,,,,,,,,,,,,,,,,,,,,,,,,,,,,,,,,,67,0,67,0,1,,,,,,,,,,,,,,,,,,
,,,,,,,,,,,,,,,,,107,4,2024-09-05_15h33.34.906,Symbol-E,2020.1.3,MacIntel,Safari,"Mozilla/5.0 (Macintosh; Intel Mac OS X 10_15_7) AppleWebKit/605.1.15 (KHTML, like Gecko) Version/17.6 Safari/605.1.15",60,,,,,,,,,,,,,,,,,,,,,,,,,,,,,,,,,,,,media/dfnb.png,1,1,Symb,w,TR,0,0,1,0,8,0,68,0,1,6,0.910118297,w,1.32,1,1,,,,,,,,,,,,,,,,,,,,,,,,,,,,,,,,,,,,,,,,,,,,,,,,,,,,,,,,,,,,,,,,,,,,,,,,,,,,,,,,,,w,1,,,,,,,,,,,1.32,0,0,0,0,1,,,,,,,,,,,,
,,,,,,,,,,,,,,,,,107,4,2024-09-05_15h33.34.906,Symbol-E,2020.1.3,MacIntel,Safari,"Mozilla/5.0 (Macintosh; Intel Mac OS X 10_15_7) AppleWebKit/605.1.15 (KHTML, like Gecko) Version/17.6 Safari/605.1.15",60,,,,,,,,,,,,,,,,,,,,,,,,,,,,,,,,,,,,,,,,,,,,,,,,,,,,,,,,,,,,,,,,,,,,,,,,,,,,,,,,,,,,,,,,,,,,,,,,,,,,,,,,,,,,,,,,,,,,,,,,,,,,,,,,,,,,,,,,,,,,,,,,,68,0,68,0,1,,,,,,,,,,,,,,,,,,
,,,,,,,,,,,,,,,,,107,4,2024-09-05_15h33.34.906,Symbol-E,2020.1.3,MacIntel,Safari,"Mozilla/5.0 (Macintosh; Intel Mac OS X 10_15_7) AppleWebKit/605.1.15 (KHTML, like Gecko) Version/17.6 Safari/605.1.15",60,,,,,,,,,,,,,,,,,,,,,,,,,,,,,,,,,,,,media/dcnb.png,0,0,Symb,a,TR,0,0,1,0,8,0,69,0,1,6,0.173280401,f,1.25,3,0,,,,,,,,,,,,,,,,,,,,,,,,,,,,,,,,,,,,,,,,,,,,,,,,,,,,,,,,,,,,,,,,,,,,,,,,,,,,,,,,,,f,0,,,,,,,,,,,1.25,0,0,0,0,1,,,,,,,,,,,,
,,,,,,,,,,,,,,,,,107,4,2024-09-05_15h33.34.906,Symbol-E,2020.1.3,MacIntel,Safari,"Mozilla/5.0 (Macintosh; Intel Mac OS X 10_15_7) AppleWebKit/605.1.15 (KHTML, like Gecko) Version/17.6 Safari/605.1.15",60,,,,,,,,,,,,,,,,,,,,,,,,,,,,,,,,,,,,,,,,,,,,,,,,,,,,,,,,,,,,,,,,,,,,,,,,,,,,,,,,,,,,,,,,,,,,,,,,,,,,,,,,,,,,,,,,,,,,,,,,,,,,,,,,,,,,,,,,,,,,,,,,,69,0,69,0,1,,,,,,,,,,,,,,,,,,
,,,,,,,,,,,,,,,,,107,4,2024-09-05_15h33.34.906,Symbol-E,2020.1.3,MacIntel,Safari,"Mozilla/5.0 (Macintosh; Intel Mac OS X 10_15_7) AppleWebKit/605.1.15 (KHTML, like Gecko) Version/17.6 Safari/605.1.15",60,,,,,,,,,,,,,,,,,,,,,,,,,,,,,,,,,,,,media/dfnb.png,1,1,Symb,w,TR,0,0,1,0,8,0,70,0,1,6,0.541759308,w,1.305,1,1,,,,,,,,,,,,,,,,,,,,,,,,,,,,,,,,,,,,,,,,,,,,,,,,,,,,,,,,,,,,,,,,,,,,,,,,,,,,,,,,,,w,1,,,,,,,,,,,1.305,0,0,0,0,1,,,,,,,,,,,,
,,,,,,,,,,,,,,,,,107,4,2024-09-05_15h33.34.906,Symbol-E,2020.1.3,MacIntel,Safari,"Mozilla/5.0 (Macintosh; Intel Mac OS X 10_15_7) AppleWebKit/605.1.15 (KHTML, like Gecko) Version/17.6 Safari/605.1.15",60,,,,,,,,,,,,,,,,,,,,,,,,,,,,,,,,,,,,,,,,,,,,,,,,,,,,,,,,,,,,,,,,,,,,,,,,,,,,,,,,,,,,,,,,,,,,,,,,,,,,,,,,,,,,,,,,,,,,,,,,,,,,,,,,,,,,,,,,,,,,,,,,,70,0,70,0,1,,,,,,,,,,,,,,,,,,
,,,,,,,,,,,,,,,,,107,4,2024-09-05_15h33.34.906,Symbol-E,2020.1.3,MacIntel,Safari,"Mozilla/5.0 (Macintosh; Intel Mac OS X 10_15_7) AppleWebKit/605.1.15 (KHTML, like Gecko) Version/17.6 Safari/605.1.15",60,,,,,,,,,,,,,,,,,,,,,,,,,,,,,,,,,,,,media/dmnb.png,2,2,Symb,e,TR,0,0,1,0,8,0,71,0,1,6,0.234545762,i,1.271,6,0,,,,,,,,,,,,,,,,,,,,,,,,,,,,,,,,,,,,,,,,,,,,,,,,,,,,,,,,,,,,,,,,,,,,,,,,,,,,,,,,,,i,0,,,,,,,,,,,1.271,0,0,0,0,1,,,,,,,,,,,,
,,,,,,,,,,,,,,,,,107,4,2024-09-05_15h33.34.906,Symbol-E,2020.1.3,MacIntel,Safari,"Mozilla/5.0 (Macintosh; Intel Mac OS X 10_15_7) AppleWebKit/605.1.15 (KHTML, like Gecko) Version/17.6 Safari/605.1.15",60,,,,,,,,,,,,,,,,,,,,,,,,,,,,,,,,,,,,,,,,,,,,,,,,,,,,,,,,,,,,,,,,,,,,,,,,,,,,,,,,,,,,,,,,,,,,,,,,,,,,,,,,,,,,,,,,,,,,,,,,,,,,,,,,,,,,,,,,,,,,,,,,,71,0,71,0,1,,,,,,,,,,,,,,,,,,
,,,,,,,,,,,,,,,,,107,4,2024-09-05_15h33.34.906,Symbol-E,2020.1.3,MacIntel,Safari,"Mozilla/5.0 (Macintosh; Intel Mac OS X 10_15_7) AppleWebKit/605.1.15 (KHTML, like Gecko) Version/17.6 Safari/605.1.15",60,,,,,,,,,,,,,,,,,,,,,,,,,,,,,,,,,,,,media/dcnb.png,0,0,Symb,a,TR,0,0,1,0,8,0,72,0,1,6,0.758269689,a,1.309,0,1,,,,,,,,,,,,,,,,,,,,,,,,,,,,,,,,,,,,,,,,,,,,,,,,,,,,,,,,,,,,,,,,,,,,,,,,,,,,,,,,,,a,1,,,,,,,,,,,1.309,0,0,0,0,1,,,,,,,,,,,,
,,,,,,,,,,,,,,,,,107,4,2024-09-05_15h33.34.906,Symbol-E,2020.1.3,MacIntel,Safari,"Mozilla/5.0 (Macintosh; Intel Mac OS X 10_15_7) AppleWebKit/605.1.15 (KHTML, like Gecko) Version/17.6 Safari/605.1.15",60,,,,,,,,,,,,,,,,,,,,,,,,,,,,,,,,,,,,,,,,,,,,,,,,,,,,,,,,,,,,,,,,,,,,,,,,,,,,,,,,,,,,,,,,,,,,,,,,,,,,,,,,,,,,,,,,,,,,,,,,,,,,,,,,,,,,,,,,,,,,,,,,,72,0,72,0,1,,,,,,,,,,,,,,,,,,
,,,,,,,,,,,,,,,,,107,4,2024-09-05_15h33.34.906,Symbol-E,2020.1.3,MacIntel,Safari,"Mozilla/5.0 (Macintosh; Intel Mac OS X 10_15_7) AppleWebKit/605.1.15 (KHTML, like Gecko) Version/17.6 Safari/605.1.15",60,,,,,,,,,,,,,,,,,,,,,,,,,,,,,,,,,,,,media/dnnb.png,6,2,Symb,i,TR,0,0,1,0,8,0,73,0,1,6,1.117642754,i,1.306,6,1,,,,,,,,,,,,,,,,,,,,,,,,,,,,,,,,,,,,,,,,,,,,,,,,,,,,,,,,,,,,,,,,,,,,,,,,,,,,,,,,,,i,1,,,,,,,,,,,1.306,0,0,0,0,1,,,,,,,,,,,,
,,,,,,,,,,,,,,,,,107,4,2024-09-05_15h33.34.906,Symbol-E,2020.1.3,MacIntel,Safari,"Mozilla/5.0 (Macintosh; Intel Mac OS X 10_15_7) AppleWebKit/605.1.15 (KHTML, like Gecko) Version/17.6 Safari/605.1.15",60,,,,,,,,,,,,,,,,,,,,,,,,,,,,,,,,,,,,,,,,,,,,,,,,,,,,,,,,,,,,,,,,,,,,,,,,,,,,,,,,,,,,,,,,,,,,,,,,,,,,,,,,,,,,,,,,,,,,,,,,,,,,,,,,,,,,,,,,,,,,,,,,,73,0,73,0,1,,,,,,,,,,,,,,,,,,
,,,,,,,,,,,,,,,,,107,4,2024-09-05_15h33.34.906,Symbol-E,2020.1.3,MacIntel,Safari,"Mozilla/5.0 (Macintosh; Intel Mac OS X 10_15_7) AppleWebKit/605.1.15 (KHTML, like Gecko) Version/17.6 Safari/605.1.15",60,,,,,,,,,,,,,,,,,,,,,,,,,,,,,,,,,,,,media/dmnb.png,2,2,Symb,e,TR,0,0,1,0,8,0,74,0,1,6,1.068453767,e,1.337,2,1,,,,,,,,,,,,,,,,,,,,,,,,,,,,,,,,,,,,,,,,,,,,,,,,,,,,,,,,,,,,,,,,,,,,,,,,,,,,,,,,,,e,1,,,,,,,,,,,1.337,0,0,0,0,1,,,,,,,,,,,,
,,,,,,,,,,,,,,,,,107,4,2024-09-05_15h33.34.906,Symbol-E,2020.1.3,MacIntel,Safari,"Mozilla/5.0 (Macintosh; Intel Mac OS X 10_15_7) AppleWebKit/605.1.15 (KHTML, like Gecko) Version/17.6 Safari/605.1.15",60,,,,,,,,,,,,,,,,,,,,,,,,,,,,,,,,,,,,,,,,,,,,,,,,,,,,,,,,,,,,,,,,,,,,,,,,,,,,,,,,,,,,,,,,,,,,,,,,,,,,,,,,,,,,,,,,,,,,,,,,,,,,,,,,,,,,,,,,,,,,,,,,,74,0,74,0,1,,,,,,,,,,,,,,,,,,
,,,,,,,,,,,,,,,,,107,4,2024-09-05_15h33.34.906,Symbol-E,2020.1.3,MacIntel,Safari,"Mozilla/5.0 (Macintosh; Intel Mac OS X 10_15_7) AppleWebKit/605.1.15 (KHTML, like Gecko) Version/17.6 Safari/605.1.15",60,,,,,,,,,,,,,,,,,,,,,,,,,,,,,,,,,,,,media/dgnb.png,5,1,Symb,u,TR,0,0,1,0,8,0,75,0,1,6,0.11882914,w,1.334,1,0,,,,,,,,,,,,,,,,,,,,,,,,,,,,,,,,,,,,,,,,,,,,,,,,,,,,,,,,,,,,,,,,,,,,,,,,,,,,,,,,,,w,0,,,,,,,,,,,1.334,0,0,0,0,1,,,,,,,,,,,,
,,,,,,,,,,,,,,,,,107,4,2024-09-05_15h33.34.906,Symbol-E,2020.1.3,MacIntel,Safari,"Mozilla/5.0 (Macintosh; Intel Mac OS X 10_15_7) AppleWebKit/605.1.15 (KHTML, like Gecko) Version/17.6 Safari/605.1.15",60,,,,,,,,,,,,,,,,,,,,,,,,,,,,,,,,,,,,,,,,,,,,,,,,,,,,,,,,,,,,,,,,,,,,,,,,,,,,,,,,,,,,,,,,,,,,,,,,,,,,,,,,,,,,,,,,,,,,,,,,,,,,,,,,,,,,,,,,,,,,,,,,,75,0,75,0,1,,,,,,,,,,,,,,,,,,
,,,,,,,,,,,,,,,,,107,4,2024-09-05_15h33.34.906,Symbol-E,2020.1.3,MacIntel,Safari,"Mozilla/5.0 (Macintosh; Intel Mac OS X 10_15_7) AppleWebKit/605.1.15 (KHTML, like Gecko) Version/17.6 Safari/605.1.15",60,,,,,,,,,,,,,,,,,,,,,,,,,,,,,,,,,,,,media/dgnb.png,5,1,Symb,u,TR,0,0,1,0,8,0,76,0,1,6,0.770036668,w,1.238,1,0,,,,,,,,,,,,,,,,,,,,,,,,,,,,,,,,,,,,,,,,,,,,,,,,,,,,,,,,,,,,,,,,,,,,,,,,,,,,,,,,,,w,0,,,,,,,,,,,1.238,0,0,0,0,1,,,,,,,,,,,,
,,,,,,,,,,,,,,,,,107,4,2024-09-05_15h33.34.906,Symbol-E,2020.1.3,MacIntel,Safari,"Mozilla/5.0 (Macintosh; Intel Mac OS X 10_15_7) AppleWebKit/605.1.15 (KHTML, like Gecko) Version/17.6 Safari/605.1.15",60,,,,,,,,,,,,,,,,,,,,,,,,,,,,,,,,,,,,,,,,,,,,,,,,,,,,,,,,,,,,,,,,,,,,,,,,,,,,,,,,,,,,,,,,,,,,,,,,,,,,,,,,,,,,,,,,,,,,,,,,,,,,,,,,,,,,,,,,,,,,,,,,,76,0,76,0,1,,,,,,,,,,,,,,,,,,
,,,,,,,,,,,,,,,,,107,4,2024-09-05_15h33.34.906,Symbol-E,2020.1.3,MacIntel,Safari,"Mozilla/5.0 (Macintosh; Intel Mac OS X 10_15_7) AppleWebKit/605.1.15 (KHTML, like Gecko) Version/17.6 Safari/605.1.15",60,,,,,,,,,,,,,,,,,,,,,,,,,,,,,,,,,,,,media/dnnb.png,6,2,Symb,i,TR,0,0,1,0,8,0,77,0,1,6,0.048821968,f,1.353,3,0,,,,,,,,,,,,,,,,,,,,,,,,,,,,,,,,,,,,,,,,,,,,,,,,,,,,,,,,,,,,,,,,,,,,,,,,,,,,,,,,,,f,0,,,,,,,,,,,1.353,0,0,0,0,1,,,,,,,,,,,,
,,,,,,,,,,,,,,,,,107,4,2024-09-05_15h33.34.906,Symbol-E,2020.1.3,MacIntel,Safari,"Mozilla/5.0 (Macintosh; Intel Mac OS X 10_15_7) AppleWebKit/605.1.15 (KHTML, like Gecko) Version/17.6 Safari/605.1.15",60,,,,,,,,,,,,,,,,,,,,,,,,,,,,,,,,,,,,,,,,,,,,,,,,,,,,,,,,,,,,,,,,,,,,,,,,,,,,,,,,,,,,,,,,,,,,,,,,,,,,,,,,,,,,,,,,,,,,,,,,,,,,,,,,,,,,,,,,,,,,,,,,,77,0,77,0,1,,,,,,,,,,,,,,,,,,
,,,,,,,,,,,,,,,,,107,4,2024-09-05_15h33.34.906,Symbol-E,2020.1.3,MacIntel,Safari,"Mozilla/5.0 (Macintosh; Intel Mac OS X 10_15_7) AppleWebKit/605.1.15 (KHTML, like Gecko) Version/17.6 Safari/605.1.15",60,,,,,,,,,,,,,,,,,,,,,,,,,,,,,,,,,,,,media/djnb.png,7,3,Symb,l,TR,0,0,1,0,8,0,78,0,1,6,0.099663667,u,1.288,5,0,,,,,,,,,,,,,,,,,,,,,,,,,,,,,,,,,,,,,,,,,,,,,,,,,,,,,,,,,,,,,,,,,,,,,,,,,,,,,,,,,,u,0,,,,,,,,,,,1.288,0,0,0,0,1,,,,,,,,,,,,
,,,,,,,,,,,,,,,,,107,4,2024-09-05_15h33.34.906,Symbol-E,2020.1.3,MacIntel,Safari,"Mozilla/5.0 (Macintosh; Intel Mac OS X 10_15_7) AppleWebKit/605.1.15 (KHTML, like Gecko) Version/17.6 Safari/605.1.15",60,,,,,,,,,,,,,,,,,,,,,,,,,,,,,,,,,,,,,,,,,,,,,,,,,,,,,,,,,,,,,,,,,,,,,,,,,,,,,,,,,,,,,,,,,,,,,,,,,,,,,,,,,,,,,,,,,,,,,,,,,,,,,,,,,,,,,,,,,,,,,,,,,78,0,78,0,1,,,,,,,,,,,,,,,,,,
,,,,,,,,,,,,,,,,,107,4,2024-09-05_15h33.34.906,Symbol-E,2020.1.3,MacIntel,Safari,"Mozilla/5.0 (Macintosh; Intel Mac OS X 10_15_7) AppleWebKit/605.1.15 (KHTML, like Gecko) Version/17.6 Safari/605.1.15",60,,,,,,,,,,,,,,,,,,,,,,,,,,,,,,,,,,,,media/dinb.png,3,3,Symb,f,TR,0,0,1,0,8,0,79,0,1,6,0.546190424,f,1.437,3,1,,,,,,,,,,,,,,,,,,,,,,,,,,,,,,,,,,,,,,,,,,,,,,,,,,,,,,,,,,,,,,,,,,,,,,,,,,,,,,,,,,f,1,,,,,,,,,,,1.437,0,0,0,0,1,,,,,,,,,,,,
,,,,,,,,,,,,,,,,,107,4,2024-09-05_15h33.34.906,Symbol-E,2020.1.3,MacIntel,Safari,"Mozilla/5.0 (Macintosh; Intel Mac OS X 10_15_7) AppleWebKit/605.1.15 (KHTML, like Gecko) Version/17.6 Safari/605.1.15",60,,,,,,,,,,,,,,,,,,,,,,,,,,,,,,,,,,,,,,,,,,,,,,,,,,,,,,,,,,,,,,,,,,,,,,,,,,,,,,,,,,,,,,,,,,,,,,,,,,,,,,,,,,,,,,,,,,,,,,,,,,,,,,,,,,,,,,,,,,,,,,,,,79,0,79,0,1,,,,,,,,,,,,,,,,,,
,,,,,,,,,,,,,,,,,107,4,2024-09-05_15h33.34.906,Symbol-E,2020.1.3,MacIntel,Safari,"Mozilla/5.0 (Macintosh; Intel Mac OS X 10_15_7) AppleWebKit/605.1.15 (KHTML, like Gecko) Version/17.6 Safari/605.1.15",60,,,,,,,,,,,,,,,,,,,,,,,,,,,,,,,,,,,,media/dinb.png,3,3,Symb,f,TR,0,0,1,0,8,0,80,0,1,6,0.604452756,f,1.236,3,1,,,,,,,,,,,,,,,,,,,,,,,,,,,,,,,,,,,,,,,,,,,,,,,,,,,,,,,,,,,,,,,,,,,,,,,,,,,,,,,,,,f,1,,,,,,,,,,,1.236,0,0,0,0,1,,,,,,,,,,,,
,,,,,,,,,,,,,,,,,107,4,2024-09-05_15h33.34.906,Symbol-E,2020.1.3,MacIntel,Safari,"Mozilla/5.0 (Macintosh; Intel Mac OS X 10_15_7) AppleWebKit/605.1.15 (KHTML, like Gecko) Version/17.6 Safari/605.1.15",60,,,,,,,,,,,,,,,,,,,,,,,,,,,,,,,,,,,,,,,,,,,,,,,,,,,,,,,,,,,,,,,,,,,,,,,,,,,,,,,,,,,,,,,,,,,,,,,,,,,,,,,,,,,,,,,,,,,,,,,,,,,,,,,,,,,,,,,,,,,,,,,,,80,0,80,0,1,,,,,,,,,,,,,,,,,,
,,,,,,,,,,,,,,,,,107,4,2024-09-05_15h33.34.906,Symbol-E,2020.1.3,MacIntel,Safari,"Mozilla/5.0 (Macintosh; Intel Mac OS X 10_15_7) AppleWebKit/605.1.15 (KHTML, like Gecko) Version/17.6 Safari/605.1.15",60,,,,,,,,,,,,,,,,,,,,,,,,,,,,,,,,,,,,media/dfnb.png,1,1,Symb,w,TR,0,0,1,0,8,0,81,0,1,6,0.451844095,u,1.252,5,0,,,,,,,,,,,,,,,,,,,,,,,,,,,,,,,,,,,,,,,,,,,,,,,,,,,,,,,,,,,,,,,,,,,,,,,,,,,,,,,,,,u,0,,,,,,,,,,,1.252,0,0,0,0,1,,,,,,,,,,,,
,,,,,,,,,,,,,,,,,107,4,2024-09-05_15h33.34.906,Symbol-E,2020.1.3,MacIntel,Safari,"Mozilla/5.0 (Macintosh; Intel Mac OS X 10_15_7) AppleWebKit/605.1.15 (KHTML, like Gecko) Version/17.6 Safari/605.1.15",60,,,,,,,,,,,,,,,,,,,,,,,,,,,,,,,,,,,,,,,,,,,,,,,,,,,,,,,,,,,,,,,,,,,,,,,,,,,,,,,,,,,,,,,,,,,,,,,,,,,,,,,,,,,,,,,,,,,,,,,,,,,,,,,,,,,,,,,,,,,,,,,,,81,0,81,0,1,,,,,,,,,,,,,,,,,,
,,,,,,,,,,,,,,,,,107,4,2024-09-05_15h33.34.906,Symbol-E,2020.1.3,MacIntel,Safari,"Mozilla/5.0 (Macintosh; Intel Mac OS X 10_15_7) AppleWebKit/605.1.15 (KHTML, like Gecko) Version/17.6 Safari/605.1.15",60,,,,,,,,,,,,,,,,,,,,,,,,,,,,,,,,,,,,media/dnnb.png,6,2,Symb,i,TR,0,0,1,0,8,0,82,0,1,6,0.21316478,i,1.338,6,1,,,,,,,,,,,,,,,,,,,,,,,,,,,,,,,,,,,,,,,,,,,,,,,,,,,,,,,,,,,,,,,,,,,,,,,,,,,,,,,,,,i,1,,,,,,,,,,,1.338,0,0,0,0,1,,,,,,,,,,,,
,,,,,,,,,,,,,,,,,107,4,2024-09-05_15h33.34.906,Symbol-E,2020.1.3,MacIntel,Safari,"Mozilla/5.0 (Macintosh; Intel Mac OS X 10_15_7) AppleWebKit/605.1.15 (KHTML, like Gecko) Version/17.6 Safari/605.1.15",60,,,,,,,,,,,,,,,,,,,,,,,,,,,,,,,,,,,,,,,,,,,,,,,,,,,,,,,,,,,,,,,,,,,,,,,,,,,,,,,,,,,,,,,,,,,,,,,,,,,,,,,,,,,,,,,,,,,,,,,,,,,,,,,,,,,,,,,,,,,,,,,,,82,0,82,0,1,,,,,,,,,,,,,,,,,,
,,,,,,,,,,,,,,,,,107,4,2024-09-05_15h33.34.906,Symbol-E,2020.1.3,MacIntel,Safari,"Mozilla/5.0 (Macintosh; Intel Mac OS X 10_15_7) AppleWebKit/605.1.15 (KHTML, like Gecko) Version/17.6 Safari/605.1.15",60,,,,,,,,,,,,,,,,,,,,,,,,,,,,,,,,,,,,media/dfnb.png,1,1,Symb,w,TR,0,0,1,0,8,0,83,0,1,6,1.036251112,w,1.322,1,1,,,,,,,,,,,,,,,,,,,,,,,,,,,,,,,,,,,,,,,,,,,,,,,,,,,,,,,,,,,,,,,,,,,,,,,,,,,,,,,,,,w,1,,,,,,,,,,,1.322,0,0,0,0,1,,,,,,,,,,,,
,,,,,,,,,,,,,,,,,107,4,2024-09-05_15h33.34.906,Symbol-E,2020.1.3,MacIntel,Safari,"Mozilla/5.0 (Macintosh; Intel Mac OS X 10_15_7) AppleWebKit/605.1.15 (KHTML, like Gecko) Version/17.6 Safari/605.1.15",60,,,,,,,,,,,,,,,,,,,,,,,,,,,,,,,,,,,,,,,,,,,,,,,,,,,,,,,,,,,,,,,,,,,,,,,,,,,,,,,,,,,,,,,,,,,,,,,,,,,,,,,,,,,,,,,,,,,,,,,,,,,,,,,,,,,,,,,,,,,,,,,,,83,0,83,0,1,,,,,,,,,,,,,,,,,,
,,,,,,,,,,,,,,,,,107,4,2024-09-05_15h33.34.906,Symbol-E,2020.1.3,MacIntel,Safari,"Mozilla/5.0 (Macintosh; Intel Mac OS X 10_15_7) AppleWebKit/605.1.15 (KHTML, like Gecko) Version/17.6 Safari/605.1.15",60,,,,,,,,,,,,,,,,,,,,,,,,,,,,,,,,,,,,media/dmnb.png,2,2,Symb,e,TR,0,0,1,0,8,0,84,0,1,6,0.582742943,e,1.308,2,1,,,,,,,,,,,,,,,,,,,,,,,,,,,,,,,,,,,,,,,,,,,,,,,,,,,,,,,,,,,,,,,,,,,,,,,,,,,,,,,,,,e,1,,,,,,,,,,,1.308,0,0,0,0,1,,,,,,,,,,,,
,,,,,,,,,,,,,,,,,107,4,2024-09-05_15h33.34.906,Symbol-E,2020.1.3,MacIntel,Safari,"Mozilla/5.0 (Macintosh; Intel Mac OS X 10_15_7) AppleWebKit/605.1.15 (KHTML, like Gecko) Version/17.6 Safari/605.1.15",60,,,,,,,,,,,,,,,,,,,,,,,,,,,,,,,,,,,,,,,,,,,,,,,,,,,,,,,,,,,,,,,,,,,,,,,,,,,,,,,,,,,,,,,,,,,,,,,,,,,,,,,,,,,,,,,,,,,,,,,,,,,,,,,,,,,,,,,,,,,,,,,,,84,0,84,0,1,,,,,,,,,,,,,,,,,,
,,,,,,,,,,,,,,,,,107,4,2024-09-05_15h33.34.906,Symbol-E,2020.1.3,MacIntel,Safari,"Mozilla/5.0 (Macintosh; Intel Mac OS X 10_15_7) AppleWebKit/605.1.15 (KHTML, like Gecko) Version/17.6 Safari/605.1.15",60,,,,,,,,,,,,,,,,,,,,,,,,,,,,,,,,,,,,media/dgnb.png,5,1,Symb,u,TR,0,0,1,0,8,0,85,0,1,6,0.635835639,u,1.344,5,1,,,,,,,,,,,,,,,,,,,,,,,,,,,,,,,,,,,,,,,,,,,,,,,,,,,,,,,,,,,,,,,,,,,,,,,,,,,,,,,,,,u,1,,,,,,,,,,,1.344,0,0,0,0,1,,,,,,,,,,,,
,,,,,,,,,,,,,,,,,107,4,2024-09-05_15h33.34.906,Symbol-E,2020.1.3,MacIntel,Safari,"Mozilla/5.0 (Macintosh; Intel Mac OS X 10_15_7) AppleWebKit/605.1.15 (KHTML, like Gecko) Version/17.6 Safari/605.1.15",60,,,,,,,,,,,,,,,,,,,,,,,,,,,,,,,,,,,,,,,,,,,,,,,,,,,,,,,,,,,,,,,,,,,,,,,,,,,,,,,,,,,,,,,,,,,,,,,,,,,,,,,,,,,,,,,,,,,,,,,,,,,,,,,,,,,,,,,,,,,,,,,,,85,0,85,0,1,,,,,,,,,,,,,,,,,,
,,,,,,,,,,,,,,,,,107,4,2024-09-05_15h33.34.906,Symbol-E,2020.1.3,MacIntel,Safari,"Mozilla/5.0 (Macintosh; Intel Mac OS X 10_15_7) AppleWebKit/605.1.15 (KHTML, like Gecko) Version/17.6 Safari/605.1.15",60,,,,,,,,,,,,,,,,,,,,,,,,,,,,,,,,,,,,media/dcnb.png,0,0,Symb,a,TR,0,0,1,0,8,0,86,0,1,6,0.365409898,w,1.303,1,0,,,,,,,,,,,,,,,,,,,,,,,,,,,,,,,,,,,,,,,,,,,,,,,,,,,,,,,,,,,,,,,,,,,,,,,,,,,,,,,,,,w,0,,,,,,,,,,,1.303,0,0,0,0,1,,,,,,,,,,,,
,,,,,,,,,,,,,,,,,107,4,2024-09-05_15h33.34.906,Symbol-E,2020.1.3,MacIntel,Safari,"Mozilla/5.0 (Macintosh; Intel Mac OS X 10_15_7) AppleWebKit/605.1.15 (KHTML, like Gecko) Version/17.6 Safari/605.1.15",60,,,,,,,,,,,,,,,,,,,,,,,,,,,,,,,,,,,,,,,,,,,,,,,,,,,,,,,,,,,,,,,,,,,,,,,,,,,,,,,,,,,,,,,,,,,,,,,,,,,,,,,,,,,,,,,,,,,,,,,,,,,,,,,,,,,,,,,,,,,,,,,,,86,0,86,0,1,,,,,,,,,,,,,,,,,,
,,,,,,,,,,,,,,,,,107,4,2024-09-05_15h33.34.906,Symbol-E,2020.1.3,MacIntel,Safari,"Mozilla/5.0 (Macintosh; Intel Mac OS X 10_15_7) AppleWebKit/605.1.15 (KHTML, like Gecko) Version/17.6 Safari/605.1.15",60,,,,,,,,,,,,,,,,,,,,,,,,,,,,,,,,,,,,media/dnnb.png,6,2,Symb,i,TR,0,0,1,0,8,0,87,0,1,6,0.577227905,u,1.32,5,0,,,,,,,,,,,,,,,,,,,,,,,,,,,,,,,,,,,,,,,,,,,,,,,,,,,,,,,,,,,,,,,,,,,,,,,,,,,,,,,,,,u,0,,,,,,,,,,,1.32,0,0,0,0,1,,,,,,,,,,,,
,,,,,,,,,,,,,,,,,107,4,2024-09-05_15h33.34.906,Symbol-E,2020.1.3,MacIntel,Safari,"Mozilla/5.0 (Macintosh; Intel Mac OS X 10_15_7) AppleWebKit/605.1.15 (KHTML, like Gecko) Version/17.6 Safari/605.1.15",60,,,,,,,,,,,,,,,,,,,,,,,,,,,,,,,,,,,,,,,,,,,,,,,,,,,,,,,,,,,,,,,,,,,,,,,,,,,,,,,,,,,,,,,,,,,,,,,,,,,,,,,,,,,,,,,,,,,,,,,,,,,,,,,,,,,,,,,,,,,,,,,,,87,0,87,0,1,,,,,,,,,,,,,,,,,,
,,,,,,,,,,,,,,,,,107,4,2024-09-05_15h33.34.906,Symbol-E,2020.1.3,MacIntel,Safari,"Mozilla/5.0 (Macintosh; Intel Mac OS X 10_15_7) AppleWebKit/605.1.15 (KHTML, like Gecko) Version/17.6 Safari/605.1.15",60,,,,,,,,,,,,,,,,,,,,,,,,,,,,,,,,,,,,media/dcnb.png,0,0,Symb,a,TR,0,0,1,0,8,0,88,0,1,6,1.000214725,a,1.306,0,1,,,,,,,,,,,,,,,,,,,,,,,,,,,,,,,,,,,,,,,,,,,,,,,,,,,,,,,,,,,,,,,,,,,,,,,,,,,,,,,,,,a,1,,,,,,,,,,,1.306,0,0,0,0,1,,,,,,,,,,,,
,,,,,,,,,,,,,,,,,107,4,2024-09-05_15h33.34.906,Symbol-E,2020.1.3,MacIntel,Safari,"Mozilla/5.0 (Macintosh; Intel Mac OS X 10_15_7) AppleWebKit/605.1.15 (KHTML, like Gecko) Version/17.6 Safari/605.1.15",60,,,,,,,,,,,,,,,,,,,,,,,,,,,,,,,,,,,,,,,,,,,,,,,,,,,,,,,,,,,,,,,,,,,,,,,,,,,,,,,,,,,,,,,,,,,,,,,,,,,,,,,,,,,,,,,,,,,,,,,,,,,,,,,,,,,,,,,,,,,,,,,,,88,0,88,0,1,,,,,,,,,,,,,,,,,,
,,,,,,,,,,,,,,,,,107,4,2024-09-05_15h33.34.906,Symbol-E,2020.1.3,MacIntel,Safari,"Mozilla/5.0 (Macintosh; Intel Mac OS X 10_15_7) AppleWebKit/605.1.15 (KHTML, like Gecko) Version/17.6 Safari/605.1.15",60,,,,,,,,,,,,,,,,,,,,,,,,,,,,,,,,,,,,media/ddnb.png,4,0,Symb,h,TR,0,0,1,0,8,0,89,0,1,6,1.086169187,h,1.353,4,1,,,,,,,,,,,,,,,,,,,,,,,,,,,,,,,,,,,,,,,,,,,,,,,,,,,,,,,,,,,,,,,,,,,,,,,,,,,,,,,,,,h,1,,,,,,,,,,,1.353,0,0,0,0,1,,,,,,,,,,,,
,,,,,,,,,,,,,,,,,107,4,2024-09-05_15h33.34.906,Symbol-E,2020.1.3,MacIntel,Safari,"Mozilla/5.0 (Macintosh; Intel Mac OS X 10_15_7) AppleWebKit/605.1.15 (KHTML, like Gecko) Version/17.6 Safari/605.1.15",60,,,,,,,,,,,,,,,,,,,,,,,,,,,,,,,,,,,,,,,,,,,,,,,,,,,,,,,,,,,,,,,,,,,,,,,,,,,,,,,,,,,,,,,,,,,,,,,,,,,,,,,,,,,,,,,,,,,,,,,,,,,,,,,,,,,,,,,,,,,,,,,,,89,0,89,0,1,,,,,,,,,,,,,,,,,,
,,,,,,,,,,,,,,,,,107,4,2024-09-05_15h33.34.906,Symbol-E,2020.1.3,MacIntel,Safari,"Mozilla/5.0 (Macintosh; Intel Mac OS X 10_15_7) AppleWebKit/605.1.15 (KHTML, like Gecko) Version/17.6 Safari/605.1.15",60,,,,,,,,,,,,,,,,,,,,,,,,,,,,,,,,,,,,media/ddnb.png,4,0,Symb,h,TR,0,0,1,0,8,0,90,0,1,6,0.826894911,h,1.136,4,1,,,,,,,,,,,,,,,,,,,,,,,,,,,,,,,,,,,,,,,,,,,,,,,,,,,,,,,,,,,,,,,,,,,,,,,,,,,,,,,,,,h,1,,,,,,,,,,,1.136,0,0,0,0,1,,,,,,,,,,,,
,,,,,,,,,,,,,,,,,107,4,2024-09-05_15h33.34.906,Symbol-E,2020.1.3,MacIntel,Safari,"Mozilla/5.0 (Macintosh; Intel Mac OS X 10_15_7) AppleWebKit/605.1.15 (KHTML, like Gecko) Version/17.6 Safari/605.1.15",60,,,,,,,,,,,,,,,,,,,,,,,,,,,,,,,,,,,,,,,,,,,,,,,,,,,,,,,,,,,,,,,,,,,,,,,,,,,,,,,,,,,,,,,,,,,,,,,,,,,,,,,,,,,,,,,,,,,,,,,,,,,,,,,,,,,,,,,,,,,,,,,,,90,0,90,0,1,,,,,,,,,,,,,,,,,,
,,,,,,,,,,,,,,,,,107,4,2024-09-05_15h33.34.906,Symbol-E,2020.1.3,MacIntel,Safari,"Mozilla/5.0 (Macintosh; Intel Mac OS X 10_15_7) AppleWebKit/605.1.15 (KHTML, like Gecko) Version/17.6 Safari/605.1.15",60,,,,,,,,,,,,,,,,,,,,,,,,,,,,,,,,,,,,media/dmnb.png,2,2,Symb,e,TR,0,0,1,0,8,0,91,0,1,6,0.062357812,w,1.47,1,0,,,,,,,,,,,,,,,,,,,,,,,,,,,,,,,,,,,,,,,,,,,,,,,,,,,,,,,,,,,,,,,,,,,,,,,,,,,,,,,,,,w,0,,,,,,,,,,,1.47,0,0,0,0,1,,,,,,,,,,,,
,,,,,,,,,,,,,,,,,107,4,2024-09-05_15h33.34.906,Symbol-E,2020.1.3,MacIntel,Safari,"Mozilla/5.0 (Macintosh; Intel Mac OS X 10_15_7) AppleWebKit/605.1.15 (KHTML, like Gecko) Version/17.6 Safari/605.1.15",60,,,,,,,,,,,,,,,,,,,,,,,,,,,,,,,,,,,,,,,,,,,,,,,,,,,,,,,,,,,,,,,,,,,,,,,,,,,,,,,,,,,,,,,,,,,,,,,,,,,,,,,,,,,,,,,,,,,,,,,,,,,,,,,,,,,,,,,,,,,,,,,,,91,0,91,0,1,,,,,,,,,,,,,,,,,,
,,,,,,,,,,,,,,,,,107,4,2024-09-05_15h33.34.906,Symbol-E,2020.1.3,MacIntel,Safari,"Mozilla/5.0 (Macintosh; Intel Mac OS X 10_15_7) AppleWebKit/605.1.15 (KHTML, like Gecko) Version/17.6 Safari/605.1.15",60,,,,,,,,,,,,,,,,,,,,,,,,,,,,,,,,,,,,media/djnb.png,7,3,Symb,l,TR,0,0,1,0,8,0,92,0,1,6,0.740863285,l,1.284,7,1,,,,,,,,,,,,,,,,,,,,,,,,,,,,,,,,,,,,,,,,,,,,,,,,,,,,,,,,,,,,,,,,,,,,,,,,,,,,,,,,,,l,1,,,,,,,,,,,1.284,0,0,0,0,1,,,,,,,,,,,,
,,,,,,,,,,,,,,,,,107,4,2024-09-05_15h33.34.906,Symbol-E,2020.1.3,MacIntel,Safari,"Mozilla/5.0 (Macintosh; Intel Mac OS X 10_15_7) AppleWebKit/605.1.15 (KHTML, like Gecko) Version/17.6 Safari/605.1.15",60,,,,,,,,,,,,,,,,,,,,,,,,,,,,,,,,,,,,,,,,,,,,,,,,,,,,,,,,,,,,,,,,,,,,,,,,,,,,,,,,,,,,,,,,,,,,,,,,,,,,,,,,,,,,,,,,,,,,,,,,,,,,,,,,,,,,,,,,,,,,,,,,,92,0,92,0,1,,,,,,,,,,,,,,,,,,
,,,,,,,,,,,,,,,,,107,4,2024-09-05_15h33.34.906,Symbol-E,2020.1.3,MacIntel,Safari,"Mozilla/5.0 (Macintosh; Intel Mac OS X 10_15_7) AppleWebKit/605.1.15 (KHTML, like Gecko) Version/17.6 Safari/605.1.15",60,,,,,,,,,,,,,,,,,,,,,,,,,,,,,,,,,,,,media/dgnb.png,5,1,Symb,u,TR,0,0,1,0,8,0,93,0,1,6,0.063268166,w,1.269,1,0,,,,,,,,,,,,,,,,,,,,,,,,,,,,,,,,,,,,,,,,,,,,,,,,,,,,,,,,,,,,,,,,,,,,,,,,,,,,,,,,,,w,0,,,,,,,,,,,1.269,0,0,0,0,1,,,,,,,,,,,,
,,,,,,,,,,,,,,,,,107,4,2024-09-05_15h33.34.906,Symbol-E,2020.1.3,MacIntel,Safari,"Mozilla/5.0 (Macintosh; Intel Mac OS X 10_15_7) AppleWebKit/605.1.15 (KHTML, like Gecko) Version/17.6 Safari/605.1.15",60,,,,,,,,,,,,,,,,,,,,,,,,,,,,,,,,,,,,,,,,,,,,,,,,,,,,,,,,,,,,,,,,,,,,,,,,,,,,,,,,,,,,,,,,,,,,,,,,,,,,,,,,,,,,,,,,,,,,,,,,,,,,,,,,,,,,,,,,,,,,,,,,,93,0,93,0,1,,,,,,,,,,,,,,,,,,
,,,,,,,,,,,,,,,,,107,4,2024-09-05_15h33.34.906,Symbol-E,2020.1.3,MacIntel,Safari,"Mozilla/5.0 (Macintosh; Intel Mac OS X 10_15_7) AppleWebKit/605.1.15 (KHTML, like Gecko) Version/17.6 Safari/605.1.15",60,,,,,,,,,,,,,,,,,,,,,,,,,,,,,,,,,,,,media/dinb.png,3,3,Symb,f,TR,0,0,1,0,8,0,94,0,1,6,0.876019979,u,1.291,5,0,,,,,,,,,,,,,,,,,,,,,,,,,,,,,,,,,,,,,,,,,,,,,,,,,,,,,,,,,,,,,,,,,,,,,,,,,,,,,,,,,,u,0,,,,,,,,,,,1.291,0,0,0,0,1,,,,,,,,,,,,
,,,,,,,,,,,,,,,,,107,4,2024-09-05_15h33.34.906,Symbol-E,2020.1.3,MacIntel,Safari,"Mozilla/5.0 (Macintosh; Intel Mac OS X 10_15_7) AppleWebKit/605.1.15 (KHTML, like Gecko) Version/17.6 Safari/605.1.15",60,,,,,,,,,,,,,,,,,,,,,,,,,,,,,,,,,,,,,,,,,,,,,,,,,,,,,,,,,,,,,,,,,,,,,,,,,,,,,,,,,,,,,,,,,,,,,,,,,,,,,,,,,,,,,,,,,,,,,,,,,,,,,,,,,,,,,,,,,,,,,,,,,94,0,94,0,1,,,,,,,,,,,,,,,,,,
,,,,,,,,,,,,,,,,,107,4,2024-09-05_15h33.34.906,Symbol-E,2020.1.3,MacIntel,Safari,"Mozilla/5.0 (Macintosh; Intel Mac OS X 10_15_7) AppleWebKit/605.1.15 (KHTML, like Gecko) Version/17.6 Safari/605.1.15",60,,,,,,,,,,,,,,,,,,,,,,,,,,,,,,,,,,,,media/djnb.png,7,3,Symb,l,TR,0,0,1,0,8,0,95,0,1,6,0.480104104,i,1.372,6,0,,,,,,,,,,,,,,,,,,,,,,,,,,,,,,,,,,,,,,,,,,,,,,,,,,,,,,,,,,,,,,,,,,,,,,,,,,,,,,,,,,i,0,,,,,,,,,,,1.372,0,0,0,0,1,,,,,,,,,,,,
,,,,,,,,,,,,,,,,,107,4,2024-09-05_15h33.34.906,Symbol-E,2020.1.3,MacIntel,Safari,"Mozilla/5.0 (Macintosh; Intel Mac OS X 10_15_7) AppleWebKit/605.1.15 (KHTML, like Gecko) Version/17.6 Safari/605.1.15",60,,,,,,,,,,,,,,,,,,,,,,,,,,,,,,,,,,,,,,,,,,,,,,,,,,,,,,,,,,,,,,,,,,,,,,,,,,,,,,,,,,,,,,,,,,,,,,,,,,,,,,,,,,,,,,,,,,,,,,,,,,,,,,,,,,,,,,,,,,,,,,,,,95,0,95,0,1,,,,,,,,,,,,,,,,,,
,,,,,,,,,,,,,,,,,107,4,2024-09-05_15h33.34.906,Symbol-E,2020.1.3,MacIntel,Safari,"Mozilla/5.0 (Macintosh; Intel Mac OS X 10_15_7) AppleWebKit/605.1.15 (KHTML, like Gecko) Version/17.6 Safari/605.1.15",60,,,,,,,,,,,,,,,,,,,,,,,,,,,,,,,,,,,,,,,,,,,,,,,,,,,,,,,,,,,,,,,,,,,,,,,,,,,,,,,,,,,,,,,,,,,,,,,,,,,,,,,,,,,,,,,,,,,,,,,,,,,,,,,,,,,,,,,,,,,,,,,,,,,,,,,,,,,,5,0,5,0,1,,,,,,,
,,,,,,,,,,,,,,,,,107,4,2024-09-05_15h33.34.906,Symbol-E,2020.1.3,MacIntel,Safari,"Mozilla/5.0 (Macintosh; Intel Mac OS X 10_15_7) AppleWebKit/605.1.15 (KHTML, like Gecko) Version/17.6 Safari/605.1.15",60,,,,,,,,,,,,,,,,,,,,,,,,,,,,,,,,,,,,,,,,,,,,,,,,,,,,,,,,,,,,,,,,,,,,,,,,,,,,,,,,,,,,,,,,,,,,,,,,,,,,,,,,,,,,,,,,,,,,,,,,,,,,,,,,,,,,,,,,,,,,,,,,,,,,,,,,,,,,,,,,,0,0,0,0,1,,
,,,,,,,,,,,,,,,,,107,4,2024-09-05_15h33.34.906,Symbol-E,2020.1.3,MacIntel,Safari,"Mozilla/5.0 (Macintosh; Intel Mac OS X 10_15_7) AppleWebKit/605.1.15 (KHTML, like Gecko) Version/17.6 Safari/605.1.15",60,,,,,,,,,,,,,,,,,,,,,,,,,,,,,,,,,,,,,,,,,,,,,,,,,,,,,,,,,,,,,,,,,,,,,,,,,,,,,,,,,,,,,,,,,,,,,,,,,,,,,,,,,,,,,,,,,,,,,,,,,,,,,,,,,,,,,,,,,,,,,,,,,,,,,,,,,,,,,,,,,,,,,,space,7.125
