Import_Stim.thisRepN,Import_Stim.thisTrialN,Import_Stim.thisN,Import_Stim.thisIndex,Import_Stim.ran,StimNum,Key,KeyNum,Symb,Symb_R,Symb_G,X_pos,Y_pos,Hand,Sound_P,Sound_N,Beep,participant,session,date,expName,psychopyVersion,OS,browser,browserInfo,frameRate,symb_map,symb_remap,Remap_Pair_1,Remap_Pair_2,Instr_Exp_Key.keys,Instr_Exp_Key.rt,Instr_Sound_Check_Press.keys,Instr_Sound_Check_Press.rt,Instr_Sound_Check_Press_Space.keys,Instr_Sound_Check_Iter.thisRepN,Instr_Sound_Check_Iter.thisTrialN,Instr_Sound_Check_Iter.thisN,Instr_Sound_Check_Iter.thisIndex,Instr_Sound_Check_Iter.ran,Instr_Sound_Check_Press_Space.rt,Sound_check_Creat_StimSeq_Text_Press.keys,sound_check,sound_check_press,sound_check_rt,sound_check_correct,sound_check_trial_count,Sound_Check_Press.keys,Sound_Check_Press.rt,Sound_Check_Iter.thisRepN,Sound_Check_Iter.thisTrialN,Sound_Check_Iter.thisN,Sound_Check_Iter.thisIndex,Sound_Check_Iter.ran,Sound_Check_Bool.thisRepN,Sound_Check_Bool.thisTrialN,Sound_Check_Bool.thisN,Sound_Check_Bool.thisIndex,Sound_Check_Bool.ran,Instr_RT_Hand_Key.keys,Instr_RT_Hand_Key.rt,stim_val,proposed_choice,key_num,stim_type,key,block_type,tr_old_pre,tr_old_post,remap,pre_rt,set_size,repeat_count,trial_Count,grp_stop,grp_swap,block_num,prep_time,actual_press,rt,actual_choice,correct,RT_Press_Hand.keys,RT_Press_Hand.corr,RT_Press_Hand.rt,RT_Iter_Hand.thisRepN,RT_Iter_Hand.thisTrialN,RT_Iter_Hand.thisN,RT_Iter_Hand.thisIndex,RT_Iter_Hand.ran,RT_Hand_Bool.thisRepN,RT_Hand_Bool.thisTrialN,RT_Hand_Bool.thisN,RT_Hand_Bool.thisIndex,RT_Hand_Bool.ran,Instr_HAND_TR_press.keys,Instr_HAND_TR_press.rt,Instr_Block_Num_Press.keys,Instr_Block_Num_Press.rt,TR_Press_Hand.keys,TR_Press_Hand.corr,TR_Penalty_Press.keys,TR_Penalty_Press.rt,TR_Penalty_Bool_Hand.thisRepN,TR_Penalty_Bool_Hand.thisTrialN,TR_Penalty_Bool_Hand.thisN,TR_Penalty_Bool_Hand.thisIndex,TR_Penalty_Bool_Hand.ran,TR_Iter_Hand.thisRepN,TR_Iter_Hand.thisTrialN,TR_Iter_Hand.thisN,TR_Iter_Hand.thisIndex,TR_Iter_Hand.ran,TR_Press_Hand.rt,TR_Feedback_Bool_Hand.thisRepN,TR_Feedback_Bool_Hand.thisTrialN,TR_Feedback_Bool_Hand.thisN,TR_Feedback_Bool_Hand.thisIndex,TR_Feedback_Bool_Hand.ran,TR_Block_Hand.thisRepN,TR_Block_Hand.thisTrialN,TR_Block_Hand.thisN,TR_Block_Hand.thisIndex,TR_Block_Hand.ran,TR_Hand_Bool.thisRepN,TR_Hand_Bool.thisTrialN,TR_Hand_Bool.thisN,TR_Hand_Bool.thisIndex,TR_Hand_Bool.ran,Instr_CR_Old_Press.keys,Instr_CR_Old_Press.rt,RT_Press.keys,RT_Press.corr,RT_Press.rt,CR_Old_Iter.thisRepN,CR_Old_Iter.thisTrialN,CR_Old_Iter.thisN,CR_Old_Iter.thisIndex,CR_Old_Iter.ran,CR_Old_Bool.thisRepN,CR_Old_Bool.thisTrialN,CR_Old_Bool.thisN,CR_Old_Bool.thisIndex,CR_Old_Bool.ran,Instr_CR_New_Press.keys,Instr_CR_New_Press.rt,CR_New_Iter_Swap.thisRepN,CR_New_Iter_Swap.thisTrialN,CR_New_Iter_Swap.thisN,CR_New_Iter_Swap.thisIndex,CR_New_Iter_Swap.ran,CR_Grp_Swap_Bool.thisRepN,CR_Grp_Swap_Bool.thisTrialN,CR_Grp_Swap_Bool.thisN,CR_Grp_Swap_Bool.thisIndex,CR_Grp_Swap_Bool.ran,CR_New_Bool.thisRepN,CR_New_Bool.thisTrialN,CR_New_Bool.thisN,CR_New_Bool.thisIndex,CR_New_Bool.ran,Instr_TR_Old_Post_Press_3.keys,Instr_TR_Old_Post_Press_3.rt,TR_Press.keys,TR_Press.corr,TR_Press.rt,TR_Feedback_New_Swap_Bool.thisRepN,TR_Feedback_New_Swap_Bool.thisTrialN,TR_Feedback_New_Swap_Bool.thisN,TR_Feedback_New_Swap_Bool.thisIndex,TR_Feedback_New_Swap_Bool.ran,TR_Iter_New_Swap.thisRepN,TR_Iter_New_Swap.thisTrialN,TR_Iter_New_Swap.thisN,TR_Iter_New_Swap.thisIndex,TR_Iter_New_Swap.ran,TR_Penalty_New_Swap_Bool.thisRepN,TR_Penalty_New_Swap_Bool.thisTrialN,TR_Penalty_New_Swap_Bool.thisN,TR_Penalty_New_Swap_Bool.thisIndex,TR_Penalty_New_Swap_Bool.ran,TR_New_Block_Swap.thisRepN,TR_New_Block_Swap.thisTrialN,TR_New_Block_Swap.thisN,TR_New_Block_Swap.thisIndex,TR_New_Block_Swap.ran,TR_New_Bool.thisRepN,TR_New_Bool.thisTrialN,TR_New_Bool.thisN,TR_New_Bool.thisIndex,TR_New_Bool.ran,Instr_End_Exp_Key.keys,Instr_End_Exp_Key.rt
0,0,0,0,1,0,a,0,media/djnb.png,media/djnb_r.png,media/djnb_g.png,-0.2495,0.045,media/hand2.png,media/coin.wav,media/buzz.wav,media/beep.wav,120,4,2024-09-06_13h38.38.181,Symbol-E,2020.1.3,Win32,Firefox,Mozilla/5.0 (Windows NT 10.0; Win64; x64; rv:129.0) Gecko/20100101 Firefox/129.0,60,,,,,,,,,,,,,,,,,,,,,,,,,,,,,,,,,,,,,,,,,,,,,,,,,,,,,,,,,,,,,,,,,,,,,,,,,,,,,,,,,,,,,,,,,,,,,,,,,,,,,,,,,,,,,,,,,,,,,,,,,,,,,,,,,,,,,,,,,,,,,,,,,,,,,,,,,,,,,,,,,,,,,,,
0,1,1,1,1,1,w,1,media/dnnb.png,media/dnnb_r.png,media/dnnb_g.png,-0.205,0.112,,,,,120,4,2024-09-06_13h38.38.181,Symbol-E,2020.1.3,Win32,Firefox,Mozilla/5.0 (Windows NT 10.0; Win64; x64; rv:129.0) Gecko/20100101 Firefox/129.0,60,,,,,,,,,,,,,,,,,,,,,,,,,,,,,,,,,,,,,,,,,,,,,,,,,,,,,,,,,,,,,,,,,,,,,,,,,,,,,,,,,,,,,,,,,,,,,,,,,,,,,,,,,,,,,,,,,,,,,,,,,,,,,,,,,,,,,,,,,,,,,,,,,,,,,,,,,,,,,,,,,,,,,,,
0,2,2,2,1,2,e,2,media/dinb.png,media/dinb_r.png,media/dinb_g.png,-0.15,0.135,,,,,120,4,2024-09-06_13h38.38.181,Symbol-E,2020.1.3,Win32,Firefox,Mozilla/5.0 (Windows NT 10.0; Win64; x64; rv:129.0) Gecko/20100101 Firefox/129.0,60,,,,,,,,,,,,,,,,,,,,,,,,,,,,,,,,,,,,,,,,,,,,,,,,,,,,,,,,,,,,,,,,,,,,,,,,,,,,,,,,,,,,,,,,,,,,,,,,,,,,,,,,,,,,,,,,,,,,,,,,,,,,,,,,,,,,,,,,,,,,,,,,,,,,,,,,,,,,,,,,,,,,,,,
0,3,3,3,1,3,f,3,media/dgnb.png,media/dgnb_r.png,media/dgnb_g.png,-0.0885,0.115,,,,,120,4,2024-09-06_13h38.38.181,Symbol-E,2020.1.3,Win32,Firefox,Mozilla/5.0 (Windows NT 10.0; Win64; x64; rv:129.0) Gecko/20100101 Firefox/129.0,60,,,,,,,,,,,,,,,,,,,,,,,,,,,,,,,,,,,,,,,,,,,,,,,,,,,,,,,,,,,,,,,,,,,,,,,,,,,,,,,,,,,,,,,,,,,,,,,,,,,,,,,,,,,,,,,,,,,,,,,,,,,,,,,,,,,,,,,,,,,,,,,,,,,,,,,,,,,,,,,,,,,,,,,
0,4,4,4,1,4,h,0,media/ddnb.png,media/ddnb_r.png,media/ddnb_g.png,0.088,0.115,,,,,120,4,2024-09-06_13h38.38.181,Symbol-E,2020.1.3,Win32,Firefox,Mozilla/5.0 (Windows NT 10.0; Win64; x64; rv:129.0) Gecko/20100101 Firefox/129.0,60,,,,,,,,,,,,,,,,,,,,,,,,,,,,,,,,,,,,,,,,,,,,,,,,,,,,,,,,,,,,,,,,,,,,,,,,,,,,,,,,,,,,,,,,,,,,,,,,,,,,,,,,,,,,,,,,,,,,,,,,,,,,,,,,,,,,,,,,,,,,,,,,,,,,,,,,,,,,,,,,,,,,,,,
0,5,5,5,1,5,u,1,media/dfnb.png,media/dfnb_r.png,media/dfnb_g.png,0.1495,0.135,,,,,120,4,2024-09-06_13h38.38.181,Symbol-E,2020.1.3,Win32,Firefox,Mozilla/5.0 (Windows NT 10.0; Win64; x64; rv:129.0) Gecko/20100101 Firefox/129.0,60,,,,,,,,,,,,,,,,,,,,,,,,,,,,,,,,,,,,,,,,,,,,,,,,,,,,,,,,,,,,,,,,,,,,,,,,,,,,,,,,,,,,,,,,,,,,,,,,,,,,,,,,,,,,,,,,,,,,,,,,,,,,,,,,,,,,,,,,,,,,,,,,,,,,,,,,,,,,,,,,,,,,,,,
0,6,6,6,1,6,i,2,media/dcnb.png,media/dcnb_r.png,media/dcnb_g.png,0.2055,0.112,,,,,120,4,2024-09-06_13h38.38.181,Symbol-E,2020.1.3,Win32,Firefox,Mozilla/5.0 (Windows NT 10.0; Win64; x64; rv:129.0) Gecko/20100101 Firefox/129.0,60,,,,,,,,,,,,,,,,,,,,,,,,,,,,,,,,,,,,,,,,,,,,,,,,,,,,,,,,,,,,,,,,,,,,,,,,,,,,,,,,,,,,,,,,,,,,,,,,,,,,,,,,,,,,,,,,,,,,,,,,,,,,,,,,,,,,,,,,,,,,,,,,,,,,,,,,,,,,,,,,,,,,,,,
0,7,7,7,1,7,l,3,media/dmnb.png,media/dmnb_r.png,media/dmnb_g.png,0.25,0.045,,,,,120,4,2024-09-06_13h38.38.181,Symbol-E,2020.1.3,Win32,Firefox,Mozilla/5.0 (Windows NT 10.0; Win64; x64; rv:129.0) Gecko/20100101 Firefox/129.0,60,,,,,,,,,,,,,,,,,,,,,,,,,,,,,,,,,,,,,,,,,,,,,,,,,,,,,,,,,,,,,,,,,,,,,,,,,,,,,,,,,,,,,,,,,,,,,,,,,,,,,,,,,,,,,,,,,,,,,,,,,,,,,,,,,,,,,,,,,,,,,,,,,,,,,,,,,,,,,,,,,,,,,,,
,,,,,,,,,,,,,,,,,120,4,2024-09-06_13h38.38.181,Symbol-E,2020.1.3,Win32,Firefox,Mozilla/5.0 (Windows NT 10.0; Win64; x64; rv:129.0) Gecko/20100101 Firefox/129.0,60,"[0,3,1,5,6,7,2,4]",,"[1,3]","[5,7]",space,3.118,f,2.689,,0,0,0,0,1,,,,,,,,,,,,,,,,,,,,,,,,,,,,,,,,,,,,,,,,,,,,,,,,,,,,,,,,,,,,,,,,,,,,,,,,,,,,,,,,,,,,,,,,,,,,,,,,,,,,,,,,,,,,,,,,,,,,,,,,,,,,,,,,,,,,,,,,,,,,,,,,,,,,,,,,,
,,,,,,,,,,,,,,,,,120,4,2024-09-06_13h38.38.181,Symbol-E,2020.1.3,Win32,Firefox,Mozilla/5.0 (Windows NT 10.0; Win64; x64; rv:129.0) Gecko/20100101 Firefox/129.0,60,,,,,,,j,0.711,,1,0,1,0,1,,,,,,,,,,,,,,,,,,,,,,,,,,,,,,,,,,,,,,,,,,,,,,,,,,,,,,,,,,,,,,,,,,,,,,,,,,,,,,,,,,,,,,,,,,,,,,,,,,,,,,,,,,,,,,,,,,,,,,,,,,,,,,,,,,,,,,,,,,,,,,,,,,,,,,,,,
,,,,,,,,,,,,,,,,,120,4,2024-09-06_13h38.38.181,Symbol-E,2020.1.3,Win32,Firefox,Mozilla/5.0 (Windows NT 10.0; Win64; x64; rv:129.0) Gecko/20100101 Firefox/129.0,60,,,,,,,,,space,2,0,2,0,1,3.102,,,,,,,,,,,,,,,,,,,,,,,,,,,,,,,,,,,,,,,,,,,,,,,,,,,,,,,,,,,,,,,,,,,,,,,,,,,,,,,,,,,,,,,,,,,,,,,,,,,,,,,,,,,,,,,,,,,,,,,,,,,,,,,,,,,,,,,,,,,,,,,,,,,,,,,,
,,,,,,,,,,,,,,,,,120,4,2024-09-06_13h38.38.181,Symbol-E,2020.1.3,Win32,Firefox,Mozilla/5.0 (Windows NT 10.0; Win64; x64; rv:129.0) Gecko/20100101 Firefox/129.0,60,,,,,,,,,,,,,,,,space,buzz,j,-0.504,-1,2,j,0.496,0,0,0,0,1,,,,,,,,,,,,,,,,,,,,,,,,,,,,,,,,,,,,,,,,,,,,,,,,,,,,,,,,,,,,,,,,,,,,,,,,,,,,,,,,,,,,,,,,,,,,,,,,,,,,,,,,,,,,,,,,,,,,,,,,,,,,,,,,,,,,,,,,,,,
,,,,,,,,,,,,,,,,,120,4,2024-09-06_13h38.38.181,Symbol-E,2020.1.3,Win32,Firefox,Mozilla/5.0 (Windows NT 10.0; Win64; x64; rv:129.0) Gecko/20100101 Firefox/129.0,60,,,,,,,,,,,,,,,,,buzz,j,-0.712,-1,3,j,0.288,1,0,1,0,1,,,,,,,,,,,,,,,,,,,,,,,,,,,,,,,,,,,,,,,,,,,,,,,,,,,,,,,,,,,,,,,,,,,,,,,,,,,,,,,,,,,,,,,,,,,,,,,,,,,,,,,,,,,,,,,,,,,,,,,,,,,,,,,,,,,,,,,,,,,
,,,,,,,,,,,,,,,,,120,4,2024-09-06_13h38.38.181,Symbol-E,2020.1.3,Win32,Firefox,Mozilla/5.0 (Windows NT 10.0; Win64; x64; rv:129.0) Gecko/20100101 Firefox/129.0,60,,,,,,,,,,,,,,,,,buzz,j,-0.811,-1,4,j,0.189,2,0,2,0,1,,,,,,,,,,,,,,,,,,,,,,,,,,,,,,,,,,,,,,,,,,,,,,,,,,,,,,,,,,,,,,,,,,,,,,,,,,,,,,,,,,,,,,,,,,,,,,,,,,,,,,,,,,,,,,,,,,,,,,,,,,,,,,,,,,,,,,,,,,,
,,,,,,,,,,,,,,,,,120,4,2024-09-06_13h38.38.181,Symbol-E,2020.1.3,Win32,Firefox,Mozilla/5.0 (Windows NT 10.0; Win64; x64; rv:129.0) Gecko/20100101 Firefox/129.0,60,,,,,,,,,,,,,,,,,buzz,j,-0.937,-1,5,j,0.063,3,0,3,0,1,,,,,,,,,,,,,,,,,,,,,,,,,,,,,,,,,,,,,,,,,,,,,,,,,,,,,,,,,,,,,,,,,,,,,,,,,,,,,,,,,,,,,,,,,,,,,,,,,,,,,,,,,,,,,,,,,,,,,,,,,,,,,,,,,,,,,,,,,,,
,,,,,,,,,,,,,,,,,120,4,2024-09-06_13h38.38.181,Symbol-E,2020.1.3,Win32,Firefox,Mozilla/5.0 (Windows NT 10.0; Win64; x64; rv:129.0) Gecko/20100101 Firefox/129.0,60,,,,,,,,,,,,,,,,,,,,,,,,,,,,,0,0,0,0,1,,,,,,,,,,,,,,,,,,,,,,,,,,,,,,,,,,,,,,,,,,,,,,,,,,,,,,,,,,,,,,,,,,,,,,,,,,,,,,,,,,,,,,,,,,,,,,,,,,,,,,,,,,,,,,,,,,,,,,,,,,,,,,,,,,,,,,
,,,,,,,,,,,,,,,,,120,4,2024-09-06_13h38.38.181,Symbol-E,2020.1.3,Win32,Firefox,Mozilla/5.0 (Windows NT 10.0; Win64; x64; rv:129.0) Gecko/20100101 Firefox/129.0,60,,,,,,,,,,,,,,,,,,,,,,,,,,,,,,,,,,h,15.452,3,3,3,Hand,f,RT,0,0,0,0,8,0,0,0,1,0,99,f,4.283,3,1,f,1,4.283,0,0,0,0,1,,,,,,,,,,,,,,,,,,,,,,,,,,,,,,,,,,,,,,,,,,,,,,,,,,,,,,,,,,,,,,,,,,,,,,,,,,,,,,,,,,,,,,,,,,,,,,,,,,,,,,,
,,,,,,,,,,,,,,,,,120,4,2024-09-06_13h38.38.181,Symbol-E,2020.1.3,Win32,Firefox,Mozilla/5.0 (Windows NT 10.0; Win64; x64; rv:129.0) Gecko/20100101 Firefox/129.0,60,,,,,,,,,,,,,,,,,,,,,,,,,,,,,,,,,,,,1,1,1,Hand,w,RT,0,0,0,0,8,0,1,0,1,0,99,w,1.897,1,1,w,1,1.897,1,0,1,0,1,,,,,,,,,,,,,,,,,,,,,,,,,,,,,,,,,,,,,,,,,,,,,,,,,,,,,,,,,,,,,,,,,,,,,,,,,,,,,,,,,,,,,,,,,,,,,,,,,,,,,,,
,,,,,,,,,,,,,,,,,120,4,2024-09-06_13h38.38.181,Symbol-E,2020.1.3,Win32,Firefox,Mozilla/5.0 (Windows NT 10.0; Win64; x64; rv:129.0) Gecko/20100101 Firefox/129.0,60,,,,,,,,,,,,,,,,,,,,,,,,,,,,,,,,,,,,5,5,1,Hand,u,RT,0,0,0,0,8,0,2,0,1,0,99,h,1.068,4,0,h,0,1.068,2,0,2,0,1,,,,,,,,,,,,,,,,,,,,,,,,,,,,,,,,,,,,,,,,,,,,,,,,,,,,,,,,,,,,,,,,,,,,,,,,,,,,,,,,,,,,,,,,,,,,,,,,,,,,,,,
,,,,,,,,,,,,,,,,,120,4,2024-09-06_13h38.38.181,Symbol-E,2020.1.3,Win32,Firefox,Mozilla/5.0 (Windows NT 10.0; Win64; x64; rv:129.0) Gecko/20100101 Firefox/129.0,60,,,,,,,,,,,,,,,,,,,,,,,,,,,,,,,,,,,,6,6,2,Hand,i,RT,0,0,0,0,8,0,3,0,1,0,99,i,0.951,6,1,i,1,0.951,3,0,3,0,1,,,,,,,,,,,,,,,,,,,,,,,,,,,,,,,,,,,,,,,,,,,,,,,,,,,,,,,,,,,,,,,,,,,,,,,,,,,,,,,,,,,,,,,,,,,,,,,,,,,,,,,
,,,,,,,,,,,,,,,,,120,4,2024-09-06_13h38.38.181,Symbol-E,2020.1.3,Win32,Firefox,Mozilla/5.0 (Windows NT 10.0; Win64; x64; rv:129.0) Gecko/20100101 Firefox/129.0,60,,,,,,,,,,,,,,,,,,,,,,,,,,,,,,,,,,,,4,4,0,Hand,h,RT,0,0,0,0,8,0,4,0,1,0,99,u,1.093,5,0,u,0,1.093,4,0,4,0,1,,,,,,,,,,,,,,,,,,,,,,,,,,,,,,,,,,,,,,,,,,,,,,,,,,,,,,,,,,,,,,,,,,,,,,,,,,,,,,,,,,,,,,,,,,,,,,,,,,,,,,,
,,,,,,,,,,,,,,,,,120,4,2024-09-06_13h38.38.181,Symbol-E,2020.1.3,Win32,Firefox,Mozilla/5.0 (Windows NT 10.0; Win64; x64; rv:129.0) Gecko/20100101 Firefox/129.0,60,,,,,,,,,,,,,,,,,,,,,,,,,,,,,,,,,,,,2,2,2,Hand,e,RT,0,0,0,0,8,0,5,0,1,0,99,e,1.673,2,1,e,1,1.673,5,0,5,0,1,,,,,,,,,,,,,,,,,,,,,,,,,,,,,,,,,,,,,,,,,,,,,,,,,,,,,,,,,,,,,,,,,,,,,,,,,,,,,,,,,,,,,,,,,,,,,,,,,,,,,,,
,,,,,,,,,,,,,,,,,120,4,2024-09-06_13h38.38.181,Symbol-E,2020.1.3,Win32,Firefox,Mozilla/5.0 (Windows NT 10.0; Win64; x64; rv:129.0) Gecko/20100101 Firefox/129.0,60,,,,,,,,,,,,,,,,,,,,,,,,,,,,,,,,,,,,0,0,0,Hand,a,RT,0,0,0,0,8,0,6,0,1,0,99,a,0.778,0,1,a,1,0.778,6,0,6,0,1,,,,,,,,,,,,,,,,,,,,,,,,,,,,,,,,,,,,,,,,,,,,,,,,,,,,,,,,,,,,,,,,,,,,,,,,,,,,,,,,,,,,,,,,,,,,,,,,,,,,,,,
,,,,,,,,,,,,,,,,,120,4,2024-09-06_13h38.38.181,Symbol-E,2020.1.3,Win32,Firefox,Mozilla/5.0 (Windows NT 10.0; Win64; x64; rv:129.0) Gecko/20100101 Firefox/129.0,60,,,,,,,,,,,,,,,,,,,,,,,,,,,,,,,,,,,,6,6,2,Hand,i,RT,0,0,0,0,8,0,7,0,1,0,99,i,0.717,6,1,i,1,0.717,7,0,7,0,1,,,,,,,,,,,,,,,,,,,,,,,,,,,,,,,,,,,,,,,,,,,,,,,,,,,,,,,,,,,,,,,,,,,,,,,,,,,,,,,,,,,,,,,,,,,,,,,,,,,,,,,
,,,,,,,,,,,,,,,,,120,4,2024-09-06_13h38.38.181,Symbol-E,2020.1.3,Win32,Firefox,Mozilla/5.0 (Windows NT 10.0; Win64; x64; rv:129.0) Gecko/20100101 Firefox/129.0,60,,,,,,,,,,,,,,,,,,,,,,,,,,,,,,,,,,,,5,5,1,Hand,u,RT,0,0,0,0,8,0,8,0,1,0,99,u,0.92,5,1,u,1,0.92,8,0,8,0,1,,,,,,,,,,,,,,,,,,,,,,,,,,,,,,,,,,,,,,,,,,,,,,,,,,,,,,,,,,,,,,,,,,,,,,,,,,,,,,,,,,,,,,,,,,,,,,,,,,,,,,,
,,,,,,,,,,,,,,,,,120,4,2024-09-06_13h38.38.181,Symbol-E,2020.1.3,Win32,Firefox,Mozilla/5.0 (Windows NT 10.0; Win64; x64; rv:129.0) Gecko/20100101 Firefox/129.0,60,,,,,,,,,,,,,,,,,,,,,,,,,,,,,,,,,,,,4,4,0,Hand,h,RT,0,0,0,0,8,0,9,0,1,0,99,h,0.372,4,1,h,1,0.372,9,0,9,0,1,,,,,,,,,,,,,,,,,,,,,,,,,,,,,,,,,,,,,,,,,,,,,,,,,,,,,,,,,,,,,,,,,,,,,,,,,,,,,,,,,,,,,,,,,,,,,,,,,,,,,,,
,,,,,,,,,,,,,,,,,120,4,2024-09-06_13h38.38.181,Symbol-E,2020.1.3,Win32,Firefox,Mozilla/5.0 (Windows NT 10.0; Win64; x64; rv:129.0) Gecko/20100101 Firefox/129.0,60,,,,,,,,,,,,,,,,,,,,,,,,,,,,,,,,,,,,3,3,3,Hand,f,RT,0,0,0,0,8,0,10,0,1,0,99,f,1.687,3,1,f,1,1.687,10,0,10,0,1,,,,,,,,,,,,,,,,,,,,,,,,,,,,,,,,,,,,,,,,,,,,,,,,,,,,,,,,,,,,,,,,,,,,,,,,,,,,,,,,,,,,,,,,,,,,,,,,,,,,,,,
,,,,,,,,,,,,,,,,,120,4,2024-09-06_13h38.38.181,Symbol-E,2020.1.3,Win32,Firefox,Mozilla/5.0 (Windows NT 10.0; Win64; x64; rv:129.0) Gecko/20100101 Firefox/129.0,60,,,,,,,,,,,,,,,,,,,,,,,,,,,,,,,,,,,,0,0,0,Hand,a,RT,0,0,0,0,8,0,11,0,1,0,99,a,0.578,0,1,a,1,0.578,11,0,11,0,1,,,,,,,,,,,,,,,,,,,,,,,,,,,,,,,,,,,,,,,,,,,,,,,,,,,,,,,,,,,,,,,,,,,,,,,,,,,,,,,,,,,,,,,,,,,,,,,,,,,,,,,
,,,,,,,,,,,,,,,,,120,4,2024-09-06_13h38.38.181,Symbol-E,2020.1.3,Win32,Firefox,Mozilla/5.0 (Windows NT 10.0; Win64; x64; rv:129.0) Gecko/20100101 Firefox/129.0,60,,,,,,,,,,,,,,,,,,,,,,,,,,,,,,,,,,,,1,1,1,Hand,w,RT,0,0,0,0,8,0,12,0,1,0,99,w,0.51,1,1,w,1,0.51,12,0,12,0,1,,,,,,,,,,,,,,,,,,,,,,,,,,,,,,,,,,,,,,,,,,,,,,,,,,,,,,,,,,,,,,,,,,,,,,,,,,,,,,,,,,,,,,,,,,,,,,,,,,,,,,,
,,,,,,,,,,,,,,,,,120,4,2024-09-06_13h38.38.181,Symbol-E,2020.1.3,Win32,Firefox,Mozilla/5.0 (Windows NT 10.0; Win64; x64; rv:129.0) Gecko/20100101 Firefox/129.0,60,,,,,,,,,,,,,,,,,,,,,,,,,,,,,,,,,,,,7,7,3,Hand,l,RT,0,0,0,0,8,0,13,0,1,0,99,l,0.536,7,1,l,1,0.536,13,0,13,0,1,,,,,,,,,,,,,,,,,,,,,,,,,,,,,,,,,,,,,,,,,,,,,,,,,,,,,,,,,,,,,,,,,,,,,,,,,,,,,,,,,,,,,,,,,,,,,,,,,,,,,,,
,,,,,,,,,,,,,,,,,120,4,2024-09-06_13h38.38.181,Symbol-E,2020.1.3,Win32,Firefox,Mozilla/5.0 (Windows NT 10.0; Win64; x64; rv:129.0) Gecko/20100101 Firefox/129.0,60,,,,,,,,,,,,,,,,,,,,,,,,,,,,,,,,,,,,2,2,2,Hand,e,RT,0,0,0,0,8,0,14,0,1,0,99,e,0.626,2,1,e,1,0.626,14,0,14,0,1,,,,,,,,,,,,,,,,,,,,,,,,,,,,,,,,,,,,,,,,,,,,,,,,,,,,,,,,,,,,,,,,,,,,,,,,,,,,,,,,,,,,,,,,,,,,,,,,,,,,,,,
,,,,,,,,,,,,,,,,,120,4,2024-09-06_13h38.38.181,Symbol-E,2020.1.3,Win32,Firefox,Mozilla/5.0 (Windows NT 10.0; Win64; x64; rv:129.0) Gecko/20100101 Firefox/129.0,60,,,,,,,,,,,,,,,,,,,,,,,,,,,,,,,,,,,,7,7,3,Hand,l,RT,0,0,0,0,8,0,15,0,1,0,99,l,0.403,7,1,l,1,0.403,15,0,15,0,1,,,,,,,,,,,,,,,,,,,,,,,,,,,,,,,,,,,,,,,,,,,,,,,,,,,,,,,,,,,,,,,,,,,,,,,,,,,,,,,,,,,,,,,,,,,,,,,,,,,,,,,
,,,,,,,,,,,,,,,,,120,4,2024-09-06_13h38.38.181,Symbol-E,2020.1.3,Win32,Firefox,Mozilla/5.0 (Windows NT 10.0; Win64; x64; rv:129.0) Gecko/20100101 Firefox/129.0,60,,,,,,,,,,,,,,,,,,,,,,,,,,,,,,,,,,,,1,1,1,Hand,w,RT,0,0,0,0,8,0,16,0,1,0,99,w,0.505,1,1,w,1,0.505,16,0,16,0,1,,,,,,,,,,,,,,,,,,,,,,,,,,,,,,,,,,,,,,,,,,,,,,,,,,,,,,,,,,,,,,,,,,,,,,,,,,,,,,,,,,,,,,,,,,,,,,,,,,,,,,,
,,,,,,,,,,,,,,,,,120,4,2024-09-06_13h38.38.181,Symbol-E,2020.1.3,Win32,Firefox,Mozilla/5.0 (Windows NT 10.0; Win64; x64; rv:129.0) Gecko/20100101 Firefox/129.0,60,,,,,,,,,,,,,,,,,,,,,,,,,,,,,,,,,,,,7,7,3,Hand,l,RT,0,0,0,0,8,0,17,0,1,0,99,l,0.448,7,1,l,1,0.448,17,0,17,0,1,,,,,,,,,,,,,,,,,,,,,,,,,,,,,,,,,,,,,,,,,,,,,,,,,,,,,,,,,,,,,,,,,,,,,,,,,,,,,,,,,,,,,,,,,,,,,,,,,,,,,,,
,,,,,,,,,,,,,,,,,120,4,2024-09-06_13h38.38.181,Symbol-E,2020.1.3,Win32,Firefox,Mozilla/5.0 (Windows NT 10.0; Win64; x64; rv:129.0) Gecko/20100101 Firefox/129.0,60,,,,,,,,,,,,,,,,,,,,,,,,,,,,,,,,,,,,6,6,2,Hand,i,RT,0,0,0,0,8,0,18,0,1,0,99,i,0.487,6,1,i,1,0.487,18,0,18,0,1,,,,,,,,,,,,,,,,,,,,,,,,,,,,,,,,,,,,,,,,,,,,,,,,,,,,,,,,,,,,,,,,,,,,,,,,,,,,,,,,,,,,,,,,,,,,,,,,,,,,,,,
,,,,,,,,,,,,,,,,,120,4,2024-09-06_13h38.38.181,Symbol-E,2020.1.3,Win32,Firefox,Mozilla/5.0 (Windows NT 10.0; Win64; x64; rv:129.0) Gecko/20100101 Firefox/129.0,60,,,,,,,,,,,,,,,,,,,,,,,,,,,,,,,,,,,,4,4,0,Hand,h,RT,0,0,0,0,8,0,19,0,1,0,99,u,0.477,5,0,u,0,0.477,19,0,19,0,1,,,,,,,,,,,,,,,,,,,,,,,,,,,,,,,,,,,,,,,,,,,,,,,,,,,,,,,,,,,,,,,,,,,,,,,,,,,,,,,,,,,,,,,,,,,,,,,,,,,,,,,
,,,,,,,,,,,,,,,,,120,4,2024-09-06_13h38.38.181,Symbol-E,2020.1.3,Win32,Firefox,Mozilla/5.0 (Windows NT 10.0; Win64; x64; rv:129.0) Gecko/20100101 Firefox/129.0,60,,,,,,,,,,,,,,,,,,,,,,,,,,,,,,,,,,,,0,0,0,Hand,a,RT,0,0,0,0,8,0,20,0,1,0,99,a,0.71,0,1,a,1,0.71,20,0,20,0,1,,,,,,,,,,,,,,,,,,,,,,,,,,,,,,,,,,,,,,,,,,,,,,,,,,,,,,,,,,,,,,,,,,,,,,,,,,,,,,,,,,,,,,,,,,,,,,,,,,,,,,,
,,,,,,,,,,,,,,,,,120,4,2024-09-06_13h38.38.181,Symbol-E,2020.1.3,Win32,Firefox,Mozilla/5.0 (Windows NT 10.0; Win64; x64; rv:129.0) Gecko/20100101 Firefox/129.0,60,,,,,,,,,,,,,,,,,,,,,,,,,,,,,,,,,,,,2,2,2,Hand,e,RT,0,0,0,0,8,0,21,0,1,0,99,e,1.489,2,1,e,1,1.489,21,0,21,0,1,,,,,,,,,,,,,,,,,,,,,,,,,,,,,,,,,,,,,,,,,,,,,,,,,,,,,,,,,,,,,,,,,,,,,,,,,,,,,,,,,,,,,,,,,,,,,,,,,,,,,,,
,,,,,,,,,,,,,,,,,120,4,2024-09-06_13h38.38.181,Symbol-E,2020.1.3,Win32,Firefox,Mozilla/5.0 (Windows NT 10.0; Win64; x64; rv:129.0) Gecko/20100101 Firefox/129.0,60,,,,,,,,,,,,,,,,,,,,,,,,,,,,,,,,,,,,2,2,2,Hand,e,RT,0,0,0,0,8,0,22,0,1,0,99,e,0.552,2,1,e,1,0.552,22,0,22,0,1,,,,,,,,,,,,,,,,,,,,,,,,,,,,,,,,,,,,,,,,,,,,,,,,,,,,,,,,,,,,,,,,,,,,,,,,,,,,,,,,,,,,,,,,,,,,,,,,,,,,,,,
,,,,,,,,,,,,,,,,,120,4,2024-09-06_13h38.38.181,Symbol-E,2020.1.3,Win32,Firefox,Mozilla/5.0 (Windows NT 10.0; Win64; x64; rv:129.0) Gecko/20100101 Firefox/129.0,60,,,,,,,,,,,,,,,,,,,,,,,,,,,,,,,,,,,,1,1,1,Hand,w,RT,0,0,0,0,8,0,23,0,1,0,99,w,0.587,1,1,w,1,0.587,23,0,23,0,1,,,,,,,,,,,,,,,,,,,,,,,,,,,,,,,,,,,,,,,,,,,,,,,,,,,,,,,,,,,,,,,,,,,,,,,,,,,,,,,,,,,,,,,,,,,,,,,,,,,,,,,
,,,,,,,,,,,,,,,,,120,4,2024-09-06_13h38.38.181,Symbol-E,2020.1.3,Win32,Firefox,Mozilla/5.0 (Windows NT 10.0; Win64; x64; rv:129.0) Gecko/20100101 Firefox/129.0,60,,,,,,,,,,,,,,,,,,,,,,,,,,,,,,,,,,,,3,3,3,Hand,f,RT,0,0,0,0,8,0,24,0,1,0,99,e,0.499,2,0,e,0,0.499,24,0,24,0,1,,,,,,,,,,,,,,,,,,,,,,,,,,,,,,,,,,,,,,,,,,,,,,,,,,,,,,,,,,,,,,,,,,,,,,,,,,,,,,,,,,,,,,,,,,,,,,,,,,,,,,,
,,,,,,,,,,,,,,,,,120,4,2024-09-06_13h38.38.181,Symbol-E,2020.1.3,Win32,Firefox,Mozilla/5.0 (Windows NT 10.0; Win64; x64; rv:129.0) Gecko/20100101 Firefox/129.0,60,,,,,,,,,,,,,,,,,,,,,,,,,,,,,,,,,,,,4,4,0,Hand,h,RT,0,0,0,0,8,0,25,0,1,0,99,h,0.632,4,1,h,1,0.632,25,0,25,0,1,,,,,,,,,,,,,,,,,,,,,,,,,,,,,,,,,,,,,,,,,,,,,,,,,,,,,,,,,,,,,,,,,,,,,,,,,,,,,,,,,,,,,,,,,,,,,,,,,,,,,,,
,,,,,,,,,,,,,,,,,120,4,2024-09-06_13h38.38.181,Symbol-E,2020.1.3,Win32,Firefox,Mozilla/5.0 (Windows NT 10.0; Win64; x64; rv:129.0) Gecko/20100101 Firefox/129.0,60,,,,,,,,,,,,,,,,,,,,,,,,,,,,,,,,,,,,3,3,3,Hand,f,RT,0,0,0,0,8,0,26,0,1,0,99,f,0.559,3,1,f,1,0.559,26,0,26,0,1,,,,,,,,,,,,,,,,,,,,,,,,,,,,,,,,,,,,,,,,,,,,,,,,,,,,,,,,,,,,,,,,,,,,,,,,,,,,,,,,,,,,,,,,,,,,,,,,,,,,,,,
,,,,,,,,,,,,,,,,,120,4,2024-09-06_13h38.38.181,Symbol-E,2020.1.3,Win32,Firefox,Mozilla/5.0 (Windows NT 10.0; Win64; x64; rv:129.0) Gecko/20100101 Firefox/129.0,60,,,,,,,,,,,,,,,,,,,,,,,,,,,,,,,,,,,,5,5,1,Hand,u,RT,0,0,0,0,8,0,27,0,1,0,99,u,1.239,5,1,u,1,1.239,27,0,27,0,1,,,,,,,,,,,,,,,,,,,,,,,,,,,,,,,,,,,,,,,,,,,,,,,,,,,,,,,,,,,,,,,,,,,,,,,,,,,,,,,,,,,,,,,,,,,,,,,,,,,,,,,
,,,,,,,,,,,,,,,,,120,4,2024-09-06_13h38.38.181,Symbol-E,2020.1.3,Win32,Firefox,Mozilla/5.0 (Windows NT 10.0; Win64; x64; rv:129.0) Gecko/20100101 Firefox/129.0,60,,,,,,,,,,,,,,,,,,,,,,,,,,,,,,,,,,,,7,7,3,Hand,l,RT,0,0,0,0,8,0,28,0,1,0,99,l,0.575,7,1,l,1,0.575,28,0,28,0,1,,,,,,,,,,,,,,,,,,,,,,,,,,,,,,,,,,,,,,,,,,,,,,,,,,,,,,,,,,,,,,,,,,,,,,,,,,,,,,,,,,,,,,,,,,,,,,,,,,,,,,,
,,,,,,,,,,,,,,,,,120,4,2024-09-06_13h38.38.181,Symbol-E,2020.1.3,Win32,Firefox,Mozilla/5.0 (Windows NT 10.0; Win64; x64; rv:129.0) Gecko/20100101 Firefox/129.0,60,,,,,,,,,,,,,,,,,,,,,,,,,,,,,,,,,,,,5,5,1,Hand,u,RT,0,0,0,0,8,0,29,0,1,0,99,u,0.626,5,1,u,1,0.626,29,0,29,0,1,,,,,,,,,,,,,,,,,,,,,,,,,,,,,,,,,,,,,,,,,,,,,,,,,,,,,,,,,,,,,,,,,,,,,,,,,,,,,,,,,,,,,,,,,,,,,,,,,,,,,,,
,,,,,,,,,,,,,,,,,120,4,2024-09-06_13h38.38.181,Symbol-E,2020.1.3,Win32,Firefox,Mozilla/5.0 (Windows NT 10.0; Win64; x64; rv:129.0) Gecko/20100101 Firefox/129.0,60,,,,,,,,,,,,,,,,,,,,,,,,,,,,,,,,,,,,0,0,0,Hand,a,RT,0,0,0,0,8,0,30,0,1,0,99,a,0.677,0,1,a,1,0.677,30,0,30,0,1,,,,,,,,,,,,,,,,,,,,,,,,,,,,,,,,,,,,,,,,,,,,,,,,,,,,,,,,,,,,,,,,,,,,,,,,,,,,,,,,,,,,,,,,,,,,,,,,,,,,,,,
,,,,,,,,,,,,,,,,,120,4,2024-09-06_13h38.38.181,Symbol-E,2020.1.3,Win32,Firefox,Mozilla/5.0 (Windows NT 10.0; Win64; x64; rv:129.0) Gecko/20100101 Firefox/129.0,60,,,,,,,,,,,,,,,,,,,,,,,,,,,,,,,,,,,,6,6,2,Hand,i,RT,0,0,0,0,8,0,31,0,1,0,99,i,0.724,6,1,i,1,0.724,31,0,31,0,1,,,,,,,,,,,,,,,,,,,,,,,,,,,,,,,,,,,,,,,,,,,,,,,,,,,,,,,,,,,,,,,,,,,,,,,,,,,,,,,,,,,,,,,,,,,,,,,,,,,,,,,
,,,,,,,,,,,,,,,,,120,4,2024-09-06_13h38.38.181,Symbol-E,2020.1.3,Win32,Firefox,Mozilla/5.0 (Windows NT 10.0; Win64; x64; rv:129.0) Gecko/20100101 Firefox/129.0,60,,,,,,,,,,,,,,,,,,,,,,,,,,,,,,,,,,,,1,1,1,Hand,w,RT,0,0,0,0,8,0,32,0,1,0,99,w,0.796,1,1,w,1,0.796,32,0,32,0,1,,,,,,,,,,,,,,,,,,,,,,,,,,,,,,,,,,,,,,,,,,,,,,,,,,,,,,,,,,,,,,,,,,,,,,,,,,,,,,,,,,,,,,,,,,,,,,,,,,,,,,,
,,,,,,,,,,,,,,,,,120,4,2024-09-06_13h38.38.181,Symbol-E,2020.1.3,Win32,Firefox,Mozilla/5.0 (Windows NT 10.0; Win64; x64; rv:129.0) Gecko/20100101 Firefox/129.0,60,,,,,,,,,,,,,,,,,,,,,,,,,,,,,,,,,,,,6,6,2,Hand,i,RT,0,0,0,0,8,0,33,0,1,0,99,i,0.626,6,1,i,1,0.626,33,0,33,0,1,,,,,,,,,,,,,,,,,,,,,,,,,,,,,,,,,,,,,,,,,,,,,,,,,,,,,,,,,,,,,,,,,,,,,,,,,,,,,,,,,,,,,,,,,,,,,,,,,,,,,,,
,,,,,,,,,,,,,,,,,120,4,2024-09-06_13h38.38.181,Symbol-E,2020.1.3,Win32,Firefox,Mozilla/5.0 (Windows NT 10.0; Win64; x64; rv:129.0) Gecko/20100101 Firefox/129.0,60,,,,,,,,,,,,,,,,,,,,,,,,,,,,,,,,,,,,1,1,1,Hand,w,RT,0,0,0,0,8,0,34,0,1,0,99,w,0.477,1,1,w,1,0.477,34,0,34,0,1,,,,,,,,,,,,,,,,,,,,,,,,,,,,,,,,,,,,,,,,,,,,,,,,,,,,,,,,,,,,,,,,,,,,,,,,,,,,,,,,,,,,,,,,,,,,,,,,,,,,,,,
,,,,,,,,,,,,,,,,,120,4,2024-09-06_13h38.38.181,Symbol-E,2020.1.3,Win32,Firefox,Mozilla/5.0 (Windows NT 10.0; Win64; x64; rv:129.0) Gecko/20100101 Firefox/129.0,60,,,,,,,,,,,,,,,,,,,,,,,,,,,,,,,,,,,,7,7,3,Hand,l,RT,0,0,0,0,8,0,35,0,1,0,99,l,0.426,7,1,l,1,0.426,35,0,35,0,1,,,,,,,,,,,,,,,,,,,,,,,,,,,,,,,,,,,,,,,,,,,,,,,,,,,,,,,,,,,,,,,,,,,,,,,,,,,,,,,,,,,,,,,,,,,,,,,,,,,,,,,
,,,,,,,,,,,,,,,,,120,4,2024-09-06_13h38.38.181,Symbol-E,2020.1.3,Win32,Firefox,Mozilla/5.0 (Windows NT 10.0; Win64; x64; rv:129.0) Gecko/20100101 Firefox/129.0,60,,,,,,,,,,,,,,,,,,,,,,,,,,,,,,,,,,,,0,0,0,Hand,a,RT,0,0,0,0,8,0,36,0,1,0,99,a,0.516,0,1,a,1,0.516,36,0,36,0,1,,,,,,,,,,,,,,,,,,,,,,,,,,,,,,,,,,,,,,,,,,,,,,,,,,,,,,,,,,,,,,,,,,,,,,,,,,,,,,,,,,,,,,,,,,,,,,,,,,,,,,,
,,,,,,,,,,,,,,,,,120,4,2024-09-06_13h38.38.181,Symbol-E,2020.1.3,Win32,Firefox,Mozilla/5.0 (Windows NT 10.0; Win64; x64; rv:129.0) Gecko/20100101 Firefox/129.0,60,,,,,,,,,,,,,,,,,,,,,,,,,,,,,,,,,,,,6,6,2,Hand,i,RT,0,0,0,0,8,0,37,0,1,0,99,i,0.489,6,1,i,1,0.489,37,0,37,0,1,,,,,,,,,,,,,,,,,,,,,,,,,,,,,,,,,,,,,,,,,,,,,,,,,,,,,,,,,,,,,,,,,,,,,,,,,,,,,,,,,,,,,,,,,,,,,,,,,,,,,,,
,,,,,,,,,,,,,,,,,120,4,2024-09-06_13h38.38.181,Symbol-E,2020.1.3,Win32,Firefox,Mozilla/5.0 (Windows NT 10.0; Win64; x64; rv:129.0) Gecko/20100101 Firefox/129.0,60,,,,,,,,,,,,,,,,,,,,,,,,,,,,,,,,,,,,7,7,3,Hand,l,RT,0,0,0,0,8,0,38,0,1,0,99,l,0.39,7,1,l,1,0.39,38,0,38,0,1,,,,,,,,,,,,,,,,,,,,,,,,,,,,,,,,,,,,,,,,,,,,,,,,,,,,,,,,,,,,,,,,,,,,,,,,,,,,,,,,,,,,,,,,,,,,,,,,,,,,,,,
,,,,,,,,,,,,,,,,,120,4,2024-09-06_13h38.38.181,Symbol-E,2020.1.3,Win32,Firefox,Mozilla/5.0 (Windows NT 10.0; Win64; x64; rv:129.0) Gecko/20100101 Firefox/129.0,60,,,,,,,,,,,,,,,,,,,,,,,,,,,,,,,,,,,,2,2,2,Hand,e,RT,0,0,0,0,8,0,39,0,1,0,99,e,0.778,2,1,e,1,0.778,39,0,39,0,1,,,,,,,,,,,,,,,,,,,,,,,,,,,,,,,,,,,,,,,,,,,,,,,,,,,,,,,,,,,,,,,,,,,,,,,,,,,,,,,,,,,,,,,,,,,,,,,,,,,,,,,
,,,,,,,,,,,,,,,,,120,4,2024-09-06_13h38.38.181,Symbol-E,2020.1.3,Win32,Firefox,Mozilla/5.0 (Windows NT 10.0; Win64; x64; rv:129.0) Gecko/20100101 Firefox/129.0,60,,,,,,,,,,,,,,,,,,,,,,,,,,,,,,,,,,,,3,3,3,Hand,f,RT,0,0,0,0,8,0,40,0,1,0,99,f,0.611,3,1,f,1,0.611,40,0,40,0,1,,,,,,,,,,,,,,,,,,,,,,,,,,,,,,,,,,,,,,,,,,,,,,,,,,,,,,,,,,,,,,,,,,,,,,,,,,,,,,,,,,,,,,,,,,,,,,,,,,,,,,,
,,,,,,,,,,,,,,,,,120,4,2024-09-06_13h38.38.181,Symbol-E,2020.1.3,Win32,Firefox,Mozilla/5.0 (Windows NT 10.0; Win64; x64; rv:129.0) Gecko/20100101 Firefox/129.0,60,,,,,,,,,,,,,,,,,,,,,,,,,,,,,,,,,,,,0,0,0,Hand,a,RT,0,0,0,0,8,0,41,0,1,0,99,a,0.528,0,1,a,1,0.528,41,0,41,0,1,,,,,,,,,,,,,,,,,,,,,,,,,,,,,,,,,,,,,,,,,,,,,,,,,,,,,,,,,,,,,,,,,,,,,,,,,,,,,,,,,,,,,,,,,,,,,,,,,,,,,,,
,,,,,,,,,,,,,,,,,120,4,2024-09-06_13h38.38.181,Symbol-E,2020.1.3,Win32,Firefox,Mozilla/5.0 (Windows NT 10.0; Win64; x64; rv:129.0) Gecko/20100101 Firefox/129.0,60,,,,,,,,,,,,,,,,,,,,,,,,,,,,,,,,,,,,3,3,3,Hand,f,RT,0,0,0,0,8,0,42,0,1,0,99,f,0.729,3,1,f,1,0.729,42,0,42,0,1,,,,,,,,,,,,,,,,,,,,,,,,,,,,,,,,,,,,,,,,,,,,,,,,,,,,,,,,,,,,,,,,,,,,,,,,,,,,,,,,,,,,,,,,,,,,,,,,,,,,,,,
,,,,,,,,,,,,,,,,,120,4,2024-09-06_13h38.38.181,Symbol-E,2020.1.3,Win32,Firefox,Mozilla/5.0 (Windows NT 10.0; Win64; x64; rv:129.0) Gecko/20100101 Firefox/129.0,60,,,,,,,,,,,,,,,,,,,,,,,,,,,,,,,,,,,,5,5,1,Hand,u,RT,0,0,0,0,8,0,43,0,1,0,99,u,1.885,5,1,u,1,1.885,43,0,43,0,1,,,,,,,,,,,,,,,,,,,,,,,,,,,,,,,,,,,,,,,,,,,,,,,,,,,,,,,,,,,,,,,,,,,,,,,,,,,,,,,,,,,,,,,,,,,,,,,,,,,,,,,
,,,,,,,,,,,,,,,,,120,4,2024-09-06_13h38.38.181,Symbol-E,2020.1.3,Win32,Firefox,Mozilla/5.0 (Windows NT 10.0; Win64; x64; rv:129.0) Gecko/20100101 Firefox/129.0,60,,,,,,,,,,,,,,,,,,,,,,,,,,,,,,,,,,,,5,5,1,Hand,u,RT,0,0,0,0,8,0,44,0,1,0,99,u,1.042,5,1,u,1,1.042,44,0,44,0,1,,,,,,,,,,,,,,,,,,,,,,,,,,,,,,,,,,,,,,,,,,,,,,,,,,,,,,,,,,,,,,,,,,,,,,,,,,,,,,,,,,,,,,,,,,,,,,,,,,,,,,,
,,,,,,,,,,,,,,,,,120,4,2024-09-06_13h38.38.181,Symbol-E,2020.1.3,Win32,Firefox,Mozilla/5.0 (Windows NT 10.0; Win64; x64; rv:129.0) Gecko/20100101 Firefox/129.0,60,,,,,,,,,,,,,,,,,,,,,,,,,,,,,,,,,,,,4,4,0,Hand,h,RT,0,0,0,0,8,0,45,0,1,0,99,h,0.439,4,1,h,1,0.439,45,0,45,0,1,,,,,,,,,,,,,,,,,,,,,,,,,,,,,,,,,,,,,,,,,,,,,,,,,,,,,,,,,,,,,,,,,,,,,,,,,,,,,,,,,,,,,,,,,,,,,,,,,,,,,,,
,,,,,,,,,,,,,,,,,120,4,2024-09-06_13h38.38.181,Symbol-E,2020.1.3,Win32,Firefox,Mozilla/5.0 (Windows NT 10.0; Win64; x64; rv:129.0) Gecko/20100101 Firefox/129.0,60,,,,,,,,,,,,,,,,,,,,,,,,,,,,,,,,,,,,2,2,2,Hand,e,RT,0,0,0,0,8,0,46,0,1,0,99,e,0.645,2,1,e,1,0.645,46,0,46,0,1,,,,,,,,,,,,,,,,,,,,,,,,,,,,,,,,,,,,,,,,,,,,,,,,,,,,,,,,,,,,,,,,,,,,,,,,,,,,,,,,,,,,,,,,,,,,,,,,,,,,,,,
,,,,,,,,,,,,,,,,,120,4,2024-09-06_13h38.38.181,Symbol-E,2020.1.3,Win32,Firefox,Mozilla/5.0 (Windows NT 10.0; Win64; x64; rv:129.0) Gecko/20100101 Firefox/129.0,60,,,,,,,,,,,,,,,,,,,,,,,,,,,,,,,,,,,,4,4,0,Hand,h,RT,0,0,0,0,8,0,47,0,1,0,99,h,0.718,4,1,h,1,0.718,47,0,47,0,1,,,,,,,,,,,,,,,,,,,,,,,,,,,,,,,,,,,,,,,,,,,,,,,,,,,,,,,,,,,,,,,,,,,,,,,,,,,,,,,,,,,,,,,,,,,,,,,,,,,,,,,
,,,,,,,,,,,,,,,,,120,4,2024-09-06_13h38.38.181,Symbol-E,2020.1.3,Win32,Firefox,Mozilla/5.0 (Windows NT 10.0; Win64; x64; rv:129.0) Gecko/20100101 Firefox/129.0,60,,,,,,,,,,,,,,,,,,,,,,,,,,,,,,,,,,,,3,3,3,Hand,f,RT,0,0,0,0,8,0,48,0,1,0,99,f,0.377,3,1,f,1,0.377,48,0,48,0,1,,,,,,,,,,,,,,,,,,,,,,,,,,,,,,,,,,,,,,,,,,,,,,,,,,,,,,,,,,,,,,,,,,,,,,,,,,,,,,,,,,,,,,,,,,,,,,,,,,,,,,,
,,,,,,,,,,,,,,,,,120,4,2024-09-06_13h38.38.181,Symbol-E,2020.1.3,Win32,Firefox,Mozilla/5.0 (Windows NT 10.0; Win64; x64; rv:129.0) Gecko/20100101 Firefox/129.0,60,,,,,,,,,,,,,,,,,,,,,,,,,,,,,,,,,,,,2,2,2,Hand,e,RT,0,0,0,0,8,0,49,0,1,0,99,e,0.68,2,1,e,1,0.68,49,0,49,0,1,,,,,,,,,,,,,,,,,,,,,,,,,,,,,,,,,,,,,,,,,,,,,,,,,,,,,,,,,,,,,,,,,,,,,,,,,,,,,,,,,,,,,,,,,,,,,,,,,,,,,,,
,,,,,,,,,,,,,,,,,120,4,2024-09-06_13h38.38.181,Symbol-E,2020.1.3,Win32,Firefox,Mozilla/5.0 (Windows NT 10.0; Win64; x64; rv:129.0) Gecko/20100101 Firefox/129.0,60,,,,,,,,,,,,,,,,,,,,,,,,,,,,,,,,,,,,1,1,1,Hand,w,RT,0,0,0,0,8,0,50,0,1,0,99,w,0.419,1,1,w,1,0.419,50,0,50,0,1,,,,,,,,,,,,,,,,,,,,,,,,,,,,,,,,,,,,,,,,,,,,,,,,,,,,,,,,,,,,,,,,,,,,,,,,,,,,,,,,,,,,,,,,,,,,,,,,,,,,,,,
,,,,,,,,,,,,,,,,,120,4,2024-09-06_13h38.38.181,Symbol-E,2020.1.3,Win32,Firefox,Mozilla/5.0 (Windows NT 10.0; Win64; x64; rv:129.0) Gecko/20100101 Firefox/129.0,60,,,,,,,,,,,,,,,,,,,,,,,,,,,,,,,,,,,,3,3,3,Hand,f,RT,0,0,0,0,8,0,51,0,1,0,99,f,0.456,3,1,f,1,0.456,51,0,51,0,1,,,,,,,,,,,,,,,,,,,,,,,,,,,,,,,,,,,,,,,,,,,,,,,,,,,,,,,,,,,,,,,,,,,,,,,,,,,,,,,,,,,,,,,,,,,,,,,,,,,,,,,
,,,,,,,,,,,,,,,,,120,4,2024-09-06_13h38.38.181,Symbol-E,2020.1.3,Win32,Firefox,Mozilla/5.0 (Windows NT 10.0; Win64; x64; rv:129.0) Gecko/20100101 Firefox/129.0,60,,,,,,,,,,,,,,,,,,,,,,,,,,,,,,,,,,,,7,7,3,Hand,l,RT,0,0,0,0,8,0,52,0,1,0,99,l,0.432,7,1,l,1,0.432,52,0,52,0,1,,,,,,,,,,,,,,,,,,,,,,,,,,,,,,,,,,,,,,,,,,,,,,,,,,,,,,,,,,,,,,,,,,,,,,,,,,,,,,,,,,,,,,,,,,,,,,,,,,,,,,,
,,,,,,,,,,,,,,,,,120,4,2024-09-06_13h38.38.181,Symbol-E,2020.1.3,Win32,Firefox,Mozilla/5.0 (Windows NT 10.0; Win64; x64; rv:129.0) Gecko/20100101 Firefox/129.0,60,,,,,,,,,,,,,,,,,,,,,,,,,,,,,,,,,,,,0,0,0,Hand,a,RT,0,0,0,0,8,0,53,0,1,0,99,a,0.379,0,1,a,1,0.379,53,0,53,0,1,,,,,,,,,,,,,,,,,,,,,,,,,,,,,,,,,,,,,,,,,,,,,,,,,,,,,,,,,,,,,,,,,,,,,,,,,,,,,,,,,,,,,,,,,,,,,,,,,,,,,,,
,,,,,,,,,,,,,,,,,120,4,2024-09-06_13h38.38.181,Symbol-E,2020.1.3,Win32,Firefox,Mozilla/5.0 (Windows NT 10.0; Win64; x64; rv:129.0) Gecko/20100101 Firefox/129.0,60,,,,,,,,,,,,,,,,,,,,,,,,,,,,,,,,,,,,1,1,1,Hand,w,RT,0,0,0,0,8,0,54,0,1,0,99,w,0.636,1,1,w,1,0.636,54,0,54,0,1,,,,,,,,,,,,,,,,,,,,,,,,,,,,,,,,,,,,,,,,,,,,,,,,,,,,,,,,,,,,,,,,,,,,,,,,,,,,,,,,,,,,,,,,,,,,,,,,,,,,,,,
,,,,,,,,,,,,,,,,,120,4,2024-09-06_13h38.38.181,Symbol-E,2020.1.3,Win32,Firefox,Mozilla/5.0 (Windows NT 10.0; Win64; x64; rv:129.0) Gecko/20100101 Firefox/129.0,60,,,,,,,,,,,,,,,,,,,,,,,,,,,,,,,,,,,,4,4,0,Hand,h,RT,0,0,0,0,8,0,55,0,1,0,99,h,1.393,4,1,h,1,1.393,55,0,55,0,1,,,,,,,,,,,,,,,,,,,,,,,,,,,,,,,,,,,,,,,,,,,,,,,,,,,,,,,,,,,,,,,,,,,,,,,,,,,,,,,,,,,,,,,,,,,,,,,,,,,,,,,
,,,,,,,,,,,,,,,,,120,4,2024-09-06_13h38.38.181,Symbol-E,2020.1.3,Win32,Firefox,Mozilla/5.0 (Windows NT 10.0; Win64; x64; rv:129.0) Gecko/20100101 Firefox/129.0,60,,,,,,,,,,,,,,,,,,,,,,,,,,,,,,,,,,,,2,2,2,Hand,e,RT,0,0,0,0,8,0,56,0,1,0,99,e,1.285,2,1,e,1,1.285,56,0,56,0,1,,,,,,,,,,,,,,,,,,,,,,,,,,,,,,,,,,,,,,,,,,,,,,,,,,,,,,,,,,,,,,,,,,,,,,,,,,,,,,,,,,,,,,,,,,,,,,,,,,,,,,,
,,,,,,,,,,,,,,,,,120,4,2024-09-06_13h38.38.181,Symbol-E,2020.1.3,Win32,Firefox,Mozilla/5.0 (Windows NT 10.0; Win64; x64; rv:129.0) Gecko/20100101 Firefox/129.0,60,,,,,,,,,,,,,,,,,,,,,,,,,,,,,,,,,,,,4,4,0,Hand,h,RT,0,0,0,0,8,0,57,0,1,0,99,h,0.634,4,1,h,1,0.634,57,0,57,0,1,,,,,,,,,,,,,,,,,,,,,,,,,,,,,,,,,,,,,,,,,,,,,,,,,,,,,,,,,,,,,,,,,,,,,,,,,,,,,,,,,,,,,,,,,,,,,,,,,,,,,,,
,,,,,,,,,,,,,,,,,120,4,2024-09-06_13h38.38.181,Symbol-E,2020.1.3,Win32,Firefox,Mozilla/5.0 (Windows NT 10.0; Win64; x64; rv:129.0) Gecko/20100101 Firefox/129.0,60,,,,,,,,,,,,,,,,,,,,,,,,,,,,,,,,,,,,5,5,1,Hand,u,RT,0,0,0,0,8,0,58,0,1,0,99,i,0.483,6,0,i,0,0.483,58,0,58,0,1,,,,,,,,,,,,,,,,,,,,,,,,,,,,,,,,,,,,,,,,,,,,,,,,,,,,,,,,,,,,,,,,,,,,,,,,,,,,,,,,,,,,,,,,,,,,,,,,,,,,,,,
,,,,,,,,,,,,,,,,,120,4,2024-09-06_13h38.38.181,Symbol-E,2020.1.3,Win32,Firefox,Mozilla/5.0 (Windows NT 10.0; Win64; x64; rv:129.0) Gecko/20100101 Firefox/129.0,60,,,,,,,,,,,,,,,,,,,,,,,,,,,,,,,,,,,,6,6,2,Hand,i,RT,0,0,0,0,8,0,59,0,1,0,99,i,0.512,6,1,i,1,0.512,59,0,59,0,1,,,,,,,,,,,,,,,,,,,,,,,,,,,,,,,,,,,,,,,,,,,,,,,,,,,,,,,,,,,,,,,,,,,,,,,,,,,,,,,,,,,,,,,,,,,,,,,,,,,,,,,
,,,,,,,,,,,,,,,,,120,4,2024-09-06_13h38.38.181,Symbol-E,2020.1.3,Win32,Firefox,Mozilla/5.0 (Windows NT 10.0; Win64; x64; rv:129.0) Gecko/20100101 Firefox/129.0,60,,,,,,,,,,,,,,,,,,,,,,,,,,,,,,,,,,,,0,0,0,Hand,a,RT,0,0,0,0,8,0,60,0,1,0,99,a,0.541,0,1,a,1,0.541,60,0,60,0,1,,,,,,,,,,,,,,,,,,,,,,,,,,,,,,,,,,,,,,,,,,,,,,,,,,,,,,,,,,,,,,,,,,,,,,,,,,,,,,,,,,,,,,,,,,,,,,,,,,,,,,,
,,,,,,,,,,,,,,,,,120,4,2024-09-06_13h38.38.181,Symbol-E,2020.1.3,Win32,Firefox,Mozilla/5.0 (Windows NT 10.0; Win64; x64; rv:129.0) Gecko/20100101 Firefox/129.0,60,,,,,,,,,,,,,,,,,,,,,,,,,,,,,,,,,,,,5,5,1,Hand,u,RT,0,0,0,0,8,0,61,0,1,0,99,u,1.136,5,1,u,1,1.136,61,0,61,0,1,,,,,,,,,,,,,,,,,,,,,,,,,,,,,,,,,,,,,,,,,,,,,,,,,,,,,,,,,,,,,,,,,,,,,,,,,,,,,,,,,,,,,,,,,,,,,,,,,,,,,,,
,,,,,,,,,,,,,,,,,120,4,2024-09-06_13h38.38.181,Symbol-E,2020.1.3,Win32,Firefox,Mozilla/5.0 (Windows NT 10.0; Win64; x64; rv:129.0) Gecko/20100101 Firefox/129.0,60,,,,,,,,,,,,,,,,,,,,,,,,,,,,,,,,,,,,6,6,2,Hand,i,RT,0,0,0,0,8,0,62,0,1,0,99,i,0.544,6,1,i,1,0.544,62,0,62,0,1,,,,,,,,,,,,,,,,,,,,,,,,,,,,,,,,,,,,,,,,,,,,,,,,,,,,,,,,,,,,,,,,,,,,,,,,,,,,,,,,,,,,,,,,,,,,,,,,,,,,,,,
,,,,,,,,,,,,,,,,,120,4,2024-09-06_13h38.38.181,Symbol-E,2020.1.3,Win32,Firefox,Mozilla/5.0 (Windows NT 10.0; Win64; x64; rv:129.0) Gecko/20100101 Firefox/129.0,60,,,,,,,,,,,,,,,,,,,,,,,,,,,,,,,,,,,,7,7,3,Hand,l,RT,0,0,0,0,8,0,63,0,1,0,99,l,0.451,7,1,l,1,0.451,63,0,63,0,1,,,,,,,,,,,,,,,,,,,,,,,,,,,,,,,,,,,,,,,,,,,,,,,,,,,,,,,,,,,,,,,,,,,,,,,,,,,,,,,,,,,,,,,,,,,,,,,,,,,,,,,
,,,,,,,,,,,,,,,,,120,4,2024-09-06_13h38.38.181,Symbol-E,2020.1.3,Win32,Firefox,Mozilla/5.0 (Windows NT 10.0; Win64; x64; rv:129.0) Gecko/20100101 Firefox/129.0,60,,,,,,,,,,,,,,,,,,,,,,,,,,,,,,,,,,,,0,0,0,Hand,a,RT,0,0,0,0,8,0,64,0,1,0,99,a,0.504,0,1,a,1,0.504,64,0,64,0,1,,,,,,,,,,,,,,,,,,,,,,,,,,,,,,,,,,,,,,,,,,,,,,,,,,,,,,,,,,,,,,,,,,,,,,,,,,,,,,,,,,,,,,,,,,,,,,,,,,,,,,,
,,,,,,,,,,,,,,,,,120,4,2024-09-06_13h38.38.181,Symbol-E,2020.1.3,Win32,Firefox,Mozilla/5.0 (Windows NT 10.0; Win64; x64; rv:129.0) Gecko/20100101 Firefox/129.0,60,,,,,,,,,,,,,,,,,,,,,,,,,,,,,,,,,,,,6,6,2,Hand,i,RT,0,0,0,0,8,0,65,0,1,0,99,i,0.59,6,1,i,1,0.59,65,0,65,0,1,,,,,,,,,,,,,,,,,,,,,,,,,,,,,,,,,,,,,,,,,,,,,,,,,,,,,,,,,,,,,,,,,,,,,,,,,,,,,,,,,,,,,,,,,,,,,,,,,,,,,,,
,,,,,,,,,,,,,,,,,120,4,2024-09-06_13h38.38.181,Symbol-E,2020.1.3,Win32,Firefox,Mozilla/5.0 (Windows NT 10.0; Win64; x64; rv:129.0) Gecko/20100101 Firefox/129.0,60,,,,,,,,,,,,,,,,,,,,,,,,,,,,,,,,,,,,4,4,0,Hand,h,RT,0,0,0,0,8,0,66,0,1,0,99,h,0.893,4,1,h,1,0.893,66,0,66,0,1,,,,,,,,,,,,,,,,,,,,,,,,,,,,,,,,,,,,,,,,,,,,,,,,,,,,,,,,,,,,,,,,,,,,,,,,,,,,,,,,,,,,,,,,,,,,,,,,,,,,,,,
,,,,,,,,,,,,,,,,,120,4,2024-09-06_13h38.38.181,Symbol-E,2020.1.3,Win32,Firefox,Mozilla/5.0 (Windows NT 10.0; Win64; x64; rv:129.0) Gecko/20100101 Firefox/129.0,60,,,,,,,,,,,,,,,,,,,,,,,,,,,,,,,,,,,,5,5,1,Hand,u,RT,0,0,0,0,8,0,67,0,1,0,99,u,1.015,5,1,u,1,1.015,67,0,67,0,1,,,,,,,,,,,,,,,,,,,,,,,,,,,,,,,,,,,,,,,,,,,,,,,,,,,,,,,,,,,,,,,,,,,,,,,,,,,,,,,,,,,,,,,,,,,,,,,,,,,,,,,
,,,,,,,,,,,,,,,,,120,4,2024-09-06_13h38.38.181,Symbol-E,2020.1.3,Win32,Firefox,Mozilla/5.0 (Windows NT 10.0; Win64; x64; rv:129.0) Gecko/20100101 Firefox/129.0,60,,,,,,,,,,,,,,,,,,,,,,,,,,,,,,,,,,,,2,2,2,Hand,e,RT,0,0,0,0,8,0,68,0,1,0,99,e,0.843,2,1,e,1,0.843,68,0,68,0,1,,,,,,,,,,,,,,,,,,,,,,,,,,,,,,,,,,,,,,,,,,,,,,,,,,,,,,,,,,,,,,,,,,,,,,,,,,,,,,,,,,,,,,,,,,,,,,,,,,,,,,,
,,,,,,,,,,,,,,,,,120,4,2024-09-06_13h38.38.181,Symbol-E,2020.1.3,Win32,Firefox,Mozilla/5.0 (Windows NT 10.0; Win64; x64; rv:129.0) Gecko/20100101 Firefox/129.0,60,,,,,,,,,,,,,,,,,,,,,,,,,,,,,,,,,,,,6,6,2,Hand,i,RT,0,0,0,0,8,0,69,0,1,0,99,i,0.595,6,1,i,1,0.595,69,0,69,0,1,,,,,,,,,,,,,,,,,,,,,,,,,,,,,,,,,,,,,,,,,,,,,,,,,,,,,,,,,,,,,,,,,,,,,,,,,,,,,,,,,,,,,,,,,,,,,,,,,,,,,,,
,,,,,,,,,,,,,,,,,120,4,2024-09-06_13h38.38.181,Symbol-E,2020.1.3,Win32,Firefox,Mozilla/5.0 (Windows NT 10.0; Win64; x64; rv:129.0) Gecko/20100101 Firefox/129.0,60,,,,,,,,,,,,,,,,,,,,,,,,,,,,,,,,,,,,3,3,3,Hand,f,RT,0,0,0,0,8,0,70,0,1,0,99,f,0.821,3,1,f,1,0.821,70,0,70,0,1,,,,,,,,,,,,,,,,,,,,,,,,,,,,,,,,,,,,,,,,,,,,,,,,,,,,,,,,,,,,,,,,,,,,,,,,,,,,,,,,,,,,,,,,,,,,,,,,,,,,,,,
,,,,,,,,,,,,,,,,,120,4,2024-09-06_13h38.38.181,Symbol-E,2020.1.3,Win32,Firefox,Mozilla/5.0 (Windows NT 10.0; Win64; x64; rv:129.0) Gecko/20100101 Firefox/129.0,60,,,,,,,,,,,,,,,,,,,,,,,,,,,,,,,,,,,,1,1,1,Hand,w,RT,0,0,0,0,8,0,71,0,1,0,99,w,0.626,1,1,w,1,0.626,71,0,71,0,1,,,,,,,,,,,,,,,,,,,,,,,,,,,,,,,,,,,,,,,,,,,,,,,,,,,,,,,,,,,,,,,,,,,,,,,,,,,,,,,,,,,,,,,,,,,,,,,,,,,,,,,
,,,,,,,,,,,,,,,,,120,4,2024-09-06_13h38.38.181,Symbol-E,2020.1.3,Win32,Firefox,Mozilla/5.0 (Windows NT 10.0; Win64; x64; rv:129.0) Gecko/20100101 Firefox/129.0,60,,,,,,,,,,,,,,,,,,,,,,,,,,,,,,,,,,,,7,7,3,Hand,l,RT,0,0,0,0,8,0,72,0,1,0,99,l,0.442,7,1,l,1,0.442,72,0,72,0,1,,,,,,,,,,,,,,,,,,,,,,,,,,,,,,,,,,,,,,,,,,,,,,,,,,,,,,,,,,,,,,,,,,,,,,,,,,,,,,,,,,,,,,,,,,,,,,,,,,,,,,,
,,,,,,,,,,,,,,,,,120,4,2024-09-06_13h38.38.181,Symbol-E,2020.1.3,Win32,Firefox,Mozilla/5.0 (Windows NT 10.0; Win64; x64; rv:129.0) Gecko/20100101 Firefox/129.0,60,,,,,,,,,,,,,,,,,,,,,,,,,,,,,,,,,,,,2,2,2,Hand,e,RT,0,0,0,0,8,0,73,0,1,0,99,e,1.547,2,1,e,1,1.547,73,0,73,0,1,,,,,,,,,,,,,,,,,,,,,,,,,,,,,,,,,,,,,,,,,,,,,,,,,,,,,,,,,,,,,,,,,,,,,,,,,,,,,,,,,,,,,,,,,,,,,,,,,,,,,,,
,,,,,,,,,,,,,,,,,120,4,2024-09-06_13h38.38.181,Symbol-E,2020.1.3,Win32,Firefox,Mozilla/5.0 (Windows NT 10.0; Win64; x64; rv:129.0) Gecko/20100101 Firefox/129.0,60,,,,,,,,,,,,,,,,,,,,,,,,,,,,,,,,,,,,1,1,1,Hand,w,RT,0,0,0,0,8,0,74,0,1,0,99,w,0.726,1,1,w,1,0.726,74,0,74,0,1,,,,,,,,,,,,,,,,,,,,,,,,,,,,,,,,,,,,,,,,,,,,,,,,,,,,,,,,,,,,,,,,,,,,,,,,,,,,,,,,,,,,,,,,,,,,,,,,,,,,,,,
,,,,,,,,,,,,,,,,,120,4,2024-09-06_13h38.38.181,Symbol-E,2020.1.3,Win32,Firefox,Mozilla/5.0 (Windows NT 10.0; Win64; x64; rv:129.0) Gecko/20100101 Firefox/129.0,60,,,,,,,,,,,,,,,,,,,,,,,,,,,,,,,,,,,,7,7,3,Hand,l,RT,0,0,0,0,8,0,75,0,1,0,99,l,0.434,7,1,l,1,0.434,75,0,75,0,1,,,,,,,,,,,,,,,,,,,,,,,,,,,,,,,,,,,,,,,,,,,,,,,,,,,,,,,,,,,,,,,,,,,,,,,,,,,,,,,,,,,,,,,,,,,,,,,,,,,,,,,
,,,,,,,,,,,,,,,,,120,4,2024-09-06_13h38.38.181,Symbol-E,2020.1.3,Win32,Firefox,Mozilla/5.0 (Windows NT 10.0; Win64; x64; rv:129.0) Gecko/20100101 Firefox/129.0,60,,,,,,,,,,,,,,,,,,,,,,,,,,,,,,,,,,,,4,4,0,Hand,h,RT,0,0,0,0,8,0,76,0,1,0,99,h,0.599,4,1,h,1,0.599,76,0,76,0,1,,,,,,,,,,,,,,,,,,,,,,,,,,,,,,,,,,,,,,,,,,,,,,,,,,,,,,,,,,,,,,,,,,,,,,,,,,,,,,,,,,,,,,,,,,,,,,,,,,,,,,,
,,,,,,,,,,,,,,,,,120,4,2024-09-06_13h38.38.181,Symbol-E,2020.1.3,Win32,Firefox,Mozilla/5.0 (Windows NT 10.0; Win64; x64; rv:129.0) Gecko/20100101 Firefox/129.0,60,,,,,,,,,,,,,,,,,,,,,,,,,,,,,,,,,,,,0,0,0,Hand,a,RT,0,0,0,0,8,0,77,0,1,0,99,a,0.458,0,1,a,1,0.458,77,0,77,0,1,,,,,,,,,,,,,,,,,,,,,,,,,,,,,,,,,,,,,,,,,,,,,,,,,,,,,,,,,,,,,,,,,,,,,,,,,,,,,,,,,,,,,,,,,,,,,,,,,,,,,,,
,,,,,,,,,,,,,,,,,120,4,2024-09-06_13h38.38.181,Symbol-E,2020.1.3,Win32,Firefox,Mozilla/5.0 (Windows NT 10.0; Win64; x64; rv:129.0) Gecko/20100101 Firefox/129.0,60,,,,,,,,,,,,,,,,,,,,,,,,,,,,,,,,,,,,5,5,1,Hand,u,RT,0,0,0,0,8,0,78,0,1,0,99,u,0.92,5,1,u,1,0.92,78,0,78,0,1,,,,,,,,,,,,,,,,,,,,,,,,,,,,,,,,,,,,,,,,,,,,,,,,,,,,,,,,,,,,,,,,,,,,,,,,,,,,,,,,,,,,,,,,,,,,,,,,,,,,,,,
,,,,,,,,,,,,,,,,,120,4,2024-09-06_13h38.38.181,Symbol-E,2020.1.3,Win32,Firefox,Mozilla/5.0 (Windows NT 10.0; Win64; x64; rv:129.0) Gecko/20100101 Firefox/129.0,60,,,,,,,,,,,,,,,,,,,,,,,,,,,,,,,,,,,,3,3,3,Hand,f,RT,0,0,0,0,8,0,79,0,1,0,99,f,0.659,3,1,f,1,0.659,79,0,79,0,1,,,,,,,,,,,,,,,,,,,,,,,,,,,,,,,,,,,,,,,,,,,,,,,,,,,,,,,,,,,,,,,,,,,,,,,,,,,,,,,,,,,,,,,,,,,,,,,,,,,,,,,
,,,,,,,,,,,,,,,,,120,4,2024-09-06_13h38.38.181,Symbol-E,2020.1.3,Win32,Firefox,Mozilla/5.0 (Windows NT 10.0; Win64; x64; rv:129.0) Gecko/20100101 Firefox/129.0,60,,,,,,,,,,,,,,,,,,,,,,,,,,,,,,,,,,,,6,6,2,Hand,i,RT,0,0,0,0,8,0,80,0,1,0,99,i,0.549,6,1,i,1,0.549,80,0,80,0,1,,,,,,,,,,,,,,,,,,,,,,,,,,,,,,,,,,,,,,,,,,,,,,,,,,,,,,,,,,,,,,,,,,,,,,,,,,,,,,,,,,,,,,,,,,,,,,,,,,,,,,,
,,,,,,,,,,,,,,,,,120,4,2024-09-06_13h38.38.181,Symbol-E,2020.1.3,Win32,Firefox,Mozilla/5.0 (Windows NT 10.0; Win64; x64; rv:129.0) Gecko/20100101 Firefox/129.0,60,,,,,,,,,,,,,,,,,,,,,,,,,,,,,,,,,,,,5,5,1,Hand,u,RT,0,0,0,0,8,0,81,0,1,0,99,u,1.177,5,1,u,1,1.177,81,0,81,0,1,,,,,,,,,,,,,,,,,,,,,,,,,,,,,,,,,,,,,,,,,,,,,,,,,,,,,,,,,,,,,,,,,,,,,,,,,,,,,,,,,,,,,,,,,,,,,,,,,,,,,,,
,,,,,,,,,,,,,,,,,120,4,2024-09-06_13h38.38.181,Symbol-E,2020.1.3,Win32,Firefox,Mozilla/5.0 (Windows NT 10.0; Win64; x64; rv:129.0) Gecko/20100101 Firefox/129.0,60,,,,,,,,,,,,,,,,,,,,,,,,,,,,,,,,,,,,4,4,0,Hand,h,RT,0,0,0,0,8,0,82,0,1,0,99,h,0.406,4,1,h,1,0.406,82,0,82,0,1,,,,,,,,,,,,,,,,,,,,,,,,,,,,,,,,,,,,,,,,,,,,,,,,,,,,,,,,,,,,,,,,,,,,,,,,,,,,,,,,,,,,,,,,,,,,,,,,,,,,,,,
,,,,,,,,,,,,,,,,,120,4,2024-09-06_13h38.38.181,Symbol-E,2020.1.3,Win32,Firefox,Mozilla/5.0 (Windows NT 10.0; Win64; x64; rv:129.0) Gecko/20100101 Firefox/129.0,60,,,,,,,,,,,,,,,,,,,,,,,,,,,,,,,,,,,,0,0,0,Hand,a,RT,0,0,0,0,8,0,83,0,1,0,99,a,0.475,0,1,a,1,0.475,83,0,83,0,1,,,,,,,,,,,,,,,,,,,,,,,,,,,,,,,,,,,,,,,,,,,,,,,,,,,,,,,,,,,,,,,,,,,,,,,,,,,,,,,,,,,,,,,,,,,,,,,,,,,,,,,
,,,,,,,,,,,,,,,,,120,4,2024-09-06_13h38.38.181,Symbol-E,2020.1.3,Win32,Firefox,Mozilla/5.0 (Windows NT 10.0; Win64; x64; rv:129.0) Gecko/20100101 Firefox/129.0,60,,,,,,,,,,,,,,,,,,,,,,,,,,,,,,,,,,,,3,3,3,Hand,f,RT,0,0,0,0,8,0,84,0,1,0,99,f,0.742,3,1,f,1,0.742,84,0,84,0,1,,,,,,,,,,,,,,,,,,,,,,,,,,,,,,,,,,,,,,,,,,,,,,,,,,,,,,,,,,,,,,,,,,,,,,,,,,,,,,,,,,,,,,,,,,,,,,,,,,,,,,,
,,,,,,,,,,,,,,,,,120,4,2024-09-06_13h38.38.181,Symbol-E,2020.1.3,Win32,Firefox,Mozilla/5.0 (Windows NT 10.0; Win64; x64; rv:129.0) Gecko/20100101 Firefox/129.0,60,,,,,,,,,,,,,,,,,,,,,,,,,,,,,,,,,,,,7,7,3,Hand,l,RT,0,0,0,0,8,0,85,0,1,0,99,l,0.394,7,1,l,1,0.394,85,0,85,0,1,,,,,,,,,,,,,,,,,,,,,,,,,,,,,,,,,,,,,,,,,,,,,,,,,,,,,,,,,,,,,,,,,,,,,,,,,,,,,,,,,,,,,,,,,,,,,,,,,,,,,,,
,,,,,,,,,,,,,,,,,120,4,2024-09-06_13h38.38.181,Symbol-E,2020.1.3,Win32,Firefox,Mozilla/5.0 (Windows NT 10.0; Win64; x64; rv:129.0) Gecko/20100101 Firefox/129.0,60,,,,,,,,,,,,,,,,,,,,,,,,,,,,,,,,,,,,1,1,1,Hand,w,RT,0,0,0,0,8,0,86,0,1,0,99,w,0.53,1,1,w,1,0.53,86,0,86,0,1,,,,,,,,,,,,,,,,,,,,,,,,,,,,,,,,,,,,,,,,,,,,,,,,,,,,,,,,,,,,,,,,,,,,,,,,,,,,,,,,,,,,,,,,,,,,,,,,,,,,,,,
,,,,,,,,,,,,,,,,,120,4,2024-09-06_13h38.38.181,Symbol-E,2020.1.3,Win32,Firefox,Mozilla/5.0 (Windows NT 10.0; Win64; x64; rv:129.0) Gecko/20100101 Firefox/129.0,60,,,,,,,,,,,,,,,,,,,,,,,,,,,,,,,,,,,,3,3,3,Hand,f,RT,0,0,0,0,8,0,87,0,1,0,99,f,0.696,3,1,f,1,0.696,87,0,87,0,1,,,,,,,,,,,,,,,,,,,,,,,,,,,,,,,,,,,,,,,,,,,,,,,,,,,,,,,,,,,,,,,,,,,,,,,,,,,,,,,,,,,,,,,,,,,,,,,,,,,,,,,
,,,,,,,,,,,,,,,,,120,4,2024-09-06_13h38.38.181,Symbol-E,2020.1.3,Win32,Firefox,Mozilla/5.0 (Windows NT 10.0; Win64; x64; rv:129.0) Gecko/20100101 Firefox/129.0,60,,,,,,,,,,,,,,,,,,,,,,,,,,,,,,,,,,,,2,2,2,Hand,e,RT,0,0,0,0,8,0,88,0,1,0,99,e,0.661,2,1,e,1,0.661,88,0,88,0,1,,,,,,,,,,,,,,,,,,,,,,,,,,,,,,,,,,,,,,,,,,,,,,,,,,,,,,,,,,,,,,,,,,,,,,,,,,,,,,,,,,,,,,,,,,,,,,,,,,,,,,,
,,,,,,,,,,,,,,,,,120,4,2024-09-06_13h38.38.181,Symbol-E,2020.1.3,Win32,Firefox,Mozilla/5.0 (Windows NT 10.0; Win64; x64; rv:129.0) Gecko/20100101 Firefox/129.0,60,,,,,,,,,,,,,,,,,,,,,,,,,,,,,,,,,,,,1,1,1,Hand,w,RT,0,0,0,0,8,0,89,0,1,0,99,w,0.503,1,1,w,1,0.503,89,0,89,0,1,,,,,,,,,,,,,,,,,,,,,,,,,,,,,,,,,,,,,,,,,,,,,,,,,,,,,,,,,,,,,,,,,,,,,,,,,,,,,,,,,,,,,,,,,,,,,,,,,,,,,,,
,,,,,,,,,,,,,,,,,120,4,2024-09-06_13h38.38.181,Symbol-E,2020.1.3,Win32,Firefox,Mozilla/5.0 (Windows NT 10.0; Win64; x64; rv:129.0) Gecko/20100101 Firefox/129.0,60,,,,,,,,,,,,,,,,,,,,,,,,,,,,,,,,,,,,6,6,2,Hand,i,RT,0,0,0,0,8,0,90,0,1,0,99,i,0.674,6,1,i,1,0.674,90,0,90,0,1,,,,,,,,,,,,,,,,,,,,,,,,,,,,,,,,,,,,,,,,,,,,,,,,,,,,,,,,,,,,,,,,,,,,,,,,,,,,,,,,,,,,,,,,,,,,,,,,,,,,,,,
,,,,,,,,,,,,,,,,,120,4,2024-09-06_13h38.38.181,Symbol-E,2020.1.3,Win32,Firefox,Mozilla/5.0 (Windows NT 10.0; Win64; x64; rv:129.0) Gecko/20100101 Firefox/129.0,60,,,,,,,,,,,,,,,,,,,,,,,,,,,,,,,,,,,,2,2,2,Hand,e,RT,0,0,0,0,8,0,91,0,1,0,99,e,0.831,2,1,e,1,0.831,91,0,91,0,1,,,,,,,,,,,,,,,,,,,,,,,,,,,,,,,,,,,,,,,,,,,,,,,,,,,,,,,,,,,,,,,,,,,,,,,,,,,,,,,,,,,,,,,,,,,,,,,,,,,,,,,
,,,,,,,,,,,,,,,,,120,4,2024-09-06_13h38.38.181,Symbol-E,2020.1.3,Win32,Firefox,Mozilla/5.0 (Windows NT 10.0; Win64; x64; rv:129.0) Gecko/20100101 Firefox/129.0,60,,,,,,,,,,,,,,,,,,,,,,,,,,,,,,,,,,,,5,5,1,Hand,u,RT,0,0,0,0,8,0,92,0,1,0,99,u,1.151,5,1,u,1,1.151,92,0,92,0,1,,,,,,,,,,,,,,,,,,,,,,,,,,,,,,,,,,,,,,,,,,,,,,,,,,,,,,,,,,,,,,,,,,,,,,,,,,,,,,,,,,,,,,,,,,,,,,,,,,,,,,,
,,,,,,,,,,,,,,,,,120,4,2024-09-06_13h38.38.181,Symbol-E,2020.1.3,Win32,Firefox,Mozilla/5.0 (Windows NT 10.0; Win64; x64; rv:129.0) Gecko/20100101 Firefox/129.0,60,,,,,,,,,,,,,,,,,,,,,,,,,,,,,,,,,,,,7,7,3,Hand,l,RT,0,0,0,0,8,0,93,0,1,0,99,l,0.402,7,1,l,1,0.402,93,0,93,0,1,,,,,,,,,,,,,,,,,,,,,,,,,,,,,,,,,,,,,,,,,,,,,,,,,,,,,,,,,,,,,,,,,,,,,,,,,,,,,,,,,,,,,,,,,,,,,,,,,,,,,,,
,,,,,,,,,,,,,,,,,120,4,2024-09-06_13h38.38.181,Symbol-E,2020.1.3,Win32,Firefox,Mozilla/5.0 (Windows NT 10.0; Win64; x64; rv:129.0) Gecko/20100101 Firefox/129.0,60,,,,,,,,,,,,,,,,,,,,,,,,,,,,,,,,,,,,0,0,0,Hand,a,RT,0,0,0,0,8,0,94,0,1,0,99,a,0.52,0,1,a,1,0.52,94,0,94,0,1,,,,,,,,,,,,,,,,,,,,,,,,,,,,,,,,,,,,,,,,,,,,,,,,,,,,,,,,,,,,,,,,,,,,,,,,,,,,,,,,,,,,,,,,,,,,,,,,,,,,,,,
,,,,,,,,,,,,,,,,,120,4,2024-09-06_13h38.38.181,Symbol-E,2020.1.3,Win32,Firefox,Mozilla/5.0 (Windows NT 10.0; Win64; x64; rv:129.0) Gecko/20100101 Firefox/129.0,60,,,,,,,,,,,,,,,,,,,,,,,,,,,,,,,,,,,,4,4,0,Hand,h,RT,0,0,0,0,8,0,95,0,1,0,99,h,0.491,4,1,h,1,0.491,95,0,95,0,1,,,,,,,,,,,,,,,,,,,,,,,,,,,,,,,,,,,,,,,,,,,,,,,,,,,,,,,,,,,,,,,,,,,,,,,,,,,,,,,,,,,,,,,,,,,,,,,,,,,,,,,
,,,,,,,,,,,,,,,,,120,4,2024-09-06_13h38.38.181,Symbol-E,2020.1.3,Win32,Firefox,Mozilla/5.0 (Windows NT 10.0; Win64; x64; rv:129.0) Gecko/20100101 Firefox/129.0,60,,,,,,,,,,,,,,,,,,,,,,,,,,,,,,,,,,,,,,,,,,,,,,,,,,,,,,,,,,,,,,,,,0,0,0,0,1,,,,,,,,,,,,,,,,,,,,,,,,,,,,,,,,,,,,,,,,,,,,,,,,,,,,,,,,,,,,,,,,,,,,,,,,,,,,,,,,,,,,,,,,,,,,,,,,,,
,,,,,,,,,,,,,,,,,120,4,2024-09-06_13h38.38.181,Symbol-E,2020.1.3,Win32,Firefox,Mozilla/5.0 (Windows NT 10.0; Win64; x64; rv:129.0) Gecko/20100101 Firefox/129.0,60,,,,,,,,,,,,,,,,,,,,,,,,,,,,,,,,,,,,5,5,1,Hand,u,TR,0,0,0,0,8,0,0,0,1,1,1.060423096,a,99,8,0,,,,,,,,,,,,,,h,17.431,h,0.628,,0,u,4.164,0,0,0,0,1,,,,,,,,,,,,,,,,,,,,,,,,,,,,,,,,,,,,,,,,,,,,,,,,,,,,,,,,,,,,,,,,,,,,,,,,,,,,,,,,,,,,,
,,,,,,,,,,,,,,,,,120,4,2024-09-06_13h38.38.181,Symbol-E,2020.1.3,Win32,Firefox,Mozilla/5.0 (Windows NT 10.0; Win64; x64; rv:129.0) Gecko/20100101 Firefox/129.0,60,,,,,,,,,,,,,,,,,,,,,,,,,,,,,,,,,,,,,,,,,,,,,,,,,,,,,,,,,,,,,,,,,,,,,,,,,,,,,,,,,,,0,0,0,0,1,,,,,,,,,,,,,,,,,,,,,,,,,,,,,,,,,,,,,,,,,,,,,,,,,,,,,,,,,,,,,,,,,,,,,,,,,,,,,,,,
,,,,,,,,,,,,,,,,,120,4,2024-09-06_13h38.38.181,Symbol-E,2020.1.3,Win32,Firefox,Mozilla/5.0 (Windows NT 10.0; Win64; x64; rv:129.0) Gecko/20100101 Firefox/129.0,60,,,,,,,,,,,,,,,,,,,,,,,,,,,,,,,,,,,,7,7,3,Hand,l,TR,0,0,0,0,8,0,1,0,1,1,0.424284301,l,1.258,7,1,,,,,,,,,,,,,,,,,,l,1,,,,,,,,,,,,,1.258,0,0,0,0,1,,,,,,,,,,,,,,,,,,,,,,,,,,,,,,,,,,,,,,,,,,,,,,,,,,,,,,,,,,,,,,,,,,,,,,,,,,
,,,,,,,,,,,,,,,,,120,4,2024-09-06_13h38.38.181,Symbol-E,2020.1.3,Win32,Firefox,Mozilla/5.0 (Windows NT 10.0; Win64; x64; rv:129.0) Gecko/20100101 Firefox/129.0,60,,,,,,,,,,,,,,,,,,,,,,,,,,,,,,,,,,,,,,,,,,,,,,,,,,,,,,,,,,,,,,,,,,,,,,,,,,,,,,,,,,,1,0,1,0,1,,,,,,,,,,,,,,,,,,,,,,,,,,,,,,,,,,,,,,,,,,,,,,,,,,,,,,,,,,,,,,,,,,,,,,,,,,,,,,,,
,,,,,,,,,,,,,,,,,120,4,2024-09-06_13h38.38.181,Symbol-E,2020.1.3,Win32,Firefox,Mozilla/5.0 (Windows NT 10.0; Win64; x64; rv:129.0) Gecko/20100101 Firefox/129.0,60,,,,,,,,,,,,,,,,,,,,,,,,,,,,,,,,,,,,2,2,2,Hand,e,TR,0,0,0,0,8,0,2,0,1,1,0.160490461,a,99,8,0,,,,,,,,,,,,,,,,,,,0,h,1.013,0,0,0,0,1,,,,,,,,,,,,,,,,,,,,,,,,,,,,,,,,,,,,,,,,,,,,,,,,,,,,,,,,,,,,,,,,,,,,,,,,,,,,,,,,,,,,,
,,,,,,,,,,,,,,,,,120,4,2024-09-06_13h38.38.181,Symbol-E,2020.1.3,Win32,Firefox,Mozilla/5.0 (Windows NT 10.0; Win64; x64; rv:129.0) Gecko/20100101 Firefox/129.0,60,,,,,,,,,,,,,,,,,,,,,,,,,,,,,,,,,,,,,,,,,,,,,,,,,,,,,,,,,,,,,,,,,,,,,,,,,,,,,,,,,,,2,0,2,0,1,,,,,,,,,,,,,,,,,,,,,,,,,,,,,,,,,,,,,,,,,,,,,,,,,,,,,,,,,,,,,,,,,,,,,,,,,,,,,,,,
,,,,,,,,,,,,,,,,,120,4,2024-09-06_13h38.38.181,Symbol-E,2020.1.3,Win32,Firefox,Mozilla/5.0 (Windows NT 10.0; Win64; x64; rv:129.0) Gecko/20100101 Firefox/129.0,60,,,,,,,,,,,,,,,,,,,,,,,,,,,,,,,,,,,,4,4,0,Hand,h,TR,0,0,0,0,8,0,3,0,1,1,1.03263719,h,0.662,4,1,,,,,,,,,,,,,,,,,,h,1,u,1.468,0,0,0,0,1,,,,,,0.662,,,,,,,,,,,,,,,,,,,,,,,,,,,,,,,,,,,,,,,,,,,,,,,,,,,,,,,,,,,,,,,,,,,,,,,,,,,,,,,
,,,,,,,,,,,,,,,,,120,4,2024-09-06_13h38.38.181,Symbol-E,2020.1.3,Win32,Firefox,Mozilla/5.0 (Windows NT 10.0; Win64; x64; rv:129.0) Gecko/20100101 Firefox/129.0,60,,,,,,,,,,,,,,,,,,,,,,,,,,,,,,,,,,,,,,,,,,,,,,,,,,,,,,,,,,,,,,,,,,,,,,,,,,,,,,,,,,,3,0,3,0,1,,,,,,,,,,,,,,,,,,,,,,,,,,,,,,,,,,,,,,,,,,,,,,,,,,,,,,,,,,,,,,,,,,,,,,,,,,,,,,,,
,,,,,,,,,,,,,,,,,120,4,2024-09-06_13h38.38.181,Symbol-E,2020.1.3,Win32,Firefox,Mozilla/5.0 (Windows NT 10.0; Win64; x64; rv:129.0) Gecko/20100101 Firefox/129.0,60,,,,,,,,,,,,,,,,,,,,,,,,,,,,,,,,,,,,2,2,2,Hand,e,TR,0,0,0,0,8,0,4,0,1,1,1.13688195,w,0.507,1,0,,,,,,,,,,,,,,,,,,w,0,h,5.031,0,0,0,0,1,,,,,,0.507,,,,,,,,,,,,,,,,,,,,,,,,,,,,,,,,,,,,,,,,,,,,,,,,,,,,,,,,,,,,,,,,,,,,,,,,,,,,,,,
,,,,,,,,,,,,,,,,,120,4,2024-09-06_13h38.38.181,Symbol-E,2020.1.3,Win32,Firefox,Mozilla/5.0 (Windows NT 10.0; Win64; x64; rv:129.0) Gecko/20100101 Firefox/129.0,60,,,,,,,,,,,,,,,,,,,,,,,,,,,,,,,,,,,,,,,,,,,,,,,,,,,,,,,,,,,,,,,,,,,,,,,,,,,,,,,,,,,4,0,4,0,1,,,,,,,,,,,,,,,,,,,,,,,,,,,,,,,,,,,,,,,,,,,,,,,,,,,,,,,,,,,,,,,,,,,,,,,,,,,,,,,,
,,,,,,,,,,,,,,,,,120,4,2024-09-06_13h38.38.181,Symbol-E,2020.1.3,Win32,Firefox,Mozilla/5.0 (Windows NT 10.0; Win64; x64; rv:129.0) Gecko/20100101 Firefox/129.0,60,,,,,,,,,,,,,,,,,,,,,,,,,,,,,,,,,,,,1,1,1,Hand,w,TR,0,0,0,0,8,0,5,0,1,1,0.336971927,w,1.268,1,1,,,,,,,,,,,,,,,,,,w,1,,,,,,,,,,,,,1.268,0,0,0,0,1,,,,,,,,,,,,,,,,,,,,,,,,,,,,,,,,,,,,,,,,,,,,,,,,,,,,,,,,,,,,,,,,,,,,,,,,,,
,,,,,,,,,,,,,,,,,120,4,2024-09-06_13h38.38.181,Symbol-E,2020.1.3,Win32,Firefox,Mozilla/5.0 (Windows NT 10.0; Win64; x64; rv:129.0) Gecko/20100101 Firefox/129.0,60,,,,,,,,,,,,,,,,,,,,,,,,,,,,,,,,,,,,,,,,,,,,,,,,,,,,,,,,,,,,,,,,,,,,,,,,,,,,,,,,,,,5,0,5,0,1,,,,,,,,,,,,,,,,,,,,,,,,,,,,,,,,,,,,,,,,,,,,,,,,,,,,,,,,,,,,,,,,,,,,,,,,,,,,,,,,
,,,,,,,,,,,,,,,,,120,4,2024-09-06_13h38.38.181,Symbol-E,2020.1.3,Win32,Firefox,Mozilla/5.0 (Windows NT 10.0; Win64; x64; rv:129.0) Gecko/20100101 Firefox/129.0,60,,,,,,,,,,,,,,,,,,,,,,,,,,,,,,,,,,,,6,6,2,Hand,i,TR,0,0,0,0,8,0,6,0,1,1,0.997272758,i,0.678,6,1,,,,,,,,,,,,,,,,,,i,1,h,3.093,0,0,0,0,1,,,,,,0.678,,,,,,,,,,,,,,,,,,,,,,,,,,,,,,,,,,,,,,,,,,,,,,,,,,,,,,,,,,,,,,,,,,,,,,,,,,,,,,,
,,,,,,,,,,,,,,,,,120,4,2024-09-06_13h38.38.181,Symbol-E,2020.1.3,Win32,Firefox,Mozilla/5.0 (Windows NT 10.0; Win64; x64; rv:129.0) Gecko/20100101 Firefox/129.0,60,,,,,,,,,,,,,,,,,,,,,,,,,,,,,,,,,,,,,,,,,,,,,,,,,,,,,,,,,,,,,,,,,,,,,,,,,,,,,,,,,,,6,0,6,0,1,,,,,,,,,,,,,,,,,,,,,,,,,,,,,,,,,,,,,,,,,,,,,,,,,,,,,,,,,,,,,,,,,,,,,,,,,,,,,,,,
,,,,,,,,,,,,,,,,,120,4,2024-09-06_13h38.38.181,Symbol-E,2020.1.3,Win32,Firefox,Mozilla/5.0 (Windows NT 10.0; Win64; x64; rv:129.0) Gecko/20100101 Firefox/129.0,60,,,,,,,,,,,,,,,,,,,,,,,,,,,,,,,,,,,,3,3,3,Hand,f,TR,0,0,0,0,8,0,7,0,1,1,1.159511066,e,0.479,2,0,,,,,,,,,,,,,,,,,,e,0,h,3.973,0,0,0,0,1,,,,,,0.479,,,,,,,,,,,,,,,,,,,,,,,,,,,,,,,,,,,,,,,,,,,,,,,,,,,,,,,,,,,,,,,,,,,,,,,,,,,,,,,
,,,,,,,,,,,,,,,,,120,4,2024-09-06_13h38.38.181,Symbol-E,2020.1.3,Win32,Firefox,Mozilla/5.0 (Windows NT 10.0; Win64; x64; rv:129.0) Gecko/20100101 Firefox/129.0,60,,,,,,,,,,,,,,,,,,,,,,,,,,,,,,,,,,,,,,,,,,,,,,,,,,,,,,,,,,,,,,,,,,,,,,,,,,,,,,,,,,,7,0,7,0,1,,,,,,,,,,,,,,,,,,,,,,,,,,,,,,,,,,,,,,,,,,,,,,,,,,,,,,,,,,,,,,,,,,,,,,,,,,,,,,,,
,,,,,,,,,,,,,,,,,120,4,2024-09-06_13h38.38.181,Symbol-E,2020.1.3,Win32,Firefox,Mozilla/5.0 (Windows NT 10.0; Win64; x64; rv:129.0) Gecko/20100101 Firefox/129.0,60,,,,,,,,,,,,,,,,,,,,,,,,,,,,,,,,,,,,3,3,3,Hand,f,TR,0,0,0,0,8,0,8,0,1,1,0.853103667,f,1.11,3,1,,,,,,,,,,,,,,,,,,f,1,,,,,,,,,,,,,1.11,0,0,0,0,1,,,,,,,,,,,,,,,,,,,,,,,,,,,,,,,,,,,,,,,,,,,,,,,,,,,,,,,,,,,,,,,,,,,,,,,,,,
,,,,,,,,,,,,,,,,,120,4,2024-09-06_13h38.38.181,Symbol-E,2020.1.3,Win32,Firefox,Mozilla/5.0 (Windows NT 10.0; Win64; x64; rv:129.0) Gecko/20100101 Firefox/129.0,60,,,,,,,,,,,,,,,,,,,,,,,,,,,,,,,,,,,,,,,,,,,,,,,,,,,,,,,,,,,,,,,,,,,,,,,,,,,,,,,,,,,8,0,8,0,1,,,,,,,,,,,,,,,,,,,,,,,,,,,,,,,,,,,,,,,,,,,,,,,,,,,,,,,,,,,,,,,,,,,,,,,,,,,,,,,,
,,,,,,,,,,,,,,,,,120,4,2024-09-06_13h38.38.181,Symbol-E,2020.1.3,Win32,Firefox,Mozilla/5.0 (Windows NT 10.0; Win64; x64; rv:129.0) Gecko/20100101 Firefox/129.0,60,,,,,,,,,,,,,,,,,,,,,,,,,,,,,,,,,,,,5,5,1,Hand,u,TR,0,0,0,0,8,0,9,0,1,1,0.671220706,u,1.215,5,1,,,,,,,,,,,,,,,,,,u,1,,,,,,,,,,,,,1.215,0,0,0,0,1,,,,,,,,,,,,,,,,,,,,,,,,,,,,,,,,,,,,,,,,,,,,,,,,,,,,,,,,,,,,,,,,,,,,,,,,,,
,,,,,,,,,,,,,,,,,120,4,2024-09-06_13h38.38.181,Symbol-E,2020.1.3,Win32,Firefox,Mozilla/5.0 (Windows NT 10.0; Win64; x64; rv:129.0) Gecko/20100101 Firefox/129.0,60,,,,,,,,,,,,,,,,,,,,,,,,,,,,,,,,,,,,,,,,,,,,,,,,,,,,,,,,,,,,,,,,,,,,,,,,,,,,,,,,,,,9,0,9,0,1,,,,,,,,,,,,,,,,,,,,,,,,,,,,,,,,,,,,,,,,,,,,,,,,,,,,,,,,,,,,,,,,,,,,,,,,,,,,,,,,
,,,,,,,,,,,,,,,,,120,4,2024-09-06_13h38.38.181,Symbol-E,2020.1.3,Win32,Firefox,Mozilla/5.0 (Windows NT 10.0; Win64; x64; rv:129.0) Gecko/20100101 Firefox/129.0,60,,,,,,,,,,,,,,,,,,,,,,,,,,,,,,,,,,,,4,4,0,Hand,h,TR,0,0,0,0,8,0,10,0,1,1,0.663300181,h,1.106,4,1,,,,,,,,,,,,,,,,,,h,1,,,,,,,,,,,,,1.106,0,0,0,0,1,,,,,,,,,,,,,,,,,,,,,,,,,,,,,,,,,,,,,,,,,,,,,,,,,,,,,,,,,,,,,,,,,,,,,,,,,,
,,,,,,,,,,,,,,,,,120,4,2024-09-06_13h38.38.181,Symbol-E,2020.1.3,Win32,Firefox,Mozilla/5.0 (Windows NT 10.0; Win64; x64; rv:129.0) Gecko/20100101 Firefox/129.0,60,,,,,,,,,,,,,,,,,,,,,,,,,,,,,,,,,,,,,,,,,,,,,,,,,,,,,,,,,,,,,,,,,,,,,,,,,,,,,,,,,,,10,0,10,0,1,,,,,,,,,,,,,,,,,,,,,,,,,,,,,,,,,,,,,,,,,,,,,,,,,,,,,,,,,,,,,,,,,,,,,,,,,,,,,,,,
,,,,,,,,,,,,,,,,,120,4,2024-09-06_13h38.38.181,Symbol-E,2020.1.3,Win32,Firefox,Mozilla/5.0 (Windows NT 10.0; Win64; x64; rv:129.0) Gecko/20100101 Firefox/129.0,60,,,,,,,,,,,,,,,,,,,,,,,,,,,,,,,,,,,,7,7,3,Hand,l,TR,0,0,0,0,8,0,11,0,1,1,1.093696845,l,0.786,7,1,,,,,,,,,,,,,,,,,,l,1,h,15.48,0,0,0,0,1,,,,,,0.786,,,,,,,,,,,,,,,,,,,,,,,,,,,,,,,,,,,,,,,,,,,,,,,,,,,,,,,,,,,,,,,,,,,,,,,,,,,,,,,
,,,,,,,,,,,,,,,,,120,4,2024-09-06_13h38.38.181,Symbol-E,2020.1.3,Win32,Firefox,Mozilla/5.0 (Windows NT 10.0; Win64; x64; rv:129.0) Gecko/20100101 Firefox/129.0,60,,,,,,,,,,,,,,,,,,,,,,,,,,,,,,,,,,,,,,,,,,,,,,,,,,,,,,,,,,,,,,,,,,,,,,,,,,,,,,,,,,,11,0,11,0,1,,,,,,,,,,,,,,,,,,,,,,,,,,,,,,,,,,,,,,,,,,,,,,,,,,,,,,,,,,,,,,,,,,,,,,,,,,,,,,,,
,,,,,,,,,,,,,,,,,120,4,2024-09-06_13h38.38.181,Symbol-E,2020.1.3,Win32,Firefox,Mozilla/5.0 (Windows NT 10.0; Win64; x64; rv:129.0) Gecko/20100101 Firefox/129.0,60,,,,,,,,,,,,,,,,,,,,,,,,,,,,,,,,,,,,0,0,0,Hand,a,TR,0,0,0,0,8,0,12,0,1,1,0.836638901,a,1.21,0,1,,,,,,,,,,,,,,,,,,a,1,,,,,,,,,,,,,1.21,0,0,0,0,1,,,,,,,,,,,,,,,,,,,,,,,,,,,,,,,,,,,,,,,,,,,,,,,,,,,,,,,,,,,,,,,,,,,,,,,,,,
,,,,,,,,,,,,,,,,,120,4,2024-09-06_13h38.38.181,Symbol-E,2020.1.3,Win32,Firefox,Mozilla/5.0 (Windows NT 10.0; Win64; x64; rv:129.0) Gecko/20100101 Firefox/129.0,60,,,,,,,,,,,,,,,,,,,,,,,,,,,,,,,,,,,,,,,,,,,,,,,,,,,,,,,,,,,,,,,,,,,,,,,,,,,,,,,,,,,12,0,12,0,1,,,,,,,,,,,,,,,,,,,,,,,,,,,,,,,,,,,,,,,,,,,,,,,,,,,,,,,,,,,,,,,,,,,,,,,,,,,,,,,,
,,,,,,,,,,,,,,,,,120,4,2024-09-06_13h38.38.181,Symbol-E,2020.1.3,Win32,Firefox,Mozilla/5.0 (Windows NT 10.0; Win64; x64; rv:129.0) Gecko/20100101 Firefox/129.0,60,,,,,,,,,,,,,,,,,,,,,,,,,,,,,,,,,,,,6,6,2,Hand,i,TR,0,0,0,0,8,0,13,0,1,1,0.63493678,a,99,8,0,,,,,,,,,,,,,,,,,,,0,h,2.633,0,0,0,0,1,,,,,,,,,,,,,,,,,,,,,,,,,,,,,,,,,,,,,,,,,,,,,,,,,,,,,,,,,,,,,,,,,,,,,,,,,,,,,,,,,,,,,
,,,,,,,,,,,,,,,,,120,4,2024-09-06_13h38.38.181,Symbol-E,2020.1.3,Win32,Firefox,Mozilla/5.0 (Windows NT 10.0; Win64; x64; rv:129.0) Gecko/20100101 Firefox/129.0,60,,,,,,,,,,,,,,,,,,,,,,,,,,,,,,,,,,,,,,,,,,,,,,,,,,,,,,,,,,,,,,,,,,,,,,,,,,,,,,,,,,,13,0,13,0,1,,,,,,,,,,,,,,,,,,,,,,,,,,,,,,,,,,,,,,,,,,,,,,,,,,,,,,,,,,,,,,,,,,,,,,,,,,,,,,,,
,,,,,,,,,,,,,,,,,120,4,2024-09-06_13h38.38.181,Symbol-E,2020.1.3,Win32,Firefox,Mozilla/5.0 (Windows NT 10.0; Win64; x64; rv:129.0) Gecko/20100101 Firefox/129.0,60,,,,,,,,,,,,,,,,,,,,,,,,,,,,,,,,,,,,0,0,0,Hand,a,TR,0,0,0,0,8,0,14,0,1,1,0.278028778,w,1.276,1,0,,,,,,,,,,,,,,,,,,w,0,,,,,,,,,,,,,1.276,0,0,0,0,1,,,,,,,,,,,,,,,,,,,,,,,,,,,,,,,,,,,,,,,,,,,,,,,,,,,,,,,,,,,,,,,,,,,,,,,,,,
,,,,,,,,,,,,,,,,,120,4,2024-09-06_13h38.38.181,Symbol-E,2020.1.3,Win32,Firefox,Mozilla/5.0 (Windows NT 10.0; Win64; x64; rv:129.0) Gecko/20100101 Firefox/129.0,60,,,,,,,,,,,,,,,,,,,,,,,,,,,,,,,,,,,,,,,,,,,,,,,,,,,,,,,,,,,,,,,,,,,,,,,,,,,,,,,,,,,14,0,14,0,1,,,,,,,,,,,,,,,,,,,,,,,,,,,,,,,,,,,,,,,,,,,,,,,,,,,,,,,,,,,,,,,,,,,,,,,,,,,,,,,,
,,,,,,,,,,,,,,,,,120,4,2024-09-06_13h38.38.181,Symbol-E,2020.1.3,Win32,Firefox,Mozilla/5.0 (Windows NT 10.0; Win64; x64; rv:129.0) Gecko/20100101 Firefox/129.0,60,,,,,,,,,,,,,,,,,,,,,,,,,,,,,,,,,,,,1,1,1,Hand,w,TR,0,0,0,0,8,0,15,0,1,1,0.857618494,w,0.863,1,1,,,,,,,,,,,,,,,,,,w,1,h,5.372,0,0,0,0,1,,,,,,0.863,,,,,,,,,,,,,,,,,,,,,,,,,,,,,,,,,,,,,,,,,,,,,,,,,,,,,,,,,,,,,,,,,,,,,,,,,,,,,,,
,,,,,,,,,,,,,,,,,120,4,2024-09-06_13h38.38.181,Symbol-E,2020.1.3,Win32,Firefox,Mozilla/5.0 (Windows NT 10.0; Win64; x64; rv:129.0) Gecko/20100101 Firefox/129.0,60,,,,,,,,,,,,,,,,,,,,,,,,,,,,,,,,,,,,,,,,,,,,,,,,,,,,,,,,,,,,,,,,,,,,,,,,,,,,,,,,,,,15,0,15,0,1,,,,,,,,,,,,,,,,,,,,,,,,,,,,,,,,,,,,,,,,,,,,,,,,,,,,,,,,,,,,,,,,,,,,,,,,,,,,,,,,
,,,,,,,,,,,,,,,,,120,4,2024-09-06_13h38.38.181,Symbol-E,2020.1.3,Win32,Firefox,Mozilla/5.0 (Windows NT 10.0; Win64; x64; rv:129.0) Gecko/20100101 Firefox/129.0,60,,,,,,,,,,,,,,,,,,,,,,,,,,,,,,,,,,,,0,0,0,Hand,a,TR,0,0,0,0,8,0,16,0,1,1,0.074880963,a,99,8,0,,,,,,,,,,,,,,,,,,,0,h,2.695,0,0,0,0,1,,,,,,,,,,,,,,,,,,,,,,,,,,,,,,,,,,,,,,,,,,,,,,,,,,,,,,,,,,,,,,,,,,,,,,,,,,,,,,,,,,,,,
,,,,,,,,,,,,,,,,,120,4,2024-09-06_13h38.38.181,Symbol-E,2020.1.3,Win32,Firefox,Mozilla/5.0 (Windows NT 10.0; Win64; x64; rv:129.0) Gecko/20100101 Firefox/129.0,60,,,,,,,,,,,,,,,,,,,,,,,,,,,,,,,,,,,,,,,,,,,,,,,,,,,,,,,,,,,,,,,,,,,,,,,,,,,,,,,,,,,16,0,16,0,1,,,,,,,,,,,,,,,,,,,,,,,,,,,,,,,,,,,,,,,,,,,,,,,,,,,,,,,,,,,,,,,,,,,,,,,,,,,,,,,,
,,,,,,,,,,,,,,,,,120,4,2024-09-06_13h38.38.181,Symbol-E,2020.1.3,Win32,Firefox,Mozilla/5.0 (Windows NT 10.0; Win64; x64; rv:129.0) Gecko/20100101 Firefox/129.0,60,,,,,,,,,,,,,,,,,,,,,,,,,,,,,,,,,,,,6,6,2,Hand,i,TR,0,0,0,0,8,0,17,0,1,1,0.061086464,l,1.42,7,0,,,,,,,,,,,,,,,,,,l,0,,,,,,,,,,,,,1.42,0,0,0,0,1,,,,,,,,,,,,,,,,,,,,,,,,,,,,,,,,,,,,,,,,,,,,,,,,,,,,,,,,,,,,,,,,,,,,,,,,,,
,,,,,,,,,,,,,,,,,120,4,2024-09-06_13h38.38.181,Symbol-E,2020.1.3,Win32,Firefox,Mozilla/5.0 (Windows NT 10.0; Win64; x64; rv:129.0) Gecko/20100101 Firefox/129.0,60,,,,,,,,,,,,,,,,,,,,,,,,,,,,,,,,,,,,,,,,,,,,,,,,,,,,,,,,,,,,,,,,,,,,,,,,,,,,,,,,,,,17,0,17,0,1,,,,,,,,,,,,,,,,,,,,,,,,,,,,,,,,,,,,,,,,,,,,,,,,,,,,,,,,,,,,,,,,,,,,,,,,,,,,,,,,
,,,,,,,,,,,,,,,,,120,4,2024-09-06_13h38.38.181,Symbol-E,2020.1.3,Win32,Firefox,Mozilla/5.0 (Windows NT 10.0; Win64; x64; rv:129.0) Gecko/20100101 Firefox/129.0,60,,,,,,,,,,,,,,,,,,,,,,,,,,,,,,,,,,,,7,7,3,Hand,l,TR,0,0,0,0,8,0,18,0,1,1,0.816787208,l,0.901,7,1,,,,,,,,,,,,,,,,,,l,1,l,2.051,0,0,0,0,1,,,,,,0.901,,,,,,,,,,,,,,,,,,,,,,,,,,,,,,,,,,,,,,,,,,,,,,,,,,,,,,,,,,,,,,,,,,,,,,,,,,,,,,,
,,,,,,,,,,,,,,,,,120,4,2024-09-06_13h38.38.181,Symbol-E,2020.1.3,Win32,Firefox,Mozilla/5.0 (Windows NT 10.0; Win64; x64; rv:129.0) Gecko/20100101 Firefox/129.0,60,,,,,,,,,,,,,,,,,,,,,,,,,,,,,,,,,,,,,,,,,,,,,,,,,,,,,,,,,,,,,,,,,,,,,,,,,,,,,,,,,,,18,0,18,0,1,,,,,,,,,,,,,,,,,,,,,,,,,,,,,,,,,,,,,,,,,,,,,,,,,,,,,,,,,,,,,,,,,,,,,,,,,,,,,,,,
,,,,,,,,,,,,,,,,,120,4,2024-09-06_13h38.38.181,Symbol-E,2020.1.3,Win32,Firefox,Mozilla/5.0 (Windows NT 10.0; Win64; x64; rv:129.0) Gecko/20100101 Firefox/129.0,60,,,,,,,,,,,,,,,,,,,,,,,,,,,,,,,,,,,,4,4,0,Hand,h,TR,0,0,0,0,8,0,19,0,1,1,0.985603104,h,1.153,4,1,,,,,,,,,,,,,,,,,,h,1,,,,,,,,,,,,,1.153,0,0,0,0,1,,,,,,,,,,,,,,,,,,,,,,,,,,,,,,,,,,,,,,,,,,,,,,,,,,,,,,,,,,,,,,,,,,,,,,,,,,
,,,,,,,,,,,,,,,,,120,4,2024-09-06_13h38.38.181,Symbol-E,2020.1.3,Win32,Firefox,Mozilla/5.0 (Windows NT 10.0; Win64; x64; rv:129.0) Gecko/20100101 Firefox/129.0,60,,,,,,,,,,,,,,,,,,,,,,,,,,,,,,,,,,,,,,,,,,,,,,,,,,,,,,,,,,,,,,,,,,,,,,,,,,,,,,,,,,,19,0,19,0,1,,,,,,,,,,,,,,,,,,,,,,,,,,,,,,,,,,,,,,,,,,,,,,,,,,,,,,,,,,,,,,,,,,,,,,,,,,,,,,,,
,,,,,,,,,,,,,,,,,120,4,2024-09-06_13h38.38.181,Symbol-E,2020.1.3,Win32,Firefox,Mozilla/5.0 (Windows NT 10.0; Win64; x64; rv:129.0) Gecko/20100101 Firefox/129.0,60,,,,,,,,,,,,,,,,,,,,,,,,,,,,,,,,,,,,2,2,2,Hand,e,TR,0,0,0,0,8,0,20,0,1,1,0.442459421,e,1.239,2,1,,,,,,,,,,,,,,,,,,e,1,,,,,,,,,,,,,1.239,0,0,0,0,1,,,,,,,,,,,,,,,,,,,,,,,,,,,,,,,,,,,,,,,,,,,,,,,,,,,,,,,,,,,,,,,,,,,,,,,,,,
,,,,,,,,,,,,,,,,,120,4,2024-09-06_13h38.38.181,Symbol-E,2020.1.3,Win32,Firefox,Mozilla/5.0 (Windows NT 10.0; Win64; x64; rv:129.0) Gecko/20100101 Firefox/129.0,60,,,,,,,,,,,,,,,,,,,,,,,,,,,,,,,,,,,,,,,,,,,,,,,,,,,,,,,,,,,,,,,,,,,,,,,,,,,,,,,,,,,20,0,20,0,1,,,,,,,,,,,,,,,,,,,,,,,,,,,,,,,,,,,,,,,,,,,,,,,,,,,,,,,,,,,,,,,,,,,,,,,,,,,,,,,,
,,,,,,,,,,,,,,,,,120,4,2024-09-06_13h38.38.181,Symbol-E,2020.1.3,Win32,Firefox,Mozilla/5.0 (Windows NT 10.0; Win64; x64; rv:129.0) Gecko/20100101 Firefox/129.0,60,,,,,,,,,,,,,,,,,,,,,,,,,,,,,,,,,,,,1,1,1,Hand,w,TR,0,0,0,0,8,0,21,0,1,1,0.937108048,w,1.227,1,1,,,,,,,,,,,,,,,,,,w,1,,,,,,,,,,,,,1.227,0,0,0,0,1,,,,,,,,,,,,,,,,,,,,,,,,,,,,,,,,,,,,,,,,,,,,,,,,,,,,,,,,,,,,,,,,,,,,,,,,,,
,,,,,,,,,,,,,,,,,120,4,2024-09-06_13h38.38.181,Symbol-E,2020.1.3,Win32,Firefox,Mozilla/5.0 (Windows NT 10.0; Win64; x64; rv:129.0) Gecko/20100101 Firefox/129.0,60,,,,,,,,,,,,,,,,,,,,,,,,,,,,,,,,,,,,,,,,,,,,,,,,,,,,,,,,,,,,,,,,,,,,,,,,,,,,,,,,,,,21,0,21,0,1,,,,,,,,,,,,,,,,,,,,,,,,,,,,,,,,,,,,,,,,,,,,,,,,,,,,,,,,,,,,,,,,,,,,,,,,,,,,,,,,
,,,,,,,,,,,,,,,,,120,4,2024-09-06_13h38.38.181,Symbol-E,2020.1.3,Win32,Firefox,Mozilla/5.0 (Windows NT 10.0; Win64; x64; rv:129.0) Gecko/20100101 Firefox/129.0,60,,,,,,,,,,,,,,,,,,,,,,,,,,,,,,,,,,,,1,1,1,Hand,w,TR,0,0,0,0,8,0,22,0,1,1,1.072132937,w,1.177,1,1,,,,,,,,,,,,,,,,,,w,1,,,,,,,,,,,,,1.177,0,0,0,0,1,,,,,,,,,,,,,,,,,,,,,,,,,,,,,,,,,,,,,,,,,,,,,,,,,,,,,,,,,,,,,,,,,,,,,,,,,,
,,,,,,,,,,,,,,,,,120,4,2024-09-06_13h38.38.181,Symbol-E,2020.1.3,Win32,Firefox,Mozilla/5.0 (Windows NT 10.0; Win64; x64; rv:129.0) Gecko/20100101 Firefox/129.0,60,,,,,,,,,,,,,,,,,,,,,,,,,,,,,,,,,,,,,,,,,,,,,,,,,,,,,,,,,,,,,,,,,,,,,,,,,,,,,,,,,,,22,0,22,0,1,,,,,,,,,,,,,,,,,,,,,,,,,,,,,,,,,,,,,,,,,,,,,,,,,,,,,,,,,,,,,,,,,,,,,,,,,,,,,,,,
,,,,,,,,,,,,,,,,,120,4,2024-09-06_13h38.38.181,Symbol-E,2020.1.3,Win32,Firefox,Mozilla/5.0 (Windows NT 10.0; Win64; x64; rv:129.0) Gecko/20100101 Firefox/129.0,60,,,,,,,,,,,,,,,,,,,,,,,,,,,,,,,,,,,,3,3,3,Hand,f,TR,0,0,0,0,8,0,23,0,1,1,0.754224187,f,1.211,3,1,,,,,,,,,,,,,,,,,,f,1,,,,,,,,,,,,,1.211,0,0,0,0,1,,,,,,,,,,,,,,,,,,,,,,,,,,,,,,,,,,,,,,,,,,,,,,,,,,,,,,,,,,,,,,,,,,,,,,,,,,
,,,,,,,,,,,,,,,,,120,4,2024-09-06_13h38.38.181,Symbol-E,2020.1.3,Win32,Firefox,Mozilla/5.0 (Windows NT 10.0; Win64; x64; rv:129.0) Gecko/20100101 Firefox/129.0,60,,,,,,,,,,,,,,,,,,,,,,,,,,,,,,,,,,,,,,,,,,,,,,,,,,,,,,,,,,,,,,,,,,,,,,,,,,,,,,,,,,,23,0,23,0,1,,,,,,,,,,,,,,,,,,,,,,,,,,,,,,,,,,,,,,,,,,,,,,,,,,,,,,,,,,,,,,,,,,,,,,,,,,,,,,,,
,,,,,,,,,,,,,,,,,120,4,2024-09-06_13h38.38.181,Symbol-E,2020.1.3,Win32,Firefox,Mozilla/5.0 (Windows NT 10.0; Win64; x64; rv:129.0) Gecko/20100101 Firefox/129.0,60,,,,,,,,,,,,,,,,,,,,,,,,,,,,,,,,,,,,5,5,1,Hand,u,TR,0,0,0,0,8,0,24,0,1,1,0.289188254,i,1.383,6,0,,,,,,,,,,,,,,,,,,i,0,,,,,,,,,,,,,1.383,0,0,0,0,1,,,,,,,,,,,,,,,,,,,,,,,,,,,,,,,,,,,,,,,,,,,,,,,,,,,,,,,,,,,,,,,,,,,,,,,,,,
,,,,,,,,,,,,,,,,,120,4,2024-09-06_13h38.38.181,Symbol-E,2020.1.3,Win32,Firefox,Mozilla/5.0 (Windows NT 10.0; Win64; x64; rv:129.0) Gecko/20100101 Firefox/129.0,60,,,,,,,,,,,,,,,,,,,,,,,,,,,,,,,,,,,,,,,,,,,,,,,,,,,,,,,,,,,,,,,,,,,,,,,,,,,,,,,,,,,24,0,24,0,1,,,,,,,,,,,,,,,,,,,,,,,,,,,,,,,,,,,,,,,,,,,,,,,,,,,,,,,,,,,,,,,,,,,,,,,,,,,,,,,,
,,,,,,,,,,,,,,,,,120,4,2024-09-06_13h38.38.181,Symbol-E,2020.1.3,Win32,Firefox,Mozilla/5.0 (Windows NT 10.0; Win64; x64; rv:129.0) Gecko/20100101 Firefox/129.0,60,,,,,,,,,,,,,,,,,,,,,,,,,,,,,,,,,,,,3,3,3,Hand,f,TR,0,0,0,0,8,0,25,0,1,1,1.04371871,f,1.225,3,1,,,,,,,,,,,,,,,,,,f,1,,,,,,,,,,,,,1.225,0,0,0,0,1,,,,,,,,,,,,,,,,,,,,,,,,,,,,,,,,,,,,,,,,,,,,,,,,,,,,,,,,,,,,,,,,,,,,,,,,,,
,,,,,,,,,,,,,,,,,120,4,2024-09-06_13h38.38.181,Symbol-E,2020.1.3,Win32,Firefox,Mozilla/5.0 (Windows NT 10.0; Win64; x64; rv:129.0) Gecko/20100101 Firefox/129.0,60,,,,,,,,,,,,,,,,,,,,,,,,,,,,,,,,,,,,,,,,,,,,,,,,,,,,,,,,,,,,,,,,,,,,,,,,,,,,,,,,,,,25,0,25,0,1,,,,,,,,,,,,,,,,,,,,,,,,,,,,,,,,,,,,,,,,,,,,,,,,,,,,,,,,,,,,,,,,,,,,,,,,,,,,,,,,
,,,,,,,,,,,,,,,,,120,4,2024-09-06_13h38.38.181,Symbol-E,2020.1.3,Win32,Firefox,Mozilla/5.0 (Windows NT 10.0; Win64; x64; rv:129.0) Gecko/20100101 Firefox/129.0,60,,,,,,,,,,,,,,,,,,,,,,,,,,,,,,,,,,,,4,4,0,Hand,h,TR,0,0,0,0,8,0,26,0,1,1,0.878957934,h,1.284,4,1,,,,,,,,,,,,,,,,,,h,1,,,,,,,,,,,,,1.284,0,0,0,0,1,,,,,,,,,,,,,,,,,,,,,,,,,,,,,,,,,,,,,,,,,,,,,,,,,,,,,,,,,,,,,,,,,,,,,,,,,,
,,,,,,,,,,,,,,,,,120,4,2024-09-06_13h38.38.181,Symbol-E,2020.1.3,Win32,Firefox,Mozilla/5.0 (Windows NT 10.0; Win64; x64; rv:129.0) Gecko/20100101 Firefox/129.0,60,,,,,,,,,,,,,,,,,,,,,,,,,,,,,,,,,,,,,,,,,,,,,,,,,,,,,,,,,,,,,,,,,,,,,,,,,,,,,,,,,,,26,0,26,0,1,,,,,,,,,,,,,,,,,,,,,,,,,,,,,,,,,,,,,,,,,,,,,,,,,,,,,,,,,,,,,,,,,,,,,,,,,,,,,,,,
,,,,,,,,,,,,,,,,,120,4,2024-09-06_13h38.38.181,Symbol-E,2020.1.3,Win32,Firefox,Mozilla/5.0 (Windows NT 10.0; Win64; x64; rv:129.0) Gecko/20100101 Firefox/129.0,60,,,,,,,,,,,,,,,,,,,,,,,,,,,,,,,,,,,,7,7,3,Hand,l,TR,0,0,0,0,8,0,27,0,1,1,1.054233776,h,1.191,4,0,,,,,,,,,,,,,,,,,,h,0,,,,,,,,,,,,,1.191,0,0,0,0,1,,,,,,,,,,,,,,,,,,,,,,,,,,,,,,,,,,,,,,,,,,,,,,,,,,,,,,,,,,,,,,,,,,,,,,,,,,
,,,,,,,,,,,,,,,,,120,4,2024-09-06_13h38.38.181,Symbol-E,2020.1.3,Win32,Firefox,Mozilla/5.0 (Windows NT 10.0; Win64; x64; rv:129.0) Gecko/20100101 Firefox/129.0,60,,,,,,,,,,,,,,,,,,,,,,,,,,,,,,,,,,,,,,,,,,,,,,,,,,,,,,,,,,,,,,,,,,,,,,,,,,,,,,,,,,,27,0,27,0,1,,,,,,,,,,,,,,,,,,,,,,,,,,,,,,,,,,,,,,,,,,,,,,,,,,,,,,,,,,,,,,,,,,,,,,,,,,,,,,,,
,,,,,,,,,,,,,,,,,120,4,2024-09-06_13h38.38.181,Symbol-E,2020.1.3,Win32,Firefox,Mozilla/5.0 (Windows NT 10.0; Win64; x64; rv:129.0) Gecko/20100101 Firefox/129.0,60,,,,,,,,,,,,,,,,,,,,,,,,,,,,,,,,,,,,5,5,1,Hand,u,TR,0,0,0,0,8,0,28,0,1,1,0.50289512,u,1.26,5,1,,,,,,,,,,,,,,,,,,u,1,,,,,,,,,,,,,1.26,0,0,0,0,1,,,,,,,,,,,,,,,,,,,,,,,,,,,,,,,,,,,,,,,,,,,,,,,,,,,,,,,,,,,,,,,,,,,,,,,,,,
,,,,,,,,,,,,,,,,,120,4,2024-09-06_13h38.38.181,Symbol-E,2020.1.3,Win32,Firefox,Mozilla/5.0 (Windows NT 10.0; Win64; x64; rv:129.0) Gecko/20100101 Firefox/129.0,60,,,,,,,,,,,,,,,,,,,,,,,,,,,,,,,,,,,,,,,,,,,,,,,,,,,,,,,,,,,,,,,,,,,,,,,,,,,,,,,,,,,28,0,28,0,1,,,,,,,,,,,,,,,,,,,,,,,,,,,,,,,,,,,,,,,,,,,,,,,,,,,,,,,,,,,,,,,,,,,,,,,,,,,,,,,,
,,,,,,,,,,,,,,,,,120,4,2024-09-06_13h38.38.181,Symbol-E,2020.1.3,Win32,Firefox,Mozilla/5.0 (Windows NT 10.0; Win64; x64; rv:129.0) Gecko/20100101 Firefox/129.0,60,,,,,,,,,,,,,,,,,,,,,,,,,,,,,,,,,,,,0,0,0,Hand,a,TR,0,0,0,0,8,0,29,0,1,1,0.472415791,a,1.219,0,1,,,,,,,,,,,,,,,,,,a,1,,,,,,,,,,,,,1.219,0,0,0,0,1,,,,,,,,,,,,,,,,,,,,,,,,,,,,,,,,,,,,,,,,,,,,,,,,,,,,,,,,,,,,,,,,,,,,,,,,,,
,,,,,,,,,,,,,,,,,120,4,2024-09-06_13h38.38.181,Symbol-E,2020.1.3,Win32,Firefox,Mozilla/5.0 (Windows NT 10.0; Win64; x64; rv:129.0) Gecko/20100101 Firefox/129.0,60,,,,,,,,,,,,,,,,,,,,,,,,,,,,,,,,,,,,,,,,,,,,,,,,,,,,,,,,,,,,,,,,,,,,,,,,,,,,,,,,,,,29,0,29,0,1,,,,,,,,,,,,,,,,,,,,,,,,,,,,,,,,,,,,,,,,,,,,,,,,,,,,,,,,,,,,,,,,,,,,,,,,,,,,,,,,
,,,,,,,,,,,,,,,,,120,4,2024-09-06_13h38.38.181,Symbol-E,2020.1.3,Win32,Firefox,Mozilla/5.0 (Windows NT 10.0; Win64; x64; rv:129.0) Gecko/20100101 Firefox/129.0,60,,,,,,,,,,,,,,,,,,,,,,,,,,,,,,,,,,,,2,2,2,Hand,e,TR,0,0,0,0,8,0,30,0,1,1,0.369834188,e,1.342,2,1,,,,,,,,,,,,,,,,,,e,1,,,,,,,,,,,,,1.342,0,0,0,0,1,,,,,,,,,,,,,,,,,,,,,,,,,,,,,,,,,,,,,,,,,,,,,,,,,,,,,,,,,,,,,,,,,,,,,,,,,,
,,,,,,,,,,,,,,,,,120,4,2024-09-06_13h38.38.181,Symbol-E,2020.1.3,Win32,Firefox,Mozilla/5.0 (Windows NT 10.0; Win64; x64; rv:129.0) Gecko/20100101 Firefox/129.0,60,,,,,,,,,,,,,,,,,,,,,,,,,,,,,,,,,,,,,,,,,,,,,,,,,,,,,,,,,,,,,,,,,,,,,,,,,,,,,,,,,,,30,0,30,0,1,,,,,,,,,,,,,,,,,,,,,,,,,,,,,,,,,,,,,,,,,,,,,,,,,,,,,,,,,,,,,,,,,,,,,,,,,,,,,,,,
,,,,,,,,,,,,,,,,,120,4,2024-09-06_13h38.38.181,Symbol-E,2020.1.3,Win32,Firefox,Mozilla/5.0 (Windows NT 10.0; Win64; x64; rv:129.0) Gecko/20100101 Firefox/129.0,60,,,,,,,,,,,,,,,,,,,,,,,,,,,,,,,,,,,,6,6,2,Hand,i,TR,0,0,0,0,8,0,31,0,1,1,0.22015013,a,99,8,0,,,,,,,,,,,,,,,,,,,0,h,1.691,0,0,0,0,1,,,,,,,,,,,,,,,,,,,,,,,,,,,,,,,,,,,,,,,,,,,,,,,,,,,,,,,,,,,,,,,,,,,,,,,,,,,,,,,,,,,,,
,,,,,,,,,,,,,,,,,120,4,2024-09-06_13h38.38.181,Symbol-E,2020.1.3,Win32,Firefox,Mozilla/5.0 (Windows NT 10.0; Win64; x64; rv:129.0) Gecko/20100101 Firefox/129.0,60,,,,,,,,,,,,,,,,,,,,,,,,,,,,,,,,,,,,,,,,,,,,,,,,,,,,,,,,,,,,,,,,,,,,,,,,,,,,,,,,,,,31,0,31,0,1,,,,,,,,,,,,,,,,,,,,,,,,,,,,,,,,,,,,,,,,,,,,,,,,,,,,,,,,,,,,,,,,,,,,,,,,,,,,,,,,
,,,,,,,,,,,,,,,,,120,4,2024-09-06_13h38.38.181,Symbol-E,2020.1.3,Win32,Firefox,Mozilla/5.0 (Windows NT 10.0; Win64; x64; rv:129.0) Gecko/20100101 Firefox/129.0,60,,,,,,,,,,,,,,,,,,,,,,,,,,,,,,,,,,,,3,3,3,Hand,f,TR,0,0,0,0,8,0,32,0,1,1,0.721368152,f,1.201,3,1,,,,,,,,,,,,,,,,,,f,1,,,,,,,,,,,,,1.201,0,0,0,0,1,,,,,,,,,,,,,,,,,,,,,,,,,,,,,,,,,,,,,,,,,,,,,,,,,,,,,,,,,,,,,,,,,,,,,,,,,,
,,,,,,,,,,,,,,,,,120,4,2024-09-06_13h38.38.181,Symbol-E,2020.1.3,Win32,Firefox,Mozilla/5.0 (Windows NT 10.0; Win64; x64; rv:129.0) Gecko/20100101 Firefox/129.0,60,,,,,,,,,,,,,,,,,,,,,,,,,,,,,,,,,,,,,,,,,,,,,,,,,,,,,,,,,,,,,,,,,,,,,,,,,,,,,,,,,,,32,0,32,0,1,,,,,,,,,,,,,,,,,,,,,,,,,,,,,,,,,,,,,,,,,,,,,,,,,,,,,,,,,,,,,,,,,,,,,,,,,,,,,,,,
,,,,,,,,,,,,,,,,,120,4,2024-09-06_13h38.38.181,Symbol-E,2020.1.3,Win32,Firefox,Mozilla/5.0 (Windows NT 10.0; Win64; x64; rv:129.0) Gecko/20100101 Firefox/129.0,60,,,,,,,,,,,,,,,,,,,,,,,,,,,,,,,,,,,,7,7,3,Hand,l,TR,0,0,0,0,8,0,33,0,1,1,0.137719405,l,1.374,7,1,,,,,,,,,,,,,,,,,,l,1,,,,,,,,,,,,,1.374,0,0,0,0,1,,,,,,,,,,,,,,,,,,,,,,,,,,,,,,,,,,,,,,,,,,,,,,,,,,,,,,,,,,,,,,,,,,,,,,,,,,
,,,,,,,,,,,,,,,,,120,4,2024-09-06_13h38.38.181,Symbol-E,2020.1.3,Win32,Firefox,Mozilla/5.0 (Windows NT 10.0; Win64; x64; rv:129.0) Gecko/20100101 Firefox/129.0,60,,,,,,,,,,,,,,,,,,,,,,,,,,,,,,,,,,,,,,,,,,,,,,,,,,,,,,,,,,,,,,,,,,,,,,,,,,,,,,,,,,,33,0,33,0,1,,,,,,,,,,,,,,,,,,,,,,,,,,,,,,,,,,,,,,,,,,,,,,,,,,,,,,,,,,,,,,,,,,,,,,,,,,,,,,,,
,,,,,,,,,,,,,,,,,120,4,2024-09-06_13h38.38.181,Symbol-E,2020.1.3,Win32,Firefox,Mozilla/5.0 (Windows NT 10.0; Win64; x64; rv:129.0) Gecko/20100101 Firefox/129.0,60,,,,,,,,,,,,,,,,,,,,,,,,,,,,,,,,,,,,1,1,1,Hand,w,TR,0,0,0,0,8,0,34,0,1,1,0.35349219,e,1.274,2,0,,,,,,,,,,,,,,,,,,e,0,,,,,,,,,,,,,1.274,0,0,0,0,1,,,,,,,,,,,,,,,,,,,,,,,,,,,,,,,,,,,,,,,,,,,,,,,,,,,,,,,,,,,,,,,,,,,,,,,,,,
,,,,,,,,,,,,,,,,,120,4,2024-09-06_13h38.38.181,Symbol-E,2020.1.3,Win32,Firefox,Mozilla/5.0 (Windows NT 10.0; Win64; x64; rv:129.0) Gecko/20100101 Firefox/129.0,60,,,,,,,,,,,,,,,,,,,,,,,,,,,,,,,,,,,,,,,,,,,,,,,,,,,,,,,,,,,,,,,,,,,,,,,,,,,,,,,,,,,34,0,34,0,1,,,,,,,,,,,,,,,,,,,,,,,,,,,,,,,,,,,,,,,,,,,,,,,,,,,,,,,,,,,,,,,,,,,,,,,,,,,,,,,,
,,,,,,,,,,,,,,,,,120,4,2024-09-06_13h38.38.181,Symbol-E,2020.1.3,Win32,Firefox,Mozilla/5.0 (Windows NT 10.0; Win64; x64; rv:129.0) Gecko/20100101 Firefox/129.0,60,,,,,,,,,,,,,,,,,,,,,,,,,,,,,,,,,,,,1,1,1,Hand,w,TR,0,0,0,0,8,0,35,0,1,1,1.001196578,w,0.816,1,1,,,,,,,,,,,,,,,,,,w,1,h,2.038,0,0,0,0,1,,,,,,0.816,,,,,,,,,,,,,,,,,,,,,,,,,,,,,,,,,,,,,,,,,,,,,,,,,,,,,,,,,,,,,,,,,,,,,,,,,,,,,,,
,,,,,,,,,,,,,,,,,120,4,2024-09-06_13h38.38.181,Symbol-E,2020.1.3,Win32,Firefox,Mozilla/5.0 (Windows NT 10.0; Win64; x64; rv:129.0) Gecko/20100101 Firefox/129.0,60,,,,,,,,,,,,,,,,,,,,,,,,,,,,,,,,,,,,,,,,,,,,,,,,,,,,,,,,,,,,,,,,,,,,,,,,,,,,,,,,,,,35,0,35,0,1,,,,,,,,,,,,,,,,,,,,,,,,,,,,,,,,,,,,,,,,,,,,,,,,,,,,,,,,,,,,,,,,,,,,,,,,,,,,,,,,
,,,,,,,,,,,,,,,,,120,4,2024-09-06_13h38.38.181,Symbol-E,2020.1.3,Win32,Firefox,Mozilla/5.0 (Windows NT 10.0; Win64; x64; rv:129.0) Gecko/20100101 Firefox/129.0,60,,,,,,,,,,,,,,,,,,,,,,,,,,,,,,,,,,,,2,2,2,Hand,e,TR,0,0,0,0,8,0,36,0,1,1,0.699385649,e,1.129,2,1,,,,,,,,,,,,,,,,,,e,1,,,,,,,,,,,,,1.129,0,0,0,0,1,,,,,,,,,,,,,,,,,,,,,,,,,,,,,,,,,,,,,,,,,,,,,,,,,,,,,,,,,,,,,,,,,,,,,,,,,,
,,,,,,,,,,,,,,,,,120,4,2024-09-06_13h38.38.181,Symbol-E,2020.1.3,Win32,Firefox,Mozilla/5.0 (Windows NT 10.0; Win64; x64; rv:129.0) Gecko/20100101 Firefox/129.0,60,,,,,,,,,,,,,,,,,,,,,,,,,,,,,,,,,,,,,,,,,,,,,,,,,,,,,,,,,,,,,,,,,,,,,,,,,,,,,,,,,,,36,0,36,0,1,,,,,,,,,,,,,,,,,,,,,,,,,,,,,,,,,,,,,,,,,,,,,,,,,,,,,,,,,,,,,,,,,,,,,,,,,,,,,,,,
,,,,,,,,,,,,,,,,,120,4,2024-09-06_13h38.38.181,Symbol-E,2020.1.3,Win32,Firefox,Mozilla/5.0 (Windows NT 10.0; Win64; x64; rv:129.0) Gecko/20100101 Firefox/129.0,60,,,,,,,,,,,,,,,,,,,,,,,,,,,,,,,,,,,,0,0,0,Hand,a,TR,0,0,0,0,8,0,37,0,1,1,0.864285586,a,1.146,0,1,,,,,,,,,,,,,,,,,,a,1,,,,,,,,,,,,,1.146,0,0,0,0,1,,,,,,,,,,,,,,,,,,,,,,,,,,,,,,,,,,,,,,,,,,,,,,,,,,,,,,,,,,,,,,,,,,,,,,,,,,
,,,,,,,,,,,,,,,,,120,4,2024-09-06_13h38.38.181,Symbol-E,2020.1.3,Win32,Firefox,Mozilla/5.0 (Windows NT 10.0; Win64; x64; rv:129.0) Gecko/20100101 Firefox/129.0,60,,,,,,,,,,,,,,,,,,,,,,,,,,,,,,,,,,,,,,,,,,,,,,,,,,,,,,,,,,,,,,,,,,,,,,,,,,,,,,,,,,,37,0,37,0,1,,,,,,,,,,,,,,,,,,,,,,,,,,,,,,,,,,,,,,,,,,,,,,,,,,,,,,,,,,,,,,,,,,,,,,,,,,,,,,,,
,,,,,,,,,,,,,,,,,120,4,2024-09-06_13h38.38.181,Symbol-E,2020.1.3,Win32,Firefox,Mozilla/5.0 (Windows NT 10.0; Win64; x64; rv:129.0) Gecko/20100101 Firefox/129.0,60,,,,,,,,,,,,,,,,,,,,,,,,,,,,,,,,,,,,5,5,1,Hand,u,TR,0,0,0,0,8,0,38,0,1,1,0.960102546,u,1.104,5,1,,,,,,,,,,,,,,,,,,u,1,,,,,,,,,,,,,1.104,0,0,0,0,1,,,,,,,,,,,,,,,,,,,,,,,,,,,,,,,,,,,,,,,,,,,,,,,,,,,,,,,,,,,,,,,,,,,,,,,,,,
,,,,,,,,,,,,,,,,,120,4,2024-09-06_13h38.38.181,Symbol-E,2020.1.3,Win32,Firefox,Mozilla/5.0 (Windows NT 10.0; Win64; x64; rv:129.0) Gecko/20100101 Firefox/129.0,60,,,,,,,,,,,,,,,,,,,,,,,,,,,,,,,,,,,,,,,,,,,,,,,,,,,,,,,,,,,,,,,,,,,,,,,,,,,,,,,,,,,38,0,38,0,1,,,,,,,,,,,,,,,,,,,,,,,,,,,,,,,,,,,,,,,,,,,,,,,,,,,,,,,,,,,,,,,,,,,,,,,,,,,,,,,,
,,,,,,,,,,,,,,,,,120,4,2024-09-06_13h38.38.181,Symbol-E,2020.1.3,Win32,Firefox,Mozilla/5.0 (Windows NT 10.0; Win64; x64; rv:129.0) Gecko/20100101 Firefox/129.0,60,,,,,,,,,,,,,,,,,,,,,,,,,,,,,,,,,,,,6,6,2,Hand,i,TR,0,0,0,0,8,0,39,0,1,1,0.534860118,i,1.134,6,1,,,,,,,,,,,,,,,,,,i,1,,,,,,,,,,,,,1.134,0,0,0,0,1,,,,,,,,,,,,,,,,,,,,,,,,,,,,,,,,,,,,,,,,,,,,,,,,,,,,,,,,,,,,,,,,,,,,,,,,,,
,,,,,,,,,,,,,,,,,120,4,2024-09-06_13h38.38.181,Symbol-E,2020.1.3,Win32,Firefox,Mozilla/5.0 (Windows NT 10.0; Win64; x64; rv:129.0) Gecko/20100101 Firefox/129.0,60,,,,,,,,,,,,,,,,,,,,,,,,,,,,,,,,,,,,,,,,,,,,,,,,,,,,,,,,,,,,,,,,,,,,,,,,,,,,,,,,,,,39,0,39,0,1,,,,,,,,,,,,,,,,,,,,,,,,,,,,,,,,,,,,,,,,,,,,,,,,,,,,,,,,,,,,,,,,,,,,,,,,,,,,,,,,
,,,,,,,,,,,,,,,,,120,4,2024-09-06_13h38.38.181,Symbol-E,2020.1.3,Win32,Firefox,Mozilla/5.0 (Windows NT 10.0; Win64; x64; rv:129.0) Gecko/20100101 Firefox/129.0,60,,,,,,,,,,,,,,,,,,,,,,,,,,,,,,,,,,,,3,3,3,Hand,f,TR,0,0,0,0,8,0,40,0,1,1,0.397302761,f,1.173,3,1,,,,,,,,,,,,,,,,,,f,1,,,,,,,,,,,,,1.173,0,0,0,0,1,,,,,,,,,,,,,,,,,,,,,,,,,,,,,,,,,,,,,,,,,,,,,,,,,,,,,,,,,,,,,,,,,,,,,,,,,,
,,,,,,,,,,,,,,,,,120,4,2024-09-06_13h38.38.181,Symbol-E,2020.1.3,Win32,Firefox,Mozilla/5.0 (Windows NT 10.0; Win64; x64; rv:129.0) Gecko/20100101 Firefox/129.0,60,,,,,,,,,,,,,,,,,,,,,,,,,,,,,,,,,,,,,,,,,,,,,,,,,,,,,,,,,,,,,,,,,,,,,,,,,,,,,,,,,,,40,0,40,0,1,,,,,,,,,,,,,,,,,,,,,,,,,,,,,,,,,,,,,,,,,,,,,,,,,,,,,,,,,,,,,,,,,,,,,,,,,,,,,,,,
,,,,,,,,,,,,,,,,,120,4,2024-09-06_13h38.38.181,Symbol-E,2020.1.3,Win32,Firefox,Mozilla/5.0 (Windows NT 10.0; Win64; x64; rv:129.0) Gecko/20100101 Firefox/129.0,60,,,,,,,,,,,,,,,,,,,,,,,,,,,,,,,,,,,,4,4,0,Hand,h,TR,0,0,0,0,8,0,41,0,1,1,1.049462082,h,1.222,4,1,,,,,,,,,,,,,,,,,,h,1,,,,,,,,,,,,,1.222,0,0,0,0,1,,,,,,,,,,,,,,,,,,,,,,,,,,,,,,,,,,,,,,,,,,,,,,,,,,,,,,,,,,,,,,,,,,,,,,,,,,
,,,,,,,,,,,,,,,,,120,4,2024-09-06_13h38.38.181,Symbol-E,2020.1.3,Win32,Firefox,Mozilla/5.0 (Windows NT 10.0; Win64; x64; rv:129.0) Gecko/20100101 Firefox/129.0,60,,,,,,,,,,,,,,,,,,,,,,,,,,,,,,,,,,,,,,,,,,,,,,,,,,,,,,,,,,,,,,,,,,,,,,,,,,,,,,,,,,,41,0,41,0,1,,,,,,,,,,,,,,,,,,,,,,,,,,,,,,,,,,,,,,,,,,,,,,,,,,,,,,,,,,,,,,,,,,,,,,,,,,,,,,,,
,,,,,,,,,,,,,,,,,120,4,2024-09-06_13h38.38.181,Symbol-E,2020.1.3,Win32,Firefox,Mozilla/5.0 (Windows NT 10.0; Win64; x64; rv:129.0) Gecko/20100101 Firefox/129.0,60,,,,,,,,,,,,,,,,,,,,,,,,,,,,,,,,,,,,6,6,2,Hand,i,TR,0,0,0,0,8,0,42,0,1,1,0.421112253,i,1.223,6,1,,,,,,,,,,,,,,,,,,i,1,,,,,,,,,,,,,1.223,0,0,0,0,1,,,,,,,,,,,,,,,,,,,,,,,,,,,,,,,,,,,,,,,,,,,,,,,,,,,,,,,,,,,,,,,,,,,,,,,,,,
,,,,,,,,,,,,,,,,,120,4,2024-09-06_13h38.38.181,Symbol-E,2020.1.3,Win32,Firefox,Mozilla/5.0 (Windows NT 10.0; Win64; x64; rv:129.0) Gecko/20100101 Firefox/129.0,60,,,,,,,,,,,,,,,,,,,,,,,,,,,,,,,,,,,,,,,,,,,,,,,,,,,,,,,,,,,,,,,,,,,,,,,,,,,,,,,,,,,42,0,42,0,1,,,,,,,,,,,,,,,,,,,,,,,,,,,,,,,,,,,,,,,,,,,,,,,,,,,,,,,,,,,,,,,,,,,,,,,,,,,,,,,,
,,,,,,,,,,,,,,,,,120,4,2024-09-06_13h38.38.181,Symbol-E,2020.1.3,Win32,Firefox,Mozilla/5.0 (Windows NT 10.0; Win64; x64; rv:129.0) Gecko/20100101 Firefox/129.0,60,,,,,,,,,,,,,,,,,,,,,,,,,,,,,,,,,,,,5,5,1,Hand,u,TR,0,0,0,0,8,0,43,0,1,1,0.037378538,a,99,8,0,,,,,,,,,,,,,,,,,,,0,h,3.204,0,0,0,0,1,,,,,,,,,,,,,,,,,,,,,,,,,,,,,,,,,,,,,,,,,,,,,,,,,,,,,,,,,,,,,,,,,,,,,,,,,,,,,,,,,,,,,
,,,,,,,,,,,,,,,,,120,4,2024-09-06_13h38.38.181,Symbol-E,2020.1.3,Win32,Firefox,Mozilla/5.0 (Windows NT 10.0; Win64; x64; rv:129.0) Gecko/20100101 Firefox/129.0,60,,,,,,,,,,,,,,,,,,,,,,,,,,,,,,,,,,,,,,,,,,,,,,,,,,,,,,,,,,,,,,,,,,,,,,,,,,,,,,,,,,,43,0,43,0,1,,,,,,,,,,,,,,,,,,,,,,,,,,,,,,,,,,,,,,,,,,,,,,,,,,,,,,,,,,,,,,,,,,,,,,,,,,,,,,,,
,,,,,,,,,,,,,,,,,120,4,2024-09-06_13h38.38.181,Symbol-E,2020.1.3,Win32,Firefox,Mozilla/5.0 (Windows NT 10.0; Win64; x64; rv:129.0) Gecko/20100101 Firefox/129.0,60,,,,,,,,,,,,,,,,,,,,,,,,,,,,,,,,,,,,4,4,0,Hand,h,TR,0,0,0,0,8,0,44,0,1,1,0.179127809,h,1.369,4,1,,,,,,,,,,,,,,,,,,h,1,,,,,,,,,,,,,1.369,0,0,0,0,1,,,,,,,,,,,,,,,,,,,,,,,,,,,,,,,,,,,,,,,,,,,,,,,,,,,,,,,,,,,,,,,,,,,,,,,,,,
,,,,,,,,,,,,,,,,,120,4,2024-09-06_13h38.38.181,Symbol-E,2020.1.3,Win32,Firefox,Mozilla/5.0 (Windows NT 10.0; Win64; x64; rv:129.0) Gecko/20100101 Firefox/129.0,60,,,,,,,,,,,,,,,,,,,,,,,,,,,,,,,,,,,,,,,,,,,,,,,,,,,,,,,,,,,,,,,,,,,,,,,,,,,,,,,,,,,44,0,44,0,1,,,,,,,,,,,,,,,,,,,,,,,,,,,,,,,,,,,,,,,,,,,,,,,,,,,,,,,,,,,,,,,,,,,,,,,,,,,,,,,,
,,,,,,,,,,,,,,,,,120,4,2024-09-06_13h38.38.181,Symbol-E,2020.1.3,Win32,Firefox,Mozilla/5.0 (Windows NT 10.0; Win64; x64; rv:129.0) Gecko/20100101 Firefox/129.0,60,,,,,,,,,,,,,,,,,,,,,,,,,,,,,,,,,,,,2,2,2,Hand,e,TR,0,0,0,0,8,0,45,0,1,1,0.753107313,e,1.228,2,1,,,,,,,,,,,,,,,,,,e,1,,,,,,,,,,,,,1.228,0,0,0,0,1,,,,,,,,,,,,,,,,,,,,,,,,,,,,,,,,,,,,,,,,,,,,,,,,,,,,,,,,,,,,,,,,,,,,,,,,,,
,,,,,,,,,,,,,,,,,120,4,2024-09-06_13h38.38.181,Symbol-E,2020.1.3,Win32,Firefox,Mozilla/5.0 (Windows NT 10.0; Win64; x64; rv:129.0) Gecko/20100101 Firefox/129.0,60,,,,,,,,,,,,,,,,,,,,,,,,,,,,,,,,,,,,,,,,,,,,,,,,,,,,,,,,,,,,,,,,,,,,,,,,,,,,,,,,,,,45,0,45,0,1,,,,,,,,,,,,,,,,,,,,,,,,,,,,,,,,,,,,,,,,,,,,,,,,,,,,,,,,,,,,,,,,,,,,,,,,,,,,,,,,
,,,,,,,,,,,,,,,,,120,4,2024-09-06_13h38.38.181,Symbol-E,2020.1.3,Win32,Firefox,Mozilla/5.0 (Windows NT 10.0; Win64; x64; rv:129.0) Gecko/20100101 Firefox/129.0,60,,,,,,,,,,,,,,,,,,,,,,,,,,,,,,,,,,,,7,7,3,Hand,l,TR,0,0,0,0,8,0,46,0,1,1,0.531823119,l,1.211,7,1,,,,,,,,,,,,,,,,,,l,1,,,,,,,,,,,,,1.211,0,0,0,0,1,,,,,,,,,,,,,,,,,,,,,,,,,,,,,,,,,,,,,,,,,,,,,,,,,,,,,,,,,,,,,,,,,,,,,,,,,,
,,,,,,,,,,,,,,,,,120,4,2024-09-06_13h38.38.181,Symbol-E,2020.1.3,Win32,Firefox,Mozilla/5.0 (Windows NT 10.0; Win64; x64; rv:129.0) Gecko/20100101 Firefox/129.0,60,,,,,,,,,,,,,,,,,,,,,,,,,,,,,,,,,,,,,,,,,,,,,,,,,,,,,,,,,,,,,,,,,,,,,,,,,,,,,,,,,,,46,0,46,0,1,,,,,,,,,,,,,,,,,,,,,,,,,,,,,,,,,,,,,,,,,,,,,,,,,,,,,,,,,,,,,,,,,,,,,,,,,,,,,,,,
,,,,,,,,,,,,,,,,,120,4,2024-09-06_13h38.38.181,Symbol-E,2020.1.3,Win32,Firefox,Mozilla/5.0 (Windows NT 10.0; Win64; x64; rv:129.0) Gecko/20100101 Firefox/129.0,60,,,,,,,,,,,,,,,,,,,,,,,,,,,,,,,,,,,,0,0,0,Hand,a,TR,0,0,0,0,8,0,47,0,1,1,0.640876646,a,1.104,0,1,,,,,,,,,,,,,,,,,,a,1,,,,,,,,,,,,,1.104,0,0,0,0,1,,,,,,,,,,,,,,,,,,,,,,,,,,,,,,,,,,,,,,,,,,,,,,,,,,,,,,,,,,,,,,,,,,,,,,,,,,
,,,,,,,,,,,,,,,,,120,4,2024-09-06_13h38.38.181,Symbol-E,2020.1.3,Win32,Firefox,Mozilla/5.0 (Windows NT 10.0; Win64; x64; rv:129.0) Gecko/20100101 Firefox/129.0,60,,,,,,,,,,,,,,,,,,,,,,,,,,,,,,,,,,,,,,,,,,,,,,,,,,,,,,,,,,,,,,,,,,,,,,,,,,,,,,,,,,,47,0,47,0,1,,,,,,,,,,,,,,,,,,,,,,,,,,,,,,,,,,,,,,,,,,,,,,,,,,,,,,,,,,,,,,,,,,,,,,,,,,,,,,,,
,,,,,,,,,,,,,,,,,120,4,2024-09-06_13h38.38.181,Symbol-E,2020.1.3,Win32,Firefox,Mozilla/5.0 (Windows NT 10.0; Win64; x64; rv:129.0) Gecko/20100101 Firefox/129.0,60,,,,,,,,,,,,,,,,,,,,,,,,,,,,,,,,,,,,7,7,3,Hand,l,TR,0,0,0,0,8,0,48,0,1,1,0.017827994,a,99,8,0,,,,,,,,,,,,,,,,,,,0,h,0.712,0,0,0,0,1,,,,,,,,,,,,,,,,,,,,,,,,,,,,,,,,,,,,,,,,,,,,,,,,,,,,,,,,,,,,,,,,,,,,,,,,,,,,,,,,,,,,,
,,,,,,,,,,,,,,,,,120,4,2024-09-06_13h38.38.181,Symbol-E,2020.1.3,Win32,Firefox,Mozilla/5.0 (Windows NT 10.0; Win64; x64; rv:129.0) Gecko/20100101 Firefox/129.0,60,,,,,,,,,,,,,,,,,,,,,,,,,,,,,,,,,,,,,,,,,,,,,,,,,,,,,,,,,,,,,,,,,,,,,,,,,,,,,,,,,,,48,0,48,0,1,,,,,,,,,,,,,,,,,,,,,,,,,,,,,,,,,,,,,,,,,,,,,,,,,,,,,,,,,,,,,,,,,,,,,,,,,,,,,,,,
,,,,,,,,,,,,,,,,,120,4,2024-09-06_13h38.38.181,Symbol-E,2020.1.3,Win32,Firefox,Mozilla/5.0 (Windows NT 10.0; Win64; x64; rv:129.0) Gecko/20100101 Firefox/129.0,60,,,,,,,,,,,,,,,,,,,,,,,,,,,,,,,,,,,,4,4,0,Hand,h,TR,0,0,0,0,8,0,49,0,1,1,0.40641373,h,1.232,4,1,,,,,,,,,,,,,,,,,,h,1,,,,,,,,,,,,,1.232,0,0,0,0,1,,,,,,,,,,,,,,,,,,,,,,,,,,,,,,,,,,,,,,,,,,,,,,,,,,,,,,,,,,,,,,,,,,,,,,,,,,
,,,,,,,,,,,,,,,,,120,4,2024-09-06_13h38.38.181,Symbol-E,2020.1.3,Win32,Firefox,Mozilla/5.0 (Windows NT 10.0; Win64; x64; rv:129.0) Gecko/20100101 Firefox/129.0,60,,,,,,,,,,,,,,,,,,,,,,,,,,,,,,,,,,,,,,,,,,,,,,,,,,,,,,,,,,,,,,,,,,,,,,,,,,,,,,,,,,,49,0,49,0,1,,,,,,,,,,,,,,,,,,,,,,,,,,,,,,,,,,,,,,,,,,,,,,,,,,,,,,,,,,,,,,,,,,,,,,,,,,,,,,,,
,,,,,,,,,,,,,,,,,120,4,2024-09-06_13h38.38.181,Symbol-E,2020.1.3,Win32,Firefox,Mozilla/5.0 (Windows NT 10.0; Win64; x64; rv:129.0) Gecko/20100101 Firefox/129.0,60,,,,,,,,,,,,,,,,,,,,,,,,,,,,,,,,,,,,7,7,3,Hand,l,TR,0,0,0,0,8,0,50,0,1,1,0.690411955,l,1.189,7,1,,,,,,,,,,,,,,,,,,l,1,,,,,,,,,,,,,1.189,0,0,0,0,1,,,,,,,,,,,,,,,,,,,,,,,,,,,,,,,,,,,,,,,,,,,,,,,,,,,,,,,,,,,,,,,,,,,,,,,,,,
,,,,,,,,,,,,,,,,,120,4,2024-09-06_13h38.38.181,Symbol-E,2020.1.3,Win32,Firefox,Mozilla/5.0 (Windows NT 10.0; Win64; x64; rv:129.0) Gecko/20100101 Firefox/129.0,60,,,,,,,,,,,,,,,,,,,,,,,,,,,,,,,,,,,,,,,,,,,,,,,,,,,,,,,,,,,,,,,,,,,,,,,,,,,,,,,,,,,50,0,50,0,1,,,,,,,,,,,,,,,,,,,,,,,,,,,,,,,,,,,,,,,,,,,,,,,,,,,,,,,,,,,,,,,,,,,,,,,,,,,,,,,,
,,,,,,,,,,,,,,,,,120,4,2024-09-06_13h38.38.181,Symbol-E,2020.1.3,Win32,Firefox,Mozilla/5.0 (Windows NT 10.0; Win64; x64; rv:129.0) Gecko/20100101 Firefox/129.0,60,,,,,,,,,,,,,,,,,,,,,,,,,,,,,,,,,,,,0,0,0,Hand,a,TR,0,0,0,0,8,0,51,0,1,1,0.383317001,a,1.191,0,1,,,,,,,,,,,,,,,,,,a,1,,,,,,,,,,,,,1.191,0,0,0,0,1,,,,,,,,,,,,,,,,,,,,,,,,,,,,,,,,,,,,,,,,,,,,,,,,,,,,,,,,,,,,,,,,,,,,,,,,,,
,,,,,,,,,,,,,,,,,120,4,2024-09-06_13h38.38.181,Symbol-E,2020.1.3,Win32,Firefox,Mozilla/5.0 (Windows NT 10.0; Win64; x64; rv:129.0) Gecko/20100101 Firefox/129.0,60,,,,,,,,,,,,,,,,,,,,,,,,,,,,,,,,,,,,,,,,,,,,,,,,,,,,,,,,,,,,,,,,,,,,,,,,,,,,,,,,,,,51,0,51,0,1,,,,,,,,,,,,,,,,,,,,,,,,,,,,,,,,,,,,,,,,,,,,,,,,,,,,,,,,,,,,,,,,,,,,,,,,,,,,,,,,
,,,,,,,,,,,,,,,,,120,4,2024-09-06_13h38.38.181,Symbol-E,2020.1.3,Win32,Firefox,Mozilla/5.0 (Windows NT 10.0; Win64; x64; rv:129.0) Gecko/20100101 Firefox/129.0,60,,,,,,,,,,,,,,,,,,,,,,,,,,,,,,,,,,,,1,1,1,Hand,w,TR,0,0,0,0,8,0,52,0,1,1,0.171007182,w,1.408,1,1,,,,,,,,,,,,,,,,,,w,1,,,,,,,,,,,,,1.408,0,0,0,0,1,,,,,,,,,,,,,,,,,,,,,,,,,,,,,,,,,,,,,,,,,,,,,,,,,,,,,,,,,,,,,,,,,,,,,,,,,,
,,,,,,,,,,,,,,,,,120,4,2024-09-06_13h38.38.181,Symbol-E,2020.1.3,Win32,Firefox,Mozilla/5.0 (Windows NT 10.0; Win64; x64; rv:129.0) Gecko/20100101 Firefox/129.0,60,,,,,,,,,,,,,,,,,,,,,,,,,,,,,,,,,,,,,,,,,,,,,,,,,,,,,,,,,,,,,,,,,,,,,,,,,,,,,,,,,,,52,0,52,0,1,,,,,,,,,,,,,,,,,,,,,,,,,,,,,,,,,,,,,,,,,,,,,,,,,,,,,,,,,,,,,,,,,,,,,,,,,,,,,,,,
,,,,,,,,,,,,,,,,,120,4,2024-09-06_13h38.38.181,Symbol-E,2020.1.3,Win32,Firefox,Mozilla/5.0 (Windows NT 10.0; Win64; x64; rv:129.0) Gecko/20100101 Firefox/129.0,60,,,,,,,,,,,,,,,,,,,,,,,,,,,,,,,,,,,,5,5,1,Hand,u,TR,0,0,0,0,8,0,53,0,1,1,0.949316726,u,1.16,5,1,,,,,,,,,,,,,,,,,,u,1,,,,,,,,,,,,,1.16,0,0,0,0,1,,,,,,,,,,,,,,,,,,,,,,,,,,,,,,,,,,,,,,,,,,,,,,,,,,,,,,,,,,,,,,,,,,,,,,,,,,
,,,,,,,,,,,,,,,,,120,4,2024-09-06_13h38.38.181,Symbol-E,2020.1.3,Win32,Firefox,Mozilla/5.0 (Windows NT 10.0; Win64; x64; rv:129.0) Gecko/20100101 Firefox/129.0,60,,,,,,,,,,,,,,,,,,,,,,,,,,,,,,,,,,,,,,,,,,,,,,,,,,,,,,,,,,,,,,,,,,,,,,,,,,,,,,,,,,,53,0,53,0,1,,,,,,,,,,,,,,,,,,,,,,,,,,,,,,,,,,,,,,,,,,,,,,,,,,,,,,,,,,,,,,,,,,,,,,,,,,,,,,,,
,,,,,,,,,,,,,,,,,120,4,2024-09-06_13h38.38.181,Symbol-E,2020.1.3,Win32,Firefox,Mozilla/5.0 (Windows NT 10.0; Win64; x64; rv:129.0) Gecko/20100101 Firefox/129.0,60,,,,,,,,,,,,,,,,,,,,,,,,,,,,,,,,,,,,4,4,0,Hand,h,TR,0,0,0,0,8,0,54,0,1,1,0.297174662,f,1.269,3,0,,,,,,,,,,,,,,,,,,f,0,,,,,,,,,,,,,1.269,0,0,0,0,1,,,,,,,,,,,,,,,,,,,,,,,,,,,,,,,,,,,,,,,,,,,,,,,,,,,,,,,,,,,,,,,,,,,,,,,,,,
,,,,,,,,,,,,,,,,,120,4,2024-09-06_13h38.38.181,Symbol-E,2020.1.3,Win32,Firefox,Mozilla/5.0 (Windows NT 10.0; Win64; x64; rv:129.0) Gecko/20100101 Firefox/129.0,60,,,,,,,,,,,,,,,,,,,,,,,,,,,,,,,,,,,,,,,,,,,,,,,,,,,,,,,,,,,,,,,,,,,,,,,,,,,,,,,,,,,54,0,54,0,1,,,,,,,,,,,,,,,,,,,,,,,,,,,,,,,,,,,,,,,,,,,,,,,,,,,,,,,,,,,,,,,,,,,,,,,,,,,,,,,,
,,,,,,,,,,,,,,,,,120,4,2024-09-06_13h38.38.181,Symbol-E,2020.1.3,Win32,Firefox,Mozilla/5.0 (Windows NT 10.0; Win64; x64; rv:129.0) Gecko/20100101 Firefox/129.0,60,,,,,,,,,,,,,,,,,,,,,,,,,,,,,,,,,,,,2,2,2,Hand,e,TR,0,0,0,0,8,0,55,0,1,1,0.951588631,e,1.172,2,1,,,,,,,,,,,,,,,,,,e,1,,,,,,,,,,,,,1.172,0,0,0,0,1,,,,,,,,,,,,,,,,,,,,,,,,,,,,,,,,,,,,,,,,,,,,,,,,,,,,,,,,,,,,,,,,,,,,,,,,,,
,,,,,,,,,,,,,,,,,120,4,2024-09-06_13h38.38.181,Symbol-E,2020.1.3,Win32,Firefox,Mozilla/5.0 (Windows NT 10.0; Win64; x64; rv:129.0) Gecko/20100101 Firefox/129.0,60,,,,,,,,,,,,,,,,,,,,,,,,,,,,,,,,,,,,,,,,,,,,,,,,,,,,,,,,,,,,,,,,,,,,,,,,,,,,,,,,,,,55,0,55,0,1,,,,,,,,,,,,,,,,,,,,,,,,,,,,,,,,,,,,,,,,,,,,,,,,,,,,,,,,,,,,,,,,,,,,,,,,,,,,,,,,
,,,,,,,,,,,,,,,,,120,4,2024-09-06_13h38.38.181,Symbol-E,2020.1.3,Win32,Firefox,Mozilla/5.0 (Windows NT 10.0; Win64; x64; rv:129.0) Gecko/20100101 Firefox/129.0,60,,,,,,,,,,,,,,,,,,,,,,,,,,,,,,,,,,,,3,3,3,Hand,f,TR,0,0,0,0,8,0,56,0,1,1,0.312450757,f,1.285,3,1,,,,,,,,,,,,,,,,,,f,1,,,,,,,,,,,,,1.285,0,0,0,0,1,,,,,,,,,,,,,,,,,,,,,,,,,,,,,,,,,,,,,,,,,,,,,,,,,,,,,,,,,,,,,,,,,,,,,,,,,,
,,,,,,,,,,,,,,,,,120,4,2024-09-06_13h38.38.181,Symbol-E,2020.1.3,Win32,Firefox,Mozilla/5.0 (Windows NT 10.0; Win64; x64; rv:129.0) Gecko/20100101 Firefox/129.0,60,,,,,,,,,,,,,,,,,,,,,,,,,,,,,,,,,,,,,,,,,,,,,,,,,,,,,,,,,,,,,,,,,,,,,,,,,,,,,,,,,,,56,0,56,0,1,,,,,,,,,,,,,,,,,,,,,,,,,,,,,,,,,,,,,,,,,,,,,,,,,,,,,,,,,,,,,,,,,,,,,,,,,,,,,,,,
,,,,,,,,,,,,,,,,,120,4,2024-09-06_13h38.38.181,Symbol-E,2020.1.3,Win32,Firefox,Mozilla/5.0 (Windows NT 10.0; Win64; x64; rv:129.0) Gecko/20100101 Firefox/129.0,60,,,,,,,,,,,,,,,,,,,,,,,,,,,,,,,,,,,,6,6,2,Hand,i,TR,0,0,0,0,8,0,57,0,1,1,0.816257405,i,1.231,6,1,,,,,,,,,,,,,,,,,,i,1,,,,,,,,,,,,,1.231,0,0,0,0,1,,,,,,,,,,,,,,,,,,,,,,,,,,,,,,,,,,,,,,,,,,,,,,,,,,,,,,,,,,,,,,,,,,,,,,,,,,
,,,,,,,,,,,,,,,,,120,4,2024-09-06_13h38.38.181,Symbol-E,2020.1.3,Win32,Firefox,Mozilla/5.0 (Windows NT 10.0; Win64; x64; rv:129.0) Gecko/20100101 Firefox/129.0,60,,,,,,,,,,,,,,,,,,,,,,,,,,,,,,,,,,,,,,,,,,,,,,,,,,,,,,,,,,,,,,,,,,,,,,,,,,,,,,,,,,,57,0,57,0,1,,,,,,,,,,,,,,,,,,,,,,,,,,,,,,,,,,,,,,,,,,,,,,,,,,,,,,,,,,,,,,,,,,,,,,,,,,,,,,,,
,,,,,,,,,,,,,,,,,120,4,2024-09-06_13h38.38.181,Symbol-E,2020.1.3,Win32,Firefox,Mozilla/5.0 (Windows NT 10.0; Win64; x64; rv:129.0) Gecko/20100101 Firefox/129.0,60,,,,,,,,,,,,,,,,,,,,,,,,,,,,,,,,,,,,3,3,3,Hand,f,TR,0,0,0,0,8,0,58,0,1,1,1.084837813,f,1.13,3,1,,,,,,,,,,,,,,,,,,f,1,,,,,,,,,,,,,1.13,0,0,0,0,1,,,,,,,,,,,,,,,,,,,,,,,,,,,,,,,,,,,,,,,,,,,,,,,,,,,,,,,,,,,,,,,,,,,,,,,,,,
,,,,,,,,,,,,,,,,,120,4,2024-09-06_13h38.38.181,Symbol-E,2020.1.3,Win32,Firefox,Mozilla/5.0 (Windows NT 10.0; Win64; x64; rv:129.0) Gecko/20100101 Firefox/129.0,60,,,,,,,,,,,,,,,,,,,,,,,,,,,,,,,,,,,,,,,,,,,,,,,,,,,,,,,,,,,,,,,,,,,,,,,,,,,,,,,,,,,58,0,58,0,1,,,,,,,,,,,,,,,,,,,,,,,,,,,,,,,,,,,,,,,,,,,,,,,,,,,,,,,,,,,,,,,,,,,,,,,,,,,,,,,,
,,,,,,,,,,,,,,,,,120,4,2024-09-06_13h38.38.181,Symbol-E,2020.1.3,Win32,Firefox,Mozilla/5.0 (Windows NT 10.0; Win64; x64; rv:129.0) Gecko/20100101 Firefox/129.0,60,,,,,,,,,,,,,,,,,,,,,,,,,,,,,,,,,,,,1,1,1,Hand,w,TR,0,0,0,0,8,0,59,0,1,1,0.493534592,e,1.29,2,0,,,,,,,,,,,,,,,,,,e,0,,,,,,,,,,,,,1.29,0,0,0,0,1,,,,,,,,,,,,,,,,,,,,,,,,,,,,,,,,,,,,,,,,,,,,,,,,,,,,,,,,,,,,,,,,,,,,,,,,,,
,,,,,,,,,,,,,,,,,120,4,2024-09-06_13h38.38.181,Symbol-E,2020.1.3,Win32,Firefox,Mozilla/5.0 (Windows NT 10.0; Win64; x64; rv:129.0) Gecko/20100101 Firefox/129.0,60,,,,,,,,,,,,,,,,,,,,,,,,,,,,,,,,,,,,,,,,,,,,,,,,,,,,,,,,,,,,,,,,,,,,,,,,,,,,,,,,,,,59,0,59,0,1,,,,,,,,,,,,,,,,,,,,,,,,,,,,,,,,,,,,,,,,,,,,,,,,,,,,,,,,,,,,,,,,,,,,,,,,,,,,,,,,
,,,,,,,,,,,,,,,,,120,4,2024-09-06_13h38.38.181,Symbol-E,2020.1.3,Win32,Firefox,Mozilla/5.0 (Windows NT 10.0; Win64; x64; rv:129.0) Gecko/20100101 Firefox/129.0,60,,,,,,,,,,,,,,,,,,,,,,,,,,,,,,,,,,,,2,2,2,Hand,e,TR,0,0,0,0,8,0,60,0,1,1,0.763580071,e,1.213,2,1,,,,,,,,,,,,,,,,,,e,1,,,,,,,,,,,,,1.213,0,0,0,0,1,,,,,,,,,,,,,,,,,,,,,,,,,,,,,,,,,,,,,,,,,,,,,,,,,,,,,,,,,,,,,,,,,,,,,,,,,,
,,,,,,,,,,,,,,,,,120,4,2024-09-06_13h38.38.181,Symbol-E,2020.1.3,Win32,Firefox,Mozilla/5.0 (Windows NT 10.0; Win64; x64; rv:129.0) Gecko/20100101 Firefox/129.0,60,,,,,,,,,,,,,,,,,,,,,,,,,,,,,,,,,,,,,,,,,,,,,,,,,,,,,,,,,,,,,,,,,,,,,,,,,,,,,,,,,,,60,0,60,0,1,,,,,,,,,,,,,,,,,,,,,,,,,,,,,,,,,,,,,,,,,,,,,,,,,,,,,,,,,,,,,,,,,,,,,,,,,,,,,,,,
,,,,,,,,,,,,,,,,,120,4,2024-09-06_13h38.38.181,Symbol-E,2020.1.3,Win32,Firefox,Mozilla/5.0 (Windows NT 10.0; Win64; x64; rv:129.0) Gecko/20100101 Firefox/129.0,60,,,,,,,,,,,,,,,,,,,,,,,,,,,,,,,,,,,,0,0,0,Hand,a,TR,0,0,0,0,8,0,61,0,1,1,0.163712489,a,1.426,0,1,,,,,,,,,,,,,,,,,,a,1,,,,,,,,,,,,,1.426,0,0,0,0,1,,,,,,,,,,,,,,,,,,,,,,,,,,,,,,,,,,,,,,,,,,,,,,,,,,,,,,,,,,,,,,,,,,,,,,,,,,
,,,,,,,,,,,,,,,,,120,4,2024-09-06_13h38.38.181,Symbol-E,2020.1.3,Win32,Firefox,Mozilla/5.0 (Windows NT 10.0; Win64; x64; rv:129.0) Gecko/20100101 Firefox/129.0,60,,,,,,,,,,,,,,,,,,,,,,,,,,,,,,,,,,,,,,,,,,,,,,,,,,,,,,,,,,,,,,,,,,,,,,,,,,,,,,,,,,,61,0,61,0,1,,,,,,,,,,,,,,,,,,,,,,,,,,,,,,,,,,,,,,,,,,,,,,,,,,,,,,,,,,,,,,,,,,,,,,,,,,,,,,,,
,,,,,,,,,,,,,,,,,120,4,2024-09-06_13h38.38.181,Symbol-E,2020.1.3,Win32,Firefox,Mozilla/5.0 (Windows NT 10.0; Win64; x64; rv:129.0) Gecko/20100101 Firefox/129.0,60,,,,,,,,,,,,,,,,,,,,,,,,,,,,,,,,,,,,6,6,2,Hand,i,TR,0,0,0,0,8,0,62,0,1,1,0.813291866,i,1.313,6,1,,,,,,,,,,,,,,,,,,i,1,,,,,,,,,,,,,1.313,0,0,0,0,1,,,,,,,,,,,,,,,,,,,,,,,,,,,,,,,,,,,,,,,,,,,,,,,,,,,,,,,,,,,,,,,,,,,,,,,,,,
,,,,,,,,,,,,,,,,,120,4,2024-09-06_13h38.38.181,Symbol-E,2020.1.3,Win32,Firefox,Mozilla/5.0 (Windows NT 10.0; Win64; x64; rv:129.0) Gecko/20100101 Firefox/129.0,60,,,,,,,,,,,,,,,,,,,,,,,,,,,,,,,,,,,,,,,,,,,,,,,,,,,,,,,,,,,,,,,,,,,,,,,,,,,,,,,,,,,62,0,62,0,1,,,,,,,,,,,,,,,,,,,,,,,,,,,,,,,,,,,,,,,,,,,,,,,,,,,,,,,,,,,,,,,,,,,,,,,,,,,,,,,,
,,,,,,,,,,,,,,,,,120,4,2024-09-06_13h38.38.181,Symbol-E,2020.1.3,Win32,Firefox,Mozilla/5.0 (Windows NT 10.0; Win64; x64; rv:129.0) Gecko/20100101 Firefox/129.0,60,,,,,,,,,,,,,,,,,,,,,,,,,,,,,,,,,,,,5,5,1,Hand,u,TR,0,0,0,0,8,0,63,0,1,1,0.227842159,u,1.366,5,1,,,,,,,,,,,,,,,,,,u,1,,,,,,,,,,,,,1.366,0,0,0,0,1,,,,,,,,,,,,,,,,,,,,,,,,,,,,,,,,,,,,,,,,,,,,,,,,,,,,,,,,,,,,,,,,,,,,,,,,,,
,,,,,,,,,,,,,,,,,120,4,2024-09-06_13h38.38.181,Symbol-E,2020.1.3,Win32,Firefox,Mozilla/5.0 (Windows NT 10.0; Win64; x64; rv:129.0) Gecko/20100101 Firefox/129.0,60,,,,,,,,,,,,,,,,,,,,,,,,,,,,,,,,,,,,,,,,,,,,,,,,,,,,,,,,,,,,,,,,,,,,,,,,,,,,,,,,,,,63,0,63,0,1,,,,,,,,,,,,,,,,,,,,,,,,,,,,,,,,,,,,,,,,,,,,,,,,,,,,,,,,,,,,,,,,,,,,,,,,,,,,,,,,
,,,,,,,,,,,,,,,,,120,4,2024-09-06_13h38.38.181,Symbol-E,2020.1.3,Win32,Firefox,Mozilla/5.0 (Windows NT 10.0; Win64; x64; rv:129.0) Gecko/20100101 Firefox/129.0,60,,,,,,,,,,,,,,,,,,,,,,,,,,,,,,,,,,,,1,1,1,Hand,w,TR,0,0,0,0,8,0,64,0,1,1,0.411412267,w,1.389,1,1,,,,,,,,,,,,,,,,,,w,1,,,,,,,,,,,,,1.389,0,0,0,0,1,,,,,,,,,,,,,,,,,,,,,,,,,,,,,,,,,,,,,,,,,,,,,,,,,,,,,,,,,,,,,,,,,,,,,,,,,,
,,,,,,,,,,,,,,,,,120,4,2024-09-06_13h38.38.181,Symbol-E,2020.1.3,Win32,Firefox,Mozilla/5.0 (Windows NT 10.0; Win64; x64; rv:129.0) Gecko/20100101 Firefox/129.0,60,,,,,,,,,,,,,,,,,,,,,,,,,,,,,,,,,,,,,,,,,,,,,,,,,,,,,,,,,,,,,,,,,,,,,,,,,,,,,,,,,,,64,0,64,0,1,,,,,,,,,,,,,,,,,,,,,,,,,,,,,,,,,,,,,,,,,,,,,,,,,,,,,,,,,,,,,,,,,,,,,,,,,,,,,,,,
,,,,,,,,,,,,,,,,,120,4,2024-09-06_13h38.38.181,Symbol-E,2020.1.3,Win32,Firefox,Mozilla/5.0 (Windows NT 10.0; Win64; x64; rv:129.0) Gecko/20100101 Firefox/129.0,60,,,,,,,,,,,,,,,,,,,,,,,,,,,,,,,,,,,,3,3,3,Hand,f,TR,0,0,0,0,8,0,65,0,1,1,1.050900689,f,1.337,3,1,,,,,,,,,,,,,,,,,,f,1,,,,,,,,,,,,,1.337,0,0,0,0,1,,,,,,,,,,,,,,,,,,,,,,,,,,,,,,,,,,,,,,,,,,,,,,,,,,,,,,,,,,,,,,,,,,,,,,,,,,
,,,,,,,,,,,,,,,,,120,4,2024-09-06_13h38.38.181,Symbol-E,2020.1.3,Win32,Firefox,Mozilla/5.0 (Windows NT 10.0; Win64; x64; rv:129.0) Gecko/20100101 Firefox/129.0,60,,,,,,,,,,,,,,,,,,,,,,,,,,,,,,,,,,,,,,,,,,,,,,,,,,,,,,,,,,,,,,,,,,,,,,,,,,,,,,,,,,,65,0,65,0,1,,,,,,,,,,,,,,,,,,,,,,,,,,,,,,,,,,,,,,,,,,,,,,,,,,,,,,,,,,,,,,,,,,,,,,,,,,,,,,,,
,,,,,,,,,,,,,,,,,120,4,2024-09-06_13h38.38.181,Symbol-E,2020.1.3,Win32,Firefox,Mozilla/5.0 (Windows NT 10.0; Win64; x64; rv:129.0) Gecko/20100101 Firefox/129.0,60,,,,,,,,,,,,,,,,,,,,,,,,,,,,,,,,,,,,1,1,1,Hand,w,TR,0,0,0,0,8,0,66,0,1,1,0.678133924,w,1.256,1,1,,,,,,,,,,,,,,,,,,w,1,,,,,,,,,,,,,1.256,0,0,0,0,1,,,,,,,,,,,,,,,,,,,,,,,,,,,,,,,,,,,,,,,,,,,,,,,,,,,,,,,,,,,,,,,,,,,,,,,,,,
,,,,,,,,,,,,,,,,,120,4,2024-09-06_13h38.38.181,Symbol-E,2020.1.3,Win32,Firefox,Mozilla/5.0 (Windows NT 10.0; Win64; x64; rv:129.0) Gecko/20100101 Firefox/129.0,60,,,,,,,,,,,,,,,,,,,,,,,,,,,,,,,,,,,,,,,,,,,,,,,,,,,,,,,,,,,,,,,,,,,,,,,,,,,,,,,,,,,66,0,66,0,1,,,,,,,,,,,,,,,,,,,,,,,,,,,,,,,,,,,,,,,,,,,,,,,,,,,,,,,,,,,,,,,,,,,,,,,,,,,,,,,,
,,,,,,,,,,,,,,,,,120,4,2024-09-06_13h38.38.181,Symbol-E,2020.1.3,Win32,Firefox,Mozilla/5.0 (Windows NT 10.0; Win64; x64; rv:129.0) Gecko/20100101 Firefox/129.0,60,,,,,,,,,,,,,,,,,,,,,,,,,,,,,,,,,,,,5,5,1,Hand,u,TR,0,0,0,0,8,0,67,0,1,1,0.310856597,h,1.317,4,0,,,,,,,,,,,,,,,,,,h,0,,,,,,,,,,,,,1.317,0,0,0,0,1,,,,,,,,,,,,,,,,,,,,,,,,,,,,,,,,,,,,,,,,,,,,,,,,,,,,,,,,,,,,,,,,,,,,,,,,,,
,,,,,,,,,,,,,,,,,120,4,2024-09-06_13h38.38.181,Symbol-E,2020.1.3,Win32,Firefox,Mozilla/5.0 (Windows NT 10.0; Win64; x64; rv:129.0) Gecko/20100101 Firefox/129.0,60,,,,,,,,,,,,,,,,,,,,,,,,,,,,,,,,,,,,,,,,,,,,,,,,,,,,,,,,,,,,,,,,,,,,,,,,,,,,,,,,,,,67,0,67,0,1,,,,,,,,,,,,,,,,,,,,,,,,,,,,,,,,,,,,,,,,,,,,,,,,,,,,,,,,,,,,,,,,,,,,,,,,,,,,,,,,
,,,,,,,,,,,,,,,,,120,4,2024-09-06_13h38.38.181,Symbol-E,2020.1.3,Win32,Firefox,Mozilla/5.0 (Windows NT 10.0; Win64; x64; rv:129.0) Gecko/20100101 Firefox/129.0,60,,,,,,,,,,,,,,,,,,,,,,,,,,,,,,,,,,,,6,6,2,Hand,i,TR,0,0,0,0,8,0,68,0,1,1,0.686618606,i,1.252,6,1,,,,,,,,,,,,,,,,,,i,1,,,,,,,,,,,,,1.252,0,0,0,0,1,,,,,,,,,,,,,,,,,,,,,,,,,,,,,,,,,,,,,,,,,,,,,,,,,,,,,,,,,,,,,,,,,,,,,,,,,,
,,,,,,,,,,,,,,,,,120,4,2024-09-06_13h38.38.181,Symbol-E,2020.1.3,Win32,Firefox,Mozilla/5.0 (Windows NT 10.0; Win64; x64; rv:129.0) Gecko/20100101 Firefox/129.0,60,,,,,,,,,,,,,,,,,,,,,,,,,,,,,,,,,,,,,,,,,,,,,,,,,,,,,,,,,,,,,,,,,,,,,,,,,,,,,,,,,,,68,0,68,0,1,,,,,,,,,,,,,,,,,,,,,,,,,,,,,,,,,,,,,,,,,,,,,,,,,,,,,,,,,,,,,,,,,,,,,,,,,,,,,,,,
,,,,,,,,,,,,,,,,,120,4,2024-09-06_13h38.38.181,Symbol-E,2020.1.3,Win32,Firefox,Mozilla/5.0 (Windows NT 10.0; Win64; x64; rv:129.0) Gecko/20100101 Firefox/129.0,60,,,,,,,,,,,,,,,,,,,,,,,,,,,,,,,,,,,,2,2,2,Hand,e,TR,0,0,0,0,8,0,69,0,1,1,0.952744556,e,1.272,2,1,,,,,,,,,,,,,,,,,,e,1,,,,,,,,,,,,,1.272,0,0,0,0,1,,,,,,,,,,,,,,,,,,,,,,,,,,,,,,,,,,,,,,,,,,,,,,,,,,,,,,,,,,,,,,,,,,,,,,,,,,
,,,,,,,,,,,,,,,,,120,4,2024-09-06_13h38.38.181,Symbol-E,2020.1.3,Win32,Firefox,Mozilla/5.0 (Windows NT 10.0; Win64; x64; rv:129.0) Gecko/20100101 Firefox/129.0,60,,,,,,,,,,,,,,,,,,,,,,,,,,,,,,,,,,,,,,,,,,,,,,,,,,,,,,,,,,,,,,,,,,,,,,,,,,,,,,,,,,,69,0,69,0,1,,,,,,,,,,,,,,,,,,,,,,,,,,,,,,,,,,,,,,,,,,,,,,,,,,,,,,,,,,,,,,,,,,,,,,,,,,,,,,,,
,,,,,,,,,,,,,,,,,120,4,2024-09-06_13h38.38.181,Symbol-E,2020.1.3,Win32,Firefox,Mozilla/5.0 (Windows NT 10.0; Win64; x64; rv:129.0) Gecko/20100101 Firefox/129.0,60,,,,,,,,,,,,,,,,,,,,,,,,,,,,,,,,,,,,7,7,3,Hand,l,TR,0,0,0,0,8,0,70,0,1,1,0.216096895,l,1.366,7,1,,,,,,,,,,,,,,,,,,l,1,,,,,,,,,,,,,1.366,0,0,0,0,1,,,,,,,,,,,,,,,,,,,,,,,,,,,,,,,,,,,,,,,,,,,,,,,,,,,,,,,,,,,,,,,,,,,,,,,,,,
,,,,,,,,,,,,,,,,,120,4,2024-09-06_13h38.38.181,Symbol-E,2020.1.3,Win32,Firefox,Mozilla/5.0 (Windows NT 10.0; Win64; x64; rv:129.0) Gecko/20100101 Firefox/129.0,60,,,,,,,,,,,,,,,,,,,,,,,,,,,,,,,,,,,,,,,,,,,,,,,,,,,,,,,,,,,,,,,,,,,,,,,,,,,,,,,,,,,70,0,70,0,1,,,,,,,,,,,,,,,,,,,,,,,,,,,,,,,,,,,,,,,,,,,,,,,,,,,,,,,,,,,,,,,,,,,,,,,,,,,,,,,,
,,,,,,,,,,,,,,,,,120,4,2024-09-06_13h38.38.181,Symbol-E,2020.1.3,Win32,Firefox,Mozilla/5.0 (Windows NT 10.0; Win64; x64; rv:129.0) Gecko/20100101 Firefox/129.0,60,,,,,,,,,,,,,,,,,,,,,,,,,,,,,,,,,,,,6,6,2,Hand,i,TR,0,0,0,0,8,0,71,0,1,1,0.86890328,i,1.231,6,1,,,,,,,,,,,,,,,,,,i,1,,,,,,,,,,,,,1.231,0,0,0,0,1,,,,,,,,,,,,,,,,,,,,,,,,,,,,,,,,,,,,,,,,,,,,,,,,,,,,,,,,,,,,,,,,,,,,,,,,,,
,,,,,,,,,,,,,,,,,120,4,2024-09-06_13h38.38.181,Symbol-E,2020.1.3,Win32,Firefox,Mozilla/5.0 (Windows NT 10.0; Win64; x64; rv:129.0) Gecko/20100101 Firefox/129.0,60,,,,,,,,,,,,,,,,,,,,,,,,,,,,,,,,,,,,,,,,,,,,,,,,,,,,,,,,,,,,,,,,,,,,,,,,,,,,,,,,,,,71,0,71,0,1,,,,,,,,,,,,,,,,,,,,,,,,,,,,,,,,,,,,,,,,,,,,,,,,,,,,,,,,,,,,,,,,,,,,,,,,,,,,,,,,
,,,,,,,,,,,,,,,,,120,4,2024-09-06_13h38.38.181,Symbol-E,2020.1.3,Win32,Firefox,Mozilla/5.0 (Windows NT 10.0; Win64; x64; rv:129.0) Gecko/20100101 Firefox/129.0,60,,,,,,,,,,,,,,,,,,,,,,,,,,,,,,,,,,,,4,4,0,Hand,h,TR,0,0,0,0,8,0,72,0,1,1,0.869317591,h,1.169,4,1,,,,,,,,,,,,,,,,,,h,1,,,,,,,,,,,,,1.169,0,0,0,0,1,,,,,,,,,,,,,,,,,,,,,,,,,,,,,,,,,,,,,,,,,,,,,,,,,,,,,,,,,,,,,,,,,,,,,,,,,,
,,,,,,,,,,,,,,,,,120,4,2024-09-06_13h38.38.181,Symbol-E,2020.1.3,Win32,Firefox,Mozilla/5.0 (Windows NT 10.0; Win64; x64; rv:129.0) Gecko/20100101 Firefox/129.0,60,,,,,,,,,,,,,,,,,,,,,,,,,,,,,,,,,,,,,,,,,,,,,,,,,,,,,,,,,,,,,,,,,,,,,,,,,,,,,,,,,,,72,0,72,0,1,,,,,,,,,,,,,,,,,,,,,,,,,,,,,,,,,,,,,,,,,,,,,,,,,,,,,,,,,,,,,,,,,,,,,,,,,,,,,,,,
,,,,,,,,,,,,,,,,,120,4,2024-09-06_13h38.38.181,Symbol-E,2020.1.3,Win32,Firefox,Mozilla/5.0 (Windows NT 10.0; Win64; x64; rv:129.0) Gecko/20100101 Firefox/129.0,60,,,,,,,,,,,,,,,,,,,,,,,,,,,,,,,,,,,,7,7,3,Hand,l,TR,0,0,0,0,8,0,73,0,1,1,0.558748109,l,1,7,1,,,,,,,,,,,,,,,,,,l,1,,,,,,,,,,,,,1,0,0,0,0,1,,,,,,,,,,,,,,,,,,,,,,,,,,,,,,,,,,,,,,,,,,,,,,,,,,,,,,,,,,,,,,,,,,,,,,,,,,
,,,,,,,,,,,,,,,,,120,4,2024-09-06_13h38.38.181,Symbol-E,2020.1.3,Win32,Firefox,Mozilla/5.0 (Windows NT 10.0; Win64; x64; rv:129.0) Gecko/20100101 Firefox/129.0,60,,,,,,,,,,,,,,,,,,,,,,,,,,,,,,,,,,,,,,,,,,,,,,,,,,,,,,,,,,,,,,,,,,,,,,,,,,,,,,,,,,,73,0,73,0,1,,,,,,,,,,,,,,,,,,,,,,,,,,,,,,,,,,,,,,,,,,,,,,,,,,,,,,,,,,,,,,,,,,,,,,,,,,,,,,,,
,,,,,,,,,,,,,,,,,120,4,2024-09-06_13h38.38.181,Symbol-E,2020.1.3,Win32,Firefox,Mozilla/5.0 (Windows NT 10.0; Win64; x64; rv:129.0) Gecko/20100101 Firefox/129.0,60,,,,,,,,,,,,,,,,,,,,,,,,,,,,,,,,,,,,4,4,0,Hand,h,TR,0,0,0,0,8,0,74,0,1,1,0.696539126,h,1.119,4,1,,,,,,,,,,,,,,,,,,h,1,,,,,,,,,,,,,1.119,0,0,0,0,1,,,,,,,,,,,,,,,,,,,,,,,,,,,,,,,,,,,,,,,,,,,,,,,,,,,,,,,,,,,,,,,,,,,,,,,,,,
,,,,,,,,,,,,,,,,,120,4,2024-09-06_13h38.38.181,Symbol-E,2020.1.3,Win32,Firefox,Mozilla/5.0 (Windows NT 10.0; Win64; x64; rv:129.0) Gecko/20100101 Firefox/129.0,60,,,,,,,,,,,,,,,,,,,,,,,,,,,,,,,,,,,,,,,,,,,,,,,,,,,,,,,,,,,,,,,,,,,,,,,,,,,,,,,,,,,74,0,74,0,1,,,,,,,,,,,,,,,,,,,,,,,,,,,,,,,,,,,,,,,,,,,,,,,,,,,,,,,,,,,,,,,,,,,,,,,,,,,,,,,,
,,,,,,,,,,,,,,,,,120,4,2024-09-06_13h38.38.181,Symbol-E,2020.1.3,Win32,Firefox,Mozilla/5.0 (Windows NT 10.0; Win64; x64; rv:129.0) Gecko/20100101 Firefox/129.0,60,,,,,,,,,,,,,,,,,,,,,,,,,,,,,,,,,,,,0,0,0,Hand,a,TR,0,0,0,0,8,0,75,0,1,1,0.048470184,w,1.434,1,0,,,,,,,,,,,,,,,,,,w,0,,,,,,,,,,,,,1.434,0,0,0,0,1,,,,,,,,,,,,,,,,,,,,,,,,,,,,,,,,,,,,,,,,,,,,,,,,,,,,,,,,,,,,,,,,,,,,,,,,,,
,,,,,,,,,,,,,,,,,120,4,2024-09-06_13h38.38.181,Symbol-E,2020.1.3,Win32,Firefox,Mozilla/5.0 (Windows NT 10.0; Win64; x64; rv:129.0) Gecko/20100101 Firefox/129.0,60,,,,,,,,,,,,,,,,,,,,,,,,,,,,,,,,,,,,,,,,,,,,,,,,,,,,,,,,,,,,,,,,,,,,,,,,,,,,,,,,,,,75,0,75,0,1,,,,,,,,,,,,,,,,,,,,,,,,,,,,,,,,,,,,,,,,,,,,,,,,,,,,,,,,,,,,,,,,,,,,,,,,,,,,,,,,
,,,,,,,,,,,,,,,,,120,4,2024-09-06_13h38.38.181,Symbol-E,2020.1.3,Win32,Firefox,Mozilla/5.0 (Windows NT 10.0; Win64; x64; rv:129.0) Gecko/20100101 Firefox/129.0,60,,,,,,,,,,,,,,,,,,,,,,,,,,,,,,,,,,,,0,0,0,Hand,a,TR,0,0,0,0,8,0,76,0,1,1,0.075525836,a,1.43,0,1,,,,,,,,,,,,,,,,,,a,1,,,,,,,,,,,,,1.43,0,0,0,0,1,,,,,,,,,,,,,,,,,,,,,,,,,,,,,,,,,,,,,,,,,,,,,,,,,,,,,,,,,,,,,,,,,,,,,,,,,,
,,,,,,,,,,,,,,,,,120,4,2024-09-06_13h38.38.181,Symbol-E,2020.1.3,Win32,Firefox,Mozilla/5.0 (Windows NT 10.0; Win64; x64; rv:129.0) Gecko/20100101 Firefox/129.0,60,,,,,,,,,,,,,,,,,,,,,,,,,,,,,,,,,,,,,,,,,,,,,,,,,,,,,,,,,,,,,,,,,,,,,,,,,,,,,,,,,,,76,0,76,0,1,,,,,,,,,,,,,,,,,,,,,,,,,,,,,,,,,,,,,,,,,,,,,,,,,,,,,,,,,,,,,,,,,,,,,,,,,,,,,,,,
,,,,,,,,,,,,,,,,,120,4,2024-09-06_13h38.38.181,Symbol-E,2020.1.3,Win32,Firefox,Mozilla/5.0 (Windows NT 10.0; Win64; x64; rv:129.0) Gecko/20100101 Firefox/129.0,60,,,,,,,,,,,,,,,,,,,,,,,,,,,,,,,,,,,,5,5,1,Hand,u,TR,0,0,0,0,8,0,77,0,1,1,0.362486956,u,1.244,5,1,,,,,,,,,,,,,,,,,,u,1,,,,,,,,,,,,,1.244,0,0,0,0,1,,,,,,,,,,,,,,,,,,,,,,,,,,,,,,,,,,,,,,,,,,,,,,,,,,,,,,,,,,,,,,,,,,,,,,,,,,
,,,,,,,,,,,,,,,,,120,4,2024-09-06_13h38.38.181,Symbol-E,2020.1.3,Win32,Firefox,Mozilla/5.0 (Windows NT 10.0; Win64; x64; rv:129.0) Gecko/20100101 Firefox/129.0,60,,,,,,,,,,,,,,,,,,,,,,,,,,,,,,,,,,,,,,,,,,,,,,,,,,,,,,,,,,,,,,,,,,,,,,,,,,,,,,,,,,,77,0,77,0,1,,,,,,,,,,,,,,,,,,,,,,,,,,,,,,,,,,,,,,,,,,,,,,,,,,,,,,,,,,,,,,,,,,,,,,,,,,,,,,,,
,,,,,,,,,,,,,,,,,120,4,2024-09-06_13h38.38.181,Symbol-E,2020.1.3,Win32,Firefox,Mozilla/5.0 (Windows NT 10.0; Win64; x64; rv:129.0) Gecko/20100101 Firefox/129.0,60,,,,,,,,,,,,,,,,,,,,,,,,,,,,,,,,,,,,3,3,3,Hand,f,TR,0,0,0,0,8,0,78,0,1,1,1.001802045,f,1.27,3,1,,,,,,,,,,,,,,,,,,f,1,,,,,,,,,,,,,1.27,0,0,0,0,1,,,,,,,,,,,,,,,,,,,,,,,,,,,,,,,,,,,,,,,,,,,,,,,,,,,,,,,,,,,,,,,,,,,,,,,,,,
,,,,,,,,,,,,,,,,,120,4,2024-09-06_13h38.38.181,Symbol-E,2020.1.3,Win32,Firefox,Mozilla/5.0 (Windows NT 10.0; Win64; x64; rv:129.0) Gecko/20100101 Firefox/129.0,60,,,,,,,,,,,,,,,,,,,,,,,,,,,,,,,,,,,,,,,,,,,,,,,,,,,,,,,,,,,,,,,,,,,,,,,,,,,,,,,,,,,78,0,78,0,1,,,,,,,,,,,,,,,,,,,,,,,,,,,,,,,,,,,,,,,,,,,,,,,,,,,,,,,,,,,,,,,,,,,,,,,,,,,,,,,,
,,,,,,,,,,,,,,,,,120,4,2024-09-06_13h38.38.181,Symbol-E,2020.1.3,Win32,Firefox,Mozilla/5.0 (Windows NT 10.0; Win64; x64; rv:129.0) Gecko/20100101 Firefox/129.0,60,,,,,,,,,,,,,,,,,,,,,,,,,,,,,,,,,,,,2,2,2,Hand,e,TR,0,0,0,0,8,0,79,0,1,1,0.380988983,a,99,8,0,,,,,,,,,,,,,,,,,,,0,h,1.392,0,0,0,0,1,,,,,,,,,,,,,,,,,,,,,,,,,,,,,,,,,,,,,,,,,,,,,,,,,,,,,,,,,,,,,,,,,,,,,,,,,,,,,,,,,,,,,
,,,,,,,,,,,,,,,,,120,4,2024-09-06_13h38.38.181,Symbol-E,2020.1.3,Win32,Firefox,Mozilla/5.0 (Windows NT 10.0; Win64; x64; rv:129.0) Gecko/20100101 Firefox/129.0,60,,,,,,,,,,,,,,,,,,,,,,,,,,,,,,,,,,,,,,,,,,,,,,,,,,,,,,,,,,,,,,,,,,,,,,,,,,,,,,,,,,,79,0,79,0,1,,,,,,,,,,,,,,,,,,,,,,,,,,,,,,,,,,,,,,,,,,,,,,,,,,,,,,,,,,,,,,,,,,,,,,,,,,,,,,,,
,,,,,,,,,,,,,,,,,120,4,2024-09-06_13h38.38.181,Symbol-E,2020.1.3,Win32,Firefox,Mozilla/5.0 (Windows NT 10.0; Win64; x64; rv:129.0) Gecko/20100101 Firefox/129.0,60,,,,,,,,,,,,,,,,,,,,,,,,,,,,,,,,,,,,1,1,1,Hand,w,TR,0,0,0,0,8,0,80,0,1,1,0.889627029,w,1.285,1,1,,,,,,,,,,,,,,,,,,w,1,,,,,,,,,,,,,1.285,0,0,0,0,1,,,,,,,,,,,,,,,,,,,,,,,,,,,,,,,,,,,,,,,,,,,,,,,,,,,,,,,,,,,,,,,,,,,,,,,,,,
,,,,,,,,,,,,,,,,,120,4,2024-09-06_13h38.38.181,Symbol-E,2020.1.3,Win32,Firefox,Mozilla/5.0 (Windows NT 10.0; Win64; x64; rv:129.0) Gecko/20100101 Firefox/129.0,60,,,,,,,,,,,,,,,,,,,,,,,,,,,,,,,,,,,,,,,,,,,,,,,,,,,,,,,,,,,,,,,,,,,,,,,,,,,,,,,,,,,80,0,80,0,1,,,,,,,,,,,,,,,,,,,,,,,,,,,,,,,,,,,,,,,,,,,,,,,,,,,,,,,,,,,,,,,,,,,,,,,,,,,,,,,,
,,,,,,,,,,,,,,,,,120,4,2024-09-06_13h38.38.181,Symbol-E,2020.1.3,Win32,Firefox,Mozilla/5.0 (Windows NT 10.0; Win64; x64; rv:129.0) Gecko/20100101 Firefox/129.0,60,,,,,,,,,,,,,,,,,,,,,,,,,,,,,,,,,,,,1,1,1,Hand,w,TR,0,0,0,0,8,0,81,0,1,1,0.45893481,w,1.193,1,1,,,,,,,,,,,,,,,,,,w,1,,,,,,,,,,,,,1.193,0,0,0,0,1,,,,,,,,,,,,,,,,,,,,,,,,,,,,,,,,,,,,,,,,,,,,,,,,,,,,,,,,,,,,,,,,,,,,,,,,,,
,,,,,,,,,,,,,,,,,120,4,2024-09-06_13h38.38.181,Symbol-E,2020.1.3,Win32,Firefox,Mozilla/5.0 (Windows NT 10.0; Win64; x64; rv:129.0) Gecko/20100101 Firefox/129.0,60,,,,,,,,,,,,,,,,,,,,,,,,,,,,,,,,,,,,,,,,,,,,,,,,,,,,,,,,,,,,,,,,,,,,,,,,,,,,,,,,,,,81,0,81,0,1,,,,,,,,,,,,,,,,,,,,,,,,,,,,,,,,,,,,,,,,,,,,,,,,,,,,,,,,,,,,,,,,,,,,,,,,,,,,,,,,
,,,,,,,,,,,,,,,,,120,4,2024-09-06_13h38.38.181,Symbol-E,2020.1.3,Win32,Firefox,Mozilla/5.0 (Windows NT 10.0; Win64; x64; rv:129.0) Gecko/20100101 Firefox/129.0,60,,,,,,,,,,,,,,,,,,,,,,,,,,,,,,,,,,,,7,7,3,Hand,l,TR,0,0,0,0,8,0,82,0,1,1,0.57988826,l,1.143,7,1,,,,,,,,,,,,,,,,,,l,1,,,,,,,,,,,,,1.143,0,0,0,0,1,,,,,,,,,,,,,,,,,,,,,,,,,,,,,,,,,,,,,,,,,,,,,,,,,,,,,,,,,,,,,,,,,,,,,,,,,,
,,,,,,,,,,,,,,,,,120,4,2024-09-06_13h38.38.181,Symbol-E,2020.1.3,Win32,Firefox,Mozilla/5.0 (Windows NT 10.0; Win64; x64; rv:129.0) Gecko/20100101 Firefox/129.0,60,,,,,,,,,,,,,,,,,,,,,,,,,,,,,,,,,,,,,,,,,,,,,,,,,,,,,,,,,,,,,,,,,,,,,,,,,,,,,,,,,,,82,0,82,0,1,,,,,,,,,,,,,,,,,,,,,,,,,,,,,,,,,,,,,,,,,,,,,,,,,,,,,,,,,,,,,,,,,,,,,,,,,,,,,,,,
,,,,,,,,,,,,,,,,,120,4,2024-09-06_13h38.38.181,Symbol-E,2020.1.3,Win32,Firefox,Mozilla/5.0 (Windows NT 10.0; Win64; x64; rv:129.0) Gecko/20100101 Firefox/129.0,60,,,,,,,,,,,,,,,,,,,,,,,,,,,,,,,,,,,,0,0,0,Hand,a,TR,0,0,0,0,8,0,83,0,1,1,0.075008989,f,1.434,3,0,,,,,,,,,,,,,,,,,,f,0,,,,,,,,,,,,,1.434,0,0,0,0,1,,,,,,,,,,,,,,,,,,,,,,,,,,,,,,,,,,,,,,,,,,,,,,,,,,,,,,,,,,,,,,,,,,,,,,,,,,
,,,,,,,,,,,,,,,,,120,4,2024-09-06_13h38.38.181,Symbol-E,2020.1.3,Win32,Firefox,Mozilla/5.0 (Windows NT 10.0; Win64; x64; rv:129.0) Gecko/20100101 Firefox/129.0,60,,,,,,,,,,,,,,,,,,,,,,,,,,,,,,,,,,,,,,,,,,,,,,,,,,,,,,,,,,,,,,,,,,,,,,,,,,,,,,,,,,,83,0,83,0,1,,,,,,,,,,,,,,,,,,,,,,,,,,,,,,,,,,,,,,,,,,,,,,,,,,,,,,,,,,,,,,,,,,,,,,,,,,,,,,,,
,,,,,,,,,,,,,,,,,120,4,2024-09-06_13h38.38.181,Symbol-E,2020.1.3,Win32,Firefox,Mozilla/5.0 (Windows NT 10.0; Win64; x64; rv:129.0) Gecko/20100101 Firefox/129.0,60,,,,,,,,,,,,,,,,,,,,,,,,,,,,,,,,,,,,6,6,2,Hand,i,TR,0,0,0,0,8,0,84,0,1,1,0.110063254,i,1.444,6,1,,,,,,,,,,,,,,,,,,i,1,,,,,,,,,,,,,1.444,0,0,0,0,1,,,,,,,,,,,,,,,,,,,,,,,,,,,,,,,,,,,,,,,,,,,,,,,,,,,,,,,,,,,,,,,,,,,,,,,,,,
,,,,,,,,,,,,,,,,,120,4,2024-09-06_13h38.38.181,Symbol-E,2020.1.3,Win32,Firefox,Mozilla/5.0 (Windows NT 10.0; Win64; x64; rv:129.0) Gecko/20100101 Firefox/129.0,60,,,,,,,,,,,,,,,,,,,,,,,,,,,,,,,,,,,,,,,,,,,,,,,,,,,,,,,,,,,,,,,,,,,,,,,,,,,,,,,,,,,84,0,84,0,1,,,,,,,,,,,,,,,,,,,,,,,,,,,,,,,,,,,,,,,,,,,,,,,,,,,,,,,,,,,,,,,,,,,,,,,,,,,,,,,,
,,,,,,,,,,,,,,,,,120,4,2024-09-06_13h38.38.181,Symbol-E,2020.1.3,Win32,Firefox,Mozilla/5.0 (Windows NT 10.0; Win64; x64; rv:129.0) Gecko/20100101 Firefox/129.0,60,,,,,,,,,,,,,,,,,,,,,,,,,,,,,,,,,,,,4,4,0,Hand,h,TR,0,0,0,0,8,0,85,0,1,1,0.380337289,h,1.22,4,1,,,,,,,,,,,,,,,,,,h,1,,,,,,,,,,,,,1.22,0,0,0,0,1,,,,,,,,,,,,,,,,,,,,,,,,,,,,,,,,,,,,,,,,,,,,,,,,,,,,,,,,,,,,,,,,,,,,,,,,,,
,,,,,,,,,,,,,,,,,120,4,2024-09-06_13h38.38.181,Symbol-E,2020.1.3,Win32,Firefox,Mozilla/5.0 (Windows NT 10.0; Win64; x64; rv:129.0) Gecko/20100101 Firefox/129.0,60,,,,,,,,,,,,,,,,,,,,,,,,,,,,,,,,,,,,,,,,,,,,,,,,,,,,,,,,,,,,,,,,,,,,,,,,,,,,,,,,,,,85,0,85,0,1,,,,,,,,,,,,,,,,,,,,,,,,,,,,,,,,,,,,,,,,,,,,,,,,,,,,,,,,,,,,,,,,,,,,,,,,,,,,,,,,
,,,,,,,,,,,,,,,,,120,4,2024-09-06_13h38.38.181,Symbol-E,2020.1.3,Win32,Firefox,Mozilla/5.0 (Windows NT 10.0; Win64; x64; rv:129.0) Gecko/20100101 Firefox/129.0,60,,,,,,,,,,,,,,,,,,,,,,,,,,,,,,,,,,,,3,3,3,Hand,f,TR,0,0,0,0,8,0,86,0,1,1,0.8208477,f,1.333,3,1,,,,,,,,,,,,,,,,,,f,1,,,,,,,,,,,,,1.333,0,0,0,0,1,,,,,,,,,,,,,,,,,,,,,,,,,,,,,,,,,,,,,,,,,,,,,,,,,,,,,,,,,,,,,,,,,,,,,,,,,,
,,,,,,,,,,,,,,,,,120,4,2024-09-06_13h38.38.181,Symbol-E,2020.1.3,Win32,Firefox,Mozilla/5.0 (Windows NT 10.0; Win64; x64; rv:129.0) Gecko/20100101 Firefox/129.0,60,,,,,,,,,,,,,,,,,,,,,,,,,,,,,,,,,,,,,,,,,,,,,,,,,,,,,,,,,,,,,,,,,,,,,,,,,,,,,,,,,,,86,0,86,0,1,,,,,,,,,,,,,,,,,,,,,,,,,,,,,,,,,,,,,,,,,,,,,,,,,,,,,,,,,,,,,,,,,,,,,,,,,,,,,,,,
,,,,,,,,,,,,,,,,,120,4,2024-09-06_13h38.38.181,Symbol-E,2020.1.3,Win32,Firefox,Mozilla/5.0 (Windows NT 10.0; Win64; x64; rv:129.0) Gecko/20100101 Firefox/129.0,60,,,,,,,,,,,,,,,,,,,,,,,,,,,,,,,,,,,,2,2,2,Hand,e,TR,0,0,0,0,8,0,87,0,1,1,0.106646832,a,1.392,0,0,,,,,,,,,,,,,,,,,,a,0,,,,,,,,,,,,,1.392,0,0,0,0,1,,,,,,,,,,,,,,,,,,,,,,,,,,,,,,,,,,,,,,,,,,,,,,,,,,,,,,,,,,,,,,,,,,,,,,,,,,
,,,,,,,,,,,,,,,,,120,4,2024-09-06_13h38.38.181,Symbol-E,2020.1.3,Win32,Firefox,Mozilla/5.0 (Windows NT 10.0; Win64; x64; rv:129.0) Gecko/20100101 Firefox/129.0,60,,,,,,,,,,,,,,,,,,,,,,,,,,,,,,,,,,,,,,,,,,,,,,,,,,,,,,,,,,,,,,,,,,,,,,,,,,,,,,,,,,,87,0,87,0,1,,,,,,,,,,,,,,,,,,,,,,,,,,,,,,,,,,,,,,,,,,,,,,,,,,,,,,,,,,,,,,,,,,,,,,,,,,,,,,,,
,,,,,,,,,,,,,,,,,120,4,2024-09-06_13h38.38.181,Symbol-E,2020.1.3,Win32,Firefox,Mozilla/5.0 (Windows NT 10.0; Win64; x64; rv:129.0) Gecko/20100101 Firefox/129.0,60,,,,,,,,,,,,,,,,,,,,,,,,,,,,,,,,,,,,2,2,2,Hand,e,TR,0,0,0,0,8,0,88,0,1,1,0.422190689,e,1.211,2,1,,,,,,,,,,,,,,,,,,e,1,,,,,,,,,,,,,1.211,0,0,0,0,1,,,,,,,,,,,,,,,,,,,,,,,,,,,,,,,,,,,,,,,,,,,,,,,,,,,,,,,,,,,,,,,,,,,,,,,,,,
,,,,,,,,,,,,,,,,,120,4,2024-09-06_13h38.38.181,Symbol-E,2020.1.3,Win32,Firefox,Mozilla/5.0 (Windows NT 10.0; Win64; x64; rv:129.0) Gecko/20100101 Firefox/129.0,60,,,,,,,,,,,,,,,,,,,,,,,,,,,,,,,,,,,,,,,,,,,,,,,,,,,,,,,,,,,,,,,,,,,,,,,,,,,,,,,,,,,88,0,88,0,1,,,,,,,,,,,,,,,,,,,,,,,,,,,,,,,,,,,,,,,,,,,,,,,,,,,,,,,,,,,,,,,,,,,,,,,,,,,,,,,,
,,,,,,,,,,,,,,,,,120,4,2024-09-06_13h38.38.181,Symbol-E,2020.1.3,Win32,Firefox,Mozilla/5.0 (Windows NT 10.0; Win64; x64; rv:129.0) Gecko/20100101 Firefox/129.0,60,,,,,,,,,,,,,,,,,,,,,,,,,,,,,,,,,,,,4,4,0,Hand,h,TR,0,0,0,0,8,0,89,0,1,1,0.708825401,h,1.106,4,1,,,,,,,,,,,,,,,,,,h,1,,,,,,,,,,,,,1.106,0,0,0,0,1,,,,,,,,,,,,,,,,,,,,,,,,,,,,,,,,,,,,,,,,,,,,,,,,,,,,,,,,,,,,,,,,,,,,,,,,,,
,,,,,,,,,,,,,,,,,120,4,2024-09-06_13h38.38.181,Symbol-E,2020.1.3,Win32,Firefox,Mozilla/5.0 (Windows NT 10.0; Win64; x64; rv:129.0) Gecko/20100101 Firefox/129.0,60,,,,,,,,,,,,,,,,,,,,,,,,,,,,,,,,,,,,,,,,,,,,,,,,,,,,,,,,,,,,,,,,,,,,,,,,,,,,,,,,,,,89,0,89,0,1,,,,,,,,,,,,,,,,,,,,,,,,,,,,,,,,,,,,,,,,,,,,,,,,,,,,,,,,,,,,,,,,,,,,,,,,,,,,,,,,
,,,,,,,,,,,,,,,,,120,4,2024-09-06_13h38.38.181,Symbol-E,2020.1.3,Win32,Firefox,Mozilla/5.0 (Windows NT 10.0; Win64; x64; rv:129.0) Gecko/20100101 Firefox/129.0,60,,,,,,,,,,,,,,,,,,,,,,,,,,,,,,,,,,,,5,5,1,Hand,u,TR,0,0,0,0,8,0,90,0,1,1,0.412550233,i,1.438,6,0,,,,,,,,,,,,,,,,,,i,0,,,,,,,,,,,,,1.438,0,0,0,0,1,,,,,,,,,,,,,,,,,,,,,,,,,,,,,,,,,,,,,,,,,,,,,,,,,,,,,,,,,,,,,,,,,,,,,,,,,,
,,,,,,,,,,,,,,,,,120,4,2024-09-06_13h38.38.181,Symbol-E,2020.1.3,Win32,Firefox,Mozilla/5.0 (Windows NT 10.0; Win64; x64; rv:129.0) Gecko/20100101 Firefox/129.0,60,,,,,,,,,,,,,,,,,,,,,,,,,,,,,,,,,,,,,,,,,,,,,,,,,,,,,,,,,,,,,,,,,,,,,,,,,,,,,,,,,,,90,0,90,0,1,,,,,,,,,,,,,,,,,,,,,,,,,,,,,,,,,,,,,,,,,,,,,,,,,,,,,,,,,,,,,,,,,,,,,,,,,,,,,,,,
,,,,,,,,,,,,,,,,,120,4,2024-09-06_13h38.38.181,Symbol-E,2020.1.3,Win32,Firefox,Mozilla/5.0 (Windows NT 10.0; Win64; x64; rv:129.0) Gecko/20100101 Firefox/129.0,60,,,,,,,,,,,,,,,,,,,,,,,,,,,,,,,,,,,,5,5,1,Hand,u,TR,0,0,0,0,8,0,91,0,1,1,1.123538919,h,1.172,4,0,,,,,,,,,,,,,,,,,,h,0,,,,,,,,,,,,,1.172,0,0,0,0,1,,,,,,,,,,,,,,,,,,,,,,,,,,,,,,,,,,,,,,,,,,,,,,,,,,,,,,,,,,,,,,,,,,,,,,,,,,
,,,,,,,,,,,,,,,,,120,4,2024-09-06_13h38.38.181,Symbol-E,2020.1.3,Win32,Firefox,Mozilla/5.0 (Windows NT 10.0; Win64; x64; rv:129.0) Gecko/20100101 Firefox/129.0,60,,,,,,,,,,,,,,,,,,,,,,,,,,,,,,,,,,,,,,,,,,,,,,,,,,,,,,,,,,,,,,,,,,,,,,,,,,,,,,,,,,,91,0,91,0,1,,,,,,,,,,,,,,,,,,,,,,,,,,,,,,,,,,,,,,,,,,,,,,,,,,,,,,,,,,,,,,,,,,,,,,,,,,,,,,,,
,,,,,,,,,,,,,,,,,120,4,2024-09-06_13h38.38.181,Symbol-E,2020.1.3,Win32,Firefox,Mozilla/5.0 (Windows NT 10.0; Win64; x64; rv:129.0) Gecko/20100101 Firefox/129.0,60,,,,,,,,,,,,,,,,,,,,,,,,,,,,,,,,,,,,3,3,3,Hand,f,TR,0,0,0,0,8,0,92,0,1,1,0.925596236,f,1.314,3,1,,,,,,,,,,,,,,,,,,f,1,,,,,,,,,,,,,1.314,0,0,0,0,1,,,,,,,,,,,,,,,,,,,,,,,,,,,,,,,,,,,,,,,,,,,,,,,,,,,,,,,,,,,,,,,,,,,,,,,,,,
,,,,,,,,,,,,,,,,,120,4,2024-09-06_13h38.38.181,Symbol-E,2020.1.3,Win32,Firefox,Mozilla/5.0 (Windows NT 10.0; Win64; x64; rv:129.0) Gecko/20100101 Firefox/129.0,60,,,,,,,,,,,,,,,,,,,,,,,,,,,,,,,,,,,,,,,,,,,,,,,,,,,,,,,,,,,,,,,,,,,,,,,,,,,,,,,,,,,92,0,92,0,1,,,,,,,,,,,,,,,,,,,,,,,,,,,,,,,,,,,,,,,,,,,,,,,,,,,,,,,,,,,,,,,,,,,,,,,,,,,,,,,,
,,,,,,,,,,,,,,,,,120,4,2024-09-06_13h38.38.181,Symbol-E,2020.1.3,Win32,Firefox,Mozilla/5.0 (Windows NT 10.0; Win64; x64; rv:129.0) Gecko/20100101 Firefox/129.0,60,,,,,,,,,,,,,,,,,,,,,,,,,,,,,,,,,,,,7,7,3,Hand,l,TR,0,0,0,0,8,0,93,0,1,1,0.99581218,l,1.297,7,1,,,,,,,,,,,,,,,,,,l,1,,,,,,,,,,,,,1.297,0,0,0,0,1,,,,,,,,,,,,,,,,,,,,,,,,,,,,,,,,,,,,,,,,,,,,,,,,,,,,,,,,,,,,,,,,,,,,,,,,,,
,,,,,,,,,,,,,,,,,120,4,2024-09-06_13h38.38.181,Symbol-E,2020.1.3,Win32,Firefox,Mozilla/5.0 (Windows NT 10.0; Win64; x64; rv:129.0) Gecko/20100101 Firefox/129.0,60,,,,,,,,,,,,,,,,,,,,,,,,,,,,,,,,,,,,,,,,,,,,,,,,,,,,,,,,,,,,,,,,,,,,,,,,,,,,,,,,,,,93,0,93,0,1,,,,,,,,,,,,,,,,,,,,,,,,,,,,,,,,,,,,,,,,,,,,,,,,,,,,,,,,,,,,,,,,,,,,,,,,,,,,,,,,
,,,,,,,,,,,,,,,,,120,4,2024-09-06_13h38.38.181,Symbol-E,2020.1.3,Win32,Firefox,Mozilla/5.0 (Windows NT 10.0; Win64; x64; rv:129.0) Gecko/20100101 Firefox/129.0,60,,,,,,,,,,,,,,,,,,,,,,,,,,,,,,,,,,,,0,0,0,Hand,a,TR,0,0,0,0,8,0,94,0,1,1,0.509708854,a,1.403,0,1,,,,,,,,,,,,,,,,,,a,1,,,,,,,,,,,,,1.403,0,0,0,0,1,,,,,,,,,,,,,,,,,,,,,,,,,,,,,,,,,,,,,,,,,,,,,,,,,,,,,,,,,,,,,,,,,,,,,,,,,,
,,,,,,,,,,,,,,,,,120,4,2024-09-06_13h38.38.181,Symbol-E,2020.1.3,Win32,Firefox,Mozilla/5.0 (Windows NT 10.0; Win64; x64; rv:129.0) Gecko/20100101 Firefox/129.0,60,,,,,,,,,,,,,,,,,,,,,,,,,,,,,,,,,,,,,,,,,,,,,,,,,,,,,,,,,,,,,,,,,,,,,,,,,,,,,,,,,,,94,0,94,0,1,,,,,,,,,,,,,,,,,,,,,,,,,,,,,,,,,,,,,,,,,,,,,,,,,,,,,,,,,,,,,,,,,,,,,,,,,,,,,,,,
,,,,,,,,,,,,,,,,,120,4,2024-09-06_13h38.38.181,Symbol-E,2020.1.3,Win32,Firefox,Mozilla/5.0 (Windows NT 10.0; Win64; x64; rv:129.0) Gecko/20100101 Firefox/129.0,60,,,,,,,,,,,,,,,,,,,,,,,,,,,,,,,,,,,,6,6,2,Hand,i,TR,0,0,0,0,8,0,95,0,1,1,1.042636635,i,1.241,6,1,,,,,,,,,,,,,,,,,,i,1,,,,,,,,,,,,,1.241,0,0,0,0,1,,,,,,,,,,,,,,,,,,,,,,,,,,,,,,,,,,,,,,,,,,,,,,,,,,,,,,,,,,,,,,,,,,,,,,,,,,
,,,,,,,,,,,,,,,,,120,4,2024-09-06_13h38.38.181,Symbol-E,2020.1.3,Win32,Firefox,Mozilla/5.0 (Windows NT 10.0; Win64; x64; rv:129.0) Gecko/20100101 Firefox/129.0,60,,,,,,,,,,,,,,,,,,,,,,,,,,,,,,,,,,,,,,,,,,,,,,,,,,,,,,,,,,,,,,,,,,,,,,,,,,,,,,,,,,,95,0,95,0,1,,,,,,,,,,,,,,,,,,,,,,,,,,,,,,,,,,,,,,,,,,,,,,,,,,,,,,,,,,,,,,,,,,,,,,,,,,,,,,,,
,,,,,,,,,,,,,,,,,120,4,2024-09-06_13h38.38.181,Symbol-E,2020.1.3,Win32,Firefox,Mozilla/5.0 (Windows NT 10.0; Win64; x64; rv:129.0) Gecko/20100101 Firefox/129.0,60,,,,,,,,,,,,,,,,,,,,,,,,,,,,,,,,,,,,,,,,,,,,,,,,,,,,,,,,,,,,,,,,,,,,,,,,,,,,,,,,,,,,,,,,,,,,,,0,0,0,0,1,,,,,,,,,,,,,,,,,,,,,,,,,,,,,,,,,,,,,,,,,,,,,,,,,,,,,,,,,,,,,,,,,,,,,
,,,,,,,,,,,,,,,,,120,4,2024-09-06_13h38.38.181,Symbol-E,2020.1.3,Win32,Firefox,Mozilla/5.0 (Windows NT 10.0; Win64; x64; rv:129.0) Gecko/20100101 Firefox/129.0,60,,,,,,,,,,,,,,,,,,,,,,,,,,,,,,,,,,,,3,3,3,Hand,f,TR,0,0,0,0,8,0,0,0,1,2,0.167207727,f,1.407,3,1,,,,,,,,,,,,,,,,h,0.99,f,1,,,,,,,,,,,,,1.407,0,0,0,0,1,,,,,,,,,,,,,,,,,,,,,,,,,,,,,,,,,,,,,,,,,,,,,,,,,,,,,,,,,,,,,,,,,,,,,,,,,,
,,,,,,,,,,,,,,,,,120,4,2024-09-06_13h38.38.181,Symbol-E,2020.1.3,Win32,Firefox,Mozilla/5.0 (Windows NT 10.0; Win64; x64; rv:129.0) Gecko/20100101 Firefox/129.0,60,,,,,,,,,,,,,,,,,,,,,,,,,,,,,,,,,,,,,,,,,,,,,,,,,,,,,,,,,,,,,,,,,,,,,,,,,,,,,,,,,,,0,0,0,0,1,,,,,,,,,,,,,,,,,,,,,,,,,,,,,,,,,,,,,,,,,,,,,,,,,,,,,,,,,,,,,,,,,,,,,,,,,,,,,,,,
,,,,,,,,,,,,,,,,,120,4,2024-09-06_13h38.38.181,Symbol-E,2020.1.3,Win32,Firefox,Mozilla/5.0 (Windows NT 10.0; Win64; x64; rv:129.0) Gecko/20100101 Firefox/129.0,60,,,,,,,,,,,,,,,,,,,,,,,,,,,,,,,,,,,,2,2,2,Hand,e,TR,0,0,0,0,8,0,1,0,1,2,0.053424491,a,99,8,0,,,,,,,,,,,,,,,,,,,0,h,0.067,0,0,0,0,1,,,,,,,,,,,,,,,,,,,,,,,,,,,,,,,,,,,,,,,,,,,,,,,,,,,,,,,,,,,,,,,,,,,,,,,,,,,,,,,,,,,,,
,,,,,,,,,,,,,,,,,120,4,2024-09-06_13h38.38.181,Symbol-E,2020.1.3,Win32,Firefox,Mozilla/5.0 (Windows NT 10.0; Win64; x64; rv:129.0) Gecko/20100101 Firefox/129.0,60,,,,,,,,,,,,,,,,,,,,,,,,,,,,,,,,,,,,,,,,,,,,,,,,,,,,,,,,,,,,,,,,,,,,,,,,,,,,,,,,,,,1,0,1,0,1,,,,,,,,,,,,,,,,,,,,,,,,,,,,,,,,,,,,,,,,,,,,,,,,,,,,,,,,,,,,,,,,,,,,,,,,,,,,,,,,
,,,,,,,,,,,,,,,,,120,4,2024-09-06_13h38.38.181,Symbol-E,2020.1.3,Win32,Firefox,Mozilla/5.0 (Windows NT 10.0; Win64; x64; rv:129.0) Gecko/20100101 Firefox/129.0,60,,,,,,,,,,,,,,,,,,,,,,,,,,,,,,,,,,,,4,4,0,Hand,h,TR,0,0,0,0,8,0,2,0,1,2,0.571635946,h,1.136,4,1,,,,,,,,,,,,,,,,,,h,1,,,,,,,,,,,,,1.136,0,0,0,0,1,,,,,,,,,,,,,,,,,,,,,,,,,,,,,,,,,,,,,,,,,,,,,,,,,,,,,,,,,,,,,,,,,,,,,,,,,,
,,,,,,,,,,,,,,,,,120,4,2024-09-06_13h38.38.181,Symbol-E,2020.1.3,Win32,Firefox,Mozilla/5.0 (Windows NT 10.0; Win64; x64; rv:129.0) Gecko/20100101 Firefox/129.0,60,,,,,,,,,,,,,,,,,,,,,,,,,,,,,,,,,,,,,,,,,,,,,,,,,,,,,,,,,,,,,,,,,,,,,,,,,,,,,,,,,,,2,0,2,0,1,,,,,,,,,,,,,,,,,,,,,,,,,,,,,,,,,,,,,,,,,,,,,,,,,,,,,,,,,,,,,,,,,,,,,,,,,,,,,,,,
,,,,,,,,,,,,,,,,,120,4,2024-09-06_13h38.38.181,Symbol-E,2020.1.3,Win32,Firefox,Mozilla/5.0 (Windows NT 10.0; Win64; x64; rv:129.0) Gecko/20100101 Firefox/129.0,60,,,,,,,,,,,,,,,,,,,,,,,,,,,,,,,,,,,,2,2,2,Hand,e,TR,0,0,0,0,8,0,3,0,1,2,0.406902949,w,1.367,1,0,,,,,,,,,,,,,,,,,,w,0,,,,,,,,,,,,,1.367,0,0,0,0,1,,,,,,,,,,,,,,,,,,,,,,,,,,,,,,,,,,,,,,,,,,,,,,,,,,,,,,,,,,,,,,,,,,,,,,,,,,
,,,,,,,,,,,,,,,,,120,4,2024-09-06_13h38.38.181,Symbol-E,2020.1.3,Win32,Firefox,Mozilla/5.0 (Windows NT 10.0; Win64; x64; rv:129.0) Gecko/20100101 Firefox/129.0,60,,,,,,,,,,,,,,,,,,,,,,,,,,,,,,,,,,,,,,,,,,,,,,,,,,,,,,,,,,,,,,,,,,,,,,,,,,,,,,,,,,,3,0,3,0,1,,,,,,,,,,,,,,,,,,,,,,,,,,,,,,,,,,,,,,,,,,,,,,,,,,,,,,,,,,,,,,,,,,,,,,,,,,,,,,,,
,,,,,,,,,,,,,,,,,120,4,2024-09-06_13h38.38.181,Symbol-E,2020.1.3,Win32,Firefox,Mozilla/5.0 (Windows NT 10.0; Win64; x64; rv:129.0) Gecko/20100101 Firefox/129.0,60,,,,,,,,,,,,,,,,,,,,,,,,,,,,,,,,,,,,7,7,3,Hand,l,TR,0,0,0,0,8,0,4,0,1,2,0.85522665,h,1.277,4,0,,,,,,,,,,,,,,,,,,h,0,,,,,,,,,,,,,1.277,0,0,0,0,1,,,,,,,,,,,,,,,,,,,,,,,,,,,,,,,,,,,,,,,,,,,,,,,,,,,,,,,,,,,,,,,,,,,,,,,,,,
,,,,,,,,,,,,,,,,,120,4,2024-09-06_13h38.38.181,Symbol-E,2020.1.3,Win32,Firefox,Mozilla/5.0 (Windows NT 10.0; Win64; x64; rv:129.0) Gecko/20100101 Firefox/129.0,60,,,,,,,,,,,,,,,,,,,,,,,,,,,,,,,,,,,,,,,,,,,,,,,,,,,,,,,,,,,,,,,,,,,,,,,,,,,,,,,,,,,4,0,4,0,1,,,,,,,,,,,,,,,,,,,,,,,,,,,,,,,,,,,,,,,,,,,,,,,,,,,,,,,,,,,,,,,,,,,,,,,,,,,,,,,,
,,,,,,,,,,,,,,,,,120,4,2024-09-06_13h38.38.181,Symbol-E,2020.1.3,Win32,Firefox,Mozilla/5.0 (Windows NT 10.0; Win64; x64; rv:129.0) Gecko/20100101 Firefox/129.0,60,,,,,,,,,,,,,,,,,,,,,,,,,,,,,,,,,,,,6,6,2,Hand,i,TR,0,0,0,0,8,0,5,0,1,2,0.879539479,i,1.222,6,1,,,,,,,,,,,,,,,,,,i,1,,,,,,,,,,,,,1.222,0,0,0,0,1,,,,,,,,,,,,,,,,,,,,,,,,,,,,,,,,,,,,,,,,,,,,,,,,,,,,,,,,,,,,,,,,,,,,,,,,,,
,,,,,,,,,,,,,,,,,120,4,2024-09-06_13h38.38.181,Symbol-E,2020.1.3,Win32,Firefox,Mozilla/5.0 (Windows NT 10.0; Win64; x64; rv:129.0) Gecko/20100101 Firefox/129.0,60,,,,,,,,,,,,,,,,,,,,,,,,,,,,,,,,,,,,,,,,,,,,,,,,,,,,,,,,,,,,,,,,,,,,,,,,,,,,,,,,,,,5,0,5,0,1,,,,,,,,,,,,,,,,,,,,,,,,,,,,,,,,,,,,,,,,,,,,,,,,,,,,,,,,,,,,,,,,,,,,,,,,,,,,,,,,
,,,,,,,,,,,,,,,,,120,4,2024-09-06_13h38.38.181,Symbol-E,2020.1.3,Win32,Firefox,Mozilla/5.0 (Windows NT 10.0; Win64; x64; rv:129.0) Gecko/20100101 Firefox/129.0,60,,,,,,,,,,,,,,,,,,,,,,,,,,,,,,,,,,,,1,1,1,Hand,w,TR,0,0,0,0,8,0,6,0,1,2,0.171492287,w,1.413,1,1,,,,,,,,,,,,,,,,,,w,1,,,,,,,,,,,,,1.413,0,0,0,0,1,,,,,,,,,,,,,,,,,,,,,,,,,,,,,,,,,,,,,,,,,,,,,,,,,,,,,,,,,,,,,,,,,,,,,,,,,,
,,,,,,,,,,,,,,,,,120,4,2024-09-06_13h38.38.181,Symbol-E,2020.1.3,Win32,Firefox,Mozilla/5.0 (Windows NT 10.0; Win64; x64; rv:129.0) Gecko/20100101 Firefox/129.0,60,,,,,,,,,,,,,,,,,,,,,,,,,,,,,,,,,,,,,,,,,,,,,,,,,,,,,,,,,,,,,,,,,,,,,,,,,,,,,,,,,,,6,0,6,0,1,,,,,,,,,,,,,,,,,,,,,,,,,,,,,,,,,,,,,,,,,,,,,,,,,,,,,,,,,,,,,,,,,,,,,,,,,,,,,,,,
,,,,,,,,,,,,,,,,,120,4,2024-09-06_13h38.38.181,Symbol-E,2020.1.3,Win32,Firefox,Mozilla/5.0 (Windows NT 10.0; Win64; x64; rv:129.0) Gecko/20100101 Firefox/129.0,60,,,,,,,,,,,,,,,,,,,,,,,,,,,,,,,,,,,,6,6,2,Hand,i,TR,0,0,0,0,8,0,7,0,1,2,0.645112778,i,1.269,6,1,,,,,,,,,,,,,,,,,,i,1,,,,,,,,,,,,,1.269,0,0,0,0,1,,,,,,,,,,,,,,,,,,,,,,,,,,,,,,,,,,,,,,,,,,,,,,,,,,,,,,,,,,,,,,,,,,,,,,,,,,
,,,,,,,,,,,,,,,,,120,4,2024-09-06_13h38.38.181,Symbol-E,2020.1.3,Win32,Firefox,Mozilla/5.0 (Windows NT 10.0; Win64; x64; rv:129.0) Gecko/20100101 Firefox/129.0,60,,,,,,,,,,,,,,,,,,,,,,,,,,,,,,,,,,,,,,,,,,,,,,,,,,,,,,,,,,,,,,,,,,,,,,,,,,,,,,,,,,,7,0,7,0,1,,,,,,,,,,,,,,,,,,,,,,,,,,,,,,,,,,,,,,,,,,,,,,,,,,,,,,,,,,,,,,,,,,,,,,,,,,,,,,,,
,,,,,,,,,,,,,,,,,120,4,2024-09-06_13h38.38.181,Symbol-E,2020.1.3,Win32,Firefox,Mozilla/5.0 (Windows NT 10.0; Win64; x64; rv:129.0) Gecko/20100101 Firefox/129.0,60,,,,,,,,,,,,,,,,,,,,,,,,,,,,,,,,,,,,5,5,1,Hand,u,TR,0,0,0,0,8,0,8,0,1,2,1.082423937,u,1.2,5,1,,,,,,,,,,,,,,,,,,u,1,,,,,,,,,,,,,1.2,0,0,0,0,1,,,,,,,,,,,,,,,,,,,,,,,,,,,,,,,,,,,,,,,,,,,,,,,,,,,,,,,,,,,,,,,,,,,,,,,,,,
,,,,,,,,,,,,,,,,,120,4,2024-09-06_13h38.38.181,Symbol-E,2020.1.3,Win32,Firefox,Mozilla/5.0 (Windows NT 10.0; Win64; x64; rv:129.0) Gecko/20100101 Firefox/129.0,60,,,,,,,,,,,,,,,,,,,,,,,,,,,,,,,,,,,,,,,,,,,,,,,,,,,,,,,,,,,,,,,,,,,,,,,,,,,,,,,,,,,8,0,8,0,1,,,,,,,,,,,,,,,,,,,,,,,,,,,,,,,,,,,,,,,,,,,,,,,,,,,,,,,,,,,,,,,,,,,,,,,,,,,,,,,,
,,,,,,,,,,,,,,,,,120,4,2024-09-06_13h38.38.181,Symbol-E,2020.1.3,Win32,Firefox,Mozilla/5.0 (Windows NT 10.0; Win64; x64; rv:129.0) Gecko/20100101 Firefox/129.0,60,,,,,,,,,,,,,,,,,,,,,,,,,,,,,,,,,,,,5,5,1,Hand,u,TR,0,0,0,0,8,0,9,0,1,2,0.562490272,u,1.335,5,1,,,,,,,,,,,,,,,,,,u,1,,,,,,,,,,,,,1.335,0,0,0,0,1,,,,,,,,,,,,,,,,,,,,,,,,,,,,,,,,,,,,,,,,,,,,,,,,,,,,,,,,,,,,,,,,,,,,,,,,,,
,,,,,,,,,,,,,,,,,120,4,2024-09-06_13h38.38.181,Symbol-E,2020.1.3,Win32,Firefox,Mozilla/5.0 (Windows NT 10.0; Win64; x64; rv:129.0) Gecko/20100101 Firefox/129.0,60,,,,,,,,,,,,,,,,,,,,,,,,,,,,,,,,,,,,,,,,,,,,,,,,,,,,,,,,,,,,,,,,,,,,,,,,,,,,,,,,,,,9,0,9,0,1,,,,,,,,,,,,,,,,,,,,,,,,,,,,,,,,,,,,,,,,,,,,,,,,,,,,,,,,,,,,,,,,,,,,,,,,,,,,,,,,
,,,,,,,,,,,,,,,,,120,4,2024-09-06_13h38.38.181,Symbol-E,2020.1.3,Win32,Firefox,Mozilla/5.0 (Windows NT 10.0; Win64; x64; rv:129.0) Gecko/20100101 Firefox/129.0,60,,,,,,,,,,,,,,,,,,,,,,,,,,,,,,,,,,,,0,0,0,Hand,a,TR,0,0,0,0,8,0,10,0,1,2,0.975226204,a,1.269,0,1,,,,,,,,,,,,,,,,,,a,1,,,,,,,,,,,,,1.269,0,0,0,0,1,,,,,,,,,,,,,,,,,,,,,,,,,,,,,,,,,,,,,,,,,,,,,,,,,,,,,,,,,,,,,,,,,,,,,,,,,,
,,,,,,,,,,,,,,,,,120,4,2024-09-06_13h38.38.181,Symbol-E,2020.1.3,Win32,Firefox,Mozilla/5.0 (Windows NT 10.0; Win64; x64; rv:129.0) Gecko/20100101 Firefox/129.0,60,,,,,,,,,,,,,,,,,,,,,,,,,,,,,,,,,,,,,,,,,,,,,,,,,,,,,,,,,,,,,,,,,,,,,,,,,,,,,,,,,,,10,0,10,0,1,,,,,,,,,,,,,,,,,,,,,,,,,,,,,,,,,,,,,,,,,,,,,,,,,,,,,,,,,,,,,,,,,,,,,,,,,,,,,,,,
,,,,,,,,,,,,,,,,,120,4,2024-09-06_13h38.38.181,Symbol-E,2020.1.3,Win32,Firefox,Mozilla/5.0 (Windows NT 10.0; Win64; x64; rv:129.0) Gecko/20100101 Firefox/129.0,60,,,,,,,,,,,,,,,,,,,,,,,,,,,,,,,,,,,,4,4,0,Hand,h,TR,0,0,0,0,8,0,11,0,1,2,0.960349592,h,1.242,4,1,,,,,,,,,,,,,,,,,,h,1,,,,,,,,,,,,,1.242,0,0,0,0,1,,,,,,,,,,,,,,,,,,,,,,,,,,,,,,,,,,,,,,,,,,,,,,,,,,,,,,,,,,,,,,,,,,,,,,,,,,
,,,,,,,,,,,,,,,,,120,4,2024-09-06_13h38.38.181,Symbol-E,2020.1.3,Win32,Firefox,Mozilla/5.0 (Windows NT 10.0; Win64; x64; rv:129.0) Gecko/20100101 Firefox/129.0,60,,,,,,,,,,,,,,,,,,,,,,,,,,,,,,,,,,,,,,,,,,,,,,,,,,,,,,,,,,,,,,,,,,,,,,,,,,,,,,,,,,,11,0,11,0,1,,,,,,,,,,,,,,,,,,,,,,,,,,,,,,,,,,,,,,,,,,,,,,,,,,,,,,,,,,,,,,,,,,,,,,,,,,,,,,,,
,,,,,,,,,,,,,,,,,120,4,2024-09-06_13h38.38.181,Symbol-E,2020.1.3,Win32,Firefox,Mozilla/5.0 (Windows NT 10.0; Win64; x64; rv:129.0) Gecko/20100101 Firefox/129.0,60,,,,,,,,,,,,,,,,,,,,,,,,,,,,,,,,,,,,0,0,0,Hand,a,TR,0,0,0,0,8,0,12,0,1,2,0.862296096,a,1.385,0,1,,,,,,,,,,,,,,,,,,a,1,,,,,,,,,,,,,1.385,0,0,0,0,1,,,,,,,,,,,,,,,,,,,,,,,,,,,,,,,,,,,,,,,,,,,,,,,,,,,,,,,,,,,,,,,,,,,,,,,,,,
,,,,,,,,,,,,,,,,,120,4,2024-09-06_13h38.38.181,Symbol-E,2020.1.3,Win32,Firefox,Mozilla/5.0 (Windows NT 10.0; Win64; x64; rv:129.0) Gecko/20100101 Firefox/129.0,60,,,,,,,,,,,,,,,,,,,,,,,,,,,,,,,,,,,,,,,,,,,,,,,,,,,,,,,,,,,,,,,,,,,,,,,,,,,,,,,,,,,12,0,12,0,1,,,,,,,,,,,,,,,,,,,,,,,,,,,,,,,,,,,,,,,,,,,,,,,,,,,,,,,,,,,,,,,,,,,,,,,,,,,,,,,,
,,,,,,,,,,,,,,,,,120,4,2024-09-06_13h38.38.181,Symbol-E,2020.1.3,Win32,Firefox,Mozilla/5.0 (Windows NT 10.0; Win64; x64; rv:129.0) Gecko/20100101 Firefox/129.0,60,,,,,,,,,,,,,,,,,,,,,,,,,,,,,,,,,,,,3,3,3,Hand,f,TR,0,0,0,0,8,0,13,0,1,2,0.337754678,f,1.316,3,1,,,,,,,,,,,,,,,,,,f,1,,,,,,,,,,,,,1.316,0,0,0,0,1,,,,,,,,,,,,,,,,,,,,,,,,,,,,,,,,,,,,,,,,,,,,,,,,,,,,,,,,,,,,,,,,,,,,,,,,,,
,,,,,,,,,,,,,,,,,120,4,2024-09-06_13h38.38.181,Symbol-E,2020.1.3,Win32,Firefox,Mozilla/5.0 (Windows NT 10.0; Win64; x64; rv:129.0) Gecko/20100101 Firefox/129.0,60,,,,,,,,,,,,,,,,,,,,,,,,,,,,,,,,,,,,,,,,,,,,,,,,,,,,,,,,,,,,,,,,,,,,,,,,,,,,,,,,,,,13,0,13,0,1,,,,,,,,,,,,,,,,,,,,,,,,,,,,,,,,,,,,,,,,,,,,,,,,,,,,,,,,,,,,,,,,,,,,,,,,,,,,,,,,
,,,,,,,,,,,,,,,,,120,4,2024-09-06_13h38.38.181,Symbol-E,2020.1.3,Win32,Firefox,Mozilla/5.0 (Windows NT 10.0; Win64; x64; rv:129.0) Gecko/20100101 Firefox/129.0,60,,,,,,,,,,,,,,,,,,,,,,,,,,,,,,,,,,,,1,1,1,Hand,w,TR,0,0,0,0,8,0,14,0,1,2,1.122143032,w,1.355,1,1,,,,,,,,,,,,,,,,,,w,1,,,,,,,,,,,,,1.355,0,0,0,0,1,,,,,,,,,,,,,,,,,,,,,,,,,,,,,,,,,,,,,,,,,,,,,,,,,,,,,,,,,,,,,,,,,,,,,,,,,,
,,,,,,,,,,,,,,,,,120,4,2024-09-06_13h38.38.181,Symbol-E,2020.1.3,Win32,Firefox,Mozilla/5.0 (Windows NT 10.0; Win64; x64; rv:129.0) Gecko/20100101 Firefox/129.0,60,,,,,,,,,,,,,,,,,,,,,,,,,,,,,,,,,,,,,,,,,,,,,,,,,,,,,,,,,,,,,,,,,,,,,,,,,,,,,,,,,,,14,0,14,0,1,,,,,,,,,,,,,,,,,,,,,,,,,,,,,,,,,,,,,,,,,,,,,,,,,,,,,,,,,,,,,,,,,,,,,,,,,,,,,,,,
,,,,,,,,,,,,,,,,,120,4,2024-09-06_13h38.38.181,Symbol-E,2020.1.3,Win32,Firefox,Mozilla/5.0 (Windows NT 10.0; Win64; x64; rv:129.0) Gecko/20100101 Firefox/129.0,60,,,,,,,,,,,,,,,,,,,,,,,,,,,,,,,,,,,,7,7,3,Hand,l,TR,0,0,0,0,8,0,15,0,1,2,0.537287493,l,1.392,7,1,,,,,,,,,,,,,,,,,,l,1,,,,,,,,,,,,,1.392,0,0,0,0,1,,,,,,,,,,,,,,,,,,,,,,,,,,,,,,,,,,,,,,,,,,,,,,,,,,,,,,,,,,,,,,,,,,,,,,,,,,
,,,,,,,,,,,,,,,,,120,4,2024-09-06_13h38.38.181,Symbol-E,2020.1.3,Win32,Firefox,Mozilla/5.0 (Windows NT 10.0; Win64; x64; rv:129.0) Gecko/20100101 Firefox/129.0,60,,,,,,,,,,,,,,,,,,,,,,,,,,,,,,,,,,,,,,,,,,,,,,,,,,,,,,,,,,,,,,,,,,,,,,,,,,,,,,,,,,,15,0,15,0,1,,,,,,,,,,,,,,,,,,,,,,,,,,,,,,,,,,,,,,,,,,,,,,,,,,,,,,,,,,,,,,,,,,,,,,,,,,,,,,,,
,,,,,,,,,,,,,,,,,120,4,2024-09-06_13h38.38.181,Symbol-E,2020.1.3,Win32,Firefox,Mozilla/5.0 (Windows NT 10.0; Win64; x64; rv:129.0) Gecko/20100101 Firefox/129.0,60,,,,,,,,,,,,,,,,,,,,,,,,,,,,,,,,,,,,2,2,2,Hand,e,TR,0,0,0,0,8,0,16,0,1,2,0.560530956,f,1.293,3,0,,,,,,,,,,,,,,,,,,f,0,,,,,,,,,,,,,1.293,0,0,0,0,1,,,,,,,,,,,,,,,,,,,,,,,,,,,,,,,,,,,,,,,,,,,,,,,,,,,,,,,,,,,,,,,,,,,,,,,,,,
,,,,,,,,,,,,,,,,,120,4,2024-09-06_13h38.38.181,Symbol-E,2020.1.3,Win32,Firefox,Mozilla/5.0 (Windows NT 10.0; Win64; x64; rv:129.0) Gecko/20100101 Firefox/129.0,60,,,,,,,,,,,,,,,,,,,,,,,,,,,,,,,,,,,,,,,,,,,,,,,,,,,,,,,,,,,,,,,,,,,,,,,,,,,,,,,,,,,16,0,16,0,1,,,,,,,,,,,,,,,,,,,,,,,,,,,,,,,,,,,,,,,,,,,,,,,,,,,,,,,,,,,,,,,,,,,,,,,,,,,,,,,,
,,,,,,,,,,,,,,,,,120,4,2024-09-06_13h38.38.181,Symbol-E,2020.1.3,Win32,Firefox,Mozilla/5.0 (Windows NT 10.0; Win64; x64; rv:129.0) Gecko/20100101 Firefox/129.0,60,,,,,,,,,,,,,,,,,,,,,,,,,,,,,,,,,,,,0,0,0,Hand,a,TR,0,0,0,0,8,0,17,0,1,2,0.22749727,a,1.415,0,1,,,,,,,,,,,,,,,,,,a,1,,,,,,,,,,,,,1.415,0,0,0,0,1,,,,,,,,,,,,,,,,,,,,,,,,,,,,,,,,,,,,,,,,,,,,,,,,,,,,,,,,,,,,,,,,,,,,,,,,,,
,,,,,,,,,,,,,,,,,120,4,2024-09-06_13h38.38.181,Symbol-E,2020.1.3,Win32,Firefox,Mozilla/5.0 (Windows NT 10.0; Win64; x64; rv:129.0) Gecko/20100101 Firefox/129.0,60,,,,,,,,,,,,,,,,,,,,,,,,,,,,,,,,,,,,,,,,,,,,,,,,,,,,,,,,,,,,,,,,,,,,,,,,,,,,,,,,,,,17,0,17,0,1,,,,,,,,,,,,,,,,,,,,,,,,,,,,,,,,,,,,,,,,,,,,,,,,,,,,,,,,,,,,,,,,,,,,,,,,,,,,,,,,
,,,,,,,,,,,,,,,,,120,4,2024-09-06_13h38.38.181,Symbol-E,2020.1.3,Win32,Firefox,Mozilla/5.0 (Windows NT 10.0; Win64; x64; rv:129.0) Gecko/20100101 Firefox/129.0,60,,,,,,,,,,,,,,,,,,,,,,,,,,,,,,,,,,,,7,7,3,Hand,l,TR,0,0,0,0,8,0,18,0,1,2,0.145746618,a,99,8,0,,,,,,,,,,,,,,,,,,,0,h,0.514,0,0,0,0,1,,,,,,,,,,,,,,,,,,,,,,,,,,,,,,,,,,,,,,,,,,,,,,,,,,,,,,,,,,,,,,,,,,,,,,,,,,,,,,,,,,,,,
,,,,,,,,,,,,,,,,,120,4,2024-09-06_13h38.38.181,Symbol-E,2020.1.3,Win32,Firefox,Mozilla/5.0 (Windows NT 10.0; Win64; x64; rv:129.0) Gecko/20100101 Firefox/129.0,60,,,,,,,,,,,,,,,,,,,,,,,,,,,,,,,,,,,,,,,,,,,,,,,,,,,,,,,,,,,,,,,,,,,,,,,,,,,,,,,,,,,18,0,18,0,1,,,,,,,,,,,,,,,,,,,,,,,,,,,,,,,,,,,,,,,,,,,,,,,,,,,,,,,,,,,,,,,,,,,,,,,,,,,,,,,,
,,,,,,,,,,,,,,,,,120,4,2024-09-06_13h38.38.181,Symbol-E,2020.1.3,Win32,Firefox,Mozilla/5.0 (Windows NT 10.0; Win64; x64; rv:129.0) Gecko/20100101 Firefox/129.0,60,,,,,,,,,,,,,,,,,,,,,,,,,,,,,,,,,,,,3,3,3,Hand,f,TR,0,0,0,0,8,0,19,0,1,2,0.373763004,a,99,8,0,,,,,,,,,,,,,,,,,,,0,h,0.965,0,0,0,0,1,,,,,,,,,,,,,,,,,,,,,,,,,,,,,,,,,,,,,,,,,,,,,,,,,,,,,,,,,,,,,,,,,,,,,,,,,,,,,,,,,,,,,
,,,,,,,,,,,,,,,,,120,4,2024-09-06_13h38.38.181,Symbol-E,2020.1.3,Win32,Firefox,Mozilla/5.0 (Windows NT 10.0; Win64; x64; rv:129.0) Gecko/20100101 Firefox/129.0,60,,,,,,,,,,,,,,,,,,,,,,,,,,,,,,,,,,,,,,,,,,,,,,,,,,,,,,,,,,,,,,,,,,,,,,,,,,,,,,,,,,,19,0,19,0,1,,,,,,,,,,,,,,,,,,,,,,,,,,,,,,,,,,,,,,,,,,,,,,,,,,,,,,,,,,,,,,,,,,,,,,,,,,,,,,,,
,,,,,,,,,,,,,,,,,120,4,2024-09-06_13h38.38.181,Symbol-E,2020.1.3,Win32,Firefox,Mozilla/5.0 (Windows NT 10.0; Win64; x64; rv:129.0) Gecko/20100101 Firefox/129.0,60,,,,,,,,,,,,,,,,,,,,,,,,,,,,,,,,,,,,5,5,1,Hand,u,TR,0,0,0,0,8,0,20,0,1,2,0.617855216,i,1.057,6,0,,,,,,,,,,,,,,,,,,i,0,,,,,,,,,,,,,1.057,0,0,0,0,1,,,,,,,,,,,,,,,,,,,,,,,,,,,,,,,,,,,,,,,,,,,,,,,,,,,,,,,,,,,,,,,,,,,,,,,,,,
,,,,,,,,,,,,,,,,,120,4,2024-09-06_13h38.38.181,Symbol-E,2020.1.3,Win32,Firefox,Mozilla/5.0 (Windows NT 10.0; Win64; x64; rv:129.0) Gecko/20100101 Firefox/129.0,60,,,,,,,,,,,,,,,,,,,,,,,,,,,,,,,,,,,,,,,,,,,,,,,,,,,,,,,,,,,,,,,,,,,,,,,,,,,,,,,,,,,20,0,20,0,1,,,,,,,,,,,,,,,,,,,,,,,,,,,,,,,,,,,,,,,,,,,,,,,,,,,,,,,,,,,,,,,,,,,,,,,,,,,,,,,,
,,,,,,,,,,,,,,,,,120,4,2024-09-06_13h38.38.181,Symbol-E,2020.1.3,Win32,Firefox,Mozilla/5.0 (Windows NT 10.0; Win64; x64; rv:129.0) Gecko/20100101 Firefox/129.0,60,,,,,,,,,,,,,,,,,,,,,,,,,,,,,,,,,,,,7,7,3,Hand,l,TR,0,0,0,0,8,0,21,0,1,2,0.845307102,l,1.135,7,1,,,,,,,,,,,,,,,,,,l,1,,,,,,,,,,,,,1.135,0,0,0,0,1,,,,,,,,,,,,,,,,,,,,,,,,,,,,,,,,,,,,,,,,,,,,,,,,,,,,,,,,,,,,,,,,,,,,,,,,,,
,,,,,,,,,,,,,,,,,120,4,2024-09-06_13h38.38.181,Symbol-E,2020.1.3,Win32,Firefox,Mozilla/5.0 (Windows NT 10.0; Win64; x64; rv:129.0) Gecko/20100101 Firefox/129.0,60,,,,,,,,,,,,,,,,,,,,,,,,,,,,,,,,,,,,,,,,,,,,,,,,,,,,,,,,,,,,,,,,,,,,,,,,,,,,,,,,,,,21,0,21,0,1,,,,,,,,,,,,,,,,,,,,,,,,,,,,,,,,,,,,,,,,,,,,,,,,,,,,,,,,,,,,,,,,,,,,,,,,,,,,,,,,
,,,,,,,,,,,,,,,,,120,4,2024-09-06_13h38.38.181,Symbol-E,2020.1.3,Win32,Firefox,Mozilla/5.0 (Windows NT 10.0; Win64; x64; rv:129.0) Gecko/20100101 Firefox/129.0,60,,,,,,,,,,,,,,,,,,,,,,,,,,,,,,,,,,,,2,2,2,Hand,e,TR,0,0,0,0,8,0,22,0,1,2,1.080720754,e,1.045,2,1,,,,,,,,,,,,,,,,,,e,1,,,,,,,,,,,,,1.045,0,0,0,0,1,,,,,,,,,,,,,,,,,,,,,,,,,,,,,,,,,,,,,,,,,,,,,,,,,,,,,,,,,,,,,,,,,,,,,,,,,,
,,,,,,,,,,,,,,,,,120,4,2024-09-06_13h38.38.181,Symbol-E,2020.1.3,Win32,Firefox,Mozilla/5.0 (Windows NT 10.0; Win64; x64; rv:129.0) Gecko/20100101 Firefox/129.0,60,,,,,,,,,,,,,,,,,,,,,,,,,,,,,,,,,,,,,,,,,,,,,,,,,,,,,,,,,,,,,,,,,,,,,,,,,,,,,,,,,,,22,0,22,0,1,,,,,,,,,,,,,,,,,,,,,,,,,,,,,,,,,,,,,,,,,,,,,,,,,,,,,,,,,,,,,,,,,,,,,,,,,,,,,,,,
,,,,,,,,,,,,,,,,,120,4,2024-09-06_13h38.38.181,Symbol-E,2020.1.3,Win32,Firefox,Mozilla/5.0 (Windows NT 10.0; Win64; x64; rv:129.0) Gecko/20100101 Firefox/129.0,60,,,,,,,,,,,,,,,,,,,,,,,,,,,,,,,,,,,,6,6,2,Hand,i,TR,0,0,0,0,8,0,23,0,1,2,0.981460195,i,1.143,6,1,,,,,,,,,,,,,,,,,,i,1,,,,,,,,,,,,,1.143,0,0,0,0,1,,,,,,,,,,,,,,,,,,,,,,,,,,,,,,,,,,,,,,,,,,,,,,,,,,,,,,,,,,,,,,,,,,,,,,,,,,
,,,,,,,,,,,,,,,,,120,4,2024-09-06_13h38.38.181,Symbol-E,2020.1.3,Win32,Firefox,Mozilla/5.0 (Windows NT 10.0; Win64; x64; rv:129.0) Gecko/20100101 Firefox/129.0,60,,,,,,,,,,,,,,,,,,,,,,,,,,,,,,,,,,,,,,,,,,,,,,,,,,,,,,,,,,,,,,,,,,,,,,,,,,,,,,,,,,,23,0,23,0,1,,,,,,,,,,,,,,,,,,,,,,,,,,,,,,,,,,,,,,,,,,,,,,,,,,,,,,,,,,,,,,,,,,,,,,,,,,,,,,,,
,,,,,,,,,,,,,,,,,120,4,2024-09-06_13h38.38.181,Symbol-E,2020.1.3,Win32,Firefox,Mozilla/5.0 (Windows NT 10.0; Win64; x64; rv:129.0) Gecko/20100101 Firefox/129.0,60,,,,,,,,,,,,,,,,,,,,,,,,,,,,,,,,,,,,4,4,0,Hand,h,TR,0,0,0,0,8,0,24,0,1,2,0.952998086,h,1.23,4,1,,,,,,,,,,,,,,,,,,h,1,,,,,,,,,,,,,1.23,0,0,0,0,1,,,,,,,,,,,,,,,,,,,,,,,,,,,,,,,,,,,,,,,,,,,,,,,,,,,,,,,,,,,,,,,,,,,,,,,,,,
,,,,,,,,,,,,,,,,,120,4,2024-09-06_13h38.38.181,Symbol-E,2020.1.3,Win32,Firefox,Mozilla/5.0 (Windows NT 10.0; Win64; x64; rv:129.0) Gecko/20100101 Firefox/129.0,60,,,,,,,,,,,,,,,,,,,,,,,,,,,,,,,,,,,,,,,,,,,,,,,,,,,,,,,,,,,,,,,,,,,,,,,,,,,,,,,,,,,24,0,24,0,1,,,,,,,,,,,,,,,,,,,,,,,,,,,,,,,,,,,,,,,,,,,,,,,,,,,,,,,,,,,,,,,,,,,,,,,,,,,,,,,,
,,,,,,,,,,,,,,,,,120,4,2024-09-06_13h38.38.181,Symbol-E,2020.1.3,Win32,Firefox,Mozilla/5.0 (Windows NT 10.0; Win64; x64; rv:129.0) Gecko/20100101 Firefox/129.0,60,,,,,,,,,,,,,,,,,,,,,,,,,,,,,,,,,,,,1,1,1,Hand,w,TR,0,0,0,0,8,0,25,0,1,2,0.765676197,w,1.117,1,1,,,,,,,,,,,,,,,,,,w,1,,,,,,,,,,,,,1.117,0,0,0,0,1,,,,,,,,,,,,,,,,,,,,,,,,,,,,,,,,,,,,,,,,,,,,,,,,,,,,,,,,,,,,,,,,,,,,,,,,,,
,,,,,,,,,,,,,,,,,120,4,2024-09-06_13h38.38.181,Symbol-E,2020.1.3,Win32,Firefox,Mozilla/5.0 (Windows NT 10.0; Win64; x64; rv:129.0) Gecko/20100101 Firefox/129.0,60,,,,,,,,,,,,,,,,,,,,,,,,,,,,,,,,,,,,,,,,,,,,,,,,,,,,,,,,,,,,,,,,,,,,,,,,,,,,,,,,,,,25,0,25,0,1,,,,,,,,,,,,,,,,,,,,,,,,,,,,,,,,,,,,,,,,,,,,,,,,,,,,,,,,,,,,,,,,,,,,,,,,,,,,,,,,
,,,,,,,,,,,,,,,,,120,4,2024-09-06_13h38.38.181,Symbol-E,2020.1.3,Win32,Firefox,Mozilla/5.0 (Windows NT 10.0; Win64; x64; rv:129.0) Gecko/20100101 Firefox/129.0,60,,,,,,,,,,,,,,,,,,,,,,,,,,,,,,,,,,,,5,5,1,Hand,u,TR,0,0,0,0,8,0,26,0,1,2,0.814232383,u,1.234,5,1,,,,,,,,,,,,,,,,,,u,1,,,,,,,,,,,,,1.234,0,0,0,0,1,,,,,,,,,,,,,,,,,,,,,,,,,,,,,,,,,,,,,,,,,,,,,,,,,,,,,,,,,,,,,,,,,,,,,,,,,,
,,,,,,,,,,,,,,,,,120,4,2024-09-06_13h38.38.181,Symbol-E,2020.1.3,Win32,Firefox,Mozilla/5.0 (Windows NT 10.0; Win64; x64; rv:129.0) Gecko/20100101 Firefox/129.0,60,,,,,,,,,,,,,,,,,,,,,,,,,,,,,,,,,,,,,,,,,,,,,,,,,,,,,,,,,,,,,,,,,,,,,,,,,,,,,,,,,,,26,0,26,0,1,,,,,,,,,,,,,,,,,,,,,,,,,,,,,,,,,,,,,,,,,,,,,,,,,,,,,,,,,,,,,,,,,,,,,,,,,,,,,,,,
,,,,,,,,,,,,,,,,,120,4,2024-09-06_13h38.38.181,Symbol-E,2020.1.3,Win32,Firefox,Mozilla/5.0 (Windows NT 10.0; Win64; x64; rv:129.0) Gecko/20100101 Firefox/129.0,60,,,,,,,,,,,,,,,,,,,,,,,,,,,,,,,,,,,,6,6,2,Hand,i,TR,0,0,0,0,8,0,27,0,1,2,0.263019553,l,1.329,7,0,,,,,,,,,,,,,,,,,,l,0,,,,,,,,,,,,,1.329,0,0,0,0,1,,,,,,,,,,,,,,,,,,,,,,,,,,,,,,,,,,,,,,,,,,,,,,,,,,,,,,,,,,,,,,,,,,,,,,,,,,
,,,,,,,,,,,,,,,,,120,4,2024-09-06_13h38.38.181,Symbol-E,2020.1.3,Win32,Firefox,Mozilla/5.0 (Windows NT 10.0; Win64; x64; rv:129.0) Gecko/20100101 Firefox/129.0,60,,,,,,,,,,,,,,,,,,,,,,,,,,,,,,,,,,,,,,,,,,,,,,,,,,,,,,,,,,,,,,,,,,,,,,,,,,,,,,,,,,,27,0,27,0,1,,,,,,,,,,,,,,,,,,,,,,,,,,,,,,,,,,,,,,,,,,,,,,,,,,,,,,,,,,,,,,,,,,,,,,,,,,,,,,,,
,,,,,,,,,,,,,,,,,120,4,2024-09-06_13h38.38.181,Symbol-E,2020.1.3,Win32,Firefox,Mozilla/5.0 (Windows NT 10.0; Win64; x64; rv:129.0) Gecko/20100101 Firefox/129.0,60,,,,,,,,,,,,,,,,,,,,,,,,,,,,,,,,,,,,4,4,0,Hand,h,TR,0,0,0,0,8,0,28,0,1,2,0.807858164,h,1.209,4,1,,,,,,,,,,,,,,,,,,h,1,,,,,,,,,,,,,1.209,0,0,0,0,1,,,,,,,,,,,,,,,,,,,,,,,,,,,,,,,,,,,,,,,,,,,,,,,,,,,,,,,,,,,,,,,,,,,,,,,,,,
,,,,,,,,,,,,,,,,,120,4,2024-09-06_13h38.38.181,Symbol-E,2020.1.3,Win32,Firefox,Mozilla/5.0 (Windows NT 10.0; Win64; x64; rv:129.0) Gecko/20100101 Firefox/129.0,60,,,,,,,,,,,,,,,,,,,,,,,,,,,,,,,,,,,,,,,,,,,,,,,,,,,,,,,,,,,,,,,,,,,,,,,,,,,,,,,,,,,28,0,28,0,1,,,,,,,,,,,,,,,,,,,,,,,,,,,,,,,,,,,,,,,,,,,,,,,,,,,,,,,,,,,,,,,,,,,,,,,,,,,,,,,,
,,,,,,,,,,,,,,,,,120,4,2024-09-06_13h38.38.181,Symbol-E,2020.1.3,Win32,Firefox,Mozilla/5.0 (Windows NT 10.0; Win64; x64; rv:129.0) Gecko/20100101 Firefox/129.0,60,,,,,,,,,,,,,,,,,,,,,,,,,,,,,,,,,,,,3,3,3,Hand,f,TR,0,0,0,0,8,0,29,0,1,2,0.966651599,f,1.237,3,1,,,,,,,,,,,,,,,,,,f,1,,,,,,,,,,,,,1.237,0,0,0,0,1,,,,,,,,,,,,,,,,,,,,,,,,,,,,,,,,,,,,,,,,,,,,,,,,,,,,,,,,,,,,,,,,,,,,,,,,,,
,,,,,,,,,,,,,,,,,120,4,2024-09-06_13h38.38.181,Symbol-E,2020.1.3,Win32,Firefox,Mozilla/5.0 (Windows NT 10.0; Win64; x64; rv:129.0) Gecko/20100101 Firefox/129.0,60,,,,,,,,,,,,,,,,,,,,,,,,,,,,,,,,,,,,,,,,,,,,,,,,,,,,,,,,,,,,,,,,,,,,,,,,,,,,,,,,,,,29,0,29,0,1,,,,,,,,,,,,,,,,,,,,,,,,,,,,,,,,,,,,,,,,,,,,,,,,,,,,,,,,,,,,,,,,,,,,,,,,,,,,,,,,
,,,,,,,,,,,,,,,,,120,4,2024-09-06_13h38.38.181,Symbol-E,2020.1.3,Win32,Firefox,Mozilla/5.0 (Windows NT 10.0; Win64; x64; rv:129.0) Gecko/20100101 Firefox/129.0,60,,,,,,,,,,,,,,,,,,,,,,,,,,,,,,,,,,,,0,0,0,Hand,a,TR,0,0,0,0,8,0,30,0,1,2,0.30577868,a,1.245,0,1,,,,,,,,,,,,,,,,,,a,1,,,,,,,,,,,,,1.245,0,0,0,0,1,,,,,,,,,,,,,,,,,,,,,,,,,,,,,,,,,,,,,,,,,,,,,,,,,,,,,,,,,,,,,,,,,,,,,,,,,,
,,,,,,,,,,,,,,,,,120,4,2024-09-06_13h38.38.181,Symbol-E,2020.1.3,Win32,Firefox,Mozilla/5.0 (Windows NT 10.0; Win64; x64; rv:129.0) Gecko/20100101 Firefox/129.0,60,,,,,,,,,,,,,,,,,,,,,,,,,,,,,,,,,,,,,,,,,,,,,,,,,,,,,,,,,,,,,,,,,,,,,,,,,,,,,,,,,,,30,0,30,0,1,,,,,,,,,,,,,,,,,,,,,,,,,,,,,,,,,,,,,,,,,,,,,,,,,,,,,,,,,,,,,,,,,,,,,,,,,,,,,,,,
,,,,,,,,,,,,,,,,,120,4,2024-09-06_13h38.38.181,Symbol-E,2020.1.3,Win32,Firefox,Mozilla/5.0 (Windows NT 10.0; Win64; x64; rv:129.0) Gecko/20100101 Firefox/129.0,60,,,,,,,,,,,,,,,,,,,,,,,,,,,,,,,,,,,,1,1,1,Hand,w,TR,0,0,0,0,8,0,31,0,1,2,0.760334057,w,1.122,1,1,,,,,,,,,,,,,,,,,,w,1,,,,,,,,,,,,,1.122,0,0,0,0,1,,,,,,,,,,,,,,,,,,,,,,,,,,,,,,,,,,,,,,,,,,,,,,,,,,,,,,,,,,,,,,,,,,,,,,,,,,
,,,,,,,,,,,,,,,,,120,4,2024-09-06_13h38.38.181,Symbol-E,2020.1.3,Win32,Firefox,Mozilla/5.0 (Windows NT 10.0; Win64; x64; rv:129.0) Gecko/20100101 Firefox/129.0,60,,,,,,,,,,,,,,,,,,,,,,,,,,,,,,,,,,,,,,,,,,,,,,,,,,,,,,,,,,,,,,,,,,,,,,,,,,,,,,,,,,,31,0,31,0,1,,,,,,,,,,,,,,,,,,,,,,,,,,,,,,,,,,,,,,,,,,,,,,,,,,,,,,,,,,,,,,,,,,,,,,,,,,,,,,,,
,,,,,,,,,,,,,,,,,120,4,2024-09-06_13h38.38.181,Symbol-E,2020.1.3,Win32,Firefox,Mozilla/5.0 (Windows NT 10.0; Win64; x64; rv:129.0) Gecko/20100101 Firefox/129.0,60,,,,,,,,,,,,,,,,,,,,,,,,,,,,,,,,,,,,0,0,0,Hand,a,TR,0,0,0,0,8,0,32,0,1,2,0.883946763,a,1.117,0,1,,,,,,,,,,,,,,,,,,a,1,,,,,,,,,,,,,1.117,0,0,0,0,1,,,,,,,,,,,,,,,,,,,,,,,,,,,,,,,,,,,,,,,,,,,,,,,,,,,,,,,,,,,,,,,,,,,,,,,,,,
,,,,,,,,,,,,,,,,,120,4,2024-09-06_13h38.38.181,Symbol-E,2020.1.3,Win32,Firefox,Mozilla/5.0 (Windows NT 10.0; Win64; x64; rv:129.0) Gecko/20100101 Firefox/129.0,60,,,,,,,,,,,,,,,,,,,,,,,,,,,,,,,,,,,,,,,,,,,,,,,,,,,,,,,,,,,,,,,,,,,,,,,,,,,,,,,,,,,32,0,32,0,1,,,,,,,,,,,,,,,,,,,,,,,,,,,,,,,,,,,,,,,,,,,,,,,,,,,,,,,,,,,,,,,,,,,,,,,,,,,,,,,,
,,,,,,,,,,,,,,,,,120,4,2024-09-06_13h38.38.181,Symbol-E,2020.1.3,Win32,Firefox,Mozilla/5.0 (Windows NT 10.0; Win64; x64; rv:129.0) Gecko/20100101 Firefox/129.0,60,,,,,,,,,,,,,,,,,,,,,,,,,,,,,,,,,,,,2,2,2,Hand,e,TR,0,0,0,0,8,0,33,0,1,2,0.240193774,w,1.371,1,0,,,,,,,,,,,,,,,,,,w,0,,,,,,,,,,,,,1.371,0,0,0,0,1,,,,,,,,,,,,,,,,,,,,,,,,,,,,,,,,,,,,,,,,,,,,,,,,,,,,,,,,,,,,,,,,,,,,,,,,,,
,,,,,,,,,,,,,,,,,120,4,2024-09-06_13h38.38.181,Symbol-E,2020.1.3,Win32,Firefox,Mozilla/5.0 (Windows NT 10.0; Win64; x64; rv:129.0) Gecko/20100101 Firefox/129.0,60,,,,,,,,,,,,,,,,,,,,,,,,,,,,,,,,,,,,,,,,,,,,,,,,,,,,,,,,,,,,,,,,,,,,,,,,,,,,,,,,,,,33,0,33,0,1,,,,,,,,,,,,,,,,,,,,,,,,,,,,,,,,,,,,,,,,,,,,,,,,,,,,,,,,,,,,,,,,,,,,,,,,,,,,,,,,
,,,,,,,,,,,,,,,,,120,4,2024-09-06_13h38.38.181,Symbol-E,2020.1.3,Win32,Firefox,Mozilla/5.0 (Windows NT 10.0; Win64; x64; rv:129.0) Gecko/20100101 Firefox/129.0,60,,,,,,,,,,,,,,,,,,,,,,,,,,,,,,,,,,,,7,7,3,Hand,l,TR,0,0,0,0,8,0,34,0,1,2,0.953891184,l,1.059,7,1,,,,,,,,,,,,,,,,,,l,1,,,,,,,,,,,,,1.059,0,0,0,0,1,,,,,,,,,,,,,,,,,,,,,,,,,,,,,,,,,,,,,,,,,,,,,,,,,,,,,,,,,,,,,,,,,,,,,,,,,,
,,,,,,,,,,,,,,,,,120,4,2024-09-06_13h38.38.181,Symbol-E,2020.1.3,Win32,Firefox,Mozilla/5.0 (Windows NT 10.0; Win64; x64; rv:129.0) Gecko/20100101 Firefox/129.0,60,,,,,,,,,,,,,,,,,,,,,,,,,,,,,,,,,,,,,,,,,,,,,,,,,,,,,,,,,,,,,,,,,,,,,,,,,,,,,,,,,,,34,0,34,0,1,,,,,,,,,,,,,,,,,,,,,,,,,,,,,,,,,,,,,,,,,,,,,,,,,,,,,,,,,,,,,,,,,,,,,,,,,,,,,,,,
,,,,,,,,,,,,,,,,,120,4,2024-09-06_13h38.38.181,Symbol-E,2020.1.3,Win32,Firefox,Mozilla/5.0 (Windows NT 10.0; Win64; x64; rv:129.0) Gecko/20100101 Firefox/129.0,60,,,,,,,,,,,,,,,,,,,,,,,,,,,,,,,,,,,,3,3,3,Hand,f,TR,0,0,0,0,8,0,35,0,1,2,0.069780518,a,99,8,0,,,,,,,,,,,,,,,,,,,0,h,1.31,0,0,0,0,1,,,,,,,,,,,,,,,,,,,,,,,,,,,,,,,,,,,,,,,,,,,,,,,,,,,,,,,,,,,,,,,,,,,,,,,,,,,,,,,,,,,,,
,,,,,,,,,,,,,,,,,120,4,2024-09-06_13h38.38.181,Symbol-E,2020.1.3,Win32,Firefox,Mozilla/5.0 (Windows NT 10.0; Win64; x64; rv:129.0) Gecko/20100101 Firefox/129.0,60,,,,,,,,,,,,,,,,,,,,,,,,,,,,,,,,,,,,,,,,,,,,,,,,,,,,,,,,,,,,,,,,,,,,,,,,,,,,,,,,,,,35,0,35,0,1,,,,,,,,,,,,,,,,,,,,,,,,,,,,,,,,,,,,,,,,,,,,,,,,,,,,,,,,,,,,,,,,,,,,,,,,,,,,,,,,
,,,,,,,,,,,,,,,,,120,4,2024-09-06_13h38.38.181,Symbol-E,2020.1.3,Win32,Firefox,Mozilla/5.0 (Windows NT 10.0; Win64; x64; rv:129.0) Gecko/20100101 Firefox/129.0,60,,,,,,,,,,,,,,,,,,,,,,,,,,,,,,,,,,,,5,5,1,Hand,u,TR,0,0,0,0,8,0,36,0,1,2,0.419507666,u,1.365,5,1,,,,,,,,,,,,,,,,,,u,1,,,,,,,,,,,,,1.365,0,0,0,0,1,,,,,,,,,,,,,,,,,,,,,,,,,,,,,,,,,,,,,,,,,,,,,,,,,,,,,,,,,,,,,,,,,,,,,,,,,,
,,,,,,,,,,,,,,,,,120,4,2024-09-06_13h38.38.181,Symbol-E,2020.1.3,Win32,Firefox,Mozilla/5.0 (Windows NT 10.0; Win64; x64; rv:129.0) Gecko/20100101 Firefox/129.0,60,,,,,,,,,,,,,,,,,,,,,,,,,,,,,,,,,,,,,,,,,,,,,,,,,,,,,,,,,,,,,,,,,,,,,,,,,,,,,,,,,,,36,0,36,0,1,,,,,,,,,,,,,,,,,,,,,,,,,,,,,,,,,,,,,,,,,,,,,,,,,,,,,,,,,,,,,,,,,,,,,,,,,,,,,,,,
,,,,,,,,,,,,,,,,,120,4,2024-09-06_13h38.38.181,Symbol-E,2020.1.3,Win32,Firefox,Mozilla/5.0 (Windows NT 10.0; Win64; x64; rv:129.0) Gecko/20100101 Firefox/129.0,60,,,,,,,,,,,,,,,,,,,,,,,,,,,,,,,,,,,,1,1,1,Hand,w,TR,0,0,0,0,8,0,37,0,1,2,0.153253281,w,1.391,1,1,,,,,,,,,,,,,,,,,,w,1,,,,,,,,,,,,,1.391,0,0,0,0,1,,,,,,,,,,,,,,,,,,,,,,,,,,,,,,,,,,,,,,,,,,,,,,,,,,,,,,,,,,,,,,,,,,,,,,,,,,
,,,,,,,,,,,,,,,,,120,4,2024-09-06_13h38.38.181,Symbol-E,2020.1.3,Win32,Firefox,Mozilla/5.0 (Windows NT 10.0; Win64; x64; rv:129.0) Gecko/20100101 Firefox/129.0,60,,,,,,,,,,,,,,,,,,,,,,,,,,,,,,,,,,,,,,,,,,,,,,,,,,,,,,,,,,,,,,,,,,,,,,,,,,,,,,,,,,,37,0,37,0,1,,,,,,,,,,,,,,,,,,,,,,,,,,,,,,,,,,,,,,,,,,,,,,,,,,,,,,,,,,,,,,,,,,,,,,,,,,,,,,,,
,,,,,,,,,,,,,,,,,120,4,2024-09-06_13h38.38.181,Symbol-E,2020.1.3,Win32,Firefox,Mozilla/5.0 (Windows NT 10.0; Win64; x64; rv:129.0) Gecko/20100101 Firefox/129.0,60,,,,,,,,,,,,,,,,,,,,,,,,,,,,,,,,,,,,6,6,2,Hand,i,TR,0,0,0,0,8,0,38,0,1,2,0.694469068,i,1.29,6,1,,,,,,,,,,,,,,,,,,i,1,,,,,,,,,,,,,1.29,0,0,0,0,1,,,,,,,,,,,,,,,,,,,,,,,,,,,,,,,,,,,,,,,,,,,,,,,,,,,,,,,,,,,,,,,,,,,,,,,,,,
,,,,,,,,,,,,,,,,,120,4,2024-09-06_13h38.38.181,Symbol-E,2020.1.3,Win32,Firefox,Mozilla/5.0 (Windows NT 10.0; Win64; x64; rv:129.0) Gecko/20100101 Firefox/129.0,60,,,,,,,,,,,,,,,,,,,,,,,,,,,,,,,,,,,,,,,,,,,,,,,,,,,,,,,,,,,,,,,,,,,,,,,,,,,,,,,,,,,38,0,38,0,1,,,,,,,,,,,,,,,,,,,,,,,,,,,,,,,,,,,,,,,,,,,,,,,,,,,,,,,,,,,,,,,,,,,,,,,,,,,,,,,,
,,,,,,,,,,,,,,,,,120,4,2024-09-06_13h38.38.181,Symbol-E,2020.1.3,Win32,Firefox,Mozilla/5.0 (Windows NT 10.0; Win64; x64; rv:129.0) Gecko/20100101 Firefox/129.0,60,,,,,,,,,,,,,,,,,,,,,,,,,,,,,,,,,,,,0,0,0,Hand,a,TR,0,0,0,0,8,0,39,0,1,2,0.615498403,a,1.276,0,1,,,,,,,,,,,,,,,,,,a,1,,,,,,,,,,,,,1.276,0,0,0,0,1,,,,,,,,,,,,,,,,,,,,,,,,,,,,,,,,,,,,,,,,,,,,,,,,,,,,,,,,,,,,,,,,,,,,,,,,,,
,,,,,,,,,,,,,,,,,120,4,2024-09-06_13h38.38.181,Symbol-E,2020.1.3,Win32,Firefox,Mozilla/5.0 (Windows NT 10.0; Win64; x64; rv:129.0) Gecko/20100101 Firefox/129.0,60,,,,,,,,,,,,,,,,,,,,,,,,,,,,,,,,,,,,,,,,,,,,,,,,,,,,,,,,,,,,,,,,,,,,,,,,,,,,,,,,,,,39,0,39,0,1,,,,,,,,,,,,,,,,,,,,,,,,,,,,,,,,,,,,,,,,,,,,,,,,,,,,,,,,,,,,,,,,,,,,,,,,,,,,,,,,
,,,,,,,,,,,,,,,,,120,4,2024-09-06_13h38.38.181,Symbol-E,2020.1.3,Win32,Firefox,Mozilla/5.0 (Windows NT 10.0; Win64; x64; rv:129.0) Gecko/20100101 Firefox/129.0,60,,,,,,,,,,,,,,,,,,,,,,,,,,,,,,,,,,,,3,3,3,Hand,f,TR,0,0,0,0,8,0,40,0,1,2,0.083275979,e,1.439,2,0,,,,,,,,,,,,,,,,,,e,0,,,,,,,,,,,,,1.439,0,0,0,0,1,,,,,,,,,,,,,,,,,,,,,,,,,,,,,,,,,,,,,,,,,,,,,,,,,,,,,,,,,,,,,,,,,,,,,,,,,,
,,,,,,,,,,,,,,,,,120,4,2024-09-06_13h38.38.181,Symbol-E,2020.1.3,Win32,Firefox,Mozilla/5.0 (Windows NT 10.0; Win64; x64; rv:129.0) Gecko/20100101 Firefox/129.0,60,,,,,,,,,,,,,,,,,,,,,,,,,,,,,,,,,,,,,,,,,,,,,,,,,,,,,,,,,,,,,,,,,,,,,,,,,,,,,,,,,,,40,0,40,0,1,,,,,,,,,,,,,,,,,,,,,,,,,,,,,,,,,,,,,,,,,,,,,,,,,,,,,,,,,,,,,,,,,,,,,,,,,,,,,,,,
,,,,,,,,,,,,,,,,,120,4,2024-09-06_13h38.38.181,Symbol-E,2020.1.3,Win32,Firefox,Mozilla/5.0 (Windows NT 10.0; Win64; x64; rv:129.0) Gecko/20100101 Firefox/129.0,60,,,,,,,,,,,,,,,,,,,,,,,,,,,,,,,,,,,,1,1,1,Hand,w,TR,0,0,0,0,8,0,41,0,1,2,1.123482186,w,1.244,1,1,,,,,,,,,,,,,,,,,,w,1,,,,,,,,,,,,,1.244,0,0,0,0,1,,,,,,,,,,,,,,,,,,,,,,,,,,,,,,,,,,,,,,,,,,,,,,,,,,,,,,,,,,,,,,,,,,,,,,,,,,
,,,,,,,,,,,,,,,,,120,4,2024-09-06_13h38.38.181,Symbol-E,2020.1.3,Win32,Firefox,Mozilla/5.0 (Windows NT 10.0; Win64; x64; rv:129.0) Gecko/20100101 Firefox/129.0,60,,,,,,,,,,,,,,,,,,,,,,,,,,,,,,,,,,,,,,,,,,,,,,,,,,,,,,,,,,,,,,,,,,,,,,,,,,,,,,,,,,,41,0,41,0,1,,,,,,,,,,,,,,,,,,,,,,,,,,,,,,,,,,,,,,,,,,,,,,,,,,,,,,,,,,,,,,,,,,,,,,,,,,,,,,,,
,,,,,,,,,,,,,,,,,120,4,2024-09-06_13h38.38.181,Symbol-E,2020.1.3,Win32,Firefox,Mozilla/5.0 (Windows NT 10.0; Win64; x64; rv:129.0) Gecko/20100101 Firefox/129.0,60,,,,,,,,,,,,,,,,,,,,,,,,,,,,,,,,,,,,4,4,0,Hand,h,TR,0,0,0,0,8,0,42,0,1,2,0.120559948,h,1.418,4,1,,,,,,,,,,,,,,,,,,h,1,,,,,,,,,,,,,1.418,0,0,0,0,1,,,,,,,,,,,,,,,,,,,,,,,,,,,,,,,,,,,,,,,,,,,,,,,,,,,,,,,,,,,,,,,,,,,,,,,,,,
,,,,,,,,,,,,,,,,,120,4,2024-09-06_13h38.38.181,Symbol-E,2020.1.3,Win32,Firefox,Mozilla/5.0 (Windows NT 10.0; Win64; x64; rv:129.0) Gecko/20100101 Firefox/129.0,60,,,,,,,,,,,,,,,,,,,,,,,,,,,,,,,,,,,,,,,,,,,,,,,,,,,,,,,,,,,,,,,,,,,,,,,,,,,,,,,,,,,42,0,42,0,1,,,,,,,,,,,,,,,,,,,,,,,,,,,,,,,,,,,,,,,,,,,,,,,,,,,,,,,,,,,,,,,,,,,,,,,,,,,,,,,,
,,,,,,,,,,,,,,,,,120,4,2024-09-06_13h38.38.181,Symbol-E,2020.1.3,Win32,Firefox,Mozilla/5.0 (Windows NT 10.0; Win64; x64; rv:129.0) Gecko/20100101 Firefox/129.0,60,,,,,,,,,,,,,,,,,,,,,,,,,,,,,,,,,,,,2,2,2,Hand,e,TR,0,0,0,0,8,0,43,0,1,2,1.086499277,e,1.365,2,1,,,,,,,,,,,,,,,,,,e,1,,,,,,,,,,,,,1.365,0,0,0,0,1,,,,,,,,,,,,,,,,,,,,,,,,,,,,,,,,,,,,,,,,,,,,,,,,,,,,,,,,,,,,,,,,,,,,,,,,,,
,,,,,,,,,,,,,,,,,120,4,2024-09-06_13h38.38.181,Symbol-E,2020.1.3,Win32,Firefox,Mozilla/5.0 (Windows NT 10.0; Win64; x64; rv:129.0) Gecko/20100101 Firefox/129.0,60,,,,,,,,,,,,,,,,,,,,,,,,,,,,,,,,,,,,,,,,,,,,,,,,,,,,,,,,,,,,,,,,,,,,,,,,,,,,,,,,,,,43,0,43,0,1,,,,,,,,,,,,,,,,,,,,,,,,,,,,,,,,,,,,,,,,,,,,,,,,,,,,,,,,,,,,,,,,,,,,,,,,,,,,,,,,
,,,,,,,,,,,,,,,,,120,4,2024-09-06_13h38.38.181,Symbol-E,2020.1.3,Win32,Firefox,Mozilla/5.0 (Windows NT 10.0; Win64; x64; rv:129.0) Gecko/20100101 Firefox/129.0,60,,,,,,,,,,,,,,,,,,,,,,,,,,,,,,,,,,,,6,6,2,Hand,i,TR,0,0,0,0,8,0,44,0,1,2,0.636971478,i,1.213,6,1,,,,,,,,,,,,,,,,,,i,1,,,,,,,,,,,,,1.213,0,0,0,0,1,,,,,,,,,,,,,,,,,,,,,,,,,,,,,,,,,,,,,,,,,,,,,,,,,,,,,,,,,,,,,,,,,,,,,,,,,,
,,,,,,,,,,,,,,,,,120,4,2024-09-06_13h38.38.181,Symbol-E,2020.1.3,Win32,Firefox,Mozilla/5.0 (Windows NT 10.0; Win64; x64; rv:129.0) Gecko/20100101 Firefox/129.0,60,,,,,,,,,,,,,,,,,,,,,,,,,,,,,,,,,,,,,,,,,,,,,,,,,,,,,,,,,,,,,,,,,,,,,,,,,,,,,,,,,,,44,0,44,0,1,,,,,,,,,,,,,,,,,,,,,,,,,,,,,,,,,,,,,,,,,,,,,,,,,,,,,,,,,,,,,,,,,,,,,,,,,,,,,,,,
,,,,,,,,,,,,,,,,,120,4,2024-09-06_13h38.38.181,Symbol-E,2020.1.3,Win32,Firefox,Mozilla/5.0 (Windows NT 10.0; Win64; x64; rv:129.0) Gecko/20100101 Firefox/129.0,60,,,,,,,,,,,,,,,,,,,,,,,,,,,,,,,,,,,,5,5,1,Hand,u,TR,0,0,0,0,8,0,45,0,1,2,0.230013293,h,1.339,4,0,,,,,,,,,,,,,,,,,,h,0,,,,,,,,,,,,,1.339,0,0,0,0,1,,,,,,,,,,,,,,,,,,,,,,,,,,,,,,,,,,,,,,,,,,,,,,,,,,,,,,,,,,,,,,,,,,,,,,,,,,
,,,,,,,,,,,,,,,,,120,4,2024-09-06_13h38.38.181,Symbol-E,2020.1.3,Win32,Firefox,Mozilla/5.0 (Windows NT 10.0; Win64; x64; rv:129.0) Gecko/20100101 Firefox/129.0,60,,,,,,,,,,,,,,,,,,,,,,,,,,,,,,,,,,,,,,,,,,,,,,,,,,,,,,,,,,,,,,,,,,,,,,,,,,,,,,,,,,,45,0,45,0,1,,,,,,,,,,,,,,,,,,,,,,,,,,,,,,,,,,,,,,,,,,,,,,,,,,,,,,,,,,,,,,,,,,,,,,,,,,,,,,,,
,,,,,,,,,,,,,,,,,120,4,2024-09-06_13h38.38.181,Symbol-E,2020.1.3,Win32,Firefox,Mozilla/5.0 (Windows NT 10.0; Win64; x64; rv:129.0) Gecko/20100101 Firefox/129.0,60,,,,,,,,,,,,,,,,,,,,,,,,,,,,,,,,,,,,4,4,0,Hand,h,TR,0,0,0,0,8,0,46,0,1,2,1.121332394,h,1.156,4,1,,,,,,,,,,,,,,,,,,h,1,,,,,,,,,,,,,1.156,0,0,0,0,1,,,,,,,,,,,,,,,,,,,,,,,,,,,,,,,,,,,,,,,,,,,,,,,,,,,,,,,,,,,,,,,,,,,,,,,,,,
,,,,,,,,,,,,,,,,,120,4,2024-09-06_13h38.38.181,Symbol-E,2020.1.3,Win32,Firefox,Mozilla/5.0 (Windows NT 10.0; Win64; x64; rv:129.0) Gecko/20100101 Firefox/129.0,60,,,,,,,,,,,,,,,,,,,,,,,,,,,,,,,,,,,,,,,,,,,,,,,,,,,,,,,,,,,,,,,,,,,,,,,,,,,,,,,,,,,46,0,46,0,1,,,,,,,,,,,,,,,,,,,,,,,,,,,,,,,,,,,,,,,,,,,,,,,,,,,,,,,,,,,,,,,,,,,,,,,,,,,,,,,,
,,,,,,,,,,,,,,,,,120,4,2024-09-06_13h38.38.181,Symbol-E,2020.1.3,Win32,Firefox,Mozilla/5.0 (Windows NT 10.0; Win64; x64; rv:129.0) Gecko/20100101 Firefox/129.0,60,,,,,,,,,,,,,,,,,,,,,,,,,,,,,,,,,,,,7,7,3,Hand,l,TR,0,0,0,0,8,0,47,0,1,2,0.719679645,l,1.173,7,1,,,,,,,,,,,,,,,,,,l,1,,,,,,,,,,,,,1.173,0,0,0,0,1,,,,,,,,,,,,,,,,,,,,,,,,,,,,,,,,,,,,,,,,,,,,,,,,,,,,,,,,,,,,,,,,,,,,,,,,,,
,,,,,,,,,,,,,,,,,120,4,2024-09-06_13h38.38.181,Symbol-E,2020.1.3,Win32,Firefox,Mozilla/5.0 (Windows NT 10.0; Win64; x64; rv:129.0) Gecko/20100101 Firefox/129.0,60,,,,,,,,,,,,,,,,,,,,,,,,,,,,,,,,,,,,,,,,,,,,,,,,,,,,,,,,,,,,,,,,,,,,,,,,,,,,,,,,,,,47,0,47,0,1,,,,,,,,,,,,,,,,,,,,,,,,,,,,,,,,,,,,,,,,,,,,,,,,,,,,,,,,,,,,,,,,,,,,,,,,,,,,,,,,
,,,,,,,,,,,,,,,,,120,4,2024-09-06_13h38.38.181,Symbol-E,2020.1.3,Win32,Firefox,Mozilla/5.0 (Windows NT 10.0; Win64; x64; rv:129.0) Gecko/20100101 Firefox/129.0,60,,,,,,,,,,,,,,,,,,,,,,,,,,,,,,,,,,,,6,6,2,Hand,i,TR,0,0,0,0,8,0,48,0,1,2,0.826027073,l,1.198,7,0,,,,,,,,,,,,,,,,,,l,0,,,,,,,,,,,,,1.198,0,0,0,0,1,,,,,,,,,,,,,,,,,,,,,,,,,,,,,,,,,,,,,,,,,,,,,,,,,,,,,,,,,,,,,,,,,,,,,,,,,,
,,,,,,,,,,,,,,,,,120,4,2024-09-06_13h38.38.181,Symbol-E,2020.1.3,Win32,Firefox,Mozilla/5.0 (Windows NT 10.0; Win64; x64; rv:129.0) Gecko/20100101 Firefox/129.0,60,,,,,,,,,,,,,,,,,,,,,,,,,,,,,,,,,,,,,,,,,,,,,,,,,,,,,,,,,,,,,,,,,,,,,,,,,,,,,,,,,,,48,0,48,0,1,,,,,,,,,,,,,,,,,,,,,,,,,,,,,,,,,,,,,,,,,,,,,,,,,,,,,,,,,,,,,,,,,,,,,,,,,,,,,,,,
,,,,,,,,,,,,,,,,,120,4,2024-09-06_13h38.38.181,Symbol-E,2020.1.3,Win32,Firefox,Mozilla/5.0 (Windows NT 10.0; Win64; x64; rv:129.0) Gecko/20100101 Firefox/129.0,60,,,,,,,,,,,,,,,,,,,,,,,,,,,,,,,,,,,,6,6,2,Hand,i,TR,0,0,0,0,8,0,49,0,1,2,0.624136971,i,1.256,6,1,,,,,,,,,,,,,,,,,,i,1,,,,,,,,,,,,,1.256,0,0,0,0,1,,,,,,,,,,,,,,,,,,,,,,,,,,,,,,,,,,,,,,,,,,,,,,,,,,,,,,,,,,,,,,,,,,,,,,,,,,
,,,,,,,,,,,,,,,,,120,4,2024-09-06_13h38.38.181,Symbol-E,2020.1.3,Win32,Firefox,Mozilla/5.0 (Windows NT 10.0; Win64; x64; rv:129.0) Gecko/20100101 Firefox/129.0,60,,,,,,,,,,,,,,,,,,,,,,,,,,,,,,,,,,,,,,,,,,,,,,,,,,,,,,,,,,,,,,,,,,,,,,,,,,,,,,,,,,,49,0,49,0,1,,,,,,,,,,,,,,,,,,,,,,,,,,,,,,,,,,,,,,,,,,,,,,,,,,,,,,,,,,,,,,,,,,,,,,,,,,,,,,,,
,,,,,,,,,,,,,,,,,120,4,2024-09-06_13h38.38.181,Symbol-E,2020.1.3,Win32,Firefox,Mozilla/5.0 (Windows NT 10.0; Win64; x64; rv:129.0) Gecko/20100101 Firefox/129.0,60,,,,,,,,,,,,,,,,,,,,,,,,,,,,,,,,,,,,4,4,0,Hand,h,TR,0,0,0,0,8,0,50,0,1,2,0.89265402,h,1.203,4,1,,,,,,,,,,,,,,,,,,h,1,,,,,,,,,,,,,1.203,0,0,0,0,1,,,,,,,,,,,,,,,,,,,,,,,,,,,,,,,,,,,,,,,,,,,,,,,,,,,,,,,,,,,,,,,,,,,,,,,,,,
,,,,,,,,,,,,,,,,,120,4,2024-09-06_13h38.38.181,Symbol-E,2020.1.3,Win32,Firefox,Mozilla/5.0 (Windows NT 10.0; Win64; x64; rv:129.0) Gecko/20100101 Firefox/129.0,60,,,,,,,,,,,,,,,,,,,,,,,,,,,,,,,,,,,,,,,,,,,,,,,,,,,,,,,,,,,,,,,,,,,,,,,,,,,,,,,,,,,50,0,50,0,1,,,,,,,,,,,,,,,,,,,,,,,,,,,,,,,,,,,,,,,,,,,,,,,,,,,,,,,,,,,,,,,,,,,,,,,,,,,,,,,,
,,,,,,,,,,,,,,,,,120,4,2024-09-06_13h38.38.181,Symbol-E,2020.1.3,Win32,Firefox,Mozilla/5.0 (Windows NT 10.0; Win64; x64; rv:129.0) Gecko/20100101 Firefox/129.0,60,,,,,,,,,,,,,,,,,,,,,,,,,,,,,,,,,,,,3,3,3,Hand,f,TR,0,0,0,0,8,0,51,0,1,2,0.092282964,w,1.411,1,0,,,,,,,,,,,,,,,,,,w,0,,,,,,,,,,,,,1.411,0,0,0,0,1,,,,,,,,,,,,,,,,,,,,,,,,,,,,,,,,,,,,,,,,,,,,,,,,,,,,,,,,,,,,,,,,,,,,,,,,,,
,,,,,,,,,,,,,,,,,120,4,2024-09-06_13h38.38.181,Symbol-E,2020.1.3,Win32,Firefox,Mozilla/5.0 (Windows NT 10.0; Win64; x64; rv:129.0) Gecko/20100101 Firefox/129.0,60,,,,,,,,,,,,,,,,,,,,,,,,,,,,,,,,,,,,,,,,,,,,,,,,,,,,,,,,,,,,,,,,,,,,,,,,,,,,,,,,,,,51,0,51,0,1,,,,,,,,,,,,,,,,,,,,,,,,,,,,,,,,,,,,,,,,,,,,,,,,,,,,,,,,,,,,,,,,,,,,,,,,,,,,,,,,
,,,,,,,,,,,,,,,,,120,4,2024-09-06_13h38.38.181,Symbol-E,2020.1.3,Win32,Firefox,Mozilla/5.0 (Windows NT 10.0; Win64; x64; rv:129.0) Gecko/20100101 Firefox/129.0,60,,,,,,,,,,,,,,,,,,,,,,,,,,,,,,,,,,,,0,0,0,Hand,a,TR,0,0,0,0,8,0,52,0,1,2,0.320458507,a,1.238,0,1,,,,,,,,,,,,,,,,,,a,1,,,,,,,,,,,,,1.238,0,0,0,0,1,,,,,,,,,,,,,,,,,,,,,,,,,,,,,,,,,,,,,,,,,,,,,,,,,,,,,,,,,,,,,,,,,,,,,,,,,,
,,,,,,,,,,,,,,,,,120,4,2024-09-06_13h38.38.181,Symbol-E,2020.1.3,Win32,Firefox,Mozilla/5.0 (Windows NT 10.0; Win64; x64; rv:129.0) Gecko/20100101 Firefox/129.0,60,,,,,,,,,,,,,,,,,,,,,,,,,,,,,,,,,,,,,,,,,,,,,,,,,,,,,,,,,,,,,,,,,,,,,,,,,,,,,,,,,,,52,0,52,0,1,,,,,,,,,,,,,,,,,,,,,,,,,,,,,,,,,,,,,,,,,,,,,,,,,,,,,,,,,,,,,,,,,,,,,,,,,,,,,,,,
,,,,,,,,,,,,,,,,,120,4,2024-09-06_13h38.38.181,Symbol-E,2020.1.3,Win32,Firefox,Mozilla/5.0 (Windows NT 10.0; Win64; x64; rv:129.0) Gecko/20100101 Firefox/129.0,60,,,,,,,,,,,,,,,,,,,,,,,,,,,,,,,,,,,,7,7,3,Hand,l,TR,0,0,0,0,8,0,53,0,1,2,0.669537873,l,1.237,7,1,,,,,,,,,,,,,,,,,,l,1,,,,,,,,,,,,,1.237,0,0,0,0,1,,,,,,,,,,,,,,,,,,,,,,,,,,,,,,,,,,,,,,,,,,,,,,,,,,,,,,,,,,,,,,,,,,,,,,,,,,
,,,,,,,,,,,,,,,,,120,4,2024-09-06_13h38.38.181,Symbol-E,2020.1.3,Win32,Firefox,Mozilla/5.0 (Windows NT 10.0; Win64; x64; rv:129.0) Gecko/20100101 Firefox/129.0,60,,,,,,,,,,,,,,,,,,,,,,,,,,,,,,,,,,,,,,,,,,,,,,,,,,,,,,,,,,,,,,,,,,,,,,,,,,,,,,,,,,,53,0,53,0,1,,,,,,,,,,,,,,,,,,,,,,,,,,,,,,,,,,,,,,,,,,,,,,,,,,,,,,,,,,,,,,,,,,,,,,,,,,,,,,,,
,,,,,,,,,,,,,,,,,120,4,2024-09-06_13h38.38.181,Symbol-E,2020.1.3,Win32,Firefox,Mozilla/5.0 (Windows NT 10.0; Win64; x64; rv:129.0) Gecko/20100101 Firefox/129.0,60,,,,,,,,,,,,,,,,,,,,,,,,,,,,,,,,,,,,1,1,1,Hand,w,TR,0,0,0,0,8,0,54,0,1,2,0.865625697,w,1.352,1,1,,,,,,,,,,,,,,,,,,w,1,,,,,,,,,,,,,1.352,0,0,0,0,1,,,,,,,,,,,,,,,,,,,,,,,,,,,,,,,,,,,,,,,,,,,,,,,,,,,,,,,,,,,,,,,,,,,,,,,,,,
,,,,,,,,,,,,,,,,,120,4,2024-09-06_13h38.38.181,Symbol-E,2020.1.3,Win32,Firefox,Mozilla/5.0 (Windows NT 10.0; Win64; x64; rv:129.0) Gecko/20100101 Firefox/129.0,60,,,,,,,,,,,,,,,,,,,,,,,,,,,,,,,,,,,,,,,,,,,,,,,,,,,,,,,,,,,,,,,,,,,,,,,,,,,,,,,,,,,54,0,54,0,1,,,,,,,,,,,,,,,,,,,,,,,,,,,,,,,,,,,,,,,,,,,,,,,,,,,,,,,,,,,,,,,,,,,,,,,,,,,,,,,,
,,,,,,,,,,,,,,,,,120,4,2024-09-06_13h38.38.181,Symbol-E,2020.1.3,Win32,Firefox,Mozilla/5.0 (Windows NT 10.0; Win64; x64; rv:129.0) Gecko/20100101 Firefox/129.0,60,,,,,,,,,,,,,,,,,,,,,,,,,,,,,,,,,,,,4,4,0,Hand,h,TR,0,0,0,0,8,0,55,0,1,2,1.198551729,h,1.186,4,1,,,,,,,,,,,,,,,,,,h,1,,,,,,,,,,,,,1.186,0,0,0,0,1,,,,,,,,,,,,,,,,,,,,,,,,,,,,,,,,,,,,,,,,,,,,,,,,,,,,,,,,,,,,,,,,,,,,,,,,,,
,,,,,,,,,,,,,,,,,120,4,2024-09-06_13h38.38.181,Symbol-E,2020.1.3,Win32,Firefox,Mozilla/5.0 (Windows NT 10.0; Win64; x64; rv:129.0) Gecko/20100101 Firefox/129.0,60,,,,,,,,,,,,,,,,,,,,,,,,,,,,,,,,,,,,,,,,,,,,,,,,,,,,,,,,,,,,,,,,,,,,,,,,,,,,,,,,,,,55,0,55,0,1,,,,,,,,,,,,,,,,,,,,,,,,,,,,,,,,,,,,,,,,,,,,,,,,,,,,,,,,,,,,,,,,,,,,,,,,,,,,,,,,
,,,,,,,,,,,,,,,,,120,4,2024-09-06_13h38.38.181,Symbol-E,2020.1.3,Win32,Firefox,Mozilla/5.0 (Windows NT 10.0; Win64; x64; rv:129.0) Gecko/20100101 Firefox/129.0,60,,,,,,,,,,,,,,,,,,,,,,,,,,,,,,,,,,,,2,2,2,Hand,e,TR,0,0,0,0,8,0,56,0,1,2,0.898309579,e,1.185,2,1,,,,,,,,,,,,,,,,,,e,1,,,,,,,,,,,,,1.185,0,0,0,0,1,,,,,,,,,,,,,,,,,,,,,,,,,,,,,,,,,,,,,,,,,,,,,,,,,,,,,,,,,,,,,,,,,,,,,,,,,,
,,,,,,,,,,,,,,,,,120,4,2024-09-06_13h38.38.181,Symbol-E,2020.1.3,Win32,Firefox,Mozilla/5.0 (Windows NT 10.0; Win64; x64; rv:129.0) Gecko/20100101 Firefox/129.0,60,,,,,,,,,,,,,,,,,,,,,,,,,,,,,,,,,,,,,,,,,,,,,,,,,,,,,,,,,,,,,,,,,,,,,,,,,,,,,,,,,,,56,0,56,0,1,,,,,,,,,,,,,,,,,,,,,,,,,,,,,,,,,,,,,,,,,,,,,,,,,,,,,,,,,,,,,,,,,,,,,,,,,,,,,,,,
,,,,,,,,,,,,,,,,,120,4,2024-09-06_13h38.38.181,Symbol-E,2020.1.3,Win32,Firefox,Mozilla/5.0 (Windows NT 10.0; Win64; x64; rv:129.0) Gecko/20100101 Firefox/129.0,60,,,,,,,,,,,,,,,,,,,,,,,,,,,,,,,,,,,,5,5,1,Hand,u,TR,0,0,0,0,8,0,57,0,1,2,1.104286312,u,1.258,5,1,,,,,,,,,,,,,,,,,,u,1,,,,,,,,,,,,,1.258,0,0,0,0,1,,,,,,,,,,,,,,,,,,,,,,,,,,,,,,,,,,,,,,,,,,,,,,,,,,,,,,,,,,,,,,,,,,,,,,,,,,
,,,,,,,,,,,,,,,,,120,4,2024-09-06_13h38.38.181,Symbol-E,2020.1.3,Win32,Firefox,Mozilla/5.0 (Windows NT 10.0; Win64; x64; rv:129.0) Gecko/20100101 Firefox/129.0,60,,,,,,,,,,,,,,,,,,,,,,,,,,,,,,,,,,,,,,,,,,,,,,,,,,,,,,,,,,,,,,,,,,,,,,,,,,,,,,,,,,,57,0,57,0,1,,,,,,,,,,,,,,,,,,,,,,,,,,,,,,,,,,,,,,,,,,,,,,,,,,,,,,,,,,,,,,,,,,,,,,,,,,,,,,,,
,,,,,,,,,,,,,,,,,120,4,2024-09-06_13h38.38.181,Symbol-E,2020.1.3,Win32,Firefox,Mozilla/5.0 (Windows NT 10.0; Win64; x64; rv:129.0) Gecko/20100101 Firefox/129.0,60,,,,,,,,,,,,,,,,,,,,,,,,,,,,,,,,,,,,3,3,3,Hand,f,TR,0,0,0,0,8,0,58,0,1,2,0.197383816,f,1.354,3,1,,,,,,,,,,,,,,,,,,f,1,,,,,,,,,,,,,1.354,0,0,0,0,1,,,,,,,,,,,,,,,,,,,,,,,,,,,,,,,,,,,,,,,,,,,,,,,,,,,,,,,,,,,,,,,,,,,,,,,,,,
,,,,,,,,,,,,,,,,,120,4,2024-09-06_13h38.38.181,Symbol-E,2020.1.3,Win32,Firefox,Mozilla/5.0 (Windows NT 10.0; Win64; x64; rv:129.0) Gecko/20100101 Firefox/129.0,60,,,,,,,,,,,,,,,,,,,,,,,,,,,,,,,,,,,,,,,,,,,,,,,,,,,,,,,,,,,,,,,,,,,,,,,,,,,,,,,,,,,58,0,58,0,1,,,,,,,,,,,,,,,,,,,,,,,,,,,,,,,,,,,,,,,,,,,,,,,,,,,,,,,,,,,,,,,,,,,,,,,,,,,,,,,,
,,,,,,,,,,,,,,,,,120,4,2024-09-06_13h38.38.181,Symbol-E,2020.1.3,Win32,Firefox,Mozilla/5.0 (Windows NT 10.0; Win64; x64; rv:129.0) Gecko/20100101 Firefox/129.0,60,,,,,,,,,,,,,,,,,,,,,,,,,,,,,,,,,,,,5,5,1,Hand,u,TR,0,0,0,0,8,0,59,0,1,2,1.047633636,u,1.167,5,1,,,,,,,,,,,,,,,,,,u,1,,,,,,,,,,,,,1.167,0,0,0,0,1,,,,,,,,,,,,,,,,,,,,,,,,,,,,,,,,,,,,,,,,,,,,,,,,,,,,,,,,,,,,,,,,,,,,,,,,,,
,,,,,,,,,,,,,,,,,120,4,2024-09-06_13h38.38.181,Symbol-E,2020.1.3,Win32,Firefox,Mozilla/5.0 (Windows NT 10.0; Win64; x64; rv:129.0) Gecko/20100101 Firefox/129.0,60,,,,,,,,,,,,,,,,,,,,,,,,,,,,,,,,,,,,,,,,,,,,,,,,,,,,,,,,,,,,,,,,,,,,,,,,,,,,,,,,,,,59,0,59,0,1,,,,,,,,,,,,,,,,,,,,,,,,,,,,,,,,,,,,,,,,,,,,,,,,,,,,,,,,,,,,,,,,,,,,,,,,,,,,,,,,
,,,,,,,,,,,,,,,,,120,4,2024-09-06_13h38.38.181,Symbol-E,2020.1.3,Win32,Firefox,Mozilla/5.0 (Windows NT 10.0; Win64; x64; rv:129.0) Gecko/20100101 Firefox/129.0,60,,,,,,,,,,,,,,,,,,,,,,,,,,,,,,,,,,,,2,2,2,Hand,e,TR,0,0,0,0,8,0,60,0,1,2,0.82473784,e,1.293,2,1,,,,,,,,,,,,,,,,,,e,1,,,,,,,,,,,,,1.293,0,0,0,0,1,,,,,,,,,,,,,,,,,,,,,,,,,,,,,,,,,,,,,,,,,,,,,,,,,,,,,,,,,,,,,,,,,,,,,,,,,,
,,,,,,,,,,,,,,,,,120,4,2024-09-06_13h38.38.181,Symbol-E,2020.1.3,Win32,Firefox,Mozilla/5.0 (Windows NT 10.0; Win64; x64; rv:129.0) Gecko/20100101 Firefox/129.0,60,,,,,,,,,,,,,,,,,,,,,,,,,,,,,,,,,,,,,,,,,,,,,,,,,,,,,,,,,,,,,,,,,,,,,,,,,,,,,,,,,,,60,0,60,0,1,,,,,,,,,,,,,,,,,,,,,,,,,,,,,,,,,,,,,,,,,,,,,,,,,,,,,,,,,,,,,,,,,,,,,,,,,,,,,,,,
,,,,,,,,,,,,,,,,,120,4,2024-09-06_13h38.38.181,Symbol-E,2020.1.3,Win32,Firefox,Mozilla/5.0 (Windows NT 10.0; Win64; x64; rv:129.0) Gecko/20100101 Firefox/129.0,60,,,,,,,,,,,,,,,,,,,,,,,,,,,,,,,,,,,,7,7,3,Hand,l,TR,0,0,0,0,8,0,61,0,1,2,0.249020418,l,1.408,7,1,,,,,,,,,,,,,,,,,,l,1,,,,,,,,,,,,,1.408,0,0,0,0,1,,,,,,,,,,,,,,,,,,,,,,,,,,,,,,,,,,,,,,,,,,,,,,,,,,,,,,,,,,,,,,,,,,,,,,,,,,
,,,,,,,,,,,,,,,,,120,4,2024-09-06_13h38.38.181,Symbol-E,2020.1.3,Win32,Firefox,Mozilla/5.0 (Windows NT 10.0; Win64; x64; rv:129.0) Gecko/20100101 Firefox/129.0,60,,,,,,,,,,,,,,,,,,,,,,,,,,,,,,,,,,,,,,,,,,,,,,,,,,,,,,,,,,,,,,,,,,,,,,,,,,,,,,,,,,,61,0,61,0,1,,,,,,,,,,,,,,,,,,,,,,,,,,,,,,,,,,,,,,,,,,,,,,,,,,,,,,,,,,,,,,,,,,,,,,,,,,,,,,,,
,,,,,,,,,,,,,,,,,120,4,2024-09-06_13h38.38.181,Symbol-E,2020.1.3,Win32,Firefox,Mozilla/5.0 (Windows NT 10.0; Win64; x64; rv:129.0) Gecko/20100101 Firefox/129.0,60,,,,,,,,,,,,,,,,,,,,,,,,,,,,,,,,,,,,0,0,0,Hand,a,TR,0,0,0,0,8,0,62,0,1,2,1.019521755,a,1.251,0,1,,,,,,,,,,,,,,,,,,a,1,,,,,,,,,,,,,1.251,0,0,0,0,1,,,,,,,,,,,,,,,,,,,,,,,,,,,,,,,,,,,,,,,,,,,,,,,,,,,,,,,,,,,,,,,,,,,,,,,,,,
,,,,,,,,,,,,,,,,,120,4,2024-09-06_13h38.38.181,Symbol-E,2020.1.3,Win32,Firefox,Mozilla/5.0 (Windows NT 10.0; Win64; x64; rv:129.0) Gecko/20100101 Firefox/129.0,60,,,,,,,,,,,,,,,,,,,,,,,,,,,,,,,,,,,,,,,,,,,,,,,,,,,,,,,,,,,,,,,,,,,,,,,,,,,,,,,,,,,62,0,62,0,1,,,,,,,,,,,,,,,,,,,,,,,,,,,,,,,,,,,,,,,,,,,,,,,,,,,,,,,,,,,,,,,,,,,,,,,,,,,,,,,,
,,,,,,,,,,,,,,,,,120,4,2024-09-06_13h38.38.181,Symbol-E,2020.1.3,Win32,Firefox,Mozilla/5.0 (Windows NT 10.0; Win64; x64; rv:129.0) Gecko/20100101 Firefox/129.0,60,,,,,,,,,,,,,,,,,,,,,,,,,,,,,,,,,,,,1,1,1,Hand,w,TR,0,0,0,0,8,0,63,0,1,2,0.80678756,w,1.288,1,1,,,,,,,,,,,,,,,,,,w,1,,,,,,,,,,,,,1.288,0,0,0,0,1,,,,,,,,,,,,,,,,,,,,,,,,,,,,,,,,,,,,,,,,,,,,,,,,,,,,,,,,,,,,,,,,,,,,,,,,,,
,,,,,,,,,,,,,,,,,120,4,2024-09-06_13h38.38.181,Symbol-E,2020.1.3,Win32,Firefox,Mozilla/5.0 (Windows NT 10.0; Win64; x64; rv:129.0) Gecko/20100101 Firefox/129.0,60,,,,,,,,,,,,,,,,,,,,,,,,,,,,,,,,,,,,,,,,,,,,,,,,,,,,,,,,,,,,,,,,,,,,,,,,,,,,,,,,,,,63,0,63,0,1,,,,,,,,,,,,,,,,,,,,,,,,,,,,,,,,,,,,,,,,,,,,,,,,,,,,,,,,,,,,,,,,,,,,,,,,,,,,,,,,
,,,,,,,,,,,,,,,,,120,4,2024-09-06_13h38.38.181,Symbol-E,2020.1.3,Win32,Firefox,Mozilla/5.0 (Windows NT 10.0; Win64; x64; rv:129.0) Gecko/20100101 Firefox/129.0,60,,,,,,,,,,,,,,,,,,,,,,,,,,,,,,,,,,,,6,6,2,Hand,i,TR,0,0,0,0,8,0,64,0,1,2,0.014162534,a,99,8,0,,,,,,,,,,,,,,,,,,,0,h,0.022,0,0,0,0,1,,,,,,,,,,,,,,,,,,,,,,,,,,,,,,,,,,,,,,,,,,,,,,,,,,,,,,,,,,,,,,,,,,,,,,,,,,,,,,,,,,,,,
,,,,,,,,,,,,,,,,,120,4,2024-09-06_13h38.38.181,Symbol-E,2020.1.3,Win32,Firefox,Mozilla/5.0 (Windows NT 10.0; Win64; x64; rv:129.0) Gecko/20100101 Firefox/129.0,60,,,,,,,,,,,,,,,,,,,,,,,,,,,,,,,,,,,,,,,,,,,,,,,,,,,,,,,,,,,,,,,,,,,,,,,,,,,,,,,,,,,64,0,64,0,1,,,,,,,,,,,,,,,,,,,,,,,,,,,,,,,,,,,,,,,,,,,,,,,,,,,,,,,,,,,,,,,,,,,,,,,,,,,,,,,,
,,,,,,,,,,,,,,,,,120,4,2024-09-06_13h38.38.181,Symbol-E,2020.1.3,Win32,Firefox,Mozilla/5.0 (Windows NT 10.0; Win64; x64; rv:129.0) Gecko/20100101 Firefox/129.0,60,,,,,,,,,,,,,,,,,,,,,,,,,,,,,,,,,,,,1,1,1,Hand,w,TR,0,0,0,0,8,0,65,0,1,2,0.681983348,h,0,4,0,,,,,,,,,,,,,,,,,,h,0,h,2.306,0,0,0,0,1,,,,,,0,,,,,,,,,,,,,,,,,,,,,,,,,,,,,,,,,,,,,,,,,,,,,,,,,,,,,,,,,,,,,,,,,,,,,,,,,,,,,,,
,,,,,,,,,,,,,,,,,120,4,2024-09-06_13h38.38.181,Symbol-E,2020.1.3,Win32,Firefox,Mozilla/5.0 (Windows NT 10.0; Win64; x64; rv:129.0) Gecko/20100101 Firefox/129.0,60,,,,,,,,,,,,,,,,,,,,,,,,,,,,,,,,,,,,,,,,,,,,,,,,,,,,,,,,,,,,,,,,,,,,,,,,,,,,,,,,,,,65,0,65,0,1,,,,,,,,,,,,,,,,,,,,,,,,,,,,,,,,,,,,,,,,,,,,,,,,,,,,,,,,,,,,,,,,,,,,,,,,,,,,,,,,
,,,,,,,,,,,,,,,,,120,4,2024-09-06_13h38.38.181,Symbol-E,2020.1.3,Win32,Firefox,Mozilla/5.0 (Windows NT 10.0; Win64; x64; rv:129.0) Gecko/20100101 Firefox/129.0,60,,,,,,,,,,,,,,,,,,,,,,,,,,,,,,,,,,,,0,0,0,Hand,a,TR,0,0,0,0,8,0,66,0,1,2,0.831105104,a,1.235,0,1,,,,,,,,,,,,,,,,,,a,1,,,,,,,,,,,,,1.235,0,0,0,0,1,,,,,,,,,,,,,,,,,,,,,,,,,,,,,,,,,,,,,,,,,,,,,,,,,,,,,,,,,,,,,,,,,,,,,,,,,,
,,,,,,,,,,,,,,,,,120,4,2024-09-06_13h38.38.181,Symbol-E,2020.1.3,Win32,Firefox,Mozilla/5.0 (Windows NT 10.0; Win64; x64; rv:129.0) Gecko/20100101 Firefox/129.0,60,,,,,,,,,,,,,,,,,,,,,,,,,,,,,,,,,,,,,,,,,,,,,,,,,,,,,,,,,,,,,,,,,,,,,,,,,,,,,,,,,,,66,0,66,0,1,,,,,,,,,,,,,,,,,,,,,,,,,,,,,,,,,,,,,,,,,,,,,,,,,,,,,,,,,,,,,,,,,,,,,,,,,,,,,,,,
,,,,,,,,,,,,,,,,,120,4,2024-09-06_13h38.38.181,Symbol-E,2020.1.3,Win32,Firefox,Mozilla/5.0 (Windows NT 10.0; Win64; x64; rv:129.0) Gecko/20100101 Firefox/129.0,60,,,,,,,,,,,,,,,,,,,,,,,,,,,,,,,,,,,,4,4,0,Hand,h,TR,0,0,0,0,8,0,67,0,1,2,0.423545058,h,1.196,4,1,,,,,,,,,,,,,,,,,,h,1,,,,,,,,,,,,,1.196,0,0,0,0,1,,,,,,,,,,,,,,,,,,,,,,,,,,,,,,,,,,,,,,,,,,,,,,,,,,,,,,,,,,,,,,,,,,,,,,,,,,
,,,,,,,,,,,,,,,,,120,4,2024-09-06_13h38.38.181,Symbol-E,2020.1.3,Win32,Firefox,Mozilla/5.0 (Windows NT 10.0; Win64; x64; rv:129.0) Gecko/20100101 Firefox/129.0,60,,,,,,,,,,,,,,,,,,,,,,,,,,,,,,,,,,,,,,,,,,,,,,,,,,,,,,,,,,,,,,,,,,,,,,,,,,,,,,,,,,,67,0,67,0,1,,,,,,,,,,,,,,,,,,,,,,,,,,,,,,,,,,,,,,,,,,,,,,,,,,,,,,,,,,,,,,,,,,,,,,,,,,,,,,,,
,,,,,,,,,,,,,,,,,120,4,2024-09-06_13h38.38.181,Symbol-E,2020.1.3,Win32,Firefox,Mozilla/5.0 (Windows NT 10.0; Win64; x64; rv:129.0) Gecko/20100101 Firefox/129.0,60,,,,,,,,,,,,,,,,,,,,,,,,,,,,,,,,,,,,2,2,2,Hand,e,TR,0,0,0,0,8,0,68,0,1,2,0.522528595,e,1.31,2,1,,,,,,,,,,,,,,,,,,e,1,,,,,,,,,,,,,1.31,0,0,0,0,1,,,,,,,,,,,,,,,,,,,,,,,,,,,,,,,,,,,,,,,,,,,,,,,,,,,,,,,,,,,,,,,,,,,,,,,,,,
,,,,,,,,,,,,,,,,,120,4,2024-09-06_13h38.38.181,Symbol-E,2020.1.3,Win32,Firefox,Mozilla/5.0 (Windows NT 10.0; Win64; x64; rv:129.0) Gecko/20100101 Firefox/129.0,60,,,,,,,,,,,,,,,,,,,,,,,,,,,,,,,,,,,,,,,,,,,,,,,,,,,,,,,,,,,,,,,,,,,,,,,,,,,,,,,,,,,68,0,68,0,1,,,,,,,,,,,,,,,,,,,,,,,,,,,,,,,,,,,,,,,,,,,,,,,,,,,,,,,,,,,,,,,,,,,,,,,,,,,,,,,,
,,,,,,,,,,,,,,,,,120,4,2024-09-06_13h38.38.181,Symbol-E,2020.1.3,Win32,Firefox,Mozilla/5.0 (Windows NT 10.0; Win64; x64; rv:129.0) Gecko/20100101 Firefox/129.0,60,,,,,,,,,,,,,,,,,,,,,,,,,,,,,,,,,,,,7,7,3,Hand,l,TR,0,0,0,0,8,0,69,0,1,2,0.83861464,l,1.088,7,1,,,,,,,,,,,,,,,,,,l,1,,,,,,,,,,,,,1.088,0,0,0,0,1,,,,,,,,,,,,,,,,,,,,,,,,,,,,,,,,,,,,,,,,,,,,,,,,,,,,,,,,,,,,,,,,,,,,,,,,,,
,,,,,,,,,,,,,,,,,120,4,2024-09-06_13h38.38.181,Symbol-E,2020.1.3,Win32,Firefox,Mozilla/5.0 (Windows NT 10.0; Win64; x64; rv:129.0) Gecko/20100101 Firefox/129.0,60,,,,,,,,,,,,,,,,,,,,,,,,,,,,,,,,,,,,,,,,,,,,,,,,,,,,,,,,,,,,,,,,,,,,,,,,,,,,,,,,,,,69,0,69,0,1,,,,,,,,,,,,,,,,,,,,,,,,,,,,,,,,,,,,,,,,,,,,,,,,,,,,,,,,,,,,,,,,,,,,,,,,,,,,,,,,
,,,,,,,,,,,,,,,,,120,4,2024-09-06_13h38.38.181,Symbol-E,2020.1.3,Win32,Firefox,Mozilla/5.0 (Windows NT 10.0; Win64; x64; rv:129.0) Gecko/20100101 Firefox/129.0,60,,,,,,,,,,,,,,,,,,,,,,,,,,,,,,,,,,,,5,5,1,Hand,u,TR,0,0,0,0,8,0,70,0,1,2,0.513853672,u,1.235,5,1,,,,,,,,,,,,,,,,,,u,1,,,,,,,,,,,,,1.235,0,0,0,0,1,,,,,,,,,,,,,,,,,,,,,,,,,,,,,,,,,,,,,,,,,,,,,,,,,,,,,,,,,,,,,,,,,,,,,,,,,,
,,,,,,,,,,,,,,,,,120,4,2024-09-06_13h38.38.181,Symbol-E,2020.1.3,Win32,Firefox,Mozilla/5.0 (Windows NT 10.0; Win64; x64; rv:129.0) Gecko/20100101 Firefox/129.0,60,,,,,,,,,,,,,,,,,,,,,,,,,,,,,,,,,,,,,,,,,,,,,,,,,,,,,,,,,,,,,,,,,,,,,,,,,,,,,,,,,,,70,0,70,0,1,,,,,,,,,,,,,,,,,,,,,,,,,,,,,,,,,,,,,,,,,,,,,,,,,,,,,,,,,,,,,,,,,,,,,,,,,,,,,,,,
,,,,,,,,,,,,,,,,,120,4,2024-09-06_13h38.38.181,Symbol-E,2020.1.3,Win32,Firefox,Mozilla/5.0 (Windows NT 10.0; Win64; x64; rv:129.0) Gecko/20100101 Firefox/129.0,60,,,,,,,,,,,,,,,,,,,,,,,,,,,,,,,,,,,,3,3,3,Hand,f,TR,0,0,0,0,8,0,71,0,1,2,0.671077915,f,1.22,3,1,,,,,,,,,,,,,,,,,,f,1,,,,,,,,,,,,,1.22,0,0,0,0,1,,,,,,,,,,,,,,,,,,,,,,,,,,,,,,,,,,,,,,,,,,,,,,,,,,,,,,,,,,,,,,,,,,,,,,,,,,
,,,,,,,,,,,,,,,,,120,4,2024-09-06_13h38.38.181,Symbol-E,2020.1.3,Win32,Firefox,Mozilla/5.0 (Windows NT 10.0; Win64; x64; rv:129.0) Gecko/20100101 Firefox/129.0,60,,,,,,,,,,,,,,,,,,,,,,,,,,,,,,,,,,,,,,,,,,,,,,,,,,,,,,,,,,,,,,,,,,,,,,,,,,,,,,,,,,,71,0,71,0,1,,,,,,,,,,,,,,,,,,,,,,,,,,,,,,,,,,,,,,,,,,,,,,,,,,,,,,,,,,,,,,,,,,,,,,,,,,,,,,,,
,,,,,,,,,,,,,,,,,120,4,2024-09-06_13h38.38.181,Symbol-E,2020.1.3,Win32,Firefox,Mozilla/5.0 (Windows NT 10.0; Win64; x64; rv:129.0) Gecko/20100101 Firefox/129.0,60,,,,,,,,,,,,,,,,,,,,,,,,,,,,,,,,,,,,2,2,2,Hand,e,TR,0,0,0,0,8,0,72,0,1,2,0.48553072,e,1.298,2,1,,,,,,,,,,,,,,,,,,e,1,,,,,,,,,,,,,1.298,0,0,0,0,1,,,,,,,,,,,,,,,,,,,,,,,,,,,,,,,,,,,,,,,,,,,,,,,,,,,,,,,,,,,,,,,,,,,,,,,,,,
,,,,,,,,,,,,,,,,,120,4,2024-09-06_13h38.38.181,Symbol-E,2020.1.3,Win32,Firefox,Mozilla/5.0 (Windows NT 10.0; Win64; x64; rv:129.0) Gecko/20100101 Firefox/129.0,60,,,,,,,,,,,,,,,,,,,,,,,,,,,,,,,,,,,,,,,,,,,,,,,,,,,,,,,,,,,,,,,,,,,,,,,,,,,,,,,,,,,72,0,72,0,1,,,,,,,,,,,,,,,,,,,,,,,,,,,,,,,,,,,,,,,,,,,,,,,,,,,,,,,,,,,,,,,,,,,,,,,,,,,,,,,,
,,,,,,,,,,,,,,,,,120,4,2024-09-06_13h38.38.181,Symbol-E,2020.1.3,Win32,Firefox,Mozilla/5.0 (Windows NT 10.0; Win64; x64; rv:129.0) Gecko/20100101 Firefox/129.0,60,,,,,,,,,,,,,,,,,,,,,,,,,,,,,,,,,,,,4,4,0,Hand,h,TR,0,0,0,0,8,0,73,0,1,2,0.540410633,h,1.35,4,1,,,,,,,,,,,,,,,,,,h,1,,,,,,,,,,,,,1.35,0,0,0,0,1,,,,,,,,,,,,,,,,,,,,,,,,,,,,,,,,,,,,,,,,,,,,,,,,,,,,,,,,,,,,,,,,,,,,,,,,,,
,,,,,,,,,,,,,,,,,120,4,2024-09-06_13h38.38.181,Symbol-E,2020.1.3,Win32,Firefox,Mozilla/5.0 (Windows NT 10.0; Win64; x64; rv:129.0) Gecko/20100101 Firefox/129.0,60,,,,,,,,,,,,,,,,,,,,,,,,,,,,,,,,,,,,,,,,,,,,,,,,,,,,,,,,,,,,,,,,,,,,,,,,,,,,,,,,,,,73,0,73,0,1,,,,,,,,,,,,,,,,,,,,,,,,,,,,,,,,,,,,,,,,,,,,,,,,,,,,,,,,,,,,,,,,,,,,,,,,,,,,,,,,
,,,,,,,,,,,,,,,,,120,4,2024-09-06_13h38.38.181,Symbol-E,2020.1.3,Win32,Firefox,Mozilla/5.0 (Windows NT 10.0; Win64; x64; rv:129.0) Gecko/20100101 Firefox/129.0,60,,,,,,,,,,,,,,,,,,,,,,,,,,,,,,,,,,,,3,3,3,Hand,f,TR,0,0,0,0,8,0,74,0,1,2,0.930507572,f,1.245,3,1,,,,,,,,,,,,,,,,,,f,1,,,,,,,,,,,,,1.245,0,0,0,0,1,,,,,,,,,,,,,,,,,,,,,,,,,,,,,,,,,,,,,,,,,,,,,,,,,,,,,,,,,,,,,,,,,,,,,,,,,,
,,,,,,,,,,,,,,,,,120,4,2024-09-06_13h38.38.181,Symbol-E,2020.1.3,Win32,Firefox,Mozilla/5.0 (Windows NT 10.0; Win64; x64; rv:129.0) Gecko/20100101 Firefox/129.0,60,,,,,,,,,,,,,,,,,,,,,,,,,,,,,,,,,,,,,,,,,,,,,,,,,,,,,,,,,,,,,,,,,,,,,,,,,,,,,,,,,,,74,0,74,0,1,,,,,,,,,,,,,,,,,,,,,,,,,,,,,,,,,,,,,,,,,,,,,,,,,,,,,,,,,,,,,,,,,,,,,,,,,,,,,,,,
,,,,,,,,,,,,,,,,,120,4,2024-09-06_13h38.38.181,Symbol-E,2020.1.3,Win32,Firefox,Mozilla/5.0 (Windows NT 10.0; Win64; x64; rv:129.0) Gecko/20100101 Firefox/129.0,60,,,,,,,,,,,,,,,,,,,,,,,,,,,,,,,,,,,,6,6,2,Hand,i,TR,0,0,0,0,8,0,75,0,1,2,0.713897893,i,1.164,6,1,,,,,,,,,,,,,,,,,,i,1,,,,,,,,,,,,,1.164,0,0,0,0,1,,,,,,,,,,,,,,,,,,,,,,,,,,,,,,,,,,,,,,,,,,,,,,,,,,,,,,,,,,,,,,,,,,,,,,,,,,
,,,,,,,,,,,,,,,,,120,4,2024-09-06_13h38.38.181,Symbol-E,2020.1.3,Win32,Firefox,Mozilla/5.0 (Windows NT 10.0; Win64; x64; rv:129.0) Gecko/20100101 Firefox/129.0,60,,,,,,,,,,,,,,,,,,,,,,,,,,,,,,,,,,,,,,,,,,,,,,,,,,,,,,,,,,,,,,,,,,,,,,,,,,,,,,,,,,,75,0,75,0,1,,,,,,,,,,,,,,,,,,,,,,,,,,,,,,,,,,,,,,,,,,,,,,,,,,,,,,,,,,,,,,,,,,,,,,,,,,,,,,,,
,,,,,,,,,,,,,,,,,120,4,2024-09-06_13h38.38.181,Symbol-E,2020.1.3,Win32,Firefox,Mozilla/5.0 (Windows NT 10.0; Win64; x64; rv:129.0) Gecko/20100101 Firefox/129.0,60,,,,,,,,,,,,,,,,,,,,,,,,,,,,,,,,,,,,5,5,1,Hand,u,TR,0,0,0,0,8,0,76,0,1,2,0.453075385,u,1.187,5,1,,,,,,,,,,,,,,,,,,u,1,,,,,,,,,,,,,1.187,0,0,0,0,1,,,,,,,,,,,,,,,,,,,,,,,,,,,,,,,,,,,,,,,,,,,,,,,,,,,,,,,,,,,,,,,,,,,,,,,,,,
,,,,,,,,,,,,,,,,,120,4,2024-09-06_13h38.38.181,Symbol-E,2020.1.3,Win32,Firefox,Mozilla/5.0 (Windows NT 10.0; Win64; x64; rv:129.0) Gecko/20100101 Firefox/129.0,60,,,,,,,,,,,,,,,,,,,,,,,,,,,,,,,,,,,,,,,,,,,,,,,,,,,,,,,,,,,,,,,,,,,,,,,,,,,,,,,,,,,76,0,76,0,1,,,,,,,,,,,,,,,,,,,,,,,,,,,,,,,,,,,,,,,,,,,,,,,,,,,,,,,,,,,,,,,,,,,,,,,,,,,,,,,,
,,,,,,,,,,,,,,,,,120,4,2024-09-06_13h38.38.181,Symbol-E,2020.1.3,Win32,Firefox,Mozilla/5.0 (Windows NT 10.0; Win64; x64; rv:129.0) Gecko/20100101 Firefox/129.0,60,,,,,,,,,,,,,,,,,,,,,,,,,,,,,,,,,,,,1,1,1,Hand,w,TR,0,0,0,0,8,0,77,0,1,2,0.640000775,w,1.124,1,1,,,,,,,,,,,,,,,,,,w,1,,,,,,,,,,,,,1.124,0,0,0,0,1,,,,,,,,,,,,,,,,,,,,,,,,,,,,,,,,,,,,,,,,,,,,,,,,,,,,,,,,,,,,,,,,,,,,,,,,,,
,,,,,,,,,,,,,,,,,120,4,2024-09-06_13h38.38.181,Symbol-E,2020.1.3,Win32,Firefox,Mozilla/5.0 (Windows NT 10.0; Win64; x64; rv:129.0) Gecko/20100101 Firefox/129.0,60,,,,,,,,,,,,,,,,,,,,,,,,,,,,,,,,,,,,,,,,,,,,,,,,,,,,,,,,,,,,,,,,,,,,,,,,,,,,,,,,,,,77,0,77,0,1,,,,,,,,,,,,,,,,,,,,,,,,,,,,,,,,,,,,,,,,,,,,,,,,,,,,,,,,,,,,,,,,,,,,,,,,,,,,,,,,
,,,,,,,,,,,,,,,,,120,4,2024-09-06_13h38.38.181,Symbol-E,2020.1.3,Win32,Firefox,Mozilla/5.0 (Windows NT 10.0; Win64; x64; rv:129.0) Gecko/20100101 Firefox/129.0,60,,,,,,,,,,,,,,,,,,,,,,,,,,,,,,,,,,,,7,7,3,Hand,l,TR,0,0,0,0,8,0,78,0,1,2,0.391598884,l,1.224,7,1,,,,,,,,,,,,,,,,,,l,1,,,,,,,,,,,,,1.224,0,0,0,0,1,,,,,,,,,,,,,,,,,,,,,,,,,,,,,,,,,,,,,,,,,,,,,,,,,,,,,,,,,,,,,,,,,,,,,,,,,,
,,,,,,,,,,,,,,,,,120,4,2024-09-06_13h38.38.181,Symbol-E,2020.1.3,Win32,Firefox,Mozilla/5.0 (Windows NT 10.0; Win64; x64; rv:129.0) Gecko/20100101 Firefox/129.0,60,,,,,,,,,,,,,,,,,,,,,,,,,,,,,,,,,,,,,,,,,,,,,,,,,,,,,,,,,,,,,,,,,,,,,,,,,,,,,,,,,,,78,0,78,0,1,,,,,,,,,,,,,,,,,,,,,,,,,,,,,,,,,,,,,,,,,,,,,,,,,,,,,,,,,,,,,,,,,,,,,,,,,,,,,,,,
,,,,,,,,,,,,,,,,,120,4,2024-09-06_13h38.38.181,Symbol-E,2020.1.3,Win32,Firefox,Mozilla/5.0 (Windows NT 10.0; Win64; x64; rv:129.0) Gecko/20100101 Firefox/129.0,60,,,,,,,,,,,,,,,,,,,,,,,,,,,,,,,,,,,,0,0,0,Hand,a,TR,0,0,0,0,8,0,79,0,1,2,8.13941E-05,a,99,8,0,,,,,,,,,,,,,,,,,,,0,h,0.145,0,0,0,0,1,,,,,,,,,,,,,,,,,,,,,,,,,,,,,,,,,,,,,,,,,,,,,,,,,,,,,,,,,,,,,,,,,,,,,,,,,,,,,,,,,,,,,
,,,,,,,,,,,,,,,,,120,4,2024-09-06_13h38.38.181,Symbol-E,2020.1.3,Win32,Firefox,Mozilla/5.0 (Windows NT 10.0; Win64; x64; rv:129.0) Gecko/20100101 Firefox/129.0,60,,,,,,,,,,,,,,,,,,,,,,,,,,,,,,,,,,,,,,,,,,,,,,,,,,,,,,,,,,,,,,,,,,,,,,,,,,,,,,,,,,,79,0,79,0,1,,,,,,,,,,,,,,,,,,,,,,,,,,,,,,,,,,,,,,,,,,,,,,,,,,,,,,,,,,,,,,,,,,,,,,,,,,,,,,,,
,,,,,,,,,,,,,,,,,120,4,2024-09-06_13h38.38.181,Symbol-E,2020.1.3,Win32,Firefox,Mozilla/5.0 (Windows NT 10.0; Win64; x64; rv:129.0) Gecko/20100101 Firefox/129.0,60,,,,,,,,,,,,,,,,,,,,,,,,,,,,,,,,,,,,1,1,1,Hand,w,TR,0,0,0,0,8,0,80,0,1,2,0.982243481,w,1.145,1,1,,,,,,,,,,,,,,,,,,w,1,,,,,,,,,,,,,1.145,0,0,0,0,1,,,,,,,,,,,,,,,,,,,,,,,,,,,,,,,,,,,,,,,,,,,,,,,,,,,,,,,,,,,,,,,,,,,,,,,,,,
,,,,,,,,,,,,,,,,,120,4,2024-09-06_13h38.38.181,Symbol-E,2020.1.3,Win32,Firefox,Mozilla/5.0 (Windows NT 10.0; Win64; x64; rv:129.0) Gecko/20100101 Firefox/129.0,60,,,,,,,,,,,,,,,,,,,,,,,,,,,,,,,,,,,,,,,,,,,,,,,,,,,,,,,,,,,,,,,,,,,,,,,,,,,,,,,,,,,80,0,80,0,1,,,,,,,,,,,,,,,,,,,,,,,,,,,,,,,,,,,,,,,,,,,,,,,,,,,,,,,,,,,,,,,,,,,,,,,,,,,,,,,,
,,,,,,,,,,,,,,,,,120,4,2024-09-06_13h38.38.181,Symbol-E,2020.1.3,Win32,Firefox,Mozilla/5.0 (Windows NT 10.0; Win64; x64; rv:129.0) Gecko/20100101 Firefox/129.0,60,,,,,,,,,,,,,,,,,,,,,,,,,,,,,,,,,,,,6,6,2,Hand,i,TR,0,0,0,0,8,0,81,0,1,2,0.062128166,h,1.343,4,0,,,,,,,,,,,,,,,,,,h,0,,,,,,,,,,,,,1.343,0,0,0,0,1,,,,,,,,,,,,,,,,,,,,,,,,,,,,,,,,,,,,,,,,,,,,,,,,,,,,,,,,,,,,,,,,,,,,,,,,,,
,,,,,,,,,,,,,,,,,120,4,2024-09-06_13h38.38.181,Symbol-E,2020.1.3,Win32,Firefox,Mozilla/5.0 (Windows NT 10.0; Win64; x64; rv:129.0) Gecko/20100101 Firefox/129.0,60,,,,,,,,,,,,,,,,,,,,,,,,,,,,,,,,,,,,,,,,,,,,,,,,,,,,,,,,,,,,,,,,,,,,,,,,,,,,,,,,,,,81,0,81,0,1,,,,,,,,,,,,,,,,,,,,,,,,,,,,,,,,,,,,,,,,,,,,,,,,,,,,,,,,,,,,,,,,,,,,,,,,,,,,,,,,
,,,,,,,,,,,,,,,,,120,4,2024-09-06_13h38.38.181,Symbol-E,2020.1.3,Win32,Firefox,Mozilla/5.0 (Windows NT 10.0; Win64; x64; rv:129.0) Gecko/20100101 Firefox/129.0,60,,,,,,,,,,,,,,,,,,,,,,,,,,,,,,,,,,,,7,7,3,Hand,l,TR,0,0,0,0,8,0,82,0,1,2,0.862763979,l,1.117,7,1,,,,,,,,,,,,,,,,,,l,1,,,,,,,,,,,,,1.117,0,0,0,0,1,,,,,,,,,,,,,,,,,,,,,,,,,,,,,,,,,,,,,,,,,,,,,,,,,,,,,,,,,,,,,,,,,,,,,,,,,,
,,,,,,,,,,,,,,,,,120,4,2024-09-06_13h38.38.181,Symbol-E,2020.1.3,Win32,Firefox,Mozilla/5.0 (Windows NT 10.0; Win64; x64; rv:129.0) Gecko/20100101 Firefox/129.0,60,,,,,,,,,,,,,,,,,,,,,,,,,,,,,,,,,,,,,,,,,,,,,,,,,,,,,,,,,,,,,,,,,,,,,,,,,,,,,,,,,,,82,0,82,0,1,,,,,,,,,,,,,,,,,,,,,,,,,,,,,,,,,,,,,,,,,,,,,,,,,,,,,,,,,,,,,,,,,,,,,,,,,,,,,,,,
,,,,,,,,,,,,,,,,,120,4,2024-09-06_13h38.38.181,Symbol-E,2020.1.3,Win32,Firefox,Mozilla/5.0 (Windows NT 10.0; Win64; x64; rv:129.0) Gecko/20100101 Firefox/129.0,60,,,,,,,,,,,,,,,,,,,,,,,,,,,,,,,,,,,,6,6,2,Hand,i,TR,0,0,0,0,8,0,83,0,1,2,0.468873112,i,1.219,6,1,,,,,,,,,,,,,,,,,,i,1,,,,,,,,,,,,,1.219,0,0,0,0,1,,,,,,,,,,,,,,,,,,,,,,,,,,,,,,,,,,,,,,,,,,,,,,,,,,,,,,,,,,,,,,,,,,,,,,,,,,
,,,,,,,,,,,,,,,,,120,4,2024-09-06_13h38.38.181,Symbol-E,2020.1.3,Win32,Firefox,Mozilla/5.0 (Windows NT 10.0; Win64; x64; rv:129.0) Gecko/20100101 Firefox/129.0,60,,,,,,,,,,,,,,,,,,,,,,,,,,,,,,,,,,,,,,,,,,,,,,,,,,,,,,,,,,,,,,,,,,,,,,,,,,,,,,,,,,,83,0,83,0,1,,,,,,,,,,,,,,,,,,,,,,,,,,,,,,,,,,,,,,,,,,,,,,,,,,,,,,,,,,,,,,,,,,,,,,,,,,,,,,,,
,,,,,,,,,,,,,,,,,120,4,2024-09-06_13h38.38.181,Symbol-E,2020.1.3,Win32,Firefox,Mozilla/5.0 (Windows NT 10.0; Win64; x64; rv:129.0) Gecko/20100101 Firefox/129.0,60,,,,,,,,,,,,,,,,,,,,,,,,,,,,,,,,,,,,1,1,1,Hand,w,TR,0,0,0,0,8,0,84,0,1,2,1.102440063,w,1.137,1,1,,,,,,,,,,,,,,,,,,w,1,,,,,,,,,,,,,1.137,0,0,0,0,1,,,,,,,,,,,,,,,,,,,,,,,,,,,,,,,,,,,,,,,,,,,,,,,,,,,,,,,,,,,,,,,,,,,,,,,,,,
,,,,,,,,,,,,,,,,,120,4,2024-09-06_13h38.38.181,Symbol-E,2020.1.3,Win32,Firefox,Mozilla/5.0 (Windows NT 10.0; Win64; x64; rv:129.0) Gecko/20100101 Firefox/129.0,60,,,,,,,,,,,,,,,,,,,,,,,,,,,,,,,,,,,,,,,,,,,,,,,,,,,,,,,,,,,,,,,,,,,,,,,,,,,,,,,,,,,84,0,84,0,1,,,,,,,,,,,,,,,,,,,,,,,,,,,,,,,,,,,,,,,,,,,,,,,,,,,,,,,,,,,,,,,,,,,,,,,,,,,,,,,,
,,,,,,,,,,,,,,,,,120,4,2024-09-06_13h38.38.181,Symbol-E,2020.1.3,Win32,Firefox,Mozilla/5.0 (Windows NT 10.0; Win64; x64; rv:129.0) Gecko/20100101 Firefox/129.0,60,,,,,,,,,,,,,,,,,,,,,,,,,,,,,,,,,,,,5,5,1,Hand,u,TR,0,0,0,0,8,0,85,0,1,2,1.047329021,u,1.113,5,1,,,,,,,,,,,,,,,,,,u,1,,,,,,,,,,,,,1.113,0,0,0,0,1,,,,,,,,,,,,,,,,,,,,,,,,,,,,,,,,,,,,,,,,,,,,,,,,,,,,,,,,,,,,,,,,,,,,,,,,,,
,,,,,,,,,,,,,,,,,120,4,2024-09-06_13h38.38.181,Symbol-E,2020.1.3,Win32,Firefox,Mozilla/5.0 (Windows NT 10.0; Win64; x64; rv:129.0) Gecko/20100101 Firefox/129.0,60,,,,,,,,,,,,,,,,,,,,,,,,,,,,,,,,,,,,,,,,,,,,,,,,,,,,,,,,,,,,,,,,,,,,,,,,,,,,,,,,,,,85,0,85,0,1,,,,,,,,,,,,,,,,,,,,,,,,,,,,,,,,,,,,,,,,,,,,,,,,,,,,,,,,,,,,,,,,,,,,,,,,,,,,,,,,
,,,,,,,,,,,,,,,,,120,4,2024-09-06_13h38.38.181,Symbol-E,2020.1.3,Win32,Firefox,Mozilla/5.0 (Windows NT 10.0; Win64; x64; rv:129.0) Gecko/20100101 Firefox/129.0,60,,,,,,,,,,,,,,,,,,,,,,,,,,,,,,,,,,,,7,7,3,Hand,l,TR,0,0,0,0,8,0,86,0,1,2,0.071296261,a,1.254,0,0,,,,,,,,,,,,,,,,,,a,0,,,,,,,,,,,,,1.254,0,0,0,0,1,,,,,,,,,,,,,,,,,,,,,,,,,,,,,,,,,,,,,,,,,,,,,,,,,,,,,,,,,,,,,,,,,,,,,,,,,,
,,,,,,,,,,,,,,,,,120,4,2024-09-06_13h38.38.181,Symbol-E,2020.1.3,Win32,Firefox,Mozilla/5.0 (Windows NT 10.0; Win64; x64; rv:129.0) Gecko/20100101 Firefox/129.0,60,,,,,,,,,,,,,,,,,,,,,,,,,,,,,,,,,,,,,,,,,,,,,,,,,,,,,,,,,,,,,,,,,,,,,,,,,,,,,,,,,,,86,0,86,0,1,,,,,,,,,,,,,,,,,,,,,,,,,,,,,,,,,,,,,,,,,,,,,,,,,,,,,,,,,,,,,,,,,,,,,,,,,,,,,,,,
,,,,,,,,,,,,,,,,,120,4,2024-09-06_13h38.38.181,Symbol-E,2020.1.3,Win32,Firefox,Mozilla/5.0 (Windows NT 10.0; Win64; x64; rv:129.0) Gecko/20100101 Firefox/129.0,60,,,,,,,,,,,,,,,,,,,,,,,,,,,,,,,,,,,,3,3,3,Hand,f,TR,0,0,0,0,8,0,87,0,1,2,0.599165792,f,1.153,3,1,,,,,,,,,,,,,,,,,,f,1,,,,,,,,,,,,,1.153,0,0,0,0,1,,,,,,,,,,,,,,,,,,,,,,,,,,,,,,,,,,,,,,,,,,,,,,,,,,,,,,,,,,,,,,,,,,,,,,,,,,
,,,,,,,,,,,,,,,,,120,4,2024-09-06_13h38.38.181,Symbol-E,2020.1.3,Win32,Firefox,Mozilla/5.0 (Windows NT 10.0; Win64; x64; rv:129.0) Gecko/20100101 Firefox/129.0,60,,,,,,,,,,,,,,,,,,,,,,,,,,,,,,,,,,,,,,,,,,,,,,,,,,,,,,,,,,,,,,,,,,,,,,,,,,,,,,,,,,,87,0,87,0,1,,,,,,,,,,,,,,,,,,,,,,,,,,,,,,,,,,,,,,,,,,,,,,,,,,,,,,,,,,,,,,,,,,,,,,,,,,,,,,,,
,,,,,,,,,,,,,,,,,120,4,2024-09-06_13h38.38.181,Symbol-E,2020.1.3,Win32,Firefox,Mozilla/5.0 (Windows NT 10.0; Win64; x64; rv:129.0) Gecko/20100101 Firefox/129.0,60,,,,,,,,,,,,,,,,,,,,,,,,,,,,,,,,,,,,0,0,0,Hand,a,TR,0,0,0,0,8,0,88,0,1,2,1.069705303,a,1.16,0,1,,,,,,,,,,,,,,,,,,a,1,,,,,,,,,,,,,1.16,0,0,0,0,1,,,,,,,,,,,,,,,,,,,,,,,,,,,,,,,,,,,,,,,,,,,,,,,,,,,,,,,,,,,,,,,,,,,,,,,,,,
,,,,,,,,,,,,,,,,,120,4,2024-09-06_13h38.38.181,Symbol-E,2020.1.3,Win32,Firefox,Mozilla/5.0 (Windows NT 10.0; Win64; x64; rv:129.0) Gecko/20100101 Firefox/129.0,60,,,,,,,,,,,,,,,,,,,,,,,,,,,,,,,,,,,,,,,,,,,,,,,,,,,,,,,,,,,,,,,,,,,,,,,,,,,,,,,,,,,88,0,88,0,1,,,,,,,,,,,,,,,,,,,,,,,,,,,,,,,,,,,,,,,,,,,,,,,,,,,,,,,,,,,,,,,,,,,,,,,,,,,,,,,,
,,,,,,,,,,,,,,,,,120,4,2024-09-06_13h38.38.181,Symbol-E,2020.1.3,Win32,Firefox,Mozilla/5.0 (Windows NT 10.0; Win64; x64; rv:129.0) Gecko/20100101 Firefox/129.0,60,,,,,,,,,,,,,,,,,,,,,,,,,,,,,,,,,,,,3,3,3,Hand,f,TR,0,0,0,0,8,0,89,0,1,2,0.267724377,u,0.807,5,0,,,,,,,,,,,,,,,,,,u,0,h,1.207,0,0,0,0,1,,,,,,0.807,,,,,,,,,,,,,,,,,,,,,,,,,,,,,,,,,,,,,,,,,,,,,,,,,,,,,,,,,,,,,,,,,,,,,,,,,,,,,,,
,,,,,,,,,,,,,,,,,120,4,2024-09-06_13h38.38.181,Symbol-E,2020.1.3,Win32,Firefox,Mozilla/5.0 (Windows NT 10.0; Win64; x64; rv:129.0) Gecko/20100101 Firefox/129.0,60,,,,,,,,,,,,,,,,,,,,,,,,,,,,,,,,,,,,,,,,,,,,,,,,,,,,,,,,,,,,,,,,,,,,,,,,,,,,,,,,,,,89,0,89,0,1,,,,,,,,,,,,,,,,,,,,,,,,,,,,,,,,,,,,,,,,,,,,,,,,,,,,,,,,,,,,,,,,,,,,,,,,,,,,,,,,
,,,,,,,,,,,,,,,,,120,4,2024-09-06_13h38.38.181,Symbol-E,2020.1.3,Win32,Firefox,Mozilla/5.0 (Windows NT 10.0; Win64; x64; rv:129.0) Gecko/20100101 Firefox/129.0,60,,,,,,,,,,,,,,,,,,,,,,,,,,,,,,,,,,,,2,2,2,Hand,e,TR,0,0,0,0,8,0,90,0,1,2,0.951595182,e,1.407,2,1,,,,,,,,,,,,,,,,,,e,1,,,,,,,,,,,,,1.407,0,0,0,0,1,,,,,,,,,,,,,,,,,,,,,,,,,,,,,,,,,,,,,,,,,,,,,,,,,,,,,,,,,,,,,,,,,,,,,,,,,,
,,,,,,,,,,,,,,,,,120,4,2024-09-06_13h38.38.181,Symbol-E,2020.1.3,Win32,Firefox,Mozilla/5.0 (Windows NT 10.0; Win64; x64; rv:129.0) Gecko/20100101 Firefox/129.0,60,,,,,,,,,,,,,,,,,,,,,,,,,,,,,,,,,,,,,,,,,,,,,,,,,,,,,,,,,,,,,,,,,,,,,,,,,,,,,,,,,,,90,0,90,0,1,,,,,,,,,,,,,,,,,,,,,,,,,,,,,,,,,,,,,,,,,,,,,,,,,,,,,,,,,,,,,,,,,,,,,,,,,,,,,,,,
,,,,,,,,,,,,,,,,,120,4,2024-09-06_13h38.38.181,Symbol-E,2020.1.3,Win32,Firefox,Mozilla/5.0 (Windows NT 10.0; Win64; x64; rv:129.0) Gecko/20100101 Firefox/129.0,60,,,,,,,,,,,,,,,,,,,,,,,,,,,,,,,,,,,,2,2,2,Hand,e,TR,0,0,0,0,8,0,91,0,1,2,0.337293285,e,1.235,2,1,,,,,,,,,,,,,,,,,,e,1,,,,,,,,,,,,,1.235,0,0,0,0,1,,,,,,,,,,,,,,,,,,,,,,,,,,,,,,,,,,,,,,,,,,,,,,,,,,,,,,,,,,,,,,,,,,,,,,,,,,
,,,,,,,,,,,,,,,,,120,4,2024-09-06_13h38.38.181,Symbol-E,2020.1.3,Win32,Firefox,Mozilla/5.0 (Windows NT 10.0; Win64; x64; rv:129.0) Gecko/20100101 Firefox/129.0,60,,,,,,,,,,,,,,,,,,,,,,,,,,,,,,,,,,,,,,,,,,,,,,,,,,,,,,,,,,,,,,,,,,,,,,,,,,,,,,,,,,,91,0,91,0,1,,,,,,,,,,,,,,,,,,,,,,,,,,,,,,,,,,,,,,,,,,,,,,,,,,,,,,,,,,,,,,,,,,,,,,,,,,,,,,,,
,,,,,,,,,,,,,,,,,120,4,2024-09-06_13h38.38.181,Symbol-E,2020.1.3,Win32,Firefox,Mozilla/5.0 (Windows NT 10.0; Win64; x64; rv:129.0) Gecko/20100101 Firefox/129.0,60,,,,,,,,,,,,,,,,,,,,,,,,,,,,,,,,,,,,4,4,0,Hand,h,TR,0,0,0,0,8,0,92,0,1,2,0.659592319,h,0.868,4,1,,,,,,,,,,,,,,,,,,h,1,h,1.29,0,0,0,0,1,,,,,,0.868,,,,,,,,,,,,,,,,,,,,,,,,,,,,,,,,,,,,,,,,,,,,,,,,,,,,,,,,,,,,,,,,,,,,,,,,,,,,,,,
,,,,,,,,,,,,,,,,,120,4,2024-09-06_13h38.38.181,Symbol-E,2020.1.3,Win32,Firefox,Mozilla/5.0 (Windows NT 10.0; Win64; x64; rv:129.0) Gecko/20100101 Firefox/129.0,60,,,,,,,,,,,,,,,,,,,,,,,,,,,,,,,,,,,,,,,,,,,,,,,,,,,,,,,,,,,,,,,,,,,,,,,,,,,,,,,,,,,92,0,92,0,1,,,,,,,,,,,,,,,,,,,,,,,,,,,,,,,,,,,,,,,,,,,,,,,,,,,,,,,,,,,,,,,,,,,,,,,,,,,,,,,,
,,,,,,,,,,,,,,,,,120,4,2024-09-06_13h38.38.181,Symbol-E,2020.1.3,Win32,Firefox,Mozilla/5.0 (Windows NT 10.0; Win64; x64; rv:129.0) Gecko/20100101 Firefox/129.0,60,,,,,,,,,,,,,,,,,,,,,,,,,,,,,,,,,,,,4,4,0,Hand,h,TR,0,0,0,0,8,0,93,0,1,2,1.09618027,h,1.26,4,1,,,,,,,,,,,,,,,,,,h,1,,,,,,,,,,,,,1.26,0,0,0,0,1,,,,,,,,,,,,,,,,,,,,,,,,,,,,,,,,,,,,,,,,,,,,,,,,,,,,,,,,,,,,,,,,,,,,,,,,,,
,,,,,,,,,,,,,,,,,120,4,2024-09-06_13h38.38.181,Symbol-E,2020.1.3,Win32,Firefox,Mozilla/5.0 (Windows NT 10.0; Win64; x64; rv:129.0) Gecko/20100101 Firefox/129.0,60,,,,,,,,,,,,,,,,,,,,,,,,,,,,,,,,,,,,,,,,,,,,,,,,,,,,,,,,,,,,,,,,,,,,,,,,,,,,,,,,,,,93,0,93,0,1,,,,,,,,,,,,,,,,,,,,,,,,,,,,,,,,,,,,,,,,,,,,,,,,,,,,,,,,,,,,,,,,,,,,,,,,,,,,,,,,
,,,,,,,,,,,,,,,,,120,4,2024-09-06_13h38.38.181,Symbol-E,2020.1.3,Win32,Firefox,Mozilla/5.0 (Windows NT 10.0; Win64; x64; rv:129.0) Gecko/20100101 Firefox/129.0,60,,,,,,,,,,,,,,,,,,,,,,,,,,,,,,,,,,,,0,0,0,Hand,a,TR,0,0,0,0,8,0,94,0,1,2,1.108466575,a,1.262,0,1,,,,,,,,,,,,,,,,,,a,1,,,,,,,,,,,,,1.262,0,0,0,0,1,,,,,,,,,,,,,,,,,,,,,,,,,,,,,,,,,,,,,,,,,,,,,,,,,,,,,,,,,,,,,,,,,,,,,,,,,,
,,,,,,,,,,,,,,,,,120,4,2024-09-06_13h38.38.181,Symbol-E,2020.1.3,Win32,Firefox,Mozilla/5.0 (Windows NT 10.0; Win64; x64; rv:129.0) Gecko/20100101 Firefox/129.0,60,,,,,,,,,,,,,,,,,,,,,,,,,,,,,,,,,,,,,,,,,,,,,,,,,,,,,,,,,,,,,,,,,,,,,,,,,,,,,,,,,,,94,0,94,0,1,,,,,,,,,,,,,,,,,,,,,,,,,,,,,,,,,,,,,,,,,,,,,,,,,,,,,,,,,,,,,,,,,,,,,,,,,,,,,,,,
,,,,,,,,,,,,,,,,,120,4,2024-09-06_13h38.38.181,Symbol-E,2020.1.3,Win32,Firefox,Mozilla/5.0 (Windows NT 10.0; Win64; x64; rv:129.0) Gecko/20100101 Firefox/129.0,60,,,,,,,,,,,,,,,,,,,,,,,,,,,,,,,,,,,,5,5,1,Hand,u,TR,0,0,0,0,8,0,95,0,1,2,0.939052267,u,1.25,5,1,,,,,,,,,,,,,,,,,,u,1,,,,,,,,,,,,,1.25,0,0,0,0,1,,,,,,,,,,,,,,,,,,,,,,,,,,,,,,,,,,,,,,,,,,,,,,,,,,,,,,,,,,,,,,,,,,,,,,,,,,
,,,,,,,,,,,,,,,,,120,4,2024-09-06_13h38.38.181,Symbol-E,2020.1.3,Win32,Firefox,Mozilla/5.0 (Windows NT 10.0; Win64; x64; rv:129.0) Gecko/20100101 Firefox/129.0,60,,,,,,,,,,,,,,,,,,,,,,,,,,,,,,,,,,,,,,,,,,,,,,,,,,,,,,,,,,,,,,,,,,,,,,,,,,,,,,,,,,,95,0,95,0,1,,,,,,,,,,,,,,,,,,,,,,,,,,,,,,,,,,,,,,,,,,,,,,,,,,,,,,,,,,,,,,,,,,,,,,,,,,,,,,,,
,,,,,,,,,,,,,,,,,120,4,2024-09-06_13h38.38.181,Symbol-E,2020.1.3,Win32,Firefox,Mozilla/5.0 (Windows NT 10.0; Win64; x64; rv:129.0) Gecko/20100101 Firefox/129.0,60,,,,,,,,,,,,,,,,,,,,,,,,,,,,,,,,,,,,,,,,,,,,,,,,,,,,,,,,,,,,,,,,,,,,,,,,,,,,,,,,,,,,,,,,,,,,,,,,,,,0,0,0,0,1,,,,,,,,,,,,,,,,,,,,,,,,,,,,,,,,,,,,,,,,,,,,,,,,,,,,,,,,,,,,,,,,
,,,,,,,,,,,,,,,,,120,4,2024-09-06_13h38.38.181,Symbol-E,2020.1.3,Win32,Firefox,Mozilla/5.0 (Windows NT 10.0; Win64; x64; rv:129.0) Gecko/20100101 Firefox/129.0,60,,,,,,,,,,,,,,,,,,,,,,,,,,,,,,,,,,,,media/ddnb.png,7,3,Symb,l,CR,0,0,0,0,8,0,0,0,1,0,99,f,2.524,3,0,,,,,,,,,,,,,,,,,,,,,,,,,,,,,,,,,,,,,,,,,,,,,,,,h,10.089,f,0,2.524,0,0,0,0,1,,,,,,,,,,,,,,,,,,,,,,,,,,,,,,,,,,,,,,,,,,,,,,,,,,,,,,
,,,,,,,,,,,,,,,,,120,4,2024-09-06_13h38.38.181,Symbol-E,2020.1.3,Win32,Firefox,Mozilla/5.0 (Windows NT 10.0; Win64; x64; rv:129.0) Gecko/20100101 Firefox/129.0,60,,,,,,,,,,,,,,,,,,,,,,,,,,,,,,,,,,,,media/ddnb.png,7,3,Symb,l,CR,0,0,0,0,8,1,0,0,1,0,99,h,0.824,4,0,,,,,,,,,,,,,,,,,,,,,,,,,,,,,,,,,,,,,,,,,,,,,,,,,,h,0,0.824,1,0,1,0,1,,,,,,,,,,,,,,,,,,,,,,,,,,,,,,,,,,,,,,,,,,,,,,,,,,,,,,
,,,,,,,,,,,,,,,,,120,4,2024-09-06_13h38.38.181,Symbol-E,2020.1.3,Win32,Firefox,Mozilla/5.0 (Windows NT 10.0; Win64; x64; rv:129.0) Gecko/20100101 Firefox/129.0,60,,,,,,,,,,,,,,,,,,,,,,,,,,,,,,,,,,,,media/ddnb.png,7,3,Symb,l,CR,0,0,0,0,8,2,0,0,1,0,99,e,0.058,2,0,,,,,,,,,,,,,,,,,,,,,,,,,,,,,,,,,,,,,,,,,,,,,,,,,,e,0,0.058,2,0,2,0,1,,,,,,,,,,,,,,,,,,,,,,,,,,,,,,,,,,,,,,,,,,,,,,,,,,,,,,
,,,,,,,,,,,,,,,,,120,4,2024-09-06_13h38.38.181,Symbol-E,2020.1.3,Win32,Firefox,Mozilla/5.0 (Windows NT 10.0; Win64; x64; rv:129.0) Gecko/20100101 Firefox/129.0,60,,,,,,,,,,,,,,,,,,,,,,,,,,,,,,,,,,,,media/ddnb.png,7,3,Symb,l,CR,0,0,0,0,8,3,0,0,1,0,99,e,1.21,2,0,,,,,,,,,,,,,,,,,,,,,,,,,,,,,,,,,,,,,,,,,,,,,,,,,,e,0,1.21,3,0,3,0,1,,,,,,,,,,,,,,,,,,,,,,,,,,,,,,,,,,,,,,,,,,,,,,,,,,,,,,
,,,,,,,,,,,,,,,,,120,4,2024-09-06_13h38.38.181,Symbol-E,2020.1.3,Win32,Firefox,Mozilla/5.0 (Windows NT 10.0; Win64; x64; rv:129.0) Gecko/20100101 Firefox/129.0,60,,,,,,,,,,,,,,,,,,,,,,,,,,,,,,,,,,,,media/ddnb.png,7,3,Symb,l,CR,0,0,0,0,8,4,0,0,1,0,99,i,0.663,6,0,,,,,,,,,,,,,,,,,,,,,,,,,,,,,,,,,,,,,,,,,,,,,,,,,,i,0,0.663,4,0,4,0,1,,,,,,,,,,,,,,,,,,,,,,,,,,,,,,,,,,,,,,,,,,,,,,,,,,,,,,
,,,,,,,,,,,,,,,,,120,4,2024-09-06_13h38.38.181,Symbol-E,2020.1.3,Win32,Firefox,Mozilla/5.0 (Windows NT 10.0; Win64; x64; rv:129.0) Gecko/20100101 Firefox/129.0,60,,,,,,,,,,,,,,,,,,,,,,,,,,,,,,,,,,,,media/ddnb.png,7,3,Symb,l,CR,0,0,0,0,8,5,0,0,1,0,99,l,0.132,7,1,,,,,,,,,,,,,,,,,,,,,,,,,,,,,,,,,,,,,,,,,,,,,,,,,,l,1,0.132,5,0,5,0,1,,,,,,,,,,,,,,,,,,,,,,,,,,,,,,,,,,,,,,,,,,,,,,,,,,,,,,
,,,,,,,,,,,,,,,,,120,4,2024-09-06_13h38.38.181,Symbol-E,2020.1.3,Win32,Firefox,Mozilla/5.0 (Windows NT 10.0; Win64; x64; rv:129.0) Gecko/20100101 Firefox/129.0,60,,,,,,,,,,,,,,,,,,,,,,,,,,,,,,,,,,,,media/dcnb.png,4,0,Symb,h,CR,0,0,0,0,8,0,1,0,1,0,99,a,3.285,0,0,,,,,,,,,,,,,,,,,,,,,,,,,,,,,,,,,,,,,,,,,,,,,,,,,,a,0,3.285,6,0,6,0,1,,,,,,,,,,,,,,,,,,,,,,,,,,,,,,,,,,,,,,,,,,,,,,,,,,,,,,
,,,,,,,,,,,,,,,,,120,4,2024-09-06_13h38.38.181,Symbol-E,2020.1.3,Win32,Firefox,Mozilla/5.0 (Windows NT 10.0; Win64; x64; rv:129.0) Gecko/20100101 Firefox/129.0,60,,,,,,,,,,,,,,,,,,,,,,,,,,,,,,,,,,,,media/dcnb.png,4,0,Symb,h,CR,0,0,0,0,8,1,1,0,1,0,99,e,0.003,2,0,,,,,,,,,,,,,,,,,,,,,,,,,,,,,,,,,,,,,,,,,,,,,,,,,,e,0,0.003,7,0,7,0,1,,,,,,,,,,,,,,,,,,,,,,,,,,,,,,,,,,,,,,,,,,,,,,,,,,,,,,
,,,,,,,,,,,,,,,,,120,4,2024-09-06_13h38.38.181,Symbol-E,2020.1.3,Win32,Firefox,Mozilla/5.0 (Windows NT 10.0; Win64; x64; rv:129.0) Gecko/20100101 Firefox/129.0,60,,,,,,,,,,,,,,,,,,,,,,,,,,,,,,,,,,,,media/dcnb.png,4,0,Symb,h,CR,0,0,0,0,8,2,1,0,1,0,99,w,0.053,1,0,,,,,,,,,,,,,,,,,,,,,,,,,,,,,,,,,,,,,,,,,,,,,,,,,,w,0,0.053,8,0,8,0,1,,,,,,,,,,,,,,,,,,,,,,,,,,,,,,,,,,,,,,,,,,,,,,,,,,,,,,
,,,,,,,,,,,,,,,,,120,4,2024-09-06_13h38.38.181,Symbol-E,2020.1.3,Win32,Firefox,Mozilla/5.0 (Windows NT 10.0; Win64; x64; rv:129.0) Gecko/20100101 Firefox/129.0,60,,,,,,,,,,,,,,,,,,,,,,,,,,,,,,,,,,,,media/dcnb.png,4,0,Symb,h,CR,0,0,0,0,8,3,1,0,1,0,99,i,0.322,6,0,,,,,,,,,,,,,,,,,,,,,,,,,,,,,,,,,,,,,,,,,,,,,,,,,,i,0,0.322,9,0,9,0,1,,,,,,,,,,,,,,,,,,,,,,,,,,,,,,,,,,,,,,,,,,,,,,,,,,,,,,
,,,,,,,,,,,,,,,,,120,4,2024-09-06_13h38.38.181,Symbol-E,2020.1.3,Win32,Firefox,Mozilla/5.0 (Windows NT 10.0; Win64; x64; rv:129.0) Gecko/20100101 Firefox/129.0,60,,,,,,,,,,,,,,,,,,,,,,,,,,,,,,,,,,,,media/dcnb.png,4,0,Symb,h,CR,0,0,0,0,8,4,1,0,1,0,99,u,0.022,5,0,,,,,,,,,,,,,,,,,,,,,,,,,,,,,,,,,,,,,,,,,,,,,,,,,,u,0,0.022,10,0,10,0,1,,,,,,,,,,,,,,,,,,,,,,,,,,,,,,,,,,,,,,,,,,,,,,,,,,,,,,
,,,,,,,,,,,,,,,,,120,4,2024-09-06_13h38.38.181,Symbol-E,2020.1.3,Win32,Firefox,Mozilla/5.0 (Windows NT 10.0; Win64; x64; rv:129.0) Gecko/20100101 Firefox/129.0,60,,,,,,,,,,,,,,,,,,,,,,,,,,,,,,,,,,,,media/dcnb.png,4,0,Symb,h,CR,0,0,0,0,8,5,1,0,1,0,99,h,0.115,4,1,,,,,,,,,,,,,,,,,,,,,,,,,,,,,,,,,,,,,,,,,,,,,,,,,,h,1,0.115,11,0,11,0,1,,,,,,,,,,,,,,,,,,,,,,,,,,,,,,,,,,,,,,,,,,,,,,,,,,,,,,
,,,,,,,,,,,,,,,,,120,4,2024-09-06_13h38.38.181,Symbol-E,2020.1.3,Win32,Firefox,Mozilla/5.0 (Windows NT 10.0; Win64; x64; rv:129.0) Gecko/20100101 Firefox/129.0,60,,,,,,,,,,,,,,,,,,,,,,,,,,,,,,,,,,,,media/dfnb.png,3,3,Symb,f,CR,0,0,0,0,8,0,2,0,1,0,99,e,1.257,2,0,,,,,,,,,,,,,,,,,,,,,,,,,,,,,,,,,,,,,,,,,,,,,,,,,,e,0,1.257,12,0,12,0,1,,,,,,,,,,,,,,,,,,,,,,,,,,,,,,,,,,,,,,,,,,,,,,,,,,,,,,
,,,,,,,,,,,,,,,,,120,4,2024-09-06_13h38.38.181,Symbol-E,2020.1.3,Win32,Firefox,Mozilla/5.0 (Windows NT 10.0; Win64; x64; rv:129.0) Gecko/20100101 Firefox/129.0,60,,,,,,,,,,,,,,,,,,,,,,,,,,,,,,,,,,,,media/dfnb.png,3,3,Symb,f,CR,0,0,0,0,8,1,2,0,1,0,99,u,0.61,5,0,,,,,,,,,,,,,,,,,,,,,,,,,,,,,,,,,,,,,,,,,,,,,,,,,,u,0,0.61,13,0,13,0,1,,,,,,,,,,,,,,,,,,,,,,,,,,,,,,,,,,,,,,,,,,,,,,,,,,,,,,
,,,,,,,,,,,,,,,,,120,4,2024-09-06_13h38.38.181,Symbol-E,2020.1.3,Win32,Firefox,Mozilla/5.0 (Windows NT 10.0; Win64; x64; rv:129.0) Gecko/20100101 Firefox/129.0,60,,,,,,,,,,,,,,,,,,,,,,,,,,,,,,,,,,,,media/dfnb.png,3,3,Symb,f,CR,0,0,0,0,8,2,2,0,1,0,99,i,0.671,6,0,,,,,,,,,,,,,,,,,,,,,,,,,,,,,,,,,,,,,,,,,,,,,,,,,,i,0,0.671,14,0,14,0,1,,,,,,,,,,,,,,,,,,,,,,,,,,,,,,,,,,,,,,,,,,,,,,,,,,,,,,
,,,,,,,,,,,,,,,,,120,4,2024-09-06_13h38.38.181,Symbol-E,2020.1.3,Win32,Firefox,Mozilla/5.0 (Windows NT 10.0; Win64; x64; rv:129.0) Gecko/20100101 Firefox/129.0,60,,,,,,,,,,,,,,,,,,,,,,,,,,,,,,,,,,,,media/dfnb.png,3,3,Symb,f,CR,0,0,0,0,8,3,2,0,1,0,99,e,0.244,2,0,,,,,,,,,,,,,,,,,,,,,,,,,,,,,,,,,,,,,,,,,,,,,,,,,,e,0,0.244,15,0,15,0,1,,,,,,,,,,,,,,,,,,,,,,,,,,,,,,,,,,,,,,,,,,,,,,,,,,,,,,
,,,,,,,,,,,,,,,,,120,4,2024-09-06_13h38.38.181,Symbol-E,2020.1.3,Win32,Firefox,Mozilla/5.0 (Windows NT 10.0; Win64; x64; rv:129.0) Gecko/20100101 Firefox/129.0,60,,,,,,,,,,,,,,,,,,,,,,,,,,,,,,,,,,,,media/dfnb.png,3,3,Symb,f,CR,0,0,0,0,8,4,2,0,1,0,99,w,0.227,1,0,,,,,,,,,,,,,,,,,,,,,,,,,,,,,,,,,,,,,,,,,,,,,,,,,,w,0,0.227,16,0,16,0,1,,,,,,,,,,,,,,,,,,,,,,,,,,,,,,,,,,,,,,,,,,,,,,,,,,,,,,
,,,,,,,,,,,,,,,,,120,4,2024-09-06_13h38.38.181,Symbol-E,2020.1.3,Win32,Firefox,Mozilla/5.0 (Windows NT 10.0; Win64; x64; rv:129.0) Gecko/20100101 Firefox/129.0,60,,,,,,,,,,,,,,,,,,,,,,,,,,,,,,,,,,,,media/dfnb.png,3,3,Symb,f,CR,0,0,0,0,8,5,2,0,1,0,99,e,0.461,2,0,,,,,,,,,,,,,,,,,,,,,,,,,,,,,,,,,,,,,,,,,,,,,,,,,,e,0,0.461,17,0,17,0,1,,,,,,,,,,,,,,,,,,,,,,,,,,,,,,,,,,,,,,,,,,,,,,,,,,,,,,
,,,,,,,,,,,,,,,,,120,4,2024-09-06_13h38.38.181,Symbol-E,2020.1.3,Win32,Firefox,Mozilla/5.0 (Windows NT 10.0; Win64; x64; rv:129.0) Gecko/20100101 Firefox/129.0,60,,,,,,,,,,,,,,,,,,,,,,,,,,,,,,,,,,,,media/dfnb.png,3,3,Symb,f,CR,0,0,0,0,8,6,2,0,1,0,99,f,0.09,3,1,,,,,,,,,,,,,,,,,,,,,,,,,,,,,,,,,,,,,,,,,,,,,,,,,,f,1,0.09,18,0,18,0,1,,,,,,,,,,,,,,,,,,,,,,,,,,,,,,,,,,,,,,,,,,,,,,,,,,,,,,
,,,,,,,,,,,,,,,,,120,4,2024-09-06_13h38.38.181,Symbol-E,2020.1.3,Win32,Firefox,Mozilla/5.0 (Windows NT 10.0; Win64; x64; rv:129.0) Gecko/20100101 Firefox/129.0,60,,,,,,,,,,,,,,,,,,,,,,,,,,,,,,,,,,,,media/djnb.png,0,0,Symb,a,CR,0,0,0,0,8,0,3,0,1,0,99,u,1.13,5,0,,,,,,,,,,,,,,,,,,,,,,,,,,,,,,,,,,,,,,,,,,,,,,,,,,u,0,1.13,19,0,19,0,1,,,,,,,,,,,,,,,,,,,,,,,,,,,,,,,,,,,,,,,,,,,,,,,,,,,,,,
,,,,,,,,,,,,,,,,,120,4,2024-09-06_13h38.38.181,Symbol-E,2020.1.3,Win32,Firefox,Mozilla/5.0 (Windows NT 10.0; Win64; x64; rv:129.0) Gecko/20100101 Firefox/129.0,60,,,,,,,,,,,,,,,,,,,,,,,,,,,,,,,,,,,,media/djnb.png,0,0,Symb,a,CR,0,0,0,0,8,1,3,0,1,0,99,w,0.127,1,0,,,,,,,,,,,,,,,,,,,,,,,,,,,,,,,,,,,,,,,,,,,,,,,,,,w,0,0.127,20,0,20,0,1,,,,,,,,,,,,,,,,,,,,,,,,,,,,,,,,,,,,,,,,,,,,,,,,,,,,,,
,,,,,,,,,,,,,,,,,120,4,2024-09-06_13h38.38.181,Symbol-E,2020.1.3,Win32,Firefox,Mozilla/5.0 (Windows NT 10.0; Win64; x64; rv:129.0) Gecko/20100101 Firefox/129.0,60,,,,,,,,,,,,,,,,,,,,,,,,,,,,,,,,,,,,media/djnb.png,0,0,Symb,a,CR,0,0,0,0,8,2,3,0,1,0,99,e,0.166,2,0,,,,,,,,,,,,,,,,,,,,,,,,,,,,,,,,,,,,,,,,,,,,,,,,,,e,0,0.166,21,0,21,0,1,,,,,,,,,,,,,,,,,,,,,,,,,,,,,,,,,,,,,,,,,,,,,,,,,,,,,,
,,,,,,,,,,,,,,,,,120,4,2024-09-06_13h38.38.181,Symbol-E,2020.1.3,Win32,Firefox,Mozilla/5.0 (Windows NT 10.0; Win64; x64; rv:129.0) Gecko/20100101 Firefox/129.0,60,,,,,,,,,,,,,,,,,,,,,,,,,,,,,,,,,,,,media/djnb.png,0,0,Symb,a,CR,0,0,0,0,8,3,3,0,1,0,99,e,0.267,2,0,,,,,,,,,,,,,,,,,,,,,,,,,,,,,,,,,,,,,,,,,,,,,,,,,,e,0,0.267,22,0,22,0,1,,,,,,,,,,,,,,,,,,,,,,,,,,,,,,,,,,,,,,,,,,,,,,,,,,,,,,
,,,,,,,,,,,,,,,,,120,4,2024-09-06_13h38.38.181,Symbol-E,2020.1.3,Win32,Firefox,Mozilla/5.0 (Windows NT 10.0; Win64; x64; rv:129.0) Gecko/20100101 Firefox/129.0,60,,,,,,,,,,,,,,,,,,,,,,,,,,,,,,,,,,,,media/djnb.png,0,0,Symb,a,CR,0,0,0,0,8,4,3,0,1,0,99,a,0.466,0,1,,,,,,,,,,,,,,,,,,,,,,,,,,,,,,,,,,,,,,,,,,,,,,,,,,a,1,0.466,23,0,23,0,1,,,,,,,,,,,,,,,,,,,,,,,,,,,,,,,,,,,,,,,,,,,,,,,,,,,,,,
,,,,,,,,,,,,,,,,,120,4,2024-09-06_13h38.38.181,Symbol-E,2020.1.3,Win32,Firefox,Mozilla/5.0 (Windows NT 10.0; Win64; x64; rv:129.0) Gecko/20100101 Firefox/129.0,60,,,,,,,,,,,,,,,,,,,,,,,,,,,,,,,,,,,,media/dgnb.png,1,1,Symb,w,CR,0,0,0,0,8,0,4,0,1,0,99,e,0.64,2,0,,,,,,,,,,,,,,,,,,,,,,,,,,,,,,,,,,,,,,,,,,,,,,,,,,e,0,0.64,24,0,24,0,1,,,,,,,,,,,,,,,,,,,,,,,,,,,,,,,,,,,,,,,,,,,,,,,,,,,,,,
,,,,,,,,,,,,,,,,,120,4,2024-09-06_13h38.38.181,Symbol-E,2020.1.3,Win32,Firefox,Mozilla/5.0 (Windows NT 10.0; Win64; x64; rv:129.0) Gecko/20100101 Firefox/129.0,60,,,,,,,,,,,,,,,,,,,,,,,,,,,,,,,,,,,,media/dgnb.png,1,1,Symb,w,CR,0,0,0,0,8,1,4,0,1,0,99,w,0.606,1,1,,,,,,,,,,,,,,,,,,,,,,,,,,,,,,,,,,,,,,,,,,,,,,,,,,w,1,0.606,25,0,25,0,1,,,,,,,,,,,,,,,,,,,,,,,,,,,,,,,,,,,,,,,,,,,,,,,,,,,,,,
,,,,,,,,,,,,,,,,,120,4,2024-09-06_13h38.38.181,Symbol-E,2020.1.3,Win32,Firefox,Mozilla/5.0 (Windows NT 10.0; Win64; x64; rv:129.0) Gecko/20100101 Firefox/129.0,60,,,,,,,,,,,,,,,,,,,,,,,,,,,,,,,,,,,,media/dnnb.png,2,2,Symb,e,CR,0,0,0,0,8,0,5,0,1,0,99,e,0.557,2,1,,,,,,,,,,,,,,,,,,,,,,,,,,,,,,,,,,,,,,,,,,,,,,,,,,e,1,0.557,26,0,26,0,1,,,,,,,,,,,,,,,,,,,,,,,,,,,,,,,,,,,,,,,,,,,,,,,,,,,,,,
,,,,,,,,,,,,,,,,,120,4,2024-09-06_13h38.38.181,Symbol-E,2020.1.3,Win32,Firefox,Mozilla/5.0 (Windows NT 10.0; Win64; x64; rv:129.0) Gecko/20100101 Firefox/129.0,60,,,,,,,,,,,,,,,,,,,,,,,,,,,,,,,,,,,,media/dnnb.png,2,2,Symb,e,CR,0,0,0,0,8,0,6,0,1,0,99,e,0.701,2,1,,,,,,,,,,,,,,,,,,,,,,,,,,,,,,,,,,,,,,,,,,,,,,,,,,e,1,0.701,27,0,27,0,1,,,,,,,,,,,,,,,,,,,,,,,,,,,,,,,,,,,,,,,,,,,,,,,,,,,,,,
,,,,,,,,,,,,,,,,,120,4,2024-09-06_13h38.38.181,Symbol-E,2020.1.3,Win32,Firefox,Mozilla/5.0 (Windows NT 10.0; Win64; x64; rv:129.0) Gecko/20100101 Firefox/129.0,60,,,,,,,,,,,,,,,,,,,,,,,,,,,,,,,,,,,,media/dfnb.png,3,3,Symb,f,CR,0,0,0,0,8,0,7,0,1,0,99,u,1.515,5,0,,,,,,,,,,,,,,,,,,,,,,,,,,,,,,,,,,,,,,,,,,,,,,,,,,u,0,1.515,28,0,28,0,1,,,,,,,,,,,,,,,,,,,,,,,,,,,,,,,,,,,,,,,,,,,,,,,,,,,,,,
,,,,,,,,,,,,,,,,,120,4,2024-09-06_13h38.38.181,Symbol-E,2020.1.3,Win32,Firefox,Mozilla/5.0 (Windows NT 10.0; Win64; x64; rv:129.0) Gecko/20100101 Firefox/129.0,60,,,,,,,,,,,,,,,,,,,,,,,,,,,,,,,,,,,,media/dfnb.png,3,3,Symb,f,CR,0,0,0,0,8,1,7,0,1,0,99,h,0.206,4,0,,,,,,,,,,,,,,,,,,,,,,,,,,,,,,,,,,,,,,,,,,,,,,,,,,h,0,0.206,29,0,29,0,1,,,,,,,,,,,,,,,,,,,,,,,,,,,,,,,,,,,,,,,,,,,,,,,,,,,,,,
,,,,,,,,,,,,,,,,,120,4,2024-09-06_13h38.38.181,Symbol-E,2020.1.3,Win32,Firefox,Mozilla/5.0 (Windows NT 10.0; Win64; x64; rv:129.0) Gecko/20100101 Firefox/129.0,60,,,,,,,,,,,,,,,,,,,,,,,,,,,,,,,,,,,,media/dfnb.png,3,3,Symb,f,CR,0,0,0,0,8,2,7,0,1,0,99,f,0.722,3,1,,,,,,,,,,,,,,,,,,,,,,,,,,,,,,,,,,,,,,,,,,,,,,,,,,f,1,0.722,30,0,30,0,1,,,,,,,,,,,,,,,,,,,,,,,,,,,,,,,,,,,,,,,,,,,,,,,,,,,,,,
,,,,,,,,,,,,,,,,,120,4,2024-09-06_13h38.38.181,Symbol-E,2020.1.3,Win32,Firefox,Mozilla/5.0 (Windows NT 10.0; Win64; x64; rv:129.0) Gecko/20100101 Firefox/129.0,60,,,,,,,,,,,,,,,,,,,,,,,,,,,,,,,,,,,,media/dmnb.png,5,1,Symb,u,CR,0,0,0,0,8,0,8,0,1,0,99,i,0.725,6,0,,,,,,,,,,,,,,,,,,,,,,,,,,,,,,,,,,,,,,,,,,,,,,,,,,i,0,0.725,31,0,31,0,1,,,,,,,,,,,,,,,,,,,,,,,,,,,,,,,,,,,,,,,,,,,,,,,,,,,,,,
,,,,,,,,,,,,,,,,,120,4,2024-09-06_13h38.38.181,Symbol-E,2020.1.3,Win32,Firefox,Mozilla/5.0 (Windows NT 10.0; Win64; x64; rv:129.0) Gecko/20100101 Firefox/129.0,60,,,,,,,,,,,,,,,,,,,,,,,,,,,,,,,,,,,,media/dmnb.png,5,1,Symb,u,CR,0,0,0,0,8,1,8,0,1,0,99,u,0.219,5,1,,,,,,,,,,,,,,,,,,,,,,,,,,,,,,,,,,,,,,,,,,,,,,,,,,u,1,0.219,32,0,32,0,1,,,,,,,,,,,,,,,,,,,,,,,,,,,,,,,,,,,,,,,,,,,,,,,,,,,,,,
,,,,,,,,,,,,,,,,,120,4,2024-09-06_13h38.38.181,Symbol-E,2020.1.3,Win32,Firefox,Mozilla/5.0 (Windows NT 10.0; Win64; x64; rv:129.0) Gecko/20100101 Firefox/129.0,60,,,,,,,,,,,,,,,,,,,,,,,,,,,,,,,,,,,,media/dinb.png,6,2,Symb,i,CR,0,0,0,0,8,0,9,0,1,0,99,i,0.488,6,1,,,,,,,,,,,,,,,,,,,,,,,,,,,,,,,,,,,,,,,,,,,,,,,,,,i,1,0.488,33,0,33,0,1,,,,,,,,,,,,,,,,,,,,,,,,,,,,,,,,,,,,,,,,,,,,,,,,,,,,,,
,,,,,,,,,,,,,,,,,120,4,2024-09-06_13h38.38.181,Symbol-E,2020.1.3,Win32,Firefox,Mozilla/5.0 (Windows NT 10.0; Win64; x64; rv:129.0) Gecko/20100101 Firefox/129.0,60,,,,,,,,,,,,,,,,,,,,,,,,,,,,,,,,,,,,media/dmnb.png,5,1,Symb,u,CR,0,0,0,0,8,0,10,0,1,0,99,u,0.519,5,1,,,,,,,,,,,,,,,,,,,,,,,,,,,,,,,,,,,,,,,,,,,,,,,,,,u,1,0.519,34,0,34,0,1,,,,,,,,,,,,,,,,,,,,,,,,,,,,,,,,,,,,,,,,,,,,,,,,,,,,,,
,,,,,,,,,,,,,,,,,120,4,2024-09-06_13h38.38.181,Symbol-E,2020.1.3,Win32,Firefox,Mozilla/5.0 (Windows NT 10.0; Win64; x64; rv:129.0) Gecko/20100101 Firefox/129.0,60,,,,,,,,,,,,,,,,,,,,,,,,,,,,,,,,,,,,media/dgnb.png,1,1,Symb,w,CR,0,0,0,0,8,0,11,0,1,0,99,a,0.798,0,0,,,,,,,,,,,,,,,,,,,,,,,,,,,,,,,,,,,,,,,,,,,,,,,,,,a,0,0.798,35,0,35,0,1,,,,,,,,,,,,,,,,,,,,,,,,,,,,,,,,,,,,,,,,,,,,,,,,,,,,,,
,,,,,,,,,,,,,,,,,120,4,2024-09-06_13h38.38.181,Symbol-E,2020.1.3,Win32,Firefox,Mozilla/5.0 (Windows NT 10.0; Win64; x64; rv:129.0) Gecko/20100101 Firefox/129.0,60,,,,,,,,,,,,,,,,,,,,,,,,,,,,,,,,,,,,media/dgnb.png,1,1,Symb,w,CR,0,0,0,0,8,1,11,0,1,0,99,w,0.322,1,1,,,,,,,,,,,,,,,,,,,,,,,,,,,,,,,,,,,,,,,,,,,,,,,,,,w,1,0.322,36,0,36,0,1,,,,,,,,,,,,,,,,,,,,,,,,,,,,,,,,,,,,,,,,,,,,,,,,,,,,,,
,,,,,,,,,,,,,,,,,120,4,2024-09-06_13h38.38.181,Symbol-E,2020.1.3,Win32,Firefox,Mozilla/5.0 (Windows NT 10.0; Win64; x64; rv:129.0) Gecko/20100101 Firefox/129.0,60,,,,,,,,,,,,,,,,,,,,,,,,,,,,,,,,,,,,media/dcnb.png,4,0,Symb,h,CR,0,0,0,0,8,0,12,0,1,0,99,l,1.699,7,0,,,,,,,,,,,,,,,,,,,,,,,,,,,,,,,,,,,,,,,,,,,,,,,,,,l,0,1.699,37,0,37,0,1,,,,,,,,,,,,,,,,,,,,,,,,,,,,,,,,,,,,,,,,,,,,,,,,,,,,,,
,,,,,,,,,,,,,,,,,120,4,2024-09-06_13h38.38.181,Symbol-E,2020.1.3,Win32,Firefox,Mozilla/5.0 (Windows NT 10.0; Win64; x64; rv:129.0) Gecko/20100101 Firefox/129.0,60,,,,,,,,,,,,,,,,,,,,,,,,,,,,,,,,,,,,media/dcnb.png,4,0,Symb,h,CR,0,0,0,0,8,1,12,0,1,0,99,h,0.085,4,1,,,,,,,,,,,,,,,,,,,,,,,,,,,,,,,,,,,,,,,,,,,,,,,,,,h,1,0.085,38,0,38,0,1,,,,,,,,,,,,,,,,,,,,,,,,,,,,,,,,,,,,,,,,,,,,,,,,,,,,,,
,,,,,,,,,,,,,,,,,120,4,2024-09-06_13h38.38.181,Symbol-E,2020.1.3,Win32,Firefox,Mozilla/5.0 (Windows NT 10.0; Win64; x64; rv:129.0) Gecko/20100101 Firefox/129.0,60,,,,,,,,,,,,,,,,,,,,,,,,,,,,,,,,,,,,media/dinb.png,6,2,Symb,i,CR,0,0,0,0,8,0,13,0,1,0,99,l,0.956,7,0,,,,,,,,,,,,,,,,,,,,,,,,,,,,,,,,,,,,,,,,,,,,,,,,,,l,0,0.956,39,0,39,0,1,,,,,,,,,,,,,,,,,,,,,,,,,,,,,,,,,,,,,,,,,,,,,,,,,,,,,,
,,,,,,,,,,,,,,,,,120,4,2024-09-06_13h38.38.181,Symbol-E,2020.1.3,Win32,Firefox,Mozilla/5.0 (Windows NT 10.0; Win64; x64; rv:129.0) Gecko/20100101 Firefox/129.0,60,,,,,,,,,,,,,,,,,,,,,,,,,,,,,,,,,,,,media/dinb.png,6,2,Symb,i,CR,0,0,0,0,8,1,13,0,1,0,99,a,0.24,0,0,,,,,,,,,,,,,,,,,,,,,,,,,,,,,,,,,,,,,,,,,,,,,,,,,,a,0,0.24,40,0,40,0,1,,,,,,,,,,,,,,,,,,,,,,,,,,,,,,,,,,,,,,,,,,,,,,,,,,,,,,
,,,,,,,,,,,,,,,,,120,4,2024-09-06_13h38.38.181,Symbol-E,2020.1.3,Win32,Firefox,Mozilla/5.0 (Windows NT 10.0; Win64; x64; rv:129.0) Gecko/20100101 Firefox/129.0,60,,,,,,,,,,,,,,,,,,,,,,,,,,,,,,,,,,,,media/dinb.png,6,2,Symb,i,CR,0,0,0,0,8,2,13,0,1,0,99,i,1.46,6,1,,,,,,,,,,,,,,,,,,,,,,,,,,,,,,,,,,,,,,,,,,,,,,,,,,i,1,1.46,41,0,41,0,1,,,,,,,,,,,,,,,,,,,,,,,,,,,,,,,,,,,,,,,,,,,,,,,,,,,,,,
,,,,,,,,,,,,,,,,,120,4,2024-09-06_13h38.38.181,Symbol-E,2020.1.3,Win32,Firefox,Mozilla/5.0 (Windows NT 10.0; Win64; x64; rv:129.0) Gecko/20100101 Firefox/129.0,60,,,,,,,,,,,,,,,,,,,,,,,,,,,,,,,,,,,,media/ddnb.png,7,3,Symb,l,CR,0,0,0,0,8,0,14,0,1,0,99,h,0.817,4,0,,,,,,,,,,,,,,,,,,,,,,,,,,,,,,,,,,,,,,,,,,,,,,,,,,h,0,0.817,42,0,42,0,1,,,,,,,,,,,,,,,,,,,,,,,,,,,,,,,,,,,,,,,,,,,,,,,,,,,,,,
,,,,,,,,,,,,,,,,,120,4,2024-09-06_13h38.38.181,Symbol-E,2020.1.3,Win32,Firefox,Mozilla/5.0 (Windows NT 10.0; Win64; x64; rv:129.0) Gecko/20100101 Firefox/129.0,60,,,,,,,,,,,,,,,,,,,,,,,,,,,,,,,,,,,,media/ddnb.png,7,3,Symb,l,CR,0,0,0,0,8,1,14,0,1,0,99,l,0.094,7,1,,,,,,,,,,,,,,,,,,,,,,,,,,,,,,,,,,,,,,,,,,,,,,,,,,l,1,0.094,43,0,43,0,1,,,,,,,,,,,,,,,,,,,,,,,,,,,,,,,,,,,,,,,,,,,,,,,,,,,,,,
,,,,,,,,,,,,,,,,,120,4,2024-09-06_13h38.38.181,Symbol-E,2020.1.3,Win32,Firefox,Mozilla/5.0 (Windows NT 10.0; Win64; x64; rv:129.0) Gecko/20100101 Firefox/129.0,60,,,,,,,,,,,,,,,,,,,,,,,,,,,,,,,,,,,,media/djnb.png,0,0,Symb,a,CR,0,0,0,0,8,0,15,0,1,0,99,f,0.94,3,0,,,,,,,,,,,,,,,,,,,,,,,,,,,,,,,,,,,,,,,,,,,,,,,,,,f,0,0.94,44,0,44,0,1,,,,,,,,,,,,,,,,,,,,,,,,,,,,,,,,,,,,,,,,,,,,,,,,,,,,,,
,,,,,,,,,,,,,,,,,120,4,2024-09-06_13h38.38.181,Symbol-E,2020.1.3,Win32,Firefox,Mozilla/5.0 (Windows NT 10.0; Win64; x64; rv:129.0) Gecko/20100101 Firefox/129.0,60,,,,,,,,,,,,,,,,,,,,,,,,,,,,,,,,,,,,media/djnb.png,0,0,Symb,a,CR,0,0,0,0,8,1,15,0,1,0,99,a,0.182,0,1,,,,,,,,,,,,,,,,,,,,,,,,,,,,,,,,,,,,,,,,,,,,,,,,,,a,1,0.182,45,0,45,0,1,,,,,,,,,,,,,,,,,,,,,,,,,,,,,,,,,,,,,,,,,,,,,,,,,,,,,,
,,,,,,,,,,,,,,,,,120,4,2024-09-06_13h38.38.181,Symbol-E,2020.1.3,Win32,Firefox,Mozilla/5.0 (Windows NT 10.0; Win64; x64; rv:129.0) Gecko/20100101 Firefox/129.0,60,,,,,,,,,,,,,,,,,,,,,,,,,,,,,,,,,,,,media/dgnb.png,1,1,Symb,w,CR,0,0,0,0,8,0,16,0,1,0,99,w,0.644,1,1,,,,,,,,,,,,,,,,,,,,,,,,,,,,,,,,,,,,,,,,,,,,,,,,,,w,1,0.644,46,0,46,0,1,,,,,,,,,,,,,,,,,,,,,,,,,,,,,,,,,,,,,,,,,,,,,,,,,,,,,,
,,,,,,,,,,,,,,,,,120,4,2024-09-06_13h38.38.181,Symbol-E,2020.1.3,Win32,Firefox,Mozilla/5.0 (Windows NT 10.0; Win64; x64; rv:129.0) Gecko/20100101 Firefox/129.0,60,,,,,,,,,,,,,,,,,,,,,,,,,,,,,,,,,,,,media/dmnb.png,5,1,Symb,u,CR,0,0,0,0,8,0,17,0,1,0,99,e,1.635,2,0,,,,,,,,,,,,,,,,,,,,,,,,,,,,,,,,,,,,,,,,,,,,,,,,,,e,0,1.635,47,0,47,0,1,,,,,,,,,,,,,,,,,,,,,,,,,,,,,,,,,,,,,,,,,,,,,,,,,,,,,,
,,,,,,,,,,,,,,,,,120,4,2024-09-06_13h38.38.181,Symbol-E,2020.1.3,Win32,Firefox,Mozilla/5.0 (Windows NT 10.0; Win64; x64; rv:129.0) Gecko/20100101 Firefox/129.0,60,,,,,,,,,,,,,,,,,,,,,,,,,,,,,,,,,,,,media/dmnb.png,5,1,Symb,u,CR,0,0,0,0,8,1,17,0,1,0,99,u,0.468,5,1,,,,,,,,,,,,,,,,,,,,,,,,,,,,,,,,,,,,,,,,,,,,,,,,,,u,1,0.468,48,0,48,0,1,,,,,,,,,,,,,,,,,,,,,,,,,,,,,,,,,,,,,,,,,,,,,,,,,,,,,,
,,,,,,,,,,,,,,,,,120,4,2024-09-06_13h38.38.181,Symbol-E,2020.1.3,Win32,Firefox,Mozilla/5.0 (Windows NT 10.0; Win64; x64; rv:129.0) Gecko/20100101 Firefox/129.0,60,,,,,,,,,,,,,,,,,,,,,,,,,,,,,,,,,,,,media/dnnb.png,2,2,Symb,e,CR,0,0,0,0,8,0,18,0,1,0,99,i,2.147,6,0,,,,,,,,,,,,,,,,,,,,,,,,,,,,,,,,,,,,,,,,,,,,,,,,,,i,0,2.147,49,0,49,0,1,,,,,,,,,,,,,,,,,,,,,,,,,,,,,,,,,,,,,,,,,,,,,,,,,,,,,,
,,,,,,,,,,,,,,,,,120,4,2024-09-06_13h38.38.181,Symbol-E,2020.1.3,Win32,Firefox,Mozilla/5.0 (Windows NT 10.0; Win64; x64; rv:129.0) Gecko/20100101 Firefox/129.0,60,,,,,,,,,,,,,,,,,,,,,,,,,,,,,,,,,,,,media/dnnb.png,2,2,Symb,e,CR,0,0,0,0,8,1,18,0,1,0,99,w,0.064,1,0,,,,,,,,,,,,,,,,,,,,,,,,,,,,,,,,,,,,,,,,,,,,,,,,,,w,0,0.064,50,0,50,0,1,,,,,,,,,,,,,,,,,,,,,,,,,,,,,,,,,,,,,,,,,,,,,,,,,,,,,,
,,,,,,,,,,,,,,,,,120,4,2024-09-06_13h38.38.181,Symbol-E,2020.1.3,Win32,Firefox,Mozilla/5.0 (Windows NT 10.0; Win64; x64; rv:129.0) Gecko/20100101 Firefox/129.0,60,,,,,,,,,,,,,,,,,,,,,,,,,,,,,,,,,,,,media/dnnb.png,2,2,Symb,e,CR,0,0,0,0,8,2,18,0,1,0,99,f,0.27,3,0,,,,,,,,,,,,,,,,,,,,,,,,,,,,,,,,,,,,,,,,,,,,,,,,,,f,0,0.27,51,0,51,0,1,,,,,,,,,,,,,,,,,,,,,,,,,,,,,,,,,,,,,,,,,,,,,,,,,,,,,,
,,,,,,,,,,,,,,,,,120,4,2024-09-06_13h38.38.181,Symbol-E,2020.1.3,Win32,Firefox,Mozilla/5.0 (Windows NT 10.0; Win64; x64; rv:129.0) Gecko/20100101 Firefox/129.0,60,,,,,,,,,,,,,,,,,,,,,,,,,,,,,,,,,,,,media/dnnb.png,2,2,Symb,e,CR,0,0,0,0,8,3,18,0,1,0,99,e,0.131,2,1,,,,,,,,,,,,,,,,,,,,,,,,,,,,,,,,,,,,,,,,,,,,,,,,,,e,1,0.131,52,0,52,0,1,,,,,,,,,,,,,,,,,,,,,,,,,,,,,,,,,,,,,,,,,,,,,,,,,,,,,,
,,,,,,,,,,,,,,,,,120,4,2024-09-06_13h38.38.181,Symbol-E,2020.1.3,Win32,Firefox,Mozilla/5.0 (Windows NT 10.0; Win64; x64; rv:129.0) Gecko/20100101 Firefox/129.0,60,,,,,,,,,,,,,,,,,,,,,,,,,,,,,,,,,,,,media/djnb.png,0,0,Symb,a,CR,0,0,0,0,8,0,19,0,1,0,99,f,1.235,3,0,,,,,,,,,,,,,,,,,,,,,,,,,,,,,,,,,,,,,,,,,,,,,,,,,,f,0,1.235,53,0,53,0,1,,,,,,,,,,,,,,,,,,,,,,,,,,,,,,,,,,,,,,,,,,,,,,,,,,,,,,
,,,,,,,,,,,,,,,,,120,4,2024-09-06_13h38.38.181,Symbol-E,2020.1.3,Win32,Firefox,Mozilla/5.0 (Windows NT 10.0; Win64; x64; rv:129.0) Gecko/20100101 Firefox/129.0,60,,,,,,,,,,,,,,,,,,,,,,,,,,,,,,,,,,,,media/djnb.png,0,0,Symb,a,CR,0,0,0,0,8,1,19,0,1,0,99,a,0.161,0,1,,,,,,,,,,,,,,,,,,,,,,,,,,,,,,,,,,,,,,,,,,,,,,,,,,a,1,0.161,54,0,54,0,1,,,,,,,,,,,,,,,,,,,,,,,,,,,,,,,,,,,,,,,,,,,,,,,,,,,,,,
,,,,,,,,,,,,,,,,,120,4,2024-09-06_13h38.38.181,Symbol-E,2020.1.3,Win32,Firefox,Mozilla/5.0 (Windows NT 10.0; Win64; x64; rv:129.0) Gecko/20100101 Firefox/129.0,60,,,,,,,,,,,,,,,,,,,,,,,,,,,,,,,,,,,,media/dgnb.png,1,1,Symb,w,CR,0,0,0,0,8,0,20,0,1,0,99,h,1.681,4,0,,,,,,,,,,,,,,,,,,,,,,,,,,,,,,,,,,,,,,,,,,,,,,,,,,h,0,1.681,55,0,55,0,1,,,,,,,,,,,,,,,,,,,,,,,,,,,,,,,,,,,,,,,,,,,,,,,,,,,,,,
,,,,,,,,,,,,,,,,,120,4,2024-09-06_13h38.38.181,Symbol-E,2020.1.3,Win32,Firefox,Mozilla/5.0 (Windows NT 10.0; Win64; x64; rv:129.0) Gecko/20100101 Firefox/129.0,60,,,,,,,,,,,,,,,,,,,,,,,,,,,,,,,,,,,,media/dgnb.png,1,1,Symb,w,CR,0,0,0,0,8,1,20,0,1,0,99,w,0.293,1,1,,,,,,,,,,,,,,,,,,,,,,,,,,,,,,,,,,,,,,,,,,,,,,,,,,w,1,0.293,56,0,56,0,1,,,,,,,,,,,,,,,,,,,,,,,,,,,,,,,,,,,,,,,,,,,,,,,,,,,,,,
,,,,,,,,,,,,,,,,,120,4,2024-09-06_13h38.38.181,Symbol-E,2020.1.3,Win32,Firefox,Mozilla/5.0 (Windows NT 10.0; Win64; x64; rv:129.0) Gecko/20100101 Firefox/129.0,60,,,,,,,,,,,,,,,,,,,,,,,,,,,,,,,,,,,,media/dinb.png,6,2,Symb,i,CR,0,0,0,0,8,0,21,0,1,0,99,e,1.594,2,0,,,,,,,,,,,,,,,,,,,,,,,,,,,,,,,,,,,,,,,,,,,,,,,,,,e,0,1.594,57,0,57,0,1,,,,,,,,,,,,,,,,,,,,,,,,,,,,,,,,,,,,,,,,,,,,,,,,,,,,,,
,,,,,,,,,,,,,,,,,120,4,2024-09-06_13h38.38.181,Symbol-E,2020.1.3,Win32,Firefox,Mozilla/5.0 (Windows NT 10.0; Win64; x64; rv:129.0) Gecko/20100101 Firefox/129.0,60,,,,,,,,,,,,,,,,,,,,,,,,,,,,,,,,,,,,media/dinb.png,6,2,Symb,i,CR,0,0,0,0,8,1,21,0,1,0,99,a,0.419,0,0,,,,,,,,,,,,,,,,,,,,,,,,,,,,,,,,,,,,,,,,,,,,,,,,,,a,0,0.419,58,0,58,0,1,,,,,,,,,,,,,,,,,,,,,,,,,,,,,,,,,,,,,,,,,,,,,,,,,,,,,,
,,,,,,,,,,,,,,,,,120,4,2024-09-06_13h38.38.181,Symbol-E,2020.1.3,Win32,Firefox,Mozilla/5.0 (Windows NT 10.0; Win64; x64; rv:129.0) Gecko/20100101 Firefox/129.0,60,,,,,,,,,,,,,,,,,,,,,,,,,,,,,,,,,,,,media/dinb.png,6,2,Symb,i,CR,0,0,0,0,8,2,21,0,1,0,99,e,0.353,2,0,,,,,,,,,,,,,,,,,,,,,,,,,,,,,,,,,,,,,,,,,,,,,,,,,,e,0,0.353,59,0,59,0,1,,,,,,,,,,,,,,,,,,,,,,,,,,,,,,,,,,,,,,,,,,,,,,,,,,,,,,
,,,,,,,,,,,,,,,,,120,4,2024-09-06_13h38.38.181,Symbol-E,2020.1.3,Win32,Firefox,Mozilla/5.0 (Windows NT 10.0; Win64; x64; rv:129.0) Gecko/20100101 Firefox/129.0,60,,,,,,,,,,,,,,,,,,,,,,,,,,,,,,,,,,,,media/dinb.png,6,2,Symb,i,CR,0,0,0,0,8,3,21,0,1,0,99,u,0.885,5,0,,,,,,,,,,,,,,,,,,,,,,,,,,,,,,,,,,,,,,,,,,,,,,,,,,u,0,0.885,60,0,60,0,1,,,,,,,,,,,,,,,,,,,,,,,,,,,,,,,,,,,,,,,,,,,,,,,,,,,,,,
,,,,,,,,,,,,,,,,,120,4,2024-09-06_13h38.38.181,Symbol-E,2020.1.3,Win32,Firefox,Mozilla/5.0 (Windows NT 10.0; Win64; x64; rv:129.0) Gecko/20100101 Firefox/129.0,60,,,,,,,,,,,,,,,,,,,,,,,,,,,,,,,,,,,,media/dinb.png,6,2,Symb,i,CR,0,0,0,0,8,4,21,0,1,0,99,i,0.386,6,1,,,,,,,,,,,,,,,,,,,,,,,,,,,,,,,,,,,,,,,,,,,,,,,,,,i,1,0.386,61,0,61,0,1,,,,,,,,,,,,,,,,,,,,,,,,,,,,,,,,,,,,,,,,,,,,,,,,,,,,,,
,,,,,,,,,,,,,,,,,120,4,2024-09-06_13h38.38.181,Symbol-E,2020.1.3,Win32,Firefox,Mozilla/5.0 (Windows NT 10.0; Win64; x64; rv:129.0) Gecko/20100101 Firefox/129.0,60,,,,,,,,,,,,,,,,,,,,,,,,,,,,,,,,,,,,media/dfnb.png,3,3,Symb,f,CR,0,0,0,0,8,0,22,0,1,0,99,h,1.691,4,0,,,,,,,,,,,,,,,,,,,,,,,,,,,,,,,,,,,,,,,,,,,,,,,,,,h,0,1.691,62,0,62,0,1,,,,,,,,,,,,,,,,,,,,,,,,,,,,,,,,,,,,,,,,,,,,,,,,,,,,,,
,,,,,,,,,,,,,,,,,120,4,2024-09-06_13h38.38.181,Symbol-E,2020.1.3,Win32,Firefox,Mozilla/5.0 (Windows NT 10.0; Win64; x64; rv:129.0) Gecko/20100101 Firefox/129.0,60,,,,,,,,,,,,,,,,,,,,,,,,,,,,,,,,,,,,media/dfnb.png,3,3,Symb,f,CR,0,0,0,0,8,1,22,0,1,0,99,f,0.204,3,1,,,,,,,,,,,,,,,,,,,,,,,,,,,,,,,,,,,,,,,,,,,,,,,,,,f,1,0.204,63,0,63,0,1,,,,,,,,,,,,,,,,,,,,,,,,,,,,,,,,,,,,,,,,,,,,,,,,,,,,,,
,,,,,,,,,,,,,,,,,120,4,2024-09-06_13h38.38.181,Symbol-E,2020.1.3,Win32,Firefox,Mozilla/5.0 (Windows NT 10.0; Win64; x64; rv:129.0) Gecko/20100101 Firefox/129.0,60,,,,,,,,,,,,,,,,,,,,,,,,,,,,,,,,,,,,media/dinb.png,6,2,Symb,i,CR,0,0,0,0,8,0,23,0,1,0,99,u,0.923,5,0,,,,,,,,,,,,,,,,,,,,,,,,,,,,,,,,,,,,,,,,,,,,,,,,,,u,0,0.923,64,0,64,0,1,,,,,,,,,,,,,,,,,,,,,,,,,,,,,,,,,,,,,,,,,,,,,,,,,,,,,,
,,,,,,,,,,,,,,,,,120,4,2024-09-06_13h38.38.181,Symbol-E,2020.1.3,Win32,Firefox,Mozilla/5.0 (Windows NT 10.0; Win64; x64; rv:129.0) Gecko/20100101 Firefox/129.0,60,,,,,,,,,,,,,,,,,,,,,,,,,,,,,,,,,,,,media/dinb.png,6,2,Symb,i,CR,0,0,0,0,8,1,23,0,1,0,99,i,0.322,6,1,,,,,,,,,,,,,,,,,,,,,,,,,,,,,,,,,,,,,,,,,,,,,,,,,,i,1,0.322,65,0,65,0,1,,,,,,,,,,,,,,,,,,,,,,,,,,,,,,,,,,,,,,,,,,,,,,,,,,,,,,
,,,,,,,,,,,,,,,,,120,4,2024-09-06_13h38.38.181,Symbol-E,2020.1.3,Win32,Firefox,Mozilla/5.0 (Windows NT 10.0; Win64; x64; rv:129.0) Gecko/20100101 Firefox/129.0,60,,,,,,,,,,,,,,,,,,,,,,,,,,,,,,,,,,,,media/ddnb.png,7,3,Symb,l,CR,0,0,0,0,8,0,24,0,1,0,99,h,2.391,4,0,,,,,,,,,,,,,,,,,,,,,,,,,,,,,,,,,,,,,,,,,,,,,,,,,,h,0,2.391,66,0,66,0,1,,,,,,,,,,,,,,,,,,,,,,,,,,,,,,,,,,,,,,,,,,,,,,,,,,,,,,
,,,,,,,,,,,,,,,,,120,4,2024-09-06_13h38.38.181,Symbol-E,2020.1.3,Win32,Firefox,Mozilla/5.0 (Windows NT 10.0; Win64; x64; rv:129.0) Gecko/20100101 Firefox/129.0,60,,,,,,,,,,,,,,,,,,,,,,,,,,,,,,,,,,,,media/ddnb.png,7,3,Symb,l,CR,0,0,0,0,8,1,24,0,1,0,99,l,0.857,7,1,,,,,,,,,,,,,,,,,,,,,,,,,,,,,,,,,,,,,,,,,,,,,,,,,,l,1,0.857,67,0,67,0,1,,,,,,,,,,,,,,,,,,,,,,,,,,,,,,,,,,,,,,,,,,,,,,,,,,,,,,
,,,,,,,,,,,,,,,,,120,4,2024-09-06_13h38.38.181,Symbol-E,2020.1.3,Win32,Firefox,Mozilla/5.0 (Windows NT 10.0; Win64; x64; rv:129.0) Gecko/20100101 Firefox/129.0,60,,,,,,,,,,,,,,,,,,,,,,,,,,,,,,,,,,,,media/dfnb.png,3,3,Symb,f,CR,0,0,0,0,8,0,25,0,1,0,99,h,0.861,4,0,,,,,,,,,,,,,,,,,,,,,,,,,,,,,,,,,,,,,,,,,,,,,,,,,,h,0,0.861,68,0,68,0,1,,,,,,,,,,,,,,,,,,,,,,,,,,,,,,,,,,,,,,,,,,,,,,,,,,,,,,
,,,,,,,,,,,,,,,,,120,4,2024-09-06_13h38.38.181,Symbol-E,2020.1.3,Win32,Firefox,Mozilla/5.0 (Windows NT 10.0; Win64; x64; rv:129.0) Gecko/20100101 Firefox/129.0,60,,,,,,,,,,,,,,,,,,,,,,,,,,,,,,,,,,,,media/dfnb.png,3,3,Symb,f,CR,0,0,0,0,8,1,25,0,1,0,99,f,0.088,3,1,,,,,,,,,,,,,,,,,,,,,,,,,,,,,,,,,,,,,,,,,,,,,,,,,,f,1,0.088,69,0,69,0,1,,,,,,,,,,,,,,,,,,,,,,,,,,,,,,,,,,,,,,,,,,,,,,,,,,,,,,
,,,,,,,,,,,,,,,,,120,4,2024-09-06_13h38.38.181,Symbol-E,2020.1.3,Win32,Firefox,Mozilla/5.0 (Windows NT 10.0; Win64; x64; rv:129.0) Gecko/20100101 Firefox/129.0,60,,,,,,,,,,,,,,,,,,,,,,,,,,,,,,,,,,,,media/djnb.png,0,0,Symb,a,CR,0,0,0,0,8,0,26,0,1,0,99,a,2.052,0,1,,,,,,,,,,,,,,,,,,,,,,,,,,,,,,,,,,,,,,,,,,,,,,,,,,a,1,2.052,70,0,70,0,1,,,,,,,,,,,,,,,,,,,,,,,,,,,,,,,,,,,,,,,,,,,,,,,,,,,,,,
,,,,,,,,,,,,,,,,,120,4,2024-09-06_13h38.38.181,Symbol-E,2020.1.3,Win32,Firefox,Mozilla/5.0 (Windows NT 10.0; Win64; x64; rv:129.0) Gecko/20100101 Firefox/129.0,60,,,,,,,,,,,,,,,,,,,,,,,,,,,,,,,,,,,,media/dcnb.png,4,0,Symb,h,CR,0,0,0,0,8,0,27,0,1,0,99,w,1.855,1,0,,,,,,,,,,,,,,,,,,,,,,,,,,,,,,,,,,,,,,,,,,,,,,,,,,w,0,1.855,71,0,71,0,1,,,,,,,,,,,,,,,,,,,,,,,,,,,,,,,,,,,,,,,,,,,,,,,,,,,,,,
,,,,,,,,,,,,,,,,,120,4,2024-09-06_13h38.38.181,Symbol-E,2020.1.3,Win32,Firefox,Mozilla/5.0 (Windows NT 10.0; Win64; x64; rv:129.0) Gecko/20100101 Firefox/129.0,60,,,,,,,,,,,,,,,,,,,,,,,,,,,,,,,,,,,,media/dcnb.png,4,0,Symb,h,CR,0,0,0,0,8,1,27,0,1,0,99,i,0.064,6,0,,,,,,,,,,,,,,,,,,,,,,,,,,,,,,,,,,,,,,,,,,,,,,,,,,i,0,0.064,72,0,72,0,1,,,,,,,,,,,,,,,,,,,,,,,,,,,,,,,,,,,,,,,,,,,,,,,,,,,,,,
,,,,,,,,,,,,,,,,,120,4,2024-09-06_13h38.38.181,Symbol-E,2020.1.3,Win32,Firefox,Mozilla/5.0 (Windows NT 10.0; Win64; x64; rv:129.0) Gecko/20100101 Firefox/129.0,60,,,,,,,,,,,,,,,,,,,,,,,,,,,,,,,,,,,,media/dcnb.png,4,0,Symb,h,CR,0,0,0,0,8,2,27,0,1,0,99,f,0.205,3,0,,,,,,,,,,,,,,,,,,,,,,,,,,,,,,,,,,,,,,,,,,,,,,,,,,f,0,0.205,73,0,73,0,1,,,,,,,,,,,,,,,,,,,,,,,,,,,,,,,,,,,,,,,,,,,,,,,,,,,,,,
,,,,,,,,,,,,,,,,,120,4,2024-09-06_13h38.38.181,Symbol-E,2020.1.3,Win32,Firefox,Mozilla/5.0 (Windows NT 10.0; Win64; x64; rv:129.0) Gecko/20100101 Firefox/129.0,60,,,,,,,,,,,,,,,,,,,,,,,,,,,,,,,,,,,,media/dcnb.png,4,0,Symb,h,CR,0,0,0,0,8,3,27,0,1,0,99,h,0.051,4,1,,,,,,,,,,,,,,,,,,,,,,,,,,,,,,,,,,,,,,,,,,,,,,,,,,h,1,0.051,74,0,74,0,1,,,,,,,,,,,,,,,,,,,,,,,,,,,,,,,,,,,,,,,,,,,,,,,,,,,,,,
,,,,,,,,,,,,,,,,,120,4,2024-09-06_13h38.38.181,Symbol-E,2020.1.3,Win32,Firefox,Mozilla/5.0 (Windows NT 10.0; Win64; x64; rv:129.0) Gecko/20100101 Firefox/129.0,60,,,,,,,,,,,,,,,,,,,,,,,,,,,,,,,,,,,,media/dmnb.png,5,1,Symb,u,CR,0,0,0,0,8,0,28,0,1,0,99,w,1.291,1,0,,,,,,,,,,,,,,,,,,,,,,,,,,,,,,,,,,,,,,,,,,,,,,,,,,w,0,1.291,75,0,75,0,1,,,,,,,,,,,,,,,,,,,,,,,,,,,,,,,,,,,,,,,,,,,,,,,,,,,,,,
,,,,,,,,,,,,,,,,,120,4,2024-09-06_13h38.38.181,Symbol-E,2020.1.3,Win32,Firefox,Mozilla/5.0 (Windows NT 10.0; Win64; x64; rv:129.0) Gecko/20100101 Firefox/129.0,60,,,,,,,,,,,,,,,,,,,,,,,,,,,,,,,,,,,,media/dmnb.png,5,1,Symb,u,CR,0,0,0,0,8,1,28,0,1,0,99,u,0.206,5,1,,,,,,,,,,,,,,,,,,,,,,,,,,,,,,,,,,,,,,,,,,,,,,,,,,u,1,0.206,76,0,76,0,1,,,,,,,,,,,,,,,,,,,,,,,,,,,,,,,,,,,,,,,,,,,,,,,,,,,,,,
,,,,,,,,,,,,,,,,,120,4,2024-09-06_13h38.38.181,Symbol-E,2020.1.3,Win32,Firefox,Mozilla/5.0 (Windows NT 10.0; Win64; x64; rv:129.0) Gecko/20100101 Firefox/129.0,60,,,,,,,,,,,,,,,,,,,,,,,,,,,,,,,,,,,,media/dcnb.png,4,0,Symb,h,CR,0,0,0,0,8,0,29,0,1,0,99,w,1.941,1,0,,,,,,,,,,,,,,,,,,,,,,,,,,,,,,,,,,,,,,,,,,,,,,,,,,w,0,1.941,77,0,77,0,1,,,,,,,,,,,,,,,,,,,,,,,,,,,,,,,,,,,,,,,,,,,,,,,,,,,,,,
,,,,,,,,,,,,,,,,,120,4,2024-09-06_13h38.38.181,Symbol-E,2020.1.3,Win32,Firefox,Mozilla/5.0 (Windows NT 10.0; Win64; x64; rv:129.0) Gecko/20100101 Firefox/129.0,60,,,,,,,,,,,,,,,,,,,,,,,,,,,,,,,,,,,,media/dcnb.png,4,0,Symb,h,CR,0,0,0,0,8,1,29,0,1,0,99,a,0.096,0,0,,,,,,,,,,,,,,,,,,,,,,,,,,,,,,,,,,,,,,,,,,,,,,,,,,a,0,0.096,78,0,78,0,1,,,,,,,,,,,,,,,,,,,,,,,,,,,,,,,,,,,,,,,,,,,,,,,,,,,,,,
,,,,,,,,,,,,,,,,,120,4,2024-09-06_13h38.38.181,Symbol-E,2020.1.3,Win32,Firefox,Mozilla/5.0 (Windows NT 10.0; Win64; x64; rv:129.0) Gecko/20100101 Firefox/129.0,60,,,,,,,,,,,,,,,,,,,,,,,,,,,,,,,,,,,,media/dcnb.png,4,0,Symb,h,CR,0,0,0,0,8,2,29,0,1,0,99,f,0.125,3,0,,,,,,,,,,,,,,,,,,,,,,,,,,,,,,,,,,,,,,,,,,,,,,,,,,f,0,0.125,79,0,79,0,1,,,,,,,,,,,,,,,,,,,,,,,,,,,,,,,,,,,,,,,,,,,,,,,,,,,,,,
,,,,,,,,,,,,,,,,,120,4,2024-09-06_13h38.38.181,Symbol-E,2020.1.3,Win32,Firefox,Mozilla/5.0 (Windows NT 10.0; Win64; x64; rv:129.0) Gecko/20100101 Firefox/129.0,60,,,,,,,,,,,,,,,,,,,,,,,,,,,,,,,,,,,,media/dcnb.png,4,0,Symb,h,CR,0,0,0,0,8,3,29,0,1,0,99,e,0.043,2,0,,,,,,,,,,,,,,,,,,,,,,,,,,,,,,,,,,,,,,,,,,,,,,,,,,e,0,0.043,80,0,80,0,1,,,,,,,,,,,,,,,,,,,,,,,,,,,,,,,,,,,,,,,,,,,,,,,,,,,,,,
,,,,,,,,,,,,,,,,,120,4,2024-09-06_13h38.38.181,Symbol-E,2020.1.3,Win32,Firefox,Mozilla/5.0 (Windows NT 10.0; Win64; x64; rv:129.0) Gecko/20100101 Firefox/129.0,60,,,,,,,,,,,,,,,,,,,,,,,,,,,,,,,,,,,,media/dcnb.png,4,0,Symb,h,CR,0,0,0,0,8,4,29,0,1,0,99,w,0.366,1,0,,,,,,,,,,,,,,,,,,,,,,,,,,,,,,,,,,,,,,,,,,,,,,,,,,w,0,0.366,81,0,81,0,1,,,,,,,,,,,,,,,,,,,,,,,,,,,,,,,,,,,,,,,,,,,,,,,,,,,,,,
,,,,,,,,,,,,,,,,,120,4,2024-09-06_13h38.38.181,Symbol-E,2020.1.3,Win32,Firefox,Mozilla/5.0 (Windows NT 10.0; Win64; x64; rv:129.0) Gecko/20100101 Firefox/129.0,60,,,,,,,,,,,,,,,,,,,,,,,,,,,,,,,,,,,,media/dcnb.png,4,0,Symb,h,CR,0,0,0,0,8,5,29,0,1,0,99,i,0.005,6,0,,,,,,,,,,,,,,,,,,,,,,,,,,,,,,,,,,,,,,,,,,,,,,,,,,i,0,0.005,82,0,82,0,1,,,,,,,,,,,,,,,,,,,,,,,,,,,,,,,,,,,,,,,,,,,,,,,,,,,,,,
,,,,,,,,,,,,,,,,,120,4,2024-09-06_13h38.38.181,Symbol-E,2020.1.3,Win32,Firefox,Mozilla/5.0 (Windows NT 10.0; Win64; x64; rv:129.0) Gecko/20100101 Firefox/129.0,60,,,,,,,,,,,,,,,,,,,,,,,,,,,,,,,,,,,,media/dcnb.png,4,0,Symb,h,CR,0,0,0,0,8,6,29,0,1,0,99,u,0.336,5,0,,,,,,,,,,,,,,,,,,,,,,,,,,,,,,,,,,,,,,,,,,,,,,,,,,u,0,0.336,83,0,83,0,1,,,,,,,,,,,,,,,,,,,,,,,,,,,,,,,,,,,,,,,,,,,,,,,,,,,,,,
,,,,,,,,,,,,,,,,,120,4,2024-09-06_13h38.38.181,Symbol-E,2020.1.3,Win32,Firefox,Mozilla/5.0 (Windows NT 10.0; Win64; x64; rv:129.0) Gecko/20100101 Firefox/129.0,60,,,,,,,,,,,,,,,,,,,,,,,,,,,,,,,,,,,,media/dcnb.png,4,0,Symb,h,CR,0,0,0,0,8,7,29,0,1,0,99,h,0.118,4,1,,,,,,,,,,,,,,,,,,,,,,,,,,,,,,,,,,,,,,,,,,,,,,,,,,h,1,0.118,84,0,84,0,1,,,,,,,,,,,,,,,,,,,,,,,,,,,,,,,,,,,,,,,,,,,,,,,,,,,,,,
,,,,,,,,,,,,,,,,,120,4,2024-09-06_13h38.38.181,Symbol-E,2020.1.3,Win32,Firefox,Mozilla/5.0 (Windows NT 10.0; Win64; x64; rv:129.0) Gecko/20100101 Firefox/129.0,60,,,,,,,,,,,,,,,,,,,,,,,,,,,,,,,,,,,,media/ddnb.png,7,3,Symb,l,CR,0,0,0,0,8,0,30,0,1,0,99,f,4.134,3,0,,,,,,,,,,,,,,,,,,,,,,,,,,,,,,,,,,,,,,,,,,,,,,,,,,f,0,4.134,85,0,85,0,1,,,,,,,,,,,,,,,,,,,,,,,,,,,,,,,,,,,,,,,,,,,,,,,,,,,,,,
,,,,,,,,,,,,,,,,,120,4,2024-09-06_13h38.38.181,Symbol-E,2020.1.3,Win32,Firefox,Mozilla/5.0 (Windows NT 10.0; Win64; x64; rv:129.0) Gecko/20100101 Firefox/129.0,60,,,,,,,,,,,,,,,,,,,,,,,,,,,,,,,,,,,,media/ddnb.png,7,3,Symb,l,CR,0,0,0,0,8,1,30,0,1,0,99,a,0.122,0,0,,,,,,,,,,,,,,,,,,,,,,,,,,,,,,,,,,,,,,,,,,,,,,,,,,a,0,0.122,86,0,86,0,1,,,,,,,,,,,,,,,,,,,,,,,,,,,,,,,,,,,,,,,,,,,,,,,,,,,,,,
,,,,,,,,,,,,,,,,,120,4,2024-09-06_13h38.38.181,Symbol-E,2020.1.3,Win32,Firefox,Mozilla/5.0 (Windows NT 10.0; Win64; x64; rv:129.0) Gecko/20100101 Firefox/129.0,60,,,,,,,,,,,,,,,,,,,,,,,,,,,,,,,,,,,,media/ddnb.png,7,3,Symb,l,CR,0,0,0,0,8,2,30,0,1,0,99,h,0.001,4,0,,,,,,,,,,,,,,,,,,,,,,,,,,,,,,,,,,,,,,,,,,,,,,,,,,h,0,0.001,87,0,87,0,1,,,,,,,,,,,,,,,,,,,,,,,,,,,,,,,,,,,,,,,,,,,,,,,,,,,,,,
,,,,,,,,,,,,,,,,,120,4,2024-09-06_13h38.38.181,Symbol-E,2020.1.3,Win32,Firefox,Mozilla/5.0 (Windows NT 10.0; Win64; x64; rv:129.0) Gecko/20100101 Firefox/129.0,60,,,,,,,,,,,,,,,,,,,,,,,,,,,,,,,,,,,,media/ddnb.png,7,3,Symb,l,CR,0,0,0,0,8,3,30,0,1,0,99,i,0.39,6,0,,,,,,,,,,,,,,,,,,,,,,,,,,,,,,,,,,,,,,,,,,,,,,,,,,i,0,0.39,88,0,88,0,1,,,,,,,,,,,,,,,,,,,,,,,,,,,,,,,,,,,,,,,,,,,,,,,,,,,,,,
,,,,,,,,,,,,,,,,,120,4,2024-09-06_13h38.38.181,Symbol-E,2020.1.3,Win32,Firefox,Mozilla/5.0 (Windows NT 10.0; Win64; x64; rv:129.0) Gecko/20100101 Firefox/129.0,60,,,,,,,,,,,,,,,,,,,,,,,,,,,,,,,,,,,,media/ddnb.png,7,3,Symb,l,CR,0,0,0,0,8,4,30,0,1,0,99,l,0.024,7,1,,,,,,,,,,,,,,,,,,,,,,,,,,,,,,,,,,,,,,,,,,,,,,,,,,l,1,0.024,89,0,89,0,1,,,,,,,,,,,,,,,,,,,,,,,,,,,,,,,,,,,,,,,,,,,,,,,,,,,,,,
,,,,,,,,,,,,,,,,,120,4,2024-09-06_13h38.38.181,Symbol-E,2020.1.3,Win32,Firefox,Mozilla/5.0 (Windows NT 10.0; Win64; x64; rv:129.0) Gecko/20100101 Firefox/129.0,60,,,,,,,,,,,,,,,,,,,,,,,,,,,,,,,,,,,,media/dnnb.png,2,2,Symb,e,CR,0,0,0,0,8,0,31,0,1,0,99,i,0.985,6,0,,,,,,,,,,,,,,,,,,,,,,,,,,,,,,,,,,,,,,,,,,,,,,,,,,i,0,0.985,90,0,90,0,1,,,,,,,,,,,,,,,,,,,,,,,,,,,,,,,,,,,,,,,,,,,,,,,,,,,,,,
,,,,,,,,,,,,,,,,,120,4,2024-09-06_13h38.38.181,Symbol-E,2020.1.3,Win32,Firefox,Mozilla/5.0 (Windows NT 10.0; Win64; x64; rv:129.0) Gecko/20100101 Firefox/129.0,60,,,,,,,,,,,,,,,,,,,,,,,,,,,,,,,,,,,,media/dnnb.png,2,2,Symb,e,CR,0,0,0,0,8,1,31,0,1,0,99,e,0.122,2,1,,,,,,,,,,,,,,,,,,,,,,,,,,,,,,,,,,,,,,,,,,,,,,,,,,e,1,0.122,91,0,91,0,1,,,,,,,,,,,,,,,,,,,,,,,,,,,,,,,,,,,,,,,,,,,,,,,,,,,,,,
,,,,,,,,,,,,,,,,,120,4,2024-09-06_13h38.38.181,Symbol-E,2020.1.3,Win32,Firefox,Mozilla/5.0 (Windows NT 10.0; Win64; x64; rv:129.0) Gecko/20100101 Firefox/129.0,60,,,,,,,,,,,,,,,,,,,,,,,,,,,,,,,,,,,,media/ddnb.png,7,3,Symb,l,CR,0,0,0,0,8,0,32,0,1,0,99,l,0.632,7,1,,,,,,,,,,,,,,,,,,,,,,,,,,,,,,,,,,,,,,,,,,,,,,,,,,l,1,0.632,92,0,92,0,1,,,,,,,,,,,,,,,,,,,,,,,,,,,,,,,,,,,,,,,,,,,,,,,,,,,,,,
,,,,,,,,,,,,,,,,,120,4,2024-09-06_13h38.38.181,Symbol-E,2020.1.3,Win32,Firefox,Mozilla/5.0 (Windows NT 10.0; Win64; x64; rv:129.0) Gecko/20100101 Firefox/129.0,60,,,,,,,,,,,,,,,,,,,,,,,,,,,,,,,,,,,,media/djnb.png,0,0,Symb,a,CR,0,0,0,0,8,0,33,0,1,0,99,a,2.674,0,1,,,,,,,,,,,,,,,,,,,,,,,,,,,,,,,,,,,,,,,,,,,,,,,,,,a,1,2.674,93,0,93,0,1,,,,,,,,,,,,,,,,,,,,,,,,,,,,,,,,,,,,,,,,,,,,,,,,,,,,,,
,,,,,,,,,,,,,,,,,120,4,2024-09-06_13h38.38.181,Symbol-E,2020.1.3,Win32,Firefox,Mozilla/5.0 (Windows NT 10.0; Win64; x64; rv:129.0) Gecko/20100101 Firefox/129.0,60,,,,,,,,,,,,,,,,,,,,,,,,,,,,,,,,,,,,media/dfnb.png,3,3,Symb,f,CR,0,0,0,0,8,0,34,0,1,0,99,f,2.996,3,1,,,,,,,,,,,,,,,,,,,,,,,,,,,,,,,,,,,,,,,,,,,,,,,,,,f,1,2.996,94,0,94,0,1,,,,,,,,,,,,,,,,,,,,,,,,,,,,,,,,,,,,,,,,,,,,,,,,,,,,,,
,,,,,,,,,,,,,,,,,120,4,2024-09-06_13h38.38.181,Symbol-E,2020.1.3,Win32,Firefox,Mozilla/5.0 (Windows NT 10.0; Win64; x64; rv:129.0) Gecko/20100101 Firefox/129.0,60,,,,,,,,,,,,,,,,,,,,,,,,,,,,,,,,,,,,media/dmnb.png,5,1,Symb,u,CR,0,0,0,0,8,0,35,0,1,0,99,e,2.474,2,0,,,,,,,,,,,,,,,,,,,,,,,,,,,,,,,,,,,,,,,,,,,,,,,,,,e,0,2.474,95,0,95,0,1,,,,,,,,,,,,,,,,,,,,,,,,,,,,,,,,,,,,,,,,,,,,,,,,,,,,,,
,,,,,,,,,,,,,,,,,120,4,2024-09-06_13h38.38.181,Symbol-E,2020.1.3,Win32,Firefox,Mozilla/5.0 (Windows NT 10.0; Win64; x64; rv:129.0) Gecko/20100101 Firefox/129.0,60,,,,,,,,,,,,,,,,,,,,,,,,,,,,,,,,,,,,media/dmnb.png,5,1,Symb,u,CR,0,0,0,0,8,1,35,0,1,0,99,w,0.306,1,0,,,,,,,,,,,,,,,,,,,,,,,,,,,,,,,,,,,,,,,,,,,,,,,,,,w,0,0.306,96,0,96,0,1,,,,,,,,,,,,,,,,,,,,,,,,,,,,,,,,,,,,,,,,,,,,,,,,,,,,,,
,,,,,,,,,,,,,,,,,120,4,2024-09-06_13h38.38.181,Symbol-E,2020.1.3,Win32,Firefox,Mozilla/5.0 (Windows NT 10.0; Win64; x64; rv:129.0) Gecko/20100101 Firefox/129.0,60,,,,,,,,,,,,,,,,,,,,,,,,,,,,,,,,,,,,media/dmnb.png,5,1,Symb,u,CR,0,0,0,0,8,2,35,0,1,0,99,u,0.383,5,1,,,,,,,,,,,,,,,,,,,,,,,,,,,,,,,,,,,,,,,,,,,,,,,,,,u,1,0.383,97,0,97,0,1,,,,,,,,,,,,,,,,,,,,,,,,,,,,,,,,,,,,,,,,,,,,,,,,,,,,,,
,,,,,,,,,,,,,,,,,120,4,2024-09-06_13h38.38.181,Symbol-E,2020.1.3,Win32,Firefox,Mozilla/5.0 (Windows NT 10.0; Win64; x64; rv:129.0) Gecko/20100101 Firefox/129.0,60,,,,,,,,,,,,,,,,,,,,,,,,,,,,,,,,,,,,media/dnnb.png,2,2,Symb,e,CR,0,0,0,0,8,0,36,0,1,0,99,i,0.747,6,0,,,,,,,,,,,,,,,,,,,,,,,,,,,,,,,,,,,,,,,,,,,,,,,,,,i,0,0.747,98,0,98,0,1,,,,,,,,,,,,,,,,,,,,,,,,,,,,,,,,,,,,,,,,,,,,,,,,,,,,,,
,,,,,,,,,,,,,,,,,120,4,2024-09-06_13h38.38.181,Symbol-E,2020.1.3,Win32,Firefox,Mozilla/5.0 (Windows NT 10.0; Win64; x64; rv:129.0) Gecko/20100101 Firefox/129.0,60,,,,,,,,,,,,,,,,,,,,,,,,,,,,,,,,,,,,media/dnnb.png,2,2,Symb,e,CR,0,0,0,0,8,1,36,0,1,0,99,e,0.094,2,1,,,,,,,,,,,,,,,,,,,,,,,,,,,,,,,,,,,,,,,,,,,,,,,,,,e,1,0.094,99,0,99,0,1,,,,,,,,,,,,,,,,,,,,,,,,,,,,,,,,,,,,,,,,,,,,,,,,,,,,,,
,,,,,,,,,,,,,,,,,120,4,2024-09-06_13h38.38.181,Symbol-E,2020.1.3,Win32,Firefox,Mozilla/5.0 (Windows NT 10.0; Win64; x64; rv:129.0) Gecko/20100101 Firefox/129.0,60,,,,,,,,,,,,,,,,,,,,,,,,,,,,,,,,,,,,media/dinb.png,6,2,Symb,i,CR,0,0,0,0,8,0,37,0,1,0,99,i,0.984,6,1,,,,,,,,,,,,,,,,,,,,,,,,,,,,,,,,,,,,,,,,,,,,,,,,,,i,1,0.984,100,0,100,0,1,,,,,,,,,,,,,,,,,,,,,,,,,,,,,,,,,,,,,,,,,,,,,,,,,,,,,,
,,,,,,,,,,,,,,,,,120,4,2024-09-06_13h38.38.181,Symbol-E,2020.1.3,Win32,Firefox,Mozilla/5.0 (Windows NT 10.0; Win64; x64; rv:129.0) Gecko/20100101 Firefox/129.0,60,,,,,,,,,,,,,,,,,,,,,,,,,,,,,,,,,,,,media/dgnb.png,1,1,Symb,w,CR,0,0,0,0,8,0,38,0,1,0,99,w,1.26,1,1,,,,,,,,,,,,,,,,,,,,,,,,,,,,,,,,,,,,,,,,,,,,,,,,,,w,1,1.26,101,0,101,0,1,,,,,,,,,,,,,,,,,,,,,,,,,,,,,,,,,,,,,,,,,,,,,,,,,,,,,,
,,,,,,,,,,,,,,,,,120,4,2024-09-06_13h38.38.181,Symbol-E,2020.1.3,Win32,Firefox,Mozilla/5.0 (Windows NT 10.0; Win64; x64; rv:129.0) Gecko/20100101 Firefox/129.0,60,,,,,,,,,,,,,,,,,,,,,,,,,,,,,,,,,,,,media/dcnb.png,4,0,Symb,h,CR,0,0,0,0,8,0,39,0,1,0,99,f,3.745,3,0,,,,,,,,,,,,,,,,,,,,,,,,,,,,,,,,,,,,,,,,,,,,,,,,,,f,0,3.745,102,0,102,0,1,,,,,,,,,,,,,,,,,,,,,,,,,,,,,,,,,,,,,,,,,,,,,,,,,,,,,,
,,,,,,,,,,,,,,,,,120,4,2024-09-06_13h38.38.181,Symbol-E,2020.1.3,Win32,Firefox,Mozilla/5.0 (Windows NT 10.0; Win64; x64; rv:129.0) Gecko/20100101 Firefox/129.0,60,,,,,,,,,,,,,,,,,,,,,,,,,,,,,,,,,,,,media/dcnb.png,4,0,Symb,h,CR,0,0,0,0,8,1,39,0,1,0,99,h,0.249,4,1,,,,,,,,,,,,,,,,,,,,,,,,,,,,,,,,,,,,,,,,,,,,,,,,,,h,1,0.249,103,0,103,0,1,,,,,,,,,,,,,,,,,,,,,,,,,,,,,,,,,,,,,,,,,,,,,,,,,,,,,,
,,,,,,,,,,,,,,,,,120,4,2024-09-06_13h38.38.181,Symbol-E,2020.1.3,Win32,Firefox,Mozilla/5.0 (Windows NT 10.0; Win64; x64; rv:129.0) Gecko/20100101 Firefox/129.0,60,,,,,,,,,,,,,,,,,,,,,,,,,,,,,,,,,,,,media/dgnb.png,1,1,Symb,w,CR,0,0,0,0,8,0,40,0,1,0,99,w,1.583,1,1,,,,,,,,,,,,,,,,,,,,,,,,,,,,,,,,,,,,,,,,,,,,,,,,,,w,1,1.583,104,0,104,0,1,,,,,,,,,,,,,,,,,,,,,,,,,,,,,,,,,,,,,,,,,,,,,,,,,,,,,,
,,,,,,,,,,,,,,,,,120,4,2024-09-06_13h38.38.181,Symbol-E,2020.1.3,Win32,Firefox,Mozilla/5.0 (Windows NT 10.0; Win64; x64; rv:129.0) Gecko/20100101 Firefox/129.0,60,,,,,,,,,,,,,,,,,,,,,,,,,,,,,,,,,,,,media/dgnb.png,1,1,Symb,w,CR,0,0,0,0,8,0,41,0,1,0,99,w,0.592,1,1,,,,,,,,,,,,,,,,,,,,,,,,,,,,,,,,,,,,,,,,,,,,,,,,,,w,1,0.592,105,0,105,0,1,,,,,,,,,,,,,,,,,,,,,,,,,,,,,,,,,,,,,,,,,,,,,,,,,,,,,,
,,,,,,,,,,,,,,,,,120,4,2024-09-06_13h38.38.181,Symbol-E,2020.1.3,Win32,Firefox,Mozilla/5.0 (Windows NT 10.0; Win64; x64; rv:129.0) Gecko/20100101 Firefox/129.0,60,,,,,,,,,,,,,,,,,,,,,,,,,,,,,,,,,,,,media/dfnb.png,3,3,Symb,f,CR,0,0,0,0,8,0,42,0,1,0,99,a,2.463,0,0,,,,,,,,,,,,,,,,,,,,,,,,,,,,,,,,,,,,,,,,,,,,,,,,,,a,0,2.463,106,0,106,0,1,,,,,,,,,,,,,,,,,,,,,,,,,,,,,,,,,,,,,,,,,,,,,,,,,,,,,,
,,,,,,,,,,,,,,,,,120,4,2024-09-06_13h38.38.181,Symbol-E,2020.1.3,Win32,Firefox,Mozilla/5.0 (Windows NT 10.0; Win64; x64; rv:129.0) Gecko/20100101 Firefox/129.0,60,,,,,,,,,,,,,,,,,,,,,,,,,,,,,,,,,,,,media/dfnb.png,3,3,Symb,f,CR,0,0,0,0,8,1,42,0,1,0,99,u,0.667,5,0,,,,,,,,,,,,,,,,,,,,,,,,,,,,,,,,,,,,,,,,,,,,,,,,,,u,0,0.667,107,0,107,0,1,,,,,,,,,,,,,,,,,,,,,,,,,,,,,,,,,,,,,,,,,,,,,,,,,,,,,,
,,,,,,,,,,,,,,,,,120,4,2024-09-06_13h38.38.181,Symbol-E,2020.1.3,Win32,Firefox,Mozilla/5.0 (Windows NT 10.0; Win64; x64; rv:129.0) Gecko/20100101 Firefox/129.0,60,,,,,,,,,,,,,,,,,,,,,,,,,,,,,,,,,,,,media/dfnb.png,3,3,Symb,f,CR,0,0,0,0,8,2,42,0,1,0,99,h,0.315,4,0,,,,,,,,,,,,,,,,,,,,,,,,,,,,,,,,,,,,,,,,,,,,,,,,,,h,0,0.315,108,0,108,0,1,,,,,,,,,,,,,,,,,,,,,,,,,,,,,,,,,,,,,,,,,,,,,,,,,,,,,,
,,,,,,,,,,,,,,,,,120,4,2024-09-06_13h38.38.181,Symbol-E,2020.1.3,Win32,Firefox,Mozilla/5.0 (Windows NT 10.0; Win64; x64; rv:129.0) Gecko/20100101 Firefox/129.0,60,,,,,,,,,,,,,,,,,,,,,,,,,,,,,,,,,,,,media/dfnb.png,3,3,Symb,f,CR,0,0,0,0,8,3,42,0,1,0,99,f,0.363,3,1,,,,,,,,,,,,,,,,,,,,,,,,,,,,,,,,,,,,,,,,,,,,,,,,,,f,1,0.363,109,0,109,0,1,,,,,,,,,,,,,,,,,,,,,,,,,,,,,,,,,,,,,,,,,,,,,,,,,,,,,,
,,,,,,,,,,,,,,,,,120,4,2024-09-06_13h38.38.181,Symbol-E,2020.1.3,Win32,Firefox,Mozilla/5.0 (Windows NT 10.0; Win64; x64; rv:129.0) Gecko/20100101 Firefox/129.0,60,,,,,,,,,,,,,,,,,,,,,,,,,,,,,,,,,,,,media/dcnb.png,4,0,Symb,h,CR,0,0,0,0,8,0,43,0,1,0,99,h,1.139,4,1,,,,,,,,,,,,,,,,,,,,,,,,,,,,,,,,,,,,,,,,,,,,,,,,,,h,1,1.139,110,0,110,0,1,,,,,,,,,,,,,,,,,,,,,,,,,,,,,,,,,,,,,,,,,,,,,,,,,,,,,,
,,,,,,,,,,,,,,,,,120,4,2024-09-06_13h38.38.181,Symbol-E,2020.1.3,Win32,Firefox,Mozilla/5.0 (Windows NT 10.0; Win64; x64; rv:129.0) Gecko/20100101 Firefox/129.0,60,,,,,,,,,,,,,,,,,,,,,,,,,,,,,,,,,,,,media/ddnb.png,7,3,Symb,l,CR,0,0,0,0,8,0,44,0,1,0,99,l,0.699,7,1,,,,,,,,,,,,,,,,,,,,,,,,,,,,,,,,,,,,,,,,,,,,,,,,,,l,1,0.699,111,0,111,0,1,,,,,,,,,,,,,,,,,,,,,,,,,,,,,,,,,,,,,,,,,,,,,,,,,,,,,,
,,,,,,,,,,,,,,,,,120,4,2024-09-06_13h38.38.181,Symbol-E,2020.1.3,Win32,Firefox,Mozilla/5.0 (Windows NT 10.0; Win64; x64; rv:129.0) Gecko/20100101 Firefox/129.0,60,,,,,,,,,,,,,,,,,,,,,,,,,,,,,,,,,,,,media/dmnb.png,5,1,Symb,u,CR,0,0,0,0,8,0,45,0,1,0,99,a,0.888,0,0,,,,,,,,,,,,,,,,,,,,,,,,,,,,,,,,,,,,,,,,,,,,,,,,,,a,0,0.888,112,0,112,0,1,,,,,,,,,,,,,,,,,,,,,,,,,,,,,,,,,,,,,,,,,,,,,,,,,,,,,,
,,,,,,,,,,,,,,,,,120,4,2024-09-06_13h38.38.181,Symbol-E,2020.1.3,Win32,Firefox,Mozilla/5.0 (Windows NT 10.0; Win64; x64; rv:129.0) Gecko/20100101 Firefox/129.0,60,,,,,,,,,,,,,,,,,,,,,,,,,,,,,,,,,,,,media/dmnb.png,5,1,Symb,u,CR,0,0,0,0,8,1,45,0,1,0,99,w,0.159,1,0,,,,,,,,,,,,,,,,,,,,,,,,,,,,,,,,,,,,,,,,,,,,,,,,,,w,0,0.159,113,0,113,0,1,,,,,,,,,,,,,,,,,,,,,,,,,,,,,,,,,,,,,,,,,,,,,,,,,,,,,,
,,,,,,,,,,,,,,,,,120,4,2024-09-06_13h38.38.181,Symbol-E,2020.1.3,Win32,Firefox,Mozilla/5.0 (Windows NT 10.0; Win64; x64; rv:129.0) Gecko/20100101 Firefox/129.0,60,,,,,,,,,,,,,,,,,,,,,,,,,,,,,,,,,,,,media/dmnb.png,5,1,Symb,u,CR,0,0,0,0,8,2,45,0,1,0,99,e,0.134,2,0,,,,,,,,,,,,,,,,,,,,,,,,,,,,,,,,,,,,,,,,,,,,,,,,,,e,0,0.134,114,0,114,0,1,,,,,,,,,,,,,,,,,,,,,,,,,,,,,,,,,,,,,,,,,,,,,,,,,,,,,,
,,,,,,,,,,,,,,,,,120,4,2024-09-06_13h38.38.181,Symbol-E,2020.1.3,Win32,Firefox,Mozilla/5.0 (Windows NT 10.0; Win64; x64; rv:129.0) Gecko/20100101 Firefox/129.0,60,,,,,,,,,,,,,,,,,,,,,,,,,,,,,,,,,,,,media/dmnb.png,5,1,Symb,u,CR,0,0,0,0,8,3,45,0,1,0,99,u,0.031,5,1,,,,,,,,,,,,,,,,,,,,,,,,,,,,,,,,,,,,,,,,,,,,,,,,,,u,1,0.031,115,0,115,0,1,,,,,,,,,,,,,,,,,,,,,,,,,,,,,,,,,,,,,,,,,,,,,,,,,,,,,,
,,,,,,,,,,,,,,,,,120,4,2024-09-06_13h38.38.181,Symbol-E,2020.1.3,Win32,Firefox,Mozilla/5.0 (Windows NT 10.0; Win64; x64; rv:129.0) Gecko/20100101 Firefox/129.0,60,,,,,,,,,,,,,,,,,,,,,,,,,,,,,,,,,,,,media/dnnb.png,2,2,Symb,e,CR,0,0,0,0,8,0,46,0,1,0,99,i,0.956,6,0,,,,,,,,,,,,,,,,,,,,,,,,,,,,,,,,,,,,,,,,,,,,,,,,,,i,0,0.956,116,0,116,0,1,,,,,,,,,,,,,,,,,,,,,,,,,,,,,,,,,,,,,,,,,,,,,,,,,,,,,,
,,,,,,,,,,,,,,,,,120,4,2024-09-06_13h38.38.181,Symbol-E,2020.1.3,Win32,Firefox,Mozilla/5.0 (Windows NT 10.0; Win64; x64; rv:129.0) Gecko/20100101 Firefox/129.0,60,,,,,,,,,,,,,,,,,,,,,,,,,,,,,,,,,,,,media/dnnb.png,2,2,Symb,e,CR,0,0,0,0,8,1,46,0,1,0,99,e,0.264,2,1,,,,,,,,,,,,,,,,,,,,,,,,,,,,,,,,,,,,,,,,,,,,,,,,,,e,1,0.264,117,0,117,0,1,,,,,,,,,,,,,,,,,,,,,,,,,,,,,,,,,,,,,,,,,,,,,,,,,,,,,,
,,,,,,,,,,,,,,,,,120,4,2024-09-06_13h38.38.181,Symbol-E,2020.1.3,Win32,Firefox,Mozilla/5.0 (Windows NT 10.0; Win64; x64; rv:129.0) Gecko/20100101 Firefox/129.0,60,,,,,,,,,,,,,,,,,,,,,,,,,,,,,,,,,,,,media/djnb.png,0,0,Symb,a,CR,0,0,0,0,8,0,47,0,1,0,99,w,1.355,1,0,,,,,,,,,,,,,,,,,,,,,,,,,,,,,,,,,,,,,,,,,,,,,,,,,,w,0,1.355,118,0,118,0,1,,,,,,,,,,,,,,,,,,,,,,,,,,,,,,,,,,,,,,,,,,,,,,,,,,,,,,
,,,,,,,,,,,,,,,,,120,4,2024-09-06_13h38.38.181,Symbol-E,2020.1.3,Win32,Firefox,Mozilla/5.0 (Windows NT 10.0; Win64; x64; rv:129.0) Gecko/20100101 Firefox/129.0,60,,,,,,,,,,,,,,,,,,,,,,,,,,,,,,,,,,,,media/djnb.png,0,0,Symb,a,CR,0,0,0,0,8,1,47,0,1,0,99,i,0.262,6,0,,,,,,,,,,,,,,,,,,,,,,,,,,,,,,,,,,,,,,,,,,,,,,,,,,i,0,0.262,119,0,119,0,1,,,,,,,,,,,,,,,,,,,,,,,,,,,,,,,,,,,,,,,,,,,,,,,,,,,,,,
,,,,,,,,,,,,,,,,,120,4,2024-09-06_13h38.38.181,Symbol-E,2020.1.3,Win32,Firefox,Mozilla/5.0 (Windows NT 10.0; Win64; x64; rv:129.0) Gecko/20100101 Firefox/129.0,60,,,,,,,,,,,,,,,,,,,,,,,,,,,,,,,,,,,,media/djnb.png,0,0,Symb,a,CR,0,0,0,0,8,2,47,0,1,0,99,w,0.226,1,0,,,,,,,,,,,,,,,,,,,,,,,,,,,,,,,,,,,,,,,,,,,,,,,,,,w,0,0.226,120,0,120,0,1,,,,,,,,,,,,,,,,,,,,,,,,,,,,,,,,,,,,,,,,,,,,,,,,,,,,,,
,,,,,,,,,,,,,,,,,120,4,2024-09-06_13h38.38.181,Symbol-E,2020.1.3,Win32,Firefox,Mozilla/5.0 (Windows NT 10.0; Win64; x64; rv:129.0) Gecko/20100101 Firefox/129.0,60,,,,,,,,,,,,,,,,,,,,,,,,,,,,,,,,,,,,media/djnb.png,0,0,Symb,a,CR,0,0,0,0,8,3,47,0,1,0,99,a,0.151,0,1,,,,,,,,,,,,,,,,,,,,,,,,,,,,,,,,,,,,,,,,,,,,,,,,,,a,1,0.151,121,0,121,0,1,,,,,,,,,,,,,,,,,,,,,,,,,,,,,,,,,,,,,,,,,,,,,,,,,,,,,,
,,,,,,,,,,,,,,,,,120,4,2024-09-06_13h38.38.181,Symbol-E,2020.1.3,Win32,Firefox,Mozilla/5.0 (Windows NT 10.0; Win64; x64; rv:129.0) Gecko/20100101 Firefox/129.0,60,,,,,,,,,,,,,,,,,,,,,,,,,,,,,,,,,,,,media/dmnb.png,5,1,Symb,u,CR,0,0,0,0,8,0,48,0,1,0,99,u,1.316,5,1,,,,,,,,,,,,,,,,,,,,,,,,,,,,,,,,,,,,,,,,,,,,,,,,,,u,1,1.316,122,0,122,0,1,,,,,,,,,,,,,,,,,,,,,,,,,,,,,,,,,,,,,,,,,,,,,,,,,,,,,,
,,,,,,,,,,,,,,,,,120,4,2024-09-06_13h38.38.181,Symbol-E,2020.1.3,Win32,Firefox,Mozilla/5.0 (Windows NT 10.0; Win64; x64; rv:129.0) Gecko/20100101 Firefox/129.0,60,,,,,,,,,,,,,,,,,,,,,,,,,,,,,,,,,,,,media/dinb.png,6,2,Symb,i,CR,0,0,0,0,8,0,49,0,1,0,99,e,2.061,2,0,,,,,,,,,,,,,,,,,,,,,,,,,,,,,,,,,,,,,,,,,,,,,,,,,,e,0,2.061,123,0,123,0,1,,,,,,,,,,,,,,,,,,,,,,,,,,,,,,,,,,,,,,,,,,,,,,,,,,,,,,
,,,,,,,,,,,,,,,,,120,4,2024-09-06_13h38.38.181,Symbol-E,2020.1.3,Win32,Firefox,Mozilla/5.0 (Windows NT 10.0; Win64; x64; rv:129.0) Gecko/20100101 Firefox/129.0,60,,,,,,,,,,,,,,,,,,,,,,,,,,,,,,,,,,,,media/dinb.png,6,2,Symb,i,CR,0,0,0,0,8,1,49,0,1,0,99,f,0.238,3,0,,,,,,,,,,,,,,,,,,,,,,,,,,,,,,,,,,,,,,,,,,,,,,,,,,f,0,0.238,124,0,124,0,1,,,,,,,,,,,,,,,,,,,,,,,,,,,,,,,,,,,,,,,,,,,,,,,,,,,,,,
,,,,,,,,,,,,,,,,,120,4,2024-09-06_13h38.38.181,Symbol-E,2020.1.3,Win32,Firefox,Mozilla/5.0 (Windows NT 10.0; Win64; x64; rv:129.0) Gecko/20100101 Firefox/129.0,60,,,,,,,,,,,,,,,,,,,,,,,,,,,,,,,,,,,,media/dinb.png,6,2,Symb,i,CR,0,0,0,0,8,2,49,0,1,0,99,w,0.133,1,0,,,,,,,,,,,,,,,,,,,,,,,,,,,,,,,,,,,,,,,,,,,,,,,,,,w,0,0.133,125,0,125,0,1,,,,,,,,,,,,,,,,,,,,,,,,,,,,,,,,,,,,,,,,,,,,,,,,,,,,,,
,,,,,,,,,,,,,,,,,120,4,2024-09-06_13h38.38.181,Symbol-E,2020.1.3,Win32,Firefox,Mozilla/5.0 (Windows NT 10.0; Win64; x64; rv:129.0) Gecko/20100101 Firefox/129.0,60,,,,,,,,,,,,,,,,,,,,,,,,,,,,,,,,,,,,media/dinb.png,6,2,Symb,i,CR,0,0,0,0,8,3,49,0,1,0,99,i,0.068,6,1,,,,,,,,,,,,,,,,,,,,,,,,,,,,,,,,,,,,,,,,,,,,,,,,,,i,1,0.068,126,0,126,0,1,,,,,,,,,,,,,,,,,,,,,,,,,,,,,,,,,,,,,,,,,,,,,,,,,,,,,,
,,,,,,,,,,,,,,,,,120,4,2024-09-06_13h38.38.181,Symbol-E,2020.1.3,Win32,Firefox,Mozilla/5.0 (Windows NT 10.0; Win64; x64; rv:129.0) Gecko/20100101 Firefox/129.0,60,,,,,,,,,,,,,,,,,,,,,,,,,,,,,,,,,,,,media/dcnb.png,4,0,Symb,h,CR,0,0,0,0,8,0,50,0,1,0,99,h,1.256,4,1,,,,,,,,,,,,,,,,,,,,,,,,,,,,,,,,,,,,,,,,,,,,,,,,,,h,1,1.256,127,0,127,0,1,,,,,,,,,,,,,,,,,,,,,,,,,,,,,,,,,,,,,,,,,,,,,,,,,,,,,,
,,,,,,,,,,,,,,,,,120,4,2024-09-06_13h38.38.181,Symbol-E,2020.1.3,Win32,Firefox,Mozilla/5.0 (Windows NT 10.0; Win64; x64; rv:129.0) Gecko/20100101 Firefox/129.0,60,,,,,,,,,,,,,,,,,,,,,,,,,,,,,,,,,,,,media/djnb.png,0,0,Symb,a,CR,0,0,0,0,8,0,51,0,1,0,99,i,1.448,6,0,,,,,,,,,,,,,,,,,,,,,,,,,,,,,,,,,,,,,,,,,,,,,,,,,,i,0,1.448,128,0,128,0,1,,,,,,,,,,,,,,,,,,,,,,,,,,,,,,,,,,,,,,,,,,,,,,,,,,,,,,
,,,,,,,,,,,,,,,,,120,4,2024-09-06_13h38.38.181,Symbol-E,2020.1.3,Win32,Firefox,Mozilla/5.0 (Windows NT 10.0; Win64; x64; rv:129.0) Gecko/20100101 Firefox/129.0,60,,,,,,,,,,,,,,,,,,,,,,,,,,,,,,,,,,,,media/djnb.png,0,0,Symb,a,CR,0,0,0,0,8,1,51,0,1,0,99,u,0.037,5,0,,,,,,,,,,,,,,,,,,,,,,,,,,,,,,,,,,,,,,,,,,,,,,,,,,u,0,0.037,129,0,129,0,1,,,,,,,,,,,,,,,,,,,,,,,,,,,,,,,,,,,,,,,,,,,,,,,,,,,,,,
,,,,,,,,,,,,,,,,,120,4,2024-09-06_13h38.38.181,Symbol-E,2020.1.3,Win32,Firefox,Mozilla/5.0 (Windows NT 10.0; Win64; x64; rv:129.0) Gecko/20100101 Firefox/129.0,60,,,,,,,,,,,,,,,,,,,,,,,,,,,,,,,,,,,,media/djnb.png,0,0,Symb,a,CR,0,0,0,0,8,2,51,0,1,0,99,e,0.115,2,0,,,,,,,,,,,,,,,,,,,,,,,,,,,,,,,,,,,,,,,,,,,,,,,,,,e,0,0.115,130,0,130,0,1,,,,,,,,,,,,,,,,,,,,,,,,,,,,,,,,,,,,,,,,,,,,,,,,,,,,,,
,,,,,,,,,,,,,,,,,120,4,2024-09-06_13h38.38.181,Symbol-E,2020.1.3,Win32,Firefox,Mozilla/5.0 (Windows NT 10.0; Win64; x64; rv:129.0) Gecko/20100101 Firefox/129.0,60,,,,,,,,,,,,,,,,,,,,,,,,,,,,,,,,,,,,media/djnb.png,0,0,Symb,a,CR,0,0,0,0,8,3,51,0,1,0,99,w,0.072,1,0,,,,,,,,,,,,,,,,,,,,,,,,,,,,,,,,,,,,,,,,,,,,,,,,,,w,0,0.072,131,0,131,0,1,,,,,,,,,,,,,,,,,,,,,,,,,,,,,,,,,,,,,,,,,,,,,,,,,,,,,,
,,,,,,,,,,,,,,,,,120,4,2024-09-06_13h38.38.181,Symbol-E,2020.1.3,Win32,Firefox,Mozilla/5.0 (Windows NT 10.0; Win64; x64; rv:129.0) Gecko/20100101 Firefox/129.0,60,,,,,,,,,,,,,,,,,,,,,,,,,,,,,,,,,,,,media/djnb.png,0,0,Symb,a,CR,0,0,0,0,8,4,51,0,1,0,99,f,0.106,3,0,,,,,,,,,,,,,,,,,,,,,,,,,,,,,,,,,,,,,,,,,,,,,,,,,,f,0,0.106,132,0,132,0,1,,,,,,,,,,,,,,,,,,,,,,,,,,,,,,,,,,,,,,,,,,,,,,,,,,,,,,
,,,,,,,,,,,,,,,,,120,4,2024-09-06_13h38.38.181,Symbol-E,2020.1.3,Win32,Firefox,Mozilla/5.0 (Windows NT 10.0; Win64; x64; rv:129.0) Gecko/20100101 Firefox/129.0,60,,,,,,,,,,,,,,,,,,,,,,,,,,,,,,,,,,,,media/djnb.png,0,0,Symb,a,CR,0,0,0,0,8,5,51,0,1,0,99,a,0.133,0,1,,,,,,,,,,,,,,,,,,,,,,,,,,,,,,,,,,,,,,,,,,,,,,,,,,a,1,0.133,133,0,133,0,1,,,,,,,,,,,,,,,,,,,,,,,,,,,,,,,,,,,,,,,,,,,,,,,,,,,,,,
,,,,,,,,,,,,,,,,,120,4,2024-09-06_13h38.38.181,Symbol-E,2020.1.3,Win32,Firefox,Mozilla/5.0 (Windows NT 10.0; Win64; x64; rv:129.0) Gecko/20100101 Firefox/129.0,60,,,,,,,,,,,,,,,,,,,,,,,,,,,,,,,,,,,,media/dnnb.png,2,2,Symb,e,CR,0,0,0,0,8,0,52,0,1,0,99,u,1.409,5,0,,,,,,,,,,,,,,,,,,,,,,,,,,,,,,,,,,,,,,,,,,,,,,,,,,u,0,1.409,134,0,134,0,1,,,,,,,,,,,,,,,,,,,,,,,,,,,,,,,,,,,,,,,,,,,,,,,,,,,,,,
,,,,,,,,,,,,,,,,,120,4,2024-09-06_13h38.38.181,Symbol-E,2020.1.3,Win32,Firefox,Mozilla/5.0 (Windows NT 10.0; Win64; x64; rv:129.0) Gecko/20100101 Firefox/129.0,60,,,,,,,,,,,,,,,,,,,,,,,,,,,,,,,,,,,,media/dnnb.png,2,2,Symb,e,CR,0,0,0,0,8,1,52,0,1,0,99,w,0.104,1,0,,,,,,,,,,,,,,,,,,,,,,,,,,,,,,,,,,,,,,,,,,,,,,,,,,w,0,0.104,135,0,135,0,1,,,,,,,,,,,,,,,,,,,,,,,,,,,,,,,,,,,,,,,,,,,,,,,,,,,,,,
,,,,,,,,,,,,,,,,,120,4,2024-09-06_13h38.38.181,Symbol-E,2020.1.3,Win32,Firefox,Mozilla/5.0 (Windows NT 10.0; Win64; x64; rv:129.0) Gecko/20100101 Firefox/129.0,60,,,,,,,,,,,,,,,,,,,,,,,,,,,,,,,,,,,,media/dnnb.png,2,2,Symb,e,CR,0,0,0,0,8,2,52,0,1,0,99,e,0.028,2,1,,,,,,,,,,,,,,,,,,,,,,,,,,,,,,,,,,,,,,,,,,,,,,,,,,e,1,0.028,136,0,136,0,1,,,,,,,,,,,,,,,,,,,,,,,,,,,,,,,,,,,,,,,,,,,,,,,,,,,,,,
,,,,,,,,,,,,,,,,,120,4,2024-09-06_13h38.38.181,Symbol-E,2020.1.3,Win32,Firefox,Mozilla/5.0 (Windows NT 10.0; Win64; x64; rv:129.0) Gecko/20100101 Firefox/129.0,60,,,,,,,,,,,,,,,,,,,,,,,,,,,,,,,,,,,,media/dinb.png,6,2,Symb,i,CR,0,0,0,0,8,0,53,0,1,0,99,u,0.837,5,0,,,,,,,,,,,,,,,,,,,,,,,,,,,,,,,,,,,,,,,,,,,,,,,,,,u,0,0.837,137,0,137,0,1,,,,,,,,,,,,,,,,,,,,,,,,,,,,,,,,,,,,,,,,,,,,,,,,,,,,,,
,,,,,,,,,,,,,,,,,120,4,2024-09-06_13h38.38.181,Symbol-E,2020.1.3,Win32,Firefox,Mozilla/5.0 (Windows NT 10.0; Win64; x64; rv:129.0) Gecko/20100101 Firefox/129.0,60,,,,,,,,,,,,,,,,,,,,,,,,,,,,,,,,,,,,media/dinb.png,6,2,Symb,i,CR,0,0,0,0,8,1,53,0,1,0,99,i,0.299,6,1,,,,,,,,,,,,,,,,,,,,,,,,,,,,,,,,,,,,,,,,,,,,,,,,,,i,1,0.299,138,0,138,0,1,,,,,,,,,,,,,,,,,,,,,,,,,,,,,,,,,,,,,,,,,,,,,,,,,,,,,,
,,,,,,,,,,,,,,,,,120,4,2024-09-06_13h38.38.181,Symbol-E,2020.1.3,Win32,Firefox,Mozilla/5.0 (Windows NT 10.0; Win64; x64; rv:129.0) Gecko/20100101 Firefox/129.0,60,,,,,,,,,,,,,,,,,,,,,,,,,,,,,,,,,,,,media/ddnb.png,7,3,Symb,l,CR,0,0,0,0,8,0,54,0,1,0,99,l,0.74,7,1,,,,,,,,,,,,,,,,,,,,,,,,,,,,,,,,,,,,,,,,,,,,,,,,,,l,1,0.74,139,0,139,0,1,,,,,,,,,,,,,,,,,,,,,,,,,,,,,,,,,,,,,,,,,,,,,,,,,,,,,,
,,,,,,,,,,,,,,,,,120,4,2024-09-06_13h38.38.181,Symbol-E,2020.1.3,Win32,Firefox,Mozilla/5.0 (Windows NT 10.0; Win64; x64; rv:129.0) Gecko/20100101 Firefox/129.0,60,,,,,,,,,,,,,,,,,,,,,,,,,,,,,,,,,,,,media/dfnb.png,3,3,Symb,f,CR,0,0,0,0,8,0,55,0,1,0,99,h,1.546,4,0,,,,,,,,,,,,,,,,,,,,,,,,,,,,,,,,,,,,,,,,,,,,,,,,,,h,0,1.546,140,0,140,0,1,,,,,,,,,,,,,,,,,,,,,,,,,,,,,,,,,,,,,,,,,,,,,,,,,,,,,,
,,,,,,,,,,,,,,,,,120,4,2024-09-06_13h38.38.181,Symbol-E,2020.1.3,Win32,Firefox,Mozilla/5.0 (Windows NT 10.0; Win64; x64; rv:129.0) Gecko/20100101 Firefox/129.0,60,,,,,,,,,,,,,,,,,,,,,,,,,,,,,,,,,,,,media/dfnb.png,3,3,Symb,f,CR,0,0,0,0,8,1,55,0,1,0,99,a,0.069,0,0,,,,,,,,,,,,,,,,,,,,,,,,,,,,,,,,,,,,,,,,,,,,,,,,,,a,0,0.069,141,0,141,0,1,,,,,,,,,,,,,,,,,,,,,,,,,,,,,,,,,,,,,,,,,,,,,,,,,,,,,,
,,,,,,,,,,,,,,,,,120,4,2024-09-06_13h38.38.181,Symbol-E,2020.1.3,Win32,Firefox,Mozilla/5.0 (Windows NT 10.0; Win64; x64; rv:129.0) Gecko/20100101 Firefox/129.0,60,,,,,,,,,,,,,,,,,,,,,,,,,,,,,,,,,,,,media/dfnb.png,3,3,Symb,f,CR,0,0,0,0,8,2,55,0,1,0,99,f,0.042,3,1,,,,,,,,,,,,,,,,,,,,,,,,,,,,,,,,,,,,,,,,,,,,,,,,,,f,1,0.042,142,0,142,0,1,,,,,,,,,,,,,,,,,,,,,,,,,,,,,,,,,,,,,,,,,,,,,,,,,,,,,,
,,,,,,,,,,,,,,,,,120,4,2024-09-06_13h38.38.181,Symbol-E,2020.1.3,Win32,Firefox,Mozilla/5.0 (Windows NT 10.0; Win64; x64; rv:129.0) Gecko/20100101 Firefox/129.0,60,,,,,,,,,,,,,,,,,,,,,,,,,,,,,,,,,,,,media/ddnb.png,7,3,Symb,l,CR,0,0,0,0,8,0,56,0,1,0,99,f,0.001,3,0,,,,,,,,,,,,,,,,,,,,,,,,,,,,,,,,,,,,,,,,,,,,,,,,,,f,0,0.001,143,0,143,0,1,,,,,,,,,,,,,,,,,,,,,,,,,,,,,,,,,,,,,,,,,,,,,,,,,,,,,,
,,,,,,,,,,,,,,,,,120,4,2024-09-06_13h38.38.181,Symbol-E,2020.1.3,Win32,Firefox,Mozilla/5.0 (Windows NT 10.0; Win64; x64; rv:129.0) Gecko/20100101 Firefox/129.0,60,,,,,,,,,,,,,,,,,,,,,,,,,,,,,,,,,,,,media/ddnb.png,7,3,Symb,l,CR,0,0,0,0,8,1,56,0,1,0,99,l,0.209,7,1,,,,,,,,,,,,,,,,,,,,,,,,,,,,,,,,,,,,,,,,,,,,,,,,,,l,1,0.209,144,0,144,0,1,,,,,,,,,,,,,,,,,,,,,,,,,,,,,,,,,,,,,,,,,,,,,,,,,,,,,,
,,,,,,,,,,,,,,,,,120,4,2024-09-06_13h38.38.181,Symbol-E,2020.1.3,Win32,Firefox,Mozilla/5.0 (Windows NT 10.0; Win64; x64; rv:129.0) Gecko/20100101 Firefox/129.0,60,,,,,,,,,,,,,,,,,,,,,,,,,,,,,,,,,,,,media/dmnb.png,5,1,Symb,u,CR,0,0,0,0,8,0,57,0,1,0,99,i,2.339,6,0,,,,,,,,,,,,,,,,,,,,,,,,,,,,,,,,,,,,,,,,,,,,,,,,,,i,0,2.339,145,0,145,0,1,,,,,,,,,,,,,,,,,,,,,,,,,,,,,,,,,,,,,,,,,,,,,,,,,,,,,,
,,,,,,,,,,,,,,,,,120,4,2024-09-06_13h38.38.181,Symbol-E,2020.1.3,Win32,Firefox,Mozilla/5.0 (Windows NT 10.0; Win64; x64; rv:129.0) Gecko/20100101 Firefox/129.0,60,,,,,,,,,,,,,,,,,,,,,,,,,,,,,,,,,,,,media/dmnb.png,5,1,Symb,u,CR,0,0,0,0,8,1,57,0,1,0,99,u,0.254,5,1,,,,,,,,,,,,,,,,,,,,,,,,,,,,,,,,,,,,,,,,,,,,,,,,,,u,1,0.254,146,0,146,0,1,,,,,,,,,,,,,,,,,,,,,,,,,,,,,,,,,,,,,,,,,,,,,,,,,,,,,,
,,,,,,,,,,,,,,,,,120,4,2024-09-06_13h38.38.181,Symbol-E,2020.1.3,Win32,Firefox,Mozilla/5.0 (Windows NT 10.0; Win64; x64; rv:129.0) Gecko/20100101 Firefox/129.0,60,,,,,,,,,,,,,,,,,,,,,,,,,,,,,,,,,,,,media/dcnb.png,4,0,Symb,h,CR,0,0,0,0,8,0,58,0,1,0,99,h,1.686,4,1,,,,,,,,,,,,,,,,,,,,,,,,,,,,,,,,,,,,,,,,,,,,,,,,,,h,1,1.686,147,0,147,0,1,,,,,,,,,,,,,,,,,,,,,,,,,,,,,,,,,,,,,,,,,,,,,,,,,,,,,,
,,,,,,,,,,,,,,,,,120,4,2024-09-06_13h38.38.181,Symbol-E,2020.1.3,Win32,Firefox,Mozilla/5.0 (Windows NT 10.0; Win64; x64; rv:129.0) Gecko/20100101 Firefox/129.0,60,,,,,,,,,,,,,,,,,,,,,,,,,,,,,,,,,,,,media/ddnb.png,7,3,Symb,l,CR,0,0,0,0,8,0,59,0,1,0,99,l,0.729,7,1,,,,,,,,,,,,,,,,,,,,,,,,,,,,,,,,,,,,,,,,,,,,,,,,,,l,1,0.729,148,0,148,0,1,,,,,,,,,,,,,,,,,,,,,,,,,,,,,,,,,,,,,,,,,,,,,,,,,,,,,,
,,,,,,,,,,,,,,,,,120,4,2024-09-06_13h38.38.181,Symbol-E,2020.1.3,Win32,Firefox,Mozilla/5.0 (Windows NT 10.0; Win64; x64; rv:129.0) Gecko/20100101 Firefox/129.0,60,,,,,,,,,,,,,,,,,,,,,,,,,,,,,,,,,,,,media/dnnb.png,2,2,Symb,e,CR,0,0,0,0,8,0,60,0,1,0,99,e,1.722,2,1,,,,,,,,,,,,,,,,,,,,,,,,,,,,,,,,,,,,,,,,,,,,,,,,,,e,1,1.722,149,0,149,0,1,,,,,,,,,,,,,,,,,,,,,,,,,,,,,,,,,,,,,,,,,,,,,,,,,,,,,,
,,,,,,,,,,,,,,,,,120,4,2024-09-06_13h38.38.181,Symbol-E,2020.1.3,Win32,Firefox,Mozilla/5.0 (Windows NT 10.0; Win64; x64; rv:129.0) Gecko/20100101 Firefox/129.0,60,,,,,,,,,,,,,,,,,,,,,,,,,,,,,,,,,,,,media/dinb.png,6,2,Symb,i,CR,0,0,0,0,8,0,61,0,1,0,99,w,1.7,1,0,,,,,,,,,,,,,,,,,,,,,,,,,,,,,,,,,,,,,,,,,,,,,,,,,,w,0,1.7,150,0,150,0,1,,,,,,,,,,,,,,,,,,,,,,,,,,,,,,,,,,,,,,,,,,,,,,,,,,,,,,
,,,,,,,,,,,,,,,,,120,4,2024-09-06_13h38.38.181,Symbol-E,2020.1.3,Win32,Firefox,Mozilla/5.0 (Windows NT 10.0; Win64; x64; rv:129.0) Gecko/20100101 Firefox/129.0,60,,,,,,,,,,,,,,,,,,,,,,,,,,,,,,,,,,,,media/dinb.png,6,2,Symb,i,CR,0,0,0,0,8,1,61,0,1,0,99,u,0.206,5,0,,,,,,,,,,,,,,,,,,,,,,,,,,,,,,,,,,,,,,,,,,,,,,,,,,u,0,0.206,151,0,151,0,1,,,,,,,,,,,,,,,,,,,,,,,,,,,,,,,,,,,,,,,,,,,,,,,,,,,,,,
,,,,,,,,,,,,,,,,,120,4,2024-09-06_13h38.38.181,Symbol-E,2020.1.3,Win32,Firefox,Mozilla/5.0 (Windows NT 10.0; Win64; x64; rv:129.0) Gecko/20100101 Firefox/129.0,60,,,,,,,,,,,,,,,,,,,,,,,,,,,,,,,,,,,,media/dinb.png,6,2,Symb,i,CR,0,0,0,0,8,2,61,0,1,0,99,i,0.105,6,1,,,,,,,,,,,,,,,,,,,,,,,,,,,,,,,,,,,,,,,,,,,,,,,,,,i,1,0.105,152,0,152,0,1,,,,,,,,,,,,,,,,,,,,,,,,,,,,,,,,,,,,,,,,,,,,,,,,,,,,,,
,,,,,,,,,,,,,,,,,120,4,2024-09-06_13h38.38.181,Symbol-E,2020.1.3,Win32,Firefox,Mozilla/5.0 (Windows NT 10.0; Win64; x64; rv:129.0) Gecko/20100101 Firefox/129.0,60,,,,,,,,,,,,,,,,,,,,,,,,,,,,,,,,,,,,media/dnnb.png,2,2,Symb,e,CR,0,0,0,0,8,0,62,0,1,0,99,e,0.879,2,1,,,,,,,,,,,,,,,,,,,,,,,,,,,,,,,,,,,,,,,,,,,,,,,,,,e,1,0.879,153,0,153,0,1,,,,,,,,,,,,,,,,,,,,,,,,,,,,,,,,,,,,,,,,,,,,,,,,,,,,,,
,,,,,,,,,,,,,,,,,120,4,2024-09-06_13h38.38.181,Symbol-E,2020.1.3,Win32,Firefox,Mozilla/5.0 (Windows NT 10.0; Win64; x64; rv:129.0) Gecko/20100101 Firefox/129.0,60,,,,,,,,,,,,,,,,,,,,,,,,,,,,,,,,,,,,media/dcnb.png,4,0,Symb,h,CR,0,0,0,0,8,0,63,0,1,0,99,h,0.989,4,1,,,,,,,,,,,,,,,,,,,,,,,,,,,,,,,,,,,,,,,,,,,,,,,,,,h,1,0.989,154,0,154,0,1,,,,,,,,,,,,,,,,,,,,,,,,,,,,,,,,,,,,,,,,,,,,,,,,,,,,,,
,,,,,,,,,,,,,,,,,120,4,2024-09-06_13h38.38.181,Symbol-E,2020.1.3,Win32,Firefox,Mozilla/5.0 (Windows NT 10.0; Win64; x64; rv:129.0) Gecko/20100101 Firefox/129.0,60,,,,,,,,,,,,,,,,,,,,,,,,,,,,,,,,,,,,media/djnb.png,0,0,Symb,a,CR,0,0,0,0,8,0,64,0,1,0,99,w,1.658,1,0,,,,,,,,,,,,,,,,,,,,,,,,,,,,,,,,,,,,,,,,,,,,,,,,,,w,0,1.658,155,0,155,0,1,,,,,,,,,,,,,,,,,,,,,,,,,,,,,,,,,,,,,,,,,,,,,,,,,,,,,,
,,,,,,,,,,,,,,,,,120,4,2024-09-06_13h38.38.181,Symbol-E,2020.1.3,Win32,Firefox,Mozilla/5.0 (Windows NT 10.0; Win64; x64; rv:129.0) Gecko/20100101 Firefox/129.0,60,,,,,,,,,,,,,,,,,,,,,,,,,,,,,,,,,,,,media/djnb.png,0,0,Symb,a,CR,0,0,0,0,8,1,64,0,1,0,99,f,0.075,3,0,,,,,,,,,,,,,,,,,,,,,,,,,,,,,,,,,,,,,,,,,,,,,,,,,,f,0,0.075,156,0,156,0,1,,,,,,,,,,,,,,,,,,,,,,,,,,,,,,,,,,,,,,,,,,,,,,,,,,,,,,
,,,,,,,,,,,,,,,,,120,4,2024-09-06_13h38.38.181,Symbol-E,2020.1.3,Win32,Firefox,Mozilla/5.0 (Windows NT 10.0; Win64; x64; rv:129.0) Gecko/20100101 Firefox/129.0,60,,,,,,,,,,,,,,,,,,,,,,,,,,,,,,,,,,,,media/djnb.png,0,0,Symb,a,CR,0,0,0,0,8,2,64,0,1,0,99,a,0.279,0,1,,,,,,,,,,,,,,,,,,,,,,,,,,,,,,,,,,,,,,,,,,,,,,,,,,a,1,0.279,157,0,157,0,1,,,,,,,,,,,,,,,,,,,,,,,,,,,,,,,,,,,,,,,,,,,,,,,,,,,,,,
,,,,,,,,,,,,,,,,,120,4,2024-09-06_13h38.38.181,Symbol-E,2020.1.3,Win32,Firefox,Mozilla/5.0 (Windows NT 10.0; Win64; x64; rv:129.0) Gecko/20100101 Firefox/129.0,60,,,,,,,,,,,,,,,,,,,,,,,,,,,,,,,,,,,,media/dfnb.png,3,3,Symb,f,CR,0,0,0,0,8,0,65,0,1,0,99,u,3.536,5,0,,,,,,,,,,,,,,,,,,,,,,,,,,,,,,,,,,,,,,,,,,,,,,,,,,u,0,3.536,158,0,158,0,1,,,,,,,,,,,,,,,,,,,,,,,,,,,,,,,,,,,,,,,,,,,,,,,,,,,,,,
,,,,,,,,,,,,,,,,,120,4,2024-09-06_13h38.38.181,Symbol-E,2020.1.3,Win32,Firefox,Mozilla/5.0 (Windows NT 10.0; Win64; x64; rv:129.0) Gecko/20100101 Firefox/129.0,60,,,,,,,,,,,,,,,,,,,,,,,,,,,,,,,,,,,,media/dfnb.png,3,3,Symb,f,CR,0,0,0,0,8,1,65,0,1,0,99,e,0.01,2,0,,,,,,,,,,,,,,,,,,,,,,,,,,,,,,,,,,,,,,,,,,,,,,,,,,e,0,0.01,159,0,159,0,1,,,,,,,,,,,,,,,,,,,,,,,,,,,,,,,,,,,,,,,,,,,,,,,,,,,,,,
,,,,,,,,,,,,,,,,,120,4,2024-09-06_13h38.38.181,Symbol-E,2020.1.3,Win32,Firefox,Mozilla/5.0 (Windows NT 10.0; Win64; x64; rv:129.0) Gecko/20100101 Firefox/129.0,60,,,,,,,,,,,,,,,,,,,,,,,,,,,,,,,,,,,,media/dfnb.png,3,3,Symb,f,CR,0,0,0,0,8,2,65,0,1,0,99,w,0.134,1,0,,,,,,,,,,,,,,,,,,,,,,,,,,,,,,,,,,,,,,,,,,,,,,,,,,w,0,0.134,160,0,160,0,1,,,,,,,,,,,,,,,,,,,,,,,,,,,,,,,,,,,,,,,,,,,,,,,,,,,,,,
,,,,,,,,,,,,,,,,,120,4,2024-09-06_13h38.38.181,Symbol-E,2020.1.3,Win32,Firefox,Mozilla/5.0 (Windows NT 10.0; Win64; x64; rv:129.0) Gecko/20100101 Firefox/129.0,60,,,,,,,,,,,,,,,,,,,,,,,,,,,,,,,,,,,,media/dfnb.png,3,3,Symb,f,CR,0,0,0,0,8,3,65,0,1,0,99,f,0.075,3,1,,,,,,,,,,,,,,,,,,,,,,,,,,,,,,,,,,,,,,,,,,,,,,,,,,f,1,0.075,161,0,161,0,1,,,,,,,,,,,,,,,,,,,,,,,,,,,,,,,,,,,,,,,,,,,,,,,,,,,,,,
,,,,,,,,,,,,,,,,,120,4,2024-09-06_13h38.38.181,Symbol-E,2020.1.3,Win32,Firefox,Mozilla/5.0 (Windows NT 10.0; Win64; x64; rv:129.0) Gecko/20100101 Firefox/129.0,60,,,,,,,,,,,,,,,,,,,,,,,,,,,,,,,,,,,,media/djnb.png,0,0,Symb,a,CR,0,0,0,0,8,0,66,0,1,0,99,f,0.424,3,0,,,,,,,,,,,,,,,,,,,,,,,,,,,,,,,,,,,,,,,,,,,,,,,,,,f,0,0.424,162,0,162,0,1,,,,,,,,,,,,,,,,,,,,,,,,,,,,,,,,,,,,,,,,,,,,,,,,,,,,,,
,,,,,,,,,,,,,,,,,120,4,2024-09-06_13h38.38.181,Symbol-E,2020.1.3,Win32,Firefox,Mozilla/5.0 (Windows NT 10.0; Win64; x64; rv:129.0) Gecko/20100101 Firefox/129.0,60,,,,,,,,,,,,,,,,,,,,,,,,,,,,,,,,,,,,media/djnb.png,0,0,Symb,a,CR,0,0,0,0,8,1,66,0,1,0,99,a,2.669,0,1,,,,,,,,,,,,,,,,,,,,,,,,,,,,,,,,,,,,,,,,,,,,,,,,,,a,1,2.669,163,0,163,0,1,,,,,,,,,,,,,,,,,,,,,,,,,,,,,,,,,,,,,,,,,,,,,,,,,,,,,,
,,,,,,,,,,,,,,,,,120,4,2024-09-06_13h38.38.181,Symbol-E,2020.1.3,Win32,Firefox,Mozilla/5.0 (Windows NT 10.0; Win64; x64; rv:129.0) Gecko/20100101 Firefox/129.0,60,,,,,,,,,,,,,,,,,,,,,,,,,,,,,,,,,,,,media/dfnb.png,3,3,Symb,f,CR,0,0,0,0,8,0,67,0,1,0,99,f,1.023,3,1,,,,,,,,,,,,,,,,,,,,,,,,,,,,,,,,,,,,,,,,,,,,,,,,,,f,1,1.023,164,0,164,0,1,,,,,,,,,,,,,,,,,,,,,,,,,,,,,,,,,,,,,,,,,,,,,,,,,,,,,,
,,,,,,,,,,,,,,,,,120,4,2024-09-06_13h38.38.181,Symbol-E,2020.1.3,Win32,Firefox,Mozilla/5.0 (Windows NT 10.0; Win64; x64; rv:129.0) Gecko/20100101 Firefox/129.0,60,,,,,,,,,,,,,,,,,,,,,,,,,,,,,,,,,,,,media/dinb.png,6,2,Symb,i,CR,0,0,0,0,8,0,68,0,1,0,99,h,1.306,4,0,,,,,,,,,,,,,,,,,,,,,,,,,,,,,,,,,,,,,,,,,,,,,,,,,,h,0,1.306,165,0,165,0,1,,,,,,,,,,,,,,,,,,,,,,,,,,,,,,,,,,,,,,,,,,,,,,,,,,,,,,
,,,,,,,,,,,,,,,,,120,4,2024-09-06_13h38.38.181,Symbol-E,2020.1.3,Win32,Firefox,Mozilla/5.0 (Windows NT 10.0; Win64; x64; rv:129.0) Gecko/20100101 Firefox/129.0,60,,,,,,,,,,,,,,,,,,,,,,,,,,,,,,,,,,,,media/dinb.png,6,2,Symb,i,CR,0,0,0,0,8,1,68,0,1,0,99,u,0.238,5,0,,,,,,,,,,,,,,,,,,,,,,,,,,,,,,,,,,,,,,,,,,,,,,,,,,u,0,0.238,166,0,166,0,1,,,,,,,,,,,,,,,,,,,,,,,,,,,,,,,,,,,,,,,,,,,,,,,,,,,,,,
,,,,,,,,,,,,,,,,,120,4,2024-09-06_13h38.38.181,Symbol-E,2020.1.3,Win32,Firefox,Mozilla/5.0 (Windows NT 10.0; Win64; x64; rv:129.0) Gecko/20100101 Firefox/129.0,60,,,,,,,,,,,,,,,,,,,,,,,,,,,,,,,,,,,,media/dinb.png,6,2,Symb,i,CR,0,0,0,0,8,2,68,0,1,0,99,i,0.257,6,1,,,,,,,,,,,,,,,,,,,,,,,,,,,,,,,,,,,,,,,,,,,,,,,,,,i,1,0.257,167,0,167,0,1,,,,,,,,,,,,,,,,,,,,,,,,,,,,,,,,,,,,,,,,,,,,,,,,,,,,,,
,,,,,,,,,,,,,,,,,120,4,2024-09-06_13h38.38.181,Symbol-E,2020.1.3,Win32,Firefox,Mozilla/5.0 (Windows NT 10.0; Win64; x64; rv:129.0) Gecko/20100101 Firefox/129.0,60,,,,,,,,,,,,,,,,,,,,,,,,,,,,,,,,,,,,media/dgnb.png,1,1,Symb,w,CR,0,0,0,0,8,0,69,0,1,0,99,u,1.455,5,0,,,,,,,,,,,,,,,,,,,,,,,,,,,,,,,,,,,,,,,,,,,,,,,,,,u,0,1.455,168,0,168,0,1,,,,,,,,,,,,,,,,,,,,,,,,,,,,,,,,,,,,,,,,,,,,,,,,,,,,,,
,,,,,,,,,,,,,,,,,120,4,2024-09-06_13h38.38.181,Symbol-E,2020.1.3,Win32,Firefox,Mozilla/5.0 (Windows NT 10.0; Win64; x64; rv:129.0) Gecko/20100101 Firefox/129.0,60,,,,,,,,,,,,,,,,,,,,,,,,,,,,,,,,,,,,media/dgnb.png,1,1,Symb,w,CR,0,0,0,0,8,1,69,0,1,0,99,w,0.129,1,1,,,,,,,,,,,,,,,,,,,,,,,,,,,,,,,,,,,,,,,,,,,,,,,,,,w,1,0.129,169,0,169,0,1,,,,,,,,,,,,,,,,,,,,,,,,,,,,,,,,,,,,,,,,,,,,,,,,,,,,,,
,,,,,,,,,,,,,,,,,120,4,2024-09-06_13h38.38.181,Symbol-E,2020.1.3,Win32,Firefox,Mozilla/5.0 (Windows NT 10.0; Win64; x64; rv:129.0) Gecko/20100101 Firefox/129.0,60,,,,,,,,,,,,,,,,,,,,,,,,,,,,,,,,,,,,media/dgnb.png,1,1,Symb,w,CR,0,0,0,0,8,0,70,0,1,0,99,w,0.537,1,1,,,,,,,,,,,,,,,,,,,,,,,,,,,,,,,,,,,,,,,,,,,,,,,,,,w,1,0.537,170,0,170,0,1,,,,,,,,,,,,,,,,,,,,,,,,,,,,,,,,,,,,,,,,,,,,,,,,,,,,,,
,,,,,,,,,,,,,,,,,120,4,2024-09-06_13h38.38.181,Symbol-E,2020.1.3,Win32,Firefox,Mozilla/5.0 (Windows NT 10.0; Win64; x64; rv:129.0) Gecko/20100101 Firefox/129.0,60,,,,,,,,,,,,,,,,,,,,,,,,,,,,,,,,,,,,media/dmnb.png,5,1,Symb,u,CR,0,0,0,0,8,0,71,0,1,0,99,e,4.601,2,0,,,,,,,,,,,,,,,,,,,,,,,,,,,,,,,,,,,,,,,,,,,,,,,,,,e,0,4.601,171,0,171,0,1,,,,,,,,,,,,,,,,,,,,,,,,,,,,,,,,,,,,,,,,,,,,,,,,,,,,,,
,,,,,,,,,,,,,,,,,120,4,2024-09-06_13h38.38.181,Symbol-E,2020.1.3,Win32,Firefox,Mozilla/5.0 (Windows NT 10.0; Win64; x64; rv:129.0) Gecko/20100101 Firefox/129.0,60,,,,,,,,,,,,,,,,,,,,,,,,,,,,,,,,,,,,media/dmnb.png,5,1,Symb,u,CR,0,0,0,0,8,1,71,0,1,0,99,u,0.155,5,1,,,,,,,,,,,,,,,,,,,,,,,,,,,,,,,,,,,,,,,,,,,,,,,,,,u,1,0.155,172,0,172,0,1,,,,,,,,,,,,,,,,,,,,,,,,,,,,,,,,,,,,,,,,,,,,,,,,,,,,,,
,,,,,,,,,,,,,,,,,120,4,2024-09-06_13h38.38.181,Symbol-E,2020.1.3,Win32,Firefox,Mozilla/5.0 (Windows NT 10.0; Win64; x64; rv:129.0) Gecko/20100101 Firefox/129.0,60,,,,,,,,,,,,,,,,,,,,,,,,,,,,,,,,,,,,media/dmnb.png,5,1,Symb,u,CR,0,0,0,0,8,0,72,0,1,0,99,u,0.508,5,1,,,,,,,,,,,,,,,,,,,,,,,,,,,,,,,,,,,,,,,,,,,,,,,,,,u,1,0.508,173,0,173,0,1,,,,,,,,,,,,,,,,,,,,,,,,,,,,,,,,,,,,,,,,,,,,,,,,,,,,,,
,,,,,,,,,,,,,,,,,120,4,2024-09-06_13h38.38.181,Symbol-E,2020.1.3,Win32,Firefox,Mozilla/5.0 (Windows NT 10.0; Win64; x64; rv:129.0) Gecko/20100101 Firefox/129.0,60,,,,,,,,,,,,,,,,,,,,,,,,,,,,,,,,,,,,media/djnb.png,0,0,Symb,a,CR,0,0,0,0,8,0,73,0,1,0,99,h,2.017,4,0,,,,,,,,,,,,,,,,,,,,,,,,,,,,,,,,,,,,,,,,,,,,,,,,,,h,0,2.017,174,0,174,0,1,,,,,,,,,,,,,,,,,,,,,,,,,,,,,,,,,,,,,,,,,,,,,,,,,,,,,,
,,,,,,,,,,,,,,,,,120,4,2024-09-06_13h38.38.181,Symbol-E,2020.1.3,Win32,Firefox,Mozilla/5.0 (Windows NT 10.0; Win64; x64; rv:129.0) Gecko/20100101 Firefox/129.0,60,,,,,,,,,,,,,,,,,,,,,,,,,,,,,,,,,,,,media/djnb.png,0,0,Symb,a,CR,0,0,0,0,8,1,73,0,1,0,99,f,0.182,3,0,,,,,,,,,,,,,,,,,,,,,,,,,,,,,,,,,,,,,,,,,,,,,,,,,,f,0,0.182,175,0,175,0,1,,,,,,,,,,,,,,,,,,,,,,,,,,,,,,,,,,,,,,,,,,,,,,,,,,,,,,
,,,,,,,,,,,,,,,,,120,4,2024-09-06_13h38.38.181,Symbol-E,2020.1.3,Win32,Firefox,Mozilla/5.0 (Windows NT 10.0; Win64; x64; rv:129.0) Gecko/20100101 Firefox/129.0,60,,,,,,,,,,,,,,,,,,,,,,,,,,,,,,,,,,,,media/djnb.png,0,0,Symb,a,CR,0,0,0,0,8,2,73,0,1,0,99,h,0.358,4,0,,,,,,,,,,,,,,,,,,,,,,,,,,,,,,,,,,,,,,,,,,,,,,,,,,h,0,0.358,176,0,176,0,1,,,,,,,,,,,,,,,,,,,,,,,,,,,,,,,,,,,,,,,,,,,,,,,,,,,,,,
,,,,,,,,,,,,,,,,,120,4,2024-09-06_13h38.38.181,Symbol-E,2020.1.3,Win32,Firefox,Mozilla/5.0 (Windows NT 10.0; Win64; x64; rv:129.0) Gecko/20100101 Firefox/129.0,60,,,,,,,,,,,,,,,,,,,,,,,,,,,,,,,,,,,,media/djnb.png,0,0,Symb,a,CR,0,0,0,0,8,3,73,0,1,0,99,i,0.218,6,0,,,,,,,,,,,,,,,,,,,,,,,,,,,,,,,,,,,,,,,,,,,,,,,,,,i,0,0.218,177,0,177,0,1,,,,,,,,,,,,,,,,,,,,,,,,,,,,,,,,,,,,,,,,,,,,,,,,,,,,,,
,,,,,,,,,,,,,,,,,120,4,2024-09-06_13h38.38.181,Symbol-E,2020.1.3,Win32,Firefox,Mozilla/5.0 (Windows NT 10.0; Win64; x64; rv:129.0) Gecko/20100101 Firefox/129.0,60,,,,,,,,,,,,,,,,,,,,,,,,,,,,,,,,,,,,media/djnb.png,0,0,Symb,a,CR,0,0,0,0,8,4,73,0,1,0,99,u,0.05,5,0,,,,,,,,,,,,,,,,,,,,,,,,,,,,,,,,,,,,,,,,,,,,,,,,,,u,0,0.05,178,0,178,0,1,,,,,,,,,,,,,,,,,,,,,,,,,,,,,,,,,,,,,,,,,,,,,,,,,,,,,,
,,,,,,,,,,,,,,,,,120,4,2024-09-06_13h38.38.181,Symbol-E,2020.1.3,Win32,Firefox,Mozilla/5.0 (Windows NT 10.0; Win64; x64; rv:129.0) Gecko/20100101 Firefox/129.0,60,,,,,,,,,,,,,,,,,,,,,,,,,,,,,,,,,,,,media/djnb.png,0,0,Symb,a,CR,0,0,0,0,8,5,73,0,1,0,99,w,0.063,1,0,,,,,,,,,,,,,,,,,,,,,,,,,,,,,,,,,,,,,,,,,,,,,,,,,,w,0,0.063,179,0,179,0,1,,,,,,,,,,,,,,,,,,,,,,,,,,,,,,,,,,,,,,,,,,,,,,,,,,,,,,
,,,,,,,,,,,,,,,,,120,4,2024-09-06_13h38.38.181,Symbol-E,2020.1.3,Win32,Firefox,Mozilla/5.0 (Windows NT 10.0; Win64; x64; rv:129.0) Gecko/20100101 Firefox/129.0,60,,,,,,,,,,,,,,,,,,,,,,,,,,,,,,,,,,,,media/djnb.png,0,0,Symb,a,CR,0,0,0,0,8,6,73,0,1,0,99,h,0.012,4,0,,,,,,,,,,,,,,,,,,,,,,,,,,,,,,,,,,,,,,,,,,,,,,,,,,h,0,0.012,180,0,180,0,1,,,,,,,,,,,,,,,,,,,,,,,,,,,,,,,,,,,,,,,,,,,,,,,,,,,,,,
,,,,,,,,,,,,,,,,,120,4,2024-09-06_13h38.38.181,Symbol-E,2020.1.3,Win32,Firefox,Mozilla/5.0 (Windows NT 10.0; Win64; x64; rv:129.0) Gecko/20100101 Firefox/129.0,60,,,,,,,,,,,,,,,,,,,,,,,,,,,,,,,,,,,,media/djnb.png,0,0,Symb,a,CR,0,0,0,0,8,7,73,0,1,0,99,l,0.435,7,0,,,,,,,,,,,,,,,,,,,,,,,,,,,,,,,,,,,,,,,,,,,,,,,,,,l,0,0.435,181,0,181,0,1,,,,,,,,,,,,,,,,,,,,,,,,,,,,,,,,,,,,,,,,,,,,,,,,,,,,,,
,,,,,,,,,,,,,,,,,120,4,2024-09-06_13h38.38.181,Symbol-E,2020.1.3,Win32,Firefox,Mozilla/5.0 (Windows NT 10.0; Win64; x64; rv:129.0) Gecko/20100101 Firefox/129.0,60,,,,,,,,,,,,,,,,,,,,,,,,,,,,,,,,,,,,media/djnb.png,0,0,Symb,a,CR,0,0,0,0,8,8,73,0,1,0,99,f,0.137,3,0,,,,,,,,,,,,,,,,,,,,,,,,,,,,,,,,,,,,,,,,,,,,,,,,,,f,0,0.137,182,0,182,0,1,,,,,,,,,,,,,,,,,,,,,,,,,,,,,,,,,,,,,,,,,,,,,,,,,,,,,,
,,,,,,,,,,,,,,,,,120,4,2024-09-06_13h38.38.181,Symbol-E,2020.1.3,Win32,Firefox,Mozilla/5.0 (Windows NT 10.0; Win64; x64; rv:129.0) Gecko/20100101 Firefox/129.0,60,,,,,,,,,,,,,,,,,,,,,,,,,,,,,,,,,,,,media/djnb.png,0,0,Symb,a,CR,0,0,0,0,8,9,73,0,1,0,99,a,0.078,0,1,,,,,,,,,,,,,,,,,,,,,,,,,,,,,,,,,,,,,,,,,,,,,,,,,,a,1,0.078,183,0,183,0,1,,,,,,,,,,,,,,,,,,,,,,,,,,,,,,,,,,,,,,,,,,,,,,,,,,,,,,
,,,,,,,,,,,,,,,,,120,4,2024-09-06_13h38.38.181,Symbol-E,2020.1.3,Win32,Firefox,Mozilla/5.0 (Windows NT 10.0; Win64; x64; rv:129.0) Gecko/20100101 Firefox/129.0,60,,,,,,,,,,,,,,,,,,,,,,,,,,,,,,,,,,,,media/dfnb.png,3,3,Symb,f,CR,0,0,0,0,8,0,74,0,1,0,99,f,1.182,3,1,,,,,,,,,,,,,,,,,,,,,,,,,,,,,,,,,,,,,,,,,,,,,,,,,,f,1,1.182,184,0,184,0,1,,,,,,,,,,,,,,,,,,,,,,,,,,,,,,,,,,,,,,,,,,,,,,,,,,,,,,
,,,,,,,,,,,,,,,,,120,4,2024-09-06_13h38.38.181,Symbol-E,2020.1.3,Win32,Firefox,Mozilla/5.0 (Windows NT 10.0; Win64; x64; rv:129.0) Gecko/20100101 Firefox/129.0,60,,,,,,,,,,,,,,,,,,,,,,,,,,,,,,,,,,,,media/dcnb.png,4,0,Symb,h,CR,0,0,0,0,8,0,75,0,1,0,99,h,0.803,4,1,,,,,,,,,,,,,,,,,,,,,,,,,,,,,,,,,,,,,,,,,,,,,,,,,,h,1,0.803,185,0,185,0,1,,,,,,,,,,,,,,,,,,,,,,,,,,,,,,,,,,,,,,,,,,,,,,,,,,,,,,
,,,,,,,,,,,,,,,,,120,4,2024-09-06_13h38.38.181,Symbol-E,2020.1.3,Win32,Firefox,Mozilla/5.0 (Windows NT 10.0; Win64; x64; rv:129.0) Gecko/20100101 Firefox/129.0,60,,,,,,,,,,,,,,,,,,,,,,,,,,,,,,,,,,,,media/dinb.png,6,2,Symb,i,CR,0,0,0,0,8,0,76,0,1,0,99,u,1.626,5,0,,,,,,,,,,,,,,,,,,,,,,,,,,,,,,,,,,,,,,,,,,,,,,,,,,u,0,1.626,186,0,186,0,1,,,,,,,,,,,,,,,,,,,,,,,,,,,,,,,,,,,,,,,,,,,,,,,,,,,,,,
,,,,,,,,,,,,,,,,,120,4,2024-09-06_13h38.38.181,Symbol-E,2020.1.3,Win32,Firefox,Mozilla/5.0 (Windows NT 10.0; Win64; x64; rv:129.0) Gecko/20100101 Firefox/129.0,60,,,,,,,,,,,,,,,,,,,,,,,,,,,,,,,,,,,,media/dinb.png,6,2,Symb,i,CR,0,0,0,0,8,1,76,0,1,0,99,i,0.394,6,1,,,,,,,,,,,,,,,,,,,,,,,,,,,,,,,,,,,,,,,,,,,,,,,,,,i,1,0.394,187,0,187,0,1,,,,,,,,,,,,,,,,,,,,,,,,,,,,,,,,,,,,,,,,,,,,,,,,,,,,,,
,,,,,,,,,,,,,,,,,120,4,2024-09-06_13h38.38.181,Symbol-E,2020.1.3,Win32,Firefox,Mozilla/5.0 (Windows NT 10.0; Win64; x64; rv:129.0) Gecko/20100101 Firefox/129.0,60,,,,,,,,,,,,,,,,,,,,,,,,,,,,,,,,,,,,media/dnnb.png,2,2,Symb,e,CR,0,0,0,0,8,0,77,0,1,0,99,h,1.056,4,0,,,,,,,,,,,,,,,,,,,,,,,,,,,,,,,,,,,,,,,,,,,,,,,,,,h,0,1.056,188,0,188,0,1,,,,,,,,,,,,,,,,,,,,,,,,,,,,,,,,,,,,,,,,,,,,,,,,,,,,,,
,,,,,,,,,,,,,,,,,120,4,2024-09-06_13h38.38.181,Symbol-E,2020.1.3,Win32,Firefox,Mozilla/5.0 (Windows NT 10.0; Win64; x64; rv:129.0) Gecko/20100101 Firefox/129.0,60,,,,,,,,,,,,,,,,,,,,,,,,,,,,,,,,,,,,media/dnnb.png,2,2,Symb,e,CR,0,0,0,0,8,1,77,0,1,0,99,w,0.055,1,0,,,,,,,,,,,,,,,,,,,,,,,,,,,,,,,,,,,,,,,,,,,,,,,,,,w,0,0.055,189,0,189,0,1,,,,,,,,,,,,,,,,,,,,,,,,,,,,,,,,,,,,,,,,,,,,,,,,,,,,,,
,,,,,,,,,,,,,,,,,120,4,2024-09-06_13h38.38.181,Symbol-E,2020.1.3,Win32,Firefox,Mozilla/5.0 (Windows NT 10.0; Win64; x64; rv:129.0) Gecko/20100101 Firefox/129.0,60,,,,,,,,,,,,,,,,,,,,,,,,,,,,,,,,,,,,media/dnnb.png,2,2,Symb,e,CR,0,0,0,0,8,2,77,0,1,0,99,e,0.05,2,1,,,,,,,,,,,,,,,,,,,,,,,,,,,,,,,,,,,,,,,,,,,,,,,,,,e,1,0.05,190,0,190,0,1,,,,,,,,,,,,,,,,,,,,,,,,,,,,,,,,,,,,,,,,,,,,,,,,,,,,,,
,,,,,,,,,,,,,,,,,120,4,2024-09-06_13h38.38.181,Symbol-E,2020.1.3,Win32,Firefox,Mozilla/5.0 (Windows NT 10.0; Win64; x64; rv:129.0) Gecko/20100101 Firefox/129.0,60,,,,,,,,,,,,,,,,,,,,,,,,,,,,,,,,,,,,media/dgnb.png,1,1,Symb,w,CR,0,0,0,0,8,0,78,0,1,0,99,u,2.579,5,0,,,,,,,,,,,,,,,,,,,,,,,,,,,,,,,,,,,,,,,,,,,,,,,,,,u,0,2.579,191,0,191,0,1,,,,,,,,,,,,,,,,,,,,,,,,,,,,,,,,,,,,,,,,,,,,,,,,,,,,,,
,,,,,,,,,,,,,,,,,120,4,2024-09-06_13h38.38.181,Symbol-E,2020.1.3,Win32,Firefox,Mozilla/5.0 (Windows NT 10.0; Win64; x64; rv:129.0) Gecko/20100101 Firefox/129.0,60,,,,,,,,,,,,,,,,,,,,,,,,,,,,,,,,,,,,media/dgnb.png,1,1,Symb,w,CR,0,0,0,0,8,1,78,0,1,0,99,h,0.078,4,0,,,,,,,,,,,,,,,,,,,,,,,,,,,,,,,,,,,,,,,,,,,,,,,,,,h,0,0.078,192,0,192,0,1,,,,,,,,,,,,,,,,,,,,,,,,,,,,,,,,,,,,,,,,,,,,,,,,,,,,,,
,,,,,,,,,,,,,,,,,120,4,2024-09-06_13h38.38.181,Symbol-E,2020.1.3,Win32,Firefox,Mozilla/5.0 (Windows NT 10.0; Win64; x64; rv:129.0) Gecko/20100101 Firefox/129.0,60,,,,,,,,,,,,,,,,,,,,,,,,,,,,,,,,,,,,media/dgnb.png,1,1,Symb,w,CR,0,0,0,0,8,2,78,0,1,0,99,w,0.039,1,1,,,,,,,,,,,,,,,,,,,,,,,,,,,,,,,,,,,,,,,,,,,,,,,,,,w,1,0.039,193,0,193,0,1,,,,,,,,,,,,,,,,,,,,,,,,,,,,,,,,,,,,,,,,,,,,,,,,,,,,,,
,,,,,,,,,,,,,,,,,120,4,2024-09-06_13h38.38.181,Symbol-E,2020.1.3,Win32,Firefox,Mozilla/5.0 (Windows NT 10.0; Win64; x64; rv:129.0) Gecko/20100101 Firefox/129.0,60,,,,,,,,,,,,,,,,,,,,,,,,,,,,,,,,,,,,media/ddnb.png,7,3,Symb,l,CR,0,0,0,0,8,0,79,0,1,0,99,l,0.72,7,1,,,,,,,,,,,,,,,,,,,,,,,,,,,,,,,,,,,,,,,,,,,,,,,,,,l,1,0.72,194,0,194,0,1,,,,,,,,,,,,,,,,,,,,,,,,,,,,,,,,,,,,,,,,,,,,,,,,,,,,,,
,,,,,,,,,,,,,,,,,120,4,2024-09-06_13h38.38.181,Symbol-E,2020.1.3,Win32,Firefox,Mozilla/5.0 (Windows NT 10.0; Win64; x64; rv:129.0) Gecko/20100101 Firefox/129.0,60,,,,,,,,,,,,,,,,,,,,,,,,,,,,,,,,,,,,media/dinb.png,6,2,Symb,i,CR,0,0,0,0,8,0,80,0,1,0,99,i,2.222,6,1,,,,,,,,,,,,,,,,,,,,,,,,,,,,,,,,,,,,,,,,,,,,,,,,,,i,1,2.222,195,0,195,0,1,,,,,,,,,,,,,,,,,,,,,,,,,,,,,,,,,,,,,,,,,,,,,,,,,,,,,,
,,,,,,,,,,,,,,,,,120,4,2024-09-06_13h38.38.181,Symbol-E,2020.1.3,Win32,Firefox,Mozilla/5.0 (Windows NT 10.0; Win64; x64; rv:129.0) Gecko/20100101 Firefox/129.0,60,,,,,,,,,,,,,,,,,,,,,,,,,,,,,,,,,,,,media/dgnb.png,1,1,Symb,w,CR,0,0,0,0,8,0,81,0,1,0,99,w,3.738,1,1,,,,,,,,,,,,,,,,,,,,,,,,,,,,,,,,,,,,,,,,,,,,,,,,,,w,1,3.738,196,0,196,0,1,,,,,,,,,,,,,,,,,,,,,,,,,,,,,,,,,,,,,,,,,,,,,,,,,,,,,,
,,,,,,,,,,,,,,,,,120,4,2024-09-06_13h38.38.181,Symbol-E,2020.1.3,Win32,Firefox,Mozilla/5.0 (Windows NT 10.0; Win64; x64; rv:129.0) Gecko/20100101 Firefox/129.0,60,,,,,,,,,,,,,,,,,,,,,,,,,,,,,,,,,,,,media/dinb.png,6,2,Symb,i,CR,0,0,0,0,8,0,82,0,1,0,99,i,0.953,6,1,,,,,,,,,,,,,,,,,,,,,,,,,,,,,,,,,,,,,,,,,,,,,,,,,,i,1,0.953,197,0,197,0,1,,,,,,,,,,,,,,,,,,,,,,,,,,,,,,,,,,,,,,,,,,,,,,,,,,,,,,
,,,,,,,,,,,,,,,,,120,4,2024-09-06_13h38.38.181,Symbol-E,2020.1.3,Win32,Firefox,Mozilla/5.0 (Windows NT 10.0; Win64; x64; rv:129.0) Gecko/20100101 Firefox/129.0,60,,,,,,,,,,,,,,,,,,,,,,,,,,,,,,,,,,,,media/djnb.png,0,0,Symb,a,CR,0,0,0,0,8,0,83,0,1,0,99,a,1.498,0,1,,,,,,,,,,,,,,,,,,,,,,,,,,,,,,,,,,,,,,,,,,,,,,,,,,a,1,1.498,198,0,198,0,1,,,,,,,,,,,,,,,,,,,,,,,,,,,,,,,,,,,,,,,,,,,,,,,,,,,,,,
,,,,,,,,,,,,,,,,,120,4,2024-09-06_13h38.38.181,Symbol-E,2020.1.3,Win32,Firefox,Mozilla/5.0 (Windows NT 10.0; Win64; x64; rv:129.0) Gecko/20100101 Firefox/129.0,60,,,,,,,,,,,,,,,,,,,,,,,,,,,,,,,,,,,,media/ddnb.png,7,3,Symb,l,CR,0,0,0,0,8,0,84,0,1,0,99,l,2.481,7,1,,,,,,,,,,,,,,,,,,,,,,,,,,,,,,,,,,,,,,,,,,,,,,,,,,l,1,2.481,199,0,199,0,1,,,,,,,,,,,,,,,,,,,,,,,,,,,,,,,,,,,,,,,,,,,,,,,,,,,,,,
,,,,,,,,,,,,,,,,,120,4,2024-09-06_13h38.38.181,Symbol-E,2020.1.3,Win32,Firefox,Mozilla/5.0 (Windows NT 10.0; Win64; x64; rv:129.0) Gecko/20100101 Firefox/129.0,60,,,,,,,,,,,,,,,,,,,,,,,,,,,,,,,,,,,,media/djnb.png,0,0,Symb,a,CR,0,0,0,0,8,0,85,0,1,0,99,w,1.734,1,0,,,,,,,,,,,,,,,,,,,,,,,,,,,,,,,,,,,,,,,,,,,,,,,,,,w,0,1.734,200,0,200,0,1,,,,,,,,,,,,,,,,,,,,,,,,,,,,,,,,,,,,,,,,,,,,,,,,,,,,,,
,,,,,,,,,,,,,,,,,120,4,2024-09-06_13h38.38.181,Symbol-E,2020.1.3,Win32,Firefox,Mozilla/5.0 (Windows NT 10.0; Win64; x64; rv:129.0) Gecko/20100101 Firefox/129.0,60,,,,,,,,,,,,,,,,,,,,,,,,,,,,,,,,,,,,media/djnb.png,0,0,Symb,a,CR,0,0,0,0,8,1,85,0,1,0,99,i,0.311,6,0,,,,,,,,,,,,,,,,,,,,,,,,,,,,,,,,,,,,,,,,,,,,,,,,,,i,0,0.311,201,0,201,0,1,,,,,,,,,,,,,,,,,,,,,,,,,,,,,,,,,,,,,,,,,,,,,,,,,,,,,,
,,,,,,,,,,,,,,,,,120,4,2024-09-06_13h38.38.181,Symbol-E,2020.1.3,Win32,Firefox,Mozilla/5.0 (Windows NT 10.0; Win64; x64; rv:129.0) Gecko/20100101 Firefox/129.0,60,,,,,,,,,,,,,,,,,,,,,,,,,,,,,,,,,,,,media/djnb.png,0,0,Symb,a,CR,0,0,0,0,8,2,85,0,1,0,99,e,0.322,2,0,,,,,,,,,,,,,,,,,,,,,,,,,,,,,,,,,,,,,,,,,,,,,,,,,,e,0,0.322,202,0,202,0,1,,,,,,,,,,,,,,,,,,,,,,,,,,,,,,,,,,,,,,,,,,,,,,,,,,,,,,
,,,,,,,,,,,,,,,,,120,4,2024-09-06_13h38.38.181,Symbol-E,2020.1.3,Win32,Firefox,Mozilla/5.0 (Windows NT 10.0; Win64; x64; rv:129.0) Gecko/20100101 Firefox/129.0,60,,,,,,,,,,,,,,,,,,,,,,,,,,,,,,,,,,,,media/djnb.png,0,0,Symb,a,CR,0,0,0,0,8,3,85,0,1,0,99,f,0.273,3,0,,,,,,,,,,,,,,,,,,,,,,,,,,,,,,,,,,,,,,,,,,,,,,,,,,f,0,0.273,203,0,203,0,1,,,,,,,,,,,,,,,,,,,,,,,,,,,,,,,,,,,,,,,,,,,,,,,,,,,,,,
,,,,,,,,,,,,,,,,,120,4,2024-09-06_13h38.38.181,Symbol-E,2020.1.3,Win32,Firefox,Mozilla/5.0 (Windows NT 10.0; Win64; x64; rv:129.0) Gecko/20100101 Firefox/129.0,60,,,,,,,,,,,,,,,,,,,,,,,,,,,,,,,,,,,,media/djnb.png,0,0,Symb,a,CR,0,0,0,0,8,4,85,0,1,0,99,h,0.091,4,0,,,,,,,,,,,,,,,,,,,,,,,,,,,,,,,,,,,,,,,,,,,,,,,,,,h,0,0.091,204,0,204,0,1,,,,,,,,,,,,,,,,,,,,,,,,,,,,,,,,,,,,,,,,,,,,,,,,,,,,,,
,,,,,,,,,,,,,,,,,120,4,2024-09-06_13h38.38.181,Symbol-E,2020.1.3,Win32,Firefox,Mozilla/5.0 (Windows NT 10.0; Win64; x64; rv:129.0) Gecko/20100101 Firefox/129.0,60,,,,,,,,,,,,,,,,,,,,,,,,,,,,,,,,,,,,media/djnb.png,0,0,Symb,a,CR,0,0,0,0,8,5,85,0,1,0,99,u,0.176,5,0,,,,,,,,,,,,,,,,,,,,,,,,,,,,,,,,,,,,,,,,,,,,,,,,,,u,0,0.176,205,0,205,0,1,,,,,,,,,,,,,,,,,,,,,,,,,,,,,,,,,,,,,,,,,,,,,,,,,,,,,,
,,,,,,,,,,,,,,,,,120,4,2024-09-06_13h38.38.181,Symbol-E,2020.1.3,Win32,Firefox,Mozilla/5.0 (Windows NT 10.0; Win64; x64; rv:129.0) Gecko/20100101 Firefox/129.0,60,,,,,,,,,,,,,,,,,,,,,,,,,,,,,,,,,,,,media/djnb.png,0,0,Symb,a,CR,0,0,0,0,8,6,85,0,1,0,99,f,0.551,3,0,,,,,,,,,,,,,,,,,,,,,,,,,,,,,,,,,,,,,,,,,,,,,,,,,,f,0,0.551,206,0,206,0,1,,,,,,,,,,,,,,,,,,,,,,,,,,,,,,,,,,,,,,,,,,,,,,,,,,,,,,
,,,,,,,,,,,,,,,,,120,4,2024-09-06_13h38.38.181,Symbol-E,2020.1.3,Win32,Firefox,Mozilla/5.0 (Windows NT 10.0; Win64; x64; rv:129.0) Gecko/20100101 Firefox/129.0,60,,,,,,,,,,,,,,,,,,,,,,,,,,,,,,,,,,,,media/djnb.png,0,0,Symb,a,CR,0,0,0,0,8,7,85,0,1,0,99,a,0.24,0,1,,,,,,,,,,,,,,,,,,,,,,,,,,,,,,,,,,,,,,,,,,,,,,,,,,a,1,0.24,207,0,207,0,1,,,,,,,,,,,,,,,,,,,,,,,,,,,,,,,,,,,,,,,,,,,,,,,,,,,,,,
,,,,,,,,,,,,,,,,,120,4,2024-09-06_13h38.38.181,Symbol-E,2020.1.3,Win32,Firefox,Mozilla/5.0 (Windows NT 10.0; Win64; x64; rv:129.0) Gecko/20100101 Firefox/129.0,60,,,,,,,,,,,,,,,,,,,,,,,,,,,,,,,,,,,,media/dcnb.png,4,0,Symb,h,CR,0,0,0,0,8,0,86,0,1,0,99,h,0.893,4,1,,,,,,,,,,,,,,,,,,,,,,,,,,,,,,,,,,,,,,,,,,,,,,,,,,h,1,0.893,208,0,208,0,1,,,,,,,,,,,,,,,,,,,,,,,,,,,,,,,,,,,,,,,,,,,,,,,,,,,,,,
,,,,,,,,,,,,,,,,,120,4,2024-09-06_13h38.38.181,Symbol-E,2020.1.3,Win32,Firefox,Mozilla/5.0 (Windows NT 10.0; Win64; x64; rv:129.0) Gecko/20100101 Firefox/129.0,60,,,,,,,,,,,,,,,,,,,,,,,,,,,,,,,,,,,,media/dmnb.png,5,1,Symb,u,CR,0,0,0,0,8,0,87,0,1,0,99,l,0.549,7,0,,,,,,,,,,,,,,,,,,,,,,,,,,,,,,,,,,,,,,,,,,,,,,,,,,l,0,0.549,209,0,209,0,1,,,,,,,,,,,,,,,,,,,,,,,,,,,,,,,,,,,,,,,,,,,,,,,,,,,,,,
,,,,,,,,,,,,,,,,,120,4,2024-09-06_13h38.38.181,Symbol-E,2020.1.3,Win32,Firefox,Mozilla/5.0 (Windows NT 10.0; Win64; x64; rv:129.0) Gecko/20100101 Firefox/129.0,60,,,,,,,,,,,,,,,,,,,,,,,,,,,,,,,,,,,,media/dmnb.png,5,1,Symb,u,CR,0,0,0,0,8,1,87,0,1,0,99,u,1.152,5,1,,,,,,,,,,,,,,,,,,,,,,,,,,,,,,,,,,,,,,,,,,,,,,,,,,u,1,1.152,210,0,210,0,1,,,,,,,,,,,,,,,,,,,,,,,,,,,,,,,,,,,,,,,,,,,,,,,,,,,,,,
,,,,,,,,,,,,,,,,,120,4,2024-09-06_13h38.38.181,Symbol-E,2020.1.3,Win32,Firefox,Mozilla/5.0 (Windows NT 10.0; Win64; x64; rv:129.0) Gecko/20100101 Firefox/129.0,60,,,,,,,,,,,,,,,,,,,,,,,,,,,,,,,,,,,,media/dfnb.png,3,3,Symb,f,CR,0,0,0,0,8,0,88,0,1,0,99,f,0.807,3,1,,,,,,,,,,,,,,,,,,,,,,,,,,,,,,,,,,,,,,,,,,,,,,,,,,f,1,0.807,211,0,211,0,1,,,,,,,,,,,,,,,,,,,,,,,,,,,,,,,,,,,,,,,,,,,,,,,,,,,,,,
,,,,,,,,,,,,,,,,,120,4,2024-09-06_13h38.38.181,Symbol-E,2020.1.3,Win32,Firefox,Mozilla/5.0 (Windows NT 10.0; Win64; x64; rv:129.0) Gecko/20100101 Firefox/129.0,60,,,,,,,,,,,,,,,,,,,,,,,,,,,,,,,,,,,,media/dnnb.png,2,2,Symb,e,CR,0,0,0,0,8,0,89,0,1,0,99,w,1.875,1,0,,,,,,,,,,,,,,,,,,,,,,,,,,,,,,,,,,,,,,,,,,,,,,,,,,w,0,1.875,212,0,212,0,1,,,,,,,,,,,,,,,,,,,,,,,,,,,,,,,,,,,,,,,,,,,,,,,,,,,,,,
,,,,,,,,,,,,,,,,,120,4,2024-09-06_13h38.38.181,Symbol-E,2020.1.3,Win32,Firefox,Mozilla/5.0 (Windows NT 10.0; Win64; x64; rv:129.0) Gecko/20100101 Firefox/129.0,60,,,,,,,,,,,,,,,,,,,,,,,,,,,,,,,,,,,,media/dnnb.png,2,2,Symb,e,CR,0,0,0,0,8,1,89,0,1,0,99,i,0.061,6,0,,,,,,,,,,,,,,,,,,,,,,,,,,,,,,,,,,,,,,,,,,,,,,,,,,i,0,0.061,213,0,213,0,1,,,,,,,,,,,,,,,,,,,,,,,,,,,,,,,,,,,,,,,,,,,,,,,,,,,,,,
,,,,,,,,,,,,,,,,,120,4,2024-09-06_13h38.38.181,Symbol-E,2020.1.3,Win32,Firefox,Mozilla/5.0 (Windows NT 10.0; Win64; x64; rv:129.0) Gecko/20100101 Firefox/129.0,60,,,,,,,,,,,,,,,,,,,,,,,,,,,,,,,,,,,,media/dnnb.png,2,2,Symb,e,CR,0,0,0,0,8,2,89,0,1,0,99,f,0.59,3,0,,,,,,,,,,,,,,,,,,,,,,,,,,,,,,,,,,,,,,,,,,,,,,,,,,f,0,0.59,214,0,214,0,1,,,,,,,,,,,,,,,,,,,,,,,,,,,,,,,,,,,,,,,,,,,,,,,,,,,,,,
,,,,,,,,,,,,,,,,,120,4,2024-09-06_13h38.38.181,Symbol-E,2020.1.3,Win32,Firefox,Mozilla/5.0 (Windows NT 10.0; Win64; x64; rv:129.0) Gecko/20100101 Firefox/129.0,60,,,,,,,,,,,,,,,,,,,,,,,,,,,,,,,,,,,,media/dnnb.png,2,2,Symb,e,CR,0,0,0,0,8,3,89,0,1,0,99,u,0.52,5,0,,,,,,,,,,,,,,,,,,,,,,,,,,,,,,,,,,,,,,,,,,,,,,,,,,u,0,0.52,215,0,215,0,1,,,,,,,,,,,,,,,,,,,,,,,,,,,,,,,,,,,,,,,,,,,,,,,,,,,,,,
,,,,,,,,,,,,,,,,,120,4,2024-09-06_13h38.38.181,Symbol-E,2020.1.3,Win32,Firefox,Mozilla/5.0 (Windows NT 10.0; Win64; x64; rv:129.0) Gecko/20100101 Firefox/129.0,60,,,,,,,,,,,,,,,,,,,,,,,,,,,,,,,,,,,,media/dnnb.png,2,2,Symb,e,CR,0,0,0,0,8,4,89,0,1,0,99,w,0.34,1,0,,,,,,,,,,,,,,,,,,,,,,,,,,,,,,,,,,,,,,,,,,,,,,,,,,w,0,0.34,216,0,216,0,1,,,,,,,,,,,,,,,,,,,,,,,,,,,,,,,,,,,,,,,,,,,,,,,,,,,,,,
,,,,,,,,,,,,,,,,,120,4,2024-09-06_13h38.38.181,Symbol-E,2020.1.3,Win32,Firefox,Mozilla/5.0 (Windows NT 10.0; Win64; x64; rv:129.0) Gecko/20100101 Firefox/129.0,60,,,,,,,,,,,,,,,,,,,,,,,,,,,,,,,,,,,,media/dnnb.png,2,2,Symb,e,CR,0,0,0,0,8,5,89,0,1,0,99,e,0.092,2,1,,,,,,,,,,,,,,,,,,,,,,,,,,,,,,,,,,,,,,,,,,,,,,,,,,e,1,0.092,217,0,217,0,1,,,,,,,,,,,,,,,,,,,,,,,,,,,,,,,,,,,,,,,,,,,,,,,,,,,,,,
,,,,,,,,,,,,,,,,,120,4,2024-09-06_13h38.38.181,Symbol-E,2020.1.3,Win32,Firefox,Mozilla/5.0 (Windows NT 10.0; Win64; x64; rv:129.0) Gecko/20100101 Firefox/129.0,60,,,,,,,,,,,,,,,,,,,,,,,,,,,,,,,,,,,,media/dmnb.png,5,1,Symb,u,CR,0,0,0,0,8,0,90,0,1,0,99,i,2.564,6,0,,,,,,,,,,,,,,,,,,,,,,,,,,,,,,,,,,,,,,,,,,,,,,,,,,i,0,2.564,218,0,218,0,1,,,,,,,,,,,,,,,,,,,,,,,,,,,,,,,,,,,,,,,,,,,,,,,,,,,,,,
,,,,,,,,,,,,,,,,,120,4,2024-09-06_13h38.38.181,Symbol-E,2020.1.3,Win32,Firefox,Mozilla/5.0 (Windows NT 10.0; Win64; x64; rv:129.0) Gecko/20100101 Firefox/129.0,60,,,,,,,,,,,,,,,,,,,,,,,,,,,,,,,,,,,,media/dmnb.png,5,1,Symb,u,CR,0,0,0,0,8,1,90,0,1,0,99,u,0.342,5,1,,,,,,,,,,,,,,,,,,,,,,,,,,,,,,,,,,,,,,,,,,,,,,,,,,u,1,0.342,219,0,219,0,1,,,,,,,,,,,,,,,,,,,,,,,,,,,,,,,,,,,,,,,,,,,,,,,,,,,,,,
,,,,,,,,,,,,,,,,,120,4,2024-09-06_13h38.38.181,Symbol-E,2020.1.3,Win32,Firefox,Mozilla/5.0 (Windows NT 10.0; Win64; x64; rv:129.0) Gecko/20100101 Firefox/129.0,60,,,,,,,,,,,,,,,,,,,,,,,,,,,,,,,,,,,,media/dgnb.png,1,1,Symb,w,CR,0,0,0,0,8,0,91,0,1,0,99,w,2.264,1,1,,,,,,,,,,,,,,,,,,,,,,,,,,,,,,,,,,,,,,,,,,,,,,,,,,w,1,2.264,220,0,220,0,1,,,,,,,,,,,,,,,,,,,,,,,,,,,,,,,,,,,,,,,,,,,,,,,,,,,,,,
,,,,,,,,,,,,,,,,,120,4,2024-09-06_13h38.38.181,Symbol-E,2020.1.3,Win32,Firefox,Mozilla/5.0 (Windows NT 10.0; Win64; x64; rv:129.0) Gecko/20100101 Firefox/129.0,60,,,,,,,,,,,,,,,,,,,,,,,,,,,,,,,,,,,,media/ddnb.png,7,3,Symb,l,CR,0,0,0,0,8,0,92,0,1,0,99,l,2.125,7,1,,,,,,,,,,,,,,,,,,,,,,,,,,,,,,,,,,,,,,,,,,,,,,,,,,l,1,2.125,221,0,221,0,1,,,,,,,,,,,,,,,,,,,,,,,,,,,,,,,,,,,,,,,,,,,,,,,,,,,,,,
,,,,,,,,,,,,,,,,,120,4,2024-09-06_13h38.38.181,Symbol-E,2020.1.3,Win32,Firefox,Mozilla/5.0 (Windows NT 10.0; Win64; x64; rv:129.0) Gecko/20100101 Firefox/129.0,60,,,,,,,,,,,,,,,,,,,,,,,,,,,,,,,,,,,,media/dfnb.png,3,3,Symb,f,CR,0,0,0,0,8,0,93,0,1,0,99,f,1.658,3,1,,,,,,,,,,,,,,,,,,,,,,,,,,,,,,,,,,,,,,,,,,,,,,,,,,f,1,1.658,222,0,222,0,1,,,,,,,,,,,,,,,,,,,,,,,,,,,,,,,,,,,,,,,,,,,,,,,,,,,,,,
,,,,,,,,,,,,,,,,,120,4,2024-09-06_13h38.38.181,Symbol-E,2020.1.3,Win32,Firefox,Mozilla/5.0 (Windows NT 10.0; Win64; x64; rv:129.0) Gecko/20100101 Firefox/129.0,60,,,,,,,,,,,,,,,,,,,,,,,,,,,,,,,,,,,,media/dnnb.png,2,2,Symb,e,CR,0,0,0,0,8,0,94,0,1,0,99,w,0.863,1,0,,,,,,,,,,,,,,,,,,,,,,,,,,,,,,,,,,,,,,,,,,,,,,,,,,w,0,0.863,223,0,223,0,1,,,,,,,,,,,,,,,,,,,,,,,,,,,,,,,,,,,,,,,,,,,,,,,,,,,,,,
,,,,,,,,,,,,,,,,,120,4,2024-09-06_13h38.38.181,Symbol-E,2020.1.3,Win32,Firefox,Mozilla/5.0 (Windows NT 10.0; Win64; x64; rv:129.0) Gecko/20100101 Firefox/129.0,60,,,,,,,,,,,,,,,,,,,,,,,,,,,,,,,,,,,,media/dnnb.png,2,2,Symb,e,CR,0,0,0,0,8,1,94,0,1,0,99,u,0.098,5,0,,,,,,,,,,,,,,,,,,,,,,,,,,,,,,,,,,,,,,,,,,,,,,,,,,u,0,0.098,224,0,224,0,1,,,,,,,,,,,,,,,,,,,,,,,,,,,,,,,,,,,,,,,,,,,,,,,,,,,,,,
,,,,,,,,,,,,,,,,,120,4,2024-09-06_13h38.38.181,Symbol-E,2020.1.3,Win32,Firefox,Mozilla/5.0 (Windows NT 10.0; Win64; x64; rv:129.0) Gecko/20100101 Firefox/129.0,60,,,,,,,,,,,,,,,,,,,,,,,,,,,,,,,,,,,,media/dnnb.png,2,2,Symb,e,CR,0,0,0,0,8,2,94,0,1,0,99,e,0.137,2,1,,,,,,,,,,,,,,,,,,,,,,,,,,,,,,,,,,,,,,,,,,,,,,,,,,e,1,0.137,225,0,225,0,1,,,,,,,,,,,,,,,,,,,,,,,,,,,,,,,,,,,,,,,,,,,,,,,,,,,,,,
,,,,,,,,,,,,,,,,,120,4,2024-09-06_13h38.38.181,Symbol-E,2020.1.3,Win32,Firefox,Mozilla/5.0 (Windows NT 10.0; Win64; x64; rv:129.0) Gecko/20100101 Firefox/129.0,60,,,,,,,,,,,,,,,,,,,,,,,,,,,,,,,,,,,,media/dcnb.png,4,0,Symb,h,CR,0,0,0,0,8,0,95,0,1,0,99,h,1.155,4,1,,,,,,,,,,,,,,,,,,,,,,,,,,,,,,,,,,,,,,,,,,,,,,,,,,h,1,1.155,226,0,226,0,1,,,,,,,,,,,,,,,,,,,,,,,,,,,,,,,,,,,,,,,,,,,,,,,,,,,,,,
,,,,,,,,,,,,,,,,,120,4,2024-09-06_13h38.38.181,Symbol-E,2020.1.3,Win32,Firefox,Mozilla/5.0 (Windows NT 10.0; Win64; x64; rv:129.0) Gecko/20100101 Firefox/129.0,60,,,,,,,,,,,,,,,,,,,,,,,,,,,,,,,,,,,,media/dcnb.png,4,0,Symb,h,CR,0,0,0,0,8,0,96,0,1,0,99,h,0.496,4,1,,,,,,,,,,,,,,,,,,,,,,,,,,,,,,,,,,,,,,,,,,,,,,,,,,h,1,0.496,227,0,227,0,1,,,,,,,,,,,,,,,,,,,,,,,,,,,,,,,,,,,,,,,,,,,,,,,,,,,,,,
,,,,,,,,,,,,,,,,,120,4,2024-09-06_13h38.38.181,Symbol-E,2020.1.3,Win32,Firefox,Mozilla/5.0 (Windows NT 10.0; Win64; x64; rv:129.0) Gecko/20100101 Firefox/129.0,60,,,,,,,,,,,,,,,,,,,,,,,,,,,,,,,,,,,,media/dfnb.png,3,3,Symb,f,CR,0,0,0,0,8,0,97,0,1,0,99,f,0.83,3,1,,,,,,,,,,,,,,,,,,,,,,,,,,,,,,,,,,,,,,,,,,,,,,,,,,f,1,0.83,228,0,228,0,1,,,,,,,,,,,,,,,,,,,,,,,,,,,,,,,,,,,,,,,,,,,,,,,,,,,,,,
,,,,,,,,,,,,,,,,,120,4,2024-09-06_13h38.38.181,Symbol-E,2020.1.3,Win32,Firefox,Mozilla/5.0 (Windows NT 10.0; Win64; x64; rv:129.0) Gecko/20100101 Firefox/129.0,60,,,,,,,,,,,,,,,,,,,,,,,,,,,,,,,,,,,,media/djnb.png,0,0,Symb,a,CR,0,0,0,0,8,0,98,0,1,0,99,e,1.551,2,0,,,,,,,,,,,,,,,,,,,,,,,,,,,,,,,,,,,,,,,,,,,,,,,,,,e,0,1.551,229,0,229,0,1,,,,,,,,,,,,,,,,,,,,,,,,,,,,,,,,,,,,,,,,,,,,,,,,,,,,,,
,,,,,,,,,,,,,,,,,120,4,2024-09-06_13h38.38.181,Symbol-E,2020.1.3,Win32,Firefox,Mozilla/5.0 (Windows NT 10.0; Win64; x64; rv:129.0) Gecko/20100101 Firefox/129.0,60,,,,,,,,,,,,,,,,,,,,,,,,,,,,,,,,,,,,media/djnb.png,0,0,Symb,a,CR,0,0,0,0,8,1,98,0,1,0,99,u,0.19,5,0,,,,,,,,,,,,,,,,,,,,,,,,,,,,,,,,,,,,,,,,,,,,,,,,,,u,0,0.19,230,0,230,0,1,,,,,,,,,,,,,,,,,,,,,,,,,,,,,,,,,,,,,,,,,,,,,,,,,,,,,,
,,,,,,,,,,,,,,,,,120,4,2024-09-06_13h38.38.181,Symbol-E,2020.1.3,Win32,Firefox,Mozilla/5.0 (Windows NT 10.0; Win64; x64; rv:129.0) Gecko/20100101 Firefox/129.0,60,,,,,,,,,,,,,,,,,,,,,,,,,,,,,,,,,,,,media/djnb.png,0,0,Symb,a,CR,0,0,0,0,8,2,98,0,1,0,99,a,0.212,0,1,,,,,,,,,,,,,,,,,,,,,,,,,,,,,,,,,,,,,,,,,,,,,,,,,,a,1,0.212,231,0,231,0,1,,,,,,,,,,,,,,,,,,,,,,,,,,,,,,,,,,,,,,,,,,,,,,,,,,,,,,
,,,,,,,,,,,,,,,,,120,4,2024-09-06_13h38.38.181,Symbol-E,2020.1.3,Win32,Firefox,Mozilla/5.0 (Windows NT 10.0; Win64; x64; rv:129.0) Gecko/20100101 Firefox/129.0,60,,,,,,,,,,,,,,,,,,,,,,,,,,,,,,,,,,,,media/dnnb.png,2,2,Symb,e,CR,0,0,0,0,8,0,99,0,1,0,99,i,2.631,6,0,,,,,,,,,,,,,,,,,,,,,,,,,,,,,,,,,,,,,,,,,,,,,,,,,,i,0,2.631,232,0,232,0,1,,,,,,,,,,,,,,,,,,,,,,,,,,,,,,,,,,,,,,,,,,,,,,,,,,,,,,
,,,,,,,,,,,,,,,,,120,4,2024-09-06_13h38.38.181,Symbol-E,2020.1.3,Win32,Firefox,Mozilla/5.0 (Windows NT 10.0; Win64; x64; rv:129.0) Gecko/20100101 Firefox/129.0,60,,,,,,,,,,,,,,,,,,,,,,,,,,,,,,,,,,,,media/dnnb.png,2,2,Symb,e,CR,0,0,0,0,8,1,99,0,1,0,99,u,0.166,5,0,,,,,,,,,,,,,,,,,,,,,,,,,,,,,,,,,,,,,,,,,,,,,,,,,,u,0,0.166,233,0,233,0,1,,,,,,,,,,,,,,,,,,,,,,,,,,,,,,,,,,,,,,,,,,,,,,,,,,,,,,
,,,,,,,,,,,,,,,,,120,4,2024-09-06_13h38.38.181,Symbol-E,2020.1.3,Win32,Firefox,Mozilla/5.0 (Windows NT 10.0; Win64; x64; rv:129.0) Gecko/20100101 Firefox/129.0,60,,,,,,,,,,,,,,,,,,,,,,,,,,,,,,,,,,,,media/dnnb.png,2,2,Symb,e,CR,0,0,0,0,8,2,99,0,1,0,99,w,0.05,1,0,,,,,,,,,,,,,,,,,,,,,,,,,,,,,,,,,,,,,,,,,,,,,,,,,,w,0,0.05,234,0,234,0,1,,,,,,,,,,,,,,,,,,,,,,,,,,,,,,,,,,,,,,,,,,,,,,,,,,,,,,
,,,,,,,,,,,,,,,,,120,4,2024-09-06_13h38.38.181,Symbol-E,2020.1.3,Win32,Firefox,Mozilla/5.0 (Windows NT 10.0; Win64; x64; rv:129.0) Gecko/20100101 Firefox/129.0,60,,,,,,,,,,,,,,,,,,,,,,,,,,,,,,,,,,,,media/dnnb.png,2,2,Symb,e,CR,0,0,0,0,8,3,99,0,1,0,99,e,0.374,2,1,,,,,,,,,,,,,,,,,,,,,,,,,,,,,,,,,,,,,,,,,,,,,,,,,,e,1,0.374,235,0,235,0,1,,,,,,,,,,,,,,,,,,,,,,,,,,,,,,,,,,,,,,,,,,,,,,,,,,,,,,
,,,,,,,,,,,,,,,,,120,4,2024-09-06_13h38.38.181,Symbol-E,2020.1.3,Win32,Firefox,Mozilla/5.0 (Windows NT 10.0; Win64; x64; rv:129.0) Gecko/20100101 Firefox/129.0,60,,,,,,,,,,,,,,,,,,,,,,,,,,,,,,,,,,,,media/dcnb.png,4,0,Symb,h,CR,0,0,0,0,8,0,100,0,1,0,99,h,0.972,4,1,,,,,,,,,,,,,,,,,,,,,,,,,,,,,,,,,,,,,,,,,,,,,,,,,,h,1,0.972,236,0,236,0,1,,,,,,,,,,,,,,,,,,,,,,,,,,,,,,,,,,,,,,,,,,,,,,,,,,,,,,
,,,,,,,,,,,,,,,,,120,4,2024-09-06_13h38.38.181,Symbol-E,2020.1.3,Win32,Firefox,Mozilla/5.0 (Windows NT 10.0; Win64; x64; rv:129.0) Gecko/20100101 Firefox/129.0,60,,,,,,,,,,,,,,,,,,,,,,,,,,,,,,,,,,,,media/dgnb.png,1,1,Symb,w,CR,0,0,0,0,8,0,101,0,1,0,99,u,1.057,5,0,,,,,,,,,,,,,,,,,,,,,,,,,,,,,,,,,,,,,,,,,,,,,,,,,,u,0,1.057,237,0,237,0,1,,,,,,,,,,,,,,,,,,,,,,,,,,,,,,,,,,,,,,,,,,,,,,,,,,,,,,
,,,,,,,,,,,,,,,,,120,4,2024-09-06_13h38.38.181,Symbol-E,2020.1.3,Win32,Firefox,Mozilla/5.0 (Windows NT 10.0; Win64; x64; rv:129.0) Gecko/20100101 Firefox/129.0,60,,,,,,,,,,,,,,,,,,,,,,,,,,,,,,,,,,,,media/dgnb.png,1,1,Symb,w,CR,0,0,0,0,8,1,101,0,1,0,99,w,0.108,1,1,,,,,,,,,,,,,,,,,,,,,,,,,,,,,,,,,,,,,,,,,,,,,,,,,,w,1,0.108,238,0,238,0,1,,,,,,,,,,,,,,,,,,,,,,,,,,,,,,,,,,,,,,,,,,,,,,,,,,,,,,
,,,,,,,,,,,,,,,,,120,4,2024-09-06_13h38.38.181,Symbol-E,2020.1.3,Win32,Firefox,Mozilla/5.0 (Windows NT 10.0; Win64; x64; rv:129.0) Gecko/20100101 Firefox/129.0,60,,,,,,,,,,,,,,,,,,,,,,,,,,,,,,,,,,,,media/djnb.png,0,0,Symb,a,CR,0,0,0,0,8,0,102,0,1,0,99,a,3.701,0,1,,,,,,,,,,,,,,,,,,,,,,,,,,,,,,,,,,,,,,,,,,,,,,,,,,a,1,3.701,239,0,239,0,1,,,,,,,,,,,,,,,,,,,,,,,,,,,,,,,,,,,,,,,,,,,,,,,,,,,,,,
,,,,,,,,,,,,,,,,,120,4,2024-09-06_13h38.38.181,Symbol-E,2020.1.3,Win32,Firefox,Mozilla/5.0 (Windows NT 10.0; Win64; x64; rv:129.0) Gecko/20100101 Firefox/129.0,60,,,,,,,,,,,,,,,,,,,,,,,,,,,,,,,,,,,,media/dgnb.png,1,1,Symb,w,CR,0,0,0,0,8,0,103,0,1,0,99,u,1.351,5,0,,,,,,,,,,,,,,,,,,,,,,,,,,,,,,,,,,,,,,,,,,,,,,,,,,u,0,1.351,240,0,240,0,1,,,,,,,,,,,,,,,,,,,,,,,,,,,,,,,,,,,,,,,,,,,,,,,,,,,,,,
,,,,,,,,,,,,,,,,,120,4,2024-09-06_13h38.38.181,Symbol-E,2020.1.3,Win32,Firefox,Mozilla/5.0 (Windows NT 10.0; Win64; x64; rv:129.0) Gecko/20100101 Firefox/129.0,60,,,,,,,,,,,,,,,,,,,,,,,,,,,,,,,,,,,,media/dgnb.png,1,1,Symb,w,CR,0,0,0,0,8,1,103,0,1,0,99,w,0.176,1,1,,,,,,,,,,,,,,,,,,,,,,,,,,,,,,,,,,,,,,,,,,,,,,,,,,w,1,0.176,241,0,241,0,1,,,,,,,,,,,,,,,,,,,,,,,,,,,,,,,,,,,,,,,,,,,,,,,,,,,,,,
,,,,,,,,,,,,,,,,,120,4,2024-09-06_13h38.38.181,Symbol-E,2020.1.3,Win32,Firefox,Mozilla/5.0 (Windows NT 10.0; Win64; x64; rv:129.0) Gecko/20100101 Firefox/129.0,60,,,,,,,,,,,,,,,,,,,,,,,,,,,,,,,,,,,,media/dinb.png,6,2,Symb,i,CR,0,0,0,0,8,0,104,0,1,0,99,i,1.023,6,1,,,,,,,,,,,,,,,,,,,,,,,,,,,,,,,,,,,,,,,,,,,,,,,,,,i,1,1.023,242,0,242,0,1,,,,,,,,,,,,,,,,,,,,,,,,,,,,,,,,,,,,,,,,,,,,,,,,,,,,,,
,,,,,,,,,,,,,,,,,120,4,2024-09-06_13h38.38.181,Symbol-E,2020.1.3,Win32,Firefox,Mozilla/5.0 (Windows NT 10.0; Win64; x64; rv:129.0) Gecko/20100101 Firefox/129.0,60,,,,,,,,,,,,,,,,,,,,,,,,,,,,,,,,,,,,media/dnnb.png,2,2,Symb,e,CR,0,0,0,0,8,0,105,0,1,0,99,u,2.098,5,0,,,,,,,,,,,,,,,,,,,,,,,,,,,,,,,,,,,,,,,,,,,,,,,,,,u,0,2.098,243,0,243,0,1,,,,,,,,,,,,,,,,,,,,,,,,,,,,,,,,,,,,,,,,,,,,,,,,,,,,,,
,,,,,,,,,,,,,,,,,120,4,2024-09-06_13h38.38.181,Symbol-E,2020.1.3,Win32,Firefox,Mozilla/5.0 (Windows NT 10.0; Win64; x64; rv:129.0) Gecko/20100101 Firefox/129.0,60,,,,,,,,,,,,,,,,,,,,,,,,,,,,,,,,,,,,media/dnnb.png,2,2,Symb,e,CR,0,0,0,0,8,1,105,0,1,0,99,e,0.245,2,1,,,,,,,,,,,,,,,,,,,,,,,,,,,,,,,,,,,,,,,,,,,,,,,,,,e,1,0.245,244,0,244,0,1,,,,,,,,,,,,,,,,,,,,,,,,,,,,,,,,,,,,,,,,,,,,,,,,,,,,,,
,,,,,,,,,,,,,,,,,120,4,2024-09-06_13h38.38.181,Symbol-E,2020.1.3,Win32,Firefox,Mozilla/5.0 (Windows NT 10.0; Win64; x64; rv:129.0) Gecko/20100101 Firefox/129.0,60,,,,,,,,,,,,,,,,,,,,,,,,,,,,,,,,,,,,media/ddnb.png,7,3,Symb,l,CR,0,0,0,0,8,0,106,0,1,0,99,l,0.638,7,1,,,,,,,,,,,,,,,,,,,,,,,,,,,,,,,,,,,,,,,,,,,,,,,,,,l,1,0.638,245,0,245,0,1,,,,,,,,,,,,,,,,,,,,,,,,,,,,,,,,,,,,,,,,,,,,,,,,,,,,,,
,,,,,,,,,,,,,,,,,120,4,2024-09-06_13h38.38.181,Symbol-E,2020.1.3,Win32,Firefox,Mozilla/5.0 (Windows NT 10.0; Win64; x64; rv:129.0) Gecko/20100101 Firefox/129.0,60,,,,,,,,,,,,,,,,,,,,,,,,,,,,,,,,,,,,media/dmnb.png,5,1,Symb,u,CR,0,0,0,0,8,0,107,0,1,0,99,u,1.24,5,1,,,,,,,,,,,,,,,,,,,,,,,,,,,,,,,,,,,,,,,,,,,,,,,,,,u,1,1.24,246,0,246,0,1,,,,,,,,,,,,,,,,,,,,,,,,,,,,,,,,,,,,,,,,,,,,,,,,,,,,,,
,,,,,,,,,,,,,,,,,120,4,2024-09-06_13h38.38.181,Symbol-E,2020.1.3,Win32,Firefox,Mozilla/5.0 (Windows NT 10.0; Win64; x64; rv:129.0) Gecko/20100101 Firefox/129.0,60,,,,,,,,,,,,,,,,,,,,,,,,,,,,,,,,,,,,media/dinb.png,6,2,Symb,i,CR,0,0,0,0,8,0,108,0,1,0,99,i,1.204,6,1,,,,,,,,,,,,,,,,,,,,,,,,,,,,,,,,,,,,,,,,,,,,,,,,,,i,1,1.204,247,0,247,0,1,,,,,,,,,,,,,,,,,,,,,,,,,,,,,,,,,,,,,,,,,,,,,,,,,,,,,,
,,,,,,,,,,,,,,,,,120,4,2024-09-06_13h38.38.181,Symbol-E,2020.1.3,Win32,Firefox,Mozilla/5.0 (Windows NT 10.0; Win64; x64; rv:129.0) Gecko/20100101 Firefox/129.0,60,,,,,,,,,,,,,,,,,,,,,,,,,,,,,,,,,,,,media/ddnb.png,7,3,Symb,l,CR,0,0,0,0,8,0,109,0,1,0,99,l,2.101,7,1,,,,,,,,,,,,,,,,,,,,,,,,,,,,,,,,,,,,,,,,,,,,,,,,,,l,1,2.101,248,0,248,0,1,,,,,,,,,,,,,,,,,,,,,,,,,,,,,,,,,,,,,,,,,,,,,,,,,,,,,,
,,,,,,,,,,,,,,,,,120,4,2024-09-06_13h38.38.181,Symbol-E,2020.1.3,Win32,Firefox,Mozilla/5.0 (Windows NT 10.0; Win64; x64; rv:129.0) Gecko/20100101 Firefox/129.0,60,,,,,,,,,,,,,,,,,,,,,,,,,,,,,,,,,,,,media/dfnb.png,3,3,Symb,f,CR,0,0,0,0,8,0,110,0,1,0,99,f,0.936,3,1,,,,,,,,,,,,,,,,,,,,,,,,,,,,,,,,,,,,,,,,,,,,,,,,,,f,1,0.936,249,0,249,0,1,,,,,,,,,,,,,,,,,,,,,,,,,,,,,,,,,,,,,,,,,,,,,,,,,,,,,,
,,,,,,,,,,,,,,,,,120,4,2024-09-06_13h38.38.181,Symbol-E,2020.1.3,Win32,Firefox,Mozilla/5.0 (Windows NT 10.0; Win64; x64; rv:129.0) Gecko/20100101 Firefox/129.0,60,,,,,,,,,,,,,,,,,,,,,,,,,,,,,,,,,,,,media/dmnb.png,5,1,Symb,u,CR,0,0,0,0,8,0,111,0,1,0,99,w,1.5,1,0,,,,,,,,,,,,,,,,,,,,,,,,,,,,,,,,,,,,,,,,,,,,,,,,,,w,0,1.5,250,0,250,0,1,,,,,,,,,,,,,,,,,,,,,,,,,,,,,,,,,,,,,,,,,,,,,,,,,,,,,,
,,,,,,,,,,,,,,,,,120,4,2024-09-06_13h38.38.181,Symbol-E,2020.1.3,Win32,Firefox,Mozilla/5.0 (Windows NT 10.0; Win64; x64; rv:129.0) Gecko/20100101 Firefox/129.0,60,,,,,,,,,,,,,,,,,,,,,,,,,,,,,,,,,,,,media/dmnb.png,5,1,Symb,u,CR,0,0,0,0,8,1,111,0,1,0,99,e,0.471,2,0,,,,,,,,,,,,,,,,,,,,,,,,,,,,,,,,,,,,,,,,,,,,,,,,,,e,0,0.471,251,0,251,0,1,,,,,,,,,,,,,,,,,,,,,,,,,,,,,,,,,,,,,,,,,,,,,,,,,,,,,,
,,,,,,,,,,,,,,,,,120,4,2024-09-06_13h38.38.181,Symbol-E,2020.1.3,Win32,Firefox,Mozilla/5.0 (Windows NT 10.0; Win64; x64; rv:129.0) Gecko/20100101 Firefox/129.0,60,,,,,,,,,,,,,,,,,,,,,,,,,,,,,,,,,,,,media/dmnb.png,5,1,Symb,u,CR,0,0,0,0,8,2,111,0,1,0,99,u,0.134,5,1,,,,,,,,,,,,,,,,,,,,,,,,,,,,,,,,,,,,,,,,,,,,,,,,,,u,1,0.134,252,0,252,0,1,,,,,,,,,,,,,,,,,,,,,,,,,,,,,,,,,,,,,,,,,,,,,,,,,,,,,,
,,,,,,,,,,,,,,,,,120,4,2024-09-06_13h38.38.181,Symbol-E,2020.1.3,Win32,Firefox,Mozilla/5.0 (Windows NT 10.0; Win64; x64; rv:129.0) Gecko/20100101 Firefox/129.0,60,,,,,,,,,,,,,,,,,,,,,,,,,,,,,,,,,,,,media/djnb.png,0,0,Symb,a,CR,0,0,0,0,8,0,112,0,1,0,99,f,2.378,3,0,,,,,,,,,,,,,,,,,,,,,,,,,,,,,,,,,,,,,,,,,,,,,,,,,,f,0,2.378,253,0,253,0,1,,,,,,,,,,,,,,,,,,,,,,,,,,,,,,,,,,,,,,,,,,,,,,,,,,,,,,
,,,,,,,,,,,,,,,,,120,4,2024-09-06_13h38.38.181,Symbol-E,2020.1.3,Win32,Firefox,Mozilla/5.0 (Windows NT 10.0; Win64; x64; rv:129.0) Gecko/20100101 Firefox/129.0,60,,,,,,,,,,,,,,,,,,,,,,,,,,,,,,,,,,,,media/djnb.png,0,0,Symb,a,CR,0,0,0,0,8,1,112,0,1,0,99,a,0.286,0,1,,,,,,,,,,,,,,,,,,,,,,,,,,,,,,,,,,,,,,,,,,,,,,,,,,a,1,0.286,254,0,254,0,1,,,,,,,,,,,,,,,,,,,,,,,,,,,,,,,,,,,,,,,,,,,,,,,,,,,,,,
,,,,,,,,,,,,,,,,,120,4,2024-09-06_13h38.38.181,Symbol-E,2020.1.3,Win32,Firefox,Mozilla/5.0 (Windows NT 10.0; Win64; x64; rv:129.0) Gecko/20100101 Firefox/129.0,60,,,,,,,,,,,,,,,,,,,,,,,,,,,,,,,,,,,,media/dgnb.png,1,1,Symb,w,CR,0,0,0,0,8,0,113,0,1,0,99,u,1.334,5,0,,,,,,,,,,,,,,,,,,,,,,,,,,,,,,,,,,,,,,,,,,,,,,,,,,u,0,1.334,255,0,255,0,1,,,,,,,,,,,,,,,,,,,,,,,,,,,,,,,,,,,,,,,,,,,,,,,,,,,,,,
,,,,,,,,,,,,,,,,,120,4,2024-09-06_13h38.38.181,Symbol-E,2020.1.3,Win32,Firefox,Mozilla/5.0 (Windows NT 10.0; Win64; x64; rv:129.0) Gecko/20100101 Firefox/129.0,60,,,,,,,,,,,,,,,,,,,,,,,,,,,,,,,,,,,,media/dgnb.png,1,1,Symb,w,CR,0,0,0,0,8,1,113,0,1,0,99,w,0.344,1,1,,,,,,,,,,,,,,,,,,,,,,,,,,,,,,,,,,,,,,,,,,,,,,,,,,w,1,0.344,256,0,256,0,1,,,,,,,,,,,,,,,,,,,,,,,,,,,,,,,,,,,,,,,,,,,,,,,,,,,,,,
,,,,,,,,,,,,,,,,,120,4,2024-09-06_13h38.38.181,Symbol-E,2020.1.3,Win32,Firefox,Mozilla/5.0 (Windows NT 10.0; Win64; x64; rv:129.0) Gecko/20100101 Firefox/129.0,60,,,,,,,,,,,,,,,,,,,,,,,,,,,,,,,,,,,,media/dinb.png,6,2,Symb,i,CR,0,0,0,0,8,0,114,0,1,0,99,i,1.158,6,1,,,,,,,,,,,,,,,,,,,,,,,,,,,,,,,,,,,,,,,,,,,,,,,,,,i,1,1.158,257,0,257,0,1,,,,,,,,,,,,,,,,,,,,,,,,,,,,,,,,,,,,,,,,,,,,,,,,,,,,,,
,,,,,,,,,,,,,,,,,120,4,2024-09-06_13h38.38.181,Symbol-E,2020.1.3,Win32,Firefox,Mozilla/5.0 (Windows NT 10.0; Win64; x64; rv:129.0) Gecko/20100101 Firefox/129.0,60,,,,,,,,,,,,,,,,,,,,,,,,,,,,,,,,,,,,media/dmnb.png,5,1,Symb,u,CR,0,0,0,0,8,0,115,0,1,0,99,e,3.495,2,0,,,,,,,,,,,,,,,,,,,,,,,,,,,,,,,,,,,,,,,,,,,,,,,,,,e,0,3.495,258,0,258,0,1,,,,,,,,,,,,,,,,,,,,,,,,,,,,,,,,,,,,,,,,,,,,,,,,,,,,,,
,,,,,,,,,,,,,,,,,120,4,2024-09-06_13h38.38.181,Symbol-E,2020.1.3,Win32,Firefox,Mozilla/5.0 (Windows NT 10.0; Win64; x64; rv:129.0) Gecko/20100101 Firefox/129.0,60,,,,,,,,,,,,,,,,,,,,,,,,,,,,,,,,,,,,media/dmnb.png,5,1,Symb,u,CR,0,0,0,0,8,1,115,0,1,0,99,u,0.37,5,1,,,,,,,,,,,,,,,,,,,,,,,,,,,,,,,,,,,,,,,,,,,,,,,,,,u,1,0.37,259,0,259,0,1,,,,,,,,,,,,,,,,,,,,,,,,,,,,,,,,,,,,,,,,,,,,,,,,,,,,,,
,,,,,,,,,,,,,,,,,120,4,2024-09-06_13h38.38.181,Symbol-E,2020.1.3,Win32,Firefox,Mozilla/5.0 (Windows NT 10.0; Win64; x64; rv:129.0) Gecko/20100101 Firefox/129.0,60,,,,,,,,,,,,,,,,,,,,,,,,,,,,,,,,,,,,media/dcnb.png,4,0,Symb,h,CR,0,0,0,0,8,0,116,0,1,0,99,a,0.981,0,0,,,,,,,,,,,,,,,,,,,,,,,,,,,,,,,,,,,,,,,,,,,,,,,,,,a,0,0.981,260,0,260,0,1,,,,,,,,,,,,,,,,,,,,,,,,,,,,,,,,,,,,,,,,,,,,,,,,,,,,,,
,,,,,,,,,,,,,,,,,120,4,2024-09-06_13h38.38.181,Symbol-E,2020.1.3,Win32,Firefox,Mozilla/5.0 (Windows NT 10.0; Win64; x64; rv:129.0) Gecko/20100101 Firefox/129.0,60,,,,,,,,,,,,,,,,,,,,,,,,,,,,,,,,,,,,media/dcnb.png,4,0,Symb,h,CR,0,0,0,0,8,1,116,0,1,0,99,h,0.497,4,1,,,,,,,,,,,,,,,,,,,,,,,,,,,,,,,,,,,,,,,,,,,,,,,,,,h,1,0.497,261,0,261,0,1,,,,,,,,,,,,,,,,,,,,,,,,,,,,,,,,,,,,,,,,,,,,,,,,,,,,,,
,,,,,,,,,,,,,,,,,120,4,2024-09-06_13h38.38.181,Symbol-E,2020.1.3,Win32,Firefox,Mozilla/5.0 (Windows NT 10.0; Win64; x64; rv:129.0) Gecko/20100101 Firefox/129.0,60,,,,,,,,,,,,,,,,,,,,,,,,,,,,,,,,,,,,media/dnnb.png,2,2,Symb,e,CR,0,0,0,0,8,0,117,0,1,0,99,i,4.855,6,0,,,,,,,,,,,,,,,,,,,,,,,,,,,,,,,,,,,,,,,,,,,,,,,,,,i,0,4.855,262,0,262,0,1,,,,,,,,,,,,,,,,,,,,,,,,,,,,,,,,,,,,,,,,,,,,,,,,,,,,,,
,,,,,,,,,,,,,,,,,120,4,2024-09-06_13h38.38.181,Symbol-E,2020.1.3,Win32,Firefox,Mozilla/5.0 (Windows NT 10.0; Win64; x64; rv:129.0) Gecko/20100101 Firefox/129.0,60,,,,,,,,,,,,,,,,,,,,,,,,,,,,,,,,,,,,media/dnnb.png,2,2,Symb,e,CR,0,0,0,0,8,1,117,0,1,0,99,e,0.074,2,1,,,,,,,,,,,,,,,,,,,,,,,,,,,,,,,,,,,,,,,,,,,,,,,,,,e,1,0.074,263,0,263,0,1,,,,,,,,,,,,,,,,,,,,,,,,,,,,,,,,,,,,,,,,,,,,,,,,,,,,,,
,,,,,,,,,,,,,,,,,120,4,2024-09-06_13h38.38.181,Symbol-E,2020.1.3,Win32,Firefox,Mozilla/5.0 (Windows NT 10.0; Win64; x64; rv:129.0) Gecko/20100101 Firefox/129.0,60,,,,,,,,,,,,,,,,,,,,,,,,,,,,,,,,,,,,media/dfnb.png,3,3,Symb,f,CR,0,0,0,0,8,0,118,0,1,0,99,f,0.727,3,1,,,,,,,,,,,,,,,,,,,,,,,,,,,,,,,,,,,,,,,,,,,,,,,,,,f,1,0.727,264,0,264,0,1,,,,,,,,,,,,,,,,,,,,,,,,,,,,,,,,,,,,,,,,,,,,,,,,,,,,,,
,,,,,,,,,,,,,,,,,120,4,2024-09-06_13h38.38.181,Symbol-E,2020.1.3,Win32,Firefox,Mozilla/5.0 (Windows NT 10.0; Win64; x64; rv:129.0) Gecko/20100101 Firefox/129.0,60,,,,,,,,,,,,,,,,,,,,,,,,,,,,,,,,,,,,media/ddnb.png,7,3,Symb,l,CR,0,0,0,0,8,0,119,0,1,0,99,l,0.728,7,1,,,,,,,,,,,,,,,,,,,,,,,,,,,,,,,,,,,,,,,,,,,,,,,,,,l,1,0.728,265,0,265,0,1,,,,,,,,,,,,,,,,,,,,,,,,,,,,,,,,,,,,,,,,,,,,,,,,,,,,,,
,,,,,,,,,,,,,,,,,120,4,2024-09-06_13h38.38.181,Symbol-E,2020.1.3,Win32,Firefox,Mozilla/5.0 (Windows NT 10.0; Win64; x64; rv:129.0) Gecko/20100101 Firefox/129.0,60,,,,,,,,,,,,,,,,,,,,,,,,,,,,,,,,,,,,media/djnb.png,0,0,Symb,a,CR,0,0,0,0,8,0,120,0,1,0,99,a,3.625,0,1,,,,,,,,,,,,,,,,,,,,,,,,,,,,,,,,,,,,,,,,,,,,,,,,,,a,1,3.625,266,0,266,0,1,,,,,,,,,,,,,,,,,,,,,,,,,,,,,,,,,,,,,,,,,,,,,,,,,,,,,,
,,,,,,,,,,,,,,,,,120,4,2024-09-06_13h38.38.181,Symbol-E,2020.1.3,Win32,Firefox,Mozilla/5.0 (Windows NT 10.0; Win64; x64; rv:129.0) Gecko/20100101 Firefox/129.0,60,,,,,,,,,,,,,,,,,,,,,,,,,,,,,,,,,,,,media/dinb.png,6,2,Symb,i,CR,0,0,0,0,8,0,121,0,1,0,99,i,1.091,6,1,,,,,,,,,,,,,,,,,,,,,,,,,,,,,,,,,,,,,,,,,,,,,,,,,,i,1,1.091,267,0,267,0,1,,,,,,,,,,,,,,,,,,,,,,,,,,,,,,,,,,,,,,,,,,,,,,,,,,,,,,
,,,,,,,,,,,,,,,,,120,4,2024-09-06_13h38.38.181,Symbol-E,2020.1.3,Win32,Firefox,Mozilla/5.0 (Windows NT 10.0; Win64; x64; rv:129.0) Gecko/20100101 Firefox/129.0,60,,,,,,,,,,,,,,,,,,,,,,,,,,,,,,,,,,,,media/dgnb.png,1,1,Symb,w,CR,0,0,0,0,8,0,122,0,1,0,99,w,0.984,1,1,,,,,,,,,,,,,,,,,,,,,,,,,,,,,,,,,,,,,,,,,,,,,,,,,,w,1,0.984,268,0,268,0,1,,,,,,,,,,,,,,,,,,,,,,,,,,,,,,,,,,,,,,,,,,,,,,,,,,,,,,
,,,,,,,,,,,,,,,,,120,4,2024-09-06_13h38.38.181,Symbol-E,2020.1.3,Win32,Firefox,Mozilla/5.0 (Windows NT 10.0; Win64; x64; rv:129.0) Gecko/20100101 Firefox/129.0,60,,,,,,,,,,,,,,,,,,,,,,,,,,,,,,,,,,,,media/ddnb.png,7,3,Symb,l,CR,0,0,0,0,8,0,123,0,1,0,99,l,0.629,7,1,,,,,,,,,,,,,,,,,,,,,,,,,,,,,,,,,,,,,,,,,,,,,,,,,,l,1,0.629,269,0,269,0,1,,,,,,,,,,,,,,,,,,,,,,,,,,,,,,,,,,,,,,,,,,,,,,,,,,,,,,
,,,,,,,,,,,,,,,,,120,4,2024-09-06_13h38.38.181,Symbol-E,2020.1.3,Win32,Firefox,Mozilla/5.0 (Windows NT 10.0; Win64; x64; rv:129.0) Gecko/20100101 Firefox/129.0,60,,,,,,,,,,,,,,,,,,,,,,,,,,,,,,,,,,,,media/ddnb.png,7,3,Symb,l,CR,0,0,0,0,8,0,124,0,1,0,99,l,0.495,7,1,,,,,,,,,,,,,,,,,,,,,,,,,,,,,,,,,,,,,,,,,,,,,,,,,,l,1,0.495,270,0,270,0,1,,,,,,,,,,,,,,,,,,,,,,,,,,,,,,,,,,,,,,,,,,,,,,,,,,,,,,
,,,,,,,,,,,,,,,,,120,4,2024-09-06_13h38.38.181,Symbol-E,2020.1.3,Win32,Firefox,Mozilla/5.0 (Windows NT 10.0; Win64; x64; rv:129.0) Gecko/20100101 Firefox/129.0,60,,,,,,,,,,,,,,,,,,,,,,,,,,,,,,,,,,,,media/djnb.png,0,0,Symb,a,CR,0,0,0,0,8,0,125,0,1,0,99,a,0.818,0,1,,,,,,,,,,,,,,,,,,,,,,,,,,,,,,,,,,,,,,,,,,,,,,,,,,a,1,0.818,271,0,271,0,1,,,,,,,,,,,,,,,,,,,,,,,,,,,,,,,,,,,,,,,,,,,,,,,,,,,,,,
,,,,,,,,,,,,,,,,,120,4,2024-09-06_13h38.38.181,Symbol-E,2020.1.3,Win32,Firefox,Mozilla/5.0 (Windows NT 10.0; Win64; x64; rv:129.0) Gecko/20100101 Firefox/129.0,60,,,,,,,,,,,,,,,,,,,,,,,,,,,,,,,,,,,,media/dnnb.png,2,2,Symb,e,CR,0,0,0,0,8,0,126,0,1,0,99,i,4.397,6,0,,,,,,,,,,,,,,,,,,,,,,,,,,,,,,,,,,,,,,,,,,,,,,,,,,i,0,4.397,272,0,272,0,1,,,,,,,,,,,,,,,,,,,,,,,,,,,,,,,,,,,,,,,,,,,,,,,,,,,,,,
,,,,,,,,,,,,,,,,,120,4,2024-09-06_13h38.38.181,Symbol-E,2020.1.3,Win32,Firefox,Mozilla/5.0 (Windows NT 10.0; Win64; x64; rv:129.0) Gecko/20100101 Firefox/129.0,60,,,,,,,,,,,,,,,,,,,,,,,,,,,,,,,,,,,,media/dnnb.png,2,2,Symb,e,CR,0,0,0,0,8,1,126,0,1,0,99,u,0.106,5,0,,,,,,,,,,,,,,,,,,,,,,,,,,,,,,,,,,,,,,,,,,,,,,,,,,u,0,0.106,273,0,273,0,1,,,,,,,,,,,,,,,,,,,,,,,,,,,,,,,,,,,,,,,,,,,,,,,,,,,,,,
,,,,,,,,,,,,,,,,,120,4,2024-09-06_13h38.38.181,Symbol-E,2020.1.3,Win32,Firefox,Mozilla/5.0 (Windows NT 10.0; Win64; x64; rv:129.0) Gecko/20100101 Firefox/129.0,60,,,,,,,,,,,,,,,,,,,,,,,,,,,,,,,,,,,,media/dnnb.png,2,2,Symb,e,CR,0,0,0,0,8,2,126,0,1,0,99,w,0.504,1,0,,,,,,,,,,,,,,,,,,,,,,,,,,,,,,,,,,,,,,,,,,,,,,,,,,w,0,0.504,274,0,274,0,1,,,,,,,,,,,,,,,,,,,,,,,,,,,,,,,,,,,,,,,,,,,,,,,,,,,,,,
,,,,,,,,,,,,,,,,,120,4,2024-09-06_13h38.38.181,Symbol-E,2020.1.3,Win32,Firefox,Mozilla/5.0 (Windows NT 10.0; Win64; x64; rv:129.0) Gecko/20100101 Firefox/129.0,60,,,,,,,,,,,,,,,,,,,,,,,,,,,,,,,,,,,,media/dnnb.png,2,2,Symb,e,CR,0,0,0,0,8,3,126,0,1,0,99,h,0.328,4,0,,,,,,,,,,,,,,,,,,,,,,,,,,,,,,,,,,,,,,,,,,,,,,,,,,h,0,0.328,275,0,275,0,1,,,,,,,,,,,,,,,,,,,,,,,,,,,,,,,,,,,,,,,,,,,,,,,,,,,,,,
,,,,,,,,,,,,,,,,,120,4,2024-09-06_13h38.38.181,Symbol-E,2020.1.3,Win32,Firefox,Mozilla/5.0 (Windows NT 10.0; Win64; x64; rv:129.0) Gecko/20100101 Firefox/129.0,60,,,,,,,,,,,,,,,,,,,,,,,,,,,,,,,,,,,,media/dnnb.png,2,2,Symb,e,CR,0,0,0,0,8,4,126,0,1,0,99,e,0.298,2,1,,,,,,,,,,,,,,,,,,,,,,,,,,,,,,,,,,,,,,,,,,,,,,,,,,e,1,0.298,276,0,276,0,1,,,,,,,,,,,,,,,,,,,,,,,,,,,,,,,,,,,,,,,,,,,,,,,,,,,,,,
,,,,,,,,,,,,,,,,,120,4,2024-09-06_13h38.38.181,Symbol-E,2020.1.3,Win32,Firefox,Mozilla/5.0 (Windows NT 10.0; Win64; x64; rv:129.0) Gecko/20100101 Firefox/129.0,60,,,,,,,,,,,,,,,,,,,,,,,,,,,,,,,,,,,,media/dgnb.png,1,1,Symb,w,CR,0,0,0,0,8,0,127,0,1,0,99,w,1.056,1,1,,,,,,,,,,,,,,,,,,,,,,,,,,,,,,,,,,,,,,,,,,,,,,,,,,w,1,1.056,277,0,277,0,1,,,,,,,,,,,,,,,,,,,,,,,,,,,,,,,,,,,,,,,,,,,,,,,,,,,,,,
,,,,,,,,,,,,,,,,,120,4,2024-09-06_13h38.38.181,Symbol-E,2020.1.3,Win32,Firefox,Mozilla/5.0 (Windows NT 10.0; Win64; x64; rv:129.0) Gecko/20100101 Firefox/129.0,60,,,,,,,,,,,,,,,,,,,,,,,,,,,,,,,,,,,,media/dmnb.png,5,1,Symb,u,CR,0,0,0,0,8,0,128,0,1,0,99,u,1.953,5,1,,,,,,,,,,,,,,,,,,,,,,,,,,,,,,,,,,,,,,,,,,,,,,,,,,u,1,1.953,278,0,278,0,1,,,,,,,,,,,,,,,,,,,,,,,,,,,,,,,,,,,,,,,,,,,,,,,,,,,,,,
,,,,,,,,,,,,,,,,,120,4,2024-09-06_13h38.38.181,Symbol-E,2020.1.3,Win32,Firefox,Mozilla/5.0 (Windows NT 10.0; Win64; x64; rv:129.0) Gecko/20100101 Firefox/129.0,60,,,,,,,,,,,,,,,,,,,,,,,,,,,,,,,,,,,,media/dcnb.png,4,0,Symb,h,CR,0,0,0,0,8,0,129,0,1,0,99,a,0.787,0,0,,,,,,,,,,,,,,,,,,,,,,,,,,,,,,,,,,,,,,,,,,,,,,,,,,a,0,0.787,279,0,279,0,1,,,,,,,,,,,,,,,,,,,,,,,,,,,,,,,,,,,,,,,,,,,,,,,,,,,,,,
,,,,,,,,,,,,,,,,,120,4,2024-09-06_13h38.38.181,Symbol-E,2020.1.3,Win32,Firefox,Mozilla/5.0 (Windows NT 10.0; Win64; x64; rv:129.0) Gecko/20100101 Firefox/129.0,60,,,,,,,,,,,,,,,,,,,,,,,,,,,,,,,,,,,,media/dcnb.png,4,0,Symb,h,CR,0,0,0,0,8,1,129,0,1,0,99,h,0.16,4,1,,,,,,,,,,,,,,,,,,,,,,,,,,,,,,,,,,,,,,,,,,,,,,,,,,h,1,0.16,280,0,280,0,1,,,,,,,,,,,,,,,,,,,,,,,,,,,,,,,,,,,,,,,,,,,,,,,,,,,,,,
,,,,,,,,,,,,,,,,,120,4,2024-09-06_13h38.38.181,Symbol-E,2020.1.3,Win32,Firefox,Mozilla/5.0 (Windows NT 10.0; Win64; x64; rv:129.0) Gecko/20100101 Firefox/129.0,60,,,,,,,,,,,,,,,,,,,,,,,,,,,,,,,,,,,,media/dfnb.png,3,3,Symb,f,CR,0,0,0,0,8,0,130,0,1,0,99,f,0.721,3,1,,,,,,,,,,,,,,,,,,,,,,,,,,,,,,,,,,,,,,,,,,,,,,,,,,f,1,0.721,281,0,281,0,1,,,,,,,,,,,,,,,,,,,,,,,,,,,,,,,,,,,,,,,,,,,,,,,,,,,,,,
,,,,,,,,,,,,,,,,,120,4,2024-09-06_13h38.38.181,Symbol-E,2020.1.3,Win32,Firefox,Mozilla/5.0 (Windows NT 10.0; Win64; x64; rv:129.0) Gecko/20100101 Firefox/129.0,60,,,,,,,,,,,,,,,,,,,,,,,,,,,,,,,,,,,,media/dnnb.png,2,2,Symb,e,CR,0,0,0,0,8,0,131,0,1,0,99,u,0.973,5,0,,,,,,,,,,,,,,,,,,,,,,,,,,,,,,,,,,,,,,,,,,,,,,,,,,u,0,0.973,282,0,282,0,1,,,,,,,,,,,,,,,,,,,,,,,,,,,,,,,,,,,,,,,,,,,,,,,,,,,,,,
,,,,,,,,,,,,,,,,,120,4,2024-09-06_13h38.38.181,Symbol-E,2020.1.3,Win32,Firefox,Mozilla/5.0 (Windows NT 10.0; Win64; x64; rv:129.0) Gecko/20100101 Firefox/129.0,60,,,,,,,,,,,,,,,,,,,,,,,,,,,,,,,,,,,,media/dnnb.png,2,2,Symb,e,CR,0,0,0,0,8,1,131,0,1,0,99,i,0.135,6,0,,,,,,,,,,,,,,,,,,,,,,,,,,,,,,,,,,,,,,,,,,,,,,,,,,i,0,0.135,283,0,283,0,1,,,,,,,,,,,,,,,,,,,,,,,,,,,,,,,,,,,,,,,,,,,,,,,,,,,,,,
,,,,,,,,,,,,,,,,,120,4,2024-09-06_13h38.38.181,Symbol-E,2020.1.3,Win32,Firefox,Mozilla/5.0 (Windows NT 10.0; Win64; x64; rv:129.0) Gecko/20100101 Firefox/129.0,60,,,,,,,,,,,,,,,,,,,,,,,,,,,,,,,,,,,,media/dnnb.png,2,2,Symb,e,CR,0,0,0,0,8,2,131,0,1,0,99,e,0.637,2,1,,,,,,,,,,,,,,,,,,,,,,,,,,,,,,,,,,,,,,,,,,,,,,,,,,e,1,0.637,284,0,284,0,1,,,,,,,,,,,,,,,,,,,,,,,,,,,,,,,,,,,,,,,,,,,,,,,,,,,,,,
,,,,,,,,,,,,,,,,,120,4,2024-09-06_13h38.38.181,Symbol-E,2020.1.3,Win32,Firefox,Mozilla/5.0 (Windows NT 10.0; Win64; x64; rv:129.0) Gecko/20100101 Firefox/129.0,60,,,,,,,,,,,,,,,,,,,,,,,,,,,,,,,,,,,,media/dinb.png,6,2,Symb,i,CR,0,0,0,0,8,0,132,0,1,0,99,w,1.12,1,0,,,,,,,,,,,,,,,,,,,,,,,,,,,,,,,,,,,,,,,,,,,,,,,,,,w,0,1.12,285,0,285,0,1,,,,,,,,,,,,,,,,,,,,,,,,,,,,,,,,,,,,,,,,,,,,,,,,,,,,,,
,,,,,,,,,,,,,,,,,120,4,2024-09-06_13h38.38.181,Symbol-E,2020.1.3,Win32,Firefox,Mozilla/5.0 (Windows NT 10.0; Win64; x64; rv:129.0) Gecko/20100101 Firefox/129.0,60,,,,,,,,,,,,,,,,,,,,,,,,,,,,,,,,,,,,media/dinb.png,6,2,Symb,i,CR,0,0,0,0,8,1,132,0,1,0,99,u,0.28,5,0,,,,,,,,,,,,,,,,,,,,,,,,,,,,,,,,,,,,,,,,,,,,,,,,,,u,0,0.28,286,0,286,0,1,,,,,,,,,,,,,,,,,,,,,,,,,,,,,,,,,,,,,,,,,,,,,,,,,,,,,,
,,,,,,,,,,,,,,,,,120,4,2024-09-06_13h38.38.181,Symbol-E,2020.1.3,Win32,Firefox,Mozilla/5.0 (Windows NT 10.0; Win64; x64; rv:129.0) Gecko/20100101 Firefox/129.0,60,,,,,,,,,,,,,,,,,,,,,,,,,,,,,,,,,,,,media/dinb.png,6,2,Symb,i,CR,0,0,0,0,8,2,132,0,1,0,99,i,0.455,6,1,,,,,,,,,,,,,,,,,,,,,,,,,,,,,,,,,,,,,,,,,,,,,,,,,,i,1,0.455,287,0,287,0,1,,,,,,,,,,,,,,,,,,,,,,,,,,,,,,,,,,,,,,,,,,,,,,,,,,,,,,
,,,,,,,,,,,,,,,,,120,4,2024-09-06_13h38.38.181,Symbol-E,2020.1.3,Win32,Firefox,Mozilla/5.0 (Windows NT 10.0; Win64; x64; rv:129.0) Gecko/20100101 Firefox/129.0,60,,,,,,,,,,,,,,,,,,,,,,,,,,,,,,,,,,,,media/dfnb.png,3,3,Symb,f,CR,0,0,0,0,8,0,133,0,1,0,99,f,0.767,3,1,,,,,,,,,,,,,,,,,,,,,,,,,,,,,,,,,,,,,,,,,,,,,,,,,,f,1,0.767,288,0,288,0,1,,,,,,,,,,,,,,,,,,,,,,,,,,,,,,,,,,,,,,,,,,,,,,,,,,,,,,
,,,,,,,,,,,,,,,,,120,4,2024-09-06_13h38.38.181,Symbol-E,2020.1.3,Win32,Firefox,Mozilla/5.0 (Windows NT 10.0; Win64; x64; rv:129.0) Gecko/20100101 Firefox/129.0,60,,,,,,,,,,,,,,,,,,,,,,,,,,,,,,,,,,,,media/dcnb.png,4,0,Symb,h,CR,0,0,0,0,8,0,134,0,1,0,99,a,0.737,0,0,,,,,,,,,,,,,,,,,,,,,,,,,,,,,,,,,,,,,,,,,,,,,,,,,,a,0,0.737,289,0,289,0,1,,,,,,,,,,,,,,,,,,,,,,,,,,,,,,,,,,,,,,,,,,,,,,,,,,,,,,
,,,,,,,,,,,,,,,,,120,4,2024-09-06_13h38.38.181,Symbol-E,2020.1.3,Win32,Firefox,Mozilla/5.0 (Windows NT 10.0; Win64; x64; rv:129.0) Gecko/20100101 Firefox/129.0,60,,,,,,,,,,,,,,,,,,,,,,,,,,,,,,,,,,,,media/dcnb.png,4,0,Symb,h,CR,0,0,0,0,8,1,134,0,1,0,99,h,0.964,4,1,,,,,,,,,,,,,,,,,,,,,,,,,,,,,,,,,,,,,,,,,,,,,,,,,,h,1,0.964,290,0,290,0,1,,,,,,,,,,,,,,,,,,,,,,,,,,,,,,,,,,,,,,,,,,,,,,,,,,,,,,
,,,,,,,,,,,,,,,,,120,4,2024-09-06_13h38.38.181,Symbol-E,2020.1.3,Win32,Firefox,Mozilla/5.0 (Windows NT 10.0; Win64; x64; rv:129.0) Gecko/20100101 Firefox/129.0,60,,,,,,,,,,,,,,,,,,,,,,,,,,,,,,,,,,,,media/dmnb.png,5,1,Symb,u,CR,0,0,0,0,8,0,135,0,1,0,99,w,3.193,1,0,,,,,,,,,,,,,,,,,,,,,,,,,,,,,,,,,,,,,,,,,,,,,,,,,,w,0,3.193,291,0,291,0,1,,,,,,,,,,,,,,,,,,,,,,,,,,,,,,,,,,,,,,,,,,,,,,,,,,,,,,
,,,,,,,,,,,,,,,,,120,4,2024-09-06_13h38.38.181,Symbol-E,2020.1.3,Win32,Firefox,Mozilla/5.0 (Windows NT 10.0; Win64; x64; rv:129.0) Gecko/20100101 Firefox/129.0,60,,,,,,,,,,,,,,,,,,,,,,,,,,,,,,,,,,,,media/dmnb.png,5,1,Symb,u,CR,0,0,0,0,8,1,135,0,1,0,99,e,0.085,2,0,,,,,,,,,,,,,,,,,,,,,,,,,,,,,,,,,,,,,,,,,,,,,,,,,,e,0,0.085,292,0,292,0,1,,,,,,,,,,,,,,,,,,,,,,,,,,,,,,,,,,,,,,,,,,,,,,,,,,,,,,
,,,,,,,,,,,,,,,,,120,4,2024-09-06_13h38.38.181,Symbol-E,2020.1.3,Win32,Firefox,Mozilla/5.0 (Windows NT 10.0; Win64; x64; rv:129.0) Gecko/20100101 Firefox/129.0,60,,,,,,,,,,,,,,,,,,,,,,,,,,,,,,,,,,,,media/dmnb.png,5,1,Symb,u,CR,0,0,0,0,8,2,135,0,1,0,99,i,0.231,6,0,,,,,,,,,,,,,,,,,,,,,,,,,,,,,,,,,,,,,,,,,,,,,,,,,,i,0,0.231,293,0,293,0,1,,,,,,,,,,,,,,,,,,,,,,,,,,,,,,,,,,,,,,,,,,,,,,,,,,,,,,
,,,,,,,,,,,,,,,,,120,4,2024-09-06_13h38.38.181,Symbol-E,2020.1.3,Win32,Firefox,Mozilla/5.0 (Windows NT 10.0; Win64; x64; rv:129.0) Gecko/20100101 Firefox/129.0,60,,,,,,,,,,,,,,,,,,,,,,,,,,,,,,,,,,,,media/dmnb.png,5,1,Symb,u,CR,0,0,0,0,8,3,135,0,1,0,99,u,0.408,5,1,,,,,,,,,,,,,,,,,,,,,,,,,,,,,,,,,,,,,,,,,,,,,,,,,,u,1,0.408,294,0,294,0,1,,,,,,,,,,,,,,,,,,,,,,,,,,,,,,,,,,,,,,,,,,,,,,,,,,,,,,
,,,,,,,,,,,,,,,,,120,4,2024-09-06_13h38.38.181,Symbol-E,2020.1.3,Win32,Firefox,Mozilla/5.0 (Windows NT 10.0; Win64; x64; rv:129.0) Gecko/20100101 Firefox/129.0,60,,,,,,,,,,,,,,,,,,,,,,,,,,,,,,,,,,,,media/dnnb.png,2,2,Symb,e,CR,0,0,0,0,8,0,136,0,1,0,99,e,0.904,2,1,,,,,,,,,,,,,,,,,,,,,,,,,,,,,,,,,,,,,,,,,,,,,,,,,,e,1,0.904,295,0,295,0,1,,,,,,,,,,,,,,,,,,,,,,,,,,,,,,,,,,,,,,,,,,,,,,,,,,,,,,
,,,,,,,,,,,,,,,,,120,4,2024-09-06_13h38.38.181,Symbol-E,2020.1.3,Win32,Firefox,Mozilla/5.0 (Windows NT 10.0; Win64; x64; rv:129.0) Gecko/20100101 Firefox/129.0,60,,,,,,,,,,,,,,,,,,,,,,,,,,,,,,,,,,,,media/ddnb.png,7,3,Symb,l,CR,0,0,0,0,8,0,137,0,1,0,99,l,0.686,7,1,,,,,,,,,,,,,,,,,,,,,,,,,,,,,,,,,,,,,,,,,,,,,,,,,,l,1,0.686,296,0,296,0,1,,,,,,,,,,,,,,,,,,,,,,,,,,,,,,,,,,,,,,,,,,,,,,,,,,,,,,
,,,,,,,,,,,,,,,,,120,4,2024-09-06_13h38.38.181,Symbol-E,2020.1.3,Win32,Firefox,Mozilla/5.0 (Windows NT 10.0; Win64; x64; rv:129.0) Gecko/20100101 Firefox/129.0,60,,,,,,,,,,,,,,,,,,,,,,,,,,,,,,,,,,,,media/dgnb.png,1,1,Symb,w,CR,0,0,0,0,8,0,138,0,1,0,99,i,0.905,6,0,,,,,,,,,,,,,,,,,,,,,,,,,,,,,,,,,,,,,,,,,,,,,,,,,,i,0,0.905,297,0,297,0,1,,,,,,,,,,,,,,,,,,,,,,,,,,,,,,,,,,,,,,,,,,,,,,,,,,,,,,
,,,,,,,,,,,,,,,,,120,4,2024-09-06_13h38.38.181,Symbol-E,2020.1.3,Win32,Firefox,Mozilla/5.0 (Windows NT 10.0; Win64; x64; rv:129.0) Gecko/20100101 Firefox/129.0,60,,,,,,,,,,,,,,,,,,,,,,,,,,,,,,,,,,,,media/dgnb.png,1,1,Symb,w,CR,0,0,0,0,8,1,138,0,1,0,99,w,0.106,1,1,,,,,,,,,,,,,,,,,,,,,,,,,,,,,,,,,,,,,,,,,,,,,,,,,,w,1,0.106,298,0,298,0,1,,,,,,,,,,,,,,,,,,,,,,,,,,,,,,,,,,,,,,,,,,,,,,,,,,,,,,
,,,,,,,,,,,,,,,,,120,4,2024-09-06_13h38.38.181,Symbol-E,2020.1.3,Win32,Firefox,Mozilla/5.0 (Windows NT 10.0; Win64; x64; rv:129.0) Gecko/20100101 Firefox/129.0,60,,,,,,,,,,,,,,,,,,,,,,,,,,,,,,,,,,,,media/dinb.png,6,2,Symb,i,CR,0,0,0,0,8,0,139,0,1,0,99,i,0.875,6,1,,,,,,,,,,,,,,,,,,,,,,,,,,,,,,,,,,,,,,,,,,,,,,,,,,i,1,0.875,299,0,299,0,1,,,,,,,,,,,,,,,,,,,,,,,,,,,,,,,,,,,,,,,,,,,,,,,,,,,,,,
,,,,,,,,,,,,,,,,,120,4,2024-09-06_13h38.38.181,Symbol-E,2020.1.3,Win32,Firefox,Mozilla/5.0 (Windows NT 10.0; Win64; x64; rv:129.0) Gecko/20100101 Firefox/129.0,60,,,,,,,,,,,,,,,,,,,,,,,,,,,,,,,,,,,,media/ddnb.png,7,3,Symb,l,CR,0,0,0,0,8,0,140,0,1,0,99,l,0.743,7,1,,,,,,,,,,,,,,,,,,,,,,,,,,,,,,,,,,,,,,,,,,,,,,,,,,l,1,0.743,300,0,300,0,1,,,,,,,,,,,,,,,,,,,,,,,,,,,,,,,,,,,,,,,,,,,,,,,,,,,,,,
,,,,,,,,,,,,,,,,,120,4,2024-09-06_13h38.38.181,Symbol-E,2020.1.3,Win32,Firefox,Mozilla/5.0 (Windows NT 10.0; Win64; x64; rv:129.0) Gecko/20100101 Firefox/129.0,60,,,,,,,,,,,,,,,,,,,,,,,,,,,,,,,,,,,,media/djnb.png,0,0,Symb,a,CR,0,0,0,0,8,0,141,0,1,0,99,a,0.758,0,1,,,,,,,,,,,,,,,,,,,,,,,,,,,,,,,,,,,,,,,,,,,,,,,,,,a,1,0.758,301,0,301,0,1,,,,,,,,,,,,,,,,,,,,,,,,,,,,,,,,,,,,,,,,,,,,,,,,,,,,,,
,,,,,,,,,,,,,,,,,120,4,2024-09-06_13h38.38.181,Symbol-E,2020.1.3,Win32,Firefox,Mozilla/5.0 (Windows NT 10.0; Win64; x64; rv:129.0) Gecko/20100101 Firefox/129.0,60,,,,,,,,,,,,,,,,,,,,,,,,,,,,,,,,,,,,media/dcnb.png,4,0,Symb,h,CR,0,0,0,0,8,0,142,0,1,0,99,h,0.532,4,1,,,,,,,,,,,,,,,,,,,,,,,,,,,,,,,,,,,,,,,,,,,,,,,,,,h,1,0.532,302,0,302,0,1,,,,,,,,,,,,,,,,,,,,,,,,,,,,,,,,,,,,,,,,,,,,,,,,,,,,,,
,,,,,,,,,,,,,,,,,120,4,2024-09-06_13h38.38.181,Symbol-E,2020.1.3,Win32,Firefox,Mozilla/5.0 (Windows NT 10.0; Win64; x64; rv:129.0) Gecko/20100101 Firefox/129.0,60,,,,,,,,,,,,,,,,,,,,,,,,,,,,,,,,,,,,media/dfnb.png,3,3,Symb,f,CR,0,0,0,0,8,0,143,0,1,0,99,f,0.707,3,1,,,,,,,,,,,,,,,,,,,,,,,,,,,,,,,,,,,,,,,,,,,,,,,,,,f,1,0.707,303,0,303,0,1,,,,,,,,,,,,,,,,,,,,,,,,,,,,,,,,,,,,,,,,,,,,,,,,,,,,,,
,,,,,,,,,,,,,,,,,120,4,2024-09-06_13h38.38.181,Symbol-E,2020.1.3,Win32,Firefox,Mozilla/5.0 (Windows NT 10.0; Win64; x64; rv:129.0) Gecko/20100101 Firefox/129.0,60,,,,,,,,,,,,,,,,,,,,,,,,,,,,,,,,,,,,media/dinb.png,6,2,Symb,i,CR,0,0,0,0,8,0,144,0,1,0,99,i,0.943,6,1,,,,,,,,,,,,,,,,,,,,,,,,,,,,,,,,,,,,,,,,,,,,,,,,,,i,1,0.943,304,0,304,0,1,,,,,,,,,,,,,,,,,,,,,,,,,,,,,,,,,,,,,,,,,,,,,,,,,,,,,,
,,,,,,,,,,,,,,,,,120,4,2024-09-06_13h38.38.181,Symbol-E,2020.1.3,Win32,Firefox,Mozilla/5.0 (Windows NT 10.0; Win64; x64; rv:129.0) Gecko/20100101 Firefox/129.0,60,,,,,,,,,,,,,,,,,,,,,,,,,,,,,,,,,,,,media/djnb.png,0,0,Symb,a,CR,0,0,0,0,8,0,145,0,1,0,99,a,0.926,0,1,,,,,,,,,,,,,,,,,,,,,,,,,,,,,,,,,,,,,,,,,,,,,,,,,,a,1,0.926,305,0,305,0,1,,,,,,,,,,,,,,,,,,,,,,,,,,,,,,,,,,,,,,,,,,,,,,,,,,,,,,
,,,,,,,,,,,,,,,,,120,4,2024-09-06_13h38.38.181,Symbol-E,2020.1.3,Win32,Firefox,Mozilla/5.0 (Windows NT 10.0; Win64; x64; rv:129.0) Gecko/20100101 Firefox/129.0,60,,,,,,,,,,,,,,,,,,,,,,,,,,,,,,,,,,,,media/dcnb.png,4,0,Symb,h,CR,0,0,0,0,8,0,146,0,1,0,99,h,0.839,4,1,,,,,,,,,,,,,,,,,,,,,,,,,,,,,,,,,,,,,,,,,,,,,,,,,,h,1,0.839,306,0,306,0,1,,,,,,,,,,,,,,,,,,,,,,,,,,,,,,,,,,,,,,,,,,,,,,,,,,,,,,
,,,,,,,,,,,,,,,,,120,4,2024-09-06_13h38.38.181,Symbol-E,2020.1.3,Win32,Firefox,Mozilla/5.0 (Windows NT 10.0; Win64; x64; rv:129.0) Gecko/20100101 Firefox/129.0,60,,,,,,,,,,,,,,,,,,,,,,,,,,,,,,,,,,,,media/dgnb.png,1,1,Symb,w,CR,0,0,0,0,8,0,147,0,1,0,99,u,0.825,5,0,,,,,,,,,,,,,,,,,,,,,,,,,,,,,,,,,,,,,,,,,,,,,,,,,,u,0,0.825,307,0,307,0,1,,,,,,,,,,,,,,,,,,,,,,,,,,,,,,,,,,,,,,,,,,,,,,,,,,,,,,
,,,,,,,,,,,,,,,,,120,4,2024-09-06_13h38.38.181,Symbol-E,2020.1.3,Win32,Firefox,Mozilla/5.0 (Windows NT 10.0; Win64; x64; rv:129.0) Gecko/20100101 Firefox/129.0,60,,,,,,,,,,,,,,,,,,,,,,,,,,,,,,,,,,,,media/dgnb.png,1,1,Symb,w,CR,0,0,0,0,8,1,147,0,1,0,99,e,0.117,2,0,,,,,,,,,,,,,,,,,,,,,,,,,,,,,,,,,,,,,,,,,,,,,,,,,,e,0,0.117,308,0,308,0,1,,,,,,,,,,,,,,,,,,,,,,,,,,,,,,,,,,,,,,,,,,,,,,,,,,,,,,
,,,,,,,,,,,,,,,,,120,4,2024-09-06_13h38.38.181,Symbol-E,2020.1.3,Win32,Firefox,Mozilla/5.0 (Windows NT 10.0; Win64; x64; rv:129.0) Gecko/20100101 Firefox/129.0,60,,,,,,,,,,,,,,,,,,,,,,,,,,,,,,,,,,,,media/dgnb.png,1,1,Symb,w,CR,0,0,0,0,8,2,147,0,1,0,99,w,0.369,1,1,,,,,,,,,,,,,,,,,,,,,,,,,,,,,,,,,,,,,,,,,,,,,,,,,,w,1,0.369,309,0,309,0,1,,,,,,,,,,,,,,,,,,,,,,,,,,,,,,,,,,,,,,,,,,,,,,,,,,,,,,
,,,,,,,,,,,,,,,,,120,4,2024-09-06_13h38.38.181,Symbol-E,2020.1.3,Win32,Firefox,Mozilla/5.0 (Windows NT 10.0; Win64; x64; rv:129.0) Gecko/20100101 Firefox/129.0,60,,,,,,,,,,,,,,,,,,,,,,,,,,,,,,,,,,,,media/dmnb.png,5,1,Symb,u,CR,0,0,0,0,8,0,148,0,1,0,99,e,4.921,2,0,,,,,,,,,,,,,,,,,,,,,,,,,,,,,,,,,,,,,,,,,,,,,,,,,,e,0,4.921,310,0,310,0,1,,,,,,,,,,,,,,,,,,,,,,,,,,,,,,,,,,,,,,,,,,,,,,,,,,,,,,
,,,,,,,,,,,,,,,,,120,4,2024-09-06_13h38.38.181,Symbol-E,2020.1.3,Win32,Firefox,Mozilla/5.0 (Windows NT 10.0; Win64; x64; rv:129.0) Gecko/20100101 Firefox/129.0,60,,,,,,,,,,,,,,,,,,,,,,,,,,,,,,,,,,,,media/dmnb.png,5,1,Symb,u,CR,0,0,0,0,8,1,148,0,1,0,99,i,0.162,6,0,,,,,,,,,,,,,,,,,,,,,,,,,,,,,,,,,,,,,,,,,,,,,,,,,,i,0,0.162,311,0,311,0,1,,,,,,,,,,,,,,,,,,,,,,,,,,,,,,,,,,,,,,,,,,,,,,,,,,,,,,
,,,,,,,,,,,,,,,,,120,4,2024-09-06_13h38.38.181,Symbol-E,2020.1.3,Win32,Firefox,Mozilla/5.0 (Windows NT 10.0; Win64; x64; rv:129.0) Gecko/20100101 Firefox/129.0,60,,,,,,,,,,,,,,,,,,,,,,,,,,,,,,,,,,,,media/dmnb.png,5,1,Symb,u,CR,0,0,0,0,8,2,148,0,1,0,99,u,0.127,5,1,,,,,,,,,,,,,,,,,,,,,,,,,,,,,,,,,,,,,,,,,,,,,,,,,,u,1,0.127,312,0,312,0,1,,,,,,,,,,,,,,,,,,,,,,,,,,,,,,,,,,,,,,,,,,,,,,,,,,,,,,
,,,,,,,,,,,,,,,,,120,4,2024-09-06_13h38.38.181,Symbol-E,2020.1.3,Win32,Firefox,Mozilla/5.0 (Windows NT 10.0; Win64; x64; rv:129.0) Gecko/20100101 Firefox/129.0,60,,,,,,,,,,,,,,,,,,,,,,,,,,,,,,,,,,,,media/dfnb.png,3,3,Symb,f,CR,0,0,0,0,8,0,149,0,1,0,99,f,0.563,3,1,,,,,,,,,,,,,,,,,,,,,,,,,,,,,,,,,,,,,,,,,,,,,,,,,,f,1,0.563,313,0,313,0,1,,,,,,,,,,,,,,,,,,,,,,,,,,,,,,,,,,,,,,,,,,,,,,,,,,,,,,
,,,,,,,,,,,,,,,,,120,4,2024-09-06_13h38.38.181,Symbol-E,2020.1.3,Win32,Firefox,Mozilla/5.0 (Windows NT 10.0; Win64; x64; rv:129.0) Gecko/20100101 Firefox/129.0,60,,,,,,,,,,,,,,,,,,,,,,,,,,,,,,,,,,,,media/dmnb.png,5,1,Symb,u,CR,0,0,0,0,8,0,150,0,1,0,99,u,0.645,5,1,,,,,,,,,,,,,,,,,,,,,,,,,,,,,,,,,,,,,,,,,,,,,,,,,,u,1,0.645,314,0,314,0,1,,,,,,,,,,,,,,,,,,,,,,,,,,,,,,,,,,,,,,,,,,,,,,,,,,,,,,
,,,,,,,,,,,,,,,,,120,4,2024-09-06_13h38.38.181,Symbol-E,2020.1.3,Win32,Firefox,Mozilla/5.0 (Windows NT 10.0; Win64; x64; rv:129.0) Gecko/20100101 Firefox/129.0,60,,,,,,,,,,,,,,,,,,,,,,,,,,,,,,,,,,,,media/dnnb.png,2,2,Symb,e,CR,0,0,0,0,8,0,151,0,1,0,99,i,0.839,6,0,,,,,,,,,,,,,,,,,,,,,,,,,,,,,,,,,,,,,,,,,,,,,,,,,,i,0,0.839,315,0,315,0,1,,,,,,,,,,,,,,,,,,,,,,,,,,,,,,,,,,,,,,,,,,,,,,,,,,,,,,
,,,,,,,,,,,,,,,,,120,4,2024-09-06_13h38.38.181,Symbol-E,2020.1.3,Win32,Firefox,Mozilla/5.0 (Windows NT 10.0; Win64; x64; rv:129.0) Gecko/20100101 Firefox/129.0,60,,,,,,,,,,,,,,,,,,,,,,,,,,,,,,,,,,,,media/dnnb.png,2,2,Symb,e,CR,0,0,0,0,8,1,151,0,1,0,99,e,0.256,2,1,,,,,,,,,,,,,,,,,,,,,,,,,,,,,,,,,,,,,,,,,,,,,,,,,,e,1,0.256,316,0,316,0,1,,,,,,,,,,,,,,,,,,,,,,,,,,,,,,,,,,,,,,,,,,,,,,,,,,,,,,
,,,,,,,,,,,,,,,,,120,4,2024-09-06_13h38.38.181,Symbol-E,2020.1.3,Win32,Firefox,Mozilla/5.0 (Windows NT 10.0; Win64; x64; rv:129.0) Gecko/20100101 Firefox/129.0,60,,,,,,,,,,,,,,,,,,,,,,,,,,,,,,,,,,,,media/dgnb.png,1,1,Symb,w,CR,0,0,0,0,8,0,152,0,1,0,99,w,1.269,1,1,,,,,,,,,,,,,,,,,,,,,,,,,,,,,,,,,,,,,,,,,,,,,,,,,,w,1,1.269,317,0,317,0,1,,,,,,,,,,,,,,,,,,,,,,,,,,,,,,,,,,,,,,,,,,,,,,,,,,,,,,
,,,,,,,,,,,,,,,,,120,4,2024-09-06_13h38.38.181,Symbol-E,2020.1.3,Win32,Firefox,Mozilla/5.0 (Windows NT 10.0; Win64; x64; rv:129.0) Gecko/20100101 Firefox/129.0,60,,,,,,,,,,,,,,,,,,,,,,,,,,,,,,,,,,,,media/dmnb.png,5,1,Symb,u,CR,0,0,0,0,8,0,153,0,1,0,99,u,0.729,5,1,,,,,,,,,,,,,,,,,,,,,,,,,,,,,,,,,,,,,,,,,,,,,,,,,,u,1,0.729,318,0,318,0,1,,,,,,,,,,,,,,,,,,,,,,,,,,,,,,,,,,,,,,,,,,,,,,,,,,,,,,
,,,,,,,,,,,,,,,,,120,4,2024-09-06_13h38.38.181,Symbol-E,2020.1.3,Win32,Firefox,Mozilla/5.0 (Windows NT 10.0; Win64; x64; rv:129.0) Gecko/20100101 Firefox/129.0,60,,,,,,,,,,,,,,,,,,,,,,,,,,,,,,,,,,,,media/dnnb.png,2,2,Symb,e,CR,0,0,0,0,8,0,154,0,1,0,99,i,0.759,6,0,,,,,,,,,,,,,,,,,,,,,,,,,,,,,,,,,,,,,,,,,,,,,,,,,,i,0,0.759,319,0,319,0,1,,,,,,,,,,,,,,,,,,,,,,,,,,,,,,,,,,,,,,,,,,,,,,,,,,,,,,
,,,,,,,,,,,,,,,,,120,4,2024-09-06_13h38.38.181,Symbol-E,2020.1.3,Win32,Firefox,Mozilla/5.0 (Windows NT 10.0; Win64; x64; rv:129.0) Gecko/20100101 Firefox/129.0,60,,,,,,,,,,,,,,,,,,,,,,,,,,,,,,,,,,,,media/dnnb.png,2,2,Symb,e,CR,0,0,0,0,8,1,154,0,1,0,99,e,0.383,2,1,,,,,,,,,,,,,,,,,,,,,,,,,,,,,,,,,,,,,,,,,,,,,,,,,,e,1,0.383,320,0,320,0,1,,,,,,,,,,,,,,,,,,,,,,,,,,,,,,,,,,,,,,,,,,,,,,,,,,,,,,
,,,,,,,,,,,,,,,,,120,4,2024-09-06_13h38.38.181,Symbol-E,2020.1.3,Win32,Firefox,Mozilla/5.0 (Windows NT 10.0; Win64; x64; rv:129.0) Gecko/20100101 Firefox/129.0,60,,,,,,,,,,,,,,,,,,,,,,,,,,,,,,,,,,,,media/djnb.png,0,0,Symb,a,CR,0,0,0,0,8,0,155,0,1,0,99,h,0.909,4,0,,,,,,,,,,,,,,,,,,,,,,,,,,,,,,,,,,,,,,,,,,,,,,,,,,h,0,0.909,321,0,321,0,1,,,,,,,,,,,,,,,,,,,,,,,,,,,,,,,,,,,,,,,,,,,,,,,,,,,,,,
,,,,,,,,,,,,,,,,,120,4,2024-09-06_13h38.38.181,Symbol-E,2020.1.3,Win32,Firefox,Mozilla/5.0 (Windows NT 10.0; Win64; x64; rv:129.0) Gecko/20100101 Firefox/129.0,60,,,,,,,,,,,,,,,,,,,,,,,,,,,,,,,,,,,,media/djnb.png,0,0,Symb,a,CR,0,0,0,0,8,1,155,0,1,0,99,a,0.033,0,1,,,,,,,,,,,,,,,,,,,,,,,,,,,,,,,,,,,,,,,,,,,,,,,,,,a,1,0.033,322,0,322,0,1,,,,,,,,,,,,,,,,,,,,,,,,,,,,,,,,,,,,,,,,,,,,,,,,,,,,,,
,,,,,,,,,,,,,,,,,120,4,2024-09-06_13h38.38.181,Symbol-E,2020.1.3,Win32,Firefox,Mozilla/5.0 (Windows NT 10.0; Win64; x64; rv:129.0) Gecko/20100101 Firefox/129.0,60,,,,,,,,,,,,,,,,,,,,,,,,,,,,,,,,,,,,media/ddnb.png,7,3,Symb,l,CR,0,0,0,0,8,0,156,0,1,0,99,l,0.636,7,1,,,,,,,,,,,,,,,,,,,,,,,,,,,,,,,,,,,,,,,,,,,,,,,,,,l,1,0.636,323,0,323,0,1,,,,,,,,,,,,,,,,,,,,,,,,,,,,,,,,,,,,,,,,,,,,,,,,,,,,,,
,,,,,,,,,,,,,,,,,120,4,2024-09-06_13h38.38.181,Symbol-E,2020.1.3,Win32,Firefox,Mozilla/5.0 (Windows NT 10.0; Win64; x64; rv:129.0) Gecko/20100101 Firefox/129.0,60,,,,,,,,,,,,,,,,,,,,,,,,,,,,,,,,,,,,media/dfnb.png,3,3,Symb,f,CR,0,0,0,0,8,0,157,0,1,0,99,f,0.618,3,1,,,,,,,,,,,,,,,,,,,,,,,,,,,,,,,,,,,,,,,,,,,,,,,,,,f,1,0.618,324,0,324,0,1,,,,,,,,,,,,,,,,,,,,,,,,,,,,,,,,,,,,,,,,,,,,,,,,,,,,,,
,,,,,,,,,,,,,,,,,120,4,2024-09-06_13h38.38.181,Symbol-E,2020.1.3,Win32,Firefox,Mozilla/5.0 (Windows NT 10.0; Win64; x64; rv:129.0) Gecko/20100101 Firefox/129.0,60,,,,,,,,,,,,,,,,,,,,,,,,,,,,,,,,,,,,media/dinb.png,6,2,Symb,i,CR,0,0,0,0,8,0,158,0,1,0,99,i,0.54,6,1,,,,,,,,,,,,,,,,,,,,,,,,,,,,,,,,,,,,,,,,,,,,,,,,,,i,1,0.54,325,0,325,0,1,,,,,,,,,,,,,,,,,,,,,,,,,,,,,,,,,,,,,,,,,,,,,,,,,,,,,,
,,,,,,,,,,,,,,,,,120,4,2024-09-06_13h38.38.181,Symbol-E,2020.1.3,Win32,Firefox,Mozilla/5.0 (Windows NT 10.0; Win64; x64; rv:129.0) Gecko/20100101 Firefox/129.0,60,,,,,,,,,,,,,,,,,,,,,,,,,,,,,,,,,,,,media/dcnb.png,4,0,Symb,h,CR,0,0,0,0,8,0,159,0,1,0,99,h,0.85,4,1,,,,,,,,,,,,,,,,,,,,,,,,,,,,,,,,,,,,,,,,,,,,,,,,,,h,1,0.85,326,0,326,0,1,,,,,,,,,,,,,,,,,,,,,,,,,,,,,,,,,,,,,,,,,,,,,,,,,,,,,,
,,,,,,,,,,,,,,,,,120,4,2024-09-06_13h38.38.181,Symbol-E,2020.1.3,Win32,Firefox,Mozilla/5.0 (Windows NT 10.0; Win64; x64; rv:129.0) Gecko/20100101 Firefox/129.0,60,,,,,,,,,,,,,,,,,,,,,,,,,,,,,,,,,,,,media/dinb.png,6,2,Symb,i,CR,0,0,0,0,8,0,160,0,1,0,99,i,0.586,6,1,,,,,,,,,,,,,,,,,,,,,,,,,,,,,,,,,,,,,,,,,,,,,,,,,,i,1,0.586,327,0,327,0,1,,,,,,,,,,,,,,,,,,,,,,,,,,,,,,,,,,,,,,,,,,,,,,,,,,,,,,
,,,,,,,,,,,,,,,,,120,4,2024-09-06_13h38.38.181,Symbol-E,2020.1.3,Win32,Firefox,Mozilla/5.0 (Windows NT 10.0; Win64; x64; rv:129.0) Gecko/20100101 Firefox/129.0,60,,,,,,,,,,,,,,,,,,,,,,,,,,,,,,,,,,,,media/dnnb.png,2,2,Symb,e,CR,0,0,0,0,8,0,161,0,1,0,99,u,2.766,5,0,,,,,,,,,,,,,,,,,,,,,,,,,,,,,,,,,,,,,,,,,,,,,,,,,,u,0,2.766,328,0,328,0,1,,,,,,,,,,,,,,,,,,,,,,,,,,,,,,,,,,,,,,,,,,,,,,,,,,,,,,
,,,,,,,,,,,,,,,,,120,4,2024-09-06_13h38.38.181,Symbol-E,2020.1.3,Win32,Firefox,Mozilla/5.0 (Windows NT 10.0; Win64; x64; rv:129.0) Gecko/20100101 Firefox/129.0,60,,,,,,,,,,,,,,,,,,,,,,,,,,,,,,,,,,,,media/dnnb.png,2,2,Symb,e,CR,0,0,0,0,8,1,161,0,1,0,99,e,0.186,2,1,,,,,,,,,,,,,,,,,,,,,,,,,,,,,,,,,,,,,,,,,,,,,,,,,,e,1,0.186,329,0,329,0,1,,,,,,,,,,,,,,,,,,,,,,,,,,,,,,,,,,,,,,,,,,,,,,,,,,,,,,
,,,,,,,,,,,,,,,,,120,4,2024-09-06_13h38.38.181,Symbol-E,2020.1.3,Win32,Firefox,Mozilla/5.0 (Windows NT 10.0; Win64; x64; rv:129.0) Gecko/20100101 Firefox/129.0,60,,,,,,,,,,,,,,,,,,,,,,,,,,,,,,,,,,,,media/dcnb.png,4,0,Symb,h,CR,0,0,0,0,8,0,162,0,1,0,99,h,0.897,4,1,,,,,,,,,,,,,,,,,,,,,,,,,,,,,,,,,,,,,,,,,,,,,,,,,,h,1,0.897,330,0,330,0,1,,,,,,,,,,,,,,,,,,,,,,,,,,,,,,,,,,,,,,,,,,,,,,,,,,,,,,
,,,,,,,,,,,,,,,,,120,4,2024-09-06_13h38.38.181,Symbol-E,2020.1.3,Win32,Firefox,Mozilla/5.0 (Windows NT 10.0; Win64; x64; rv:129.0) Gecko/20100101 Firefox/129.0,60,,,,,,,,,,,,,,,,,,,,,,,,,,,,,,,,,,,,media/ddnb.png,7,3,Symb,l,CR,0,0,0,0,8,0,163,0,1,0,99,l,0.597,7,1,,,,,,,,,,,,,,,,,,,,,,,,,,,,,,,,,,,,,,,,,,,,,,,,,,l,1,0.597,331,0,331,0,1,,,,,,,,,,,,,,,,,,,,,,,,,,,,,,,,,,,,,,,,,,,,,,,,,,,,,,
,,,,,,,,,,,,,,,,,120,4,2024-09-06_13h38.38.181,Symbol-E,2020.1.3,Win32,Firefox,Mozilla/5.0 (Windows NT 10.0; Win64; x64; rv:129.0) Gecko/20100101 Firefox/129.0,60,,,,,,,,,,,,,,,,,,,,,,,,,,,,,,,,,,,,media/djnb.png,0,0,Symb,a,CR,0,0,0,0,8,0,164,0,1,0,99,a,0.943,0,1,,,,,,,,,,,,,,,,,,,,,,,,,,,,,,,,,,,,,,,,,,,,,,,,,,a,1,0.943,332,0,332,0,1,,,,,,,,,,,,,,,,,,,,,,,,,,,,,,,,,,,,,,,,,,,,,,,,,,,,,,
,,,,,,,,,,,,,,,,,120,4,2024-09-06_13h38.38.181,Symbol-E,2020.1.3,Win32,Firefox,Mozilla/5.0 (Windows NT 10.0; Win64; x64; rv:129.0) Gecko/20100101 Firefox/129.0,60,,,,,,,,,,,,,,,,,,,,,,,,,,,,,,,,,,,,media/ddnb.png,7,3,Symb,l,CR,0,0,0,0,8,0,165,0,1,0,99,l,0.651,7,1,,,,,,,,,,,,,,,,,,,,,,,,,,,,,,,,,,,,,,,,,,,,,,,,,,l,1,0.651,333,0,333,0,1,,,,,,,,,,,,,,,,,,,,,,,,,,,,,,,,,,,,,,,,,,,,,,,,,,,,,,
,,,,,,,,,,,,,,,,,120,4,2024-09-06_13h38.38.181,Symbol-E,2020.1.3,Win32,Firefox,Mozilla/5.0 (Windows NT 10.0; Win64; x64; rv:129.0) Gecko/20100101 Firefox/129.0,60,,,,,,,,,,,,,,,,,,,,,,,,,,,,,,,,,,,,media/djnb.png,0,0,Symb,a,CR,0,0,0,0,8,0,166,0,1,0,99,a,0.869,0,1,,,,,,,,,,,,,,,,,,,,,,,,,,,,,,,,,,,,,,,,,,,,,,,,,,a,1,0.869,334,0,334,0,1,,,,,,,,,,,,,,,,,,,,,,,,,,,,,,,,,,,,,,,,,,,,,,,,,,,,,,
,,,,,,,,,,,,,,,,,120,4,2024-09-06_13h38.38.181,Symbol-E,2020.1.3,Win32,Firefox,Mozilla/5.0 (Windows NT 10.0; Win64; x64; rv:129.0) Gecko/20100101 Firefox/129.0,60,,,,,,,,,,,,,,,,,,,,,,,,,,,,,,,,,,,,media/dmnb.png,5,1,Symb,u,CR,0,0,0,0,8,0,167,0,1,0,99,u,0.796,5,1,,,,,,,,,,,,,,,,,,,,,,,,,,,,,,,,,,,,,,,,,,,,,,,,,,u,1,0.796,335,0,335,0,1,,,,,,,,,,,,,,,,,,,,,,,,,,,,,,,,,,,,,,,,,,,,,,,,,,,,,,
,,,,,,,,,,,,,,,,,120,4,2024-09-06_13h38.38.181,Symbol-E,2020.1.3,Win32,Firefox,Mozilla/5.0 (Windows NT 10.0; Win64; x64; rv:129.0) Gecko/20100101 Firefox/129.0,60,,,,,,,,,,,,,,,,,,,,,,,,,,,,,,,,,,,,media/dnnb.png,2,2,Symb,e,CR,0,0,0,0,8,0,168,0,1,0,99,e,0.953,2,1,,,,,,,,,,,,,,,,,,,,,,,,,,,,,,,,,,,,,,,,,,,,,,,,,,e,1,0.953,336,0,336,0,1,,,,,,,,,,,,,,,,,,,,,,,,,,,,,,,,,,,,,,,,,,,,,,,,,,,,,,
,,,,,,,,,,,,,,,,,120,4,2024-09-06_13h38.38.181,Symbol-E,2020.1.3,Win32,Firefox,Mozilla/5.0 (Windows NT 10.0; Win64; x64; rv:129.0) Gecko/20100101 Firefox/129.0,60,,,,,,,,,,,,,,,,,,,,,,,,,,,,,,,,,,,,media/dfnb.png,3,3,Symb,f,CR,0,0,0,0,8,0,169,0,1,0,99,f,1.998,3,1,,,,,,,,,,,,,,,,,,,,,,,,,,,,,,,,,,,,,,,,,,,,,,,,,,f,1,1.998,337,0,337,0,1,,,,,,,,,,,,,,,,,,,,,,,,,,,,,,,,,,,,,,,,,,,,,,,,,,,,,,
,,,,,,,,,,,,,,,,,120,4,2024-09-06_13h38.38.181,Symbol-E,2020.1.3,Win32,Firefox,Mozilla/5.0 (Windows NT 10.0; Win64; x64; rv:129.0) Gecko/20100101 Firefox/129.0,60,,,,,,,,,,,,,,,,,,,,,,,,,,,,,,,,,,,,media/dgnb.png,1,1,Symb,w,CR,0,0,0,0,8,0,170,0,1,0,99,i,1.201,6,0,,,,,,,,,,,,,,,,,,,,,,,,,,,,,,,,,,,,,,,,,,,,,,,,,,i,0,1.201,338,0,338,0,1,,,,,,,,,,,,,,,,,,,,,,,,,,,,,,,,,,,,,,,,,,,,,,,,,,,,,,
,,,,,,,,,,,,,,,,,120,4,2024-09-06_13h38.38.181,Symbol-E,2020.1.3,Win32,Firefox,Mozilla/5.0 (Windows NT 10.0; Win64; x64; rv:129.0) Gecko/20100101 Firefox/129.0,60,,,,,,,,,,,,,,,,,,,,,,,,,,,,,,,,,,,,media/dgnb.png,1,1,Symb,w,CR,0,0,0,0,8,1,170,0,1,0,99,w,0.116,1,1,,,,,,,,,,,,,,,,,,,,,,,,,,,,,,,,,,,,,,,,,,,,,,,,,,w,1,0.116,339,0,339,0,1,,,,,,,,,,,,,,,,,,,,,,,,,,,,,,,,,,,,,,,,,,,,,,,,,,,,,,
,,,,,,,,,,,,,,,,,120,4,2024-09-06_13h38.38.181,Symbol-E,2020.1.3,Win32,Firefox,Mozilla/5.0 (Windows NT 10.0; Win64; x64; rv:129.0) Gecko/20100101 Firefox/129.0,60,,,,,,,,,,,,,,,,,,,,,,,,,,,,,,,,,,,,media/dcnb.png,4,0,Symb,h,CR,0,0,0,0,8,0,171,0,1,0,99,h,0.879,4,1,,,,,,,,,,,,,,,,,,,,,,,,,,,,,,,,,,,,,,,,,,,,,,,,,,h,1,0.879,340,0,340,0,1,,,,,,,,,,,,,,,,,,,,,,,,,,,,,,,,,,,,,,,,,,,,,,,,,,,,,,
,,,,,,,,,,,,,,,,,120,4,2024-09-06_13h38.38.181,Symbol-E,2020.1.3,Win32,Firefox,Mozilla/5.0 (Windows NT 10.0; Win64; x64; rv:129.0) Gecko/20100101 Firefox/129.0,60,,,,,,,,,,,,,,,,,,,,,,,,,,,,,,,,,,,,media/dmnb.png,5,1,Symb,u,CR,0,0,0,0,8,0,172,0,1,0,99,u,1.917,5,1,,,,,,,,,,,,,,,,,,,,,,,,,,,,,,,,,,,,,,,,,,,,,,,,,,u,1,1.917,341,0,341,0,1,,,,,,,,,,,,,,,,,,,,,,,,,,,,,,,,,,,,,,,,,,,,,,,,,,,,,,
,,,,,,,,,,,,,,,,,120,4,2024-09-06_13h38.38.181,Symbol-E,2020.1.3,Win32,Firefox,Mozilla/5.0 (Windows NT 10.0; Win64; x64; rv:129.0) Gecko/20100101 Firefox/129.0,60,,,,,,,,,,,,,,,,,,,,,,,,,,,,,,,,,,,,media/dgnb.png,1,1,Symb,w,CR,0,0,0,0,8,0,173,0,1,0,99,w,0.867,1,1,,,,,,,,,,,,,,,,,,,,,,,,,,,,,,,,,,,,,,,,,,,,,,,,,,w,1,0.867,342,0,342,0,1,,,,,,,,,,,,,,,,,,,,,,,,,,,,,,,,,,,,,,,,,,,,,,,,,,,,,,
,,,,,,,,,,,,,,,,,120,4,2024-09-06_13h38.38.181,Symbol-E,2020.1.3,Win32,Firefox,Mozilla/5.0 (Windows NT 10.0; Win64; x64; rv:129.0) Gecko/20100101 Firefox/129.0,60,,,,,,,,,,,,,,,,,,,,,,,,,,,,,,,,,,,,media/dinb.png,6,2,Symb,i,CR,0,0,0,0,8,0,174,0,1,0,99,i,0.867,6,1,,,,,,,,,,,,,,,,,,,,,,,,,,,,,,,,,,,,,,,,,,,,,,,,,,i,1,0.867,343,0,343,0,1,,,,,,,,,,,,,,,,,,,,,,,,,,,,,,,,,,,,,,,,,,,,,,,,,,,,,,
,,,,,,,,,,,,,,,,,120,4,2024-09-06_13h38.38.181,Symbol-E,2020.1.3,Win32,Firefox,Mozilla/5.0 (Windows NT 10.0; Win64; x64; rv:129.0) Gecko/20100101 Firefox/129.0,60,,,,,,,,,,,,,,,,,,,,,,,,,,,,,,,,,,,,media/dfnb.png,3,3,Symb,f,CR,0,0,0,0,8,0,175,0,1,0,99,f,1.077,3,1,,,,,,,,,,,,,,,,,,,,,,,,,,,,,,,,,,,,,,,,,,,,,,,,,,f,1,1.077,344,0,344,0,1,,,,,,,,,,,,,,,,,,,,,,,,,,,,,,,,,,,,,,,,,,,,,,,,,,,,,,
,,,,,,,,,,,,,,,,,120,4,2024-09-06_13h38.38.181,Symbol-E,2020.1.3,Win32,Firefox,Mozilla/5.0 (Windows NT 10.0; Win64; x64; rv:129.0) Gecko/20100101 Firefox/129.0,60,,,,,,,,,,,,,,,,,,,,,,,,,,,,,,,,,,,,media/ddnb.png,7,3,Symb,l,CR,0,0,0,0,8,0,176,0,1,0,99,l,0.637,7,1,,,,,,,,,,,,,,,,,,,,,,,,,,,,,,,,,,,,,,,,,,,,,,,,,,l,1,0.637,345,0,345,0,1,,,,,,,,,,,,,,,,,,,,,,,,,,,,,,,,,,,,,,,,,,,,,,,,,,,,,,
,,,,,,,,,,,,,,,,,120,4,2024-09-06_13h38.38.181,Symbol-E,2020.1.3,Win32,Firefox,Mozilla/5.0 (Windows NT 10.0; Win64; x64; rv:129.0) Gecko/20100101 Firefox/129.0,60,,,,,,,,,,,,,,,,,,,,,,,,,,,,,,,,,,,,media/dnnb.png,2,2,Symb,e,CR,0,0,0,0,8,0,177,0,1,0,99,u,1.234,5,0,,,,,,,,,,,,,,,,,,,,,,,,,,,,,,,,,,,,,,,,,,,,,,,,,,u,0,1.234,346,0,346,0,1,,,,,,,,,,,,,,,,,,,,,,,,,,,,,,,,,,,,,,,,,,,,,,,,,,,,,,
,,,,,,,,,,,,,,,,,120,4,2024-09-06_13h38.38.181,Symbol-E,2020.1.3,Win32,Firefox,Mozilla/5.0 (Windows NT 10.0; Win64; x64; rv:129.0) Gecko/20100101 Firefox/129.0,60,,,,,,,,,,,,,,,,,,,,,,,,,,,,,,,,,,,,media/dnnb.png,2,2,Symb,e,CR,0,0,0,0,8,1,177,0,1,0,99,e,0.257,2,1,,,,,,,,,,,,,,,,,,,,,,,,,,,,,,,,,,,,,,,,,,,,,,,,,,e,1,0.257,347,0,347,0,1,,,,,,,,,,,,,,,,,,,,,,,,,,,,,,,,,,,,,,,,,,,,,,,,,,,,,,
,,,,,,,,,,,,,,,,,120,4,2024-09-06_13h38.38.181,Symbol-E,2020.1.3,Win32,Firefox,Mozilla/5.0 (Windows NT 10.0; Win64; x64; rv:129.0) Gecko/20100101 Firefox/129.0,60,,,,,,,,,,,,,,,,,,,,,,,,,,,,,,,,,,,,media/dnnb.png,2,2,Symb,e,CR,0,0,0,0,8,0,178,0,1,0,99,e,0.576,2,1,,,,,,,,,,,,,,,,,,,,,,,,,,,,,,,,,,,,,,,,,,,,,,,,,,e,1,0.576,348,0,348,0,1,,,,,,,,,,,,,,,,,,,,,,,,,,,,,,,,,,,,,,,,,,,,,,,,,,,,,,
,,,,,,,,,,,,,,,,,120,4,2024-09-06_13h38.38.181,Symbol-E,2020.1.3,Win32,Firefox,Mozilla/5.0 (Windows NT 10.0; Win64; x64; rv:129.0) Gecko/20100101 Firefox/129.0,60,,,,,,,,,,,,,,,,,,,,,,,,,,,,,,,,,,,,media/dmnb.png,5,1,Symb,u,CR,0,0,0,0,8,0,179,0,1,0,99,u,1.468,5,1,,,,,,,,,,,,,,,,,,,,,,,,,,,,,,,,,,,,,,,,,,,,,,,,,,u,1,1.468,349,0,349,0,1,,,,,,,,,,,,,,,,,,,,,,,,,,,,,,,,,,,,,,,,,,,,,,,,,,,,,,
,,,,,,,,,,,,,,,,,120,4,2024-09-06_13h38.38.181,Symbol-E,2020.1.3,Win32,Firefox,Mozilla/5.0 (Windows NT 10.0; Win64; x64; rv:129.0) Gecko/20100101 Firefox/129.0,60,,,,,,,,,,,,,,,,,,,,,,,,,,,,,,,,,,,,media/dgnb.png,1,1,Symb,w,CR,0,0,0,0,8,0,180,0,1,0,99,w,1.068,1,1,,,,,,,,,,,,,,,,,,,,,,,,,,,,,,,,,,,,,,,,,,,,,,,,,,w,1,1.068,350,0,350,0,1,,,,,,,,,,,,,,,,,,,,,,,,,,,,,,,,,,,,,,,,,,,,,,,,,,,,,,
,,,,,,,,,,,,,,,,,120,4,2024-09-06_13h38.38.181,Symbol-E,2020.1.3,Win32,Firefox,Mozilla/5.0 (Windows NT 10.0; Win64; x64; rv:129.0) Gecko/20100101 Firefox/129.0,60,,,,,,,,,,,,,,,,,,,,,,,,,,,,,,,,,,,,media/dfnb.png,3,3,Symb,f,CR,0,0,0,0,8,0,181,0,1,0,99,f,0.667,3,1,,,,,,,,,,,,,,,,,,,,,,,,,,,,,,,,,,,,,,,,,,,,,,,,,,f,1,0.667,351,0,351,0,1,,,,,,,,,,,,,,,,,,,,,,,,,,,,,,,,,,,,,,,,,,,,,,,,,,,,,,
,,,,,,,,,,,,,,,,,120,4,2024-09-06_13h38.38.181,Symbol-E,2020.1.3,Win32,Firefox,Mozilla/5.0 (Windows NT 10.0; Win64; x64; rv:129.0) Gecko/20100101 Firefox/129.0,60,,,,,,,,,,,,,,,,,,,,,,,,,,,,,,,,,,,,media/djnb.png,0,0,Symb,a,CR,0,0,0,0,8,0,182,0,1,0,99,a,3.414,0,1,,,,,,,,,,,,,,,,,,,,,,,,,,,,,,,,,,,,,,,,,,,,,,,,,,a,1,3.414,352,0,352,0,1,,,,,,,,,,,,,,,,,,,,,,,,,,,,,,,,,,,,,,,,,,,,,,,,,,,,,,
,,,,,,,,,,,,,,,,,120,4,2024-09-06_13h38.38.181,Symbol-E,2020.1.3,Win32,Firefox,Mozilla/5.0 (Windows NT 10.0; Win64; x64; rv:129.0) Gecko/20100101 Firefox/129.0,60,,,,,,,,,,,,,,,,,,,,,,,,,,,,,,,,,,,,media/dgnb.png,1,1,Symb,w,CR,0,0,0,0,8,0,183,0,1,0,99,w,0.748,1,1,,,,,,,,,,,,,,,,,,,,,,,,,,,,,,,,,,,,,,,,,,,,,,,,,,w,1,0.748,353,0,353,0,1,,,,,,,,,,,,,,,,,,,,,,,,,,,,,,,,,,,,,,,,,,,,,,,,,,,,,,
,,,,,,,,,,,,,,,,,120,4,2024-09-06_13h38.38.181,Symbol-E,2020.1.3,Win32,Firefox,Mozilla/5.0 (Windows NT 10.0; Win64; x64; rv:129.0) Gecko/20100101 Firefox/129.0,60,,,,,,,,,,,,,,,,,,,,,,,,,,,,,,,,,,,,media/dinb.png,6,2,Symb,i,CR,0,0,0,0,8,0,184,0,1,0,99,i,1.261,6,1,,,,,,,,,,,,,,,,,,,,,,,,,,,,,,,,,,,,,,,,,,,,,,,,,,i,1,1.261,354,0,354,0,1,,,,,,,,,,,,,,,,,,,,,,,,,,,,,,,,,,,,,,,,,,,,,,,,,,,,,,
,,,,,,,,,,,,,,,,,120,4,2024-09-06_13h38.38.181,Symbol-E,2020.1.3,Win32,Firefox,Mozilla/5.0 (Windows NT 10.0; Win64; x64; rv:129.0) Gecko/20100101 Firefox/129.0,60,,,,,,,,,,,,,,,,,,,,,,,,,,,,,,,,,,,,media/dcnb.png,4,0,Symb,h,CR,0,0,0,0,8,0,185,0,1,0,99,h,0.737,4,1,,,,,,,,,,,,,,,,,,,,,,,,,,,,,,,,,,,,,,,,,,,,,,,,,,h,1,0.737,355,0,355,0,1,,,,,,,,,,,,,,,,,,,,,,,,,,,,,,,,,,,,,,,,,,,,,,,,,,,,,,
,,,,,,,,,,,,,,,,,120,4,2024-09-06_13h38.38.181,Symbol-E,2020.1.3,Win32,Firefox,Mozilla/5.0 (Windows NT 10.0; Win64; x64; rv:129.0) Gecko/20100101 Firefox/129.0,60,,,,,,,,,,,,,,,,,,,,,,,,,,,,,,,,,,,,media/dfnb.png,3,3,Symb,f,CR,0,0,0,0,8,0,186,0,1,0,99,f,0.578,3,1,,,,,,,,,,,,,,,,,,,,,,,,,,,,,,,,,,,,,,,,,,,,,,,,,,f,1,0.578,356,0,356,0,1,,,,,,,,,,,,,,,,,,,,,,,,,,,,,,,,,,,,,,,,,,,,,,,,,,,,,,
,,,,,,,,,,,,,,,,,120,4,2024-09-06_13h38.38.181,Symbol-E,2020.1.3,Win32,Firefox,Mozilla/5.0 (Windows NT 10.0; Win64; x64; rv:129.0) Gecko/20100101 Firefox/129.0,60,,,,,,,,,,,,,,,,,,,,,,,,,,,,,,,,,,,,media/djnb.png,0,0,Symb,a,CR,0,0,0,0,8,0,187,0,1,0,99,a,3.05,0,1,,,,,,,,,,,,,,,,,,,,,,,,,,,,,,,,,,,,,,,,,,,,,,,,,,a,1,3.05,357,0,357,0,1,,,,,,,,,,,,,,,,,,,,,,,,,,,,,,,,,,,,,,,,,,,,,,,,,,,,,,
,,,,,,,,,,,,,,,,,120,4,2024-09-06_13h38.38.181,Symbol-E,2020.1.3,Win32,Firefox,Mozilla/5.0 (Windows NT 10.0; Win64; x64; rv:129.0) Gecko/20100101 Firefox/129.0,60,,,,,,,,,,,,,,,,,,,,,,,,,,,,,,,,,,,,media/ddnb.png,7,3,Symb,l,CR,0,0,0,0,8,0,188,0,1,0,99,l,0.615,7,1,,,,,,,,,,,,,,,,,,,,,,,,,,,,,,,,,,,,,,,,,,,,,,,,,,l,1,0.615,358,0,358,0,1,,,,,,,,,,,,,,,,,,,,,,,,,,,,,,,,,,,,,,,,,,,,,,,,,,,,,,
,,,,,,,,,,,,,,,,,120,4,2024-09-06_13h38.38.181,Symbol-E,2020.1.3,Win32,Firefox,Mozilla/5.0 (Windows NT 10.0; Win64; x64; rv:129.0) Gecko/20100101 Firefox/129.0,60,,,,,,,,,,,,,,,,,,,,,,,,,,,,,,,,,,,,media/dinb.png,6,2,Symb,i,CR,0,0,0,0,8,0,189,0,1,0,99,i,1.925,6,1,,,,,,,,,,,,,,,,,,,,,,,,,,,,,,,,,,,,,,,,,,,,,,,,,,i,1,1.925,359,0,359,0,1,,,,,,,,,,,,,,,,,,,,,,,,,,,,,,,,,,,,,,,,,,,,,,,,,,,,,,
,,,,,,,,,,,,,,,,,120,4,2024-09-06_13h38.38.181,Symbol-E,2020.1.3,Win32,Firefox,Mozilla/5.0 (Windows NT 10.0; Win64; x64; rv:129.0) Gecko/20100101 Firefox/129.0,60,,,,,,,,,,,,,,,,,,,,,,,,,,,,,,,,,,,,media/dcnb.png,4,0,Symb,h,CR,0,0,0,0,8,0,190,0,1,0,99,h,0.825,4,1,,,,,,,,,,,,,,,,,,,,,,,,,,,,,,,,,,,,,,,,,,,,,,,,,,h,1,0.825,360,0,360,0,1,,,,,,,,,,,,,,,,,,,,,,,,,,,,,,,,,,,,,,,,,,,,,,,,,,,,,,
,,,,,,,,,,,,,,,,,120,4,2024-09-06_13h38.38.181,Symbol-E,2020.1.3,Win32,Firefox,Mozilla/5.0 (Windows NT 10.0; Win64; x64; rv:129.0) Gecko/20100101 Firefox/129.0,60,,,,,,,,,,,,,,,,,,,,,,,,,,,,,,,,,,,,media/dmnb.png,5,1,Symb,u,CR,0,0,0,0,8,0,191,0,1,0,99,u,0.828,5,1,,,,,,,,,,,,,,,,,,,,,,,,,,,,,,,,,,,,,,,,,,,,,,,,,,u,1,0.828,361,0,361,0,1,,,,,,,,,,,,,,,,,,,,,,,,,,,,,,,,,,,,,,,,,,,,,,,,,,,,,,
,,,,,,,,,,,,,,,,,120,4,2024-09-06_13h38.38.181,Symbol-E,2020.1.3,Win32,Firefox,Mozilla/5.0 (Windows NT 10.0; Win64; x64; rv:129.0) Gecko/20100101 Firefox/129.0,60,,,,,,,,,,,,,,,,,,,,,,,,,,,,,,,,,,,,media/dmnb.png,5,1,Symb,u,CR,0,0,0,0,8,0,192,0,1,0,99,u,0.535,5,1,,,,,,,,,,,,,,,,,,,,,,,,,,,,,,,,,,,,,,,,,,,,,,,,,,u,1,0.535,362,0,362,0,1,,,,,,,,,,,,,,,,,,,,,,,,,,,,,,,,,,,,,,,,,,,,,,,,,,,,,,
,,,,,,,,,,,,,,,,,120,4,2024-09-06_13h38.38.181,Symbol-E,2020.1.3,Win32,Firefox,Mozilla/5.0 (Windows NT 10.0; Win64; x64; rv:129.0) Gecko/20100101 Firefox/129.0,60,,,,,,,,,,,,,,,,,,,,,,,,,,,,,,,,,,,,media/dinb.png,6,2,Symb,i,CR,0,0,0,0,8,0,193,0,1,0,99,i,1.205,6,1,,,,,,,,,,,,,,,,,,,,,,,,,,,,,,,,,,,,,,,,,,,,,,,,,,i,1,1.205,363,0,363,0,1,,,,,,,,,,,,,,,,,,,,,,,,,,,,,,,,,,,,,,,,,,,,,,,,,,,,,,
,,,,,,,,,,,,,,,,,120,4,2024-09-06_13h38.38.181,Symbol-E,2020.1.3,Win32,Firefox,Mozilla/5.0 (Windows NT 10.0; Win64; x64; rv:129.0) Gecko/20100101 Firefox/129.0,60,,,,,,,,,,,,,,,,,,,,,,,,,,,,,,,,,,,,media/dnnb.png,2,2,Symb,e,CR,0,0,0,0,8,0,194,0,1,0,99,e,0.625,2,1,,,,,,,,,,,,,,,,,,,,,,,,,,,,,,,,,,,,,,,,,,,,,,,,,,e,1,0.625,364,0,364,0,1,,,,,,,,,,,,,,,,,,,,,,,,,,,,,,,,,,,,,,,,,,,,,,,,,,,,,,
,,,,,,,,,,,,,,,,,120,4,2024-09-06_13h38.38.181,Symbol-E,2020.1.3,Win32,Firefox,Mozilla/5.0 (Windows NT 10.0; Win64; x64; rv:129.0) Gecko/20100101 Firefox/129.0,60,,,,,,,,,,,,,,,,,,,,,,,,,,,,,,,,,,,,media/dfnb.png,3,3,Symb,f,CR,0,0,0,0,8,0,195,0,1,0,99,f,0.94,3,1,,,,,,,,,,,,,,,,,,,,,,,,,,,,,,,,,,,,,,,,,,,,,,,,,,f,1,0.94,365,0,365,0,1,,,,,,,,,,,,,,,,,,,,,,,,,,,,,,,,,,,,,,,,,,,,,,,,,,,,,,
,,,,,,,,,,,,,,,,,120,4,2024-09-06_13h38.38.181,Symbol-E,2020.1.3,Win32,Firefox,Mozilla/5.0 (Windows NT 10.0; Win64; x64; rv:129.0) Gecko/20100101 Firefox/129.0,60,,,,,,,,,,,,,,,,,,,,,,,,,,,,,,,,,,,,media/djnb.png,0,0,Symb,a,CR,0,0,0,0,8,0,196,0,1,0,99,a,1.376,0,1,,,,,,,,,,,,,,,,,,,,,,,,,,,,,,,,,,,,,,,,,,,,,,,,,,a,1,1.376,366,0,366,0,1,,,,,,,,,,,,,,,,,,,,,,,,,,,,,,,,,,,,,,,,,,,,,,,,,,,,,,
,,,,,,,,,,,,,,,,,120,4,2024-09-06_13h38.38.181,Symbol-E,2020.1.3,Win32,Firefox,Mozilla/5.0 (Windows NT 10.0; Win64; x64; rv:129.0) Gecko/20100101 Firefox/129.0,60,,,,,,,,,,,,,,,,,,,,,,,,,,,,,,,,,,,,media/dcnb.png,4,0,Symb,h,CR,0,0,0,0,8,0,197,0,1,0,99,h,0.525,4,1,,,,,,,,,,,,,,,,,,,,,,,,,,,,,,,,,,,,,,,,,,,,,,,,,,h,1,0.525,367,0,367,0,1,,,,,,,,,,,,,,,,,,,,,,,,,,,,,,,,,,,,,,,,,,,,,,,,,,,,,,
,,,,,,,,,,,,,,,,,120,4,2024-09-06_13h38.38.181,Symbol-E,2020.1.3,Win32,Firefox,Mozilla/5.0 (Windows NT 10.0; Win64; x64; rv:129.0) Gecko/20100101 Firefox/129.0,60,,,,,,,,,,,,,,,,,,,,,,,,,,,,,,,,,,,,media/dgnb.png,1,1,Symb,w,CR,0,0,0,0,8,0,198,0,1,0,99,w,0.812,1,1,,,,,,,,,,,,,,,,,,,,,,,,,,,,,,,,,,,,,,,,,,,,,,,,,,w,1,0.812,368,0,368,0,1,,,,,,,,,,,,,,,,,,,,,,,,,,,,,,,,,,,,,,,,,,,,,,,,,,,,,,
,,,,,,,,,,,,,,,,,120,4,2024-09-06_13h38.38.181,Symbol-E,2020.1.3,Win32,Firefox,Mozilla/5.0 (Windows NT 10.0; Win64; x64; rv:129.0) Gecko/20100101 Firefox/129.0,60,,,,,,,,,,,,,,,,,,,,,,,,,,,,,,,,,,,,media/ddnb.png,7,3,Symb,l,CR,0,0,0,0,8,0,199,0,1,0,99,l,0.872,7,1,,,,,,,,,,,,,,,,,,,,,,,,,,,,,,,,,,,,,,,,,,,,,,,,,,l,1,0.872,369,0,369,0,1,,,,,,,,,,,,,,,,,,,,,,,,,,,,,,,,,,,,,,,,,,,,,,,,,,,,,,
,,,,,,,,,,,,,,,,,120,4,2024-09-06_13h38.38.181,Symbol-E,2020.1.3,Win32,Firefox,Mozilla/5.0 (Windows NT 10.0; Win64; x64; rv:129.0) Gecko/20100101 Firefox/129.0,60,,,,,,,,,,,,,,,,,,,,,,,,,,,,,,,,,,,,media/dcnb.png,4,0,Symb,h,CR,0,0,0,0,8,0,200,0,1,0,99,h,1.037,4,1,,,,,,,,,,,,,,,,,,,,,,,,,,,,,,,,,,,,,,,,,,,,,,,,,,h,1,1.037,370,0,370,0,1,,,,,,,,,,,,,,,,,,,,,,,,,,,,,,,,,,,,,,,,,,,,,,,,,,,,,,
,,,,,,,,,,,,,,,,,120,4,2024-09-06_13h38.38.181,Symbol-E,2020.1.3,Win32,Firefox,Mozilla/5.0 (Windows NT 10.0; Win64; x64; rv:129.0) Gecko/20100101 Firefox/129.0,60,,,,,,,,,,,,,,,,,,,,,,,,,,,,,,,,,,,,media/djnb.png,0,0,Symb,a,CR,0,0,0,0,8,0,201,0,1,0,99,a,0.883,0,1,,,,,,,,,,,,,,,,,,,,,,,,,,,,,,,,,,,,,,,,,,,,,,,,,,a,1,0.883,371,0,371,0,1,,,,,,,,,,,,,,,,,,,,,,,,,,,,,,,,,,,,,,,,,,,,,,,,,,,,,,
,,,,,,,,,,,,,,,,,120,4,2024-09-06_13h38.38.181,Symbol-E,2020.1.3,Win32,Firefox,Mozilla/5.0 (Windows NT 10.0; Win64; x64; rv:129.0) Gecko/20100101 Firefox/129.0,60,,,,,,,,,,,,,,,,,,,,,,,,,,,,,,,,,,,,media/dnnb.png,2,2,Symb,e,CR,0,0,0,0,8,0,202,0,1,0,99,e,1.317,2,1,,,,,,,,,,,,,,,,,,,,,,,,,,,,,,,,,,,,,,,,,,,,,,,,,,e,1,1.317,372,0,372,0,1,,,,,,,,,,,,,,,,,,,,,,,,,,,,,,,,,,,,,,,,,,,,,,,,,,,,,,
,,,,,,,,,,,,,,,,,120,4,2024-09-06_13h38.38.181,Symbol-E,2020.1.3,Win32,Firefox,Mozilla/5.0 (Windows NT 10.0; Win64; x64; rv:129.0) Gecko/20100101 Firefox/129.0,60,,,,,,,,,,,,,,,,,,,,,,,,,,,,,,,,,,,,media/dmnb.png,5,1,Symb,u,CR,0,0,0,0,8,0,203,0,1,0,99,u,0.661,5,1,,,,,,,,,,,,,,,,,,,,,,,,,,,,,,,,,,,,,,,,,,,,,,,,,,u,1,0.661,373,0,373,0,1,,,,,,,,,,,,,,,,,,,,,,,,,,,,,,,,,,,,,,,,,,,,,,,,,,,,,,
,,,,,,,,,,,,,,,,,120,4,2024-09-06_13h38.38.181,Symbol-E,2020.1.3,Win32,Firefox,Mozilla/5.0 (Windows NT 10.0; Win64; x64; rv:129.0) Gecko/20100101 Firefox/129.0,60,,,,,,,,,,,,,,,,,,,,,,,,,,,,,,,,,,,,media/dinb.png,6,2,Symb,i,CR,0,0,0,0,8,0,204,0,1,0,99,i,0.484,6,1,,,,,,,,,,,,,,,,,,,,,,,,,,,,,,,,,,,,,,,,,,,,,,,,,,i,1,0.484,374,0,374,0,1,,,,,,,,,,,,,,,,,,,,,,,,,,,,,,,,,,,,,,,,,,,,,,,,,,,,,,
,,,,,,,,,,,,,,,,,120,4,2024-09-06_13h38.38.181,Symbol-E,2020.1.3,Win32,Firefox,Mozilla/5.0 (Windows NT 10.0; Win64; x64; rv:129.0) Gecko/20100101 Firefox/129.0,60,,,,,,,,,,,,,,,,,,,,,,,,,,,,,,,,,,,,media/dfnb.png,3,3,Symb,f,CR,0,0,0,0,8,0,205,0,1,0,99,f,0.822,3,1,,,,,,,,,,,,,,,,,,,,,,,,,,,,,,,,,,,,,,,,,,,,,,,,,,f,1,0.822,375,0,375,0,1,,,,,,,,,,,,,,,,,,,,,,,,,,,,,,,,,,,,,,,,,,,,,,,,,,,,,,
,,,,,,,,,,,,,,,,,120,4,2024-09-06_13h38.38.181,Symbol-E,2020.1.3,Win32,Firefox,Mozilla/5.0 (Windows NT 10.0; Win64; x64; rv:129.0) Gecko/20100101 Firefox/129.0,60,,,,,,,,,,,,,,,,,,,,,,,,,,,,,,,,,,,,media/dgnb.png,1,1,Symb,w,CR,0,0,0,0,8,0,206,0,1,0,99,w,1.858,1,1,,,,,,,,,,,,,,,,,,,,,,,,,,,,,,,,,,,,,,,,,,,,,,,,,,w,1,1.858,376,0,376,0,1,,,,,,,,,,,,,,,,,,,,,,,,,,,,,,,,,,,,,,,,,,,,,,,,,,,,,,
,,,,,,,,,,,,,,,,,120,4,2024-09-06_13h38.38.181,Symbol-E,2020.1.3,Win32,Firefox,Mozilla/5.0 (Windows NT 10.0; Win64; x64; rv:129.0) Gecko/20100101 Firefox/129.0,60,,,,,,,,,,,,,,,,,,,,,,,,,,,,,,,,,,,,media/ddnb.png,7,3,Symb,l,CR,0,0,0,0,8,0,207,0,1,0,99,l,0.651,7,1,,,,,,,,,,,,,,,,,,,,,,,,,,,,,,,,,,,,,,,,,,,,,,,,,,l,1,0.651,377,0,377,0,1,,,,,,,,,,,,,,,,,,,,,,,,,,,,,,,,,,,,,,,,,,,,,,,,,,,,,,
,,,,,,,,,,,,,,,,,120,4,2024-09-06_13h38.38.181,Symbol-E,2020.1.3,Win32,Firefox,Mozilla/5.0 (Windows NT 10.0; Win64; x64; rv:129.0) Gecko/20100101 Firefox/129.0,60,,,,,,,,,,,,,,,,,,,,,,,,,,,,,,,,,,,,media/ddnb.png,7,3,Symb,l,CR,0,0,0,0,8,0,208,0,1,0,99,l,0.529,7,1,,,,,,,,,,,,,,,,,,,,,,,,,,,,,,,,,,,,,,,,,,,,,,,,,,l,1,0.529,378,0,378,0,1,,,,,,,,,,,,,,,,,,,,,,,,,,,,,,,,,,,,,,,,,,,,,,,,,,,,,,
,,,,,,,,,,,,,,,,,120,4,2024-09-06_13h38.38.181,Symbol-E,2020.1.3,Win32,Firefox,Mozilla/5.0 (Windows NT 10.0; Win64; x64; rv:129.0) Gecko/20100101 Firefox/129.0,60,,,,,,,,,,,,,,,,,,,,,,,,,,,,,,,,,,,,media/dcnb.png,4,0,Symb,h,CR,0,0,0,0,8,0,209,0,1,0,99,h,0.897,4,1,,,,,,,,,,,,,,,,,,,,,,,,,,,,,,,,,,,,,,,,,,,,,,,,,,h,1,0.897,379,0,379,0,1,,,,,,,,,,,,,,,,,,,,,,,,,,,,,,,,,,,,,,,,,,,,,,,,,,,,,,
,,,,,,,,,,,,,,,,,120,4,2024-09-06_13h38.38.181,Symbol-E,2020.1.3,Win32,Firefox,Mozilla/5.0 (Windows NT 10.0; Win64; x64; rv:129.0) Gecko/20100101 Firefox/129.0,60,,,,,,,,,,,,,,,,,,,,,,,,,,,,,,,,,,,,media/dnnb.png,2,2,Symb,e,CR,0,0,0,0,8,0,210,0,1,0,99,e,0.653,2,1,,,,,,,,,,,,,,,,,,,,,,,,,,,,,,,,,,,,,,,,,,,,,,,,,,e,1,0.653,380,0,380,0,1,,,,,,,,,,,,,,,,,,,,,,,,,,,,,,,,,,,,,,,,,,,,,,,,,,,,,,
,,,,,,,,,,,,,,,,,120,4,2024-09-06_13h38.38.181,Symbol-E,2020.1.3,Win32,Firefox,Mozilla/5.0 (Windows NT 10.0; Win64; x64; rv:129.0) Gecko/20100101 Firefox/129.0,60,,,,,,,,,,,,,,,,,,,,,,,,,,,,,,,,,,,,media/dgnb.png,1,1,Symb,w,CR,0,0,0,0,8,0,211,0,1,0,99,w,0.742,1,1,,,,,,,,,,,,,,,,,,,,,,,,,,,,,,,,,,,,,,,,,,,,,,,,,,w,1,0.742,381,0,381,0,1,,,,,,,,,,,,,,,,,,,,,,,,,,,,,,,,,,,,,,,,,,,,,,,,,,,,,,
,,,,,,,,,,,,,,,,,120,4,2024-09-06_13h38.38.181,Symbol-E,2020.1.3,Win32,Firefox,Mozilla/5.0 (Windows NT 10.0; Win64; x64; rv:129.0) Gecko/20100101 Firefox/129.0,60,,,,,,,,,,,,,,,,,,,,,,,,,,,,,,,,,,,,media/dmnb.png,5,1,Symb,u,CR,0,0,0,0,8,0,212,0,1,0,99,f,1.141,3,0,,,,,,,,,,,,,,,,,,,,,,,,,,,,,,,,,,,,,,,,,,,,,,,,,,f,0,1.141,382,0,382,0,1,,,,,,,,,,,,,,,,,,,,,,,,,,,,,,,,,,,,,,,,,,,,,,,,,,,,,,
,,,,,,,,,,,,,,,,,120,4,2024-09-06_13h38.38.181,Symbol-E,2020.1.3,Win32,Firefox,Mozilla/5.0 (Windows NT 10.0; Win64; x64; rv:129.0) Gecko/20100101 Firefox/129.0,60,,,,,,,,,,,,,,,,,,,,,,,,,,,,,,,,,,,,media/dmnb.png,5,1,Symb,u,CR,0,0,0,0,8,1,212,0,1,0,99,u,0.206,5,1,,,,,,,,,,,,,,,,,,,,,,,,,,,,,,,,,,,,,,,,,,,,,,,,,,u,1,0.206,383,0,383,0,1,,,,,,,,,,,,,,,,,,,,,,,,,,,,,,,,,,,,,,,,,,,,,,,,,,,,,,
,,,,,,,,,,,,,,,,,120,4,2024-09-06_13h38.38.181,Symbol-E,2020.1.3,Win32,Firefox,Mozilla/5.0 (Windows NT 10.0; Win64; x64; rv:129.0) Gecko/20100101 Firefox/129.0,60,,,,,,,,,,,,,,,,,,,,,,,,,,,,,,,,,,,,media/dinb.png,6,2,Symb,i,CR,0,0,0,0,8,0,213,0,1,0,99,i,0.607,6,1,,,,,,,,,,,,,,,,,,,,,,,,,,,,,,,,,,,,,,,,,,,,,,,,,,i,1,0.607,384,0,384,0,1,,,,,,,,,,,,,,,,,,,,,,,,,,,,,,,,,,,,,,,,,,,,,,,,,,,,,,
,,,,,,,,,,,,,,,,,120,4,2024-09-06_13h38.38.181,Symbol-E,2020.1.3,Win32,Firefox,Mozilla/5.0 (Windows NT 10.0; Win64; x64; rv:129.0) Gecko/20100101 Firefox/129.0,60,,,,,,,,,,,,,,,,,,,,,,,,,,,,,,,,,,,,media/dfnb.png,3,3,Symb,f,CR,0,0,0,0,8,0,214,0,1,0,99,f,0.359,3,1,,,,,,,,,,,,,,,,,,,,,,,,,,,,,,,,,,,,,,,,,,,,,,,,,,f,1,0.359,385,0,385,0,1,,,,,,,,,,,,,,,,,,,,,,,,,,,,,,,,,,,,,,,,,,,,,,,,,,,,,,
,,,,,,,,,,,,,,,,,120,4,2024-09-06_13h38.38.181,Symbol-E,2020.1.3,Win32,Firefox,Mozilla/5.0 (Windows NT 10.0; Win64; x64; rv:129.0) Gecko/20100101 Firefox/129.0,60,,,,,,,,,,,,,,,,,,,,,,,,,,,,,,,,,,,,media/djnb.png,0,0,Symb,a,CR,0,0,0,0,8,0,215,0,1,0,99,a,0.642,0,1,,,,,,,,,,,,,,,,,,,,,,,,,,,,,,,,,,,,,,,,,,,,,,,,,,a,1,0.642,386,0,386,0,1,,,,,,,,,,,,,,,,,,,,,,,,,,,,,,,,,,,,,,,,,,,,,,,,,,,,,,
,,,,,,,,,,,,,,,,,120,4,2024-09-06_13h38.38.181,Symbol-E,2020.1.3,Win32,Firefox,Mozilla/5.0 (Windows NT 10.0; Win64; x64; rv:129.0) Gecko/20100101 Firefox/129.0,60,,,,,,,,,,,,,,,,,,,,,,,,,,,,,,,,,,,,media/djnb.png,0,0,Symb,a,CR,0,0,0,0,8,0,216,0,1,0,99,a,0.406,0,1,,,,,,,,,,,,,,,,,,,,,,,,,,,,,,,,,,,,,,,,,,,,,,,,,,a,1,0.406,387,0,387,0,1,,,,,,,,,,,,,,,,,,,,,,,,,,,,,,,,,,,,,,,,,,,,,,,,,,,,,,
,,,,,,,,,,,,,,,,,120,4,2024-09-06_13h38.38.181,Symbol-E,2020.1.3,Win32,Firefox,Mozilla/5.0 (Windows NT 10.0; Win64; x64; rv:129.0) Gecko/20100101 Firefox/129.0,60,,,,,,,,,,,,,,,,,,,,,,,,,,,,,,,,,,,,media/dmnb.png,5,1,Symb,u,CR,0,0,0,0,8,0,217,0,1,0,99,u,0.778,5,1,,,,,,,,,,,,,,,,,,,,,,,,,,,,,,,,,,,,,,,,,,,,,,,,,,u,1,0.778,388,0,388,0,1,,,,,,,,,,,,,,,,,,,,,,,,,,,,,,,,,,,,,,,,,,,,,,,,,,,,,,
,,,,,,,,,,,,,,,,,120,4,2024-09-06_13h38.38.181,Symbol-E,2020.1.3,Win32,Firefox,Mozilla/5.0 (Windows NT 10.0; Win64; x64; rv:129.0) Gecko/20100101 Firefox/129.0,60,,,,,,,,,,,,,,,,,,,,,,,,,,,,,,,,,,,,media/djnb.png,0,0,Symb,a,CR,0,0,0,0,8,0,218,0,1,0,99,a,3.236,0,1,,,,,,,,,,,,,,,,,,,,,,,,,,,,,,,,,,,,,,,,,,,,,,,,,,a,1,3.236,389,0,389,0,1,,,,,,,,,,,,,,,,,,,,,,,,,,,,,,,,,,,,,,,,,,,,,,,,,,,,,,
,,,,,,,,,,,,,,,,,120,4,2024-09-06_13h38.38.181,Symbol-E,2020.1.3,Win32,Firefox,Mozilla/5.0 (Windows NT 10.0; Win64; x64; rv:129.0) Gecko/20100101 Firefox/129.0,60,,,,,,,,,,,,,,,,,,,,,,,,,,,,,,,,,,,,media/dfnb.png,3,3,Symb,f,CR,0,0,0,0,8,0,219,0,1,0,99,f,0.568,3,1,,,,,,,,,,,,,,,,,,,,,,,,,,,,,,,,,,,,,,,,,,,,,,,,,,f,1,0.568,390,0,390,0,1,,,,,,,,,,,,,,,,,,,,,,,,,,,,,,,,,,,,,,,,,,,,,,,,,,,,,,
,,,,,,,,,,,,,,,,,120,4,2024-09-06_13h38.38.181,Symbol-E,2020.1.3,Win32,Firefox,Mozilla/5.0 (Windows NT 10.0; Win64; x64; rv:129.0) Gecko/20100101 Firefox/129.0,60,,,,,,,,,,,,,,,,,,,,,,,,,,,,,,,,,,,,media/dinb.png,6,2,Symb,i,CR,0,0,0,0,8,0,220,0,1,0,99,i,1.202,6,1,,,,,,,,,,,,,,,,,,,,,,,,,,,,,,,,,,,,,,,,,,,,,,,,,,i,1,1.202,391,0,391,0,1,,,,,,,,,,,,,,,,,,,,,,,,,,,,,,,,,,,,,,,,,,,,,,,,,,,,,,
,,,,,,,,,,,,,,,,,120,4,2024-09-06_13h38.38.181,Symbol-E,2020.1.3,Win32,Firefox,Mozilla/5.0 (Windows NT 10.0; Win64; x64; rv:129.0) Gecko/20100101 Firefox/129.0,60,,,,,,,,,,,,,,,,,,,,,,,,,,,,,,,,,,,,media/dfnb.png,3,3,Symb,f,CR,0,0,0,0,8,0,221,0,1,0,99,f,0.538,3,1,,,,,,,,,,,,,,,,,,,,,,,,,,,,,,,,,,,,,,,,,,,,,,,,,,f,1,0.538,392,0,392,0,1,,,,,,,,,,,,,,,,,,,,,,,,,,,,,,,,,,,,,,,,,,,,,,,,,,,,,,
,,,,,,,,,,,,,,,,,120,4,2024-09-06_13h38.38.181,Symbol-E,2020.1.3,Win32,Firefox,Mozilla/5.0 (Windows NT 10.0; Win64; x64; rv:129.0) Gecko/20100101 Firefox/129.0,60,,,,,,,,,,,,,,,,,,,,,,,,,,,,,,,,,,,,media/dinb.png,6,2,Symb,i,CR,0,0,0,0,8,0,222,0,1,0,99,i,0.516,6,1,,,,,,,,,,,,,,,,,,,,,,,,,,,,,,,,,,,,,,,,,,,,,,,,,,i,1,0.516,393,0,393,0,1,,,,,,,,,,,,,,,,,,,,,,,,,,,,,,,,,,,,,,,,,,,,,,,,,,,,,,
,,,,,,,,,,,,,,,,,120,4,2024-09-06_13h38.38.181,Symbol-E,2020.1.3,Win32,Firefox,Mozilla/5.0 (Windows NT 10.0; Win64; x64; rv:129.0) Gecko/20100101 Firefox/129.0,60,,,,,,,,,,,,,,,,,,,,,,,,,,,,,,,,,,,,media/dcnb.png,4,0,Symb,h,CR,0,0,0,0,8,0,223,0,1,0,99,h,1.193,4,1,,,,,,,,,,,,,,,,,,,,,,,,,,,,,,,,,,,,,,,,,,,,,,,,,,h,1,1.193,394,0,394,0,1,,,,,,,,,,,,,,,,,,,,,,,,,,,,,,,,,,,,,,,,,,,,,,,,,,,,,,
,,,,,,,,,,,,,,,,,120,4,2024-09-06_13h38.38.181,Symbol-E,2020.1.3,Win32,Firefox,Mozilla/5.0 (Windows NT 10.0; Win64; x64; rv:129.0) Gecko/20100101 Firefox/129.0,60,,,,,,,,,,,,,,,,,,,,,,,,,,,,,,,,,,,,media/ddnb.png,7,3,Symb,l,CR,0,0,0,0,8,0,224,0,1,0,99,l,0.688,7,1,,,,,,,,,,,,,,,,,,,,,,,,,,,,,,,,,,,,,,,,,,,,,,,,,,l,1,0.688,395,0,395,0,1,,,,,,,,,,,,,,,,,,,,,,,,,,,,,,,,,,,,,,,,,,,,,,,,,,,,,,
,,,,,,,,,,,,,,,,,120,4,2024-09-06_13h38.38.181,Symbol-E,2020.1.3,Win32,Firefox,Mozilla/5.0 (Windows NT 10.0; Win64; x64; rv:129.0) Gecko/20100101 Firefox/129.0,60,,,,,,,,,,,,,,,,,,,,,,,,,,,,,,,,,,,,media/dmnb.png,5,1,Symb,u,CR,0,0,0,0,8,0,225,0,1,0,99,u,0.868,5,1,,,,,,,,,,,,,,,,,,,,,,,,,,,,,,,,,,,,,,,,,,,,,,,,,,u,1,0.868,396,0,396,0,1,,,,,,,,,,,,,,,,,,,,,,,,,,,,,,,,,,,,,,,,,,,,,,,,,,,,,,
,,,,,,,,,,,,,,,,,120,4,2024-09-06_13h38.38.181,Symbol-E,2020.1.3,Win32,Firefox,Mozilla/5.0 (Windows NT 10.0; Win64; x64; rv:129.0) Gecko/20100101 Firefox/129.0,60,,,,,,,,,,,,,,,,,,,,,,,,,,,,,,,,,,,,media/ddnb.png,7,3,Symb,l,CR,0,0,0,0,8,0,226,0,1,0,99,l,1.776,7,1,,,,,,,,,,,,,,,,,,,,,,,,,,,,,,,,,,,,,,,,,,,,,,,,,,l,1,1.776,397,0,397,0,1,,,,,,,,,,,,,,,,,,,,,,,,,,,,,,,,,,,,,,,,,,,,,,,,,,,,,,
,,,,,,,,,,,,,,,,,120,4,2024-09-06_13h38.38.181,Symbol-E,2020.1.3,Win32,Firefox,Mozilla/5.0 (Windows NT 10.0; Win64; x64; rv:129.0) Gecko/20100101 Firefox/129.0,60,,,,,,,,,,,,,,,,,,,,,,,,,,,,,,,,,,,,media/dcnb.png,4,0,Symb,h,CR,0,0,0,0,8,0,227,0,1,0,99,h,1.4,4,1,,,,,,,,,,,,,,,,,,,,,,,,,,,,,,,,,,,,,,,,,,,,,,,,,,h,1,1.4,398,0,398,0,1,,,,,,,,,,,,,,,,,,,,,,,,,,,,,,,,,,,,,,,,,,,,,,,,,,,,,,
,,,,,,,,,,,,,,,,,120,4,2024-09-06_13h38.38.181,Symbol-E,2020.1.3,Win32,Firefox,Mozilla/5.0 (Windows NT 10.0; Win64; x64; rv:129.0) Gecko/20100101 Firefox/129.0,60,,,,,,,,,,,,,,,,,,,,,,,,,,,,,,,,,,,,media/dgnb.png,1,1,Symb,w,CR,0,0,0,0,8,0,228,0,1,0,99,w,0.663,1,1,,,,,,,,,,,,,,,,,,,,,,,,,,,,,,,,,,,,,,,,,,,,,,,,,,w,1,0.663,399,0,399,0,1,,,,,,,,,,,,,,,,,,,,,,,,,,,,,,,,,,,,,,,,,,,,,,,,,,,,,,
,,,,,,,,,,,,,,,,,120,4,2024-09-06_13h38.38.181,Symbol-E,2020.1.3,Win32,Firefox,Mozilla/5.0 (Windows NT 10.0; Win64; x64; rv:129.0) Gecko/20100101 Firefox/129.0,60,,,,,,,,,,,,,,,,,,,,,,,,,,,,,,,,,,,,media/dgnb.png,1,1,Symb,w,CR,0,0,0,0,8,0,229,0,1,0,99,w,0.601,1,1,,,,,,,,,,,,,,,,,,,,,,,,,,,,,,,,,,,,,,,,,,,,,,,,,,w,1,0.601,400,0,400,0,1,,,,,,,,,,,,,,,,,,,,,,,,,,,,,,,,,,,,,,,,,,,,,,,,,,,,,,
,,,,,,,,,,,,,,,,,120,4,2024-09-06_13h38.38.181,Symbol-E,2020.1.3,Win32,Firefox,Mozilla/5.0 (Windows NT 10.0; Win64; x64; rv:129.0) Gecko/20100101 Firefox/129.0,60,,,,,,,,,,,,,,,,,,,,,,,,,,,,,,,,,,,,media/dnnb.png,2,2,Symb,e,CR,0,0,0,0,8,0,230,0,1,0,99,e,0.631,2,1,,,,,,,,,,,,,,,,,,,,,,,,,,,,,,,,,,,,,,,,,,,,,,,,,,e,1,0.631,401,0,401,0,1,,,,,,,,,,,,,,,,,,,,,,,,,,,,,,,,,,,,,,,,,,,,,,,,,,,,,,
,,,,,,,,,,,,,,,,,120,4,2024-09-06_13h38.38.181,Symbol-E,2020.1.3,Win32,Firefox,Mozilla/5.0 (Windows NT 10.0; Win64; x64; rv:129.0) Gecko/20100101 Firefox/129.0,60,,,,,,,,,,,,,,,,,,,,,,,,,,,,,,,,,,,,,,,,,,,,,,,,,,,,,,,,,,,,,,,,,,,,,,,,,,,,,,,,,,,,,,,,,,,,,,,,,,,,,,,,,,,,,,,,,,0,0,0,0,1,,,,,,,,,,,,,,,,,,,,,,,,,,,,,,,,,,,,,,,,,,,,,,,,,
,,,,,,,,,,,,,,,,,120,4,2024-09-06_13h38.38.181,Symbol-E,2020.1.3,Win32,Firefox,Mozilla/5.0 (Windows NT 10.0; Win64; x64; rv:129.0) Gecko/20100101 Firefox/129.0,60,,,,,,,,,,,,,,,,,,,,,,,,,,,,,,,,,,,,media/dnnb.png,2,2,Symb,e,CR,0,0,1,0,8,0,0,0,1,0,99,w,1.319,1,0,,,,,,,,,,,,,,,,,,,,,,,,,,,,,,,,,,,,,,,,,,,,,,,,,,w,0,1.319,,,,,,,,,,,h,14.836,0,0,0,0,1,,,,,,,,,,,,,,,,,,,,,,,,,,,,,,,,,,,,,,,,,,
,,,,,,,,,,,,,,,,,120,4,2024-09-06_13h38.38.181,Symbol-E,2020.1.3,Win32,Firefox,Mozilla/5.0 (Windows NT 10.0; Win64; x64; rv:129.0) Gecko/20100101 Firefox/129.0,60,,,,,,,,,,,,,,,,,,,,,,,,,,,,,,,,,,,,media/dnnb.png,2,2,Symb,e,CR,0,0,1,0,8,1,0,0,1,0,99,i,0.439,6,0,,,,,,,,,,,,,,,,,,,,,,,,,,,,,,,,,,,,,,,,,,,,,,,,,,i,0,0.439,,,,,,,,,,,,,1,0,1,0,1,,,,,,,,,,,,,,,,,,,,,,,,,,,,,,,,,,,,,,,,,,
,,,,,,,,,,,,,,,,,120,4,2024-09-06_13h38.38.181,Symbol-E,2020.1.3,Win32,Firefox,Mozilla/5.0 (Windows NT 10.0; Win64; x64; rv:129.0) Gecko/20100101 Firefox/129.0,60,,,,,,,,,,,,,,,,,,,,,,,,,,,,,,,,,,,,media/dnnb.png,2,2,Symb,e,CR,0,0,1,0,8,2,0,0,1,0,99,h,0.256,4,0,,,,,,,,,,,,,,,,,,,,,,,,,,,,,,,,,,,,,,,,,,,,,,,,,,h,0,0.256,,,,,,,,,,,,,2,0,2,0,1,,,,,,,,,,,,,,,,,,,,,,,,,,,,,,,,,,,,,,,,,,
,,,,,,,,,,,,,,,,,120,4,2024-09-06_13h38.38.181,Symbol-E,2020.1.3,Win32,Firefox,Mozilla/5.0 (Windows NT 10.0; Win64; x64; rv:129.0) Gecko/20100101 Firefox/129.0,60,,,,,,,,,,,,,,,,,,,,,,,,,,,,,,,,,,,,media/dnnb.png,2,2,Symb,e,CR,0,0,1,0,8,3,0,0,1,0,99,u,0.146,5,0,,,,,,,,,,,,,,,,,,,,,,,,,,,,,,,,,,,,,,,,,,,,,,,,,,u,0,0.146,,,,,,,,,,,,,3,0,3,0,1,,,,,,,,,,,,,,,,,,,,,,,,,,,,,,,,,,,,,,,,,,
,,,,,,,,,,,,,,,,,120,4,2024-09-06_13h38.38.181,Symbol-E,2020.1.3,Win32,Firefox,Mozilla/5.0 (Windows NT 10.0; Win64; x64; rv:129.0) Gecko/20100101 Firefox/129.0,60,,,,,,,,,,,,,,,,,,,,,,,,,,,,,,,,,,,,media/dnnb.png,2,2,Symb,e,CR,0,0,1,0,8,4,0,0,1,0,99,a,0.952,0,0,,,,,,,,,,,,,,,,,,,,,,,,,,,,,,,,,,,,,,,,,,,,,,,,,,a,0,0.952,,,,,,,,,,,,,4,0,4,0,1,,,,,,,,,,,,,,,,,,,,,,,,,,,,,,,,,,,,,,,,,,
,,,,,,,,,,,,,,,,,120,4,2024-09-06_13h38.38.181,Symbol-E,2020.1.3,Win32,Firefox,Mozilla/5.0 (Windows NT 10.0; Win64; x64; rv:129.0) Gecko/20100101 Firefox/129.0,60,,,,,,,,,,,,,,,,,,,,,,,,,,,,,,,,,,,,media/dnnb.png,2,2,Symb,e,CR,0,0,1,0,8,5,0,0,1,0,99,l,0.128,7,0,,,,,,,,,,,,,,,,,,,,,,,,,,,,,,,,,,,,,,,,,,,,,,,,,,l,0,0.128,,,,,,,,,,,,,5,0,5,0,1,,,,,,,,,,,,,,,,,,,,,,,,,,,,,,,,,,,,,,,,,,
,,,,,,,,,,,,,,,,,120,4,2024-09-06_13h38.38.181,Symbol-E,2020.1.3,Win32,Firefox,Mozilla/5.0 (Windows NT 10.0; Win64; x64; rv:129.0) Gecko/20100101 Firefox/129.0,60,,,,,,,,,,,,,,,,,,,,,,,,,,,,,,,,,,,,media/dnnb.png,2,2,Symb,e,CR,0,0,1,0,8,6,0,0,1,0,99,w,0.147,1,0,,,,,,,,,,,,,,,,,,,,,,,,,,,,,,,,,,,,,,,,,,,,,,,,,,w,0,0.147,,,,,,,,,,,,,6,0,6,0,1,,,,,,,,,,,,,,,,,,,,,,,,,,,,,,,,,,,,,,,,,,
,,,,,,,,,,,,,,,,,120,4,2024-09-06_13h38.38.181,Symbol-E,2020.1.3,Win32,Firefox,Mozilla/5.0 (Windows NT 10.0; Win64; x64; rv:129.0) Gecko/20100101 Firefox/129.0,60,,,,,,,,,,,,,,,,,,,,,,,,,,,,,,,,,,,,media/dnnb.png,2,2,Symb,e,CR,0,0,1,0,8,7,0,0,1,0,99,h,0.133,4,0,,,,,,,,,,,,,,,,,,,,,,,,,,,,,,,,,,,,,,,,,,,,,,,,,,h,0,0.133,,,,,,,,,,,,,7,0,7,0,1,,,,,,,,,,,,,,,,,,,,,,,,,,,,,,,,,,,,,,,,,,
,,,,,,,,,,,,,,,,,120,4,2024-09-06_13h38.38.181,Symbol-E,2020.1.3,Win32,Firefox,Mozilla/5.0 (Windows NT 10.0; Win64; x64; rv:129.0) Gecko/20100101 Firefox/129.0,60,,,,,,,,,,,,,,,,,,,,,,,,,,,,,,,,,,,,media/dnnb.png,2,2,Symb,e,CR,0,0,1,0,8,8,0,0,1,0,99,i,0.45,6,0,,,,,,,,,,,,,,,,,,,,,,,,,,,,,,,,,,,,,,,,,,,,,,,,,,i,0,0.45,,,,,,,,,,,,,8,0,8,0,1,,,,,,,,,,,,,,,,,,,,,,,,,,,,,,,,,,,,,,,,,,
,,,,,,,,,,,,,,,,,120,4,2024-09-06_13h38.38.181,Symbol-E,2020.1.3,Win32,Firefox,Mozilla/5.0 (Windows NT 10.0; Win64; x64; rv:129.0) Gecko/20100101 Firefox/129.0,60,,,,,,,,,,,,,,,,,,,,,,,,,,,,,,,,,,,,media/dnnb.png,2,2,Symb,e,CR,0,0,1,0,8,9,0,0,1,0,99,h,0.408,4,0,,,,,,,,,,,,,,,,,,,,,,,,,,,,,,,,,,,,,,,,,,,,,,,,,,h,0,0.408,,,,,,,,,,,,,9,0,9,0,1,,,,,,,,,,,,,,,,,,,,,,,,,,,,,,,,,,,,,,,,,,
,,,,,,,,,,,,,,,,,120,4,2024-09-06_13h38.38.181,Symbol-E,2020.1.3,Win32,Firefox,Mozilla/5.0 (Windows NT 10.0; Win64; x64; rv:129.0) Gecko/20100101 Firefox/129.0,60,,,,,,,,,,,,,,,,,,,,,,,,,,,,,,,,,,,,media/dnnb.png,2,2,Symb,e,CR,0,0,1,0,8,10,0,0,1,0,99,u,0.109,5,0,,,,,,,,,,,,,,,,,,,,,,,,,,,,,,,,,,,,,,,,,,,,,,,,,,u,0,0.109,,,,,,,,,,,,,10,0,10,0,1,,,,,,,,,,,,,,,,,,,,,,,,,,,,,,,,,,,,,,,,,,
,,,,,,,,,,,,,,,,,120,4,2024-09-06_13h38.38.181,Symbol-E,2020.1.3,Win32,Firefox,Mozilla/5.0 (Windows NT 10.0; Win64; x64; rv:129.0) Gecko/20100101 Firefox/129.0,60,,,,,,,,,,,,,,,,,,,,,,,,,,,,,,,,,,,,media/dnnb.png,2,2,Symb,e,CR,0,0,1,0,8,11,0,0,1,0,99,i,0.056,6,0,,,,,,,,,,,,,,,,,,,,,,,,,,,,,,,,,,,,,,,,,,,,,,,,,,i,0,0.056,,,,,,,,,,,,,11,0,11,0,1,,,,,,,,,,,,,,,,,,,,,,,,,,,,,,,,,,,,,,,,,,
,,,,,,,,,,,,,,,,,120,4,2024-09-06_13h38.38.181,Symbol-E,2020.1.3,Win32,Firefox,Mozilla/5.0 (Windows NT 10.0; Win64; x64; rv:129.0) Gecko/20100101 Firefox/129.0,60,,,,,,,,,,,,,,,,,,,,,,,,,,,,,,,,,,,,media/dnnb.png,2,2,Symb,e,CR,0,0,1,0,8,12,0,0,1,0,99,l,0.049,7,0,,,,,,,,,,,,,,,,,,,,,,,,,,,,,,,,,,,,,,,,,,,,,,,,,,l,0,0.049,,,,,,,,,,,,,12,0,12,0,1,,,,,,,,,,,,,,,,,,,,,,,,,,,,,,,,,,,,,,,,,,
,,,,,,,,,,,,,,,,,120,4,2024-09-06_13h38.38.181,Symbol-E,2020.1.3,Win32,Firefox,Mozilla/5.0 (Windows NT 10.0; Win64; x64; rv:129.0) Gecko/20100101 Firefox/129.0,60,,,,,,,,,,,,,,,,,,,,,,,,,,,,,,,,,,,,media/dnnb.png,2,2,Symb,e,CR,0,0,1,0,8,13,0,0,1,0,99,a,0.577,0,0,,,,,,,,,,,,,,,,,,,,,,,,,,,,,,,,,,,,,,,,,,,,,,,,,,a,0,0.577,,,,,,,,,,,,,13,0,13,0,1,,,,,,,,,,,,,,,,,,,,,,,,,,,,,,,,,,,,,,,,,,
,,,,,,,,,,,,,,,,,120,4,2024-09-06_13h38.38.181,Symbol-E,2020.1.3,Win32,Firefox,Mozilla/5.0 (Windows NT 10.0; Win64; x64; rv:129.0) Gecko/20100101 Firefox/129.0,60,,,,,,,,,,,,,,,,,,,,,,,,,,,,,,,,,,,,media/dnnb.png,2,2,Symb,e,CR,0,0,1,0,8,14,0,0,1,0,99,f,0.444,3,0,,,,,,,,,,,,,,,,,,,,,,,,,,,,,,,,,,,,,,,,,,,,,,,,,,f,0,0.444,,,,,,,,,,,,,14,0,14,0,1,,,,,,,,,,,,,,,,,,,,,,,,,,,,,,,,,,,,,,,,,,
,,,,,,,,,,,,,,,,,120,4,2024-09-06_13h38.38.181,Symbol-E,2020.1.3,Win32,Firefox,Mozilla/5.0 (Windows NT 10.0; Win64; x64; rv:129.0) Gecko/20100101 Firefox/129.0,60,,,,,,,,,,,,,,,,,,,,,,,,,,,,,,,,,,,,media/dnnb.png,2,2,Symb,e,CR,0,0,1,0,8,15,0,0,1,0,99,e,0.063,2,1,,,,,,,,,,,,,,,,,,,,,,,,,,,,,,,,,,,,,,,,,,,,,,,,,,e,1,0.063,,,,,,,,,,,,,15,0,15,0,1,,,,,,,,,,,,,,,,,,,,,,,,,,,,,,,,,,,,,,,,,,
,,,,,,,,,,,,,,,,,120,4,2024-09-06_13h38.38.181,Symbol-E,2020.1.3,Win32,Firefox,Mozilla/5.0 (Windows NT 10.0; Win64; x64; rv:129.0) Gecko/20100101 Firefox/129.0,60,,,,,,,,,,,,,,,,,,,,,,,,,,,,,,,,,,,,media/dnnb.png,2,2,Symb,e,CR,0,0,1,0,8,0,1,0,1,0,99,e,0.612,2,1,,,,,,,,,,,,,,,,,,,,,,,,,,,,,,,,,,,,,,,,,,,,,,,,,,e,1,0.612,,,,,,,,,,,,,16,0,16,0,1,,,,,,,,,,,,,,,,,,,,,,,,,,,,,,,,,,,,,,,,,,
,,,,,,,,,,,,,,,,,120,4,2024-09-06_13h38.38.181,Symbol-E,2020.1.3,Win32,Firefox,Mozilla/5.0 (Windows NT 10.0; Win64; x64; rv:129.0) Gecko/20100101 Firefox/129.0,60,,,,,,,,,,,,,,,,,,,,,,,,,,,,,,,,,,,,media/djnb.png,0,0,Symb,a,CR,0,0,1,0,8,0,2,0,1,0,99,w,1.341,1,0,,,,,,,,,,,,,,,,,,,,,,,,,,,,,,,,,,,,,,,,,,,,,,,,,,w,0,1.341,,,,,,,,,,,,,17,0,17,0,1,,,,,,,,,,,,,,,,,,,,,,,,,,,,,,,,,,,,,,,,,,
,,,,,,,,,,,,,,,,,120,4,2024-09-06_13h38.38.181,Symbol-E,2020.1.3,Win32,Firefox,Mozilla/5.0 (Windows NT 10.0; Win64; x64; rv:129.0) Gecko/20100101 Firefox/129.0,60,,,,,,,,,,,,,,,,,,,,,,,,,,,,,,,,,,,,media/djnb.png,0,0,Symb,a,CR,0,0,1,0,8,1,2,0,1,0,99,i,0.27,6,0,,,,,,,,,,,,,,,,,,,,,,,,,,,,,,,,,,,,,,,,,,,,,,,,,,i,0,0.27,,,,,,,,,,,,,18,0,18,0,1,,,,,,,,,,,,,,,,,,,,,,,,,,,,,,,,,,,,,,,,,,
,,,,,,,,,,,,,,,,,120,4,2024-09-06_13h38.38.181,Symbol-E,2020.1.3,Win32,Firefox,Mozilla/5.0 (Windows NT 10.0; Win64; x64; rv:129.0) Gecko/20100101 Firefox/129.0,60,,,,,,,,,,,,,,,,,,,,,,,,,,,,,,,,,,,,media/djnb.png,0,0,Symb,a,CR,0,0,1,0,8,2,2,0,1,0,99,u,0.008,5,0,,,,,,,,,,,,,,,,,,,,,,,,,,,,,,,,,,,,,,,,,,,,,,,,,,u,0,0.008,,,,,,,,,,,,,19,0,19,0,1,,,,,,,,,,,,,,,,,,,,,,,,,,,,,,,,,,,,,,,,,,
,,,,,,,,,,,,,,,,,120,4,2024-09-06_13h38.38.181,Symbol-E,2020.1.3,Win32,Firefox,Mozilla/5.0 (Windows NT 10.0; Win64; x64; rv:129.0) Gecko/20100101 Firefox/129.0,60,,,,,,,,,,,,,,,,,,,,,,,,,,,,,,,,,,,,media/djnb.png,0,0,Symb,a,CR,0,0,1,0,8,3,2,0,1,0,99,h,0.213,4,0,,,,,,,,,,,,,,,,,,,,,,,,,,,,,,,,,,,,,,,,,,,,,,,,,,h,0,0.213,,,,,,,,,,,,,20,0,20,0,1,,,,,,,,,,,,,,,,,,,,,,,,,,,,,,,,,,,,,,,,,,
,,,,,,,,,,,,,,,,,120,4,2024-09-06_13h38.38.181,Symbol-E,2020.1.3,Win32,Firefox,Mozilla/5.0 (Windows NT 10.0; Win64; x64; rv:129.0) Gecko/20100101 Firefox/129.0,60,,,,,,,,,,,,,,,,,,,,,,,,,,,,,,,,,,,,media/djnb.png,0,0,Symb,a,CR,0,0,1,0,8,4,2,0,1,0,99,a,0.109,0,1,,,,,,,,,,,,,,,,,,,,,,,,,,,,,,,,,,,,,,,,,,,,,,,,,,a,1,0.109,,,,,,,,,,,,,21,0,21,0,1,,,,,,,,,,,,,,,,,,,,,,,,,,,,,,,,,,,,,,,,,,
,,,,,,,,,,,,,,,,,120,4,2024-09-06_13h38.38.181,Symbol-E,2020.1.3,Win32,Firefox,Mozilla/5.0 (Windows NT 10.0; Win64; x64; rv:129.0) Gecko/20100101 Firefox/129.0,60,,,,,,,,,,,,,,,,,,,,,,,,,,,,,,,,,,,,media/dgnb.png,3,3,Symb,f,CR,0,0,1,0,8,0,3,0,1,0,99,i,2.527,6,0,,,,,,,,,,,,,,,,,,,,,,,,,,,,,,,,,,,,,,,,,,,,,,,,,,i,0,2.527,,,,,,,,,,,,,22,0,22,0,1,,,,,,,,,,,,,,,,,,,,,,,,,,,,,,,,,,,,,,,,,,
,,,,,,,,,,,,,,,,,120,4,2024-09-06_13h38.38.181,Symbol-E,2020.1.3,Win32,Firefox,Mozilla/5.0 (Windows NT 10.0; Win64; x64; rv:129.0) Gecko/20100101 Firefox/129.0,60,,,,,,,,,,,,,,,,,,,,,,,,,,,,,,,,,,,,media/dgnb.png,3,3,Symb,f,CR,0,0,1,0,8,1,3,0,1,0,99,w,0.07,1,0,,,,,,,,,,,,,,,,,,,,,,,,,,,,,,,,,,,,,,,,,,,,,,,,,,w,0,0.07,,,,,,,,,,,,,23,0,23,0,1,,,,,,,,,,,,,,,,,,,,,,,,,,,,,,,,,,,,,,,,,,
,,,,,,,,,,,,,,,,,120,4,2024-09-06_13h38.38.181,Symbol-E,2020.1.3,Win32,Firefox,Mozilla/5.0 (Windows NT 10.0; Win64; x64; rv:129.0) Gecko/20100101 Firefox/129.0,60,,,,,,,,,,,,,,,,,,,,,,,,,,,,,,,,,,,,media/dgnb.png,3,3,Symb,f,CR,0,0,1,0,8,2,3,0,1,0,99,f,0.001,3,1,,,,,,,,,,,,,,,,,,,,,,,,,,,,,,,,,,,,,,,,,,,,,,,,,,f,1,0.001,,,,,,,,,,,,,24,0,24,0,1,,,,,,,,,,,,,,,,,,,,,,,,,,,,,,,,,,,,,,,,,,
,,,,,,,,,,,,,,,,,120,4,2024-09-06_13h38.38.181,Symbol-E,2020.1.3,Win32,Firefox,Mozilla/5.0 (Windows NT 10.0; Win64; x64; rv:129.0) Gecko/20100101 Firefox/129.0,60,,,,,,,,,,,,,,,,,,,,,,,,,,,,,,,,,,,,media/dinb.png,6,2,Symb,i,CR,0,0,1,0,8,0,4,0,1,0,99,e,0.773,2,0,,,,,,,,,,,,,,,,,,,,,,,,,,,,,,,,,,,,,,,,,,,,,,,,,,e,0,0.773,,,,,,,,,,,,,25,0,25,0,1,,,,,,,,,,,,,,,,,,,,,,,,,,,,,,,,,,,,,,,,,,
,,,,,,,,,,,,,,,,,120,4,2024-09-06_13h38.38.181,Symbol-E,2020.1.3,Win32,Firefox,Mozilla/5.0 (Windows NT 10.0; Win64; x64; rv:129.0) Gecko/20100101 Firefox/129.0,60,,,,,,,,,,,,,,,,,,,,,,,,,,,,,,,,,,,,media/dinb.png,6,2,Symb,i,CR,0,0,1,0,8,1,4,0,1,0,99,i,1.611,6,1,,,,,,,,,,,,,,,,,,,,,,,,,,,,,,,,,,,,,,,,,,,,,,,,,,i,1,1.611,,,,,,,,,,,,,26,0,26,0,1,,,,,,,,,,,,,,,,,,,,,,,,,,,,,,,,,,,,,,,,,,
,,,,,,,,,,,,,,,,,120,4,2024-09-06_13h38.38.181,Symbol-E,2020.1.3,Win32,Firefox,Mozilla/5.0 (Windows NT 10.0; Win64; x64; rv:129.0) Gecko/20100101 Firefox/129.0,60,,,,,,,,,,,,,,,,,,,,,,,,,,,,,,,,,,,,media/dcnb.png,4,0,Symb,h,CR,0,0,1,0,8,0,5,0,1,0,99,f,1.266,3,0,,,,,,,,,,,,,,,,,,,,,,,,,,,,,,,,,,,,,,,,,,,,,,,,,,f,0,1.266,,,,,,,,,,,,,27,0,27,0,1,,,,,,,,,,,,,,,,,,,,,,,,,,,,,,,,,,,,,,,,,,
,,,,,,,,,,,,,,,,,120,4,2024-09-06_13h38.38.181,Symbol-E,2020.1.3,Win32,Firefox,Mozilla/5.0 (Windows NT 10.0; Win64; x64; rv:129.0) Gecko/20100101 Firefox/129.0,60,,,,,,,,,,,,,,,,,,,,,,,,,,,,,,,,,,,,media/dcnb.png,4,0,Symb,h,CR,0,0,1,0,8,1,5,0,1,0,99,w,0.7,1,0,,,,,,,,,,,,,,,,,,,,,,,,,,,,,,,,,,,,,,,,,,,,,,,,,,w,0,0.7,,,,,,,,,,,,,28,0,28,0,1,,,,,,,,,,,,,,,,,,,,,,,,,,,,,,,,,,,,,,,,,,
,,,,,,,,,,,,,,,,,120,4,2024-09-06_13h38.38.181,Symbol-E,2020.1.3,Win32,Firefox,Mozilla/5.0 (Windows NT 10.0; Win64; x64; rv:129.0) Gecko/20100101 Firefox/129.0,60,,,,,,,,,,,,,,,,,,,,,,,,,,,,,,,,,,,,media/dcnb.png,4,0,Symb,h,CR,0,0,1,0,8,2,5,0,1,0,99,f,0.176,3,0,,,,,,,,,,,,,,,,,,,,,,,,,,,,,,,,,,,,,,,,,,,,,,,,,,f,0,0.176,,,,,,,,,,,,,29,0,29,0,1,,,,,,,,,,,,,,,,,,,,,,,,,,,,,,,,,,,,,,,,,,
,,,,,,,,,,,,,,,,,120,4,2024-09-06_13h38.38.181,Symbol-E,2020.1.3,Win32,Firefox,Mozilla/5.0 (Windows NT 10.0; Win64; x64; rv:129.0) Gecko/20100101 Firefox/129.0,60,,,,,,,,,,,,,,,,,,,,,,,,,,,,,,,,,,,,media/dcnb.png,4,0,Symb,h,CR,0,0,1,0,8,3,5,0,1,0,99,h,0.188,4,1,,,,,,,,,,,,,,,,,,,,,,,,,,,,,,,,,,,,,,,,,,,,,,,,,,h,1,0.188,,,,,,,,,,,,,30,0,30,0,1,,,,,,,,,,,,,,,,,,,,,,,,,,,,,,,,,,,,,,,,,,
,,,,,,,,,,,,,,,,,120,4,2024-09-06_13h38.38.181,Symbol-E,2020.1.3,Win32,Firefox,Mozilla/5.0 (Windows NT 10.0; Win64; x64; rv:129.0) Gecko/20100101 Firefox/129.0,60,,,,,,,,,,,,,,,,,,,,,,,,,,,,,,,,,,,,media/dfnb.png,1,1,Symb,w,CR,0,0,1,0,8,0,6,0,1,0,99,l,1.246,7,0,,,,,,,,,,,,,,,,,,,,,,,,,,,,,,,,,,,,,,,,,,,,,,,,,,l,0,1.246,,,,,,,,,,,,,31,0,31,0,1,,,,,,,,,,,,,,,,,,,,,,,,,,,,,,,,,,,,,,,,,,
,,,,,,,,,,,,,,,,,120,4,2024-09-06_13h38.38.181,Symbol-E,2020.1.3,Win32,Firefox,Mozilla/5.0 (Windows NT 10.0; Win64; x64; rv:129.0) Gecko/20100101 Firefox/129.0,60,,,,,,,,,,,,,,,,,,,,,,,,,,,,,,,,,,,,media/dfnb.png,1,1,Symb,w,CR,0,0,1,0,8,1,6,0,1,0,99,l,0.315,7,0,,,,,,,,,,,,,,,,,,,,,,,,,,,,,,,,,,,,,,,,,,,,,,,,,,l,0,0.315,,,,,,,,,,,,,32,0,32,0,1,,,,,,,,,,,,,,,,,,,,,,,,,,,,,,,,,,,,,,,,,,
,,,,,,,,,,,,,,,,,120,4,2024-09-06_13h38.38.181,Symbol-E,2020.1.3,Win32,Firefox,Mozilla/5.0 (Windows NT 10.0; Win64; x64; rv:129.0) Gecko/20100101 Firefox/129.0,60,,,,,,,,,,,,,,,,,,,,,,,,,,,,,,,,,,,,media/dfnb.png,1,1,Symb,w,CR,0,0,1,0,8,2,6,0,1,0,99,l,0.439,7,0,,,,,,,,,,,,,,,,,,,,,,,,,,,,,,,,,,,,,,,,,,,,,,,,,,l,0,0.439,,,,,,,,,,,,,33,0,33,0,1,,,,,,,,,,,,,,,,,,,,,,,,,,,,,,,,,,,,,,,,,,
,,,,,,,,,,,,,,,,,120,4,2024-09-06_13h38.38.181,Symbol-E,2020.1.3,Win32,Firefox,Mozilla/5.0 (Windows NT 10.0; Win64; x64; rv:129.0) Gecko/20100101 Firefox/129.0,60,,,,,,,,,,,,,,,,,,,,,,,,,,,,,,,,,,,,media/dfnb.png,1,1,Symb,w,CR,0,0,1,0,8,3,6,0,1,0,99,a,0.156,0,0,,,,,,,,,,,,,,,,,,,,,,,,,,,,,,,,,,,,,,,,,,,,,,,,,,a,0,0.156,,,,,,,,,,,,,34,0,34,0,1,,,,,,,,,,,,,,,,,,,,,,,,,,,,,,,,,,,,,,,,,,
,,,,,,,,,,,,,,,,,120,4,2024-09-06_13h38.38.181,Symbol-E,2020.1.3,Win32,Firefox,Mozilla/5.0 (Windows NT 10.0; Win64; x64; rv:129.0) Gecko/20100101 Firefox/129.0,60,,,,,,,,,,,,,,,,,,,,,,,,,,,,,,,,,,,,media/dfnb.png,1,1,Symb,w,CR,0,0,1,0,8,4,6,0,1,0,99,w,0.095,1,1,,,,,,,,,,,,,,,,,,,,,,,,,,,,,,,,,,,,,,,,,,,,,,,,,,w,1,0.095,,,,,,,,,,,,,35,0,35,0,1,,,,,,,,,,,,,,,,,,,,,,,,,,,,,,,,,,,,,,,,,,
,,,,,,,,,,,,,,,,,120,4,2024-09-06_13h38.38.181,Symbol-E,2020.1.3,Win32,Firefox,Mozilla/5.0 (Windows NT 10.0; Win64; x64; rv:129.0) Gecko/20100101 Firefox/129.0,60,,,,,,,,,,,,,,,,,,,,,,,,,,,,,,,,,,,,media/dcnb.png,4,0,Symb,h,CR,0,0,1,0,8,0,7,0,1,0,99,w,0.649,1,0,,,,,,,,,,,,,,,,,,,,,,,,,,,,,,,,,,,,,,,,,,,,,,,,,,w,0,0.649,,,,,,,,,,,,,36,0,36,0,1,,,,,,,,,,,,,,,,,,,,,,,,,,,,,,,,,,,,,,,,,,
,,,,,,,,,,,,,,,,,120,4,2024-09-06_13h38.38.181,Symbol-E,2020.1.3,Win32,Firefox,Mozilla/5.0 (Windows NT 10.0; Win64; x64; rv:129.0) Gecko/20100101 Firefox/129.0,60,,,,,,,,,,,,,,,,,,,,,,,,,,,,,,,,,,,,media/dcnb.png,4,0,Symb,h,CR,0,0,1,0,8,1,7,0,1,0,99,h,0.279,4,1,,,,,,,,,,,,,,,,,,,,,,,,,,,,,,,,,,,,,,,,,,,,,,,,,,h,1,0.279,,,,,,,,,,,,,37,0,37,0,1,,,,,,,,,,,,,,,,,,,,,,,,,,,,,,,,,,,,,,,,,,
,,,,,,,,,,,,,,,,,120,4,2024-09-06_13h38.38.181,Symbol-E,2020.1.3,Win32,Firefox,Mozilla/5.0 (Windows NT 10.0; Win64; x64; rv:129.0) Gecko/20100101 Firefox/129.0,60,,,,,,,,,,,,,,,,,,,,,,,,,,,,,,,,,,,,media/dgnb.png,3,3,Symb,f,CR,0,0,1,0,8,0,8,0,1,0,99,a,2.139,0,0,,,,,,,,,,,,,,,,,,,,,,,,,,,,,,,,,,,,,,,,,,,,,,,,,,a,0,2.139,,,,,,,,,,,,,38,0,38,0,1,,,,,,,,,,,,,,,,,,,,,,,,,,,,,,,,,,,,,,,,,,
,,,,,,,,,,,,,,,,,120,4,2024-09-06_13h38.38.181,Symbol-E,2020.1.3,Win32,Firefox,Mozilla/5.0 (Windows NT 10.0; Win64; x64; rv:129.0) Gecko/20100101 Firefox/129.0,60,,,,,,,,,,,,,,,,,,,,,,,,,,,,,,,,,,,,media/dgnb.png,3,3,Symb,f,CR,0,0,1,0,8,1,8,0,1,0,99,i,0.565,6,0,,,,,,,,,,,,,,,,,,,,,,,,,,,,,,,,,,,,,,,,,,,,,,,,,,i,0,0.565,,,,,,,,,,,,,39,0,39,0,1,,,,,,,,,,,,,,,,,,,,,,,,,,,,,,,,,,,,,,,,,,
,,,,,,,,,,,,,,,,,120,4,2024-09-06_13h38.38.181,Symbol-E,2020.1.3,Win32,Firefox,Mozilla/5.0 (Windows NT 10.0; Win64; x64; rv:129.0) Gecko/20100101 Firefox/129.0,60,,,,,,,,,,,,,,,,,,,,,,,,,,,,,,,,,,,,media/dgnb.png,3,3,Symb,f,CR,0,0,1,0,8,2,8,0,1,0,99,u,0.131,5,0,,,,,,,,,,,,,,,,,,,,,,,,,,,,,,,,,,,,,,,,,,,,,,,,,,u,0,0.131,,,,,,,,,,,,,40,0,40,0,1,,,,,,,,,,,,,,,,,,,,,,,,,,,,,,,,,,,,,,,,,,
,,,,,,,,,,,,,,,,,120,4,2024-09-06_13h38.38.181,Symbol-E,2020.1.3,Win32,Firefox,Mozilla/5.0 (Windows NT 10.0; Win64; x64; rv:129.0) Gecko/20100101 Firefox/129.0,60,,,,,,,,,,,,,,,,,,,,,,,,,,,,,,,,,,,,media/dgnb.png,3,3,Symb,f,CR,0,0,1,0,8,3,8,0,1,0,99,l,0.015,7,0,,,,,,,,,,,,,,,,,,,,,,,,,,,,,,,,,,,,,,,,,,,,,,,,,,l,0,0.015,,,,,,,,,,,,,41,0,41,0,1,,,,,,,,,,,,,,,,,,,,,,,,,,,,,,,,,,,,,,,,,,
,,,,,,,,,,,,,,,,,120,4,2024-09-06_13h38.38.181,Symbol-E,2020.1.3,Win32,Firefox,Mozilla/5.0 (Windows NT 10.0; Win64; x64; rv:129.0) Gecko/20100101 Firefox/129.0,60,,,,,,,,,,,,,,,,,,,,,,,,,,,,,,,,,,,,media/dgnb.png,3,3,Symb,f,CR,0,0,1,0,8,4,8,0,1,0,99,h,0.074,4,0,,,,,,,,,,,,,,,,,,,,,,,,,,,,,,,,,,,,,,,,,,,,,,,,,,h,0,0.074,,,,,,,,,,,,,42,0,42,0,1,,,,,,,,,,,,,,,,,,,,,,,,,,,,,,,,,,,,,,,,,,
,,,,,,,,,,,,,,,,,120,4,2024-09-06_13h38.38.181,Symbol-E,2020.1.3,Win32,Firefox,Mozilla/5.0 (Windows NT 10.0; Win64; x64; rv:129.0) Gecko/20100101 Firefox/129.0,60,,,,,,,,,,,,,,,,,,,,,,,,,,,,,,,,,,,,media/dgnb.png,3,3,Symb,f,CR,0,0,1,0,8,5,8,0,1,0,99,f,0.013,3,1,,,,,,,,,,,,,,,,,,,,,,,,,,,,,,,,,,,,,,,,,,,,,,,,,,f,1,0.013,,,,,,,,,,,,,43,0,43,0,1,,,,,,,,,,,,,,,,,,,,,,,,,,,,,,,,,,,,,,,,,,
,,,,,,,,,,,,,,,,,120,4,2024-09-06_13h38.38.181,Symbol-E,2020.1.3,Win32,Firefox,Mozilla/5.0 (Windows NT 10.0; Win64; x64; rv:129.0) Gecko/20100101 Firefox/129.0,60,,,,,,,,,,,,,,,,,,,,,,,,,,,,,,,,,,,,media/ddnb.png,5,1,Symb,u,CR,0,0,1,0,8,0,9,0,1,0,99,u,1.28,5,1,,,,,,,,,,,,,,,,,,,,,,,,,,,,,,,,,,,,,,,,,,,,,,,,,,u,1,1.28,,,,,,,,,,,,,44,0,44,0,1,,,,,,,,,,,,,,,,,,,,,,,,,,,,,,,,,,,,,,,,,,
,,,,,,,,,,,,,,,,,120,4,2024-09-06_13h38.38.181,Symbol-E,2020.1.3,Win32,Firefox,Mozilla/5.0 (Windows NT 10.0; Win64; x64; rv:129.0) Gecko/20100101 Firefox/129.0,60,,,,,,,,,,,,,,,,,,,,,,,,,,,,,,,,,,,,media/dmnb.png,7,3,Symb,l,CR,0,0,1,0,8,0,10,0,1,0,99,l,1.031,7,1,,,,,,,,,,,,,,,,,,,,,,,,,,,,,,,,,,,,,,,,,,,,,,,,,,l,1,1.031,,,,,,,,,,,,,45,0,45,0,1,,,,,,,,,,,,,,,,,,,,,,,,,,,,,,,,,,,,,,,,,,
,,,,,,,,,,,,,,,,,120,4,2024-09-06_13h38.38.181,Symbol-E,2020.1.3,Win32,Firefox,Mozilla/5.0 (Windows NT 10.0; Win64; x64; rv:129.0) Gecko/20100101 Firefox/129.0,60,,,,,,,,,,,,,,,,,,,,,,,,,,,,,,,,,,,,media/dinb.png,6,2,Symb,i,CR,0,0,1,0,8,0,11,0,1,0,99,l,0.803,7,0,,,,,,,,,,,,,,,,,,,,,,,,,,,,,,,,,,,,,,,,,,,,,,,,,,l,0,0.803,,,,,,,,,,,,,46,0,46,0,1,,,,,,,,,,,,,,,,,,,,,,,,,,,,,,,,,,,,,,,,,,
,,,,,,,,,,,,,,,,,120,4,2024-09-06_13h38.38.181,Symbol-E,2020.1.3,Win32,Firefox,Mozilla/5.0 (Windows NT 10.0; Win64; x64; rv:129.0) Gecko/20100101 Firefox/129.0,60,,,,,,,,,,,,,,,,,,,,,,,,,,,,,,,,,,,,media/dinb.png,6,2,Symb,i,CR,0,0,1,0,8,1,11,0,1,0,99,a,2.164,0,0,,,,,,,,,,,,,,,,,,,,,,,,,,,,,,,,,,,,,,,,,,,,,,,,,,a,0,2.164,,,,,,,,,,,,,47,0,47,0,1,,,,,,,,,,,,,,,,,,,,,,,,,,,,,,,,,,,,,,,,,,
,,,,,,,,,,,,,,,,,120,4,2024-09-06_13h38.38.181,Symbol-E,2020.1.3,Win32,Firefox,Mozilla/5.0 (Windows NT 10.0; Win64; x64; rv:129.0) Gecko/20100101 Firefox/129.0,60,,,,,,,,,,,,,,,,,,,,,,,,,,,,,,,,,,,,media/dinb.png,6,2,Symb,i,CR,0,0,1,0,8,2,11,0,1,0,99,f,0.287,3,0,,,,,,,,,,,,,,,,,,,,,,,,,,,,,,,,,,,,,,,,,,,,,,,,,,f,0,0.287,,,,,,,,,,,,,48,0,48,0,1,,,,,,,,,,,,,,,,,,,,,,,,,,,,,,,,,,,,,,,,,,
,,,,,,,,,,,,,,,,,120,4,2024-09-06_13h38.38.181,Symbol-E,2020.1.3,Win32,Firefox,Mozilla/5.0 (Windows NT 10.0; Win64; x64; rv:129.0) Gecko/20100101 Firefox/129.0,60,,,,,,,,,,,,,,,,,,,,,,,,,,,,,,,,,,,,media/dinb.png,6,2,Symb,i,CR,0,0,1,0,8,3,11,0,1,0,99,w,0.005,1,0,,,,,,,,,,,,,,,,,,,,,,,,,,,,,,,,,,,,,,,,,,,,,,,,,,w,0,0.005,,,,,,,,,,,,,49,0,49,0,1,,,,,,,,,,,,,,,,,,,,,,,,,,,,,,,,,,,,,,,,,,
,,,,,,,,,,,,,,,,,120,4,2024-09-06_13h38.38.181,Symbol-E,2020.1.3,Win32,Firefox,Mozilla/5.0 (Windows NT 10.0; Win64; x64; rv:129.0) Gecko/20100101 Firefox/129.0,60,,,,,,,,,,,,,,,,,,,,,,,,,,,,,,,,,,,,media/dinb.png,6,2,Symb,i,CR,0,0,1,0,8,4,11,0,1,0,99,i,0.162,6,1,,,,,,,,,,,,,,,,,,,,,,,,,,,,,,,,,,,,,,,,,,,,,,,,,,i,1,0.162,,,,,,,,,,,,,50,0,50,0,1,,,,,,,,,,,,,,,,,,,,,,,,,,,,,,,,,,,,,,,,,,
,,,,,,,,,,,,,,,,,120,4,2024-09-06_13h38.38.181,Symbol-E,2020.1.3,Win32,Firefox,Mozilla/5.0 (Windows NT 10.0; Win64; x64; rv:129.0) Gecko/20100101 Firefox/129.0,60,,,,,,,,,,,,,,,,,,,,,,,,,,,,,,,,,,,,media/dmnb.png,7,3,Symb,l,CR,0,0,1,0,8,0,12,0,1,0,99,u,0.91,5,0,,,,,,,,,,,,,,,,,,,,,,,,,,,,,,,,,,,,,,,,,,,,,,,,,,u,0,0.91,,,,,,,,,,,,,51,0,51,0,1,,,,,,,,,,,,,,,,,,,,,,,,,,,,,,,,,,,,,,,,,,
,,,,,,,,,,,,,,,,,120,4,2024-09-06_13h38.38.181,Symbol-E,2020.1.3,Win32,Firefox,Mozilla/5.0 (Windows NT 10.0; Win64; x64; rv:129.0) Gecko/20100101 Firefox/129.0,60,,,,,,,,,,,,,,,,,,,,,,,,,,,,,,,,,,,,media/dmnb.png,7,3,Symb,l,CR,0,0,1,0,8,1,12,0,1,0,99,h,0.055,4,0,,,,,,,,,,,,,,,,,,,,,,,,,,,,,,,,,,,,,,,,,,,,,,,,,,h,0,0.055,,,,,,,,,,,,,52,0,52,0,1,,,,,,,,,,,,,,,,,,,,,,,,,,,,,,,,,,,,,,,,,,
,,,,,,,,,,,,,,,,,120,4,2024-09-06_13h38.38.181,Symbol-E,2020.1.3,Win32,Firefox,Mozilla/5.0 (Windows NT 10.0; Win64; x64; rv:129.0) Gecko/20100101 Firefox/129.0,60,,,,,,,,,,,,,,,,,,,,,,,,,,,,,,,,,,,,media/dmnb.png,7,3,Symb,l,CR,0,0,1,0,8,2,12,0,1,0,99,l,0.313,7,1,,,,,,,,,,,,,,,,,,,,,,,,,,,,,,,,,,,,,,,,,,,,,,,,,,l,1,0.313,,,,,,,,,,,,,53,0,53,0,1,,,,,,,,,,,,,,,,,,,,,,,,,,,,,,,,,,,,,,,,,,
,,,,,,,,,,,,,,,,,120,4,2024-09-06_13h38.38.181,Symbol-E,2020.1.3,Win32,Firefox,Mozilla/5.0 (Windows NT 10.0; Win64; x64; rv:129.0) Gecko/20100101 Firefox/129.0,60,,,,,,,,,,,,,,,,,,,,,,,,,,,,,,,,,,,,media/djnb.png,0,0,Symb,a,CR,0,0,1,0,8,0,13,0,1,0,99,a,0.969,0,1,,,,,,,,,,,,,,,,,,,,,,,,,,,,,,,,,,,,,,,,,,,,,,,,,,a,1,0.969,,,,,,,,,,,,,54,0,54,0,1,,,,,,,,,,,,,,,,,,,,,,,,,,,,,,,,,,,,,,,,,,
,,,,,,,,,,,,,,,,,120,4,2024-09-06_13h38.38.181,Symbol-E,2020.1.3,Win32,Firefox,Mozilla/5.0 (Windows NT 10.0; Win64; x64; rv:129.0) Gecko/20100101 Firefox/129.0,60,,,,,,,,,,,,,,,,,,,,,,,,,,,,,,,,,,,,media/ddnb.png,5,1,Symb,u,CR,0,0,1,0,8,0,14,0,1,0,99,h,1.24,4,0,,,,,,,,,,,,,,,,,,,,,,,,,,,,,,,,,,,,,,,,,,,,,,,,,,h,0,1.24,,,,,,,,,,,,,55,0,55,0,1,,,,,,,,,,,,,,,,,,,,,,,,,,,,,,,,,,,,,,,,,,
,,,,,,,,,,,,,,,,,120,4,2024-09-06_13h38.38.181,Symbol-E,2020.1.3,Win32,Firefox,Mozilla/5.0 (Windows NT 10.0; Win64; x64; rv:129.0) Gecko/20100101 Firefox/129.0,60,,,,,,,,,,,,,,,,,,,,,,,,,,,,,,,,,,,,media/ddnb.png,5,1,Symb,u,CR,0,0,1,0,8,1,14,0,1,0,99,w,0.188,1,0,,,,,,,,,,,,,,,,,,,,,,,,,,,,,,,,,,,,,,,,,,,,,,,,,,w,0,0.188,,,,,,,,,,,,,56,0,56,0,1,,,,,,,,,,,,,,,,,,,,,,,,,,,,,,,,,,,,,,,,,,
,,,,,,,,,,,,,,,,,120,4,2024-09-06_13h38.38.181,Symbol-E,2020.1.3,Win32,Firefox,Mozilla/5.0 (Windows NT 10.0; Win64; x64; rv:129.0) Gecko/20100101 Firefox/129.0,60,,,,,,,,,,,,,,,,,,,,,,,,,,,,,,,,,,,,media/ddnb.png,5,1,Symb,u,CR,0,0,1,0,8,2,14,0,1,0,99,f,0.293,3,0,,,,,,,,,,,,,,,,,,,,,,,,,,,,,,,,,,,,,,,,,,,,,,,,,,f,0,0.293,,,,,,,,,,,,,57,0,57,0,1,,,,,,,,,,,,,,,,,,,,,,,,,,,,,,,,,,,,,,,,,,
,,,,,,,,,,,,,,,,,120,4,2024-09-06_13h38.38.181,Symbol-E,2020.1.3,Win32,Firefox,Mozilla/5.0 (Windows NT 10.0; Win64; x64; rv:129.0) Gecko/20100101 Firefox/129.0,60,,,,,,,,,,,,,,,,,,,,,,,,,,,,,,,,,,,,media/ddnb.png,5,1,Symb,u,CR,0,0,1,0,8,3,14,0,1,0,99,u,0.151,5,1,,,,,,,,,,,,,,,,,,,,,,,,,,,,,,,,,,,,,,,,,,,,,,,,,,u,1,0.151,,,,,,,,,,,,,58,0,58,0,1,,,,,,,,,,,,,,,,,,,,,,,,,,,,,,,,,,,,,,,,,,
,,,,,,,,,,,,,,,,,120,4,2024-09-06_13h38.38.181,Symbol-E,2020.1.3,Win32,Firefox,Mozilla/5.0 (Windows NT 10.0; Win64; x64; rv:129.0) Gecko/20100101 Firefox/129.0,60,,,,,,,,,,,,,,,,,,,,,,,,,,,,,,,,,,,,media/dfnb.png,1,1,Symb,w,CR,0,0,1,0,8,0,15,0,1,0,99,e,2.17,2,0,,,,,,,,,,,,,,,,,,,,,,,,,,,,,,,,,,,,,,,,,,,,,,,,,,e,0,2.17,,,,,,,,,,,,,59,0,59,0,1,,,,,,,,,,,,,,,,,,,,,,,,,,,,,,,,,,,,,,,,,,
,,,,,,,,,,,,,,,,,120,4,2024-09-06_13h38.38.181,Symbol-E,2020.1.3,Win32,Firefox,Mozilla/5.0 (Windows NT 10.0; Win64; x64; rv:129.0) Gecko/20100101 Firefox/129.0,60,,,,,,,,,,,,,,,,,,,,,,,,,,,,,,,,,,,,media/dfnb.png,1,1,Symb,w,CR,0,0,1,0,8,1,15,0,1,0,99,a,0.255,0,0,,,,,,,,,,,,,,,,,,,,,,,,,,,,,,,,,,,,,,,,,,,,,,,,,,a,0,0.255,,,,,,,,,,,,,60,0,60,0,1,,,,,,,,,,,,,,,,,,,,,,,,,,,,,,,,,,,,,,,,,,
,,,,,,,,,,,,,,,,,120,4,2024-09-06_13h38.38.181,Symbol-E,2020.1.3,Win32,Firefox,Mozilla/5.0 (Windows NT 10.0; Win64; x64; rv:129.0) Gecko/20100101 Firefox/129.0,60,,,,,,,,,,,,,,,,,,,,,,,,,,,,,,,,,,,,media/dfnb.png,1,1,Symb,w,CR,0,0,1,0,8,2,15,0,1,0,99,i,0,6,0,,,,,,,,,,,,,,,,,,,,,,,,,,,,,,,,,,,,,,,,,,,,,,,,,,i,0,0,,,,,,,,,,,,,61,0,61,0,1,,,,,,,,,,,,,,,,,,,,,,,,,,,,,,,,,,,,,,,,,,
,,,,,,,,,,,,,,,,,120,4,2024-09-06_13h38.38.181,Symbol-E,2020.1.3,Win32,Firefox,Mozilla/5.0 (Windows NT 10.0; Win64; x64; rv:129.0) Gecko/20100101 Firefox/129.0,60,,,,,,,,,,,,,,,,,,,,,,,,,,,,,,,,,,,,media/dfnb.png,1,1,Symb,w,CR,0,0,1,0,8,3,15,0,1,0,99,h,0.401,4,0,,,,,,,,,,,,,,,,,,,,,,,,,,,,,,,,,,,,,,,,,,,,,,,,,,h,0,0.401,,,,,,,,,,,,,62,0,62,0,1,,,,,,,,,,,,,,,,,,,,,,,,,,,,,,,,,,,,,,,,,,
,,,,,,,,,,,,,,,,,120,4,2024-09-06_13h38.38.181,Symbol-E,2020.1.3,Win32,Firefox,Mozilla/5.0 (Windows NT 10.0; Win64; x64; rv:129.0) Gecko/20100101 Firefox/129.0,60,,,,,,,,,,,,,,,,,,,,,,,,,,,,,,,,,,,,media/dfnb.png,1,1,Symb,w,CR,0,0,1,0,8,4,15,0,1,0,99,l,0.364,7,0,,,,,,,,,,,,,,,,,,,,,,,,,,,,,,,,,,,,,,,,,,,,,,,,,,l,0,0.364,,,,,,,,,,,,,63,0,63,0,1,,,,,,,,,,,,,,,,,,,,,,,,,,,,,,,,,,,,,,,,,,
,,,,,,,,,,,,,,,,,120,4,2024-09-06_13h38.38.181,Symbol-E,2020.1.3,Win32,Firefox,Mozilla/5.0 (Windows NT 10.0; Win64; x64; rv:129.0) Gecko/20100101 Firefox/129.0,60,,,,,,,,,,,,,,,,,,,,,,,,,,,,,,,,,,,,media/dfnb.png,1,1,Symb,w,CR,0,0,1,0,8,5,15,0,1,0,99,w,0.165,1,1,,,,,,,,,,,,,,,,,,,,,,,,,,,,,,,,,,,,,,,,,,,,,,,,,,w,1,0.165,,,,,,,,,,,,,64,0,64,0,1,,,,,,,,,,,,,,,,,,,,,,,,,,,,,,,,,,,,,,,,,,
,,,,,,,,,,,,,,,,,120,4,2024-09-06_13h38.38.181,Symbol-E,2020.1.3,Win32,Firefox,Mozilla/5.0 (Windows NT 10.0; Win64; x64; rv:129.0) Gecko/20100101 Firefox/129.0,60,,,,,,,,,,,,,,,,,,,,,,,,,,,,,,,,,,,,media/dcnb.png,4,0,Symb,h,CR,0,0,1,0,8,0,16,0,1,0,99,h,0.916,4,1,,,,,,,,,,,,,,,,,,,,,,,,,,,,,,,,,,,,,,,,,,,,,,,,,,h,1,0.916,,,,,,,,,,,,,65,0,65,0,1,,,,,,,,,,,,,,,,,,,,,,,,,,,,,,,,,,,,,,,,,,
,,,,,,,,,,,,,,,,,120,4,2024-09-06_13h38.38.181,Symbol-E,2020.1.3,Win32,Firefox,Mozilla/5.0 (Windows NT 10.0; Win64; x64; rv:129.0) Gecko/20100101 Firefox/129.0,60,,,,,,,,,,,,,,,,,,,,,,,,,,,,,,,,,,,,media/dfnb.png,1,1,Symb,w,CR,0,0,1,0,8,0,17,0,1,0,99,w,0.532,1,1,,,,,,,,,,,,,,,,,,,,,,,,,,,,,,,,,,,,,,,,,,,,,,,,,,w,1,0.532,,,,,,,,,,,,,66,0,66,0,1,,,,,,,,,,,,,,,,,,,,,,,,,,,,,,,,,,,,,,,,,,
,,,,,,,,,,,,,,,,,120,4,2024-09-06_13h38.38.181,Symbol-E,2020.1.3,Win32,Firefox,Mozilla/5.0 (Windows NT 10.0; Win64; x64; rv:129.0) Gecko/20100101 Firefox/129.0,60,,,,,,,,,,,,,,,,,,,,,,,,,,,,,,,,,,,,media/ddnb.png,5,1,Symb,u,CR,0,0,1,0,8,0,18,0,1,0,99,i,1.354,6,0,,,,,,,,,,,,,,,,,,,,,,,,,,,,,,,,,,,,,,,,,,,,,,,,,,i,0,1.354,,,,,,,,,,,,,67,0,67,0,1,,,,,,,,,,,,,,,,,,,,,,,,,,,,,,,,,,,,,,,,,,
,,,,,,,,,,,,,,,,,120,4,2024-09-06_13h38.38.181,Symbol-E,2020.1.3,Win32,Firefox,Mozilla/5.0 (Windows NT 10.0; Win64; x64; rv:129.0) Gecko/20100101 Firefox/129.0,60,,,,,,,,,,,,,,,,,,,,,,,,,,,,,,,,,,,,media/ddnb.png,5,1,Symb,u,CR,0,0,1,0,8,1,18,0,1,0,99,h,0.297,4,0,,,,,,,,,,,,,,,,,,,,,,,,,,,,,,,,,,,,,,,,,,,,,,,,,,h,0,0.297,,,,,,,,,,,,,68,0,68,0,1,,,,,,,,,,,,,,,,,,,,,,,,,,,,,,,,,,,,,,,,,,
,,,,,,,,,,,,,,,,,120,4,2024-09-06_13h38.38.181,Symbol-E,2020.1.3,Win32,Firefox,Mozilla/5.0 (Windows NT 10.0; Win64; x64; rv:129.0) Gecko/20100101 Firefox/129.0,60,,,,,,,,,,,,,,,,,,,,,,,,,,,,,,,,,,,,media/ddnb.png,5,1,Symb,u,CR,0,0,1,0,8,2,18,0,1,0,99,a,0.023,0,0,,,,,,,,,,,,,,,,,,,,,,,,,,,,,,,,,,,,,,,,,,,,,,,,,,a,0,0.023,,,,,,,,,,,,,69,0,69,0,1,,,,,,,,,,,,,,,,,,,,,,,,,,,,,,,,,,,,,,,,,,
,,,,,,,,,,,,,,,,,120,4,2024-09-06_13h38.38.181,Symbol-E,2020.1.3,Win32,Firefox,Mozilla/5.0 (Windows NT 10.0; Win64; x64; rv:129.0) Gecko/20100101 Firefox/129.0,60,,,,,,,,,,,,,,,,,,,,,,,,,,,,,,,,,,,,media/ddnb.png,5,1,Symb,u,CR,0,0,1,0,8,3,18,0,1,0,99,e,0.116,2,0,,,,,,,,,,,,,,,,,,,,,,,,,,,,,,,,,,,,,,,,,,,,,,,,,,e,0,0.116,,,,,,,,,,,,,70,0,70,0,1,,,,,,,,,,,,,,,,,,,,,,,,,,,,,,,,,,,,,,,,,,
,,,,,,,,,,,,,,,,,120,4,2024-09-06_13h38.38.181,Symbol-E,2020.1.3,Win32,Firefox,Mozilla/5.0 (Windows NT 10.0; Win64; x64; rv:129.0) Gecko/20100101 Firefox/129.0,60,,,,,,,,,,,,,,,,,,,,,,,,,,,,,,,,,,,,media/ddnb.png,5,1,Symb,u,CR,0,0,1,0,8,4,18,0,1,0,99,u,0.008,5,1,,,,,,,,,,,,,,,,,,,,,,,,,,,,,,,,,,,,,,,,,,,,,,,,,,u,1,0.008,,,,,,,,,,,,,71,0,71,0,1,,,,,,,,,,,,,,,,,,,,,,,,,,,,,,,,,,,,,,,,,,
,,,,,,,,,,,,,,,,,120,4,2024-09-06_13h38.38.181,Symbol-E,2020.1.3,Win32,Firefox,Mozilla/5.0 (Windows NT 10.0; Win64; x64; rv:129.0) Gecko/20100101 Firefox/129.0,60,,,,,,,,,,,,,,,,,,,,,,,,,,,,,,,,,,,,media/dmnb.png,7,3,Symb,l,CR,0,0,1,0,8,0,19,0,1,0,99,h,1.086,4,0,,,,,,,,,,,,,,,,,,,,,,,,,,,,,,,,,,,,,,,,,,,,,,,,,,h,0,1.086,,,,,,,,,,,,,72,0,72,0,1,,,,,,,,,,,,,,,,,,,,,,,,,,,,,,,,,,,,,,,,,,
,,,,,,,,,,,,,,,,,120,4,2024-09-06_13h38.38.181,Symbol-E,2020.1.3,Win32,Firefox,Mozilla/5.0 (Windows NT 10.0; Win64; x64; rv:129.0) Gecko/20100101 Firefox/129.0,60,,,,,,,,,,,,,,,,,,,,,,,,,,,,,,,,,,,,media/dmnb.png,7,3,Symb,l,CR,0,0,1,0,8,1,19,0,1,0,99,i,0.176,6,0,,,,,,,,,,,,,,,,,,,,,,,,,,,,,,,,,,,,,,,,,,,,,,,,,,i,0,0.176,,,,,,,,,,,,,73,0,73,0,1,,,,,,,,,,,,,,,,,,,,,,,,,,,,,,,,,,,,,,,,,,
,,,,,,,,,,,,,,,,,120,4,2024-09-06_13h38.38.181,Symbol-E,2020.1.3,Win32,Firefox,Mozilla/5.0 (Windows NT 10.0; Win64; x64; rv:129.0) Gecko/20100101 Firefox/129.0,60,,,,,,,,,,,,,,,,,,,,,,,,,,,,,,,,,,,,media/dmnb.png,7,3,Symb,l,CR,0,0,1,0,8,2,19,0,1,0,99,h,0.024,4,0,,,,,,,,,,,,,,,,,,,,,,,,,,,,,,,,,,,,,,,,,,,,,,,,,,h,0,0.024,,,,,,,,,,,,,74,0,74,0,1,,,,,,,,,,,,,,,,,,,,,,,,,,,,,,,,,,,,,,,,,,
,,,,,,,,,,,,,,,,,120,4,2024-09-06_13h38.38.181,Symbol-E,2020.1.3,Win32,Firefox,Mozilla/5.0 (Windows NT 10.0; Win64; x64; rv:129.0) Gecko/20100101 Firefox/129.0,60,,,,,,,,,,,,,,,,,,,,,,,,,,,,,,,,,,,,media/dmnb.png,7,3,Symb,l,CR,0,0,1,0,8,3,19,0,1,0,99,l,0.466,7,1,,,,,,,,,,,,,,,,,,,,,,,,,,,,,,,,,,,,,,,,,,,,,,,,,,l,1,0.466,,,,,,,,,,,,,75,0,75,0,1,,,,,,,,,,,,,,,,,,,,,,,,,,,,,,,,,,,,,,,,,,
,,,,,,,,,,,,,,,,,120,4,2024-09-06_13h38.38.181,Symbol-E,2020.1.3,Win32,Firefox,Mozilla/5.0 (Windows NT 10.0; Win64; x64; rv:129.0) Gecko/20100101 Firefox/129.0,60,,,,,,,,,,,,,,,,,,,,,,,,,,,,,,,,,,,,media/djnb.png,0,0,Symb,a,CR,0,0,1,0,8,0,20,0,1,0,99,a,2.727,0,1,,,,,,,,,,,,,,,,,,,,,,,,,,,,,,,,,,,,,,,,,,,,,,,,,,a,1,2.727,,,,,,,,,,,,,76,0,76,0,1,,,,,,,,,,,,,,,,,,,,,,,,,,,,,,,,,,,,,,,,,,
,,,,,,,,,,,,,,,,,120,4,2024-09-06_13h38.38.181,Symbol-E,2020.1.3,Win32,Firefox,Mozilla/5.0 (Windows NT 10.0; Win64; x64; rv:129.0) Gecko/20100101 Firefox/129.0,60,,,,,,,,,,,,,,,,,,,,,,,,,,,,,,,,,,,,media/djnb.png,0,0,Symb,a,CR,0,0,1,0,8,0,21,0,1,0,99,a,0.584,0,1,,,,,,,,,,,,,,,,,,,,,,,,,,,,,,,,,,,,,,,,,,,,,,,,,,a,1,0.584,,,,,,,,,,,,,77,0,77,0,1,,,,,,,,,,,,,,,,,,,,,,,,,,,,,,,,,,,,,,,,,,
,,,,,,,,,,,,,,,,,120,4,2024-09-06_13h38.38.181,Symbol-E,2020.1.3,Win32,Firefox,Mozilla/5.0 (Windows NT 10.0; Win64; x64; rv:129.0) Gecko/20100101 Firefox/129.0,60,,,,,,,,,,,,,,,,,,,,,,,,,,,,,,,,,,,,media/dnnb.png,2,2,Symb,e,CR,0,0,1,0,8,0,22,0,1,0,99,e,0.847,2,1,,,,,,,,,,,,,,,,,,,,,,,,,,,,,,,,,,,,,,,,,,,,,,,,,,e,1,0.847,,,,,,,,,,,,,78,0,78,0,1,,,,,,,,,,,,,,,,,,,,,,,,,,,,,,,,,,,,,,,,,,
,,,,,,,,,,,,,,,,,120,4,2024-09-06_13h38.38.181,Symbol-E,2020.1.3,Win32,Firefox,Mozilla/5.0 (Windows NT 10.0; Win64; x64; rv:129.0) Gecko/20100101 Firefox/129.0,60,,,,,,,,,,,,,,,,,,,,,,,,,,,,,,,,,,,,media/dinb.png,6,2,Symb,i,CR,0,0,1,0,8,0,23,0,1,0,99,i,1.449,6,1,,,,,,,,,,,,,,,,,,,,,,,,,,,,,,,,,,,,,,,,,,,,,,,,,,i,1,1.449,,,,,,,,,,,,,79,0,79,0,1,,,,,,,,,,,,,,,,,,,,,,,,,,,,,,,,,,,,,,,,,,
,,,,,,,,,,,,,,,,,120,4,2024-09-06_13h38.38.181,Symbol-E,2020.1.3,Win32,Firefox,Mozilla/5.0 (Windows NT 10.0; Win64; x64; rv:129.0) Gecko/20100101 Firefox/129.0,60,,,,,,,,,,,,,,,,,,,,,,,,,,,,,,,,,,,,media/ddnb.png,5,1,Symb,u,CR,0,0,1,0,8,0,24,0,1,0,99,w,0.989,1,0,,,,,,,,,,,,,,,,,,,,,,,,,,,,,,,,,,,,,,,,,,,,,,,,,,w,0,0.989,,,,,,,,,,,,,80,0,80,0,1,,,,,,,,,,,,,,,,,,,,,,,,,,,,,,,,,,,,,,,,,,
,,,,,,,,,,,,,,,,,120,4,2024-09-06_13h38.38.181,Symbol-E,2020.1.3,Win32,Firefox,Mozilla/5.0 (Windows NT 10.0; Win64; x64; rv:129.0) Gecko/20100101 Firefox/129.0,60,,,,,,,,,,,,,,,,,,,,,,,,,,,,,,,,,,,,media/ddnb.png,5,1,Symb,u,CR,0,0,1,0,8,1,24,0,1,0,99,h,0.258,4,0,,,,,,,,,,,,,,,,,,,,,,,,,,,,,,,,,,,,,,,,,,,,,,,,,,h,0,0.258,,,,,,,,,,,,,81,0,81,0,1,,,,,,,,,,,,,,,,,,,,,,,,,,,,,,,,,,,,,,,,,,
,,,,,,,,,,,,,,,,,120,4,2024-09-06_13h38.38.181,Symbol-E,2020.1.3,Win32,Firefox,Mozilla/5.0 (Windows NT 10.0; Win64; x64; rv:129.0) Gecko/20100101 Firefox/129.0,60,,,,,,,,,,,,,,,,,,,,,,,,,,,,,,,,,,,,media/ddnb.png,5,1,Symb,u,CR,0,0,1,0,8,2,24,0,1,0,99,f,0.195,3,0,,,,,,,,,,,,,,,,,,,,,,,,,,,,,,,,,,,,,,,,,,,,,,,,,,f,0,0.195,,,,,,,,,,,,,82,0,82,0,1,,,,,,,,,,,,,,,,,,,,,,,,,,,,,,,,,,,,,,,,,,
,,,,,,,,,,,,,,,,,120,4,2024-09-06_13h38.38.181,Symbol-E,2020.1.3,Win32,Firefox,Mozilla/5.0 (Windows NT 10.0; Win64; x64; rv:129.0) Gecko/20100101 Firefox/129.0,60,,,,,,,,,,,,,,,,,,,,,,,,,,,,,,,,,,,,media/ddnb.png,5,1,Symb,u,CR,0,0,1,0,8,3,24,0,1,0,99,u,0.205,5,1,,,,,,,,,,,,,,,,,,,,,,,,,,,,,,,,,,,,,,,,,,,,,,,,,,u,1,0.205,,,,,,,,,,,,,83,0,83,0,1,,,,,,,,,,,,,,,,,,,,,,,,,,,,,,,,,,,,,,,,,,
,,,,,,,,,,,,,,,,,120,4,2024-09-06_13h38.38.181,Symbol-E,2020.1.3,Win32,Firefox,Mozilla/5.0 (Windows NT 10.0; Win64; x64; rv:129.0) Gecko/20100101 Firefox/129.0,60,,,,,,,,,,,,,,,,,,,,,,,,,,,,,,,,,,,,media/dgnb.png,3,3,Symb,f,CR,0,0,1,0,8,0,25,0,1,0,99,i,2.85,6,0,,,,,,,,,,,,,,,,,,,,,,,,,,,,,,,,,,,,,,,,,,,,,,,,,,i,0,2.85,,,,,,,,,,,,,84,0,84,0,1,,,,,,,,,,,,,,,,,,,,,,,,,,,,,,,,,,,,,,,,,,
,,,,,,,,,,,,,,,,,120,4,2024-09-06_13h38.38.181,Symbol-E,2020.1.3,Win32,Firefox,Mozilla/5.0 (Windows NT 10.0; Win64; x64; rv:129.0) Gecko/20100101 Firefox/129.0,60,,,,,,,,,,,,,,,,,,,,,,,,,,,,,,,,,,,,media/dgnb.png,3,3,Symb,f,CR,0,0,1,0,8,1,25,0,1,0,99,f,0.182,3,1,,,,,,,,,,,,,,,,,,,,,,,,,,,,,,,,,,,,,,,,,,,,,,,,,,f,1,0.182,,,,,,,,,,,,,85,0,85,0,1,,,,,,,,,,,,,,,,,,,,,,,,,,,,,,,,,,,,,,,,,,
,,,,,,,,,,,,,,,,,120,4,2024-09-06_13h38.38.181,Symbol-E,2020.1.3,Win32,Firefox,Mozilla/5.0 (Windows NT 10.0; Win64; x64; rv:129.0) Gecko/20100101 Firefox/129.0,60,,,,,,,,,,,,,,,,,,,,,,,,,,,,,,,,,,,,media/dfnb.png,1,1,Symb,w,CR,0,0,1,0,8,0,26,0,1,0,99,w,2.026,1,1,,,,,,,,,,,,,,,,,,,,,,,,,,,,,,,,,,,,,,,,,,,,,,,,,,w,1,2.026,,,,,,,,,,,,,86,0,86,0,1,,,,,,,,,,,,,,,,,,,,,,,,,,,,,,,,,,,,,,,,,,
,,,,,,,,,,,,,,,,,120,4,2024-09-06_13h38.38.181,Symbol-E,2020.1.3,Win32,Firefox,Mozilla/5.0 (Windows NT 10.0; Win64; x64; rv:129.0) Gecko/20100101 Firefox/129.0,60,,,,,,,,,,,,,,,,,,,,,,,,,,,,,,,,,,,,media/dmnb.png,7,3,Symb,l,CR,0,0,1,0,8,0,27,0,1,0,99,u,0.873,5,0,,,,,,,,,,,,,,,,,,,,,,,,,,,,,,,,,,,,,,,,,,,,,,,,,,u,0,0.873,,,,,,,,,,,,,87,0,87,0,1,,,,,,,,,,,,,,,,,,,,,,,,,,,,,,,,,,,,,,,,,,
,,,,,,,,,,,,,,,,,120,4,2024-09-06_13h38.38.181,Symbol-E,2020.1.3,Win32,Firefox,Mozilla/5.0 (Windows NT 10.0; Win64; x64; rv:129.0) Gecko/20100101 Firefox/129.0,60,,,,,,,,,,,,,,,,,,,,,,,,,,,,,,,,,,,,media/dmnb.png,7,3,Symb,l,CR,0,0,1,0,8,1,27,0,1,0,99,h,0.165,4,0,,,,,,,,,,,,,,,,,,,,,,,,,,,,,,,,,,,,,,,,,,,,,,,,,,h,0,0.165,,,,,,,,,,,,,88,0,88,0,1,,,,,,,,,,,,,,,,,,,,,,,,,,,,,,,,,,,,,,,,,,
,,,,,,,,,,,,,,,,,120,4,2024-09-06_13h38.38.181,Symbol-E,2020.1.3,Win32,Firefox,Mozilla/5.0 (Windows NT 10.0; Win64; x64; rv:129.0) Gecko/20100101 Firefox/129.0,60,,,,,,,,,,,,,,,,,,,,,,,,,,,,,,,,,,,,media/dmnb.png,7,3,Symb,l,CR,0,0,1,0,8,2,27,0,1,0,99,l,0.086,7,1,,,,,,,,,,,,,,,,,,,,,,,,,,,,,,,,,,,,,,,,,,,,,,,,,,l,1,0.086,,,,,,,,,,,,,89,0,89,0,1,,,,,,,,,,,,,,,,,,,,,,,,,,,,,,,,,,,,,,,,,,
,,,,,,,,,,,,,,,,,120,4,2024-09-06_13h38.38.181,Symbol-E,2020.1.3,Win32,Firefox,Mozilla/5.0 (Windows NT 10.0; Win64; x64; rv:129.0) Gecko/20100101 Firefox/129.0,60,,,,,,,,,,,,,,,,,,,,,,,,,,,,,,,,,,,,media/dgnb.png,3,3,Symb,f,CR,0,0,1,0,8,0,28,0,1,0,99,i,2.481,6,0,,,,,,,,,,,,,,,,,,,,,,,,,,,,,,,,,,,,,,,,,,,,,,,,,,i,0,2.481,,,,,,,,,,,,,90,0,90,0,1,,,,,,,,,,,,,,,,,,,,,,,,,,,,,,,,,,,,,,,,,,
,,,,,,,,,,,,,,,,,120,4,2024-09-06_13h38.38.181,Symbol-E,2020.1.3,Win32,Firefox,Mozilla/5.0 (Windows NT 10.0; Win64; x64; rv:129.0) Gecko/20100101 Firefox/129.0,60,,,,,,,,,,,,,,,,,,,,,,,,,,,,,,,,,,,,media/dgnb.png,3,3,Symb,f,CR,0,0,1,0,8,1,28,0,1,0,99,f,0.551,3,1,,,,,,,,,,,,,,,,,,,,,,,,,,,,,,,,,,,,,,,,,,,,,,,,,,f,1,0.551,,,,,,,,,,,,,91,0,91,0,1,,,,,,,,,,,,,,,,,,,,,,,,,,,,,,,,,,,,,,,,,,
,,,,,,,,,,,,,,,,,120,4,2024-09-06_13h38.38.181,Symbol-E,2020.1.3,Win32,Firefox,Mozilla/5.0 (Windows NT 10.0; Win64; x64; rv:129.0) Gecko/20100101 Firefox/129.0,60,,,,,,,,,,,,,,,,,,,,,,,,,,,,,,,,,,,,media/dnnb.png,2,2,Symb,e,CR,0,0,1,0,8,0,29,0,1,0,99,e,0.958,2,1,,,,,,,,,,,,,,,,,,,,,,,,,,,,,,,,,,,,,,,,,,,,,,,,,,e,1,0.958,,,,,,,,,,,,,92,0,92,0,1,,,,,,,,,,,,,,,,,,,,,,,,,,,,,,,,,,,,,,,,,,
,,,,,,,,,,,,,,,,,120,4,2024-09-06_13h38.38.181,Symbol-E,2020.1.3,Win32,Firefox,Mozilla/5.0 (Windows NT 10.0; Win64; x64; rv:129.0) Gecko/20100101 Firefox/129.0,60,,,,,,,,,,,,,,,,,,,,,,,,,,,,,,,,,,,,media/dcnb.png,4,0,Symb,h,CR,0,0,1,0,8,0,30,0,1,0,99,a,0.648,0,0,,,,,,,,,,,,,,,,,,,,,,,,,,,,,,,,,,,,,,,,,,,,,,,,,,a,0,0.648,,,,,,,,,,,,,93,0,93,0,1,,,,,,,,,,,,,,,,,,,,,,,,,,,,,,,,,,,,,,,,,,
,,,,,,,,,,,,,,,,,120,4,2024-09-06_13h38.38.181,Symbol-E,2020.1.3,Win32,Firefox,Mozilla/5.0 (Windows NT 10.0; Win64; x64; rv:129.0) Gecko/20100101 Firefox/129.0,60,,,,,,,,,,,,,,,,,,,,,,,,,,,,,,,,,,,,media/dcnb.png,4,0,Symb,h,CR,0,0,1,0,8,1,30,0,1,0,99,h,0.235,4,1,,,,,,,,,,,,,,,,,,,,,,,,,,,,,,,,,,,,,,,,,,,,,,,,,,h,1,0.235,,,,,,,,,,,,,94,0,94,0,1,,,,,,,,,,,,,,,,,,,,,,,,,,,,,,,,,,,,,,,,,,
,,,,,,,,,,,,,,,,,120,4,2024-09-06_13h38.38.181,Symbol-E,2020.1.3,Win32,Firefox,Mozilla/5.0 (Windows NT 10.0; Win64; x64; rv:129.0) Gecko/20100101 Firefox/129.0,60,,,,,,,,,,,,,,,,,,,,,,,,,,,,,,,,,,,,media/dinb.png,6,2,Symb,i,CR,0,0,1,0,8,0,31,0,1,0,99,i,3.106,6,1,,,,,,,,,,,,,,,,,,,,,,,,,,,,,,,,,,,,,,,,,,,,,,,,,,i,1,3.106,,,,,,,,,,,,,95,0,95,0,1,,,,,,,,,,,,,,,,,,,,,,,,,,,,,,,,,,,,,,,,,,
,,,,,,,,,,,,,,,,,120,4,2024-09-06_13h38.38.181,Symbol-E,2020.1.3,Win32,Firefox,Mozilla/5.0 (Windows NT 10.0; Win64; x64; rv:129.0) Gecko/20100101 Firefox/129.0,60,,,,,,,,,,,,,,,,,,,,,,,,,,,,,,,,,,,,media/ddnb.png,5,1,Symb,u,CR,0,0,1,0,8,0,32,0,1,0,99,w,1.069,1,0,,,,,,,,,,,,,,,,,,,,,,,,,,,,,,,,,,,,,,,,,,,,,,,,,,w,0,1.069,,,,,,,,,,,,,96,0,96,0,1,,,,,,,,,,,,,,,,,,,,,,,,,,,,,,,,,,,,,,,,,,
,,,,,,,,,,,,,,,,,120,4,2024-09-06_13h38.38.181,Symbol-E,2020.1.3,Win32,Firefox,Mozilla/5.0 (Windows NT 10.0; Win64; x64; rv:129.0) Gecko/20100101 Firefox/129.0,60,,,,,,,,,,,,,,,,,,,,,,,,,,,,,,,,,,,,media/ddnb.png,5,1,Symb,u,CR,0,0,1,0,8,1,32,0,1,0,99,u,0.295,5,1,,,,,,,,,,,,,,,,,,,,,,,,,,,,,,,,,,,,,,,,,,,,,,,,,,u,1,0.295,,,,,,,,,,,,,97,0,97,0,1,,,,,,,,,,,,,,,,,,,,,,,,,,,,,,,,,,,,,,,,,,
,,,,,,,,,,,,,,,,,120,4,2024-09-06_13h38.38.181,Symbol-E,2020.1.3,Win32,Firefox,Mozilla/5.0 (Windows NT 10.0; Win64; x64; rv:129.0) Gecko/20100101 Firefox/129.0,60,,,,,,,,,,,,,,,,,,,,,,,,,,,,,,,,,,,,media/dfnb.png,1,1,Symb,w,CR,0,0,1,0,8,0,33,0,1,0,99,w,1.311,1,1,,,,,,,,,,,,,,,,,,,,,,,,,,,,,,,,,,,,,,,,,,,,,,,,,,w,1,1.311,,,,,,,,,,,,,98,0,98,0,1,,,,,,,,,,,,,,,,,,,,,,,,,,,,,,,,,,,,,,,,,,
,,,,,,,,,,,,,,,,,120,4,2024-09-06_13h38.38.181,Symbol-E,2020.1.3,Win32,Firefox,Mozilla/5.0 (Windows NT 10.0; Win64; x64; rv:129.0) Gecko/20100101 Firefox/129.0,60,,,,,,,,,,,,,,,,,,,,,,,,,,,,,,,,,,,,media/dnnb.png,2,2,Symb,e,CR,0,0,1,0,8,0,34,0,1,0,99,e,0.679,2,1,,,,,,,,,,,,,,,,,,,,,,,,,,,,,,,,,,,,,,,,,,,,,,,,,,e,1,0.679,,,,,,,,,,,,,99,0,99,0,1,,,,,,,,,,,,,,,,,,,,,,,,,,,,,,,,,,,,,,,,,,
,,,,,,,,,,,,,,,,,120,4,2024-09-06_13h38.38.181,Symbol-E,2020.1.3,Win32,Firefox,Mozilla/5.0 (Windows NT 10.0; Win64; x64; rv:129.0) Gecko/20100101 Firefox/129.0,60,,,,,,,,,,,,,,,,,,,,,,,,,,,,,,,,,,,,media/dgnb.png,3,3,Symb,f,CR,0,0,1,0,8,0,35,0,1,0,99,i,2.613,6,0,,,,,,,,,,,,,,,,,,,,,,,,,,,,,,,,,,,,,,,,,,,,,,,,,,i,0,2.613,,,,,,,,,,,,,100,0,100,0,1,,,,,,,,,,,,,,,,,,,,,,,,,,,,,,,,,,,,,,,,,,
,,,,,,,,,,,,,,,,,120,4,2024-09-06_13h38.38.181,Symbol-E,2020.1.3,Win32,Firefox,Mozilla/5.0 (Windows NT 10.0; Win64; x64; rv:129.0) Gecko/20100101 Firefox/129.0,60,,,,,,,,,,,,,,,,,,,,,,,,,,,,,,,,,,,,media/dgnb.png,3,3,Symb,f,CR,0,0,1,0,8,1,35,0,1,0,99,h,0.385,4,0,,,,,,,,,,,,,,,,,,,,,,,,,,,,,,,,,,,,,,,,,,,,,,,,,,h,0,0.385,,,,,,,,,,,,,101,0,101,0,1,,,,,,,,,,,,,,,,,,,,,,,,,,,,,,,,,,,,,,,,,,
,,,,,,,,,,,,,,,,,120,4,2024-09-06_13h38.38.181,Symbol-E,2020.1.3,Win32,Firefox,Mozilla/5.0 (Windows NT 10.0; Win64; x64; rv:129.0) Gecko/20100101 Firefox/129.0,60,,,,,,,,,,,,,,,,,,,,,,,,,,,,,,,,,,,,media/dgnb.png,3,3,Symb,f,CR,0,0,1,0,8,2,35,0,1,0,99,f,0.411,3,1,,,,,,,,,,,,,,,,,,,,,,,,,,,,,,,,,,,,,,,,,,,,,,,,,,f,1,0.411,,,,,,,,,,,,,102,0,102,0,1,,,,,,,,,,,,,,,,,,,,,,,,,,,,,,,,,,,,,,,,,,
,,,,,,,,,,,,,,,,,120,4,2024-09-06_13h38.38.181,Symbol-E,2020.1.3,Win32,Firefox,Mozilla/5.0 (Windows NT 10.0; Win64; x64; rv:129.0) Gecko/20100101 Firefox/129.0,60,,,,,,,,,,,,,,,,,,,,,,,,,,,,,,,,,,,,media/dcnb.png,4,0,Symb,h,CR,0,0,1,0,8,0,36,0,1,0,99,h,1.375,4,1,,,,,,,,,,,,,,,,,,,,,,,,,,,,,,,,,,,,,,,,,,,,,,,,,,h,1,1.375,,,,,,,,,,,,,103,0,103,0,1,,,,,,,,,,,,,,,,,,,,,,,,,,,,,,,,,,,,,,,,,,
,,,,,,,,,,,,,,,,,120,4,2024-09-06_13h38.38.181,Symbol-E,2020.1.3,Win32,Firefox,Mozilla/5.0 (Windows NT 10.0; Win64; x64; rv:129.0) Gecko/20100101 Firefox/129.0,60,,,,,,,,,,,,,,,,,,,,,,,,,,,,,,,,,,,,media/djnb.png,0,0,Symb,a,CR,0,0,1,0,8,0,37,0,1,0,99,a,1.407,0,1,,,,,,,,,,,,,,,,,,,,,,,,,,,,,,,,,,,,,,,,,,,,,,,,,,a,1,1.407,,,,,,,,,,,,,104,0,104,0,1,,,,,,,,,,,,,,,,,,,,,,,,,,,,,,,,,,,,,,,,,,
,,,,,,,,,,,,,,,,,120,4,2024-09-06_13h38.38.181,Symbol-E,2020.1.3,Win32,Firefox,Mozilla/5.0 (Windows NT 10.0; Win64; x64; rv:129.0) Gecko/20100101 Firefox/129.0,60,,,,,,,,,,,,,,,,,,,,,,,,,,,,,,,,,,,,media/dinb.png,6,2,Symb,i,CR,0,0,1,0,8,0,38,0,1,0,99,i,1.773,6,1,,,,,,,,,,,,,,,,,,,,,,,,,,,,,,,,,,,,,,,,,,,,,,,,,,i,1,1.773,,,,,,,,,,,,,105,0,105,0,1,,,,,,,,,,,,,,,,,,,,,,,,,,,,,,,,,,,,,,,,,,
,,,,,,,,,,,,,,,,,120,4,2024-09-06_13h38.38.181,Symbol-E,2020.1.3,Win32,Firefox,Mozilla/5.0 (Windows NT 10.0; Win64; x64; rv:129.0) Gecko/20100101 Firefox/129.0,60,,,,,,,,,,,,,,,,,,,,,,,,,,,,,,,,,,,,media/dmnb.png,7,3,Symb,l,CR,0,0,1,0,8,0,39,0,1,0,99,u,0.715,5,0,,,,,,,,,,,,,,,,,,,,,,,,,,,,,,,,,,,,,,,,,,,,,,,,,,u,0,0.715,,,,,,,,,,,,,106,0,106,0,1,,,,,,,,,,,,,,,,,,,,,,,,,,,,,,,,,,,,,,,,,,
,,,,,,,,,,,,,,,,,120,4,2024-09-06_13h38.38.181,Symbol-E,2020.1.3,Win32,Firefox,Mozilla/5.0 (Windows NT 10.0; Win64; x64; rv:129.0) Gecko/20100101 Firefox/129.0,60,,,,,,,,,,,,,,,,,,,,,,,,,,,,,,,,,,,,media/dmnb.png,7,3,Symb,l,CR,0,0,1,0,8,1,39,0,1,0,99,l,0.194,7,1,,,,,,,,,,,,,,,,,,,,,,,,,,,,,,,,,,,,,,,,,,,,,,,,,,l,1,0.194,,,,,,,,,,,,,107,0,107,0,1,,,,,,,,,,,,,,,,,,,,,,,,,,,,,,,,,,,,,,,,,,
,,,,,,,,,,,,,,,,,120,4,2024-09-06_13h38.38.181,Symbol-E,2020.1.3,Win32,Firefox,Mozilla/5.0 (Windows NT 10.0; Win64; x64; rv:129.0) Gecko/20100101 Firefox/129.0,60,,,,,,,,,,,,,,,,,,,,,,,,,,,,,,,,,,,,media/ddnb.png,5,1,Symb,u,CR,0,0,1,0,8,0,40,0,1,0,99,u,0.741,5,1,,,,,,,,,,,,,,,,,,,,,,,,,,,,,,,,,,,,,,,,,,,,,,,,,,u,1,0.741,,,,,,,,,,,,,108,0,108,0,1,,,,,,,,,,,,,,,,,,,,,,,,,,,,,,,,,,,,,,,,,,
,,,,,,,,,,,,,,,,,120,4,2024-09-06_13h38.38.181,Symbol-E,2020.1.3,Win32,Firefox,Mozilla/5.0 (Windows NT 10.0; Win64; x64; rv:129.0) Gecko/20100101 Firefox/129.0,60,,,,,,,,,,,,,,,,,,,,,,,,,,,,,,,,,,,,media/dcnb.png,4,0,Symb,h,CR,0,0,1,0,8,0,41,0,1,0,99,i,1.439,6,0,,,,,,,,,,,,,,,,,,,,,,,,,,,,,,,,,,,,,,,,,,,,,,,,,,i,0,1.439,,,,,,,,,,,,,109,0,109,0,1,,,,,,,,,,,,,,,,,,,,,,,,,,,,,,,,,,,,,,,,,,
,,,,,,,,,,,,,,,,,120,4,2024-09-06_13h38.38.181,Symbol-E,2020.1.3,Win32,Firefox,Mozilla/5.0 (Windows NT 10.0; Win64; x64; rv:129.0) Gecko/20100101 Firefox/129.0,60,,,,,,,,,,,,,,,,,,,,,,,,,,,,,,,,,,,,media/dcnb.png,4,0,Symb,h,CR,0,0,1,0,8,1,41,0,1,0,99,h,0.483,4,1,,,,,,,,,,,,,,,,,,,,,,,,,,,,,,,,,,,,,,,,,,,,,,,,,,h,1,0.483,,,,,,,,,,,,,110,0,110,0,1,,,,,,,,,,,,,,,,,,,,,,,,,,,,,,,,,,,,,,,,,,
,,,,,,,,,,,,,,,,,120,4,2024-09-06_13h38.38.181,Symbol-E,2020.1.3,Win32,Firefox,Mozilla/5.0 (Windows NT 10.0; Win64; x64; rv:129.0) Gecko/20100101 Firefox/129.0,60,,,,,,,,,,,,,,,,,,,,,,,,,,,,,,,,,,,,media/dfnb.png,1,1,Symb,w,CR,0,0,1,0,8,0,42,0,1,0,99,w,1.116,1,1,,,,,,,,,,,,,,,,,,,,,,,,,,,,,,,,,,,,,,,,,,,,,,,,,,w,1,1.116,,,,,,,,,,,,,111,0,111,0,1,,,,,,,,,,,,,,,,,,,,,,,,,,,,,,,,,,,,,,,,,,
,,,,,,,,,,,,,,,,,120,4,2024-09-06_13h38.38.181,Symbol-E,2020.1.3,Win32,Firefox,Mozilla/5.0 (Windows NT 10.0; Win64; x64; rv:129.0) Gecko/20100101 Firefox/129.0,60,,,,,,,,,,,,,,,,,,,,,,,,,,,,,,,,,,,,media/dmnb.png,7,3,Symb,l,CR,0,0,1,0,8,0,43,0,1,0,99,u,1.393,5,0,,,,,,,,,,,,,,,,,,,,,,,,,,,,,,,,,,,,,,,,,,,,,,,,,,u,0,1.393,,,,,,,,,,,,,112,0,112,0,1,,,,,,,,,,,,,,,,,,,,,,,,,,,,,,,,,,,,,,,,,,
,,,,,,,,,,,,,,,,,120,4,2024-09-06_13h38.38.181,Symbol-E,2020.1.3,Win32,Firefox,Mozilla/5.0 (Windows NT 10.0; Win64; x64; rv:129.0) Gecko/20100101 Firefox/129.0,60,,,,,,,,,,,,,,,,,,,,,,,,,,,,,,,,,,,,media/dmnb.png,7,3,Symb,l,CR,0,0,1,0,8,1,43,0,1,0,99,l,0.152,7,1,,,,,,,,,,,,,,,,,,,,,,,,,,,,,,,,,,,,,,,,,,,,,,,,,,l,1,0.152,,,,,,,,,,,,,113,0,113,0,1,,,,,,,,,,,,,,,,,,,,,,,,,,,,,,,,,,,,,,,,,,
,,,,,,,,,,,,,,,,,120,4,2024-09-06_13h38.38.181,Symbol-E,2020.1.3,Win32,Firefox,Mozilla/5.0 (Windows NT 10.0; Win64; x64; rv:129.0) Gecko/20100101 Firefox/129.0,60,,,,,,,,,,,,,,,,,,,,,,,,,,,,,,,,,,,,media/dnnb.png,2,2,Symb,e,CR,0,0,1,0,8,0,44,0,1,0,99,e,0.749,2,1,,,,,,,,,,,,,,,,,,,,,,,,,,,,,,,,,,,,,,,,,,,,,,,,,,e,1,0.749,,,,,,,,,,,,,114,0,114,0,1,,,,,,,,,,,,,,,,,,,,,,,,,,,,,,,,,,,,,,,,,,
,,,,,,,,,,,,,,,,,120,4,2024-09-06_13h38.38.181,Symbol-E,2020.1.3,Win32,Firefox,Mozilla/5.0 (Windows NT 10.0; Win64; x64; rv:129.0) Gecko/20100101 Firefox/129.0,60,,,,,,,,,,,,,,,,,,,,,,,,,,,,,,,,,,,,media/dnnb.png,2,2,Symb,e,CR,0,0,1,0,8,0,45,0,1,0,99,e,0.687,2,1,,,,,,,,,,,,,,,,,,,,,,,,,,,,,,,,,,,,,,,,,,,,,,,,,,e,1,0.687,,,,,,,,,,,,,115,0,115,0,1,,,,,,,,,,,,,,,,,,,,,,,,,,,,,,,,,,,,,,,,,,
,,,,,,,,,,,,,,,,,120,4,2024-09-06_13h38.38.181,Symbol-E,2020.1.3,Win32,Firefox,Mozilla/5.0 (Windows NT 10.0; Win64; x64; rv:129.0) Gecko/20100101 Firefox/129.0,60,,,,,,,,,,,,,,,,,,,,,,,,,,,,,,,,,,,,media/dinb.png,6,2,Symb,i,CR,0,0,1,0,8,0,46,0,1,0,99,i,1.204,6,1,,,,,,,,,,,,,,,,,,,,,,,,,,,,,,,,,,,,,,,,,,,,,,,,,,i,1,1.204,,,,,,,,,,,,,116,0,116,0,1,,,,,,,,,,,,,,,,,,,,,,,,,,,,,,,,,,,,,,,,,,
,,,,,,,,,,,,,,,,,120,4,2024-09-06_13h38.38.181,Symbol-E,2020.1.3,Win32,Firefox,Mozilla/5.0 (Windows NT 10.0; Win64; x64; rv:129.0) Gecko/20100101 Firefox/129.0,60,,,,,,,,,,,,,,,,,,,,,,,,,,,,,,,,,,,,media/dcnb.png,4,0,Symb,h,CR,0,0,1,0,8,0,47,0,1,0,99,h,1.372,4,1,,,,,,,,,,,,,,,,,,,,,,,,,,,,,,,,,,,,,,,,,,,,,,,,,,h,1,1.372,,,,,,,,,,,,,117,0,117,0,1,,,,,,,,,,,,,,,,,,,,,,,,,,,,,,,,,,,,,,,,,,
,,,,,,,,,,,,,,,,,120,4,2024-09-06_13h38.38.181,Symbol-E,2020.1.3,Win32,Firefox,Mozilla/5.0 (Windows NT 10.0; Win64; x64; rv:129.0) Gecko/20100101 Firefox/129.0,60,,,,,,,,,,,,,,,,,,,,,,,,,,,,,,,,,,,,media/ddnb.png,5,1,Symb,u,CR,0,0,1,0,8,0,48,0,1,0,99,f,2.022,3,0,,,,,,,,,,,,,,,,,,,,,,,,,,,,,,,,,,,,,,,,,,,,,,,,,,f,0,2.022,,,,,,,,,,,,,118,0,118,0,1,,,,,,,,,,,,,,,,,,,,,,,,,,,,,,,,,,,,,,,,,,
,,,,,,,,,,,,,,,,,120,4,2024-09-06_13h38.38.181,Symbol-E,2020.1.3,Win32,Firefox,Mozilla/5.0 (Windows NT 10.0; Win64; x64; rv:129.0) Gecko/20100101 Firefox/129.0,60,,,,,,,,,,,,,,,,,,,,,,,,,,,,,,,,,,,,media/ddnb.png,5,1,Symb,u,CR,0,0,1,0,8,1,48,0,1,0,99,u,0.625,5,1,,,,,,,,,,,,,,,,,,,,,,,,,,,,,,,,,,,,,,,,,,,,,,,,,,u,1,0.625,,,,,,,,,,,,,119,0,119,0,1,,,,,,,,,,,,,,,,,,,,,,,,,,,,,,,,,,,,,,,,,,
,,,,,,,,,,,,,,,,,120,4,2024-09-06_13h38.38.181,Symbol-E,2020.1.3,Win32,Firefox,Mozilla/5.0 (Windows NT 10.0; Win64; x64; rv:129.0) Gecko/20100101 Firefox/129.0,60,,,,,,,,,,,,,,,,,,,,,,,,,,,,,,,,,,,,media/djnb.png,0,0,Symb,a,CR,0,0,1,0,8,0,49,0,1,0,99,a,0.888,0,1,,,,,,,,,,,,,,,,,,,,,,,,,,,,,,,,,,,,,,,,,,,,,,,,,,a,1,0.888,,,,,,,,,,,,,120,0,120,0,1,,,,,,,,,,,,,,,,,,,,,,,,,,,,,,,,,,,,,,,,,,
,,,,,,,,,,,,,,,,,120,4,2024-09-06_13h38.38.181,Symbol-E,2020.1.3,Win32,Firefox,Mozilla/5.0 (Windows NT 10.0; Win64; x64; rv:129.0) Gecko/20100101 Firefox/129.0,60,,,,,,,,,,,,,,,,,,,,,,,,,,,,,,,,,,,,media/dmnb.png,7,3,Symb,l,CR,0,0,1,0,8,0,50,0,1,0,99,i,1.734,6,0,,,,,,,,,,,,,,,,,,,,,,,,,,,,,,,,,,,,,,,,,,,,,,,,,,i,0,1.734,,,,,,,,,,,,,121,0,121,0,1,,,,,,,,,,,,,,,,,,,,,,,,,,,,,,,,,,,,,,,,,,
,,,,,,,,,,,,,,,,,120,4,2024-09-06_13h38.38.181,Symbol-E,2020.1.3,Win32,Firefox,Mozilla/5.0 (Windows NT 10.0; Win64; x64; rv:129.0) Gecko/20100101 Firefox/129.0,60,,,,,,,,,,,,,,,,,,,,,,,,,,,,,,,,,,,,media/dmnb.png,7,3,Symb,l,CR,0,0,1,0,8,1,50,0,1,0,99,f,0.255,3,0,,,,,,,,,,,,,,,,,,,,,,,,,,,,,,,,,,,,,,,,,,,,,,,,,,f,0,0.255,,,,,,,,,,,,,122,0,122,0,1,,,,,,,,,,,,,,,,,,,,,,,,,,,,,,,,,,,,,,,,,,
,,,,,,,,,,,,,,,,,120,4,2024-09-06_13h38.38.181,Symbol-E,2020.1.3,Win32,Firefox,Mozilla/5.0 (Windows NT 10.0; Win64; x64; rv:129.0) Gecko/20100101 Firefox/129.0,60,,,,,,,,,,,,,,,,,,,,,,,,,,,,,,,,,,,,media/dmnb.png,7,3,Symb,l,CR,0,0,1,0,8,2,50,0,1,0,99,h,0.18,4,0,,,,,,,,,,,,,,,,,,,,,,,,,,,,,,,,,,,,,,,,,,,,,,,,,,h,0,0.18,,,,,,,,,,,,,123,0,123,0,1,,,,,,,,,,,,,,,,,,,,,,,,,,,,,,,,,,,,,,,,,,
,,,,,,,,,,,,,,,,,120,4,2024-09-06_13h38.38.181,Symbol-E,2020.1.3,Win32,Firefox,Mozilla/5.0 (Windows NT 10.0; Win64; x64; rv:129.0) Gecko/20100101 Firefox/129.0,60,,,,,,,,,,,,,,,,,,,,,,,,,,,,,,,,,,,,media/dmnb.png,7,3,Symb,l,CR,0,0,1,0,8,3,50,0,1,0,99,w,0.146,1,0,,,,,,,,,,,,,,,,,,,,,,,,,,,,,,,,,,,,,,,,,,,,,,,,,,w,0,0.146,,,,,,,,,,,,,124,0,124,0,1,,,,,,,,,,,,,,,,,,,,,,,,,,,,,,,,,,,,,,,,,,
,,,,,,,,,,,,,,,,,120,4,2024-09-06_13h38.38.181,Symbol-E,2020.1.3,Win32,Firefox,Mozilla/5.0 (Windows NT 10.0; Win64; x64; rv:129.0) Gecko/20100101 Firefox/129.0,60,,,,,,,,,,,,,,,,,,,,,,,,,,,,,,,,,,,,media/dmnb.png,7,3,Symb,l,CR,0,0,1,0,8,4,50,0,1,0,99,l,0.039,7,1,,,,,,,,,,,,,,,,,,,,,,,,,,,,,,,,,,,,,,,,,,,,,,,,,,l,1,0.039,,,,,,,,,,,,,125,0,125,0,1,,,,,,,,,,,,,,,,,,,,,,,,,,,,,,,,,,,,,,,,,,
,,,,,,,,,,,,,,,,,120,4,2024-09-06_13h38.38.181,Symbol-E,2020.1.3,Win32,Firefox,Mozilla/5.0 (Windows NT 10.0; Win64; x64; rv:129.0) Gecko/20100101 Firefox/129.0,60,,,,,,,,,,,,,,,,,,,,,,,,,,,,,,,,,,,,media/dinb.png,6,2,Symb,i,CR,0,0,1,0,8,0,51,0,1,0,99,l,1.093,7,0,,,,,,,,,,,,,,,,,,,,,,,,,,,,,,,,,,,,,,,,,,,,,,,,,,l,0,1.093,,,,,,,,,,,,,126,0,126,0,1,,,,,,,,,,,,,,,,,,,,,,,,,,,,,,,,,,,,,,,,,,
,,,,,,,,,,,,,,,,,120,4,2024-09-06_13h38.38.181,Symbol-E,2020.1.3,Win32,Firefox,Mozilla/5.0 (Windows NT 10.0; Win64; x64; rv:129.0) Gecko/20100101 Firefox/129.0,60,,,,,,,,,,,,,,,,,,,,,,,,,,,,,,,,,,,,media/dinb.png,6,2,Symb,i,CR,0,0,1,0,8,1,51,0,1,0,99,i,0.051,6,1,,,,,,,,,,,,,,,,,,,,,,,,,,,,,,,,,,,,,,,,,,,,,,,,,,i,1,0.051,,,,,,,,,,,,,127,0,127,0,1,,,,,,,,,,,,,,,,,,,,,,,,,,,,,,,,,,,,,,,,,,
,,,,,,,,,,,,,,,,,120,4,2024-09-06_13h38.38.181,Symbol-E,2020.1.3,Win32,Firefox,Mozilla/5.0 (Windows NT 10.0; Win64; x64; rv:129.0) Gecko/20100101 Firefox/129.0,60,,,,,,,,,,,,,,,,,,,,,,,,,,,,,,,,,,,,media/dgnb.png,3,3,Symb,f,CR,0,0,1,0,8,0,52,0,1,0,99,h,1.342,4,0,,,,,,,,,,,,,,,,,,,,,,,,,,,,,,,,,,,,,,,,,,,,,,,,,,h,0,1.342,,,,,,,,,,,,,128,0,128,0,1,,,,,,,,,,,,,,,,,,,,,,,,,,,,,,,,,,,,,,,,,,
,,,,,,,,,,,,,,,,,120,4,2024-09-06_13h38.38.181,Symbol-E,2020.1.3,Win32,Firefox,Mozilla/5.0 (Windows NT 10.0; Win64; x64; rv:129.0) Gecko/20100101 Firefox/129.0,60,,,,,,,,,,,,,,,,,,,,,,,,,,,,,,,,,,,,media/dgnb.png,3,3,Symb,f,CR,0,0,1,0,8,1,52,0,1,0,99,f,0.264,3,1,,,,,,,,,,,,,,,,,,,,,,,,,,,,,,,,,,,,,,,,,,,,,,,,,,f,1,0.264,,,,,,,,,,,,,129,0,129,0,1,,,,,,,,,,,,,,,,,,,,,,,,,,,,,,,,,,,,,,,,,,
,,,,,,,,,,,,,,,,,120,4,2024-09-06_13h38.38.181,Symbol-E,2020.1.3,Win32,Firefox,Mozilla/5.0 (Windows NT 10.0; Win64; x64; rv:129.0) Gecko/20100101 Firefox/129.0,60,,,,,,,,,,,,,,,,,,,,,,,,,,,,,,,,,,,,media/dfnb.png,1,1,Symb,w,CR,0,0,1,0,8,0,53,0,1,0,99,w,1.309,1,1,,,,,,,,,,,,,,,,,,,,,,,,,,,,,,,,,,,,,,,,,,,,,,,,,,w,1,1.309,,,,,,,,,,,,,130,0,130,0,1,,,,,,,,,,,,,,,,,,,,,,,,,,,,,,,,,,,,,,,,,,
,,,,,,,,,,,,,,,,,120,4,2024-09-06_13h38.38.181,Symbol-E,2020.1.3,Win32,Firefox,Mozilla/5.0 (Windows NT 10.0; Win64; x64; rv:129.0) Gecko/20100101 Firefox/129.0,60,,,,,,,,,,,,,,,,,,,,,,,,,,,,,,,,,,,,media/dgnb.png,3,3,Symb,f,CR,0,0,1,0,8,0,54,0,1,0,99,f,1.208,3,1,,,,,,,,,,,,,,,,,,,,,,,,,,,,,,,,,,,,,,,,,,,,,,,,,,f,1,1.208,,,,,,,,,,,,,131,0,131,0,1,,,,,,,,,,,,,,,,,,,,,,,,,,,,,,,,,,,,,,,,,,
,,,,,,,,,,,,,,,,,120,4,2024-09-06_13h38.38.181,Symbol-E,2020.1.3,Win32,Firefox,Mozilla/5.0 (Windows NT 10.0; Win64; x64; rv:129.0) Gecko/20100101 Firefox/129.0,60,,,,,,,,,,,,,,,,,,,,,,,,,,,,,,,,,,,,media/djnb.png,0,0,Symb,a,CR,0,0,1,0,8,0,55,0,1,0,99,a,0.788,0,1,,,,,,,,,,,,,,,,,,,,,,,,,,,,,,,,,,,,,,,,,,,,,,,,,,a,1,0.788,,,,,,,,,,,,,132,0,132,0,1,,,,,,,,,,,,,,,,,,,,,,,,,,,,,,,,,,,,,,,,,,
,,,,,,,,,,,,,,,,,120,4,2024-09-06_13h38.38.181,Symbol-E,2020.1.3,Win32,Firefox,Mozilla/5.0 (Windows NT 10.0; Win64; x64; rv:129.0) Gecko/20100101 Firefox/129.0,60,,,,,,,,,,,,,,,,,,,,,,,,,,,,,,,,,,,,media/dinb.png,6,2,Symb,i,CR,0,0,1,0,8,0,56,0,1,0,99,i,1.651,6,1,,,,,,,,,,,,,,,,,,,,,,,,,,,,,,,,,,,,,,,,,,,,,,,,,,i,1,1.651,,,,,,,,,,,,,133,0,133,0,1,,,,,,,,,,,,,,,,,,,,,,,,,,,,,,,,,,,,,,,,,,
,,,,,,,,,,,,,,,,,120,4,2024-09-06_13h38.38.181,Symbol-E,2020.1.3,Win32,Firefox,Mozilla/5.0 (Windows NT 10.0; Win64; x64; rv:129.0) Gecko/20100101 Firefox/129.0,60,,,,,,,,,,,,,,,,,,,,,,,,,,,,,,,,,,,,media/dnnb.png,2,2,Symb,e,CR,0,0,1,0,8,0,57,0,1,0,99,e,0.672,2,1,,,,,,,,,,,,,,,,,,,,,,,,,,,,,,,,,,,,,,,,,,,,,,,,,,e,1,0.672,,,,,,,,,,,,,134,0,134,0,1,,,,,,,,,,,,,,,,,,,,,,,,,,,,,,,,,,,,,,,,,,
,,,,,,,,,,,,,,,,,120,4,2024-09-06_13h38.38.181,Symbol-E,2020.1.3,Win32,Firefox,Mozilla/5.0 (Windows NT 10.0; Win64; x64; rv:129.0) Gecko/20100101 Firefox/129.0,60,,,,,,,,,,,,,,,,,,,,,,,,,,,,,,,,,,,,media/djnb.png,0,0,Symb,a,CR,0,0,1,0,8,0,58,0,1,0,99,a,0.589,0,1,,,,,,,,,,,,,,,,,,,,,,,,,,,,,,,,,,,,,,,,,,,,,,,,,,a,1,0.589,,,,,,,,,,,,,135,0,135,0,1,,,,,,,,,,,,,,,,,,,,,,,,,,,,,,,,,,,,,,,,,,
,,,,,,,,,,,,,,,,,120,4,2024-09-06_13h38.38.181,Symbol-E,2020.1.3,Win32,Firefox,Mozilla/5.0 (Windows NT 10.0; Win64; x64; rv:129.0) Gecko/20100101 Firefox/129.0,60,,,,,,,,,,,,,,,,,,,,,,,,,,,,,,,,,,,,media/dinb.png,6,2,Symb,i,CR,0,0,1,0,8,0,59,0,1,0,99,i,1.091,6,1,,,,,,,,,,,,,,,,,,,,,,,,,,,,,,,,,,,,,,,,,,,,,,,,,,i,1,1.091,,,,,,,,,,,,,136,0,136,0,1,,,,,,,,,,,,,,,,,,,,,,,,,,,,,,,,,,,,,,,,,,
,,,,,,,,,,,,,,,,,120,4,2024-09-06_13h38.38.181,Symbol-E,2020.1.3,Win32,Firefox,Mozilla/5.0 (Windows NT 10.0; Win64; x64; rv:129.0) Gecko/20100101 Firefox/129.0,60,,,,,,,,,,,,,,,,,,,,,,,,,,,,,,,,,,,,media/dgnb.png,3,3,Symb,f,CR,0,0,1,0,8,0,60,0,1,0,99,u,1.793,5,0,,,,,,,,,,,,,,,,,,,,,,,,,,,,,,,,,,,,,,,,,,,,,,,,,,u,0,1.793,,,,,,,,,,,,,137,0,137,0,1,,,,,,,,,,,,,,,,,,,,,,,,,,,,,,,,,,,,,,,,,,
,,,,,,,,,,,,,,,,,120,4,2024-09-06_13h38.38.181,Symbol-E,2020.1.3,Win32,Firefox,Mozilla/5.0 (Windows NT 10.0; Win64; x64; rv:129.0) Gecko/20100101 Firefox/129.0,60,,,,,,,,,,,,,,,,,,,,,,,,,,,,,,,,,,,,media/dgnb.png,3,3,Symb,f,CR,0,0,1,0,8,1,60,0,1,0,99,l,0.34,7,0,,,,,,,,,,,,,,,,,,,,,,,,,,,,,,,,,,,,,,,,,,,,,,,,,,l,0,0.34,,,,,,,,,,,,,138,0,138,0,1,,,,,,,,,,,,,,,,,,,,,,,,,,,,,,,,,,,,,,,,,,
,,,,,,,,,,,,,,,,,120,4,2024-09-06_13h38.38.181,Symbol-E,2020.1.3,Win32,Firefox,Mozilla/5.0 (Windows NT 10.0; Win64; x64; rv:129.0) Gecko/20100101 Firefox/129.0,60,,,,,,,,,,,,,,,,,,,,,,,,,,,,,,,,,,,,media/dgnb.png,3,3,Symb,f,CR,0,0,1,0,8,2,60,0,1,0,99,h,0.813,4,0,,,,,,,,,,,,,,,,,,,,,,,,,,,,,,,,,,,,,,,,,,,,,,,,,,h,0,0.813,,,,,,,,,,,,,139,0,139,0,1,,,,,,,,,,,,,,,,,,,,,,,,,,,,,,,,,,,,,,,,,,
,,,,,,,,,,,,,,,,,120,4,2024-09-06_13h38.38.181,Symbol-E,2020.1.3,Win32,Firefox,Mozilla/5.0 (Windows NT 10.0; Win64; x64; rv:129.0) Gecko/20100101 Firefox/129.0,60,,,,,,,,,,,,,,,,,,,,,,,,,,,,,,,,,,,,media/dgnb.png,3,3,Symb,f,CR,0,0,1,0,8,3,60,0,1,0,99,f,0.317,3,1,,,,,,,,,,,,,,,,,,,,,,,,,,,,,,,,,,,,,,,,,,,,,,,,,,f,1,0.317,,,,,,,,,,,,,140,0,140,0,1,,,,,,,,,,,,,,,,,,,,,,,,,,,,,,,,,,,,,,,,,,
,,,,,,,,,,,,,,,,,120,4,2024-09-06_13h38.38.181,Symbol-E,2020.1.3,Win32,Firefox,Mozilla/5.0 (Windows NT 10.0; Win64; x64; rv:129.0) Gecko/20100101 Firefox/129.0,60,,,,,,,,,,,,,,,,,,,,,,,,,,,,,,,,,,,,media/dnnb.png,2,2,Symb,e,CR,0,0,1,0,8,0,61,0,1,0,99,e,0.566,2,1,,,,,,,,,,,,,,,,,,,,,,,,,,,,,,,,,,,,,,,,,,,,,,,,,,e,1,0.566,,,,,,,,,,,,,141,0,141,0,1,,,,,,,,,,,,,,,,,,,,,,,,,,,,,,,,,,,,,,,,,,
,,,,,,,,,,,,,,,,,120,4,2024-09-06_13h38.38.181,Symbol-E,2020.1.3,Win32,Firefox,Mozilla/5.0 (Windows NT 10.0; Win64; x64; rv:129.0) Gecko/20100101 Firefox/129.0,60,,,,,,,,,,,,,,,,,,,,,,,,,,,,,,,,,,,,media/dfnb.png,1,1,Symb,w,CR,0,0,1,0,8,0,62,0,1,0,99,w,0.777,1,1,,,,,,,,,,,,,,,,,,,,,,,,,,,,,,,,,,,,,,,,,,,,,,,,,,w,1,0.777,,,,,,,,,,,,,142,0,142,0,1,,,,,,,,,,,,,,,,,,,,,,,,,,,,,,,,,,,,,,,,,,
,,,,,,,,,,,,,,,,,120,4,2024-09-06_13h38.38.181,Symbol-E,2020.1.3,Win32,Firefox,Mozilla/5.0 (Windows NT 10.0; Win64; x64; rv:129.0) Gecko/20100101 Firefox/129.0,60,,,,,,,,,,,,,,,,,,,,,,,,,,,,,,,,,,,,media/dmnb.png,7,3,Symb,l,CR,0,0,1,0,8,0,63,0,1,0,99,u,1.077,5,0,,,,,,,,,,,,,,,,,,,,,,,,,,,,,,,,,,,,,,,,,,,,,,,,,,u,0,1.077,,,,,,,,,,,,,143,0,143,0,1,,,,,,,,,,,,,,,,,,,,,,,,,,,,,,,,,,,,,,,,,,
,,,,,,,,,,,,,,,,,120,4,2024-09-06_13h38.38.181,Symbol-E,2020.1.3,Win32,Firefox,Mozilla/5.0 (Windows NT 10.0; Win64; x64; rv:129.0) Gecko/20100101 Firefox/129.0,60,,,,,,,,,,,,,,,,,,,,,,,,,,,,,,,,,,,,media/dmnb.png,7,3,Symb,l,CR,0,0,1,0,8,1,63,0,1,0,99,l,0.293,7,1,,,,,,,,,,,,,,,,,,,,,,,,,,,,,,,,,,,,,,,,,,,,,,,,,,l,1,0.293,,,,,,,,,,,,,144,0,144,0,1,,,,,,,,,,,,,,,,,,,,,,,,,,,,,,,,,,,,,,,,,,
,,,,,,,,,,,,,,,,,120,4,2024-09-06_13h38.38.181,Symbol-E,2020.1.3,Win32,Firefox,Mozilla/5.0 (Windows NT 10.0; Win64; x64; rv:129.0) Gecko/20100101 Firefox/129.0,60,,,,,,,,,,,,,,,,,,,,,,,,,,,,,,,,,,,,media/djnb.png,0,0,Symb,a,CR,0,0,1,0,8,0,64,0,1,0,99,a,0.92,0,1,,,,,,,,,,,,,,,,,,,,,,,,,,,,,,,,,,,,,,,,,,,,,,,,,,a,1,0.92,,,,,,,,,,,,,145,0,145,0,1,,,,,,,,,,,,,,,,,,,,,,,,,,,,,,,,,,,,,,,,,,
,,,,,,,,,,,,,,,,,120,4,2024-09-06_13h38.38.181,Symbol-E,2020.1.3,Win32,Firefox,Mozilla/5.0 (Windows NT 10.0; Win64; x64; rv:129.0) Gecko/20100101 Firefox/129.0,60,,,,,,,,,,,,,,,,,,,,,,,,,,,,,,,,,,,,media/ddnb.png,5,1,Symb,u,CR,0,0,1,0,8,0,65,0,1,0,99,u,0.719,5,1,,,,,,,,,,,,,,,,,,,,,,,,,,,,,,,,,,,,,,,,,,,,,,,,,,u,1,0.719,,,,,,,,,,,,,146,0,146,0,1,,,,,,,,,,,,,,,,,,,,,,,,,,,,,,,,,,,,,,,,,,
,,,,,,,,,,,,,,,,,120,4,2024-09-06_13h38.38.181,Symbol-E,2020.1.3,Win32,Firefox,Mozilla/5.0 (Windows NT 10.0; Win64; x64; rv:129.0) Gecko/20100101 Firefox/129.0,60,,,,,,,,,,,,,,,,,,,,,,,,,,,,,,,,,,,,media/ddnb.png,5,1,Symb,u,CR,0,0,1,0,8,0,66,0,1,0,99,u,0.428,5,1,,,,,,,,,,,,,,,,,,,,,,,,,,,,,,,,,,,,,,,,,,,,,,,,,,u,1,0.428,,,,,,,,,,,,,147,0,147,0,1,,,,,,,,,,,,,,,,,,,,,,,,,,,,,,,,,,,,,,,,,,
,,,,,,,,,,,,,,,,,120,4,2024-09-06_13h38.38.181,Symbol-E,2020.1.3,Win32,Firefox,Mozilla/5.0 (Windows NT 10.0; Win64; x64; rv:129.0) Gecko/20100101 Firefox/129.0,60,,,,,,,,,,,,,,,,,,,,,,,,,,,,,,,,,,,,media/dgnb.png,3,3,Symb,f,CR,0,0,1,0,8,0,67,0,1,0,99,f,2.377,3,1,,,,,,,,,,,,,,,,,,,,,,,,,,,,,,,,,,,,,,,,,,,,,,,,,,f,1,2.377,,,,,,,,,,,,,148,0,148,0,1,,,,,,,,,,,,,,,,,,,,,,,,,,,,,,,,,,,,,,,,,,
,,,,,,,,,,,,,,,,,120,4,2024-09-06_13h38.38.181,Symbol-E,2020.1.3,Win32,Firefox,Mozilla/5.0 (Windows NT 10.0; Win64; x64; rv:129.0) Gecko/20100101 Firefox/129.0,60,,,,,,,,,,,,,,,,,,,,,,,,,,,,,,,,,,,,media/dfnb.png,1,1,Symb,w,CR,0,0,1,0,8,0,68,0,1,0,99,w,0.686,1,1,,,,,,,,,,,,,,,,,,,,,,,,,,,,,,,,,,,,,,,,,,,,,,,,,,w,1,0.686,,,,,,,,,,,,,149,0,149,0,1,,,,,,,,,,,,,,,,,,,,,,,,,,,,,,,,,,,,,,,,,,
,,,,,,,,,,,,,,,,,120,4,2024-09-06_13h38.38.181,Symbol-E,2020.1.3,Win32,Firefox,Mozilla/5.0 (Windows NT 10.0; Win64; x64; rv:129.0) Gecko/20100101 Firefox/129.0,60,,,,,,,,,,,,,,,,,,,,,,,,,,,,,,,,,,,,media/dcnb.png,4,0,Symb,h,CR,0,0,1,0,8,0,69,0,1,0,99,h,1.51,4,1,,,,,,,,,,,,,,,,,,,,,,,,,,,,,,,,,,,,,,,,,,,,,,,,,,h,1,1.51,,,,,,,,,,,,,150,0,150,0,1,,,,,,,,,,,,,,,,,,,,,,,,,,,,,,,,,,,,,,,,,,
,,,,,,,,,,,,,,,,,120,4,2024-09-06_13h38.38.181,Symbol-E,2020.1.3,Win32,Firefox,Mozilla/5.0 (Windows NT 10.0; Win64; x64; rv:129.0) Gecko/20100101 Firefox/129.0,60,,,,,,,,,,,,,,,,,,,,,,,,,,,,,,,,,,,,media/dcnb.png,4,0,Symb,h,CR,0,0,1,0,8,0,70,0,1,0,99,h,0.443,4,1,,,,,,,,,,,,,,,,,,,,,,,,,,,,,,,,,,,,,,,,,,,,,,,,,,h,1,0.443,,,,,,,,,,,,,151,0,151,0,1,,,,,,,,,,,,,,,,,,,,,,,,,,,,,,,,,,,,,,,,,,
,,,,,,,,,,,,,,,,,120,4,2024-09-06_13h38.38.181,Symbol-E,2020.1.3,Win32,Firefox,Mozilla/5.0 (Windows NT 10.0; Win64; x64; rv:129.0) Gecko/20100101 Firefox/129.0,60,,,,,,,,,,,,,,,,,,,,,,,,,,,,,,,,,,,,media/dmnb.png,7,3,Symb,l,CR,0,0,1,0,8,0,71,0,1,0,99,l,1.007,7,1,,,,,,,,,,,,,,,,,,,,,,,,,,,,,,,,,,,,,,,,,,,,,,,,,,l,1,1.007,,,,,,,,,,,,,152,0,152,0,1,,,,,,,,,,,,,,,,,,,,,,,,,,,,,,,,,,,,,,,,,,
,,,,,,,,,,,,,,,,,120,4,2024-09-06_13h38.38.181,Symbol-E,2020.1.3,Win32,Firefox,Mozilla/5.0 (Windows NT 10.0; Win64; x64; rv:129.0) Gecko/20100101 Firefox/129.0,60,,,,,,,,,,,,,,,,,,,,,,,,,,,,,,,,,,,,media/ddnb.png,5,1,Symb,u,CR,0,0,1,0,8,0,72,0,1,0,99,u,2.13,5,1,,,,,,,,,,,,,,,,,,,,,,,,,,,,,,,,,,,,,,,,,,,,,,,,,,u,1,2.13,,,,,,,,,,,,,153,0,153,0,1,,,,,,,,,,,,,,,,,,,,,,,,,,,,,,,,,,,,,,,,,,
,,,,,,,,,,,,,,,,,120,4,2024-09-06_13h38.38.181,Symbol-E,2020.1.3,Win32,Firefox,Mozilla/5.0 (Windows NT 10.0; Win64; x64; rv:129.0) Gecko/20100101 Firefox/129.0,60,,,,,,,,,,,,,,,,,,,,,,,,,,,,,,,,,,,,media/dnnb.png,2,2,Symb,e,CR,0,0,1,0,8,0,73,0,1,0,99,e,0.618,2,1,,,,,,,,,,,,,,,,,,,,,,,,,,,,,,,,,,,,,,,,,,,,,,,,,,e,1,0.618,,,,,,,,,,,,,154,0,154,0,1,,,,,,,,,,,,,,,,,,,,,,,,,,,,,,,,,,,,,,,,,,
,,,,,,,,,,,,,,,,,120,4,2024-09-06_13h38.38.181,Symbol-E,2020.1.3,Win32,Firefox,Mozilla/5.0 (Windows NT 10.0; Win64; x64; rv:129.0) Gecko/20100101 Firefox/129.0,60,,,,,,,,,,,,,,,,,,,,,,,,,,,,,,,,,,,,media/djnb.png,0,0,Symb,a,CR,0,0,1,0,8,0,74,0,1,0,99,a,0.851,0,1,,,,,,,,,,,,,,,,,,,,,,,,,,,,,,,,,,,,,,,,,,,,,,,,,,a,1,0.851,,,,,,,,,,,,,155,0,155,0,1,,,,,,,,,,,,,,,,,,,,,,,,,,,,,,,,,,,,,,,,,,
,,,,,,,,,,,,,,,,,120,4,2024-09-06_13h38.38.181,Symbol-E,2020.1.3,Win32,Firefox,Mozilla/5.0 (Windows NT 10.0; Win64; x64; rv:129.0) Gecko/20100101 Firefox/129.0,60,,,,,,,,,,,,,,,,,,,,,,,,,,,,,,,,,,,,media/dgnb.png,3,3,Symb,f,CR,0,0,1,0,8,0,75,0,1,0,99,f,1.267,3,1,,,,,,,,,,,,,,,,,,,,,,,,,,,,,,,,,,,,,,,,,,,,,,,,,,f,1,1.267,,,,,,,,,,,,,156,0,156,0,1,,,,,,,,,,,,,,,,,,,,,,,,,,,,,,,,,,,,,,,,,,
,,,,,,,,,,,,,,,,,120,4,2024-09-06_13h38.38.181,Symbol-E,2020.1.3,Win32,Firefox,Mozilla/5.0 (Windows NT 10.0; Win64; x64; rv:129.0) Gecko/20100101 Firefox/129.0,60,,,,,,,,,,,,,,,,,,,,,,,,,,,,,,,,,,,,media/dinb.png,6,2,Symb,i,CR,0,0,1,0,8,0,76,0,1,0,99,i,0.461,6,1,,,,,,,,,,,,,,,,,,,,,,,,,,,,,,,,,,,,,,,,,,,,,,,,,,i,1,0.461,,,,,,,,,,,,,157,0,157,0,1,,,,,,,,,,,,,,,,,,,,,,,,,,,,,,,,,,,,,,,,,,
,,,,,,,,,,,,,,,,,120,4,2024-09-06_13h38.38.181,Symbol-E,2020.1.3,Win32,Firefox,Mozilla/5.0 (Windows NT 10.0; Win64; x64; rv:129.0) Gecko/20100101 Firefox/129.0,60,,,,,,,,,,,,,,,,,,,,,,,,,,,,,,,,,,,,media/dmnb.png,7,3,Symb,l,CR,0,0,1,0,8,0,77,0,1,0,99,u,1.3,5,0,,,,,,,,,,,,,,,,,,,,,,,,,,,,,,,,,,,,,,,,,,,,,,,,,,u,0,1.3,,,,,,,,,,,,,158,0,158,0,1,,,,,,,,,,,,,,,,,,,,,,,,,,,,,,,,,,,,,,,,,,
,,,,,,,,,,,,,,,,,120,4,2024-09-06_13h38.38.181,Symbol-E,2020.1.3,Win32,Firefox,Mozilla/5.0 (Windows NT 10.0; Win64; x64; rv:129.0) Gecko/20100101 Firefox/129.0,60,,,,,,,,,,,,,,,,,,,,,,,,,,,,,,,,,,,,media/dmnb.png,7,3,Symb,l,CR,0,0,1,0,8,1,77,0,1,0,99,l,0,7,1,,,,,,,,,,,,,,,,,,,,,,,,,,,,,,,,,,,,,,,,,,,,,,,,,,l,1,0,,,,,,,,,,,,,159,0,159,0,1,,,,,,,,,,,,,,,,,,,,,,,,,,,,,,,,,,,,,,,,,,
,,,,,,,,,,,,,,,,,120,4,2024-09-06_13h38.38.181,Symbol-E,2020.1.3,Win32,Firefox,Mozilla/5.0 (Windows NT 10.0; Win64; x64; rv:129.0) Gecko/20100101 Firefox/129.0,60,,,,,,,,,,,,,,,,,,,,,,,,,,,,,,,,,,,,media/dfnb.png,1,1,Symb,w,CR,0,0,1,0,8,0,78,0,1,0,99,w,0.659,1,1,,,,,,,,,,,,,,,,,,,,,,,,,,,,,,,,,,,,,,,,,,,,,,,,,,w,1,0.659,,,,,,,,,,,,,160,0,160,0,1,,,,,,,,,,,,,,,,,,,,,,,,,,,,,,,,,,,,,,,,,,
,,,,,,,,,,,,,,,,,120,4,2024-09-06_13h38.38.181,Symbol-E,2020.1.3,Win32,Firefox,Mozilla/5.0 (Windows NT 10.0; Win64; x64; rv:129.0) Gecko/20100101 Firefox/129.0,60,,,,,,,,,,,,,,,,,,,,,,,,,,,,,,,,,,,,media/dcnb.png,4,0,Symb,h,CR,0,0,1,0,8,0,79,0,1,0,99,h,1.863,4,1,,,,,,,,,,,,,,,,,,,,,,,,,,,,,,,,,,,,,,,,,,,,,,,,,,h,1,1.863,,,,,,,,,,,,,161,0,161,0,1,,,,,,,,,,,,,,,,,,,,,,,,,,,,,,,,,,,,,,,,,,
,,,,,,,,,,,,,,,,,120,4,2024-09-06_13h38.38.181,Symbol-E,2020.1.3,Win32,Firefox,Mozilla/5.0 (Windows NT 10.0; Win64; x64; rv:129.0) Gecko/20100101 Firefox/129.0,60,,,,,,,,,,,,,,,,,,,,,,,,,,,,,,,,,,,,media/dcnb.png,4,0,Symb,h,CR,0,0,1,0,8,0,80,0,1,0,99,h,0.627,4,1,,,,,,,,,,,,,,,,,,,,,,,,,,,,,,,,,,,,,,,,,,,,,,,,,,h,1,0.627,,,,,,,,,,,,,162,0,162,0,1,,,,,,,,,,,,,,,,,,,,,,,,,,,,,,,,,,,,,,,,,,
,,,,,,,,,,,,,,,,,120,4,2024-09-06_13h38.38.181,Symbol-E,2020.1.3,Win32,Firefox,Mozilla/5.0 (Windows NT 10.0; Win64; x64; rv:129.0) Gecko/20100101 Firefox/129.0,60,,,,,,,,,,,,,,,,,,,,,,,,,,,,,,,,,,,,media/dfnb.png,1,1,Symb,w,CR,0,0,1,0,8,0,81,0,1,0,99,w,0.674,1,1,,,,,,,,,,,,,,,,,,,,,,,,,,,,,,,,,,,,,,,,,,,,,,,,,,w,1,0.674,,,,,,,,,,,,,163,0,163,0,1,,,,,,,,,,,,,,,,,,,,,,,,,,,,,,,,,,,,,,,,,,
,,,,,,,,,,,,,,,,,120,4,2024-09-06_13h38.38.181,Symbol-E,2020.1.3,Win32,Firefox,Mozilla/5.0 (Windows NT 10.0; Win64; x64; rv:129.0) Gecko/20100101 Firefox/129.0,60,,,,,,,,,,,,,,,,,,,,,,,,,,,,,,,,,,,,media/dgnb.png,3,3,Symb,f,CR,0,0,1,0,8,0,82,0,1,0,99,f,3.109,3,1,,,,,,,,,,,,,,,,,,,,,,,,,,,,,,,,,,,,,,,,,,,,,,,,,,f,1,3.109,,,,,,,,,,,,,164,0,164,0,1,,,,,,,,,,,,,,,,,,,,,,,,,,,,,,,,,,,,,,,,,,
,,,,,,,,,,,,,,,,,120,4,2024-09-06_13h38.38.181,Symbol-E,2020.1.3,Win32,Firefox,Mozilla/5.0 (Windows NT 10.0; Win64; x64; rv:129.0) Gecko/20100101 Firefox/129.0,60,,,,,,,,,,,,,,,,,,,,,,,,,,,,,,,,,,,,media/dmnb.png,7,3,Symb,l,CR,0,0,1,0,8,0,83,0,1,0,99,u,0.711,5,0,,,,,,,,,,,,,,,,,,,,,,,,,,,,,,,,,,,,,,,,,,,,,,,,,,u,0,0.711,,,,,,,,,,,,,165,0,165,0,1,,,,,,,,,,,,,,,,,,,,,,,,,,,,,,,,,,,,,,,,,,
,,,,,,,,,,,,,,,,,120,4,2024-09-06_13h38.38.181,Symbol-E,2020.1.3,Win32,Firefox,Mozilla/5.0 (Windows NT 10.0; Win64; x64; rv:129.0) Gecko/20100101 Firefox/129.0,60,,,,,,,,,,,,,,,,,,,,,,,,,,,,,,,,,,,,media/dmnb.png,7,3,Symb,l,CR,0,0,1,0,8,1,83,0,1,0,99,h,0.14,4,0,,,,,,,,,,,,,,,,,,,,,,,,,,,,,,,,,,,,,,,,,,,,,,,,,,h,0,0.14,,,,,,,,,,,,,166,0,166,0,1,,,,,,,,,,,,,,,,,,,,,,,,,,,,,,,,,,,,,,,,,,
,,,,,,,,,,,,,,,,,120,4,2024-09-06_13h38.38.181,Symbol-E,2020.1.3,Win32,Firefox,Mozilla/5.0 (Windows NT 10.0; Win64; x64; rv:129.0) Gecko/20100101 Firefox/129.0,60,,,,,,,,,,,,,,,,,,,,,,,,,,,,,,,,,,,,media/dmnb.png,7,3,Symb,l,CR,0,0,1,0,8,2,83,0,1,0,99,l,0.017,7,1,,,,,,,,,,,,,,,,,,,,,,,,,,,,,,,,,,,,,,,,,,,,,,,,,,l,1,0.017,,,,,,,,,,,,,167,0,167,0,1,,,,,,,,,,,,,,,,,,,,,,,,,,,,,,,,,,,,,,,,,,
,,,,,,,,,,,,,,,,,120,4,2024-09-06_13h38.38.181,Symbol-E,2020.1.3,Win32,Firefox,Mozilla/5.0 (Windows NT 10.0; Win64; x64; rv:129.0) Gecko/20100101 Firefox/129.0,60,,,,,,,,,,,,,,,,,,,,,,,,,,,,,,,,,,,,media/dfnb.png,1,1,Symb,w,CR,0,0,1,0,8,0,84,0,1,0,99,w,0.649,1,1,,,,,,,,,,,,,,,,,,,,,,,,,,,,,,,,,,,,,,,,,,,,,,,,,,w,1,0.649,,,,,,,,,,,,,168,0,168,0,1,,,,,,,,,,,,,,,,,,,,,,,,,,,,,,,,,,,,,,,,,,
,,,,,,,,,,,,,,,,,120,4,2024-09-06_13h38.38.181,Symbol-E,2020.1.3,Win32,Firefox,Mozilla/5.0 (Windows NT 10.0; Win64; x64; rv:129.0) Gecko/20100101 Firefox/129.0,60,,,,,,,,,,,,,,,,,,,,,,,,,,,,,,,,,,,,media/dnnb.png,2,2,Symb,e,CR,0,0,1,0,8,0,85,0,1,0,99,e,0.684,2,1,,,,,,,,,,,,,,,,,,,,,,,,,,,,,,,,,,,,,,,,,,,,,,,,,,e,1,0.684,,,,,,,,,,,,,169,0,169,0,1,,,,,,,,,,,,,,,,,,,,,,,,,,,,,,,,,,,,,,,,,,
,,,,,,,,,,,,,,,,,120,4,2024-09-06_13h38.38.181,Symbol-E,2020.1.3,Win32,Firefox,Mozilla/5.0 (Windows NT 10.0; Win64; x64; rv:129.0) Gecko/20100101 Firefox/129.0,60,,,,,,,,,,,,,,,,,,,,,,,,,,,,,,,,,,,,media/dnnb.png,2,2,Symb,e,CR,0,0,1,0,8,0,86,0,1,0,99,e,0.465,2,1,,,,,,,,,,,,,,,,,,,,,,,,,,,,,,,,,,,,,,,,,,,,,,,,,,e,1,0.465,,,,,,,,,,,,,170,0,170,0,1,,,,,,,,,,,,,,,,,,,,,,,,,,,,,,,,,,,,,,,,,,
,,,,,,,,,,,,,,,,,120,4,2024-09-06_13h38.38.181,Symbol-E,2020.1.3,Win32,Firefox,Mozilla/5.0 (Windows NT 10.0; Win64; x64; rv:129.0) Gecko/20100101 Firefox/129.0,60,,,,,,,,,,,,,,,,,,,,,,,,,,,,,,,,,,,,media/dinb.png,6,2,Symb,i,CR,0,0,1,0,8,0,87,0,1,0,99,i,0.758,6,1,,,,,,,,,,,,,,,,,,,,,,,,,,,,,,,,,,,,,,,,,,,,,,,,,,i,1,0.758,,,,,,,,,,,,,171,0,171,0,1,,,,,,,,,,,,,,,,,,,,,,,,,,,,,,,,,,,,,,,,,,
,,,,,,,,,,,,,,,,,120,4,2024-09-06_13h38.38.181,Symbol-E,2020.1.3,Win32,Firefox,Mozilla/5.0 (Windows NT 10.0; Win64; x64; rv:129.0) Gecko/20100101 Firefox/129.0,60,,,,,,,,,,,,,,,,,,,,,,,,,,,,,,,,,,,,media/ddnb.png,5,1,Symb,u,CR,0,0,1,0,8,0,88,0,1,0,99,u,1.431,5,1,,,,,,,,,,,,,,,,,,,,,,,,,,,,,,,,,,,,,,,,,,,,,,,,,,u,1,1.431,,,,,,,,,,,,,172,0,172,0,1,,,,,,,,,,,,,,,,,,,,,,,,,,,,,,,,,,,,,,,,,,
,,,,,,,,,,,,,,,,,120,4,2024-09-06_13h38.38.181,Symbol-E,2020.1.3,Win32,Firefox,Mozilla/5.0 (Windows NT 10.0; Win64; x64; rv:129.0) Gecko/20100101 Firefox/129.0,60,,,,,,,,,,,,,,,,,,,,,,,,,,,,,,,,,,,,media/dgnb.png,3,3,Symb,f,CR,0,0,1,0,8,0,89,0,1,0,99,f,3.59,3,1,,,,,,,,,,,,,,,,,,,,,,,,,,,,,,,,,,,,,,,,,,,,,,,,,,f,1,3.59,,,,,,,,,,,,,173,0,173,0,1,,,,,,,,,,,,,,,,,,,,,,,,,,,,,,,,,,,,,,,,,,
,,,,,,,,,,,,,,,,,120,4,2024-09-06_13h38.38.181,Symbol-E,2020.1.3,Win32,Firefox,Mozilla/5.0 (Windows NT 10.0; Win64; x64; rv:129.0) Gecko/20100101 Firefox/129.0,60,,,,,,,,,,,,,,,,,,,,,,,,,,,,,,,,,,,,media/dinb.png,6,2,Symb,i,CR,0,0,1,0,8,0,90,0,1,0,99,i,0.601,6,1,,,,,,,,,,,,,,,,,,,,,,,,,,,,,,,,,,,,,,,,,,,,,,,,,,i,1,0.601,,,,,,,,,,,,,174,0,174,0,1,,,,,,,,,,,,,,,,,,,,,,,,,,,,,,,,,,,,,,,,,,
,,,,,,,,,,,,,,,,,120,4,2024-09-06_13h38.38.181,Symbol-E,2020.1.3,Win32,Firefox,Mozilla/5.0 (Windows NT 10.0; Win64; x64; rv:129.0) Gecko/20100101 Firefox/129.0,60,,,,,,,,,,,,,,,,,,,,,,,,,,,,,,,,,,,,media/djnb.png,0,0,Symb,a,CR,0,0,1,0,8,0,91,0,1,0,99,a,1.11,0,1,,,,,,,,,,,,,,,,,,,,,,,,,,,,,,,,,,,,,,,,,,,,,,,,,,a,1,1.11,,,,,,,,,,,,,175,0,175,0,1,,,,,,,,,,,,,,,,,,,,,,,,,,,,,,,,,,,,,,,,,,
,,,,,,,,,,,,,,,,,120,4,2024-09-06_13h38.38.181,Symbol-E,2020.1.3,Win32,Firefox,Mozilla/5.0 (Windows NT 10.0; Win64; x64; rv:129.0) Gecko/20100101 Firefox/129.0,60,,,,,,,,,,,,,,,,,,,,,,,,,,,,,,,,,,,,media/ddnb.png,5,1,Symb,u,CR,0,0,1,0,8,0,92,0,1,0,99,h,1.071,4,0,,,,,,,,,,,,,,,,,,,,,,,,,,,,,,,,,,,,,,,,,,,,,,,,,,h,0,1.071,,,,,,,,,,,,,176,0,176,0,1,,,,,,,,,,,,,,,,,,,,,,,,,,,,,,,,,,,,,,,,,,
,,,,,,,,,,,,,,,,,120,4,2024-09-06_13h38.38.181,Symbol-E,2020.1.3,Win32,Firefox,Mozilla/5.0 (Windows NT 10.0; Win64; x64; rv:129.0) Gecko/20100101 Firefox/129.0,60,,,,,,,,,,,,,,,,,,,,,,,,,,,,,,,,,,,,media/ddnb.png,5,1,Symb,u,CR,0,0,1,0,8,1,92,0,1,0,99,u,0.28,5,1,,,,,,,,,,,,,,,,,,,,,,,,,,,,,,,,,,,,,,,,,,,,,,,,,,u,1,0.28,,,,,,,,,,,,,177,0,177,0,1,,,,,,,,,,,,,,,,,,,,,,,,,,,,,,,,,,,,,,,,,,
,,,,,,,,,,,,,,,,,120,4,2024-09-06_13h38.38.181,Symbol-E,2020.1.3,Win32,Firefox,Mozilla/5.0 (Windows NT 10.0; Win64; x64; rv:129.0) Gecko/20100101 Firefox/129.0,60,,,,,,,,,,,,,,,,,,,,,,,,,,,,,,,,,,,,media/djnb.png,0,0,Symb,a,CR,0,0,1,0,8,0,93,0,1,0,99,h,2.608,4,0,,,,,,,,,,,,,,,,,,,,,,,,,,,,,,,,,,,,,,,,,,,,,,,,,,h,0,2.608,,,,,,,,,,,,,178,0,178,0,1,,,,,,,,,,,,,,,,,,,,,,,,,,,,,,,,,,,,,,,,,,
,,,,,,,,,,,,,,,,,120,4,2024-09-06_13h38.38.181,Symbol-E,2020.1.3,Win32,Firefox,Mozilla/5.0 (Windows NT 10.0; Win64; x64; rv:129.0) Gecko/20100101 Firefox/129.0,60,,,,,,,,,,,,,,,,,,,,,,,,,,,,,,,,,,,,media/djnb.png,0,0,Symb,a,CR,0,0,1,0,8,1,93,0,1,0,99,a,0.037,0,1,,,,,,,,,,,,,,,,,,,,,,,,,,,,,,,,,,,,,,,,,,,,,,,,,,a,1,0.037,,,,,,,,,,,,,179,0,179,0,1,,,,,,,,,,,,,,,,,,,,,,,,,,,,,,,,,,,,,,,,,,
,,,,,,,,,,,,,,,,,120,4,2024-09-06_13h38.38.181,Symbol-E,2020.1.3,Win32,Firefox,Mozilla/5.0 (Windows NT 10.0; Win64; x64; rv:129.0) Gecko/20100101 Firefox/129.0,60,,,,,,,,,,,,,,,,,,,,,,,,,,,,,,,,,,,,media/dcnb.png,4,0,Symb,h,CR,0,0,1,0,8,0,94,0,1,0,99,h,0.92,4,1,,,,,,,,,,,,,,,,,,,,,,,,,,,,,,,,,,,,,,,,,,,,,,,,,,h,1,0.92,,,,,,,,,,,,,180,0,180,0,1,,,,,,,,,,,,,,,,,,,,,,,,,,,,,,,,,,,,,,,,,,
,,,,,,,,,,,,,,,,,120,4,2024-09-06_13h38.38.181,Symbol-E,2020.1.3,Win32,Firefox,Mozilla/5.0 (Windows NT 10.0; Win64; x64; rv:129.0) Gecko/20100101 Firefox/129.0,60,,,,,,,,,,,,,,,,,,,,,,,,,,,,,,,,,,,,media/dmnb.png,7,3,Symb,l,CR,0,0,1,0,8,0,95,0,1,0,99,l,1.912,7,1,,,,,,,,,,,,,,,,,,,,,,,,,,,,,,,,,,,,,,,,,,,,,,,,,,l,1,1.912,,,,,,,,,,,,,181,0,181,0,1,,,,,,,,,,,,,,,,,,,,,,,,,,,,,,,,,,,,,,,,,,
,,,,,,,,,,,,,,,,,120,4,2024-09-06_13h38.38.181,Symbol-E,2020.1.3,Win32,Firefox,Mozilla/5.0 (Windows NT 10.0; Win64; x64; rv:129.0) Gecko/20100101 Firefox/129.0,60,,,,,,,,,,,,,,,,,,,,,,,,,,,,,,,,,,,,media/dnnb.png,2,2,Symb,e,CR,0,0,1,0,8,0,96,0,1,0,99,e,0.658,2,1,,,,,,,,,,,,,,,,,,,,,,,,,,,,,,,,,,,,,,,,,,,,,,,,,,e,1,0.658,,,,,,,,,,,,,182,0,182,0,1,,,,,,,,,,,,,,,,,,,,,,,,,,,,,,,,,,,,,,,,,,
,,,,,,,,,,,,,,,,,120,4,2024-09-06_13h38.38.181,Symbol-E,2020.1.3,Win32,Firefox,Mozilla/5.0 (Windows NT 10.0; Win64; x64; rv:129.0) Gecko/20100101 Firefox/129.0,60,,,,,,,,,,,,,,,,,,,,,,,,,,,,,,,,,,,,media/djnb.png,0,0,Symb,a,CR,0,0,1,0,8,0,97,0,1,0,99,a,0.52,0,1,,,,,,,,,,,,,,,,,,,,,,,,,,,,,,,,,,,,,,,,,,,,,,,,,,a,1,0.52,,,,,,,,,,,,,183,0,183,0,1,,,,,,,,,,,,,,,,,,,,,,,,,,,,,,,,,,,,,,,,,,
,,,,,,,,,,,,,,,,,120,4,2024-09-06_13h38.38.181,Symbol-E,2020.1.3,Win32,Firefox,Mozilla/5.0 (Windows NT 10.0; Win64; x64; rv:129.0) Gecko/20100101 Firefox/129.0,60,,,,,,,,,,,,,,,,,,,,,,,,,,,,,,,,,,,,media/ddnb.png,5,1,Symb,u,CR,0,0,1,0,8,0,98,0,1,0,99,u,1.642,5,1,,,,,,,,,,,,,,,,,,,,,,,,,,,,,,,,,,,,,,,,,,,,,,,,,,u,1,1.642,,,,,,,,,,,,,184,0,184,0,1,,,,,,,,,,,,,,,,,,,,,,,,,,,,,,,,,,,,,,,,,,
,,,,,,,,,,,,,,,,,120,4,2024-09-06_13h38.38.181,Symbol-E,2020.1.3,Win32,Firefox,Mozilla/5.0 (Windows NT 10.0; Win64; x64; rv:129.0) Gecko/20100101 Firefox/129.0,60,,,,,,,,,,,,,,,,,,,,,,,,,,,,,,,,,,,,media/dmnb.png,7,3,Symb,l,CR,0,0,1,0,8,0,99,0,1,0,99,l,0.669,7,1,,,,,,,,,,,,,,,,,,,,,,,,,,,,,,,,,,,,,,,,,,,,,,,,,,l,1,0.669,,,,,,,,,,,,,185,0,185,0,1,,,,,,,,,,,,,,,,,,,,,,,,,,,,,,,,,,,,,,,,,,
,,,,,,,,,,,,,,,,,120,4,2024-09-06_13h38.38.181,Symbol-E,2020.1.3,Win32,Firefox,Mozilla/5.0 (Windows NT 10.0; Win64; x64; rv:129.0) Gecko/20100101 Firefox/129.0,60,,,,,,,,,,,,,,,,,,,,,,,,,,,,,,,,,,,,media/djnb.png,0,0,Symb,a,CR,0,0,1,0,8,0,100,0,1,0,99,a,0.934,0,1,,,,,,,,,,,,,,,,,,,,,,,,,,,,,,,,,,,,,,,,,,,,,,,,,,a,1,0.934,,,,,,,,,,,,,186,0,186,0,1,,,,,,,,,,,,,,,,,,,,,,,,,,,,,,,,,,,,,,,,,,
,,,,,,,,,,,,,,,,,120,4,2024-09-06_13h38.38.181,Symbol-E,2020.1.3,Win32,Firefox,Mozilla/5.0 (Windows NT 10.0; Win64; x64; rv:129.0) Gecko/20100101 Firefox/129.0,60,,,,,,,,,,,,,,,,,,,,,,,,,,,,,,,,,,,,media/dfnb.png,1,1,Symb,w,CR,0,0,1,0,8,0,101,0,1,0,99,w,0.958,1,1,,,,,,,,,,,,,,,,,,,,,,,,,,,,,,,,,,,,,,,,,,,,,,,,,,w,1,0.958,,,,,,,,,,,,,187,0,187,0,1,,,,,,,,,,,,,,,,,,,,,,,,,,,,,,,,,,,,,,,,,,
,,,,,,,,,,,,,,,,,120,4,2024-09-06_13h38.38.181,Symbol-E,2020.1.3,Win32,Firefox,Mozilla/5.0 (Windows NT 10.0; Win64; x64; rv:129.0) Gecko/20100101 Firefox/129.0,60,,,,,,,,,,,,,,,,,,,,,,,,,,,,,,,,,,,,media/dfnb.png,1,1,Symb,w,CR,0,0,1,0,8,0,102,0,1,0,99,a,0.579,0,0,,,,,,,,,,,,,,,,,,,,,,,,,,,,,,,,,,,,,,,,,,,,,,,,,,a,0,0.579,,,,,,,,,,,,,188,0,188,0,1,,,,,,,,,,,,,,,,,,,,,,,,,,,,,,,,,,,,,,,,,,
,,,,,,,,,,,,,,,,,120,4,2024-09-06_13h38.38.181,Symbol-E,2020.1.3,Win32,Firefox,Mozilla/5.0 (Windows NT 10.0; Win64; x64; rv:129.0) Gecko/20100101 Firefox/129.0,60,,,,,,,,,,,,,,,,,,,,,,,,,,,,,,,,,,,,media/dfnb.png,1,1,Symb,w,CR,0,0,1,0,8,1,102,0,1,0,99,w,0.162,1,1,,,,,,,,,,,,,,,,,,,,,,,,,,,,,,,,,,,,,,,,,,,,,,,,,,w,1,0.162,,,,,,,,,,,,,189,0,189,0,1,,,,,,,,,,,,,,,,,,,,,,,,,,,,,,,,,,,,,,,,,,
,,,,,,,,,,,,,,,,,120,4,2024-09-06_13h38.38.181,Symbol-E,2020.1.3,Win32,Firefox,Mozilla/5.0 (Windows NT 10.0; Win64; x64; rv:129.0) Gecko/20100101 Firefox/129.0,60,,,,,,,,,,,,,,,,,,,,,,,,,,,,,,,,,,,,media/dmnb.png,7,3,Symb,l,CR,0,0,1,0,8,0,103,0,1,0,99,l,1.264,7,1,,,,,,,,,,,,,,,,,,,,,,,,,,,,,,,,,,,,,,,,,,,,,,,,,,l,1,1.264,,,,,,,,,,,,,190,0,190,0,1,,,,,,,,,,,,,,,,,,,,,,,,,,,,,,,,,,,,,,,,,,
,,,,,,,,,,,,,,,,,120,4,2024-09-06_13h38.38.181,Symbol-E,2020.1.3,Win32,Firefox,Mozilla/5.0 (Windows NT 10.0; Win64; x64; rv:129.0) Gecko/20100101 Firefox/129.0,60,,,,,,,,,,,,,,,,,,,,,,,,,,,,,,,,,,,,media/dnnb.png,2,2,Symb,e,CR,0,0,1,0,8,0,104,0,1,0,99,e,0.621,2,1,,,,,,,,,,,,,,,,,,,,,,,,,,,,,,,,,,,,,,,,,,,,,,,,,,e,1,0.621,,,,,,,,,,,,,191,0,191,0,1,,,,,,,,,,,,,,,,,,,,,,,,,,,,,,,,,,,,,,,,,,
,,,,,,,,,,,,,,,,,120,4,2024-09-06_13h38.38.181,Symbol-E,2020.1.3,Win32,Firefox,Mozilla/5.0 (Windows NT 10.0; Win64; x64; rv:129.0) Gecko/20100101 Firefox/129.0,60,,,,,,,,,,,,,,,,,,,,,,,,,,,,,,,,,,,,media/dgnb.png,3,3,Symb,f,CR,0,0,1,0,8,0,105,0,1,0,99,f,2.544,3,1,,,,,,,,,,,,,,,,,,,,,,,,,,,,,,,,,,,,,,,,,,,,,,,,,,f,1,2.544,,,,,,,,,,,,,192,0,192,0,1,,,,,,,,,,,,,,,,,,,,,,,,,,,,,,,,,,,,,,,,,,
,,,,,,,,,,,,,,,,,120,4,2024-09-06_13h38.38.181,Symbol-E,2020.1.3,Win32,Firefox,Mozilla/5.0 (Windows NT 10.0; Win64; x64; rv:129.0) Gecko/20100101 Firefox/129.0,60,,,,,,,,,,,,,,,,,,,,,,,,,,,,,,,,,,,,media/ddnb.png,5,1,Symb,u,CR,0,0,1,0,8,0,106,0,1,0,99,u,1.148,5,1,,,,,,,,,,,,,,,,,,,,,,,,,,,,,,,,,,,,,,,,,,,,,,,,,,u,1,1.148,,,,,,,,,,,,,193,0,193,0,1,,,,,,,,,,,,,,,,,,,,,,,,,,,,,,,,,,,,,,,,,,
,,,,,,,,,,,,,,,,,120,4,2024-09-06_13h38.38.181,Symbol-E,2020.1.3,Win32,Firefox,Mozilla/5.0 (Windows NT 10.0; Win64; x64; rv:129.0) Gecko/20100101 Firefox/129.0,60,,,,,,,,,,,,,,,,,,,,,,,,,,,,,,,,,,,,media/dcnb.png,4,0,Symb,h,CR,0,0,1,0,8,0,107,0,1,0,99,h,1.127,4,1,,,,,,,,,,,,,,,,,,,,,,,,,,,,,,,,,,,,,,,,,,,,,,,,,,h,1,1.127,,,,,,,,,,,,,194,0,194,0,1,,,,,,,,,,,,,,,,,,,,,,,,,,,,,,,,,,,,,,,,,,
,,,,,,,,,,,,,,,,,120,4,2024-09-06_13h38.38.181,Symbol-E,2020.1.3,Win32,Firefox,Mozilla/5.0 (Windows NT 10.0; Win64; x64; rv:129.0) Gecko/20100101 Firefox/129.0,60,,,,,,,,,,,,,,,,,,,,,,,,,,,,,,,,,,,,media/dcnb.png,4,0,Symb,h,CR,0,0,1,0,8,0,108,0,1,0,99,h,0.439,4,1,,,,,,,,,,,,,,,,,,,,,,,,,,,,,,,,,,,,,,,,,,,,,,,,,,h,1,0.439,,,,,,,,,,,,,195,0,195,0,1,,,,,,,,,,,,,,,,,,,,,,,,,,,,,,,,,,,,,,,,,,
,,,,,,,,,,,,,,,,,120,4,2024-09-06_13h38.38.181,Symbol-E,2020.1.3,Win32,Firefox,Mozilla/5.0 (Windows NT 10.0; Win64; x64; rv:129.0) Gecko/20100101 Firefox/129.0,60,,,,,,,,,,,,,,,,,,,,,,,,,,,,,,,,,,,,media/dinb.png,6,2,Symb,i,CR,0,0,1,0,8,0,109,0,1,0,99,i,0.65,6,1,,,,,,,,,,,,,,,,,,,,,,,,,,,,,,,,,,,,,,,,,,,,,,,,,,i,1,0.65,,,,,,,,,,,,,196,0,196,0,1,,,,,,,,,,,,,,,,,,,,,,,,,,,,,,,,,,,,,,,,,,
,,,,,,,,,,,,,,,,,120,4,2024-09-06_13h38.38.181,Symbol-E,2020.1.3,Win32,Firefox,Mozilla/5.0 (Windows NT 10.0; Win64; x64; rv:129.0) Gecko/20100101 Firefox/129.0,60,,,,,,,,,,,,,,,,,,,,,,,,,,,,,,,,,,,,media/dgnb.png,3,3,Symb,f,CR,0,0,1,0,8,0,110,0,1,0,99,f,1.921,3,1,,,,,,,,,,,,,,,,,,,,,,,,,,,,,,,,,,,,,,,,,,,,,,,,,,f,1,1.921,,,,,,,,,,,,,197,0,197,0,1,,,,,,,,,,,,,,,,,,,,,,,,,,,,,,,,,,,,,,,,,,
,,,,,,,,,,,,,,,,,120,4,2024-09-06_13h38.38.181,Symbol-E,2020.1.3,Win32,Firefox,Mozilla/5.0 (Windows NT 10.0; Win64; x64; rv:129.0) Gecko/20100101 Firefox/129.0,60,,,,,,,,,,,,,,,,,,,,,,,,,,,,,,,,,,,,media/dinb.png,6,2,Symb,i,CR,0,0,1,0,8,0,111,0,1,0,99,h,0.577,4,0,,,,,,,,,,,,,,,,,,,,,,,,,,,,,,,,,,,,,,,,,,,,,,,,,,h,0,0.577,,,,,,,,,,,,,198,0,198,0,1,,,,,,,,,,,,,,,,,,,,,,,,,,,,,,,,,,,,,,,,,,
,,,,,,,,,,,,,,,,,120,4,2024-09-06_13h38.38.181,Symbol-E,2020.1.3,Win32,Firefox,Mozilla/5.0 (Windows NT 10.0; Win64; x64; rv:129.0) Gecko/20100101 Firefox/129.0,60,,,,,,,,,,,,,,,,,,,,,,,,,,,,,,,,,,,,media/dinb.png,6,2,Symb,i,CR,0,0,1,0,8,1,111,0,1,0,99,i,0.097,6,1,,,,,,,,,,,,,,,,,,,,,,,,,,,,,,,,,,,,,,,,,,,,,,,,,,i,1,0.097,,,,,,,,,,,,,199,0,199,0,1,,,,,,,,,,,,,,,,,,,,,,,,,,,,,,,,,,,,,,,,,,
,,,,,,,,,,,,,,,,,120,4,2024-09-06_13h38.38.181,Symbol-E,2020.1.3,Win32,Firefox,Mozilla/5.0 (Windows NT 10.0; Win64; x64; rv:129.0) Gecko/20100101 Firefox/129.0,60,,,,,,,,,,,,,,,,,,,,,,,,,,,,,,,,,,,,media/ddnb.png,5,1,Symb,u,CR,0,0,1,0,8,0,112,0,1,0,99,u,0.869,5,1,,,,,,,,,,,,,,,,,,,,,,,,,,,,,,,,,,,,,,,,,,,,,,,,,,u,1,0.869,,,,,,,,,,,,,200,0,200,0,1,,,,,,,,,,,,,,,,,,,,,,,,,,,,,,,,,,,,,,,,,,
,,,,,,,,,,,,,,,,,120,4,2024-09-06_13h38.38.181,Symbol-E,2020.1.3,Win32,Firefox,Mozilla/5.0 (Windows NT 10.0; Win64; x64; rv:129.0) Gecko/20100101 Firefox/129.0,60,,,,,,,,,,,,,,,,,,,,,,,,,,,,,,,,,,,,media/djnb.png,0,0,Symb,a,CR,0,0,1,0,8,0,113,0,1,0,99,a,0.84,0,1,,,,,,,,,,,,,,,,,,,,,,,,,,,,,,,,,,,,,,,,,,,,,,,,,,a,1,0.84,,,,,,,,,,,,,201,0,201,0,1,,,,,,,,,,,,,,,,,,,,,,,,,,,,,,,,,,,,,,,,,,
,,,,,,,,,,,,,,,,,120,4,2024-09-06_13h38.38.181,Symbol-E,2020.1.3,Win32,Firefox,Mozilla/5.0 (Windows NT 10.0; Win64; x64; rv:129.0) Gecko/20100101 Firefox/129.0,60,,,,,,,,,,,,,,,,,,,,,,,,,,,,,,,,,,,,media/dcnb.png,4,0,Symb,h,CR,0,0,1,0,8,0,114,0,1,0,99,h,1.22,4,1,,,,,,,,,,,,,,,,,,,,,,,,,,,,,,,,,,,,,,,,,,,,,,,,,,h,1,1.22,,,,,,,,,,,,,202,0,202,0,1,,,,,,,,,,,,,,,,,,,,,,,,,,,,,,,,,,,,,,,,,,
,,,,,,,,,,,,,,,,,120,4,2024-09-06_13h38.38.181,Symbol-E,2020.1.3,Win32,Firefox,Mozilla/5.0 (Windows NT 10.0; Win64; x64; rv:129.0) Gecko/20100101 Firefox/129.0,60,,,,,,,,,,,,,,,,,,,,,,,,,,,,,,,,,,,,media/dinb.png,6,2,Symb,i,CR,0,0,1,0,8,0,115,0,1,0,99,i,0.931,6,1,,,,,,,,,,,,,,,,,,,,,,,,,,,,,,,,,,,,,,,,,,,,,,,,,,i,1,0.931,,,,,,,,,,,,,203,0,203,0,1,,,,,,,,,,,,,,,,,,,,,,,,,,,,,,,,,,,,,,,,,,
,,,,,,,,,,,,,,,,,120,4,2024-09-06_13h38.38.181,Symbol-E,2020.1.3,Win32,Firefox,Mozilla/5.0 (Windows NT 10.0; Win64; x64; rv:129.0) Gecko/20100101 Firefox/129.0,60,,,,,,,,,,,,,,,,,,,,,,,,,,,,,,,,,,,,media/dgnb.png,3,3,Symb,f,CR,0,0,1,0,8,0,116,0,1,0,99,f,2.141,3,1,,,,,,,,,,,,,,,,,,,,,,,,,,,,,,,,,,,,,,,,,,,,,,,,,,f,1,2.141,,,,,,,,,,,,,204,0,204,0,1,,,,,,,,,,,,,,,,,,,,,,,,,,,,,,,,,,,,,,,,,,
,,,,,,,,,,,,,,,,,120,4,2024-09-06_13h38.38.181,Symbol-E,2020.1.3,Win32,Firefox,Mozilla/5.0 (Windows NT 10.0; Win64; x64; rv:129.0) Gecko/20100101 Firefox/129.0,60,,,,,,,,,,,,,,,,,,,,,,,,,,,,,,,,,,,,media/dmnb.png,7,3,Symb,l,CR,0,0,1,0,8,0,117,0,1,0,99,l,1.33,7,1,,,,,,,,,,,,,,,,,,,,,,,,,,,,,,,,,,,,,,,,,,,,,,,,,,l,1,1.33,,,,,,,,,,,,,205,0,205,0,1,,,,,,,,,,,,,,,,,,,,,,,,,,,,,,,,,,,,,,,,,,
,,,,,,,,,,,,,,,,,120,4,2024-09-06_13h38.38.181,Symbol-E,2020.1.3,Win32,Firefox,Mozilla/5.0 (Windows NT 10.0; Win64; x64; rv:129.0) Gecko/20100101 Firefox/129.0,60,,,,,,,,,,,,,,,,,,,,,,,,,,,,,,,,,,,,media/dfnb.png,1,1,Symb,w,CR,0,0,1,0,8,0,118,0,1,0,99,w,0.536,1,1,,,,,,,,,,,,,,,,,,,,,,,,,,,,,,,,,,,,,,,,,,,,,,,,,,w,1,0.536,,,,,,,,,,,,,206,0,206,0,1,,,,,,,,,,,,,,,,,,,,,,,,,,,,,,,,,,,,,,,,,,
,,,,,,,,,,,,,,,,,120,4,2024-09-06_13h38.38.181,Symbol-E,2020.1.3,Win32,Firefox,Mozilla/5.0 (Windows NT 10.0; Win64; x64; rv:129.0) Gecko/20100101 Firefox/129.0,60,,,,,,,,,,,,,,,,,,,,,,,,,,,,,,,,,,,,media/dnnb.png,2,2,Symb,e,CR,0,0,1,0,8,0,119,0,1,0,99,e,0.687,2,1,,,,,,,,,,,,,,,,,,,,,,,,,,,,,,,,,,,,,,,,,,,,,,,,,,e,1,0.687,,,,,,,,,,,,,207,0,207,0,1,,,,,,,,,,,,,,,,,,,,,,,,,,,,,,,,,,,,,,,,,,
,,,,,,,,,,,,,,,,,120,4,2024-09-06_13h38.38.181,Symbol-E,2020.1.3,Win32,Firefox,Mozilla/5.0 (Windows NT 10.0; Win64; x64; rv:129.0) Gecko/20100101 Firefox/129.0,60,,,,,,,,,,,,,,,,,,,,,,,,,,,,,,,,,,,,media/dmnb.png,7,3,Symb,l,CR,0,0,1,0,8,0,120,0,1,0,99,l,1.434,7,1,,,,,,,,,,,,,,,,,,,,,,,,,,,,,,,,,,,,,,,,,,,,,,,,,,l,1,1.434,,,,,,,,,,,,,208,0,208,0,1,,,,,,,,,,,,,,,,,,,,,,,,,,,,,,,,,,,,,,,,,,
,,,,,,,,,,,,,,,,,120,4,2024-09-06_13h38.38.181,Symbol-E,2020.1.3,Win32,Firefox,Mozilla/5.0 (Windows NT 10.0; Win64; x64; rv:129.0) Gecko/20100101 Firefox/129.0,60,,,,,,,,,,,,,,,,,,,,,,,,,,,,,,,,,,,,media/dcnb.png,4,0,Symb,h,CR,0,0,1,0,8,0,121,0,1,0,99,h,1.045,4,1,,,,,,,,,,,,,,,,,,,,,,,,,,,,,,,,,,,,,,,,,,,,,,,,,,h,1,1.045,,,,,,,,,,,,,209,0,209,0,1,,,,,,,,,,,,,,,,,,,,,,,,,,,,,,,,,,,,,,,,,,
,,,,,,,,,,,,,,,,,120,4,2024-09-06_13h38.38.181,Symbol-E,2020.1.3,Win32,Firefox,Mozilla/5.0 (Windows NT 10.0; Win64; x64; rv:129.0) Gecko/20100101 Firefox/129.0,60,,,,,,,,,,,,,,,,,,,,,,,,,,,,,,,,,,,,media/dnnb.png,2,2,Symb,e,CR,0,0,1,0,8,0,122,0,1,0,99,e,0.611,2,1,,,,,,,,,,,,,,,,,,,,,,,,,,,,,,,,,,,,,,,,,,,,,,,,,,e,1,0.611,,,,,,,,,,,,,210,0,210,0,1,,,,,,,,,,,,,,,,,,,,,,,,,,,,,,,,,,,,,,,,,,
,,,,,,,,,,,,,,,,,120,4,2024-09-06_13h38.38.181,Symbol-E,2020.1.3,Win32,Firefox,Mozilla/5.0 (Windows NT 10.0; Win64; x64; rv:129.0) Gecko/20100101 Firefox/129.0,60,,,,,,,,,,,,,,,,,,,,,,,,,,,,,,,,,,,,media/djnb.png,0,0,Symb,a,CR,0,0,1,0,8,0,123,0,1,0,99,a,0.688,0,1,,,,,,,,,,,,,,,,,,,,,,,,,,,,,,,,,,,,,,,,,,,,,,,,,,a,1,0.688,,,,,,,,,,,,,211,0,211,0,1,,,,,,,,,,,,,,,,,,,,,,,,,,,,,,,,,,,,,,,,,,
,,,,,,,,,,,,,,,,,120,4,2024-09-06_13h38.38.181,Symbol-E,2020.1.3,Win32,Firefox,Mozilla/5.0 (Windows NT 10.0; Win64; x64; rv:129.0) Gecko/20100101 Firefox/129.0,60,,,,,,,,,,,,,,,,,,,,,,,,,,,,,,,,,,,,media/dgnb.png,3,3,Symb,f,CR,0,0,1,0,8,0,124,0,1,0,99,f,1.4,3,1,,,,,,,,,,,,,,,,,,,,,,,,,,,,,,,,,,,,,,,,,,,,,,,,,,f,1,1.4,,,,,,,,,,,,,212,0,212,0,1,,,,,,,,,,,,,,,,,,,,,,,,,,,,,,,,,,,,,,,,,,
,,,,,,,,,,,,,,,,,120,4,2024-09-06_13h38.38.181,Symbol-E,2020.1.3,Win32,Firefox,Mozilla/5.0 (Windows NT 10.0; Win64; x64; rv:129.0) Gecko/20100101 Firefox/129.0,60,,,,,,,,,,,,,,,,,,,,,,,,,,,,,,,,,,,,media/ddnb.png,5,1,Symb,u,CR,0,0,1,0,8,0,125,0,1,0,99,u,3.061,5,1,,,,,,,,,,,,,,,,,,,,,,,,,,,,,,,,,,,,,,,,,,,,,,,,,,u,1,3.061,,,,,,,,,,,,,213,0,213,0,1,,,,,,,,,,,,,,,,,,,,,,,,,,,,,,,,,,,,,,,,,,
,,,,,,,,,,,,,,,,,120,4,2024-09-06_13h38.38.181,Symbol-E,2020.1.3,Win32,Firefox,Mozilla/5.0 (Windows NT 10.0; Win64; x64; rv:129.0) Gecko/20100101 Firefox/129.0,60,,,,,,,,,,,,,,,,,,,,,,,,,,,,,,,,,,,,media/dcnb.png,4,0,Symb,h,CR,0,0,1,0,8,0,126,0,1,0,99,h,0.69,4,1,,,,,,,,,,,,,,,,,,,,,,,,,,,,,,,,,,,,,,,,,,,,,,,,,,h,1,0.69,,,,,,,,,,,,,214,0,214,0,1,,,,,,,,,,,,,,,,,,,,,,,,,,,,,,,,,,,,,,,,,,
,,,,,,,,,,,,,,,,,120,4,2024-09-06_13h38.38.181,Symbol-E,2020.1.3,Win32,Firefox,Mozilla/5.0 (Windows NT 10.0; Win64; x64; rv:129.0) Gecko/20100101 Firefox/129.0,60,,,,,,,,,,,,,,,,,,,,,,,,,,,,,,,,,,,,media/djnb.png,0,0,Symb,a,CR,0,0,1,0,8,0,127,0,1,0,99,a,2.081,0,1,,,,,,,,,,,,,,,,,,,,,,,,,,,,,,,,,,,,,,,,,,,,,,,,,,a,1,2.081,,,,,,,,,,,,,215,0,215,0,1,,,,,,,,,,,,,,,,,,,,,,,,,,,,,,,,,,,,,,,,,,
,,,,,,,,,,,,,,,,,120,4,2024-09-06_13h38.38.181,Symbol-E,2020.1.3,Win32,Firefox,Mozilla/5.0 (Windows NT 10.0; Win64; x64; rv:129.0) Gecko/20100101 Firefox/129.0,60,,,,,,,,,,,,,,,,,,,,,,,,,,,,,,,,,,,,media/dfnb.png,1,1,Symb,w,CR,0,0,1,0,8,0,128,0,1,0,99,w,0.566,1,1,,,,,,,,,,,,,,,,,,,,,,,,,,,,,,,,,,,,,,,,,,,,,,,,,,w,1,0.566,,,,,,,,,,,,,216,0,216,0,1,,,,,,,,,,,,,,,,,,,,,,,,,,,,,,,,,,,,,,,,,,
,,,,,,,,,,,,,,,,,120,4,2024-09-06_13h38.38.181,Symbol-E,2020.1.3,Win32,Firefox,Mozilla/5.0 (Windows NT 10.0; Win64; x64; rv:129.0) Gecko/20100101 Firefox/129.0,60,,,,,,,,,,,,,,,,,,,,,,,,,,,,,,,,,,,,media/dfnb.png,1,1,Symb,w,CR,0,0,1,0,8,0,129,0,1,0,99,w,0.454,1,1,,,,,,,,,,,,,,,,,,,,,,,,,,,,,,,,,,,,,,,,,,,,,,,,,,w,1,0.454,,,,,,,,,,,,,217,0,217,0,1,,,,,,,,,,,,,,,,,,,,,,,,,,,,,,,,,,,,,,,,,,
,,,,,,,,,,,,,,,,,120,4,2024-09-06_13h38.38.181,Symbol-E,2020.1.3,Win32,Firefox,Mozilla/5.0 (Windows NT 10.0; Win64; x64; rv:129.0) Gecko/20100101 Firefox/129.0,60,,,,,,,,,,,,,,,,,,,,,,,,,,,,,,,,,,,,media/dgnb.png,3,3,Symb,f,CR,0,0,1,0,8,0,130,0,1,0,99,f,1.066,3,1,,,,,,,,,,,,,,,,,,,,,,,,,,,,,,,,,,,,,,,,,,,,,,,,,,f,1,1.066,,,,,,,,,,,,,218,0,218,0,1,,,,,,,,,,,,,,,,,,,,,,,,,,,,,,,,,,,,,,,,,,
,,,,,,,,,,,,,,,,,120,4,2024-09-06_13h38.38.181,Symbol-E,2020.1.3,Win32,Firefox,Mozilla/5.0 (Windows NT 10.0; Win64; x64; rv:129.0) Gecko/20100101 Firefox/129.0,60,,,,,,,,,,,,,,,,,,,,,,,,,,,,,,,,,,,,media/dnnb.png,2,2,Symb,e,CR,0,0,1,0,8,0,131,0,1,0,99,e,0.692,2,1,,,,,,,,,,,,,,,,,,,,,,,,,,,,,,,,,,,,,,,,,,,,,,,,,,e,1,0.692,,,,,,,,,,,,,219,0,219,0,1,,,,,,,,,,,,,,,,,,,,,,,,,,,,,,,,,,,,,,,,,,
,,,,,,,,,,,,,,,,,120,4,2024-09-06_13h38.38.181,Symbol-E,2020.1.3,Win32,Firefox,Mozilla/5.0 (Windows NT 10.0; Win64; x64; rv:129.0) Gecko/20100101 Firefox/129.0,60,,,,,,,,,,,,,,,,,,,,,,,,,,,,,,,,,,,,media/ddnb.png,5,1,Symb,u,CR,0,0,1,0,8,0,132,0,1,0,99,u,3.101,5,1,,,,,,,,,,,,,,,,,,,,,,,,,,,,,,,,,,,,,,,,,,,,,,,,,,u,1,3.101,,,,,,,,,,,,,220,0,220,0,1,,,,,,,,,,,,,,,,,,,,,,,,,,,,,,,,,,,,,,,,,,
,,,,,,,,,,,,,,,,,120,4,2024-09-06_13h38.38.181,Symbol-E,2020.1.3,Win32,Firefox,Mozilla/5.0 (Windows NT 10.0; Win64; x64; rv:129.0) Gecko/20100101 Firefox/129.0,60,,,,,,,,,,,,,,,,,,,,,,,,,,,,,,,,,,,,,,,,,,,,,,,,,,,,,,,,,,,,,,,,,,,,,,,,,,,,,,,,,,,,,,,,,,,,,,,,,,,,,,,,,,,,,,,,,,,,,,,,,,,,,,0,0,0,0,1,,,,,,,,,,,,,,,,,,,,,,,,,,,,,,,,,,,,,
,,,,,,,,,,,,,,,,,120,4,2024-09-06_13h38.38.181,Symbol-E,2020.1.3,Win32,Firefox,Mozilla/5.0 (Windows NT 10.0; Win64; x64; rv:129.0) Gecko/20100101 Firefox/129.0,60,,,,,,,,,,,,,,,,,,,,,,,,,,,,,,,,,,,,,,,,,,,,,,,,,,,,,,,,,,,,,,,,,,,,,,,,,,,,,,,,,,,,,,,,,,,,,,,,,,,,,,,,,,,,,,,,,,,,,,,,,,,,,,,,,,,0,0,0,0,1,,,,,,,,,,,,,,,,,,,,,,,,,,,,,,,,
,,,,,,,,,,,,,,,,,120,4,2024-09-06_13h38.38.181,Symbol-E,2020.1.3,Win32,Firefox,Mozilla/5.0 (Windows NT 10.0; Win64; x64; rv:129.0) Gecko/20100101 Firefox/129.0,60,,,,,,,,,,,,,,,,,,,,,,,,,,,,,,,,,,,,media/dinb.png,6,2,Symb,i,TR,0,0,1,0,8,0,0,0,1,1,0.190021028,h,1.222,4,0,,,,,,,,,,,,,,,,h,0.635,,,,,,,,,,,,,,,,,,,,,,,,,,,,,,,,,,,,,,,,,,,,,,,,,,,,,,,,,,,,,,,i,23.761,h,0,1.222,0,0,0,0,1,,,,,,,,,,,,,,,,,,,,,,
,,,,,,,,,,,,,,,,,120,4,2024-09-06_13h38.38.181,Symbol-E,2020.1.3,Win32,Firefox,Mozilla/5.0 (Windows NT 10.0; Win64; x64; rv:129.0) Gecko/20100101 Firefox/129.0,60,,,,,,,,,,,,,,,,,,,,,,,,,,,,,,,,,,,,,,,,,,,,,,,,,,,,,,,,,,,,,,,,,,,,,,,,,,,,,,,,,,,,,,,,,,,,,,,,,,,,,,,,,,,,,,,,,,,,,,,,,,,,,,,,,,,,,,,,,,,,,,,,,,0,0,0,0,1,,,,,,,,,,,,,,,,,
,,,,,,,,,,,,,,,,,120,4,2024-09-06_13h38.38.181,Symbol-E,2020.1.3,Win32,Firefox,Mozilla/5.0 (Windows NT 10.0; Win64; x64; rv:129.0) Gecko/20100101 Firefox/129.0,60,,,,,,,,,,,,,,,,,,,,,,,,,,,,,,,,,,,,media/dgnb.png,3,3,Symb,f,TR,0,0,1,0,8,0,1,0,1,1,0.096965732,i,1.174,6,0,,,,,,,,,,,,,,,,,,,,,,,,,,,,,,,,,,,,,,,,,,,,,,,,,,,,,,,,,,,,,,,,,,,,,,,,,,,,,,,,,,i,0,1.174,0,0,0,0,1,,,,,,,,,,,,,,,,,,,,,,
,,,,,,,,,,,,,,,,,120,4,2024-09-06_13h38.38.181,Symbol-E,2020.1.3,Win32,Firefox,Mozilla/5.0 (Windows NT 10.0; Win64; x64; rv:129.0) Gecko/20100101 Firefox/129.0,60,,,,,,,,,,,,,,,,,,,,,,,,,,,,,,,,,,,,,,,,,,,,,,,,,,,,,,,,,,,,,,,,,,,,,,,,,,,,,,,,,,,,,,,,,,,,,,,,,,,,,,,,,,,,,,,,,,,,,,,,,,,,,,,,,,,,,,,,,,,,,,,,,,1,0,1,0,1,,,,,,,,,,,,,,,,,
,,,,,,,,,,,,,,,,,120,4,2024-09-06_13h38.38.181,Symbol-E,2020.1.3,Win32,Firefox,Mozilla/5.0 (Windows NT 10.0; Win64; x64; rv:129.0) Gecko/20100101 Firefox/129.0,60,,,,,,,,,,,,,,,,,,,,,,,,,,,,,,,,,,,,media/dnnb.png,2,2,Symb,e,TR,0,0,1,0,8,0,2,0,1,1,0.141202523,a,1.072,0,0,,,,,,,,,,,,,,,,,,,,,,,,,,,,,,,,,,,,,,,,,,,,,,,,,,,,,,,,,,,,,,,,,,,,,,,,,,,,,,,,,,a,0,1.072,0,0,0,0,1,,,,,,,,,,,,,,,,,,,,,,
,,,,,,,,,,,,,,,,,120,4,2024-09-06_13h38.38.181,Symbol-E,2020.1.3,Win32,Firefox,Mozilla/5.0 (Windows NT 10.0; Win64; x64; rv:129.0) Gecko/20100101 Firefox/129.0,60,,,,,,,,,,,,,,,,,,,,,,,,,,,,,,,,,,,,,,,,,,,,,,,,,,,,,,,,,,,,,,,,,,,,,,,,,,,,,,,,,,,,,,,,,,,,,,,,,,,,,,,,,,,,,,,,,,,,,,,,,,,,,,,,,,,,,,,,,,,,,,,,,,2,0,2,0,1,,,,,,,,,,,,,,,,,
,,,,,,,,,,,,,,,,,120,4,2024-09-06_13h38.38.181,Symbol-E,2020.1.3,Win32,Firefox,Mozilla/5.0 (Windows NT 10.0; Win64; x64; rv:129.0) Gecko/20100101 Firefox/129.0,60,,,,,,,,,,,,,,,,,,,,,,,,,,,,,,,,,,,,media/djnb.png,0,0,Symb,a,TR,0,0,1,0,8,0,3,0,1,1,0.180323137,a,1.315,0,1,,,,,,,,,,,,,,,,,,,,,,,,,,,,,,,,,,,,,,,,,,,,,,,,,,,,,,,,,,,,,,,,,,,,,,,,,,,,,,,,,,a,1,1.315,0,0,0,0,1,,,,,,,,,,,,,,,,,,,,,,
,,,,,,,,,,,,,,,,,120,4,2024-09-06_13h38.38.181,Symbol-E,2020.1.3,Win32,Firefox,Mozilla/5.0 (Windows NT 10.0; Win64; x64; rv:129.0) Gecko/20100101 Firefox/129.0,60,,,,,,,,,,,,,,,,,,,,,,,,,,,,,,,,,,,,,,,,,,,,,,,,,,,,,,,,,,,,,,,,,,,,,,,,,,,,,,,,,,,,,,,,,,,,,,,,,,,,,,,,,,,,,,,,,,,,,,,,,,,,,,,,,,,,,,,,,,,,,,,,,,3,0,3,0,1,,,,,,,,,,,,,,,,,
,,,,,,,,,,,,,,,,,120,4,2024-09-06_13h38.38.181,Symbol-E,2020.1.3,Win32,Firefox,Mozilla/5.0 (Windows NT 10.0; Win64; x64; rv:129.0) Gecko/20100101 Firefox/129.0,60,,,,,,,,,,,,,,,,,,,,,,,,,,,,,,,,,,,,media/dcnb.png,4,0,Symb,h,TR,0,0,1,0,8,0,4,0,1,1,0.705317882,h,1.282,4,1,,,,,,,,,,,,,,,,,,,,,,,,,,,,,,,,,,,,,,,,,,,,,,,,,,,,,,,,,,,,,,,,,,,,,,,,,,,,,,,,,,h,1,1.282,0,0,0,0,1,,,,,,,,,,,,,,,,,,,,,,
,,,,,,,,,,,,,,,,,120,4,2024-09-06_13h38.38.181,Symbol-E,2020.1.3,Win32,Firefox,Mozilla/5.0 (Windows NT 10.0; Win64; x64; rv:129.0) Gecko/20100101 Firefox/129.0,60,,,,,,,,,,,,,,,,,,,,,,,,,,,,,,,,,,,,,,,,,,,,,,,,,,,,,,,,,,,,,,,,,,,,,,,,,,,,,,,,,,,,,,,,,,,,,,,,,,,,,,,,,,,,,,,,,,,,,,,,,,,,,,,,,,,,,,,,,,,,,,,,,,4,0,4,0,1,,,,,,,,,,,,,,,,,
,,,,,,,,,,,,,,,,,120,4,2024-09-06_13h38.38.181,Symbol-E,2020.1.3,Win32,Firefox,Mozilla/5.0 (Windows NT 10.0; Win64; x64; rv:129.0) Gecko/20100101 Firefox/129.0,60,,,,,,,,,,,,,,,,,,,,,,,,,,,,,,,,,,,,media/dcnb.png,4,0,Symb,h,TR,0,0,1,0,8,0,5,0,1,1,0.895984709,h,1.145,4,1,,,,,,,,,,,,,,,,,,,,,,,,,,,,,,,,,,,,,,,,,,,,,,,,,,,,,,,,,,,,,,,,,,,,,,,,,,,,,,,,,,h,1,1.145,0,0,0,0,1,,,,,,,,,,,,,,,,,,,,,,
,,,,,,,,,,,,,,,,,120,4,2024-09-06_13h38.38.181,Symbol-E,2020.1.3,Win32,Firefox,Mozilla/5.0 (Windows NT 10.0; Win64; x64; rv:129.0) Gecko/20100101 Firefox/129.0,60,,,,,,,,,,,,,,,,,,,,,,,,,,,,,,,,,,,,,,,,,,,,,,,,,,,,,,,,,,,,,,,,,,,,,,,,,,,,,,,,,,,,,,,,,,,,,,,,,,,,,,,,,,,,,,,,,,,,,,,,,,,,,,,,,,,,,,,,,,,,,,,,,,5,0,5,0,1,,,,,,,,,,,,,,,,,
,,,,,,,,,,,,,,,,,120,4,2024-09-06_13h38.38.181,Symbol-E,2020.1.3,Win32,Firefox,Mozilla/5.0 (Windows NT 10.0; Win64; x64; rv:129.0) Gecko/20100101 Firefox/129.0,60,,,,,,,,,,,,,,,,,,,,,,,,,,,,,,,,,,,,media/djnb.png,0,0,Symb,a,TR,0,0,1,0,8,0,6,0,1,1,0.615249172,e,1.234,2,0,,,,,,,,,,,,,,,,,,,,,,,,,,,,,,,,,,,,,,,,,,,,,,,,,,,,,,,,,,,,,,,,,,,,,,,,,,,,,,,,,,e,0,1.234,0,0,0,0,1,,,,,,,,,,,,,,,,,,,,,,
,,,,,,,,,,,,,,,,,120,4,2024-09-06_13h38.38.181,Symbol-E,2020.1.3,Win32,Firefox,Mozilla/5.0 (Windows NT 10.0; Win64; x64; rv:129.0) Gecko/20100101 Firefox/129.0,60,,,,,,,,,,,,,,,,,,,,,,,,,,,,,,,,,,,,,,,,,,,,,,,,,,,,,,,,,,,,,,,,,,,,,,,,,,,,,,,,,,,,,,,,,,,,,,,,,,,,,,,,,,,,,,,,,,,,,,,,,,,,,,,,,,,,,,,,,,,,,,,,,,6,0,6,0,1,,,,,,,,,,,,,,,,,
,,,,,,,,,,,,,,,,,120,4,2024-09-06_13h38.38.181,Symbol-E,2020.1.3,Win32,Firefox,Mozilla/5.0 (Windows NT 10.0; Win64; x64; rv:129.0) Gecko/20100101 Firefox/129.0,60,,,,,,,,,,,,,,,,,,,,,,,,,,,,,,,,,,,,media/dnnb.png,2,2,Symb,e,TR,0,0,1,0,8,0,7,0,1,1,0.040238285,a,99,8,0,,,,,,,,,,,,,,,,,,,,h,1.326,,,,,,,,,,,,,,,,,,,,,,,,,,,,,,,,,,,,,,,,,,,,,,,,,,,,,,,,,,,,,,0,,,,,,,,,,,,0,0,0,0,1,,,,,,,,,,,,
,,,,,,,,,,,,,,,,,120,4,2024-09-06_13h38.38.181,Symbol-E,2020.1.3,Win32,Firefox,Mozilla/5.0 (Windows NT 10.0; Win64; x64; rv:129.0) Gecko/20100101 Firefox/129.0,60,,,,,,,,,,,,,,,,,,,,,,,,,,,,,,,,,,,,,,,,,,,,,,,,,,,,,,,,,,,,,,,,,,,,,,,,,,,,,,,,,,,,,,,,,,,,,,,,,,,,,,,,,,,,,,,,,,,,,,,,,,,,,,,,,,,,,,,,,,,,,,,,,,7,0,7,0,1,,,,,,,,,,,,,,,,,
,,,,,,,,,,,,,,,,,120,4,2024-09-06_13h38.38.181,Symbol-E,2020.1.3,Win32,Firefox,Mozilla/5.0 (Windows NT 10.0; Win64; x64; rv:129.0) Gecko/20100101 Firefox/129.0,60,,,,,,,,,,,,,,,,,,,,,,,,,,,,,,,,,,,,media/dfnb.png,1,1,Symb,w,TR,0,0,1,0,8,0,8,0,1,1,1.025891898,w,0.878,1,1,,,,,,,,,,,,,,,,,,,,h,1.343,,,,,,,,,,,,,,,,,,,,,,,,,,,,,,,,,,,,,,,,,,,,,,,,,,,,,,,,,,,,,w,1,0.878,,,,,,,,,,,0,0,0,0,1,,,,,,,,,,,,
,,,,,,,,,,,,,,,,,120,4,2024-09-06_13h38.38.181,Symbol-E,2020.1.3,Win32,Firefox,Mozilla/5.0 (Windows NT 10.0; Win64; x64; rv:129.0) Gecko/20100101 Firefox/129.0,60,,,,,,,,,,,,,,,,,,,,,,,,,,,,,,,,,,,,,,,,,,,,,,,,,,,,,,,,,,,,,,,,,,,,,,,,,,,,,,,,,,,,,,,,,,,,,,,,,,,,,,,,,,,,,,,,,,,,,,,,,,,,,,,,,,,,,,,,,,,,,,,,,,8,0,8,0,1,,,,,,,,,,,,,,,,,
,,,,,,,,,,,,,,,,,120,4,2024-09-06_13h38.38.181,Symbol-E,2020.1.3,Win32,Firefox,Mozilla/5.0 (Windows NT 10.0; Win64; x64; rv:129.0) Gecko/20100101 Firefox/129.0,60,,,,,,,,,,,,,,,,,,,,,,,,,,,,,,,,,,,,media/dgnb.png,3,3,Symb,f,TR,0,0,1,0,8,0,9,0,1,1,0.686006918,a,1.262,0,0,,,,,,,,,,,,,,,,,,,,,,,,,,,,,,,,,,,,,,,,,,,,,,,,,,,,,,,,,,,,,,,,,,,,,,,,,,,,,,,,,,a,0,1.262,0,0,0,0,1,,,,,,,,,,,,,,,,,,,,,,
,,,,,,,,,,,,,,,,,120,4,2024-09-06_13h38.38.181,Symbol-E,2020.1.3,Win32,Firefox,Mozilla/5.0 (Windows NT 10.0; Win64; x64; rv:129.0) Gecko/20100101 Firefox/129.0,60,,,,,,,,,,,,,,,,,,,,,,,,,,,,,,,,,,,,,,,,,,,,,,,,,,,,,,,,,,,,,,,,,,,,,,,,,,,,,,,,,,,,,,,,,,,,,,,,,,,,,,,,,,,,,,,,,,,,,,,,,,,,,,,,,,,,,,,,,,,,,,,,,,9,0,9,0,1,,,,,,,,,,,,,,,,,
,,,,,,,,,,,,,,,,,120,4,2024-09-06_13h38.38.181,Symbol-E,2020.1.3,Win32,Firefox,Mozilla/5.0 (Windows NT 10.0; Win64; x64; rv:129.0) Gecko/20100101 Firefox/129.0,60,,,,,,,,,,,,,,,,,,,,,,,,,,,,,,,,,,,,media/dmnb.png,7,3,Symb,l,TR,0,0,1,0,8,0,10,0,1,1,0.971343081,u,1.087,5,0,,,,,,,,,,,,,,,,,,,,,,,,,,,,,,,,,,,,,,,,,,,,,,,,,,,,,,,,,,,,,,,,,,,,,,,,,,,,,,,,,,u,0,1.087,0,0,0,0,1,,,,,,,,,,,,,,,,,,,,,,
,,,,,,,,,,,,,,,,,120,4,2024-09-06_13h38.38.181,Symbol-E,2020.1.3,Win32,Firefox,Mozilla/5.0 (Windows NT 10.0; Win64; x64; rv:129.0) Gecko/20100101 Firefox/129.0,60,,,,,,,,,,,,,,,,,,,,,,,,,,,,,,,,,,,,,,,,,,,,,,,,,,,,,,,,,,,,,,,,,,,,,,,,,,,,,,,,,,,,,,,,,,,,,,,,,,,,,,,,,,,,,,,,,,,,,,,,,,,,,,,,,,,,,,,,,,,,,,,,,,10,0,10,0,1,,,,,,,,,,,,,,,,,
,,,,,,,,,,,,,,,,,120,4,2024-09-06_13h38.38.181,Symbol-E,2020.1.3,Win32,Firefox,Mozilla/5.0 (Windows NT 10.0; Win64; x64; rv:129.0) Gecko/20100101 Firefox/129.0,60,,,,,,,,,,,,,,,,,,,,,,,,,,,,,,,,,,,,media/dmnb.png,7,3,Symb,l,TR,0,0,1,0,8,0,11,0,1,1,0.237508807,u,1.262,5,0,,,,,,,,,,,,,,,,,,,,,,,,,,,,,,,,,,,,,,,,,,,,,,,,,,,,,,,,,,,,,,,,,,,,,,,,,,,,,,,,,,u,0,1.262,0,0,0,0,1,,,,,,,,,,,,,,,,,,,,,,
,,,,,,,,,,,,,,,,,120,4,2024-09-06_13h38.38.181,Symbol-E,2020.1.3,Win32,Firefox,Mozilla/5.0 (Windows NT 10.0; Win64; x64; rv:129.0) Gecko/20100101 Firefox/129.0,60,,,,,,,,,,,,,,,,,,,,,,,,,,,,,,,,,,,,,,,,,,,,,,,,,,,,,,,,,,,,,,,,,,,,,,,,,,,,,,,,,,,,,,,,,,,,,,,,,,,,,,,,,,,,,,,,,,,,,,,,,,,,,,,,,,,,,,,,,,,,,,,,,,11,0,11,0,1,,,,,,,,,,,,,,,,,
,,,,,,,,,,,,,,,,,120,4,2024-09-06_13h38.38.181,Symbol-E,2020.1.3,Win32,Firefox,Mozilla/5.0 (Windows NT 10.0; Win64; x64; rv:129.0) Gecko/20100101 Firefox/129.0,60,,,,,,,,,,,,,,,,,,,,,,,,,,,,,,,,,,,,media/ddnb.png,5,1,Symb,u,TR,0,0,1,0,8,0,12,0,1,1,0.658888739,h,1.222,4,0,,,,,,,,,,,,,,,,,,,,,,,,,,,,,,,,,,,,,,,,,,,,,,,,,,,,,,,,,,,,,,,,,,,,,,,,,,,,,,,,,,h,0,1.222,0,0,0,0,1,,,,,,,,,,,,,,,,,,,,,,
,,,,,,,,,,,,,,,,,120,4,2024-09-06_13h38.38.181,Symbol-E,2020.1.3,Win32,Firefox,Mozilla/5.0 (Windows NT 10.0; Win64; x64; rv:129.0) Gecko/20100101 Firefox/129.0,60,,,,,,,,,,,,,,,,,,,,,,,,,,,,,,,,,,,,,,,,,,,,,,,,,,,,,,,,,,,,,,,,,,,,,,,,,,,,,,,,,,,,,,,,,,,,,,,,,,,,,,,,,,,,,,,,,,,,,,,,,,,,,,,,,,,,,,,,,,,,,,,,,,12,0,12,0,1,,,,,,,,,,,,,,,,,
,,,,,,,,,,,,,,,,,120,4,2024-09-06_13h38.38.181,Symbol-E,2020.1.3,Win32,Firefox,Mozilla/5.0 (Windows NT 10.0; Win64; x64; rv:129.0) Gecko/20100101 Firefox/129.0,60,,,,,,,,,,,,,,,,,,,,,,,,,,,,,,,,,,,,media/dinb.png,6,2,Symb,i,TR,0,0,1,0,8,0,13,0,1,1,0.013500581,u,1.258,5,0,,,,,,,,,,,,,,,,,,,,,,,,,,,,,,,,,,,,,,,,,,,,,,,,,,,,,,,,,,,,,,,,,,,,,,,,,,,,,,,,,,u,0,1.258,0,0,0,0,1,,,,,,,,,,,,,,,,,,,,,,
,,,,,,,,,,,,,,,,,120,4,2024-09-06_13h38.38.181,Symbol-E,2020.1.3,Win32,Firefox,Mozilla/5.0 (Windows NT 10.0; Win64; x64; rv:129.0) Gecko/20100101 Firefox/129.0,60,,,,,,,,,,,,,,,,,,,,,,,,,,,,,,,,,,,,,,,,,,,,,,,,,,,,,,,,,,,,,,,,,,,,,,,,,,,,,,,,,,,,,,,,,,,,,,,,,,,,,,,,,,,,,,,,,,,,,,,,,,,,,,,,,,,,,,,,,,,,,,,,,,13,0,13,0,1,,,,,,,,,,,,,,,,,
,,,,,,,,,,,,,,,,,120,4,2024-09-06_13h38.38.181,Symbol-E,2020.1.3,Win32,Firefox,Mozilla/5.0 (Windows NT 10.0; Win64; x64; rv:129.0) Gecko/20100101 Firefox/129.0,60,,,,,,,,,,,,,,,,,,,,,,,,,,,,,,,,,,,,media/ddnb.png,5,1,Symb,u,TR,0,0,1,0,8,0,14,0,1,1,0.977627795,h,1.255,4,0,,,,,,,,,,,,,,,,,,,,,,,,,,,,,,,,,,,,,,,,,,,,,,,,,,,,,,,,,,,,,,,,,,,,,,,,,,,,,,,,,,h,0,1.255,0,0,0,0,1,,,,,,,,,,,,,,,,,,,,,,
,,,,,,,,,,,,,,,,,120,4,2024-09-06_13h38.38.181,Symbol-E,2020.1.3,Win32,Firefox,Mozilla/5.0 (Windows NT 10.0; Win64; x64; rv:129.0) Gecko/20100101 Firefox/129.0,60,,,,,,,,,,,,,,,,,,,,,,,,,,,,,,,,,,,,,,,,,,,,,,,,,,,,,,,,,,,,,,,,,,,,,,,,,,,,,,,,,,,,,,,,,,,,,,,,,,,,,,,,,,,,,,,,,,,,,,,,,,,,,,,,,,,,,,,,,,,,,,,,,,14,0,14,0,1,,,,,,,,,,,,,,,,,
,,,,,,,,,,,,,,,,,120,4,2024-09-06_13h38.38.181,Symbol-E,2020.1.3,Win32,Firefox,Mozilla/5.0 (Windows NT 10.0; Win64; x64; rv:129.0) Gecko/20100101 Firefox/129.0,60,,,,,,,,,,,,,,,,,,,,,,,,,,,,,,,,,,,,media/dfnb.png,1,1,Symb,w,TR,0,0,1,0,8,0,15,0,1,1,0.16640743,u,1.306,5,0,,,,,,,,,,,,,,,,,,,,,,,,,,,,,,,,,,,,,,,,,,,,,,,,,,,,,,,,,,,,,,,,,,,,,,,,,,,,,,,,,,u,0,1.306,0,0,0,0,1,,,,,,,,,,,,,,,,,,,,,,
,,,,,,,,,,,,,,,,,120,4,2024-09-06_13h38.38.181,Symbol-E,2020.1.3,Win32,Firefox,Mozilla/5.0 (Windows NT 10.0; Win64; x64; rv:129.0) Gecko/20100101 Firefox/129.0,60,,,,,,,,,,,,,,,,,,,,,,,,,,,,,,,,,,,,,,,,,,,,,,,,,,,,,,,,,,,,,,,,,,,,,,,,,,,,,,,,,,,,,,,,,,,,,,,,,,,,,,,,,,,,,,,,,,,,,,,,,,,,,,,,,,,,,,,,,,,,,,,,,,15,0,15,0,1,,,,,,,,,,,,,,,,,
,,,,,,,,,,,,,,,,,120,4,2024-09-06_13h38.38.181,Symbol-E,2020.1.3,Win32,Firefox,Mozilla/5.0 (Windows NT 10.0; Win64; x64; rv:129.0) Gecko/20100101 Firefox/129.0,60,,,,,,,,,,,,,,,,,,,,,,,,,,,,,,,,,,,,media/dgnb.png,3,3,Symb,f,TR,0,0,1,0,8,0,16,0,1,1,1.11035699,a,1.125,0,0,,,,,,,,,,,,,,,,,,,,,,,,,,,,,,,,,,,,,,,,,,,,,,,,,,,,,,,,,,,,,,,,,,,,,,,,,,,,,,,,,,a,0,1.125,0,0,0,0,1,,,,,,,,,,,,,,,,,,,,,,
,,,,,,,,,,,,,,,,,120,4,2024-09-06_13h38.38.181,Symbol-E,2020.1.3,Win32,Firefox,Mozilla/5.0 (Windows NT 10.0; Win64; x64; rv:129.0) Gecko/20100101 Firefox/129.0,60,,,,,,,,,,,,,,,,,,,,,,,,,,,,,,,,,,,,,,,,,,,,,,,,,,,,,,,,,,,,,,,,,,,,,,,,,,,,,,,,,,,,,,,,,,,,,,,,,,,,,,,,,,,,,,,,,,,,,,,,,,,,,,,,,,,,,,,,,,,,,,,,,,16,0,16,0,1,,,,,,,,,,,,,,,,,
,,,,,,,,,,,,,,,,,120,4,2024-09-06_13h38.38.181,Symbol-E,2020.1.3,Win32,Firefox,Mozilla/5.0 (Windows NT 10.0; Win64; x64; rv:129.0) Gecko/20100101 Firefox/129.0,60,,,,,,,,,,,,,,,,,,,,,,,,,,,,,,,,,,,,media/ddnb.png,5,1,Symb,u,TR,0,0,1,0,8,0,17,0,1,1,0.417900049,w,1.263,1,0,,,,,,,,,,,,,,,,,,,,,,,,,,,,,,,,,,,,,,,,,,,,,,,,,,,,,,,,,,,,,,,,,,,,,,,,,,,,,,,,,,w,0,1.263,0,0,0,0,1,,,,,,,,,,,,,,,,,,,,,,
,,,,,,,,,,,,,,,,,120,4,2024-09-06_13h38.38.181,Symbol-E,2020.1.3,Win32,Firefox,Mozilla/5.0 (Windows NT 10.0; Win64; x64; rv:129.0) Gecko/20100101 Firefox/129.0,60,,,,,,,,,,,,,,,,,,,,,,,,,,,,,,,,,,,,,,,,,,,,,,,,,,,,,,,,,,,,,,,,,,,,,,,,,,,,,,,,,,,,,,,,,,,,,,,,,,,,,,,,,,,,,,,,,,,,,,,,,,,,,,,,,,,,,,,,,,,,,,,,,,17,0,17,0,1,,,,,,,,,,,,,,,,,
,,,,,,,,,,,,,,,,,120,4,2024-09-06_13h38.38.181,Symbol-E,2020.1.3,Win32,Firefox,Mozilla/5.0 (Windows NT 10.0; Win64; x64; rv:129.0) Gecko/20100101 Firefox/129.0,60,,,,,,,,,,,,,,,,,,,,,,,,,,,,,,,,,,,,media/dmnb.png,7,3,Symb,l,TR,0,0,1,0,8,0,18,0,1,1,0.891258348,w,1.184,1,0,,,,,,,,,,,,,,,,,,,,,,,,,,,,,,,,,,,,,,,,,,,,,,,,,,,,,,,,,,,,,,,,,,,,,,,,,,,,,,,,,,w,0,1.184,0,0,0,0,1,,,,,,,,,,,,,,,,,,,,,,
,,,,,,,,,,,,,,,,,120,4,2024-09-06_13h38.38.181,Symbol-E,2020.1.3,Win32,Firefox,Mozilla/5.0 (Windows NT 10.0; Win64; x64; rv:129.0) Gecko/20100101 Firefox/129.0,60,,,,,,,,,,,,,,,,,,,,,,,,,,,,,,,,,,,,,,,,,,,,,,,,,,,,,,,,,,,,,,,,,,,,,,,,,,,,,,,,,,,,,,,,,,,,,,,,,,,,,,,,,,,,,,,,,,,,,,,,,,,,,,,,,,,,,,,,,,,,,,,,,,18,0,18,0,1,,,,,,,,,,,,,,,,,
,,,,,,,,,,,,,,,,,120,4,2024-09-06_13h38.38.181,Symbol-E,2020.1.3,Win32,Firefox,Mozilla/5.0 (Windows NT 10.0; Win64; x64; rv:129.0) Gecko/20100101 Firefox/129.0,60,,,,,,,,,,,,,,,,,,,,,,,,,,,,,,,,,,,,media/djnb.png,0,0,Symb,a,TR,0,0,1,0,8,0,19,0,1,1,0.32128807,w,1.301,1,0,,,,,,,,,,,,,,,,,,,,,,,,,,,,,,,,,,,,,,,,,,,,,,,,,,,,,,,,,,,,,,,,,,,,,,,,,,,,,,,,,,w,0,1.301,0,0,0,0,1,,,,,,,,,,,,,,,,,,,,,,
,,,,,,,,,,,,,,,,,120,4,2024-09-06_13h38.38.181,Symbol-E,2020.1.3,Win32,Firefox,Mozilla/5.0 (Windows NT 10.0; Win64; x64; rv:129.0) Gecko/20100101 Firefox/129.0,60,,,,,,,,,,,,,,,,,,,,,,,,,,,,,,,,,,,,,,,,,,,,,,,,,,,,,,,,,,,,,,,,,,,,,,,,,,,,,,,,,,,,,,,,,,,,,,,,,,,,,,,,,,,,,,,,,,,,,,,,,,,,,,,,,,,,,,,,,,,,,,,,,,19,0,19,0,1,,,,,,,,,,,,,,,,,
,,,,,,,,,,,,,,,,,120,4,2024-09-06_13h38.38.181,Symbol-E,2020.1.3,Win32,Firefox,Mozilla/5.0 (Windows NT 10.0; Win64; x64; rv:129.0) Gecko/20100101 Firefox/129.0,60,,,,,,,,,,,,,,,,,,,,,,,,,,,,,,,,,,,,media/dinb.png,6,2,Symb,i,TR,0,0,1,0,8,0,20,0,1,1,0.823735334,i,1.122,6,1,,,,,,,,,,,,,,,,,,,,,,,,,,,,,,,,,,,,,,,,,,,,,,,,,,,,,,,,,,,,,,,,,,,,,,,,,,,,,,,,,,i,1,1.122,0,0,0,0,1,,,,,,,,,,,,,,,,,,,,,,
,,,,,,,,,,,,,,,,,120,4,2024-09-06_13h38.38.181,Symbol-E,2020.1.3,Win32,Firefox,Mozilla/5.0 (Windows NT 10.0; Win64; x64; rv:129.0) Gecko/20100101 Firefox/129.0,60,,,,,,,,,,,,,,,,,,,,,,,,,,,,,,,,,,,,,,,,,,,,,,,,,,,,,,,,,,,,,,,,,,,,,,,,,,,,,,,,,,,,,,,,,,,,,,,,,,,,,,,,,,,,,,,,,,,,,,,,,,,,,,,,,,,,,,,,,,,,,,,,,,20,0,20,0,1,,,,,,,,,,,,,,,,,
,,,,,,,,,,,,,,,,,120,4,2024-09-06_13h38.38.181,Symbol-E,2020.1.3,Win32,Firefox,Mozilla/5.0 (Windows NT 10.0; Win64; x64; rv:129.0) Gecko/20100101 Firefox/129.0,60,,,,,,,,,,,,,,,,,,,,,,,,,,,,,,,,,,,,media/dcnb.png,4,0,Symb,h,TR,0,0,1,0,8,0,21,0,1,1,0.355113994,a,1.364,0,0,,,,,,,,,,,,,,,,,,,,,,,,,,,,,,,,,,,,,,,,,,,,,,,,,,,,,,,,,,,,,,,,,,,,,,,,,,,,,,,,,,a,0,1.364,0,0,0,0,1,,,,,,,,,,,,,,,,,,,,,,
,,,,,,,,,,,,,,,,,120,4,2024-09-06_13h38.38.181,Symbol-E,2020.1.3,Win32,Firefox,Mozilla/5.0 (Windows NT 10.0; Win64; x64; rv:129.0) Gecko/20100101 Firefox/129.0,60,,,,,,,,,,,,,,,,,,,,,,,,,,,,,,,,,,,,,,,,,,,,,,,,,,,,,,,,,,,,,,,,,,,,,,,,,,,,,,,,,,,,,,,,,,,,,,,,,,,,,,,,,,,,,,,,,,,,,,,,,,,,,,,,,,,,,,,,,,,,,,,,,,21,0,21,0,1,,,,,,,,,,,,,,,,,
,,,,,,,,,,,,,,,,,120,4,2024-09-06_13h38.38.181,Symbol-E,2020.1.3,Win32,Firefox,Mozilla/5.0 (Windows NT 10.0; Win64; x64; rv:129.0) Gecko/20100101 Firefox/129.0,60,,,,,,,,,,,,,,,,,,,,,,,,,,,,,,,,,,,,media/djnb.png,0,0,Symb,a,TR,0,0,1,0,8,0,22,0,1,1,0.069248935,a,99,8,0,,,,,,,,,,,,,,,,,,,,h,0.075,,,,,,,,,,,,,,,,,,,,,,,,,,,,,,,,,,,,,,,,,,,,,,,,,,,,,,,,,,,,,,0,,,,,,,,,,,,0,0,0,0,1,,,,,,,,,,,,
,,,,,,,,,,,,,,,,,120,4,2024-09-06_13h38.38.181,Symbol-E,2020.1.3,Win32,Firefox,Mozilla/5.0 (Windows NT 10.0; Win64; x64; rv:129.0) Gecko/20100101 Firefox/129.0,60,,,,,,,,,,,,,,,,,,,,,,,,,,,,,,,,,,,,,,,,,,,,,,,,,,,,,,,,,,,,,,,,,,,,,,,,,,,,,,,,,,,,,,,,,,,,,,,,,,,,,,,,,,,,,,,,,,,,,,,,,,,,,,,,,,,,,,,,,,,,,,,,,,22,0,22,0,1,,,,,,,,,,,,,,,,,
,,,,,,,,,,,,,,,,,120,4,2024-09-06_13h38.38.181,Symbol-E,2020.1.3,Win32,Firefox,Mozilla/5.0 (Windows NT 10.0; Win64; x64; rv:129.0) Gecko/20100101 Firefox/129.0,60,,,,,,,,,,,,,,,,,,,,,,,,,,,,,,,,,,,,media/dgnb.png,3,3,Symb,f,TR,0,0,1,0,8,0,23,0,1,1,0.208201553,e,1.405,2,0,,,,,,,,,,,,,,,,,,,,,,,,,,,,,,,,,,,,,,,,,,,,,,,,,,,,,,,,,,,,,,,,,,,,,,,,,,,,,,,,,,e,0,1.405,0,0,0,0,1,,,,,,,,,,,,,,,,,,,,,,
,,,,,,,,,,,,,,,,,120,4,2024-09-06_13h38.38.181,Symbol-E,2020.1.3,Win32,Firefox,Mozilla/5.0 (Windows NT 10.0; Win64; x64; rv:129.0) Gecko/20100101 Firefox/129.0,60,,,,,,,,,,,,,,,,,,,,,,,,,,,,,,,,,,,,,,,,,,,,,,,,,,,,,,,,,,,,,,,,,,,,,,,,,,,,,,,,,,,,,,,,,,,,,,,,,,,,,,,,,,,,,,,,,,,,,,,,,,,,,,,,,,,,,,,,,,,,,,,,,,23,0,23,0,1,,,,,,,,,,,,,,,,,
,,,,,,,,,,,,,,,,,120,4,2024-09-06_13h38.38.181,Symbol-E,2020.1.3,Win32,Firefox,Mozilla/5.0 (Windows NT 10.0; Win64; x64; rv:129.0) Gecko/20100101 Firefox/129.0,60,,,,,,,,,,,,,,,,,,,,,,,,,,,,,,,,,,,,media/dfnb.png,1,1,Symb,w,TR,0,0,1,0,8,0,24,0,1,1,0.010052878,a,99,8,0,,,,,,,,,,,,,,,,,,,,h,0.949,,,,,,,,,,,,,,,,,,,,,,,,,,,,,,,,,,,,,,,,,,,,,,,,,,,,,,,,,,,,,,0,,,,,,,,,,,,0,0,0,0,1,,,,,,,,,,,,
,,,,,,,,,,,,,,,,,120,4,2024-09-06_13h38.38.181,Symbol-E,2020.1.3,Win32,Firefox,Mozilla/5.0 (Windows NT 10.0; Win64; x64; rv:129.0) Gecko/20100101 Firefox/129.0,60,,,,,,,,,,,,,,,,,,,,,,,,,,,,,,,,,,,,,,,,,,,,,,,,,,,,,,,,,,,,,,,,,,,,,,,,,,,,,,,,,,,,,,,,,,,,,,,,,,,,,,,,,,,,,,,,,,,,,,,,,,,,,,,,,,,,,,,,,,,,,,,,,,24,0,24,0,1,,,,,,,,,,,,,,,,,
,,,,,,,,,,,,,,,,,120,4,2024-09-06_13h38.38.181,Symbol-E,2020.1.3,Win32,Firefox,Mozilla/5.0 (Windows NT 10.0; Win64; x64; rv:129.0) Gecko/20100101 Firefox/129.0,60,,,,,,,,,,,,,,,,,,,,,,,,,,,,,,,,,,,,media/dnnb.png,2,2,Symb,e,TR,0,0,1,0,8,0,25,0,1,1,0.712998361,e,1.147,2,1,,,,,,,,,,,,,,,,,,,,,,,,,,,,,,,,,,,,,,,,,,,,,,,,,,,,,,,,,,,,,,,,,,,,,,,,,,,,,,,,,,e,1,1.147,0,0,0,0,1,,,,,,,,,,,,,,,,,,,,,,
,,,,,,,,,,,,,,,,,120,4,2024-09-06_13h38.38.181,Symbol-E,2020.1.3,Win32,Firefox,Mozilla/5.0 (Windows NT 10.0; Win64; x64; rv:129.0) Gecko/20100101 Firefox/129.0,60,,,,,,,,,,,,,,,,,,,,,,,,,,,,,,,,,,,,,,,,,,,,,,,,,,,,,,,,,,,,,,,,,,,,,,,,,,,,,,,,,,,,,,,,,,,,,,,,,,,,,,,,,,,,,,,,,,,,,,,,,,,,,,,,,,,,,,,,,,,,,,,,,,25,0,25,0,1,,,,,,,,,,,,,,,,,
,,,,,,,,,,,,,,,,,120,4,2024-09-06_13h38.38.181,Symbol-E,2020.1.3,Win32,Firefox,Mozilla/5.0 (Windows NT 10.0; Win64; x64; rv:129.0) Gecko/20100101 Firefox/129.0,60,,,,,,,,,,,,,,,,,,,,,,,,,,,,,,,,,,,,media/dmnb.png,7,3,Symb,l,TR,0,0,1,0,8,0,26,0,1,1,0.697558232,h,1.196,4,0,,,,,,,,,,,,,,,,,,,,,,,,,,,,,,,,,,,,,,,,,,,,,,,,,,,,,,,,,,,,,,,,,,,,,,,,,,,,,,,,,,h,0,1.196,0,0,0,0,1,,,,,,,,,,,,,,,,,,,,,,
,,,,,,,,,,,,,,,,,120,4,2024-09-06_13h38.38.181,Symbol-E,2020.1.3,Win32,Firefox,Mozilla/5.0 (Windows NT 10.0; Win64; x64; rv:129.0) Gecko/20100101 Firefox/129.0,60,,,,,,,,,,,,,,,,,,,,,,,,,,,,,,,,,,,,,,,,,,,,,,,,,,,,,,,,,,,,,,,,,,,,,,,,,,,,,,,,,,,,,,,,,,,,,,,,,,,,,,,,,,,,,,,,,,,,,,,,,,,,,,,,,,,,,,,,,,,,,,,,,,26,0,26,0,1,,,,,,,,,,,,,,,,,
,,,,,,,,,,,,,,,,,120,4,2024-09-06_13h38.38.181,Symbol-E,2020.1.3,Win32,Firefox,Mozilla/5.0 (Windows NT 10.0; Win64; x64; rv:129.0) Gecko/20100101 Firefox/129.0,60,,,,,,,,,,,,,,,,,,,,,,,,,,,,,,,,,,,,media/dfnb.png,1,1,Symb,w,TR,0,0,1,0,8,0,27,0,1,1,0.923435681,w,1.006,1,1,,,,,,,,,,,,,,,,,,,,,,,,,,,,,,,,,,,,,,,,,,,,,,,,,,,,,,,,,,,,,,,,,,,,,,,,,,,,,,,,,,w,1,1.006,0,0,0,0,1,,,,,,,,,,,,,,,,,,,,,,
,,,,,,,,,,,,,,,,,120,4,2024-09-06_13h38.38.181,Symbol-E,2020.1.3,Win32,Firefox,Mozilla/5.0 (Windows NT 10.0; Win64; x64; rv:129.0) Gecko/20100101 Firefox/129.0,60,,,,,,,,,,,,,,,,,,,,,,,,,,,,,,,,,,,,,,,,,,,,,,,,,,,,,,,,,,,,,,,,,,,,,,,,,,,,,,,,,,,,,,,,,,,,,,,,,,,,,,,,,,,,,,,,,,,,,,,,,,,,,,,,,,,,,,,,,,,,,,,,,,27,0,27,0,1,,,,,,,,,,,,,,,,,
,,,,,,,,,,,,,,,,,120,4,2024-09-06_13h38.38.181,Symbol-E,2020.1.3,Win32,Firefox,Mozilla/5.0 (Windows NT 10.0; Win64; x64; rv:129.0) Gecko/20100101 Firefox/129.0,60,,,,,,,,,,,,,,,,,,,,,,,,,,,,,,,,,,,,media/ddnb.png,5,1,Symb,u,TR,0,0,1,0,8,0,28,0,1,1,0.302638372,l,1.428,7,0,,,,,,,,,,,,,,,,,,,,,,,,,,,,,,,,,,,,,,,,,,,,,,,,,,,,,,,,,,,,,,,,,,,,,,,,,,,,,,,,,,l,0,1.428,0,0,0,0,1,,,,,,,,,,,,,,,,,,,,,,
,,,,,,,,,,,,,,,,,120,4,2024-09-06_13h38.38.181,Symbol-E,2020.1.3,Win32,Firefox,Mozilla/5.0 (Windows NT 10.0; Win64; x64; rv:129.0) Gecko/20100101 Firefox/129.0,60,,,,,,,,,,,,,,,,,,,,,,,,,,,,,,,,,,,,,,,,,,,,,,,,,,,,,,,,,,,,,,,,,,,,,,,,,,,,,,,,,,,,,,,,,,,,,,,,,,,,,,,,,,,,,,,,,,,,,,,,,,,,,,,,,,,,,,,,,,,,,,,,,,28,0,28,0,1,,,,,,,,,,,,,,,,,
,,,,,,,,,,,,,,,,,120,4,2024-09-06_13h38.38.181,Symbol-E,2020.1.3,Win32,Firefox,Mozilla/5.0 (Windows NT 10.0; Win64; x64; rv:129.0) Gecko/20100101 Firefox/129.0,60,,,,,,,,,,,,,,,,,,,,,,,,,,,,,,,,,,,,media/dcnb.png,4,0,Symb,h,TR,0,0,1,0,8,0,29,0,1,1,1.005309521,h,1.134,4,1,,,,,,,,,,,,,,,,,,,,,,,,,,,,,,,,,,,,,,,,,,,,,,,,,,,,,,,,,,,,,,,,,,,,,,,,,,,,,,,,,,h,1,1.134,0,0,0,0,1,,,,,,,,,,,,,,,,,,,,,,
,,,,,,,,,,,,,,,,,120,4,2024-09-06_13h38.38.181,Symbol-E,2020.1.3,Win32,Firefox,Mozilla/5.0 (Windows NT 10.0; Win64; x64; rv:129.0) Gecko/20100101 Firefox/129.0,60,,,,,,,,,,,,,,,,,,,,,,,,,,,,,,,,,,,,,,,,,,,,,,,,,,,,,,,,,,,,,,,,,,,,,,,,,,,,,,,,,,,,,,,,,,,,,,,,,,,,,,,,,,,,,,,,,,,,,,,,,,,,,,,,,,,,,,,,,,,,,,,,,,29,0,29,0,1,,,,,,,,,,,,,,,,,
,,,,,,,,,,,,,,,,,120,4,2024-09-06_13h38.38.181,Symbol-E,2020.1.3,Win32,Firefox,Mozilla/5.0 (Windows NT 10.0; Win64; x64; rv:129.0) Gecko/20100101 Firefox/129.0,60,,,,,,,,,,,,,,,,,,,,,,,,,,,,,,,,,,,,media/dinb.png,6,2,Symb,i,TR,0,0,1,0,8,0,30,0,1,1,0.534683975,i,1.426,6,1,,,,,,,,,,,,,,,,,,,,,,,,,,,,,,,,,,,,,,,,,,,,,,,,,,,,,,,,,,,,,,,,,,,,,,,,,,,,,,,,,,i,1,1.426,0,0,0,0,1,,,,,,,,,,,,,,,,,,,,,,
,,,,,,,,,,,,,,,,,120,4,2024-09-06_13h38.38.181,Symbol-E,2020.1.3,Win32,Firefox,Mozilla/5.0 (Windows NT 10.0; Win64; x64; rv:129.0) Gecko/20100101 Firefox/129.0,60,,,,,,,,,,,,,,,,,,,,,,,,,,,,,,,,,,,,,,,,,,,,,,,,,,,,,,,,,,,,,,,,,,,,,,,,,,,,,,,,,,,,,,,,,,,,,,,,,,,,,,,,,,,,,,,,,,,,,,,,,,,,,,,,,,,,,,,,,,,,,,,,,,30,0,30,0,1,,,,,,,,,,,,,,,,,
,,,,,,,,,,,,,,,,,120,4,2024-09-06_13h38.38.181,Symbol-E,2020.1.3,Win32,Firefox,Mozilla/5.0 (Windows NT 10.0; Win64; x64; rv:129.0) Gecko/20100101 Firefox/129.0,60,,,,,,,,,,,,,,,,,,,,,,,,,,,,,,,,,,,,media/dnnb.png,2,2,Symb,e,TR,0,0,1,0,8,0,31,0,1,1,0.93943126,e,1.146,2,1,,,,,,,,,,,,,,,,,,,,,,,,,,,,,,,,,,,,,,,,,,,,,,,,,,,,,,,,,,,,,,,,,,,,,,,,,,,,,,,,,,e,1,1.146,0,0,0,0,1,,,,,,,,,,,,,,,,,,,,,,
,,,,,,,,,,,,,,,,,120,4,2024-09-06_13h38.38.181,Symbol-E,2020.1.3,Win32,Firefox,Mozilla/5.0 (Windows NT 10.0; Win64; x64; rv:129.0) Gecko/20100101 Firefox/129.0,60,,,,,,,,,,,,,,,,,,,,,,,,,,,,,,,,,,,,,,,,,,,,,,,,,,,,,,,,,,,,,,,,,,,,,,,,,,,,,,,,,,,,,,,,,,,,,,,,,,,,,,,,,,,,,,,,,,,,,,,,,,,,,,,,,,,,,,,,,,,,,,,,,,31,0,31,0,1,,,,,,,,,,,,,,,,,
,,,,,,,,,,,,,,,,,120,4,2024-09-06_13h38.38.181,Symbol-E,2020.1.3,Win32,Firefox,Mozilla/5.0 (Windows NT 10.0; Win64; x64; rv:129.0) Gecko/20100101 Firefox/129.0,60,,,,,,,,,,,,,,,,,,,,,,,,,,,,,,,,,,,,media/dgnb.png,3,3,Symb,f,TR,0,0,1,0,8,0,32,0,1,1,0.464927298,a,1.328,0,0,,,,,,,,,,,,,,,,,,,,,,,,,,,,,,,,,,,,,,,,,,,,,,,,,,,,,,,,,,,,,,,,,,,,,,,,,,,,,,,,,,a,0,1.328,0,0,0,0,1,,,,,,,,,,,,,,,,,,,,,,
,,,,,,,,,,,,,,,,,120,4,2024-09-06_13h38.38.181,Symbol-E,2020.1.3,Win32,Firefox,Mozilla/5.0 (Windows NT 10.0; Win64; x64; rv:129.0) Gecko/20100101 Firefox/129.0,60,,,,,,,,,,,,,,,,,,,,,,,,,,,,,,,,,,,,,,,,,,,,,,,,,,,,,,,,,,,,,,,,,,,,,,,,,,,,,,,,,,,,,,,,,,,,,,,,,,,,,,,,,,,,,,,,,,,,,,,,,,,,,,,,,,,,,,,,,,,,,,,,,,32,0,32,0,1,,,,,,,,,,,,,,,,,
,,,,,,,,,,,,,,,,,120,4,2024-09-06_13h38.38.181,Symbol-E,2020.1.3,Win32,Firefox,Mozilla/5.0 (Windows NT 10.0; Win64; x64; rv:129.0) Gecko/20100101 Firefox/129.0,60,,,,,,,,,,,,,,,,,,,,,,,,,,,,,,,,,,,,media/ddnb.png,5,1,Symb,u,TR,0,0,1,0,8,0,33,0,1,1,0.016679155,u,1.353,5,1,,,,,,,,,,,,,,,,,,,,,,,,,,,,,,,,,,,,,,,,,,,,,,,,,,,,,,,,,,,,,,,,,,,,,,,,,,,,,,,,,,u,1,1.353,0,0,0,0,1,,,,,,,,,,,,,,,,,,,,,,
,,,,,,,,,,,,,,,,,120,4,2024-09-06_13h38.38.181,Symbol-E,2020.1.3,Win32,Firefox,Mozilla/5.0 (Windows NT 10.0; Win64; x64; rv:129.0) Gecko/20100101 Firefox/129.0,60,,,,,,,,,,,,,,,,,,,,,,,,,,,,,,,,,,,,,,,,,,,,,,,,,,,,,,,,,,,,,,,,,,,,,,,,,,,,,,,,,,,,,,,,,,,,,,,,,,,,,,,,,,,,,,,,,,,,,,,,,,,,,,,,,,,,,,,,,,,,,,,,,,33,0,33,0,1,,,,,,,,,,,,,,,,,
,,,,,,,,,,,,,,,,,120,4,2024-09-06_13h38.38.181,Symbol-E,2020.1.3,Win32,Firefox,Mozilla/5.0 (Windows NT 10.0; Win64; x64; rv:129.0) Gecko/20100101 Firefox/129.0,60,,,,,,,,,,,,,,,,,,,,,,,,,,,,,,,,,,,,media/dgnb.png,3,3,Symb,f,TR,0,0,1,0,8,0,34,0,1,1,0.554905467,f,1.248,3,1,,,,,,,,,,,,,,,,,,,,,,,,,,,,,,,,,,,,,,,,,,,,,,,,,,,,,,,,,,,,,,,,,,,,,,,,,,,,,,,,,,f,1,1.248,0,0,0,0,1,,,,,,,,,,,,,,,,,,,,,,
,,,,,,,,,,,,,,,,,120,4,2024-09-06_13h38.38.181,Symbol-E,2020.1.3,Win32,Firefox,Mozilla/5.0 (Windows NT 10.0; Win64; x64; rv:129.0) Gecko/20100101 Firefox/129.0,60,,,,,,,,,,,,,,,,,,,,,,,,,,,,,,,,,,,,,,,,,,,,,,,,,,,,,,,,,,,,,,,,,,,,,,,,,,,,,,,,,,,,,,,,,,,,,,,,,,,,,,,,,,,,,,,,,,,,,,,,,,,,,,,,,,,,,,,,,,,,,,,,,,34,0,34,0,1,,,,,,,,,,,,,,,,,
,,,,,,,,,,,,,,,,,120,4,2024-09-06_13h38.38.181,Symbol-E,2020.1.3,Win32,Firefox,Mozilla/5.0 (Windows NT 10.0; Win64; x64; rv:129.0) Gecko/20100101 Firefox/129.0,60,,,,,,,,,,,,,,,,,,,,,,,,,,,,,,,,,,,,media/ddnb.png,5,1,Symb,u,TR,0,0,1,0,8,0,35,0,1,1,0.140330033,h,1.474,4,0,,,,,,,,,,,,,,,,,,,,,,,,,,,,,,,,,,,,,,,,,,,,,,,,,,,,,,,,,,,,,,,,,,,,,,,,,,,,,,,,,,h,0,1.474,0,0,0,0,1,,,,,,,,,,,,,,,,,,,,,,
,,,,,,,,,,,,,,,,,120,4,2024-09-06_13h38.38.181,Symbol-E,2020.1.3,Win32,Firefox,Mozilla/5.0 (Windows NT 10.0; Win64; x64; rv:129.0) Gecko/20100101 Firefox/129.0,60,,,,,,,,,,,,,,,,,,,,,,,,,,,,,,,,,,,,,,,,,,,,,,,,,,,,,,,,,,,,,,,,,,,,,,,,,,,,,,,,,,,,,,,,,,,,,,,,,,,,,,,,,,,,,,,,,,,,,,,,,,,,,,,,,,,,,,,,,,,,,,,,,,35,0,35,0,1,,,,,,,,,,,,,,,,,
,,,,,,,,,,,,,,,,,120,4,2024-09-06_13h38.38.181,Symbol-E,2020.1.3,Win32,Firefox,Mozilla/5.0 (Windows NT 10.0; Win64; x64; rv:129.0) Gecko/20100101 Firefox/129.0,60,,,,,,,,,,,,,,,,,,,,,,,,,,,,,,,,,,,,media/dmnb.png,7,3,Symb,l,TR,0,0,1,0,8,0,36,0,1,1,0.137066768,a,1.318,0,0,,,,,,,,,,,,,,,,,,,,,,,,,,,,,,,,,,,,,,,,,,,,,,,,,,,,,,,,,,,,,,,,,,,,,,,,,,,,,,,,,,a,0,1.318,0,0,0,0,1,,,,,,,,,,,,,,,,,,,,,,
,,,,,,,,,,,,,,,,,120,4,2024-09-06_13h38.38.181,Symbol-E,2020.1.3,Win32,Firefox,Mozilla/5.0 (Windows NT 10.0; Win64; x64; rv:129.0) Gecko/20100101 Firefox/129.0,60,,,,,,,,,,,,,,,,,,,,,,,,,,,,,,,,,,,,,,,,,,,,,,,,,,,,,,,,,,,,,,,,,,,,,,,,,,,,,,,,,,,,,,,,,,,,,,,,,,,,,,,,,,,,,,,,,,,,,,,,,,,,,,,,,,,,,,,,,,,,,,,,,,36,0,36,0,1,,,,,,,,,,,,,,,,,
,,,,,,,,,,,,,,,,,120,4,2024-09-06_13h38.38.181,Symbol-E,2020.1.3,Win32,Firefox,Mozilla/5.0 (Windows NT 10.0; Win64; x64; rv:129.0) Gecko/20100101 Firefox/129.0,60,,,,,,,,,,,,,,,,,,,,,,,,,,,,,,,,,,,,media/dfnb.png,1,1,Symb,w,TR,0,0,1,0,8,0,37,0,1,1,0.21185858,u,1.367,5,0,,,,,,,,,,,,,,,,,,,,,,,,,,,,,,,,,,,,,,,,,,,,,,,,,,,,,,,,,,,,,,,,,,,,,,,,,,,,,,,,,,u,0,1.367,0,0,0,0,1,,,,,,,,,,,,,,,,,,,,,,
,,,,,,,,,,,,,,,,,120,4,2024-09-06_13h38.38.181,Symbol-E,2020.1.3,Win32,Firefox,Mozilla/5.0 (Windows NT 10.0; Win64; x64; rv:129.0) Gecko/20100101 Firefox/129.0,60,,,,,,,,,,,,,,,,,,,,,,,,,,,,,,,,,,,,,,,,,,,,,,,,,,,,,,,,,,,,,,,,,,,,,,,,,,,,,,,,,,,,,,,,,,,,,,,,,,,,,,,,,,,,,,,,,,,,,,,,,,,,,,,,,,,,,,,,,,,,,,,,,,37,0,37,0,1,,,,,,,,,,,,,,,,,
,,,,,,,,,,,,,,,,,120,4,2024-09-06_13h38.38.181,Symbol-E,2020.1.3,Win32,Firefox,Mozilla/5.0 (Windows NT 10.0; Win64; x64; rv:129.0) Gecko/20100101 Firefox/129.0,60,,,,,,,,,,,,,,,,,,,,,,,,,,,,,,,,,,,,media/dcnb.png,4,0,Symb,h,TR,0,0,1,0,8,0,38,0,1,1,0.27244263,w,0.095,1,0,,,,,,,,,,,,,,,,,,,,i,3.149,,,,,,,,,,,,,,,,,,,,,,,,,,,,,,,,,,,,,,,,,,,,,,,,,,,,,,,,,,,,,w,0,0.095,,,,,,,,,,,0,0,0,0,1,,,,,,,,,,,,
,,,,,,,,,,,,,,,,,120,4,2024-09-06_13h38.38.181,Symbol-E,2020.1.3,Win32,Firefox,Mozilla/5.0 (Windows NT 10.0; Win64; x64; rv:129.0) Gecko/20100101 Firefox/129.0,60,,,,,,,,,,,,,,,,,,,,,,,,,,,,,,,,,,,,,,,,,,,,,,,,,,,,,,,,,,,,,,,,,,,,,,,,,,,,,,,,,,,,,,,,,,,,,,,,,,,,,,,,,,,,,,,,,,,,,,,,,,,,,,,,,,,,,,,,,,,,,,,,,,38,0,38,0,1,,,,,,,,,,,,,,,,,
,,,,,,,,,,,,,,,,,120,4,2024-09-06_13h38.38.181,Symbol-E,2020.1.3,Win32,Firefox,Mozilla/5.0 (Windows NT 10.0; Win64; x64; rv:129.0) Gecko/20100101 Firefox/129.0,60,,,,,,,,,,,,,,,,,,,,,,,,,,,,,,,,,,,,media/djnb.png,0,0,Symb,a,TR,0,0,1,0,8,0,39,0,1,1,0.708940669,f,1.383,3,0,,,,,,,,,,,,,,,,,,,,,,,,,,,,,,,,,,,,,,,,,,,,,,,,,,,,,,,,,,,,,,,,,,,,,,,,,,,,,,,,,,f,0,1.383,0,0,0,0,1,,,,,,,,,,,,,,,,,,,,,,
,,,,,,,,,,,,,,,,,120,4,2024-09-06_13h38.38.181,Symbol-E,2020.1.3,Win32,Firefox,Mozilla/5.0 (Windows NT 10.0; Win64; x64; rv:129.0) Gecko/20100101 Firefox/129.0,60,,,,,,,,,,,,,,,,,,,,,,,,,,,,,,,,,,,,,,,,,,,,,,,,,,,,,,,,,,,,,,,,,,,,,,,,,,,,,,,,,,,,,,,,,,,,,,,,,,,,,,,,,,,,,,,,,,,,,,,,,,,,,,,,,,,,,,,,,,,,,,,,,,39,0,39,0,1,,,,,,,,,,,,,,,,,
,,,,,,,,,,,,,,,,,120,4,2024-09-06_13h38.38.181,Symbol-E,2020.1.3,Win32,Firefox,Mozilla/5.0 (Windows NT 10.0; Win64; x64; rv:129.0) Gecko/20100101 Firefox/129.0,60,,,,,,,,,,,,,,,,,,,,,,,,,,,,,,,,,,,,media/dnnb.png,2,2,Symb,e,TR,0,0,1,0,8,0,40,0,1,1,1.004646678,e,1.158,2,1,,,,,,,,,,,,,,,,,,,,,,,,,,,,,,,,,,,,,,,,,,,,,,,,,,,,,,,,,,,,,,,,,,,,,,,,,,,,,,,,,,e,1,1.158,0,0,0,0,1,,,,,,,,,,,,,,,,,,,,,,
,,,,,,,,,,,,,,,,,120,4,2024-09-06_13h38.38.181,Symbol-E,2020.1.3,Win32,Firefox,Mozilla/5.0 (Windows NT 10.0; Win64; x64; rv:129.0) Gecko/20100101 Firefox/129.0,60,,,,,,,,,,,,,,,,,,,,,,,,,,,,,,,,,,,,,,,,,,,,,,,,,,,,,,,,,,,,,,,,,,,,,,,,,,,,,,,,,,,,,,,,,,,,,,,,,,,,,,,,,,,,,,,,,,,,,,,,,,,,,,,,,,,,,,,,,,,,,,,,,,40,0,40,0,1,,,,,,,,,,,,,,,,,
,,,,,,,,,,,,,,,,,120,4,2024-09-06_13h38.38.181,Symbol-E,2020.1.3,Win32,Firefox,Mozilla/5.0 (Windows NT 10.0; Win64; x64; rv:129.0) Gecko/20100101 Firefox/129.0,60,,,,,,,,,,,,,,,,,,,,,,,,,,,,,,,,,,,,media/dfnb.png,1,1,Symb,w,TR,0,0,1,0,8,0,41,0,1,1,0.641890501,w,1.161,1,1,,,,,,,,,,,,,,,,,,,,,,,,,,,,,,,,,,,,,,,,,,,,,,,,,,,,,,,,,,,,,,,,,,,,,,,,,,,,,,,,,,w,1,1.161,0,0,0,0,1,,,,,,,,,,,,,,,,,,,,,,
,,,,,,,,,,,,,,,,,120,4,2024-09-06_13h38.38.181,Symbol-E,2020.1.3,Win32,Firefox,Mozilla/5.0 (Windows NT 10.0; Win64; x64; rv:129.0) Gecko/20100101 Firefox/129.0,60,,,,,,,,,,,,,,,,,,,,,,,,,,,,,,,,,,,,,,,,,,,,,,,,,,,,,,,,,,,,,,,,,,,,,,,,,,,,,,,,,,,,,,,,,,,,,,,,,,,,,,,,,,,,,,,,,,,,,,,,,,,,,,,,,,,,,,,,,,,,,,,,,,41,0,41,0,1,,,,,,,,,,,,,,,,,
,,,,,,,,,,,,,,,,,120,4,2024-09-06_13h38.38.181,Symbol-E,2020.1.3,Win32,Firefox,Mozilla/5.0 (Windows NT 10.0; Win64; x64; rv:129.0) Gecko/20100101 Firefox/129.0,60,,,,,,,,,,,,,,,,,,,,,,,,,,,,,,,,,,,,media/dinb.png,6,2,Symb,i,TR,0,0,1,0,8,0,42,0,1,1,0.356662295,a,1.381,0,0,,,,,,,,,,,,,,,,,,,,,,,,,,,,,,,,,,,,,,,,,,,,,,,,,,,,,,,,,,,,,,,,,,,,,,,,,,,,,,,,,,a,0,1.381,0,0,0,0,1,,,,,,,,,,,,,,,,,,,,,,
,,,,,,,,,,,,,,,,,120,4,2024-09-06_13h38.38.181,Symbol-E,2020.1.3,Win32,Firefox,Mozilla/5.0 (Windows NT 10.0; Win64; x64; rv:129.0) Gecko/20100101 Firefox/129.0,60,,,,,,,,,,,,,,,,,,,,,,,,,,,,,,,,,,,,,,,,,,,,,,,,,,,,,,,,,,,,,,,,,,,,,,,,,,,,,,,,,,,,,,,,,,,,,,,,,,,,,,,,,,,,,,,,,,,,,,,,,,,,,,,,,,,,,,,,,,,,,,,,,,42,0,42,0,1,,,,,,,,,,,,,,,,,
,,,,,,,,,,,,,,,,,120,4,2024-09-06_13h38.38.181,Symbol-E,2020.1.3,Win32,Firefox,Mozilla/5.0 (Windows NT 10.0; Win64; x64; rv:129.0) Gecko/20100101 Firefox/129.0,60,,,,,,,,,,,,,,,,,,,,,,,,,,,,,,,,,,,,media/dcnb.png,4,0,Symb,h,TR,0,0,1,0,8,0,43,0,1,1,0.491814151,h,1.31,4,1,,,,,,,,,,,,,,,,,,,,,,,,,,,,,,,,,,,,,,,,,,,,,,,,,,,,,,,,,,,,,,,,,,,,,,,,,,,,,,,,,,h,1,1.31,0,0,0,0,1,,,,,,,,,,,,,,,,,,,,,,
,,,,,,,,,,,,,,,,,120,4,2024-09-06_13h38.38.181,Symbol-E,2020.1.3,Win32,Firefox,Mozilla/5.0 (Windows NT 10.0; Win64; x64; rv:129.0) Gecko/20100101 Firefox/129.0,60,,,,,,,,,,,,,,,,,,,,,,,,,,,,,,,,,,,,,,,,,,,,,,,,,,,,,,,,,,,,,,,,,,,,,,,,,,,,,,,,,,,,,,,,,,,,,,,,,,,,,,,,,,,,,,,,,,,,,,,,,,,,,,,,,,,,,,,,,,,,,,,,,,43,0,43,0,1,,,,,,,,,,,,,,,,,
,,,,,,,,,,,,,,,,,120,4,2024-09-06_13h38.38.181,Symbol-E,2020.1.3,Win32,Firefox,Mozilla/5.0 (Windows NT 10.0; Win64; x64; rv:129.0) Gecko/20100101 Firefox/129.0,60,,,,,,,,,,,,,,,,,,,,,,,,,,,,,,,,,,,,media/dmnb.png,7,3,Symb,l,TR,0,0,1,0,8,0,44,0,1,1,0.411662395,l,1.448,7,1,,,,,,,,,,,,,,,,,,,,,,,,,,,,,,,,,,,,,,,,,,,,,,,,,,,,,,,,,,,,,,,,,,,,,,,,,,,,,,,,,,l,1,1.448,0,0,0,0,1,,,,,,,,,,,,,,,,,,,,,,
,,,,,,,,,,,,,,,,,120,4,2024-09-06_13h38.38.181,Symbol-E,2020.1.3,Win32,Firefox,Mozilla/5.0 (Windows NT 10.0; Win64; x64; rv:129.0) Gecko/20100101 Firefox/129.0,60,,,,,,,,,,,,,,,,,,,,,,,,,,,,,,,,,,,,,,,,,,,,,,,,,,,,,,,,,,,,,,,,,,,,,,,,,,,,,,,,,,,,,,,,,,,,,,,,,,,,,,,,,,,,,,,,,,,,,,,,,,,,,,,,,,,,,,,,,,,,,,,,,,44,0,44,0,1,,,,,,,,,,,,,,,,,
,,,,,,,,,,,,,,,,,120,4,2024-09-06_13h38.38.181,Symbol-E,2020.1.3,Win32,Firefox,Mozilla/5.0 (Windows NT 10.0; Win64; x64; rv:129.0) Gecko/20100101 Firefox/129.0,60,,,,,,,,,,,,,,,,,,,,,,,,,,,,,,,,,,,,media/dinb.png,6,2,Symb,i,TR,0,0,1,0,8,0,45,0,1,1,0.436990456,u,1.311,5,0,,,,,,,,,,,,,,,,,,,,,,,,,,,,,,,,,,,,,,,,,,,,,,,,,,,,,,,,,,,,,,,,,,,,,,,,,,,,,,,,,,u,0,1.311,0,0,0,0,1,,,,,,,,,,,,,,,,,,,,,,
,,,,,,,,,,,,,,,,,120,4,2024-09-06_13h38.38.181,Symbol-E,2020.1.3,Win32,Firefox,Mozilla/5.0 (Windows NT 10.0; Win64; x64; rv:129.0) Gecko/20100101 Firefox/129.0,60,,,,,,,,,,,,,,,,,,,,,,,,,,,,,,,,,,,,,,,,,,,,,,,,,,,,,,,,,,,,,,,,,,,,,,,,,,,,,,,,,,,,,,,,,,,,,,,,,,,,,,,,,,,,,,,,,,,,,,,,,,,,,,,,,,,,,,,,,,,,,,,,,,45,0,45,0,1,,,,,,,,,,,,,,,,,
,,,,,,,,,,,,,,,,,120,4,2024-09-06_13h38.38.181,Symbol-E,2020.1.3,Win32,Firefox,Mozilla/5.0 (Windows NT 10.0; Win64; x64; rv:129.0) Gecko/20100101 Firefox/129.0,60,,,,,,,,,,,,,,,,,,,,,,,,,,,,,,,,,,,,media/dnnb.png,2,2,Symb,e,TR,0,0,1,0,8,0,46,0,1,1,0.520967642,e,1.295,2,1,,,,,,,,,,,,,,,,,,,,,,,,,,,,,,,,,,,,,,,,,,,,,,,,,,,,,,,,,,,,,,,,,,,,,,,,,,,,,,,,,,e,1,1.295,0,0,0,0,1,,,,,,,,,,,,,,,,,,,,,,
,,,,,,,,,,,,,,,,,120,4,2024-09-06_13h38.38.181,Symbol-E,2020.1.3,Win32,Firefox,Mozilla/5.0 (Windows NT 10.0; Win64; x64; rv:129.0) Gecko/20100101 Firefox/129.0,60,,,,,,,,,,,,,,,,,,,,,,,,,,,,,,,,,,,,,,,,,,,,,,,,,,,,,,,,,,,,,,,,,,,,,,,,,,,,,,,,,,,,,,,,,,,,,,,,,,,,,,,,,,,,,,,,,,,,,,,,,,,,,,,,,,,,,,,,,,,,,,,,,,46,0,46,0,1,,,,,,,,,,,,,,,,,
,,,,,,,,,,,,,,,,,120,4,2024-09-06_13h38.38.181,Symbol-E,2020.1.3,Win32,Firefox,Mozilla/5.0 (Windows NT 10.0; Win64; x64; rv:129.0) Gecko/20100101 Firefox/129.0,60,,,,,,,,,,,,,,,,,,,,,,,,,,,,,,,,,,,,media/djnb.png,0,0,Symb,a,TR,0,0,1,0,8,0,47,0,1,1,0.513511512,a,1.389,0,1,,,,,,,,,,,,,,,,,,,,,,,,,,,,,,,,,,,,,,,,,,,,,,,,,,,,,,,,,,,,,,,,,,,,,,,,,,,,,,,,,,a,1,1.389,0,0,0,0,1,,,,,,,,,,,,,,,,,,,,,,
,,,,,,,,,,,,,,,,,120,4,2024-09-06_13h38.38.181,Symbol-E,2020.1.3,Win32,Firefox,Mozilla/5.0 (Windows NT 10.0; Win64; x64; rv:129.0) Gecko/20100101 Firefox/129.0,60,,,,,,,,,,,,,,,,,,,,,,,,,,,,,,,,,,,,,,,,,,,,,,,,,,,,,,,,,,,,,,,,,,,,,,,,,,,,,,,,,,,,,,,,,,,,,,,,,,,,,,,,,,,,,,,,,,,,,,,,,,,,,,,,,,,,,,,,,,,,,,,,,,47,0,47,0,1,,,,,,,,,,,,,,,,,
,,,,,,,,,,,,,,,,,120,4,2024-09-06_13h38.38.181,Symbol-E,2020.1.3,Win32,Firefox,Mozilla/5.0 (Windows NT 10.0; Win64; x64; rv:129.0) Gecko/20100101 Firefox/129.0,60,,,,,,,,,,,,,,,,,,,,,,,,,,,,,,,,,,,,media/dnnb.png,2,2,Symb,e,TR,0,0,1,0,8,0,48,0,1,1,0.85832198,e,1.266,2,1,,,,,,,,,,,,,,,,,,,,,,,,,,,,,,,,,,,,,,,,,,,,,,,,,,,,,,,,,,,,,,,,,,,,,,,,,,,,,,,,,,e,1,1.266,0,0,0,0,1,,,,,,,,,,,,,,,,,,,,,,
,,,,,,,,,,,,,,,,,120,4,2024-09-06_13h38.38.181,Symbol-E,2020.1.3,Win32,Firefox,Mozilla/5.0 (Windows NT 10.0; Win64; x64; rv:129.0) Gecko/20100101 Firefox/129.0,60,,,,,,,,,,,,,,,,,,,,,,,,,,,,,,,,,,,,,,,,,,,,,,,,,,,,,,,,,,,,,,,,,,,,,,,,,,,,,,,,,,,,,,,,,,,,,,,,,,,,,,,,,,,,,,,,,,,,,,,,,,,,,,,,,,,,,,,,,,,,,,,,,,48,0,48,0,1,,,,,,,,,,,,,,,,,
,,,,,,,,,,,,,,,,,120,4,2024-09-06_13h38.38.181,Symbol-E,2020.1.3,Win32,Firefox,Mozilla/5.0 (Windows NT 10.0; Win64; x64; rv:129.0) Gecko/20100101 Firefox/129.0,60,,,,,,,,,,,,,,,,,,,,,,,,,,,,,,,,,,,,media/djnb.png,0,0,Symb,a,TR,0,0,1,0,8,0,49,0,1,1,0.200250242,a,99,8,0,,,,,,,,,,,,,,,,,,,,h,27.507,,,,,,,,,,,,,,,,,,,,,,,,,,,,,,,,,,,,,,,,,,,,,,,,,,,,,,,,,,,,,,0,,,,,,,,,,,,0,0,0,0,1,,,,,,,,,,,,
,,,,,,,,,,,,,,,,,120,4,2024-09-06_13h38.38.181,Symbol-E,2020.1.3,Win32,Firefox,Mozilla/5.0 (Windows NT 10.0; Win64; x64; rv:129.0) Gecko/20100101 Firefox/129.0,60,,,,,,,,,,,,,,,,,,,,,,,,,,,,,,,,,,,,,,,,,,,,,,,,,,,,,,,,,,,,,,,,,,,,,,,,,,,,,,,,,,,,,,,,,,,,,,,,,,,,,,,,,,,,,,,,,,,,,,,,,,,,,,,,,,,,,,,,,,,,,,,,,,49,0,49,0,1,,,,,,,,,,,,,,,,,
,,,,,,,,,,,,,,,,,120,4,2024-09-06_13h38.38.181,Symbol-E,2020.1.3,Win32,Firefox,Mozilla/5.0 (Windows NT 10.0; Win64; x64; rv:129.0) Gecko/20100101 Firefox/129.0,60,,,,,,,,,,,,,,,,,,,,,,,,,,,,,,,,,,,,media/dfnb.png,1,1,Symb,w,TR,0,0,1,0,8,0,50,0,1,1,0.845210439,w,1.223,1,1,,,,,,,,,,,,,,,,,,,,,,,,,,,,,,,,,,,,,,,,,,,,,,,,,,,,,,,,,,,,,,,,,,,,,,,,,,,,,,,,,,w,1,1.223,0,0,0,0,1,,,,,,,,,,,,,,,,,,,,,,
,,,,,,,,,,,,,,,,,120,4,2024-09-06_13h38.38.181,Symbol-E,2020.1.3,Win32,Firefox,Mozilla/5.0 (Windows NT 10.0; Win64; x64; rv:129.0) Gecko/20100101 Firefox/129.0,60,,,,,,,,,,,,,,,,,,,,,,,,,,,,,,,,,,,,,,,,,,,,,,,,,,,,,,,,,,,,,,,,,,,,,,,,,,,,,,,,,,,,,,,,,,,,,,,,,,,,,,,,,,,,,,,,,,,,,,,,,,,,,,,,,,,,,,,,,,,,,,,,,,50,0,50,0,1,,,,,,,,,,,,,,,,,
,,,,,,,,,,,,,,,,,120,4,2024-09-06_13h38.38.181,Symbol-E,2020.1.3,Win32,Firefox,Mozilla/5.0 (Windows NT 10.0; Win64; x64; rv:129.0) Gecko/20100101 Firefox/129.0,60,,,,,,,,,,,,,,,,,,,,,,,,,,,,,,,,,,,,media/dfnb.png,1,1,Symb,w,TR,0,0,1,0,8,0,51,0,1,1,0.304057935,a,99,8,0,,,,,,,,,,,,,,,,,,,,h,2.424,,,,,,,,,,,,,,,,,,,,,,,,,,,,,,,,,,,,,,,,,,,,,,,,,,,,,,,,,,,,,,0,,,,,,,,,,,,0,0,0,0,1,,,,,,,,,,,,
,,,,,,,,,,,,,,,,,120,4,2024-09-06_13h38.38.181,Symbol-E,2020.1.3,Win32,Firefox,Mozilla/5.0 (Windows NT 10.0; Win64; x64; rv:129.0) Gecko/20100101 Firefox/129.0,60,,,,,,,,,,,,,,,,,,,,,,,,,,,,,,,,,,,,,,,,,,,,,,,,,,,,,,,,,,,,,,,,,,,,,,,,,,,,,,,,,,,,,,,,,,,,,,,,,,,,,,,,,,,,,,,,,,,,,,,,,,,,,,,,,,,,,,,,,,,,,,,,,,51,0,51,0,1,,,,,,,,,,,,,,,,,
,,,,,,,,,,,,,,,,,120,4,2024-09-06_13h38.38.181,Symbol-E,2020.1.3,Win32,Firefox,Mozilla/5.0 (Windows NT 10.0; Win64; x64; rv:129.0) Gecko/20100101 Firefox/129.0,60,,,,,,,,,,,,,,,,,,,,,,,,,,,,,,,,,,,,media/dinb.png,6,2,Symb,i,TR,0,0,1,0,8,0,52,0,1,1,1.158004058,i,1.125,6,1,,,,,,,,,,,,,,,,,,,,,,,,,,,,,,,,,,,,,,,,,,,,,,,,,,,,,,,,,,,,,,,,,,,,,,,,,,,,,,,,,,i,1,1.125,0,0,0,0,1,,,,,,,,,,,,,,,,,,,,,,
,,,,,,,,,,,,,,,,,120,4,2024-09-06_13h38.38.181,Symbol-E,2020.1.3,Win32,Firefox,Mozilla/5.0 (Windows NT 10.0; Win64; x64; rv:129.0) Gecko/20100101 Firefox/129.0,60,,,,,,,,,,,,,,,,,,,,,,,,,,,,,,,,,,,,,,,,,,,,,,,,,,,,,,,,,,,,,,,,,,,,,,,,,,,,,,,,,,,,,,,,,,,,,,,,,,,,,,,,,,,,,,,,,,,,,,,,,,,,,,,,,,,,,,,,,,,,,,,,,,52,0,52,0,1,,,,,,,,,,,,,,,,,
,,,,,,,,,,,,,,,,,120,4,2024-09-06_13h38.38.181,Symbol-E,2020.1.3,Win32,Firefox,Mozilla/5.0 (Windows NT 10.0; Win64; x64; rv:129.0) Gecko/20100101 Firefox/129.0,60,,,,,,,,,,,,,,,,,,,,,,,,,,,,,,,,,,,,media/dcnb.png,4,0,Symb,h,TR,0,0,1,0,8,0,53,0,1,1,0.194437675,a,1.436,0,0,,,,,,,,,,,,,,,,,,,,,,,,,,,,,,,,,,,,,,,,,,,,,,,,,,,,,,,,,,,,,,,,,,,,,,,,,,,,,,,,,,a,0,1.436,0,0,0,0,1,,,,,,,,,,,,,,,,,,,,,,
,,,,,,,,,,,,,,,,,120,4,2024-09-06_13h38.38.181,Symbol-E,2020.1.3,Win32,Firefox,Mozilla/5.0 (Windows NT 10.0; Win64; x64; rv:129.0) Gecko/20100101 Firefox/129.0,60,,,,,,,,,,,,,,,,,,,,,,,,,,,,,,,,,,,,,,,,,,,,,,,,,,,,,,,,,,,,,,,,,,,,,,,,,,,,,,,,,,,,,,,,,,,,,,,,,,,,,,,,,,,,,,,,,,,,,,,,,,,,,,,,,,,,,,,,,,,,,,,,,,53,0,53,0,1,,,,,,,,,,,,,,,,,
,,,,,,,,,,,,,,,,,120,4,2024-09-06_13h38.38.181,Symbol-E,2020.1.3,Win32,Firefox,Mozilla/5.0 (Windows NT 10.0; Win64; x64; rv:129.0) Gecko/20100101 Firefox/129.0,60,,,,,,,,,,,,,,,,,,,,,,,,,,,,,,,,,,,,media/dcnb.png,4,0,Symb,h,TR,0,0,1,0,8,0,54,0,1,1,0.929427409,h,1.19,4,1,,,,,,,,,,,,,,,,,,,,,,,,,,,,,,,,,,,,,,,,,,,,,,,,,,,,,,,,,,,,,,,,,,,,,,,,,,,,,,,,,,h,1,1.19,0,0,0,0,1,,,,,,,,,,,,,,,,,,,,,,
,,,,,,,,,,,,,,,,,120,4,2024-09-06_13h38.38.181,Symbol-E,2020.1.3,Win32,Firefox,Mozilla/5.0 (Windows NT 10.0; Win64; x64; rv:129.0) Gecko/20100101 Firefox/129.0,60,,,,,,,,,,,,,,,,,,,,,,,,,,,,,,,,,,,,,,,,,,,,,,,,,,,,,,,,,,,,,,,,,,,,,,,,,,,,,,,,,,,,,,,,,,,,,,,,,,,,,,,,,,,,,,,,,,,,,,,,,,,,,,,,,,,,,,,,,,,,,,,,,,54,0,54,0,1,,,,,,,,,,,,,,,,,
,,,,,,,,,,,,,,,,,120,4,2024-09-06_13h38.38.181,Symbol-E,2020.1.3,Win32,Firefox,Mozilla/5.0 (Windows NT 10.0; Win64; x64; rv:129.0) Gecko/20100101 Firefox/129.0,60,,,,,,,,,,,,,,,,,,,,,,,,,,,,,,,,,,,,media/dmnb.png,7,3,Symb,l,TR,0,0,1,0,8,0,55,0,1,1,0.558708306,u,1.3,5,0,,,,,,,,,,,,,,,,,,,,,,,,,,,,,,,,,,,,,,,,,,,,,,,,,,,,,,,,,,,,,,,,,,,,,,,,,,,,,,,,,,u,0,1.3,0,0,0,0,1,,,,,,,,,,,,,,,,,,,,,,
,,,,,,,,,,,,,,,,,120,4,2024-09-06_13h38.38.181,Symbol-E,2020.1.3,Win32,Firefox,Mozilla/5.0 (Windows NT 10.0; Win64; x64; rv:129.0) Gecko/20100101 Firefox/129.0,60,,,,,,,,,,,,,,,,,,,,,,,,,,,,,,,,,,,,,,,,,,,,,,,,,,,,,,,,,,,,,,,,,,,,,,,,,,,,,,,,,,,,,,,,,,,,,,,,,,,,,,,,,,,,,,,,,,,,,,,,,,,,,,,,,,,,,,,,,,,,,,,,,,55,0,55,0,1,,,,,,,,,,,,,,,,,
,,,,,,,,,,,,,,,,,120,4,2024-09-06_13h38.38.181,Symbol-E,2020.1.3,Win32,Firefox,Mozilla/5.0 (Windows NT 10.0; Win64; x64; rv:129.0) Gecko/20100101 Firefox/129.0,60,,,,,,,,,,,,,,,,,,,,,,,,,,,,,,,,,,,,media/dgnb.png,3,3,Symb,f,TR,0,0,1,0,8,0,56,0,1,1,1.039257319,a,1.183,0,0,,,,,,,,,,,,,,,,,,,,,,,,,,,,,,,,,,,,,,,,,,,,,,,,,,,,,,,,,,,,,,,,,,,,,,,,,,,,,,,,,,a,0,1.183,0,0,0,0,1,,,,,,,,,,,,,,,,,,,,,,
,,,,,,,,,,,,,,,,,120,4,2024-09-06_13h38.38.181,Symbol-E,2020.1.3,Win32,Firefox,Mozilla/5.0 (Windows NT 10.0; Win64; x64; rv:129.0) Gecko/20100101 Firefox/129.0,60,,,,,,,,,,,,,,,,,,,,,,,,,,,,,,,,,,,,,,,,,,,,,,,,,,,,,,,,,,,,,,,,,,,,,,,,,,,,,,,,,,,,,,,,,,,,,,,,,,,,,,,,,,,,,,,,,,,,,,,,,,,,,,,,,,,,,,,,,,,,,,,,,,56,0,56,0,1,,,,,,,,,,,,,,,,,
,,,,,,,,,,,,,,,,,120,4,2024-09-06_13h38.38.181,Symbol-E,2020.1.3,Win32,Firefox,Mozilla/5.0 (Windows NT 10.0; Win64; x64; rv:129.0) Gecko/20100101 Firefox/129.0,60,,,,,,,,,,,,,,,,,,,,,,,,,,,,,,,,,,,,media/dgnb.png,3,3,Symb,f,TR,0,0,1,0,8,0,57,0,1,1,0.904846096,f,1.226,3,1,,,,,,,,,,,,,,,,,,,,,,,,,,,,,,,,,,,,,,,,,,,,,,,,,,,,,,,,,,,,,,,,,,,,,,,,,,,,,,,,,,f,1,1.226,0,0,0,0,1,,,,,,,,,,,,,,,,,,,,,,
,,,,,,,,,,,,,,,,,120,4,2024-09-06_13h38.38.181,Symbol-E,2020.1.3,Win32,Firefox,Mozilla/5.0 (Windows NT 10.0; Win64; x64; rv:129.0) Gecko/20100101 Firefox/129.0,60,,,,,,,,,,,,,,,,,,,,,,,,,,,,,,,,,,,,,,,,,,,,,,,,,,,,,,,,,,,,,,,,,,,,,,,,,,,,,,,,,,,,,,,,,,,,,,,,,,,,,,,,,,,,,,,,,,,,,,,,,,,,,,,,,,,,,,,,,,,,,,,,,,57,0,57,0,1,,,,,,,,,,,,,,,,,
,,,,,,,,,,,,,,,,,120,4,2024-09-06_13h38.38.181,Symbol-E,2020.1.3,Win32,Firefox,Mozilla/5.0 (Windows NT 10.0; Win64; x64; rv:129.0) Gecko/20100101 Firefox/129.0,60,,,,,,,,,,,,,,,,,,,,,,,,,,,,,,,,,,,,media/ddnb.png,5,1,Symb,u,TR,0,0,1,0,8,0,58,0,1,1,0.217162205,a,99,8,0,,,,,,,,,,,,,,,,,,,,h,0.813,,,,,,,,,,,,,,,,,,,,,,,,,,,,,,,,,,,,,,,,,,,,,,,,,,,,,,,,,,,,,,0,,,,,,,,,,,,0,0,0,0,1,,,,,,,,,,,,
,,,,,,,,,,,,,,,,,120,4,2024-09-06_13h38.38.181,Symbol-E,2020.1.3,Win32,Firefox,Mozilla/5.0 (Windows NT 10.0; Win64; x64; rv:129.0) Gecko/20100101 Firefox/129.0,60,,,,,,,,,,,,,,,,,,,,,,,,,,,,,,,,,,,,,,,,,,,,,,,,,,,,,,,,,,,,,,,,,,,,,,,,,,,,,,,,,,,,,,,,,,,,,,,,,,,,,,,,,,,,,,,,,,,,,,,,,,,,,,,,,,,,,,,,,,,,,,,,,,58,0,58,0,1,,,,,,,,,,,,,,,,,
,,,,,,,,,,,,,,,,,120,4,2024-09-06_13h38.38.181,Symbol-E,2020.1.3,Win32,Firefox,Mozilla/5.0 (Windows NT 10.0; Win64; x64; rv:129.0) Gecko/20100101 Firefox/129.0,60,,,,,,,,,,,,,,,,,,,,,,,,,,,,,,,,,,,,media/djnb.png,0,0,Symb,a,TR,0,0,1,0,8,0,59,0,1,1,1.088154917,a,1.122,0,1,,,,,,,,,,,,,,,,,,,,,,,,,,,,,,,,,,,,,,,,,,,,,,,,,,,,,,,,,,,,,,,,,,,,,,,,,,,,,,,,,,a,1,1.122,0,0,0,0,1,,,,,,,,,,,,,,,,,,,,,,
,,,,,,,,,,,,,,,,,120,4,2024-09-06_13h38.38.181,Symbol-E,2020.1.3,Win32,Firefox,Mozilla/5.0 (Windows NT 10.0; Win64; x64; rv:129.0) Gecko/20100101 Firefox/129.0,60,,,,,,,,,,,,,,,,,,,,,,,,,,,,,,,,,,,,,,,,,,,,,,,,,,,,,,,,,,,,,,,,,,,,,,,,,,,,,,,,,,,,,,,,,,,,,,,,,,,,,,,,,,,,,,,,,,,,,,,,,,,,,,,,,,,,,,,,,,,,,,,,,,59,0,59,0,1,,,,,,,,,,,,,,,,,
,,,,,,,,,,,,,,,,,120,4,2024-09-06_13h38.38.181,Symbol-E,2020.1.3,Win32,Firefox,Mozilla/5.0 (Windows NT 10.0; Win64; x64; rv:129.0) Gecko/20100101 Firefox/129.0,60,,,,,,,,,,,,,,,,,,,,,,,,,,,,,,,,,,,,media/dnnb.png,2,2,Symb,e,TR,0,0,1,0,8,0,60,0,1,1,0.234370531,u,1.466,5,0,,,,,,,,,,,,,,,,,,,,,,,,,,,,,,,,,,,,,,,,,,,,,,,,,,,,,,,,,,,,,,,,,,,,,,,,,,,,,,,,,,u,0,1.466,0,0,0,0,1,,,,,,,,,,,,,,,,,,,,,,
,,,,,,,,,,,,,,,,,120,4,2024-09-06_13h38.38.181,Symbol-E,2020.1.3,Win32,Firefox,Mozilla/5.0 (Windows NT 10.0; Win64; x64; rv:129.0) Gecko/20100101 Firefox/129.0,60,,,,,,,,,,,,,,,,,,,,,,,,,,,,,,,,,,,,,,,,,,,,,,,,,,,,,,,,,,,,,,,,,,,,,,,,,,,,,,,,,,,,,,,,,,,,,,,,,,,,,,,,,,,,,,,,,,,,,,,,,,,,,,,,,,,,,,,,,,,,,,,,,,60,0,60,0,1,,,,,,,,,,,,,,,,,
,,,,,,,,,,,,,,,,,120,4,2024-09-06_13h38.38.181,Symbol-E,2020.1.3,Win32,Firefox,Mozilla/5.0 (Windows NT 10.0; Win64; x64; rv:129.0) Gecko/20100101 Firefox/129.0,60,,,,,,,,,,,,,,,,,,,,,,,,,,,,,,,,,,,,media/dinb.png,6,2,Symb,i,TR,0,0,1,0,8,0,61,0,1,1,0.905634629,i,1.192,6,1,,,,,,,,,,,,,,,,,,,,,,,,,,,,,,,,,,,,,,,,,,,,,,,,,,,,,,,,,,,,,,,,,,,,,,,,,,,,,,,,,,i,1,1.192,0,0,0,0,1,,,,,,,,,,,,,,,,,,,,,,
,,,,,,,,,,,,,,,,,120,4,2024-09-06_13h38.38.181,Symbol-E,2020.1.3,Win32,Firefox,Mozilla/5.0 (Windows NT 10.0; Win64; x64; rv:129.0) Gecko/20100101 Firefox/129.0,60,,,,,,,,,,,,,,,,,,,,,,,,,,,,,,,,,,,,,,,,,,,,,,,,,,,,,,,,,,,,,,,,,,,,,,,,,,,,,,,,,,,,,,,,,,,,,,,,,,,,,,,,,,,,,,,,,,,,,,,,,,,,,,,,,,,,,,,,,,,,,,,,,,61,0,61,0,1,,,,,,,,,,,,,,,,,
,,,,,,,,,,,,,,,,,120,4,2024-09-06_13h38.38.181,Symbol-E,2020.1.3,Win32,Firefox,Mozilla/5.0 (Windows NT 10.0; Win64; x64; rv:129.0) Gecko/20100101 Firefox/129.0,60,,,,,,,,,,,,,,,,,,,,,,,,,,,,,,,,,,,,media/ddnb.png,5,1,Symb,u,TR,0,0,1,0,8,0,62,0,1,1,0.780045282,u,1.206,5,1,,,,,,,,,,,,,,,,,,,,,,,,,,,,,,,,,,,,,,,,,,,,,,,,,,,,,,,,,,,,,,,,,,,,,,,,,,,,,,,,,,u,1,1.206,0,0,0,0,1,,,,,,,,,,,,,,,,,,,,,,
,,,,,,,,,,,,,,,,,120,4,2024-09-06_13h38.38.181,Symbol-E,2020.1.3,Win32,Firefox,Mozilla/5.0 (Windows NT 10.0; Win64; x64; rv:129.0) Gecko/20100101 Firefox/129.0,60,,,,,,,,,,,,,,,,,,,,,,,,,,,,,,,,,,,,,,,,,,,,,,,,,,,,,,,,,,,,,,,,,,,,,,,,,,,,,,,,,,,,,,,,,,,,,,,,,,,,,,,,,,,,,,,,,,,,,,,,,,,,,,,,,,,,,,,,,,,,,,,,,,62,0,62,0,1,,,,,,,,,,,,,,,,,
,,,,,,,,,,,,,,,,,120,4,2024-09-06_13h38.38.181,Symbol-E,2020.1.3,Win32,Firefox,Mozilla/5.0 (Windows NT 10.0; Win64; x64; rv:129.0) Gecko/20100101 Firefox/129.0,60,,,,,,,,,,,,,,,,,,,,,,,,,,,,,,,,,,,,media/dmnb.png,7,3,Symb,l,TR,0,0,1,0,8,0,63,0,1,1,0.089980196,a,99,8,0,,,,,,,,,,,,,,,,,,,,u,34.832,,,,,,,,,,,,,,,,,,,,,,,,,,,,,,,,,,,,,,,,,,,,,,,,,,,,,,,,,,,,,,0,,,,,,,,,,,,0,0,0,0,1,,,,,,,,,,,,
,,,,,,,,,,,,,,,,,120,4,2024-09-06_13h38.38.181,Symbol-E,2020.1.3,Win32,Firefox,Mozilla/5.0 (Windows NT 10.0; Win64; x64; rv:129.0) Gecko/20100101 Firefox/129.0,60,,,,,,,,,,,,,,,,,,,,,,,,,,,,,,,,,,,,,,,,,,,,,,,,,,,,,,,,,,,,,,,,,,,,,,,,,,,,,,,,,,,,,,,,,,,,,,,,,,,,,,,,,,,,,,,,,,,,,,,,,,,,,,,,,,,,,,,,,,,,,,,,,,63,0,63,0,1,,,,,,,,,,,,,,,,,
,,,,,,,,,,,,,,,,,120,4,2024-09-06_13h38.38.181,Symbol-E,2020.1.3,Win32,Firefox,Mozilla/5.0 (Windows NT 10.0; Win64; x64; rv:129.0) Gecko/20100101 Firefox/129.0,60,,,,,,,,,,,,,,,,,,,,,,,,,,,,,,,,,,,,media/dmnb.png,7,3,Symb,l,TR,0,0,1,0,8,0,64,0,1,1,0.331237573,h,1.449,4,0,,,,,,,,,,,,,,,,,,,,,,,,,,,,,,,,,,,,,,,,,,,,,,,,,,,,,,,,,,,,,,,,,,,,,,,,,,,,,,,,,,h,0,1.449,0,0,0,0,1,,,,,,,,,,,,,,,,,,,,,,
,,,,,,,,,,,,,,,,,120,4,2024-09-06_13h38.38.181,Symbol-E,2020.1.3,Win32,Firefox,Mozilla/5.0 (Windows NT 10.0; Win64; x64; rv:129.0) Gecko/20100101 Firefox/129.0,60,,,,,,,,,,,,,,,,,,,,,,,,,,,,,,,,,,,,,,,,,,,,,,,,,,,,,,,,,,,,,,,,,,,,,,,,,,,,,,,,,,,,,,,,,,,,,,,,,,,,,,,,,,,,,,,,,,,,,,,,,,,,,,,,,,,,,,,,,,,,,,,,,,64,0,64,0,1,,,,,,,,,,,,,,,,,
,,,,,,,,,,,,,,,,,120,4,2024-09-06_13h38.38.181,Symbol-E,2020.1.3,Win32,Firefox,Mozilla/5.0 (Windows NT 10.0; Win64; x64; rv:129.0) Gecko/20100101 Firefox/129.0,60,,,,,,,,,,,,,,,,,,,,,,,,,,,,,,,,,,,,media/dfnb.png,1,1,Symb,w,TR,0,0,1,0,8,0,65,0,1,1,0.589786092,w,1.231,1,1,,,,,,,,,,,,,,,,,,,,,,,,,,,,,,,,,,,,,,,,,,,,,,,,,,,,,,,,,,,,,,,,,,,,,,,,,,,,,,,,,,w,1,1.231,0,0,0,0,1,,,,,,,,,,,,,,,,,,,,,,
,,,,,,,,,,,,,,,,,120,4,2024-09-06_13h38.38.181,Symbol-E,2020.1.3,Win32,Firefox,Mozilla/5.0 (Windows NT 10.0; Win64; x64; rv:129.0) Gecko/20100101 Firefox/129.0,60,,,,,,,,,,,,,,,,,,,,,,,,,,,,,,,,,,,,,,,,,,,,,,,,,,,,,,,,,,,,,,,,,,,,,,,,,,,,,,,,,,,,,,,,,,,,,,,,,,,,,,,,,,,,,,,,,,,,,,,,,,,,,,,,,,,,,,,,,,,,,,,,,,65,0,65,0,1,,,,,,,,,,,,,,,,,
,,,,,,,,,,,,,,,,,120,4,2024-09-06_13h38.38.181,Symbol-E,2020.1.3,Win32,Firefox,Mozilla/5.0 (Windows NT 10.0; Win64; x64; rv:129.0) Gecko/20100101 Firefox/129.0,60,,,,,,,,,,,,,,,,,,,,,,,,,,,,,,,,,,,,media/dcnb.png,4,0,Symb,h,TR,0,0,1,0,8,0,66,0,1,1,0.557019015,a,1.327,0,0,,,,,,,,,,,,,,,,,,,,,,,,,,,,,,,,,,,,,,,,,,,,,,,,,,,,,,,,,,,,,,,,,,,,,,,,,,,,,,,,,,a,0,1.327,0,0,0,0,1,,,,,,,,,,,,,,,,,,,,,,
,,,,,,,,,,,,,,,,,120,4,2024-09-06_13h38.38.181,Symbol-E,2020.1.3,Win32,Firefox,Mozilla/5.0 (Windows NT 10.0; Win64; x64; rv:129.0) Gecko/20100101 Firefox/129.0,60,,,,,,,,,,,,,,,,,,,,,,,,,,,,,,,,,,,,,,,,,,,,,,,,,,,,,,,,,,,,,,,,,,,,,,,,,,,,,,,,,,,,,,,,,,,,,,,,,,,,,,,,,,,,,,,,,,,,,,,,,,,,,,,,,,,,,,,,,,,,,,,,,,66,0,66,0,1,,,,,,,,,,,,,,,,,
,,,,,,,,,,,,,,,,,120,4,2024-09-06_13h38.38.181,Symbol-E,2020.1.3,Win32,Firefox,Mozilla/5.0 (Windows NT 10.0; Win64; x64; rv:129.0) Gecko/20100101 Firefox/129.0,60,,,,,,,,,,,,,,,,,,,,,,,,,,,,,,,,,,,,media/dnnb.png,2,2,Symb,e,TR,0,0,1,0,8,0,67,0,1,1,0.440814628,e,1.324,2,1,,,,,,,,,,,,,,,,,,,,,,,,,,,,,,,,,,,,,,,,,,,,,,,,,,,,,,,,,,,,,,,,,,,,,,,,,,,,,,,,,,e,1,1.324,0,0,0,0,1,,,,,,,,,,,,,,,,,,,,,,
,,,,,,,,,,,,,,,,,120,4,2024-09-06_13h38.38.181,Symbol-E,2020.1.3,Win32,Firefox,Mozilla/5.0 (Windows NT 10.0; Win64; x64; rv:129.0) Gecko/20100101 Firefox/129.0,60,,,,,,,,,,,,,,,,,,,,,,,,,,,,,,,,,,,,,,,,,,,,,,,,,,,,,,,,,,,,,,,,,,,,,,,,,,,,,,,,,,,,,,,,,,,,,,,,,,,,,,,,,,,,,,,,,,,,,,,,,,,,,,,,,,,,,,,,,,,,,,,,,,67,0,67,0,1,,,,,,,,,,,,,,,,,
,,,,,,,,,,,,,,,,,120,4,2024-09-06_13h38.38.181,Symbol-E,2020.1.3,Win32,Firefox,Mozilla/5.0 (Windows NT 10.0; Win64; x64; rv:129.0) Gecko/20100101 Firefox/129.0,60,,,,,,,,,,,,,,,,,,,,,,,,,,,,,,,,,,,,media/dnnb.png,2,2,Symb,e,TR,0,0,1,0,8,0,68,0,1,1,1.146340535,e,1.176,2,1,,,,,,,,,,,,,,,,,,,,,,,,,,,,,,,,,,,,,,,,,,,,,,,,,,,,,,,,,,,,,,,,,,,,,,,,,,,,,,,,,,e,1,1.176,0,0,0,0,1,,,,,,,,,,,,,,,,,,,,,,
,,,,,,,,,,,,,,,,,120,4,2024-09-06_13h38.38.181,Symbol-E,2020.1.3,Win32,Firefox,Mozilla/5.0 (Windows NT 10.0; Win64; x64; rv:129.0) Gecko/20100101 Firefox/129.0,60,,,,,,,,,,,,,,,,,,,,,,,,,,,,,,,,,,,,,,,,,,,,,,,,,,,,,,,,,,,,,,,,,,,,,,,,,,,,,,,,,,,,,,,,,,,,,,,,,,,,,,,,,,,,,,,,,,,,,,,,,,,,,,,,,,,,,,,,,,,,,,,,,,68,0,68,0,1,,,,,,,,,,,,,,,,,
,,,,,,,,,,,,,,,,,120,4,2024-09-06_13h38.38.181,Symbol-E,2020.1.3,Win32,Firefox,Mozilla/5.0 (Windows NT 10.0; Win64; x64; rv:129.0) Gecko/20100101 Firefox/129.0,60,,,,,,,,,,,,,,,,,,,,,,,,,,,,,,,,,,,,media/djnb.png,0,0,Symb,a,TR,0,0,1,0,8,0,69,0,1,1,0.40933807,a,1.357,0,1,,,,,,,,,,,,,,,,,,,,,,,,,,,,,,,,,,,,,,,,,,,,,,,,,,,,,,,,,,,,,,,,,,,,,,,,,,,,,,,,,,a,1,1.357,0,0,0,0,1,,,,,,,,,,,,,,,,,,,,,,
,,,,,,,,,,,,,,,,,120,4,2024-09-06_13h38.38.181,Symbol-E,2020.1.3,Win32,Firefox,Mozilla/5.0 (Windows NT 10.0; Win64; x64; rv:129.0) Gecko/20100101 Firefox/129.0,60,,,,,,,,,,,,,,,,,,,,,,,,,,,,,,,,,,,,,,,,,,,,,,,,,,,,,,,,,,,,,,,,,,,,,,,,,,,,,,,,,,,,,,,,,,,,,,,,,,,,,,,,,,,,,,,,,,,,,,,,,,,,,,,,,,,,,,,,,,,,,,,,,,69,0,69,0,1,,,,,,,,,,,,,,,,,
,,,,,,,,,,,,,,,,,120,4,2024-09-06_13h38.38.181,Symbol-E,2020.1.3,Win32,Firefox,Mozilla/5.0 (Windows NT 10.0; Win64; x64; rv:129.0) Gecko/20100101 Firefox/129.0,60,,,,,,,,,,,,,,,,,,,,,,,,,,,,,,,,,,,,media/dinb.png,6,2,Symb,i,TR,0,0,1,0,8,0,70,0,1,1,0.281170881,a,99,8,0,,,,,,,,,,,,,,,,,,,,i,0.865,,,,,,,,,,,,,,,,,,,,,,,,,,,,,,,,,,,,,,,,,,,,,,,,,,,,,,,,,,,,,,0,,,,,,,,,,,,0,0,0,0,1,,,,,,,,,,,,
,,,,,,,,,,,,,,,,,120,4,2024-09-06_13h38.38.181,Symbol-E,2020.1.3,Win32,Firefox,Mozilla/5.0 (Windows NT 10.0; Win64; x64; rv:129.0) Gecko/20100101 Firefox/129.0,60,,,,,,,,,,,,,,,,,,,,,,,,,,,,,,,,,,,,,,,,,,,,,,,,,,,,,,,,,,,,,,,,,,,,,,,,,,,,,,,,,,,,,,,,,,,,,,,,,,,,,,,,,,,,,,,,,,,,,,,,,,,,,,,,,,,,,,,,,,,,,,,,,,70,0,70,0,1,,,,,,,,,,,,,,,,,
,,,,,,,,,,,,,,,,,120,4,2024-09-06_13h38.38.181,Symbol-E,2020.1.3,Win32,Firefox,Mozilla/5.0 (Windows NT 10.0; Win64; x64; rv:129.0) Gecko/20100101 Firefox/129.0,60,,,,,,,,,,,,,,,,,,,,,,,,,,,,,,,,,,,,media/djnb.png,0,0,Symb,a,TR,0,0,1,0,8,0,71,0,1,1,0.931524389,a,1.219,0,1,,,,,,,,,,,,,,,,,,,,,,,,,,,,,,,,,,,,,,,,,,,,,,,,,,,,,,,,,,,,,,,,,,,,,,,,,,,,,,,,,,a,1,1.219,0,0,0,0,1,,,,,,,,,,,,,,,,,,,,,,
,,,,,,,,,,,,,,,,,120,4,2024-09-06_13h38.38.181,Symbol-E,2020.1.3,Win32,Firefox,Mozilla/5.0 (Windows NT 10.0; Win64; x64; rv:129.0) Gecko/20100101 Firefox/129.0,60,,,,,,,,,,,,,,,,,,,,,,,,,,,,,,,,,,,,,,,,,,,,,,,,,,,,,,,,,,,,,,,,,,,,,,,,,,,,,,,,,,,,,,,,,,,,,,,,,,,,,,,,,,,,,,,,,,,,,,,,,,,,,,,,,,,,,,,,,,,,,,,,,,71,0,71,0,1,,,,,,,,,,,,,,,,,
,,,,,,,,,,,,,,,,,120,4,2024-09-06_13h38.38.181,Symbol-E,2020.1.3,Win32,Firefox,Mozilla/5.0 (Windows NT 10.0; Win64; x64; rv:129.0) Gecko/20100101 Firefox/129.0,60,,,,,,,,,,,,,,,,,,,,,,,,,,,,,,,,,,,,media/dmnb.png,7,3,Symb,l,TR,0,0,1,0,8,0,72,0,1,1,1.135936615,u,1.18,5,0,,,,,,,,,,,,,,,,,,,,,,,,,,,,,,,,,,,,,,,,,,,,,,,,,,,,,,,,,,,,,,,,,,,,,,,,,,,,,,,,,,u,0,1.18,0,0,0,0,1,,,,,,,,,,,,,,,,,,,,,,
,,,,,,,,,,,,,,,,,120,4,2024-09-06_13h38.38.181,Symbol-E,2020.1.3,Win32,Firefox,Mozilla/5.0 (Windows NT 10.0; Win64; x64; rv:129.0) Gecko/20100101 Firefox/129.0,60,,,,,,,,,,,,,,,,,,,,,,,,,,,,,,,,,,,,,,,,,,,,,,,,,,,,,,,,,,,,,,,,,,,,,,,,,,,,,,,,,,,,,,,,,,,,,,,,,,,,,,,,,,,,,,,,,,,,,,,,,,,,,,,,,,,,,,,,,,,,,,,,,,72,0,72,0,1,,,,,,,,,,,,,,,,,
,,,,,,,,,,,,,,,,,120,4,2024-09-06_13h38.38.181,Symbol-E,2020.1.3,Win32,Firefox,Mozilla/5.0 (Windows NT 10.0; Win64; x64; rv:129.0) Gecko/20100101 Firefox/129.0,60,,,,,,,,,,,,,,,,,,,,,,,,,,,,,,,,,,,,media/ddnb.png,5,1,Symb,u,TR,0,0,1,0,8,0,73,0,1,1,1.054781123,u,1.231,5,1,,,,,,,,,,,,,,,,,,,,,,,,,,,,,,,,,,,,,,,,,,,,,,,,,,,,,,,,,,,,,,,,,,,,,,,,,,,,,,,,,,u,1,1.231,0,0,0,0,1,,,,,,,,,,,,,,,,,,,,,,
,,,,,,,,,,,,,,,,,120,4,2024-09-06_13h38.38.181,Symbol-E,2020.1.3,Win32,Firefox,Mozilla/5.0 (Windows NT 10.0; Win64; x64; rv:129.0) Gecko/20100101 Firefox/129.0,60,,,,,,,,,,,,,,,,,,,,,,,,,,,,,,,,,,,,,,,,,,,,,,,,,,,,,,,,,,,,,,,,,,,,,,,,,,,,,,,,,,,,,,,,,,,,,,,,,,,,,,,,,,,,,,,,,,,,,,,,,,,,,,,,,,,,,,,,,,,,,,,,,,73,0,73,0,1,,,,,,,,,,,,,,,,,
,,,,,,,,,,,,,,,,,120,4,2024-09-06_13h38.38.181,Symbol-E,2020.1.3,Win32,Firefox,Mozilla/5.0 (Windows NT 10.0; Win64; x64; rv:129.0) Gecko/20100101 Firefox/129.0,60,,,,,,,,,,,,,,,,,,,,,,,,,,,,,,,,,,,,media/dgnb.png,3,3,Symb,f,TR,0,0,1,0,8,0,74,0,1,1,0.314358316,a,1.446,0,0,,,,,,,,,,,,,,,,,,,,,,,,,,,,,,,,,,,,,,,,,,,,,,,,,,,,,,,,,,,,,,,,,,,,,,,,,,,,,,,,,,a,0,1.446,0,0,0,0,1,,,,,,,,,,,,,,,,,,,,,,
,,,,,,,,,,,,,,,,,120,4,2024-09-06_13h38.38.181,Symbol-E,2020.1.3,Win32,Firefox,Mozilla/5.0 (Windows NT 10.0; Win64; x64; rv:129.0) Gecko/20100101 Firefox/129.0,60,,,,,,,,,,,,,,,,,,,,,,,,,,,,,,,,,,,,,,,,,,,,,,,,,,,,,,,,,,,,,,,,,,,,,,,,,,,,,,,,,,,,,,,,,,,,,,,,,,,,,,,,,,,,,,,,,,,,,,,,,,,,,,,,,,,,,,,,,,,,,,,,,,74,0,74,0,1,,,,,,,,,,,,,,,,,
,,,,,,,,,,,,,,,,,120,4,2024-09-06_13h38.38.181,Symbol-E,2020.1.3,Win32,Firefox,Mozilla/5.0 (Windows NT 10.0; Win64; x64; rv:129.0) Gecko/20100101 Firefox/129.0,60,,,,,,,,,,,,,,,,,,,,,,,,,,,,,,,,,,,,media/ddnb.png,5,1,Symb,u,TR,0,0,1,0,8,0,75,0,1,1,0.589409793,h,1.303,4,0,,,,,,,,,,,,,,,,,,,,,,,,,,,,,,,,,,,,,,,,,,,,,,,,,,,,,,,,,,,,,,,,,,,,,,,,,,,,,,,,,,h,0,1.303,0,0,0,0,1,,,,,,,,,,,,,,,,,,,,,,
,,,,,,,,,,,,,,,,,120,4,2024-09-06_13h38.38.181,Symbol-E,2020.1.3,Win32,Firefox,Mozilla/5.0 (Windows NT 10.0; Win64; x64; rv:129.0) Gecko/20100101 Firefox/129.0,60,,,,,,,,,,,,,,,,,,,,,,,,,,,,,,,,,,,,,,,,,,,,,,,,,,,,,,,,,,,,,,,,,,,,,,,,,,,,,,,,,,,,,,,,,,,,,,,,,,,,,,,,,,,,,,,,,,,,,,,,,,,,,,,,,,,,,,,,,,,,,,,,,,75,0,75,0,1,,,,,,,,,,,,,,,,,
,,,,,,,,,,,,,,,,,120,4,2024-09-06_13h38.38.181,Symbol-E,2020.1.3,Win32,Firefox,Mozilla/5.0 (Windows NT 10.0; Win64; x64; rv:129.0) Gecko/20100101 Firefox/129.0,60,,,,,,,,,,,,,,,,,,,,,,,,,,,,,,,,,,,,media/dinb.png,6,2,Symb,i,TR,0,0,1,0,8,0,76,0,1,1,0.71480205,i,1.233,6,1,,,,,,,,,,,,,,,,,,,,,,,,,,,,,,,,,,,,,,,,,,,,,,,,,,,,,,,,,,,,,,,,,,,,,,,,,,,,,,,,,,i,1,1.233,0,0,0,0,1,,,,,,,,,,,,,,,,,,,,,,
,,,,,,,,,,,,,,,,,120,4,2024-09-06_13h38.38.181,Symbol-E,2020.1.3,Win32,Firefox,Mozilla/5.0 (Windows NT 10.0; Win64; x64; rv:129.0) Gecko/20100101 Firefox/129.0,60,,,,,,,,,,,,,,,,,,,,,,,,,,,,,,,,,,,,,,,,,,,,,,,,,,,,,,,,,,,,,,,,,,,,,,,,,,,,,,,,,,,,,,,,,,,,,,,,,,,,,,,,,,,,,,,,,,,,,,,,,,,,,,,,,,,,,,,,,,,,,,,,,,76,0,76,0,1,,,,,,,,,,,,,,,,,
,,,,,,,,,,,,,,,,,120,4,2024-09-06_13h38.38.181,Symbol-E,2020.1.3,Win32,Firefox,Mozilla/5.0 (Windows NT 10.0; Win64; x64; rv:129.0) Gecko/20100101 Firefox/129.0,60,,,,,,,,,,,,,,,,,,,,,,,,,,,,,,,,,,,,media/dcnb.png,4,0,Symb,h,TR,0,0,1,0,8,0,77,0,1,1,0.099112346,a,99,8,0,,,,,,,,,,,,,,,,,,,,h,0.67,,,,,,,,,,,,,,,,,,,,,,,,,,,,,,,,,,,,,,,,,,,,,,,,,,,,,,,,,,,,,,0,,,,,,,,,,,,0,0,0,0,1,,,,,,,,,,,,
,,,,,,,,,,,,,,,,,120,4,2024-09-06_13h38.38.181,Symbol-E,2020.1.3,Win32,Firefox,Mozilla/5.0 (Windows NT 10.0; Win64; x64; rv:129.0) Gecko/20100101 Firefox/129.0,60,,,,,,,,,,,,,,,,,,,,,,,,,,,,,,,,,,,,,,,,,,,,,,,,,,,,,,,,,,,,,,,,,,,,,,,,,,,,,,,,,,,,,,,,,,,,,,,,,,,,,,,,,,,,,,,,,,,,,,,,,,,,,,,,,,,,,,,,,,,,,,,,,,77,0,77,0,1,,,,,,,,,,,,,,,,,
,,,,,,,,,,,,,,,,,120,4,2024-09-06_13h38.38.181,Symbol-E,2020.1.3,Win32,Firefox,Mozilla/5.0 (Windows NT 10.0; Win64; x64; rv:129.0) Gecko/20100101 Firefox/129.0,60,,,,,,,,,,,,,,,,,,,,,,,,,,,,,,,,,,,,media/dfnb.png,1,1,Symb,w,TR,0,0,1,0,8,0,78,0,1,1,1.150396168,w,1.236,1,1,,,,,,,,,,,,,,,,,,,,,,,,,,,,,,,,,,,,,,,,,,,,,,,,,,,,,,,,,,,,,,,,,,,,,,,,,,,,,,,,,,w,1,1.236,0,0,0,0,1,,,,,,,,,,,,,,,,,,,,,,
,,,,,,,,,,,,,,,,,120,4,2024-09-06_13h38.38.181,Symbol-E,2020.1.3,Win32,Firefox,Mozilla/5.0 (Windows NT 10.0; Win64; x64; rv:129.0) Gecko/20100101 Firefox/129.0,60,,,,,,,,,,,,,,,,,,,,,,,,,,,,,,,,,,,,,,,,,,,,,,,,,,,,,,,,,,,,,,,,,,,,,,,,,,,,,,,,,,,,,,,,,,,,,,,,,,,,,,,,,,,,,,,,,,,,,,,,,,,,,,,,,,,,,,,,,,,,,,,,,,78,0,78,0,1,,,,,,,,,,,,,,,,,
,,,,,,,,,,,,,,,,,120,4,2024-09-06_13h38.38.181,Symbol-E,2020.1.3,Win32,Firefox,Mozilla/5.0 (Windows NT 10.0; Win64; x64; rv:129.0) Gecko/20100101 Firefox/129.0,60,,,,,,,,,,,,,,,,,,,,,,,,,,,,,,,,,,,,media/dgnb.png,3,3,Symb,f,TR,0,0,1,0,8,0,79,0,1,1,0.862748511,h,1.341,4,0,,,,,,,,,,,,,,,,,,,,,,,,,,,,,,,,,,,,,,,,,,,,,,,,,,,,,,,,,,,,,,,,,,,,,,,,,,,,,,,,,,h,0,1.341,0,0,0,0,1,,,,,,,,,,,,,,,,,,,,,,
,,,,,,,,,,,,,,,,,120,4,2024-09-06_13h38.38.181,Symbol-E,2020.1.3,Win32,Firefox,Mozilla/5.0 (Windows NT 10.0; Win64; x64; rv:129.0) Gecko/20100101 Firefox/129.0,60,,,,,,,,,,,,,,,,,,,,,,,,,,,,,,,,,,,,,,,,,,,,,,,,,,,,,,,,,,,,,,,,,,,,,,,,,,,,,,,,,,,,,,,,,,,,,,,,,,,,,,,,,,,,,,,,,,,,,,,,,,,,,,,,,,,,,,,,,,,,,,,,,,79,0,79,0,1,,,,,,,,,,,,,,,,,
,,,,,,,,,,,,,,,,,120,4,2024-09-06_13h38.38.181,Symbol-E,2020.1.3,Win32,Firefox,Mozilla/5.0 (Windows NT 10.0; Win64; x64; rv:129.0) Gecko/20100101 Firefox/129.0,60,,,,,,,,,,,,,,,,,,,,,,,,,,,,,,,,,,,,media/djnb.png,0,0,Symb,a,TR,0,0,1,0,8,0,80,0,1,1,1.192591444,a,1.201,0,1,,,,,,,,,,,,,,,,,,,,,,,,,,,,,,,,,,,,,,,,,,,,,,,,,,,,,,,,,,,,,,,,,,,,,,,,,,,,,,,,,,a,1,1.201,0,0,0,0,1,,,,,,,,,,,,,,,,,,,,,,
,,,,,,,,,,,,,,,,,120,4,2024-09-06_13h38.38.181,Symbol-E,2020.1.3,Win32,Firefox,Mozilla/5.0 (Windows NT 10.0; Win64; x64; rv:129.0) Gecko/20100101 Firefox/129.0,60,,,,,,,,,,,,,,,,,,,,,,,,,,,,,,,,,,,,,,,,,,,,,,,,,,,,,,,,,,,,,,,,,,,,,,,,,,,,,,,,,,,,,,,,,,,,,,,,,,,,,,,,,,,,,,,,,,,,,,,,,,,,,,,,,,,,,,,,,,,,,,,,,,80,0,80,0,1,,,,,,,,,,,,,,,,,
,,,,,,,,,,,,,,,,,120,4,2024-09-06_13h38.38.181,Symbol-E,2020.1.3,Win32,Firefox,Mozilla/5.0 (Windows NT 10.0; Win64; x64; rv:129.0) Gecko/20100101 Firefox/129.0,60,,,,,,,,,,,,,,,,,,,,,,,,,,,,,,,,,,,,media/dnnb.png,2,2,Symb,e,TR,0,0,1,0,8,0,81,0,1,1,0.386070411,h,1.281,4,0,,,,,,,,,,,,,,,,,,,,,,,,,,,,,,,,,,,,,,,,,,,,,,,,,,,,,,,,,,,,,,,,,,,,,,,,,,,,,,,,,,h,0,1.281,0,0,0,0,1,,,,,,,,,,,,,,,,,,,,,,
,,,,,,,,,,,,,,,,,120,4,2024-09-06_13h38.38.181,Symbol-E,2020.1.3,Win32,Firefox,Mozilla/5.0 (Windows NT 10.0; Win64; x64; rv:129.0) Gecko/20100101 Firefox/129.0,60,,,,,,,,,,,,,,,,,,,,,,,,,,,,,,,,,,,,,,,,,,,,,,,,,,,,,,,,,,,,,,,,,,,,,,,,,,,,,,,,,,,,,,,,,,,,,,,,,,,,,,,,,,,,,,,,,,,,,,,,,,,,,,,,,,,,,,,,,,,,,,,,,,81,0,81,0,1,,,,,,,,,,,,,,,,,
,,,,,,,,,,,,,,,,,120,4,2024-09-06_13h38.38.181,Symbol-E,2020.1.3,Win32,Firefox,Mozilla/5.0 (Windows NT 10.0; Win64; x64; rv:129.0) Gecko/20100101 Firefox/129.0,60,,,,,,,,,,,,,,,,,,,,,,,,,,,,,,,,,,,,media/dfnb.png,1,1,Symb,w,TR,0,0,1,0,8,0,82,0,1,1,0.425886742,e,1.351,2,0,,,,,,,,,,,,,,,,,,,,,,,,,,,,,,,,,,,,,,,,,,,,,,,,,,,,,,,,,,,,,,,,,,,,,,,,,,,,,,,,,,e,0,1.351,0,0,0,0,1,,,,,,,,,,,,,,,,,,,,,,
,,,,,,,,,,,,,,,,,120,4,2024-09-06_13h38.38.181,Symbol-E,2020.1.3,Win32,Firefox,Mozilla/5.0 (Windows NT 10.0; Win64; x64; rv:129.0) Gecko/20100101 Firefox/129.0,60,,,,,,,,,,,,,,,,,,,,,,,,,,,,,,,,,,,,,,,,,,,,,,,,,,,,,,,,,,,,,,,,,,,,,,,,,,,,,,,,,,,,,,,,,,,,,,,,,,,,,,,,,,,,,,,,,,,,,,,,,,,,,,,,,,,,,,,,,,,,,,,,,,82,0,82,0,1,,,,,,,,,,,,,,,,,
,,,,,,,,,,,,,,,,,120,4,2024-09-06_13h38.38.181,Symbol-E,2020.1.3,Win32,Firefox,Mozilla/5.0 (Windows NT 10.0; Win64; x64; rv:129.0) Gecko/20100101 Firefox/129.0,60,,,,,,,,,,,,,,,,,,,,,,,,,,,,,,,,,,,,media/dfnb.png,1,1,Symb,w,TR,0,0,1,0,8,0,83,0,1,1,0.717019685,w,1.36,1,1,,,,,,,,,,,,,,,,,,,,,,,,,,,,,,,,,,,,,,,,,,,,,,,,,,,,,,,,,,,,,,,,,,,,,,,,,,,,,,,,,,w,1,1.36,0,0,0,0,1,,,,,,,,,,,,,,,,,,,,,,
,,,,,,,,,,,,,,,,,120,4,2024-09-06_13h38.38.181,Symbol-E,2020.1.3,Win32,Firefox,Mozilla/5.0 (Windows NT 10.0; Win64; x64; rv:129.0) Gecko/20100101 Firefox/129.0,60,,,,,,,,,,,,,,,,,,,,,,,,,,,,,,,,,,,,,,,,,,,,,,,,,,,,,,,,,,,,,,,,,,,,,,,,,,,,,,,,,,,,,,,,,,,,,,,,,,,,,,,,,,,,,,,,,,,,,,,,,,,,,,,,,,,,,,,,,,,,,,,,,,83,0,83,0,1,,,,,,,,,,,,,,,,,
,,,,,,,,,,,,,,,,,120,4,2024-09-06_13h38.38.181,Symbol-E,2020.1.3,Win32,Firefox,Mozilla/5.0 (Windows NT 10.0; Win64; x64; rv:129.0) Gecko/20100101 Firefox/129.0,60,,,,,,,,,,,,,,,,,,,,,,,,,,,,,,,,,,,,media/dmnb.png,7,3,Symb,l,TR,0,0,1,0,8,0,84,0,1,1,1.024960576,u,1.38,5,0,,,,,,,,,,,,,,,,,,,,,,,,,,,,,,,,,,,,,,,,,,,,,,,,,,,,,,,,,,,,,,,,,,,,,,,,,,,,,,,,,,u,0,1.38,0,0,0,0,1,,,,,,,,,,,,,,,,,,,,,,
,,,,,,,,,,,,,,,,,120,4,2024-09-06_13h38.38.181,Symbol-E,2020.1.3,Win32,Firefox,Mozilla/5.0 (Windows NT 10.0; Win64; x64; rv:129.0) Gecko/20100101 Firefox/129.0,60,,,,,,,,,,,,,,,,,,,,,,,,,,,,,,,,,,,,,,,,,,,,,,,,,,,,,,,,,,,,,,,,,,,,,,,,,,,,,,,,,,,,,,,,,,,,,,,,,,,,,,,,,,,,,,,,,,,,,,,,,,,,,,,,,,,,,,,,,,,,,,,,,,84,0,84,0,1,,,,,,,,,,,,,,,,,
,,,,,,,,,,,,,,,,,120,4,2024-09-06_13h38.38.181,Symbol-E,2020.1.3,Win32,Firefox,Mozilla/5.0 (Windows NT 10.0; Win64; x64; rv:129.0) Gecko/20100101 Firefox/129.0,60,,,,,,,,,,,,,,,,,,,,,,,,,,,,,,,,,,,,media/ddnb.png,5,1,Symb,u,TR,0,0,1,0,8,0,85,0,1,1,1.186267663,u,1.196,5,1,,,,,,,,,,,,,,,,,,,,,,,,,,,,,,,,,,,,,,,,,,,,,,,,,,,,,,,,,,,,,,,,,,,,,,,,,,,,,,,,,,u,1,1.196,0,0,0,0,1,,,,,,,,,,,,,,,,,,,,,,
,,,,,,,,,,,,,,,,,120,4,2024-09-06_13h38.38.181,Symbol-E,2020.1.3,Win32,Firefox,Mozilla/5.0 (Windows NT 10.0; Win64; x64; rv:129.0) Gecko/20100101 Firefox/129.0,60,,,,,,,,,,,,,,,,,,,,,,,,,,,,,,,,,,,,,,,,,,,,,,,,,,,,,,,,,,,,,,,,,,,,,,,,,,,,,,,,,,,,,,,,,,,,,,,,,,,,,,,,,,,,,,,,,,,,,,,,,,,,,,,,,,,,,,,,,,,,,,,,,,85,0,85,0,1,,,,,,,,,,,,,,,,,
,,,,,,,,,,,,,,,,,120,4,2024-09-06_13h38.38.181,Symbol-E,2020.1.3,Win32,Firefox,Mozilla/5.0 (Windows NT 10.0; Win64; x64; rv:129.0) Gecko/20100101 Firefox/129.0,60,,,,,,,,,,,,,,,,,,,,,,,,,,,,,,,,,,,,media/djnb.png,0,0,Symb,a,TR,0,0,1,0,8,0,86,0,1,1,0.854186967,a,1.232,0,1,,,,,,,,,,,,,,,,,,,,,,,,,,,,,,,,,,,,,,,,,,,,,,,,,,,,,,,,,,,,,,,,,,,,,,,,,,,,,,,,,,a,1,1.232,0,0,0,0,1,,,,,,,,,,,,,,,,,,,,,,
,,,,,,,,,,,,,,,,,120,4,2024-09-06_13h38.38.181,Symbol-E,2020.1.3,Win32,Firefox,Mozilla/5.0 (Windows NT 10.0; Win64; x64; rv:129.0) Gecko/20100101 Firefox/129.0,60,,,,,,,,,,,,,,,,,,,,,,,,,,,,,,,,,,,,,,,,,,,,,,,,,,,,,,,,,,,,,,,,,,,,,,,,,,,,,,,,,,,,,,,,,,,,,,,,,,,,,,,,,,,,,,,,,,,,,,,,,,,,,,,,,,,,,,,,,,,,,,,,,,86,0,86,0,1,,,,,,,,,,,,,,,,,
,,,,,,,,,,,,,,,,,120,4,2024-09-06_13h38.38.181,Symbol-E,2020.1.3,Win32,Firefox,Mozilla/5.0 (Windows NT 10.0; Win64; x64; rv:129.0) Gecko/20100101 Firefox/129.0,60,,,,,,,,,,,,,,,,,,,,,,,,,,,,,,,,,,,,media/dinb.png,6,2,Symb,i,TR,0,0,1,0,8,0,87,0,1,1,0.609134932,u,1.291,5,0,,,,,,,,,,,,,,,,,,,,,,,,,,,,,,,,,,,,,,,,,,,,,,,,,,,,,,,,,,,,,,,,,,,,,,,,,,,,,,,,,,u,0,1.291,0,0,0,0,1,,,,,,,,,,,,,,,,,,,,,,
,,,,,,,,,,,,,,,,,120,4,2024-09-06_13h38.38.181,Symbol-E,2020.1.3,Win32,Firefox,Mozilla/5.0 (Windows NT 10.0; Win64; x64; rv:129.0) Gecko/20100101 Firefox/129.0,60,,,,,,,,,,,,,,,,,,,,,,,,,,,,,,,,,,,,,,,,,,,,,,,,,,,,,,,,,,,,,,,,,,,,,,,,,,,,,,,,,,,,,,,,,,,,,,,,,,,,,,,,,,,,,,,,,,,,,,,,,,,,,,,,,,,,,,,,,,,,,,,,,,87,0,87,0,1,,,,,,,,,,,,,,,,,
,,,,,,,,,,,,,,,,,120,4,2024-09-06_13h38.38.181,Symbol-E,2020.1.3,Win32,Firefox,Mozilla/5.0 (Windows NT 10.0; Win64; x64; rv:129.0) Gecko/20100101 Firefox/129.0,60,,,,,,,,,,,,,,,,,,,,,,,,,,,,,,,,,,,,media/dmnb.png,7,3,Symb,l,TR,0,0,1,0,8,0,88,0,1,1,0.739028079,u,1.377,5,0,,,,,,,,,,,,,,,,,,,,,,,,,,,,,,,,,,,,,,,,,,,,,,,,,,,,,,,,,,,,,,,,,,,,,,,,,,,,,,,,,,u,0,1.377,0,0,0,0,1,,,,,,,,,,,,,,,,,,,,,,
,,,,,,,,,,,,,,,,,120,4,2024-09-06_13h38.38.181,Symbol-E,2020.1.3,Win32,Firefox,Mozilla/5.0 (Windows NT 10.0; Win64; x64; rv:129.0) Gecko/20100101 Firefox/129.0,60,,,,,,,,,,,,,,,,,,,,,,,,,,,,,,,,,,,,,,,,,,,,,,,,,,,,,,,,,,,,,,,,,,,,,,,,,,,,,,,,,,,,,,,,,,,,,,,,,,,,,,,,,,,,,,,,,,,,,,,,,,,,,,,,,,,,,,,,,,,,,,,,,,88,0,88,0,1,,,,,,,,,,,,,,,,,
,,,,,,,,,,,,,,,,,120,4,2024-09-06_13h38.38.181,Symbol-E,2020.1.3,Win32,Firefox,Mozilla/5.0 (Windows NT 10.0; Win64; x64; rv:129.0) Gecko/20100101 Firefox/129.0,60,,,,,,,,,,,,,,,,,,,,,,,,,,,,,,,,,,,,media/dcnb.png,4,0,Symb,h,TR,0,0,1,0,8,0,89,0,1,1,1.158887014,h,1.211,4,1,,,,,,,,,,,,,,,,,,,,,,,,,,,,,,,,,,,,,,,,,,,,,,,,,,,,,,,,,,,,,,,,,,,,,,,,,,,,,,,,,,h,1,1.211,0,0,0,0,1,,,,,,,,,,,,,,,,,,,,,,
,,,,,,,,,,,,,,,,,120,4,2024-09-06_13h38.38.181,Symbol-E,2020.1.3,Win32,Firefox,Mozilla/5.0 (Windows NT 10.0; Win64; x64; rv:129.0) Gecko/20100101 Firefox/129.0,60,,,,,,,,,,,,,,,,,,,,,,,,,,,,,,,,,,,,,,,,,,,,,,,,,,,,,,,,,,,,,,,,,,,,,,,,,,,,,,,,,,,,,,,,,,,,,,,,,,,,,,,,,,,,,,,,,,,,,,,,,,,,,,,,,,,,,,,,,,,,,,,,,,89,0,89,0,1,,,,,,,,,,,,,,,,,
,,,,,,,,,,,,,,,,,120,4,2024-09-06_13h38.38.181,Symbol-E,2020.1.3,Win32,Firefox,Mozilla/5.0 (Windows NT 10.0; Win64; x64; rv:129.0) Gecko/20100101 Firefox/129.0,60,,,,,,,,,,,,,,,,,,,,,,,,,,,,,,,,,,,,media/dgnb.png,3,3,Symb,f,TR,0,0,1,0,8,0,90,0,1,1,0.128606683,i,1.397,6,0,,,,,,,,,,,,,,,,,,,,,,,,,,,,,,,,,,,,,,,,,,,,,,,,,,,,,,,,,,,,,,,,,,,,,,,,,,,,,,,,,,i,0,1.397,0,0,0,0,1,,,,,,,,,,,,,,,,,,,,,,
,,,,,,,,,,,,,,,,,120,4,2024-09-06_13h38.38.181,Symbol-E,2020.1.3,Win32,Firefox,Mozilla/5.0 (Windows NT 10.0; Win64; x64; rv:129.0) Gecko/20100101 Firefox/129.0,60,,,,,,,,,,,,,,,,,,,,,,,,,,,,,,,,,,,,,,,,,,,,,,,,,,,,,,,,,,,,,,,,,,,,,,,,,,,,,,,,,,,,,,,,,,,,,,,,,,,,,,,,,,,,,,,,,,,,,,,,,,,,,,,,,,,,,,,,,,,,,,,,,,90,0,90,0,1,,,,,,,,,,,,,,,,,
,,,,,,,,,,,,,,,,,120,4,2024-09-06_13h38.38.181,Symbol-E,2020.1.3,Win32,Firefox,Mozilla/5.0 (Windows NT 10.0; Win64; x64; rv:129.0) Gecko/20100101 Firefox/129.0,60,,,,,,,,,,,,,,,,,,,,,,,,,,,,,,,,,,,,media/dnnb.png,2,2,Symb,e,TR,0,0,1,0,8,0,91,0,1,1,0.667317052,e,1.267,2,1,,,,,,,,,,,,,,,,,,,,,,,,,,,,,,,,,,,,,,,,,,,,,,,,,,,,,,,,,,,,,,,,,,,,,,,,,,,,,,,,,,e,1,1.267,0,0,0,0,1,,,,,,,,,,,,,,,,,,,,,,
,,,,,,,,,,,,,,,,,120,4,2024-09-06_13h38.38.181,Symbol-E,2020.1.3,Win32,Firefox,Mozilla/5.0 (Windows NT 10.0; Win64; x64; rv:129.0) Gecko/20100101 Firefox/129.0,60,,,,,,,,,,,,,,,,,,,,,,,,,,,,,,,,,,,,,,,,,,,,,,,,,,,,,,,,,,,,,,,,,,,,,,,,,,,,,,,,,,,,,,,,,,,,,,,,,,,,,,,,,,,,,,,,,,,,,,,,,,,,,,,,,,,,,,,,,,,,,,,,,,91,0,91,0,1,,,,,,,,,,,,,,,,,
,,,,,,,,,,,,,,,,,120,4,2024-09-06_13h38.38.181,Symbol-E,2020.1.3,Win32,Firefox,Mozilla/5.0 (Windows NT 10.0; Win64; x64; rv:129.0) Gecko/20100101 Firefox/129.0,60,,,,,,,,,,,,,,,,,,,,,,,,,,,,,,,,,,,,media/dcnb.png,4,0,Symb,h,TR,0,0,1,0,8,0,92,0,1,1,0.625308631,h,1.379,4,1,,,,,,,,,,,,,,,,,,,,,,,,,,,,,,,,,,,,,,,,,,,,,,,,,,,,,,,,,,,,,,,,,,,,,,,,,,,,,,,,,,h,1,1.379,0,0,0,0,1,,,,,,,,,,,,,,,,,,,,,,
,,,,,,,,,,,,,,,,,120,4,2024-09-06_13h38.38.181,Symbol-E,2020.1.3,Win32,Firefox,Mozilla/5.0 (Windows NT 10.0; Win64; x64; rv:129.0) Gecko/20100101 Firefox/129.0,60,,,,,,,,,,,,,,,,,,,,,,,,,,,,,,,,,,,,,,,,,,,,,,,,,,,,,,,,,,,,,,,,,,,,,,,,,,,,,,,,,,,,,,,,,,,,,,,,,,,,,,,,,,,,,,,,,,,,,,,,,,,,,,,,,,,,,,,,,,,,,,,,,,92,0,92,0,1,,,,,,,,,,,,,,,,,
,,,,,,,,,,,,,,,,,120,4,2024-09-06_13h38.38.181,Symbol-E,2020.1.3,Win32,Firefox,Mozilla/5.0 (Windows NT 10.0; Win64; x64; rv:129.0) Gecko/20100101 Firefox/129.0,60,,,,,,,,,,,,,,,,,,,,,,,,,,,,,,,,,,,,media/ddnb.png,5,1,Symb,u,TR,0,0,1,0,8,0,93,0,1,1,0.888279058,l,1.237,7,0,,,,,,,,,,,,,,,,,,,,,,,,,,,,,,,,,,,,,,,,,,,,,,,,,,,,,,,,,,,,,,,,,,,,,,,,,,,,,,,,,,l,0,1.237,0,0,0,0,1,,,,,,,,,,,,,,,,,,,,,,
,,,,,,,,,,,,,,,,,120,4,2024-09-06_13h38.38.181,Symbol-E,2020.1.3,Win32,Firefox,Mozilla/5.0 (Windows NT 10.0; Win64; x64; rv:129.0) Gecko/20100101 Firefox/129.0,60,,,,,,,,,,,,,,,,,,,,,,,,,,,,,,,,,,,,,,,,,,,,,,,,,,,,,,,,,,,,,,,,,,,,,,,,,,,,,,,,,,,,,,,,,,,,,,,,,,,,,,,,,,,,,,,,,,,,,,,,,,,,,,,,,,,,,,,,,,,,,,,,,,93,0,93,0,1,,,,,,,,,,,,,,,,,
,,,,,,,,,,,,,,,,,120,4,2024-09-06_13h38.38.181,Symbol-E,2020.1.3,Win32,Firefox,Mozilla/5.0 (Windows NT 10.0; Win64; x64; rv:129.0) Gecko/20100101 Firefox/129.0,60,,,,,,,,,,,,,,,,,,,,,,,,,,,,,,,,,,,,media/dgnb.png,3,3,Symb,f,TR,0,0,1,0,8,0,94,0,1,1,0.757771786,h,1.341,4,0,,,,,,,,,,,,,,,,,,,,,,,,,,,,,,,,,,,,,,,,,,,,,,,,,,,,,,,,,,,,,,,,,,,,,,,,,,,,,,,,,,h,0,1.341,0,0,0,0,1,,,,,,,,,,,,,,,,,,,,,,
,,,,,,,,,,,,,,,,,120,4,2024-09-06_13h38.38.181,Symbol-E,2020.1.3,Win32,Firefox,Mozilla/5.0 (Windows NT 10.0; Win64; x64; rv:129.0) Gecko/20100101 Firefox/129.0,60,,,,,,,,,,,,,,,,,,,,,,,,,,,,,,,,,,,,,,,,,,,,,,,,,,,,,,,,,,,,,,,,,,,,,,,,,,,,,,,,,,,,,,,,,,,,,,,,,,,,,,,,,,,,,,,,,,,,,,,,,,,,,,,,,,,,,,,,,,,,,,,,,,94,0,94,0,1,,,,,,,,,,,,,,,,,
,,,,,,,,,,,,,,,,,120,4,2024-09-06_13h38.38.181,Symbol-E,2020.1.3,Win32,Firefox,Mozilla/5.0 (Windows NT 10.0; Win64; x64; rv:129.0) Gecko/20100101 Firefox/129.0,60,,,,,,,,,,,,,,,,,,,,,,,,,,,,,,,,,,,,media/dinb.png,6,2,Symb,i,TR,0,0,1,0,8,0,95,0,1,1,1.093034849,i,1.249,6,1,,,,,,,,,,,,,,,,,,,,,,,,,,,,,,,,,,,,,,,,,,,,,,,,,,,,,,,,,,,,,,,,,,,,,,,,,,,,,,,,,,i,1,1.249,0,0,0,0,1,,,,,,,,,,,,,,,,,,,,,,
,,,,,,,,,,,,,,,,,120,4,2024-09-06_13h38.38.181,Symbol-E,2020.1.3,Win32,Firefox,Mozilla/5.0 (Windows NT 10.0; Win64; x64; rv:129.0) Gecko/20100101 Firefox/129.0,60,,,,,,,,,,,,,,,,,,,,,,,,,,,,,,,,,,,,,,,,,,,,,,,,,,,,,,,,,,,,,,,,,,,,,,,,,,,,,,,,,,,,,,,,,,,,,,,,,,,,,,,,,,,,,,,,,,,,,,,,,,,,,,,,,,,,,,,,,,,,,,,,,,95,0,95,0,1,,,,,,,,,,,,,,,,,
,,,,,,,,,,,,,,,,,120,4,2024-09-06_13h38.38.181,Symbol-E,2020.1.3,Win32,Firefox,Mozilla/5.0 (Windows NT 10.0; Win64; x64; rv:129.0) Gecko/20100101 Firefox/129.0,60,,,,,,,,,,,,,,,,,,,,,,,,,,,,,,,,,,,,,,,,,,,,,,,,,,,,,,,,,,,,,,,,,,,,,,,,,,,,,,,,,,,,,,,,,,,,,,,,,,,,,,,,,,,,,,,,,,,,,,,,,,,,,,,,,,,,,,,,,,,,,,,,,,,,,,,,,,,,0,0,0,0,1,,,,,,,
,,,,,,,,,,,,,,,,,120,4,2024-09-06_13h38.38.181,Symbol-E,2020.1.3,Win32,Firefox,Mozilla/5.0 (Windows NT 10.0; Win64; x64; rv:129.0) Gecko/20100101 Firefox/129.0,60,,,,,,,,,,,,,,,,,,,,,,,,,,,,,,,,,,,,media/ddnb.png,5,1,Symb,u,TR,0,0,1,0,8,0,0,0,1,2,0.663026827,h,1.27,4,0,,,,,,,,,,,,,,,,h,0.782,,,,,,,,,,,,,,,,,,,,,,,,,,,,,,,,,,,,,,,,,,,,,,,,,,,,,,,,,,,,,,,,,h,0,1.27,0,0,0,0,1,,,,,,,,,,,,,,,,,,,,,,
,,,,,,,,,,,,,,,,,120,4,2024-09-06_13h38.38.181,Symbol-E,2020.1.3,Win32,Firefox,Mozilla/5.0 (Windows NT 10.0; Win64; x64; rv:129.0) Gecko/20100101 Firefox/129.0,60,,,,,,,,,,,,,,,,,,,,,,,,,,,,,,,,,,,,,,,,,,,,,,,,,,,,,,,,,,,,,,,,,,,,,,,,,,,,,,,,,,,,,,,,,,,,,,,,,,,,,,,,,,,,,,,,,,,,,,,,,,,,,,,,,,,,,,,,,,,,,,,,,,0,0,0,0,1,,,,,,,,,,,,,,,,,
,,,,,,,,,,,,,,,,,120,4,2024-09-06_13h38.38.181,Symbol-E,2020.1.3,Win32,Firefox,Mozilla/5.0 (Windows NT 10.0; Win64; x64; rv:129.0) Gecko/20100101 Firefox/129.0,60,,,,,,,,,,,,,,,,,,,,,,,,,,,,,,,,,,,,media/djnb.png,0,0,Symb,a,TR,0,0,1,0,8,0,1,0,1,2,0.10924331,u,1.286,5,0,,,,,,,,,,,,,,,,,,,,,,,,,,,,,,,,,,,,,,,,,,,,,,,,,,,,,,,,,,,,,,,,,,,,,,,,,,,,,,,,,,u,0,1.286,0,0,0,0,1,,,,,,,,,,,,,,,,,,,,,,
,,,,,,,,,,,,,,,,,120,4,2024-09-06_13h38.38.181,Symbol-E,2020.1.3,Win32,Firefox,Mozilla/5.0 (Windows NT 10.0; Win64; x64; rv:129.0) Gecko/20100101 Firefox/129.0,60,,,,,,,,,,,,,,,,,,,,,,,,,,,,,,,,,,,,,,,,,,,,,,,,,,,,,,,,,,,,,,,,,,,,,,,,,,,,,,,,,,,,,,,,,,,,,,,,,,,,,,,,,,,,,,,,,,,,,,,,,,,,,,,,,,,,,,,,,,,,,,,,,,1,0,1,0,1,,,,,,,,,,,,,,,,,
,,,,,,,,,,,,,,,,,120,4,2024-09-06_13h38.38.181,Symbol-E,2020.1.3,Win32,Firefox,Mozilla/5.0 (Windows NT 10.0; Win64; x64; rv:129.0) Gecko/20100101 Firefox/129.0,60,,,,,,,,,,,,,,,,,,,,,,,,,,,,,,,,,,,,media/dcnb.png,4,0,Symb,h,TR,0,0,1,0,8,0,2,0,1,2,0.705762216,h,1.352,4,1,,,,,,,,,,,,,,,,,,,,,,,,,,,,,,,,,,,,,,,,,,,,,,,,,,,,,,,,,,,,,,,,,,,,,,,,,,,,,,,,,,h,1,1.352,0,0,0,0,1,,,,,,,,,,,,,,,,,,,,,,
,,,,,,,,,,,,,,,,,120,4,2024-09-06_13h38.38.181,Symbol-E,2020.1.3,Win32,Firefox,Mozilla/5.0 (Windows NT 10.0; Win64; x64; rv:129.0) Gecko/20100101 Firefox/129.0,60,,,,,,,,,,,,,,,,,,,,,,,,,,,,,,,,,,,,,,,,,,,,,,,,,,,,,,,,,,,,,,,,,,,,,,,,,,,,,,,,,,,,,,,,,,,,,,,,,,,,,,,,,,,,,,,,,,,,,,,,,,,,,,,,,,,,,,,,,,,,,,,,,,2,0,2,0,1,,,,,,,,,,,,,,,,,
,,,,,,,,,,,,,,,,,120,4,2024-09-06_13h38.38.181,Symbol-E,2020.1.3,Win32,Firefox,Mozilla/5.0 (Windows NT 10.0; Win64; x64; rv:129.0) Gecko/20100101 Firefox/129.0,60,,,,,,,,,,,,,,,,,,,,,,,,,,,,,,,,,,,,media/dfnb.png,1,1,Symb,w,TR,0,0,1,0,8,0,3,0,1,2,1.041685246,w,1.277,1,1,,,,,,,,,,,,,,,,,,,,,,,,,,,,,,,,,,,,,,,,,,,,,,,,,,,,,,,,,,,,,,,,,,,,,,,,,,,,,,,,,,w,1,1.277,0,0,0,0,1,,,,,,,,,,,,,,,,,,,,,,
,,,,,,,,,,,,,,,,,120,4,2024-09-06_13h38.38.181,Symbol-E,2020.1.3,Win32,Firefox,Mozilla/5.0 (Windows NT 10.0; Win64; x64; rv:129.0) Gecko/20100101 Firefox/129.0,60,,,,,,,,,,,,,,,,,,,,,,,,,,,,,,,,,,,,,,,,,,,,,,,,,,,,,,,,,,,,,,,,,,,,,,,,,,,,,,,,,,,,,,,,,,,,,,,,,,,,,,,,,,,,,,,,,,,,,,,,,,,,,,,,,,,,,,,,,,,,,,,,,,3,0,3,0,1,,,,,,,,,,,,,,,,,
,,,,,,,,,,,,,,,,,120,4,2024-09-06_13h38.38.181,Symbol-E,2020.1.3,Win32,Firefox,Mozilla/5.0 (Windows NT 10.0; Win64; x64; rv:129.0) Gecko/20100101 Firefox/129.0,60,,,,,,,,,,,,,,,,,,,,,,,,,,,,,,,,,,,,media/dmnb.png,7,3,Symb,l,TR,0,0,1,0,8,0,4,0,1,2,0.914119379,l,1.251,7,1,,,,,,,,,,,,,,,,,,,,,,,,,,,,,,,,,,,,,,,,,,,,,,,,,,,,,,,,,,,,,,,,,,,,,,,,,,,,,,,,,,l,1,1.251,0,0,0,0,1,,,,,,,,,,,,,,,,,,,,,,
,,,,,,,,,,,,,,,,,120,4,2024-09-06_13h38.38.181,Symbol-E,2020.1.3,Win32,Firefox,Mozilla/5.0 (Windows NT 10.0; Win64; x64; rv:129.0) Gecko/20100101 Firefox/129.0,60,,,,,,,,,,,,,,,,,,,,,,,,,,,,,,,,,,,,,,,,,,,,,,,,,,,,,,,,,,,,,,,,,,,,,,,,,,,,,,,,,,,,,,,,,,,,,,,,,,,,,,,,,,,,,,,,,,,,,,,,,,,,,,,,,,,,,,,,,,,,,,,,,,4,0,4,0,1,,,,,,,,,,,,,,,,,
,,,,,,,,,,,,,,,,,120,4,2024-09-06_13h38.38.181,Symbol-E,2020.1.3,Win32,Firefox,Mozilla/5.0 (Windows NT 10.0; Win64; x64; rv:129.0) Gecko/20100101 Firefox/129.0,60,,,,,,,,,,,,,,,,,,,,,,,,,,,,,,,,,,,,media/dgnb.png,3,3,Symb,f,TR,0,0,1,0,8,0,5,0,1,2,0.090668977,u,1.482,5,0,,,,,,,,,,,,,,,,,,,,,,,,,,,,,,,,,,,,,,,,,,,,,,,,,,,,,,,,,,,,,,,,,,,,,,,,,,,,,,,,,,u,0,1.482,0,0,0,0,1,,,,,,,,,,,,,,,,,,,,,,
,,,,,,,,,,,,,,,,,120,4,2024-09-06_13h38.38.181,Symbol-E,2020.1.3,Win32,Firefox,Mozilla/5.0 (Windows NT 10.0; Win64; x64; rv:129.0) Gecko/20100101 Firefox/129.0,60,,,,,,,,,,,,,,,,,,,,,,,,,,,,,,,,,,,,,,,,,,,,,,,,,,,,,,,,,,,,,,,,,,,,,,,,,,,,,,,,,,,,,,,,,,,,,,,,,,,,,,,,,,,,,,,,,,,,,,,,,,,,,,,,,,,,,,,,,,,,,,,,,,5,0,5,0,1,,,,,,,,,,,,,,,,,
,,,,,,,,,,,,,,,,,120,4,2024-09-06_13h38.38.181,Symbol-E,2020.1.3,Win32,Firefox,Mozilla/5.0 (Windows NT 10.0; Win64; x64; rv:129.0) Gecko/20100101 Firefox/129.0,60,,,,,,,,,,,,,,,,,,,,,,,,,,,,,,,,,,,,media/dnnb.png,2,2,Symb,e,TR,0,0,1,0,8,0,6,0,1,2,0.1320328,f,1.419,3,0,,,,,,,,,,,,,,,,,,,,,,,,,,,,,,,,,,,,,,,,,,,,,,,,,,,,,,,,,,,,,,,,,,,,,,,,,,,,,,,,,,f,0,1.419,0,0,0,0,1,,,,,,,,,,,,,,,,,,,,,,
,,,,,,,,,,,,,,,,,120,4,2024-09-06_13h38.38.181,Symbol-E,2020.1.3,Win32,Firefox,Mozilla/5.0 (Windows NT 10.0; Win64; x64; rv:129.0) Gecko/20100101 Firefox/129.0,60,,,,,,,,,,,,,,,,,,,,,,,,,,,,,,,,,,,,,,,,,,,,,,,,,,,,,,,,,,,,,,,,,,,,,,,,,,,,,,,,,,,,,,,,,,,,,,,,,,,,,,,,,,,,,,,,,,,,,,,,,,,,,,,,,,,,,,,,,,,,,,,,,,6,0,6,0,1,,,,,,,,,,,,,,,,,
,,,,,,,,,,,,,,,,,120,4,2024-09-06_13h38.38.181,Symbol-E,2020.1.3,Win32,Firefox,Mozilla/5.0 (Windows NT 10.0; Win64; x64; rv:129.0) Gecko/20100101 Firefox/129.0,60,,,,,,,,,,,,,,,,,,,,,,,,,,,,,,,,,,,,media/ddnb.png,5,1,Symb,u,TR,0,0,1,0,8,0,7,0,1,2,0.955782691,u,1.267,5,1,,,,,,,,,,,,,,,,,,,,,,,,,,,,,,,,,,,,,,,,,,,,,,,,,,,,,,,,,,,,,,,,,,,,,,,,,,,,,,,,,,u,1,1.267,0,0,0,0,1,,,,,,,,,,,,,,,,,,,,,,
,,,,,,,,,,,,,,,,,120,4,2024-09-06_13h38.38.181,Symbol-E,2020.1.3,Win32,Firefox,Mozilla/5.0 (Windows NT 10.0; Win64; x64; rv:129.0) Gecko/20100101 Firefox/129.0,60,,,,,,,,,,,,,,,,,,,,,,,,,,,,,,,,,,,,,,,,,,,,,,,,,,,,,,,,,,,,,,,,,,,,,,,,,,,,,,,,,,,,,,,,,,,,,,,,,,,,,,,,,,,,,,,,,,,,,,,,,,,,,,,,,,,,,,,,,,,,,,,,,,7,0,7,0,1,,,,,,,,,,,,,,,,,
,,,,,,,,,,,,,,,,,120,4,2024-09-06_13h38.38.181,Symbol-E,2020.1.3,Win32,Firefox,Mozilla/5.0 (Windows NT 10.0; Win64; x64; rv:129.0) Gecko/20100101 Firefox/129.0,60,,,,,,,,,,,,,,,,,,,,,,,,,,,,,,,,,,,,media/dinb.png,6,2,Symb,i,TR,0,0,1,0,8,0,8,0,1,2,0.117450208,a,99,8,0,,,,,,,,,,,,,,,,,,,,h,0.728,,,,,,,,,,,,,,,,,,,,,,,,,,,,,,,,,,,,,,,,,,,,,,,,,,,,,,,,,,,,,,0,,,,,,,,,,,,0,0,0,0,1,,,,,,,,,,,,
,,,,,,,,,,,,,,,,,120,4,2024-09-06_13h38.38.181,Symbol-E,2020.1.3,Win32,Firefox,Mozilla/5.0 (Windows NT 10.0; Win64; x64; rv:129.0) Gecko/20100101 Firefox/129.0,60,,,,,,,,,,,,,,,,,,,,,,,,,,,,,,,,,,,,,,,,,,,,,,,,,,,,,,,,,,,,,,,,,,,,,,,,,,,,,,,,,,,,,,,,,,,,,,,,,,,,,,,,,,,,,,,,,,,,,,,,,,,,,,,,,,,,,,,,,,,,,,,,,,8,0,8,0,1,,,,,,,,,,,,,,,,,
,,,,,,,,,,,,,,,,,120,4,2024-09-06_13h38.38.181,Symbol-E,2020.1.3,Win32,Firefox,Mozilla/5.0 (Windows NT 10.0; Win64; x64; rv:129.0) Gecko/20100101 Firefox/129.0,60,,,,,,,,,,,,,,,,,,,,,,,,,,,,,,,,,,,,media/dgnb.png,3,3,Symb,f,TR,0,0,1,0,8,0,9,0,1,2,0.640017447,f,1.436,3,1,,,,,,,,,,,,,,,,,,,,,,,,,,,,,,,,,,,,,,,,,,,,,,,,,,,,,,,,,,,,,,,,,,,,,,,,,,,,,,,,,,f,1,1.436,0,0,0,0,1,,,,,,,,,,,,,,,,,,,,,,
,,,,,,,,,,,,,,,,,120,4,2024-09-06_13h38.38.181,Symbol-E,2020.1.3,Win32,Firefox,Mozilla/5.0 (Windows NT 10.0; Win64; x64; rv:129.0) Gecko/20100101 Firefox/129.0,60,,,,,,,,,,,,,,,,,,,,,,,,,,,,,,,,,,,,,,,,,,,,,,,,,,,,,,,,,,,,,,,,,,,,,,,,,,,,,,,,,,,,,,,,,,,,,,,,,,,,,,,,,,,,,,,,,,,,,,,,,,,,,,,,,,,,,,,,,,,,,,,,,,9,0,9,0,1,,,,,,,,,,,,,,,,,
,,,,,,,,,,,,,,,,,120,4,2024-09-06_13h38.38.181,Symbol-E,2020.1.3,Win32,Firefox,Mozilla/5.0 (Windows NT 10.0; Win64; x64; rv:129.0) Gecko/20100101 Firefox/129.0,60,,,,,,,,,,,,,,,,,,,,,,,,,,,,,,,,,,,,media/dfnb.png,1,1,Symb,w,TR,0,0,1,0,8,0,10,0,1,2,0.15953642,e,1.379,2,0,,,,,,,,,,,,,,,,,,,,,,,,,,,,,,,,,,,,,,,,,,,,,,,,,,,,,,,,,,,,,,,,,,,,,,,,,,,,,,,,,,e,0,1.379,0,0,0,0,1,,,,,,,,,,,,,,,,,,,,,,
,,,,,,,,,,,,,,,,,120,4,2024-09-06_13h38.38.181,Symbol-E,2020.1.3,Win32,Firefox,Mozilla/5.0 (Windows NT 10.0; Win64; x64; rv:129.0) Gecko/20100101 Firefox/129.0,60,,,,,,,,,,,,,,,,,,,,,,,,,,,,,,,,,,,,,,,,,,,,,,,,,,,,,,,,,,,,,,,,,,,,,,,,,,,,,,,,,,,,,,,,,,,,,,,,,,,,,,,,,,,,,,,,,,,,,,,,,,,,,,,,,,,,,,,,,,,,,,,,,,10,0,10,0,1,,,,,,,,,,,,,,,,,
,,,,,,,,,,,,,,,,,120,4,2024-09-06_13h38.38.181,Symbol-E,2020.1.3,Win32,Firefox,Mozilla/5.0 (Windows NT 10.0; Win64; x64; rv:129.0) Gecko/20100101 Firefox/129.0,60,,,,,,,,,,,,,,,,,,,,,,,,,,,,,,,,,,,,media/dinb.png,6,2,Symb,i,TR,0,0,1,0,8,0,11,0,1,2,0.085352522,a,99,8,0,,,,,,,,,,,,,,,,,,,,h,0.619,,,,,,,,,,,,,,,,,,,,,,,,,,,,,,,,,,,,,,,,,,,,,,,,,,,,,,,,,,,,,,0,,,,,,,,,,,,0,0,0,0,1,,,,,,,,,,,,
,,,,,,,,,,,,,,,,,120,4,2024-09-06_13h38.38.181,Symbol-E,2020.1.3,Win32,Firefox,Mozilla/5.0 (Windows NT 10.0; Win64; x64; rv:129.0) Gecko/20100101 Firefox/129.0,60,,,,,,,,,,,,,,,,,,,,,,,,,,,,,,,,,,,,,,,,,,,,,,,,,,,,,,,,,,,,,,,,,,,,,,,,,,,,,,,,,,,,,,,,,,,,,,,,,,,,,,,,,,,,,,,,,,,,,,,,,,,,,,,,,,,,,,,,,,,,,,,,,,11,0,11,0,1,,,,,,,,,,,,,,,,,
,,,,,,,,,,,,,,,,,120,4,2024-09-06_13h38.38.181,Symbol-E,2020.1.3,Win32,Firefox,Mozilla/5.0 (Windows NT 10.0; Win64; x64; rv:129.0) Gecko/20100101 Firefox/129.0,60,,,,,,,,,,,,,,,,,,,,,,,,,,,,,,,,,,,,media/dmnb.png,7,3,Symb,l,TR,0,0,1,0,8,0,12,0,1,2,0.231685012,a,99,8,0,,,,,,,,,,,,,,,,,,,,h,0.289,,,,,,,,,,,,,,,,,,,,,,,,,,,,,,,,,,,,,,,,,,,,,,,,,,,,,,,,,,,,,,0,,,,,,,,,,,,0,0,0,0,1,,,,,,,,,,,,
,,,,,,,,,,,,,,,,,120,4,2024-09-06_13h38.38.181,Symbol-E,2020.1.3,Win32,Firefox,Mozilla/5.0 (Windows NT 10.0; Win64; x64; rv:129.0) Gecko/20100101 Firefox/129.0,60,,,,,,,,,,,,,,,,,,,,,,,,,,,,,,,,,,,,,,,,,,,,,,,,,,,,,,,,,,,,,,,,,,,,,,,,,,,,,,,,,,,,,,,,,,,,,,,,,,,,,,,,,,,,,,,,,,,,,,,,,,,,,,,,,,,,,,,,,,,,,,,,,,12,0,12,0,1,,,,,,,,,,,,,,,,,
,,,,,,,,,,,,,,,,,120,4,2024-09-06_13h38.38.181,Symbol-E,2020.1.3,Win32,Firefox,Mozilla/5.0 (Windows NT 10.0; Win64; x64; rv:129.0) Gecko/20100101 Firefox/129.0,60,,,,,,,,,,,,,,,,,,,,,,,,,,,,,,,,,,,,media/dnnb.png,2,2,Symb,e,TR,0,0,1,0,8,0,13,0,1,2,0.09999349,a,99,8,0,,,,,,,,,,,,,,,,,,,,h,0.461,,,,,,,,,,,,,,,,,,,,,,,,,,,,,,,,,,,,,,,,,,,,,,,,,,,,,,,,,,,,,,0,,,,,,,,,,,,0,0,0,0,1,,,,,,,,,,,,
,,,,,,,,,,,,,,,,,120,4,2024-09-06_13h38.38.181,Symbol-E,2020.1.3,Win32,Firefox,Mozilla/5.0 (Windows NT 10.0; Win64; x64; rv:129.0) Gecko/20100101 Firefox/129.0,60,,,,,,,,,,,,,,,,,,,,,,,,,,,,,,,,,,,,,,,,,,,,,,,,,,,,,,,,,,,,,,,,,,,,,,,,,,,,,,,,,,,,,,,,,,,,,,,,,,,,,,,,,,,,,,,,,,,,,,,,,,,,,,,,,,,,,,,,,,,,,,,,,,13,0,13,0,1,,,,,,,,,,,,,,,,,
,,,,,,,,,,,,,,,,,120,4,2024-09-06_13h38.38.181,Symbol-E,2020.1.3,Win32,Firefox,Mozilla/5.0 (Windows NT 10.0; Win64; x64; rv:129.0) Gecko/20100101 Firefox/129.0,60,,,,,,,,,,,,,,,,,,,,,,,,,,,,,,,,,,,,media/dcnb.png,4,0,Symb,h,TR,0,0,1,0,8,0,14,0,1,2,0.893398081,a,1.201,0,0,,,,,,,,,,,,,,,,,,,,,,,,,,,,,,,,,,,,,,,,,,,,,,,,,,,,,,,,,,,,,,,,,,,,,,,,,,,,,,,,,,a,0,1.201,0,0,0,0,1,,,,,,,,,,,,,,,,,,,,,,
,,,,,,,,,,,,,,,,,120,4,2024-09-06_13h38.38.181,Symbol-E,2020.1.3,Win32,Firefox,Mozilla/5.0 (Windows NT 10.0; Win64; x64; rv:129.0) Gecko/20100101 Firefox/129.0,60,,,,,,,,,,,,,,,,,,,,,,,,,,,,,,,,,,,,,,,,,,,,,,,,,,,,,,,,,,,,,,,,,,,,,,,,,,,,,,,,,,,,,,,,,,,,,,,,,,,,,,,,,,,,,,,,,,,,,,,,,,,,,,,,,,,,,,,,,,,,,,,,,,14,0,14,0,1,,,,,,,,,,,,,,,,,
,,,,,,,,,,,,,,,,,120,4,2024-09-06_13h38.38.181,Symbol-E,2020.1.3,Win32,Firefox,Mozilla/5.0 (Windows NT 10.0; Win64; x64; rv:129.0) Gecko/20100101 Firefox/129.0,60,,,,,,,,,,,,,,,,,,,,,,,,,,,,,,,,,,,,media/djnb.png,0,0,Symb,a,TR,0,0,1,0,8,0,15,0,1,2,0.600714199,a,1.291,0,1,,,,,,,,,,,,,,,,,,,,,,,,,,,,,,,,,,,,,,,,,,,,,,,,,,,,,,,,,,,,,,,,,,,,,,,,,,,,,,,,,,a,1,1.291,0,0,0,0,1,,,,,,,,,,,,,,,,,,,,,,
,,,,,,,,,,,,,,,,,120,4,2024-09-06_13h38.38.181,Symbol-E,2020.1.3,Win32,Firefox,Mozilla/5.0 (Windows NT 10.0; Win64; x64; rv:129.0) Gecko/20100101 Firefox/129.0,60,,,,,,,,,,,,,,,,,,,,,,,,,,,,,,,,,,,,,,,,,,,,,,,,,,,,,,,,,,,,,,,,,,,,,,,,,,,,,,,,,,,,,,,,,,,,,,,,,,,,,,,,,,,,,,,,,,,,,,,,,,,,,,,,,,,,,,,,,,,,,,,,,,15,0,15,0,1,,,,,,,,,,,,,,,,,
,,,,,,,,,,,,,,,,,120,4,2024-09-06_13h38.38.181,Symbol-E,2020.1.3,Win32,Firefox,Mozilla/5.0 (Windows NT 10.0; Win64; x64; rv:129.0) Gecko/20100101 Firefox/129.0,60,,,,,,,,,,,,,,,,,,,,,,,,,,,,,,,,,,,,media/djnb.png,0,0,Symb,a,TR,0,0,1,0,8,0,16,0,1,2,0.330986056,h,1.367,4,0,,,,,,,,,,,,,,,,,,,,,,,,,,,,,,,,,,,,,,,,,,,,,,,,,,,,,,,,,,,,,,,,,,,,,,,,,,,,,,,,,,h,0,1.367,0,0,0,0,1,,,,,,,,,,,,,,,,,,,,,,
,,,,,,,,,,,,,,,,,120,4,2024-09-06_13h38.38.181,Symbol-E,2020.1.3,Win32,Firefox,Mozilla/5.0 (Windows NT 10.0; Win64; x64; rv:129.0) Gecko/20100101 Firefox/129.0,60,,,,,,,,,,,,,,,,,,,,,,,,,,,,,,,,,,,,,,,,,,,,,,,,,,,,,,,,,,,,,,,,,,,,,,,,,,,,,,,,,,,,,,,,,,,,,,,,,,,,,,,,,,,,,,,,,,,,,,,,,,,,,,,,,,,,,,,,,,,,,,,,,,16,0,16,0,1,,,,,,,,,,,,,,,,,
,,,,,,,,,,,,,,,,,120,4,2024-09-06_13h38.38.181,Symbol-E,2020.1.3,Win32,Firefox,Mozilla/5.0 (Windows NT 10.0; Win64; x64; rv:129.0) Gecko/20100101 Firefox/129.0,60,,,,,,,,,,,,,,,,,,,,,,,,,,,,,,,,,,,,media/dgnb.png,3,3,Symb,f,TR,0,0,1,0,8,0,17,0,1,2,1.150659709,f,1.243,3,1,,,,,,,,,,,,,,,,,,,,,,,,,,,,,,,,,,,,,,,,,,,,,,,,,,,,,,,,,,,,,,,,,,,,,,,,,,,,,,,,,,f,1,1.243,0,0,0,0,1,,,,,,,,,,,,,,,,,,,,,,
,,,,,,,,,,,,,,,,,120,4,2024-09-06_13h38.38.181,Symbol-E,2020.1.3,Win32,Firefox,Mozilla/5.0 (Windows NT 10.0; Win64; x64; rv:129.0) Gecko/20100101 Firefox/129.0,60,,,,,,,,,,,,,,,,,,,,,,,,,,,,,,,,,,,,,,,,,,,,,,,,,,,,,,,,,,,,,,,,,,,,,,,,,,,,,,,,,,,,,,,,,,,,,,,,,,,,,,,,,,,,,,,,,,,,,,,,,,,,,,,,,,,,,,,,,,,,,,,,,,17,0,17,0,1,,,,,,,,,,,,,,,,,
,,,,,,,,,,,,,,,,,120,4,2024-09-06_13h38.38.181,Symbol-E,2020.1.3,Win32,Firefox,Mozilla/5.0 (Windows NT 10.0; Win64; x64; rv:129.0) Gecko/20100101 Firefox/129.0,60,,,,,,,,,,,,,,,,,,,,,,,,,,,,,,,,,,,,media/dfnb.png,1,1,Symb,w,TR,0,0,1,0,8,0,18,0,1,2,0.052863132,w,1.37,1,1,,,,,,,,,,,,,,,,,,,,,,,,,,,,,,,,,,,,,,,,,,,,,,,,,,,,,,,,,,,,,,,,,,,,,,,,,,,,,,,,,,w,1,1.37,0,0,0,0,1,,,,,,,,,,,,,,,,,,,,,,
,,,,,,,,,,,,,,,,,120,4,2024-09-06_13h38.38.181,Symbol-E,2020.1.3,Win32,Firefox,Mozilla/5.0 (Windows NT 10.0; Win64; x64; rv:129.0) Gecko/20100101 Firefox/129.0,60,,,,,,,,,,,,,,,,,,,,,,,,,,,,,,,,,,,,,,,,,,,,,,,,,,,,,,,,,,,,,,,,,,,,,,,,,,,,,,,,,,,,,,,,,,,,,,,,,,,,,,,,,,,,,,,,,,,,,,,,,,,,,,,,,,,,,,,,,,,,,,,,,,18,0,18,0,1,,,,,,,,,,,,,,,,,
,,,,,,,,,,,,,,,,,120,4,2024-09-06_13h38.38.181,Symbol-E,2020.1.3,Win32,Firefox,Mozilla/5.0 (Windows NT 10.0; Win64; x64; rv:129.0) Gecko/20100101 Firefox/129.0,60,,,,,,,,,,,,,,,,,,,,,,,,,,,,,,,,,,,,media/dnnb.png,2,2,Symb,e,TR,0,0,1,0,8,0,19,0,1,2,0.796199614,e,1.21,2,1,,,,,,,,,,,,,,,,,,,,,,,,,,,,,,,,,,,,,,,,,,,,,,,,,,,,,,,,,,,,,,,,,,,,,,,,,,,,,,,,,,e,1,1.21,0,0,0,0,1,,,,,,,,,,,,,,,,,,,,,,
,,,,,,,,,,,,,,,,,120,4,2024-09-06_13h38.38.181,Symbol-E,2020.1.3,Win32,Firefox,Mozilla/5.0 (Windows NT 10.0; Win64; x64; rv:129.0) Gecko/20100101 Firefox/129.0,60,,,,,,,,,,,,,,,,,,,,,,,,,,,,,,,,,,,,,,,,,,,,,,,,,,,,,,,,,,,,,,,,,,,,,,,,,,,,,,,,,,,,,,,,,,,,,,,,,,,,,,,,,,,,,,,,,,,,,,,,,,,,,,,,,,,,,,,,,,,,,,,,,,19,0,19,0,1,,,,,,,,,,,,,,,,,
,,,,,,,,,,,,,,,,,120,4,2024-09-06_13h38.38.181,Symbol-E,2020.1.3,Win32,Firefox,Mozilla/5.0 (Windows NT 10.0; Win64; x64; rv:129.0) Gecko/20100101 Firefox/129.0,60,,,,,,,,,,,,,,,,,,,,,,,,,,,,,,,,,,,,media/dinb.png,6,2,Symb,i,TR,0,0,1,0,8,0,20,0,1,2,0.867628391,i,1.218,6,1,,,,,,,,,,,,,,,,,,,,,,,,,,,,,,,,,,,,,,,,,,,,,,,,,,,,,,,,,,,,,,,,,,,,,,,,,,,,,,,,,,i,1,1.218,0,0,0,0,1,,,,,,,,,,,,,,,,,,,,,,
,,,,,,,,,,,,,,,,,120,4,2024-09-06_13h38.38.181,Symbol-E,2020.1.3,Win32,Firefox,Mozilla/5.0 (Windows NT 10.0; Win64; x64; rv:129.0) Gecko/20100101 Firefox/129.0,60,,,,,,,,,,,,,,,,,,,,,,,,,,,,,,,,,,,,,,,,,,,,,,,,,,,,,,,,,,,,,,,,,,,,,,,,,,,,,,,,,,,,,,,,,,,,,,,,,,,,,,,,,,,,,,,,,,,,,,,,,,,,,,,,,,,,,,,,,,,,,,,,,,20,0,20,0,1,,,,,,,,,,,,,,,,,
,,,,,,,,,,,,,,,,,120,4,2024-09-06_13h38.38.181,Symbol-E,2020.1.3,Win32,Firefox,Mozilla/5.0 (Windows NT 10.0; Win64; x64; rv:129.0) Gecko/20100101 Firefox/129.0,60,,,,,,,,,,,,,,,,,,,,,,,,,,,,,,,,,,,,media/dinb.png,6,2,Symb,i,TR,0,0,1,0,8,0,21,0,1,2,0.500694733,u,1.268,5,0,,,,,,,,,,,,,,,,,,,,,,,,,,,,,,,,,,,,,,,,,,,,,,,,,,,,,,,,,,,,,,,,,,,,,,,,,,,,,,,,,,u,0,1.268,0,0,0,0,1,,,,,,,,,,,,,,,,,,,,,,
,,,,,,,,,,,,,,,,,120,4,2024-09-06_13h38.38.181,Symbol-E,2020.1.3,Win32,Firefox,Mozilla/5.0 (Windows NT 10.0; Win64; x64; rv:129.0) Gecko/20100101 Firefox/129.0,60,,,,,,,,,,,,,,,,,,,,,,,,,,,,,,,,,,,,,,,,,,,,,,,,,,,,,,,,,,,,,,,,,,,,,,,,,,,,,,,,,,,,,,,,,,,,,,,,,,,,,,,,,,,,,,,,,,,,,,,,,,,,,,,,,,,,,,,,,,,,,,,,,,21,0,21,0,1,,,,,,,,,,,,,,,,,
,,,,,,,,,,,,,,,,,120,4,2024-09-06_13h38.38.181,Symbol-E,2020.1.3,Win32,Firefox,Mozilla/5.0 (Windows NT 10.0; Win64; x64; rv:129.0) Gecko/20100101 Firefox/129.0,60,,,,,,,,,,,,,,,,,,,,,,,,,,,,,,,,,,,,media/dmnb.png,7,3,Symb,l,TR,0,0,1,0,8,0,22,0,1,2,0.806846857,u,1.2,5,0,,,,,,,,,,,,,,,,,,,,,,,,,,,,,,,,,,,,,,,,,,,,,,,,,,,,,,,,,,,,,,,,,,,,,,,,,,,,,,,,,,u,0,1.2,0,0,0,0,1,,,,,,,,,,,,,,,,,,,,,,
,,,,,,,,,,,,,,,,,120,4,2024-09-06_13h38.38.181,Symbol-E,2020.1.3,Win32,Firefox,Mozilla/5.0 (Windows NT 10.0; Win64; x64; rv:129.0) Gecko/20100101 Firefox/129.0,60,,,,,,,,,,,,,,,,,,,,,,,,,,,,,,,,,,,,,,,,,,,,,,,,,,,,,,,,,,,,,,,,,,,,,,,,,,,,,,,,,,,,,,,,,,,,,,,,,,,,,,,,,,,,,,,,,,,,,,,,,,,,,,,,,,,,,,,,,,,,,,,,,,22,0,22,0,1,,,,,,,,,,,,,,,,,
,,,,,,,,,,,,,,,,,120,4,2024-09-06_13h38.38.181,Symbol-E,2020.1.3,Win32,Firefox,Mozilla/5.0 (Windows NT 10.0; Win64; x64; rv:129.0) Gecko/20100101 Firefox/129.0,60,,,,,,,,,,,,,,,,,,,,,,,,,,,,,,,,,,,,media/ddnb.png,5,1,Symb,u,TR,0,0,1,0,8,0,23,0,1,2,0.425173924,u,1.22,5,1,,,,,,,,,,,,,,,,,,,,,,,,,,,,,,,,,,,,,,,,,,,,,,,,,,,,,,,,,,,,,,,,,,,,,,,,,,,,,,,,,,u,1,1.22,0,0,0,0,1,,,,,,,,,,,,,,,,,,,,,,
,,,,,,,,,,,,,,,,,120,4,2024-09-06_13h38.38.181,Symbol-E,2020.1.3,Win32,Firefox,Mozilla/5.0 (Windows NT 10.0; Win64; x64; rv:129.0) Gecko/20100101 Firefox/129.0,60,,,,,,,,,,,,,,,,,,,,,,,,,,,,,,,,,,,,,,,,,,,,,,,,,,,,,,,,,,,,,,,,,,,,,,,,,,,,,,,,,,,,,,,,,,,,,,,,,,,,,,,,,,,,,,,,,,,,,,,,,,,,,,,,,,,,,,,,,,,,,,,,,,23,0,23,0,1,,,,,,,,,,,,,,,,,
,,,,,,,,,,,,,,,,,120,4,2024-09-06_13h38.38.181,Symbol-E,2020.1.3,Win32,Firefox,Mozilla/5.0 (Windows NT 10.0; Win64; x64; rv:129.0) Gecko/20100101 Firefox/129.0,60,,,,,,,,,,,,,,,,,,,,,,,,,,,,,,,,,,,,media/djnb.png,0,0,Symb,a,TR,0,0,1,0,8,0,24,0,1,2,0.052035165,a,99,8,0,,,,,,,,,,,,,,,,,,,,h,0.572,,,,,,,,,,,,,,,,,,,,,,,,,,,,,,,,,,,,,,,,,,,,,,,,,,,,,,,,,,,,,,0,,,,,,,,,,,,0,0,0,0,1,,,,,,,,,,,,
,,,,,,,,,,,,,,,,,120,4,2024-09-06_13h38.38.181,Symbol-E,2020.1.3,Win32,Firefox,Mozilla/5.0 (Windows NT 10.0; Win64; x64; rv:129.0) Gecko/20100101 Firefox/129.0,60,,,,,,,,,,,,,,,,,,,,,,,,,,,,,,,,,,,,,,,,,,,,,,,,,,,,,,,,,,,,,,,,,,,,,,,,,,,,,,,,,,,,,,,,,,,,,,,,,,,,,,,,,,,,,,,,,,,,,,,,,,,,,,,,,,,,,,,,,,,,,,,,,,24,0,24,0,1,,,,,,,,,,,,,,,,,
,,,,,,,,,,,,,,,,,120,4,2024-09-06_13h38.38.181,Symbol-E,2020.1.3,Win32,Firefox,Mozilla/5.0 (Windows NT 10.0; Win64; x64; rv:129.0) Gecko/20100101 Firefox/129.0,60,,,,,,,,,,,,,,,,,,,,,,,,,,,,,,,,,,,,media/dcnb.png,4,0,Symb,h,TR,0,0,1,0,8,0,25,0,1,2,0.365402586,h,1.327,4,1,,,,,,,,,,,,,,,,,,,,,,,,,,,,,,,,,,,,,,,,,,,,,,,,,,,,,,,,,,,,,,,,,,,,,,,,,,,,,,,,,,h,1,1.327,0,0,0,0,1,,,,,,,,,,,,,,,,,,,,,,
,,,,,,,,,,,,,,,,,120,4,2024-09-06_13h38.38.181,Symbol-E,2020.1.3,Win32,Firefox,Mozilla/5.0 (Windows NT 10.0; Win64; x64; rv:129.0) Gecko/20100101 Firefox/129.0,60,,,,,,,,,,,,,,,,,,,,,,,,,,,,,,,,,,,,,,,,,,,,,,,,,,,,,,,,,,,,,,,,,,,,,,,,,,,,,,,,,,,,,,,,,,,,,,,,,,,,,,,,,,,,,,,,,,,,,,,,,,,,,,,,,,,,,,,,,,,,,,,,,,25,0,25,0,1,,,,,,,,,,,,,,,,,
,,,,,,,,,,,,,,,,,120,4,2024-09-06_13h38.38.181,Symbol-E,2020.1.3,Win32,Firefox,Mozilla/5.0 (Windows NT 10.0; Win64; x64; rv:129.0) Gecko/20100101 Firefox/129.0,60,,,,,,,,,,,,,,,,,,,,,,,,,,,,,,,,,,,,media/dcnb.png,4,0,Symb,h,TR,0,0,1,0,8,0,26,0,1,2,1.039556166,h,1.262,4,1,,,,,,,,,,,,,,,,,,,,,,,,,,,,,,,,,,,,,,,,,,,,,,,,,,,,,,,,,,,,,,,,,,,,,,,,,,,,,,,,,,h,1,1.262,0,0,0,0,1,,,,,,,,,,,,,,,,,,,,,,
,,,,,,,,,,,,,,,,,120,4,2024-09-06_13h38.38.181,Symbol-E,2020.1.3,Win32,Firefox,Mozilla/5.0 (Windows NT 10.0; Win64; x64; rv:129.0) Gecko/20100101 Firefox/129.0,60,,,,,,,,,,,,,,,,,,,,,,,,,,,,,,,,,,,,,,,,,,,,,,,,,,,,,,,,,,,,,,,,,,,,,,,,,,,,,,,,,,,,,,,,,,,,,,,,,,,,,,,,,,,,,,,,,,,,,,,,,,,,,,,,,,,,,,,,,,,,,,,,,,26,0,26,0,1,,,,,,,,,,,,,,,,,
,,,,,,,,,,,,,,,,,120,4,2024-09-06_13h38.38.181,Symbol-E,2020.1.3,Win32,Firefox,Mozilla/5.0 (Windows NT 10.0; Win64; x64; rv:129.0) Gecko/20100101 Firefox/129.0,60,,,,,,,,,,,,,,,,,,,,,,,,,,,,,,,,,,,,media/ddnb.png,5,1,Symb,u,TR,0,0,1,0,8,0,27,0,1,2,0.307469688,a,1.299,0,0,,,,,,,,,,,,,,,,,,,,,,,,,,,,,,,,,,,,,,,,,,,,,,,,,,,,,,,,,,,,,,,,,,,,,,,,,,,,,,,,,,a,0,1.299,0,0,0,0,1,,,,,,,,,,,,,,,,,,,,,,
,,,,,,,,,,,,,,,,,120,4,2024-09-06_13h38.38.181,Symbol-E,2020.1.3,Win32,Firefox,Mozilla/5.0 (Windows NT 10.0; Win64; x64; rv:129.0) Gecko/20100101 Firefox/129.0,60,,,,,,,,,,,,,,,,,,,,,,,,,,,,,,,,,,,,,,,,,,,,,,,,,,,,,,,,,,,,,,,,,,,,,,,,,,,,,,,,,,,,,,,,,,,,,,,,,,,,,,,,,,,,,,,,,,,,,,,,,,,,,,,,,,,,,,,,,,,,,,,,,,27,0,27,0,1,,,,,,,,,,,,,,,,,
,,,,,,,,,,,,,,,,,120,4,2024-09-06_13h38.38.181,Symbol-E,2020.1.3,Win32,Firefox,Mozilla/5.0 (Windows NT 10.0; Win64; x64; rv:129.0) Gecko/20100101 Firefox/129.0,60,,,,,,,,,,,,,,,,,,,,,,,,,,,,,,,,,,,,media/dgnb.png,3,3,Symb,f,TR,0,0,1,0,8,0,28,0,1,2,0.212339134,u,1.383,5,0,,,,,,,,,,,,,,,,,,,,,,,,,,,,,,,,,,,,,,,,,,,,,,,,,,,,,,,,,,,,,,,,,,,,,,,,,,,,,,,,,,u,0,1.383,0,0,0,0,1,,,,,,,,,,,,,,,,,,,,,,
,,,,,,,,,,,,,,,,,120,4,2024-09-06_13h38.38.181,Symbol-E,2020.1.3,Win32,Firefox,Mozilla/5.0 (Windows NT 10.0; Win64; x64; rv:129.0) Gecko/20100101 Firefox/129.0,60,,,,,,,,,,,,,,,,,,,,,,,,,,,,,,,,,,,,,,,,,,,,,,,,,,,,,,,,,,,,,,,,,,,,,,,,,,,,,,,,,,,,,,,,,,,,,,,,,,,,,,,,,,,,,,,,,,,,,,,,,,,,,,,,,,,,,,,,,,,,,,,,,,28,0,28,0,1,,,,,,,,,,,,,,,,,
,,,,,,,,,,,,,,,,,120,4,2024-09-06_13h38.38.181,Symbol-E,2020.1.3,Win32,Firefox,Mozilla/5.0 (Windows NT 10.0; Win64; x64; rv:129.0) Gecko/20100101 Firefox/129.0,60,,,,,,,,,,,,,,,,,,,,,,,,,,,,,,,,,,,,media/dmnb.png,7,3,Symb,l,TR,0,0,1,0,8,0,29,0,1,2,0.634842722,l,1.346,7,1,,,,,,,,,,,,,,,,,,,,,,,,,,,,,,,,,,,,,,,,,,,,,,,,,,,,,,,,,,,,,,,,,,,,,,,,,,,,,,,,,,l,1,1.346,0,0,0,0,1,,,,,,,,,,,,,,,,,,,,,,
,,,,,,,,,,,,,,,,,120,4,2024-09-06_13h38.38.181,Symbol-E,2020.1.3,Win32,Firefox,Mozilla/5.0 (Windows NT 10.0; Win64; x64; rv:129.0) Gecko/20100101 Firefox/129.0,60,,,,,,,,,,,,,,,,,,,,,,,,,,,,,,,,,,,,,,,,,,,,,,,,,,,,,,,,,,,,,,,,,,,,,,,,,,,,,,,,,,,,,,,,,,,,,,,,,,,,,,,,,,,,,,,,,,,,,,,,,,,,,,,,,,,,,,,,,,,,,,,,,,29,0,29,0,1,,,,,,,,,,,,,,,,,
,,,,,,,,,,,,,,,,,120,4,2024-09-06_13h38.38.181,Symbol-E,2020.1.3,Win32,Firefox,Mozilla/5.0 (Windows NT 10.0; Win64; x64; rv:129.0) Gecko/20100101 Firefox/129.0,60,,,,,,,,,,,,,,,,,,,,,,,,,,,,,,,,,,,,media/dnnb.png,2,2,Symb,e,TR,0,0,1,0,8,0,30,0,1,2,0.971813361,e,1.212,2,1,,,,,,,,,,,,,,,,,,,,,,,,,,,,,,,,,,,,,,,,,,,,,,,,,,,,,,,,,,,,,,,,,,,,,,,,,,,,,,,,,,e,1,1.212,0,0,0,0,1,,,,,,,,,,,,,,,,,,,,,,
,,,,,,,,,,,,,,,,,120,4,2024-09-06_13h38.38.181,Symbol-E,2020.1.3,Win32,Firefox,Mozilla/5.0 (Windows NT 10.0; Win64; x64; rv:129.0) Gecko/20100101 Firefox/129.0,60,,,,,,,,,,,,,,,,,,,,,,,,,,,,,,,,,,,,,,,,,,,,,,,,,,,,,,,,,,,,,,,,,,,,,,,,,,,,,,,,,,,,,,,,,,,,,,,,,,,,,,,,,,,,,,,,,,,,,,,,,,,,,,,,,,,,,,,,,,,,,,,,,,30,0,30,0,1,,,,,,,,,,,,,,,,,
,,,,,,,,,,,,,,,,,120,4,2024-09-06_13h38.38.181,Symbol-E,2020.1.3,Win32,Firefox,Mozilla/5.0 (Windows NT 10.0; Win64; x64; rv:129.0) Gecko/20100101 Firefox/129.0,60,,,,,,,,,,,,,,,,,,,,,,,,,,,,,,,,,,,,media/dfnb.png,1,1,Symb,w,TR,0,0,1,0,8,0,31,0,1,2,0.949210724,w,1.266,1,1,,,,,,,,,,,,,,,,,,,,,,,,,,,,,,,,,,,,,,,,,,,,,,,,,,,,,,,,,,,,,,,,,,,,,,,,,,,,,,,,,,w,1,1.266,0,0,0,0,1,,,,,,,,,,,,,,,,,,,,,,
,,,,,,,,,,,,,,,,,120,4,2024-09-06_13h38.38.181,Symbol-E,2020.1.3,Win32,Firefox,Mozilla/5.0 (Windows NT 10.0; Win64; x64; rv:129.0) Gecko/20100101 Firefox/129.0,60,,,,,,,,,,,,,,,,,,,,,,,,,,,,,,,,,,,,,,,,,,,,,,,,,,,,,,,,,,,,,,,,,,,,,,,,,,,,,,,,,,,,,,,,,,,,,,,,,,,,,,,,,,,,,,,,,,,,,,,,,,,,,,,,,,,,,,,,,,,,,,,,,,31,0,31,0,1,,,,,,,,,,,,,,,,,
,,,,,,,,,,,,,,,,,120,4,2024-09-06_13h38.38.181,Symbol-E,2020.1.3,Win32,Firefox,Mozilla/5.0 (Windows NT 10.0; Win64; x64; rv:129.0) Gecko/20100101 Firefox/129.0,60,,,,,,,,,,,,,,,,,,,,,,,,,,,,,,,,,,,,media/dmnb.png,7,3,Symb,l,TR,0,0,1,0,8,0,32,0,1,2,0.1428788,e,1.454,2,0,,,,,,,,,,,,,,,,,,,,,,,,,,,,,,,,,,,,,,,,,,,,,,,,,,,,,,,,,,,,,,,,,,,,,,,,,,,,,,,,,,e,0,1.454,0,0,0,0,1,,,,,,,,,,,,,,,,,,,,,,
,,,,,,,,,,,,,,,,,120,4,2024-09-06_13h38.38.181,Symbol-E,2020.1.3,Win32,Firefox,Mozilla/5.0 (Windows NT 10.0; Win64; x64; rv:129.0) Gecko/20100101 Firefox/129.0,60,,,,,,,,,,,,,,,,,,,,,,,,,,,,,,,,,,,,,,,,,,,,,,,,,,,,,,,,,,,,,,,,,,,,,,,,,,,,,,,,,,,,,,,,,,,,,,,,,,,,,,,,,,,,,,,,,,,,,,,,,,,,,,,,,,,,,,,,,,,,,,,,,,32,0,32,0,1,,,,,,,,,,,,,,,,,
,,,,,,,,,,,,,,,,,120,4,2024-09-06_13h38.38.181,Symbol-E,2020.1.3,Win32,Firefox,Mozilla/5.0 (Windows NT 10.0; Win64; x64; rv:129.0) Gecko/20100101 Firefox/129.0,60,,,,,,,,,,,,,,,,,,,,,,,,,,,,,,,,,,,,media/djnb.png,0,0,Symb,a,TR,0,0,1,0,8,0,33,0,1,2,0.786604199,a,1.175,0,1,,,,,,,,,,,,,,,,,,,,,,,,,,,,,,,,,,,,,,,,,,,,,,,,,,,,,,,,,,,,,,,,,,,,,,,,,,,,,,,,,,a,1,1.175,0,0,0,0,1,,,,,,,,,,,,,,,,,,,,,,
,,,,,,,,,,,,,,,,,120,4,2024-09-06_13h38.38.181,Symbol-E,2020.1.3,Win32,Firefox,Mozilla/5.0 (Windows NT 10.0; Win64; x64; rv:129.0) Gecko/20100101 Firefox/129.0,60,,,,,,,,,,,,,,,,,,,,,,,,,,,,,,,,,,,,,,,,,,,,,,,,,,,,,,,,,,,,,,,,,,,,,,,,,,,,,,,,,,,,,,,,,,,,,,,,,,,,,,,,,,,,,,,,,,,,,,,,,,,,,,,,,,,,,,,,,,,,,,,,,,33,0,33,0,1,,,,,,,,,,,,,,,,,
,,,,,,,,,,,,,,,,,120,4,2024-09-06_13h38.38.181,Symbol-E,2020.1.3,Win32,Firefox,Mozilla/5.0 (Windows NT 10.0; Win64; x64; rv:129.0) Gecko/20100101 Firefox/129.0,60,,,,,,,,,,,,,,,,,,,,,,,,,,,,,,,,,,,,media/djnb.png,0,0,Symb,a,TR,0,0,1,0,8,0,34,0,1,2,0.534924966,a,1.258,0,1,,,,,,,,,,,,,,,,,,,,,,,,,,,,,,,,,,,,,,,,,,,,,,,,,,,,,,,,,,,,,,,,,,,,,,,,,,,,,,,,,,a,1,1.258,0,0,0,0,1,,,,,,,,,,,,,,,,,,,,,,
,,,,,,,,,,,,,,,,,120,4,2024-09-06_13h38.38.181,Symbol-E,2020.1.3,Win32,Firefox,Mozilla/5.0 (Windows NT 10.0; Win64; x64; rv:129.0) Gecko/20100101 Firefox/129.0,60,,,,,,,,,,,,,,,,,,,,,,,,,,,,,,,,,,,,,,,,,,,,,,,,,,,,,,,,,,,,,,,,,,,,,,,,,,,,,,,,,,,,,,,,,,,,,,,,,,,,,,,,,,,,,,,,,,,,,,,,,,,,,,,,,,,,,,,,,,,,,,,,,,34,0,34,0,1,,,,,,,,,,,,,,,,,
,,,,,,,,,,,,,,,,,120,4,2024-09-06_13h38.38.181,Symbol-E,2020.1.3,Win32,Firefox,Mozilla/5.0 (Windows NT 10.0; Win64; x64; rv:129.0) Gecko/20100101 Firefox/129.0,60,,,,,,,,,,,,,,,,,,,,,,,,,,,,,,,,,,,,media/ddnb.png,5,1,Symb,u,TR,0,0,1,0,8,0,35,0,1,2,0.038216814,u,1.42,5,1,,,,,,,,,,,,,,,,,,,,,,,,,,,,,,,,,,,,,,,,,,,,,,,,,,,,,,,,,,,,,,,,,,,,,,,,,,,,,,,,,,u,1,1.42,0,0,0,0,1,,,,,,,,,,,,,,,,,,,,,,
,,,,,,,,,,,,,,,,,120,4,2024-09-06_13h38.38.181,Symbol-E,2020.1.3,Win32,Firefox,Mozilla/5.0 (Windows NT 10.0; Win64; x64; rv:129.0) Gecko/20100101 Firefox/129.0,60,,,,,,,,,,,,,,,,,,,,,,,,,,,,,,,,,,,,,,,,,,,,,,,,,,,,,,,,,,,,,,,,,,,,,,,,,,,,,,,,,,,,,,,,,,,,,,,,,,,,,,,,,,,,,,,,,,,,,,,,,,,,,,,,,,,,,,,,,,,,,,,,,,35,0,35,0,1,,,,,,,,,,,,,,,,,
,,,,,,,,,,,,,,,,,120,4,2024-09-06_13h38.38.181,Symbol-E,2020.1.3,Win32,Firefox,Mozilla/5.0 (Windows NT 10.0; Win64; x64; rv:129.0) Gecko/20100101 Firefox/129.0,60,,,,,,,,,,,,,,,,,,,,,,,,,,,,,,,,,,,,media/dinb.png,6,2,Symb,i,TR,0,0,1,0,8,0,36,0,1,2,0.311726313,l,1.371,7,0,,,,,,,,,,,,,,,,,,,,,,,,,,,,,,,,,,,,,,,,,,,,,,,,,,,,,,,,,,,,,,,,,,,,,,,,,,,,,,,,,,l,0,1.371,0,0,0,0,1,,,,,,,,,,,,,,,,,,,,,,
,,,,,,,,,,,,,,,,,120,4,2024-09-06_13h38.38.181,Symbol-E,2020.1.3,Win32,Firefox,Mozilla/5.0 (Windows NT 10.0; Win64; x64; rv:129.0) Gecko/20100101 Firefox/129.0,60,,,,,,,,,,,,,,,,,,,,,,,,,,,,,,,,,,,,,,,,,,,,,,,,,,,,,,,,,,,,,,,,,,,,,,,,,,,,,,,,,,,,,,,,,,,,,,,,,,,,,,,,,,,,,,,,,,,,,,,,,,,,,,,,,,,,,,,,,,,,,,,,,,36,0,36,0,1,,,,,,,,,,,,,,,,,
,,,,,,,,,,,,,,,,,120,4,2024-09-06_13h38.38.181,Symbol-E,2020.1.3,Win32,Firefox,Mozilla/5.0 (Windows NT 10.0; Win64; x64; rv:129.0) Gecko/20100101 Firefox/129.0,60,,,,,,,,,,,,,,,,,,,,,,,,,,,,,,,,,,,,media/ddnb.png,5,1,Symb,u,TR,0,0,1,0,8,0,37,0,1,2,0.114310638,a,99,8,0,,,,,,,,,,,,,,,,,,,,h,1.112,,,,,,,,,,,,,,,,,,,,,,,,,,,,,,,,,,,,,,,,,,,,,,,,,,,,,,,,,,,,,,0,,,,,,,,,,,,0,0,0,0,1,,,,,,,,,,,,
,,,,,,,,,,,,,,,,,120,4,2024-09-06_13h38.38.181,Symbol-E,2020.1.3,Win32,Firefox,Mozilla/5.0 (Windows NT 10.0; Win64; x64; rv:129.0) Gecko/20100101 Firefox/129.0,60,,,,,,,,,,,,,,,,,,,,,,,,,,,,,,,,,,,,,,,,,,,,,,,,,,,,,,,,,,,,,,,,,,,,,,,,,,,,,,,,,,,,,,,,,,,,,,,,,,,,,,,,,,,,,,,,,,,,,,,,,,,,,,,,,,,,,,,,,,,,,,,,,,37,0,37,0,1,,,,,,,,,,,,,,,,,
,,,,,,,,,,,,,,,,,120,4,2024-09-06_13h38.38.181,Symbol-E,2020.1.3,Win32,Firefox,Mozilla/5.0 (Windows NT 10.0; Win64; x64; rv:129.0) Gecko/20100101 Firefox/129.0,60,,,,,,,,,,,,,,,,,,,,,,,,,,,,,,,,,,,,media/dgnb.png,3,3,Symb,f,TR,0,0,1,0,8,0,38,0,1,2,0.454558632,e,1.414,2,0,,,,,,,,,,,,,,,,,,,,,,,,,,,,,,,,,,,,,,,,,,,,,,,,,,,,,,,,,,,,,,,,,,,,,,,,,,,,,,,,,,e,0,1.414,0,0,0,0,1,,,,,,,,,,,,,,,,,,,,,,
,,,,,,,,,,,,,,,,,120,4,2024-09-06_13h38.38.181,Symbol-E,2020.1.3,Win32,Firefox,Mozilla/5.0 (Windows NT 10.0; Win64; x64; rv:129.0) Gecko/20100101 Firefox/129.0,60,,,,,,,,,,,,,,,,,,,,,,,,,,,,,,,,,,,,,,,,,,,,,,,,,,,,,,,,,,,,,,,,,,,,,,,,,,,,,,,,,,,,,,,,,,,,,,,,,,,,,,,,,,,,,,,,,,,,,,,,,,,,,,,,,,,,,,,,,,,,,,,,,,38,0,38,0,1,,,,,,,,,,,,,,,,,
,,,,,,,,,,,,,,,,,120,4,2024-09-06_13h38.38.181,Symbol-E,2020.1.3,Win32,Firefox,Mozilla/5.0 (Windows NT 10.0; Win64; x64; rv:129.0) Gecko/20100101 Firefox/129.0,60,,,,,,,,,,,,,,,,,,,,,,,,,,,,,,,,,,,,media/dcnb.png,4,0,Symb,h,TR,0,0,1,0,8,0,39,0,1,2,0.247728977,i,1.39,6,0,,,,,,,,,,,,,,,,,,,,,,,,,,,,,,,,,,,,,,,,,,,,,,,,,,,,,,,,,,,,,,,,,,,,,,,,,,,,,,,,,,i,0,1.39,0,0,0,0,1,,,,,,,,,,,,,,,,,,,,,,
,,,,,,,,,,,,,,,,,120,4,2024-09-06_13h38.38.181,Symbol-E,2020.1.3,Win32,Firefox,Mozilla/5.0 (Windows NT 10.0; Win64; x64; rv:129.0) Gecko/20100101 Firefox/129.0,60,,,,,,,,,,,,,,,,,,,,,,,,,,,,,,,,,,,,,,,,,,,,,,,,,,,,,,,,,,,,,,,,,,,,,,,,,,,,,,,,,,,,,,,,,,,,,,,,,,,,,,,,,,,,,,,,,,,,,,,,,,,,,,,,,,,,,,,,,,,,,,,,,,39,0,39,0,1,,,,,,,,,,,,,,,,,
,,,,,,,,,,,,,,,,,120,4,2024-09-06_13h38.38.181,Symbol-E,2020.1.3,Win32,Firefox,Mozilla/5.0 (Windows NT 10.0; Win64; x64; rv:129.0) Gecko/20100101 Firefox/129.0,60,,,,,,,,,,,,,,,,,,,,,,,,,,,,,,,,,,,,media/dmnb.png,7,3,Symb,l,TR,0,0,1,0,8,0,40,0,1,2,0.422044524,l,1.445,7,1,,,,,,,,,,,,,,,,,,,,,,,,,,,,,,,,,,,,,,,,,,,,,,,,,,,,,,,,,,,,,,,,,,,,,,,,,,,,,,,,,,l,1,1.445,0,0,0,0,1,,,,,,,,,,,,,,,,,,,,,,
,,,,,,,,,,,,,,,,,120,4,2024-09-06_13h38.38.181,Symbol-E,2020.1.3,Win32,Firefox,Mozilla/5.0 (Windows NT 10.0; Win64; x64; rv:129.0) Gecko/20100101 Firefox/129.0,60,,,,,,,,,,,,,,,,,,,,,,,,,,,,,,,,,,,,,,,,,,,,,,,,,,,,,,,,,,,,,,,,,,,,,,,,,,,,,,,,,,,,,,,,,,,,,,,,,,,,,,,,,,,,,,,,,,,,,,,,,,,,,,,,,,,,,,,,,,,,,,,,,,40,0,40,0,1,,,,,,,,,,,,,,,,,
,,,,,,,,,,,,,,,,,120,4,2024-09-06_13h38.38.181,Symbol-E,2020.1.3,Win32,Firefox,Mozilla/5.0 (Windows NT 10.0; Win64; x64; rv:129.0) Gecko/20100101 Firefox/129.0,60,,,,,,,,,,,,,,,,,,,,,,,,,,,,,,,,,,,,media/dnnb.png,2,2,Symb,e,TR,0,0,1,0,8,0,41,0,1,2,1.086514637,e,1.175,2,1,,,,,,,,,,,,,,,,,,,,,,,,,,,,,,,,,,,,,,,,,,,,,,,,,,,,,,,,,,,,,,,,,,,,,,,,,,,,,,,,,,e,1,1.175,0,0,0,0,1,,,,,,,,,,,,,,,,,,,,,,
,,,,,,,,,,,,,,,,,120,4,2024-09-06_13h38.38.181,Symbol-E,2020.1.3,Win32,Firefox,Mozilla/5.0 (Windows NT 10.0; Win64; x64; rv:129.0) Gecko/20100101 Firefox/129.0,60,,,,,,,,,,,,,,,,,,,,,,,,,,,,,,,,,,,,,,,,,,,,,,,,,,,,,,,,,,,,,,,,,,,,,,,,,,,,,,,,,,,,,,,,,,,,,,,,,,,,,,,,,,,,,,,,,,,,,,,,,,,,,,,,,,,,,,,,,,,,,,,,,,41,0,41,0,1,,,,,,,,,,,,,,,,,
,,,,,,,,,,,,,,,,,120,4,2024-09-06_13h38.38.181,Symbol-E,2020.1.3,Win32,Firefox,Mozilla/5.0 (Windows NT 10.0; Win64; x64; rv:129.0) Gecko/20100101 Firefox/129.0,60,,,,,,,,,,,,,,,,,,,,,,,,,,,,,,,,,,,,media/dgnb.png,3,3,Symb,f,TR,0,0,1,0,8,0,42,0,1,2,0.527597098,f,1.269,3,1,,,,,,,,,,,,,,,,,,,,,,,,,,,,,,,,,,,,,,,,,,,,,,,,,,,,,,,,,,,,,,,,,,,,,,,,,,,,,,,,,,f,1,1.269,0,0,0,0,1,,,,,,,,,,,,,,,,,,,,,,
,,,,,,,,,,,,,,,,,120,4,2024-09-06_13h38.38.181,Symbol-E,2020.1.3,Win32,Firefox,Mozilla/5.0 (Windows NT 10.0; Win64; x64; rv:129.0) Gecko/20100101 Firefox/129.0,60,,,,,,,,,,,,,,,,,,,,,,,,,,,,,,,,,,,,,,,,,,,,,,,,,,,,,,,,,,,,,,,,,,,,,,,,,,,,,,,,,,,,,,,,,,,,,,,,,,,,,,,,,,,,,,,,,,,,,,,,,,,,,,,,,,,,,,,,,,,,,,,,,,42,0,42,0,1,,,,,,,,,,,,,,,,,
,,,,,,,,,,,,,,,,,120,4,2024-09-06_13h38.38.181,Symbol-E,2020.1.3,Win32,Firefox,Mozilla/5.0 (Windows NT 10.0; Win64; x64; rv:129.0) Gecko/20100101 Firefox/129.0,60,,,,,,,,,,,,,,,,,,,,,,,,,,,,,,,,,,,,media/dfnb.png,1,1,Symb,w,TR,0,0,1,0,8,0,43,0,1,2,0.249950067,w,1.457,1,1,,,,,,,,,,,,,,,,,,,,,,,,,,,,,,,,,,,,,,,,,,,,,,,,,,,,,,,,,,,,,,,,,,,,,,,,,,,,,,,,,,w,1,1.457,0,0,0,0,1,,,,,,,,,,,,,,,,,,,,,,
,,,,,,,,,,,,,,,,,120,4,2024-09-06_13h38.38.181,Symbol-E,2020.1.3,Win32,Firefox,Mozilla/5.0 (Windows NT 10.0; Win64; x64; rv:129.0) Gecko/20100101 Firefox/129.0,60,,,,,,,,,,,,,,,,,,,,,,,,,,,,,,,,,,,,,,,,,,,,,,,,,,,,,,,,,,,,,,,,,,,,,,,,,,,,,,,,,,,,,,,,,,,,,,,,,,,,,,,,,,,,,,,,,,,,,,,,,,,,,,,,,,,,,,,,,,,,,,,,,,43,0,43,0,1,,,,,,,,,,,,,,,,,
,,,,,,,,,,,,,,,,,120,4,2024-09-06_13h38.38.181,Symbol-E,2020.1.3,Win32,Firefox,Mozilla/5.0 (Windows NT 10.0; Win64; x64; rv:129.0) Gecko/20100101 Firefox/129.0,60,,,,,,,,,,,,,,,,,,,,,,,,,,,,,,,,,,,,media/dcnb.png,4,0,Symb,h,TR,0,0,1,0,8,0,44,0,1,2,0.432412471,h,1.275,4,1,,,,,,,,,,,,,,,,,,,,,,,,,,,,,,,,,,,,,,,,,,,,,,,,,,,,,,,,,,,,,,,,,,,,,,,,,,,,,,,,,,h,1,1.275,0,0,0,0,1,,,,,,,,,,,,,,,,,,,,,,
,,,,,,,,,,,,,,,,,120,4,2024-09-06_13h38.38.181,Symbol-E,2020.1.3,Win32,Firefox,Mozilla/5.0 (Windows NT 10.0; Win64; x64; rv:129.0) Gecko/20100101 Firefox/129.0,60,,,,,,,,,,,,,,,,,,,,,,,,,,,,,,,,,,,,,,,,,,,,,,,,,,,,,,,,,,,,,,,,,,,,,,,,,,,,,,,,,,,,,,,,,,,,,,,,,,,,,,,,,,,,,,,,,,,,,,,,,,,,,,,,,,,,,,,,,,,,,,,,,,44,0,44,0,1,,,,,,,,,,,,,,,,,
,,,,,,,,,,,,,,,,,120,4,2024-09-06_13h38.38.181,Symbol-E,2020.1.3,Win32,Firefox,Mozilla/5.0 (Windows NT 10.0; Win64; x64; rv:129.0) Gecko/20100101 Firefox/129.0,60,,,,,,,,,,,,,,,,,,,,,,,,,,,,,,,,,,,,media/dfnb.png,1,1,Symb,w,TR,0,0,1,0,8,0,45,0,1,2,0.654600774,w,1.279,1,1,,,,,,,,,,,,,,,,,,,,,,,,,,,,,,,,,,,,,,,,,,,,,,,,,,,,,,,,,,,,,,,,,,,,,,,,,,,,,,,,,,w,1,1.279,0,0,0,0,1,,,,,,,,,,,,,,,,,,,,,,
,,,,,,,,,,,,,,,,,120,4,2024-09-06_13h38.38.181,Symbol-E,2020.1.3,Win32,Firefox,Mozilla/5.0 (Windows NT 10.0; Win64; x64; rv:129.0) Gecko/20100101 Firefox/129.0,60,,,,,,,,,,,,,,,,,,,,,,,,,,,,,,,,,,,,,,,,,,,,,,,,,,,,,,,,,,,,,,,,,,,,,,,,,,,,,,,,,,,,,,,,,,,,,,,,,,,,,,,,,,,,,,,,,,,,,,,,,,,,,,,,,,,,,,,,,,,,,,,,,,45,0,45,0,1,,,,,,,,,,,,,,,,,
,,,,,,,,,,,,,,,,,120,4,2024-09-06_13h38.38.181,Symbol-E,2020.1.3,Win32,Firefox,Mozilla/5.0 (Windows NT 10.0; Win64; x64; rv:129.0) Gecko/20100101 Firefox/129.0,60,,,,,,,,,,,,,,,,,,,,,,,,,,,,,,,,,,,,media/dnnb.png,2,2,Symb,e,TR,0,0,1,0,8,0,46,0,1,2,0.56393276,e,1.262,2,1,,,,,,,,,,,,,,,,,,,,,,,,,,,,,,,,,,,,,,,,,,,,,,,,,,,,,,,,,,,,,,,,,,,,,,,,,,,,,,,,,,e,1,1.262,0,0,0,0,1,,,,,,,,,,,,,,,,,,,,,,
,,,,,,,,,,,,,,,,,120,4,2024-09-06_13h38.38.181,Symbol-E,2020.1.3,Win32,Firefox,Mozilla/5.0 (Windows NT 10.0; Win64; x64; rv:129.0) Gecko/20100101 Firefox/129.0,60,,,,,,,,,,,,,,,,,,,,,,,,,,,,,,,,,,,,,,,,,,,,,,,,,,,,,,,,,,,,,,,,,,,,,,,,,,,,,,,,,,,,,,,,,,,,,,,,,,,,,,,,,,,,,,,,,,,,,,,,,,,,,,,,,,,,,,,,,,,,,,,,,,46,0,46,0,1,,,,,,,,,,,,,,,,,
,,,,,,,,,,,,,,,,,120,4,2024-09-06_13h38.38.181,Symbol-E,2020.1.3,Win32,Firefox,Mozilla/5.0 (Windows NT 10.0; Win64; x64; rv:129.0) Gecko/20100101 Firefox/129.0,60,,,,,,,,,,,,,,,,,,,,,,,,,,,,,,,,,,,,media/dinb.png,6,2,Symb,i,TR,0,0,1,0,8,0,47,0,1,2,0.472279604,i,1.352,6,1,,,,,,,,,,,,,,,,,,,,,,,,,,,,,,,,,,,,,,,,,,,,,,,,,,,,,,,,,,,,,,,,,,,,,,,,,,,,,,,,,,i,1,1.352,0,0,0,0,1,,,,,,,,,,,,,,,,,,,,,,
,,,,,,,,,,,,,,,,,120,4,2024-09-06_13h38.38.181,Symbol-E,2020.1.3,Win32,Firefox,Mozilla/5.0 (Windows NT 10.0; Win64; x64; rv:129.0) Gecko/20100101 Firefox/129.0,60,,,,,,,,,,,,,,,,,,,,,,,,,,,,,,,,,,,,,,,,,,,,,,,,,,,,,,,,,,,,,,,,,,,,,,,,,,,,,,,,,,,,,,,,,,,,,,,,,,,,,,,,,,,,,,,,,,,,,,,,,,,,,,,,,,,,,,,,,,,,,,,,,,47,0,47,0,1,,,,,,,,,,,,,,,,,
,,,,,,,,,,,,,,,,,120,4,2024-09-06_13h38.38.181,Symbol-E,2020.1.3,Win32,Firefox,Mozilla/5.0 (Windows NT 10.0; Win64; x64; rv:129.0) Gecko/20100101 Firefox/129.0,60,,,,,,,,,,,,,,,,,,,,,,,,,,,,,,,,,,,,media/ddnb.png,5,1,Symb,u,TR,0,0,1,0,8,0,48,0,1,2,0.218661691,a,99,8,0,,,,,,,,,,,,,,,,,,,,u,0.568,,,,,,,,,,,,,,,,,,,,,,,,,,,,,,,,,,,,,,,,,,,,,,,,,,,,,,,,,,,,,,0,,,,,,,,,,,,0,0,0,0,1,,,,,,,,,,,,
,,,,,,,,,,,,,,,,,120,4,2024-09-06_13h38.38.181,Symbol-E,2020.1.3,Win32,Firefox,Mozilla/5.0 (Windows NT 10.0; Win64; x64; rv:129.0) Gecko/20100101 Firefox/129.0,60,,,,,,,,,,,,,,,,,,,,,,,,,,,,,,,,,,,,,,,,,,,,,,,,,,,,,,,,,,,,,,,,,,,,,,,,,,,,,,,,,,,,,,,,,,,,,,,,,,,,,,,,,,,,,,,,,,,,,,,,,,,,,,,,,,,,,,,,,,,,,,,,,,48,0,48,0,1,,,,,,,,,,,,,,,,,
,,,,,,,,,,,,,,,,,120,4,2024-09-06_13h38.38.181,Symbol-E,2020.1.3,Win32,Firefox,Mozilla/5.0 (Windows NT 10.0; Win64; x64; rv:129.0) Gecko/20100101 Firefox/129.0,60,,,,,,,,,,,,,,,,,,,,,,,,,,,,,,,,,,,,media/dcnb.png,4,0,Symb,h,TR,0,0,1,0,8,0,49,0,1,2,0.148108717,l,1.455,7,0,,,,,,,,,,,,,,,,,,,,,,,,,,,,,,,,,,,,,,,,,,,,,,,,,,,,,,,,,,,,,,,,,,,,,,,,,,,,,,,,,,l,0,1.455,0,0,0,0,1,,,,,,,,,,,,,,,,,,,,,,
,,,,,,,,,,,,,,,,,120,4,2024-09-06_13h38.38.181,Symbol-E,2020.1.3,Win32,Firefox,Mozilla/5.0 (Windows NT 10.0; Win64; x64; rv:129.0) Gecko/20100101 Firefox/129.0,60,,,,,,,,,,,,,,,,,,,,,,,,,,,,,,,,,,,,,,,,,,,,,,,,,,,,,,,,,,,,,,,,,,,,,,,,,,,,,,,,,,,,,,,,,,,,,,,,,,,,,,,,,,,,,,,,,,,,,,,,,,,,,,,,,,,,,,,,,,,,,,,,,,49,0,49,0,1,,,,,,,,,,,,,,,,,
,,,,,,,,,,,,,,,,,120,4,2024-09-06_13h38.38.181,Symbol-E,2020.1.3,Win32,Firefox,Mozilla/5.0 (Windows NT 10.0; Win64; x64; rv:129.0) Gecko/20100101 Firefox/129.0,60,,,,,,,,,,,,,,,,,,,,,,,,,,,,,,,,,,,,media/djnb.png,0,0,Symb,a,TR,0,0,1,0,8,0,50,0,1,2,0.222436292,a,99,8,0,,,,,,,,,,,,,,,,,,,,h,0.268,,,,,,,,,,,,,,,,,,,,,,,,,,,,,,,,,,,,,,,,,,,,,,,,,,,,,,,,,,,,,,0,,,,,,,,,,,,0,0,0,0,1,,,,,,,,,,,,
,,,,,,,,,,,,,,,,,120,4,2024-09-06_13h38.38.181,Symbol-E,2020.1.3,Win32,Firefox,Mozilla/5.0 (Windows NT 10.0; Win64; x64; rv:129.0) Gecko/20100101 Firefox/129.0,60,,,,,,,,,,,,,,,,,,,,,,,,,,,,,,,,,,,,,,,,,,,,,,,,,,,,,,,,,,,,,,,,,,,,,,,,,,,,,,,,,,,,,,,,,,,,,,,,,,,,,,,,,,,,,,,,,,,,,,,,,,,,,,,,,,,,,,,,,,,,,,,,,,50,0,50,0,1,,,,,,,,,,,,,,,,,
,,,,,,,,,,,,,,,,,120,4,2024-09-06_13h38.38.181,Symbol-E,2020.1.3,Win32,Firefox,Mozilla/5.0 (Windows NT 10.0; Win64; x64; rv:129.0) Gecko/20100101 Firefox/129.0,60,,,,,,,,,,,,,,,,,,,,,,,,,,,,,,,,,,,,media/dmnb.png,7,3,Symb,l,TR,0,0,1,0,8,0,51,0,1,2,0.519177778,l,1.443,7,1,,,,,,,,,,,,,,,,,,,,,,,,,,,,,,,,,,,,,,,,,,,,,,,,,,,,,,,,,,,,,,,,,,,,,,,,,,,,,,,,,,l,1,1.443,0,0,0,0,1,,,,,,,,,,,,,,,,,,,,,,
,,,,,,,,,,,,,,,,,120,4,2024-09-06_13h38.38.181,Symbol-E,2020.1.3,Win32,Firefox,Mozilla/5.0 (Windows NT 10.0; Win64; x64; rv:129.0) Gecko/20100101 Firefox/129.0,60,,,,,,,,,,,,,,,,,,,,,,,,,,,,,,,,,,,,,,,,,,,,,,,,,,,,,,,,,,,,,,,,,,,,,,,,,,,,,,,,,,,,,,,,,,,,,,,,,,,,,,,,,,,,,,,,,,,,,,,,,,,,,,,,,,,,,,,,,,,,,,,,,,51,0,51,0,1,,,,,,,,,,,,,,,,,
,,,,,,,,,,,,,,,,,120,4,2024-09-06_13h38.38.181,Symbol-E,2020.1.3,Win32,Firefox,Mozilla/5.0 (Windows NT 10.0; Win64; x64; rv:129.0) Gecko/20100101 Firefox/129.0,60,,,,,,,,,,,,,,,,,,,,,,,,,,,,,,,,,,,,media/dmnb.png,7,3,Symb,l,TR,0,0,1,0,8,0,52,0,1,2,0.060961112,a,1.443,0,0,,,,,,,,,,,,,,,,,,,,,,,,,,,,,,,,,,,,,,,,,,,,,,,,,,,,,,,,,,,,,,,,,,,,,,,,,,,,,,,,,,a,0,1.443,0,0,0,0,1,,,,,,,,,,,,,,,,,,,,,,
,,,,,,,,,,,,,,,,,120,4,2024-09-06_13h38.38.181,Symbol-E,2020.1.3,Win32,Firefox,Mozilla/5.0 (Windows NT 10.0; Win64; x64; rv:129.0) Gecko/20100101 Firefox/129.0,60,,,,,,,,,,,,,,,,,,,,,,,,,,,,,,,,,,,,,,,,,,,,,,,,,,,,,,,,,,,,,,,,,,,,,,,,,,,,,,,,,,,,,,,,,,,,,,,,,,,,,,,,,,,,,,,,,,,,,,,,,,,,,,,,,,,,,,,,,,,,,,,,,,52,0,52,0,1,,,,,,,,,,,,,,,,,
,,,,,,,,,,,,,,,,,120,4,2024-09-06_13h38.38.181,Symbol-E,2020.1.3,Win32,Firefox,Mozilla/5.0 (Windows NT 10.0; Win64; x64; rv:129.0) Gecko/20100101 Firefox/129.0,60,,,,,,,,,,,,,,,,,,,,,,,,,,,,,,,,,,,,media/dfnb.png,1,1,Symb,w,TR,0,0,1,0,8,0,53,0,1,2,0.8466821,w,1.219,1,1,,,,,,,,,,,,,,,,,,,,,,,,,,,,,,,,,,,,,,,,,,,,,,,,,,,,,,,,,,,,,,,,,,,,,,,,,,,,,,,,,,w,1,1.219,0,0,0,0,1,,,,,,,,,,,,,,,,,,,,,,
,,,,,,,,,,,,,,,,,120,4,2024-09-06_13h38.38.181,Symbol-E,2020.1.3,Win32,Firefox,Mozilla/5.0 (Windows NT 10.0; Win64; x64; rv:129.0) Gecko/20100101 Firefox/129.0,60,,,,,,,,,,,,,,,,,,,,,,,,,,,,,,,,,,,,,,,,,,,,,,,,,,,,,,,,,,,,,,,,,,,,,,,,,,,,,,,,,,,,,,,,,,,,,,,,,,,,,,,,,,,,,,,,,,,,,,,,,,,,,,,,,,,,,,,,,,,,,,,,,,53,0,53,0,1,,,,,,,,,,,,,,,,,
,,,,,,,,,,,,,,,,,120,4,2024-09-06_13h38.38.181,Symbol-E,2020.1.3,Win32,Firefox,Mozilla/5.0 (Windows NT 10.0; Win64; x64; rv:129.0) Gecko/20100101 Firefox/129.0,60,,,,,,,,,,,,,,,,,,,,,,,,,,,,,,,,,,,,media/dnnb.png,2,2,Symb,e,TR,0,0,1,0,8,0,54,0,1,2,0.877544635,e,1.238,2,1,,,,,,,,,,,,,,,,,,,,,,,,,,,,,,,,,,,,,,,,,,,,,,,,,,,,,,,,,,,,,,,,,,,,,,,,,,,,,,,,,,e,1,1.238,0,0,0,0,1,,,,,,,,,,,,,,,,,,,,,,
,,,,,,,,,,,,,,,,,120,4,2024-09-06_13h38.38.181,Symbol-E,2020.1.3,Win32,Firefox,Mozilla/5.0 (Windows NT 10.0; Win64; x64; rv:129.0) Gecko/20100101 Firefox/129.0,60,,,,,,,,,,,,,,,,,,,,,,,,,,,,,,,,,,,,,,,,,,,,,,,,,,,,,,,,,,,,,,,,,,,,,,,,,,,,,,,,,,,,,,,,,,,,,,,,,,,,,,,,,,,,,,,,,,,,,,,,,,,,,,,,,,,,,,,,,,,,,,,,,,54,0,54,0,1,,,,,,,,,,,,,,,,,
,,,,,,,,,,,,,,,,,120,4,2024-09-06_13h38.38.181,Symbol-E,2020.1.3,Win32,Firefox,Mozilla/5.0 (Windows NT 10.0; Win64; x64; rv:129.0) Gecko/20100101 Firefox/129.0,60,,,,,,,,,,,,,,,,,,,,,,,,,,,,,,,,,,,,media/dinb.png,6,2,Symb,i,TR,0,0,1,0,8,0,55,0,1,2,1.187943479,i,1.176,6,1,,,,,,,,,,,,,,,,,,,,,,,,,,,,,,,,,,,,,,,,,,,,,,,,,,,,,,,,,,,,,,,,,,,,,,,,,,,,,,,,,,i,1,1.176,0,0,0,0,1,,,,,,,,,,,,,,,,,,,,,,
,,,,,,,,,,,,,,,,,120,4,2024-09-06_13h38.38.181,Symbol-E,2020.1.3,Win32,Firefox,Mozilla/5.0 (Windows NT 10.0; Win64; x64; rv:129.0) Gecko/20100101 Firefox/129.0,60,,,,,,,,,,,,,,,,,,,,,,,,,,,,,,,,,,,,,,,,,,,,,,,,,,,,,,,,,,,,,,,,,,,,,,,,,,,,,,,,,,,,,,,,,,,,,,,,,,,,,,,,,,,,,,,,,,,,,,,,,,,,,,,,,,,,,,,,,,,,,,,,,,55,0,55,0,1,,,,,,,,,,,,,,,,,
,,,,,,,,,,,,,,,,,120,4,2024-09-06_13h38.38.181,Symbol-E,2020.1.3,Win32,Firefox,Mozilla/5.0 (Windows NT 10.0; Win64; x64; rv:129.0) Gecko/20100101 Firefox/129.0,60,,,,,,,,,,,,,,,,,,,,,,,,,,,,,,,,,,,,media/dnnb.png,2,2,Symb,e,TR,0,0,1,0,8,0,56,0,1,2,0.20892211,u,1.228,5,0,,,,,,,,,,,,,,,,,,,,,,,,,,,,,,,,,,,,,,,,,,,,,,,,,,,,,,,,,,,,,,,,,,,,,,,,,,,,,,,,,,u,0,1.228,0,0,0,0,1,,,,,,,,,,,,,,,,,,,,,,
,,,,,,,,,,,,,,,,,120,4,2024-09-06_13h38.38.181,Symbol-E,2020.1.3,Win32,Firefox,Mozilla/5.0 (Windows NT 10.0; Win64; x64; rv:129.0) Gecko/20100101 Firefox/129.0,60,,,,,,,,,,,,,,,,,,,,,,,,,,,,,,,,,,,,,,,,,,,,,,,,,,,,,,,,,,,,,,,,,,,,,,,,,,,,,,,,,,,,,,,,,,,,,,,,,,,,,,,,,,,,,,,,,,,,,,,,,,,,,,,,,,,,,,,,,,,,,,,,,,56,0,56,0,1,,,,,,,,,,,,,,,,,
,,,,,,,,,,,,,,,,,120,4,2024-09-06_13h38.38.181,Symbol-E,2020.1.3,Win32,Firefox,Mozilla/5.0 (Windows NT 10.0; Win64; x64; rv:129.0) Gecko/20100101 Firefox/129.0,60,,,,,,,,,,,,,,,,,,,,,,,,,,,,,,,,,,,,media/dfnb.png,1,1,Symb,w,TR,0,0,1,0,8,0,57,0,1,2,0.389332844,a,1.26,0,0,,,,,,,,,,,,,,,,,,,,,,,,,,,,,,,,,,,,,,,,,,,,,,,,,,,,,,,,,,,,,,,,,,,,,,,,,,,,,,,,,,a,0,1.26,0,0,0,0,1,,,,,,,,,,,,,,,,,,,,,,
,,,,,,,,,,,,,,,,,120,4,2024-09-06_13h38.38.181,Symbol-E,2020.1.3,Win32,Firefox,Mozilla/5.0 (Windows NT 10.0; Win64; x64; rv:129.0) Gecko/20100101 Firefox/129.0,60,,,,,,,,,,,,,,,,,,,,,,,,,,,,,,,,,,,,,,,,,,,,,,,,,,,,,,,,,,,,,,,,,,,,,,,,,,,,,,,,,,,,,,,,,,,,,,,,,,,,,,,,,,,,,,,,,,,,,,,,,,,,,,,,,,,,,,,,,,,,,,,,,,57,0,57,0,1,,,,,,,,,,,,,,,,,
,,,,,,,,,,,,,,,,,120,4,2024-09-06_13h38.38.181,Symbol-E,2020.1.3,Win32,Firefox,Mozilla/5.0 (Windows NT 10.0; Win64; x64; rv:129.0) Gecko/20100101 Firefox/129.0,60,,,,,,,,,,,,,,,,,,,,,,,,,,,,,,,,,,,,media/dcnb.png,4,0,Symb,h,TR,0,0,1,0,8,0,58,0,1,2,0.945756793,h,1.235,4,1,,,,,,,,,,,,,,,,,,,,,,,,,,,,,,,,,,,,,,,,,,,,,,,,,,,,,,,,,,,,,,,,,,,,,,,,,,,,,,,,,,h,1,1.235,0,0,0,0,1,,,,,,,,,,,,,,,,,,,,,,
,,,,,,,,,,,,,,,,,120,4,2024-09-06_13h38.38.181,Symbol-E,2020.1.3,Win32,Firefox,Mozilla/5.0 (Windows NT 10.0; Win64; x64; rv:129.0) Gecko/20100101 Firefox/129.0,60,,,,,,,,,,,,,,,,,,,,,,,,,,,,,,,,,,,,,,,,,,,,,,,,,,,,,,,,,,,,,,,,,,,,,,,,,,,,,,,,,,,,,,,,,,,,,,,,,,,,,,,,,,,,,,,,,,,,,,,,,,,,,,,,,,,,,,,,,,,,,,,,,,58,0,58,0,1,,,,,,,,,,,,,,,,,
,,,,,,,,,,,,,,,,,120,4,2024-09-06_13h38.38.181,Symbol-E,2020.1.3,Win32,Firefox,Mozilla/5.0 (Windows NT 10.0; Win64; x64; rv:129.0) Gecko/20100101 Firefox/129.0,60,,,,,,,,,,,,,,,,,,,,,,,,,,,,,,,,,,,,media/dinb.png,6,2,Symb,i,TR,0,0,1,0,8,0,59,0,1,2,0.919248741,i,1.241,6,1,,,,,,,,,,,,,,,,,,,,,,,,,,,,,,,,,,,,,,,,,,,,,,,,,,,,,,,,,,,,,,,,,,,,,,,,,,,,,,,,,,i,1,1.241,0,0,0,0,1,,,,,,,,,,,,,,,,,,,,,,
,,,,,,,,,,,,,,,,,120,4,2024-09-06_13h38.38.181,Symbol-E,2020.1.3,Win32,Firefox,Mozilla/5.0 (Windows NT 10.0; Win64; x64; rv:129.0) Gecko/20100101 Firefox/129.0,60,,,,,,,,,,,,,,,,,,,,,,,,,,,,,,,,,,,,,,,,,,,,,,,,,,,,,,,,,,,,,,,,,,,,,,,,,,,,,,,,,,,,,,,,,,,,,,,,,,,,,,,,,,,,,,,,,,,,,,,,,,,,,,,,,,,,,,,,,,,,,,,,,,59,0,59,0,1,,,,,,,,,,,,,,,,,
,,,,,,,,,,,,,,,,,120,4,2024-09-06_13h38.38.181,Symbol-E,2020.1.3,Win32,Firefox,Mozilla/5.0 (Windows NT 10.0; Win64; x64; rv:129.0) Gecko/20100101 Firefox/129.0,60,,,,,,,,,,,,,,,,,,,,,,,,,,,,,,,,,,,,media/djnb.png,0,0,Symb,a,TR,0,0,1,0,8,0,60,0,1,2,1.019293001,f,1.233,3,0,,,,,,,,,,,,,,,,,,,,,,,,,,,,,,,,,,,,,,,,,,,,,,,,,,,,,,,,,,,,,,,,,,,,,,,,,,,,,,,,,,f,0,1.233,0,0,0,0,1,,,,,,,,,,,,,,,,,,,,,,
,,,,,,,,,,,,,,,,,120,4,2024-09-06_13h38.38.181,Symbol-E,2020.1.3,Win32,Firefox,Mozilla/5.0 (Windows NT 10.0; Win64; x64; rv:129.0) Gecko/20100101 Firefox/129.0,60,,,,,,,,,,,,,,,,,,,,,,,,,,,,,,,,,,,,,,,,,,,,,,,,,,,,,,,,,,,,,,,,,,,,,,,,,,,,,,,,,,,,,,,,,,,,,,,,,,,,,,,,,,,,,,,,,,,,,,,,,,,,,,,,,,,,,,,,,,,,,,,,,,60,0,60,0,1,,,,,,,,,,,,,,,,,
,,,,,,,,,,,,,,,,,120,4,2024-09-06_13h38.38.181,Symbol-E,2020.1.3,Win32,Firefox,Mozilla/5.0 (Windows NT 10.0; Win64; x64; rv:129.0) Gecko/20100101 Firefox/129.0,60,,,,,,,,,,,,,,,,,,,,,,,,,,,,,,,,,,,,media/dgnb.png,3,3,Symb,f,TR,0,0,1,0,8,0,61,0,1,2,1.086948745,f,1.241,3,1,,,,,,,,,,,,,,,,,,,,,,,,,,,,,,,,,,,,,,,,,,,,,,,,,,,,,,,,,,,,,,,,,,,,,,,,,,,,,,,,,,f,1,1.241,0,0,0,0,1,,,,,,,,,,,,,,,,,,,,,,
,,,,,,,,,,,,,,,,,120,4,2024-09-06_13h38.38.181,Symbol-E,2020.1.3,Win32,Firefox,Mozilla/5.0 (Windows NT 10.0; Win64; x64; rv:129.0) Gecko/20100101 Firefox/129.0,60,,,,,,,,,,,,,,,,,,,,,,,,,,,,,,,,,,,,,,,,,,,,,,,,,,,,,,,,,,,,,,,,,,,,,,,,,,,,,,,,,,,,,,,,,,,,,,,,,,,,,,,,,,,,,,,,,,,,,,,,,,,,,,,,,,,,,,,,,,,,,,,,,,61,0,61,0,1,,,,,,,,,,,,,,,,,
,,,,,,,,,,,,,,,,,120,4,2024-09-06_13h38.38.181,Symbol-E,2020.1.3,Win32,Firefox,Mozilla/5.0 (Windows NT 10.0; Win64; x64; rv:129.0) Gecko/20100101 Firefox/129.0,60,,,,,,,,,,,,,,,,,,,,,,,,,,,,,,,,,,,,media/dgnb.png,3,3,Symb,f,TR,0,0,1,0,8,0,62,0,1,2,0.923677348,f,1.226,3,1,,,,,,,,,,,,,,,,,,,,,,,,,,,,,,,,,,,,,,,,,,,,,,,,,,,,,,,,,,,,,,,,,,,,,,,,,,,,,,,,,,f,1,1.226,0,0,0,0,1,,,,,,,,,,,,,,,,,,,,,,
,,,,,,,,,,,,,,,,,120,4,2024-09-06_13h38.38.181,Symbol-E,2020.1.3,Win32,Firefox,Mozilla/5.0 (Windows NT 10.0; Win64; x64; rv:129.0) Gecko/20100101 Firefox/129.0,60,,,,,,,,,,,,,,,,,,,,,,,,,,,,,,,,,,,,,,,,,,,,,,,,,,,,,,,,,,,,,,,,,,,,,,,,,,,,,,,,,,,,,,,,,,,,,,,,,,,,,,,,,,,,,,,,,,,,,,,,,,,,,,,,,,,,,,,,,,,,,,,,,,62,0,62,0,1,,,,,,,,,,,,,,,,,
,,,,,,,,,,,,,,,,,120,4,2024-09-06_13h38.38.181,Symbol-E,2020.1.3,Win32,Firefox,Mozilla/5.0 (Windows NT 10.0; Win64; x64; rv:129.0) Gecko/20100101 Firefox/129.0,60,,,,,,,,,,,,,,,,,,,,,,,,,,,,,,,,,,,,media/ddnb.png,5,1,Symb,u,TR,0,0,1,0,8,0,63,0,1,2,0.777175416,u,1.213,5,1,,,,,,,,,,,,,,,,,,,,,,,,,,,,,,,,,,,,,,,,,,,,,,,,,,,,,,,,,,,,,,,,,,,,,,,,,,,,,,,,,,u,1,1.213,0,0,0,0,1,,,,,,,,,,,,,,,,,,,,,,
,,,,,,,,,,,,,,,,,120,4,2024-09-06_13h38.38.181,Symbol-E,2020.1.3,Win32,Firefox,Mozilla/5.0 (Windows NT 10.0; Win64; x64; rv:129.0) Gecko/20100101 Firefox/129.0,60,,,,,,,,,,,,,,,,,,,,,,,,,,,,,,,,,,,,,,,,,,,,,,,,,,,,,,,,,,,,,,,,,,,,,,,,,,,,,,,,,,,,,,,,,,,,,,,,,,,,,,,,,,,,,,,,,,,,,,,,,,,,,,,,,,,,,,,,,,,,,,,,,,63,0,63,0,1,,,,,,,,,,,,,,,,,
,,,,,,,,,,,,,,,,,120,4,2024-09-06_13h38.38.181,Symbol-E,2020.1.3,Win32,Firefox,Mozilla/5.0 (Windows NT 10.0; Win64; x64; rv:129.0) Gecko/20100101 Firefox/129.0,60,,,,,,,,,,,,,,,,,,,,,,,,,,,,,,,,,,,,media/dgnb.png,3,3,Symb,f,TR,0,0,1,0,8,0,64,0,1,2,0.318258368,e,1.443,2,0,,,,,,,,,,,,,,,,,,,,,,,,,,,,,,,,,,,,,,,,,,,,,,,,,,,,,,,,,,,,,,,,,,,,,,,,,,,,,,,,,,e,0,1.443,0,0,0,0,1,,,,,,,,,,,,,,,,,,,,,,
,,,,,,,,,,,,,,,,,120,4,2024-09-06_13h38.38.181,Symbol-E,2020.1.3,Win32,Firefox,Mozilla/5.0 (Windows NT 10.0; Win64; x64; rv:129.0) Gecko/20100101 Firefox/129.0,60,,,,,,,,,,,,,,,,,,,,,,,,,,,,,,,,,,,,,,,,,,,,,,,,,,,,,,,,,,,,,,,,,,,,,,,,,,,,,,,,,,,,,,,,,,,,,,,,,,,,,,,,,,,,,,,,,,,,,,,,,,,,,,,,,,,,,,,,,,,,,,,,,,64,0,64,0,1,,,,,,,,,,,,,,,,,
,,,,,,,,,,,,,,,,,120,4,2024-09-06_13h38.38.181,Symbol-E,2020.1.3,Win32,Firefox,Mozilla/5.0 (Windows NT 10.0; Win64; x64; rv:129.0) Gecko/20100101 Firefox/129.0,60,,,,,,,,,,,,,,,,,,,,,,,,,,,,,,,,,,,,media/dfnb.png,1,1,Symb,w,TR,0,0,1,0,8,0,65,0,1,2,0.582382578,w,1.294,1,1,,,,,,,,,,,,,,,,,,,,,,,,,,,,,,,,,,,,,,,,,,,,,,,,,,,,,,,,,,,,,,,,,,,,,,,,,,,,,,,,,,w,1,1.294,0,0,0,0,1,,,,,,,,,,,,,,,,,,,,,,
,,,,,,,,,,,,,,,,,120,4,2024-09-06_13h38.38.181,Symbol-E,2020.1.3,Win32,Firefox,Mozilla/5.0 (Windows NT 10.0; Win64; x64; rv:129.0) Gecko/20100101 Firefox/129.0,60,,,,,,,,,,,,,,,,,,,,,,,,,,,,,,,,,,,,,,,,,,,,,,,,,,,,,,,,,,,,,,,,,,,,,,,,,,,,,,,,,,,,,,,,,,,,,,,,,,,,,,,,,,,,,,,,,,,,,,,,,,,,,,,,,,,,,,,,,,,,,,,,,,65,0,65,0,1,,,,,,,,,,,,,,,,,
,,,,,,,,,,,,,,,,,120,4,2024-09-06_13h38.38.181,Symbol-E,2020.1.3,Win32,Firefox,Mozilla/5.0 (Windows NT 10.0; Win64; x64; rv:129.0) Gecko/20100101 Firefox/129.0,60,,,,,,,,,,,,,,,,,,,,,,,,,,,,,,,,,,,,media/dgnb.png,3,3,Symb,f,TR,0,0,1,0,8,0,66,0,1,2,0.83549053,f,1.431,3,1,,,,,,,,,,,,,,,,,,,,,,,,,,,,,,,,,,,,,,,,,,,,,,,,,,,,,,,,,,,,,,,,,,,,,,,,,,,,,,,,,,f,1,1.431,0,0,0,0,1,,,,,,,,,,,,,,,,,,,,,,
,,,,,,,,,,,,,,,,,120,4,2024-09-06_13h38.38.181,Symbol-E,2020.1.3,Win32,Firefox,Mozilla/5.0 (Windows NT 10.0; Win64; x64; rv:129.0) Gecko/20100101 Firefox/129.0,60,,,,,,,,,,,,,,,,,,,,,,,,,,,,,,,,,,,,,,,,,,,,,,,,,,,,,,,,,,,,,,,,,,,,,,,,,,,,,,,,,,,,,,,,,,,,,,,,,,,,,,,,,,,,,,,,,,,,,,,,,,,,,,,,,,,,,,,,,,,,,,,,,,66,0,66,0,1,,,,,,,,,,,,,,,,,
,,,,,,,,,,,,,,,,,120,4,2024-09-06_13h38.38.181,Symbol-E,2020.1.3,Win32,Firefox,Mozilla/5.0 (Windows NT 10.0; Win64; x64; rv:129.0) Gecko/20100101 Firefox/129.0,60,,,,,,,,,,,,,,,,,,,,,,,,,,,,,,,,,,,,media/djnb.png,0,0,Symb,a,TR,0,0,1,0,8,0,67,0,1,2,0.421207624,f,1.316,3,0,,,,,,,,,,,,,,,,,,,,,,,,,,,,,,,,,,,,,,,,,,,,,,,,,,,,,,,,,,,,,,,,,,,,,,,,,,,,,,,,,,f,0,1.316,0,0,0,0,1,,,,,,,,,,,,,,,,,,,,,,
,,,,,,,,,,,,,,,,,120,4,2024-09-06_13h38.38.181,Symbol-E,2020.1.3,Win32,Firefox,Mozilla/5.0 (Windows NT 10.0; Win64; x64; rv:129.0) Gecko/20100101 Firefox/129.0,60,,,,,,,,,,,,,,,,,,,,,,,,,,,,,,,,,,,,,,,,,,,,,,,,,,,,,,,,,,,,,,,,,,,,,,,,,,,,,,,,,,,,,,,,,,,,,,,,,,,,,,,,,,,,,,,,,,,,,,,,,,,,,,,,,,,,,,,,,,,,,,,,,,67,0,67,0,1,,,,,,,,,,,,,,,,,
,,,,,,,,,,,,,,,,,120,4,2024-09-06_13h38.38.181,Symbol-E,2020.1.3,Win32,Firefox,Mozilla/5.0 (Windows NT 10.0; Win64; x64; rv:129.0) Gecko/20100101 Firefox/129.0,60,,,,,,,,,,,,,,,,,,,,,,,,,,,,,,,,,,,,media/dnnb.png,2,2,Symb,e,TR,0,0,1,0,8,0,68,0,1,2,0.480835423,f,1.358,3,0,,,,,,,,,,,,,,,,,,,,,,,,,,,,,,,,,,,,,,,,,,,,,,,,,,,,,,,,,,,,,,,,,,,,,,,,,,,,,,,,,,f,0,1.358,0,0,0,0,1,,,,,,,,,,,,,,,,,,,,,,
,,,,,,,,,,,,,,,,,120,4,2024-09-06_13h38.38.181,Symbol-E,2020.1.3,Win32,Firefox,Mozilla/5.0 (Windows NT 10.0; Win64; x64; rv:129.0) Gecko/20100101 Firefox/129.0,60,,,,,,,,,,,,,,,,,,,,,,,,,,,,,,,,,,,,,,,,,,,,,,,,,,,,,,,,,,,,,,,,,,,,,,,,,,,,,,,,,,,,,,,,,,,,,,,,,,,,,,,,,,,,,,,,,,,,,,,,,,,,,,,,,,,,,,,,,,,,,,,,,,68,0,68,0,1,,,,,,,,,,,,,,,,,
,,,,,,,,,,,,,,,,,120,4,2024-09-06_13h38.38.181,Symbol-E,2020.1.3,Win32,Firefox,Mozilla/5.0 (Windows NT 10.0; Win64; x64; rv:129.0) Gecko/20100101 Firefox/129.0,60,,,,,,,,,,,,,,,,,,,,,,,,,,,,,,,,,,,,media/dcnb.png,4,0,Symb,h,TR,0,0,1,0,8,0,69,0,1,2,0.585966022,a,1.24,0,0,,,,,,,,,,,,,,,,,,,,,,,,,,,,,,,,,,,,,,,,,,,,,,,,,,,,,,,,,,,,,,,,,,,,,,,,,,,,,,,,,,a,0,1.24,0,0,0,0,1,,,,,,,,,,,,,,,,,,,,,,
,,,,,,,,,,,,,,,,,120,4,2024-09-06_13h38.38.181,Symbol-E,2020.1.3,Win32,Firefox,Mozilla/5.0 (Windows NT 10.0; Win64; x64; rv:129.0) Gecko/20100101 Firefox/129.0,60,,,,,,,,,,,,,,,,,,,,,,,,,,,,,,,,,,,,,,,,,,,,,,,,,,,,,,,,,,,,,,,,,,,,,,,,,,,,,,,,,,,,,,,,,,,,,,,,,,,,,,,,,,,,,,,,,,,,,,,,,,,,,,,,,,,,,,,,,,,,,,,,,,69,0,69,0,1,,,,,,,,,,,,,,,,,
,,,,,,,,,,,,,,,,,120,4,2024-09-06_13h38.38.181,Symbol-E,2020.1.3,Win32,Firefox,Mozilla/5.0 (Windows NT 10.0; Win64; x64; rv:129.0) Gecko/20100101 Firefox/129.0,60,,,,,,,,,,,,,,,,,,,,,,,,,,,,,,,,,,,,media/ddnb.png,5,1,Symb,u,TR,0,0,1,0,8,0,70,0,1,2,1.043482969,u,1.202,5,1,,,,,,,,,,,,,,,,,,,,,,,,,,,,,,,,,,,,,,,,,,,,,,,,,,,,,,,,,,,,,,,,,,,,,,,,,,,,,,,,,,u,1,1.202,0,0,0,0,1,,,,,,,,,,,,,,,,,,,,,,
,,,,,,,,,,,,,,,,,120,4,2024-09-06_13h38.38.181,Symbol-E,2020.1.3,Win32,Firefox,Mozilla/5.0 (Windows NT 10.0; Win64; x64; rv:129.0) Gecko/20100101 Firefox/129.0,60,,,,,,,,,,,,,,,,,,,,,,,,,,,,,,,,,,,,,,,,,,,,,,,,,,,,,,,,,,,,,,,,,,,,,,,,,,,,,,,,,,,,,,,,,,,,,,,,,,,,,,,,,,,,,,,,,,,,,,,,,,,,,,,,,,,,,,,,,,,,,,,,,,70,0,70,0,1,,,,,,,,,,,,,,,,,
,,,,,,,,,,,,,,,,,120,4,2024-09-06_13h38.38.181,Symbol-E,2020.1.3,Win32,Firefox,Mozilla/5.0 (Windows NT 10.0; Win64; x64; rv:129.0) Gecko/20100101 Firefox/129.0,60,,,,,,,,,,,,,,,,,,,,,,,,,,,,,,,,,,,,media/dmnb.png,7,3,Symb,l,TR,0,0,1,0,8,0,71,0,1,2,0.332550798,u,1.424,5,0,,,,,,,,,,,,,,,,,,,,,,,,,,,,,,,,,,,,,,,,,,,,,,,,,,,,,,,,,,,,,,,,,,,,,,,,,,,,,,,,,,u,0,1.424,0,0,0,0,1,,,,,,,,,,,,,,,,,,,,,,
,,,,,,,,,,,,,,,,,120,4,2024-09-06_13h38.38.181,Symbol-E,2020.1.3,Win32,Firefox,Mozilla/5.0 (Windows NT 10.0; Win64; x64; rv:129.0) Gecko/20100101 Firefox/129.0,60,,,,,,,,,,,,,,,,,,,,,,,,,,,,,,,,,,,,,,,,,,,,,,,,,,,,,,,,,,,,,,,,,,,,,,,,,,,,,,,,,,,,,,,,,,,,,,,,,,,,,,,,,,,,,,,,,,,,,,,,,,,,,,,,,,,,,,,,,,,,,,,,,,71,0,71,0,1,,,,,,,,,,,,,,,,,
,,,,,,,,,,,,,,,,,120,4,2024-09-06_13h38.38.181,Symbol-E,2020.1.3,Win32,Firefox,Mozilla/5.0 (Windows NT 10.0; Win64; x64; rv:129.0) Gecko/20100101 Firefox/129.0,60,,,,,,,,,,,,,,,,,,,,,,,,,,,,,,,,,,,,media/djnb.png,0,0,Symb,a,TR,0,0,1,0,8,0,72,0,1,2,0.913758221,a,1.194,0,1,,,,,,,,,,,,,,,,,,,,,,,,,,,,,,,,,,,,,,,,,,,,,,,,,,,,,,,,,,,,,,,,,,,,,,,,,,,,,,,,,,a,1,1.194,0,0,0,0,1,,,,,,,,,,,,,,,,,,,,,,
,,,,,,,,,,,,,,,,,120,4,2024-09-06_13h38.38.181,Symbol-E,2020.1.3,Win32,Firefox,Mozilla/5.0 (Windows NT 10.0; Win64; x64; rv:129.0) Gecko/20100101 Firefox/129.0,60,,,,,,,,,,,,,,,,,,,,,,,,,,,,,,,,,,,,,,,,,,,,,,,,,,,,,,,,,,,,,,,,,,,,,,,,,,,,,,,,,,,,,,,,,,,,,,,,,,,,,,,,,,,,,,,,,,,,,,,,,,,,,,,,,,,,,,,,,,,,,,,,,,72,0,72,0,1,,,,,,,,,,,,,,,,,
,,,,,,,,,,,,,,,,,120,4,2024-09-06_13h38.38.181,Symbol-E,2020.1.3,Win32,Firefox,Mozilla/5.0 (Windows NT 10.0; Win64; x64; rv:129.0) Gecko/20100101 Firefox/129.0,60,,,,,,,,,,,,,,,,,,,,,,,,,,,,,,,,,,,,media/dnnb.png,2,2,Symb,e,TR,0,0,1,0,8,0,73,0,1,2,1.169489588,e,1.227,2,1,,,,,,,,,,,,,,,,,,,,,,,,,,,,,,,,,,,,,,,,,,,,,,,,,,,,,,,,,,,,,,,,,,,,,,,,,,,,,,,,,,e,1,1.227,0,0,0,0,1,,,,,,,,,,,,,,,,,,,,,,
,,,,,,,,,,,,,,,,,120,4,2024-09-06_13h38.38.181,Symbol-E,2020.1.3,Win32,Firefox,Mozilla/5.0 (Windows NT 10.0; Win64; x64; rv:129.0) Gecko/20100101 Firefox/129.0,60,,,,,,,,,,,,,,,,,,,,,,,,,,,,,,,,,,,,,,,,,,,,,,,,,,,,,,,,,,,,,,,,,,,,,,,,,,,,,,,,,,,,,,,,,,,,,,,,,,,,,,,,,,,,,,,,,,,,,,,,,,,,,,,,,,,,,,,,,,,,,,,,,,73,0,73,0,1,,,,,,,,,,,,,,,,,
,,,,,,,,,,,,,,,,,120,4,2024-09-06_13h38.38.181,Symbol-E,2020.1.3,Win32,Firefox,Mozilla/5.0 (Windows NT 10.0; Win64; x64; rv:129.0) Gecko/20100101 Firefox/129.0,60,,,,,,,,,,,,,,,,,,,,,,,,,,,,,,,,,,,,media/dmnb.png,7,3,Symb,l,TR,0,0,1,0,8,0,74,0,1,2,1.188513394,u,1.195,5,0,,,,,,,,,,,,,,,,,,,,,,,,,,,,,,,,,,,,,,,,,,,,,,,,,,,,,,,,,,,,,,,,,,,,,,,,,,,,,,,,,,u,0,1.195,0,0,0,0,1,,,,,,,,,,,,,,,,,,,,,,
,,,,,,,,,,,,,,,,,120,4,2024-09-06_13h38.38.181,Symbol-E,2020.1.3,Win32,Firefox,Mozilla/5.0 (Windows NT 10.0; Win64; x64; rv:129.0) Gecko/20100101 Firefox/129.0,60,,,,,,,,,,,,,,,,,,,,,,,,,,,,,,,,,,,,,,,,,,,,,,,,,,,,,,,,,,,,,,,,,,,,,,,,,,,,,,,,,,,,,,,,,,,,,,,,,,,,,,,,,,,,,,,,,,,,,,,,,,,,,,,,,,,,,,,,,,,,,,,,,,74,0,74,0,1,,,,,,,,,,,,,,,,,
,,,,,,,,,,,,,,,,,120,4,2024-09-06_13h38.38.181,Symbol-E,2020.1.3,Win32,Firefox,Mozilla/5.0 (Windows NT 10.0; Win64; x64; rv:129.0) Gecko/20100101 Firefox/129.0,60,,,,,,,,,,,,,,,,,,,,,,,,,,,,,,,,,,,,media/ddnb.png,5,1,Symb,u,TR,0,0,1,0,8,0,75,0,1,2,0.540758039,u,1.197,5,1,,,,,,,,,,,,,,,,,,,,,,,,,,,,,,,,,,,,,,,,,,,,,,,,,,,,,,,,,,,,,,,,,,,,,,,,,,,,,,,,,,u,1,1.197,0,0,0,0,1,,,,,,,,,,,,,,,,,,,,,,
,,,,,,,,,,,,,,,,,120,4,2024-09-06_13h38.38.181,Symbol-E,2020.1.3,Win32,Firefox,Mozilla/5.0 (Windows NT 10.0; Win64; x64; rv:129.0) Gecko/20100101 Firefox/129.0,60,,,,,,,,,,,,,,,,,,,,,,,,,,,,,,,,,,,,,,,,,,,,,,,,,,,,,,,,,,,,,,,,,,,,,,,,,,,,,,,,,,,,,,,,,,,,,,,,,,,,,,,,,,,,,,,,,,,,,,,,,,,,,,,,,,,,,,,,,,,,,,,,,,75,0,75,0,1,,,,,,,,,,,,,,,,,
,,,,,,,,,,,,,,,,,120,4,2024-09-06_13h38.38.181,Symbol-E,2020.1.3,Win32,Firefox,Mozilla/5.0 (Windows NT 10.0; Win64; x64; rv:129.0) Gecko/20100101 Firefox/129.0,60,,,,,,,,,,,,,,,,,,,,,,,,,,,,,,,,,,,,media/dinb.png,6,2,Symb,i,TR,0,0,1,0,8,0,76,0,1,2,0.245806186,u,1.452,5,0,,,,,,,,,,,,,,,,,,,,,,,,,,,,,,,,,,,,,,,,,,,,,,,,,,,,,,,,,,,,,,,,,,,,,,,,,,,,,,,,,,u,0,1.452,0,0,0,0,1,,,,,,,,,,,,,,,,,,,,,,
,,,,,,,,,,,,,,,,,120,4,2024-09-06_13h38.38.181,Symbol-E,2020.1.3,Win32,Firefox,Mozilla/5.0 (Windows NT 10.0; Win64; x64; rv:129.0) Gecko/20100101 Firefox/129.0,60,,,,,,,,,,,,,,,,,,,,,,,,,,,,,,,,,,,,,,,,,,,,,,,,,,,,,,,,,,,,,,,,,,,,,,,,,,,,,,,,,,,,,,,,,,,,,,,,,,,,,,,,,,,,,,,,,,,,,,,,,,,,,,,,,,,,,,,,,,,,,,,,,,76,0,76,0,1,,,,,,,,,,,,,,,,,
,,,,,,,,,,,,,,,,,120,4,2024-09-06_13h38.38.181,Symbol-E,2020.1.3,Win32,Firefox,Mozilla/5.0 (Windows NT 10.0; Win64; x64; rv:129.0) Gecko/20100101 Firefox/129.0,60,,,,,,,,,,,,,,,,,,,,,,,,,,,,,,,,,,,,media/dinb.png,6,2,Symb,i,TR,0,0,1,0,8,0,77,0,1,2,0.740312775,i,1.328,6,1,,,,,,,,,,,,,,,,,,,,,,,,,,,,,,,,,,,,,,,,,,,,,,,,,,,,,,,,,,,,,,,,,,,,,,,,,,,,,,,,,,i,1,1.328,0,0,0,0,1,,,,,,,,,,,,,,,,,,,,,,
,,,,,,,,,,,,,,,,,120,4,2024-09-06_13h38.38.181,Symbol-E,2020.1.3,Win32,Firefox,Mozilla/5.0 (Windows NT 10.0; Win64; x64; rv:129.0) Gecko/20100101 Firefox/129.0,60,,,,,,,,,,,,,,,,,,,,,,,,,,,,,,,,,,,,,,,,,,,,,,,,,,,,,,,,,,,,,,,,,,,,,,,,,,,,,,,,,,,,,,,,,,,,,,,,,,,,,,,,,,,,,,,,,,,,,,,,,,,,,,,,,,,,,,,,,,,,,,,,,,77,0,77,0,1,,,,,,,,,,,,,,,,,
,,,,,,,,,,,,,,,,,120,4,2024-09-06_13h38.38.181,Symbol-E,2020.1.3,Win32,Firefox,Mozilla/5.0 (Windows NT 10.0; Win64; x64; rv:129.0) Gecko/20100101 Firefox/129.0,60,,,,,,,,,,,,,,,,,,,,,,,,,,,,,,,,,,,,media/dfnb.png,1,1,Symb,w,TR,0,0,1,0,8,0,78,0,1,2,1.122439805,w,1.234,1,1,,,,,,,,,,,,,,,,,,,,,,,,,,,,,,,,,,,,,,,,,,,,,,,,,,,,,,,,,,,,,,,,,,,,,,,,,,,,,,,,,,w,1,1.234,0,0,0,0,1,,,,,,,,,,,,,,,,,,,,,,
,,,,,,,,,,,,,,,,,120,4,2024-09-06_13h38.38.181,Symbol-E,2020.1.3,Win32,Firefox,Mozilla/5.0 (Windows NT 10.0; Win64; x64; rv:129.0) Gecko/20100101 Firefox/129.0,60,,,,,,,,,,,,,,,,,,,,,,,,,,,,,,,,,,,,,,,,,,,,,,,,,,,,,,,,,,,,,,,,,,,,,,,,,,,,,,,,,,,,,,,,,,,,,,,,,,,,,,,,,,,,,,,,,,,,,,,,,,,,,,,,,,,,,,,,,,,,,,,,,,78,0,78,0,1,,,,,,,,,,,,,,,,,
,,,,,,,,,,,,,,,,,120,4,2024-09-06_13h38.38.181,Symbol-E,2020.1.3,Win32,Firefox,Mozilla/5.0 (Windows NT 10.0; Win64; x64; rv:129.0) Gecko/20100101 Firefox/129.0,60,,,,,,,,,,,,,,,,,,,,,,,,,,,,,,,,,,,,media/dcnb.png,4,0,Symb,h,TR,0,0,1,0,8,0,79,0,1,2,0.018829262,a,99,8,0,,,,,,,,,,,,,,,,,,,,h,0.505,,,,,,,,,,,,,,,,,,,,,,,,,,,,,,,,,,,,,,,,,,,,,,,,,,,,,,,,,,,,,,0,,,,,,,,,,,,0,0,0,0,1,,,,,,,,,,,,
,,,,,,,,,,,,,,,,,120,4,2024-09-06_13h38.38.181,Symbol-E,2020.1.3,Win32,Firefox,Mozilla/5.0 (Windows NT 10.0; Win64; x64; rv:129.0) Gecko/20100101 Firefox/129.0,60,,,,,,,,,,,,,,,,,,,,,,,,,,,,,,,,,,,,,,,,,,,,,,,,,,,,,,,,,,,,,,,,,,,,,,,,,,,,,,,,,,,,,,,,,,,,,,,,,,,,,,,,,,,,,,,,,,,,,,,,,,,,,,,,,,,,,,,,,,,,,,,,,,79,0,79,0,1,,,,,,,,,,,,,,,,,
,,,,,,,,,,,,,,,,,120,4,2024-09-06_13h38.38.181,Symbol-E,2020.1.3,Win32,Firefox,Mozilla/5.0 (Windows NT 10.0; Win64; x64; rv:129.0) Gecko/20100101 Firefox/129.0,60,,,,,,,,,,,,,,,,,,,,,,,,,,,,,,,,,,,,media/dcnb.png,4,0,Symb,h,TR,0,0,1,0,8,0,80,0,1,2,1.166833409,h,1.184,4,1,,,,,,,,,,,,,,,,,,,,,,,,,,,,,,,,,,,,,,,,,,,,,,,,,,,,,,,,,,,,,,,,,,,,,,,,,,,,,,,,,,h,1,1.184,0,0,0,0,1,,,,,,,,,,,,,,,,,,,,,,
,,,,,,,,,,,,,,,,,120,4,2024-09-06_13h38.38.181,Symbol-E,2020.1.3,Win32,Firefox,Mozilla/5.0 (Windows NT 10.0; Win64; x64; rv:129.0) Gecko/20100101 Firefox/129.0,60,,,,,,,,,,,,,,,,,,,,,,,,,,,,,,,,,,,,,,,,,,,,,,,,,,,,,,,,,,,,,,,,,,,,,,,,,,,,,,,,,,,,,,,,,,,,,,,,,,,,,,,,,,,,,,,,,,,,,,,,,,,,,,,,,,,,,,,,,,,,,,,,,,80,0,80,0,1,,,,,,,,,,,,,,,,,
,,,,,,,,,,,,,,,,,120,4,2024-09-06_13h38.38.181,Symbol-E,2020.1.3,Win32,Firefox,Mozilla/5.0 (Windows NT 10.0; Win64; x64; rv:129.0) Gecko/20100101 Firefox/129.0,60,,,,,,,,,,,,,,,,,,,,,,,,,,,,,,,,,,,,media/dnnb.png,2,2,Symb,e,TR,0,0,1,0,8,0,81,0,1,2,0.37379056,a,1.256,0,0,,,,,,,,,,,,,,,,,,,,,,,,,,,,,,,,,,,,,,,,,,,,,,,,,,,,,,,,,,,,,,,,,,,,,,,,,,,,,,,,,,a,0,1.256,0,0,0,0,1,,,,,,,,,,,,,,,,,,,,,,
,,,,,,,,,,,,,,,,,120,4,2024-09-06_13h38.38.181,Symbol-E,2020.1.3,Win32,Firefox,Mozilla/5.0 (Windows NT 10.0; Win64; x64; rv:129.0) Gecko/20100101 Firefox/129.0,60,,,,,,,,,,,,,,,,,,,,,,,,,,,,,,,,,,,,,,,,,,,,,,,,,,,,,,,,,,,,,,,,,,,,,,,,,,,,,,,,,,,,,,,,,,,,,,,,,,,,,,,,,,,,,,,,,,,,,,,,,,,,,,,,,,,,,,,,,,,,,,,,,,81,0,81,0,1,,,,,,,,,,,,,,,,,
,,,,,,,,,,,,,,,,,120,4,2024-09-06_13h38.38.181,Symbol-E,2020.1.3,Win32,Firefox,Mozilla/5.0 (Windows NT 10.0; Win64; x64; rv:129.0) Gecko/20100101 Firefox/129.0,60,,,,,,,,,,,,,,,,,,,,,,,,,,,,,,,,,,,,media/dfnb.png,1,1,Symb,w,TR,0,0,1,0,8,0,82,0,1,2,0.476452534,w,1.304,1,1,,,,,,,,,,,,,,,,,,,,,,,,,,,,,,,,,,,,,,,,,,,,,,,,,,,,,,,,,,,,,,,,,,,,,,,,,,,,,,,,,,w,1,1.304,0,0,0,0,1,,,,,,,,,,,,,,,,,,,,,,
,,,,,,,,,,,,,,,,,120,4,2024-09-06_13h38.38.181,Symbol-E,2020.1.3,Win32,Firefox,Mozilla/5.0 (Windows NT 10.0; Win64; x64; rv:129.0) Gecko/20100101 Firefox/129.0,60,,,,,,,,,,,,,,,,,,,,,,,,,,,,,,,,,,,,,,,,,,,,,,,,,,,,,,,,,,,,,,,,,,,,,,,,,,,,,,,,,,,,,,,,,,,,,,,,,,,,,,,,,,,,,,,,,,,,,,,,,,,,,,,,,,,,,,,,,,,,,,,,,,82,0,82,0,1,,,,,,,,,,,,,,,,,
,,,,,,,,,,,,,,,,,120,4,2024-09-06_13h38.38.181,Symbol-E,2020.1.3,Win32,Firefox,Mozilla/5.0 (Windows NT 10.0; Win64; x64; rv:129.0) Gecko/20100101 Firefox/129.0,60,,,,,,,,,,,,,,,,,,,,,,,,,,,,,,,,,,,,media/dinb.png,6,2,Symb,i,TR,0,0,1,0,8,0,83,0,1,2,0.633619276,u,1.284,5,0,,,,,,,,,,,,,,,,,,,,,,,,,,,,,,,,,,,,,,,,,,,,,,,,,,,,,,,,,,,,,,,,,,,,,,,,,,,,,,,,,,u,0,1.284,0,0,0,0,1,,,,,,,,,,,,,,,,,,,,,,
,,,,,,,,,,,,,,,,,120,4,2024-09-06_13h38.38.181,Symbol-E,2020.1.3,Win32,Firefox,Mozilla/5.0 (Windows NT 10.0; Win64; x64; rv:129.0) Gecko/20100101 Firefox/129.0,60,,,,,,,,,,,,,,,,,,,,,,,,,,,,,,,,,,,,,,,,,,,,,,,,,,,,,,,,,,,,,,,,,,,,,,,,,,,,,,,,,,,,,,,,,,,,,,,,,,,,,,,,,,,,,,,,,,,,,,,,,,,,,,,,,,,,,,,,,,,,,,,,,,83,0,83,0,1,,,,,,,,,,,,,,,,,
,,,,,,,,,,,,,,,,,120,4,2024-09-06_13h38.38.181,Symbol-E,2020.1.3,Win32,Firefox,Mozilla/5.0 (Windows NT 10.0; Win64; x64; rv:129.0) Gecko/20100101 Firefox/129.0,60,,,,,,,,,,,,,,,,,,,,,,,,,,,,,,,,,,,,media/dinb.png,6,2,Symb,i,TR,0,0,1,0,8,0,84,0,1,2,1.032173545,i,1.393,6,1,,,,,,,,,,,,,,,,,,,,,,,,,,,,,,,,,,,,,,,,,,,,,,,,,,,,,,,,,,,,,,,,,,,,,,,,,,,,,,,,,,i,1,1.393,0,0,0,0,1,,,,,,,,,,,,,,,,,,,,,,
,,,,,,,,,,,,,,,,,120,4,2024-09-06_13h38.38.181,Symbol-E,2020.1.3,Win32,Firefox,Mozilla/5.0 (Windows NT 10.0; Win64; x64; rv:129.0) Gecko/20100101 Firefox/129.0,60,,,,,,,,,,,,,,,,,,,,,,,,,,,,,,,,,,,,,,,,,,,,,,,,,,,,,,,,,,,,,,,,,,,,,,,,,,,,,,,,,,,,,,,,,,,,,,,,,,,,,,,,,,,,,,,,,,,,,,,,,,,,,,,,,,,,,,,,,,,,,,,,,,84,0,84,0,1,,,,,,,,,,,,,,,,,
,,,,,,,,,,,,,,,,,120,4,2024-09-06_13h38.38.181,Symbol-E,2020.1.3,Win32,Firefox,Mozilla/5.0 (Windows NT 10.0; Win64; x64; rv:129.0) Gecko/20100101 Firefox/129.0,60,,,,,,,,,,,,,,,,,,,,,,,,,,,,,,,,,,,,media/dfnb.png,1,1,Symb,w,TR,0,0,1,0,8,0,85,0,1,2,0.719826435,w,1.298,1,1,,,,,,,,,,,,,,,,,,,,,,,,,,,,,,,,,,,,,,,,,,,,,,,,,,,,,,,,,,,,,,,,,,,,,,,,,,,,,,,,,,w,1,1.298,0,0,0,0,1,,,,,,,,,,,,,,,,,,,,,,
,,,,,,,,,,,,,,,,,120,4,2024-09-06_13h38.38.181,Symbol-E,2020.1.3,Win32,Firefox,Mozilla/5.0 (Windows NT 10.0; Win64; x64; rv:129.0) Gecko/20100101 Firefox/129.0,60,,,,,,,,,,,,,,,,,,,,,,,,,,,,,,,,,,,,,,,,,,,,,,,,,,,,,,,,,,,,,,,,,,,,,,,,,,,,,,,,,,,,,,,,,,,,,,,,,,,,,,,,,,,,,,,,,,,,,,,,,,,,,,,,,,,,,,,,,,,,,,,,,,85,0,85,0,1,,,,,,,,,,,,,,,,,
,,,,,,,,,,,,,,,,,120,4,2024-09-06_13h38.38.181,Symbol-E,2020.1.3,Win32,Firefox,Mozilla/5.0 (Windows NT 10.0; Win64; x64; rv:129.0) Gecko/20100101 Firefox/129.0,60,,,,,,,,,,,,,,,,,,,,,,,,,,,,,,,,,,,,media/djnb.png,0,0,Symb,a,TR,0,0,1,0,8,0,86,0,1,2,1.110849617,a,1.19,0,1,,,,,,,,,,,,,,,,,,,,,,,,,,,,,,,,,,,,,,,,,,,,,,,,,,,,,,,,,,,,,,,,,,,,,,,,,,,,,,,,,,a,1,1.19,0,0,0,0,1,,,,,,,,,,,,,,,,,,,,,,
,,,,,,,,,,,,,,,,,120,4,2024-09-06_13h38.38.181,Symbol-E,2020.1.3,Win32,Firefox,Mozilla/5.0 (Windows NT 10.0; Win64; x64; rv:129.0) Gecko/20100101 Firefox/129.0,60,,,,,,,,,,,,,,,,,,,,,,,,,,,,,,,,,,,,,,,,,,,,,,,,,,,,,,,,,,,,,,,,,,,,,,,,,,,,,,,,,,,,,,,,,,,,,,,,,,,,,,,,,,,,,,,,,,,,,,,,,,,,,,,,,,,,,,,,,,,,,,,,,,86,0,86,0,1,,,,,,,,,,,,,,,,,
,,,,,,,,,,,,,,,,,120,4,2024-09-06_13h38.38.181,Symbol-E,2020.1.3,Win32,Firefox,Mozilla/5.0 (Windows NT 10.0; Win64; x64; rv:129.0) Gecko/20100101 Firefox/129.0,60,,,,,,,,,,,,,,,,,,,,,,,,,,,,,,,,,,,,media/dmnb.png,7,3,Symb,l,TR,0,0,1,0,8,0,87,0,1,2,1.035532919,l,1.322,7,1,,,,,,,,,,,,,,,,,,,,,,,,,,,,,,,,,,,,,,,,,,,,,,,,,,,,,,,,,,,,,,,,,,,,,,,,,,,,,,,,,,l,1,1.322,0,0,0,0,1,,,,,,,,,,,,,,,,,,,,,,
,,,,,,,,,,,,,,,,,120,4,2024-09-06_13h38.38.181,Symbol-E,2020.1.3,Win32,Firefox,Mozilla/5.0 (Windows NT 10.0; Win64; x64; rv:129.0) Gecko/20100101 Firefox/129.0,60,,,,,,,,,,,,,,,,,,,,,,,,,,,,,,,,,,,,,,,,,,,,,,,,,,,,,,,,,,,,,,,,,,,,,,,,,,,,,,,,,,,,,,,,,,,,,,,,,,,,,,,,,,,,,,,,,,,,,,,,,,,,,,,,,,,,,,,,,,,,,,,,,,87,0,87,0,1,,,,,,,,,,,,,,,,,
,,,,,,,,,,,,,,,,,120,4,2024-09-06_13h38.38.181,Symbol-E,2020.1.3,Win32,Firefox,Mozilla/5.0 (Windows NT 10.0; Win64; x64; rv:129.0) Gecko/20100101 Firefox/129.0,60,,,,,,,,,,,,,,,,,,,,,,,,,,,,,,,,,,,,media/dnnb.png,2,2,Symb,e,TR,0,0,1,0,8,0,88,0,1,2,0.620108798,e,1.298,2,1,,,,,,,,,,,,,,,,,,,,,,,,,,,,,,,,,,,,,,,,,,,,,,,,,,,,,,,,,,,,,,,,,,,,,,,,,,,,,,,,,,e,1,1.298,0,0,0,0,1,,,,,,,,,,,,,,,,,,,,,,
,,,,,,,,,,,,,,,,,120,4,2024-09-06_13h38.38.181,Symbol-E,2020.1.3,Win32,Firefox,Mozilla/5.0 (Windows NT 10.0; Win64; x64; rv:129.0) Gecko/20100101 Firefox/129.0,60,,,,,,,,,,,,,,,,,,,,,,,,,,,,,,,,,,,,,,,,,,,,,,,,,,,,,,,,,,,,,,,,,,,,,,,,,,,,,,,,,,,,,,,,,,,,,,,,,,,,,,,,,,,,,,,,,,,,,,,,,,,,,,,,,,,,,,,,,,,,,,,,,,88,0,88,0,1,,,,,,,,,,,,,,,,,
,,,,,,,,,,,,,,,,,120,4,2024-09-06_13h38.38.181,Symbol-E,2020.1.3,Win32,Firefox,Mozilla/5.0 (Windows NT 10.0; Win64; x64; rv:129.0) Gecko/20100101 Firefox/129.0,60,,,,,,,,,,,,,,,,,,,,,,,,,,,,,,,,,,,,media/djnb.png,0,0,Symb,a,TR,0,0,1,0,8,0,89,0,1,2,0.858895624,a,1.226,0,1,,,,,,,,,,,,,,,,,,,,,,,,,,,,,,,,,,,,,,,,,,,,,,,,,,,,,,,,,,,,,,,,,,,,,,,,,,,,,,,,,,a,1,1.226,0,0,0,0,1,,,,,,,,,,,,,,,,,,,,,,
,,,,,,,,,,,,,,,,,120,4,2024-09-06_13h38.38.181,Symbol-E,2020.1.3,Win32,Firefox,Mozilla/5.0 (Windows NT 10.0; Win64; x64; rv:129.0) Gecko/20100101 Firefox/129.0,60,,,,,,,,,,,,,,,,,,,,,,,,,,,,,,,,,,,,,,,,,,,,,,,,,,,,,,,,,,,,,,,,,,,,,,,,,,,,,,,,,,,,,,,,,,,,,,,,,,,,,,,,,,,,,,,,,,,,,,,,,,,,,,,,,,,,,,,,,,,,,,,,,,89,0,89,0,1,,,,,,,,,,,,,,,,,
,,,,,,,,,,,,,,,,,120,4,2024-09-06_13h38.38.181,Symbol-E,2020.1.3,Win32,Firefox,Mozilla/5.0 (Windows NT 10.0; Win64; x64; rv:129.0) Gecko/20100101 Firefox/129.0,60,,,,,,,,,,,,,,,,,,,,,,,,,,,,,,,,,,,,media/dgnb.png,3,3,Symb,f,TR,0,0,1,0,8,0,90,0,1,2,0.186709504,a,99,8,0,,,,,,,,,,,,,,,,,,,,h,0.047,,,,,,,,,,,,,,,,,,,,,,,,,,,,,,,,,,,,,,,,,,,,,,,,,,,,,,,,,,,,,,0,,,,,,,,,,,,0,0,0,0,1,,,,,,,,,,,,
,,,,,,,,,,,,,,,,,120,4,2024-09-06_13h38.38.181,Symbol-E,2020.1.3,Win32,Firefox,Mozilla/5.0 (Windows NT 10.0; Win64; x64; rv:129.0) Gecko/20100101 Firefox/129.0,60,,,,,,,,,,,,,,,,,,,,,,,,,,,,,,,,,,,,,,,,,,,,,,,,,,,,,,,,,,,,,,,,,,,,,,,,,,,,,,,,,,,,,,,,,,,,,,,,,,,,,,,,,,,,,,,,,,,,,,,,,,,,,,,,,,,,,,,,,,,,,,,,,,90,0,90,0,1,,,,,,,,,,,,,,,,,
,,,,,,,,,,,,,,,,,120,4,2024-09-06_13h38.38.181,Symbol-E,2020.1.3,Win32,Firefox,Mozilla/5.0 (Windows NT 10.0; Win64; x64; rv:129.0) Gecko/20100101 Firefox/129.0,60,,,,,,,,,,,,,,,,,,,,,,,,,,,,,,,,,,,,media/dmnb.png,7,3,Symb,l,TR,0,0,1,0,8,0,91,0,1,2,0.757668793,h,1.377,4,0,,,,,,,,,,,,,,,,,,,,,,,,,,,,,,,,,,,,,,,,,,,,,,,,,,,,,,,,,,,,,,,,,,,,,,,,,,,,,,,,,,h,0,1.377,0,0,0,0,1,,,,,,,,,,,,,,,,,,,,,,
,,,,,,,,,,,,,,,,,120,4,2024-09-06_13h38.38.181,Symbol-E,2020.1.3,Win32,Firefox,Mozilla/5.0 (Windows NT 10.0; Win64; x64; rv:129.0) Gecko/20100101 Firefox/129.0,60,,,,,,,,,,,,,,,,,,,,,,,,,,,,,,,,,,,,,,,,,,,,,,,,,,,,,,,,,,,,,,,,,,,,,,,,,,,,,,,,,,,,,,,,,,,,,,,,,,,,,,,,,,,,,,,,,,,,,,,,,,,,,,,,,,,,,,,,,,,,,,,,,,91,0,91,0,1,,,,,,,,,,,,,,,,,
,,,,,,,,,,,,,,,,,120,4,2024-09-06_13h38.38.181,Symbol-E,2020.1.3,Win32,Firefox,Mozilla/5.0 (Windows NT 10.0; Win64; x64; rv:129.0) Gecko/20100101 Firefox/129.0,60,,,,,,,,,,,,,,,,,,,,,,,,,,,,,,,,,,,,media/ddnb.png,5,1,Symb,u,TR,0,0,1,0,8,0,92,0,1,2,1.173440094,u,1.187,5,1,,,,,,,,,,,,,,,,,,,,,,,,,,,,,,,,,,,,,,,,,,,,,,,,,,,,,,,,,,,,,,,,,,,,,,,,,,,,,,,,,,u,1,1.187,0,0,0,0,1,,,,,,,,,,,,,,,,,,,,,,
,,,,,,,,,,,,,,,,,120,4,2024-09-06_13h38.38.181,Symbol-E,2020.1.3,Win32,Firefox,Mozilla/5.0 (Windows NT 10.0; Win64; x64; rv:129.0) Gecko/20100101 Firefox/129.0,60,,,,,,,,,,,,,,,,,,,,,,,,,,,,,,,,,,,,,,,,,,,,,,,,,,,,,,,,,,,,,,,,,,,,,,,,,,,,,,,,,,,,,,,,,,,,,,,,,,,,,,,,,,,,,,,,,,,,,,,,,,,,,,,,,,,,,,,,,,,,,,,,,,92,0,92,0,1,,,,,,,,,,,,,,,,,
,,,,,,,,,,,,,,,,,120,4,2024-09-06_13h38.38.181,Symbol-E,2020.1.3,Win32,Firefox,Mozilla/5.0 (Windows NT 10.0; Win64; x64; rv:129.0) Gecko/20100101 Firefox/129.0,60,,,,,,,,,,,,,,,,,,,,,,,,,,,,,,,,,,,,media/dcnb.png,4,0,Symb,h,TR,0,0,1,0,8,0,93,0,1,2,0.680525236,a,1.347,0,0,,,,,,,,,,,,,,,,,,,,,,,,,,,,,,,,,,,,,,,,,,,,,,,,,,,,,,,,,,,,,,,,,,,,,,,,,,,,,,,,,,a,0,1.347,0,0,0,0,1,,,,,,,,,,,,,,,,,,,,,,
,,,,,,,,,,,,,,,,,120,4,2024-09-06_13h38.38.181,Symbol-E,2020.1.3,Win32,Firefox,Mozilla/5.0 (Windows NT 10.0; Win64; x64; rv:129.0) Gecko/20100101 Firefox/129.0,60,,,,,,,,,,,,,,,,,,,,,,,,,,,,,,,,,,,,,,,,,,,,,,,,,,,,,,,,,,,,,,,,,,,,,,,,,,,,,,,,,,,,,,,,,,,,,,,,,,,,,,,,,,,,,,,,,,,,,,,,,,,,,,,,,,,,,,,,,,,,,,,,,,93,0,93,0,1,,,,,,,,,,,,,,,,,
,,,,,,,,,,,,,,,,,120,4,2024-09-06_13h38.38.181,Symbol-E,2020.1.3,Win32,Firefox,Mozilla/5.0 (Windows NT 10.0; Win64; x64; rv:129.0) Gecko/20100101 Firefox/129.0,60,,,,,,,,,,,,,,,,,,,,,,,,,,,,,,,,,,,,media/ddnb.png,5,1,Symb,u,TR,0,0,1,0,8,0,94,0,1,2,0.879989146,u,1.333,5,1,,,,,,,,,,,,,,,,,,,,,,,,,,,,,,,,,,,,,,,,,,,,,,,,,,,,,,,,,,,,,,,,,,,,,,,,,,,,,,,,,,u,1,1.333,0,0,0,0,1,,,,,,,,,,,,,,,,,,,,,,
,,,,,,,,,,,,,,,,,120,4,2024-09-06_13h38.38.181,Symbol-E,2020.1.3,Win32,Firefox,Mozilla/5.0 (Windows NT 10.0; Win64; x64; rv:129.0) Gecko/20100101 Firefox/129.0,60,,,,,,,,,,,,,,,,,,,,,,,,,,,,,,,,,,,,,,,,,,,,,,,,,,,,,,,,,,,,,,,,,,,,,,,,,,,,,,,,,,,,,,,,,,,,,,,,,,,,,,,,,,,,,,,,,,,,,,,,,,,,,,,,,,,,,,,,,,,,,,,,,,94,0,94,0,1,,,,,,,,,,,,,,,,,
,,,,,,,,,,,,,,,,,120,4,2024-09-06_13h38.38.181,Symbol-E,2020.1.3,Win32,Firefox,Mozilla/5.0 (Windows NT 10.0; Win64; x64; rv:129.0) Gecko/20100101 Firefox/129.0,60,,,,,,,,,,,,,,,,,,,,,,,,,,,,,,,,,,,,media/dgnb.png,3,3,Symb,f,TR,0,0,1,0,8,0,95,0,1,2,0.776439318,f,1.231,3,1,,,,,,,,,,,,,,,,,,,,,,,,,,,,,,,,,,,,,,,,,,,,,,,,,,,,,,,,,,,,,,,,,,,,,,,,,,,,,,,,,,f,1,1.231,0,0,0,0,1,,,,,,,,,,,,,,,,,,,,,,
,,,,,,,,,,,,,,,,,120,4,2024-09-06_13h38.38.181,Symbol-E,2020.1.3,Win32,Firefox,Mozilla/5.0 (Windows NT 10.0; Win64; x64; rv:129.0) Gecko/20100101 Firefox/129.0,60,,,,,,,,,,,,,,,,,,,,,,,,,,,,,,,,,,,,,,,,,,,,,,,,,,,,,,,,,,,,,,,,,,,,,,,,,,,,,,,,,,,,,,,,,,,,,,,,,,,,,,,,,,,,,,,,,,,,,,,,,,,,,,,,,,,,,,,,,,,,,,,,,,95,0,95,0,1,,,,,,,,,,,,,,,,,
,,,,,,,,,,,,,,,,,120,4,2024-09-06_13h38.38.181,Symbol-E,2020.1.3,Win32,Firefox,Mozilla/5.0 (Windows NT 10.0; Win64; x64; rv:129.0) Gecko/20100101 Firefox/129.0,60,,,,,,,,,,,,,,,,,,,,,,,,,,,,,,,,,,,,,,,,,,,,,,,,,,,,,,,,,,,,,,,,,,,,,,,,,,,,,,,,,,,,,,,,,,,,,,,,,,,,,,,,,,,,,,,,,,,,,,,,,,,,,,,,,,,,,,,,,,,,,,,,,,,,,,,,,,,,1,0,1,0,1,,,,,,,
,,,,,,,,,,,,,,,,,120,4,2024-09-06_13h38.38.181,Symbol-E,2020.1.3,Win32,Firefox,Mozilla/5.0 (Windows NT 10.0; Win64; x64; rv:129.0) Gecko/20100101 Firefox/129.0,60,,,,,,,,,,,,,,,,,,,,,,,,,,,,,,,,,,,,media/dgnb.png,3,3,Symb,f,TR,0,0,1,0,8,0,0,0,1,3,0.036695704,a,99,8,0,,,,,,,,,,,,,,,,u,0.404,,,h,0.855,,,,,,,,,,,,,,,,,,,,,,,,,,,,,,,,,,,,,,,,,,,,,,,,,,,,,,,,,,,,,,0,,,,,,,,,,,,0,0,0,0,1,,,,,,,,,,,,
,,,,,,,,,,,,,,,,,120,4,2024-09-06_13h38.38.181,Symbol-E,2020.1.3,Win32,Firefox,Mozilla/5.0 (Windows NT 10.0; Win64; x64; rv:129.0) Gecko/20100101 Firefox/129.0,60,,,,,,,,,,,,,,,,,,,,,,,,,,,,,,,,,,,,,,,,,,,,,,,,,,,,,,,,,,,,,,,,,,,,,,,,,,,,,,,,,,,,,,,,,,,,,,,,,,,,,,,,,,,,,,,,,,,,,,,,,,,,,,,,,,,,,,,,,,,,,,,,,,0,0,0,0,1,,,,,,,,,,,,,,,,,
,,,,,,,,,,,,,,,,,120,4,2024-09-06_13h38.38.181,Symbol-E,2020.1.3,Win32,Firefox,Mozilla/5.0 (Windows NT 10.0; Win64; x64; rv:129.0) Gecko/20100101 Firefox/129.0,60,,,,,,,,,,,,,,,,,,,,,,,,,,,,,,,,,,,,media/dmnb.png,7,3,Symb,l,TR,0,0,1,0,8,0,1,0,1,3,0.915220659,l,1.382,7,1,,,,,,,,,,,,,,,,,,,,,,,,,,,,,,,,,,,,,,,,,,,,,,,,,,,,,,,,,,,,,,,,,,,,,,,,,,,,,,,,,,l,1,1.382,0,0,0,0,1,,,,,,,,,,,,,,,,,,,,,,
,,,,,,,,,,,,,,,,,120,4,2024-09-06_13h38.38.181,Symbol-E,2020.1.3,Win32,Firefox,Mozilla/5.0 (Windows NT 10.0; Win64; x64; rv:129.0) Gecko/20100101 Firefox/129.0,60,,,,,,,,,,,,,,,,,,,,,,,,,,,,,,,,,,,,,,,,,,,,,,,,,,,,,,,,,,,,,,,,,,,,,,,,,,,,,,,,,,,,,,,,,,,,,,,,,,,,,,,,,,,,,,,,,,,,,,,,,,,,,,,,,,,,,,,,,,,,,,,,,,1,0,1,0,1,,,,,,,,,,,,,,,,,
,,,,,,,,,,,,,,,,,120,4,2024-09-06_13h38.38.181,Symbol-E,2020.1.3,Win32,Firefox,Mozilla/5.0 (Windows NT 10.0; Win64; x64; rv:129.0) Gecko/20100101 Firefox/129.0,60,,,,,,,,,,,,,,,,,,,,,,,,,,,,,,,,,,,,media/ddnb.png,5,1,Symb,u,TR,0,0,1,0,8,0,2,0,1,3,0.632177897,u,1.176,5,1,,,,,,,,,,,,,,,,,,,,,,,,,,,,,,,,,,,,,,,,,,,,,,,,,,,,,,,,,,,,,,,,,,,,,,,,,,,,,,,,,,u,1,1.176,0,0,0,0,1,,,,,,,,,,,,,,,,,,,,,,
,,,,,,,,,,,,,,,,,120,4,2024-09-06_13h38.38.181,Symbol-E,2020.1.3,Win32,Firefox,Mozilla/5.0 (Windows NT 10.0; Win64; x64; rv:129.0) Gecko/20100101 Firefox/129.0,60,,,,,,,,,,,,,,,,,,,,,,,,,,,,,,,,,,,,,,,,,,,,,,,,,,,,,,,,,,,,,,,,,,,,,,,,,,,,,,,,,,,,,,,,,,,,,,,,,,,,,,,,,,,,,,,,,,,,,,,,,,,,,,,,,,,,,,,,,,,,,,,,,,2,0,2,0,1,,,,,,,,,,,,,,,,,
,,,,,,,,,,,,,,,,,120,4,2024-09-06_13h38.38.181,Symbol-E,2020.1.3,Win32,Firefox,Mozilla/5.0 (Windows NT 10.0; Win64; x64; rv:129.0) Gecko/20100101 Firefox/129.0,60,,,,,,,,,,,,,,,,,,,,,,,,,,,,,,,,,,,,media/dcnb.png,4,0,Symb,h,TR,0,0,1,0,8,0,3,0,1,3,0.77524307,h,1.366,4,1,,,,,,,,,,,,,,,,,,,,,,,,,,,,,,,,,,,,,,,,,,,,,,,,,,,,,,,,,,,,,,,,,,,,,,,,,,,,,,,,,,h,1,1.366,0,0,0,0,1,,,,,,,,,,,,,,,,,,,,,,
,,,,,,,,,,,,,,,,,120,4,2024-09-06_13h38.38.181,Symbol-E,2020.1.3,Win32,Firefox,Mozilla/5.0 (Windows NT 10.0; Win64; x64; rv:129.0) Gecko/20100101 Firefox/129.0,60,,,,,,,,,,,,,,,,,,,,,,,,,,,,,,,,,,,,,,,,,,,,,,,,,,,,,,,,,,,,,,,,,,,,,,,,,,,,,,,,,,,,,,,,,,,,,,,,,,,,,,,,,,,,,,,,,,,,,,,,,,,,,,,,,,,,,,,,,,,,,,,,,,3,0,3,0,1,,,,,,,,,,,,,,,,,
,,,,,,,,,,,,,,,,,120,4,2024-09-06_13h38.38.181,Symbol-E,2020.1.3,Win32,Firefox,Mozilla/5.0 (Windows NT 10.0; Win64; x64; rv:129.0) Gecko/20100101 Firefox/129.0,60,,,,,,,,,,,,,,,,,,,,,,,,,,,,,,,,,,,,media/dmnb.png,7,3,Symb,l,TR,0,0,1,0,8,0,4,0,1,3,0.299730311,w,1.421,1,0,,,,,,,,,,,,,,,,,,,,,,,,,,,,,,,,,,,,,,,,,,,,,,,,,,,,,,,,,,,,,,,,,,,,,,,,,,,,,,,,,,w,0,1.421,0,0,0,0,1,,,,,,,,,,,,,,,,,,,,,,
,,,,,,,,,,,,,,,,,120,4,2024-09-06_13h38.38.181,Symbol-E,2020.1.3,Win32,Firefox,Mozilla/5.0 (Windows NT 10.0; Win64; x64; rv:129.0) Gecko/20100101 Firefox/129.0,60,,,,,,,,,,,,,,,,,,,,,,,,,,,,,,,,,,,,,,,,,,,,,,,,,,,,,,,,,,,,,,,,,,,,,,,,,,,,,,,,,,,,,,,,,,,,,,,,,,,,,,,,,,,,,,,,,,,,,,,,,,,,,,,,,,,,,,,,,,,,,,,,,,4,0,4,0,1,,,,,,,,,,,,,,,,,
,,,,,,,,,,,,,,,,,120,4,2024-09-06_13h38.38.181,Symbol-E,2020.1.3,Win32,Firefox,Mozilla/5.0 (Windows NT 10.0; Win64; x64; rv:129.0) Gecko/20100101 Firefox/129.0,60,,,,,,,,,,,,,,,,,,,,,,,,,,,,,,,,,,,,media/dgnb.png,3,3,Symb,f,TR,0,0,1,0,8,0,5,0,1,3,0.699662748,f,1.196,3,1,,,,,,,,,,,,,,,,,,,,,,,,,,,,,,,,,,,,,,,,,,,,,,,,,,,,,,,,,,,,,,,,,,,,,,,,,,,,,,,,,,f,1,1.196,0,0,0,0,1,,,,,,,,,,,,,,,,,,,,,,
,,,,,,,,,,,,,,,,,120,4,2024-09-06_13h38.38.181,Symbol-E,2020.1.3,Win32,Firefox,Mozilla/5.0 (Windows NT 10.0; Win64; x64; rv:129.0) Gecko/20100101 Firefox/129.0,60,,,,,,,,,,,,,,,,,,,,,,,,,,,,,,,,,,,,,,,,,,,,,,,,,,,,,,,,,,,,,,,,,,,,,,,,,,,,,,,,,,,,,,,,,,,,,,,,,,,,,,,,,,,,,,,,,,,,,,,,,,,,,,,,,,,,,,,,,,,,,,,,,,5,0,5,0,1,,,,,,,,,,,,,,,,,
,,,,,,,,,,,,,,,,,120,4,2024-09-06_13h38.38.181,Symbol-E,2020.1.3,Win32,Firefox,Mozilla/5.0 (Windows NT 10.0; Win64; x64; rv:129.0) Gecko/20100101 Firefox/129.0,60,,,,,,,,,,,,,,,,,,,,,,,,,,,,,,,,,,,,media/dnnb.png,2,2,Symb,e,TR,0,0,1,0,8,0,6,0,1,3,0.162481867,e,1.461,2,1,,,,,,,,,,,,,,,,,,,,,,,,,,,,,,,,,,,,,,,,,,,,,,,,,,,,,,,,,,,,,,,,,,,,,,,,,,,,,,,,,,e,1,1.461,0,0,0,0,1,,,,,,,,,,,,,,,,,,,,,,
,,,,,,,,,,,,,,,,,120,4,2024-09-06_13h38.38.181,Symbol-E,2020.1.3,Win32,Firefox,Mozilla/5.0 (Windows NT 10.0; Win64; x64; rv:129.0) Gecko/20100101 Firefox/129.0,60,,,,,,,,,,,,,,,,,,,,,,,,,,,,,,,,,,,,,,,,,,,,,,,,,,,,,,,,,,,,,,,,,,,,,,,,,,,,,,,,,,,,,,,,,,,,,,,,,,,,,,,,,,,,,,,,,,,,,,,,,,,,,,,,,,,,,,,,,,,,,,,,,,6,0,6,0,1,,,,,,,,,,,,,,,,,
,,,,,,,,,,,,,,,,,120,4,2024-09-06_13h38.38.181,Symbol-E,2020.1.3,Win32,Firefox,Mozilla/5.0 (Windows NT 10.0; Win64; x64; rv:129.0) Gecko/20100101 Firefox/129.0,60,,,,,,,,,,,,,,,,,,,,,,,,,,,,,,,,,,,,media/djnb.png,0,0,Symb,a,TR,0,0,1,0,8,0,7,0,1,3,0.112387564,a,99,8,0,,,,,,,,,,,,,,,,,,,,h,0.554,,,,,,,,,,,,,,,,,,,,,,,,,,,,,,,,,,,,,,,,,,,,,,,,,,,,,,,,,,,,,,0,,,,,,,,,,,,0,0,0,0,1,,,,,,,,,,,,
,,,,,,,,,,,,,,,,,120,4,2024-09-06_13h38.38.181,Symbol-E,2020.1.3,Win32,Firefox,Mozilla/5.0 (Windows NT 10.0; Win64; x64; rv:129.0) Gecko/20100101 Firefox/129.0,60,,,,,,,,,,,,,,,,,,,,,,,,,,,,,,,,,,,,,,,,,,,,,,,,,,,,,,,,,,,,,,,,,,,,,,,,,,,,,,,,,,,,,,,,,,,,,,,,,,,,,,,,,,,,,,,,,,,,,,,,,,,,,,,,,,,,,,,,,,,,,,,,,,7,0,7,0,1,,,,,,,,,,,,,,,,,
,,,,,,,,,,,,,,,,,120,4,2024-09-06_13h38.38.181,Symbol-E,2020.1.3,Win32,Firefox,Mozilla/5.0 (Windows NT 10.0; Win64; x64; rv:129.0) Gecko/20100101 Firefox/129.0,60,,,,,,,,,,,,,,,,,,,,,,,,,,,,,,,,,,,,media/dcnb.png,4,0,Symb,h,TR,0,0,1,0,8,0,8,0,1,3,0.842388878,h,1.31,4,1,,,,,,,,,,,,,,,,,,,,,,,,,,,,,,,,,,,,,,,,,,,,,,,,,,,,,,,,,,,,,,,,,,,,,,,,,,,,,,,,,,h,1,1.31,0,0,0,0,1,,,,,,,,,,,,,,,,,,,,,,
,,,,,,,,,,,,,,,,,120,4,2024-09-06_13h38.38.181,Symbol-E,2020.1.3,Win32,Firefox,Mozilla/5.0 (Windows NT 10.0; Win64; x64; rv:129.0) Gecko/20100101 Firefox/129.0,60,,,,,,,,,,,,,,,,,,,,,,,,,,,,,,,,,,,,,,,,,,,,,,,,,,,,,,,,,,,,,,,,,,,,,,,,,,,,,,,,,,,,,,,,,,,,,,,,,,,,,,,,,,,,,,,,,,,,,,,,,,,,,,,,,,,,,,,,,,,,,,,,,,8,0,8,0,1,,,,,,,,,,,,,,,,,
,,,,,,,,,,,,,,,,,120,4,2024-09-06_13h38.38.181,Symbol-E,2020.1.3,Win32,Firefox,Mozilla/5.0 (Windows NT 10.0; Win64; x64; rv:129.0) Gecko/20100101 Firefox/129.0,60,,,,,,,,,,,,,,,,,,,,,,,,,,,,,,,,,,,,media/dfnb.png,1,1,Symb,w,TR,0,0,1,0,8,0,9,0,1,3,1.08618101,w,1.273,1,1,,,,,,,,,,,,,,,,,,,,,,,,,,,,,,,,,,,,,,,,,,,,,,,,,,,,,,,,,,,,,,,,,,,,,,,,,,,,,,,,,,w,1,1.273,0,0,0,0,1,,,,,,,,,,,,,,,,,,,,,,
,,,,,,,,,,,,,,,,,120,4,2024-09-06_13h38.38.181,Symbol-E,2020.1.3,Win32,Firefox,Mozilla/5.0 (Windows NT 10.0; Win64; x64; rv:129.0) Gecko/20100101 Firefox/129.0,60,,,,,,,,,,,,,,,,,,,,,,,,,,,,,,,,,,,,,,,,,,,,,,,,,,,,,,,,,,,,,,,,,,,,,,,,,,,,,,,,,,,,,,,,,,,,,,,,,,,,,,,,,,,,,,,,,,,,,,,,,,,,,,,,,,,,,,,,,,,,,,,,,,9,0,9,0,1,,,,,,,,,,,,,,,,,
,,,,,,,,,,,,,,,,,120,4,2024-09-06_13h38.38.181,Symbol-E,2020.1.3,Win32,Firefox,Mozilla/5.0 (Windows NT 10.0; Win64; x64; rv:129.0) Gecko/20100101 Firefox/129.0,60,,,,,,,,,,,,,,,,,,,,,,,,,,,,,,,,,,,,media/dnnb.png,2,2,Symb,e,TR,0,0,1,0,8,0,10,0,1,3,0.094166094,h,1.446,4,0,,,,,,,,,,,,,,,,,,,,,,,,,,,,,,,,,,,,,,,,,,,,,,,,,,,,,,,,,,,,,,,,,,,,,,,,,,,,,,,,,,h,0,1.446,0,0,0,0,1,,,,,,,,,,,,,,,,,,,,,,
,,,,,,,,,,,,,,,,,120,4,2024-09-06_13h38.38.181,Symbol-E,2020.1.3,Win32,Firefox,Mozilla/5.0 (Windows NT 10.0; Win64; x64; rv:129.0) Gecko/20100101 Firefox/129.0,60,,,,,,,,,,,,,,,,,,,,,,,,,,,,,,,,,,,,,,,,,,,,,,,,,,,,,,,,,,,,,,,,,,,,,,,,,,,,,,,,,,,,,,,,,,,,,,,,,,,,,,,,,,,,,,,,,,,,,,,,,,,,,,,,,,,,,,,,,,,,,,,,,,10,0,10,0,1,,,,,,,,,,,,,,,,,
,,,,,,,,,,,,,,,,,120,4,2024-09-06_13h38.38.181,Symbol-E,2020.1.3,Win32,Firefox,Mozilla/5.0 (Windows NT 10.0; Win64; x64; rv:129.0) Gecko/20100101 Firefox/129.0,60,,,,,,,,,,,,,,,,,,,,,,,,,,,,,,,,,,,,media/djnb.png,0,0,Symb,a,TR,0,0,1,0,8,0,11,0,1,3,0.640823401,a,1.26,0,1,,,,,,,,,,,,,,,,,,,,,,,,,,,,,,,,,,,,,,,,,,,,,,,,,,,,,,,,,,,,,,,,,,,,,,,,,,,,,,,,,,a,1,1.26,0,0,0,0,1,,,,,,,,,,,,,,,,,,,,,,
,,,,,,,,,,,,,,,,,120,4,2024-09-06_13h38.38.181,Symbol-E,2020.1.3,Win32,Firefox,Mozilla/5.0 (Windows NT 10.0; Win64; x64; rv:129.0) Gecko/20100101 Firefox/129.0,60,,,,,,,,,,,,,,,,,,,,,,,,,,,,,,,,,,,,,,,,,,,,,,,,,,,,,,,,,,,,,,,,,,,,,,,,,,,,,,,,,,,,,,,,,,,,,,,,,,,,,,,,,,,,,,,,,,,,,,,,,,,,,,,,,,,,,,,,,,,,,,,,,,11,0,11,0,1,,,,,,,,,,,,,,,,,
,,,,,,,,,,,,,,,,,120,4,2024-09-06_13h38.38.181,Symbol-E,2020.1.3,Win32,Firefox,Mozilla/5.0 (Windows NT 10.0; Win64; x64; rv:129.0) Gecko/20100101 Firefox/129.0,60,,,,,,,,,,,,,,,,,,,,,,,,,,,,,,,,,,,,media/dinb.png,6,2,Symb,i,TR,0,0,1,0,8,0,12,0,1,3,0.189874268,a,99,8,0,,,,,,,,,,,,,,,,,,,,h,1.334,,,,,,,,,,,,,,,,,,,,,,,,,,,,,,,,,,,,,,,,,,,,,,,,,,,,,,,,,,,,,,0,,,,,,,,,,,,0,0,0,0,1,,,,,,,,,,,,
,,,,,,,,,,,,,,,,,120,4,2024-09-06_13h38.38.181,Symbol-E,2020.1.3,Win32,Firefox,Mozilla/5.0 (Windows NT 10.0; Win64; x64; rv:129.0) Gecko/20100101 Firefox/129.0,60,,,,,,,,,,,,,,,,,,,,,,,,,,,,,,,,,,,,,,,,,,,,,,,,,,,,,,,,,,,,,,,,,,,,,,,,,,,,,,,,,,,,,,,,,,,,,,,,,,,,,,,,,,,,,,,,,,,,,,,,,,,,,,,,,,,,,,,,,,,,,,,,,,12,0,12,0,1,,,,,,,,,,,,,,,,,
,,,,,,,,,,,,,,,,,120,4,2024-09-06_13h38.38.181,Symbol-E,2020.1.3,Win32,Firefox,Mozilla/5.0 (Windows NT 10.0; Win64; x64; rv:129.0) Gecko/20100101 Firefox/129.0,60,,,,,,,,,,,,,,,,,,,,,,,,,,,,,,,,,,,,media/dfnb.png,1,1,Symb,w,TR,0,0,1,0,8,0,13,0,1,3,0.109010131,a,99,8,0,,,,,,,,,,,,,,,,,,,,h,0.05,,,,,,,,,,,,,,,,,,,,,,,,,,,,,,,,,,,,,,,,,,,,,,,,,,,,,,,,,,,,,,0,,,,,,,,,,,,0,0,0,0,1,,,,,,,,,,,,
,,,,,,,,,,,,,,,,,120,4,2024-09-06_13h38.38.181,Symbol-E,2020.1.3,Win32,Firefox,Mozilla/5.0 (Windows NT 10.0; Win64; x64; rv:129.0) Gecko/20100101 Firefox/129.0,60,,,,,,,,,,,,,,,,,,,,,,,,,,,,,,,,,,,,,,,,,,,,,,,,,,,,,,,,,,,,,,,,,,,,,,,,,,,,,,,,,,,,,,,,,,,,,,,,,,,,,,,,,,,,,,,,,,,,,,,,,,,,,,,,,,,,,,,,,,,,,,,,,,13,0,13,0,1,,,,,,,,,,,,,,,,,
,,,,,,,,,,,,,,,,,120,4,2024-09-06_13h38.38.181,Symbol-E,2020.1.3,Win32,Firefox,Mozilla/5.0 (Windows NT 10.0; Win64; x64; rv:129.0) Gecko/20100101 Firefox/129.0,60,,,,,,,,,,,,,,,,,,,,,,,,,,,,,,,,,,,,media/dinb.png,6,2,Symb,i,TR,0,0,1,0,8,0,14,0,1,3,0.046698313,i,1.23,6,1,,,,,,,,,,,,,,,,,,,,,,,,,,,,,,,,,,,,,,,,,,,,,,,,,,,,,,,,,,,,,,,,,,,,,,,,,,,,,,,,,,i,1,1.23,0,0,0,0,1,,,,,,,,,,,,,,,,,,,,,,
,,,,,,,,,,,,,,,,,120,4,2024-09-06_13h38.38.181,Symbol-E,2020.1.3,Win32,Firefox,Mozilla/5.0 (Windows NT 10.0; Win64; x64; rv:129.0) Gecko/20100101 Firefox/129.0,60,,,,,,,,,,,,,,,,,,,,,,,,,,,,,,,,,,,,,,,,,,,,,,,,,,,,,,,,,,,,,,,,,,,,,,,,,,,,,,,,,,,,,,,,,,,,,,,,,,,,,,,,,,,,,,,,,,,,,,,,,,,,,,,,,,,,,,,,,,,,,,,,,,14,0,14,0,1,,,,,,,,,,,,,,,,,
,,,,,,,,,,,,,,,,,120,4,2024-09-06_13h38.38.181,Symbol-E,2020.1.3,Win32,Firefox,Mozilla/5.0 (Windows NT 10.0; Win64; x64; rv:129.0) Gecko/20100101 Firefox/129.0,60,,,,,,,,,,,,,,,,,,,,,,,,,,,,,,,,,,,,media/ddnb.png,5,1,Symb,u,TR,0,0,1,0,8,0,15,0,1,3,0.940845994,l,1.261,7,0,,,,,,,,,,,,,,,,,,,,,,,,,,,,,,,,,,,,,,,,,,,,,,,,,,,,,,,,,,,,,,,,,,,,,,,,,,,,,,,,,,l,0,1.261,0,0,0,0,1,,,,,,,,,,,,,,,,,,,,,,
,,,,,,,,,,,,,,,,,120,4,2024-09-06_13h38.38.181,Symbol-E,2020.1.3,Win32,Firefox,Mozilla/5.0 (Windows NT 10.0; Win64; x64; rv:129.0) Gecko/20100101 Firefox/129.0,60,,,,,,,,,,,,,,,,,,,,,,,,,,,,,,,,,,,,,,,,,,,,,,,,,,,,,,,,,,,,,,,,,,,,,,,,,,,,,,,,,,,,,,,,,,,,,,,,,,,,,,,,,,,,,,,,,,,,,,,,,,,,,,,,,,,,,,,,,,,,,,,,,,15,0,15,0,1,,,,,,,,,,,,,,,,,
,,,,,,,,,,,,,,,,,120,4,2024-09-06_13h38.38.181,Symbol-E,2020.1.3,Win32,Firefox,Mozilla/5.0 (Windows NT 10.0; Win64; x64; rv:129.0) Gecko/20100101 Firefox/129.0,60,,,,,,,,,,,,,,,,,,,,,,,,,,,,,,,,,,,,media/dmnb.png,7,3,Symb,l,TR,0,0,1,0,8,0,16,0,1,3,0.817836831,l,1.328,7,1,,,,,,,,,,,,,,,,,,,,,,,,,,,,,,,,,,,,,,,,,,,,,,,,,,,,,,,,,,,,,,,,,,,,,,,,,,,,,,,,,,l,1,1.328,0,0,0,0,1,,,,,,,,,,,,,,,,,,,,,,
,,,,,,,,,,,,,,,,,120,4,2024-09-06_13h38.38.181,Symbol-E,2020.1.3,Win32,Firefox,Mozilla/5.0 (Windows NT 10.0; Win64; x64; rv:129.0) Gecko/20100101 Firefox/129.0,60,,,,,,,,,,,,,,,,,,,,,,,,,,,,,,,,,,,,,,,,,,,,,,,,,,,,,,,,,,,,,,,,,,,,,,,,,,,,,,,,,,,,,,,,,,,,,,,,,,,,,,,,,,,,,,,,,,,,,,,,,,,,,,,,,,,,,,,,,,,,,,,,,,16,0,16,0,1,,,,,,,,,,,,,,,,,
,,,,,,,,,,,,,,,,,120,4,2024-09-06_13h38.38.181,Symbol-E,2020.1.3,Win32,Firefox,Mozilla/5.0 (Windows NT 10.0; Win64; x64; rv:129.0) Gecko/20100101 Firefox/129.0,60,,,,,,,,,,,,,,,,,,,,,,,,,,,,,,,,,,,,media/dcnb.png,4,0,Symb,h,TR,0,0,1,0,8,0,17,0,1,3,0.31729645,h,1.449,4,1,,,,,,,,,,,,,,,,,,,,,,,,,,,,,,,,,,,,,,,,,,,,,,,,,,,,,,,,,,,,,,,,,,,,,,,,,,,,,,,,,,h,1,1.449,0,0,0,0,1,,,,,,,,,,,,,,,,,,,,,,
,,,,,,,,,,,,,,,,,120,4,2024-09-06_13h38.38.181,Symbol-E,2020.1.3,Win32,Firefox,Mozilla/5.0 (Windows NT 10.0; Win64; x64; rv:129.0) Gecko/20100101 Firefox/129.0,60,,,,,,,,,,,,,,,,,,,,,,,,,,,,,,,,,,,,,,,,,,,,,,,,,,,,,,,,,,,,,,,,,,,,,,,,,,,,,,,,,,,,,,,,,,,,,,,,,,,,,,,,,,,,,,,,,,,,,,,,,,,,,,,,,,,,,,,,,,,,,,,,,,17,0,17,0,1,,,,,,,,,,,,,,,,,
,,,,,,,,,,,,,,,,,120,4,2024-09-06_13h38.38.181,Symbol-E,2020.1.3,Win32,Firefox,Mozilla/5.0 (Windows NT 10.0; Win64; x64; rv:129.0) Gecko/20100101 Firefox/129.0,60,,,,,,,,,,,,,,,,,,,,,,,,,,,,,,,,,,,,media/dnnb.png,2,2,Symb,e,TR,0,0,1,0,8,0,18,0,1,3,0.704092108,e,1.225,2,1,,,,,,,,,,,,,,,,,,,,,,,,,,,,,,,,,,,,,,,,,,,,,,,,,,,,,,,,,,,,,,,,,,,,,,,,,,,,,,,,,,e,1,1.225,0,0,0,0,1,,,,,,,,,,,,,,,,,,,,,,
,,,,,,,,,,,,,,,,,120,4,2024-09-06_13h38.38.181,Symbol-E,2020.1.3,Win32,Firefox,Mozilla/5.0 (Windows NT 10.0; Win64; x64; rv:129.0) Gecko/20100101 Firefox/129.0,60,,,,,,,,,,,,,,,,,,,,,,,,,,,,,,,,,,,,,,,,,,,,,,,,,,,,,,,,,,,,,,,,,,,,,,,,,,,,,,,,,,,,,,,,,,,,,,,,,,,,,,,,,,,,,,,,,,,,,,,,,,,,,,,,,,,,,,,,,,,,,,,,,,18,0,18,0,1,,,,,,,,,,,,,,,,,
,,,,,,,,,,,,,,,,,120,4,2024-09-06_13h38.38.181,Symbol-E,2020.1.3,Win32,Firefox,Mozilla/5.0 (Windows NT 10.0; Win64; x64; rv:129.0) Gecko/20100101 Firefox/129.0,60,,,,,,,,,,,,,,,,,,,,,,,,,,,,,,,,,,,,media/dgnb.png,3,3,Symb,f,TR,0,0,1,0,8,0,19,0,1,3,1.126493036,f,1.31,3,1,,,,,,,,,,,,,,,,,,,,,,,,,,,,,,,,,,,,,,,,,,,,,,,,,,,,,,,,,,,,,,,,,,,,,,,,,,,,,,,,,,f,1,1.31,0,0,0,0,1,,,,,,,,,,,,,,,,,,,,,,
,,,,,,,,,,,,,,,,,120,4,2024-09-06_13h38.38.181,Symbol-E,2020.1.3,Win32,Firefox,Mozilla/5.0 (Windows NT 10.0; Win64; x64; rv:129.0) Gecko/20100101 Firefox/129.0,60,,,,,,,,,,,,,,,,,,,,,,,,,,,,,,,,,,,,,,,,,,,,,,,,,,,,,,,,,,,,,,,,,,,,,,,,,,,,,,,,,,,,,,,,,,,,,,,,,,,,,,,,,,,,,,,,,,,,,,,,,,,,,,,,,,,,,,,,,,,,,,,,,,19,0,19,0,1,,,,,,,,,,,,,,,,,
,,,,,,,,,,,,,,,,,120,4,2024-09-06_13h38.38.181,Symbol-E,2020.1.3,Win32,Firefox,Mozilla/5.0 (Windows NT 10.0; Win64; x64; rv:129.0) Gecko/20100101 Firefox/129.0,60,,,,,,,,,,,,,,,,,,,,,,,,,,,,,,,,,,,,media/dmnb.png,7,3,Symb,l,TR,0,0,1,0,8,0,20,0,1,3,0.600562492,u,1.297,5,0,,,,,,,,,,,,,,,,,,,,,,,,,,,,,,,,,,,,,,,,,,,,,,,,,,,,,,,,,,,,,,,,,,,,,,,,,,,,,,,,,,u,0,1.297,0,0,0,0,1,,,,,,,,,,,,,,,,,,,,,,
,,,,,,,,,,,,,,,,,120,4,2024-09-06_13h38.38.181,Symbol-E,2020.1.3,Win32,Firefox,Mozilla/5.0 (Windows NT 10.0; Win64; x64; rv:129.0) Gecko/20100101 Firefox/129.0,60,,,,,,,,,,,,,,,,,,,,,,,,,,,,,,,,,,,,,,,,,,,,,,,,,,,,,,,,,,,,,,,,,,,,,,,,,,,,,,,,,,,,,,,,,,,,,,,,,,,,,,,,,,,,,,,,,,,,,,,,,,,,,,,,,,,,,,,,,,,,,,,,,,20,0,20,0,1,,,,,,,,,,,,,,,,,
,,,,,,,,,,,,,,,,,120,4,2024-09-06_13h38.38.181,Symbol-E,2020.1.3,Win32,Firefox,Mozilla/5.0 (Windows NT 10.0; Win64; x64; rv:129.0) Gecko/20100101 Firefox/129.0,60,,,,,,,,,,,,,,,,,,,,,,,,,,,,,,,,,,,,media/dinb.png,6,2,Symb,i,TR,0,0,1,0,8,0,21,0,1,3,0.810688849,i,1.181,6,1,,,,,,,,,,,,,,,,,,,,,,,,,,,,,,,,,,,,,,,,,,,,,,,,,,,,,,,,,,,,,,,,,,,,,,,,,,,,,,,,,,i,1,1.181,0,0,0,0,1,,,,,,,,,,,,,,,,,,,,,,
,,,,,,,,,,,,,,,,,120,4,2024-09-06_13h38.38.181,Symbol-E,2020.1.3,Win32,Firefox,Mozilla/5.0 (Windows NT 10.0; Win64; x64; rv:129.0) Gecko/20100101 Firefox/129.0,60,,,,,,,,,,,,,,,,,,,,,,,,,,,,,,,,,,,,,,,,,,,,,,,,,,,,,,,,,,,,,,,,,,,,,,,,,,,,,,,,,,,,,,,,,,,,,,,,,,,,,,,,,,,,,,,,,,,,,,,,,,,,,,,,,,,,,,,,,,,,,,,,,,21,0,21,0,1,,,,,,,,,,,,,,,,,
,,,,,,,,,,,,,,,,,120,4,2024-09-06_13h38.38.181,Symbol-E,2020.1.3,Win32,Firefox,Mozilla/5.0 (Windows NT 10.0; Win64; x64; rv:129.0) Gecko/20100101 Firefox/129.0,60,,,,,,,,,,,,,,,,,,,,,,,,,,,,,,,,,,,,media/dfnb.png,1,1,Symb,w,TR,0,0,1,0,8,0,22,0,1,3,0.06655969,a,99,8,0,,,,,,,,,,,,,,,,,,,,h,0.52,,,,,,,,,,,,,,,,,,,,,,,,,,,,,,,,,,,,,,,,,,,,,,,,,,,,,,,,,,,,,,0,,,,,,,,,,,,0,0,0,0,1,,,,,,,,,,,,
,,,,,,,,,,,,,,,,,120,4,2024-09-06_13h38.38.181,Symbol-E,2020.1.3,Win32,Firefox,Mozilla/5.0 (Windows NT 10.0; Win64; x64; rv:129.0) Gecko/20100101 Firefox/129.0,60,,,,,,,,,,,,,,,,,,,,,,,,,,,,,,,,,,,,,,,,,,,,,,,,,,,,,,,,,,,,,,,,,,,,,,,,,,,,,,,,,,,,,,,,,,,,,,,,,,,,,,,,,,,,,,,,,,,,,,,,,,,,,,,,,,,,,,,,,,,,,,,,,,22,0,22,0,1,,,,,,,,,,,,,,,,,
,,,,,,,,,,,,,,,,,120,4,2024-09-06_13h38.38.181,Symbol-E,2020.1.3,Win32,Firefox,Mozilla/5.0 (Windows NT 10.0; Win64; x64; rv:129.0) Gecko/20100101 Firefox/129.0,60,,,,,,,,,,,,,,,,,,,,,,,,,,,,,,,,,,,,media/dgnb.png,3,3,Symb,f,TR,0,0,1,0,8,0,23,0,1,3,0.294809607,a,99,8,0,,,,,,,,,,,,,,,,,,,,h,0.502,,,,,,,,,,,,,,,,,,,,,,,,,,,,,,,,,,,,,,,,,,,,,,,,,,,,,,,,,,,,,,0,,,,,,,,,,,,0,0,0,0,1,,,,,,,,,,,,
,,,,,,,,,,,,,,,,,120,4,2024-09-06_13h38.38.181,Symbol-E,2020.1.3,Win32,Firefox,Mozilla/5.0 (Windows NT 10.0; Win64; x64; rv:129.0) Gecko/20100101 Firefox/129.0,60,,,,,,,,,,,,,,,,,,,,,,,,,,,,,,,,,,,,,,,,,,,,,,,,,,,,,,,,,,,,,,,,,,,,,,,,,,,,,,,,,,,,,,,,,,,,,,,,,,,,,,,,,,,,,,,,,,,,,,,,,,,,,,,,,,,,,,,,,,,,,,,,,,23,0,23,0,1,,,,,,,,,,,,,,,,,
,,,,,,,,,,,,,,,,,120,4,2024-09-06_13h38.38.181,Symbol-E,2020.1.3,Win32,Firefox,Mozilla/5.0 (Windows NT 10.0; Win64; x64; rv:129.0) Gecko/20100101 Firefox/129.0,60,,,,,,,,,,,,,,,,,,,,,,,,,,,,,,,,,,,,media/dnnb.png,2,2,Symb,e,TR,0,0,1,0,8,0,24,0,1,3,0.922493669,e,1.231,2,1,,,,,,,,,,,,,,,,,,,,,,,,,,,,,,,,,,,,,,,,,,,,,,,,,,,,,,,,,,,,,,,,,,,,,,,,,,,,,,,,,,e,1,1.231,0,0,0,0,1,,,,,,,,,,,,,,,,,,,,,,
,,,,,,,,,,,,,,,,,120,4,2024-09-06_13h38.38.181,Symbol-E,2020.1.3,Win32,Firefox,Mozilla/5.0 (Windows NT 10.0; Win64; x64; rv:129.0) Gecko/20100101 Firefox/129.0,60,,,,,,,,,,,,,,,,,,,,,,,,,,,,,,,,,,,,,,,,,,,,,,,,,,,,,,,,,,,,,,,,,,,,,,,,,,,,,,,,,,,,,,,,,,,,,,,,,,,,,,,,,,,,,,,,,,,,,,,,,,,,,,,,,,,,,,,,,,,,,,,,,,24,0,24,0,1,,,,,,,,,,,,,,,,,
,,,,,,,,,,,,,,,,,120,4,2024-09-06_13h38.38.181,Symbol-E,2020.1.3,Win32,Firefox,Mozilla/5.0 (Windows NT 10.0; Win64; x64; rv:129.0) Gecko/20100101 Firefox/129.0,60,,,,,,,,,,,,,,,,,,,,,,,,,,,,,,,,,,,,media/dinb.png,6,2,Symb,i,TR,0,0,1,0,8,0,25,0,1,3,0.571266085,u,1.3,5,0,,,,,,,,,,,,,,,,,,,,,,,,,,,,,,,,,,,,,,,,,,,,,,,,,,,,,,,,,,,,,,,,,,,,,,,,,,,,,,,,,,u,0,1.3,0,0,0,0,1,,,,,,,,,,,,,,,,,,,,,,
,,,,,,,,,,,,,,,,,120,4,2024-09-06_13h38.38.181,Symbol-E,2020.1.3,Win32,Firefox,Mozilla/5.0 (Windows NT 10.0; Win64; x64; rv:129.0) Gecko/20100101 Firefox/129.0,60,,,,,,,,,,,,,,,,,,,,,,,,,,,,,,,,,,,,,,,,,,,,,,,,,,,,,,,,,,,,,,,,,,,,,,,,,,,,,,,,,,,,,,,,,,,,,,,,,,,,,,,,,,,,,,,,,,,,,,,,,,,,,,,,,,,,,,,,,,,,,,,,,,25,0,25,0,1,,,,,,,,,,,,,,,,,
,,,,,,,,,,,,,,,,,120,4,2024-09-06_13h38.38.181,Symbol-E,2020.1.3,Win32,Firefox,Mozilla/5.0 (Windows NT 10.0; Win64; x64; rv:129.0) Gecko/20100101 Firefox/129.0,60,,,,,,,,,,,,,,,,,,,,,,,,,,,,,,,,,,,,media/ddnb.png,5,1,Symb,u,TR,0,0,1,0,8,0,26,0,1,3,0.456139746,u,1.343,5,1,,,,,,,,,,,,,,,,,,,,,,,,,,,,,,,,,,,,,,,,,,,,,,,,,,,,,,,,,,,,,,,,,,,,,,,,,,,,,,,,,,u,1,1.343,0,0,0,0,1,,,,,,,,,,,,,,,,,,,,,,
,,,,,,,,,,,,,,,,,120,4,2024-09-06_13h38.38.181,Symbol-E,2020.1.3,Win32,Firefox,Mozilla/5.0 (Windows NT 10.0; Win64; x64; rv:129.0) Gecko/20100101 Firefox/129.0,60,,,,,,,,,,,,,,,,,,,,,,,,,,,,,,,,,,,,,,,,,,,,,,,,,,,,,,,,,,,,,,,,,,,,,,,,,,,,,,,,,,,,,,,,,,,,,,,,,,,,,,,,,,,,,,,,,,,,,,,,,,,,,,,,,,,,,,,,,,,,,,,,,,26,0,26,0,1,,,,,,,,,,,,,,,,,
,,,,,,,,,,,,,,,,,120,4,2024-09-06_13h38.38.181,Symbol-E,2020.1.3,Win32,Firefox,Mozilla/5.0 (Windows NT 10.0; Win64; x64; rv:129.0) Gecko/20100101 Firefox/129.0,60,,,,,,,,,,,,,,,,,,,,,,,,,,,,,,,,,,,,media/dfnb.png,1,1,Symb,w,TR,0,0,1,0,8,0,27,0,1,3,0.916692504,w,1.262,1,1,,,,,,,,,,,,,,,,,,,,,,,,,,,,,,,,,,,,,,,,,,,,,,,,,,,,,,,,,,,,,,,,,,,,,,,,,,,,,,,,,,w,1,1.262,0,0,0,0,1,,,,,,,,,,,,,,,,,,,,,,
,,,,,,,,,,,,,,,,,120,4,2024-09-06_13h38.38.181,Symbol-E,2020.1.3,Win32,Firefox,Mozilla/5.0 (Windows NT 10.0; Win64; x64; rv:129.0) Gecko/20100101 Firefox/129.0,60,,,,,,,,,,,,,,,,,,,,,,,,,,,,,,,,,,,,,,,,,,,,,,,,,,,,,,,,,,,,,,,,,,,,,,,,,,,,,,,,,,,,,,,,,,,,,,,,,,,,,,,,,,,,,,,,,,,,,,,,,,,,,,,,,,,,,,,,,,,,,,,,,,27,0,27,0,1,,,,,,,,,,,,,,,,,
,,,,,,,,,,,,,,,,,120,4,2024-09-06_13h38.38.181,Symbol-E,2020.1.3,Win32,Firefox,Mozilla/5.0 (Windows NT 10.0; Win64; x64; rv:129.0) Gecko/20100101 Firefox/129.0,60,,,,,,,,,,,,,,,,,,,,,,,,,,,,,,,,,,,,media/dcnb.png,4,0,Symb,h,TR,0,0,1,0,8,0,28,0,1,3,1.078409299,h,1.175,4,1,,,,,,,,,,,,,,,,,,,,,,,,,,,,,,,,,,,,,,,,,,,,,,,,,,,,,,,,,,,,,,,,,,,,,,,,,,,,,,,,,,h,1,1.175,0,0,0,0,1,,,,,,,,,,,,,,,,,,,,,,
,,,,,,,,,,,,,,,,,120,4,2024-09-06_13h38.38.181,Symbol-E,2020.1.3,Win32,Firefox,Mozilla/5.0 (Windows NT 10.0; Win64; x64; rv:129.0) Gecko/20100101 Firefox/129.0,60,,,,,,,,,,,,,,,,,,,,,,,,,,,,,,,,,,,,,,,,,,,,,,,,,,,,,,,,,,,,,,,,,,,,,,,,,,,,,,,,,,,,,,,,,,,,,,,,,,,,,,,,,,,,,,,,,,,,,,,,,,,,,,,,,,,,,,,,,,,,,,,,,,28,0,28,0,1,,,,,,,,,,,,,,,,,
,,,,,,,,,,,,,,,,,120,4,2024-09-06_13h38.38.181,Symbol-E,2020.1.3,Win32,Firefox,Mozilla/5.0 (Windows NT 10.0; Win64; x64; rv:129.0) Gecko/20100101 Firefox/129.0,60,,,,,,,,,,,,,,,,,,,,,,,,,,,,,,,,,,,,media/djnb.png,0,0,Symb,a,TR,0,0,1,0,8,0,29,0,1,3,0.345847247,i,1.425,6,0,,,,,,,,,,,,,,,,,,,,,,,,,,,,,,,,,,,,,,,,,,,,,,,,,,,,,,,,,,,,,,,,,,,,,,,,,,,,,,,,,,i,0,1.425,0,0,0,0,1,,,,,,,,,,,,,,,,,,,,,,
,,,,,,,,,,,,,,,,,120,4,2024-09-06_13h38.38.181,Symbol-E,2020.1.3,Win32,Firefox,Mozilla/5.0 (Windows NT 10.0; Win64; x64; rv:129.0) Gecko/20100101 Firefox/129.0,60,,,,,,,,,,,,,,,,,,,,,,,,,,,,,,,,,,,,,,,,,,,,,,,,,,,,,,,,,,,,,,,,,,,,,,,,,,,,,,,,,,,,,,,,,,,,,,,,,,,,,,,,,,,,,,,,,,,,,,,,,,,,,,,,,,,,,,,,,,,,,,,,,,29,0,29,0,1,,,,,,,,,,,,,,,,,
,,,,,,,,,,,,,,,,,120,4,2024-09-06_13h38.38.181,Symbol-E,2020.1.3,Win32,Firefox,Mozilla/5.0 (Windows NT 10.0; Win64; x64; rv:129.0) Gecko/20100101 Firefox/129.0,60,,,,,,,,,,,,,,,,,,,,,,,,,,,,,,,,,,,,media/djnb.png,0,0,Symb,a,TR,0,0,1,0,8,0,30,0,1,3,0.058130099,i,1.449,6,0,,,,,,,,,,,,,,,,,,,,,,,,,,,,,,,,,,,,,,,,,,,,,,,,,,,,,,,,,,,,,,,,,,,,,,,,,,,,,,,,,,i,0,1.449,0,0,0,0,1,,,,,,,,,,,,,,,,,,,,,,
,,,,,,,,,,,,,,,,,120,4,2024-09-06_13h38.38.181,Symbol-E,2020.1.3,Win32,Firefox,Mozilla/5.0 (Windows NT 10.0; Win64; x64; rv:129.0) Gecko/20100101 Firefox/129.0,60,,,,,,,,,,,,,,,,,,,,,,,,,,,,,,,,,,,,,,,,,,,,,,,,,,,,,,,,,,,,,,,,,,,,,,,,,,,,,,,,,,,,,,,,,,,,,,,,,,,,,,,,,,,,,,,,,,,,,,,,,,,,,,,,,,,,,,,,,,,,,,,,,,30,0,30,0,1,,,,,,,,,,,,,,,,,
,,,,,,,,,,,,,,,,,120,4,2024-09-06_13h38.38.181,Symbol-E,2020.1.3,Win32,Firefox,Mozilla/5.0 (Windows NT 10.0; Win64; x64; rv:129.0) Gecko/20100101 Firefox/129.0,60,,,,,,,,,,,,,,,,,,,,,,,,,,,,,,,,,,,,media/ddnb.png,5,1,Symb,u,TR,0,0,1,0,8,0,31,0,1,3,0.31425489,u,1.466,5,1,,,,,,,,,,,,,,,,,,,,,,,,,,,,,,,,,,,,,,,,,,,,,,,,,,,,,,,,,,,,,,,,,,,,,,,,,,,,,,,,,,u,1,1.466,0,0,0,0,1,,,,,,,,,,,,,,,,,,,,,,
,,,,,,,,,,,,,,,,,120,4,2024-09-06_13h38.38.181,Symbol-E,2020.1.3,Win32,Firefox,Mozilla/5.0 (Windows NT 10.0; Win64; x64; rv:129.0) Gecko/20100101 Firefox/129.0,60,,,,,,,,,,,,,,,,,,,,,,,,,,,,,,,,,,,,,,,,,,,,,,,,,,,,,,,,,,,,,,,,,,,,,,,,,,,,,,,,,,,,,,,,,,,,,,,,,,,,,,,,,,,,,,,,,,,,,,,,,,,,,,,,,,,,,,,,,,,,,,,,,,31,0,31,0,1,,,,,,,,,,,,,,,,,
,,,,,,,,,,,,,,,,,120,4,2024-09-06_13h38.38.181,Symbol-E,2020.1.3,Win32,Firefox,Mozilla/5.0 (Windows NT 10.0; Win64; x64; rv:129.0) Gecko/20100101 Firefox/129.0,60,,,,,,,,,,,,,,,,,,,,,,,,,,,,,,,,,,,,media/dinb.png,6,2,Symb,i,TR,0,0,1,0,8,0,32,0,1,3,0.367493465,i,1.433,6,1,,,,,,,,,,,,,,,,,,,,,,,,,,,,,,,,,,,,,,,,,,,,,,,,,,,,,,,,,,,,,,,,,,,,,,,,,,,,,,,,,,i,1,1.433,0,0,0,0,1,,,,,,,,,,,,,,,,,,,,,,
,,,,,,,,,,,,,,,,,120,4,2024-09-06_13h38.38.181,Symbol-E,2020.1.3,Win32,Firefox,Mozilla/5.0 (Windows NT 10.0; Win64; x64; rv:129.0) Gecko/20100101 Firefox/129.0,60,,,,,,,,,,,,,,,,,,,,,,,,,,,,,,,,,,,,,,,,,,,,,,,,,,,,,,,,,,,,,,,,,,,,,,,,,,,,,,,,,,,,,,,,,,,,,,,,,,,,,,,,,,,,,,,,,,,,,,,,,,,,,,,,,,,,,,,,,,,,,,,,,,32,0,32,0,1,,,,,,,,,,,,,,,,,
,,,,,,,,,,,,,,,,,120,4,2024-09-06_13h38.38.181,Symbol-E,2020.1.3,Win32,Firefox,Mozilla/5.0 (Windows NT 10.0; Win64; x64; rv:129.0) Gecko/20100101 Firefox/129.0,60,,,,,,,,,,,,,,,,,,,,,,,,,,,,,,,,,,,,media/dnnb.png,2,2,Symb,e,TR,0,0,1,0,8,0,33,0,1,3,1.077106215,e,1.188,2,1,,,,,,,,,,,,,,,,,,,,,,,,,,,,,,,,,,,,,,,,,,,,,,,,,,,,,,,,,,,,,,,,,,,,,,,,,,,,,,,,,,e,1,1.188,0,0,0,0,1,,,,,,,,,,,,,,,,,,,,,,
,,,,,,,,,,,,,,,,,120,4,2024-09-06_13h38.38.181,Symbol-E,2020.1.3,Win32,Firefox,Mozilla/5.0 (Windows NT 10.0; Win64; x64; rv:129.0) Gecko/20100101 Firefox/129.0,60,,,,,,,,,,,,,,,,,,,,,,,,,,,,,,,,,,,,,,,,,,,,,,,,,,,,,,,,,,,,,,,,,,,,,,,,,,,,,,,,,,,,,,,,,,,,,,,,,,,,,,,,,,,,,,,,,,,,,,,,,,,,,,,,,,,,,,,,,,,,,,,,,,33,0,33,0,1,,,,,,,,,,,,,,,,,
,,,,,,,,,,,,,,,,,120,4,2024-09-06_13h38.38.181,Symbol-E,2020.1.3,Win32,Firefox,Mozilla/5.0 (Windows NT 10.0; Win64; x64; rv:129.0) Gecko/20100101 Firefox/129.0,60,,,,,,,,,,,,,,,,,,,,,,,,,,,,,,,,,,,,media/dgnb.png,3,3,Symb,f,TR,0,0,1,0,8,0,34,0,1,3,0.446567684,h,1.331,4,0,,,,,,,,,,,,,,,,,,,,,,,,,,,,,,,,,,,,,,,,,,,,,,,,,,,,,,,,,,,,,,,,,,,,,,,,,,,,,,,,,,h,0,1.331,0,0,0,0,1,,,,,,,,,,,,,,,,,,,,,,
,,,,,,,,,,,,,,,,,120,4,2024-09-06_13h38.38.181,Symbol-E,2020.1.3,Win32,Firefox,Mozilla/5.0 (Windows NT 10.0; Win64; x64; rv:129.0) Gecko/20100101 Firefox/129.0,60,,,,,,,,,,,,,,,,,,,,,,,,,,,,,,,,,,,,,,,,,,,,,,,,,,,,,,,,,,,,,,,,,,,,,,,,,,,,,,,,,,,,,,,,,,,,,,,,,,,,,,,,,,,,,,,,,,,,,,,,,,,,,,,,,,,,,,,,,,,,,,,,,,34,0,34,0,1,,,,,,,,,,,,,,,,,
,,,,,,,,,,,,,,,,,120,4,2024-09-06_13h38.38.181,Symbol-E,2020.1.3,Win32,Firefox,Mozilla/5.0 (Windows NT 10.0; Win64; x64; rv:129.0) Gecko/20100101 Firefox/129.0,60,,,,,,,,,,,,,,,,,,,,,,,,,,,,,,,,,,,,media/dmnb.png,7,3,Symb,l,TR,0,0,1,0,8,0,35,0,1,3,0.130597229,h,1.407,4,0,,,,,,,,,,,,,,,,,,,,,,,,,,,,,,,,,,,,,,,,,,,,,,,,,,,,,,,,,,,,,,,,,,,,,,,,,,,,,,,,,,h,0,1.407,0,0,0,0,1,,,,,,,,,,,,,,,,,,,,,,
,,,,,,,,,,,,,,,,,120,4,2024-09-06_13h38.38.181,Symbol-E,2020.1.3,Win32,Firefox,Mozilla/5.0 (Windows NT 10.0; Win64; x64; rv:129.0) Gecko/20100101 Firefox/129.0,60,,,,,,,,,,,,,,,,,,,,,,,,,,,,,,,,,,,,,,,,,,,,,,,,,,,,,,,,,,,,,,,,,,,,,,,,,,,,,,,,,,,,,,,,,,,,,,,,,,,,,,,,,,,,,,,,,,,,,,,,,,,,,,,,,,,,,,,,,,,,,,,,,,35,0,35,0,1,,,,,,,,,,,,,,,,,
,,,,,,,,,,,,,,,,,120,4,2024-09-06_13h38.38.181,Symbol-E,2020.1.3,Win32,Firefox,Mozilla/5.0 (Windows NT 10.0; Win64; x64; rv:129.0) Gecko/20100101 Firefox/129.0,60,,,,,,,,,,,,,,,,,,,,,,,,,,,,,,,,,,,,media/dmnb.png,7,3,Symb,l,TR,0,0,1,0,8,0,36,0,1,3,0.464455422,u,1.349,5,0,,,,,,,,,,,,,,,,,,,,,,,,,,,,,,,,,,,,,,,,,,,,,,,,,,,,,,,,,,,,,,,,,,,,,,,,,,,,,,,,,,u,0,1.349,0,0,0,0,1,,,,,,,,,,,,,,,,,,,,,,
,,,,,,,,,,,,,,,,,120,4,2024-09-06_13h38.38.181,Symbol-E,2020.1.3,Win32,Firefox,Mozilla/5.0 (Windows NT 10.0; Win64; x64; rv:129.0) Gecko/20100101 Firefox/129.0,60,,,,,,,,,,,,,,,,,,,,,,,,,,,,,,,,,,,,,,,,,,,,,,,,,,,,,,,,,,,,,,,,,,,,,,,,,,,,,,,,,,,,,,,,,,,,,,,,,,,,,,,,,,,,,,,,,,,,,,,,,,,,,,,,,,,,,,,,,,,,,,,,,,36,0,36,0,1,,,,,,,,,,,,,,,,,
,,,,,,,,,,,,,,,,,120,4,2024-09-06_13h38.38.181,Symbol-E,2020.1.3,Win32,Firefox,Mozilla/5.0 (Windows NT 10.0; Win64; x64; rv:129.0) Gecko/20100101 Firefox/129.0,60,,,,,,,,,,,,,,,,,,,,,,,,,,,,,,,,,,,,media/ddnb.png,5,1,Symb,u,TR,0,0,1,0,8,0,37,0,1,3,0.034845556,u,1.444,5,1,,,,,,,,,,,,,,,,,,,,,,,,,,,,,,,,,,,,,,,,,,,,,,,,,,,,,,,,,,,,,,,,,,,,,,,,,,,,,,,,,,u,1,1.444,0,0,0,0,1,,,,,,,,,,,,,,,,,,,,,,
,,,,,,,,,,,,,,,,,120,4,2024-09-06_13h38.38.181,Symbol-E,2020.1.3,Win32,Firefox,Mozilla/5.0 (Windows NT 10.0; Win64; x64; rv:129.0) Gecko/20100101 Firefox/129.0,60,,,,,,,,,,,,,,,,,,,,,,,,,,,,,,,,,,,,,,,,,,,,,,,,,,,,,,,,,,,,,,,,,,,,,,,,,,,,,,,,,,,,,,,,,,,,,,,,,,,,,,,,,,,,,,,,,,,,,,,,,,,,,,,,,,,,,,,,,,,,,,,,,,37,0,37,0,1,,,,,,,,,,,,,,,,,
,,,,,,,,,,,,,,,,,120,4,2024-09-06_13h38.38.181,Symbol-E,2020.1.3,Win32,Firefox,Mozilla/5.0 (Windows NT 10.0; Win64; x64; rv:129.0) Gecko/20100101 Firefox/129.0,60,,,,,,,,,,,,,,,,,,,,,,,,,,,,,,,,,,,,media/djnb.png,0,0,Symb,a,TR,0,0,1,0,8,0,38,0,1,3,0.799140241,a,1.248,0,1,,,,,,,,,,,,,,,,,,,,,,,,,,,,,,,,,,,,,,,,,,,,,,,,,,,,,,,,,,,,,,,,,,,,,,,,,,,,,,,,,,a,1,1.248,0,0,0,0,1,,,,,,,,,,,,,,,,,,,,,,
,,,,,,,,,,,,,,,,,120,4,2024-09-06_13h38.38.181,Symbol-E,2020.1.3,Win32,Firefox,Mozilla/5.0 (Windows NT 10.0; Win64; x64; rv:129.0) Gecko/20100101 Firefox/129.0,60,,,,,,,,,,,,,,,,,,,,,,,,,,,,,,,,,,,,,,,,,,,,,,,,,,,,,,,,,,,,,,,,,,,,,,,,,,,,,,,,,,,,,,,,,,,,,,,,,,,,,,,,,,,,,,,,,,,,,,,,,,,,,,,,,,,,,,,,,,,,,,,,,,38,0,38,0,1,,,,,,,,,,,,,,,,,
,,,,,,,,,,,,,,,,,120,4,2024-09-06_13h38.38.181,Symbol-E,2020.1.3,Win32,Firefox,Mozilla/5.0 (Windows NT 10.0; Win64; x64; rv:129.0) Gecko/20100101 Firefox/129.0,60,,,,,,,,,,,,,,,,,,,,,,,,,,,,,,,,,,,,media/dfnb.png,1,1,Symb,w,TR,0,0,1,0,8,0,39,0,1,3,0.299533369,w,1.437,1,1,,,,,,,,,,,,,,,,,,,,,,,,,,,,,,,,,,,,,,,,,,,,,,,,,,,,,,,,,,,,,,,,,,,,,,,,,,,,,,,,,,w,1,1.437,0,0,0,0,1,,,,,,,,,,,,,,,,,,,,,,
,,,,,,,,,,,,,,,,,120,4,2024-09-06_13h38.38.181,Symbol-E,2020.1.3,Win32,Firefox,Mozilla/5.0 (Windows NT 10.0; Win64; x64; rv:129.0) Gecko/20100101 Firefox/129.0,60,,,,,,,,,,,,,,,,,,,,,,,,,,,,,,,,,,,,,,,,,,,,,,,,,,,,,,,,,,,,,,,,,,,,,,,,,,,,,,,,,,,,,,,,,,,,,,,,,,,,,,,,,,,,,,,,,,,,,,,,,,,,,,,,,,,,,,,,,,,,,,,,,,39,0,39,0,1,,,,,,,,,,,,,,,,,
,,,,,,,,,,,,,,,,,120,4,2024-09-06_13h38.38.181,Symbol-E,2020.1.3,Win32,Firefox,Mozilla/5.0 (Windows NT 10.0; Win64; x64; rv:129.0) Gecko/20100101 Firefox/129.0,60,,,,,,,,,,,,,,,,,,,,,,,,,,,,,,,,,,,,media/dnnb.png,2,2,Symb,e,TR,0,0,1,0,8,0,40,0,1,3,0.504864232,e,1.288,2,1,,,,,,,,,,,,,,,,,,,,,,,,,,,,,,,,,,,,,,,,,,,,,,,,,,,,,,,,,,,,,,,,,,,,,,,,,,,,,,,,,,e,1,1.288,0,0,0,0,1,,,,,,,,,,,,,,,,,,,,,,
,,,,,,,,,,,,,,,,,120,4,2024-09-06_13h38.38.181,Symbol-E,2020.1.3,Win32,Firefox,Mozilla/5.0 (Windows NT 10.0; Win64; x64; rv:129.0) Gecko/20100101 Firefox/129.0,60,,,,,,,,,,,,,,,,,,,,,,,,,,,,,,,,,,,,,,,,,,,,,,,,,,,,,,,,,,,,,,,,,,,,,,,,,,,,,,,,,,,,,,,,,,,,,,,,,,,,,,,,,,,,,,,,,,,,,,,,,,,,,,,,,,,,,,,,,,,,,,,,,,40,0,40,0,1,,,,,,,,,,,,,,,,,
,,,,,,,,,,,,,,,,,120,4,2024-09-06_13h38.38.181,Symbol-E,2020.1.3,Win32,Firefox,Mozilla/5.0 (Windows NT 10.0; Win64; x64; rv:129.0) Gecko/20100101 Firefox/129.0,60,,,,,,,,,,,,,,,,,,,,,,,,,,,,,,,,,,,,media/dgnb.png,3,3,Symb,f,TR,0,0,1,0,8,0,41,0,1,3,0.535738584,f,1.388,3,1,,,,,,,,,,,,,,,,,,,,,,,,,,,,,,,,,,,,,,,,,,,,,,,,,,,,,,,,,,,,,,,,,,,,,,,,,,,,,,,,,,f,1,1.388,0,0,0,0,1,,,,,,,,,,,,,,,,,,,,,,
,,,,,,,,,,,,,,,,,120,4,2024-09-06_13h38.38.181,Symbol-E,2020.1.3,Win32,Firefox,Mozilla/5.0 (Windows NT 10.0; Win64; x64; rv:129.0) Gecko/20100101 Firefox/129.0,60,,,,,,,,,,,,,,,,,,,,,,,,,,,,,,,,,,,,,,,,,,,,,,,,,,,,,,,,,,,,,,,,,,,,,,,,,,,,,,,,,,,,,,,,,,,,,,,,,,,,,,,,,,,,,,,,,,,,,,,,,,,,,,,,,,,,,,,,,,,,,,,,,,41,0,41,0,1,,,,,,,,,,,,,,,,,
,,,,,,,,,,,,,,,,,120,4,2024-09-06_13h38.38.181,Symbol-E,2020.1.3,Win32,Firefox,Mozilla/5.0 (Windows NT 10.0; Win64; x64; rv:129.0) Gecko/20100101 Firefox/129.0,60,,,,,,,,,,,,,,,,,,,,,,,,,,,,,,,,,,,,media/dcnb.png,4,0,Symb,h,TR,0,0,1,0,8,0,42,0,1,3,0.211367398,h,1.44,4,1,,,,,,,,,,,,,,,,,,,,,,,,,,,,,,,,,,,,,,,,,,,,,,,,,,,,,,,,,,,,,,,,,,,,,,,,,,,,,,,,,,h,1,1.44,0,0,0,0,1,,,,,,,,,,,,,,,,,,,,,,
,,,,,,,,,,,,,,,,,120,4,2024-09-06_13h38.38.181,Symbol-E,2020.1.3,Win32,Firefox,Mozilla/5.0 (Windows NT 10.0; Win64; x64; rv:129.0) Gecko/20100101 Firefox/129.0,60,,,,,,,,,,,,,,,,,,,,,,,,,,,,,,,,,,,,,,,,,,,,,,,,,,,,,,,,,,,,,,,,,,,,,,,,,,,,,,,,,,,,,,,,,,,,,,,,,,,,,,,,,,,,,,,,,,,,,,,,,,,,,,,,,,,,,,,,,,,,,,,,,,42,0,42,0,1,,,,,,,,,,,,,,,,,
,,,,,,,,,,,,,,,,,120,4,2024-09-06_13h38.38.181,Symbol-E,2020.1.3,Win32,Firefox,Mozilla/5.0 (Windows NT 10.0; Win64; x64; rv:129.0) Gecko/20100101 Firefox/129.0,60,,,,,,,,,,,,,,,,,,,,,,,,,,,,,,,,,,,,media/dfnb.png,1,1,Symb,w,TR,0,0,1,0,8,0,43,0,1,3,0.627668776,w,1.424,1,1,,,,,,,,,,,,,,,,,,,,,,,,,,,,,,,,,,,,,,,,,,,,,,,,,,,,,,,,,,,,,,,,,,,,,,,,,,,,,,,,,,w,1,1.424,0,0,0,0,1,,,,,,,,,,,,,,,,,,,,,,
,,,,,,,,,,,,,,,,,120,4,2024-09-06_13h38.38.181,Symbol-E,2020.1.3,Win32,Firefox,Mozilla/5.0 (Windows NT 10.0; Win64; x64; rv:129.0) Gecko/20100101 Firefox/129.0,60,,,,,,,,,,,,,,,,,,,,,,,,,,,,,,,,,,,,,,,,,,,,,,,,,,,,,,,,,,,,,,,,,,,,,,,,,,,,,,,,,,,,,,,,,,,,,,,,,,,,,,,,,,,,,,,,,,,,,,,,,,,,,,,,,,,,,,,,,,,,,,,,,,43,0,43,0,1,,,,,,,,,,,,,,,,,
,,,,,,,,,,,,,,,,,120,4,2024-09-06_13h38.38.181,Symbol-E,2020.1.3,Win32,Firefox,Mozilla/5.0 (Windows NT 10.0; Win64; x64; rv:129.0) Gecko/20100101 Firefox/129.0,60,,,,,,,,,,,,,,,,,,,,,,,,,,,,,,,,,,,,media/dinb.png,6,2,Symb,i,TR,0,0,1,0,8,0,44,0,1,3,0.49975996,u,1.37,5,0,,,,,,,,,,,,,,,,,,,,,,,,,,,,,,,,,,,,,,,,,,,,,,,,,,,,,,,,,,,,,,,,,,,,,,,,,,,,,,,,,,u,0,1.37,0,0,0,0,1,,,,,,,,,,,,,,,,,,,,,,
,,,,,,,,,,,,,,,,,120,4,2024-09-06_13h38.38.181,Symbol-E,2020.1.3,Win32,Firefox,Mozilla/5.0 (Windows NT 10.0; Win64; x64; rv:129.0) Gecko/20100101 Firefox/129.0,60,,,,,,,,,,,,,,,,,,,,,,,,,,,,,,,,,,,,,,,,,,,,,,,,,,,,,,,,,,,,,,,,,,,,,,,,,,,,,,,,,,,,,,,,,,,,,,,,,,,,,,,,,,,,,,,,,,,,,,,,,,,,,,,,,,,,,,,,,,,,,,,,,,44,0,44,0,1,,,,,,,,,,,,,,,,,
,,,,,,,,,,,,,,,,,120,4,2024-09-06_13h38.38.181,Symbol-E,2020.1.3,Win32,Firefox,Mozilla/5.0 (Windows NT 10.0; Win64; x64; rv:129.0) Gecko/20100101 Firefox/129.0,60,,,,,,,,,,,,,,,,,,,,,,,,,,,,,,,,,,,,media/dcnb.png,4,0,Symb,h,TR,0,0,1,0,8,0,45,0,1,3,0.4250787,h,1.316,4,1,,,,,,,,,,,,,,,,,,,,,,,,,,,,,,,,,,,,,,,,,,,,,,,,,,,,,,,,,,,,,,,,,,,,,,,,,,,,,,,,,,h,1,1.316,0,0,0,0,1,,,,,,,,,,,,,,,,,,,,,,
,,,,,,,,,,,,,,,,,120,4,2024-09-06_13h38.38.181,Symbol-E,2020.1.3,Win32,Firefox,Mozilla/5.0 (Windows NT 10.0; Win64; x64; rv:129.0) Gecko/20100101 Firefox/129.0,60,,,,,,,,,,,,,,,,,,,,,,,,,,,,,,,,,,,,,,,,,,,,,,,,,,,,,,,,,,,,,,,,,,,,,,,,,,,,,,,,,,,,,,,,,,,,,,,,,,,,,,,,,,,,,,,,,,,,,,,,,,,,,,,,,,,,,,,,,,,,,,,,,,45,0,45,0,1,,,,,,,,,,,,,,,,,
,,,,,,,,,,,,,,,,,120,4,2024-09-06_13h38.38.181,Symbol-E,2020.1.3,Win32,Firefox,Mozilla/5.0 (Windows NT 10.0; Win64; x64; rv:129.0) Gecko/20100101 Firefox/129.0,60,,,,,,,,,,,,,,,,,,,,,,,,,,,,,,,,,,,,media/ddnb.png,5,1,Symb,u,TR,0,0,1,0,8,0,46,0,1,3,0.187222454,a,99,8,0,,,,,,,,,,,,,,,,,,,,h,0.149,,,,,,,,,,,,,,,,,,,,,,,,,,,,,,,,,,,,,,,,,,,,,,,,,,,,,,,,,,,,,,0,,,,,,,,,,,,0,0,0,0,1,,,,,,,,,,,,
,,,,,,,,,,,,,,,,,120,4,2024-09-06_13h38.38.181,Symbol-E,2020.1.3,Win32,Firefox,Mozilla/5.0 (Windows NT 10.0; Win64; x64; rv:129.0) Gecko/20100101 Firefox/129.0,60,,,,,,,,,,,,,,,,,,,,,,,,,,,,,,,,,,,,,,,,,,,,,,,,,,,,,,,,,,,,,,,,,,,,,,,,,,,,,,,,,,,,,,,,,,,,,,,,,,,,,,,,,,,,,,,,,,,,,,,,,,,,,,,,,,,,,,,,,,,,,,,,,,46,0,46,0,1,,,,,,,,,,,,,,,,,
,,,,,,,,,,,,,,,,,120,4,2024-09-06_13h38.38.181,Symbol-E,2020.1.3,Win32,Firefox,Mozilla/5.0 (Windows NT 10.0; Win64; x64; rv:129.0) Gecko/20100101 Firefox/129.0,60,,,,,,,,,,,,,,,,,,,,,,,,,,,,,,,,,,,,media/djnb.png,0,0,Symb,a,TR,0,0,1,0,8,0,47,0,1,3,0.535486837,f,1.306,3,0,,,,,,,,,,,,,,,,,,,,,,,,,,,,,,,,,,,,,,,,,,,,,,,,,,,,,,,,,,,,,,,,,,,,,,,,,,,,,,,,,,f,0,1.306,0,0,0,0,1,,,,,,,,,,,,,,,,,,,,,,
,,,,,,,,,,,,,,,,,120,4,2024-09-06_13h38.38.181,Symbol-E,2020.1.3,Win32,Firefox,Mozilla/5.0 (Windows NT 10.0; Win64; x64; rv:129.0) Gecko/20100101 Firefox/129.0,60,,,,,,,,,,,,,,,,,,,,,,,,,,,,,,,,,,,,,,,,,,,,,,,,,,,,,,,,,,,,,,,,,,,,,,,,,,,,,,,,,,,,,,,,,,,,,,,,,,,,,,,,,,,,,,,,,,,,,,,,,,,,,,,,,,,,,,,,,,,,,,,,,,47,0,47,0,1,,,,,,,,,,,,,,,,,
,,,,,,,,,,,,,,,,,120,4,2024-09-06_13h38.38.181,Symbol-E,2020.1.3,Win32,Firefox,Mozilla/5.0 (Windows NT 10.0; Win64; x64; rv:129.0) Gecko/20100101 Firefox/129.0,60,,,,,,,,,,,,,,,,,,,,,,,,,,,,,,,,,,,,media/dinb.png,6,2,Symb,i,TR,0,0,1,0,8,0,48,0,1,3,1.196099151,i,1.176,6,1,,,,,,,,,,,,,,,,,,,,,,,,,,,,,,,,,,,,,,,,,,,,,,,,,,,,,,,,,,,,,,,,,,,,,,,,,,,,,,,,,,i,1,1.176,0,0,0,0,1,,,,,,,,,,,,,,,,,,,,,,
,,,,,,,,,,,,,,,,,120,4,2024-09-06_13h38.38.181,Symbol-E,2020.1.3,Win32,Firefox,Mozilla/5.0 (Windows NT 10.0; Win64; x64; rv:129.0) Gecko/20100101 Firefox/129.0,60,,,,,,,,,,,,,,,,,,,,,,,,,,,,,,,,,,,,,,,,,,,,,,,,,,,,,,,,,,,,,,,,,,,,,,,,,,,,,,,,,,,,,,,,,,,,,,,,,,,,,,,,,,,,,,,,,,,,,,,,,,,,,,,,,,,,,,,,,,,,,,,,,,48,0,48,0,1,,,,,,,,,,,,,,,,,
,,,,,,,,,,,,,,,,,120,4,2024-09-06_13h38.38.181,Symbol-E,2020.1.3,Win32,Firefox,Mozilla/5.0 (Windows NT 10.0; Win64; x64; rv:129.0) Gecko/20100101 Firefox/129.0,60,,,,,,,,,,,,,,,,,,,,,,,,,,,,,,,,,,,,media/dinb.png,6,2,Symb,i,TR,0,0,1,0,8,0,49,0,1,3,0.914717579,i,1.368,6,1,,,,,,,,,,,,,,,,,,,,,,,,,,,,,,,,,,,,,,,,,,,,,,,,,,,,,,,,,,,,,,,,,,,,,,,,,,,,,,,,,,i,1,1.368,0,0,0,0,1,,,,,,,,,,,,,,,,,,,,,,
,,,,,,,,,,,,,,,,,120,4,2024-09-06_13h38.38.181,Symbol-E,2020.1.3,Win32,Firefox,Mozilla/5.0 (Windows NT 10.0; Win64; x64; rv:129.0) Gecko/20100101 Firefox/129.0,60,,,,,,,,,,,,,,,,,,,,,,,,,,,,,,,,,,,,,,,,,,,,,,,,,,,,,,,,,,,,,,,,,,,,,,,,,,,,,,,,,,,,,,,,,,,,,,,,,,,,,,,,,,,,,,,,,,,,,,,,,,,,,,,,,,,,,,,,,,,,,,,,,,49,0,49,0,1,,,,,,,,,,,,,,,,,
,,,,,,,,,,,,,,,,,120,4,2024-09-06_13h38.38.181,Symbol-E,2020.1.3,Win32,Firefox,Mozilla/5.0 (Windows NT 10.0; Win64; x64; rv:129.0) Gecko/20100101 Firefox/129.0,60,,,,,,,,,,,,,,,,,,,,,,,,,,,,,,,,,,,,media/djnb.png,0,0,Symb,a,TR,0,0,1,0,8,0,50,0,1,3,0.204654386,a,99,8,0,,,,,,,,,,,,,,,,,,,,h,1.099,,,,,,,,,,,,,,,,,,,,,,,,,,,,,,,,,,,,,,,,,,,,,,,,,,,,,,,,,,,,,,0,,,,,,,,,,,,0,0,0,0,1,,,,,,,,,,,,
,,,,,,,,,,,,,,,,,120,4,2024-09-06_13h38.38.181,Symbol-E,2020.1.3,Win32,Firefox,Mozilla/5.0 (Windows NT 10.0; Win64; x64; rv:129.0) Gecko/20100101 Firefox/129.0,60,,,,,,,,,,,,,,,,,,,,,,,,,,,,,,,,,,,,,,,,,,,,,,,,,,,,,,,,,,,,,,,,,,,,,,,,,,,,,,,,,,,,,,,,,,,,,,,,,,,,,,,,,,,,,,,,,,,,,,,,,,,,,,,,,,,,,,,,,,,,,,,,,,50,0,50,0,1,,,,,,,,,,,,,,,,,
,,,,,,,,,,,,,,,,,120,4,2024-09-06_13h38.38.181,Symbol-E,2020.1.3,Win32,Firefox,Mozilla/5.0 (Windows NT 10.0; Win64; x64; rv:129.0) Gecko/20100101 Firefox/129.0,60,,,,,,,,,,,,,,,,,,,,,,,,,,,,,,,,,,,,media/dgnb.png,3,3,Symb,f,TR,0,0,1,0,8,0,51,0,1,3,1.079241149,f,1.259,3,1,,,,,,,,,,,,,,,,,,,,,,,,,,,,,,,,,,,,,,,,,,,,,,,,,,,,,,,,,,,,,,,,,,,,,,,,,,,,,,,,,,f,1,1.259,0,0,0,0,1,,,,,,,,,,,,,,,,,,,,,,
,,,,,,,,,,,,,,,,,120,4,2024-09-06_13h38.38.181,Symbol-E,2020.1.3,Win32,Firefox,Mozilla/5.0 (Windows NT 10.0; Win64; x64; rv:129.0) Gecko/20100101 Firefox/129.0,60,,,,,,,,,,,,,,,,,,,,,,,,,,,,,,,,,,,,,,,,,,,,,,,,,,,,,,,,,,,,,,,,,,,,,,,,,,,,,,,,,,,,,,,,,,,,,,,,,,,,,,,,,,,,,,,,,,,,,,,,,,,,,,,,,,,,,,,,,,,,,,,,,,51,0,51,0,1,,,,,,,,,,,,,,,,,
,,,,,,,,,,,,,,,,,120,4,2024-09-06_13h38.38.181,Symbol-E,2020.1.3,Win32,Firefox,Mozilla/5.0 (Windows NT 10.0; Win64; x64; rv:129.0) Gecko/20100101 Firefox/129.0,60,,,,,,,,,,,,,,,,,,,,,,,,,,,,,,,,,,,,media/dcnb.png,4,0,Symb,h,TR,0,0,1,0,8,0,52,0,1,3,0.191991486,a,1.449,0,0,,,,,,,,,,,,,,,,,,,,,,,,,,,,,,,,,,,,,,,,,,,,,,,,,,,,,,,,,,,,,,,,,,,,,,,,,,,,,,,,,,a,0,1.449,0,0,0,0,1,,,,,,,,,,,,,,,,,,,,,,
,,,,,,,,,,,,,,,,,120,4,2024-09-06_13h38.38.181,Symbol-E,2020.1.3,Win32,Firefox,Mozilla/5.0 (Windows NT 10.0; Win64; x64; rv:129.0) Gecko/20100101 Firefox/129.0,60,,,,,,,,,,,,,,,,,,,,,,,,,,,,,,,,,,,,,,,,,,,,,,,,,,,,,,,,,,,,,,,,,,,,,,,,,,,,,,,,,,,,,,,,,,,,,,,,,,,,,,,,,,,,,,,,,,,,,,,,,,,,,,,,,,,,,,,,,,,,,,,,,,52,0,52,0,1,,,,,,,,,,,,,,,,,
,,,,,,,,,,,,,,,,,120,4,2024-09-06_13h38.38.181,Symbol-E,2020.1.3,Win32,Firefox,Mozilla/5.0 (Windows NT 10.0; Win64; x64; rv:129.0) Gecko/20100101 Firefox/129.0,60,,,,,,,,,,,,,,,,,,,,,,,,,,,,,,,,,,,,media/dnnb.png,2,2,Symb,e,TR,0,0,1,0,8,0,53,0,1,3,0.868079967,e,1.28,2,1,,,,,,,,,,,,,,,,,,,,,,,,,,,,,,,,,,,,,,,,,,,,,,,,,,,,,,,,,,,,,,,,,,,,,,,,,,,,,,,,,,e,1,1.28,0,0,0,0,1,,,,,,,,,,,,,,,,,,,,,,
,,,,,,,,,,,,,,,,,120,4,2024-09-06_13h38.38.181,Symbol-E,2020.1.3,Win32,Firefox,Mozilla/5.0 (Windows NT 10.0; Win64; x64; rv:129.0) Gecko/20100101 Firefox/129.0,60,,,,,,,,,,,,,,,,,,,,,,,,,,,,,,,,,,,,,,,,,,,,,,,,,,,,,,,,,,,,,,,,,,,,,,,,,,,,,,,,,,,,,,,,,,,,,,,,,,,,,,,,,,,,,,,,,,,,,,,,,,,,,,,,,,,,,,,,,,,,,,,,,,53,0,53,0,1,,,,,,,,,,,,,,,,,
,,,,,,,,,,,,,,,,,120,4,2024-09-06_13h38.38.181,Symbol-E,2020.1.3,Win32,Firefox,Mozilla/5.0 (Windows NT 10.0; Win64; x64; rv:129.0) Gecko/20100101 Firefox/129.0,60,,,,,,,,,,,,,,,,,,,,,,,,,,,,,,,,,,,,media/dnnb.png,2,2,Symb,e,TR,0,0,1,0,8,0,54,0,1,3,0.29225657,h,1.398,4,0,,,,,,,,,,,,,,,,,,,,,,,,,,,,,,,,,,,,,,,,,,,,,,,,,,,,,,,,,,,,,,,,,,,,,,,,,,,,,,,,,,h,0,1.398,0,0,0,0,1,,,,,,,,,,,,,,,,,,,,,,
,,,,,,,,,,,,,,,,,120,4,2024-09-06_13h38.38.181,Symbol-E,2020.1.3,Win32,Firefox,Mozilla/5.0 (Windows NT 10.0; Win64; x64; rv:129.0) Gecko/20100101 Firefox/129.0,60,,,,,,,,,,,,,,,,,,,,,,,,,,,,,,,,,,,,,,,,,,,,,,,,,,,,,,,,,,,,,,,,,,,,,,,,,,,,,,,,,,,,,,,,,,,,,,,,,,,,,,,,,,,,,,,,,,,,,,,,,,,,,,,,,,,,,,,,,,,,,,,,,,54,0,54,0,1,,,,,,,,,,,,,,,,,
,,,,,,,,,,,,,,,,,120,4,2024-09-06_13h38.38.181,Symbol-E,2020.1.3,Win32,Firefox,Mozilla/5.0 (Windows NT 10.0; Win64; x64; rv:129.0) Gecko/20100101 Firefox/129.0,60,,,,,,,,,,,,,,,,,,,,,,,,,,,,,,,,,,,,media/dcnb.png,4,0,Symb,h,TR,0,0,1,0,8,0,55,0,1,3,0.99251754,h,1.273,4,1,,,,,,,,,,,,,,,,,,,,,,,,,,,,,,,,,,,,,,,,,,,,,,,,,,,,,,,,,,,,,,,,,,,,,,,,,,,,,,,,,,h,1,1.273,0,0,0,0,1,,,,,,,,,,,,,,,,,,,,,,
,,,,,,,,,,,,,,,,,120,4,2024-09-06_13h38.38.181,Symbol-E,2020.1.3,Win32,Firefox,Mozilla/5.0 (Windows NT 10.0; Win64; x64; rv:129.0) Gecko/20100101 Firefox/129.0,60,,,,,,,,,,,,,,,,,,,,,,,,,,,,,,,,,,,,,,,,,,,,,,,,,,,,,,,,,,,,,,,,,,,,,,,,,,,,,,,,,,,,,,,,,,,,,,,,,,,,,,,,,,,,,,,,,,,,,,,,,,,,,,,,,,,,,,,,,,,,,,,,,,55,0,55,0,1,,,,,,,,,,,,,,,,,
,,,,,,,,,,,,,,,,,120,4,2024-09-06_13h38.38.181,Symbol-E,2020.1.3,Win32,Firefox,Mozilla/5.0 (Windows NT 10.0; Win64; x64; rv:129.0) Gecko/20100101 Firefox/129.0,60,,,,,,,,,,,,,,,,,,,,,,,,,,,,,,,,,,,,media/ddnb.png,5,1,Symb,u,TR,0,0,1,0,8,0,56,0,1,3,0.264512276,a,99,8,0,,,,,,,,,,,,,,,,,,,,h,0.002,,,,,,,,,,,,,,,,,,,,,,,,,,,,,,,,,,,,,,,,,,,,,,,,,,,,,,,,,,,,,,0,,,,,,,,,,,,0,0,0,0,1,,,,,,,,,,,,
,,,,,,,,,,,,,,,,,120,4,2024-09-06_13h38.38.181,Symbol-E,2020.1.3,Win32,Firefox,Mozilla/5.0 (Windows NT 10.0; Win64; x64; rv:129.0) Gecko/20100101 Firefox/129.0,60,,,,,,,,,,,,,,,,,,,,,,,,,,,,,,,,,,,,,,,,,,,,,,,,,,,,,,,,,,,,,,,,,,,,,,,,,,,,,,,,,,,,,,,,,,,,,,,,,,,,,,,,,,,,,,,,,,,,,,,,,,,,,,,,,,,,,,,,,,,,,,,,,,56,0,56,0,1,,,,,,,,,,,,,,,,,
,,,,,,,,,,,,,,,,,120,4,2024-09-06_13h38.38.181,Symbol-E,2020.1.3,Win32,Firefox,Mozilla/5.0 (Windows NT 10.0; Win64; x64; rv:129.0) Gecko/20100101 Firefox/129.0,60,,,,,,,,,,,,,,,,,,,,,,,,,,,,,,,,,,,,media/djnb.png,0,0,Symb,a,TR,0,0,1,0,8,0,57,0,1,3,1.062065193,a,1.255,0,1,,,,,,,,,,,,,,,,,,,,,,,,,,,,,,,,,,,,,,,,,,,,,,,,,,,,,,,,,,,,,,,,,,,,,,,,,,,,,,,,,,a,1,1.255,0,0,0,0,1,,,,,,,,,,,,,,,,,,,,,,
,,,,,,,,,,,,,,,,,120,4,2024-09-06_13h38.38.181,Symbol-E,2020.1.3,Win32,Firefox,Mozilla/5.0 (Windows NT 10.0; Win64; x64; rv:129.0) Gecko/20100101 Firefox/129.0,60,,,,,,,,,,,,,,,,,,,,,,,,,,,,,,,,,,,,,,,,,,,,,,,,,,,,,,,,,,,,,,,,,,,,,,,,,,,,,,,,,,,,,,,,,,,,,,,,,,,,,,,,,,,,,,,,,,,,,,,,,,,,,,,,,,,,,,,,,,,,,,,,,,57,0,57,0,1,,,,,,,,,,,,,,,,,
,,,,,,,,,,,,,,,,,120,4,2024-09-06_13h38.38.181,Symbol-E,2020.1.3,Win32,Firefox,Mozilla/5.0 (Windows NT 10.0; Win64; x64; rv:129.0) Gecko/20100101 Firefox/129.0,60,,,,,,,,,,,,,,,,,,,,,,,,,,,,,,,,,,,,media/dmnb.png,7,3,Symb,l,TR,0,0,1,0,8,0,58,0,1,3,0.586122272,h,1.33,4,0,,,,,,,,,,,,,,,,,,,,,,,,,,,,,,,,,,,,,,,,,,,,,,,,,,,,,,,,,,,,,,,,,,,,,,,,,,,,,,,,,,h,0,1.33,0,0,0,0,1,,,,,,,,,,,,,,,,,,,,,,
,,,,,,,,,,,,,,,,,120,4,2024-09-06_13h38.38.181,Symbol-E,2020.1.3,Win32,Firefox,Mozilla/5.0 (Windows NT 10.0; Win64; x64; rv:129.0) Gecko/20100101 Firefox/129.0,60,,,,,,,,,,,,,,,,,,,,,,,,,,,,,,,,,,,,,,,,,,,,,,,,,,,,,,,,,,,,,,,,,,,,,,,,,,,,,,,,,,,,,,,,,,,,,,,,,,,,,,,,,,,,,,,,,,,,,,,,,,,,,,,,,,,,,,,,,,,,,,,,,,58,0,58,0,1,,,,,,,,,,,,,,,,,
,,,,,,,,,,,,,,,,,120,4,2024-09-06_13h38.38.181,Symbol-E,2020.1.3,Win32,Firefox,Mozilla/5.0 (Windows NT 10.0; Win64; x64; rv:129.0) Gecko/20100101 Firefox/129.0,60,,,,,,,,,,,,,,,,,,,,,,,,,,,,,,,,,,,,media/dfnb.png,1,1,Symb,w,TR,0,0,1,0,8,0,59,0,1,3,0.868756647,w,1.301,1,1,,,,,,,,,,,,,,,,,,,,,,,,,,,,,,,,,,,,,,,,,,,,,,,,,,,,,,,,,,,,,,,,,,,,,,,,,,,,,,,,,,w,1,1.301,0,0,0,0,1,,,,,,,,,,,,,,,,,,,,,,
,,,,,,,,,,,,,,,,,120,4,2024-09-06_13h38.38.181,Symbol-E,2020.1.3,Win32,Firefox,Mozilla/5.0 (Windows NT 10.0; Win64; x64; rv:129.0) Gecko/20100101 Firefox/129.0,60,,,,,,,,,,,,,,,,,,,,,,,,,,,,,,,,,,,,,,,,,,,,,,,,,,,,,,,,,,,,,,,,,,,,,,,,,,,,,,,,,,,,,,,,,,,,,,,,,,,,,,,,,,,,,,,,,,,,,,,,,,,,,,,,,,,,,,,,,,,,,,,,,,59,0,59,0,1,,,,,,,,,,,,,,,,,
,,,,,,,,,,,,,,,,,120,4,2024-09-06_13h38.38.181,Symbol-E,2020.1.3,Win32,Firefox,Mozilla/5.0 (Windows NT 10.0; Win64; x64; rv:129.0) Gecko/20100101 Firefox/129.0,60,,,,,,,,,,,,,,,,,,,,,,,,,,,,,,,,,,,,media/dfnb.png,1,1,Symb,w,TR,0,0,1,0,8,0,60,0,1,3,0.358389733,w,1.459,1,1,,,,,,,,,,,,,,,,,,,,,,,,,,,,,,,,,,,,,,,,,,,,,,,,,,,,,,,,,,,,,,,,,,,,,,,,,,,,,,,,,,w,1,1.459,0,0,0,0,1,,,,,,,,,,,,,,,,,,,,,,
,,,,,,,,,,,,,,,,,120,4,2024-09-06_13h38.38.181,Symbol-E,2020.1.3,Win32,Firefox,Mozilla/5.0 (Windows NT 10.0; Win64; x64; rv:129.0) Gecko/20100101 Firefox/129.0,60,,,,,,,,,,,,,,,,,,,,,,,,,,,,,,,,,,,,,,,,,,,,,,,,,,,,,,,,,,,,,,,,,,,,,,,,,,,,,,,,,,,,,,,,,,,,,,,,,,,,,,,,,,,,,,,,,,,,,,,,,,,,,,,,,,,,,,,,,,,,,,,,,,60,0,60,0,1,,,,,,,,,,,,,,,,,
,,,,,,,,,,,,,,,,,120,4,2024-09-06_13h38.38.181,Symbol-E,2020.1.3,Win32,Firefox,Mozilla/5.0 (Windows NT 10.0; Win64; x64; rv:129.0) Gecko/20100101 Firefox/129.0,60,,,,,,,,,,,,,,,,,,,,,,,,,,,,,,,,,,,,media/dmnb.png,7,3,Symb,l,TR,0,0,1,0,8,0,61,0,1,3,0.049255336,u,1.304,5,0,,,,,,,,,,,,,,,,,,,,,,,,,,,,,,,,,,,,,,,,,,,,,,,,,,,,,,,,,,,,,,,,,,,,,,,,,,,,,,,,,,u,0,1.304,0,0,0,0,1,,,,,,,,,,,,,,,,,,,,,,
,,,,,,,,,,,,,,,,,120,4,2024-09-06_13h38.38.181,Symbol-E,2020.1.3,Win32,Firefox,Mozilla/5.0 (Windows NT 10.0; Win64; x64; rv:129.0) Gecko/20100101 Firefox/129.0,60,,,,,,,,,,,,,,,,,,,,,,,,,,,,,,,,,,,,,,,,,,,,,,,,,,,,,,,,,,,,,,,,,,,,,,,,,,,,,,,,,,,,,,,,,,,,,,,,,,,,,,,,,,,,,,,,,,,,,,,,,,,,,,,,,,,,,,,,,,,,,,,,,,61,0,61,0,1,,,,,,,,,,,,,,,,,
,,,,,,,,,,,,,,,,,120,4,2024-09-06_13h38.38.181,Symbol-E,2020.1.3,Win32,Firefox,Mozilla/5.0 (Windows NT 10.0; Win64; x64; rv:129.0) Gecko/20100101 Firefox/129.0,60,,,,,,,,,,,,,,,,,,,,,,,,,,,,,,,,,,,,media/ddnb.png,5,1,Symb,u,TR,0,0,1,0,8,0,62,0,1,3,0.79910153,u,1.267,5,1,,,,,,,,,,,,,,,,,,,,,,,,,,,,,,,,,,,,,,,,,,,,,,,,,,,,,,,,,,,,,,,,,,,,,,,,,,,,,,,,,,u,1,1.267,0,0,0,0,1,,,,,,,,,,,,,,,,,,,,,,
,,,,,,,,,,,,,,,,,120,4,2024-09-06_13h38.38.181,Symbol-E,2020.1.3,Win32,Firefox,Mozilla/5.0 (Windows NT 10.0; Win64; x64; rv:129.0) Gecko/20100101 Firefox/129.0,60,,,,,,,,,,,,,,,,,,,,,,,,,,,,,,,,,,,,,,,,,,,,,,,,,,,,,,,,,,,,,,,,,,,,,,,,,,,,,,,,,,,,,,,,,,,,,,,,,,,,,,,,,,,,,,,,,,,,,,,,,,,,,,,,,,,,,,,,,,,,,,,,,,62,0,62,0,1,,,,,,,,,,,,,,,,,
,,,,,,,,,,,,,,,,,120,4,2024-09-06_13h38.38.181,Symbol-E,2020.1.3,Win32,Firefox,Mozilla/5.0 (Windows NT 10.0; Win64; x64; rv:129.0) Gecko/20100101 Firefox/129.0,60,,,,,,,,,,,,,,,,,,,,,,,,,,,,,,,,,,,,media/dgnb.png,3,3,Symb,f,TR,0,0,1,0,8,0,63,0,1,3,0.966302337,f,1.254,3,1,,,,,,,,,,,,,,,,,,,,,,,,,,,,,,,,,,,,,,,,,,,,,,,,,,,,,,,,,,,,,,,,,,,,,,,,,,,,,,,,,,f,1,1.254,0,0,0,0,1,,,,,,,,,,,,,,,,,,,,,,
,,,,,,,,,,,,,,,,,120,4,2024-09-06_13h38.38.181,Symbol-E,2020.1.3,Win32,Firefox,Mozilla/5.0 (Windows NT 10.0; Win64; x64; rv:129.0) Gecko/20100101 Firefox/129.0,60,,,,,,,,,,,,,,,,,,,,,,,,,,,,,,,,,,,,,,,,,,,,,,,,,,,,,,,,,,,,,,,,,,,,,,,,,,,,,,,,,,,,,,,,,,,,,,,,,,,,,,,,,,,,,,,,,,,,,,,,,,,,,,,,,,,,,,,,,,,,,,,,,,63,0,63,0,1,,,,,,,,,,,,,,,,,
,,,,,,,,,,,,,,,,,120,4,2024-09-06_13h38.38.181,Symbol-E,2020.1.3,Win32,Firefox,Mozilla/5.0 (Windows NT 10.0; Win64; x64; rv:129.0) Gecko/20100101 Firefox/129.0,60,,,,,,,,,,,,,,,,,,,,,,,,,,,,,,,,,,,,media/djnb.png,0,0,Symb,a,TR,0,0,1,0,8,0,64,0,1,3,0.488878233,a,1.352,0,1,,,,,,,,,,,,,,,,,,,,,,,,,,,,,,,,,,,,,,,,,,,,,,,,,,,,,,,,,,,,,,,,,,,,,,,,,,,,,,,,,,a,1,1.352,0,0,0,0,1,,,,,,,,,,,,,,,,,,,,,,
,,,,,,,,,,,,,,,,,120,4,2024-09-06_13h38.38.181,Symbol-E,2020.1.3,Win32,Firefox,Mozilla/5.0 (Windows NT 10.0; Win64; x64; rv:129.0) Gecko/20100101 Firefox/129.0,60,,,,,,,,,,,,,,,,,,,,,,,,,,,,,,,,,,,,,,,,,,,,,,,,,,,,,,,,,,,,,,,,,,,,,,,,,,,,,,,,,,,,,,,,,,,,,,,,,,,,,,,,,,,,,,,,,,,,,,,,,,,,,,,,,,,,,,,,,,,,,,,,,,64,0,64,0,1,,,,,,,,,,,,,,,,,
,,,,,,,,,,,,,,,,,120,4,2024-09-06_13h38.38.181,Symbol-E,2020.1.3,Win32,Firefox,Mozilla/5.0 (Windows NT 10.0; Win64; x64; rv:129.0) Gecko/20100101 Firefox/129.0,60,,,,,,,,,,,,,,,,,,,,,,,,,,,,,,,,,,,,media/ddnb.png,5,1,Symb,u,TR,0,0,1,0,8,0,65,0,1,3,1.080813265,l,1.263,7,0,,,,,,,,,,,,,,,,,,,,,,,,,,,,,,,,,,,,,,,,,,,,,,,,,,,,,,,,,,,,,,,,,,,,,,,,,,,,,,,,,,l,0,1.263,0,0,0,0,1,,,,,,,,,,,,,,,,,,,,,,
,,,,,,,,,,,,,,,,,120,4,2024-09-06_13h38.38.181,Symbol-E,2020.1.3,Win32,Firefox,Mozilla/5.0 (Windows NT 10.0; Win64; x64; rv:129.0) Gecko/20100101 Firefox/129.0,60,,,,,,,,,,,,,,,,,,,,,,,,,,,,,,,,,,,,,,,,,,,,,,,,,,,,,,,,,,,,,,,,,,,,,,,,,,,,,,,,,,,,,,,,,,,,,,,,,,,,,,,,,,,,,,,,,,,,,,,,,,,,,,,,,,,,,,,,,,,,,,,,,,65,0,65,0,1,,,,,,,,,,,,,,,,,
,,,,,,,,,,,,,,,,,120,4,2024-09-06_13h38.38.181,Symbol-E,2020.1.3,Win32,Firefox,Mozilla/5.0 (Windows NT 10.0; Win64; x64; rv:129.0) Gecko/20100101 Firefox/129.0,60,,,,,,,,,,,,,,,,,,,,,,,,,,,,,,,,,,,,media/dinb.png,6,2,Symb,i,TR,0,0,1,0,8,0,66,0,1,3,0.239100869,l,1.291,7,0,,,,,,,,,,,,,,,,,,,,,,,,,,,,,,,,,,,,,,,,,,,,,,,,,,,,,,,,,,,,,,,,,,,,,,,,,,,,,,,,,,l,0,1.291,0,0,0,0,1,,,,,,,,,,,,,,,,,,,,,,
,,,,,,,,,,,,,,,,,120,4,2024-09-06_13h38.38.181,Symbol-E,2020.1.3,Win32,Firefox,Mozilla/5.0 (Windows NT 10.0; Win64; x64; rv:129.0) Gecko/20100101 Firefox/129.0,60,,,,,,,,,,,,,,,,,,,,,,,,,,,,,,,,,,,,,,,,,,,,,,,,,,,,,,,,,,,,,,,,,,,,,,,,,,,,,,,,,,,,,,,,,,,,,,,,,,,,,,,,,,,,,,,,,,,,,,,,,,,,,,,,,,,,,,,,,,,,,,,,,,66,0,66,0,1,,,,,,,,,,,,,,,,,
,,,,,,,,,,,,,,,,,120,4,2024-09-06_13h38.38.181,Symbol-E,2020.1.3,Win32,Firefox,Mozilla/5.0 (Windows NT 10.0; Win64; x64; rv:129.0) Gecko/20100101 Firefox/129.0,60,,,,,,,,,,,,,,,,,,,,,,,,,,,,,,,,,,,,media/dnnb.png,2,2,Symb,e,TR,0,0,1,0,8,0,67,0,1,3,0.486951927,w,1.309,1,0,,,,,,,,,,,,,,,,,,,,,,,,,,,,,,,,,,,,,,,,,,,,,,,,,,,,,,,,,,,,,,,,,,,,,,,,,,,,,,,,,,w,0,1.309,0,0,0,0,1,,,,,,,,,,,,,,,,,,,,,,
,,,,,,,,,,,,,,,,,120,4,2024-09-06_13h38.38.181,Symbol-E,2020.1.3,Win32,Firefox,Mozilla/5.0 (Windows NT 10.0; Win64; x64; rv:129.0) Gecko/20100101 Firefox/129.0,60,,,,,,,,,,,,,,,,,,,,,,,,,,,,,,,,,,,,,,,,,,,,,,,,,,,,,,,,,,,,,,,,,,,,,,,,,,,,,,,,,,,,,,,,,,,,,,,,,,,,,,,,,,,,,,,,,,,,,,,,,,,,,,,,,,,,,,,,,,,,,,,,,,67,0,67,0,1,,,,,,,,,,,,,,,,,
,,,,,,,,,,,,,,,,,120,4,2024-09-06_13h38.38.181,Symbol-E,2020.1.3,Win32,Firefox,Mozilla/5.0 (Windows NT 10.0; Win64; x64; rv:129.0) Gecko/20100101 Firefox/129.0,60,,,,,,,,,,,,,,,,,,,,,,,,,,,,,,,,,,,,media/dfnb.png,1,1,Symb,w,TR,0,0,1,0,8,0,68,0,1,3,0.509459307,w,1.299,1,1,,,,,,,,,,,,,,,,,,,,,,,,,,,,,,,,,,,,,,,,,,,,,,,,,,,,,,,,,,,,,,,,,,,,,,,,,,,,,,,,,,w,1,1.299,0,0,0,0,1,,,,,,,,,,,,,,,,,,,,,,
,,,,,,,,,,,,,,,,,120,4,2024-09-06_13h38.38.181,Symbol-E,2020.1.3,Win32,Firefox,Mozilla/5.0 (Windows NT 10.0; Win64; x64; rv:129.0) Gecko/20100101 Firefox/129.0,60,,,,,,,,,,,,,,,,,,,,,,,,,,,,,,,,,,,,,,,,,,,,,,,,,,,,,,,,,,,,,,,,,,,,,,,,,,,,,,,,,,,,,,,,,,,,,,,,,,,,,,,,,,,,,,,,,,,,,,,,,,,,,,,,,,,,,,,,,,,,,,,,,,68,0,68,0,1,,,,,,,,,,,,,,,,,
,,,,,,,,,,,,,,,,,120,4,2024-09-06_13h38.38.181,Symbol-E,2020.1.3,Win32,Firefox,Mozilla/5.0 (Windows NT 10.0; Win64; x64; rv:129.0) Gecko/20100101 Firefox/129.0,60,,,,,,,,,,,,,,,,,,,,,,,,,,,,,,,,,,,,media/dinb.png,6,2,Symb,i,TR,0,0,1,0,8,0,69,0,1,3,0.764212958,i,1.383,6,1,,,,,,,,,,,,,,,,,,,,,,,,,,,,,,,,,,,,,,,,,,,,,,,,,,,,,,,,,,,,,,,,,,,,,,,,,,,,,,,,,,i,1,1.383,0,0,0,0,1,,,,,,,,,,,,,,,,,,,,,,
,,,,,,,,,,,,,,,,,120,4,2024-09-06_13h38.38.181,Symbol-E,2020.1.3,Win32,Firefox,Mozilla/5.0 (Windows NT 10.0; Win64; x64; rv:129.0) Gecko/20100101 Firefox/129.0,60,,,,,,,,,,,,,,,,,,,,,,,,,,,,,,,,,,,,,,,,,,,,,,,,,,,,,,,,,,,,,,,,,,,,,,,,,,,,,,,,,,,,,,,,,,,,,,,,,,,,,,,,,,,,,,,,,,,,,,,,,,,,,,,,,,,,,,,,,,,,,,,,,,69,0,69,0,1,,,,,,,,,,,,,,,,,
,,,,,,,,,,,,,,,,,120,4,2024-09-06_13h38.38.181,Symbol-E,2020.1.3,Win32,Firefox,Mozilla/5.0 (Windows NT 10.0; Win64; x64; rv:129.0) Gecko/20100101 Firefox/129.0,60,,,,,,,,,,,,,,,,,,,,,,,,,,,,,,,,,,,,media/dcnb.png,4,0,Symb,h,TR,0,0,1,0,8,0,70,0,1,3,0.513961291,h,1.361,4,1,,,,,,,,,,,,,,,,,,,,,,,,,,,,,,,,,,,,,,,,,,,,,,,,,,,,,,,,,,,,,,,,,,,,,,,,,,,,,,,,,,h,1,1.361,0,0,0,0,1,,,,,,,,,,,,,,,,,,,,,,
,,,,,,,,,,,,,,,,,120,4,2024-09-06_13h38.38.181,Symbol-E,2020.1.3,Win32,Firefox,Mozilla/5.0 (Windows NT 10.0; Win64; x64; rv:129.0) Gecko/20100101 Firefox/129.0,60,,,,,,,,,,,,,,,,,,,,,,,,,,,,,,,,,,,,,,,,,,,,,,,,,,,,,,,,,,,,,,,,,,,,,,,,,,,,,,,,,,,,,,,,,,,,,,,,,,,,,,,,,,,,,,,,,,,,,,,,,,,,,,,,,,,,,,,,,,,,,,,,,,70,0,70,0,1,,,,,,,,,,,,,,,,,
,,,,,,,,,,,,,,,,,120,4,2024-09-06_13h38.38.181,Symbol-E,2020.1.3,Win32,Firefox,Mozilla/5.0 (Windows NT 10.0; Win64; x64; rv:129.0) Gecko/20100101 Firefox/129.0,60,,,,,,,,,,,,,,,,,,,,,,,,,,,,,,,,,,,,media/ddnb.png,5,1,Symb,u,TR,0,0,1,0,8,0,71,0,1,3,0.571084443,u,1.298,5,1,,,,,,,,,,,,,,,,,,,,,,,,,,,,,,,,,,,,,,,,,,,,,,,,,,,,,,,,,,,,,,,,,,,,,,,,,,,,,,,,,,u,1,1.298,0,0,0,0,1,,,,,,,,,,,,,,,,,,,,,,
,,,,,,,,,,,,,,,,,120,4,2024-09-06_13h38.38.181,Symbol-E,2020.1.3,Win32,Firefox,Mozilla/5.0 (Windows NT 10.0; Win64; x64; rv:129.0) Gecko/20100101 Firefox/129.0,60,,,,,,,,,,,,,,,,,,,,,,,,,,,,,,,,,,,,,,,,,,,,,,,,,,,,,,,,,,,,,,,,,,,,,,,,,,,,,,,,,,,,,,,,,,,,,,,,,,,,,,,,,,,,,,,,,,,,,,,,,,,,,,,,,,,,,,,,,,,,,,,,,,71,0,71,0,1,,,,,,,,,,,,,,,,,
,,,,,,,,,,,,,,,,,120,4,2024-09-06_13h38.38.181,Symbol-E,2020.1.3,Win32,Firefox,Mozilla/5.0 (Windows NT 10.0; Win64; x64; rv:129.0) Gecko/20100101 Firefox/129.0,60,,,,,,,,,,,,,,,,,,,,,,,,,,,,,,,,,,,,media/djnb.png,0,0,Symb,a,TR,0,0,1,0,8,0,72,0,1,3,0.939243816,a,1.259,0,1,,,,,,,,,,,,,,,,,,,,,,,,,,,,,,,,,,,,,,,,,,,,,,,,,,,,,,,,,,,,,,,,,,,,,,,,,,,,,,,,,,a,1,1.259,0,0,0,0,1,,,,,,,,,,,,,,,,,,,,,,
,,,,,,,,,,,,,,,,,120,4,2024-09-06_13h38.38.181,Symbol-E,2020.1.3,Win32,Firefox,Mozilla/5.0 (Windows NT 10.0; Win64; x64; rv:129.0) Gecko/20100101 Firefox/129.0,60,,,,,,,,,,,,,,,,,,,,,,,,,,,,,,,,,,,,,,,,,,,,,,,,,,,,,,,,,,,,,,,,,,,,,,,,,,,,,,,,,,,,,,,,,,,,,,,,,,,,,,,,,,,,,,,,,,,,,,,,,,,,,,,,,,,,,,,,,,,,,,,,,,72,0,72,0,1,,,,,,,,,,,,,,,,,
,,,,,,,,,,,,,,,,,120,4,2024-09-06_13h38.38.181,Symbol-E,2020.1.3,Win32,Firefox,Mozilla/5.0 (Windows NT 10.0; Win64; x64; rv:129.0) Gecko/20100101 Firefox/129.0,60,,,,,,,,,,,,,,,,,,,,,,,,,,,,,,,,,,,,media/dfnb.png,1,1,Symb,w,TR,0,0,1,0,8,0,73,0,1,3,1.111477631,w,1.205,1,1,,,,,,,,,,,,,,,,,,,,,,,,,,,,,,,,,,,,,,,,,,,,,,,,,,,,,,,,,,,,,,,,,,,,,,,,,,,,,,,,,,w,1,1.205,0,0,0,0,1,,,,,,,,,,,,,,,,,,,,,,
,,,,,,,,,,,,,,,,,120,4,2024-09-06_13h38.38.181,Symbol-E,2020.1.3,Win32,Firefox,Mozilla/5.0 (Windows NT 10.0; Win64; x64; rv:129.0) Gecko/20100101 Firefox/129.0,60,,,,,,,,,,,,,,,,,,,,,,,,,,,,,,,,,,,,,,,,,,,,,,,,,,,,,,,,,,,,,,,,,,,,,,,,,,,,,,,,,,,,,,,,,,,,,,,,,,,,,,,,,,,,,,,,,,,,,,,,,,,,,,,,,,,,,,,,,,,,,,,,,,73,0,73,0,1,,,,,,,,,,,,,,,,,
,,,,,,,,,,,,,,,,,120,4,2024-09-06_13h38.38.181,Symbol-E,2020.1.3,Win32,Firefox,Mozilla/5.0 (Windows NT 10.0; Win64; x64; rv:129.0) Gecko/20100101 Firefox/129.0,60,,,,,,,,,,,,,,,,,,,,,,,,,,,,,,,,,,,,media/dcnb.png,4,0,Symb,h,TR,0,0,1,0,8,0,74,0,1,3,0.041681098,h,1.378,4,1,,,,,,,,,,,,,,,,,,,,,,,,,,,,,,,,,,,,,,,,,,,,,,,,,,,,,,,,,,,,,,,,,,,,,,,,,,,,,,,,,,h,1,1.378,0,0,0,0,1,,,,,,,,,,,,,,,,,,,,,,
,,,,,,,,,,,,,,,,,120,4,2024-09-06_13h38.38.181,Symbol-E,2020.1.3,Win32,Firefox,Mozilla/5.0 (Windows NT 10.0; Win64; x64; rv:129.0) Gecko/20100101 Firefox/129.0,60,,,,,,,,,,,,,,,,,,,,,,,,,,,,,,,,,,,,,,,,,,,,,,,,,,,,,,,,,,,,,,,,,,,,,,,,,,,,,,,,,,,,,,,,,,,,,,,,,,,,,,,,,,,,,,,,,,,,,,,,,,,,,,,,,,,,,,,,,,,,,,,,,,74,0,74,0,1,,,,,,,,,,,,,,,,,
,,,,,,,,,,,,,,,,,120,4,2024-09-06_13h38.38.181,Symbol-E,2020.1.3,Win32,Firefox,Mozilla/5.0 (Windows NT 10.0; Win64; x64; rv:129.0) Gecko/20100101 Firefox/129.0,60,,,,,,,,,,,,,,,,,,,,,,,,,,,,,,,,,,,,media/dnnb.png,2,2,Symb,e,TR,0,0,1,0,8,0,75,0,1,3,1.11137859,e,1.139,2,1,,,,,,,,,,,,,,,,,,,,,,,,,,,,,,,,,,,,,,,,,,,,,,,,,,,,,,,,,,,,,,,,,,,,,,,,,,,,,,,,,,e,1,1.139,0,0,0,0,1,,,,,,,,,,,,,,,,,,,,,,
,,,,,,,,,,,,,,,,,120,4,2024-09-06_13h38.38.181,Symbol-E,2020.1.3,Win32,Firefox,Mozilla/5.0 (Windows NT 10.0; Win64; x64; rv:129.0) Gecko/20100101 Firefox/129.0,60,,,,,,,,,,,,,,,,,,,,,,,,,,,,,,,,,,,,,,,,,,,,,,,,,,,,,,,,,,,,,,,,,,,,,,,,,,,,,,,,,,,,,,,,,,,,,,,,,,,,,,,,,,,,,,,,,,,,,,,,,,,,,,,,,,,,,,,,,,,,,,,,,,75,0,75,0,1,,,,,,,,,,,,,,,,,
,,,,,,,,,,,,,,,,,120,4,2024-09-06_13h38.38.181,Symbol-E,2020.1.3,Win32,Firefox,Mozilla/5.0 (Windows NT 10.0; Win64; x64; rv:129.0) Gecko/20100101 Firefox/129.0,60,,,,,,,,,,,,,,,,,,,,,,,,,,,,,,,,,,,,media/dgnb.png,3,3,Symb,f,TR,0,0,1,0,8,0,76,0,1,3,0.375986491,l,1.191,7,0,,,,,,,,,,,,,,,,,,,,,,,,,,,,,,,,,,,,,,,,,,,,,,,,,,,,,,,,,,,,,,,,,,,,,,,,,,,,,,,,,,l,0,1.191,0,0,0,0,1,,,,,,,,,,,,,,,,,,,,,,
,,,,,,,,,,,,,,,,,120,4,2024-09-06_13h38.38.181,Symbol-E,2020.1.3,Win32,Firefox,Mozilla/5.0 (Windows NT 10.0; Win64; x64; rv:129.0) Gecko/20100101 Firefox/129.0,60,,,,,,,,,,,,,,,,,,,,,,,,,,,,,,,,,,,,,,,,,,,,,,,,,,,,,,,,,,,,,,,,,,,,,,,,,,,,,,,,,,,,,,,,,,,,,,,,,,,,,,,,,,,,,,,,,,,,,,,,,,,,,,,,,,,,,,,,,,,,,,,,,,76,0,76,0,1,,,,,,,,,,,,,,,,,
,,,,,,,,,,,,,,,,,120,4,2024-09-06_13h38.38.181,Symbol-E,2020.1.3,Win32,Firefox,Mozilla/5.0 (Windows NT 10.0; Win64; x64; rv:129.0) Gecko/20100101 Firefox/129.0,60,,,,,,,,,,,,,,,,,,,,,,,,,,,,,,,,,,,,media/dmnb.png,7,3,Symb,l,TR,0,0,1,0,8,0,77,0,1,3,0.381190226,h,1.428,4,0,,,,,,,,,,,,,,,,,,,,,,,,,,,,,,,,,,,,,,,,,,,,,,,,,,,,,,,,,,,,,,,,,,,,,,,,,,,,,,,,,,h,0,1.428,0,0,0,0,1,,,,,,,,,,,,,,,,,,,,,,
,,,,,,,,,,,,,,,,,120,4,2024-09-06_13h38.38.181,Symbol-E,2020.1.3,Win32,Firefox,Mozilla/5.0 (Windows NT 10.0; Win64; x64; rv:129.0) Gecko/20100101 Firefox/129.0,60,,,,,,,,,,,,,,,,,,,,,,,,,,,,,,,,,,,,,,,,,,,,,,,,,,,,,,,,,,,,,,,,,,,,,,,,,,,,,,,,,,,,,,,,,,,,,,,,,,,,,,,,,,,,,,,,,,,,,,,,,,,,,,,,,,,,,,,,,,,,,,,,,,77,0,77,0,1,,,,,,,,,,,,,,,,,
,,,,,,,,,,,,,,,,,120,4,2024-09-06_13h38.38.181,Symbol-E,2020.1.3,Win32,Firefox,Mozilla/5.0 (Windows NT 10.0; Win64; x64; rv:129.0) Gecko/20100101 Firefox/129.0,60,,,,,,,,,,,,,,,,,,,,,,,,,,,,,,,,,,,,media/dmnb.png,7,3,Symb,l,TR,0,0,1,0,8,0,78,0,1,3,1.137078374,l,1.177,7,1,,,,,,,,,,,,,,,,,,,,,,,,,,,,,,,,,,,,,,,,,,,,,,,,,,,,,,,,,,,,,,,,,,,,,,,,,,,,,,,,,,l,1,1.177,0,0,0,0,1,,,,,,,,,,,,,,,,,,,,,,
,,,,,,,,,,,,,,,,,120,4,2024-09-06_13h38.38.181,Symbol-E,2020.1.3,Win32,Firefox,Mozilla/5.0 (Windows NT 10.0; Win64; x64; rv:129.0) Gecko/20100101 Firefox/129.0,60,,,,,,,,,,,,,,,,,,,,,,,,,,,,,,,,,,,,,,,,,,,,,,,,,,,,,,,,,,,,,,,,,,,,,,,,,,,,,,,,,,,,,,,,,,,,,,,,,,,,,,,,,,,,,,,,,,,,,,,,,,,,,,,,,,,,,,,,,,,,,,,,,,78,0,78,0,1,,,,,,,,,,,,,,,,,
,,,,,,,,,,,,,,,,,120,4,2024-09-06_13h38.38.181,Symbol-E,2020.1.3,Win32,Firefox,Mozilla/5.0 (Windows NT 10.0; Win64; x64; rv:129.0) Gecko/20100101 Firefox/129.0,60,,,,,,,,,,,,,,,,,,,,,,,,,,,,,,,,,,,,media/dgnb.png,3,3,Symb,f,TR,0,0,1,0,8,0,79,0,1,3,0.857569146,f,1.287,3,1,,,,,,,,,,,,,,,,,,,,,,,,,,,,,,,,,,,,,,,,,,,,,,,,,,,,,,,,,,,,,,,,,,,,,,,,,,,,,,,,,,f,1,1.287,0,0,0,0,1,,,,,,,,,,,,,,,,,,,,,,
,,,,,,,,,,,,,,,,,120,4,2024-09-06_13h38.38.181,Symbol-E,2020.1.3,Win32,Firefox,Mozilla/5.0 (Windows NT 10.0; Win64; x64; rv:129.0) Gecko/20100101 Firefox/129.0,60,,,,,,,,,,,,,,,,,,,,,,,,,,,,,,,,,,,,,,,,,,,,,,,,,,,,,,,,,,,,,,,,,,,,,,,,,,,,,,,,,,,,,,,,,,,,,,,,,,,,,,,,,,,,,,,,,,,,,,,,,,,,,,,,,,,,,,,,,,,,,,,,,,79,0,79,0,1,,,,,,,,,,,,,,,,,
,,,,,,,,,,,,,,,,,120,4,2024-09-06_13h38.38.181,Symbol-E,2020.1.3,Win32,Firefox,Mozilla/5.0 (Windows NT 10.0; Win64; x64; rv:129.0) Gecko/20100101 Firefox/129.0,60,,,,,,,,,,,,,,,,,,,,,,,,,,,,,,,,,,,,media/djnb.png,0,0,Symb,a,TR,0,0,1,0,8,0,80,0,1,3,1.15735444,a,1.165,0,1,,,,,,,,,,,,,,,,,,,,,,,,,,,,,,,,,,,,,,,,,,,,,,,,,,,,,,,,,,,,,,,,,,,,,,,,,,,,,,,,,,a,1,1.165,0,0,0,0,1,,,,,,,,,,,,,,,,,,,,,,
,,,,,,,,,,,,,,,,,120,4,2024-09-06_13h38.38.181,Symbol-E,2020.1.3,Win32,Firefox,Mozilla/5.0 (Windows NT 10.0; Win64; x64; rv:129.0) Gecko/20100101 Firefox/129.0,60,,,,,,,,,,,,,,,,,,,,,,,,,,,,,,,,,,,,,,,,,,,,,,,,,,,,,,,,,,,,,,,,,,,,,,,,,,,,,,,,,,,,,,,,,,,,,,,,,,,,,,,,,,,,,,,,,,,,,,,,,,,,,,,,,,,,,,,,,,,,,,,,,,80,0,80,0,1,,,,,,,,,,,,,,,,,
,,,,,,,,,,,,,,,,,120,4,2024-09-06_13h38.38.181,Symbol-E,2020.1.3,Win32,Firefox,Mozilla/5.0 (Windows NT 10.0; Win64; x64; rv:129.0) Gecko/20100101 Firefox/129.0,60,,,,,,,,,,,,,,,,,,,,,,,,,,,,,,,,,,,,media/dfnb.png,1,1,Symb,w,TR,0,0,1,0,8,0,81,0,1,3,0.472701893,w,1.372,1,1,,,,,,,,,,,,,,,,,,,,,,,,,,,,,,,,,,,,,,,,,,,,,,,,,,,,,,,,,,,,,,,,,,,,,,,,,,,,,,,,,,w,1,1.372,0,0,0,0,1,,,,,,,,,,,,,,,,,,,,,,
,,,,,,,,,,,,,,,,,120,4,2024-09-06_13h38.38.181,Symbol-E,2020.1.3,Win32,Firefox,Mozilla/5.0 (Windows NT 10.0; Win64; x64; rv:129.0) Gecko/20100101 Firefox/129.0,60,,,,,,,,,,,,,,,,,,,,,,,,,,,,,,,,,,,,,,,,,,,,,,,,,,,,,,,,,,,,,,,,,,,,,,,,,,,,,,,,,,,,,,,,,,,,,,,,,,,,,,,,,,,,,,,,,,,,,,,,,,,,,,,,,,,,,,,,,,,,,,,,,,81,0,81,0,1,,,,,,,,,,,,,,,,,
,,,,,,,,,,,,,,,,,120,4,2024-09-06_13h38.38.181,Symbol-E,2020.1.3,Win32,Firefox,Mozilla/5.0 (Windows NT 10.0; Win64; x64; rv:129.0) Gecko/20100101 Firefox/129.0,60,,,,,,,,,,,,,,,,,,,,,,,,,,,,,,,,,,,,media/dmnb.png,7,3,Symb,l,TR,0,0,1,0,8,0,82,0,1,3,1.085298209,l,1.248,7,1,,,,,,,,,,,,,,,,,,,,,,,,,,,,,,,,,,,,,,,,,,,,,,,,,,,,,,,,,,,,,,,,,,,,,,,,,,,,,,,,,,l,1,1.248,0,0,0,0,1,,,,,,,,,,,,,,,,,,,,,,
,,,,,,,,,,,,,,,,,120,4,2024-09-06_13h38.38.181,Symbol-E,2020.1.3,Win32,Firefox,Mozilla/5.0 (Windows NT 10.0; Win64; x64; rv:129.0) Gecko/20100101 Firefox/129.0,60,,,,,,,,,,,,,,,,,,,,,,,,,,,,,,,,,,,,,,,,,,,,,,,,,,,,,,,,,,,,,,,,,,,,,,,,,,,,,,,,,,,,,,,,,,,,,,,,,,,,,,,,,,,,,,,,,,,,,,,,,,,,,,,,,,,,,,,,,,,,,,,,,,82,0,82,0,1,,,,,,,,,,,,,,,,,
,,,,,,,,,,,,,,,,,120,4,2024-09-06_13h38.38.181,Symbol-E,2020.1.3,Win32,Firefox,Mozilla/5.0 (Windows NT 10.0; Win64; x64; rv:129.0) Gecko/20100101 Firefox/129.0,60,,,,,,,,,,,,,,,,,,,,,,,,,,,,,,,,,,,,media/dgnb.png,3,3,Symb,f,TR,0,0,1,0,8,0,83,0,1,3,0.170191702,u,1.316,5,0,,,,,,,,,,,,,,,,,,,,,,,,,,,,,,,,,,,,,,,,,,,,,,,,,,,,,,,,,,,,,,,,,,,,,,,,,,,,,,,,,,u,0,1.316,0,0,0,0,1,,,,,,,,,,,,,,,,,,,,,,
,,,,,,,,,,,,,,,,,120,4,2024-09-06_13h38.38.181,Symbol-E,2020.1.3,Win32,Firefox,Mozilla/5.0 (Windows NT 10.0; Win64; x64; rv:129.0) Gecko/20100101 Firefox/129.0,60,,,,,,,,,,,,,,,,,,,,,,,,,,,,,,,,,,,,,,,,,,,,,,,,,,,,,,,,,,,,,,,,,,,,,,,,,,,,,,,,,,,,,,,,,,,,,,,,,,,,,,,,,,,,,,,,,,,,,,,,,,,,,,,,,,,,,,,,,,,,,,,,,,83,0,83,0,1,,,,,,,,,,,,,,,,,
,,,,,,,,,,,,,,,,,120,4,2024-09-06_13h38.38.181,Symbol-E,2020.1.3,Win32,Firefox,Mozilla/5.0 (Windows NT 10.0; Win64; x64; rv:129.0) Gecko/20100101 Firefox/129.0,60,,,,,,,,,,,,,,,,,,,,,,,,,,,,,,,,,,,,media/dfnb.png,1,1,Symb,w,TR,0,0,1,0,8,0,84,0,1,3,0.705958014,w,1.275,1,1,,,,,,,,,,,,,,,,,,,,,,,,,,,,,,,,,,,,,,,,,,,,,,,,,,,,,,,,,,,,,,,,,,,,,,,,,,,,,,,,,,w,1,1.275,0,0,0,0,1,,,,,,,,,,,,,,,,,,,,,,
,,,,,,,,,,,,,,,,,120,4,2024-09-06_13h38.38.181,Symbol-E,2020.1.3,Win32,Firefox,Mozilla/5.0 (Windows NT 10.0; Win64; x64; rv:129.0) Gecko/20100101 Firefox/129.0,60,,,,,,,,,,,,,,,,,,,,,,,,,,,,,,,,,,,,,,,,,,,,,,,,,,,,,,,,,,,,,,,,,,,,,,,,,,,,,,,,,,,,,,,,,,,,,,,,,,,,,,,,,,,,,,,,,,,,,,,,,,,,,,,,,,,,,,,,,,,,,,,,,,84,0,84,0,1,,,,,,,,,,,,,,,,,
,,,,,,,,,,,,,,,,,120,4,2024-09-06_13h38.38.181,Symbol-E,2020.1.3,Win32,Firefox,Mozilla/5.0 (Windows NT 10.0; Win64; x64; rv:129.0) Gecko/20100101 Firefox/129.0,60,,,,,,,,,,,,,,,,,,,,,,,,,,,,,,,,,,,,media/dcnb.png,4,0,Symb,h,TR,0,0,1,0,8,0,85,0,1,3,1.132344606,a,1.216,0,0,,,,,,,,,,,,,,,,,,,,,,,,,,,,,,,,,,,,,,,,,,,,,,,,,,,,,,,,,,,,,,,,,,,,,,,,,,,,,,,,,,a,0,1.216,0,0,0,0,1,,,,,,,,,,,,,,,,,,,,,,
,,,,,,,,,,,,,,,,,120,4,2024-09-06_13h38.38.181,Symbol-E,2020.1.3,Win32,Firefox,Mozilla/5.0 (Windows NT 10.0; Win64; x64; rv:129.0) Gecko/20100101 Firefox/129.0,60,,,,,,,,,,,,,,,,,,,,,,,,,,,,,,,,,,,,,,,,,,,,,,,,,,,,,,,,,,,,,,,,,,,,,,,,,,,,,,,,,,,,,,,,,,,,,,,,,,,,,,,,,,,,,,,,,,,,,,,,,,,,,,,,,,,,,,,,,,,,,,,,,,85,0,85,0,1,,,,,,,,,,,,,,,,,
,,,,,,,,,,,,,,,,,120,4,2024-09-06_13h38.38.181,Symbol-E,2020.1.3,Win32,Firefox,Mozilla/5.0 (Windows NT 10.0; Win64; x64; rv:129.0) Gecko/20100101 Firefox/129.0,60,,,,,,,,,,,,,,,,,,,,,,,,,,,,,,,,,,,,media/ddnb.png,5,1,Symb,u,TR,0,0,1,0,8,0,86,0,1,3,1.171654283,u,1.161,5,1,,,,,,,,,,,,,,,,,,,,,,,,,,,,,,,,,,,,,,,,,,,,,,,,,,,,,,,,,,,,,,,,,,,,,,,,,,,,,,,,,,u,1,1.161,0,0,0,0,1,,,,,,,,,,,,,,,,,,,,,,
,,,,,,,,,,,,,,,,,120,4,2024-09-06_13h38.38.181,Symbol-E,2020.1.3,Win32,Firefox,Mozilla/5.0 (Windows NT 10.0; Win64; x64; rv:129.0) Gecko/20100101 Firefox/129.0,60,,,,,,,,,,,,,,,,,,,,,,,,,,,,,,,,,,,,,,,,,,,,,,,,,,,,,,,,,,,,,,,,,,,,,,,,,,,,,,,,,,,,,,,,,,,,,,,,,,,,,,,,,,,,,,,,,,,,,,,,,,,,,,,,,,,,,,,,,,,,,,,,,,86,0,86,0,1,,,,,,,,,,,,,,,,,
,,,,,,,,,,,,,,,,,120,4,2024-09-06_13h38.38.181,Symbol-E,2020.1.3,Win32,Firefox,Mozilla/5.0 (Windows NT 10.0; Win64; x64; rv:129.0) Gecko/20100101 Firefox/129.0,60,,,,,,,,,,,,,,,,,,,,,,,,,,,,,,,,,,,,media/djnb.png,0,0,Symb,a,TR,0,0,1,0,8,0,87,0,1,3,0.881815644,a,1.321,0,1,,,,,,,,,,,,,,,,,,,,,,,,,,,,,,,,,,,,,,,,,,,,,,,,,,,,,,,,,,,,,,,,,,,,,,,,,,,,,,,,,,a,1,1.321,0,0,0,0,1,,,,,,,,,,,,,,,,,,,,,,
,,,,,,,,,,,,,,,,,120,4,2024-09-06_13h38.38.181,Symbol-E,2020.1.3,Win32,Firefox,Mozilla/5.0 (Windows NT 10.0; Win64; x64; rv:129.0) Gecko/20100101 Firefox/129.0,60,,,,,,,,,,,,,,,,,,,,,,,,,,,,,,,,,,,,,,,,,,,,,,,,,,,,,,,,,,,,,,,,,,,,,,,,,,,,,,,,,,,,,,,,,,,,,,,,,,,,,,,,,,,,,,,,,,,,,,,,,,,,,,,,,,,,,,,,,,,,,,,,,,87,0,87,0,1,,,,,,,,,,,,,,,,,
,,,,,,,,,,,,,,,,,120,4,2024-09-06_13h38.38.181,Symbol-E,2020.1.3,Win32,Firefox,Mozilla/5.0 (Windows NT 10.0; Win64; x64; rv:129.0) Gecko/20100101 Firefox/129.0,60,,,,,,,,,,,,,,,,,,,,,,,,,,,,,,,,,,,,media/ddnb.png,5,1,Symb,u,TR,0,0,1,0,8,0,88,0,1,3,0.81679768,u,1.22,5,1,,,,,,,,,,,,,,,,,,,,,,,,,,,,,,,,,,,,,,,,,,,,,,,,,,,,,,,,,,,,,,,,,,,,,,,,,,,,,,,,,,u,1,1.22,0,0,0,0,1,,,,,,,,,,,,,,,,,,,,,,
,,,,,,,,,,,,,,,,,120,4,2024-09-06_13h38.38.181,Symbol-E,2020.1.3,Win32,Firefox,Mozilla/5.0 (Windows NT 10.0; Win64; x64; rv:129.0) Gecko/20100101 Firefox/129.0,60,,,,,,,,,,,,,,,,,,,,,,,,,,,,,,,,,,,,,,,,,,,,,,,,,,,,,,,,,,,,,,,,,,,,,,,,,,,,,,,,,,,,,,,,,,,,,,,,,,,,,,,,,,,,,,,,,,,,,,,,,,,,,,,,,,,,,,,,,,,,,,,,,,88,0,88,0,1,,,,,,,,,,,,,,,,,
,,,,,,,,,,,,,,,,,120,4,2024-09-06_13h38.38.181,Symbol-E,2020.1.3,Win32,Firefox,Mozilla/5.0 (Windows NT 10.0; Win64; x64; rv:129.0) Gecko/20100101 Firefox/129.0,60,,,,,,,,,,,,,,,,,,,,,,,,,,,,,,,,,,,,media/dgnb.png,3,3,Symb,f,TR,0,0,1,0,8,0,89,0,1,3,0.723430761,f,1.256,3,1,,,,,,,,,,,,,,,,,,,,,,,,,,,,,,,,,,,,,,,,,,,,,,,,,,,,,,,,,,,,,,,,,,,,,,,,,,,,,,,,,,f,1,1.256,0,0,0,0,1,,,,,,,,,,,,,,,,,,,,,,
,,,,,,,,,,,,,,,,,120,4,2024-09-06_13h38.38.181,Symbol-E,2020.1.3,Win32,Firefox,Mozilla/5.0 (Windows NT 10.0; Win64; x64; rv:129.0) Gecko/20100101 Firefox/129.0,60,,,,,,,,,,,,,,,,,,,,,,,,,,,,,,,,,,,,,,,,,,,,,,,,,,,,,,,,,,,,,,,,,,,,,,,,,,,,,,,,,,,,,,,,,,,,,,,,,,,,,,,,,,,,,,,,,,,,,,,,,,,,,,,,,,,,,,,,,,,,,,,,,,89,0,89,0,1,,,,,,,,,,,,,,,,,
,,,,,,,,,,,,,,,,,120,4,2024-09-06_13h38.38.181,Symbol-E,2020.1.3,Win32,Firefox,Mozilla/5.0 (Windows NT 10.0; Win64; x64; rv:129.0) Gecko/20100101 Firefox/129.0,60,,,,,,,,,,,,,,,,,,,,,,,,,,,,,,,,,,,,media/dmnb.png,7,3,Symb,l,TR,0,0,1,0,8,0,90,0,1,3,0.79411101,l,1.152,7,1,,,,,,,,,,,,,,,,,,,,,,,,,,,,,,,,,,,,,,,,,,,,,,,,,,,,,,,,,,,,,,,,,,,,,,,,,,,,,,,,,,l,1,1.152,0,0,0,0,1,,,,,,,,,,,,,,,,,,,,,,
,,,,,,,,,,,,,,,,,120,4,2024-09-06_13h38.38.181,Symbol-E,2020.1.3,Win32,Firefox,Mozilla/5.0 (Windows NT 10.0; Win64; x64; rv:129.0) Gecko/20100101 Firefox/129.0,60,,,,,,,,,,,,,,,,,,,,,,,,,,,,,,,,,,,,,,,,,,,,,,,,,,,,,,,,,,,,,,,,,,,,,,,,,,,,,,,,,,,,,,,,,,,,,,,,,,,,,,,,,,,,,,,,,,,,,,,,,,,,,,,,,,,,,,,,,,,,,,,,,,90,0,90,0,1,,,,,,,,,,,,,,,,,
,,,,,,,,,,,,,,,,,120,4,2024-09-06_13h38.38.181,Symbol-E,2020.1.3,Win32,Firefox,Mozilla/5.0 (Windows NT 10.0; Win64; x64; rv:129.0) Gecko/20100101 Firefox/129.0,60,,,,,,,,,,,,,,,,,,,,,,,,,,,,,,,,,,,,media/dnnb.png,2,2,Symb,e,TR,0,0,1,0,8,0,91,0,1,3,0.307856561,a,99,8,0,,,,,,,,,,,,,,,,,,,,h,0.666,,,,,,,,,,,,,,,,,,,,,,,,,,,,,,,,,,,,,,,,,,,,,,,,,,,,,,,,,,,,,,0,,,,,,,,,,,,0,0,0,0,1,,,,,,,,,,,,
,,,,,,,,,,,,,,,,,120,4,2024-09-06_13h38.38.181,Symbol-E,2020.1.3,Win32,Firefox,Mozilla/5.0 (Windows NT 10.0; Win64; x64; rv:129.0) Gecko/20100101 Firefox/129.0,60,,,,,,,,,,,,,,,,,,,,,,,,,,,,,,,,,,,,,,,,,,,,,,,,,,,,,,,,,,,,,,,,,,,,,,,,,,,,,,,,,,,,,,,,,,,,,,,,,,,,,,,,,,,,,,,,,,,,,,,,,,,,,,,,,,,,,,,,,,,,,,,,,,91,0,91,0,1,,,,,,,,,,,,,,,,,
,,,,,,,,,,,,,,,,,120,4,2024-09-06_13h38.38.181,Symbol-E,2020.1.3,Win32,Firefox,Mozilla/5.0 (Windows NT 10.0; Win64; x64; rv:129.0) Gecko/20100101 Firefox/129.0,60,,,,,,,,,,,,,,,,,,,,,,,,,,,,,,,,,,,,media/dnnb.png,2,2,Symb,e,TR,0,0,1,0,8,0,92,0,1,3,0.605806737,e,1.177,2,1,,,,,,,,,,,,,,,,,,,,,,,,,,,,,,,,,,,,,,,,,,,,,,,,,,,,,,,,,,,,,,,,,,,,,,,,,,,,,,,,,,e,1,1.177,0,0,0,0,1,,,,,,,,,,,,,,,,,,,,,,
,,,,,,,,,,,,,,,,,120,4,2024-09-06_13h38.38.181,Symbol-E,2020.1.3,Win32,Firefox,Mozilla/5.0 (Windows NT 10.0; Win64; x64; rv:129.0) Gecko/20100101 Firefox/129.0,60,,,,,,,,,,,,,,,,,,,,,,,,,,,,,,,,,,,,,,,,,,,,,,,,,,,,,,,,,,,,,,,,,,,,,,,,,,,,,,,,,,,,,,,,,,,,,,,,,,,,,,,,,,,,,,,,,,,,,,,,,,,,,,,,,,,,,,,,,,,,,,,,,,92,0,92,0,1,,,,,,,,,,,,,,,,,
,,,,,,,,,,,,,,,,,120,4,2024-09-06_13h38.38.181,Symbol-E,2020.1.3,Win32,Firefox,Mozilla/5.0 (Windows NT 10.0; Win64; x64; rv:129.0) Gecko/20100101 Firefox/129.0,60,,,,,,,,,,,,,,,,,,,,,,,,,,,,,,,,,,,,media/dcnb.png,4,0,Symb,h,TR,0,0,1,0,8,0,93,0,1,3,0.648598363,a,1.235,0,0,,,,,,,,,,,,,,,,,,,,,,,,,,,,,,,,,,,,,,,,,,,,,,,,,,,,,,,,,,,,,,,,,,,,,,,,,,,,,,,,,,a,0,1.235,0,0,0,0,1,,,,,,,,,,,,,,,,,,,,,,
,,,,,,,,,,,,,,,,,120,4,2024-09-06_13h38.38.181,Symbol-E,2020.1.3,Win32,Firefox,Mozilla/5.0 (Windows NT 10.0; Win64; x64; rv:129.0) Gecko/20100101 Firefox/129.0,60,,,,,,,,,,,,,,,,,,,,,,,,,,,,,,,,,,,,,,,,,,,,,,,,,,,,,,,,,,,,,,,,,,,,,,,,,,,,,,,,,,,,,,,,,,,,,,,,,,,,,,,,,,,,,,,,,,,,,,,,,,,,,,,,,,,,,,,,,,,,,,,,,,93,0,93,0,1,,,,,,,,,,,,,,,,,
,,,,,,,,,,,,,,,,,120,4,2024-09-06_13h38.38.181,Symbol-E,2020.1.3,Win32,Firefox,Mozilla/5.0 (Windows NT 10.0; Win64; x64; rv:129.0) Gecko/20100101 Firefox/129.0,60,,,,,,,,,,,,,,,,,,,,,,,,,,,,,,,,,,,,media/dinb.png,6,2,Symb,i,TR,0,0,1,0,8,0,94,0,1,3,0.675215483,i,1.206,6,1,,,,,,,,,,,,,,,,,,,,,,,,,,,,,,,,,,,,,,,,,,,,,,,,,,,,,,,,,,,,,,,,,,,,,,,,,,,,,,,,,,i,1,1.206,0,0,0,0,1,,,,,,,,,,,,,,,,,,,,,,
,,,,,,,,,,,,,,,,,120,4,2024-09-06_13h38.38.181,Symbol-E,2020.1.3,Win32,Firefox,Mozilla/5.0 (Windows NT 10.0; Win64; x64; rv:129.0) Gecko/20100101 Firefox/129.0,60,,,,,,,,,,,,,,,,,,,,,,,,,,,,,,,,,,,,,,,,,,,,,,,,,,,,,,,,,,,,,,,,,,,,,,,,,,,,,,,,,,,,,,,,,,,,,,,,,,,,,,,,,,,,,,,,,,,,,,,,,,,,,,,,,,,,,,,,,,,,,,,,,,94,0,94,0,1,,,,,,,,,,,,,,,,,
,,,,,,,,,,,,,,,,,120,4,2024-09-06_13h38.38.181,Symbol-E,2020.1.3,Win32,Firefox,Mozilla/5.0 (Windows NT 10.0; Win64; x64; rv:129.0) Gecko/20100101 Firefox/129.0,60,,,,,,,,,,,,,,,,,,,,,,,,,,,,,,,,,,,,media/dinb.png,6,2,Symb,i,TR,0,0,1,0,8,0,95,0,1,3,1.069128672,i,1.221,6,1,,,,,,,,,,,,,,,,,,,,,,,,,,,,,,,,,,,,,,,,,,,,,,,,,,,,,,,,,,,,,,,,,,,,,,,,,,,,,,,,,,i,1,1.221,0,0,0,0,1,,,,,,,,,,,,,,,,,,,,,,
,,,,,,,,,,,,,,,,,120,4,2024-09-06_13h38.38.181,Symbol-E,2020.1.3,Win32,Firefox,Mozilla/5.0 (Windows NT 10.0; Win64; x64; rv:129.0) Gecko/20100101 Firefox/129.0,60,,,,,,,,,,,,,,,,,,,,,,,,,,,,,,,,,,,,,,,,,,,,,,,,,,,,,,,,,,,,,,,,,,,,,,,,,,,,,,,,,,,,,,,,,,,,,,,,,,,,,,,,,,,,,,,,,,,,,,,,,,,,,,,,,,,,,,,,,,,,,,,,,,95,0,95,0,1,,,,,,,,,,,,,,,,,
,,,,,,,,,,,,,,,,,120,4,2024-09-06_13h38.38.181,Symbol-E,2020.1.3,Win32,Firefox,Mozilla/5.0 (Windows NT 10.0; Win64; x64; rv:129.0) Gecko/20100101 Firefox/129.0,60,,,,,,,,,,,,,,,,,,,,,,,,,,,,,,,,,,,,,,,,,,,,,,,,,,,,,,,,,,,,,,,,,,,,,,,,,,,,,,,,,,,,,,,,,,,,,,,,,,,,,,,,,,,,,,,,,,,,,,,,,,,,,,,,,,,,,,,,,,,,,,,,,,,,,,,,,,,,2,0,2,0,1,,,,,,,
,,,,,,,,,,,,,,,,,120,4,2024-09-06_13h38.38.181,Symbol-E,2020.1.3,Win32,Firefox,Mozilla/5.0 (Windows NT 10.0; Win64; x64; rv:129.0) Gecko/20100101 Firefox/129.0,60,,,,,,,,,,,,,,,,,,,,,,,,,,,,,,,,,,,,media/dnnb.png,2,2,Symb,e,TR,0,0,1,0,8,0,0,0,1,4,0.179122701,a,99,8,0,,,,,,,,,,,,,,,,h,0.122,,,h,0.263,,,,,,,,,,,,,,,,,,,,,,,,,,,,,,,,,,,,,,,,,,,,,,,,,,,,,,,,,,,,,,0,,,,,,,,,,,,0,0,0,0,1,,,,,,,,,,,,
,,,,,,,,,,,,,,,,,120,4,2024-09-06_13h38.38.181,Symbol-E,2020.1.3,Win32,Firefox,Mozilla/5.0 (Windows NT 10.0; Win64; x64; rv:129.0) Gecko/20100101 Firefox/129.0,60,,,,,,,,,,,,,,,,,,,,,,,,,,,,,,,,,,,,,,,,,,,,,,,,,,,,,,,,,,,,,,,,,,,,,,,,,,,,,,,,,,,,,,,,,,,,,,,,,,,,,,,,,,,,,,,,,,,,,,,,,,,,,,,,,,,,,,,,,,,,,,,,,,0,0,0,0,1,,,,,,,,,,,,,,,,,
,,,,,,,,,,,,,,,,,120,4,2024-09-06_13h38.38.181,Symbol-E,2020.1.3,Win32,Firefox,Mozilla/5.0 (Windows NT 10.0; Win64; x64; rv:129.0) Gecko/20100101 Firefox/129.0,60,,,,,,,,,,,,,,,,,,,,,,,,,,,,,,,,,,,,media/dfnb.png,1,1,Symb,w,TR,0,0,1,0,8,0,1,0,1,4,1.082241958,w,1.152,1,1,,,,,,,,,,,,,,,,,,,,,,,,,,,,,,,,,,,,,,,,,,,,,,,,,,,,,,,,,,,,,,,,,,,,,,,,,,,,,,,,,,w,1,1.152,0,0,0,0,1,,,,,,,,,,,,,,,,,,,,,,
,,,,,,,,,,,,,,,,,120,4,2024-09-06_13h38.38.181,Symbol-E,2020.1.3,Win32,Firefox,Mozilla/5.0 (Windows NT 10.0; Win64; x64; rv:129.0) Gecko/20100101 Firefox/129.0,60,,,,,,,,,,,,,,,,,,,,,,,,,,,,,,,,,,,,,,,,,,,,,,,,,,,,,,,,,,,,,,,,,,,,,,,,,,,,,,,,,,,,,,,,,,,,,,,,,,,,,,,,,,,,,,,,,,,,,,,,,,,,,,,,,,,,,,,,,,,,,,,,,,1,0,1,0,1,,,,,,,,,,,,,,,,,
,,,,,,,,,,,,,,,,,120,4,2024-09-06_13h38.38.181,Symbol-E,2020.1.3,Win32,Firefox,Mozilla/5.0 (Windows NT 10.0; Win64; x64; rv:129.0) Gecko/20100101 Firefox/129.0,60,,,,,,,,,,,,,,,,,,,,,,,,,,,,,,,,,,,,media/djnb.png,0,0,Symb,a,TR,0,0,1,0,8,0,2,0,1,4,0.181814726,a,1.293,0,1,,,,,,,,,,,,,,,,,,,,,,,,,,,,,,,,,,,,,,,,,,,,,,,,,,,,,,,,,,,,,,,,,,,,,,,,,,,,,,,,,,a,1,1.293,0,0,0,0,1,,,,,,,,,,,,,,,,,,,,,,
,,,,,,,,,,,,,,,,,120,4,2024-09-06_13h38.38.181,Symbol-E,2020.1.3,Win32,Firefox,Mozilla/5.0 (Windows NT 10.0; Win64; x64; rv:129.0) Gecko/20100101 Firefox/129.0,60,,,,,,,,,,,,,,,,,,,,,,,,,,,,,,,,,,,,,,,,,,,,,,,,,,,,,,,,,,,,,,,,,,,,,,,,,,,,,,,,,,,,,,,,,,,,,,,,,,,,,,,,,,,,,,,,,,,,,,,,,,,,,,,,,,,,,,,,,,,,,,,,,,2,0,2,0,1,,,,,,,,,,,,,,,,,
,,,,,,,,,,,,,,,,,120,4,2024-09-06_13h38.38.181,Symbol-E,2020.1.3,Win32,Firefox,Mozilla/5.0 (Windows NT 10.0; Win64; x64; rv:129.0) Gecko/20100101 Firefox/129.0,60,,,,,,,,,,,,,,,,,,,,,,,,,,,,,,,,,,,,media/dcnb.png,4,0,Symb,h,TR,0,0,1,0,8,0,3,0,1,4,0.729123294,h,1.103,4,1,,,,,,,,,,,,,,,,,,,,,,,,,,,,,,,,,,,,,,,,,,,,,,,,,,,,,,,,,,,,,,,,,,,,,,,,,,,,,,,,,,h,1,1.103,0,0,0,0,1,,,,,,,,,,,,,,,,,,,,,,
,,,,,,,,,,,,,,,,,120,4,2024-09-06_13h38.38.181,Symbol-E,2020.1.3,Win32,Firefox,Mozilla/5.0 (Windows NT 10.0; Win64; x64; rv:129.0) Gecko/20100101 Firefox/129.0,60,,,,,,,,,,,,,,,,,,,,,,,,,,,,,,,,,,,,,,,,,,,,,,,,,,,,,,,,,,,,,,,,,,,,,,,,,,,,,,,,,,,,,,,,,,,,,,,,,,,,,,,,,,,,,,,,,,,,,,,,,,,,,,,,,,,,,,,,,,,,,,,,,,3,0,3,0,1,,,,,,,,,,,,,,,,,
,,,,,,,,,,,,,,,,,120,4,2024-09-06_13h38.38.181,Symbol-E,2020.1.3,Win32,Firefox,Mozilla/5.0 (Windows NT 10.0; Win64; x64; rv:129.0) Gecko/20100101 Firefox/129.0,60,,,,,,,,,,,,,,,,,,,,,,,,,,,,,,,,,,,,media/dinb.png,6,2,Symb,i,TR,0,0,1,0,8,0,4,0,1,4,0.177670356,i,1.286,6,1,,,,,,,,,,,,,,,,,,,,,,,,,,,,,,,,,,,,,,,,,,,,,,,,,,,,,,,,,,,,,,,,,,,,,,,,,,,,,,,,,,i,1,1.286,0,0,0,0,1,,,,,,,,,,,,,,,,,,,,,,
,,,,,,,,,,,,,,,,,120,4,2024-09-06_13h38.38.181,Symbol-E,2020.1.3,Win32,Firefox,Mozilla/5.0 (Windows NT 10.0; Win64; x64; rv:129.0) Gecko/20100101 Firefox/129.0,60,,,,,,,,,,,,,,,,,,,,,,,,,,,,,,,,,,,,,,,,,,,,,,,,,,,,,,,,,,,,,,,,,,,,,,,,,,,,,,,,,,,,,,,,,,,,,,,,,,,,,,,,,,,,,,,,,,,,,,,,,,,,,,,,,,,,,,,,,,,,,,,,,,4,0,4,0,1,,,,,,,,,,,,,,,,,
,,,,,,,,,,,,,,,,,120,4,2024-09-06_13h38.38.181,Symbol-E,2020.1.3,Win32,Firefox,Mozilla/5.0 (Windows NT 10.0; Win64; x64; rv:129.0) Gecko/20100101 Firefox/129.0,60,,,,,,,,,,,,,,,,,,,,,,,,,,,,,,,,,,,,media/ddnb.png,5,1,Symb,u,TR,0,0,1,0,8,0,5,0,1,4,0.607049055,u,1.395,5,1,,,,,,,,,,,,,,,,,,,,,,,,,,,,,,,,,,,,,,,,,,,,,,,,,,,,,,,,,,,,,,,,,,,,,,,,,,,,,,,,,,u,1,1.395,0,0,0,0,1,,,,,,,,,,,,,,,,,,,,,,
,,,,,,,,,,,,,,,,,120,4,2024-09-06_13h38.38.181,Symbol-E,2020.1.3,Win32,Firefox,Mozilla/5.0 (Windows NT 10.0; Win64; x64; rv:129.0) Gecko/20100101 Firefox/129.0,60,,,,,,,,,,,,,,,,,,,,,,,,,,,,,,,,,,,,,,,,,,,,,,,,,,,,,,,,,,,,,,,,,,,,,,,,,,,,,,,,,,,,,,,,,,,,,,,,,,,,,,,,,,,,,,,,,,,,,,,,,,,,,,,,,,,,,,,,,,,,,,,,,,5,0,5,0,1,,,,,,,,,,,,,,,,,
,,,,,,,,,,,,,,,,,120,4,2024-09-06_13h38.38.181,Symbol-E,2020.1.3,Win32,Firefox,Mozilla/5.0 (Windows NT 10.0; Win64; x64; rv:129.0) Gecko/20100101 Firefox/129.0,60,,,,,,,,,,,,,,,,,,,,,,,,,,,,,,,,,,,,media/dnnb.png,2,2,Symb,e,TR,0,0,1,0,8,0,6,0,1,4,0.005794388,l,1.347,7,0,,,,,,,,,,,,,,,,,,,,,,,,,,,,,,,,,,,,,,,,,,,,,,,,,,,,,,,,,,,,,,,,,,,,,,,,,,,,,,,,,,l,0,1.347,0,0,0,0,1,,,,,,,,,,,,,,,,,,,,,,
,,,,,,,,,,,,,,,,,120,4,2024-09-06_13h38.38.181,Symbol-E,2020.1.3,Win32,Firefox,Mozilla/5.0 (Windows NT 10.0; Win64; x64; rv:129.0) Gecko/20100101 Firefox/129.0,60,,,,,,,,,,,,,,,,,,,,,,,,,,,,,,,,,,,,,,,,,,,,,,,,,,,,,,,,,,,,,,,,,,,,,,,,,,,,,,,,,,,,,,,,,,,,,,,,,,,,,,,,,,,,,,,,,,,,,,,,,,,,,,,,,,,,,,,,,,,,,,,,,,6,0,6,0,1,,,,,,,,,,,,,,,,,
,,,,,,,,,,,,,,,,,120,4,2024-09-06_13h38.38.181,Symbol-E,2020.1.3,Win32,Firefox,Mozilla/5.0 (Windows NT 10.0; Win64; x64; rv:129.0) Gecko/20100101 Firefox/129.0,60,,,,,,,,,,,,,,,,,,,,,,,,,,,,,,,,,,,,media/dfnb.png,1,1,Symb,w,TR,0,0,1,0,8,0,7,0,1,4,0.175609122,a,99,8,0,,,,,,,,,,,,,,,,,,,,h,17.083,,,,,,,,,,,,,,,,,,,,,,,,,,,,,,,,,,,,,,,,,,,,,,,,,,,,,,,,,,,,,,0,,,,,,,,,,,,0,0,0,0,1,,,,,,,,,,,,
,,,,,,,,,,,,,,,,,120,4,2024-09-06_13h38.38.181,Symbol-E,2020.1.3,Win32,Firefox,Mozilla/5.0 (Windows NT 10.0; Win64; x64; rv:129.0) Gecko/20100101 Firefox/129.0,60,,,,,,,,,,,,,,,,,,,,,,,,,,,,,,,,,,,,,,,,,,,,,,,,,,,,,,,,,,,,,,,,,,,,,,,,,,,,,,,,,,,,,,,,,,,,,,,,,,,,,,,,,,,,,,,,,,,,,,,,,,,,,,,,,,,,,,,,,,,,,,,,,,7,0,7,0,1,,,,,,,,,,,,,,,,,
,,,,,,,,,,,,,,,,,120,4,2024-09-06_13h38.38.181,Symbol-E,2020.1.3,Win32,Firefox,Mozilla/5.0 (Windows NT 10.0; Win64; x64; rv:129.0) Gecko/20100101 Firefox/129.0,60,,,,,,,,,,,,,,,,,,,,,,,,,,,,,,,,,,,,media/dgnb.png,3,3,Symb,f,TR,0,0,1,0,8,0,8,0,1,4,0.098662725,a,1.447,0,0,,,,,,,,,,,,,,,,,,,,,,,,,,,,,,,,,,,,,,,,,,,,,,,,,,,,,,,,,,,,,,,,,,,,,,,,,,,,,,,,,,a,0,1.447,0,0,0,0,1,,,,,,,,,,,,,,,,,,,,,,
,,,,,,,,,,,,,,,,,120,4,2024-09-06_13h38.38.181,Symbol-E,2020.1.3,Win32,Firefox,Mozilla/5.0 (Windows NT 10.0; Win64; x64; rv:129.0) Gecko/20100101 Firefox/129.0,60,,,,,,,,,,,,,,,,,,,,,,,,,,,,,,,,,,,,,,,,,,,,,,,,,,,,,,,,,,,,,,,,,,,,,,,,,,,,,,,,,,,,,,,,,,,,,,,,,,,,,,,,,,,,,,,,,,,,,,,,,,,,,,,,,,,,,,,,,,,,,,,,,,8,0,8,0,1,,,,,,,,,,,,,,,,,
,,,,,,,,,,,,,,,,,120,4,2024-09-06_13h38.38.181,Symbol-E,2020.1.3,Win32,Firefox,Mozilla/5.0 (Windows NT 10.0; Win64; x64; rv:129.0) Gecko/20100101 Firefox/129.0,60,,,,,,,,,,,,,,,,,,,,,,,,,,,,,,,,,,,,media/dmnb.png,7,3,Symb,l,TR,0,0,1,0,8,0,9,0,1,4,0.908759875,l,1.246,7,1,,,,,,,,,,,,,,,,,,,,,,,,,,,,,,,,,,,,,,,,,,,,,,,,,,,,,,,,,,,,,,,,,,,,,,,,,,,,,,,,,,l,1,1.246,0,0,0,0,1,,,,,,,,,,,,,,,,,,,,,,
,,,,,,,,,,,,,,,,,120,4,2024-09-06_13h38.38.181,Symbol-E,2020.1.3,Win32,Firefox,Mozilla/5.0 (Windows NT 10.0; Win64; x64; rv:129.0) Gecko/20100101 Firefox/129.0,60,,,,,,,,,,,,,,,,,,,,,,,,,,,,,,,,,,,,,,,,,,,,,,,,,,,,,,,,,,,,,,,,,,,,,,,,,,,,,,,,,,,,,,,,,,,,,,,,,,,,,,,,,,,,,,,,,,,,,,,,,,,,,,,,,,,,,,,,,,,,,,,,,,9,0,9,0,1,,,,,,,,,,,,,,,,,
,,,,,,,,,,,,,,,,,120,4,2024-09-06_13h38.38.181,Symbol-E,2020.1.3,Win32,Firefox,Mozilla/5.0 (Windows NT 10.0; Win64; x64; rv:129.0) Gecko/20100101 Firefox/129.0,60,,,,,,,,,,,,,,,,,,,,,,,,,,,,,,,,,,,,media/dmnb.png,7,3,Symb,l,TR,0,0,1,0,8,0,10,0,1,4,0.226903316,a,99,8,0,,,,,,,,,,,,,,,,,,,,h,0.154,,,,,,,,,,,,,,,,,,,,,,,,,,,,,,,,,,,,,,,,,,,,,,,,,,,,,,,,,,,,,,0,,,,,,,,,,,,0,0,0,0,1,,,,,,,,,,,,
,,,,,,,,,,,,,,,,,120,4,2024-09-06_13h38.38.181,Symbol-E,2020.1.3,Win32,Firefox,Mozilla/5.0 (Windows NT 10.0; Win64; x64; rv:129.0) Gecko/20100101 Firefox/129.0,60,,,,,,,,,,,,,,,,,,,,,,,,,,,,,,,,,,,,,,,,,,,,,,,,,,,,,,,,,,,,,,,,,,,,,,,,,,,,,,,,,,,,,,,,,,,,,,,,,,,,,,,,,,,,,,,,,,,,,,,,,,,,,,,,,,,,,,,,,,,,,,,,,,10,0,10,0,1,,,,,,,,,,,,,,,,,
,,,,,,,,,,,,,,,,,120,4,2024-09-06_13h38.38.181,Symbol-E,2020.1.3,Win32,Firefox,Mozilla/5.0 (Windows NT 10.0; Win64; x64; rv:129.0) Gecko/20100101 Firefox/129.0,60,,,,,,,,,,,,,,,,,,,,,,,,,,,,,,,,,,,,media/dgnb.png,3,3,Symb,f,TR,0,0,1,0,8,0,11,0,1,4,0.655011644,f,1.269,3,1,,,,,,,,,,,,,,,,,,,,,,,,,,,,,,,,,,,,,,,,,,,,,,,,,,,,,,,,,,,,,,,,,,,,,,,,,,,,,,,,,,f,1,1.269,0,0,0,0,1,,,,,,,,,,,,,,,,,,,,,,
,,,,,,,,,,,,,,,,,120,4,2024-09-06_13h38.38.181,Symbol-E,2020.1.3,Win32,Firefox,Mozilla/5.0 (Windows NT 10.0; Win64; x64; rv:129.0) Gecko/20100101 Firefox/129.0,60,,,,,,,,,,,,,,,,,,,,,,,,,,,,,,,,,,,,,,,,,,,,,,,,,,,,,,,,,,,,,,,,,,,,,,,,,,,,,,,,,,,,,,,,,,,,,,,,,,,,,,,,,,,,,,,,,,,,,,,,,,,,,,,,,,,,,,,,,,,,,,,,,,11,0,11,0,1,,,,,,,,,,,,,,,,,
,,,,,,,,,,,,,,,,,120,4,2024-09-06_13h38.38.181,Symbol-E,2020.1.3,Win32,Firefox,Mozilla/5.0 (Windows NT 10.0; Win64; x64; rv:129.0) Gecko/20100101 Firefox/129.0,60,,,,,,,,,,,,,,,,,,,,,,,,,,,,,,,,,,,,media/ddnb.png,5,1,Symb,u,TR,0,0,1,0,8,0,12,0,1,4,0.908657127,u,1.209,5,1,,,,,,,,,,,,,,,,,,,,,,,,,,,,,,,,,,,,,,,,,,,,,,,,,,,,,,,,,,,,,,,,,,,,,,,,,,,,,,,,,,u,1,1.209,0,0,0,0,1,,,,,,,,,,,,,,,,,,,,,,
,,,,,,,,,,,,,,,,,120,4,2024-09-06_13h38.38.181,Symbol-E,2020.1.3,Win32,Firefox,Mozilla/5.0 (Windows NT 10.0; Win64; x64; rv:129.0) Gecko/20100101 Firefox/129.0,60,,,,,,,,,,,,,,,,,,,,,,,,,,,,,,,,,,,,,,,,,,,,,,,,,,,,,,,,,,,,,,,,,,,,,,,,,,,,,,,,,,,,,,,,,,,,,,,,,,,,,,,,,,,,,,,,,,,,,,,,,,,,,,,,,,,,,,,,,,,,,,,,,,12,0,12,0,1,,,,,,,,,,,,,,,,,
,,,,,,,,,,,,,,,,,120,4,2024-09-06_13h38.38.181,Symbol-E,2020.1.3,Win32,Firefox,Mozilla/5.0 (Windows NT 10.0; Win64; x64; rv:129.0) Gecko/20100101 Firefox/129.0,60,,,,,,,,,,,,,,,,,,,,,,,,,,,,,,,,,,,,media/dcnb.png,4,0,Symb,h,TR,0,0,1,0,8,0,13,0,1,4,0.839367728,h,1.214,4,1,,,,,,,,,,,,,,,,,,,,,,,,,,,,,,,,,,,,,,,,,,,,,,,,,,,,,,,,,,,,,,,,,,,,,,,,,,,,,,,,,,h,1,1.214,0,0,0,0,1,,,,,,,,,,,,,,,,,,,,,,
,,,,,,,,,,,,,,,,,120,4,2024-09-06_13h38.38.181,Symbol-E,2020.1.3,Win32,Firefox,Mozilla/5.0 (Windows NT 10.0; Win64; x64; rv:129.0) Gecko/20100101 Firefox/129.0,60,,,,,,,,,,,,,,,,,,,,,,,,,,,,,,,,,,,,,,,,,,,,,,,,,,,,,,,,,,,,,,,,,,,,,,,,,,,,,,,,,,,,,,,,,,,,,,,,,,,,,,,,,,,,,,,,,,,,,,,,,,,,,,,,,,,,,,,,,,,,,,,,,,13,0,13,0,1,,,,,,,,,,,,,,,,,
,,,,,,,,,,,,,,,,,120,4,2024-09-06_13h38.38.181,Symbol-E,2020.1.3,Win32,Firefox,Mozilla/5.0 (Windows NT 10.0; Win64; x64; rv:129.0) Gecko/20100101 Firefox/129.0,60,,,,,,,,,,,,,,,,,,,,,,,,,,,,,,,,,,,,media/djnb.png,0,0,Symb,a,TR,0,0,1,0,8,0,14,0,1,4,0.636746435,w,1.421,1,0,,,,,,,,,,,,,,,,,,,,,,,,,,,,,,,,,,,,,,,,,,,,,,,,,,,,,,,,,,,,,,,,,,,,,,,,,,,,,,,,,,w,0,1.421,0,0,0,0,1,,,,,,,,,,,,,,,,,,,,,,
,,,,,,,,,,,,,,,,,120,4,2024-09-06_13h38.38.181,Symbol-E,2020.1.3,Win32,Firefox,Mozilla/5.0 (Windows NT 10.0; Win64; x64; rv:129.0) Gecko/20100101 Firefox/129.0,60,,,,,,,,,,,,,,,,,,,,,,,,,,,,,,,,,,,,,,,,,,,,,,,,,,,,,,,,,,,,,,,,,,,,,,,,,,,,,,,,,,,,,,,,,,,,,,,,,,,,,,,,,,,,,,,,,,,,,,,,,,,,,,,,,,,,,,,,,,,,,,,,,,14,0,14,0,1,,,,,,,,,,,,,,,,,
,,,,,,,,,,,,,,,,,120,4,2024-09-06_13h38.38.181,Symbol-E,2020.1.3,Win32,Firefox,Mozilla/5.0 (Windows NT 10.0; Win64; x64; rv:129.0) Gecko/20100101 Firefox/129.0,60,,,,,,,,,,,,,,,,,,,,,,,,,,,,,,,,,,,,media/dinb.png,6,2,Symb,i,TR,0,0,1,0,8,0,15,0,1,4,0.016979055,w,1.306,1,0,,,,,,,,,,,,,,,,,,,,,,,,,,,,,,,,,,,,,,,,,,,,,,,,,,,,,,,,,,,,,,,,,,,,,,,,,,,,,,,,,,w,0,1.306,0,0,0,0,1,,,,,,,,,,,,,,,,,,,,,,
,,,,,,,,,,,,,,,,,120,4,2024-09-06_13h38.38.181,Symbol-E,2020.1.3,Win32,Firefox,Mozilla/5.0 (Windows NT 10.0; Win64; x64; rv:129.0) Gecko/20100101 Firefox/129.0,60,,,,,,,,,,,,,,,,,,,,,,,,,,,,,,,,,,,,,,,,,,,,,,,,,,,,,,,,,,,,,,,,,,,,,,,,,,,,,,,,,,,,,,,,,,,,,,,,,,,,,,,,,,,,,,,,,,,,,,,,,,,,,,,,,,,,,,,,,,,,,,,,,,15,0,15,0,1,,,,,,,,,,,,,,,,,
,,,,,,,,,,,,,,,,,120,4,2024-09-06_13h38.38.181,Symbol-E,2020.1.3,Win32,Firefox,Mozilla/5.0 (Windows NT 10.0; Win64; x64; rv:129.0) Gecko/20100101 Firefox/129.0,60,,,,,,,,,,,,,,,,,,,,,,,,,,,,,,,,,,,,media/dfnb.png,1,1,Symb,w,TR,0,0,1,0,8,0,16,0,1,4,0.067718654,l,1.478,7,0,,,,,,,,,,,,,,,,,,,,,,,,,,,,,,,,,,,,,,,,,,,,,,,,,,,,,,,,,,,,,,,,,,,,,,,,,,,,,,,,,,l,0,1.478,0,0,0,0,1,,,,,,,,,,,,,,,,,,,,,,
,,,,,,,,,,,,,,,,,120,4,2024-09-06_13h38.38.181,Symbol-E,2020.1.3,Win32,Firefox,Mozilla/5.0 (Windows NT 10.0; Win64; x64; rv:129.0) Gecko/20100101 Firefox/129.0,60,,,,,,,,,,,,,,,,,,,,,,,,,,,,,,,,,,,,,,,,,,,,,,,,,,,,,,,,,,,,,,,,,,,,,,,,,,,,,,,,,,,,,,,,,,,,,,,,,,,,,,,,,,,,,,,,,,,,,,,,,,,,,,,,,,,,,,,,,,,,,,,,,,16,0,16,0,1,,,,,,,,,,,,,,,,,
,,,,,,,,,,,,,,,,,120,4,2024-09-06_13h38.38.181,Symbol-E,2020.1.3,Win32,Firefox,Mozilla/5.0 (Windows NT 10.0; Win64; x64; rv:129.0) Gecko/20100101 Firefox/129.0,60,,,,,,,,,,,,,,,,,,,,,,,,,,,,,,,,,,,,media/dgnb.png,3,3,Symb,f,TR,0,0,1,0,8,0,17,0,1,4,1.1977524,f,1.251,3,1,,,,,,,,,,,,,,,,,,,,,,,,,,,,,,,,,,,,,,,,,,,,,,,,,,,,,,,,,,,,,,,,,,,,,,,,,,,,,,,,,,f,1,1.251,0,0,0,0,1,,,,,,,,,,,,,,,,,,,,,,
,,,,,,,,,,,,,,,,,120,4,2024-09-06_13h38.38.181,Symbol-E,2020.1.3,Win32,Firefox,Mozilla/5.0 (Windows NT 10.0; Win64; x64; rv:129.0) Gecko/20100101 Firefox/129.0,60,,,,,,,,,,,,,,,,,,,,,,,,,,,,,,,,,,,,,,,,,,,,,,,,,,,,,,,,,,,,,,,,,,,,,,,,,,,,,,,,,,,,,,,,,,,,,,,,,,,,,,,,,,,,,,,,,,,,,,,,,,,,,,,,,,,,,,,,,,,,,,,,,,17,0,17,0,1,,,,,,,,,,,,,,,,,
,,,,,,,,,,,,,,,,,120,4,2024-09-06_13h38.38.181,Symbol-E,2020.1.3,Win32,Firefox,Mozilla/5.0 (Windows NT 10.0; Win64; x64; rv:129.0) Gecko/20100101 Firefox/129.0,60,,,,,,,,,,,,,,,,,,,,,,,,,,,,,,,,,,,,media/djnb.png,0,0,Symb,a,TR,0,0,1,0,8,0,18,0,1,4,0.333077589,a,1.45,0,1,,,,,,,,,,,,,,,,,,,,,,,,,,,,,,,,,,,,,,,,,,,,,,,,,,,,,,,,,,,,,,,,,,,,,,,,,,,,,,,,,,a,1,1.45,0,0,0,0,1,,,,,,,,,,,,,,,,,,,,,,
,,,,,,,,,,,,,,,,,120,4,2024-09-06_13h38.38.181,Symbol-E,2020.1.3,Win32,Firefox,Mozilla/5.0 (Windows NT 10.0; Win64; x64; rv:129.0) Gecko/20100101 Firefox/129.0,60,,,,,,,,,,,,,,,,,,,,,,,,,,,,,,,,,,,,,,,,,,,,,,,,,,,,,,,,,,,,,,,,,,,,,,,,,,,,,,,,,,,,,,,,,,,,,,,,,,,,,,,,,,,,,,,,,,,,,,,,,,,,,,,,,,,,,,,,,,,,,,,,,,18,0,18,0,1,,,,,,,,,,,,,,,,,
,,,,,,,,,,,,,,,,,120,4,2024-09-06_13h38.38.181,Symbol-E,2020.1.3,Win32,Firefox,Mozilla/5.0 (Windows NT 10.0; Win64; x64; rv:129.0) Gecko/20100101 Firefox/129.0,60,,,,,,,,,,,,,,,,,,,,,,,,,,,,,,,,,,,,media/dinb.png,6,2,Symb,i,TR,0,0,1,0,8,0,19,0,1,4,0.804955531,w,1.44,1,0,,,,,,,,,,,,,,,,,,,,,,,,,,,,,,,,,,,,,,,,,,,,,,,,,,,,,,,,,,,,,,,,,,,,,,,,,,,,,,,,,,w,0,1.44,0,0,0,0,1,,,,,,,,,,,,,,,,,,,,,,
,,,,,,,,,,,,,,,,,120,4,2024-09-06_13h38.38.181,Symbol-E,2020.1.3,Win32,Firefox,Mozilla/5.0 (Windows NT 10.0; Win64; x64; rv:129.0) Gecko/20100101 Firefox/129.0,60,,,,,,,,,,,,,,,,,,,,,,,,,,,,,,,,,,,,,,,,,,,,,,,,,,,,,,,,,,,,,,,,,,,,,,,,,,,,,,,,,,,,,,,,,,,,,,,,,,,,,,,,,,,,,,,,,,,,,,,,,,,,,,,,,,,,,,,,,,,,,,,,,,19,0,19,0,1,,,,,,,,,,,,,,,,,
,,,,,,,,,,,,,,,,,120,4,2024-09-06_13h38.38.181,Symbol-E,2020.1.3,Win32,Firefox,Mozilla/5.0 (Windows NT 10.0; Win64; x64; rv:129.0) Gecko/20100101 Firefox/129.0,60,,,,,,,,,,,,,,,,,,,,,,,,,,,,,,,,,,,,media/dmnb.png,7,3,Symb,l,TR,0,0,1,0,8,0,20,0,1,4,0.836046641,l,1.335,7,1,,,,,,,,,,,,,,,,,,,,,,,,,,,,,,,,,,,,,,,,,,,,,,,,,,,,,,,,,,,,,,,,,,,,,,,,,,,,,,,,,,l,1,1.335,0,0,0,0,1,,,,,,,,,,,,,,,,,,,,,,
,,,,,,,,,,,,,,,,,120,4,2024-09-06_13h38.38.181,Symbol-E,2020.1.3,Win32,Firefox,Mozilla/5.0 (Windows NT 10.0; Win64; x64; rv:129.0) Gecko/20100101 Firefox/129.0,60,,,,,,,,,,,,,,,,,,,,,,,,,,,,,,,,,,,,,,,,,,,,,,,,,,,,,,,,,,,,,,,,,,,,,,,,,,,,,,,,,,,,,,,,,,,,,,,,,,,,,,,,,,,,,,,,,,,,,,,,,,,,,,,,,,,,,,,,,,,,,,,,,,20,0,20,0,1,,,,,,,,,,,,,,,,,
,,,,,,,,,,,,,,,,,120,4,2024-09-06_13h38.38.181,Symbol-E,2020.1.3,Win32,Firefox,Mozilla/5.0 (Windows NT 10.0; Win64; x64; rv:129.0) Gecko/20100101 Firefox/129.0,60,,,,,,,,,,,,,,,,,,,,,,,,,,,,,,,,,,,,media/ddnb.png,5,1,Symb,u,TR,0,0,1,0,8,0,21,0,1,4,0.422503973,h,1.392,4,0,,,,,,,,,,,,,,,,,,,,,,,,,,,,,,,,,,,,,,,,,,,,,,,,,,,,,,,,,,,,,,,,,,,,,,,,,,,,,,,,,,h,0,1.392,0,0,0,0,1,,,,,,,,,,,,,,,,,,,,,,
,,,,,,,,,,,,,,,,,120,4,2024-09-06_13h38.38.181,Symbol-E,2020.1.3,Win32,Firefox,Mozilla/5.0 (Windows NT 10.0; Win64; x64; rv:129.0) Gecko/20100101 Firefox/129.0,60,,,,,,,,,,,,,,,,,,,,,,,,,,,,,,,,,,,,,,,,,,,,,,,,,,,,,,,,,,,,,,,,,,,,,,,,,,,,,,,,,,,,,,,,,,,,,,,,,,,,,,,,,,,,,,,,,,,,,,,,,,,,,,,,,,,,,,,,,,,,,,,,,,21,0,21,0,1,,,,,,,,,,,,,,,,,
,,,,,,,,,,,,,,,,,120,4,2024-09-06_13h38.38.181,Symbol-E,2020.1.3,Win32,Firefox,Mozilla/5.0 (Windows NT 10.0; Win64; x64; rv:129.0) Gecko/20100101 Firefox/129.0,60,,,,,,,,,,,,,,,,,,,,,,,,,,,,,,,,,,,,media/dcnb.png,4,0,Symb,h,TR,0,0,1,0,8,0,22,0,1,4,0.365764641,w,1.42,1,0,,,,,,,,,,,,,,,,,,,,,,,,,,,,,,,,,,,,,,,,,,,,,,,,,,,,,,,,,,,,,,,,,,,,,,,,,,,,,,,,,,w,0,1.42,0,0,0,0,1,,,,,,,,,,,,,,,,,,,,,,
,,,,,,,,,,,,,,,,,120,4,2024-09-06_13h38.38.181,Symbol-E,2020.1.3,Win32,Firefox,Mozilla/5.0 (Windows NT 10.0; Win64; x64; rv:129.0) Gecko/20100101 Firefox/129.0,60,,,,,,,,,,,,,,,,,,,,,,,,,,,,,,,,,,,,,,,,,,,,,,,,,,,,,,,,,,,,,,,,,,,,,,,,,,,,,,,,,,,,,,,,,,,,,,,,,,,,,,,,,,,,,,,,,,,,,,,,,,,,,,,,,,,,,,,,,,,,,,,,,,22,0,22,0,1,,,,,,,,,,,,,,,,,
,,,,,,,,,,,,,,,,,120,4,2024-09-06_13h38.38.181,Symbol-E,2020.1.3,Win32,Firefox,Mozilla/5.0 (Windows NT 10.0; Win64; x64; rv:129.0) Gecko/20100101 Firefox/129.0,60,,,,,,,,,,,,,,,,,,,,,,,,,,,,,,,,,,,,media/dcnb.png,4,0,Symb,h,TR,0,0,1,0,8,0,23,0,1,4,1.076168998,h,1.17,4,1,,,,,,,,,,,,,,,,,,,,,,,,,,,,,,,,,,,,,,,,,,,,,,,,,,,,,,,,,,,,,,,,,,,,,,,,,,,,,,,,,,h,1,1.17,0,0,0,0,1,,,,,,,,,,,,,,,,,,,,,,
,,,,,,,,,,,,,,,,,120,4,2024-09-06_13h38.38.181,Symbol-E,2020.1.3,Win32,Firefox,Mozilla/5.0 (Windows NT 10.0; Win64; x64; rv:129.0) Gecko/20100101 Firefox/129.0,60,,,,,,,,,,,,,,,,,,,,,,,,,,,,,,,,,,,,,,,,,,,,,,,,,,,,,,,,,,,,,,,,,,,,,,,,,,,,,,,,,,,,,,,,,,,,,,,,,,,,,,,,,,,,,,,,,,,,,,,,,,,,,,,,,,,,,,,,,,,,,,,,,,23,0,23,0,1,,,,,,,,,,,,,,,,,
,,,,,,,,,,,,,,,,,120,4,2024-09-06_13h38.38.181,Symbol-E,2020.1.3,Win32,Firefox,Mozilla/5.0 (Windows NT 10.0; Win64; x64; rv:129.0) Gecko/20100101 Firefox/129.0,60,,,,,,,,,,,,,,,,,,,,,,,,,,,,,,,,,,,,media/dmnb.png,7,3,Symb,l,TR,0,0,1,0,8,0,24,0,1,4,0.677470868,h,1.207,4,0,,,,,,,,,,,,,,,,,,,,,,,,,,,,,,,,,,,,,,,,,,,,,,,,,,,,,,,,,,,,,,,,,,,,,,,,,,,,,,,,,,h,0,1.207,0,0,0,0,1,,,,,,,,,,,,,,,,,,,,,,
,,,,,,,,,,,,,,,,,120,4,2024-09-06_13h38.38.181,Symbol-E,2020.1.3,Win32,Firefox,Mozilla/5.0 (Windows NT 10.0; Win64; x64; rv:129.0) Gecko/20100101 Firefox/129.0,60,,,,,,,,,,,,,,,,,,,,,,,,,,,,,,,,,,,,,,,,,,,,,,,,,,,,,,,,,,,,,,,,,,,,,,,,,,,,,,,,,,,,,,,,,,,,,,,,,,,,,,,,,,,,,,,,,,,,,,,,,,,,,,,,,,,,,,,,,,,,,,,,,,24,0,24,0,1,,,,,,,,,,,,,,,,,
,,,,,,,,,,,,,,,,,120,4,2024-09-06_13h38.38.181,Symbol-E,2020.1.3,Win32,Firefox,Mozilla/5.0 (Windows NT 10.0; Win64; x64; rv:129.0) Gecko/20100101 Firefox/129.0,60,,,,,,,,,,,,,,,,,,,,,,,,,,,,,,,,,,,,media/dgnb.png,3,3,Symb,f,TR,0,0,1,0,8,0,25,0,1,4,0.27651152,u,1.264,5,0,,,,,,,,,,,,,,,,,,,,,,,,,,,,,,,,,,,,,,,,,,,,,,,,,,,,,,,,,,,,,,,,,,,,,,,,,,,,,,,,,,u,0,1.264,0,0,0,0,1,,,,,,,,,,,,,,,,,,,,,,
,,,,,,,,,,,,,,,,,120,4,2024-09-06_13h38.38.181,Symbol-E,2020.1.3,Win32,Firefox,Mozilla/5.0 (Windows NT 10.0; Win64; x64; rv:129.0) Gecko/20100101 Firefox/129.0,60,,,,,,,,,,,,,,,,,,,,,,,,,,,,,,,,,,,,,,,,,,,,,,,,,,,,,,,,,,,,,,,,,,,,,,,,,,,,,,,,,,,,,,,,,,,,,,,,,,,,,,,,,,,,,,,,,,,,,,,,,,,,,,,,,,,,,,,,,,,,,,,,,,25,0,25,0,1,,,,,,,,,,,,,,,,,
,,,,,,,,,,,,,,,,,120,4,2024-09-06_13h38.38.181,Symbol-E,2020.1.3,Win32,Firefox,Mozilla/5.0 (Windows NT 10.0; Win64; x64; rv:129.0) Gecko/20100101 Firefox/129.0,60,,,,,,,,,,,,,,,,,,,,,,,,,,,,,,,,,,,,media/ddnb.png,5,1,Symb,u,TR,0,0,1,0,8,0,26,0,1,4,0.396396199,u,1.239,5,1,,,,,,,,,,,,,,,,,,,,,,,,,,,,,,,,,,,,,,,,,,,,,,,,,,,,,,,,,,,,,,,,,,,,,,,,,,,,,,,,,,u,1,1.239,0,0,0,0,1,,,,,,,,,,,,,,,,,,,,,,
,,,,,,,,,,,,,,,,,120,4,2024-09-06_13h38.38.181,Symbol-E,2020.1.3,Win32,Firefox,Mozilla/5.0 (Windows NT 10.0; Win64; x64; rv:129.0) Gecko/20100101 Firefox/129.0,60,,,,,,,,,,,,,,,,,,,,,,,,,,,,,,,,,,,,,,,,,,,,,,,,,,,,,,,,,,,,,,,,,,,,,,,,,,,,,,,,,,,,,,,,,,,,,,,,,,,,,,,,,,,,,,,,,,,,,,,,,,,,,,,,,,,,,,,,,,,,,,,,,,26,0,26,0,1,,,,,,,,,,,,,,,,,
,,,,,,,,,,,,,,,,,120,4,2024-09-06_13h38.38.181,Symbol-E,2020.1.3,Win32,Firefox,Mozilla/5.0 (Windows NT 10.0; Win64; x64; rv:129.0) Gecko/20100101 Firefox/129.0,60,,,,,,,,,,,,,,,,,,,,,,,,,,,,,,,,,,,,media/dnnb.png,2,2,Symb,e,TR,0,0,1,0,8,0,27,0,1,4,0.753632285,e,1.219,2,1,,,,,,,,,,,,,,,,,,,,,,,,,,,,,,,,,,,,,,,,,,,,,,,,,,,,,,,,,,,,,,,,,,,,,,,,,,,,,,,,,,e,1,1.219,0,0,0,0,1,,,,,,,,,,,,,,,,,,,,,,
,,,,,,,,,,,,,,,,,120,4,2024-09-06_13h38.38.181,Symbol-E,2020.1.3,Win32,Firefox,Mozilla/5.0 (Windows NT 10.0; Win64; x64; rv:129.0) Gecko/20100101 Firefox/129.0,60,,,,,,,,,,,,,,,,,,,,,,,,,,,,,,,,,,,,,,,,,,,,,,,,,,,,,,,,,,,,,,,,,,,,,,,,,,,,,,,,,,,,,,,,,,,,,,,,,,,,,,,,,,,,,,,,,,,,,,,,,,,,,,,,,,,,,,,,,,,,,,,,,,27,0,27,0,1,,,,,,,,,,,,,,,,,
,,,,,,,,,,,,,,,,,120,4,2024-09-06_13h38.38.181,Symbol-E,2020.1.3,Win32,Firefox,Mozilla/5.0 (Windows NT 10.0; Win64; x64; rv:129.0) Gecko/20100101 Firefox/129.0,60,,,,,,,,,,,,,,,,,,,,,,,,,,,,,,,,,,,,media/djnb.png,0,0,Symb,a,TR,0,0,1,0,8,0,28,0,1,4,0.090162736,a,99,8,0,,,,,,,,,,,,,,,,,,,,h,0.341,,,,,,,,,,,,,,,,,,,,,,,,,,,,,,,,,,,,,,,,,,,,,,,,,,,,,,,,,,,,,,0,,,,,,,,,,,,0,0,0,0,1,,,,,,,,,,,,
,,,,,,,,,,,,,,,,,120,4,2024-09-06_13h38.38.181,Symbol-E,2020.1.3,Win32,Firefox,Mozilla/5.0 (Windows NT 10.0; Win64; x64; rv:129.0) Gecko/20100101 Firefox/129.0,60,,,,,,,,,,,,,,,,,,,,,,,,,,,,,,,,,,,,,,,,,,,,,,,,,,,,,,,,,,,,,,,,,,,,,,,,,,,,,,,,,,,,,,,,,,,,,,,,,,,,,,,,,,,,,,,,,,,,,,,,,,,,,,,,,,,,,,,,,,,,,,,,,,28,0,28,0,1,,,,,,,,,,,,,,,,,
,,,,,,,,,,,,,,,,,120,4,2024-09-06_13h38.38.181,Symbol-E,2020.1.3,Win32,Firefox,Mozilla/5.0 (Windows NT 10.0; Win64; x64; rv:129.0) Gecko/20100101 Firefox/129.0,60,,,,,,,,,,,,,,,,,,,,,,,,,,,,,,,,,,,,media/dinb.png,6,2,Symb,i,TR,0,0,1,0,8,0,29,0,1,4,0.505132937,w,1.433,1,0,,,,,,,,,,,,,,,,,,,,,,,,,,,,,,,,,,,,,,,,,,,,,,,,,,,,,,,,,,,,,,,,,,,,,,,,,,,,,,,,,,w,0,1.433,0,0,0,0,1,,,,,,,,,,,,,,,,,,,,,,
,,,,,,,,,,,,,,,,,120,4,2024-09-06_13h38.38.181,Symbol-E,2020.1.3,Win32,Firefox,Mozilla/5.0 (Windows NT 10.0; Win64; x64; rv:129.0) Gecko/20100101 Firefox/129.0,60,,,,,,,,,,,,,,,,,,,,,,,,,,,,,,,,,,,,,,,,,,,,,,,,,,,,,,,,,,,,,,,,,,,,,,,,,,,,,,,,,,,,,,,,,,,,,,,,,,,,,,,,,,,,,,,,,,,,,,,,,,,,,,,,,,,,,,,,,,,,,,,,,,29,0,29,0,1,,,,,,,,,,,,,,,,,
,,,,,,,,,,,,,,,,,120,4,2024-09-06_13h38.38.181,Symbol-E,2020.1.3,Win32,Firefox,Mozilla/5.0 (Windows NT 10.0; Win64; x64; rv:129.0) Gecko/20100101 Firefox/129.0,60,,,,,,,,,,,,,,,,,,,,,,,,,,,,,,,,,,,,media/dnnb.png,2,2,Symb,e,TR,0,0,1,0,8,0,30,0,1,4,0.92742575,e,1.207,2,1,,,,,,,,,,,,,,,,,,,,,,,,,,,,,,,,,,,,,,,,,,,,,,,,,,,,,,,,,,,,,,,,,,,,,,,,,,,,,,,,,,e,1,1.207,0,0,0,0,1,,,,,,,,,,,,,,,,,,,,,,
,,,,,,,,,,,,,,,,,120,4,2024-09-06_13h38.38.181,Symbol-E,2020.1.3,Win32,Firefox,Mozilla/5.0 (Windows NT 10.0; Win64; x64; rv:129.0) Gecko/20100101 Firefox/129.0,60,,,,,,,,,,,,,,,,,,,,,,,,,,,,,,,,,,,,,,,,,,,,,,,,,,,,,,,,,,,,,,,,,,,,,,,,,,,,,,,,,,,,,,,,,,,,,,,,,,,,,,,,,,,,,,,,,,,,,,,,,,,,,,,,,,,,,,,,,,,,,,,,,,30,0,30,0,1,,,,,,,,,,,,,,,,,
,,,,,,,,,,,,,,,,,120,4,2024-09-06_13h38.38.181,Symbol-E,2020.1.3,Win32,Firefox,Mozilla/5.0 (Windows NT 10.0; Win64; x64; rv:129.0) Gecko/20100101 Firefox/129.0,60,,,,,,,,,,,,,,,,,,,,,,,,,,,,,,,,,,,,media/dfnb.png,1,1,Symb,w,TR,0,0,1,0,8,0,31,0,1,4,0.926815934,w,1.244,1,1,,,,,,,,,,,,,,,,,,,,,,,,,,,,,,,,,,,,,,,,,,,,,,,,,,,,,,,,,,,,,,,,,,,,,,,,,,,,,,,,,,w,1,1.244,0,0,0,0,1,,,,,,,,,,,,,,,,,,,,,,
,,,,,,,,,,,,,,,,,120,4,2024-09-06_13h38.38.181,Symbol-E,2020.1.3,Win32,Firefox,Mozilla/5.0 (Windows NT 10.0; Win64; x64; rv:129.0) Gecko/20100101 Firefox/129.0,60,,,,,,,,,,,,,,,,,,,,,,,,,,,,,,,,,,,,,,,,,,,,,,,,,,,,,,,,,,,,,,,,,,,,,,,,,,,,,,,,,,,,,,,,,,,,,,,,,,,,,,,,,,,,,,,,,,,,,,,,,,,,,,,,,,,,,,,,,,,,,,,,,,31,0,31,0,1,,,,,,,,,,,,,,,,,
,,,,,,,,,,,,,,,,,120,4,2024-09-06_13h38.38.181,Symbol-E,2020.1.3,Win32,Firefox,Mozilla/5.0 (Windows NT 10.0; Win64; x64; rv:129.0) Gecko/20100101 Firefox/129.0,60,,,,,,,,,,,,,,,,,,,,,,,,,,,,,,,,,,,,media/dfnb.png,1,1,Symb,w,TR,0,0,1,0,8,0,32,0,1,4,0.224658501,w,1.421,1,1,,,,,,,,,,,,,,,,,,,,,,,,,,,,,,,,,,,,,,,,,,,,,,,,,,,,,,,,,,,,,,,,,,,,,,,,,,,,,,,,,,w,1,1.421,0,0,0,0,1,,,,,,,,,,,,,,,,,,,,,,
,,,,,,,,,,,,,,,,,120,4,2024-09-06_13h38.38.181,Symbol-E,2020.1.3,Win32,Firefox,Mozilla/5.0 (Windows NT 10.0; Win64; x64; rv:129.0) Gecko/20100101 Firefox/129.0,60,,,,,,,,,,,,,,,,,,,,,,,,,,,,,,,,,,,,,,,,,,,,,,,,,,,,,,,,,,,,,,,,,,,,,,,,,,,,,,,,,,,,,,,,,,,,,,,,,,,,,,,,,,,,,,,,,,,,,,,,,,,,,,,,,,,,,,,,,,,,,,,,,,32,0,32,0,1,,,,,,,,,,,,,,,,,
,,,,,,,,,,,,,,,,,120,4,2024-09-06_13h38.38.181,Symbol-E,2020.1.3,Win32,Firefox,Mozilla/5.0 (Windows NT 10.0; Win64; x64; rv:129.0) Gecko/20100101 Firefox/129.0,60,,,,,,,,,,,,,,,,,,,,,,,,,,,,,,,,,,,,media/dfnb.png,1,1,Symb,w,TR,0,0,1,0,8,0,33,0,1,4,0.6498368,w,1.306,1,1,,,,,,,,,,,,,,,,,,,,,,,,,,,,,,,,,,,,,,,,,,,,,,,,,,,,,,,,,,,,,,,,,,,,,,,,,,,,,,,,,,w,1,1.306,0,0,0,0,1,,,,,,,,,,,,,,,,,,,,,,
,,,,,,,,,,,,,,,,,120,4,2024-09-06_13h38.38.181,Symbol-E,2020.1.3,Win32,Firefox,Mozilla/5.0 (Windows NT 10.0; Win64; x64; rv:129.0) Gecko/20100101 Firefox/129.0,60,,,,,,,,,,,,,,,,,,,,,,,,,,,,,,,,,,,,,,,,,,,,,,,,,,,,,,,,,,,,,,,,,,,,,,,,,,,,,,,,,,,,,,,,,,,,,,,,,,,,,,,,,,,,,,,,,,,,,,,,,,,,,,,,,,,,,,,,,,,,,,,,,,33,0,33,0,1,,,,,,,,,,,,,,,,,
,,,,,,,,,,,,,,,,,120,4,2024-09-06_13h38.38.181,Symbol-E,2020.1.3,Win32,Firefox,Mozilla/5.0 (Windows NT 10.0; Win64; x64; rv:129.0) Gecko/20100101 Firefox/129.0,60,,,,,,,,,,,,,,,,,,,,,,,,,,,,,,,,,,,,media/dgnb.png,3,3,Symb,f,TR,0,0,1,0,8,0,34,0,1,4,0.407664139,w,1.29,1,0,,,,,,,,,,,,,,,,,,,,,,,,,,,,,,,,,,,,,,,,,,,,,,,,,,,,,,,,,,,,,,,,,,,,,,,,,,,,,,,,,,w,0,1.29,0,0,0,0,1,,,,,,,,,,,,,,,,,,,,,,
,,,,,,,,,,,,,,,,,120,4,2024-09-06_13h38.38.181,Symbol-E,2020.1.3,Win32,Firefox,Mozilla/5.0 (Windows NT 10.0; Win64; x64; rv:129.0) Gecko/20100101 Firefox/129.0,60,,,,,,,,,,,,,,,,,,,,,,,,,,,,,,,,,,,,,,,,,,,,,,,,,,,,,,,,,,,,,,,,,,,,,,,,,,,,,,,,,,,,,,,,,,,,,,,,,,,,,,,,,,,,,,,,,,,,,,,,,,,,,,,,,,,,,,,,,,,,,,,,,,34,0,34,0,1,,,,,,,,,,,,,,,,,
,,,,,,,,,,,,,,,,,120,4,2024-09-06_13h38.38.181,Symbol-E,2020.1.3,Win32,Firefox,Mozilla/5.0 (Windows NT 10.0; Win64; x64; rv:129.0) Gecko/20100101 Firefox/129.0,60,,,,,,,,,,,,,,,,,,,,,,,,,,,,,,,,,,,,media/dcnb.png,4,0,Symb,h,TR,0,0,1,0,8,0,35,0,1,4,0.201022595,l,1.208,7,0,,,,,,,,,,,,,,,,,,,,,,,,,,,,,,,,,,,,,,,,,,,,,,,,,,,,,,,,,,,,,,,,,,,,,,,,,,,,,,,,,,l,0,1.208,0,0,0,0,1,,,,,,,,,,,,,,,,,,,,,,
,,,,,,,,,,,,,,,,,120,4,2024-09-06_13h38.38.181,Symbol-E,2020.1.3,Win32,Firefox,Mozilla/5.0 (Windows NT 10.0; Win64; x64; rv:129.0) Gecko/20100101 Firefox/129.0,60,,,,,,,,,,,,,,,,,,,,,,,,,,,,,,,,,,,,,,,,,,,,,,,,,,,,,,,,,,,,,,,,,,,,,,,,,,,,,,,,,,,,,,,,,,,,,,,,,,,,,,,,,,,,,,,,,,,,,,,,,,,,,,,,,,,,,,,,,,,,,,,,,,35,0,35,0,1,,,,,,,,,,,,,,,,,
,,,,,,,,,,,,,,,,,120,4,2024-09-06_13h38.38.181,Symbol-E,2020.1.3,Win32,Firefox,Mozilla/5.0 (Windows NT 10.0; Win64; x64; rv:129.0) Gecko/20100101 Firefox/129.0,60,,,,,,,,,,,,,,,,,,,,,,,,,,,,,,,,,,,,media/dmnb.png,7,3,Symb,l,TR,0,0,1,0,8,0,36,0,1,4,0.16849362,h,1.337,4,0,,,,,,,,,,,,,,,,,,,,,,,,,,,,,,,,,,,,,,,,,,,,,,,,,,,,,,,,,,,,,,,,,,,,,,,,,,,,,,,,,,h,0,1.337,0,0,0,0,1,,,,,,,,,,,,,,,,,,,,,,
,,,,,,,,,,,,,,,,,120,4,2024-09-06_13h38.38.181,Symbol-E,2020.1.3,Win32,Firefox,Mozilla/5.0 (Windows NT 10.0; Win64; x64; rv:129.0) Gecko/20100101 Firefox/129.0,60,,,,,,,,,,,,,,,,,,,,,,,,,,,,,,,,,,,,,,,,,,,,,,,,,,,,,,,,,,,,,,,,,,,,,,,,,,,,,,,,,,,,,,,,,,,,,,,,,,,,,,,,,,,,,,,,,,,,,,,,,,,,,,,,,,,,,,,,,,,,,,,,,,36,0,36,0,1,,,,,,,,,,,,,,,,,
,,,,,,,,,,,,,,,,,120,4,2024-09-06_13h38.38.181,Symbol-E,2020.1.3,Win32,Firefox,Mozilla/5.0 (Windows NT 10.0; Win64; x64; rv:129.0) Gecko/20100101 Firefox/129.0,60,,,,,,,,,,,,,,,,,,,,,,,,,,,,,,,,,,,,media/dinb.png,6,2,Symb,i,TR,0,0,1,0,8,0,37,0,1,4,0.386799034,u,1.4,5,0,,,,,,,,,,,,,,,,,,,,,,,,,,,,,,,,,,,,,,,,,,,,,,,,,,,,,,,,,,,,,,,,,,,,,,,,,,,,,,,,,,u,0,1.4,0,0,0,0,1,,,,,,,,,,,,,,,,,,,,,,
,,,,,,,,,,,,,,,,,120,4,2024-09-06_13h38.38.181,Symbol-E,2020.1.3,Win32,Firefox,Mozilla/5.0 (Windows NT 10.0; Win64; x64; rv:129.0) Gecko/20100101 Firefox/129.0,60,,,,,,,,,,,,,,,,,,,,,,,,,,,,,,,,,,,,,,,,,,,,,,,,,,,,,,,,,,,,,,,,,,,,,,,,,,,,,,,,,,,,,,,,,,,,,,,,,,,,,,,,,,,,,,,,,,,,,,,,,,,,,,,,,,,,,,,,,,,,,,,,,,37,0,37,0,1,,,,,,,,,,,,,,,,,
,,,,,,,,,,,,,,,,,120,4,2024-09-06_13h38.38.181,Symbol-E,2020.1.3,Win32,Firefox,Mozilla/5.0 (Windows NT 10.0; Win64; x64; rv:129.0) Gecko/20100101 Firefox/129.0,60,,,,,,,,,,,,,,,,,,,,,,,,,,,,,,,,,,,,media/djnb.png,0,0,Symb,a,TR,0,0,1,0,8,0,38,0,1,4,0.743500009,h,1.309,4,0,,,,,,,,,,,,,,,,,,,,,,,,,,,,,,,,,,,,,,,,,,,,,,,,,,,,,,,,,,,,,,,,,,,,,,,,,,,,,,,,,,h,0,1.309,0,0,0,0,1,,,,,,,,,,,,,,,,,,,,,,
,,,,,,,,,,,,,,,,,120,4,2024-09-06_13h38.38.181,Symbol-E,2020.1.3,Win32,Firefox,Mozilla/5.0 (Windows NT 10.0; Win64; x64; rv:129.0) Gecko/20100101 Firefox/129.0,60,,,,,,,,,,,,,,,,,,,,,,,,,,,,,,,,,,,,,,,,,,,,,,,,,,,,,,,,,,,,,,,,,,,,,,,,,,,,,,,,,,,,,,,,,,,,,,,,,,,,,,,,,,,,,,,,,,,,,,,,,,,,,,,,,,,,,,,,,,,,,,,,,,38,0,38,0,1,,,,,,,,,,,,,,,,,
,,,,,,,,,,,,,,,,,120,4,2024-09-06_13h38.38.181,Symbol-E,2020.1.3,Win32,Firefox,Mozilla/5.0 (Windows NT 10.0; Win64; x64; rv:129.0) Gecko/20100101 Firefox/129.0,60,,,,,,,,,,,,,,,,,,,,,,,,,,,,,,,,,,,,media/djnb.png,0,0,Symb,a,TR,0,0,1,0,8,0,39,0,1,4,0.529938719,h,1.166,4,0,,,,,,,,,,,,,,,,,,,,,,,,,,,,,,,,,,,,,,,,,,,,,,,,,,,,,,,,,,,,,,,,,,,,,,,,,,,,,,,,,,h,0,1.166,0,0,0,0,1,,,,,,,,,,,,,,,,,,,,,,
,,,,,,,,,,,,,,,,,120,4,2024-09-06_13h38.38.181,Symbol-E,2020.1.3,Win32,Firefox,Mozilla/5.0 (Windows NT 10.0; Win64; x64; rv:129.0) Gecko/20100101 Firefox/129.0,60,,,,,,,,,,,,,,,,,,,,,,,,,,,,,,,,,,,,,,,,,,,,,,,,,,,,,,,,,,,,,,,,,,,,,,,,,,,,,,,,,,,,,,,,,,,,,,,,,,,,,,,,,,,,,,,,,,,,,,,,,,,,,,,,,,,,,,,,,,,,,,,,,,39,0,39,0,1,,,,,,,,,,,,,,,,,
,,,,,,,,,,,,,,,,,120,4,2024-09-06_13h38.38.181,Symbol-E,2020.1.3,Win32,Firefox,Mozilla/5.0 (Windows NT 10.0; Win64; x64; rv:129.0) Gecko/20100101 Firefox/129.0,60,,,,,,,,,,,,,,,,,,,,,,,,,,,,,,,,,,,,media/ddnb.png,5,1,Symb,u,TR,0,0,1,0,8,0,40,0,1,4,0.031162041,a,1.266,0,0,,,,,,,,,,,,,,,,,,,,,,,,,,,,,,,,,,,,,,,,,,,,,,,,,,,,,,,,,,,,,,,,,,,,,,,,,,,,,,,,,,a,0,1.266,0,0,0,0,1,,,,,,,,,,,,,,,,,,,,,,
,,,,,,,,,,,,,,,,,120,4,2024-09-06_13h38.38.181,Symbol-E,2020.1.3,Win32,Firefox,Mozilla/5.0 (Windows NT 10.0; Win64; x64; rv:129.0) Gecko/20100101 Firefox/129.0,60,,,,,,,,,,,,,,,,,,,,,,,,,,,,,,,,,,,,,,,,,,,,,,,,,,,,,,,,,,,,,,,,,,,,,,,,,,,,,,,,,,,,,,,,,,,,,,,,,,,,,,,,,,,,,,,,,,,,,,,,,,,,,,,,,,,,,,,,,,,,,,,,,,40,0,40,0,1,,,,,,,,,,,,,,,,,
,,,,,,,,,,,,,,,,,120,4,2024-09-06_13h38.38.181,Symbol-E,2020.1.3,Win32,Firefox,Mozilla/5.0 (Windows NT 10.0; Win64; x64; rv:129.0) Gecko/20100101 Firefox/129.0,60,,,,,,,,,,,,,,,,,,,,,,,,,,,,,,,,,,,,media/ddnb.png,5,1,Symb,u,TR,0,0,1,0,8,0,41,0,1,4,0.160140494,e,1.224,2,0,,,,,,,,,,,,,,,,,,,,,,,,,,,,,,,,,,,,,,,,,,,,,,,,,,,,,,,,,,,,,,,,,,,,,,,,,,,,,,,,,,e,0,1.224,0,0,0,0,1,,,,,,,,,,,,,,,,,,,,,,
,,,,,,,,,,,,,,,,,120,4,2024-09-06_13h38.38.181,Symbol-E,2020.1.3,Win32,Firefox,Mozilla/5.0 (Windows NT 10.0; Win64; x64; rv:129.0) Gecko/20100101 Firefox/129.0,60,,,,,,,,,,,,,,,,,,,,,,,,,,,,,,,,,,,,,,,,,,,,,,,,,,,,,,,,,,,,,,,,,,,,,,,,,,,,,,,,,,,,,,,,,,,,,,,,,,,,,,,,,,,,,,,,,,,,,,,,,,,,,,,,,,,,,,,,,,,,,,,,,,41,0,41,0,1,,,,,,,,,,,,,,,,,
,,,,,,,,,,,,,,,,,120,4,2024-09-06_13h38.38.181,Symbol-E,2020.1.3,Win32,Firefox,Mozilla/5.0 (Windows NT 10.0; Win64; x64; rv:129.0) Gecko/20100101 Firefox/129.0,60,,,,,,,,,,,,,,,,,,,,,,,,,,,,,,,,,,,,media/dinb.png,6,2,Symb,i,TR,0,0,1,0,8,0,42,0,1,4,0.453212802,l,1.085,7,0,,,,,,,,,,,,,,,,,,,,,,,,,,,,,,,,,,,,,,,,,,,,,,,,,,,,,,,,,,,,,,,,,,,,,,,,,,,,,,,,,,l,0,1.085,0,0,0,0,1,,,,,,,,,,,,,,,,,,,,,,
,,,,,,,,,,,,,,,,,120,4,2024-09-06_13h38.38.181,Symbol-E,2020.1.3,Win32,Firefox,Mozilla/5.0 (Windows NT 10.0; Win64; x64; rv:129.0) Gecko/20100101 Firefox/129.0,60,,,,,,,,,,,,,,,,,,,,,,,,,,,,,,,,,,,,,,,,,,,,,,,,,,,,,,,,,,,,,,,,,,,,,,,,,,,,,,,,,,,,,,,,,,,,,,,,,,,,,,,,,,,,,,,,,,,,,,,,,,,,,,,,,,,,,,,,,,,,,,,,,,42,0,42,0,1,,,,,,,,,,,,,,,,,
,,,,,,,,,,,,,,,,,120,4,2024-09-06_13h38.38.181,Symbol-E,2020.1.3,Win32,Firefox,Mozilla/5.0 (Windows NT 10.0; Win64; x64; rv:129.0) Gecko/20100101 Firefox/129.0,60,,,,,,,,,,,,,,,,,,,,,,,,,,,,,,,,,,,,media/dnnb.png,2,2,Symb,e,TR,0,0,1,0,8,0,43,0,1,4,1.030848873,e,1.199,2,1,,,,,,,,,,,,,,,,,,,,,,,,,,,,,,,,,,,,,,,,,,,,,,,,,,,,,,,,,,,,,,,,,,,,,,,,,,,,,,,,,,e,1,1.199,0,0,0,0,1,,,,,,,,,,,,,,,,,,,,,,
,,,,,,,,,,,,,,,,,120,4,2024-09-06_13h38.38.181,Symbol-E,2020.1.3,Win32,Firefox,Mozilla/5.0 (Windows NT 10.0; Win64; x64; rv:129.0) Gecko/20100101 Firefox/129.0,60,,,,,,,,,,,,,,,,,,,,,,,,,,,,,,,,,,,,,,,,,,,,,,,,,,,,,,,,,,,,,,,,,,,,,,,,,,,,,,,,,,,,,,,,,,,,,,,,,,,,,,,,,,,,,,,,,,,,,,,,,,,,,,,,,,,,,,,,,,,,,,,,,,43,0,43,0,1,,,,,,,,,,,,,,,,,
,,,,,,,,,,,,,,,,,120,4,2024-09-06_13h38.38.181,Symbol-E,2020.1.3,Win32,Firefox,Mozilla/5.0 (Windows NT 10.0; Win64; x64; rv:129.0) Gecko/20100101 Firefox/129.0,60,,,,,,,,,,,,,,,,,,,,,,,,,,,,,,,,,,,,media/dgnb.png,3,3,Symb,f,TR,0,0,1,0,8,0,44,0,1,4,0.537604504,w,1.145,1,0,,,,,,,,,,,,,,,,,,,,,,,,,,,,,,,,,,,,,,,,,,,,,,,,,,,,,,,,,,,,,,,,,,,,,,,,,,,,,,,,,,w,0,1.145,0,0,0,0,1,,,,,,,,,,,,,,,,,,,,,,
,,,,,,,,,,,,,,,,,120,4,2024-09-06_13h38.38.181,Symbol-E,2020.1.3,Win32,Firefox,Mozilla/5.0 (Windows NT 10.0; Win64; x64; rv:129.0) Gecko/20100101 Firefox/129.0,60,,,,,,,,,,,,,,,,,,,,,,,,,,,,,,,,,,,,,,,,,,,,,,,,,,,,,,,,,,,,,,,,,,,,,,,,,,,,,,,,,,,,,,,,,,,,,,,,,,,,,,,,,,,,,,,,,,,,,,,,,,,,,,,,,,,,,,,,,,,,,,,,,,44,0,44,0,1,,,,,,,,,,,,,,,,,
,,,,,,,,,,,,,,,,,120,4,2024-09-06_13h38.38.181,Symbol-E,2020.1.3,Win32,Firefox,Mozilla/5.0 (Windows NT 10.0; Win64; x64; rv:129.0) Gecko/20100101 Firefox/129.0,60,,,,,,,,,,,,,,,,,,,,,,,,,,,,,,,,,,,,media/dmnb.png,7,3,Symb,l,TR,0,0,1,0,8,0,45,0,1,4,0.470270039,w,1.115,1,0,,,,,,,,,,,,,,,,,,,,,,,,,,,,,,,,,,,,,,,,,,,,,,,,,,,,,,,,,,,,,,,,,,,,,,,,,,,,,,,,,,w,0,1.115,0,0,0,0,1,,,,,,,,,,,,,,,,,,,,,,
,,,,,,,,,,,,,,,,,120,4,2024-09-06_13h38.38.181,Symbol-E,2020.1.3,Win32,Firefox,Mozilla/5.0 (Windows NT 10.0; Win64; x64; rv:129.0) Gecko/20100101 Firefox/129.0,60,,,,,,,,,,,,,,,,,,,,,,,,,,,,,,,,,,,,,,,,,,,,,,,,,,,,,,,,,,,,,,,,,,,,,,,,,,,,,,,,,,,,,,,,,,,,,,,,,,,,,,,,,,,,,,,,,,,,,,,,,,,,,,,,,,,,,,,,,,,,,,,,,,45,0,45,0,1,,,,,,,,,,,,,,,,,
,,,,,,,,,,,,,,,,,120,4,2024-09-06_13h38.38.181,Symbol-E,2020.1.3,Win32,Firefox,Mozilla/5.0 (Windows NT 10.0; Win64; x64; rv:129.0) Gecko/20100101 Firefox/129.0,60,,,,,,,,,,,,,,,,,,,,,,,,,,,,,,,,,,,,media/dnnb.png,2,2,Symb,e,TR,0,0,1,0,8,0,46,0,1,4,0.594068503,u,1.203,5,0,,,,,,,,,,,,,,,,,,,,,,,,,,,,,,,,,,,,,,,,,,,,,,,,,,,,,,,,,,,,,,,,,,,,,,,,,,,,,,,,,,u,0,1.203,0,0,0,0,1,,,,,,,,,,,,,,,,,,,,,,
,,,,,,,,,,,,,,,,,120,4,2024-09-06_13h38.38.181,Symbol-E,2020.1.3,Win32,Firefox,Mozilla/5.0 (Windows NT 10.0; Win64; x64; rv:129.0) Gecko/20100101 Firefox/129.0,60,,,,,,,,,,,,,,,,,,,,,,,,,,,,,,,,,,,,,,,,,,,,,,,,,,,,,,,,,,,,,,,,,,,,,,,,,,,,,,,,,,,,,,,,,,,,,,,,,,,,,,,,,,,,,,,,,,,,,,,,,,,,,,,,,,,,,,,,,,,,,,,,,,46,0,46,0,1,,,,,,,,,,,,,,,,,
,,,,,,,,,,,,,,,,,120,4,2024-09-06_13h38.38.181,Symbol-E,2020.1.3,Win32,Firefox,Mozilla/5.0 (Windows NT 10.0; Win64; x64; rv:129.0) Gecko/20100101 Firefox/129.0,60,,,,,,,,,,,,,,,,,,,,,,,,,,,,,,,,,,,,media/dcnb.png,4,0,Symb,h,TR,0,0,1,0,8,0,47,0,1,4,0.466488844,h,1.363,4,1,,,,,,,,,,,,,,,,,,,,,,,,,,,,,,,,,,,,,,,,,,,,,,,,,,,,,,,,,,,,,,,,,,,,,,,,,,,,,,,,,,h,1,1.363,0,0,0,0,1,,,,,,,,,,,,,,,,,,,,,,
,,,,,,,,,,,,,,,,,120,4,2024-09-06_13h38.38.181,Symbol-E,2020.1.3,Win32,Firefox,Mozilla/5.0 (Windows NT 10.0; Win64; x64; rv:129.0) Gecko/20100101 Firefox/129.0,60,,,,,,,,,,,,,,,,,,,,,,,,,,,,,,,,,,,,,,,,,,,,,,,,,,,,,,,,,,,,,,,,,,,,,,,,,,,,,,,,,,,,,,,,,,,,,,,,,,,,,,,,,,,,,,,,,,,,,,,,,,,,,,,,,,,,,,,,,,,,,,,,,,47,0,47,0,1,,,,,,,,,,,,,,,,,
,,,,,,,,,,,,,,,,,120,4,2024-09-06_13h38.38.181,Symbol-E,2020.1.3,Win32,Firefox,Mozilla/5.0 (Windows NT 10.0; Win64; x64; rv:129.0) Gecko/20100101 Firefox/129.0,60,,,,,,,,,,,,,,,,,,,,,,,,,,,,,,,,,,,,media/dmnb.png,7,3,Symb,l,TR,0,0,1,0,8,0,48,0,1,4,0.540664024,l,0.444,7,1,,,,,,,,,,,,,,,,,,,,h,0.63,,,,,,,,,,,,,,,,,,,,,,,,,,,,,,,,,,,,,,,,,,,,,,,,,,,,,,,,,,,,,l,1,0.444,,,,,,,,,,,0,0,0,0,1,,,,,,,,,,,,
,,,,,,,,,,,,,,,,,120,4,2024-09-06_13h38.38.181,Symbol-E,2020.1.3,Win32,Firefox,Mozilla/5.0 (Windows NT 10.0; Win64; x64; rv:129.0) Gecko/20100101 Firefox/129.0,60,,,,,,,,,,,,,,,,,,,,,,,,,,,,,,,,,,,,,,,,,,,,,,,,,,,,,,,,,,,,,,,,,,,,,,,,,,,,,,,,,,,,,,,,,,,,,,,,,,,,,,,,,,,,,,,,,,,,,,,,,,,,,,,,,,,,,,,,,,,,,,,,,,48,0,48,0,1,,,,,,,,,,,,,,,,,
,,,,,,,,,,,,,,,,,120,4,2024-09-06_13h38.38.181,Symbol-E,2020.1.3,Win32,Firefox,Mozilla/5.0 (Windows NT 10.0; Win64; x64; rv:129.0) Gecko/20100101 Firefox/129.0,60,,,,,,,,,,,,,,,,,,,,,,,,,,,,,,,,,,,,media/dcnb.png,4,0,Symb,h,TR,0,0,1,0,8,0,49,0,1,4,0.193951683,l,1.292,7,0,,,,,,,,,,,,,,,,,,,,,,,,,,,,,,,,,,,,,,,,,,,,,,,,,,,,,,,,,,,,,,,,,,,,,,,,,,,,,,,,,,l,0,1.292,0,0,0,0,1,,,,,,,,,,,,,,,,,,,,,,
,,,,,,,,,,,,,,,,,120,4,2024-09-06_13h38.38.181,Symbol-E,2020.1.3,Win32,Firefox,Mozilla/5.0 (Windows NT 10.0; Win64; x64; rv:129.0) Gecko/20100101 Firefox/129.0,60,,,,,,,,,,,,,,,,,,,,,,,,,,,,,,,,,,,,,,,,,,,,,,,,,,,,,,,,,,,,,,,,,,,,,,,,,,,,,,,,,,,,,,,,,,,,,,,,,,,,,,,,,,,,,,,,,,,,,,,,,,,,,,,,,,,,,,,,,,,,,,,,,,49,0,49,0,1,,,,,,,,,,,,,,,,,
,,,,,,,,,,,,,,,,,120,4,2024-09-06_13h38.38.181,Symbol-E,2020.1.3,Win32,Firefox,Mozilla/5.0 (Windows NT 10.0; Win64; x64; rv:129.0) Gecko/20100101 Firefox/129.0,60,,,,,,,,,,,,,,,,,,,,,,,,,,,,,,,,,,,,media/dfnb.png,1,1,Symb,w,TR,0,0,1,0,8,0,50,0,1,4,0.84420538,w,1.091,1,1,,,,,,,,,,,,,,,,,,,,,,,,,,,,,,,,,,,,,,,,,,,,,,,,,,,,,,,,,,,,,,,,,,,,,,,,,,,,,,,,,,w,1,1.091,0,0,0,0,1,,,,,,,,,,,,,,,,,,,,,,
,,,,,,,,,,,,,,,,,120,4,2024-09-06_13h38.38.181,Symbol-E,2020.1.3,Win32,Firefox,Mozilla/5.0 (Windows NT 10.0; Win64; x64; rv:129.0) Gecko/20100101 Firefox/129.0,60,,,,,,,,,,,,,,,,,,,,,,,,,,,,,,,,,,,,,,,,,,,,,,,,,,,,,,,,,,,,,,,,,,,,,,,,,,,,,,,,,,,,,,,,,,,,,,,,,,,,,,,,,,,,,,,,,,,,,,,,,,,,,,,,,,,,,,,,,,,,,,,,,,50,0,50,0,1,,,,,,,,,,,,,,,,,
,,,,,,,,,,,,,,,,,120,4,2024-09-06_13h38.38.181,Symbol-E,2020.1.3,Win32,Firefox,Mozilla/5.0 (Windows NT 10.0; Win64; x64; rv:129.0) Gecko/20100101 Firefox/129.0,60,,,,,,,,,,,,,,,,,,,,,,,,,,,,,,,,,,,,media/dnnb.png,2,2,Symb,e,TR,0,0,1,0,8,0,51,0,1,4,0.804535227,e,1.327,2,1,,,,,,,,,,,,,,,,,,,,,,,,,,,,,,,,,,,,,,,,,,,,,,,,,,,,,,,,,,,,,,,,,,,,,,,,,,,,,,,,,,e,1,1.327,0,0,0,0,1,,,,,,,,,,,,,,,,,,,,,,
,,,,,,,,,,,,,,,,,120,4,2024-09-06_13h38.38.181,Symbol-E,2020.1.3,Win32,Firefox,Mozilla/5.0 (Windows NT 10.0; Win64; x64; rv:129.0) Gecko/20100101 Firefox/129.0,60,,,,,,,,,,,,,,,,,,,,,,,,,,,,,,,,,,,,,,,,,,,,,,,,,,,,,,,,,,,,,,,,,,,,,,,,,,,,,,,,,,,,,,,,,,,,,,,,,,,,,,,,,,,,,,,,,,,,,,,,,,,,,,,,,,,,,,,,,,,,,,,,,,51,0,51,0,1,,,,,,,,,,,,,,,,,
,,,,,,,,,,,,,,,,,120,4,2024-09-06_13h38.38.181,Symbol-E,2020.1.3,Win32,Firefox,Mozilla/5.0 (Windows NT 10.0; Win64; x64; rv:129.0) Gecko/20100101 Firefox/129.0,60,,,,,,,,,,,,,,,,,,,,,,,,,,,,,,,,,,,,media/dnnb.png,2,2,Symb,e,TR,0,0,1,0,8,0,52,0,1,4,0.258532178,a,1.388,0,0,,,,,,,,,,,,,,,,,,,,,,,,,,,,,,,,,,,,,,,,,,,,,,,,,,,,,,,,,,,,,,,,,,,,,,,,,,,,,,,,,,a,0,1.388,0,0,0,0,1,,,,,,,,,,,,,,,,,,,,,,
,,,,,,,,,,,,,,,,,120,4,2024-09-06_13h38.38.181,Symbol-E,2020.1.3,Win32,Firefox,Mozilla/5.0 (Windows NT 10.0; Win64; x64; rv:129.0) Gecko/20100101 Firefox/129.0,60,,,,,,,,,,,,,,,,,,,,,,,,,,,,,,,,,,,,,,,,,,,,,,,,,,,,,,,,,,,,,,,,,,,,,,,,,,,,,,,,,,,,,,,,,,,,,,,,,,,,,,,,,,,,,,,,,,,,,,,,,,,,,,,,,,,,,,,,,,,,,,,,,,52,0,52,0,1,,,,,,,,,,,,,,,,,
,,,,,,,,,,,,,,,,,120,4,2024-09-06_13h38.38.181,Symbol-E,2020.1.3,Win32,Firefox,Mozilla/5.0 (Windows NT 10.0; Win64; x64; rv:129.0) Gecko/20100101 Firefox/129.0,60,,,,,,,,,,,,,,,,,,,,,,,,,,,,,,,,,,,,media/dmnb.png,7,3,Symb,l,TR,0,0,1,0,8,0,53,0,1,4,0.085320679,a,99,8,0,,,,,,,,,,,,,,,,,,,,h,12.006,,,,,,,,,,,,,,,,,,,,,,,,,,,,,,,,,,,,,,,,,,,,,,,,,,,,,,,,,,,,,,0,,,,,,,,,,,,0,0,0,0,1,,,,,,,,,,,,
,,,,,,,,,,,,,,,,,120,4,2024-09-06_13h38.38.181,Symbol-E,2020.1.3,Win32,Firefox,Mozilla/5.0 (Windows NT 10.0; Win64; x64; rv:129.0) Gecko/20100101 Firefox/129.0,60,,,,,,,,,,,,,,,,,,,,,,,,,,,,,,,,,,,,,,,,,,,,,,,,,,,,,,,,,,,,,,,,,,,,,,,,,,,,,,,,,,,,,,,,,,,,,,,,,,,,,,,,,,,,,,,,,,,,,,,,,,,,,,,,,,,,,,,,,,,,,,,,,,53,0,53,0,1,,,,,,,,,,,,,,,,,
,,,,,,,,,,,,,,,,,120,4,2024-09-06_13h38.38.181,Symbol-E,2020.1.3,Win32,Firefox,Mozilla/5.0 (Windows NT 10.0; Win64; x64; rv:129.0) Gecko/20100101 Firefox/129.0,60,,,,,,,,,,,,,,,,,,,,,,,,,,,,,,,,,,,,media/dgnb.png,3,3,Symb,f,TR,0,0,1,0,8,0,54,0,1,4,1.070560722,f,1.252,3,1,,,,,,,,,,,,,,,,,,,,,,,,,,,,,,,,,,,,,,,,,,,,,,,,,,,,,,,,,,,,,,,,,,,,,,,,,,,,,,,,,,f,1,1.252,0,0,0,0,1,,,,,,,,,,,,,,,,,,,,,,
,,,,,,,,,,,,,,,,,120,4,2024-09-06_13h38.38.181,Symbol-E,2020.1.3,Win32,Firefox,Mozilla/5.0 (Windows NT 10.0; Win64; x64; rv:129.0) Gecko/20100101 Firefox/129.0,60,,,,,,,,,,,,,,,,,,,,,,,,,,,,,,,,,,,,,,,,,,,,,,,,,,,,,,,,,,,,,,,,,,,,,,,,,,,,,,,,,,,,,,,,,,,,,,,,,,,,,,,,,,,,,,,,,,,,,,,,,,,,,,,,,,,,,,,,,,,,,,,,,,54,0,54,0,1,,,,,,,,,,,,,,,,,
,,,,,,,,,,,,,,,,,120,4,2024-09-06_13h38.38.181,Symbol-E,2020.1.3,Win32,Firefox,Mozilla/5.0 (Windows NT 10.0; Win64; x64; rv:129.0) Gecko/20100101 Firefox/129.0,60,,,,,,,,,,,,,,,,,,,,,,,,,,,,,,,,,,,,media/djnb.png,0,0,Symb,a,TR,0,0,1,0,8,0,55,0,1,4,0.268533029,i,1.465,6,0,,,,,,,,,,,,,,,,,,,,,,,,,,,,,,,,,,,,,,,,,,,,,,,,,,,,,,,,,,,,,,,,,,,,,,,,,,,,,,,,,,i,0,1.465,0,0,0,0,1,,,,,,,,,,,,,,,,,,,,,,
,,,,,,,,,,,,,,,,,120,4,2024-09-06_13h38.38.181,Symbol-E,2020.1.3,Win32,Firefox,Mozilla/5.0 (Windows NT 10.0; Win64; x64; rv:129.0) Gecko/20100101 Firefox/129.0,60,,,,,,,,,,,,,,,,,,,,,,,,,,,,,,,,,,,,,,,,,,,,,,,,,,,,,,,,,,,,,,,,,,,,,,,,,,,,,,,,,,,,,,,,,,,,,,,,,,,,,,,,,,,,,,,,,,,,,,,,,,,,,,,,,,,,,,,,,,,,,,,,,,55,0,55,0,1,,,,,,,,,,,,,,,,,
,,,,,,,,,,,,,,,,,120,4,2024-09-06_13h38.38.181,Symbol-E,2020.1.3,Win32,Firefox,Mozilla/5.0 (Windows NT 10.0; Win64; x64; rv:129.0) Gecko/20100101 Firefox/129.0,60,,,,,,,,,,,,,,,,,,,,,,,,,,,,,,,,,,,,media/dfnb.png,1,1,Symb,w,TR,0,0,1,0,8,0,56,0,1,4,0.357550948,e,1.422,2,0,,,,,,,,,,,,,,,,,,,,,,,,,,,,,,,,,,,,,,,,,,,,,,,,,,,,,,,,,,,,,,,,,,,,,,,,,,,,,,,,,,e,0,1.422,0,0,0,0,1,,,,,,,,,,,,,,,,,,,,,,
,,,,,,,,,,,,,,,,,120,4,2024-09-06_13h38.38.181,Symbol-E,2020.1.3,Win32,Firefox,Mozilla/5.0 (Windows NT 10.0; Win64; x64; rv:129.0) Gecko/20100101 Firefox/129.0,60,,,,,,,,,,,,,,,,,,,,,,,,,,,,,,,,,,,,,,,,,,,,,,,,,,,,,,,,,,,,,,,,,,,,,,,,,,,,,,,,,,,,,,,,,,,,,,,,,,,,,,,,,,,,,,,,,,,,,,,,,,,,,,,,,,,,,,,,,,,,,,,,,,56,0,56,0,1,,,,,,,,,,,,,,,,,
,,,,,,,,,,,,,,,,,120,4,2024-09-06_13h38.38.181,Symbol-E,2020.1.3,Win32,Firefox,Mozilla/5.0 (Windows NT 10.0; Win64; x64; rv:129.0) Gecko/20100101 Firefox/129.0,60,,,,,,,,,,,,,,,,,,,,,,,,,,,,,,,,,,,,media/ddnb.png,5,1,Symb,u,TR,0,0,1,0,8,0,57,0,1,4,0.292236607,h,1.443,4,0,,,,,,,,,,,,,,,,,,,,,,,,,,,,,,,,,,,,,,,,,,,,,,,,,,,,,,,,,,,,,,,,,,,,,,,,,,,,,,,,,,h,0,1.443,0,0,0,0,1,,,,,,,,,,,,,,,,,,,,,,
,,,,,,,,,,,,,,,,,120,4,2024-09-06_13h38.38.181,Symbol-E,2020.1.3,Win32,Firefox,Mozilla/5.0 (Windows NT 10.0; Win64; x64; rv:129.0) Gecko/20100101 Firefox/129.0,60,,,,,,,,,,,,,,,,,,,,,,,,,,,,,,,,,,,,,,,,,,,,,,,,,,,,,,,,,,,,,,,,,,,,,,,,,,,,,,,,,,,,,,,,,,,,,,,,,,,,,,,,,,,,,,,,,,,,,,,,,,,,,,,,,,,,,,,,,,,,,,,,,,57,0,57,0,1,,,,,,,,,,,,,,,,,
,,,,,,,,,,,,,,,,,120,4,2024-09-06_13h38.38.181,Symbol-E,2020.1.3,Win32,Firefox,Mozilla/5.0 (Windows NT 10.0; Win64; x64; rv:129.0) Gecko/20100101 Firefox/129.0,60,,,,,,,,,,,,,,,,,,,,,,,,,,,,,,,,,,,,media/ddnb.png,5,1,Symb,u,TR,0,0,1,0,8,0,58,0,1,4,0.751295576,u,1.275,5,1,,,,,,,,,,,,,,,,,,,,,,,,,,,,,,,,,,,,,,,,,,,,,,,,,,,,,,,,,,,,,,,,,,,,,,,,,,,,,,,,,,u,1,1.275,0,0,0,0,1,,,,,,,,,,,,,,,,,,,,,,
,,,,,,,,,,,,,,,,,120,4,2024-09-06_13h38.38.181,Symbol-E,2020.1.3,Win32,Firefox,Mozilla/5.0 (Windows NT 10.0; Win64; x64; rv:129.0) Gecko/20100101 Firefox/129.0,60,,,,,,,,,,,,,,,,,,,,,,,,,,,,,,,,,,,,,,,,,,,,,,,,,,,,,,,,,,,,,,,,,,,,,,,,,,,,,,,,,,,,,,,,,,,,,,,,,,,,,,,,,,,,,,,,,,,,,,,,,,,,,,,,,,,,,,,,,,,,,,,,,,58,0,58,0,1,,,,,,,,,,,,,,,,,
,,,,,,,,,,,,,,,,,120,4,2024-09-06_13h38.38.181,Symbol-E,2020.1.3,Win32,Firefox,Mozilla/5.0 (Windows NT 10.0; Win64; x64; rv:129.0) Gecko/20100101 Firefox/129.0,60,,,,,,,,,,,,,,,,,,,,,,,,,,,,,,,,,,,,media/dcnb.png,4,0,Symb,h,TR,0,0,1,0,8,0,59,0,1,4,0.950182134,h,1.225,4,1,,,,,,,,,,,,,,,,,,,,,,,,,,,,,,,,,,,,,,,,,,,,,,,,,,,,,,,,,,,,,,,,,,,,,,,,,,,,,,,,,,h,1,1.225,0,0,0,0,1,,,,,,,,,,,,,,,,,,,,,,
,,,,,,,,,,,,,,,,,120,4,2024-09-06_13h38.38.181,Symbol-E,2020.1.3,Win32,Firefox,Mozilla/5.0 (Windows NT 10.0; Win64; x64; rv:129.0) Gecko/20100101 Firefox/129.0,60,,,,,,,,,,,,,,,,,,,,,,,,,,,,,,,,,,,,,,,,,,,,,,,,,,,,,,,,,,,,,,,,,,,,,,,,,,,,,,,,,,,,,,,,,,,,,,,,,,,,,,,,,,,,,,,,,,,,,,,,,,,,,,,,,,,,,,,,,,,,,,,,,,59,0,59,0,1,,,,,,,,,,,,,,,,,
,,,,,,,,,,,,,,,,,120,4,2024-09-06_13h38.38.181,Symbol-E,2020.1.3,Win32,Firefox,Mozilla/5.0 (Windows NT 10.0; Win64; x64; rv:129.0) Gecko/20100101 Firefox/129.0,60,,,,,,,,,,,,,,,,,,,,,,,,,,,,,,,,,,,,media/dinb.png,6,2,Symb,i,TR,0,0,1,0,8,0,60,0,1,4,1.195108731,i,1.185,6,1,,,,,,,,,,,,,,,,,,,,,,,,,,,,,,,,,,,,,,,,,,,,,,,,,,,,,,,,,,,,,,,,,,,,,,,,,,,,,,,,,,i,1,1.185,0,0,0,0,1,,,,,,,,,,,,,,,,,,,,,,
,,,,,,,,,,,,,,,,,120,4,2024-09-06_13h38.38.181,Symbol-E,2020.1.3,Win32,Firefox,Mozilla/5.0 (Windows NT 10.0; Win64; x64; rv:129.0) Gecko/20100101 Firefox/129.0,60,,,,,,,,,,,,,,,,,,,,,,,,,,,,,,,,,,,,,,,,,,,,,,,,,,,,,,,,,,,,,,,,,,,,,,,,,,,,,,,,,,,,,,,,,,,,,,,,,,,,,,,,,,,,,,,,,,,,,,,,,,,,,,,,,,,,,,,,,,,,,,,,,,60,0,60,0,1,,,,,,,,,,,,,,,,,
,,,,,,,,,,,,,,,,,120,4,2024-09-06_13h38.38.181,Symbol-E,2020.1.3,Win32,Firefox,Mozilla/5.0 (Windows NT 10.0; Win64; x64; rv:129.0) Gecko/20100101 Firefox/129.0,60,,,,,,,,,,,,,,,,,,,,,,,,,,,,,,,,,,,,media/dinb.png,6,2,Symb,i,TR,0,0,1,0,8,0,61,0,1,4,0.97216409,i,1.263,6,1,,,,,,,,,,,,,,,,,,,,,,,,,,,,,,,,,,,,,,,,,,,,,,,,,,,,,,,,,,,,,,,,,,,,,,,,,,,,,,,,,,i,1,1.263,0,0,0,0,1,,,,,,,,,,,,,,,,,,,,,,
,,,,,,,,,,,,,,,,,120,4,2024-09-06_13h38.38.181,Symbol-E,2020.1.3,Win32,Firefox,Mozilla/5.0 (Windows NT 10.0; Win64; x64; rv:129.0) Gecko/20100101 Firefox/129.0,60,,,,,,,,,,,,,,,,,,,,,,,,,,,,,,,,,,,,,,,,,,,,,,,,,,,,,,,,,,,,,,,,,,,,,,,,,,,,,,,,,,,,,,,,,,,,,,,,,,,,,,,,,,,,,,,,,,,,,,,,,,,,,,,,,,,,,,,,,,,,,,,,,,61,0,61,0,1,,,,,,,,,,,,,,,,,
,,,,,,,,,,,,,,,,,120,4,2024-09-06_13h38.38.181,Symbol-E,2020.1.3,Win32,Firefox,Mozilla/5.0 (Windows NT 10.0; Win64; x64; rv:129.0) Gecko/20100101 Firefox/129.0,60,,,,,,,,,,,,,,,,,,,,,,,,,,,,,,,,,,,,media/dgnb.png,3,3,Symb,f,TR,0,0,1,0,8,0,62,0,1,4,0.916288701,f,1.287,3,1,,,,,,,,,,,,,,,,,,,,,,,,,,,,,,,,,,,,,,,,,,,,,,,,,,,,,,,,,,,,,,,,,,,,,,,,,,,,,,,,,,f,1,1.287,0,0,0,0,1,,,,,,,,,,,,,,,,,,,,,,
,,,,,,,,,,,,,,,,,120,4,2024-09-06_13h38.38.181,Symbol-E,2020.1.3,Win32,Firefox,Mozilla/5.0 (Windows NT 10.0; Win64; x64; rv:129.0) Gecko/20100101 Firefox/129.0,60,,,,,,,,,,,,,,,,,,,,,,,,,,,,,,,,,,,,,,,,,,,,,,,,,,,,,,,,,,,,,,,,,,,,,,,,,,,,,,,,,,,,,,,,,,,,,,,,,,,,,,,,,,,,,,,,,,,,,,,,,,,,,,,,,,,,,,,,,,,,,,,,,,62,0,62,0,1,,,,,,,,,,,,,,,,,
,,,,,,,,,,,,,,,,,120,4,2024-09-06_13h38.38.181,Symbol-E,2020.1.3,Win32,Firefox,Mozilla/5.0 (Windows NT 10.0; Win64; x64; rv:129.0) Gecko/20100101 Firefox/129.0,60,,,,,,,,,,,,,,,,,,,,,,,,,,,,,,,,,,,,media/djnb.png,0,0,Symb,a,TR,0,0,1,0,8,0,63,0,1,4,1.096798689,h,1.281,4,0,,,,,,,,,,,,,,,,,,,,,,,,,,,,,,,,,,,,,,,,,,,,,,,,,,,,,,,,,,,,,,,,,,,,,,,,,,,,,,,,,,h,0,1.281,0,0,0,0,1,,,,,,,,,,,,,,,,,,,,,,
,,,,,,,,,,,,,,,,,120,4,2024-09-06_13h38.38.181,Symbol-E,2020.1.3,Win32,Firefox,Mozilla/5.0 (Windows NT 10.0; Win64; x64; rv:129.0) Gecko/20100101 Firefox/129.0,60,,,,,,,,,,,,,,,,,,,,,,,,,,,,,,,,,,,,,,,,,,,,,,,,,,,,,,,,,,,,,,,,,,,,,,,,,,,,,,,,,,,,,,,,,,,,,,,,,,,,,,,,,,,,,,,,,,,,,,,,,,,,,,,,,,,,,,,,,,,,,,,,,,63,0,63,0,1,,,,,,,,,,,,,,,,,
,,,,,,,,,,,,,,,,,120,4,2024-09-06_13h38.38.181,Symbol-E,2020.1.3,Win32,Firefox,Mozilla/5.0 (Windows NT 10.0; Win64; x64; rv:129.0) Gecko/20100101 Firefox/129.0,60,,,,,,,,,,,,,,,,,,,,,,,,,,,,,,,,,,,,media/ddnb.png,5,1,Symb,u,TR,0,0,1,0,8,0,64,0,1,4,1.004453266,u,1.453,5,1,,,,,,,,,,,,,,,,,,,,,,,,,,,,,,,,,,,,,,,,,,,,,,,,,,,,,,,,,,,,,,,,,,,,,,,,,,,,,,,,,,u,1,1.453,0,0,0,0,1,,,,,,,,,,,,,,,,,,,,,,
,,,,,,,,,,,,,,,,,120,4,2024-09-06_13h38.38.181,Symbol-E,2020.1.3,Win32,Firefox,Mozilla/5.0 (Windows NT 10.0; Win64; x64; rv:129.0) Gecko/20100101 Firefox/129.0,60,,,,,,,,,,,,,,,,,,,,,,,,,,,,,,,,,,,,,,,,,,,,,,,,,,,,,,,,,,,,,,,,,,,,,,,,,,,,,,,,,,,,,,,,,,,,,,,,,,,,,,,,,,,,,,,,,,,,,,,,,,,,,,,,,,,,,,,,,,,,,,,,,,64,0,64,0,1,,,,,,,,,,,,,,,,,
,,,,,,,,,,,,,,,,,120,4,2024-09-06_13h38.38.181,Symbol-E,2020.1.3,Win32,Firefox,Mozilla/5.0 (Windows NT 10.0; Win64; x64; rv:129.0) Gecko/20100101 Firefox/129.0,60,,,,,,,,,,,,,,,,,,,,,,,,,,,,,,,,,,,,media/dfnb.png,1,1,Symb,w,TR,0,0,1,0,8,0,65,0,1,4,0.505131774,w,1.268,1,1,,,,,,,,,,,,,,,,,,,,,,,,,,,,,,,,,,,,,,,,,,,,,,,,,,,,,,,,,,,,,,,,,,,,,,,,,,,,,,,,,,w,1,1.268,0,0,0,0,1,,,,,,,,,,,,,,,,,,,,,,
,,,,,,,,,,,,,,,,,120,4,2024-09-06_13h38.38.181,Symbol-E,2020.1.3,Win32,Firefox,Mozilla/5.0 (Windows NT 10.0; Win64; x64; rv:129.0) Gecko/20100101 Firefox/129.0,60,,,,,,,,,,,,,,,,,,,,,,,,,,,,,,,,,,,,,,,,,,,,,,,,,,,,,,,,,,,,,,,,,,,,,,,,,,,,,,,,,,,,,,,,,,,,,,,,,,,,,,,,,,,,,,,,,,,,,,,,,,,,,,,,,,,,,,,,,,,,,,,,,,65,0,65,0,1,,,,,,,,,,,,,,,,,
,,,,,,,,,,,,,,,,,120,4,2024-09-06_13h38.38.181,Symbol-E,2020.1.3,Win32,Firefox,Mozilla/5.0 (Windows NT 10.0; Win64; x64; rv:129.0) Gecko/20100101 Firefox/129.0,60,,,,,,,,,,,,,,,,,,,,,,,,,,,,,,,,,,,,media/dnnb.png,2,2,Symb,e,TR,0,0,1,0,8,0,66,0,1,4,0.452747917,e,1.333,2,1,,,,,,,,,,,,,,,,,,,,,,,,,,,,,,,,,,,,,,,,,,,,,,,,,,,,,,,,,,,,,,,,,,,,,,,,,,,,,,,,,,e,1,1.333,0,0,0,0,1,,,,,,,,,,,,,,,,,,,,,,
,,,,,,,,,,,,,,,,,120,4,2024-09-06_13h38.38.181,Symbol-E,2020.1.3,Win32,Firefox,Mozilla/5.0 (Windows NT 10.0; Win64; x64; rv:129.0) Gecko/20100101 Firefox/129.0,60,,,,,,,,,,,,,,,,,,,,,,,,,,,,,,,,,,,,,,,,,,,,,,,,,,,,,,,,,,,,,,,,,,,,,,,,,,,,,,,,,,,,,,,,,,,,,,,,,,,,,,,,,,,,,,,,,,,,,,,,,,,,,,,,,,,,,,,,,,,,,,,,,,66,0,66,0,1,,,,,,,,,,,,,,,,,
,,,,,,,,,,,,,,,,,120,4,2024-09-06_13h38.38.181,Symbol-E,2020.1.3,Win32,Firefox,Mozilla/5.0 (Windows NT 10.0; Win64; x64; rv:129.0) Gecko/20100101 Firefox/129.0,60,,,,,,,,,,,,,,,,,,,,,,,,,,,,,,,,,,,,media/ddnb.png,5,1,Symb,u,TR,0,0,1,0,8,0,67,0,1,4,0.51794029,h,1.33,4,0,,,,,,,,,,,,,,,,,,,,,,,,,,,,,,,,,,,,,,,,,,,,,,,,,,,,,,,,,,,,,,,,,,,,,,,,,,,,,,,,,,h,0,1.33,0,0,0,0,1,,,,,,,,,,,,,,,,,,,,,,
,,,,,,,,,,,,,,,,,120,4,2024-09-06_13h38.38.181,Symbol-E,2020.1.3,Win32,Firefox,Mozilla/5.0 (Windows NT 10.0; Win64; x64; rv:129.0) Gecko/20100101 Firefox/129.0,60,,,,,,,,,,,,,,,,,,,,,,,,,,,,,,,,,,,,,,,,,,,,,,,,,,,,,,,,,,,,,,,,,,,,,,,,,,,,,,,,,,,,,,,,,,,,,,,,,,,,,,,,,,,,,,,,,,,,,,,,,,,,,,,,,,,,,,,,,,,,,,,,,,67,0,67,0,1,,,,,,,,,,,,,,,,,
,,,,,,,,,,,,,,,,,120,4,2024-09-06_13h38.38.181,Symbol-E,2020.1.3,Win32,Firefox,Mozilla/5.0 (Windows NT 10.0; Win64; x64; rv:129.0) Gecko/20100101 Firefox/129.0,60,,,,,,,,,,,,,,,,,,,,,,,,,,,,,,,,,,,,media/dinb.png,6,2,Symb,i,TR,0,0,1,0,8,0,68,0,1,4,0.224449372,a,99,8,0,,,,,,,,,,,,,,,,,,,,h,0.891,,,,,,,,,,,,,,,,,,,,,,,,,,,,,,,,,,,,,,,,,,,,,,,,,,,,,,,,,,,,,,0,,,,,,,,,,,,0,0,0,0,1,,,,,,,,,,,,
,,,,,,,,,,,,,,,,,120,4,2024-09-06_13h38.38.181,Symbol-E,2020.1.3,Win32,Firefox,Mozilla/5.0 (Windows NT 10.0; Win64; x64; rv:129.0) Gecko/20100101 Firefox/129.0,60,,,,,,,,,,,,,,,,,,,,,,,,,,,,,,,,,,,,,,,,,,,,,,,,,,,,,,,,,,,,,,,,,,,,,,,,,,,,,,,,,,,,,,,,,,,,,,,,,,,,,,,,,,,,,,,,,,,,,,,,,,,,,,,,,,,,,,,,,,,,,,,,,,68,0,68,0,1,,,,,,,,,,,,,,,,,
,,,,,,,,,,,,,,,,,120,4,2024-09-06_13h38.38.181,Symbol-E,2020.1.3,Win32,Firefox,Mozilla/5.0 (Windows NT 10.0; Win64; x64; rv:129.0) Gecko/20100101 Firefox/129.0,60,,,,,,,,,,,,,,,,,,,,,,,,,,,,,,,,,,,,media/dgnb.png,3,3,Symb,f,TR,0,0,1,0,8,0,69,0,1,4,0.342771211,a,99,8,0,,,,,,,,,,,,,,,,,,,,h,0.202,,,,,,,,,,,,,,,,,,,,,,,,,,,,,,,,,,,,,,,,,,,,,,,,,,,,,,,,,,,,,,0,,,,,,,,,,,,0,0,0,0,1,,,,,,,,,,,,
,,,,,,,,,,,,,,,,,120,4,2024-09-06_13h38.38.181,Symbol-E,2020.1.3,Win32,Firefox,Mozilla/5.0 (Windows NT 10.0; Win64; x64; rv:129.0) Gecko/20100101 Firefox/129.0,60,,,,,,,,,,,,,,,,,,,,,,,,,,,,,,,,,,,,,,,,,,,,,,,,,,,,,,,,,,,,,,,,,,,,,,,,,,,,,,,,,,,,,,,,,,,,,,,,,,,,,,,,,,,,,,,,,,,,,,,,,,,,,,,,,,,,,,,,,,,,,,,,,,69,0,69,0,1,,,,,,,,,,,,,,,,,
,,,,,,,,,,,,,,,,,120,4,2024-09-06_13h38.38.181,Symbol-E,2020.1.3,Win32,Firefox,Mozilla/5.0 (Windows NT 10.0; Win64; x64; rv:129.0) Gecko/20100101 Firefox/129.0,60,,,,,,,,,,,,,,,,,,,,,,,,,,,,,,,,,,,,media/dmnb.png,7,3,Symb,l,TR,0,0,1,0,8,0,70,0,1,4,0.323066484,f,1.237,3,0,,,,,,,,,,,,,,,,,,,,,,,,,,,,,,,,,,,,,,,,,,,,,,,,,,,,,,,,,,,,,,,,,,,,,,,,,,,,,,,,,,f,0,1.237,0,0,0,0,1,,,,,,,,,,,,,,,,,,,,,,
,,,,,,,,,,,,,,,,,120,4,2024-09-06_13h38.38.181,Symbol-E,2020.1.3,Win32,Firefox,Mozilla/5.0 (Windows NT 10.0; Win64; x64; rv:129.0) Gecko/20100101 Firefox/129.0,60,,,,,,,,,,,,,,,,,,,,,,,,,,,,,,,,,,,,,,,,,,,,,,,,,,,,,,,,,,,,,,,,,,,,,,,,,,,,,,,,,,,,,,,,,,,,,,,,,,,,,,,,,,,,,,,,,,,,,,,,,,,,,,,,,,,,,,,,,,,,,,,,,,70,0,70,0,1,,,,,,,,,,,,,,,,,
,,,,,,,,,,,,,,,,,120,4,2024-09-06_13h38.38.181,Symbol-E,2020.1.3,Win32,Firefox,Mozilla/5.0 (Windows NT 10.0; Win64; x64; rv:129.0) Gecko/20100101 Firefox/129.0,60,,,,,,,,,,,,,,,,,,,,,,,,,,,,,,,,,,,,media/dfnb.png,1,1,Symb,w,TR,0,0,1,0,8,0,71,0,1,4,1.167340187,w,1.218,1,1,,,,,,,,,,,,,,,,,,,,,,,,,,,,,,,,,,,,,,,,,,,,,,,,,,,,,,,,,,,,,,,,,,,,,,,,,,,,,,,,,,w,1,1.218,0,0,0,0,1,,,,,,,,,,,,,,,,,,,,,,
,,,,,,,,,,,,,,,,,120,4,2024-09-06_13h38.38.181,Symbol-E,2020.1.3,Win32,Firefox,Mozilla/5.0 (Windows NT 10.0; Win64; x64; rv:129.0) Gecko/20100101 Firefox/129.0,60,,,,,,,,,,,,,,,,,,,,,,,,,,,,,,,,,,,,,,,,,,,,,,,,,,,,,,,,,,,,,,,,,,,,,,,,,,,,,,,,,,,,,,,,,,,,,,,,,,,,,,,,,,,,,,,,,,,,,,,,,,,,,,,,,,,,,,,,,,,,,,,,,,71,0,71,0,1,,,,,,,,,,,,,,,,,
,,,,,,,,,,,,,,,,,120,4,2024-09-06_13h38.38.181,Symbol-E,2020.1.3,Win32,Firefox,Mozilla/5.0 (Windows NT 10.0; Win64; x64; rv:129.0) Gecko/20100101 Firefox/129.0,60,,,,,,,,,,,,,,,,,,,,,,,,,,,,,,,,,,,,media/dnnb.png,2,2,Symb,e,TR,0,0,1,0,8,0,72,0,1,4,1.121825862,e,1.17,2,1,,,,,,,,,,,,,,,,,,,,,,,,,,,,,,,,,,,,,,,,,,,,,,,,,,,,,,,,,,,,,,,,,,,,,,,,,,,,,,,,,,e,1,1.17,0,0,0,0,1,,,,,,,,,,,,,,,,,,,,,,
,,,,,,,,,,,,,,,,,120,4,2024-09-06_13h38.38.181,Symbol-E,2020.1.3,Win32,Firefox,Mozilla/5.0 (Windows NT 10.0; Win64; x64; rv:129.0) Gecko/20100101 Firefox/129.0,60,,,,,,,,,,,,,,,,,,,,,,,,,,,,,,,,,,,,,,,,,,,,,,,,,,,,,,,,,,,,,,,,,,,,,,,,,,,,,,,,,,,,,,,,,,,,,,,,,,,,,,,,,,,,,,,,,,,,,,,,,,,,,,,,,,,,,,,,,,,,,,,,,,72,0,72,0,1,,,,,,,,,,,,,,,,,
,,,,,,,,,,,,,,,,,120,4,2024-09-06_13h38.38.181,Symbol-E,2020.1.3,Win32,Firefox,Mozilla/5.0 (Windows NT 10.0; Win64; x64; rv:129.0) Gecko/20100101 Firefox/129.0,60,,,,,,,,,,,,,,,,,,,,,,,,,,,,,,,,,,,,media/dcnb.png,4,0,Symb,h,TR,0,0,1,0,8,0,73,0,1,4,0.530405213,a,1.315,0,0,,,,,,,,,,,,,,,,,,,,,,,,,,,,,,,,,,,,,,,,,,,,,,,,,,,,,,,,,,,,,,,,,,,,,,,,,,,,,,,,,,a,0,1.315,0,0,0,0,1,,,,,,,,,,,,,,,,,,,,,,
,,,,,,,,,,,,,,,,,120,4,2024-09-06_13h38.38.181,Symbol-E,2020.1.3,Win32,Firefox,Mozilla/5.0 (Windows NT 10.0; Win64; x64; rv:129.0) Gecko/20100101 Firefox/129.0,60,,,,,,,,,,,,,,,,,,,,,,,,,,,,,,,,,,,,,,,,,,,,,,,,,,,,,,,,,,,,,,,,,,,,,,,,,,,,,,,,,,,,,,,,,,,,,,,,,,,,,,,,,,,,,,,,,,,,,,,,,,,,,,,,,,,,,,,,,,,,,,,,,,73,0,73,0,1,,,,,,,,,,,,,,,,,
,,,,,,,,,,,,,,,,,120,4,2024-09-06_13h38.38.181,Symbol-E,2020.1.3,Win32,Firefox,Mozilla/5.0 (Windows NT 10.0; Win64; x64; rv:129.0) Gecko/20100101 Firefox/129.0,60,,,,,,,,,,,,,,,,,,,,,,,,,,,,,,,,,,,,media/dcnb.png,4,0,Symb,h,TR,0,0,1,0,8,0,74,0,1,4,0.004539423,a,1.324,0,0,,,,,,,,,,,,,,,,,,,,,,,,,,,,,,,,,,,,,,,,,,,,,,,,,,,,,,,,,,,,,,,,,,,,,,,,,,,,,,,,,,a,0,1.324,0,0,0,0,1,,,,,,,,,,,,,,,,,,,,,,
,,,,,,,,,,,,,,,,,120,4,2024-09-06_13h38.38.181,Symbol-E,2020.1.3,Win32,Firefox,Mozilla/5.0 (Windows NT 10.0; Win64; x64; rv:129.0) Gecko/20100101 Firefox/129.0,60,,,,,,,,,,,,,,,,,,,,,,,,,,,,,,,,,,,,,,,,,,,,,,,,,,,,,,,,,,,,,,,,,,,,,,,,,,,,,,,,,,,,,,,,,,,,,,,,,,,,,,,,,,,,,,,,,,,,,,,,,,,,,,,,,,,,,,,,,,,,,,,,,,74,0,74,0,1,,,,,,,,,,,,,,,,,
,,,,,,,,,,,,,,,,,120,4,2024-09-06_13h38.38.181,Symbol-E,2020.1.3,Win32,Firefox,Mozilla/5.0 (Windows NT 10.0; Win64; x64; rv:129.0) Gecko/20100101 Firefox/129.0,60,,,,,,,,,,,,,,,,,,,,,,,,,,,,,,,,,,,,media/dgnb.png,3,3,Symb,f,TR,0,0,1,0,8,0,75,0,1,4,0.805950533,f,1.307,3,1,,,,,,,,,,,,,,,,,,,,,,,,,,,,,,,,,,,,,,,,,,,,,,,,,,,,,,,,,,,,,,,,,,,,,,,,,,,,,,,,,,f,1,1.307,0,0,0,0,1,,,,,,,,,,,,,,,,,,,,,,
,,,,,,,,,,,,,,,,,120,4,2024-09-06_13h38.38.181,Symbol-E,2020.1.3,Win32,Firefox,Mozilla/5.0 (Windows NT 10.0; Win64; x64; rv:129.0) Gecko/20100101 Firefox/129.0,60,,,,,,,,,,,,,,,,,,,,,,,,,,,,,,,,,,,,,,,,,,,,,,,,,,,,,,,,,,,,,,,,,,,,,,,,,,,,,,,,,,,,,,,,,,,,,,,,,,,,,,,,,,,,,,,,,,,,,,,,,,,,,,,,,,,,,,,,,,,,,,,,,,75,0,75,0,1,,,,,,,,,,,,,,,,,
,,,,,,,,,,,,,,,,,120,4,2024-09-06_13h38.38.181,Symbol-E,2020.1.3,Win32,Firefox,Mozilla/5.0 (Windows NT 10.0; Win64; x64; rv:129.0) Gecko/20100101 Firefox/129.0,60,,,,,,,,,,,,,,,,,,,,,,,,,,,,,,,,,,,,media/dinb.png,6,2,Symb,i,TR,0,0,1,0,8,0,76,0,1,4,0.76177122,i,1.303,6,1,,,,,,,,,,,,,,,,,,,,,,,,,,,,,,,,,,,,,,,,,,,,,,,,,,,,,,,,,,,,,,,,,,,,,,,,,,,,,,,,,,i,1,1.303,0,0,0,0,1,,,,,,,,,,,,,,,,,,,,,,
,,,,,,,,,,,,,,,,,120,4,2024-09-06_13h38.38.181,Symbol-E,2020.1.3,Win32,Firefox,Mozilla/5.0 (Windows NT 10.0; Win64; x64; rv:129.0) Gecko/20100101 Firefox/129.0,60,,,,,,,,,,,,,,,,,,,,,,,,,,,,,,,,,,,,,,,,,,,,,,,,,,,,,,,,,,,,,,,,,,,,,,,,,,,,,,,,,,,,,,,,,,,,,,,,,,,,,,,,,,,,,,,,,,,,,,,,,,,,,,,,,,,,,,,,,,,,,,,,,,76,0,76,0,1,,,,,,,,,,,,,,,,,
,,,,,,,,,,,,,,,,,120,4,2024-09-06_13h38.38.181,Symbol-E,2020.1.3,Win32,Firefox,Mozilla/5.0 (Windows NT 10.0; Win64; x64; rv:129.0) Gecko/20100101 Firefox/129.0,60,,,,,,,,,,,,,,,,,,,,,,,,,,,,,,,,,,,,media/djnb.png,0,0,Symb,a,TR,0,0,1,0,8,0,77,0,1,4,0.428740638,f,1.427,3,0,,,,,,,,,,,,,,,,,,,,,,,,,,,,,,,,,,,,,,,,,,,,,,,,,,,,,,,,,,,,,,,,,,,,,,,,,,,,,,,,,,f,0,1.427,0,0,0,0,1,,,,,,,,,,,,,,,,,,,,,,
,,,,,,,,,,,,,,,,,120,4,2024-09-06_13h38.38.181,Symbol-E,2020.1.3,Win32,Firefox,Mozilla/5.0 (Windows NT 10.0; Win64; x64; rv:129.0) Gecko/20100101 Firefox/129.0,60,,,,,,,,,,,,,,,,,,,,,,,,,,,,,,,,,,,,,,,,,,,,,,,,,,,,,,,,,,,,,,,,,,,,,,,,,,,,,,,,,,,,,,,,,,,,,,,,,,,,,,,,,,,,,,,,,,,,,,,,,,,,,,,,,,,,,,,,,,,,,,,,,,77,0,77,0,1,,,,,,,,,,,,,,,,,
,,,,,,,,,,,,,,,,,120,4,2024-09-06_13h38.38.181,Symbol-E,2020.1.3,Win32,Firefox,Mozilla/5.0 (Windows NT 10.0; Win64; x64; rv:129.0) Gecko/20100101 Firefox/129.0,60,,,,,,,,,,,,,,,,,,,,,,,,,,,,,,,,,,,,media/djnb.png,0,0,Symb,a,TR,0,0,1,0,8,0,78,0,1,4,0.957608182,a,1.171,0,1,,,,,,,,,,,,,,,,,,,,,,,,,,,,,,,,,,,,,,,,,,,,,,,,,,,,,,,,,,,,,,,,,,,,,,,,,,,,,,,,,,a,1,1.171,0,0,0,0,1,,,,,,,,,,,,,,,,,,,,,,
,,,,,,,,,,,,,,,,,120,4,2024-09-06_13h38.38.181,Symbol-E,2020.1.3,Win32,Firefox,Mozilla/5.0 (Windows NT 10.0; Win64; x64; rv:129.0) Gecko/20100101 Firefox/129.0,60,,,,,,,,,,,,,,,,,,,,,,,,,,,,,,,,,,,,,,,,,,,,,,,,,,,,,,,,,,,,,,,,,,,,,,,,,,,,,,,,,,,,,,,,,,,,,,,,,,,,,,,,,,,,,,,,,,,,,,,,,,,,,,,,,,,,,,,,,,,,,,,,,,78,0,78,0,1,,,,,,,,,,,,,,,,,
,,,,,,,,,,,,,,,,,120,4,2024-09-06_13h38.38.181,Symbol-E,2020.1.3,Win32,Firefox,Mozilla/5.0 (Windows NT 10.0; Win64; x64; rv:129.0) Gecko/20100101 Firefox/129.0,60,,,,,,,,,,,,,,,,,,,,,,,,,,,,,,,,,,,,media/dmnb.png,7,3,Symb,l,TR,0,0,1,0,8,0,79,0,1,4,1.183514105,u,1.279,5,0,,,,,,,,,,,,,,,,,,,,,,,,,,,,,,,,,,,,,,,,,,,,,,,,,,,,,,,,,,,,,,,,,,,,,,,,,,,,,,,,,,u,0,1.279,0,0,0,0,1,,,,,,,,,,,,,,,,,,,,,,
,,,,,,,,,,,,,,,,,120,4,2024-09-06_13h38.38.181,Symbol-E,2020.1.3,Win32,Firefox,Mozilla/5.0 (Windows NT 10.0; Win64; x64; rv:129.0) Gecko/20100101 Firefox/129.0,60,,,,,,,,,,,,,,,,,,,,,,,,,,,,,,,,,,,,,,,,,,,,,,,,,,,,,,,,,,,,,,,,,,,,,,,,,,,,,,,,,,,,,,,,,,,,,,,,,,,,,,,,,,,,,,,,,,,,,,,,,,,,,,,,,,,,,,,,,,,,,,,,,,79,0,79,0,1,,,,,,,,,,,,,,,,,
,,,,,,,,,,,,,,,,,120,4,2024-09-06_13h38.38.181,Symbol-E,2020.1.3,Win32,Firefox,Mozilla/5.0 (Windows NT 10.0; Win64; x64; rv:129.0) Gecko/20100101 Firefox/129.0,60,,,,,,,,,,,,,,,,,,,,,,,,,,,,,,,,,,,,media/dgnb.png,3,3,Symb,f,TR,0,0,1,0,8,0,80,0,1,4,0.100465644,u,1.366,5,0,,,,,,,,,,,,,,,,,,,,,,,,,,,,,,,,,,,,,,,,,,,,,,,,,,,,,,,,,,,,,,,,,,,,,,,,,,,,,,,,,,u,0,1.366,0,0,0,0,1,,,,,,,,,,,,,,,,,,,,,,
,,,,,,,,,,,,,,,,,120,4,2024-09-06_13h38.38.181,Symbol-E,2020.1.3,Win32,Firefox,Mozilla/5.0 (Windows NT 10.0; Win64; x64; rv:129.0) Gecko/20100101 Firefox/129.0,60,,,,,,,,,,,,,,,,,,,,,,,,,,,,,,,,,,,,,,,,,,,,,,,,,,,,,,,,,,,,,,,,,,,,,,,,,,,,,,,,,,,,,,,,,,,,,,,,,,,,,,,,,,,,,,,,,,,,,,,,,,,,,,,,,,,,,,,,,,,,,,,,,,80,0,80,0,1,,,,,,,,,,,,,,,,,
,,,,,,,,,,,,,,,,,120,4,2024-09-06_13h38.38.181,Symbol-E,2020.1.3,Win32,Firefox,Mozilla/5.0 (Windows NT 10.0; Win64; x64; rv:129.0) Gecko/20100101 Firefox/129.0,60,,,,,,,,,,,,,,,,,,,,,,,,,,,,,,,,,,,,media/dnnb.png,2,2,Symb,e,TR,0,0,1,0,8,0,81,0,1,4,0.382467784,w,1.392,1,0,,,,,,,,,,,,,,,,,,,,,,,,,,,,,,,,,,,,,,,,,,,,,,,,,,,,,,,,,,,,,,,,,,,,,,,,,,,,,,,,,,w,0,1.392,0,0,0,0,1,,,,,,,,,,,,,,,,,,,,,,
,,,,,,,,,,,,,,,,,120,4,2024-09-06_13h38.38.181,Symbol-E,2020.1.3,Win32,Firefox,Mozilla/5.0 (Windows NT 10.0; Win64; x64; rv:129.0) Gecko/20100101 Firefox/129.0,60,,,,,,,,,,,,,,,,,,,,,,,,,,,,,,,,,,,,,,,,,,,,,,,,,,,,,,,,,,,,,,,,,,,,,,,,,,,,,,,,,,,,,,,,,,,,,,,,,,,,,,,,,,,,,,,,,,,,,,,,,,,,,,,,,,,,,,,,,,,,,,,,,,81,0,81,0,1,,,,,,,,,,,,,,,,,
,,,,,,,,,,,,,,,,,120,4,2024-09-06_13h38.38.181,Symbol-E,2020.1.3,Win32,Firefox,Mozilla/5.0 (Windows NT 10.0; Win64; x64; rv:129.0) Gecko/20100101 Firefox/129.0,60,,,,,,,,,,,,,,,,,,,,,,,,,,,,,,,,,,,,media/dmnb.png,7,3,Symb,l,TR,0,0,1,0,8,0,82,0,1,4,1.039405829,u,1.275,5,0,,,,,,,,,,,,,,,,,,,,,,,,,,,,,,,,,,,,,,,,,,,,,,,,,,,,,,,,,,,,,,,,,,,,,,,,,,,,,,,,,,u,0,1.275,0,0,0,0,1,,,,,,,,,,,,,,,,,,,,,,
,,,,,,,,,,,,,,,,,120,4,2024-09-06_13h38.38.181,Symbol-E,2020.1.3,Win32,Firefox,Mozilla/5.0 (Windows NT 10.0; Win64; x64; rv:129.0) Gecko/20100101 Firefox/129.0,60,,,,,,,,,,,,,,,,,,,,,,,,,,,,,,,,,,,,,,,,,,,,,,,,,,,,,,,,,,,,,,,,,,,,,,,,,,,,,,,,,,,,,,,,,,,,,,,,,,,,,,,,,,,,,,,,,,,,,,,,,,,,,,,,,,,,,,,,,,,,,,,,,,82,0,82,0,1,,,,,,,,,,,,,,,,,
,,,,,,,,,,,,,,,,,120,4,2024-09-06_13h38.38.181,Symbol-E,2020.1.3,Win32,Firefox,Mozilla/5.0 (Windows NT 10.0; Win64; x64; rv:129.0) Gecko/20100101 Firefox/129.0,60,,,,,,,,,,,,,,,,,,,,,,,,,,,,,,,,,,,,media/djnb.png,0,0,Symb,a,TR,0,0,1,0,8,0,83,0,1,4,1.173848395,a,1.188,0,1,,,,,,,,,,,,,,,,,,,,,,,,,,,,,,,,,,,,,,,,,,,,,,,,,,,,,,,,,,,,,,,,,,,,,,,,,,,,,,,,,,a,1,1.188,0,0,0,0,1,,,,,,,,,,,,,,,,,,,,,,
,,,,,,,,,,,,,,,,,120,4,2024-09-06_13h38.38.181,Symbol-E,2020.1.3,Win32,Firefox,Mozilla/5.0 (Windows NT 10.0; Win64; x64; rv:129.0) Gecko/20100101 Firefox/129.0,60,,,,,,,,,,,,,,,,,,,,,,,,,,,,,,,,,,,,,,,,,,,,,,,,,,,,,,,,,,,,,,,,,,,,,,,,,,,,,,,,,,,,,,,,,,,,,,,,,,,,,,,,,,,,,,,,,,,,,,,,,,,,,,,,,,,,,,,,,,,,,,,,,,83,0,83,0,1,,,,,,,,,,,,,,,,,
,,,,,,,,,,,,,,,,,120,4,2024-09-06_13h38.38.181,Symbol-E,2020.1.3,Win32,Firefox,Mozilla/5.0 (Windows NT 10.0; Win64; x64; rv:129.0) Gecko/20100101 Firefox/129.0,60,,,,,,,,,,,,,,,,,,,,,,,,,,,,,,,,,,,,media/dcnb.png,4,0,Symb,h,TR,0,0,1,0,8,0,84,0,1,4,1.129275953,h,1.214,4,1,,,,,,,,,,,,,,,,,,,,,,,,,,,,,,,,,,,,,,,,,,,,,,,,,,,,,,,,,,,,,,,,,,,,,,,,,,,,,,,,,,h,1,1.214,0,0,0,0,1,,,,,,,,,,,,,,,,,,,,,,
,,,,,,,,,,,,,,,,,120,4,2024-09-06_13h38.38.181,Symbol-E,2020.1.3,Win32,Firefox,Mozilla/5.0 (Windows NT 10.0; Win64; x64; rv:129.0) Gecko/20100101 Firefox/129.0,60,,,,,,,,,,,,,,,,,,,,,,,,,,,,,,,,,,,,,,,,,,,,,,,,,,,,,,,,,,,,,,,,,,,,,,,,,,,,,,,,,,,,,,,,,,,,,,,,,,,,,,,,,,,,,,,,,,,,,,,,,,,,,,,,,,,,,,,,,,,,,,,,,,84,0,84,0,1,,,,,,,,,,,,,,,,,
,,,,,,,,,,,,,,,,,120,4,2024-09-06_13h38.38.181,Symbol-E,2020.1.3,Win32,Firefox,Mozilla/5.0 (Windows NT 10.0; Win64; x64; rv:129.0) Gecko/20100101 Firefox/129.0,60,,,,,,,,,,,,,,,,,,,,,,,,,,,,,,,,,,,,media/dinb.png,6,2,Symb,i,TR,0,0,1,0,8,0,85,0,1,4,0.638396854,i,1.24,6,1,,,,,,,,,,,,,,,,,,,,,,,,,,,,,,,,,,,,,,,,,,,,,,,,,,,,,,,,,,,,,,,,,,,,,,,,,,,,,,,,,,i,1,1.24,0,0,0,0,1,,,,,,,,,,,,,,,,,,,,,,
,,,,,,,,,,,,,,,,,120,4,2024-09-06_13h38.38.181,Symbol-E,2020.1.3,Win32,Firefox,Mozilla/5.0 (Windows NT 10.0; Win64; x64; rv:129.0) Gecko/20100101 Firefox/129.0,60,,,,,,,,,,,,,,,,,,,,,,,,,,,,,,,,,,,,,,,,,,,,,,,,,,,,,,,,,,,,,,,,,,,,,,,,,,,,,,,,,,,,,,,,,,,,,,,,,,,,,,,,,,,,,,,,,,,,,,,,,,,,,,,,,,,,,,,,,,,,,,,,,,85,0,85,0,1,,,,,,,,,,,,,,,,,
,,,,,,,,,,,,,,,,,120,4,2024-09-06_13h38.38.181,Symbol-E,2020.1.3,Win32,Firefox,Mozilla/5.0 (Windows NT 10.0; Win64; x64; rv:129.0) Gecko/20100101 Firefox/129.0,60,,,,,,,,,,,,,,,,,,,,,,,,,,,,,,,,,,,,media/dgnb.png,3,3,Symb,f,TR,0,0,1,0,8,0,86,0,1,4,0.709184304,f,1.462,3,1,,,,,,,,,,,,,,,,,,,,,,,,,,,,,,,,,,,,,,,,,,,,,,,,,,,,,,,,,,,,,,,,,,,,,,,,,,,,,,,,,,f,1,1.462,0,0,0,0,1,,,,,,,,,,,,,,,,,,,,,,
,,,,,,,,,,,,,,,,,120,4,2024-09-06_13h38.38.181,Symbol-E,2020.1.3,Win32,Firefox,Mozilla/5.0 (Windows NT 10.0; Win64; x64; rv:129.0) Gecko/20100101 Firefox/129.0,60,,,,,,,,,,,,,,,,,,,,,,,,,,,,,,,,,,,,,,,,,,,,,,,,,,,,,,,,,,,,,,,,,,,,,,,,,,,,,,,,,,,,,,,,,,,,,,,,,,,,,,,,,,,,,,,,,,,,,,,,,,,,,,,,,,,,,,,,,,,,,,,,,,86,0,86,0,1,,,,,,,,,,,,,,,,,
,,,,,,,,,,,,,,,,,120,4,2024-09-06_13h38.38.181,Symbol-E,2020.1.3,Win32,Firefox,Mozilla/5.0 (Windows NT 10.0; Win64; x64; rv:129.0) Gecko/20100101 Firefox/129.0,60,,,,,,,,,,,,,,,,,,,,,,,,,,,,,,,,,,,,media/dfnb.png,1,1,Symb,w,TR,0,0,1,0,8,0,87,0,1,4,0.463618236,w,1.275,1,1,,,,,,,,,,,,,,,,,,,,,,,,,,,,,,,,,,,,,,,,,,,,,,,,,,,,,,,,,,,,,,,,,,,,,,,,,,,,,,,,,,w,1,1.275,0,0,0,0,1,,,,,,,,,,,,,,,,,,,,,,
,,,,,,,,,,,,,,,,,120,4,2024-09-06_13h38.38.181,Symbol-E,2020.1.3,Win32,Firefox,Mozilla/5.0 (Windows NT 10.0; Win64; x64; rv:129.0) Gecko/20100101 Firefox/129.0,60,,,,,,,,,,,,,,,,,,,,,,,,,,,,,,,,,,,,,,,,,,,,,,,,,,,,,,,,,,,,,,,,,,,,,,,,,,,,,,,,,,,,,,,,,,,,,,,,,,,,,,,,,,,,,,,,,,,,,,,,,,,,,,,,,,,,,,,,,,,,,,,,,,87,0,87,0,1,,,,,,,,,,,,,,,,,
,,,,,,,,,,,,,,,,,120,4,2024-09-06_13h38.38.181,Symbol-E,2020.1.3,Win32,Firefox,Mozilla/5.0 (Windows NT 10.0; Win64; x64; rv:129.0) Gecko/20100101 Firefox/129.0,60,,,,,,,,,,,,,,,,,,,,,,,,,,,,,,,,,,,,media/dfnb.png,1,1,Symb,w,TR,0,0,1,0,8,0,88,0,1,4,0.765340373,w,1.28,1,1,,,,,,,,,,,,,,,,,,,,,,,,,,,,,,,,,,,,,,,,,,,,,,,,,,,,,,,,,,,,,,,,,,,,,,,,,,,,,,,,,,w,1,1.28,0,0,0,0,1,,,,,,,,,,,,,,,,,,,,,,
,,,,,,,,,,,,,,,,,120,4,2024-09-06_13h38.38.181,Symbol-E,2020.1.3,Win32,Firefox,Mozilla/5.0 (Windows NT 10.0; Win64; x64; rv:129.0) Gecko/20100101 Firefox/129.0,60,,,,,,,,,,,,,,,,,,,,,,,,,,,,,,,,,,,,,,,,,,,,,,,,,,,,,,,,,,,,,,,,,,,,,,,,,,,,,,,,,,,,,,,,,,,,,,,,,,,,,,,,,,,,,,,,,,,,,,,,,,,,,,,,,,,,,,,,,,,,,,,,,,88,0,88,0,1,,,,,,,,,,,,,,,,,
,,,,,,,,,,,,,,,,,120,4,2024-09-06_13h38.38.181,Symbol-E,2020.1.3,Win32,Firefox,Mozilla/5.0 (Windows NT 10.0; Win64; x64; rv:129.0) Gecko/20100101 Firefox/129.0,60,,,,,,,,,,,,,,,,,,,,,,,,,,,,,,,,,,,,media/ddnb.png,5,1,Symb,u,TR,0,0,1,0,8,0,89,0,1,4,1.124583243,u,1.159,5,1,,,,,,,,,,,,,,,,,,,,,,,,,,,,,,,,,,,,,,,,,,,,,,,,,,,,,,,,,,,,,,,,,,,,,,,,,,,,,,,,,,u,1,1.159,0,0,0,0,1,,,,,,,,,,,,,,,,,,,,,,
,,,,,,,,,,,,,,,,,120,4,2024-09-06_13h38.38.181,Symbol-E,2020.1.3,Win32,Firefox,Mozilla/5.0 (Windows NT 10.0; Win64; x64; rv:129.0) Gecko/20100101 Firefox/129.0,60,,,,,,,,,,,,,,,,,,,,,,,,,,,,,,,,,,,,,,,,,,,,,,,,,,,,,,,,,,,,,,,,,,,,,,,,,,,,,,,,,,,,,,,,,,,,,,,,,,,,,,,,,,,,,,,,,,,,,,,,,,,,,,,,,,,,,,,,,,,,,,,,,,89,0,89,0,1,,,,,,,,,,,,,,,,,
,,,,,,,,,,,,,,,,,120,4,2024-09-06_13h38.38.181,Symbol-E,2020.1.3,Win32,Firefox,Mozilla/5.0 (Windows NT 10.0; Win64; x64; rv:129.0) Gecko/20100101 Firefox/129.0,60,,,,,,,,,,,,,,,,,,,,,,,,,,,,,,,,,,,,media/dinb.png,6,2,Symb,i,TR,0,0,1,0,8,0,90,0,1,4,1.0875987,l,1.106,7,0,,,,,,,,,,,,,,,,,,,,,,,,,,,,,,,,,,,,,,,,,,,,,,,,,,,,,,,,,,,,,,,,,,,,,,,,,,,,,,,,,,l,0,1.106,0,0,0,0,1,,,,,,,,,,,,,,,,,,,,,,
,,,,,,,,,,,,,,,,,120,4,2024-09-06_13h38.38.181,Symbol-E,2020.1.3,Win32,Firefox,Mozilla/5.0 (Windows NT 10.0; Win64; x64; rv:129.0) Gecko/20100101 Firefox/129.0,60,,,,,,,,,,,,,,,,,,,,,,,,,,,,,,,,,,,,,,,,,,,,,,,,,,,,,,,,,,,,,,,,,,,,,,,,,,,,,,,,,,,,,,,,,,,,,,,,,,,,,,,,,,,,,,,,,,,,,,,,,,,,,,,,,,,,,,,,,,,,,,,,,,90,0,90,0,1,,,,,,,,,,,,,,,,,
,,,,,,,,,,,,,,,,,120,4,2024-09-06_13h38.38.181,Symbol-E,2020.1.3,Win32,Firefox,Mozilla/5.0 (Windows NT 10.0; Win64; x64; rv:129.0) Gecko/20100101 Firefox/129.0,60,,,,,,,,,,,,,,,,,,,,,,,,,,,,,,,,,,,,media/dnnb.png,2,2,Symb,e,TR,0,0,1,0,8,0,91,0,1,4,0.64861313,l,1.133,7,0,,,,,,,,,,,,,,,,,,,,,,,,,,,,,,,,,,,,,,,,,,,,,,,,,,,,,,,,,,,,,,,,,,,,,,,,,,,,,,,,,,l,0,1.133,0,0,0,0,1,,,,,,,,,,,,,,,,,,,,,,
,,,,,,,,,,,,,,,,,120,4,2024-09-06_13h38.38.181,Symbol-E,2020.1.3,Win32,Firefox,Mozilla/5.0 (Windows NT 10.0; Win64; x64; rv:129.0) Gecko/20100101 Firefox/129.0,60,,,,,,,,,,,,,,,,,,,,,,,,,,,,,,,,,,,,,,,,,,,,,,,,,,,,,,,,,,,,,,,,,,,,,,,,,,,,,,,,,,,,,,,,,,,,,,,,,,,,,,,,,,,,,,,,,,,,,,,,,,,,,,,,,,,,,,,,,,,,,,,,,,91,0,91,0,1,,,,,,,,,,,,,,,,,
,,,,,,,,,,,,,,,,,120,4,2024-09-06_13h38.38.181,Symbol-E,2020.1.3,Win32,Firefox,Mozilla/5.0 (Windows NT 10.0; Win64; x64; rv:129.0) Gecko/20100101 Firefox/129.0,60,,,,,,,,,,,,,,,,,,,,,,,,,,,,,,,,,,,,media/dmnb.png,7,3,Symb,l,TR,0,0,1,0,8,0,92,0,1,4,0.760058194,e,1.21,2,0,,,,,,,,,,,,,,,,,,,,,,,,,,,,,,,,,,,,,,,,,,,,,,,,,,,,,,,,,,,,,,,,,,,,,,,,,,,,,,,,,,e,0,1.21,0,0,0,0,1,,,,,,,,,,,,,,,,,,,,,,
,,,,,,,,,,,,,,,,,120,4,2024-09-06_13h38.38.181,Symbol-E,2020.1.3,Win32,Firefox,Mozilla/5.0 (Windows NT 10.0; Win64; x64; rv:129.0) Gecko/20100101 Firefox/129.0,60,,,,,,,,,,,,,,,,,,,,,,,,,,,,,,,,,,,,,,,,,,,,,,,,,,,,,,,,,,,,,,,,,,,,,,,,,,,,,,,,,,,,,,,,,,,,,,,,,,,,,,,,,,,,,,,,,,,,,,,,,,,,,,,,,,,,,,,,,,,,,,,,,,92,0,92,0,1,,,,,,,,,,,,,,,,,
,,,,,,,,,,,,,,,,,120,4,2024-09-06_13h38.38.181,Symbol-E,2020.1.3,Win32,Firefox,Mozilla/5.0 (Windows NT 10.0; Win64; x64; rv:129.0) Gecko/20100101 Firefox/129.0,60,,,,,,,,,,,,,,,,,,,,,,,,,,,,,,,,,,,,media/djnb.png,0,0,Symb,a,TR,0,0,1,0,8,0,93,0,1,4,0.831624481,a,1.284,0,1,,,,,,,,,,,,,,,,,,,,,,,,,,,,,,,,,,,,,,,,,,,,,,,,,,,,,,,,,,,,,,,,,,,,,,,,,,,,,,,,,,a,1,1.284,0,0,0,0,1,,,,,,,,,,,,,,,,,,,,,,
,,,,,,,,,,,,,,,,,120,4,2024-09-06_13h38.38.181,Symbol-E,2020.1.3,Win32,Firefox,Mozilla/5.0 (Windows NT 10.0; Win64; x64; rv:129.0) Gecko/20100101 Firefox/129.0,60,,,,,,,,,,,,,,,,,,,,,,,,,,,,,,,,,,,,,,,,,,,,,,,,,,,,,,,,,,,,,,,,,,,,,,,,,,,,,,,,,,,,,,,,,,,,,,,,,,,,,,,,,,,,,,,,,,,,,,,,,,,,,,,,,,,,,,,,,,,,,,,,,,93,0,93,0,1,,,,,,,,,,,,,,,,,
,,,,,,,,,,,,,,,,,120,4,2024-09-06_13h38.38.181,Symbol-E,2020.1.3,Win32,Firefox,Mozilla/5.0 (Windows NT 10.0; Win64; x64; rv:129.0) Gecko/20100101 Firefox/129.0,60,,,,,,,,,,,,,,,,,,,,,,,,,,,,,,,,,,,,media/dcnb.png,4,0,Symb,h,TR,0,0,1,0,8,0,94,0,1,4,0.643559474,h,1.305,4,1,,,,,,,,,,,,,,,,,,,,,,,,,,,,,,,,,,,,,,,,,,,,,,,,,,,,,,,,,,,,,,,,,,,,,,,,,,,,,,,,,,h,1,1.305,0,0,0,0,1,,,,,,,,,,,,,,,,,,,,,,
,,,,,,,,,,,,,,,,,120,4,2024-09-06_13h38.38.181,Symbol-E,2020.1.3,Win32,Firefox,Mozilla/5.0 (Windows NT 10.0; Win64; x64; rv:129.0) Gecko/20100101 Firefox/129.0,60,,,,,,,,,,,,,,,,,,,,,,,,,,,,,,,,,,,,,,,,,,,,,,,,,,,,,,,,,,,,,,,,,,,,,,,,,,,,,,,,,,,,,,,,,,,,,,,,,,,,,,,,,,,,,,,,,,,,,,,,,,,,,,,,,,,,,,,,,,,,,,,,,,94,0,94,0,1,,,,,,,,,,,,,,,,,
,,,,,,,,,,,,,,,,,120,4,2024-09-06_13h38.38.181,Symbol-E,2020.1.3,Win32,Firefox,Mozilla/5.0 (Windows NT 10.0; Win64; x64; rv:129.0) Gecko/20100101 Firefox/129.0,60,,,,,,,,,,,,,,,,,,,,,,,,,,,,,,,,,,,,media/ddnb.png,5,1,Symb,u,TR,0,0,1,0,8,0,95,0,1,4,0.885793404,u,1.28,5,1,,,,,,,,,,,,,,,,,,,,,,,,,,,,,,,,,,,,,,,,,,,,,,,,,,,,,,,,,,,,,,,,,,,,,,,,,,,,,,,,,,u,1,1.28,0,0,0,0,1,,,,,,,,,,,,,,,,,,,,,,
,,,,,,,,,,,,,,,,,120,4,2024-09-06_13h38.38.181,Symbol-E,2020.1.3,Win32,Firefox,Mozilla/5.0 (Windows NT 10.0; Win64; x64; rv:129.0) Gecko/20100101 Firefox/129.0,60,,,,,,,,,,,,,,,,,,,,,,,,,,,,,,,,,,,,,,,,,,,,,,,,,,,,,,,,,,,,,,,,,,,,,,,,,,,,,,,,,,,,,,,,,,,,,,,,,,,,,,,,,,,,,,,,,,,,,,,,,,,,,,,,,,,,,,,,,,,,,,,,,,95,0,95,0,1,,,,,,,,,,,,,,,,,
,,,,,,,,,,,,,,,,,120,4,2024-09-06_13h38.38.181,Symbol-E,2020.1.3,Win32,Firefox,Mozilla/5.0 (Windows NT 10.0; Win64; x64; rv:129.0) Gecko/20100101 Firefox/129.0,60,,,,,,,,,,,,,,,,,,,,,,,,,,,,,,,,,,,,,,,,,,,,,,,,,,,,,,,,,,,,,,,,,,,,,,,,,,,,,,,,,,,,,,,,,,,,,,,,,,,,,,,,,,,,,,,,,,,,,,,,,,,,,,,,,,,,,,,,,,,,,,,,,,,,,,,,,,,,3,0,3,0,1,,,,,,,
,,,,,,,,,,,,,,,,,120,4,2024-09-06_13h38.38.181,Symbol-E,2020.1.3,Win32,Firefox,Mozilla/5.0 (Windows NT 10.0; Win64; x64; rv:129.0) Gecko/20100101 Firefox/129.0,60,,,,,,,,,,,,,,,,,,,,,,,,,,,,,,,,,,,,media/dinb.png,6,2,Symb,i,TR,0,0,1,0,8,0,0,0,1,5,0.128963457,h,1.325,4,0,,,,,,,,,,,,,,,,h,0.72,,,,,,,,,,,,,,,,,,,,,,,,,,,,,,,,,,,,,,,,,,,,,,,,,,,,,,,,,,,,,,,,,h,0,1.325,0,0,0,0,1,,,,,,,,,,,,,,,,,,,,,,
,,,,,,,,,,,,,,,,,120,4,2024-09-06_13h38.38.181,Symbol-E,2020.1.3,Win32,Firefox,Mozilla/5.0 (Windows NT 10.0; Win64; x64; rv:129.0) Gecko/20100101 Firefox/129.0,60,,,,,,,,,,,,,,,,,,,,,,,,,,,,,,,,,,,,,,,,,,,,,,,,,,,,,,,,,,,,,,,,,,,,,,,,,,,,,,,,,,,,,,,,,,,,,,,,,,,,,,,,,,,,,,,,,,,,,,,,,,,,,,,,,,,,,,,,,,,,,,,,,,0,0,0,0,1,,,,,,,,,,,,,,,,,
,,,,,,,,,,,,,,,,,120,4,2024-09-06_13h38.38.181,Symbol-E,2020.1.3,Win32,Firefox,Mozilla/5.0 (Windows NT 10.0; Win64; x64; rv:129.0) Gecko/20100101 Firefox/129.0,60,,,,,,,,,,,,,,,,,,,,,,,,,,,,,,,,,,,,media/dgnb.png,3,3,Symb,f,TR,0,0,1,0,8,0,1,0,1,5,0.022372875,i,1.448,6,0,,,,,,,,,,,,,,,,,,,,,,,,,,,,,,,,,,,,,,,,,,,,,,,,,,,,,,,,,,,,,,,,,,,,,,,,,,,,,,,,,,i,0,1.448,0,0,0,0,1,,,,,,,,,,,,,,,,,,,,,,
,,,,,,,,,,,,,,,,,120,4,2024-09-06_13h38.38.181,Symbol-E,2020.1.3,Win32,Firefox,Mozilla/5.0 (Windows NT 10.0; Win64; x64; rv:129.0) Gecko/20100101 Firefox/129.0,60,,,,,,,,,,,,,,,,,,,,,,,,,,,,,,,,,,,,,,,,,,,,,,,,,,,,,,,,,,,,,,,,,,,,,,,,,,,,,,,,,,,,,,,,,,,,,,,,,,,,,,,,,,,,,,,,,,,,,,,,,,,,,,,,,,,,,,,,,,,,,,,,,,1,0,1,0,1,,,,,,,,,,,,,,,,,
,,,,,,,,,,,,,,,,,120,4,2024-09-06_13h38.38.181,Symbol-E,2020.1.3,Win32,Firefox,Mozilla/5.0 (Windows NT 10.0; Win64; x64; rv:129.0) Gecko/20100101 Firefox/129.0,60,,,,,,,,,,,,,,,,,,,,,,,,,,,,,,,,,,,,media/dinb.png,6,2,Symb,i,TR,0,0,1,0,8,0,2,0,1,5,0.034393727,f,1.321,3,0,,,,,,,,,,,,,,,,,,,,,,,,,,,,,,,,,,,,,,,,,,,,,,,,,,,,,,,,,,,,,,,,,,,,,,,,,,,,,,,,,,f,0,1.321,0,0,0,0,1,,,,,,,,,,,,,,,,,,,,,,
,,,,,,,,,,,,,,,,,120,4,2024-09-06_13h38.38.181,Symbol-E,2020.1.3,Win32,Firefox,Mozilla/5.0 (Windows NT 10.0; Win64; x64; rv:129.0) Gecko/20100101 Firefox/129.0,60,,,,,,,,,,,,,,,,,,,,,,,,,,,,,,,,,,,,,,,,,,,,,,,,,,,,,,,,,,,,,,,,,,,,,,,,,,,,,,,,,,,,,,,,,,,,,,,,,,,,,,,,,,,,,,,,,,,,,,,,,,,,,,,,,,,,,,,,,,,,,,,,,,2,0,2,0,1,,,,,,,,,,,,,,,,,
,,,,,,,,,,,,,,,,,120,4,2024-09-06_13h38.38.181,Symbol-E,2020.1.3,Win32,Firefox,Mozilla/5.0 (Windows NT 10.0; Win64; x64; rv:129.0) Gecko/20100101 Firefox/129.0,60,,,,,,,,,,,,,,,,,,,,,,,,,,,,,,,,,,,,media/djnb.png,0,0,Symb,a,TR,0,0,1,0,8,0,3,0,1,5,0.167337969,a,99,8,0,,,,,,,,,,,,,,,,,,,,i,11.15,,,,,,,,,,,,,,,,,,,,,,,,,,,,,,,,,,,,,,,,,,,,,,,,,,,,,,,,,,,,,,0,,,,,,,,,,,,0,0,0,0,1,,,,,,,,,,,,
,,,,,,,,,,,,,,,,,120,4,2024-09-06_13h38.38.181,Symbol-E,2020.1.3,Win32,Firefox,Mozilla/5.0 (Windows NT 10.0; Win64; x64; rv:129.0) Gecko/20100101 Firefox/129.0,60,,,,,,,,,,,,,,,,,,,,,,,,,,,,,,,,,,,,,,,,,,,,,,,,,,,,,,,,,,,,,,,,,,,,,,,,,,,,,,,,,,,,,,,,,,,,,,,,,,,,,,,,,,,,,,,,,,,,,,,,,,,,,,,,,,,,,,,,,,,,,,,,,,3,0,3,0,1,,,,,,,,,,,,,,,,,
,,,,,,,,,,,,,,,,,120,4,2024-09-06_13h38.38.181,Symbol-E,2020.1.3,Win32,Firefox,Mozilla/5.0 (Windows NT 10.0; Win64; x64; rv:129.0) Gecko/20100101 Firefox/129.0,60,,,,,,,,,,,,,,,,,,,,,,,,,,,,,,,,,,,,media/dmnb.png,7,3,Symb,l,TR,0,0,1,0,8,0,4,0,1,5,0.98602971,l,1.196,7,1,,,,,,,,,,,,,,,,,,,,,,,,,,,,,,,,,,,,,,,,,,,,,,,,,,,,,,,,,,,,,,,,,,,,,,,,,,,,,,,,,,l,1,1.196,0,0,0,0,1,,,,,,,,,,,,,,,,,,,,,,
,,,,,,,,,,,,,,,,,120,4,2024-09-06_13h38.38.181,Symbol-E,2020.1.3,Win32,Firefox,Mozilla/5.0 (Windows NT 10.0; Win64; x64; rv:129.0) Gecko/20100101 Firefox/129.0,60,,,,,,,,,,,,,,,,,,,,,,,,,,,,,,,,,,,,,,,,,,,,,,,,,,,,,,,,,,,,,,,,,,,,,,,,,,,,,,,,,,,,,,,,,,,,,,,,,,,,,,,,,,,,,,,,,,,,,,,,,,,,,,,,,,,,,,,,,,,,,,,,,,4,0,4,0,1,,,,,,,,,,,,,,,,,
,,,,,,,,,,,,,,,,,120,4,2024-09-06_13h38.38.181,Symbol-E,2020.1.3,Win32,Firefox,Mozilla/5.0 (Windows NT 10.0; Win64; x64; rv:129.0) Gecko/20100101 Firefox/129.0,60,,,,,,,,,,,,,,,,,,,,,,,,,,,,,,,,,,,,media/dcnb.png,4,0,Symb,h,TR,0,0,1,0,8,0,5,0,1,5,0.770871123,h,1.24,4,1,,,,,,,,,,,,,,,,,,,,,,,,,,,,,,,,,,,,,,,,,,,,,,,,,,,,,,,,,,,,,,,,,,,,,,,,,,,,,,,,,,h,1,1.24,0,0,0,0,1,,,,,,,,,,,,,,,,,,,,,,
,,,,,,,,,,,,,,,,,120,4,2024-09-06_13h38.38.181,Symbol-E,2020.1.3,Win32,Firefox,Mozilla/5.0 (Windows NT 10.0; Win64; x64; rv:129.0) Gecko/20100101 Firefox/129.0,60,,,,,,,,,,,,,,,,,,,,,,,,,,,,,,,,,,,,,,,,,,,,,,,,,,,,,,,,,,,,,,,,,,,,,,,,,,,,,,,,,,,,,,,,,,,,,,,,,,,,,,,,,,,,,,,,,,,,,,,,,,,,,,,,,,,,,,,,,,,,,,,,,,5,0,5,0,1,,,,,,,,,,,,,,,,,
,,,,,,,,,,,,,,,,,120,4,2024-09-06_13h38.38.181,Symbol-E,2020.1.3,Win32,Firefox,Mozilla/5.0 (Windows NT 10.0; Win64; x64; rv:129.0) Gecko/20100101 Firefox/129.0,60,,,,,,,,,,,,,,,,,,,,,,,,,,,,,,,,,,,,media/ddnb.png,5,1,Symb,u,TR,0,0,1,0,8,0,6,0,1,5,0.668299025,u,1.297,5,1,,,,,,,,,,,,,,,,,,,,,,,,,,,,,,,,,,,,,,,,,,,,,,,,,,,,,,,,,,,,,,,,,,,,,,,,,,,,,,,,,,u,1,1.297,0,0,0,0,1,,,,,,,,,,,,,,,,,,,,,,
,,,,,,,,,,,,,,,,,120,4,2024-09-06_13h38.38.181,Symbol-E,2020.1.3,Win32,Firefox,Mozilla/5.0 (Windows NT 10.0; Win64; x64; rv:129.0) Gecko/20100101 Firefox/129.0,60,,,,,,,,,,,,,,,,,,,,,,,,,,,,,,,,,,,,,,,,,,,,,,,,,,,,,,,,,,,,,,,,,,,,,,,,,,,,,,,,,,,,,,,,,,,,,,,,,,,,,,,,,,,,,,,,,,,,,,,,,,,,,,,,,,,,,,,,,,,,,,,,,,6,0,6,0,1,,,,,,,,,,,,,,,,,
,,,,,,,,,,,,,,,,,120,4,2024-09-06_13h38.38.181,Symbol-E,2020.1.3,Win32,Firefox,Mozilla/5.0 (Windows NT 10.0; Win64; x64; rv:129.0) Gecko/20100101 Firefox/129.0,60,,,,,,,,,,,,,,,,,,,,,,,,,,,,,,,,,,,,media/dgnb.png,3,3,Symb,f,TR,0,0,1,0,8,0,7,0,1,5,0.623608103,f,1.249,3,1,,,,,,,,,,,,,,,,,,,,,,,,,,,,,,,,,,,,,,,,,,,,,,,,,,,,,,,,,,,,,,,,,,,,,,,,,,,,,,,,,,f,1,1.249,0,0,0,0,1,,,,,,,,,,,,,,,,,,,,,,
,,,,,,,,,,,,,,,,,120,4,2024-09-06_13h38.38.181,Symbol-E,2020.1.3,Win32,Firefox,Mozilla/5.0 (Windows NT 10.0; Win64; x64; rv:129.0) Gecko/20100101 Firefox/129.0,60,,,,,,,,,,,,,,,,,,,,,,,,,,,,,,,,,,,,,,,,,,,,,,,,,,,,,,,,,,,,,,,,,,,,,,,,,,,,,,,,,,,,,,,,,,,,,,,,,,,,,,,,,,,,,,,,,,,,,,,,,,,,,,,,,,,,,,,,,,,,,,,,,,7,0,7,0,1,,,,,,,,,,,,,,,,,
,,,,,,,,,,,,,,,,,120,4,2024-09-06_13h38.38.181,Symbol-E,2020.1.3,Win32,Firefox,Mozilla/5.0 (Windows NT 10.0; Win64; x64; rv:129.0) Gecko/20100101 Firefox/129.0,60,,,,,,,,,,,,,,,,,,,,,,,,,,,,,,,,,,,,media/dnnb.png,2,2,Symb,e,TR,0,0,1,0,8,0,8,0,1,5,0.113308561,a,99,8,0,,,,,,,,,,,,,,,,,,,,h,0.61,,,,,,,,,,,,,,,,,,,,,,,,,,,,,,,,,,,,,,,,,,,,,,,,,,,,,,,,,,,,,,0,,,,,,,,,,,,0,0,0,0,1,,,,,,,,,,,,
,,,,,,,,,,,,,,,,,120,4,2024-09-06_13h38.38.181,Symbol-E,2020.1.3,Win32,Firefox,Mozilla/5.0 (Windows NT 10.0; Win64; x64; rv:129.0) Gecko/20100101 Firefox/129.0,60,,,,,,,,,,,,,,,,,,,,,,,,,,,,,,,,,,,,,,,,,,,,,,,,,,,,,,,,,,,,,,,,,,,,,,,,,,,,,,,,,,,,,,,,,,,,,,,,,,,,,,,,,,,,,,,,,,,,,,,,,,,,,,,,,,,,,,,,,,,,,,,,,,8,0,8,0,1,,,,,,,,,,,,,,,,,
,,,,,,,,,,,,,,,,,120,4,2024-09-06_13h38.38.181,Symbol-E,2020.1.3,Win32,Firefox,Mozilla/5.0 (Windows NT 10.0; Win64; x64; rv:129.0) Gecko/20100101 Firefox/129.0,60,,,,,,,,,,,,,,,,,,,,,,,,,,,,,,,,,,,,media/dmnb.png,7,3,Symb,l,TR,0,0,1,0,8,0,9,0,1,5,0.247764884,a,99,8,0,,,,,,,,,,,,,,,,,,,,h,0.448,,,,,,,,,,,,,,,,,,,,,,,,,,,,,,,,,,,,,,,,,,,,,,,,,,,,,,,,,,,,,,0,,,,,,,,,,,,0,0,0,0,1,,,,,,,,,,,,
,,,,,,,,,,,,,,,,,120,4,2024-09-06_13h38.38.181,Symbol-E,2020.1.3,Win32,Firefox,Mozilla/5.0 (Windows NT 10.0; Win64; x64; rv:129.0) Gecko/20100101 Firefox/129.0,60,,,,,,,,,,,,,,,,,,,,,,,,,,,,,,,,,,,,,,,,,,,,,,,,,,,,,,,,,,,,,,,,,,,,,,,,,,,,,,,,,,,,,,,,,,,,,,,,,,,,,,,,,,,,,,,,,,,,,,,,,,,,,,,,,,,,,,,,,,,,,,,,,,9,0,9,0,1,,,,,,,,,,,,,,,,,
,,,,,,,,,,,,,,,,,120,4,2024-09-06_13h38.38.181,Symbol-E,2020.1.3,Win32,Firefox,Mozilla/5.0 (Windows NT 10.0; Win64; x64; rv:129.0) Gecko/20100101 Firefox/129.0,60,,,,,,,,,,,,,,,,,,,,,,,,,,,,,,,,,,,,media/dcnb.png,4,0,Symb,h,TR,0,0,1,0,8,0,10,0,1,5,0.854459895,h,1.248,4,1,,,,,,,,,,,,,,,,,,,,,,,,,,,,,,,,,,,,,,,,,,,,,,,,,,,,,,,,,,,,,,,,,,,,,,,,,,,,,,,,,,h,1,1.248,0,0,0,0,1,,,,,,,,,,,,,,,,,,,,,,
,,,,,,,,,,,,,,,,,120,4,2024-09-06_13h38.38.181,Symbol-E,2020.1.3,Win32,Firefox,Mozilla/5.0 (Windows NT 10.0; Win64; x64; rv:129.0) Gecko/20100101 Firefox/129.0,60,,,,,,,,,,,,,,,,,,,,,,,,,,,,,,,,,,,,,,,,,,,,,,,,,,,,,,,,,,,,,,,,,,,,,,,,,,,,,,,,,,,,,,,,,,,,,,,,,,,,,,,,,,,,,,,,,,,,,,,,,,,,,,,,,,,,,,,,,,,,,,,,,,10,0,10,0,1,,,,,,,,,,,,,,,,,
,,,,,,,,,,,,,,,,,120,4,2024-09-06_13h38.38.181,Symbol-E,2020.1.3,Win32,Firefox,Mozilla/5.0 (Windows NT 10.0; Win64; x64; rv:129.0) Gecko/20100101 Firefox/129.0,60,,,,,,,,,,,,,,,,,,,,,,,,,,,,,,,,,,,,media/dfnb.png,1,1,Symb,w,TR,0,0,1,0,8,0,11,0,1,5,1.093765626,w,1.264,1,1,,,,,,,,,,,,,,,,,,,,,,,,,,,,,,,,,,,,,,,,,,,,,,,,,,,,,,,,,,,,,,,,,,,,,,,,,,,,,,,,,,w,1,1.264,0,0,0,0,1,,,,,,,,,,,,,,,,,,,,,,
,,,,,,,,,,,,,,,,,120,4,2024-09-06_13h38.38.181,Symbol-E,2020.1.3,Win32,Firefox,Mozilla/5.0 (Windows NT 10.0; Win64; x64; rv:129.0) Gecko/20100101 Firefox/129.0,60,,,,,,,,,,,,,,,,,,,,,,,,,,,,,,,,,,,,,,,,,,,,,,,,,,,,,,,,,,,,,,,,,,,,,,,,,,,,,,,,,,,,,,,,,,,,,,,,,,,,,,,,,,,,,,,,,,,,,,,,,,,,,,,,,,,,,,,,,,,,,,,,,,11,0,11,0,1,,,,,,,,,,,,,,,,,
,,,,,,,,,,,,,,,,,120,4,2024-09-06_13h38.38.181,Symbol-E,2020.1.3,Win32,Firefox,Mozilla/5.0 (Windows NT 10.0; Win64; x64; rv:129.0) Gecko/20100101 Firefox/129.0,60,,,,,,,,,,,,,,,,,,,,,,,,,,,,,,,,,,,,media/dnnb.png,2,2,Symb,e,TR,0,0,1,0,8,0,12,0,1,5,0.010367995,a,99,8,0,,,,,,,,,,,,,,,,,,,,h,0.161,,,,,,,,,,,,,,,,,,,,,,,,,,,,,,,,,,,,,,,,,,,,,,,,,,,,,,,,,,,,,,0,,,,,,,,,,,,0,0,0,0,1,,,,,,,,,,,,
,,,,,,,,,,,,,,,,,120,4,2024-09-06_13h38.38.181,Symbol-E,2020.1.3,Win32,Firefox,Mozilla/5.0 (Windows NT 10.0; Win64; x64; rv:129.0) Gecko/20100101 Firefox/129.0,60,,,,,,,,,,,,,,,,,,,,,,,,,,,,,,,,,,,,,,,,,,,,,,,,,,,,,,,,,,,,,,,,,,,,,,,,,,,,,,,,,,,,,,,,,,,,,,,,,,,,,,,,,,,,,,,,,,,,,,,,,,,,,,,,,,,,,,,,,,,,,,,,,,12,0,12,0,1,,,,,,,,,,,,,,,,,
,,,,,,,,,,,,,,,,,120,4,2024-09-06_13h38.38.181,Symbol-E,2020.1.3,Win32,Firefox,Mozilla/5.0 (Windows NT 10.0; Win64; x64; rv:129.0) Gecko/20100101 Firefox/129.0,60,,,,,,,,,,,,,,,,,,,,,,,,,,,,,,,,,,,,media/ddnb.png,5,1,Symb,u,TR,0,0,1,0,8,0,13,0,1,5,0.903629526,u,1.228,5,1,,,,,,,,,,,,,,,,,,,,,,,,,,,,,,,,,,,,,,,,,,,,,,,,,,,,,,,,,,,,,,,,,,,,,,,,,,,,,,,,,,u,1,1.228,0,0,0,0,1,,,,,,,,,,,,,,,,,,,,,,
,,,,,,,,,,,,,,,,,120,4,2024-09-06_13h38.38.181,Symbol-E,2020.1.3,Win32,Firefox,Mozilla/5.0 (Windows NT 10.0; Win64; x64; rv:129.0) Gecko/20100101 Firefox/129.0,60,,,,,,,,,,,,,,,,,,,,,,,,,,,,,,,,,,,,,,,,,,,,,,,,,,,,,,,,,,,,,,,,,,,,,,,,,,,,,,,,,,,,,,,,,,,,,,,,,,,,,,,,,,,,,,,,,,,,,,,,,,,,,,,,,,,,,,,,,,,,,,,,,,13,0,13,0,1,,,,,,,,,,,,,,,,,
,,,,,,,,,,,,,,,,,120,4,2024-09-06_13h38.38.181,Symbol-E,2020.1.3,Win32,Firefox,Mozilla/5.0 (Windows NT 10.0; Win64; x64; rv:129.0) Gecko/20100101 Firefox/129.0,60,,,,,,,,,,,,,,,,,,,,,,,,,,,,,,,,,,,,media/dfnb.png,1,1,Symb,w,TR,0,0,1,0,8,0,14,0,1,5,0.103673944,e,1.293,2,0,,,,,,,,,,,,,,,,,,,,,,,,,,,,,,,,,,,,,,,,,,,,,,,,,,,,,,,,,,,,,,,,,,,,,,,,,,,,,,,,,,e,0,1.293,0,0,0,0,1,,,,,,,,,,,,,,,,,,,,,,
,,,,,,,,,,,,,,,,,120,4,2024-09-06_13h38.38.181,Symbol-E,2020.1.3,Win32,Firefox,Mozilla/5.0 (Windows NT 10.0; Win64; x64; rv:129.0) Gecko/20100101 Firefox/129.0,60,,,,,,,,,,,,,,,,,,,,,,,,,,,,,,,,,,,,,,,,,,,,,,,,,,,,,,,,,,,,,,,,,,,,,,,,,,,,,,,,,,,,,,,,,,,,,,,,,,,,,,,,,,,,,,,,,,,,,,,,,,,,,,,,,,,,,,,,,,,,,,,,,,14,0,14,0,1,,,,,,,,,,,,,,,,,
,,,,,,,,,,,,,,,,,120,4,2024-09-06_13h38.38.181,Symbol-E,2020.1.3,Win32,Firefox,Mozilla/5.0 (Windows NT 10.0; Win64; x64; rv:129.0) Gecko/20100101 Firefox/129.0,60,,,,,,,,,,,,,,,,,,,,,,,,,,,,,,,,,,,,media/djnb.png,0,0,Symb,a,TR,0,0,1,0,8,0,15,0,1,5,0.656605552,a,1.339,0,1,,,,,,,,,,,,,,,,,,,,,,,,,,,,,,,,,,,,,,,,,,,,,,,,,,,,,,,,,,,,,,,,,,,,,,,,,,,,,,,,,,a,1,1.339,0,0,0,0,1,,,,,,,,,,,,,,,,,,,,,,
,,,,,,,,,,,,,,,,,120,4,2024-09-06_13h38.38.181,Symbol-E,2020.1.3,Win32,Firefox,Mozilla/5.0 (Windows NT 10.0; Win64; x64; rv:129.0) Gecko/20100101 Firefox/129.0,60,,,,,,,,,,,,,,,,,,,,,,,,,,,,,,,,,,,,,,,,,,,,,,,,,,,,,,,,,,,,,,,,,,,,,,,,,,,,,,,,,,,,,,,,,,,,,,,,,,,,,,,,,,,,,,,,,,,,,,,,,,,,,,,,,,,,,,,,,,,,,,,,,,15,0,15,0,1,,,,,,,,,,,,,,,,,
,,,,,,,,,,,,,,,,,120,4,2024-09-06_13h38.38.181,Symbol-E,2020.1.3,Win32,Firefox,Mozilla/5.0 (Windows NT 10.0; Win64; x64; rv:129.0) Gecko/20100101 Firefox/129.0,60,,,,,,,,,,,,,,,,,,,,,,,,,,,,,,,,,,,,media/dinb.png,6,2,Symb,i,TR,0,0,1,0,8,0,16,0,1,5,0.850087824,i,1.214,6,1,,,,,,,,,,,,,,,,,,,,,,,,,,,,,,,,,,,,,,,,,,,,,,,,,,,,,,,,,,,,,,,,,,,,,,,,,,,,,,,,,,i,1,1.214,0,0,0,0,1,,,,,,,,,,,,,,,,,,,,,,
,,,,,,,,,,,,,,,,,120,4,2024-09-06_13h38.38.181,Symbol-E,2020.1.3,Win32,Firefox,Mozilla/5.0 (Windows NT 10.0; Win64; x64; rv:129.0) Gecko/20100101 Firefox/129.0,60,,,,,,,,,,,,,,,,,,,,,,,,,,,,,,,,,,,,,,,,,,,,,,,,,,,,,,,,,,,,,,,,,,,,,,,,,,,,,,,,,,,,,,,,,,,,,,,,,,,,,,,,,,,,,,,,,,,,,,,,,,,,,,,,,,,,,,,,,,,,,,,,,,16,0,16,0,1,,,,,,,,,,,,,,,,,
,,,,,,,,,,,,,,,,,120,4,2024-09-06_13h38.38.181,Symbol-E,2020.1.3,Win32,Firefox,Mozilla/5.0 (Windows NT 10.0; Win64; x64; rv:129.0) Gecko/20100101 Firefox/129.0,60,,,,,,,,,,,,,,,,,,,,,,,,,,,,,,,,,,,,media/dmnb.png,7,3,Symb,l,TR,0,0,1,0,8,0,17,0,1,5,0.804892927,u,1.267,5,0,,,,,,,,,,,,,,,,,,,,,,,,,,,,,,,,,,,,,,,,,,,,,,,,,,,,,,,,,,,,,,,,,,,,,,,,,,,,,,,,,,u,0,1.267,0,0,0,0,1,,,,,,,,,,,,,,,,,,,,,,
,,,,,,,,,,,,,,,,,120,4,2024-09-06_13h38.38.181,Symbol-E,2020.1.3,Win32,Firefox,Mozilla/5.0 (Windows NT 10.0; Win64; x64; rv:129.0) Gecko/20100101 Firefox/129.0,60,,,,,,,,,,,,,,,,,,,,,,,,,,,,,,,,,,,,,,,,,,,,,,,,,,,,,,,,,,,,,,,,,,,,,,,,,,,,,,,,,,,,,,,,,,,,,,,,,,,,,,,,,,,,,,,,,,,,,,,,,,,,,,,,,,,,,,,,,,,,,,,,,,17,0,17,0,1,,,,,,,,,,,,,,,,,
,,,,,,,,,,,,,,,,,120,4,2024-09-06_13h38.38.181,Symbol-E,2020.1.3,Win32,Firefox,Mozilla/5.0 (Windows NT 10.0; Win64; x64; rv:129.0) Gecko/20100101 Firefox/129.0,60,,,,,,,,,,,,,,,,,,,,,,,,,,,,,,,,,,,,media/dnnb.png,2,2,Symb,e,TR,0,0,1,0,8,0,18,0,1,5,0.752999304,e,1.255,2,1,,,,,,,,,,,,,,,,,,,,,,,,,,,,,,,,,,,,,,,,,,,,,,,,,,,,,,,,,,,,,,,,,,,,,,,,,,,,,,,,,,e,1,1.255,0,0,0,0,1,,,,,,,,,,,,,,,,,,,,,,
,,,,,,,,,,,,,,,,,120,4,2024-09-06_13h38.38.181,Symbol-E,2020.1.3,Win32,Firefox,Mozilla/5.0 (Windows NT 10.0; Win64; x64; rv:129.0) Gecko/20100101 Firefox/129.0,60,,,,,,,,,,,,,,,,,,,,,,,,,,,,,,,,,,,,,,,,,,,,,,,,,,,,,,,,,,,,,,,,,,,,,,,,,,,,,,,,,,,,,,,,,,,,,,,,,,,,,,,,,,,,,,,,,,,,,,,,,,,,,,,,,,,,,,,,,,,,,,,,,,18,0,18,0,1,,,,,,,,,,,,,,,,,
,,,,,,,,,,,,,,,,,120,4,2024-09-06_13h38.38.181,Symbol-E,2020.1.3,Win32,Firefox,Mozilla/5.0 (Windows NT 10.0; Win64; x64; rv:129.0) Gecko/20100101 Firefox/129.0,60,,,,,,,,,,,,,,,,,,,,,,,,,,,,,,,,,,,,media/dinb.png,6,2,Symb,i,TR,0,0,1,0,8,0,19,0,1,5,0.55225331,i,1.303,6,1,,,,,,,,,,,,,,,,,,,,,,,,,,,,,,,,,,,,,,,,,,,,,,,,,,,,,,,,,,,,,,,,,,,,,,,,,,,,,,,,,,i,1,1.303,0,0,0,0,1,,,,,,,,,,,,,,,,,,,,,,
,,,,,,,,,,,,,,,,,120,4,2024-09-06_13h38.38.181,Symbol-E,2020.1.3,Win32,Firefox,Mozilla/5.0 (Windows NT 10.0; Win64; x64; rv:129.0) Gecko/20100101 Firefox/129.0,60,,,,,,,,,,,,,,,,,,,,,,,,,,,,,,,,,,,,,,,,,,,,,,,,,,,,,,,,,,,,,,,,,,,,,,,,,,,,,,,,,,,,,,,,,,,,,,,,,,,,,,,,,,,,,,,,,,,,,,,,,,,,,,,,,,,,,,,,,,,,,,,,,,19,0,19,0,1,,,,,,,,,,,,,,,,,
,,,,,,,,,,,,,,,,,120,4,2024-09-06_13h38.38.181,Symbol-E,2020.1.3,Win32,Firefox,Mozilla/5.0 (Windows NT 10.0; Win64; x64; rv:129.0) Gecko/20100101 Firefox/129.0,60,,,,,,,,,,,,,,,,,,,,,,,,,,,,,,,,,,,,media/dfnb.png,1,1,Symb,w,TR,0,0,1,0,8,0,20,0,1,5,0.006519802,u,1.291,5,0,,,,,,,,,,,,,,,,,,,,,,,,,,,,,,,,,,,,,,,,,,,,,,,,,,,,,,,,,,,,,,,,,,,,,,,,,,,,,,,,,,u,0,1.291,0,0,0,0,1,,,,,,,,,,,,,,,,,,,,,,
,,,,,,,,,,,,,,,,,120,4,2024-09-06_13h38.38.181,Symbol-E,2020.1.3,Win32,Firefox,Mozilla/5.0 (Windows NT 10.0; Win64; x64; rv:129.0) Gecko/20100101 Firefox/129.0,60,,,,,,,,,,,,,,,,,,,,,,,,,,,,,,,,,,,,,,,,,,,,,,,,,,,,,,,,,,,,,,,,,,,,,,,,,,,,,,,,,,,,,,,,,,,,,,,,,,,,,,,,,,,,,,,,,,,,,,,,,,,,,,,,,,,,,,,,,,,,,,,,,,20,0,20,0,1,,,,,,,,,,,,,,,,,
,,,,,,,,,,,,,,,,,120,4,2024-09-06_13h38.38.181,Symbol-E,2020.1.3,Win32,Firefox,Mozilla/5.0 (Windows NT 10.0; Win64; x64; rv:129.0) Gecko/20100101 Firefox/129.0,60,,,,,,,,,,,,,,,,,,,,,,,,,,,,,,,,,,,,media/ddnb.png,5,1,Symb,u,TR,0,0,1,0,8,0,21,0,1,5,0.488800104,u,1.375,5,1,,,,,,,,,,,,,,,,,,,,,,,,,,,,,,,,,,,,,,,,,,,,,,,,,,,,,,,,,,,,,,,,,,,,,,,,,,,,,,,,,,u,1,1.375,0,0,0,0,1,,,,,,,,,,,,,,,,,,,,,,
,,,,,,,,,,,,,,,,,120,4,2024-09-06_13h38.38.181,Symbol-E,2020.1.3,Win32,Firefox,Mozilla/5.0 (Windows NT 10.0; Win64; x64; rv:129.0) Gecko/20100101 Firefox/129.0,60,,,,,,,,,,,,,,,,,,,,,,,,,,,,,,,,,,,,,,,,,,,,,,,,,,,,,,,,,,,,,,,,,,,,,,,,,,,,,,,,,,,,,,,,,,,,,,,,,,,,,,,,,,,,,,,,,,,,,,,,,,,,,,,,,,,,,,,,,,,,,,,,,,21,0,21,0,1,,,,,,,,,,,,,,,,,
,,,,,,,,,,,,,,,,,120,4,2024-09-06_13h38.38.181,Symbol-E,2020.1.3,Win32,Firefox,Mozilla/5.0 (Windows NT 10.0; Win64; x64; rv:129.0) Gecko/20100101 Firefox/129.0,60,,,,,,,,,,,,,,,,,,,,,,,,,,,,,,,,,,,,media/dnnb.png,2,2,Symb,e,TR,0,0,1,0,8,0,22,0,1,5,0.955457527,e,1.274,2,1,,,,,,,,,,,,,,,,,,,,,,,,,,,,,,,,,,,,,,,,,,,,,,,,,,,,,,,,,,,,,,,,,,,,,,,,,,,,,,,,,,e,1,1.274,0,0,0,0,1,,,,,,,,,,,,,,,,,,,,,,
,,,,,,,,,,,,,,,,,120,4,2024-09-06_13h38.38.181,Symbol-E,2020.1.3,Win32,Firefox,Mozilla/5.0 (Windows NT 10.0; Win64; x64; rv:129.0) Gecko/20100101 Firefox/129.0,60,,,,,,,,,,,,,,,,,,,,,,,,,,,,,,,,,,,,,,,,,,,,,,,,,,,,,,,,,,,,,,,,,,,,,,,,,,,,,,,,,,,,,,,,,,,,,,,,,,,,,,,,,,,,,,,,,,,,,,,,,,,,,,,,,,,,,,,,,,,,,,,,,,22,0,22,0,1,,,,,,,,,,,,,,,,,
,,,,,,,,,,,,,,,,,120,4,2024-09-06_13h38.38.181,Symbol-E,2020.1.3,Win32,Firefox,Mozilla/5.0 (Windows NT 10.0; Win64; x64; rv:129.0) Gecko/20100101 Firefox/129.0,60,,,,,,,,,,,,,,,,,,,,,,,,,,,,,,,,,,,,media/dgnb.png,3,3,Symb,f,TR,0,0,1,0,8,0,23,0,1,5,1.13635031,f,1.234,3,1,,,,,,,,,,,,,,,,,,,,,,,,,,,,,,,,,,,,,,,,,,,,,,,,,,,,,,,,,,,,,,,,,,,,,,,,,,,,,,,,,,f,1,1.234,0,0,0,0,1,,,,,,,,,,,,,,,,,,,,,,
,,,,,,,,,,,,,,,,,120,4,2024-09-06_13h38.38.181,Symbol-E,2020.1.3,Win32,Firefox,Mozilla/5.0 (Windows NT 10.0; Win64; x64; rv:129.0) Gecko/20100101 Firefox/129.0,60,,,,,,,,,,,,,,,,,,,,,,,,,,,,,,,,,,,,,,,,,,,,,,,,,,,,,,,,,,,,,,,,,,,,,,,,,,,,,,,,,,,,,,,,,,,,,,,,,,,,,,,,,,,,,,,,,,,,,,,,,,,,,,,,,,,,,,,,,,,,,,,,,,23,0,23,0,1,,,,,,,,,,,,,,,,,
,,,,,,,,,,,,,,,,,120,4,2024-09-06_13h38.38.181,Symbol-E,2020.1.3,Win32,Firefox,Mozilla/5.0 (Windows NT 10.0; Win64; x64; rv:129.0) Gecko/20100101 Firefox/129.0,60,,,,,,,,,,,,,,,,,,,,,,,,,,,,,,,,,,,,media/dgnb.png,3,3,Symb,f,TR,0,0,1,0,8,0,24,0,1,5,0.255475976,a,1.331,0,0,,,,,,,,,,,,,,,,,,,,,,,,,,,,,,,,,,,,,,,,,,,,,,,,,,,,,,,,,,,,,,,,,,,,,,,,,,,,,,,,,,a,0,1.331,0,0,0,0,1,,,,,,,,,,,,,,,,,,,,,,
,,,,,,,,,,,,,,,,,120,4,2024-09-06_13h38.38.181,Symbol-E,2020.1.3,Win32,Firefox,Mozilla/5.0 (Windows NT 10.0; Win64; x64; rv:129.0) Gecko/20100101 Firefox/129.0,60,,,,,,,,,,,,,,,,,,,,,,,,,,,,,,,,,,,,,,,,,,,,,,,,,,,,,,,,,,,,,,,,,,,,,,,,,,,,,,,,,,,,,,,,,,,,,,,,,,,,,,,,,,,,,,,,,,,,,,,,,,,,,,,,,,,,,,,,,,,,,,,,,,24,0,24,0,1,,,,,,,,,,,,,,,,,
,,,,,,,,,,,,,,,,,120,4,2024-09-06_13h38.38.181,Symbol-E,2020.1.3,Win32,Firefox,Mozilla/5.0 (Windows NT 10.0; Win64; x64; rv:129.0) Gecko/20100101 Firefox/129.0,60,,,,,,,,,,,,,,,,,,,,,,,,,,,,,,,,,,,,media/ddnb.png,5,1,Symb,u,TR,0,0,1,0,8,0,25,0,1,5,0.340151263,w,1.3,1,0,,,,,,,,,,,,,,,,,,,,,,,,,,,,,,,,,,,,,,,,,,,,,,,,,,,,,,,,,,,,,,,,,,,,,,,,,,,,,,,,,,w,0,1.3,0,0,0,0,1,,,,,,,,,,,,,,,,,,,,,,
,,,,,,,,,,,,,,,,,120,4,2024-09-06_13h38.38.181,Symbol-E,2020.1.3,Win32,Firefox,Mozilla/5.0 (Windows NT 10.0; Win64; x64; rv:129.0) Gecko/20100101 Firefox/129.0,60,,,,,,,,,,,,,,,,,,,,,,,,,,,,,,,,,,,,,,,,,,,,,,,,,,,,,,,,,,,,,,,,,,,,,,,,,,,,,,,,,,,,,,,,,,,,,,,,,,,,,,,,,,,,,,,,,,,,,,,,,,,,,,,,,,,,,,,,,,,,,,,,,,25,0,25,0,1,,,,,,,,,,,,,,,,,
,,,,,,,,,,,,,,,,,120,4,2024-09-06_13h38.38.181,Symbol-E,2020.1.3,Win32,Firefox,Mozilla/5.0 (Windows NT 10.0; Win64; x64; rv:129.0) Gecko/20100101 Firefox/129.0,60,,,,,,,,,,,,,,,,,,,,,,,,,,,,,,,,,,,,media/dfnb.png,1,1,Symb,w,TR,0,0,1,0,8,0,26,0,1,5,0.990517963,a,1.303,0,0,,,,,,,,,,,,,,,,,,,,,,,,,,,,,,,,,,,,,,,,,,,,,,,,,,,,,,,,,,,,,,,,,,,,,,,,,,,,,,,,,,a,0,1.303,0,0,0,0,1,,,,,,,,,,,,,,,,,,,,,,
,,,,,,,,,,,,,,,,,120,4,2024-09-06_13h38.38.181,Symbol-E,2020.1.3,Win32,Firefox,Mozilla/5.0 (Windows NT 10.0; Win64; x64; rv:129.0) Gecko/20100101 Firefox/129.0,60,,,,,,,,,,,,,,,,,,,,,,,,,,,,,,,,,,,,,,,,,,,,,,,,,,,,,,,,,,,,,,,,,,,,,,,,,,,,,,,,,,,,,,,,,,,,,,,,,,,,,,,,,,,,,,,,,,,,,,,,,,,,,,,,,,,,,,,,,,,,,,,,,,26,0,26,0,1,,,,,,,,,,,,,,,,,
,,,,,,,,,,,,,,,,,120,4,2024-09-06_13h38.38.181,Symbol-E,2020.1.3,Win32,Firefox,Mozilla/5.0 (Windows NT 10.0; Win64; x64; rv:129.0) Gecko/20100101 Firefox/129.0,60,,,,,,,,,,,,,,,,,,,,,,,,,,,,,,,,,,,,media/dmnb.png,7,3,Symb,l,TR,0,0,1,0,8,0,27,0,1,5,0.676140267,u,1.226,5,0,,,,,,,,,,,,,,,,,,,,,,,,,,,,,,,,,,,,,,,,,,,,,,,,,,,,,,,,,,,,,,,,,,,,,,,,,,,,,,,,,,u,0,1.226,0,0,0,0,1,,,,,,,,,,,,,,,,,,,,,,
,,,,,,,,,,,,,,,,,120,4,2024-09-06_13h38.38.181,Symbol-E,2020.1.3,Win32,Firefox,Mozilla/5.0 (Windows NT 10.0; Win64; x64; rv:129.0) Gecko/20100101 Firefox/129.0,60,,,,,,,,,,,,,,,,,,,,,,,,,,,,,,,,,,,,,,,,,,,,,,,,,,,,,,,,,,,,,,,,,,,,,,,,,,,,,,,,,,,,,,,,,,,,,,,,,,,,,,,,,,,,,,,,,,,,,,,,,,,,,,,,,,,,,,,,,,,,,,,,,,27,0,27,0,1,,,,,,,,,,,,,,,,,
,,,,,,,,,,,,,,,,,120,4,2024-09-06_13h38.38.181,Symbol-E,2020.1.3,Win32,Firefox,Mozilla/5.0 (Windows NT 10.0; Win64; x64; rv:129.0) Gecko/20100101 Firefox/129.0,60,,,,,,,,,,,,,,,,,,,,,,,,,,,,,,,,,,,,media/dcnb.png,4,0,Symb,h,TR,0,0,1,0,8,0,28,0,1,5,0.322700494,h,1.419,4,1,,,,,,,,,,,,,,,,,,,,,,,,,,,,,,,,,,,,,,,,,,,,,,,,,,,,,,,,,,,,,,,,,,,,,,,,,,,,,,,,,,h,1,1.419,0,0,0,0,1,,,,,,,,,,,,,,,,,,,,,,
,,,,,,,,,,,,,,,,,120,4,2024-09-06_13h38.38.181,Symbol-E,2020.1.3,Win32,Firefox,Mozilla/5.0 (Windows NT 10.0; Win64; x64; rv:129.0) Gecko/20100101 Firefox/129.0,60,,,,,,,,,,,,,,,,,,,,,,,,,,,,,,,,,,,,,,,,,,,,,,,,,,,,,,,,,,,,,,,,,,,,,,,,,,,,,,,,,,,,,,,,,,,,,,,,,,,,,,,,,,,,,,,,,,,,,,,,,,,,,,,,,,,,,,,,,,,,,,,,,,28,0,28,0,1,,,,,,,,,,,,,,,,,
,,,,,,,,,,,,,,,,,120,4,2024-09-06_13h38.38.181,Symbol-E,2020.1.3,Win32,Firefox,Mozilla/5.0 (Windows NT 10.0; Win64; x64; rv:129.0) Gecko/20100101 Firefox/129.0,60,,,,,,,,,,,,,,,,,,,,,,,,,,,,,,,,,,,,media/djnb.png,0,0,Symb,a,TR,0,0,1,0,8,0,29,0,1,5,0.370602191,u,1.335,5,0,,,,,,,,,,,,,,,,,,,,,,,,,,,,,,,,,,,,,,,,,,,,,,,,,,,,,,,,,,,,,,,,,,,,,,,,,,,,,,,,,,u,0,1.335,0,0,0,0,1,,,,,,,,,,,,,,,,,,,,,,
,,,,,,,,,,,,,,,,,120,4,2024-09-06_13h38.38.181,Symbol-E,2020.1.3,Win32,Firefox,Mozilla/5.0 (Windows NT 10.0; Win64; x64; rv:129.0) Gecko/20100101 Firefox/129.0,60,,,,,,,,,,,,,,,,,,,,,,,,,,,,,,,,,,,,,,,,,,,,,,,,,,,,,,,,,,,,,,,,,,,,,,,,,,,,,,,,,,,,,,,,,,,,,,,,,,,,,,,,,,,,,,,,,,,,,,,,,,,,,,,,,,,,,,,,,,,,,,,,,,29,0,29,0,1,,,,,,,,,,,,,,,,,
,,,,,,,,,,,,,,,,,120,4,2024-09-06_13h38.38.181,Symbol-E,2020.1.3,Win32,Firefox,Mozilla/5.0 (Windows NT 10.0; Win64; x64; rv:129.0) Gecko/20100101 Firefox/129.0,60,,,,,,,,,,,,,,,,,,,,,,,,,,,,,,,,,,,,media/dcnb.png,4,0,Symb,h,TR,0,0,1,0,8,0,30,0,1,5,1.00975154,h,1.339,4,1,,,,,,,,,,,,,,,,,,,,,,,,,,,,,,,,,,,,,,,,,,,,,,,,,,,,,,,,,,,,,,,,,,,,,,,,,,,,,,,,,,h,1,1.339,0,0,0,0,1,,,,,,,,,,,,,,,,,,,,,,
,,,,,,,,,,,,,,,,,120,4,2024-09-06_13h38.38.181,Symbol-E,2020.1.3,Win32,Firefox,Mozilla/5.0 (Windows NT 10.0; Win64; x64; rv:129.0) Gecko/20100101 Firefox/129.0,60,,,,,,,,,,,,,,,,,,,,,,,,,,,,,,,,,,,,,,,,,,,,,,,,,,,,,,,,,,,,,,,,,,,,,,,,,,,,,,,,,,,,,,,,,,,,,,,,,,,,,,,,,,,,,,,,,,,,,,,,,,,,,,,,,,,,,,,,,,,,,,,,,,30,0,30,0,1,,,,,,,,,,,,,,,,,
,,,,,,,,,,,,,,,,,120,4,2024-09-06_13h38.38.181,Symbol-E,2020.1.3,Win32,Firefox,Mozilla/5.0 (Windows NT 10.0; Win64; x64; rv:129.0) Gecko/20100101 Firefox/129.0,60,,,,,,,,,,,,,,,,,,,,,,,,,,,,,,,,,,,,media/djnb.png,0,0,Symb,a,TR,0,0,1,0,8,0,31,0,1,5,0.020419698,a,1.25,0,1,,,,,,,,,,,,,,,,,,,,,,,,,,,,,,,,,,,,,,,,,,,,,,,,,,,,,,,,,,,,,,,,,,,,,,,,,,,,,,,,,,a,1,1.25,0,0,0,0,1,,,,,,,,,,,,,,,,,,,,,,
,,,,,,,,,,,,,,,,,120,4,2024-09-06_13h38.38.181,Symbol-E,2020.1.3,Win32,Firefox,Mozilla/5.0 (Windows NT 10.0; Win64; x64; rv:129.0) Gecko/20100101 Firefox/129.0,60,,,,,,,,,,,,,,,,,,,,,,,,,,,,,,,,,,,,,,,,,,,,,,,,,,,,,,,,,,,,,,,,,,,,,,,,,,,,,,,,,,,,,,,,,,,,,,,,,,,,,,,,,,,,,,,,,,,,,,,,,,,,,,,,,,,,,,,,,,,,,,,,,,31,0,31,0,1,,,,,,,,,,,,,,,,,
,,,,,,,,,,,,,,,,,120,4,2024-09-06_13h38.38.181,Symbol-E,2020.1.3,Win32,Firefox,Mozilla/5.0 (Windows NT 10.0; Win64; x64; rv:129.0) Gecko/20100101 Firefox/129.0,60,,,,,,,,,,,,,,,,,,,,,,,,,,,,,,,,,,,,media/dcnb.png,4,0,Symb,h,TR,0,0,1,0,8,0,32,0,1,5,0.284579145,w,1.304,1,0,,,,,,,,,,,,,,,,,,,,,,,,,,,,,,,,,,,,,,,,,,,,,,,,,,,,,,,,,,,,,,,,,,,,,,,,,,,,,,,,,,w,0,1.304,0,0,0,0,1,,,,,,,,,,,,,,,,,,,,,,
,,,,,,,,,,,,,,,,,120,4,2024-09-06_13h38.38.181,Symbol-E,2020.1.3,Win32,Firefox,Mozilla/5.0 (Windows NT 10.0; Win64; x64; rv:129.0) Gecko/20100101 Firefox/129.0,60,,,,,,,,,,,,,,,,,,,,,,,,,,,,,,,,,,,,,,,,,,,,,,,,,,,,,,,,,,,,,,,,,,,,,,,,,,,,,,,,,,,,,,,,,,,,,,,,,,,,,,,,,,,,,,,,,,,,,,,,,,,,,,,,,,,,,,,,,,,,,,,,,,32,0,32,0,1,,,,,,,,,,,,,,,,,
,,,,,,,,,,,,,,,,,120,4,2024-09-06_13h38.38.181,Symbol-E,2020.1.3,Win32,Firefox,Mozilla/5.0 (Windows NT 10.0; Win64; x64; rv:129.0) Gecko/20100101 Firefox/129.0,60,,,,,,,,,,,,,,,,,,,,,,,,,,,,,,,,,,,,media/dmnb.png,7,3,Symb,l,TR,0,0,1,0,8,0,33,0,1,5,0.124939835,f,1.298,3,0,,,,,,,,,,,,,,,,,,,,,,,,,,,,,,,,,,,,,,,,,,,,,,,,,,,,,,,,,,,,,,,,,,,,,,,,,,,,,,,,,,f,0,1.298,0,0,0,0,1,,,,,,,,,,,,,,,,,,,,,,
,,,,,,,,,,,,,,,,,120,4,2024-09-06_13h38.38.181,Symbol-E,2020.1.3,Win32,Firefox,Mozilla/5.0 (Windows NT 10.0; Win64; x64; rv:129.0) Gecko/20100101 Firefox/129.0,60,,,,,,,,,,,,,,,,,,,,,,,,,,,,,,,,,,,,,,,,,,,,,,,,,,,,,,,,,,,,,,,,,,,,,,,,,,,,,,,,,,,,,,,,,,,,,,,,,,,,,,,,,,,,,,,,,,,,,,,,,,,,,,,,,,,,,,,,,,,,,,,,,,33,0,33,0,1,,,,,,,,,,,,,,,,,
,,,,,,,,,,,,,,,,,120,4,2024-09-06_13h38.38.181,Symbol-E,2020.1.3,Win32,Firefox,Mozilla/5.0 (Windows NT 10.0; Win64; x64; rv:129.0) Gecko/20100101 Firefox/129.0,60,,,,,,,,,,,,,,,,,,,,,,,,,,,,,,,,,,,,media/dfnb.png,1,1,Symb,w,TR,0,0,1,0,8,0,34,0,1,5,0.237694891,w,1.381,1,1,,,,,,,,,,,,,,,,,,,,,,,,,,,,,,,,,,,,,,,,,,,,,,,,,,,,,,,,,,,,,,,,,,,,,,,,,,,,,,,,,,w,1,1.381,0,0,0,0,1,,,,,,,,,,,,,,,,,,,,,,
,,,,,,,,,,,,,,,,,120,4,2024-09-06_13h38.38.181,Symbol-E,2020.1.3,Win32,Firefox,Mozilla/5.0 (Windows NT 10.0; Win64; x64; rv:129.0) Gecko/20100101 Firefox/129.0,60,,,,,,,,,,,,,,,,,,,,,,,,,,,,,,,,,,,,,,,,,,,,,,,,,,,,,,,,,,,,,,,,,,,,,,,,,,,,,,,,,,,,,,,,,,,,,,,,,,,,,,,,,,,,,,,,,,,,,,,,,,,,,,,,,,,,,,,,,,,,,,,,,,34,0,34,0,1,,,,,,,,,,,,,,,,,
,,,,,,,,,,,,,,,,,120,4,2024-09-06_13h38.38.181,Symbol-E,2020.1.3,Win32,Firefox,Mozilla/5.0 (Windows NT 10.0; Win64; x64; rv:129.0) Gecko/20100101 Firefox/129.0,60,,,,,,,,,,,,,,,,,,,,,,,,,,,,,,,,,,,,media/ddnb.png,5,1,Symb,u,TR,0,0,1,0,8,0,35,0,1,5,0.006902034,l,1.476,7,0,,,,,,,,,,,,,,,,,,,,,,,,,,,,,,,,,,,,,,,,,,,,,,,,,,,,,,,,,,,,,,,,,,,,,,,,,,,,,,,,,,l,0,1.476,0,0,0,0,1,,,,,,,,,,,,,,,,,,,,,,
,,,,,,,,,,,,,,,,,120,4,2024-09-06_13h38.38.181,Symbol-E,2020.1.3,Win32,Firefox,Mozilla/5.0 (Windows NT 10.0; Win64; x64; rv:129.0) Gecko/20100101 Firefox/129.0,60,,,,,,,,,,,,,,,,,,,,,,,,,,,,,,,,,,,,,,,,,,,,,,,,,,,,,,,,,,,,,,,,,,,,,,,,,,,,,,,,,,,,,,,,,,,,,,,,,,,,,,,,,,,,,,,,,,,,,,,,,,,,,,,,,,,,,,,,,,,,,,,,,,35,0,35,0,1,,,,,,,,,,,,,,,,,
,,,,,,,,,,,,,,,,,120,4,2024-09-06_13h38.38.181,Symbol-E,2020.1.3,Win32,Firefox,Mozilla/5.0 (Windows NT 10.0; Win64; x64; rv:129.0) Gecko/20100101 Firefox/129.0,60,,,,,,,,,,,,,,,,,,,,,,,,,,,,,,,,,,,,media/djnb.png,0,0,Symb,a,TR,0,0,1,0,8,0,36,0,1,5,0.777249347,f,1.319,3,0,,,,,,,,,,,,,,,,,,,,,,,,,,,,,,,,,,,,,,,,,,,,,,,,,,,,,,,,,,,,,,,,,,,,,,,,,,,,,,,,,,f,0,1.319,0,0,0,0,1,,,,,,,,,,,,,,,,,,,,,,
,,,,,,,,,,,,,,,,,120,4,2024-09-06_13h38.38.181,Symbol-E,2020.1.3,Win32,Firefox,Mozilla/5.0 (Windows NT 10.0; Win64; x64; rv:129.0) Gecko/20100101 Firefox/129.0,60,,,,,,,,,,,,,,,,,,,,,,,,,,,,,,,,,,,,,,,,,,,,,,,,,,,,,,,,,,,,,,,,,,,,,,,,,,,,,,,,,,,,,,,,,,,,,,,,,,,,,,,,,,,,,,,,,,,,,,,,,,,,,,,,,,,,,,,,,,,,,,,,,,36,0,36,0,1,,,,,,,,,,,,,,,,,
,,,,,,,,,,,,,,,,,120,4,2024-09-06_13h38.38.181,Symbol-E,2020.1.3,Win32,Firefox,Mozilla/5.0 (Windows NT 10.0; Win64; x64; rv:129.0) Gecko/20100101 Firefox/129.0,60,,,,,,,,,,,,,,,,,,,,,,,,,,,,,,,,,,,,media/ddnb.png,5,1,Symb,u,TR,0,0,1,0,8,0,37,0,1,5,0.180116064,a,1.4,0,0,,,,,,,,,,,,,,,,,,,,,,,,,,,,,,,,,,,,,,,,,,,,,,,,,,,,,,,,,,,,,,,,,,,,,,,,,,,,,,,,,,a,0,1.4,0,0,0,0,1,,,,,,,,,,,,,,,,,,,,,,
,,,,,,,,,,,,,,,,,120,4,2024-09-06_13h38.38.181,Symbol-E,2020.1.3,Win32,Firefox,Mozilla/5.0 (Windows NT 10.0; Win64; x64; rv:129.0) Gecko/20100101 Firefox/129.0,60,,,,,,,,,,,,,,,,,,,,,,,,,,,,,,,,,,,,,,,,,,,,,,,,,,,,,,,,,,,,,,,,,,,,,,,,,,,,,,,,,,,,,,,,,,,,,,,,,,,,,,,,,,,,,,,,,,,,,,,,,,,,,,,,,,,,,,,,,,,,,,,,,,37,0,37,0,1,,,,,,,,,,,,,,,,,
,,,,,,,,,,,,,,,,,120,4,2024-09-06_13h38.38.181,Symbol-E,2020.1.3,Win32,Firefox,Mozilla/5.0 (Windows NT 10.0; Win64; x64; rv:129.0) Gecko/20100101 Firefox/129.0,60,,,,,,,,,,,,,,,,,,,,,,,,,,,,,,,,,,,,media/dgnb.png,3,3,Symb,f,TR,0,0,1,0,8,0,38,0,1,5,0.473130653,f,1.407,3,1,,,,,,,,,,,,,,,,,,,,,,,,,,,,,,,,,,,,,,,,,,,,,,,,,,,,,,,,,,,,,,,,,,,,,,,,,,,,,,,,,,f,1,1.407,0,0,0,0,1,,,,,,,,,,,,,,,,,,,,,,
,,,,,,,,,,,,,,,,,120,4,2024-09-06_13h38.38.181,Symbol-E,2020.1.3,Win32,Firefox,Mozilla/5.0 (Windows NT 10.0; Win64; x64; rv:129.0) Gecko/20100101 Firefox/129.0,60,,,,,,,,,,,,,,,,,,,,,,,,,,,,,,,,,,,,,,,,,,,,,,,,,,,,,,,,,,,,,,,,,,,,,,,,,,,,,,,,,,,,,,,,,,,,,,,,,,,,,,,,,,,,,,,,,,,,,,,,,,,,,,,,,,,,,,,,,,,,,,,,,,38,0,38,0,1,,,,,,,,,,,,,,,,,
,,,,,,,,,,,,,,,,,120,4,2024-09-06_13h38.38.181,Symbol-E,2020.1.3,Win32,Firefox,Mozilla/5.0 (Windows NT 10.0; Win64; x64; rv:129.0) Gecko/20100101 Firefox/129.0,60,,,,,,,,,,,,,,,,,,,,,,,,,,,,,,,,,,,,media/dfnb.png,1,1,Symb,w,TR,0,0,1,0,8,0,39,0,1,5,0.629944202,w,1.213,1,1,,,,,,,,,,,,,,,,,,,,,,,,,,,,,,,,,,,,,,,,,,,,,,,,,,,,,,,,,,,,,,,,,,,,,,,,,,,,,,,,,,w,1,1.213,0,0,0,0,1,,,,,,,,,,,,,,,,,,,,,,
,,,,,,,,,,,,,,,,,120,4,2024-09-06_13h38.38.181,Symbol-E,2020.1.3,Win32,Firefox,Mozilla/5.0 (Windows NT 10.0; Win64; x64; rv:129.0) Gecko/20100101 Firefox/129.0,60,,,,,,,,,,,,,,,,,,,,,,,,,,,,,,,,,,,,,,,,,,,,,,,,,,,,,,,,,,,,,,,,,,,,,,,,,,,,,,,,,,,,,,,,,,,,,,,,,,,,,,,,,,,,,,,,,,,,,,,,,,,,,,,,,,,,,,,,,,,,,,,,,,39,0,39,0,1,,,,,,,,,,,,,,,,,
,,,,,,,,,,,,,,,,,120,4,2024-09-06_13h38.38.181,Symbol-E,2020.1.3,Win32,Firefox,Mozilla/5.0 (Windows NT 10.0; Win64; x64; rv:129.0) Gecko/20100101 Firefox/129.0,60,,,,,,,,,,,,,,,,,,,,,,,,,,,,,,,,,,,,media/dinb.png,6,2,Symb,i,TR,0,0,1,0,8,0,40,0,1,5,0.334484958,a,99,8,0,,,,,,,,,,,,,,,,,,,,h,1.88,,,,,,,,,,,,,,,,,,,,,,,,,,,,,,,,,,,,,,,,,,,,,,,,,,,,,,,,,,,,,,0,,,,,,,,,,,,0,0,0,0,1,,,,,,,,,,,,
,,,,,,,,,,,,,,,,,120,4,2024-09-06_13h38.38.181,Symbol-E,2020.1.3,Win32,Firefox,Mozilla/5.0 (Windows NT 10.0; Win64; x64; rv:129.0) Gecko/20100101 Firefox/129.0,60,,,,,,,,,,,,,,,,,,,,,,,,,,,,,,,,,,,,,,,,,,,,,,,,,,,,,,,,,,,,,,,,,,,,,,,,,,,,,,,,,,,,,,,,,,,,,,,,,,,,,,,,,,,,,,,,,,,,,,,,,,,,,,,,,,,,,,,,,,,,,,,,,,40,0,40,0,1,,,,,,,,,,,,,,,,,
,,,,,,,,,,,,,,,,,120,4,2024-09-06_13h38.38.181,Symbol-E,2020.1.3,Win32,Firefox,Mozilla/5.0 (Windows NT 10.0; Win64; x64; rv:129.0) Gecko/20100101 Firefox/129.0,60,,,,,,,,,,,,,,,,,,,,,,,,,,,,,,,,,,,,media/dnnb.png,2,2,Symb,e,TR,0,0,1,0,8,0,41,0,1,5,1.076206863,e,1.199,2,1,,,,,,,,,,,,,,,,,,,,,,,,,,,,,,,,,,,,,,,,,,,,,,,,,,,,,,,,,,,,,,,,,,,,,,,,,,,,,,,,,,e,1,1.199,0,0,0,0,1,,,,,,,,,,,,,,,,,,,,,,
,,,,,,,,,,,,,,,,,120,4,2024-09-06_13h38.38.181,Symbol-E,2020.1.3,Win32,Firefox,Mozilla/5.0 (Windows NT 10.0; Win64; x64; rv:129.0) Gecko/20100101 Firefox/129.0,60,,,,,,,,,,,,,,,,,,,,,,,,,,,,,,,,,,,,,,,,,,,,,,,,,,,,,,,,,,,,,,,,,,,,,,,,,,,,,,,,,,,,,,,,,,,,,,,,,,,,,,,,,,,,,,,,,,,,,,,,,,,,,,,,,,,,,,,,,,,,,,,,,,41,0,41,0,1,,,,,,,,,,,,,,,,,
,,,,,,,,,,,,,,,,,120,4,2024-09-06_13h38.38.181,Symbol-E,2020.1.3,Win32,Firefox,Mozilla/5.0 (Windows NT 10.0; Win64; x64; rv:129.0) Gecko/20100101 Firefox/129.0,60,,,,,,,,,,,,,,,,,,,,,,,,,,,,,,,,,,,,media/djnb.png,0,0,Symb,a,TR,0,0,1,0,8,0,42,0,1,5,0.561374166,a,1.344,0,1,,,,,,,,,,,,,,,,,,,,,,,,,,,,,,,,,,,,,,,,,,,,,,,,,,,,,,,,,,,,,,,,,,,,,,,,,,,,,,,,,,a,1,1.344,0,0,0,0,1,,,,,,,,,,,,,,,,,,,,,,
,,,,,,,,,,,,,,,,,120,4,2024-09-06_13h38.38.181,Symbol-E,2020.1.3,Win32,Firefox,Mozilla/5.0 (Windows NT 10.0; Win64; x64; rv:129.0) Gecko/20100101 Firefox/129.0,60,,,,,,,,,,,,,,,,,,,,,,,,,,,,,,,,,,,,,,,,,,,,,,,,,,,,,,,,,,,,,,,,,,,,,,,,,,,,,,,,,,,,,,,,,,,,,,,,,,,,,,,,,,,,,,,,,,,,,,,,,,,,,,,,,,,,,,,,,,,,,,,,,,42,0,42,0,1,,,,,,,,,,,,,,,,,
,,,,,,,,,,,,,,,,,120,4,2024-09-06_13h38.38.181,Symbol-E,2020.1.3,Win32,Firefox,Mozilla/5.0 (Windows NT 10.0; Win64; x64; rv:129.0) Gecko/20100101 Firefox/129.0,60,,,,,,,,,,,,,,,,,,,,,,,,,,,,,,,,,,,,media/dnnb.png,2,2,Symb,e,TR,0,0,1,0,8,0,43,0,1,5,0.521218462,e,1.286,2,1,,,,,,,,,,,,,,,,,,,,,,,,,,,,,,,,,,,,,,,,,,,,,,,,,,,,,,,,,,,,,,,,,,,,,,,,,,,,,,,,,,e,1,1.286,0,0,0,0,1,,,,,,,,,,,,,,,,,,,,,,
,,,,,,,,,,,,,,,,,120,4,2024-09-06_13h38.38.181,Symbol-E,2020.1.3,Win32,Firefox,Mozilla/5.0 (Windows NT 10.0; Win64; x64; rv:129.0) Gecko/20100101 Firefox/129.0,60,,,,,,,,,,,,,,,,,,,,,,,,,,,,,,,,,,,,,,,,,,,,,,,,,,,,,,,,,,,,,,,,,,,,,,,,,,,,,,,,,,,,,,,,,,,,,,,,,,,,,,,,,,,,,,,,,,,,,,,,,,,,,,,,,,,,,,,,,,,,,,,,,,43,0,43,0,1,,,,,,,,,,,,,,,,,
,,,,,,,,,,,,,,,,,120,4,2024-09-06_13h38.38.181,Symbol-E,2020.1.3,Win32,Firefox,Mozilla/5.0 (Windows NT 10.0; Win64; x64; rv:129.0) Gecko/20100101 Firefox/129.0,60,,,,,,,,,,,,,,,,,,,,,,,,,,,,,,,,,,,,media/dmnb.png,7,3,Symb,l,TR,0,0,1,0,8,0,44,0,1,5,0.49127498,h,1.397,4,0,,,,,,,,,,,,,,,,,,,,,,,,,,,,,,,,,,,,,,,,,,,,,,,,,,,,,,,,,,,,,,,,,,,,,,,,,,,,,,,,,,h,0,1.397,0,0,0,0,1,,,,,,,,,,,,,,,,,,,,,,
,,,,,,,,,,,,,,,,,120,4,2024-09-06_13h38.38.181,Symbol-E,2020.1.3,Win32,Firefox,Mozilla/5.0 (Windows NT 10.0; Win64; x64; rv:129.0) Gecko/20100101 Firefox/129.0,60,,,,,,,,,,,,,,,,,,,,,,,,,,,,,,,,,,,,,,,,,,,,,,,,,,,,,,,,,,,,,,,,,,,,,,,,,,,,,,,,,,,,,,,,,,,,,,,,,,,,,,,,,,,,,,,,,,,,,,,,,,,,,,,,,,,,,,,,,,,,,,,,,,44,0,44,0,1,,,,,,,,,,,,,,,,,
,,,,,,,,,,,,,,,,,120,4,2024-09-06_13h38.38.181,Symbol-E,2020.1.3,Win32,Firefox,Mozilla/5.0 (Windows NT 10.0; Win64; x64; rv:129.0) Gecko/20100101 Firefox/129.0,60,,,,,,,,,,,,,,,,,,,,,,,,,,,,,,,,,,,,media/dinb.png,6,2,Symb,i,TR,0,0,1,0,8,0,45,0,1,5,0.461977719,i,1.396,6,1,,,,,,,,,,,,,,,,,,,,,,,,,,,,,,,,,,,,,,,,,,,,,,,,,,,,,,,,,,,,,,,,,,,,,,,,,,,,,,,,,,i,1,1.396,0,0,0,0,1,,,,,,,,,,,,,,,,,,,,,,
,,,,,,,,,,,,,,,,,120,4,2024-09-06_13h38.38.181,Symbol-E,2020.1.3,Win32,Firefox,Mozilla/5.0 (Windows NT 10.0; Win64; x64; rv:129.0) Gecko/20100101 Firefox/129.0,60,,,,,,,,,,,,,,,,,,,,,,,,,,,,,,,,,,,,,,,,,,,,,,,,,,,,,,,,,,,,,,,,,,,,,,,,,,,,,,,,,,,,,,,,,,,,,,,,,,,,,,,,,,,,,,,,,,,,,,,,,,,,,,,,,,,,,,,,,,,,,,,,,,45,0,45,0,1,,,,,,,,,,,,,,,,,
,,,,,,,,,,,,,,,,,120,4,2024-09-06_13h38.38.181,Symbol-E,2020.1.3,Win32,Firefox,Mozilla/5.0 (Windows NT 10.0; Win64; x64; rv:129.0) Gecko/20100101 Firefox/129.0,60,,,,,,,,,,,,,,,,,,,,,,,,,,,,,,,,,,,,media/dcnb.png,4,0,Symb,h,TR,0,0,1,0,8,0,46,0,1,5,0.427306621,h,1.41,4,1,,,,,,,,,,,,,,,,,,,,,,,,,,,,,,,,,,,,,,,,,,,,,,,,,,,,,,,,,,,,,,,,,,,,,,,,,,,,,,,,,,h,1,1.41,0,0,0,0,1,,,,,,,,,,,,,,,,,,,,,,
,,,,,,,,,,,,,,,,,120,4,2024-09-06_13h38.38.181,Symbol-E,2020.1.3,Win32,Firefox,Mozilla/5.0 (Windows NT 10.0; Win64; x64; rv:129.0) Gecko/20100101 Firefox/129.0,60,,,,,,,,,,,,,,,,,,,,,,,,,,,,,,,,,,,,,,,,,,,,,,,,,,,,,,,,,,,,,,,,,,,,,,,,,,,,,,,,,,,,,,,,,,,,,,,,,,,,,,,,,,,,,,,,,,,,,,,,,,,,,,,,,,,,,,,,,,,,,,,,,,46,0,46,0,1,,,,,,,,,,,,,,,,,
,,,,,,,,,,,,,,,,,120,4,2024-09-06_13h38.38.181,Symbol-E,2020.1.3,Win32,Firefox,Mozilla/5.0 (Windows NT 10.0; Win64; x64; rv:129.0) Gecko/20100101 Firefox/129.0,60,,,,,,,,,,,,,,,,,,,,,,,,,,,,,,,,,,,,media/dgnb.png,3,3,Symb,f,TR,0,0,1,0,8,0,47,0,1,5,0.589396884,f,1.361,3,1,,,,,,,,,,,,,,,,,,,,,,,,,,,,,,,,,,,,,,,,,,,,,,,,,,,,,,,,,,,,,,,,,,,,,,,,,,,,,,,,,,f,1,1.361,0,0,0,0,1,,,,,,,,,,,,,,,,,,,,,,
,,,,,,,,,,,,,,,,,120,4,2024-09-06_13h38.38.181,Symbol-E,2020.1.3,Win32,Firefox,Mozilla/5.0 (Windows NT 10.0; Win64; x64; rv:129.0) Gecko/20100101 Firefox/129.0,60,,,,,,,,,,,,,,,,,,,,,,,,,,,,,,,,,,,,,,,,,,,,,,,,,,,,,,,,,,,,,,,,,,,,,,,,,,,,,,,,,,,,,,,,,,,,,,,,,,,,,,,,,,,,,,,,,,,,,,,,,,,,,,,,,,,,,,,,,,,,,,,,,,47,0,47,0,1,,,,,,,,,,,,,,,,,
,,,,,,,,,,,,,,,,,120,4,2024-09-06_13h38.38.181,Symbol-E,2020.1.3,Win32,Firefox,Mozilla/5.0 (Windows NT 10.0; Win64; x64; rv:129.0) Gecko/20100101 Firefox/129.0,60,,,,,,,,,,,,,,,,,,,,,,,,,,,,,,,,,,,,media/djnb.png,0,0,Symb,a,TR,0,0,1,0,8,0,48,0,1,5,0.230788801,a,99,8,0,,,,,,,,,,,,,,,,,,,,h,0.069,,,,,,,,,,,,,,,,,,,,,,,,,,,,,,,,,,,,,,,,,,,,,,,,,,,,,,,,,,,,,,0,,,,,,,,,,,,0,0,0,0,1,,,,,,,,,,,,
,,,,,,,,,,,,,,,,,120,4,2024-09-06_13h38.38.181,Symbol-E,2020.1.3,Win32,Firefox,Mozilla/5.0 (Windows NT 10.0; Win64; x64; rv:129.0) Gecko/20100101 Firefox/129.0,60,,,,,,,,,,,,,,,,,,,,,,,,,,,,,,,,,,,,,,,,,,,,,,,,,,,,,,,,,,,,,,,,,,,,,,,,,,,,,,,,,,,,,,,,,,,,,,,,,,,,,,,,,,,,,,,,,,,,,,,,,,,,,,,,,,,,,,,,,,,,,,,,,,48,0,48,0,1,,,,,,,,,,,,,,,,,
,,,,,,,,,,,,,,,,,120,4,2024-09-06_13h38.38.181,Symbol-E,2020.1.3,Win32,Firefox,Mozilla/5.0 (Windows NT 10.0; Win64; x64; rv:129.0) Gecko/20100101 Firefox/129.0,60,,,,,,,,,,,,,,,,,,,,,,,,,,,,,,,,,,,,media/dnnb.png,2,2,Symb,e,TR,0,0,1,0,8,0,49,0,1,5,0.811858667,h,0.956,4,0,,,,,,,,,,,,,,,,,,,,h,0.446,,,,,,,,,,,,,,,,,,,,,,,,,,,,,,,,,,,,,,,,,,,,,,,,,,,,,,,,,,,,,h,0,0.956,,,,,,,,,,,0,0,0,0,1,,,,,,,,,,,,
,,,,,,,,,,,,,,,,,120,4,2024-09-06_13h38.38.181,Symbol-E,2020.1.3,Win32,Firefox,Mozilla/5.0 (Windows NT 10.0; Win64; x64; rv:129.0) Gecko/20100101 Firefox/129.0,60,,,,,,,,,,,,,,,,,,,,,,,,,,,,,,,,,,,,,,,,,,,,,,,,,,,,,,,,,,,,,,,,,,,,,,,,,,,,,,,,,,,,,,,,,,,,,,,,,,,,,,,,,,,,,,,,,,,,,,,,,,,,,,,,,,,,,,,,,,,,,,,,,,49,0,49,0,1,,,,,,,,,,,,,,,,,
,,,,,,,,,,,,,,,,,120,4,2024-09-06_13h38.38.181,Symbol-E,2020.1.3,Win32,Firefox,Mozilla/5.0 (Windows NT 10.0; Win64; x64; rv:129.0) Gecko/20100101 Firefox/129.0,60,,,,,,,,,,,,,,,,,,,,,,,,,,,,,,,,,,,,media/dcnb.png,4,0,Symb,h,TR,0,0,1,0,8,0,50,0,1,5,0.144153897,e,1.293,2,0,,,,,,,,,,,,,,,,,,,,,,,,,,,,,,,,,,,,,,,,,,,,,,,,,,,,,,,,,,,,,,,,,,,,,,,,,,,,,,,,,,e,0,1.293,0,0,0,0,1,,,,,,,,,,,,,,,,,,,,,,
,,,,,,,,,,,,,,,,,120,4,2024-09-06_13h38.38.181,Symbol-E,2020.1.3,Win32,Firefox,Mozilla/5.0 (Windows NT 10.0; Win64; x64; rv:129.0) Gecko/20100101 Firefox/129.0,60,,,,,,,,,,,,,,,,,,,,,,,,,,,,,,,,,,,,,,,,,,,,,,,,,,,,,,,,,,,,,,,,,,,,,,,,,,,,,,,,,,,,,,,,,,,,,,,,,,,,,,,,,,,,,,,,,,,,,,,,,,,,,,,,,,,,,,,,,,,,,,,,,,50,0,50,0,1,,,,,,,,,,,,,,,,,
,,,,,,,,,,,,,,,,,120,4,2024-09-06_13h38.38.181,Symbol-E,2020.1.3,Win32,Firefox,Mozilla/5.0 (Windows NT 10.0; Win64; x64; rv:129.0) Gecko/20100101 Firefox/129.0,60,,,,,,,,,,,,,,,,,,,,,,,,,,,,,,,,,,,,media/djnb.png,0,0,Symb,a,TR,0,0,1,0,8,0,51,0,1,5,1.030730601,a,1.141,0,1,,,,,,,,,,,,,,,,,,,,,,,,,,,,,,,,,,,,,,,,,,,,,,,,,,,,,,,,,,,,,,,,,,,,,,,,,,,,,,,,,,a,1,1.141,0,0,0,0,1,,,,,,,,,,,,,,,,,,,,,,
,,,,,,,,,,,,,,,,,120,4,2024-09-06_13h38.38.181,Symbol-E,2020.1.3,Win32,Firefox,Mozilla/5.0 (Windows NT 10.0; Win64; x64; rv:129.0) Gecko/20100101 Firefox/129.0,60,,,,,,,,,,,,,,,,,,,,,,,,,,,,,,,,,,,,,,,,,,,,,,,,,,,,,,,,,,,,,,,,,,,,,,,,,,,,,,,,,,,,,,,,,,,,,,,,,,,,,,,,,,,,,,,,,,,,,,,,,,,,,,,,,,,,,,,,,,,,,,,,,,51,0,51,0,1,,,,,,,,,,,,,,,,,
,,,,,,,,,,,,,,,,,120,4,2024-09-06_13h38.38.181,Symbol-E,2020.1.3,Win32,Firefox,Mozilla/5.0 (Windows NT 10.0; Win64; x64; rv:129.0) Gecko/20100101 Firefox/129.0,60,,,,,,,,,,,,,,,,,,,,,,,,,,,,,,,,,,,,media/dnnb.png,2,2,Symb,e,TR,0,0,1,0,8,0,52,0,1,5,0.258151916,h,1.221,4,0,,,,,,,,,,,,,,,,,,,,,,,,,,,,,,,,,,,,,,,,,,,,,,,,,,,,,,,,,,,,,,,,,,,,,,,,,,,,,,,,,,h,0,1.221,0,0,0,0,1,,,,,,,,,,,,,,,,,,,,,,
,,,,,,,,,,,,,,,,,120,4,2024-09-06_13h38.38.181,Symbol-E,2020.1.3,Win32,Firefox,Mozilla/5.0 (Windows NT 10.0; Win64; x64; rv:129.0) Gecko/20100101 Firefox/129.0,60,,,,,,,,,,,,,,,,,,,,,,,,,,,,,,,,,,,,,,,,,,,,,,,,,,,,,,,,,,,,,,,,,,,,,,,,,,,,,,,,,,,,,,,,,,,,,,,,,,,,,,,,,,,,,,,,,,,,,,,,,,,,,,,,,,,,,,,,,,,,,,,,,,52,0,52,0,1,,,,,,,,,,,,,,,,,
,,,,,,,,,,,,,,,,,120,4,2024-09-06_13h38.38.181,Symbol-E,2020.1.3,Win32,Firefox,Mozilla/5.0 (Windows NT 10.0; Win64; x64; rv:129.0) Gecko/20100101 Firefox/129.0,60,,,,,,,,,,,,,,,,,,,,,,,,,,,,,,,,,,,,media/dmnb.png,7,3,Symb,l,TR,0,0,1,0,8,0,53,0,1,5,0.538757697,h,1.135,4,0,,,,,,,,,,,,,,,,,,,,,,,,,,,,,,,,,,,,,,,,,,,,,,,,,,,,,,,,,,,,,,,,,,,,,,,,,,,,,,,,,,h,0,1.135,0,0,0,0,1,,,,,,,,,,,,,,,,,,,,,,
,,,,,,,,,,,,,,,,,120,4,2024-09-06_13h38.38.181,Symbol-E,2020.1.3,Win32,Firefox,Mozilla/5.0 (Windows NT 10.0; Win64; x64; rv:129.0) Gecko/20100101 Firefox/129.0,60,,,,,,,,,,,,,,,,,,,,,,,,,,,,,,,,,,,,,,,,,,,,,,,,,,,,,,,,,,,,,,,,,,,,,,,,,,,,,,,,,,,,,,,,,,,,,,,,,,,,,,,,,,,,,,,,,,,,,,,,,,,,,,,,,,,,,,,,,,,,,,,,,,53,0,53,0,1,,,,,,,,,,,,,,,,,
,,,,,,,,,,,,,,,,,120,4,2024-09-06_13h38.38.181,Symbol-E,2020.1.3,Win32,Firefox,Mozilla/5.0 (Windows NT 10.0; Win64; x64; rv:129.0) Gecko/20100101 Firefox/129.0,60,,,,,,,,,,,,,,,,,,,,,,,,,,,,,,,,,,,,media/ddnb.png,5,1,Symb,u,TR,0,0,1,0,8,0,54,0,1,5,0.272984263,h,1.281,4,0,,,,,,,,,,,,,,,,,,,,,,,,,,,,,,,,,,,,,,,,,,,,,,,,,,,,,,,,,,,,,,,,,,,,,,,,,,,,,,,,,,h,0,1.281,0,0,0,0,1,,,,,,,,,,,,,,,,,,,,,,
,,,,,,,,,,,,,,,,,120,4,2024-09-06_13h38.38.181,Symbol-E,2020.1.3,Win32,Firefox,Mozilla/5.0 (Windows NT 10.0; Win64; x64; rv:129.0) Gecko/20100101 Firefox/129.0,60,,,,,,,,,,,,,,,,,,,,,,,,,,,,,,,,,,,,,,,,,,,,,,,,,,,,,,,,,,,,,,,,,,,,,,,,,,,,,,,,,,,,,,,,,,,,,,,,,,,,,,,,,,,,,,,,,,,,,,,,,,,,,,,,,,,,,,,,,,,,,,,,,,54,0,54,0,1,,,,,,,,,,,,,,,,,
,,,,,,,,,,,,,,,,,120,4,2024-09-06_13h38.38.181,Symbol-E,2020.1.3,Win32,Firefox,Mozilla/5.0 (Windows NT 10.0; Win64; x64; rv:129.0) Gecko/20100101 Firefox/129.0,60,,,,,,,,,,,,,,,,,,,,,,,,,,,,,,,,,,,,media/dgnb.png,3,3,Symb,f,TR,0,0,1,0,8,0,55,0,1,5,1.024498122,f,1.197,3,1,,,,,,,,,,,,,,,,,,,,,,,,,,,,,,,,,,,,,,,,,,,,,,,,,,,,,,,,,,,,,,,,,,,,,,,,,,,,,,,,,,f,1,1.197,0,0,0,0,1,,,,,,,,,,,,,,,,,,,,,,
,,,,,,,,,,,,,,,,,120,4,2024-09-06_13h38.38.181,Symbol-E,2020.1.3,Win32,Firefox,Mozilla/5.0 (Windows NT 10.0; Win64; x64; rv:129.0) Gecko/20100101 Firefox/129.0,60,,,,,,,,,,,,,,,,,,,,,,,,,,,,,,,,,,,,,,,,,,,,,,,,,,,,,,,,,,,,,,,,,,,,,,,,,,,,,,,,,,,,,,,,,,,,,,,,,,,,,,,,,,,,,,,,,,,,,,,,,,,,,,,,,,,,,,,,,,,,,,,,,,55,0,55,0,1,,,,,,,,,,,,,,,,,
,,,,,,,,,,,,,,,,,120,4,2024-09-06_13h38.38.181,Symbol-E,2020.1.3,Win32,Firefox,Mozilla/5.0 (Windows NT 10.0; Win64; x64; rv:129.0) Gecko/20100101 Firefox/129.0,60,,,,,,,,,,,,,,,,,,,,,,,,,,,,,,,,,,,,media/dfnb.png,1,1,Symb,w,TR,0,0,1,0,8,0,56,0,1,5,0.867161069,w,1.255,1,1,,,,,,,,,,,,,,,,,,,,,,,,,,,,,,,,,,,,,,,,,,,,,,,,,,,,,,,,,,,,,,,,,,,,,,,,,,,,,,,,,,w,1,1.255,0,0,0,0,1,,,,,,,,,,,,,,,,,,,,,,
,,,,,,,,,,,,,,,,,120,4,2024-09-06_13h38.38.181,Symbol-E,2020.1.3,Win32,Firefox,Mozilla/5.0 (Windows NT 10.0; Win64; x64; rv:129.0) Gecko/20100101 Firefox/129.0,60,,,,,,,,,,,,,,,,,,,,,,,,,,,,,,,,,,,,,,,,,,,,,,,,,,,,,,,,,,,,,,,,,,,,,,,,,,,,,,,,,,,,,,,,,,,,,,,,,,,,,,,,,,,,,,,,,,,,,,,,,,,,,,,,,,,,,,,,,,,,,,,,,,56,0,56,0,1,,,,,,,,,,,,,,,,,
,,,,,,,,,,,,,,,,,120,4,2024-09-06_13h38.38.181,Symbol-E,2020.1.3,Win32,Firefox,Mozilla/5.0 (Windows NT 10.0; Win64; x64; rv:129.0) Gecko/20100101 Firefox/129.0,60,,,,,,,,,,,,,,,,,,,,,,,,,,,,,,,,,,,,media/dinb.png,6,2,Symb,i,TR,0,0,1,0,8,0,57,0,1,5,1.166064945,i,1.21,6,1,,,,,,,,,,,,,,,,,,,,,,,,,,,,,,,,,,,,,,,,,,,,,,,,,,,,,,,,,,,,,,,,,,,,,,,,,,,,,,,,,,i,1,1.21,0,0,0,0,1,,,,,,,,,,,,,,,,,,,,,,
,,,,,,,,,,,,,,,,,120,4,2024-09-06_13h38.38.181,Symbol-E,2020.1.3,Win32,Firefox,Mozilla/5.0 (Windows NT 10.0; Win64; x64; rv:129.0) Gecko/20100101 Firefox/129.0,60,,,,,,,,,,,,,,,,,,,,,,,,,,,,,,,,,,,,,,,,,,,,,,,,,,,,,,,,,,,,,,,,,,,,,,,,,,,,,,,,,,,,,,,,,,,,,,,,,,,,,,,,,,,,,,,,,,,,,,,,,,,,,,,,,,,,,,,,,,,,,,,,,,57,0,57,0,1,,,,,,,,,,,,,,,,,
,,,,,,,,,,,,,,,,,120,4,2024-09-06_13h38.38.181,Symbol-E,2020.1.3,Win32,Firefox,Mozilla/5.0 (Windows NT 10.0; Win64; x64; rv:129.0) Gecko/20100101 Firefox/129.0,60,,,,,,,,,,,,,,,,,,,,,,,,,,,,,,,,,,,,media/dfnb.png,1,1,Symb,w,TR,0,0,1,0,8,0,58,0,1,5,0.320335574,w,1.416,1,1,,,,,,,,,,,,,,,,,,,,,,,,,,,,,,,,,,,,,,,,,,,,,,,,,,,,,,,,,,,,,,,,,,,,,,,,,,,,,,,,,,w,1,1.416,0,0,0,0,1,,,,,,,,,,,,,,,,,,,,,,
,,,,,,,,,,,,,,,,,120,4,2024-09-06_13h38.38.181,Symbol-E,2020.1.3,Win32,Firefox,Mozilla/5.0 (Windows NT 10.0; Win64; x64; rv:129.0) Gecko/20100101 Firefox/129.0,60,,,,,,,,,,,,,,,,,,,,,,,,,,,,,,,,,,,,,,,,,,,,,,,,,,,,,,,,,,,,,,,,,,,,,,,,,,,,,,,,,,,,,,,,,,,,,,,,,,,,,,,,,,,,,,,,,,,,,,,,,,,,,,,,,,,,,,,,,,,,,,,,,,58,0,58,0,1,,,,,,,,,,,,,,,,,
,,,,,,,,,,,,,,,,,120,4,2024-09-06_13h38.38.181,Symbol-E,2020.1.3,Win32,Firefox,Mozilla/5.0 (Windows NT 10.0; Win64; x64; rv:129.0) Gecko/20100101 Firefox/129.0,60,,,,,,,,,,,,,,,,,,,,,,,,,,,,,,,,,,,,media/dmnb.png,7,3,Symb,l,TR,0,0,1,0,8,0,59,0,1,5,0.032976088,a,1.427,0,0,,,,,,,,,,,,,,,,,,,,,,,,,,,,,,,,,,,,,,,,,,,,,,,,,,,,,,,,,,,,,,,,,,,,,,,,,,,,,,,,,,a,0,1.427,0,0,0,0,1,,,,,,,,,,,,,,,,,,,,,,
,,,,,,,,,,,,,,,,,120,4,2024-09-06_13h38.38.181,Symbol-E,2020.1.3,Win32,Firefox,Mozilla/5.0 (Windows NT 10.0; Win64; x64; rv:129.0) Gecko/20100101 Firefox/129.0,60,,,,,,,,,,,,,,,,,,,,,,,,,,,,,,,,,,,,,,,,,,,,,,,,,,,,,,,,,,,,,,,,,,,,,,,,,,,,,,,,,,,,,,,,,,,,,,,,,,,,,,,,,,,,,,,,,,,,,,,,,,,,,,,,,,,,,,,,,,,,,,,,,,59,0,59,0,1,,,,,,,,,,,,,,,,,
,,,,,,,,,,,,,,,,,120,4,2024-09-06_13h38.38.181,Symbol-E,2020.1.3,Win32,Firefox,Mozilla/5.0 (Windows NT 10.0; Win64; x64; rv:129.0) Gecko/20100101 Firefox/129.0,60,,,,,,,,,,,,,,,,,,,,,,,,,,,,,,,,,,,,media/dgnb.png,3,3,Symb,f,TR,0,0,1,0,8,0,60,0,1,5,0.970203672,f,1.251,3,1,,,,,,,,,,,,,,,,,,,,,,,,,,,,,,,,,,,,,,,,,,,,,,,,,,,,,,,,,,,,,,,,,,,,,,,,,,,,,,,,,,f,1,1.251,0,0,0,0,1,,,,,,,,,,,,,,,,,,,,,,
,,,,,,,,,,,,,,,,,120,4,2024-09-06_13h38.38.181,Symbol-E,2020.1.3,Win32,Firefox,Mozilla/5.0 (Windows NT 10.0; Win64; x64; rv:129.0) Gecko/20100101 Firefox/129.0,60,,,,,,,,,,,,,,,,,,,,,,,,,,,,,,,,,,,,,,,,,,,,,,,,,,,,,,,,,,,,,,,,,,,,,,,,,,,,,,,,,,,,,,,,,,,,,,,,,,,,,,,,,,,,,,,,,,,,,,,,,,,,,,,,,,,,,,,,,,,,,,,,,,60,0,60,0,1,,,,,,,,,,,,,,,,,
,,,,,,,,,,,,,,,,,120,4,2024-09-06_13h38.38.181,Symbol-E,2020.1.3,Win32,Firefox,Mozilla/5.0 (Windows NT 10.0; Win64; x64; rv:129.0) Gecko/20100101 Firefox/129.0,60,,,,,,,,,,,,,,,,,,,,,,,,,,,,,,,,,,,,media/dcnb.png,4,0,Symb,h,TR,0,0,1,0,8,0,61,0,1,5,0.997187438,h,1.359,4,1,,,,,,,,,,,,,,,,,,,,,,,,,,,,,,,,,,,,,,,,,,,,,,,,,,,,,,,,,,,,,,,,,,,,,,,,,,,,,,,,,,h,1,1.359,0,0,0,0,1,,,,,,,,,,,,,,,,,,,,,,
,,,,,,,,,,,,,,,,,120,4,2024-09-06_13h38.38.181,Symbol-E,2020.1.3,Win32,Firefox,Mozilla/5.0 (Windows NT 10.0; Win64; x64; rv:129.0) Gecko/20100101 Firefox/129.0,60,,,,,,,,,,,,,,,,,,,,,,,,,,,,,,,,,,,,,,,,,,,,,,,,,,,,,,,,,,,,,,,,,,,,,,,,,,,,,,,,,,,,,,,,,,,,,,,,,,,,,,,,,,,,,,,,,,,,,,,,,,,,,,,,,,,,,,,,,,,,,,,,,,61,0,61,0,1,,,,,,,,,,,,,,,,,
,,,,,,,,,,,,,,,,,120,4,2024-09-06_13h38.38.181,Symbol-E,2020.1.3,Win32,Firefox,Mozilla/5.0 (Windows NT 10.0; Win64; x64; rv:129.0) Gecko/20100101 Firefox/129.0,60,,,,,,,,,,,,,,,,,,,,,,,,,,,,,,,,,,,,media/dinb.png,6,2,Symb,i,TR,0,0,1,0,8,0,62,0,1,5,0.9935981,i,1.289,6,1,,,,,,,,,,,,,,,,,,,,,,,,,,,,,,,,,,,,,,,,,,,,,,,,,,,,,,,,,,,,,,,,,,,,,,,,,,,,,,,,,,i,1,1.289,0,0,0,0,1,,,,,,,,,,,,,,,,,,,,,,
,,,,,,,,,,,,,,,,,120,4,2024-09-06_13h38.38.181,Symbol-E,2020.1.3,Win32,Firefox,Mozilla/5.0 (Windows NT 10.0; Win64; x64; rv:129.0) Gecko/20100101 Firefox/129.0,60,,,,,,,,,,,,,,,,,,,,,,,,,,,,,,,,,,,,,,,,,,,,,,,,,,,,,,,,,,,,,,,,,,,,,,,,,,,,,,,,,,,,,,,,,,,,,,,,,,,,,,,,,,,,,,,,,,,,,,,,,,,,,,,,,,,,,,,,,,,,,,,,,,62,0,62,0,1,,,,,,,,,,,,,,,,,
,,,,,,,,,,,,,,,,,120,4,2024-09-06_13h38.38.181,Symbol-E,2020.1.3,Win32,Firefox,Mozilla/5.0 (Windows NT 10.0; Win64; x64; rv:129.0) Gecko/20100101 Firefox/129.0,60,,,,,,,,,,,,,,,,,,,,,,,,,,,,,,,,,,,,media/ddnb.png,5,1,Symb,u,TR,0,0,1,0,8,0,63,0,1,5,0.790616082,u,1.297,5,1,,,,,,,,,,,,,,,,,,,,,,,,,,,,,,,,,,,,,,,,,,,,,,,,,,,,,,,,,,,,,,,,,,,,,,,,,,,,,,,,,,u,1,1.297,0,0,0,0,1,,,,,,,,,,,,,,,,,,,,,,
,,,,,,,,,,,,,,,,,120,4,2024-09-06_13h38.38.181,Symbol-E,2020.1.3,Win32,Firefox,Mozilla/5.0 (Windows NT 10.0; Win64; x64; rv:129.0) Gecko/20100101 Firefox/129.0,60,,,,,,,,,,,,,,,,,,,,,,,,,,,,,,,,,,,,,,,,,,,,,,,,,,,,,,,,,,,,,,,,,,,,,,,,,,,,,,,,,,,,,,,,,,,,,,,,,,,,,,,,,,,,,,,,,,,,,,,,,,,,,,,,,,,,,,,,,,,,,,,,,,63,0,63,0,1,,,,,,,,,,,,,,,,,
,,,,,,,,,,,,,,,,,120,4,2024-09-06_13h38.38.181,Symbol-E,2020.1.3,Win32,Firefox,Mozilla/5.0 (Windows NT 10.0; Win64; x64; rv:129.0) Gecko/20100101 Firefox/129.0,60,,,,,,,,,,,,,,,,,,,,,,,,,,,,,,,,,,,,media/dmnb.png,7,3,Symb,l,TR,0,0,1,0,8,0,64,0,1,5,0.33389904,a,99,8,0,,,,,,,,,,,,,,,,,,,,h,0.676,,,,,,,,,,,,,,,,,,,,,,,,,,,,,,,,,,,,,,,,,,,,,,,,,,,,,,,,,,,,,,0,,,,,,,,,,,,0,0,0,0,1,,,,,,,,,,,,
,,,,,,,,,,,,,,,,,120,4,2024-09-06_13h38.38.181,Symbol-E,2020.1.3,Win32,Firefox,Mozilla/5.0 (Windows NT 10.0; Win64; x64; rv:129.0) Gecko/20100101 Firefox/129.0,60,,,,,,,,,,,,,,,,,,,,,,,,,,,,,,,,,,,,,,,,,,,,,,,,,,,,,,,,,,,,,,,,,,,,,,,,,,,,,,,,,,,,,,,,,,,,,,,,,,,,,,,,,,,,,,,,,,,,,,,,,,,,,,,,,,,,,,,,,,,,,,,,,,64,0,64,0,1,,,,,,,,,,,,,,,,,
,,,,,,,,,,,,,,,,,120,4,2024-09-06_13h38.38.181,Symbol-E,2020.1.3,Win32,Firefox,Mozilla/5.0 (Windows NT 10.0; Win64; x64; rv:129.0) Gecko/20100101 Firefox/129.0,60,,,,,,,,,,,,,,,,,,,,,,,,,,,,,,,,,,,,media/dcnb.png,4,0,Symb,h,TR,0,0,1,0,8,0,65,0,1,5,0.560677132,h,1.345,4,1,,,,,,,,,,,,,,,,,,,,,,,,,,,,,,,,,,,,,,,,,,,,,,,,,,,,,,,,,,,,,,,,,,,,,,,,,,,,,,,,,,h,1,1.345,0,0,0,0,1,,,,,,,,,,,,,,,,,,,,,,
,,,,,,,,,,,,,,,,,120,4,2024-09-06_13h38.38.181,Symbol-E,2020.1.3,Win32,Firefox,Mozilla/5.0 (Windows NT 10.0; Win64; x64; rv:129.0) Gecko/20100101 Firefox/129.0,60,,,,,,,,,,,,,,,,,,,,,,,,,,,,,,,,,,,,,,,,,,,,,,,,,,,,,,,,,,,,,,,,,,,,,,,,,,,,,,,,,,,,,,,,,,,,,,,,,,,,,,,,,,,,,,,,,,,,,,,,,,,,,,,,,,,,,,,,,,,,,,,,,,65,0,65,0,1,,,,,,,,,,,,,,,,,
,,,,,,,,,,,,,,,,,120,4,2024-09-06_13h38.38.181,Symbol-E,2020.1.3,Win32,Firefox,Mozilla/5.0 (Windows NT 10.0; Win64; x64; rv:129.0) Gecko/20100101 Firefox/129.0,60,,,,,,,,,,,,,,,,,,,,,,,,,,,,,,,,,,,,media/ddnb.png,5,1,Symb,u,TR,0,0,1,0,8,0,66,0,1,5,1.060111662,u,1.276,5,1,,,,,,,,,,,,,,,,,,,,,,,,,,,,,,,,,,,,,,,,,,,,,,,,,,,,,,,,,,,,,,,,,,,,,,,,,,,,,,,,,,u,1,1.276,0,0,0,0,1,,,,,,,,,,,,,,,,,,,,,,
,,,,,,,,,,,,,,,,,120,4,2024-09-06_13h38.38.181,Symbol-E,2020.1.3,Win32,Firefox,Mozilla/5.0 (Windows NT 10.0; Win64; x64; rv:129.0) Gecko/20100101 Firefox/129.0,60,,,,,,,,,,,,,,,,,,,,,,,,,,,,,,,,,,,,,,,,,,,,,,,,,,,,,,,,,,,,,,,,,,,,,,,,,,,,,,,,,,,,,,,,,,,,,,,,,,,,,,,,,,,,,,,,,,,,,,,,,,,,,,,,,,,,,,,,,,,,,,,,,,66,0,66,0,1,,,,,,,,,,,,,,,,,
,,,,,,,,,,,,,,,,,120,4,2024-09-06_13h38.38.181,Symbol-E,2020.1.3,Win32,Firefox,Mozilla/5.0 (Windows NT 10.0; Win64; x64; rv:129.0) Gecko/20100101 Firefox/129.0,60,,,,,,,,,,,,,,,,,,,,,,,,,,,,,,,,,,,,media/dgnb.png,3,3,Symb,f,TR,0,0,1,0,8,0,67,0,1,5,0.389070324,a,99,8,0,,,,,,,,,,,,,,,,,,,,h,0.599,,,,,,,,,,,,,,,,,,,,,,,,,,,,,,,,,,,,,,,,,,,,,,,,,,,,,,,,,,,,,,0,,,,,,,,,,,,0,0,0,0,1,,,,,,,,,,,,
,,,,,,,,,,,,,,,,,120,4,2024-09-06_13h38.38.181,Symbol-E,2020.1.3,Win32,Firefox,Mozilla/5.0 (Windows NT 10.0; Win64; x64; rv:129.0) Gecko/20100101 Firefox/129.0,60,,,,,,,,,,,,,,,,,,,,,,,,,,,,,,,,,,,,,,,,,,,,,,,,,,,,,,,,,,,,,,,,,,,,,,,,,,,,,,,,,,,,,,,,,,,,,,,,,,,,,,,,,,,,,,,,,,,,,,,,,,,,,,,,,,,,,,,,,,,,,,,,,,67,0,67,0,1,,,,,,,,,,,,,,,,,
,,,,,,,,,,,,,,,,,120,4,2024-09-06_13h38.38.181,Symbol-E,2020.1.3,Win32,Firefox,Mozilla/5.0 (Windows NT 10.0; Win64; x64; rv:129.0) Gecko/20100101 Firefox/129.0,60,,,,,,,,,,,,,,,,,,,,,,,,,,,,,,,,,,,,media/djnb.png,0,0,Symb,a,TR,0,0,1,0,8,0,68,0,1,5,0.455937702,f,1.361,3,0,,,,,,,,,,,,,,,,,,,,,,,,,,,,,,,,,,,,,,,,,,,,,,,,,,,,,,,,,,,,,,,,,,,,,,,,,,,,,,,,,,f,0,1.361,0,0,0,0,1,,,,,,,,,,,,,,,,,,,,,,
,,,,,,,,,,,,,,,,,120,4,2024-09-06_13h38.38.181,Symbol-E,2020.1.3,Win32,Firefox,Mozilla/5.0 (Windows NT 10.0; Win64; x64; rv:129.0) Gecko/20100101 Firefox/129.0,60,,,,,,,,,,,,,,,,,,,,,,,,,,,,,,,,,,,,,,,,,,,,,,,,,,,,,,,,,,,,,,,,,,,,,,,,,,,,,,,,,,,,,,,,,,,,,,,,,,,,,,,,,,,,,,,,,,,,,,,,,,,,,,,,,,,,,,,,,,,,,,,,,,68,0,68,0,1,,,,,,,,,,,,,,,,,
,,,,,,,,,,,,,,,,,120,4,2024-09-06_13h38.38.181,Symbol-E,2020.1.3,Win32,Firefox,Mozilla/5.0 (Windows NT 10.0; Win64; x64; rv:129.0) Gecko/20100101 Firefox/129.0,60,,,,,,,,,,,,,,,,,,,,,,,,,,,,,,,,,,,,media/dfnb.png,1,1,Symb,w,TR,0,0,1,0,8,0,69,0,1,5,0.506864914,w,1.236,1,1,,,,,,,,,,,,,,,,,,,,,,,,,,,,,,,,,,,,,,,,,,,,,,,,,,,,,,,,,,,,,,,,,,,,,,,,,,,,,,,,,,w,1,1.236,0,0,0,0,1,,,,,,,,,,,,,,,,,,,,,,
,,,,,,,,,,,,,,,,,120,4,2024-09-06_13h38.38.181,Symbol-E,2020.1.3,Win32,Firefox,Mozilla/5.0 (Windows NT 10.0; Win64; x64; rv:129.0) Gecko/20100101 Firefox/129.0,60,,,,,,,,,,,,,,,,,,,,,,,,,,,,,,,,,,,,,,,,,,,,,,,,,,,,,,,,,,,,,,,,,,,,,,,,,,,,,,,,,,,,,,,,,,,,,,,,,,,,,,,,,,,,,,,,,,,,,,,,,,,,,,,,,,,,,,,,,,,,,,,,,,69,0,69,0,1,,,,,,,,,,,,,,,,,
,,,,,,,,,,,,,,,,,120,4,2024-09-06_13h38.38.181,Symbol-E,2020.1.3,Win32,Firefox,Mozilla/5.0 (Windows NT 10.0; Win64; x64; rv:129.0) Gecko/20100101 Firefox/129.0,60,,,,,,,,,,,,,,,,,,,,,,,,,,,,,,,,,,,,media/dnnb.png,2,2,Symb,e,TR,0,0,1,0,8,0,70,0,1,5,0.442140232,u,1.353,5,0,,,,,,,,,,,,,,,,,,,,,,,,,,,,,,,,,,,,,,,,,,,,,,,,,,,,,,,,,,,,,,,,,,,,,,,,,,,,,,,,,,u,0,1.353,0,0,0,0,1,,,,,,,,,,,,,,,,,,,,,,
,,,,,,,,,,,,,,,,,120,4,2024-09-06_13h38.38.181,Symbol-E,2020.1.3,Win32,Firefox,Mozilla/5.0 (Windows NT 10.0; Win64; x64; rv:129.0) Gecko/20100101 Firefox/129.0,60,,,,,,,,,,,,,,,,,,,,,,,,,,,,,,,,,,,,,,,,,,,,,,,,,,,,,,,,,,,,,,,,,,,,,,,,,,,,,,,,,,,,,,,,,,,,,,,,,,,,,,,,,,,,,,,,,,,,,,,,,,,,,,,,,,,,,,,,,,,,,,,,,,70,0,70,0,1,,,,,,,,,,,,,,,,,
,,,,,,,,,,,,,,,,,120,4,2024-09-06_13h38.38.181,Symbol-E,2020.1.3,Win32,Firefox,Mozilla/5.0 (Windows NT 10.0; Win64; x64; rv:129.0) Gecko/20100101 Firefox/129.0,60,,,,,,,,,,,,,,,,,,,,,,,,,,,,,,,,,,,,media/dnnb.png,2,2,Symb,e,TR,0,0,1,0,8,0,71,0,1,5,1.109742481,e,1.218,2,1,,,,,,,,,,,,,,,,,,,,,,,,,,,,,,,,,,,,,,,,,,,,,,,,,,,,,,,,,,,,,,,,,,,,,,,,,,,,,,,,,,e,1,1.218,0,0,0,0,1,,,,,,,,,,,,,,,,,,,,,,
,,,,,,,,,,,,,,,,,120,4,2024-09-06_13h38.38.181,Symbol-E,2020.1.3,Win32,Firefox,Mozilla/5.0 (Windows NT 10.0; Win64; x64; rv:129.0) Gecko/20100101 Firefox/129.0,60,,,,,,,,,,,,,,,,,,,,,,,,,,,,,,,,,,,,,,,,,,,,,,,,,,,,,,,,,,,,,,,,,,,,,,,,,,,,,,,,,,,,,,,,,,,,,,,,,,,,,,,,,,,,,,,,,,,,,,,,,,,,,,,,,,,,,,,,,,,,,,,,,,71,0,71,0,1,,,,,,,,,,,,,,,,,
,,,,,,,,,,,,,,,,,120,4,2024-09-06_13h38.38.181,Symbol-E,2020.1.3,Win32,Firefox,Mozilla/5.0 (Windows NT 10.0; Win64; x64; rv:129.0) Gecko/20100101 Firefox/129.0,60,,,,,,,,,,,,,,,,,,,,,,,,,,,,,,,,,,,,media/dinb.png,6,2,Symb,i,TR,0,0,1,0,8,0,72,0,1,5,0.291840335,a,1.331,0,0,,,,,,,,,,,,,,,,,,,,,,,,,,,,,,,,,,,,,,,,,,,,,,,,,,,,,,,,,,,,,,,,,,,,,,,,,,,,,,,,,,a,0,1.331,0,0,0,0,1,,,,,,,,,,,,,,,,,,,,,,
,,,,,,,,,,,,,,,,,120,4,2024-09-06_13h38.38.181,Symbol-E,2020.1.3,Win32,Firefox,Mozilla/5.0 (Windows NT 10.0; Win64; x64; rv:129.0) Gecko/20100101 Firefox/129.0,60,,,,,,,,,,,,,,,,,,,,,,,,,,,,,,,,,,,,,,,,,,,,,,,,,,,,,,,,,,,,,,,,,,,,,,,,,,,,,,,,,,,,,,,,,,,,,,,,,,,,,,,,,,,,,,,,,,,,,,,,,,,,,,,,,,,,,,,,,,,,,,,,,,72,0,72,0,1,,,,,,,,,,,,,,,,,
,,,,,,,,,,,,,,,,,120,4,2024-09-06_13h38.38.181,Symbol-E,2020.1.3,Win32,Firefox,Mozilla/5.0 (Windows NT 10.0; Win64; x64; rv:129.0) Gecko/20100101 Firefox/129.0,60,,,,,,,,,,,,,,,,,,,,,,,,,,,,,,,,,,,,media/djnb.png,0,0,Symb,a,TR,0,0,1,0,8,0,73,0,1,5,0.97386185,a,1.273,0,1,,,,,,,,,,,,,,,,,,,,,,,,,,,,,,,,,,,,,,,,,,,,,,,,,,,,,,,,,,,,,,,,,,,,,,,,,,,,,,,,,,a,1,1.273,0,0,0,0,1,,,,,,,,,,,,,,,,,,,,,,
,,,,,,,,,,,,,,,,,120,4,2024-09-06_13h38.38.181,Symbol-E,2020.1.3,Win32,Firefox,Mozilla/5.0 (Windows NT 10.0; Win64; x64; rv:129.0) Gecko/20100101 Firefox/129.0,60,,,,,,,,,,,,,,,,,,,,,,,,,,,,,,,,,,,,,,,,,,,,,,,,,,,,,,,,,,,,,,,,,,,,,,,,,,,,,,,,,,,,,,,,,,,,,,,,,,,,,,,,,,,,,,,,,,,,,,,,,,,,,,,,,,,,,,,,,,,,,,,,,,73,0,73,0,1,,,,,,,,,,,,,,,,,
,,,,,,,,,,,,,,,,,120,4,2024-09-06_13h38.38.181,Symbol-E,2020.1.3,Win32,Firefox,Mozilla/5.0 (Windows NT 10.0; Win64; x64; rv:129.0) Gecko/20100101 Firefox/129.0,60,,,,,,,,,,,,,,,,,,,,,,,,,,,,,,,,,,,,media/ddnb.png,5,1,Symb,u,TR,0,0,1,0,8,0,74,0,1,5,0.50533112,h,1.288,4,0,,,,,,,,,,,,,,,,,,,,,,,,,,,,,,,,,,,,,,,,,,,,,,,,,,,,,,,,,,,,,,,,,,,,,,,,,,,,,,,,,,h,0,1.288,0,0,0,0,1,,,,,,,,,,,,,,,,,,,,,,
,,,,,,,,,,,,,,,,,120,4,2024-09-06_13h38.38.181,Symbol-E,2020.1.3,Win32,Firefox,Mozilla/5.0 (Windows NT 10.0; Win64; x64; rv:129.0) Gecko/20100101 Firefox/129.0,60,,,,,,,,,,,,,,,,,,,,,,,,,,,,,,,,,,,,,,,,,,,,,,,,,,,,,,,,,,,,,,,,,,,,,,,,,,,,,,,,,,,,,,,,,,,,,,,,,,,,,,,,,,,,,,,,,,,,,,,,,,,,,,,,,,,,,,,,,,,,,,,,,,74,0,74,0,1,,,,,,,,,,,,,,,,,
,,,,,,,,,,,,,,,,,120,4,2024-09-06_13h38.38.181,Symbol-E,2020.1.3,Win32,Firefox,Mozilla/5.0 (Windows NT 10.0; Win64; x64; rv:129.0) Gecko/20100101 Firefox/129.0,60,,,,,,,,,,,,,,,,,,,,,,,,,,,,,,,,,,,,media/dgnb.png,3,3,Symb,f,TR,0,0,1,0,8,0,75,0,1,5,0.875980919,f,1.284,3,1,,,,,,,,,,,,,,,,,,,,,,,,,,,,,,,,,,,,,,,,,,,,,,,,,,,,,,,,,,,,,,,,,,,,,,,,,,,,,,,,,,f,1,1.284,0,0,0,0,1,,,,,,,,,,,,,,,,,,,,,,
,,,,,,,,,,,,,,,,,120,4,2024-09-06_13h38.38.181,Symbol-E,2020.1.3,Win32,Firefox,Mozilla/5.0 (Windows NT 10.0; Win64; x64; rv:129.0) Gecko/20100101 Firefox/129.0,60,,,,,,,,,,,,,,,,,,,,,,,,,,,,,,,,,,,,,,,,,,,,,,,,,,,,,,,,,,,,,,,,,,,,,,,,,,,,,,,,,,,,,,,,,,,,,,,,,,,,,,,,,,,,,,,,,,,,,,,,,,,,,,,,,,,,,,,,,,,,,,,,,,75,0,75,0,1,,,,,,,,,,,,,,,,,
,,,,,,,,,,,,,,,,,120,4,2024-09-06_13h38.38.181,Symbol-E,2020.1.3,Win32,Firefox,Mozilla/5.0 (Windows NT 10.0; Win64; x64; rv:129.0) Gecko/20100101 Firefox/129.0,60,,,,,,,,,,,,,,,,,,,,,,,,,,,,,,,,,,,,media/dcnb.png,4,0,Symb,h,TR,0,0,1,0,8,0,76,0,1,5,0.074333912,w,1.375,1,0,,,,,,,,,,,,,,,,,,,,,,,,,,,,,,,,,,,,,,,,,,,,,,,,,,,,,,,,,,,,,,,,,,,,,,,,,,,,,,,,,,w,0,1.375,0,0,0,0,1,,,,,,,,,,,,,,,,,,,,,,
,,,,,,,,,,,,,,,,,120,4,2024-09-06_13h38.38.181,Symbol-E,2020.1.3,Win32,Firefox,Mozilla/5.0 (Windows NT 10.0; Win64; x64; rv:129.0) Gecko/20100101 Firefox/129.0,60,,,,,,,,,,,,,,,,,,,,,,,,,,,,,,,,,,,,,,,,,,,,,,,,,,,,,,,,,,,,,,,,,,,,,,,,,,,,,,,,,,,,,,,,,,,,,,,,,,,,,,,,,,,,,,,,,,,,,,,,,,,,,,,,,,,,,,,,,,,,,,,,,,76,0,76,0,1,,,,,,,,,,,,,,,,,
,,,,,,,,,,,,,,,,,120,4,2024-09-06_13h38.38.181,Symbol-E,2020.1.3,Win32,Firefox,Mozilla/5.0 (Windows NT 10.0; Win64; x64; rv:129.0) Gecko/20100101 Firefox/129.0,60,,,,,,,,,,,,,,,,,,,,,,,,,,,,,,,,,,,,media/dinb.png,6,2,Symb,i,TR,0,0,1,0,8,0,77,0,1,5,0.721709079,i,1.195,6,1,,,,,,,,,,,,,,,,,,,,,,,,,,,,,,,,,,,,,,,,,,,,,,,,,,,,,,,,,,,,,,,,,,,,,,,,,,,,,,,,,,i,1,1.195,0,0,0,0,1,,,,,,,,,,,,,,,,,,,,,,
,,,,,,,,,,,,,,,,,120,4,2024-09-06_13h38.38.181,Symbol-E,2020.1.3,Win32,Firefox,Mozilla/5.0 (Windows NT 10.0; Win64; x64; rv:129.0) Gecko/20100101 Firefox/129.0,60,,,,,,,,,,,,,,,,,,,,,,,,,,,,,,,,,,,,,,,,,,,,,,,,,,,,,,,,,,,,,,,,,,,,,,,,,,,,,,,,,,,,,,,,,,,,,,,,,,,,,,,,,,,,,,,,,,,,,,,,,,,,,,,,,,,,,,,,,,,,,,,,,,77,0,77,0,1,,,,,,,,,,,,,,,,,
,,,,,,,,,,,,,,,,,120,4,2024-09-06_13h38.38.181,Symbol-E,2020.1.3,Win32,Firefox,Mozilla/5.0 (Windows NT 10.0; Win64; x64; rv:129.0) Gecko/20100101 Firefox/129.0,60,,,,,,,,,,,,,,,,,,,,,,,,,,,,,,,,,,,,media/dfnb.png,1,1,Symb,w,TR,0,0,1,0,8,0,78,0,1,5,1.196065237,w,1.153,1,1,,,,,,,,,,,,,,,,,,,,,,,,,,,,,,,,,,,,,,,,,,,,,,,,,,,,,,,,,,,,,,,,,,,,,,,,,,,,,,,,,,w,1,1.153,0,0,0,0,1,,,,,,,,,,,,,,,,,,,,,,
,,,,,,,,,,,,,,,,,120,4,2024-09-06_13h38.38.181,Symbol-E,2020.1.3,Win32,Firefox,Mozilla/5.0 (Windows NT 10.0; Win64; x64; rv:129.0) Gecko/20100101 Firefox/129.0,60,,,,,,,,,,,,,,,,,,,,,,,,,,,,,,,,,,,,,,,,,,,,,,,,,,,,,,,,,,,,,,,,,,,,,,,,,,,,,,,,,,,,,,,,,,,,,,,,,,,,,,,,,,,,,,,,,,,,,,,,,,,,,,,,,,,,,,,,,,,,,,,,,,78,0,78,0,1,,,,,,,,,,,,,,,,,
,,,,,,,,,,,,,,,,,120,4,2024-09-06_13h38.38.181,Symbol-E,2020.1.3,Win32,Firefox,Mozilla/5.0 (Windows NT 10.0; Win64; x64; rv:129.0) Gecko/20100101 Firefox/129.0,60,,,,,,,,,,,,,,,,,,,,,,,,,,,,,,,,,,,,media/dmnb.png,7,3,Symb,l,TR,0,0,1,0,8,0,79,0,1,5,1.173583599,u,1.201,5,0,,,,,,,,,,,,,,,,,,,,,,,,,,,,,,,,,,,,,,,,,,,,,,,,,,,,,,,,,,,,,,,,,,,,,,,,,,,,,,,,,,u,0,1.201,0,0,0,0,1,,,,,,,,,,,,,,,,,,,,,,
,,,,,,,,,,,,,,,,,120,4,2024-09-06_13h38.38.181,Symbol-E,2020.1.3,Win32,Firefox,Mozilla/5.0 (Windows NT 10.0; Win64; x64; rv:129.0) Gecko/20100101 Firefox/129.0,60,,,,,,,,,,,,,,,,,,,,,,,,,,,,,,,,,,,,,,,,,,,,,,,,,,,,,,,,,,,,,,,,,,,,,,,,,,,,,,,,,,,,,,,,,,,,,,,,,,,,,,,,,,,,,,,,,,,,,,,,,,,,,,,,,,,,,,,,,,,,,,,,,,79,0,79,0,1,,,,,,,,,,,,,,,,,
,,,,,,,,,,,,,,,,,120,4,2024-09-06_13h38.38.181,Symbol-E,2020.1.3,Win32,Firefox,Mozilla/5.0 (Windows NT 10.0; Win64; x64; rv:129.0) Gecko/20100101 Firefox/129.0,60,,,,,,,,,,,,,,,,,,,,,,,,,,,,,,,,,,,,media/dcnb.png,4,0,Symb,h,TR,0,0,1,0,8,0,80,0,1,5,1.167998981,h,1.166,4,1,,,,,,,,,,,,,,,,,,,,,,,,,,,,,,,,,,,,,,,,,,,,,,,,,,,,,,,,,,,,,,,,,,,,,,,,,,,,,,,,,,h,1,1.166,0,0,0,0,1,,,,,,,,,,,,,,,,,,,,,,
,,,,,,,,,,,,,,,,,120,4,2024-09-06_13h38.38.181,Symbol-E,2020.1.3,Win32,Firefox,Mozilla/5.0 (Windows NT 10.0; Win64; x64; rv:129.0) Gecko/20100101 Firefox/129.0,60,,,,,,,,,,,,,,,,,,,,,,,,,,,,,,,,,,,,,,,,,,,,,,,,,,,,,,,,,,,,,,,,,,,,,,,,,,,,,,,,,,,,,,,,,,,,,,,,,,,,,,,,,,,,,,,,,,,,,,,,,,,,,,,,,,,,,,,,,,,,,,,,,,80,0,80,0,1,,,,,,,,,,,,,,,,,
,,,,,,,,,,,,,,,,,120,4,2024-09-06_13h38.38.181,Symbol-E,2020.1.3,Win32,Firefox,Mozilla/5.0 (Windows NT 10.0; Win64; x64; rv:129.0) Gecko/20100101 Firefox/129.0,60,,,,,,,,,,,,,,,,,,,,,,,,,,,,,,,,,,,,media/djnb.png,0,0,Symb,a,TR,0,0,1,0,8,0,81,0,1,5,1.13887187,a,1.243,0,1,,,,,,,,,,,,,,,,,,,,,,,,,,,,,,,,,,,,,,,,,,,,,,,,,,,,,,,,,,,,,,,,,,,,,,,,,,,,,,,,,,a,1,1.243,0,0,0,0,1,,,,,,,,,,,,,,,,,,,,,,
,,,,,,,,,,,,,,,,,120,4,2024-09-06_13h38.38.181,Symbol-E,2020.1.3,Win32,Firefox,Mozilla/5.0 (Windows NT 10.0; Win64; x64; rv:129.0) Gecko/20100101 Firefox/129.0,60,,,,,,,,,,,,,,,,,,,,,,,,,,,,,,,,,,,,,,,,,,,,,,,,,,,,,,,,,,,,,,,,,,,,,,,,,,,,,,,,,,,,,,,,,,,,,,,,,,,,,,,,,,,,,,,,,,,,,,,,,,,,,,,,,,,,,,,,,,,,,,,,,,81,0,81,0,1,,,,,,,,,,,,,,,,,
,,,,,,,,,,,,,,,,,120,4,2024-09-06_13h38.38.181,Symbol-E,2020.1.3,Win32,Firefox,Mozilla/5.0 (Windows NT 10.0; Win64; x64; rv:129.0) Gecko/20100101 Firefox/129.0,60,,,,,,,,,,,,,,,,,,,,,,,,,,,,,,,,,,,,media/djnb.png,0,0,Symb,a,TR,0,0,1,0,8,0,82,0,1,5,0.843550467,a,1.298,0,1,,,,,,,,,,,,,,,,,,,,,,,,,,,,,,,,,,,,,,,,,,,,,,,,,,,,,,,,,,,,,,,,,,,,,,,,,,,,,,,,,,a,1,1.298,0,0,0,0,1,,,,,,,,,,,,,,,,,,,,,,
,,,,,,,,,,,,,,,,,120,4,2024-09-06_13h38.38.181,Symbol-E,2020.1.3,Win32,Firefox,Mozilla/5.0 (Windows NT 10.0; Win64; x64; rv:129.0) Gecko/20100101 Firefox/129.0,60,,,,,,,,,,,,,,,,,,,,,,,,,,,,,,,,,,,,,,,,,,,,,,,,,,,,,,,,,,,,,,,,,,,,,,,,,,,,,,,,,,,,,,,,,,,,,,,,,,,,,,,,,,,,,,,,,,,,,,,,,,,,,,,,,,,,,,,,,,,,,,,,,,82,0,82,0,1,,,,,,,,,,,,,,,,,
,,,,,,,,,,,,,,,,,120,4,2024-09-06_13h38.38.181,Symbol-E,2020.1.3,Win32,Firefox,Mozilla/5.0 (Windows NT 10.0; Win64; x64; rv:129.0) Gecko/20100101 Firefox/129.0,60,,,,,,,,,,,,,,,,,,,,,,,,,,,,,,,,,,,,media/dmnb.png,7,3,Symb,l,TR,0,0,1,0,8,0,83,0,1,5,1.007753799,l,1.239,7,1,,,,,,,,,,,,,,,,,,,,,,,,,,,,,,,,,,,,,,,,,,,,,,,,,,,,,,,,,,,,,,,,,,,,,,,,,,,,,,,,,,l,1,1.239,0,0,0,0,1,,,,,,,,,,,,,,,,,,,,,,
,,,,,,,,,,,,,,,,,120,4,2024-09-06_13h38.38.181,Symbol-E,2020.1.3,Win32,Firefox,Mozilla/5.0 (Windows NT 10.0; Win64; x64; rv:129.0) Gecko/20100101 Firefox/129.0,60,,,,,,,,,,,,,,,,,,,,,,,,,,,,,,,,,,,,,,,,,,,,,,,,,,,,,,,,,,,,,,,,,,,,,,,,,,,,,,,,,,,,,,,,,,,,,,,,,,,,,,,,,,,,,,,,,,,,,,,,,,,,,,,,,,,,,,,,,,,,,,,,,,83,0,83,0,1,,,,,,,,,,,,,,,,,
,,,,,,,,,,,,,,,,,120,4,2024-09-06_13h38.38.181,Symbol-E,2020.1.3,Win32,Firefox,Mozilla/5.0 (Windows NT 10.0; Win64; x64; rv:129.0) Gecko/20100101 Firefox/129.0,60,,,,,,,,,,,,,,,,,,,,,,,,,,,,,,,,,,,,media/dmnb.png,7,3,Symb,l,TR,0,0,1,0,8,0,84,0,1,5,0.751289568,l,1.418,7,1,,,,,,,,,,,,,,,,,,,,,,,,,,,,,,,,,,,,,,,,,,,,,,,,,,,,,,,,,,,,,,,,,,,,,,,,,,,,,,,,,,l,1,1.418,0,0,0,0,1,,,,,,,,,,,,,,,,,,,,,,
,,,,,,,,,,,,,,,,,120,4,2024-09-06_13h38.38.181,Symbol-E,2020.1.3,Win32,Firefox,Mozilla/5.0 (Windows NT 10.0; Win64; x64; rv:129.0) Gecko/20100101 Firefox/129.0,60,,,,,,,,,,,,,,,,,,,,,,,,,,,,,,,,,,,,,,,,,,,,,,,,,,,,,,,,,,,,,,,,,,,,,,,,,,,,,,,,,,,,,,,,,,,,,,,,,,,,,,,,,,,,,,,,,,,,,,,,,,,,,,,,,,,,,,,,,,,,,,,,,,84,0,84,0,1,,,,,,,,,,,,,,,,,
,,,,,,,,,,,,,,,,,120,4,2024-09-06_13h38.38.181,Symbol-E,2020.1.3,Win32,Firefox,Mozilla/5.0 (Windows NT 10.0; Win64; x64; rv:129.0) Gecko/20100101 Firefox/129.0,60,,,,,,,,,,,,,,,,,,,,,,,,,,,,,,,,,,,,media/dinb.png,6,2,Symb,i,TR,0,0,1,0,8,0,85,0,1,5,0.699980828,i,1.242,6,1,,,,,,,,,,,,,,,,,,,,,,,,,,,,,,,,,,,,,,,,,,,,,,,,,,,,,,,,,,,,,,,,,,,,,,,,,,,,,,,,,,i,1,1.242,0,0,0,0,1,,,,,,,,,,,,,,,,,,,,,,
,,,,,,,,,,,,,,,,,120,4,2024-09-06_13h38.38.181,Symbol-E,2020.1.3,Win32,Firefox,Mozilla/5.0 (Windows NT 10.0; Win64; x64; rv:129.0) Gecko/20100101 Firefox/129.0,60,,,,,,,,,,,,,,,,,,,,,,,,,,,,,,,,,,,,,,,,,,,,,,,,,,,,,,,,,,,,,,,,,,,,,,,,,,,,,,,,,,,,,,,,,,,,,,,,,,,,,,,,,,,,,,,,,,,,,,,,,,,,,,,,,,,,,,,,,,,,,,,,,,85,0,85,0,1,,,,,,,,,,,,,,,,,
,,,,,,,,,,,,,,,,,120,4,2024-09-06_13h38.38.181,Symbol-E,2020.1.3,Win32,Firefox,Mozilla/5.0 (Windows NT 10.0; Win64; x64; rv:129.0) Gecko/20100101 Firefox/129.0,60,,,,,,,,,,,,,,,,,,,,,,,,,,,,,,,,,,,,media/dnnb.png,2,2,Symb,e,TR,0,0,1,0,8,0,86,0,1,5,0.390536614,e,1.476,2,1,,,,,,,,,,,,,,,,,,,,,,,,,,,,,,,,,,,,,,,,,,,,,,,,,,,,,,,,,,,,,,,,,,,,,,,,,,,,,,,,,,e,1,1.476,0,0,0,0,1,,,,,,,,,,,,,,,,,,,,,,
,,,,,,,,,,,,,,,,,120,4,2024-09-06_13h38.38.181,Symbol-E,2020.1.3,Win32,Firefox,Mozilla/5.0 (Windows NT 10.0; Win64; x64; rv:129.0) Gecko/20100101 Firefox/129.0,60,,,,,,,,,,,,,,,,,,,,,,,,,,,,,,,,,,,,,,,,,,,,,,,,,,,,,,,,,,,,,,,,,,,,,,,,,,,,,,,,,,,,,,,,,,,,,,,,,,,,,,,,,,,,,,,,,,,,,,,,,,,,,,,,,,,,,,,,,,,,,,,,,,86,0,86,0,1,,,,,,,,,,,,,,,,,
,,,,,,,,,,,,,,,,,120,4,2024-09-06_13h38.38.181,Symbol-E,2020.1.3,Win32,Firefox,Mozilla/5.0 (Windows NT 10.0; Win64; x64; rv:129.0) Gecko/20100101 Firefox/129.0,60,,,,,,,,,,,,,,,,,,,,,,,,,,,,,,,,,,,,media/ddnb.png,5,1,Symb,u,TR,0,0,1,0,8,0,87,0,1,5,1.159322963,u,1.237,5,1,,,,,,,,,,,,,,,,,,,,,,,,,,,,,,,,,,,,,,,,,,,,,,,,,,,,,,,,,,,,,,,,,,,,,,,,,,,,,,,,,,u,1,1.237,0,0,0,0,1,,,,,,,,,,,,,,,,,,,,,,
,,,,,,,,,,,,,,,,,120,4,2024-09-06_13h38.38.181,Symbol-E,2020.1.3,Win32,Firefox,Mozilla/5.0 (Windows NT 10.0; Win64; x64; rv:129.0) Gecko/20100101 Firefox/129.0,60,,,,,,,,,,,,,,,,,,,,,,,,,,,,,,,,,,,,,,,,,,,,,,,,,,,,,,,,,,,,,,,,,,,,,,,,,,,,,,,,,,,,,,,,,,,,,,,,,,,,,,,,,,,,,,,,,,,,,,,,,,,,,,,,,,,,,,,,,,,,,,,,,,87,0,87,0,1,,,,,,,,,,,,,,,,,
,,,,,,,,,,,,,,,,,120,4,2024-09-06_13h38.38.181,Symbol-E,2020.1.3,Win32,Firefox,Mozilla/5.0 (Windows NT 10.0; Win64; x64; rv:129.0) Gecko/20100101 Firefox/129.0,60,,,,,,,,,,,,,,,,,,,,,,,,,,,,,,,,,,,,media/dinb.png,6,2,Symb,i,TR,0,0,1,0,8,0,88,0,1,5,1.018370933,i,1.275,6,1,,,,,,,,,,,,,,,,,,,,,,,,,,,,,,,,,,,,,,,,,,,,,,,,,,,,,,,,,,,,,,,,,,,,,,,,,,,,,,,,,,i,1,1.275,0,0,0,0,1,,,,,,,,,,,,,,,,,,,,,,
,,,,,,,,,,,,,,,,,120,4,2024-09-06_13h38.38.181,Symbol-E,2020.1.3,Win32,Firefox,Mozilla/5.0 (Windows NT 10.0; Win64; x64; rv:129.0) Gecko/20100101 Firefox/129.0,60,,,,,,,,,,,,,,,,,,,,,,,,,,,,,,,,,,,,,,,,,,,,,,,,,,,,,,,,,,,,,,,,,,,,,,,,,,,,,,,,,,,,,,,,,,,,,,,,,,,,,,,,,,,,,,,,,,,,,,,,,,,,,,,,,,,,,,,,,,,,,,,,,,88,0,88,0,1,,,,,,,,,,,,,,,,,
,,,,,,,,,,,,,,,,,120,4,2024-09-06_13h38.38.181,Symbol-E,2020.1.3,Win32,Firefox,Mozilla/5.0 (Windows NT 10.0; Win64; x64; rv:129.0) Gecko/20100101 Firefox/129.0,60,,,,,,,,,,,,,,,,,,,,,,,,,,,,,,,,,,,,media/ddnb.png,5,1,Symb,u,TR,0,0,1,0,8,0,89,0,1,5,0.846657621,u,1.321,5,1,,,,,,,,,,,,,,,,,,,,,,,,,,,,,,,,,,,,,,,,,,,,,,,,,,,,,,,,,,,,,,,,,,,,,,,,,,,,,,,,,,u,1,1.321,0,0,0,0,1,,,,,,,,,,,,,,,,,,,,,,
,,,,,,,,,,,,,,,,,120,4,2024-09-06_13h38.38.181,Symbol-E,2020.1.3,Win32,Firefox,Mozilla/5.0 (Windows NT 10.0; Win64; x64; rv:129.0) Gecko/20100101 Firefox/129.0,60,,,,,,,,,,,,,,,,,,,,,,,,,,,,,,,,,,,,,,,,,,,,,,,,,,,,,,,,,,,,,,,,,,,,,,,,,,,,,,,,,,,,,,,,,,,,,,,,,,,,,,,,,,,,,,,,,,,,,,,,,,,,,,,,,,,,,,,,,,,,,,,,,,89,0,89,0,1,,,,,,,,,,,,,,,,,
,,,,,,,,,,,,,,,,,120,4,2024-09-06_13h38.38.181,Symbol-E,2020.1.3,Win32,Firefox,Mozilla/5.0 (Windows NT 10.0; Win64; x64; rv:129.0) Gecko/20100101 Firefox/129.0,60,,,,,,,,,,,,,,,,,,,,,,,,,,,,,,,,,,,,media/dgnb.png,3,3,Symb,f,TR,0,0,1,0,8,0,90,0,1,5,0.195072563,a,99,8,0,,,,,,,,,,,,,,,,,,,,h,0.44,,,,,,,,,,,,,,,,,,,,,,,,,,,,,,,,,,,,,,,,,,,,,,,,,,,,,,,,,,,,,,0,,,,,,,,,,,,0,0,0,0,1,,,,,,,,,,,,
,,,,,,,,,,,,,,,,,120,4,2024-09-06_13h38.38.181,Symbol-E,2020.1.3,Win32,Firefox,Mozilla/5.0 (Windows NT 10.0; Win64; x64; rv:129.0) Gecko/20100101 Firefox/129.0,60,,,,,,,,,,,,,,,,,,,,,,,,,,,,,,,,,,,,,,,,,,,,,,,,,,,,,,,,,,,,,,,,,,,,,,,,,,,,,,,,,,,,,,,,,,,,,,,,,,,,,,,,,,,,,,,,,,,,,,,,,,,,,,,,,,,,,,,,,,,,,,,,,,90,0,90,0,1,,,,,,,,,,,,,,,,,
,,,,,,,,,,,,,,,,,120,4,2024-09-06_13h38.38.181,Symbol-E,2020.1.3,Win32,Firefox,Mozilla/5.0 (Windows NT 10.0; Win64; x64; rv:129.0) Gecko/20100101 Firefox/129.0,60,,,,,,,,,,,,,,,,,,,,,,,,,,,,,,,,,,,,media/dgnb.png,3,3,Symb,f,TR,0,0,1,0,8,0,91,0,1,5,0.788110833,f,1.447,3,1,,,,,,,,,,,,,,,,,,,,,,,,,,,,,,,,,,,,,,,,,,,,,,,,,,,,,,,,,,,,,,,,,,,,,,,,,,,,,,,,,,f,1,1.447,0,0,0,0,1,,,,,,,,,,,,,,,,,,,,,,
,,,,,,,,,,,,,,,,,120,4,2024-09-06_13h38.38.181,Symbol-E,2020.1.3,Win32,Firefox,Mozilla/5.0 (Windows NT 10.0; Win64; x64; rv:129.0) Gecko/20100101 Firefox/129.0,60,,,,,,,,,,,,,,,,,,,,,,,,,,,,,,,,,,,,,,,,,,,,,,,,,,,,,,,,,,,,,,,,,,,,,,,,,,,,,,,,,,,,,,,,,,,,,,,,,,,,,,,,,,,,,,,,,,,,,,,,,,,,,,,,,,,,,,,,,,,,,,,,,,91,0,91,0,1,,,,,,,,,,,,,,,,,
,,,,,,,,,,,,,,,,,120,4,2024-09-06_13h38.38.181,Symbol-E,2020.1.3,Win32,Firefox,Mozilla/5.0 (Windows NT 10.0; Win64; x64; rv:129.0) Gecko/20100101 Firefox/129.0,60,,,,,,,,,,,,,,,,,,,,,,,,,,,,,,,,,,,,media/dcnb.png,4,0,Symb,h,TR,0,0,1,0,8,0,92,0,1,5,0.623237393,h,1.184,4,1,,,,,,,,,,,,,,,,,,,,,,,,,,,,,,,,,,,,,,,,,,,,,,,,,,,,,,,,,,,,,,,,,,,,,,,,,,,,,,,,,,h,1,1.184,0,0,0,0,1,,,,,,,,,,,,,,,,,,,,,,
,,,,,,,,,,,,,,,,,120,4,2024-09-06_13h38.38.181,Symbol-E,2020.1.3,Win32,Firefox,Mozilla/5.0 (Windows NT 10.0; Win64; x64; rv:129.0) Gecko/20100101 Firefox/129.0,60,,,,,,,,,,,,,,,,,,,,,,,,,,,,,,,,,,,,,,,,,,,,,,,,,,,,,,,,,,,,,,,,,,,,,,,,,,,,,,,,,,,,,,,,,,,,,,,,,,,,,,,,,,,,,,,,,,,,,,,,,,,,,,,,,,,,,,,,,,,,,,,,,,92,0,92,0,1,,,,,,,,,,,,,,,,,
,,,,,,,,,,,,,,,,,120,4,2024-09-06_13h38.38.181,Symbol-E,2020.1.3,Win32,Firefox,Mozilla/5.0 (Windows NT 10.0; Win64; x64; rv:129.0) Gecko/20100101 Firefox/129.0,60,,,,,,,,,,,,,,,,,,,,,,,,,,,,,,,,,,,,media/dnnb.png,2,2,Symb,e,TR,0,0,1,0,8,0,93,0,1,5,0.662793867,e,1.207,2,1,,,,,,,,,,,,,,,,,,,,,,,,,,,,,,,,,,,,,,,,,,,,,,,,,,,,,,,,,,,,,,,,,,,,,,,,,,,,,,,,,,e,1,1.207,0,0,0,0,1,,,,,,,,,,,,,,,,,,,,,,
,,,,,,,,,,,,,,,,,120,4,2024-09-06_13h38.38.181,Symbol-E,2020.1.3,Win32,Firefox,Mozilla/5.0 (Windows NT 10.0; Win64; x64; rv:129.0) Gecko/20100101 Firefox/129.0,60,,,,,,,,,,,,,,,,,,,,,,,,,,,,,,,,,,,,,,,,,,,,,,,,,,,,,,,,,,,,,,,,,,,,,,,,,,,,,,,,,,,,,,,,,,,,,,,,,,,,,,,,,,,,,,,,,,,,,,,,,,,,,,,,,,,,,,,,,,,,,,,,,,93,0,93,0,1,,,,,,,,,,,,,,,,,
,,,,,,,,,,,,,,,,,120,4,2024-09-06_13h38.38.181,Symbol-E,2020.1.3,Win32,Firefox,Mozilla/5.0 (Windows NT 10.0; Win64; x64; rv:129.0) Gecko/20100101 Firefox/129.0,60,,,,,,,,,,,,,,,,,,,,,,,,,,,,,,,,,,,,media/dfnb.png,1,1,Symb,w,TR,0,0,1,0,8,0,94,0,1,5,0.462422734,w,1.317,1,1,,,,,,,,,,,,,,,,,,,,,,,,,,,,,,,,,,,,,,,,,,,,,,,,,,,,,,,,,,,,,,,,,,,,,,,,,,,,,,,,,,w,1,1.317,0,0,0,0,1,,,,,,,,,,,,,,,,,,,,,,
,,,,,,,,,,,,,,,,,120,4,2024-09-06_13h38.38.181,Symbol-E,2020.1.3,Win32,Firefox,Mozilla/5.0 (Windows NT 10.0; Win64; x64; rv:129.0) Gecko/20100101 Firefox/129.0,60,,,,,,,,,,,,,,,,,,,,,,,,,,,,,,,,,,,,,,,,,,,,,,,,,,,,,,,,,,,,,,,,,,,,,,,,,,,,,,,,,,,,,,,,,,,,,,,,,,,,,,,,,,,,,,,,,,,,,,,,,,,,,,,,,,,,,,,,,,,,,,,,,,94,0,94,0,1,,,,,,,,,,,,,,,,,
,,,,,,,,,,,,,,,,,120,4,2024-09-06_13h38.38.181,Symbol-E,2020.1.3,Win32,Firefox,Mozilla/5.0 (Windows NT 10.0; Win64; x64; rv:129.0) Gecko/20100101 Firefox/129.0,60,,,,,,,,,,,,,,,,,,,,,,,,,,,,,,,,,,,,media/dfnb.png,1,1,Symb,w,TR,0,0,1,0,8,0,95,0,1,5,0.738356155,w,1.329,1,1,,,,,,,,,,,,,,,,,,,,,,,,,,,,,,,,,,,,,,,,,,,,,,,,,,,,,,,,,,,,,,,,,,,,,,,,,,,,,,,,,,w,1,1.329,0,0,0,0,1,,,,,,,,,,,,,,,,,,,,,,
,,,,,,,,,,,,,,,,,120,4,2024-09-06_13h38.38.181,Symbol-E,2020.1.3,Win32,Firefox,Mozilla/5.0 (Windows NT 10.0; Win64; x64; rv:129.0) Gecko/20100101 Firefox/129.0,60,,,,,,,,,,,,,,,,,,,,,,,,,,,,,,,,,,,,,,,,,,,,,,,,,,,,,,,,,,,,,,,,,,,,,,,,,,,,,,,,,,,,,,,,,,,,,,,,,,,,,,,,,,,,,,,,,,,,,,,,,,,,,,,,,,,,,,,,,,,,,,,,,,95,0,95,0,1,,,,,,,,,,,,,,,,,
,,,,,,,,,,,,,,,,,120,4,2024-09-06_13h38.38.181,Symbol-E,2020.1.3,Win32,Firefox,Mozilla/5.0 (Windows NT 10.0; Win64; x64; rv:129.0) Gecko/20100101 Firefox/129.0,60,,,,,,,,,,,,,,,,,,,,,,,,,,,,,,,,,,,,,,,,,,,,,,,,,,,,,,,,,,,,,,,,,,,,,,,,,,,,,,,,,,,,,,,,,,,,,,,,,,,,,,,,,,,,,,,,,,,,,,,,,,,,,,,,,,,,,,,,,,,,,,,,,,,,,,,,,,,,4,0,4,0,1,,,,,,,
,,,,,,,,,,,,,,,,,120,4,2024-09-06_13h38.38.181,Symbol-E,2020.1.3,Win32,Firefox,Mozilla/5.0 (Windows NT 10.0; Win64; x64; rv:129.0) Gecko/20100101 Firefox/129.0,60,,,,,,,,,,,,,,,,,,,,,,,,,,,,,,,,,,,,media/ddnb.png,5,1,Symb,u,TR,0,0,1,0,8,0,0,0,1,6,0.657746485,h,1.363,4,0,,,,,,,,,,,,,,,,h,28.944,,,,,,,,,,,,,,,,,,,,,,,,,,,,,,,,,,,,,,,,,,,,,,,,,,,,,,,,,,,,,,,,,h,0,1.363,0,0,0,0,1,,,,,,,,,,,,,,,,,,,,,,
,,,,,,,,,,,,,,,,,120,4,2024-09-06_13h38.38.181,Symbol-E,2020.1.3,Win32,Firefox,Mozilla/5.0 (Windows NT 10.0; Win64; x64; rv:129.0) Gecko/20100101 Firefox/129.0,60,,,,,,,,,,,,,,,,,,,,,,,,,,,,,,,,,,,,,,,,,,,,,,,,,,,,,,,,,,,,,,,,,,,,,,,,,,,,,,,,,,,,,,,,,,,,,,,,,,,,,,,,,,,,,,,,,,,,,,,,,,,,,,,,,,,,,,,,,,,,,,,,,,0,0,0,0,1,,,,,,,,,,,,,,,,,
,,,,,,,,,,,,,,,,,120,4,2024-09-06_13h38.38.181,Symbol-E,2020.1.3,Win32,Firefox,Mozilla/5.0 (Windows NT 10.0; Win64; x64; rv:129.0) Gecko/20100101 Firefox/129.0,60,,,,,,,,,,,,,,,,,,,,,,,,,,,,,,,,,,,,media/ddnb.png,5,1,Symb,u,TR,0,0,1,0,8,0,1,0,1,6,0.917495457,l,1.129,7,0,,,,,,,,,,,,,,,,,,,,,,,,,,,,,,,,,,,,,,,,,,,,,,,,,,,,,,,,,,,,,,,,,,,,,,,,,,,,,,,,,,l,0,1.129,0,0,0,0,1,,,,,,,,,,,,,,,,,,,,,,
,,,,,,,,,,,,,,,,,120,4,2024-09-06_13h38.38.181,Symbol-E,2020.1.3,Win32,Firefox,Mozilla/5.0 (Windows NT 10.0; Win64; x64; rv:129.0) Gecko/20100101 Firefox/129.0,60,,,,,,,,,,,,,,,,,,,,,,,,,,,,,,,,,,,,,,,,,,,,,,,,,,,,,,,,,,,,,,,,,,,,,,,,,,,,,,,,,,,,,,,,,,,,,,,,,,,,,,,,,,,,,,,,,,,,,,,,,,,,,,,,,,,,,,,,,,,,,,,,,,1,0,1,0,1,,,,,,,,,,,,,,,,,
,,,,,,,,,,,,,,,,,120,4,2024-09-06_13h38.38.181,Symbol-E,2020.1.3,Win32,Firefox,Mozilla/5.0 (Windows NT 10.0; Win64; x64; rv:129.0) Gecko/20100101 Firefox/129.0,60,,,,,,,,,,,,,,,,,,,,,,,,,,,,,,,,,,,,media/dcnb.png,4,0,Symb,h,TR,0,0,1,0,8,0,2,0,1,6,0.772443093,h,1.307,4,1,,,,,,,,,,,,,,,,,,,,,,,,,,,,,,,,,,,,,,,,,,,,,,,,,,,,,,,,,,,,,,,,,,,,,,,,,,,,,,,,,,h,1,1.307,0,0,0,0,1,,,,,,,,,,,,,,,,,,,,,,
,,,,,,,,,,,,,,,,,120,4,2024-09-06_13h38.38.181,Symbol-E,2020.1.3,Win32,Firefox,Mozilla/5.0 (Windows NT 10.0; Win64; x64; rv:129.0) Gecko/20100101 Firefox/129.0,60,,,,,,,,,,,,,,,,,,,,,,,,,,,,,,,,,,,,,,,,,,,,,,,,,,,,,,,,,,,,,,,,,,,,,,,,,,,,,,,,,,,,,,,,,,,,,,,,,,,,,,,,,,,,,,,,,,,,,,,,,,,,,,,,,,,,,,,,,,,,,,,,,,2,0,2,0,1,,,,,,,,,,,,,,,,,
,,,,,,,,,,,,,,,,,120,4,2024-09-06_13h38.38.181,Symbol-E,2020.1.3,Win32,Firefox,Mozilla/5.0 (Windows NT 10.0; Win64; x64; rv:129.0) Gecko/20100101 Firefox/129.0,60,,,,,,,,,,,,,,,,,,,,,,,,,,,,,,,,,,,,media/djnb.png,0,0,Symb,a,TR,0,0,1,0,8,0,3,0,1,6,0.105826288,a,99,8,0,,,,,,,,,,,,,,,,,,,,h,0.086,,,,,,,,,,,,,,,,,,,,,,,,,,,,,,,,,,,,,,,,,,,,,,,,,,,,,,,,,,,,,,0,,,,,,,,,,,,0,0,0,0,1,,,,,,,,,,,,
,,,,,,,,,,,,,,,,,120,4,2024-09-06_13h38.38.181,Symbol-E,2020.1.3,Win32,Firefox,Mozilla/5.0 (Windows NT 10.0; Win64; x64; rv:129.0) Gecko/20100101 Firefox/129.0,60,,,,,,,,,,,,,,,,,,,,,,,,,,,,,,,,,,,,,,,,,,,,,,,,,,,,,,,,,,,,,,,,,,,,,,,,,,,,,,,,,,,,,,,,,,,,,,,,,,,,,,,,,,,,,,,,,,,,,,,,,,,,,,,,,,,,,,,,,,,,,,,,,,3,0,3,0,1,,,,,,,,,,,,,,,,,
,,,,,,,,,,,,,,,,,120,4,2024-09-06_13h38.38.181,Symbol-E,2020.1.3,Win32,Firefox,Mozilla/5.0 (Windows NT 10.0; Win64; x64; rv:129.0) Gecko/20100101 Firefox/129.0,60,,,,,,,,,,,,,,,,,,,,,,,,,,,,,,,,,,,,media/djnb.png,0,0,Symb,a,TR,0,0,1,0,8,0,4,0,1,6,0.651666521,a,1.435,0,1,,,,,,,,,,,,,,,,,,,,,,,,,,,,,,,,,,,,,,,,,,,,,,,,,,,,,,,,,,,,,,,,,,,,,,,,,,,,,,,,,,a,1,1.435,0,0,0,0,1,,,,,,,,,,,,,,,,,,,,,,
,,,,,,,,,,,,,,,,,120,4,2024-09-06_13h38.38.181,Symbol-E,2020.1.3,Win32,Firefox,Mozilla/5.0 (Windows NT 10.0; Win64; x64; rv:129.0) Gecko/20100101 Firefox/129.0,60,,,,,,,,,,,,,,,,,,,,,,,,,,,,,,,,,,,,,,,,,,,,,,,,,,,,,,,,,,,,,,,,,,,,,,,,,,,,,,,,,,,,,,,,,,,,,,,,,,,,,,,,,,,,,,,,,,,,,,,,,,,,,,,,,,,,,,,,,,,,,,,,,,4,0,4,0,1,,,,,,,,,,,,,,,,,
,,,,,,,,,,,,,,,,,120,4,2024-09-06_13h38.38.181,Symbol-E,2020.1.3,Win32,Firefox,Mozilla/5.0 (Windows NT 10.0; Win64; x64; rv:129.0) Gecko/20100101 Firefox/129.0,60,,,,,,,,,,,,,,,,,,,,,,,,,,,,,,,,,,,,media/dfnb.png,1,1,Symb,w,TR,0,0,1,0,8,0,5,0,1,6,1.012251934,w,1.202,1,1,,,,,,,,,,,,,,,,,,,,,,,,,,,,,,,,,,,,,,,,,,,,,,,,,,,,,,,,,,,,,,,,,,,,,,,,,,,,,,,,,,w,1,1.202,0,0,0,0,1,,,,,,,,,,,,,,,,,,,,,,
,,,,,,,,,,,,,,,,,120,4,2024-09-06_13h38.38.181,Symbol-E,2020.1.3,Win32,Firefox,Mozilla/5.0 (Windows NT 10.0; Win64; x64; rv:129.0) Gecko/20100101 Firefox/129.0,60,,,,,,,,,,,,,,,,,,,,,,,,,,,,,,,,,,,,,,,,,,,,,,,,,,,,,,,,,,,,,,,,,,,,,,,,,,,,,,,,,,,,,,,,,,,,,,,,,,,,,,,,,,,,,,,,,,,,,,,,,,,,,,,,,,,,,,,,,,,,,,,,,,5,0,5,0,1,,,,,,,,,,,,,,,,,
,,,,,,,,,,,,,,,,,120,4,2024-09-06_13h38.38.181,Symbol-E,2020.1.3,Win32,Firefox,Mozilla/5.0 (Windows NT 10.0; Win64; x64; rv:129.0) Gecko/20100101 Firefox/129.0,60,,,,,,,,,,,,,,,,,,,,,,,,,,,,,,,,,,,,media/dmnb.png,7,3,Symb,l,TR,0,0,1,0,8,0,6,0,1,6,0.921890143,l,1.248,7,1,,,,,,,,,,,,,,,,,,,,,,,,,,,,,,,,,,,,,,,,,,,,,,,,,,,,,,,,,,,,,,,,,,,,,,,,,,,,,,,,,,l,1,1.248,0,0,0,0,1,,,,,,,,,,,,,,,,,,,,,,
,,,,,,,,,,,,,,,,,120,4,2024-09-06_13h38.38.181,Symbol-E,2020.1.3,Win32,Firefox,Mozilla/5.0 (Windows NT 10.0; Win64; x64; rv:129.0) Gecko/20100101 Firefox/129.0,60,,,,,,,,,,,,,,,,,,,,,,,,,,,,,,,,,,,,,,,,,,,,,,,,,,,,,,,,,,,,,,,,,,,,,,,,,,,,,,,,,,,,,,,,,,,,,,,,,,,,,,,,,,,,,,,,,,,,,,,,,,,,,,,,,,,,,,,,,,,,,,,,,,6,0,6,0,1,,,,,,,,,,,,,,,,,
,,,,,,,,,,,,,,,,,120,4,2024-09-06_13h38.38.181,Symbol-E,2020.1.3,Win32,Firefox,Mozilla/5.0 (Windows NT 10.0; Win64; x64; rv:129.0) Gecko/20100101 Firefox/129.0,60,,,,,,,,,,,,,,,,,,,,,,,,,,,,,,,,,,,,media/dnnb.png,2,2,Symb,e,TR,0,0,1,0,8,0,7,0,1,6,0.121532095,a,99,8,0,,,,,,,,,,,,,,,,,,,,h,0.463,,,,,,,,,,,,,,,,,,,,,,,,,,,,,,,,,,,,,,,,,,,,,,,,,,,,,,,,,,,,,,0,,,,,,,,,,,,0,0,0,0,1,,,,,,,,,,,,
,,,,,,,,,,,,,,,,,120,4,2024-09-06_13h38.38.181,Symbol-E,2020.1.3,Win32,Firefox,Mozilla/5.0 (Windows NT 10.0; Win64; x64; rv:129.0) Gecko/20100101 Firefox/129.0,60,,,,,,,,,,,,,,,,,,,,,,,,,,,,,,,,,,,,,,,,,,,,,,,,,,,,,,,,,,,,,,,,,,,,,,,,,,,,,,,,,,,,,,,,,,,,,,,,,,,,,,,,,,,,,,,,,,,,,,,,,,,,,,,,,,,,,,,,,,,,,,,,,,7,0,7,0,1,,,,,,,,,,,,,,,,,
,,,,,,,,,,,,,,,,,120,4,2024-09-06_13h38.38.181,Symbol-E,2020.1.3,Win32,Firefox,Mozilla/5.0 (Windows NT 10.0; Win64; x64; rv:129.0) Gecko/20100101 Firefox/129.0,60,,,,,,,,,,,,,,,,,,,,,,,,,,,,,,,,,,,,media/dgnb.png,3,3,Symb,f,TR,0,0,1,0,8,0,8,0,1,6,0.005771947,a,99,8,0,,,,,,,,,,,,,,,,,,,,h,0.48,,,,,,,,,,,,,,,,,,,,,,,,,,,,,,,,,,,,,,,,,,,,,,,,,,,,,,,,,,,,,,0,,,,,,,,,,,,0,0,0,0,1,,,,,,,,,,,,
,,,,,,,,,,,,,,,,,120,4,2024-09-06_13h38.38.181,Symbol-E,2020.1.3,Win32,Firefox,Mozilla/5.0 (Windows NT 10.0; Win64; x64; rv:129.0) Gecko/20100101 Firefox/129.0,60,,,,,,,,,,,,,,,,,,,,,,,,,,,,,,,,,,,,,,,,,,,,,,,,,,,,,,,,,,,,,,,,,,,,,,,,,,,,,,,,,,,,,,,,,,,,,,,,,,,,,,,,,,,,,,,,,,,,,,,,,,,,,,,,,,,,,,,,,,,,,,,,,,8,0,8,0,1,,,,,,,,,,,,,,,,,
,,,,,,,,,,,,,,,,,120,4,2024-09-06_13h38.38.181,Symbol-E,2020.1.3,Win32,Firefox,Mozilla/5.0 (Windows NT 10.0; Win64; x64; rv:129.0) Gecko/20100101 Firefox/129.0,60,,,,,,,,,,,,,,,,,,,,,,,,,,,,,,,,,,,,media/dinb.png,6,2,Symb,i,TR,0,0,1,0,8,0,9,0,1,6,0.163567222,a,99,8,0,,,,,,,,,,,,,,,,,,,,h,0.149,,,,,,,,,,,,,,,,,,,,,,,,,,,,,,,,,,,,,,,,,,,,,,,,,,,,,,,,,,,,,,0,,,,,,,,,,,,0,0,0,0,1,,,,,,,,,,,,
,,,,,,,,,,,,,,,,,120,4,2024-09-06_13h38.38.181,Symbol-E,2020.1.3,Win32,Firefox,Mozilla/5.0 (Windows NT 10.0; Win64; x64; rv:129.0) Gecko/20100101 Firefox/129.0,60,,,,,,,,,,,,,,,,,,,,,,,,,,,,,,,,,,,,,,,,,,,,,,,,,,,,,,,,,,,,,,,,,,,,,,,,,,,,,,,,,,,,,,,,,,,,,,,,,,,,,,,,,,,,,,,,,,,,,,,,,,,,,,,,,,,,,,,,,,,,,,,,,,9,0,9,0,1,,,,,,,,,,,,,,,,,
,,,,,,,,,,,,,,,,,120,4,2024-09-06_13h38.38.181,Symbol-E,2020.1.3,Win32,Firefox,Mozilla/5.0 (Windows NT 10.0; Win64; x64; rv:129.0) Gecko/20100101 Firefox/129.0,60,,,,,,,,,,,,,,,,,,,,,,,,,,,,,,,,,,,,media/dinb.png,6,2,Symb,i,TR,0,0,1,0,8,0,10,0,1,6,0.017058274,i,1.405,6,1,,,,,,,,,,,,,,,,,,,,,,,,,,,,,,,,,,,,,,,,,,,,,,,,,,,,,,,,,,,,,,,,,,,,,,,,,,,,,,,,,,i,1,1.405,0,0,0,0,1,,,,,,,,,,,,,,,,,,,,,,
,,,,,,,,,,,,,,,,,120,4,2024-09-06_13h38.38.181,Symbol-E,2020.1.3,Win32,Firefox,Mozilla/5.0 (Windows NT 10.0; Win64; x64; rv:129.0) Gecko/20100101 Firefox/129.0,60,,,,,,,,,,,,,,,,,,,,,,,,,,,,,,,,,,,,,,,,,,,,,,,,,,,,,,,,,,,,,,,,,,,,,,,,,,,,,,,,,,,,,,,,,,,,,,,,,,,,,,,,,,,,,,,,,,,,,,,,,,,,,,,,,,,,,,,,,,,,,,,,,,10,0,10,0,1,,,,,,,,,,,,,,,,,
,,,,,,,,,,,,,,,,,120,4,2024-09-06_13h38.38.181,Symbol-E,2020.1.3,Win32,Firefox,Mozilla/5.0 (Windows NT 10.0; Win64; x64; rv:129.0) Gecko/20100101 Firefox/129.0,60,,,,,,,,,,,,,,,,,,,,,,,,,,,,,,,,,,,,media/dmnb.png,7,3,Symb,l,TR,0,0,1,0,8,0,11,0,1,6,0.213879516,i,1.298,6,0,,,,,,,,,,,,,,,,,,,,,,,,,,,,,,,,,,,,,,,,,,,,,,,,,,,,,,,,,,,,,,,,,,,,,,,,,,,,,,,,,,i,0,1.298,0,0,0,0,1,,,,,,,,,,,,,,,,,,,,,,
,,,,,,,,,,,,,,,,,120,4,2024-09-06_13h38.38.181,Symbol-E,2020.1.3,Win32,Firefox,Mozilla/5.0 (Windows NT 10.0; Win64; x64; rv:129.0) Gecko/20100101 Firefox/129.0,60,,,,,,,,,,,,,,,,,,,,,,,,,,,,,,,,,,,,,,,,,,,,,,,,,,,,,,,,,,,,,,,,,,,,,,,,,,,,,,,,,,,,,,,,,,,,,,,,,,,,,,,,,,,,,,,,,,,,,,,,,,,,,,,,,,,,,,,,,,,,,,,,,,11,0,11,0,1,,,,,,,,,,,,,,,,,
,,,,,,,,,,,,,,,,,120,4,2024-09-06_13h38.38.181,Symbol-E,2020.1.3,Win32,Firefox,Mozilla/5.0 (Windows NT 10.0; Win64; x64; rv:129.0) Gecko/20100101 Firefox/129.0,60,,,,,,,,,,,,,,,,,,,,,,,,,,,,,,,,,,,,media/dnnb.png,2,2,Symb,e,TR,0,0,1,0,8,0,12,0,1,6,0.035045869,l,1.226,7,0,,,,,,,,,,,,,,,,,,,,,,,,,,,,,,,,,,,,,,,,,,,,,,,,,,,,,,,,,,,,,,,,,,,,,,,,,,,,,,,,,,l,0,1.226,0,0,0,0,1,,,,,,,,,,,,,,,,,,,,,,
,,,,,,,,,,,,,,,,,120,4,2024-09-06_13h38.38.181,Symbol-E,2020.1.3,Win32,Firefox,Mozilla/5.0 (Windows NT 10.0; Win64; x64; rv:129.0) Gecko/20100101 Firefox/129.0,60,,,,,,,,,,,,,,,,,,,,,,,,,,,,,,,,,,,,,,,,,,,,,,,,,,,,,,,,,,,,,,,,,,,,,,,,,,,,,,,,,,,,,,,,,,,,,,,,,,,,,,,,,,,,,,,,,,,,,,,,,,,,,,,,,,,,,,,,,,,,,,,,,,12,0,12,0,1,,,,,,,,,,,,,,,,,
,,,,,,,,,,,,,,,,,120,4,2024-09-06_13h38.38.181,Symbol-E,2020.1.3,Win32,Firefox,Mozilla/5.0 (Windows NT 10.0; Win64; x64; rv:129.0) Gecko/20100101 Firefox/129.0,60,,,,,,,,,,,,,,,,,,,,,,,,,,,,,,,,,,,,media/dgnb.png,3,3,Symb,f,TR,0,0,1,0,8,0,13,0,1,6,0.613972012,e,1.227,2,0,,,,,,,,,,,,,,,,,,,,,,,,,,,,,,,,,,,,,,,,,,,,,,,,,,,,,,,,,,,,,,,,,,,,,,,,,,,,,,,,,,e,0,1.227,0,0,0,0,1,,,,,,,,,,,,,,,,,,,,,,
,,,,,,,,,,,,,,,,,120,4,2024-09-06_13h38.38.181,Symbol-E,2020.1.3,Win32,Firefox,Mozilla/5.0 (Windows NT 10.0; Win64; x64; rv:129.0) Gecko/20100101 Firefox/129.0,60,,,,,,,,,,,,,,,,,,,,,,,,,,,,,,,,,,,,,,,,,,,,,,,,,,,,,,,,,,,,,,,,,,,,,,,,,,,,,,,,,,,,,,,,,,,,,,,,,,,,,,,,,,,,,,,,,,,,,,,,,,,,,,,,,,,,,,,,,,,,,,,,,,13,0,13,0,1,,,,,,,,,,,,,,,,,
,,,,,,,,,,,,,,,,,120,4,2024-09-06_13h38.38.181,Symbol-E,2020.1.3,Win32,Firefox,Mozilla/5.0 (Windows NT 10.0; Win64; x64; rv:129.0) Gecko/20100101 Firefox/129.0,60,,,,,,,,,,,,,,,,,,,,,,,,,,,,,,,,,,,,media/dfnb.png,1,1,Symb,w,TR,0,0,1,0,8,0,14,0,1,6,0.110052406,f,1.268,3,0,,,,,,,,,,,,,,,,,,,,,,,,,,,,,,,,,,,,,,,,,,,,,,,,,,,,,,,,,,,,,,,,,,,,,,,,,,,,,,,,,,f,0,1.268,0,0,0,0,1,,,,,,,,,,,,,,,,,,,,,,
,,,,,,,,,,,,,,,,,120,4,2024-09-06_13h38.38.181,Symbol-E,2020.1.3,Win32,Firefox,Mozilla/5.0 (Windows NT 10.0; Win64; x64; rv:129.0) Gecko/20100101 Firefox/129.0,60,,,,,,,,,,,,,,,,,,,,,,,,,,,,,,,,,,,,,,,,,,,,,,,,,,,,,,,,,,,,,,,,,,,,,,,,,,,,,,,,,,,,,,,,,,,,,,,,,,,,,,,,,,,,,,,,,,,,,,,,,,,,,,,,,,,,,,,,,,,,,,,,,,14,0,14,0,1,,,,,,,,,,,,,,,,,
,,,,,,,,,,,,,,,,,120,4,2024-09-06_13h38.38.181,Symbol-E,2020.1.3,Win32,Firefox,Mozilla/5.0 (Windows NT 10.0; Win64; x64; rv:129.0) Gecko/20100101 Firefox/129.0,60,,,,,,,,,,,,,,,,,,,,,,,,,,,,,,,,,,,,media/dcnb.png,4,0,Symb,h,TR,0,0,1,0,8,0,15,0,1,6,0.822059962,h,1.148,4,1,,,,,,,,,,,,,,,,,,,,,,,,,,,,,,,,,,,,,,,,,,,,,,,,,,,,,,,,,,,,,,,,,,,,,,,,,,,,,,,,,,h,1,1.148,0,0,0,0,1,,,,,,,,,,,,,,,,,,,,,,
,,,,,,,,,,,,,,,,,120,4,2024-09-06_13h38.38.181,Symbol-E,2020.1.3,Win32,Firefox,Mozilla/5.0 (Windows NT 10.0; Win64; x64; rv:129.0) Gecko/20100101 Firefox/129.0,60,,,,,,,,,,,,,,,,,,,,,,,,,,,,,,,,,,,,,,,,,,,,,,,,,,,,,,,,,,,,,,,,,,,,,,,,,,,,,,,,,,,,,,,,,,,,,,,,,,,,,,,,,,,,,,,,,,,,,,,,,,,,,,,,,,,,,,,,,,,,,,,,,,15,0,15,0,1,,,,,,,,,,,,,,,,,
,,,,,,,,,,,,,,,,,120,4,2024-09-06_13h38.38.181,Symbol-E,2020.1.3,Win32,Firefox,Mozilla/5.0 (Windows NT 10.0; Win64; x64; rv:129.0) Gecko/20100101 Firefox/129.0,60,,,,,,,,,,,,,,,,,,,,,,,,,,,,,,,,,,,,media/ddnb.png,5,1,Symb,u,TR,0,0,1,0,8,0,16,0,1,6,0.474223349,h,1.342,4,0,,,,,,,,,,,,,,,,,,,,,,,,,,,,,,,,,,,,,,,,,,,,,,,,,,,,,,,,,,,,,,,,,,,,,,,,,,,,,,,,,,h,0,1.342,0,0,0,0,1,,,,,,,,,,,,,,,,,,,,,,
,,,,,,,,,,,,,,,,,120,4,2024-09-06_13h38.38.181,Symbol-E,2020.1.3,Win32,Firefox,Mozilla/5.0 (Windows NT 10.0; Win64; x64; rv:129.0) Gecko/20100101 Firefox/129.0,60,,,,,,,,,,,,,,,,,,,,,,,,,,,,,,,,,,,,,,,,,,,,,,,,,,,,,,,,,,,,,,,,,,,,,,,,,,,,,,,,,,,,,,,,,,,,,,,,,,,,,,,,,,,,,,,,,,,,,,,,,,,,,,,,,,,,,,,,,,,,,,,,,,16,0,16,0,1,,,,,,,,,,,,,,,,,
,,,,,,,,,,,,,,,,,120,4,2024-09-06_13h38.38.181,Symbol-E,2020.1.3,Win32,Firefox,Mozilla/5.0 (Windows NT 10.0; Win64; x64; rv:129.0) Gecko/20100101 Firefox/129.0,60,,,,,,,,,,,,,,,,,,,,,,,,,,,,,,,,,,,,media/dcnb.png,4,0,Symb,h,TR,0,0,1,0,8,0,17,0,1,6,0.319242664,h,1.425,4,1,,,,,,,,,,,,,,,,,,,,,,,,,,,,,,,,,,,,,,,,,,,,,,,,,,,,,,,,,,,,,,,,,,,,,,,,,,,,,,,,,,h,1,1.425,0,0,0,0,1,,,,,,,,,,,,,,,,,,,,,,
,,,,,,,,,,,,,,,,,120,4,2024-09-06_13h38.38.181,Symbol-E,2020.1.3,Win32,Firefox,Mozilla/5.0 (Windows NT 10.0; Win64; x64; rv:129.0) Gecko/20100101 Firefox/129.0,60,,,,,,,,,,,,,,,,,,,,,,,,,,,,,,,,,,,,,,,,,,,,,,,,,,,,,,,,,,,,,,,,,,,,,,,,,,,,,,,,,,,,,,,,,,,,,,,,,,,,,,,,,,,,,,,,,,,,,,,,,,,,,,,,,,,,,,,,,,,,,,,,,,17,0,17,0,1,,,,,,,,,,,,,,,,,
,,,,,,,,,,,,,,,,,120,4,2024-09-06_13h38.38.181,Symbol-E,2020.1.3,Win32,Firefox,Mozilla/5.0 (Windows NT 10.0; Win64; x64; rv:129.0) Gecko/20100101 Firefox/129.0,60,,,,,,,,,,,,,,,,,,,,,,,,,,,,,,,,,,,,media/dnnb.png,2,2,Symb,e,TR,0,0,1,0,8,0,18,0,1,6,0.788960977,e,1.219,2,1,,,,,,,,,,,,,,,,,,,,,,,,,,,,,,,,,,,,,,,,,,,,,,,,,,,,,,,,,,,,,,,,,,,,,,,,,,,,,,,,,,e,1,1.219,0,0,0,0,1,,,,,,,,,,,,,,,,,,,,,,
,,,,,,,,,,,,,,,,,120,4,2024-09-06_13h38.38.181,Symbol-E,2020.1.3,Win32,Firefox,Mozilla/5.0 (Windows NT 10.0; Win64; x64; rv:129.0) Gecko/20100101 Firefox/129.0,60,,,,,,,,,,,,,,,,,,,,,,,,,,,,,,,,,,,,,,,,,,,,,,,,,,,,,,,,,,,,,,,,,,,,,,,,,,,,,,,,,,,,,,,,,,,,,,,,,,,,,,,,,,,,,,,,,,,,,,,,,,,,,,,,,,,,,,,,,,,,,,,,,,18,0,18,0,1,,,,,,,,,,,,,,,,,
,,,,,,,,,,,,,,,,,120,4,2024-09-06_13h38.38.181,Symbol-E,2020.1.3,Win32,Firefox,Mozilla/5.0 (Windows NT 10.0; Win64; x64; rv:129.0) Gecko/20100101 Firefox/129.0,60,,,,,,,,,,,,,,,,,,,,,,,,,,,,,,,,,,,,media/dinb.png,6,2,Symb,i,TR,0,0,1,0,8,0,19,0,1,6,0.863657133,l,1.21,7,0,,,,,,,,,,,,,,,,,,,,,,,,,,,,,,,,,,,,,,,,,,,,,,,,,,,,,,,,,,,,,,,,,,,,,,,,,,,,,,,,,,l,0,1.21,0,0,0,0,1,,,,,,,,,,,,,,,,,,,,,,
,,,,,,,,,,,,,,,,,120,4,2024-09-06_13h38.38.181,Symbol-E,2020.1.3,Win32,Firefox,Mozilla/5.0 (Windows NT 10.0; Win64; x64; rv:129.0) Gecko/20100101 Firefox/129.0,60,,,,,,,,,,,,,,,,,,,,,,,,,,,,,,,,,,,,,,,,,,,,,,,,,,,,,,,,,,,,,,,,,,,,,,,,,,,,,,,,,,,,,,,,,,,,,,,,,,,,,,,,,,,,,,,,,,,,,,,,,,,,,,,,,,,,,,,,,,,,,,,,,,19,0,19,0,1,,,,,,,,,,,,,,,,,
,,,,,,,,,,,,,,,,,120,4,2024-09-06_13h38.38.181,Symbol-E,2020.1.3,Win32,Firefox,Mozilla/5.0 (Windows NT 10.0; Win64; x64; rv:129.0) Gecko/20100101 Firefox/129.0,60,,,,,,,,,,,,,,,,,,,,,,,,,,,,,,,,,,,,media/ddnb.png,5,1,Symb,u,TR,0,0,1,0,8,0,20,0,1,6,0.38619235,h,1.412,4,0,,,,,,,,,,,,,,,,,,,,,,,,,,,,,,,,,,,,,,,,,,,,,,,,,,,,,,,,,,,,,,,,,,,,,,,,,,,,,,,,,,h,0,1.412,0,0,0,0,1,,,,,,,,,,,,,,,,,,,,,,
,,,,,,,,,,,,,,,,,120,4,2024-09-06_13h38.38.181,Symbol-E,2020.1.3,Win32,Firefox,Mozilla/5.0 (Windows NT 10.0; Win64; x64; rv:129.0) Gecko/20100101 Firefox/129.0,60,,,,,,,,,,,,,,,,,,,,,,,,,,,,,,,,,,,,,,,,,,,,,,,,,,,,,,,,,,,,,,,,,,,,,,,,,,,,,,,,,,,,,,,,,,,,,,,,,,,,,,,,,,,,,,,,,,,,,,,,,,,,,,,,,,,,,,,,,,,,,,,,,,20,0,20,0,1,,,,,,,,,,,,,,,,,
,,,,,,,,,,,,,,,,,120,4,2024-09-06_13h38.38.181,Symbol-E,2020.1.3,Win32,Firefox,Mozilla/5.0 (Windows NT 10.0; Win64; x64; rv:129.0) Gecko/20100101 Firefox/129.0,60,,,,,,,,,,,,,,,,,,,,,,,,,,,,,,,,,,,,media/dnnb.png,2,2,Symb,e,TR,0,0,1,0,8,0,21,0,1,6,0.945199027,e,1.273,2,1,,,,,,,,,,,,,,,,,,,,,,,,,,,,,,,,,,,,,,,,,,,,,,,,,,,,,,,,,,,,,,,,,,,,,,,,,,,,,,,,,,e,1,1.273,0,0,0,0,1,,,,,,,,,,,,,,,,,,,,,,
,,,,,,,,,,,,,,,,,120,4,2024-09-06_13h38.38.181,Symbol-E,2020.1.3,Win32,Firefox,Mozilla/5.0 (Windows NT 10.0; Win64; x64; rv:129.0) Gecko/20100101 Firefox/129.0,60,,,,,,,,,,,,,,,,,,,,,,,,,,,,,,,,,,,,,,,,,,,,,,,,,,,,,,,,,,,,,,,,,,,,,,,,,,,,,,,,,,,,,,,,,,,,,,,,,,,,,,,,,,,,,,,,,,,,,,,,,,,,,,,,,,,,,,,,,,,,,,,,,,21,0,21,0,1,,,,,,,,,,,,,,,,,
,,,,,,,,,,,,,,,,,120,4,2024-09-06_13h38.38.181,Symbol-E,2020.1.3,Win32,Firefox,Mozilla/5.0 (Windows NT 10.0; Win64; x64; rv:129.0) Gecko/20100101 Firefox/129.0,60,,,,,,,,,,,,,,,,,,,,,,,,,,,,,,,,,,,,media/dmnb.png,7,3,Symb,l,TR,0,0,1,0,8,0,22,0,1,6,0.870070438,u,1.201,5,0,,,,,,,,,,,,,,,,,,,,,,,,,,,,,,,,,,,,,,,,,,,,,,,,,,,,,,,,,,,,,,,,,,,,,,,,,,,,,,,,,,u,0,1.201,0,0,0,0,1,,,,,,,,,,,,,,,,,,,,,,
,,,,,,,,,,,,,,,,,120,4,2024-09-06_13h38.38.181,Symbol-E,2020.1.3,Win32,Firefox,Mozilla/5.0 (Windows NT 10.0; Win64; x64; rv:129.0) Gecko/20100101 Firefox/129.0,60,,,,,,,,,,,,,,,,,,,,,,,,,,,,,,,,,,,,,,,,,,,,,,,,,,,,,,,,,,,,,,,,,,,,,,,,,,,,,,,,,,,,,,,,,,,,,,,,,,,,,,,,,,,,,,,,,,,,,,,,,,,,,,,,,,,,,,,,,,,,,,,,,,22,0,22,0,1,,,,,,,,,,,,,,,,,
,,,,,,,,,,,,,,,,,120,4,2024-09-06_13h38.38.181,Symbol-E,2020.1.3,Win32,Firefox,Mozilla/5.0 (Windows NT 10.0; Win64; x64; rv:129.0) Gecko/20100101 Firefox/129.0,60,,,,,,,,,,,,,,,,,,,,,,,,,,,,,,,,,,,,media/dgnb.png,3,3,Symb,f,TR,0,0,1,0,8,0,23,0,1,6,1.160807647,f,1.238,3,1,,,,,,,,,,,,,,,,,,,,,,,,,,,,,,,,,,,,,,,,,,,,,,,,,,,,,,,,,,,,,,,,,,,,,,,,,,,,,,,,,,f,1,1.238,0,0,0,0,1,,,,,,,,,,,,,,,,,,,,,,
,,,,,,,,,,,,,,,,,120,4,2024-09-06_13h38.38.181,Symbol-E,2020.1.3,Win32,Firefox,Mozilla/5.0 (Windows NT 10.0; Win64; x64; rv:129.0) Gecko/20100101 Firefox/129.0,60,,,,,,,,,,,,,,,,,,,,,,,,,,,,,,,,,,,,,,,,,,,,,,,,,,,,,,,,,,,,,,,,,,,,,,,,,,,,,,,,,,,,,,,,,,,,,,,,,,,,,,,,,,,,,,,,,,,,,,,,,,,,,,,,,,,,,,,,,,,,,,,,,,23,0,23,0,1,,,,,,,,,,,,,,,,,
,,,,,,,,,,,,,,,,,120,4,2024-09-06_13h38.38.181,Symbol-E,2020.1.3,Win32,Firefox,Mozilla/5.0 (Windows NT 10.0; Win64; x64; rv:129.0) Gecko/20100101 Firefox/129.0,60,,,,,,,,,,,,,,,,,,,,,,,,,,,,,,,,,,,,media/djnb.png,0,0,Symb,a,TR,0,0,1,0,8,0,24,0,1,6,0.312448404,w,1.287,1,0,,,,,,,,,,,,,,,,,,,,,,,,,,,,,,,,,,,,,,,,,,,,,,,,,,,,,,,,,,,,,,,,,,,,,,,,,,,,,,,,,,w,0,1.287,0,0,0,0,1,,,,,,,,,,,,,,,,,,,,,,
,,,,,,,,,,,,,,,,,120,4,2024-09-06_13h38.38.181,Symbol-E,2020.1.3,Win32,Firefox,Mozilla/5.0 (Windows NT 10.0; Win64; x64; rv:129.0) Gecko/20100101 Firefox/129.0,60,,,,,,,,,,,,,,,,,,,,,,,,,,,,,,,,,,,,,,,,,,,,,,,,,,,,,,,,,,,,,,,,,,,,,,,,,,,,,,,,,,,,,,,,,,,,,,,,,,,,,,,,,,,,,,,,,,,,,,,,,,,,,,,,,,,,,,,,,,,,,,,,,,24,0,24,0,1,,,,,,,,,,,,,,,,,
,,,,,,,,,,,,,,,,,120,4,2024-09-06_13h38.38.181,Symbol-E,2020.1.3,Win32,Firefox,Mozilla/5.0 (Windows NT 10.0; Win64; x64; rv:129.0) Gecko/20100101 Firefox/129.0,60,,,,,,,,,,,,,,,,,,,,,,,,,,,,,,,,,,,,media/dcnb.png,4,0,Symb,h,TR,0,0,1,0,8,0,25,0,1,6,1.0988207,h,1.297,4,1,,,,,,,,,,,,,,,,,,,,,,,,,,,,,,,,,,,,,,,,,,,,,,,,,,,,,,,,,,,,,,,,,,,,,,,,,,,,,,,,,,h,1,1.297,0,0,0,0,1,,,,,,,,,,,,,,,,,,,,,,
,,,,,,,,,,,,,,,,,120,4,2024-09-06_13h38.38.181,Symbol-E,2020.1.3,Win32,Firefox,Mozilla/5.0 (Windows NT 10.0; Win64; x64; rv:129.0) Gecko/20100101 Firefox/129.0,60,,,,,,,,,,,,,,,,,,,,,,,,,,,,,,,,,,,,,,,,,,,,,,,,,,,,,,,,,,,,,,,,,,,,,,,,,,,,,,,,,,,,,,,,,,,,,,,,,,,,,,,,,,,,,,,,,,,,,,,,,,,,,,,,,,,,,,,,,,,,,,,,,,25,0,25,0,1,,,,,,,,,,,,,,,,,
,,,,,,,,,,,,,,,,,120,4,2024-09-06_13h38.38.181,Symbol-E,2020.1.3,Win32,Firefox,Mozilla/5.0 (Windows NT 10.0; Win64; x64; rv:129.0) Gecko/20100101 Firefox/129.0,60,,,,,,,,,,,,,,,,,,,,,,,,,,,,,,,,,,,,media/dinb.png,6,2,Symb,i,TR,0,0,1,0,8,0,26,0,1,6,0.577088924,i,1.426,6,1,,,,,,,,,,,,,,,,,,,,,,,,,,,,,,,,,,,,,,,,,,,,,,,,,,,,,,,,,,,,,,,,,,,,,,,,,,,,,,,,,,i,1,1.426,0,0,0,0,1,,,,,,,,,,,,,,,,,,,,,,
,,,,,,,,,,,,,,,,,120,4,2024-09-06_13h38.38.181,Symbol-E,2020.1.3,Win32,Firefox,Mozilla/5.0 (Windows NT 10.0; Win64; x64; rv:129.0) Gecko/20100101 Firefox/129.0,60,,,,,,,,,,,,,,,,,,,,,,,,,,,,,,,,,,,,,,,,,,,,,,,,,,,,,,,,,,,,,,,,,,,,,,,,,,,,,,,,,,,,,,,,,,,,,,,,,,,,,,,,,,,,,,,,,,,,,,,,,,,,,,,,,,,,,,,,,,,,,,,,,,26,0,26,0,1,,,,,,,,,,,,,,,,,
,,,,,,,,,,,,,,,,,120,4,2024-09-06_13h38.38.181,Symbol-E,2020.1.3,Win32,Firefox,Mozilla/5.0 (Windows NT 10.0; Win64; x64; rv:129.0) Gecko/20100101 Firefox/129.0,60,,,,,,,,,,,,,,,,,,,,,,,,,,,,,,,,,,,,media/djnb.png,0,0,Symb,a,TR,0,0,1,0,8,0,27,0,1,6,0.039199261,l,1.449,7,0,,,,,,,,,,,,,,,,,,,,,,,,,,,,,,,,,,,,,,,,,,,,,,,,,,,,,,,,,,,,,,,,,,,,,,,,,,,,,,,,,,l,0,1.449,0,0,0,0,1,,,,,,,,,,,,,,,,,,,,,,
,,,,,,,,,,,,,,,,,120,4,2024-09-06_13h38.38.181,Symbol-E,2020.1.3,Win32,Firefox,Mozilla/5.0 (Windows NT 10.0; Win64; x64; rv:129.0) Gecko/20100101 Firefox/129.0,60,,,,,,,,,,,,,,,,,,,,,,,,,,,,,,,,,,,,,,,,,,,,,,,,,,,,,,,,,,,,,,,,,,,,,,,,,,,,,,,,,,,,,,,,,,,,,,,,,,,,,,,,,,,,,,,,,,,,,,,,,,,,,,,,,,,,,,,,,,,,,,,,,,27,0,27,0,1,,,,,,,,,,,,,,,,,
,,,,,,,,,,,,,,,,,120,4,2024-09-06_13h38.38.181,Symbol-E,2020.1.3,Win32,Firefox,Mozilla/5.0 (Windows NT 10.0; Win64; x64; rv:129.0) Gecko/20100101 Firefox/129.0,60,,,,,,,,,,,,,,,,,,,,,,,,,,,,,,,,,,,,media/dmnb.png,7,3,Symb,l,TR,0,0,1,0,8,0,28,0,1,6,0.627135213,u,1.273,5,0,,,,,,,,,,,,,,,,,,,,,,,,,,,,,,,,,,,,,,,,,,,,,,,,,,,,,,,,,,,,,,,,,,,,,,,,,,,,,,,,,,u,0,1.273,0,0,0,0,1,,,,,,,,,,,,,,,,,,,,,,
,,,,,,,,,,,,,,,,,120,4,2024-09-06_13h38.38.181,Symbol-E,2020.1.3,Win32,Firefox,Mozilla/5.0 (Windows NT 10.0; Win64; x64; rv:129.0) Gecko/20100101 Firefox/129.0,60,,,,,,,,,,,,,,,,,,,,,,,,,,,,,,,,,,,,,,,,,,,,,,,,,,,,,,,,,,,,,,,,,,,,,,,,,,,,,,,,,,,,,,,,,,,,,,,,,,,,,,,,,,,,,,,,,,,,,,,,,,,,,,,,,,,,,,,,,,,,,,,,,,28,0,28,0,1,,,,,,,,,,,,,,,,,
,,,,,,,,,,,,,,,,,120,4,2024-09-06_13h38.38.181,Symbol-E,2020.1.3,Win32,Firefox,Mozilla/5.0 (Windows NT 10.0; Win64; x64; rv:129.0) Gecko/20100101 Firefox/129.0,60,,,,,,,,,,,,,,,,,,,,,,,,,,,,,,,,,,,,media/dfnb.png,1,1,Symb,w,TR,0,0,1,0,8,0,29,0,1,6,0.027460093,u,1.315,5,0,,,,,,,,,,,,,,,,,,,,,,,,,,,,,,,,,,,,,,,,,,,,,,,,,,,,,,,,,,,,,,,,,,,,,,,,,,,,,,,,,,u,0,1.315,0,0,0,0,1,,,,,,,,,,,,,,,,,,,,,,
,,,,,,,,,,,,,,,,,120,4,2024-09-06_13h38.38.181,Symbol-E,2020.1.3,Win32,Firefox,Mozilla/5.0 (Windows NT 10.0; Win64; x64; rv:129.0) Gecko/20100101 Firefox/129.0,60,,,,,,,,,,,,,,,,,,,,,,,,,,,,,,,,,,,,,,,,,,,,,,,,,,,,,,,,,,,,,,,,,,,,,,,,,,,,,,,,,,,,,,,,,,,,,,,,,,,,,,,,,,,,,,,,,,,,,,,,,,,,,,,,,,,,,,,,,,,,,,,,,,29,0,29,0,1,,,,,,,,,,,,,,,,,
,,,,,,,,,,,,,,,,,120,4,2024-09-06_13h38.38.181,Symbol-E,2020.1.3,Win32,Firefox,Mozilla/5.0 (Windows NT 10.0; Win64; x64; rv:129.0) Gecko/20100101 Firefox/129.0,60,,,,,,,,,,,,,,,,,,,,,,,,,,,,,,,,,,,,media/dfnb.png,1,1,Symb,w,TR,0,0,1,0,8,0,30,0,1,6,0.978169225,w,1.213,1,1,,,,,,,,,,,,,,,,,,,,,,,,,,,,,,,,,,,,,,,,,,,,,,,,,,,,,,,,,,,,,,,,,,,,,,,,,,,,,,,,,,w,1,1.213,0,0,0,0,1,,,,,,,,,,,,,,,,,,,,,,
,,,,,,,,,,,,,,,,,120,4,2024-09-06_13h38.38.181,Symbol-E,2020.1.3,Win32,Firefox,Mozilla/5.0 (Windows NT 10.0; Win64; x64; rv:129.0) Gecko/20100101 Firefox/129.0,60,,,,,,,,,,,,,,,,,,,,,,,,,,,,,,,,,,,,,,,,,,,,,,,,,,,,,,,,,,,,,,,,,,,,,,,,,,,,,,,,,,,,,,,,,,,,,,,,,,,,,,,,,,,,,,,,,,,,,,,,,,,,,,,,,,,,,,,,,,,,,,,,,,30,0,30,0,1,,,,,,,,,,,,,,,,,
,,,,,,,,,,,,,,,,,120,4,2024-09-06_13h38.38.181,Symbol-E,2020.1.3,Win32,Firefox,Mozilla/5.0 (Windows NT 10.0; Win64; x64; rv:129.0) Gecko/20100101 Firefox/129.0,60,,,,,,,,,,,,,,,,,,,,,,,,,,,,,,,,,,,,media/dgnb.png,3,3,Symb,f,TR,0,0,1,0,8,0,31,0,1,6,0.219411294,w,1.4,1,0,,,,,,,,,,,,,,,,,,,,,,,,,,,,,,,,,,,,,,,,,,,,,,,,,,,,,,,,,,,,,,,,,,,,,,,,,,,,,,,,,,w,0,1.4,0,0,0,0,1,,,,,,,,,,,,,,,,,,,,,,
,,,,,,,,,,,,,,,,,120,4,2024-09-06_13h38.38.181,Symbol-E,2020.1.3,Win32,Firefox,Mozilla/5.0 (Windows NT 10.0; Win64; x64; rv:129.0) Gecko/20100101 Firefox/129.0,60,,,,,,,,,,,,,,,,,,,,,,,,,,,,,,,,,,,,,,,,,,,,,,,,,,,,,,,,,,,,,,,,,,,,,,,,,,,,,,,,,,,,,,,,,,,,,,,,,,,,,,,,,,,,,,,,,,,,,,,,,,,,,,,,,,,,,,,,,,,,,,,,,,31,0,31,0,1,,,,,,,,,,,,,,,,,
,,,,,,,,,,,,,,,,,120,4,2024-09-06_13h38.38.181,Symbol-E,2020.1.3,Win32,Firefox,Mozilla/5.0 (Windows NT 10.0; Win64; x64; rv:129.0) Gecko/20100101 Firefox/129.0,60,,,,,,,,,,,,,,,,,,,,,,,,,,,,,,,,,,,,media/dinb.png,6,2,Symb,i,TR,0,0,1,0,8,0,32,0,1,6,0.312523858,a,1.38,0,0,,,,,,,,,,,,,,,,,,,,,,,,,,,,,,,,,,,,,,,,,,,,,,,,,,,,,,,,,,,,,,,,,,,,,,,,,,,,,,,,,,a,0,1.38,0,0,0,0,1,,,,,,,,,,,,,,,,,,,,,,
,,,,,,,,,,,,,,,,,120,4,2024-09-06_13h38.38.181,Symbol-E,2020.1.3,Win32,Firefox,Mozilla/5.0 (Windows NT 10.0; Win64; x64; rv:129.0) Gecko/20100101 Firefox/129.0,60,,,,,,,,,,,,,,,,,,,,,,,,,,,,,,,,,,,,,,,,,,,,,,,,,,,,,,,,,,,,,,,,,,,,,,,,,,,,,,,,,,,,,,,,,,,,,,,,,,,,,,,,,,,,,,,,,,,,,,,,,,,,,,,,,,,,,,,,,,,,,,,,,,32,0,32,0,1,,,,,,,,,,,,,,,,,
,,,,,,,,,,,,,,,,,120,4,2024-09-06_13h38.38.181,Symbol-E,2020.1.3,Win32,Firefox,Mozilla/5.0 (Windows NT 10.0; Win64; x64; rv:129.0) Gecko/20100101 Firefox/129.0,60,,,,,,,,,,,,,,,,,,,,,,,,,,,,,,,,,,,,media/dfnb.png,1,1,Symb,w,TR,0,0,1,0,8,0,33,0,1,6,0.212820613,i,1.315,6,0,,,,,,,,,,,,,,,,,,,,,,,,,,,,,,,,,,,,,,,,,,,,,,,,,,,,,,,,,,,,,,,,,,,,,,,,,,,,,,,,,,i,0,1.315,0,0,0,0,1,,,,,,,,,,,,,,,,,,,,,,
,,,,,,,,,,,,,,,,,120,4,2024-09-06_13h38.38.181,Symbol-E,2020.1.3,Win32,Firefox,Mozilla/5.0 (Windows NT 10.0; Win64; x64; rv:129.0) Gecko/20100101 Firefox/129.0,60,,,,,,,,,,,,,,,,,,,,,,,,,,,,,,,,,,,,,,,,,,,,,,,,,,,,,,,,,,,,,,,,,,,,,,,,,,,,,,,,,,,,,,,,,,,,,,,,,,,,,,,,,,,,,,,,,,,,,,,,,,,,,,,,,,,,,,,,,,,,,,,,,,33,0,33,0,1,,,,,,,,,,,,,,,,,
,,,,,,,,,,,,,,,,,120,4,2024-09-06_13h38.38.181,Symbol-E,2020.1.3,Win32,Firefox,Mozilla/5.0 (Windows NT 10.0; Win64; x64; rv:129.0) Gecko/20100101 Firefox/129.0,60,,,,,,,,,,,,,,,,,,,,,,,,,,,,,,,,,,,,media/djnb.png,0,0,Symb,a,TR,0,0,1,0,8,0,34,0,1,6,0.799080361,a,1.243,0,1,,,,,,,,,,,,,,,,,,,,,,,,,,,,,,,,,,,,,,,,,,,,,,,,,,,,,,,,,,,,,,,,,,,,,,,,,,,,,,,,,,a,1,1.243,0,0,0,0,1,,,,,,,,,,,,,,,,,,,,,,
,,,,,,,,,,,,,,,,,120,4,2024-09-06_13h38.38.181,Symbol-E,2020.1.3,Win32,Firefox,Mozilla/5.0 (Windows NT 10.0; Win64; x64; rv:129.0) Gecko/20100101 Firefox/129.0,60,,,,,,,,,,,,,,,,,,,,,,,,,,,,,,,,,,,,,,,,,,,,,,,,,,,,,,,,,,,,,,,,,,,,,,,,,,,,,,,,,,,,,,,,,,,,,,,,,,,,,,,,,,,,,,,,,,,,,,,,,,,,,,,,,,,,,,,,,,,,,,,,,,34,0,34,0,1,,,,,,,,,,,,,,,,,
,,,,,,,,,,,,,,,,,120,4,2024-09-06_13h38.38.181,Symbol-E,2020.1.3,Win32,Firefox,Mozilla/5.0 (Windows NT 10.0; Win64; x64; rv:129.0) Gecko/20100101 Firefox/129.0,60,,,,,,,,,,,,,,,,,,,,,,,,,,,,,,,,,,,,media/dcnb.png,4,0,Symb,h,TR,0,0,1,0,8,0,35,0,1,6,0.257892934,h,1.415,4,1,,,,,,,,,,,,,,,,,,,,,,,,,,,,,,,,,,,,,,,,,,,,,,,,,,,,,,,,,,,,,,,,,,,,,,,,,,,,,,,,,,h,1,1.415,0,0,0,0,1,,,,,,,,,,,,,,,,,,,,,,
,,,,,,,,,,,,,,,,,120,4,2024-09-06_13h38.38.181,Symbol-E,2020.1.3,Win32,Firefox,Mozilla/5.0 (Windows NT 10.0; Win64; x64; rv:129.0) Gecko/20100101 Firefox/129.0,60,,,,,,,,,,,,,,,,,,,,,,,,,,,,,,,,,,,,,,,,,,,,,,,,,,,,,,,,,,,,,,,,,,,,,,,,,,,,,,,,,,,,,,,,,,,,,,,,,,,,,,,,,,,,,,,,,,,,,,,,,,,,,,,,,,,,,,,,,,,,,,,,,,35,0,35,0,1,,,,,,,,,,,,,,,,,
,,,,,,,,,,,,,,,,,120,4,2024-09-06_13h38.38.181,Symbol-E,2020.1.3,Win32,Firefox,Mozilla/5.0 (Windows NT 10.0; Win64; x64; rv:129.0) Gecko/20100101 Firefox/129.0,60,,,,,,,,,,,,,,,,,,,,,,,,,,,,,,,,,,,,media/dcnb.png,4,0,Symb,h,TR,0,0,1,0,8,0,36,0,1,6,0.464747412,h,1.283,4,1,,,,,,,,,,,,,,,,,,,,,,,,,,,,,,,,,,,,,,,,,,,,,,,,,,,,,,,,,,,,,,,,,,,,,,,,,,,,,,,,,,h,1,1.283,0,0,0,0,1,,,,,,,,,,,,,,,,,,,,,,
,,,,,,,,,,,,,,,,,120,4,2024-09-06_13h38.38.181,Symbol-E,2020.1.3,Win32,Firefox,Mozilla/5.0 (Windows NT 10.0; Win64; x64; rv:129.0) Gecko/20100101 Firefox/129.0,60,,,,,,,,,,,,,,,,,,,,,,,,,,,,,,,,,,,,,,,,,,,,,,,,,,,,,,,,,,,,,,,,,,,,,,,,,,,,,,,,,,,,,,,,,,,,,,,,,,,,,,,,,,,,,,,,,,,,,,,,,,,,,,,,,,,,,,,,,,,,,,,,,,36,0,36,0,1,,,,,,,,,,,,,,,,,
,,,,,,,,,,,,,,,,,120,4,2024-09-06_13h38.38.181,Symbol-E,2020.1.3,Win32,Firefox,Mozilla/5.0 (Windows NT 10.0; Win64; x64; rv:129.0) Gecko/20100101 Firefox/129.0,60,,,,,,,,,,,,,,,,,,,,,,,,,,,,,,,,,,,,media/ddnb.png,5,1,Symb,u,TR,0,0,1,0,8,0,37,0,1,6,0.015159194,f,1.415,3,0,,,,,,,,,,,,,,,,,,,,,,,,,,,,,,,,,,,,,,,,,,,,,,,,,,,,,,,,,,,,,,,,,,,,,,,,,,,,,,,,,,f,0,1.415,0,0,0,0,1,,,,,,,,,,,,,,,,,,,,,,
,,,,,,,,,,,,,,,,,120,4,2024-09-06_13h38.38.181,Symbol-E,2020.1.3,Win32,Firefox,Mozilla/5.0 (Windows NT 10.0; Win64; x64; rv:129.0) Gecko/20100101 Firefox/129.0,60,,,,,,,,,,,,,,,,,,,,,,,,,,,,,,,,,,,,,,,,,,,,,,,,,,,,,,,,,,,,,,,,,,,,,,,,,,,,,,,,,,,,,,,,,,,,,,,,,,,,,,,,,,,,,,,,,,,,,,,,,,,,,,,,,,,,,,,,,,,,,,,,,,37,0,37,0,1,,,,,,,,,,,,,,,,,
,,,,,,,,,,,,,,,,,120,4,2024-09-06_13h38.38.181,Symbol-E,2020.1.3,Win32,Firefox,Mozilla/5.0 (Windows NT 10.0; Win64; x64; rv:129.0) Gecko/20100101 Firefox/129.0,60,,,,,,,,,,,,,,,,,,,,,,,,,,,,,,,,,,,,media/dmnb.png,7,3,Symb,l,TR,0,0,1,0,8,0,38,0,1,6,0.11777717,u,1.306,5,0,,,,,,,,,,,,,,,,,,,,,,,,,,,,,,,,,,,,,,,,,,,,,,,,,,,,,,,,,,,,,,,,,,,,,,,,,,,,,,,,,,u,0,1.306,0,0,0,0,1,,,,,,,,,,,,,,,,,,,,,,
,,,,,,,,,,,,,,,,,120,4,2024-09-06_13h38.38.181,Symbol-E,2020.1.3,Win32,Firefox,Mozilla/5.0 (Windows NT 10.0; Win64; x64; rv:129.0) Gecko/20100101 Firefox/129.0,60,,,,,,,,,,,,,,,,,,,,,,,,,,,,,,,,,,,,,,,,,,,,,,,,,,,,,,,,,,,,,,,,,,,,,,,,,,,,,,,,,,,,,,,,,,,,,,,,,,,,,,,,,,,,,,,,,,,,,,,,,,,,,,,,,,,,,,,,,,,,,,,,,,38,0,38,0,1,,,,,,,,,,,,,,,,,
,,,,,,,,,,,,,,,,,120,4,2024-09-06_13h38.38.181,Symbol-E,2020.1.3,Win32,Firefox,Mozilla/5.0 (Windows NT 10.0; Win64; x64; rv:129.0) Gecko/20100101 Firefox/129.0,60,,,,,,,,,,,,,,,,,,,,,,,,,,,,,,,,,,,,media/dgnb.png,3,3,Symb,f,TR,0,0,1,0,8,0,39,0,1,6,0.409382814,f,1.366,3,1,,,,,,,,,,,,,,,,,,,,,,,,,,,,,,,,,,,,,,,,,,,,,,,,,,,,,,,,,,,,,,,,,,,,,,,,,,,,,,,,,,f,1,1.366,0,0,0,0,1,,,,,,,,,,,,,,,,,,,,,,
,,,,,,,,,,,,,,,,,120,4,2024-09-06_13h38.38.181,Symbol-E,2020.1.3,Win32,Firefox,Mozilla/5.0 (Windows NT 10.0; Win64; x64; rv:129.0) Gecko/20100101 Firefox/129.0,60,,,,,,,,,,,,,,,,,,,,,,,,,,,,,,,,,,,,,,,,,,,,,,,,,,,,,,,,,,,,,,,,,,,,,,,,,,,,,,,,,,,,,,,,,,,,,,,,,,,,,,,,,,,,,,,,,,,,,,,,,,,,,,,,,,,,,,,,,,,,,,,,,,39,0,39,0,1,,,,,,,,,,,,,,,,,
,,,,,,,,,,,,,,,,,120,4,2024-09-06_13h38.38.181,Symbol-E,2020.1.3,Win32,Firefox,Mozilla/5.0 (Windows NT 10.0; Win64; x64; rv:129.0) Gecko/20100101 Firefox/129.0,60,,,,,,,,,,,,,,,,,,,,,,,,,,,,,,,,,,,,media/dinb.png,6,2,Symb,i,TR,0,0,1,0,8,0,40,0,1,6,0.441788133,i,1.419,6,1,,,,,,,,,,,,,,,,,,,,,,,,,,,,,,,,,,,,,,,,,,,,,,,,,,,,,,,,,,,,,,,,,,,,,,,,,,,,,,,,,,i,1,1.419,0,0,0,0,1,,,,,,,,,,,,,,,,,,,,,,
,,,,,,,,,,,,,,,,,120,4,2024-09-06_13h38.38.181,Symbol-E,2020.1.3,Win32,Firefox,Mozilla/5.0 (Windows NT 10.0; Win64; x64; rv:129.0) Gecko/20100101 Firefox/129.0,60,,,,,,,,,,,,,,,,,,,,,,,,,,,,,,,,,,,,,,,,,,,,,,,,,,,,,,,,,,,,,,,,,,,,,,,,,,,,,,,,,,,,,,,,,,,,,,,,,,,,,,,,,,,,,,,,,,,,,,,,,,,,,,,,,,,,,,,,,,,,,,,,,,40,0,40,0,1,,,,,,,,,,,,,,,,,
,,,,,,,,,,,,,,,,,120,4,2024-09-06_13h38.38.181,Symbol-E,2020.1.3,Win32,Firefox,Mozilla/5.0 (Windows NT 10.0; Win64; x64; rv:129.0) Gecko/20100101 Firefox/129.0,60,,,,,,,,,,,,,,,,,,,,,,,,,,,,,,,,,,,,media/dmnb.png,7,3,Symb,l,TR,0,0,1,0,8,0,41,0,1,6,0.4645141,u,1.283,5,0,,,,,,,,,,,,,,,,,,,,,,,,,,,,,,,,,,,,,,,,,,,,,,,,,,,,,,,,,,,,,,,,,,,,,,,,,,,,,,,,,,u,0,1.283,0,0,0,0,1,,,,,,,,,,,,,,,,,,,,,,
,,,,,,,,,,,,,,,,,120,4,2024-09-06_13h38.38.181,Symbol-E,2020.1.3,Win32,Firefox,Mozilla/5.0 (Windows NT 10.0; Win64; x64; rv:129.0) Gecko/20100101 Firefox/129.0,60,,,,,,,,,,,,,,,,,,,,,,,,,,,,,,,,,,,,,,,,,,,,,,,,,,,,,,,,,,,,,,,,,,,,,,,,,,,,,,,,,,,,,,,,,,,,,,,,,,,,,,,,,,,,,,,,,,,,,,,,,,,,,,,,,,,,,,,,,,,,,,,,,,41,0,41,0,1,,,,,,,,,,,,,,,,,
,,,,,,,,,,,,,,,,,120,4,2024-09-06_13h38.38.181,Symbol-E,2020.1.3,Win32,Firefox,Mozilla/5.0 (Windows NT 10.0; Win64; x64; rv:129.0) Gecko/20100101 Firefox/129.0,60,,,,,,,,,,,,,,,,,,,,,,,,,,,,,,,,,,,,media/dfnb.png,1,1,Symb,w,TR,0,0,1,0,8,0,42,0,1,6,0.630338982,w,1.222,1,1,,,,,,,,,,,,,,,,,,,,,,,,,,,,,,,,,,,,,,,,,,,,,,,,,,,,,,,,,,,,,,,,,,,,,,,,,,,,,,,,,,w,1,1.222,0,0,0,0,1,,,,,,,,,,,,,,,,,,,,,,
,,,,,,,,,,,,,,,,,120,4,2024-09-06_13h38.38.181,Symbol-E,2020.1.3,Win32,Firefox,Mozilla/5.0 (Windows NT 10.0; Win64; x64; rv:129.0) Gecko/20100101 Firefox/129.0,60,,,,,,,,,,,,,,,,,,,,,,,,,,,,,,,,,,,,,,,,,,,,,,,,,,,,,,,,,,,,,,,,,,,,,,,,,,,,,,,,,,,,,,,,,,,,,,,,,,,,,,,,,,,,,,,,,,,,,,,,,,,,,,,,,,,,,,,,,,,,,,,,,,42,0,42,0,1,,,,,,,,,,,,,,,,,
,,,,,,,,,,,,,,,,,120,4,2024-09-06_13h38.38.181,Symbol-E,2020.1.3,Win32,Firefox,Mozilla/5.0 (Windows NT 10.0; Win64; x64; rv:129.0) Gecko/20100101 Firefox/129.0,60,,,,,,,,,,,,,,,,,,,,,,,,,,,,,,,,,,,,media/ddnb.png,5,1,Symb,u,TR,0,0,1,0,8,0,43,0,1,6,0.132492602,l,1.455,7,0,,,,,,,,,,,,,,,,,,,,,,,,,,,,,,,,,,,,,,,,,,,,,,,,,,,,,,,,,,,,,,,,,,,,,,,,,,,,,,,,,,l,0,1.455,0,0,0,0,1,,,,,,,,,,,,,,,,,,,,,,
,,,,,,,,,,,,,,,,,120,4,2024-09-06_13h38.38.181,Symbol-E,2020.1.3,Win32,Firefox,Mozilla/5.0 (Windows NT 10.0; Win64; x64; rv:129.0) Gecko/20100101 Firefox/129.0,60,,,,,,,,,,,,,,,,,,,,,,,,,,,,,,,,,,,,,,,,,,,,,,,,,,,,,,,,,,,,,,,,,,,,,,,,,,,,,,,,,,,,,,,,,,,,,,,,,,,,,,,,,,,,,,,,,,,,,,,,,,,,,,,,,,,,,,,,,,,,,,,,,,43,0,43,0,1,,,,,,,,,,,,,,,,,
,,,,,,,,,,,,,,,,,120,4,2024-09-06_13h38.38.181,Symbol-E,2020.1.3,Win32,Firefox,Mozilla/5.0 (Windows NT 10.0; Win64; x64; rv:129.0) Gecko/20100101 Firefox/129.0,60,,,,,,,,,,,,,,,,,,,,,,,,,,,,,,,,,,,,media/djnb.png,0,0,Symb,a,TR,0,0,1,0,8,0,44,0,1,6,0.523053681,f,1.348,3,0,,,,,,,,,,,,,,,,,,,,,,,,,,,,,,,,,,,,,,,,,,,,,,,,,,,,,,,,,,,,,,,,,,,,,,,,,,,,,,,,,,f,0,1.348,0,0,0,0,1,,,,,,,,,,,,,,,,,,,,,,
,,,,,,,,,,,,,,,,,120,4,2024-09-06_13h38.38.181,Symbol-E,2020.1.3,Win32,Firefox,Mozilla/5.0 (Windows NT 10.0; Win64; x64; rv:129.0) Gecko/20100101 Firefox/129.0,60,,,,,,,,,,,,,,,,,,,,,,,,,,,,,,,,,,,,,,,,,,,,,,,,,,,,,,,,,,,,,,,,,,,,,,,,,,,,,,,,,,,,,,,,,,,,,,,,,,,,,,,,,,,,,,,,,,,,,,,,,,,,,,,,,,,,,,,,,,,,,,,,,,44,0,44,0,1,,,,,,,,,,,,,,,,,
,,,,,,,,,,,,,,,,,120,4,2024-09-06_13h38.38.181,Symbol-E,2020.1.3,Win32,Firefox,Mozilla/5.0 (Windows NT 10.0; Win64; x64; rv:129.0) Gecko/20100101 Firefox/129.0,60,,,,,,,,,,,,,,,,,,,,,,,,,,,,,,,,,,,,media/dnnb.png,2,2,Symb,e,TR,0,0,1,0,8,0,45,0,1,6,1.072883299,e,1.196,2,1,,,,,,,,,,,,,,,,,,,,,,,,,,,,,,,,,,,,,,,,,,,,,,,,,,,,,,,,,,,,,,,,,,,,,,,,,,,,,,,,,,e,1,1.196,0,0,0,0,1,,,,,,,,,,,,,,,,,,,,,,
,,,,,,,,,,,,,,,,,120,4,2024-09-06_13h38.38.181,Symbol-E,2020.1.3,Win32,Firefox,Mozilla/5.0 (Windows NT 10.0; Win64; x64; rv:129.0) Gecko/20100101 Firefox/129.0,60,,,,,,,,,,,,,,,,,,,,,,,,,,,,,,,,,,,,,,,,,,,,,,,,,,,,,,,,,,,,,,,,,,,,,,,,,,,,,,,,,,,,,,,,,,,,,,,,,,,,,,,,,,,,,,,,,,,,,,,,,,,,,,,,,,,,,,,,,,,,,,,,,,45,0,45,0,1,,,,,,,,,,,,,,,,,
,,,,,,,,,,,,,,,,,120,4,2024-09-06_13h38.38.181,Symbol-E,2020.1.3,Win32,Firefox,Mozilla/5.0 (Windows NT 10.0; Win64; x64; rv:129.0) Gecko/20100101 Firefox/129.0,60,,,,,,,,,,,,,,,,,,,,,,,,,,,,,,,,,,,,media/dnnb.png,2,2,Symb,e,TR,0,0,1,0,8,0,46,0,1,6,0.51741642,e,1.257,2,1,,,,,,,,,,,,,,,,,,,,,,,,,,,,,,,,,,,,,,,,,,,,,,,,,,,,,,,,,,,,,,,,,,,,,,,,,,,,,,,,,,e,1,1.257,0,0,0,0,1,,,,,,,,,,,,,,,,,,,,,,
,,,,,,,,,,,,,,,,,120,4,2024-09-06_13h38.38.181,Symbol-E,2020.1.3,Win32,Firefox,Mozilla/5.0 (Windows NT 10.0; Win64; x64; rv:129.0) Gecko/20100101 Firefox/129.0,60,,,,,,,,,,,,,,,,,,,,,,,,,,,,,,,,,,,,,,,,,,,,,,,,,,,,,,,,,,,,,,,,,,,,,,,,,,,,,,,,,,,,,,,,,,,,,,,,,,,,,,,,,,,,,,,,,,,,,,,,,,,,,,,,,,,,,,,,,,,,,,,,,,46,0,46,0,1,,,,,,,,,,,,,,,,,
,,,,,,,,,,,,,,,,,120,4,2024-09-06_13h38.38.181,Symbol-E,2020.1.3,Win32,Firefox,Mozilla/5.0 (Windows NT 10.0; Win64; x64; rv:129.0) Gecko/20100101 Firefox/129.0,60,,,,,,,,,,,,,,,,,,,,,,,,,,,,,,,,,,,,media/dgnb.png,3,3,Symb,f,TR,0,0,1,0,8,0,47,0,1,6,0.54056139,f,1.327,3,1,,,,,,,,,,,,,,,,,,,,,,,,,,,,,,,,,,,,,,,,,,,,,,,,,,,,,,,,,,,,,,,,,,,,,,,,,,,,,,,,,,f,1,1.327,0,0,0,0,1,,,,,,,,,,,,,,,,,,,,,,
,,,,,,,,,,,,,,,,,120,4,2024-09-06_13h38.38.181,Symbol-E,2020.1.3,Win32,Firefox,Mozilla/5.0 (Windows NT 10.0; Win64; x64; rv:129.0) Gecko/20100101 Firefox/129.0,60,,,,,,,,,,,,,,,,,,,,,,,,,,,,,,,,,,,,,,,,,,,,,,,,,,,,,,,,,,,,,,,,,,,,,,,,,,,,,,,,,,,,,,,,,,,,,,,,,,,,,,,,,,,,,,,,,,,,,,,,,,,,,,,,,,,,,,,,,,,,,,,,,,47,0,47,0,1,,,,,,,,,,,,,,,,,
,,,,,,,,,,,,,,,,,120,4,2024-09-06_13h38.38.181,Symbol-E,2020.1.3,Win32,Firefox,Mozilla/5.0 (Windows NT 10.0; Win64; x64; rv:129.0) Gecko/20100101 Firefox/129.0,60,,,,,,,,,,,,,,,,,,,,,,,,,,,,,,,,,,,,media/dcnb.png,4,0,Symb,h,TR,0,0,1,0,8,0,48,0,1,6,0.140816402,u,1.48,5,0,,,,,,,,,,,,,,,,,,,,,,,,,,,,,,,,,,,,,,,,,,,,,,,,,,,,,,,,,,,,,,,,,,,,,,,,,,,,,,,,,,u,0,1.48,0,0,0,0,1,,,,,,,,,,,,,,,,,,,,,,
,,,,,,,,,,,,,,,,,120,4,2024-09-06_13h38.38.181,Symbol-E,2020.1.3,Win32,Firefox,Mozilla/5.0 (Windows NT 10.0; Win64; x64; rv:129.0) Gecko/20100101 Firefox/129.0,60,,,,,,,,,,,,,,,,,,,,,,,,,,,,,,,,,,,,,,,,,,,,,,,,,,,,,,,,,,,,,,,,,,,,,,,,,,,,,,,,,,,,,,,,,,,,,,,,,,,,,,,,,,,,,,,,,,,,,,,,,,,,,,,,,,,,,,,,,,,,,,,,,,48,0,48,0,1,,,,,,,,,,,,,,,,,
,,,,,,,,,,,,,,,,,120,4,2024-09-06_13h38.38.181,Symbol-E,2020.1.3,Win32,Firefox,Mozilla/5.0 (Windows NT 10.0; Win64; x64; rv:129.0) Gecko/20100101 Firefox/129.0,60,,,,,,,,,,,,,,,,,,,,,,,,,,,,,,,,,,,,media/dnnb.png,2,2,Symb,e,TR,0,0,1,0,8,0,49,0,1,6,0.883909566,e,1.298,2,1,,,,,,,,,,,,,,,,,,,,,,,,,,,,,,,,,,,,,,,,,,,,,,,,,,,,,,,,,,,,,,,,,,,,,,,,,,,,,,,,,,e,1,1.298,0,0,0,0,1,,,,,,,,,,,,,,,,,,,,,,
,,,,,,,,,,,,,,,,,120,4,2024-09-06_13h38.38.181,Symbol-E,2020.1.3,Win32,Firefox,Mozilla/5.0 (Windows NT 10.0; Win64; x64; rv:129.0) Gecko/20100101 Firefox/129.0,60,,,,,,,,,,,,,,,,,,,,,,,,,,,,,,,,,,,,,,,,,,,,,,,,,,,,,,,,,,,,,,,,,,,,,,,,,,,,,,,,,,,,,,,,,,,,,,,,,,,,,,,,,,,,,,,,,,,,,,,,,,,,,,,,,,,,,,,,,,,,,,,,,,49,0,49,0,1,,,,,,,,,,,,,,,,,
,,,,,,,,,,,,,,,,,120,4,2024-09-06_13h38.38.181,Symbol-E,2020.1.3,Win32,Firefox,Mozilla/5.0 (Windows NT 10.0; Win64; x64; rv:129.0) Gecko/20100101 Firefox/129.0,60,,,,,,,,,,,,,,,,,,,,,,,,,,,,,,,,,,,,media/ddnb.png,5,1,Symb,u,TR,0,0,1,0,8,0,50,0,1,6,0.236880025,w,1.27,1,0,,,,,,,,,,,,,,,,,,,,,,,,,,,,,,,,,,,,,,,,,,,,,,,,,,,,,,,,,,,,,,,,,,,,,,,,,,,,,,,,,,w,0,1.27,0,0,0,0,1,,,,,,,,,,,,,,,,,,,,,,
,,,,,,,,,,,,,,,,,120,4,2024-09-06_13h38.38.181,Symbol-E,2020.1.3,Win32,Firefox,Mozilla/5.0 (Windows NT 10.0; Win64; x64; rv:129.0) Gecko/20100101 Firefox/129.0,60,,,,,,,,,,,,,,,,,,,,,,,,,,,,,,,,,,,,,,,,,,,,,,,,,,,,,,,,,,,,,,,,,,,,,,,,,,,,,,,,,,,,,,,,,,,,,,,,,,,,,,,,,,,,,,,,,,,,,,,,,,,,,,,,,,,,,,,,,,,,,,,,,,50,0,50,0,1,,,,,,,,,,,,,,,,,
,,,,,,,,,,,,,,,,,120,4,2024-09-06_13h38.38.181,Symbol-E,2020.1.3,Win32,Firefox,Mozilla/5.0 (Windows NT 10.0; Win64; x64; rv:129.0) Gecko/20100101 Firefox/129.0,60,,,,,,,,,,,,,,,,,,,,,,,,,,,,,,,,,,,,media/dmnb.png,7,3,Symb,l,TR,0,0,1,0,8,0,51,0,1,6,0.511573333,f,1.393,3,0,,,,,,,,,,,,,,,,,,,,,,,,,,,,,,,,,,,,,,,,,,,,,,,,,,,,,,,,,,,,,,,,,,,,,,,,,,,,,,,,,,f,0,1.393,0,0,0,0,1,,,,,,,,,,,,,,,,,,,,,,
,,,,,,,,,,,,,,,,,120,4,2024-09-06_13h38.38.181,Symbol-E,2020.1.3,Win32,Firefox,Mozilla/5.0 (Windows NT 10.0; Win64; x64; rv:129.0) Gecko/20100101 Firefox/129.0,60,,,,,,,,,,,,,,,,,,,,,,,,,,,,,,,,,,,,,,,,,,,,,,,,,,,,,,,,,,,,,,,,,,,,,,,,,,,,,,,,,,,,,,,,,,,,,,,,,,,,,,,,,,,,,,,,,,,,,,,,,,,,,,,,,,,,,,,,,,,,,,,,,,51,0,51,0,1,,,,,,,,,,,,,,,,,
,,,,,,,,,,,,,,,,,120,4,2024-09-06_13h38.38.181,Symbol-E,2020.1.3,Win32,Firefox,Mozilla/5.0 (Windows NT 10.0; Win64; x64; rv:129.0) Gecko/20100101 Firefox/129.0,60,,,,,,,,,,,,,,,,,,,,,,,,,,,,,,,,,,,,media/dmnb.png,7,3,Symb,l,TR,0,0,1,0,8,0,52,0,1,6,0.0559906,u,1.292,5,0,,,,,,,,,,,,,,,,,,,,,,,,,,,,,,,,,,,,,,,,,,,,,,,,,,,,,,,,,,,,,,,,,,,,,,,,,,,,,,,,,,u,0,1.292,0,0,0,0,1,,,,,,,,,,,,,,,,,,,,,,
,,,,,,,,,,,,,,,,,120,4,2024-09-06_13h38.38.181,Symbol-E,2020.1.3,Win32,Firefox,Mozilla/5.0 (Windows NT 10.0; Win64; x64; rv:129.0) Gecko/20100101 Firefox/129.0,60,,,,,,,,,,,,,,,,,,,,,,,,,,,,,,,,,,,,,,,,,,,,,,,,,,,,,,,,,,,,,,,,,,,,,,,,,,,,,,,,,,,,,,,,,,,,,,,,,,,,,,,,,,,,,,,,,,,,,,,,,,,,,,,,,,,,,,,,,,,,,,,,,,52,0,52,0,1,,,,,,,,,,,,,,,,,
,,,,,,,,,,,,,,,,,120,4,2024-09-06_13h38.38.181,Symbol-E,2020.1.3,Win32,Firefox,Mozilla/5.0 (Windows NT 10.0; Win64; x64; rv:129.0) Gecko/20100101 Firefox/129.0,60,,,,,,,,,,,,,,,,,,,,,,,,,,,,,,,,,,,,media/ddnb.png,5,1,Symb,u,TR,0,0,1,0,8,0,53,0,1,6,0.777023572,u,1.245,5,1,,,,,,,,,,,,,,,,,,,,,,,,,,,,,,,,,,,,,,,,,,,,,,,,,,,,,,,,,,,,,,,,,,,,,,,,,,,,,,,,,,u,1,1.245,0,0,0,0,1,,,,,,,,,,,,,,,,,,,,,,
,,,,,,,,,,,,,,,,,120,4,2024-09-06_13h38.38.181,Symbol-E,2020.1.3,Win32,Firefox,Mozilla/5.0 (Windows NT 10.0; Win64; x64; rv:129.0) Gecko/20100101 Firefox/129.0,60,,,,,,,,,,,,,,,,,,,,,,,,,,,,,,,,,,,,,,,,,,,,,,,,,,,,,,,,,,,,,,,,,,,,,,,,,,,,,,,,,,,,,,,,,,,,,,,,,,,,,,,,,,,,,,,,,,,,,,,,,,,,,,,,,,,,,,,,,,,,,,,,,,53,0,53,0,1,,,,,,,,,,,,,,,,,
,,,,,,,,,,,,,,,,,120,4,2024-09-06_13h38.38.181,Symbol-E,2020.1.3,Win32,Firefox,Mozilla/5.0 (Windows NT 10.0; Win64; x64; rv:129.0) Gecko/20100101 Firefox/129.0,60,,,,,,,,,,,,,,,,,,,,,,,,,,,,,,,,,,,,media/dgnb.png,3,3,Symb,f,TR,0,0,1,0,8,0,54,0,1,6,1.012199497,f,1.258,3,1,,,,,,,,,,,,,,,,,,,,,,,,,,,,,,,,,,,,,,,,,,,,,,,,,,,,,,,,,,,,,,,,,,,,,,,,,,,,,,,,,,f,1,1.258,0,0,0,0,1,,,,,,,,,,,,,,,,,,,,,,
,,,,,,,,,,,,,,,,,120,4,2024-09-06_13h38.38.181,Symbol-E,2020.1.3,Win32,Firefox,Mozilla/5.0 (Windows NT 10.0; Win64; x64; rv:129.0) Gecko/20100101 Firefox/129.0,60,,,,,,,,,,,,,,,,,,,,,,,,,,,,,,,,,,,,,,,,,,,,,,,,,,,,,,,,,,,,,,,,,,,,,,,,,,,,,,,,,,,,,,,,,,,,,,,,,,,,,,,,,,,,,,,,,,,,,,,,,,,,,,,,,,,,,,,,,,,,,,,,,,54,0,54,0,1,,,,,,,,,,,,,,,,,
,,,,,,,,,,,,,,,,,120,4,2024-09-06_13h38.38.181,Symbol-E,2020.1.3,Win32,Firefox,Mozilla/5.0 (Windows NT 10.0; Win64; x64; rv:129.0) Gecko/20100101 Firefox/129.0,60,,,,,,,,,,,,,,,,,,,,,,,,,,,,,,,,,,,,media/dfnb.png,1,1,Symb,w,TR,0,0,1,0,8,0,55,0,1,6,0.832723341,w,1.304,1,1,,,,,,,,,,,,,,,,,,,,,,,,,,,,,,,,,,,,,,,,,,,,,,,,,,,,,,,,,,,,,,,,,,,,,,,,,,,,,,,,,,w,1,1.304,0,0,0,0,1,,,,,,,,,,,,,,,,,,,,,,
,,,,,,,,,,,,,,,,,120,4,2024-09-06_13h38.38.181,Symbol-E,2020.1.3,Win32,Firefox,Mozilla/5.0 (Windows NT 10.0; Win64; x64; rv:129.0) Gecko/20100101 Firefox/129.0,60,,,,,,,,,,,,,,,,,,,,,,,,,,,,,,,,,,,,,,,,,,,,,,,,,,,,,,,,,,,,,,,,,,,,,,,,,,,,,,,,,,,,,,,,,,,,,,,,,,,,,,,,,,,,,,,,,,,,,,,,,,,,,,,,,,,,,,,,,,,,,,,,,,55,0,55,0,1,,,,,,,,,,,,,,,,,
,,,,,,,,,,,,,,,,,120,4,2024-09-06_13h38.38.181,Symbol-E,2020.1.3,Win32,Firefox,Mozilla/5.0 (Windows NT 10.0; Win64; x64; rv:129.0) Gecko/20100101 Firefox/129.0,60,,,,,,,,,,,,,,,,,,,,,,,,,,,,,,,,,,,,media/dinb.png,6,2,Symb,i,TR,0,0,1,0,8,0,56,0,1,6,1.1695818,i,1.224,6,1,,,,,,,,,,,,,,,,,,,,,,,,,,,,,,,,,,,,,,,,,,,,,,,,,,,,,,,,,,,,,,,,,,,,,,,,,,,,,,,,,,i,1,1.224,0,0,0,0,1,,,,,,,,,,,,,,,,,,,,,,
,,,,,,,,,,,,,,,,,120,4,2024-09-06_13h38.38.181,Symbol-E,2020.1.3,Win32,Firefox,Mozilla/5.0 (Windows NT 10.0; Win64; x64; rv:129.0) Gecko/20100101 Firefox/129.0,60,,,,,,,,,,,,,,,,,,,,,,,,,,,,,,,,,,,,,,,,,,,,,,,,,,,,,,,,,,,,,,,,,,,,,,,,,,,,,,,,,,,,,,,,,,,,,,,,,,,,,,,,,,,,,,,,,,,,,,,,,,,,,,,,,,,,,,,,,,,,,,,,,,56,0,56,0,1,,,,,,,,,,,,,,,,,
,,,,,,,,,,,,,,,,,120,4,2024-09-06_13h38.38.181,Symbol-E,2020.1.3,Win32,Firefox,Mozilla/5.0 (Windows NT 10.0; Win64; x64; rv:129.0) Gecko/20100101 Firefox/129.0,60,,,,,,,,,,,,,,,,,,,,,,,,,,,,,,,,,,,,media/dinb.png,6,2,Symb,i,TR,0,0,1,0,8,0,57,0,1,6,0.96347539,i,1.17,6,1,,,,,,,,,,,,,,,,,,,,,,,,,,,,,,,,,,,,,,,,,,,,,,,,,,,,,,,,,,,,,,,,,,,,,,,,,,,,,,,,,,i,1,1.17,0,0,0,0,1,,,,,,,,,,,,,,,,,,,,,,
,,,,,,,,,,,,,,,,,120,4,2024-09-06_13h38.38.181,Symbol-E,2020.1.3,Win32,Firefox,Mozilla/5.0 (Windows NT 10.0; Win64; x64; rv:129.0) Gecko/20100101 Firefox/129.0,60,,,,,,,,,,,,,,,,,,,,,,,,,,,,,,,,,,,,,,,,,,,,,,,,,,,,,,,,,,,,,,,,,,,,,,,,,,,,,,,,,,,,,,,,,,,,,,,,,,,,,,,,,,,,,,,,,,,,,,,,,,,,,,,,,,,,,,,,,,,,,,,,,,57,0,57,0,1,,,,,,,,,,,,,,,,,
,,,,,,,,,,,,,,,,,120,4,2024-09-06_13h38.38.181,Symbol-E,2020.1.3,Win32,Firefox,Mozilla/5.0 (Windows NT 10.0; Win64; x64; rv:129.0) Gecko/20100101 Firefox/129.0,60,,,,,,,,,,,,,,,,,,,,,,,,,,,,,,,,,,,,media/dcnb.png,4,0,Symb,h,TR,0,0,1,0,8,0,58,0,1,6,0.917500716,h,1.221,4,1,,,,,,,,,,,,,,,,,,,,,,,,,,,,,,,,,,,,,,,,,,,,,,,,,,,,,,,,,,,,,,,,,,,,,,,,,,,,,,,,,,h,1,1.221,0,0,0,0,1,,,,,,,,,,,,,,,,,,,,,,
,,,,,,,,,,,,,,,,,120,4,2024-09-06_13h38.38.181,Symbol-E,2020.1.3,Win32,Firefox,Mozilla/5.0 (Windows NT 10.0; Win64; x64; rv:129.0) Gecko/20100101 Firefox/129.0,60,,,,,,,,,,,,,,,,,,,,,,,,,,,,,,,,,,,,,,,,,,,,,,,,,,,,,,,,,,,,,,,,,,,,,,,,,,,,,,,,,,,,,,,,,,,,,,,,,,,,,,,,,,,,,,,,,,,,,,,,,,,,,,,,,,,,,,,,,,,,,,,,,,58,0,58,0,1,,,,,,,,,,,,,,,,,
,,,,,,,,,,,,,,,,,120,4,2024-09-06_13h38.38.181,Symbol-E,2020.1.3,Win32,Firefox,Mozilla/5.0 (Windows NT 10.0; Win64; x64; rv:129.0) Gecko/20100101 Firefox/129.0,60,,,,,,,,,,,,,,,,,,,,,,,,,,,,,,,,,,,,media/dgnb.png,3,3,Symb,f,TR,0,0,1,0,8,0,59,0,1,6,0.925992293,f,1.262,3,1,,,,,,,,,,,,,,,,,,,,,,,,,,,,,,,,,,,,,,,,,,,,,,,,,,,,,,,,,,,,,,,,,,,,,,,,,,,,,,,,,,f,1,1.262,0,0,0,0,1,,,,,,,,,,,,,,,,,,,,,,
,,,,,,,,,,,,,,,,,120,4,2024-09-06_13h38.38.181,Symbol-E,2020.1.3,Win32,Firefox,Mozilla/5.0 (Windows NT 10.0; Win64; x64; rv:129.0) Gecko/20100101 Firefox/129.0,60,,,,,,,,,,,,,,,,,,,,,,,,,,,,,,,,,,,,,,,,,,,,,,,,,,,,,,,,,,,,,,,,,,,,,,,,,,,,,,,,,,,,,,,,,,,,,,,,,,,,,,,,,,,,,,,,,,,,,,,,,,,,,,,,,,,,,,,,,,,,,,,,,,59,0,59,0,1,,,,,,,,,,,,,,,,,
,,,,,,,,,,,,,,,,,120,4,2024-09-06_13h38.38.181,Symbol-E,2020.1.3,Win32,Firefox,Mozilla/5.0 (Windows NT 10.0; Win64; x64; rv:129.0) Gecko/20100101 Firefox/129.0,60,,,,,,,,,,,,,,,,,,,,,,,,,,,,,,,,,,,,media/djnb.png,0,0,Symb,a,TR,0,0,1,0,8,0,60,0,1,6,0.223510027,a,1.307,0,1,,,,,,,,,,,,,,,,,,,,,,,,,,,,,,,,,,,,,,,,,,,,,,,,,,,,,,,,,,,,,,,,,,,,,,,,,,,,,,,,,,a,1,1.307,0,0,0,0,1,,,,,,,,,,,,,,,,,,,,,,
,,,,,,,,,,,,,,,,,120,4,2024-09-06_13h38.38.181,Symbol-E,2020.1.3,Win32,Firefox,Mozilla/5.0 (Windows NT 10.0; Win64; x64; rv:129.0) Gecko/20100101 Firefox/129.0,60,,,,,,,,,,,,,,,,,,,,,,,,,,,,,,,,,,,,,,,,,,,,,,,,,,,,,,,,,,,,,,,,,,,,,,,,,,,,,,,,,,,,,,,,,,,,,,,,,,,,,,,,,,,,,,,,,,,,,,,,,,,,,,,,,,,,,,,,,,,,,,,,,,60,0,60,0,1,,,,,,,,,,,,,,,,,
,,,,,,,,,,,,,,,,,120,4,2024-09-06_13h38.38.181,Symbol-E,2020.1.3,Win32,Firefox,Mozilla/5.0 (Windows NT 10.0; Win64; x64; rv:129.0) Gecko/20100101 Firefox/129.0,60,,,,,,,,,,,,,,,,,,,,,,,,,,,,,,,,,,,,media/dfnb.png,1,1,Symb,w,TR,0,0,1,0,8,0,61,0,1,6,0.318291016,a,99,8,0,,,,,,,,,,,,,,,,,,,,h,0.809,,,,,,,,,,,,,,,,,,,,,,,,,,,,,,,,,,,,,,,,,,,,,,,,,,,,,,,,,,,,,,0,,,,,,,,,,,,0,0,0,0,1,,,,,,,,,,,,
,,,,,,,,,,,,,,,,,120,4,2024-09-06_13h38.38.181,Symbol-E,2020.1.3,Win32,Firefox,Mozilla/5.0 (Windows NT 10.0; Win64; x64; rv:129.0) Gecko/20100101 Firefox/129.0,60,,,,,,,,,,,,,,,,,,,,,,,,,,,,,,,,,,,,,,,,,,,,,,,,,,,,,,,,,,,,,,,,,,,,,,,,,,,,,,,,,,,,,,,,,,,,,,,,,,,,,,,,,,,,,,,,,,,,,,,,,,,,,,,,,,,,,,,,,,,,,,,,,,61,0,61,0,1,,,,,,,,,,,,,,,,,
,,,,,,,,,,,,,,,,,120,4,2024-09-06_13h38.38.181,Symbol-E,2020.1.3,Win32,Firefox,Mozilla/5.0 (Windows NT 10.0; Win64; x64; rv:129.0) Gecko/20100101 Firefox/129.0,60,,,,,,,,,,,,,,,,,,,,,,,,,,,,,,,,,,,,media/dnnb.png,2,2,Symb,e,TR,0,0,1,0,8,0,62,0,1,6,0.236167923,w,1.365,1,0,,,,,,,,,,,,,,,,,,,,,,,,,,,,,,,,,,,,,,,,,,,,,,,,,,,,,,,,,,,,,,,,,,,,,,,,,,,,,,,,,,w,0,1.365,0,0,0,0,1,,,,,,,,,,,,,,,,,,,,,,
,,,,,,,,,,,,,,,,,120,4,2024-09-06_13h38.38.181,Symbol-E,2020.1.3,Win32,Firefox,Mozilla/5.0 (Windows NT 10.0; Win64; x64; rv:129.0) Gecko/20100101 Firefox/129.0,60,,,,,,,,,,,,,,,,,,,,,,,,,,,,,,,,,,,,,,,,,,,,,,,,,,,,,,,,,,,,,,,,,,,,,,,,,,,,,,,,,,,,,,,,,,,,,,,,,,,,,,,,,,,,,,,,,,,,,,,,,,,,,,,,,,,,,,,,,,,,,,,,,,62,0,62,0,1,,,,,,,,,,,,,,,,,
,,,,,,,,,,,,,,,,,120,4,2024-09-06_13h38.38.181,Symbol-E,2020.1.3,Win32,Firefox,Mozilla/5.0 (Windows NT 10.0; Win64; x64; rv:129.0) Gecko/20100101 Firefox/129.0,60,,,,,,,,,,,,,,,,,,,,,,,,,,,,,,,,,,,,media/djnb.png,0,0,Symb,a,TR,0,0,1,0,8,0,63,0,1,6,1.057546292,a,1.394,0,1,,,,,,,,,,,,,,,,,,,,,,,,,,,,,,,,,,,,,,,,,,,,,,,,,,,,,,,,,,,,,,,,,,,,,,,,,,,,,,,,,,a,1,1.394,0,0,0,0,1,,,,,,,,,,,,,,,,,,,,,,
,,,,,,,,,,,,,,,,,120,4,2024-09-06_13h38.38.181,Symbol-E,2020.1.3,Win32,Firefox,Mozilla/5.0 (Windows NT 10.0; Win64; x64; rv:129.0) Gecko/20100101 Firefox/129.0,60,,,,,,,,,,,,,,,,,,,,,,,,,,,,,,,,,,,,,,,,,,,,,,,,,,,,,,,,,,,,,,,,,,,,,,,,,,,,,,,,,,,,,,,,,,,,,,,,,,,,,,,,,,,,,,,,,,,,,,,,,,,,,,,,,,,,,,,,,,,,,,,,,,63,0,63,0,1,,,,,,,,,,,,,,,,,
,,,,,,,,,,,,,,,,,120,4,2024-09-06_13h38.38.181,Symbol-E,2020.1.3,Win32,Firefox,Mozilla/5.0 (Windows NT 10.0; Win64; x64; rv:129.0) Gecko/20100101 Firefox/129.0,60,,,,,,,,,,,,,,,,,,,,,,,,,,,,,,,,,,,,media/dcnb.png,4,0,Symb,h,TR,0,0,1,0,8,0,64,0,1,6,0.557962256,h,1.272,4,1,,,,,,,,,,,,,,,,,,,,,,,,,,,,,,,,,,,,,,,,,,,,,,,,,,,,,,,,,,,,,,,,,,,,,,,,,,,,,,,,,,h,1,1.272,0,0,0,0,1,,,,,,,,,,,,,,,,,,,,,,
,,,,,,,,,,,,,,,,,120,4,2024-09-06_13h38.38.181,Symbol-E,2020.1.3,Win32,Firefox,Mozilla/5.0 (Windows NT 10.0; Win64; x64; rv:129.0) Gecko/20100101 Firefox/129.0,60,,,,,,,,,,,,,,,,,,,,,,,,,,,,,,,,,,,,,,,,,,,,,,,,,,,,,,,,,,,,,,,,,,,,,,,,,,,,,,,,,,,,,,,,,,,,,,,,,,,,,,,,,,,,,,,,,,,,,,,,,,,,,,,,,,,,,,,,,,,,,,,,,,64,0,64,0,1,,,,,,,,,,,,,,,,,
,,,,,,,,,,,,,,,,,120,4,2024-09-06_13h38.38.181,Symbol-E,2020.1.3,Win32,Firefox,Mozilla/5.0 (Windows NT 10.0; Win64; x64; rv:129.0) Gecko/20100101 Firefox/129.0,60,,,,,,,,,,,,,,,,,,,,,,,,,,,,,,,,,,,,media/dinb.png,6,2,Symb,i,TR,0,0,1,0,8,0,65,0,1,6,0.209581905,i,1.356,6,1,,,,,,,,,,,,,,,,,,,,,,,,,,,,,,,,,,,,,,,,,,,,,,,,,,,,,,,,,,,,,,,,,,,,,,,,,,,,,,,,,,i,1,1.356,0,0,0,0,1,,,,,,,,,,,,,,,,,,,,,,
,,,,,,,,,,,,,,,,,120,4,2024-09-06_13h38.38.181,Symbol-E,2020.1.3,Win32,Firefox,Mozilla/5.0 (Windows NT 10.0; Win64; x64; rv:129.0) Gecko/20100101 Firefox/129.0,60,,,,,,,,,,,,,,,,,,,,,,,,,,,,,,,,,,,,,,,,,,,,,,,,,,,,,,,,,,,,,,,,,,,,,,,,,,,,,,,,,,,,,,,,,,,,,,,,,,,,,,,,,,,,,,,,,,,,,,,,,,,,,,,,,,,,,,,,,,,,,,,,,,65,0,65,0,1,,,,,,,,,,,,,,,,,
,,,,,,,,,,,,,,,,,120,4,2024-09-06_13h38.38.181,Symbol-E,2020.1.3,Win32,Firefox,Mozilla/5.0 (Windows NT 10.0; Win64; x64; rv:129.0) Gecko/20100101 Firefox/129.0,60,,,,,,,,,,,,,,,,,,,,,,,,,,,,,,,,,,,,media/ddnb.png,5,1,Symb,u,TR,0,0,1,0,8,0,66,0,1,6,1.096448052,u,1.254,5,1,,,,,,,,,,,,,,,,,,,,,,,,,,,,,,,,,,,,,,,,,,,,,,,,,,,,,,,,,,,,,,,,,,,,,,,,,,,,,,,,,,u,1,1.254,0,0,0,0,1,,,,,,,,,,,,,,,,,,,,,,
,,,,,,,,,,,,,,,,,120,4,2024-09-06_13h38.38.181,Symbol-E,2020.1.3,Win32,Firefox,Mozilla/5.0 (Windows NT 10.0; Win64; x64; rv:129.0) Gecko/20100101 Firefox/129.0,60,,,,,,,,,,,,,,,,,,,,,,,,,,,,,,,,,,,,,,,,,,,,,,,,,,,,,,,,,,,,,,,,,,,,,,,,,,,,,,,,,,,,,,,,,,,,,,,,,,,,,,,,,,,,,,,,,,,,,,,,,,,,,,,,,,,,,,,,,,,,,,,,,,66,0,66,0,1,,,,,,,,,,,,,,,,,
,,,,,,,,,,,,,,,,,120,4,2024-09-06_13h38.38.181,Symbol-E,2020.1.3,Win32,Firefox,Mozilla/5.0 (Windows NT 10.0; Win64; x64; rv:129.0) Gecko/20100101 Firefox/129.0,60,,,,,,,,,,,,,,,,,,,,,,,,,,,,,,,,,,,,media/dmnb.png,7,3,Symb,l,TR,0,0,1,0,8,0,67,0,1,6,0.303175636,l,1.408,7,1,,,,,,,,,,,,,,,,,,,,,,,,,,,,,,,,,,,,,,,,,,,,,,,,,,,,,,,,,,,,,,,,,,,,,,,,,,,,,,,,,,l,1,1.408,0,0,0,0,1,,,,,,,,,,,,,,,,,,,,,,
,,,,,,,,,,,,,,,,,120,4,2024-09-06_13h38.38.181,Symbol-E,2020.1.3,Win32,Firefox,Mozilla/5.0 (Windows NT 10.0; Win64; x64; rv:129.0) Gecko/20100101 Firefox/129.0,60,,,,,,,,,,,,,,,,,,,,,,,,,,,,,,,,,,,,,,,,,,,,,,,,,,,,,,,,,,,,,,,,,,,,,,,,,,,,,,,,,,,,,,,,,,,,,,,,,,,,,,,,,,,,,,,,,,,,,,,,,,,,,,,,,,,,,,,,,,,,,,,,,,67,0,67,0,1,,,,,,,,,,,,,,,,,
,,,,,,,,,,,,,,,,,120,4,2024-09-06_13h38.38.181,Symbol-E,2020.1.3,Win32,Firefox,Mozilla/5.0 (Windows NT 10.0; Win64; x64; rv:129.0) Gecko/20100101 Firefox/129.0,60,,,,,,,,,,,,,,,,,,,,,,,,,,,,,,,,,,,,media/dinb.png,6,2,Symb,i,TR,0,0,1,0,8,0,68,0,1,6,0.766456197,i,1.22,6,1,,,,,,,,,,,,,,,,,,,,,,,,,,,,,,,,,,,,,,,,,,,,,,,,,,,,,,,,,,,,,,,,,,,,,,,,,,,,,,,,,,i,1,1.22,0,0,0,0,1,,,,,,,,,,,,,,,,,,,,,,
,,,,,,,,,,,,,,,,,120,4,2024-09-06_13h38.38.181,Symbol-E,2020.1.3,Win32,Firefox,Mozilla/5.0 (Windows NT 10.0; Win64; x64; rv:129.0) Gecko/20100101 Firefox/129.0,60,,,,,,,,,,,,,,,,,,,,,,,,,,,,,,,,,,,,,,,,,,,,,,,,,,,,,,,,,,,,,,,,,,,,,,,,,,,,,,,,,,,,,,,,,,,,,,,,,,,,,,,,,,,,,,,,,,,,,,,,,,,,,,,,,,,,,,,,,,,,,,,,,,68,0,68,0,1,,,,,,,,,,,,,,,,,
,,,,,,,,,,,,,,,,,120,4,2024-09-06_13h38.38.181,Symbol-E,2020.1.3,Win32,Firefox,Mozilla/5.0 (Windows NT 10.0; Win64; x64; rv:129.0) Gecko/20100101 Firefox/129.0,60,,,,,,,,,,,,,,,,,,,,,,,,,,,,,,,,,,,,media/dcnb.png,4,0,Symb,h,TR,0,0,1,0,8,0,69,0,1,6,0.070911359,a,99,8,0,,,,,,,,,,,,,,,,,,,,h,1.457,,,,,,,,,,,,,,,,,,,,,,,,,,,,,,,,,,,,,,,,,,,,,,,,,,,,,,,,,,,,,,0,,,,,,,,,,,,0,0,0,0,1,,,,,,,,,,,,
,,,,,,,,,,,,,,,,,120,4,2024-09-06_13h38.38.181,Symbol-E,2020.1.3,Win32,Firefox,Mozilla/5.0 (Windows NT 10.0; Win64; x64; rv:129.0) Gecko/20100101 Firefox/129.0,60,,,,,,,,,,,,,,,,,,,,,,,,,,,,,,,,,,,,,,,,,,,,,,,,,,,,,,,,,,,,,,,,,,,,,,,,,,,,,,,,,,,,,,,,,,,,,,,,,,,,,,,,,,,,,,,,,,,,,,,,,,,,,,,,,,,,,,,,,,,,,,,,,,69,0,69,0,1,,,,,,,,,,,,,,,,,
,,,,,,,,,,,,,,,,,120,4,2024-09-06_13h38.38.181,Symbol-E,2020.1.3,Win32,Firefox,Mozilla/5.0 (Windows NT 10.0; Win64; x64; rv:129.0) Gecko/20100101 Firefox/129.0,60,,,,,,,,,,,,,,,,,,,,,,,,,,,,,,,,,,,,media/dgnb.png,3,3,Symb,f,TR,0,0,1,0,8,0,70,0,1,6,0.344163295,a,99,8,0,,,,,,,,,,,,,,,,,,,,h,0.416,,,,,,,,,,,,,,,,,,,,,,,,,,,,,,,,,,,,,,,,,,,,,,,,,,,,,,,,,,,,,,0,,,,,,,,,,,,0,0,0,0,1,,,,,,,,,,,,
,,,,,,,,,,,,,,,,,120,4,2024-09-06_13h38.38.181,Symbol-E,2020.1.3,Win32,Firefox,Mozilla/5.0 (Windows NT 10.0; Win64; x64; rv:129.0) Gecko/20100101 Firefox/129.0,60,,,,,,,,,,,,,,,,,,,,,,,,,,,,,,,,,,,,,,,,,,,,,,,,,,,,,,,,,,,,,,,,,,,,,,,,,,,,,,,,,,,,,,,,,,,,,,,,,,,,,,,,,,,,,,,,,,,,,,,,,,,,,,,,,,,,,,,,,,,,,,,,,,70,0,70,0,1,,,,,,,,,,,,,,,,,
,,,,,,,,,,,,,,,,,120,4,2024-09-06_13h38.38.181,Symbol-E,2020.1.3,Win32,Firefox,Mozilla/5.0 (Windows NT 10.0; Win64; x64; rv:129.0) Gecko/20100101 Firefox/129.0,60,,,,,,,,,,,,,,,,,,,,,,,,,,,,,,,,,,,,media/ddnb.png,5,1,Symb,u,TR,0,0,1,0,8,0,71,0,1,6,0.5807103,u,1.351,5,1,,,,,,,,,,,,,,,,,,,,,,,,,,,,,,,,,,,,,,,,,,,,,,,,,,,,,,,,,,,,,,,,,,,,,,,,,,,,,,,,,,u,1,1.351,0,0,0,0,1,,,,,,,,,,,,,,,,,,,,,,
,,,,,,,,,,,,,,,,,120,4,2024-09-06_13h38.38.181,Symbol-E,2020.1.3,Win32,Firefox,Mozilla/5.0 (Windows NT 10.0; Win64; x64; rv:129.0) Gecko/20100101 Firefox/129.0,60,,,,,,,,,,,,,,,,,,,,,,,,,,,,,,,,,,,,,,,,,,,,,,,,,,,,,,,,,,,,,,,,,,,,,,,,,,,,,,,,,,,,,,,,,,,,,,,,,,,,,,,,,,,,,,,,,,,,,,,,,,,,,,,,,,,,,,,,,,,,,,,,,,71,0,71,0,1,,,,,,,,,,,,,,,,,
,,,,,,,,,,,,,,,,,120,4,2024-09-06_13h38.38.181,Symbol-E,2020.1.3,Win32,Firefox,Mozilla/5.0 (Windows NT 10.0; Win64; x64; rv:129.0) Gecko/20100101 Firefox/129.0,60,,,,,,,,,,,,,,,,,,,,,,,,,,,,,,,,,,,,media/dnnb.png,2,2,Symb,e,TR,0,0,1,0,8,0,72,0,1,6,0.449570843,f,1.387,3,0,,,,,,,,,,,,,,,,,,,,,,,,,,,,,,,,,,,,,,,,,,,,,,,,,,,,,,,,,,,,,,,,,,,,,,,,,,,,,,,,,,f,0,1.387,0,0,0,0,1,,,,,,,,,,,,,,,,,,,,,,
,,,,,,,,,,,,,,,,,120,4,2024-09-06_13h38.38.181,Symbol-E,2020.1.3,Win32,Firefox,Mozilla/5.0 (Windows NT 10.0; Win64; x64; rv:129.0) Gecko/20100101 Firefox/129.0,60,,,,,,,,,,,,,,,,,,,,,,,,,,,,,,,,,,,,,,,,,,,,,,,,,,,,,,,,,,,,,,,,,,,,,,,,,,,,,,,,,,,,,,,,,,,,,,,,,,,,,,,,,,,,,,,,,,,,,,,,,,,,,,,,,,,,,,,,,,,,,,,,,,72,0,72,0,1,,,,,,,,,,,,,,,,,
,,,,,,,,,,,,,,,,,120,4,2024-09-06_13h38.38.181,Symbol-E,2020.1.3,Win32,Firefox,Mozilla/5.0 (Windows NT 10.0; Win64; x64; rv:129.0) Gecko/20100101 Firefox/129.0,60,,,,,,,,,,,,,,,,,,,,,,,,,,,,,,,,,,,,media/dgnb.png,3,3,Symb,f,TR,0,0,1,0,8,0,73,0,1,6,0.849612303,f,1.267,3,1,,,,,,,,,,,,,,,,,,,,,,,,,,,,,,,,,,,,,,,,,,,,,,,,,,,,,,,,,,,,,,,,,,,,,,,,,,,,,,,,,,f,1,1.267,0,0,0,0,1,,,,,,,,,,,,,,,,,,,,,,
,,,,,,,,,,,,,,,,,120,4,2024-09-06_13h38.38.181,Symbol-E,2020.1.3,Win32,Firefox,Mozilla/5.0 (Windows NT 10.0; Win64; x64; rv:129.0) Gecko/20100101 Firefox/129.0,60,,,,,,,,,,,,,,,,,,,,,,,,,,,,,,,,,,,,,,,,,,,,,,,,,,,,,,,,,,,,,,,,,,,,,,,,,,,,,,,,,,,,,,,,,,,,,,,,,,,,,,,,,,,,,,,,,,,,,,,,,,,,,,,,,,,,,,,,,,,,,,,,,,73,0,73,0,1,,,,,,,,,,,,,,,,,
,,,,,,,,,,,,,,,,,120,4,2024-09-06_13h38.38.181,Symbol-E,2020.1.3,Win32,Firefox,Mozilla/5.0 (Windows NT 10.0; Win64; x64; rv:129.0) Gecko/20100101 Firefox/129.0,60,,,,,,,,,,,,,,,,,,,,,,,,,,,,,,,,,,,,media/dmnb.png,7,3,Symb,l,TR,0,0,1,0,8,0,74,0,1,6,1.17436426,l,1.208,7,1,,,,,,,,,,,,,,,,,,,,,,,,,,,,,,,,,,,,,,,,,,,,,,,,,,,,,,,,,,,,,,,,,,,,,,,,,,,,,,,,,,l,1,1.208,0,0,0,0,1,,,,,,,,,,,,,,,,,,,,,,
,,,,,,,,,,,,,,,,,120,4,2024-09-06_13h38.38.181,Symbol-E,2020.1.3,Win32,Firefox,Mozilla/5.0 (Windows NT 10.0; Win64; x64; rv:129.0) Gecko/20100101 Firefox/129.0,60,,,,,,,,,,,,,,,,,,,,,,,,,,,,,,,,,,,,,,,,,,,,,,,,,,,,,,,,,,,,,,,,,,,,,,,,,,,,,,,,,,,,,,,,,,,,,,,,,,,,,,,,,,,,,,,,,,,,,,,,,,,,,,,,,,,,,,,,,,,,,,,,,,74,0,74,0,1,,,,,,,,,,,,,,,,,
,,,,,,,,,,,,,,,,,120,4,2024-09-06_13h38.38.181,Symbol-E,2020.1.3,Win32,Firefox,Mozilla/5.0 (Windows NT 10.0; Win64; x64; rv:129.0) Gecko/20100101 Firefox/129.0,60,,,,,,,,,,,,,,,,,,,,,,,,,,,,,,,,,,,,media/dnnb.png,2,2,Symb,e,TR,0,0,1,0,8,0,75,0,1,6,1.187734352,e,1.223,2,1,,,,,,,,,,,,,,,,,,,,,,,,,,,,,,,,,,,,,,,,,,,,,,,,,,,,,,,,,,,,,,,,,,,,,,,,,,,,,,,,,,e,1,1.223,0,0,0,0,1,,,,,,,,,,,,,,,,,,,,,,
,,,,,,,,,,,,,,,,,120,4,2024-09-06_13h38.38.181,Symbol-E,2020.1.3,Win32,Firefox,Mozilla/5.0 (Windows NT 10.0; Win64; x64; rv:129.0) Gecko/20100101 Firefox/129.0,60,,,,,,,,,,,,,,,,,,,,,,,,,,,,,,,,,,,,,,,,,,,,,,,,,,,,,,,,,,,,,,,,,,,,,,,,,,,,,,,,,,,,,,,,,,,,,,,,,,,,,,,,,,,,,,,,,,,,,,,,,,,,,,,,,,,,,,,,,,,,,,,,,,75,0,75,0,1,,,,,,,,,,,,,,,,,
,,,,,,,,,,,,,,,,,120,4,2024-09-06_13h38.38.181,Symbol-E,2020.1.3,Win32,Firefox,Mozilla/5.0 (Windows NT 10.0; Win64; x64; rv:129.0) Gecko/20100101 Firefox/129.0,60,,,,,,,,,,,,,,,,,,,,,,,,,,,,,,,,,,,,media/dfnb.png,1,1,Symb,w,TR,0,0,1,0,8,0,76,0,1,6,0.518364627,w,1.318,1,1,,,,,,,,,,,,,,,,,,,,,,,,,,,,,,,,,,,,,,,,,,,,,,,,,,,,,,,,,,,,,,,,,,,,,,,,,,,,,,,,,,w,1,1.318,0,0,0,0,1,,,,,,,,,,,,,,,,,,,,,,
,,,,,,,,,,,,,,,,,120,4,2024-09-06_13h38.38.181,Symbol-E,2020.1.3,Win32,Firefox,Mozilla/5.0 (Windows NT 10.0; Win64; x64; rv:129.0) Gecko/20100101 Firefox/129.0,60,,,,,,,,,,,,,,,,,,,,,,,,,,,,,,,,,,,,,,,,,,,,,,,,,,,,,,,,,,,,,,,,,,,,,,,,,,,,,,,,,,,,,,,,,,,,,,,,,,,,,,,,,,,,,,,,,,,,,,,,,,,,,,,,,,,,,,,,,,,,,,,,,,76,0,76,0,1,,,,,,,,,,,,,,,,,
,,,,,,,,,,,,,,,,,120,4,2024-09-06_13h38.38.181,Symbol-E,2020.1.3,Win32,Firefox,Mozilla/5.0 (Windows NT 10.0; Win64; x64; rv:129.0) Gecko/20100101 Firefox/129.0,60,,,,,,,,,,,,,,,,,,,,,,,,,,,,,,,,,,,,media/dfnb.png,1,1,Symb,w,TR,0,0,1,0,8,0,77,0,1,6,1.19132879,w,1.29,1,1,,,,,,,,,,,,,,,,,,,,,,,,,,,,,,,,,,,,,,,,,,,,,,,,,,,,,,,,,,,,,,,,,,,,,,,,,,,,,,,,,,w,1,1.29,0,0,0,0,1,,,,,,,,,,,,,,,,,,,,,,
,,,,,,,,,,,,,,,,,120,4,2024-09-06_13h38.38.181,Symbol-E,2020.1.3,Win32,Firefox,Mozilla/5.0 (Windows NT 10.0; Win64; x64; rv:129.0) Gecko/20100101 Firefox/129.0,60,,,,,,,,,,,,,,,,,,,,,,,,,,,,,,,,,,,,,,,,,,,,,,,,,,,,,,,,,,,,,,,,,,,,,,,,,,,,,,,,,,,,,,,,,,,,,,,,,,,,,,,,,,,,,,,,,,,,,,,,,,,,,,,,,,,,,,,,,,,,,,,,,,77,0,77,0,1,,,,,,,,,,,,,,,,,
,,,,,,,,,,,,,,,,,120,4,2024-09-06_13h38.38.181,Symbol-E,2020.1.3,Win32,Firefox,Mozilla/5.0 (Windows NT 10.0; Win64; x64; rv:129.0) Gecko/20100101 Firefox/129.0,60,,,,,,,,,,,,,,,,,,,,,,,,,,,,,,,,,,,,media/djnb.png,0,0,Symb,a,TR,0,0,1,0,8,0,78,0,1,6,0.426104304,i,1.423,6,0,,,,,,,,,,,,,,,,,,,,,,,,,,,,,,,,,,,,,,,,,,,,,,,,,,,,,,,,,,,,,,,,,,,,,,,,,,,,,,,,,,i,0,1.423,0,0,0,0,1,,,,,,,,,,,,,,,,,,,,,,
,,,,,,,,,,,,,,,,,120,4,2024-09-06_13h38.38.181,Symbol-E,2020.1.3,Win32,Firefox,Mozilla/5.0 (Windows NT 10.0; Win64; x64; rv:129.0) Gecko/20100101 Firefox/129.0,60,,,,,,,,,,,,,,,,,,,,,,,,,,,,,,,,,,,,,,,,,,,,,,,,,,,,,,,,,,,,,,,,,,,,,,,,,,,,,,,,,,,,,,,,,,,,,,,,,,,,,,,,,,,,,,,,,,,,,,,,,,,,,,,,,,,,,,,,,,,,,,,,,,78,0,78,0,1,,,,,,,,,,,,,,,,,
,,,,,,,,,,,,,,,,,120,4,2024-09-06_13h38.38.181,Symbol-E,2020.1.3,Win32,Firefox,Mozilla/5.0 (Windows NT 10.0; Win64; x64; rv:129.0) Gecko/20100101 Firefox/129.0,60,,,,,,,,,,,,,,,,,,,,,,,,,,,,,,,,,,,,media/djnb.png,0,0,Symb,a,TR,0,0,1,0,8,0,79,0,1,6,0.964800198,a,1.133,0,1,,,,,,,,,,,,,,,,,,,,,,,,,,,,,,,,,,,,,,,,,,,,,,,,,,,,,,,,,,,,,,,,,,,,,,,,,,,,,,,,,,a,1,1.133,0,0,0,0,1,,,,,,,,,,,,,,,,,,,,,,
,,,,,,,,,,,,,,,,,120,4,2024-09-06_13h38.38.181,Symbol-E,2020.1.3,Win32,Firefox,Mozilla/5.0 (Windows NT 10.0; Win64; x64; rv:129.0) Gecko/20100101 Firefox/129.0,60,,,,,,,,,,,,,,,,,,,,,,,,,,,,,,,,,,,,,,,,,,,,,,,,,,,,,,,,,,,,,,,,,,,,,,,,,,,,,,,,,,,,,,,,,,,,,,,,,,,,,,,,,,,,,,,,,,,,,,,,,,,,,,,,,,,,,,,,,,,,,,,,,,79,0,79,0,1,,,,,,,,,,,,,,,,,
,,,,,,,,,,,,,,,,,120,4,2024-09-06_13h38.38.181,Symbol-E,2020.1.3,Win32,Firefox,Mozilla/5.0 (Windows NT 10.0; Win64; x64; rv:129.0) Gecko/20100101 Firefox/129.0,60,,,,,,,,,,,,,,,,,,,,,,,,,,,,,,,,,,,,media/dfnb.png,1,1,Symb,w,TR,0,0,1,0,8,0,80,0,1,6,0.46812293,w,1.298,1,1,,,,,,,,,,,,,,,,,,,,,,,,,,,,,,,,,,,,,,,,,,,,,,,,,,,,,,,,,,,,,,,,,,,,,,,,,,,,,,,,,,w,1,1.298,0,0,0,0,1,,,,,,,,,,,,,,,,,,,,,,
,,,,,,,,,,,,,,,,,120,4,2024-09-06_13h38.38.181,Symbol-E,2020.1.3,Win32,Firefox,Mozilla/5.0 (Windows NT 10.0; Win64; x64; rv:129.0) Gecko/20100101 Firefox/129.0,60,,,,,,,,,,,,,,,,,,,,,,,,,,,,,,,,,,,,,,,,,,,,,,,,,,,,,,,,,,,,,,,,,,,,,,,,,,,,,,,,,,,,,,,,,,,,,,,,,,,,,,,,,,,,,,,,,,,,,,,,,,,,,,,,,,,,,,,,,,,,,,,,,,80,0,80,0,1,,,,,,,,,,,,,,,,,
,,,,,,,,,,,,,,,,,120,4,2024-09-06_13h38.38.181,Symbol-E,2020.1.3,Win32,Firefox,Mozilla/5.0 (Windows NT 10.0; Win64; x64; rv:129.0) Gecko/20100101 Firefox/129.0,60,,,,,,,,,,,,,,,,,,,,,,,,,,,,,,,,,,,,media/ddnb.png,5,1,Symb,u,TR,0,0,1,0,8,0,81,0,1,6,1.110402847,u,1.235,5,1,,,,,,,,,,,,,,,,,,,,,,,,,,,,,,,,,,,,,,,,,,,,,,,,,,,,,,,,,,,,,,,,,,,,,,,,,,,,,,,,,,u,1,1.235,0,0,0,0,1,,,,,,,,,,,,,,,,,,,,,,
,,,,,,,,,,,,,,,,,120,4,2024-09-06_13h38.38.181,Symbol-E,2020.1.3,Win32,Firefox,Mozilla/5.0 (Windows NT 10.0; Win64; x64; rv:129.0) Gecko/20100101 Firefox/129.0,60,,,,,,,,,,,,,,,,,,,,,,,,,,,,,,,,,,,,,,,,,,,,,,,,,,,,,,,,,,,,,,,,,,,,,,,,,,,,,,,,,,,,,,,,,,,,,,,,,,,,,,,,,,,,,,,,,,,,,,,,,,,,,,,,,,,,,,,,,,,,,,,,,,81,0,81,0,1,,,,,,,,,,,,,,,,,
,,,,,,,,,,,,,,,,,120,4,2024-09-06_13h38.38.181,Symbol-E,2020.1.3,Win32,Firefox,Mozilla/5.0 (Windows NT 10.0; Win64; x64; rv:129.0) Gecko/20100101 Firefox/129.0,60,,,,,,,,,,,,,,,,,,,,,,,,,,,,,,,,,,,,media/djnb.png,0,0,Symb,a,TR,0,0,1,0,8,0,82,0,1,6,1.183073936,a,1.263,0,1,,,,,,,,,,,,,,,,,,,,,,,,,,,,,,,,,,,,,,,,,,,,,,,,,,,,,,,,,,,,,,,,,,,,,,,,,,,,,,,,,,a,1,1.263,0,0,0,0,1,,,,,,,,,,,,,,,,,,,,,,
,,,,,,,,,,,,,,,,,120,4,2024-09-06_13h38.38.181,Symbol-E,2020.1.3,Win32,Firefox,Mozilla/5.0 (Windows NT 10.0; Win64; x64; rv:129.0) Gecko/20100101 Firefox/129.0,60,,,,,,,,,,,,,,,,,,,,,,,,,,,,,,,,,,,,,,,,,,,,,,,,,,,,,,,,,,,,,,,,,,,,,,,,,,,,,,,,,,,,,,,,,,,,,,,,,,,,,,,,,,,,,,,,,,,,,,,,,,,,,,,,,,,,,,,,,,,,,,,,,,82,0,82,0,1,,,,,,,,,,,,,,,,,
,,,,,,,,,,,,,,,,,120,4,2024-09-06_13h38.38.181,Symbol-E,2020.1.3,Win32,Firefox,Mozilla/5.0 (Windows NT 10.0; Win64; x64; rv:129.0) Gecko/20100101 Firefox/129.0,60,,,,,,,,,,,,,,,,,,,,,,,,,,,,,,,,,,,,media/djnb.png,0,0,Symb,a,TR,0,0,1,0,8,0,83,0,1,6,0.834880968,a,1.255,0,1,,,,,,,,,,,,,,,,,,,,,,,,,,,,,,,,,,,,,,,,,,,,,,,,,,,,,,,,,,,,,,,,,,,,,,,,,,,,,,,,,,a,1,1.255,0,0,0,0,1,,,,,,,,,,,,,,,,,,,,,,
,,,,,,,,,,,,,,,,,120,4,2024-09-06_13h38.38.181,Symbol-E,2020.1.3,Win32,Firefox,Mozilla/5.0 (Windows NT 10.0; Win64; x64; rv:129.0) Gecko/20100101 Firefox/129.0,60,,,,,,,,,,,,,,,,,,,,,,,,,,,,,,,,,,,,,,,,,,,,,,,,,,,,,,,,,,,,,,,,,,,,,,,,,,,,,,,,,,,,,,,,,,,,,,,,,,,,,,,,,,,,,,,,,,,,,,,,,,,,,,,,,,,,,,,,,,,,,,,,,,83,0,83,0,1,,,,,,,,,,,,,,,,,
,,,,,,,,,,,,,,,,,120,4,2024-09-06_13h38.38.181,Symbol-E,2020.1.3,Win32,Firefox,Mozilla/5.0 (Windows NT 10.0; Win64; x64; rv:129.0) Gecko/20100101 Firefox/129.0,60,,,,,,,,,,,,,,,,,,,,,,,,,,,,,,,,,,,,media/dcnb.png,4,0,Symb,h,TR,0,0,1,0,8,0,84,0,1,6,1.167663973,h,1.129,4,1,,,,,,,,,,,,,,,,,,,,,,,,,,,,,,,,,,,,,,,,,,,,,,,,,,,,,,,,,,,,,,,,,,,,,,,,,,,,,,,,,,h,1,1.129,0,0,0,0,1,,,,,,,,,,,,,,,,,,,,,,
,,,,,,,,,,,,,,,,,120,4,2024-09-06_13h38.38.181,Symbol-E,2020.1.3,Win32,Firefox,Mozilla/5.0 (Windows NT 10.0; Win64; x64; rv:129.0) Gecko/20100101 Firefox/129.0,60,,,,,,,,,,,,,,,,,,,,,,,,,,,,,,,,,,,,,,,,,,,,,,,,,,,,,,,,,,,,,,,,,,,,,,,,,,,,,,,,,,,,,,,,,,,,,,,,,,,,,,,,,,,,,,,,,,,,,,,,,,,,,,,,,,,,,,,,,,,,,,,,,,84,0,84,0,1,,,,,,,,,,,,,,,,,
,,,,,,,,,,,,,,,,,120,4,2024-09-06_13h38.38.181,Symbol-E,2020.1.3,Win32,Firefox,Mozilla/5.0 (Windows NT 10.0; Win64; x64; rv:129.0) Gecko/20100101 Firefox/129.0,60,,,,,,,,,,,,,,,,,,,,,,,,,,,,,,,,,,,,media/dmnb.png,7,3,Symb,l,TR,0,0,1,0,8,0,85,0,1,6,1.06584558,l,1.246,7,1,,,,,,,,,,,,,,,,,,,,,,,,,,,,,,,,,,,,,,,,,,,,,,,,,,,,,,,,,,,,,,,,,,,,,,,,,,,,,,,,,,l,1,1.246,0,0,0,0,1,,,,,,,,,,,,,,,,,,,,,,
,,,,,,,,,,,,,,,,,120,4,2024-09-06_13h38.38.181,Symbol-E,2020.1.3,Win32,Firefox,Mozilla/5.0 (Windows NT 10.0; Win64; x64; rv:129.0) Gecko/20100101 Firefox/129.0,60,,,,,,,,,,,,,,,,,,,,,,,,,,,,,,,,,,,,,,,,,,,,,,,,,,,,,,,,,,,,,,,,,,,,,,,,,,,,,,,,,,,,,,,,,,,,,,,,,,,,,,,,,,,,,,,,,,,,,,,,,,,,,,,,,,,,,,,,,,,,,,,,,,85,0,85,0,1,,,,,,,,,,,,,,,,,
,,,,,,,,,,,,,,,,,120,4,2024-09-06_13h38.38.181,Symbol-E,2020.1.3,Win32,Firefox,Mozilla/5.0 (Windows NT 10.0; Win64; x64; rv:129.0) Gecko/20100101 Firefox/129.0,60,,,,,,,,,,,,,,,,,,,,,,,,,,,,,,,,,,,,media/ddnb.png,5,1,Symb,u,TR,0,0,1,0,8,0,86,0,1,6,0.810700889,u,1.081,5,1,,,,,,,,,,,,,,,,,,,,,,,,,,,,,,,,,,,,,,,,,,,,,,,,,,,,,,,,,,,,,,,,,,,,,,,,,,,,,,,,,,u,1,1.081,0,0,0,0,1,,,,,,,,,,,,,,,,,,,,,,
,,,,,,,,,,,,,,,,,120,4,2024-09-06_13h38.38.181,Symbol-E,2020.1.3,Win32,Firefox,Mozilla/5.0 (Windows NT 10.0; Win64; x64; rv:129.0) Gecko/20100101 Firefox/129.0,60,,,,,,,,,,,,,,,,,,,,,,,,,,,,,,,,,,,,,,,,,,,,,,,,,,,,,,,,,,,,,,,,,,,,,,,,,,,,,,,,,,,,,,,,,,,,,,,,,,,,,,,,,,,,,,,,,,,,,,,,,,,,,,,,,,,,,,,,,,,,,,,,,,86,0,86,0,1,,,,,,,,,,,,,,,,,
,,,,,,,,,,,,,,,,,120,4,2024-09-06_13h38.38.181,Symbol-E,2020.1.3,Win32,Firefox,Mozilla/5.0 (Windows NT 10.0; Win64; x64; rv:129.0) Gecko/20100101 Firefox/129.0,60,,,,,,,,,,,,,,,,,,,,,,,,,,,,,,,,,,,,media/dnnb.png,2,2,Symb,e,TR,0,0,1,0,8,0,87,0,1,6,0.333109409,h,1.431,4,0,,,,,,,,,,,,,,,,,,,,,,,,,,,,,,,,,,,,,,,,,,,,,,,,,,,,,,,,,,,,,,,,,,,,,,,,,,,,,,,,,,h,0,1.431,0,0,0,0,1,,,,,,,,,,,,,,,,,,,,,,
,,,,,,,,,,,,,,,,,120,4,2024-09-06_13h38.38.181,Symbol-E,2020.1.3,Win32,Firefox,Mozilla/5.0 (Windows NT 10.0; Win64; x64; rv:129.0) Gecko/20100101 Firefox/129.0,60,,,,,,,,,,,,,,,,,,,,,,,,,,,,,,,,,,,,,,,,,,,,,,,,,,,,,,,,,,,,,,,,,,,,,,,,,,,,,,,,,,,,,,,,,,,,,,,,,,,,,,,,,,,,,,,,,,,,,,,,,,,,,,,,,,,,,,,,,,,,,,,,,,87,0,87,0,1,,,,,,,,,,,,,,,,,
,,,,,,,,,,,,,,,,,120,4,2024-09-06_13h38.38.181,Symbol-E,2020.1.3,Win32,Firefox,Mozilla/5.0 (Windows NT 10.0; Win64; x64; rv:129.0) Gecko/20100101 Firefox/129.0,60,,,,,,,,,,,,,,,,,,,,,,,,,,,,,,,,,,,,media/dgnb.png,3,3,Symb,f,TR,0,0,1,0,8,0,88,0,1,6,0.131736119,a,99,8,0,,,,,,,,,,,,,,,,,,,,h,0.07,,,,,,,,,,,,,,,,,,,,,,,,,,,,,,,,,,,,,,,,,,,,,,,,,,,,,,,,,,,,,,0,,,,,,,,,,,,0,0,0,0,1,,,,,,,,,,,,
,,,,,,,,,,,,,,,,,120,4,2024-09-06_13h38.38.181,Symbol-E,2020.1.3,Win32,Firefox,Mozilla/5.0 (Windows NT 10.0; Win64; x64; rv:129.0) Gecko/20100101 Firefox/129.0,60,,,,,,,,,,,,,,,,,,,,,,,,,,,,,,,,,,,,,,,,,,,,,,,,,,,,,,,,,,,,,,,,,,,,,,,,,,,,,,,,,,,,,,,,,,,,,,,,,,,,,,,,,,,,,,,,,,,,,,,,,,,,,,,,,,,,,,,,,,,,,,,,,,88,0,88,0,1,,,,,,,,,,,,,,,,,
,,,,,,,,,,,,,,,,,120,4,2024-09-06_13h38.38.181,Symbol-E,2020.1.3,Win32,Firefox,Mozilla/5.0 (Windows NT 10.0; Win64; x64; rv:129.0) Gecko/20100101 Firefox/129.0,60,,,,,,,,,,,,,,,,,,,,,,,,,,,,,,,,,,,,media/dcnb.png,4,0,Symb,h,TR,0,0,1,0,8,0,89,0,1,6,0.61339966,h,0.088,4,1,,,,,,,,,,,,,,,,,,,,h,1.825,,,,,,,,,,,,,,,,,,,,,,,,,,,,,,,,,,,,,,,,,,,,,,,,,,,,,,,,,,,,,h,1,0.088,,,,,,,,,,,0,0,0,0,1,,,,,,,,,,,,
,,,,,,,,,,,,,,,,,120,4,2024-09-06_13h38.38.181,Symbol-E,2020.1.3,Win32,Firefox,Mozilla/5.0 (Windows NT 10.0; Win64; x64; rv:129.0) Gecko/20100101 Firefox/129.0,60,,,,,,,,,,,,,,,,,,,,,,,,,,,,,,,,,,,,,,,,,,,,,,,,,,,,,,,,,,,,,,,,,,,,,,,,,,,,,,,,,,,,,,,,,,,,,,,,,,,,,,,,,,,,,,,,,,,,,,,,,,,,,,,,,,,,,,,,,,,,,,,,,,89,0,89,0,1,,,,,,,,,,,,,,,,,
,,,,,,,,,,,,,,,,,120,4,2024-09-06_13h38.38.181,Symbol-E,2020.1.3,Win32,Firefox,Mozilla/5.0 (Windows NT 10.0; Win64; x64; rv:129.0) Gecko/20100101 Firefox/129.0,60,,,,,,,,,,,,,,,,,,,,,,,,,,,,,,,,,,,,media/dnnb.png,2,2,Symb,e,TR,0,0,1,0,8,0,90,0,1,6,0.662191273,e,1.433,2,1,,,,,,,,,,,,,,,,,,,,,,,,,,,,,,,,,,,,,,,,,,,,,,,,,,,,,,,,,,,,,,,,,,,,,,,,,,,,,,,,,,e,1,1.433,0,0,0,0,1,,,,,,,,,,,,,,,,,,,,,,
,,,,,,,,,,,,,,,,,120,4,2024-09-06_13h38.38.181,Symbol-E,2020.1.3,Win32,Firefox,Mozilla/5.0 (Windows NT 10.0; Win64; x64; rv:129.0) Gecko/20100101 Firefox/129.0,60,,,,,,,,,,,,,,,,,,,,,,,,,,,,,,,,,,,,,,,,,,,,,,,,,,,,,,,,,,,,,,,,,,,,,,,,,,,,,,,,,,,,,,,,,,,,,,,,,,,,,,,,,,,,,,,,,,,,,,,,,,,,,,,,,,,,,,,,,,,,,,,,,,90,0,90,0,1,,,,,,,,,,,,,,,,,
,,,,,,,,,,,,,,,,,120,4,2024-09-06_13h38.38.181,Symbol-E,2020.1.3,Win32,Firefox,Mozilla/5.0 (Windows NT 10.0; Win64; x64; rv:129.0) Gecko/20100101 Firefox/129.0,60,,,,,,,,,,,,,,,,,,,,,,,,,,,,,,,,,,,,media/dfnb.png,1,1,Symb,w,TR,0,0,1,0,8,0,91,0,1,6,0.732495085,w,1.22,1,1,,,,,,,,,,,,,,,,,,,,,,,,,,,,,,,,,,,,,,,,,,,,,,,,,,,,,,,,,,,,,,,,,,,,,,,,,,,,,,,,,,w,1,1.22,0,0,0,0,1,,,,,,,,,,,,,,,,,,,,,,
,,,,,,,,,,,,,,,,,120,4,2024-09-06_13h38.38.181,Symbol-E,2020.1.3,Win32,Firefox,Mozilla/5.0 (Windows NT 10.0; Win64; x64; rv:129.0) Gecko/20100101 Firefox/129.0,60,,,,,,,,,,,,,,,,,,,,,,,,,,,,,,,,,,,,,,,,,,,,,,,,,,,,,,,,,,,,,,,,,,,,,,,,,,,,,,,,,,,,,,,,,,,,,,,,,,,,,,,,,,,,,,,,,,,,,,,,,,,,,,,,,,,,,,,,,,,,,,,,,,91,0,91,0,1,,,,,,,,,,,,,,,,,
,,,,,,,,,,,,,,,,,120,4,2024-09-06_13h38.38.181,Symbol-E,2020.1.3,Win32,Firefox,Mozilla/5.0 (Windows NT 10.0; Win64; x64; rv:129.0) Gecko/20100101 Firefox/129.0,60,,,,,,,,,,,,,,,,,,,,,,,,,,,,,,,,,,,,media/dinb.png,6,2,Symb,i,TR,0,0,1,0,8,0,92,0,1,6,0.637469118,i,1.215,6,1,,,,,,,,,,,,,,,,,,,,,,,,,,,,,,,,,,,,,,,,,,,,,,,,,,,,,,,,,,,,,,,,,,,,,,,,,,,,,,,,,,i,1,1.215,0,0,0,0,1,,,,,,,,,,,,,,,,,,,,,,
,,,,,,,,,,,,,,,,,120,4,2024-09-06_13h38.38.181,Symbol-E,2020.1.3,Win32,Firefox,Mozilla/5.0 (Windows NT 10.0; Win64; x64; rv:129.0) Gecko/20100101 Firefox/129.0,60,,,,,,,,,,,,,,,,,,,,,,,,,,,,,,,,,,,,,,,,,,,,,,,,,,,,,,,,,,,,,,,,,,,,,,,,,,,,,,,,,,,,,,,,,,,,,,,,,,,,,,,,,,,,,,,,,,,,,,,,,,,,,,,,,,,,,,,,,,,,,,,,,,92,0,92,0,1,,,,,,,,,,,,,,,,,
,,,,,,,,,,,,,,,,,120,4,2024-09-06_13h38.38.181,Symbol-E,2020.1.3,Win32,Firefox,Mozilla/5.0 (Windows NT 10.0; Win64; x64; rv:129.0) Gecko/20100101 Firefox/129.0,60,,,,,,,,,,,,,,,,,,,,,,,,,,,,,,,,,,,,media/dgnb.png,3,3,Symb,f,TR,0,0,1,0,8,0,93,0,1,6,0.7164107,f,1.239,3,1,,,,,,,,,,,,,,,,,,,,,,,,,,,,,,,,,,,,,,,,,,,,,,,,,,,,,,,,,,,,,,,,,,,,,,,,,,,,,,,,,,f,1,1.239,0,0,0,0,1,,,,,,,,,,,,,,,,,,,,,,
,,,,,,,,,,,,,,,,,120,4,2024-09-06_13h38.38.181,Symbol-E,2020.1.3,Win32,Firefox,Mozilla/5.0 (Windows NT 10.0; Win64; x64; rv:129.0) Gecko/20100101 Firefox/129.0,60,,,,,,,,,,,,,,,,,,,,,,,,,,,,,,,,,,,,,,,,,,,,,,,,,,,,,,,,,,,,,,,,,,,,,,,,,,,,,,,,,,,,,,,,,,,,,,,,,,,,,,,,,,,,,,,,,,,,,,,,,,,,,,,,,,,,,,,,,,,,,,,,,,93,0,93,0,1,,,,,,,,,,,,,,,,,
,,,,,,,,,,,,,,,,,120,4,2024-09-06_13h38.38.181,Symbol-E,2020.1.3,Win32,Firefox,Mozilla/5.0 (Windows NT 10.0; Win64; x64; rv:129.0) Gecko/20100101 Firefox/129.0,60,,,,,,,,,,,,,,,,,,,,,,,,,,,,,,,,,,,,media/dinb.png,6,2,Symb,i,TR,0,0,1,0,8,0,94,0,1,6,1.08634239,i,1.238,6,1,,,,,,,,,,,,,,,,,,,,,,,,,,,,,,,,,,,,,,,,,,,,,,,,,,,,,,,,,,,,,,,,,,,,,,,,,,,,,,,,,,i,1,1.238,0,0,0,0,1,,,,,,,,,,,,,,,,,,,,,,
,,,,,,,,,,,,,,,,,120,4,2024-09-06_13h38.38.181,Symbol-E,2020.1.3,Win32,Firefox,Mozilla/5.0 (Windows NT 10.0; Win64; x64; rv:129.0) Gecko/20100101 Firefox/129.0,60,,,,,,,,,,,,,,,,,,,,,,,,,,,,,,,,,,,,,,,,,,,,,,,,,,,,,,,,,,,,,,,,,,,,,,,,,,,,,,,,,,,,,,,,,,,,,,,,,,,,,,,,,,,,,,,,,,,,,,,,,,,,,,,,,,,,,,,,,,,,,,,,,,94,0,94,0,1,,,,,,,,,,,,,,,,,
,,,,,,,,,,,,,,,,,120,4,2024-09-06_13h38.38.181,Symbol-E,2020.1.3,Win32,Firefox,Mozilla/5.0 (Windows NT 10.0; Win64; x64; rv:129.0) Gecko/20100101 Firefox/129.0,60,,,,,,,,,,,,,,,,,,,,,,,,,,,,,,,,,,,,media/dmnb.png,7,3,Symb,l,TR,0,0,1,0,8,0,95,0,1,6,0.778691379,l,1.273,7,1,,,,,,,,,,,,,,,,,,,,,,,,,,,,,,,,,,,,,,,,,,,,,,,,,,,,,,,,,,,,,,,,,,,,,,,,,,,,,,,,,,l,1,1.273,0,0,0,0,1,,,,,,,,,,,,,,,,,,,,,,
,,,,,,,,,,,,,,,,,120,4,2024-09-06_13h38.38.181,Symbol-E,2020.1.3,Win32,Firefox,Mozilla/5.0 (Windows NT 10.0; Win64; x64; rv:129.0) Gecko/20100101 Firefox/129.0,60,,,,,,,,,,,,,,,,,,,,,,,,,,,,,,,,,,,,,,,,,,,,,,,,,,,,,,,,,,,,,,,,,,,,,,,,,,,,,,,,,,,,,,,,,,,,,,,,,,,,,,,,,,,,,,,,,,,,,,,,,,,,,,,,,,,,,,,,,,,,,,,,,,95,0,95,0,1,,,,,,,,,,,,,,,,,
,,,,,,,,,,,,,,,,,120,4,2024-09-06_13h38.38.181,Symbol-E,2020.1.3,Win32,Firefox,Mozilla/5.0 (Windows NT 10.0; Win64; x64; rv:129.0) Gecko/20100101 Firefox/129.0,60,,,,,,,,,,,,,,,,,,,,,,,,,,,,,,,,,,,,,,,,,,,,,,,,,,,,,,,,,,,,,,,,,,,,,,,,,,,,,,,,,,,,,,,,,,,,,,,,,,,,,,,,,,,,,,,,,,,,,,,,,,,,,,,,,,,,,,,,,,,,,,,,,,,,,,,,,,,,5,0,5,0,1,,,,,,,
,,,,,,,,,,,,,,,,,120,4,2024-09-06_13h38.38.181,Symbol-E,2020.1.3,Win32,Firefox,Mozilla/5.0 (Windows NT 10.0; Win64; x64; rv:129.0) Gecko/20100101 Firefox/129.0,60,,,,,,,,,,,,,,,,,,,,,,,,,,,,,,,,,,,,,,,,,,,,,,,,,,,,,,,,,,,,,,,,,,,,,,,,,,,,,,,,,,,,,,,,,,,,,,,,,,,,,,,,,,,,,,,,,,,,,,,,,,,,,,,,,,,,,,,,,,,,,,,,,,,,,,,,,,,,,,,,,0,0,0,0,1,,
,,,,,,,,,,,,,,,,,120,4,2024-09-06_13h38.38.181,Symbol-E,2020.1.3,Win32,Firefox,Mozilla/5.0 (Windows NT 10.0; Win64; x64; rv:129.0) Gecko/20100101 Firefox/129.0,60,,,,,,,,,,,,,,,,,,,,,,,,,,,,,,,,,,,,,,,,,,,,,,,,,,,,,,,,,,,,,,,,,,,,,,,,,,,,,,,,,,,,,,,,,,,,,,,,,,,,,,,,,,,,,,,,,,,,,,,,,,,,,,,,,,,,,,,,,,,,,,,,,,,,,,,,,,,,,,,,,,,,,,space,6.407
