Import_Stim.thisRepN,Import_Stim.thisTrialN,Import_Stim.thisN,Import_Stim.thisIndex,Import_Stim.ran,StimNum,Key,KeyNum,Symb,Symb_R,Symb_G,X_pos,Y_pos,Hand,Sound_P,Sound_N,Beep,participant,session,date,expName,psychopyVersion,OS,browser,browserInfo,frameRate,symb_map,symb_remap,Remap_Pair_1,Remap_Pair_2,Instr_Exp_Key.keys,Instr_Exp_Key.rt,Instr_Sound_Check_Press.keys,Instr_Sound_Check_Press.rt,Instr_Sound_Check_Press_Space.keys,Instr_Sound_Check_Iter.thisRepN,Instr_Sound_Check_Iter.thisTrialN,Instr_Sound_Check_Iter.thisN,Instr_Sound_Check_Iter.thisIndex,Instr_Sound_Check_Iter.ran,Instr_Sound_Check_Press_Space.rt,Sound_check_Creat_StimSeq_Text_Press.keys,sound_check,sound_check_press,sound_check_rt,sound_check_correct,sound_check_trial_count,Sound_Check_Press.keys,Sound_Check_Press.rt,Sound_Check_Iter.thisRepN,Sound_Check_Iter.thisTrialN,Sound_Check_Iter.thisN,Sound_Check_Iter.thisIndex,Sound_Check_Iter.ran,Sound_Check_Bool.thisRepN,Sound_Check_Bool.thisTrialN,Sound_Check_Bool.thisN,Sound_Check_Bool.thisIndex,Sound_Check_Bool.ran,Instr_RT_Pre_Press.keys,Instr_RT_Pre_Press.rt,Instr_Block_Num_Press.keys,Instr_Block_Num_Press.rt,stim_val,proposed_choice,key_num,stim_type,key,block_type,tr_old_pre,tr_old_post,remap,pre_rt,set_size,repeat_count,trial_Count,grp_stop,grp_swap,block_num,prep_time,actual_press,rt,actual_choice,correct,RT_Press.keys,RT_Press.corr,RT_Press.rt,RT_Iter.thisRepN,RT_Iter.thisTrialN,RT_Iter.thisN,RT_Iter.thisIndex,RT_Iter.ran,RT_PreBlock.thisRepN,RT_PreBlock.thisTrialN,RT_PreBlock.thisN,RT_PreBlock.thisIndex,RT_PreBlock.ran,RT_PreBool.thisRepN,RT_PreBool.thisTrialN,RT_PreBool.thisN,RT_PreBool.thisIndex,RT_PreBool.ran,Instr_End_Exp_Key.keys,Instr_End_Exp_Key.rt,RT_PreBlock.order
0,0,0,0,1,0,a,0,media/djnb.png,media/djnb_r.png,media/djnb_g.png,-0.2495,0.045,media/hand2.png,media/coin.wav,media/buzz.wav,media/beep.wav,316,2,2024-02-14_20h27.11.143,Symbol-E,2020.1.3,Win32,Firefox,Mozilla/5.0 (Windows NT 10.0; Win64; x64; rv:122.0) Gecko/20100101 Firefox/122.0,60,,,,,,,,,,,,,,,,,,,,,,,,,,,,,,,,,,,,,,,,,,,,,,,,,,,,,,,,,,,,,,,,,,,,,,,,,,,,,,,
0,1,1,1,1,1,w,1,media/dnnb.png,media/dnnb_r.png,media/dnnb_g.png,-0.205,0.112,,,,,316,2,2024-02-14_20h27.11.143,Symbol-E,2020.1.3,Win32,Firefox,Mozilla/5.0 (Windows NT 10.0; Win64; x64; rv:122.0) Gecko/20100101 Firefox/122.0,60,,,,,,,,,,,,,,,,,,,,,,,,,,,,,,,,,,,,,,,,,,,,,,,,,,,,,,,,,,,,,,,,,,,,,,,,,,,,,,,
0,2,2,2,1,2,e,2,media/dinb.png,media/dinb_r.png,media/dinb_g.png,-0.15,0.135,,,,,316,2,2024-02-14_20h27.11.143,Symbol-E,2020.1.3,Win32,Firefox,Mozilla/5.0 (Windows NT 10.0; Win64; x64; rv:122.0) Gecko/20100101 Firefox/122.0,60,,,,,,,,,,,,,,,,,,,,,,,,,,,,,,,,,,,,,,,,,,,,,,,,,,,,,,,,,,,,,,,,,,,,,,,,,,,,,,,
0,3,3,3,1,3,f,3,media/dgnb.png,media/dgnb_r.png,media/dgnb_g.png,-0.0885,0.115,,,,,316,2,2024-02-14_20h27.11.143,Symbol-E,2020.1.3,Win32,Firefox,Mozilla/5.0 (Windows NT 10.0; Win64; x64; rv:122.0) Gecko/20100101 Firefox/122.0,60,,,,,,,,,,,,,,,,,,,,,,,,,,,,,,,,,,,,,,,,,,,,,,,,,,,,,,,,,,,,,,,,,,,,,,,,,,,,,,,
0,4,4,4,1,4,h,0,media/ddnb.png,media/ddnb_r.png,media/ddnb_g.png,0.088,0.115,,,,,316,2,2024-02-14_20h27.11.143,Symbol-E,2020.1.3,Win32,Firefox,Mozilla/5.0 (Windows NT 10.0; Win64; x64; rv:122.0) Gecko/20100101 Firefox/122.0,60,,,,,,,,,,,,,,,,,,,,,,,,,,,,,,,,,,,,,,,,,,,,,,,,,,,,,,,,,,,,,,,,,,,,,,,,,,,,,,,
0,5,5,5,1,5,u,1,media/dfnb.png,media/dfnb_r.png,media/dfnb_g.png,0.1495,0.135,,,,,316,2,2024-02-14_20h27.11.143,Symbol-E,2020.1.3,Win32,Firefox,Mozilla/5.0 (Windows NT 10.0; Win64; x64; rv:122.0) Gecko/20100101 Firefox/122.0,60,,,,,,,,,,,,,,,,,,,,,,,,,,,,,,,,,,,,,,,,,,,,,,,,,,,,,,,,,,,,,,,,,,,,,,,,,,,,,,,
0,6,6,6,1,6,i,2,media/dcnb.png,media/dcnb_r.png,media/dcnb_g.png,0.2055,0.112,,,,,316,2,2024-02-14_20h27.11.143,Symbol-E,2020.1.3,Win32,Firefox,Mozilla/5.0 (Windows NT 10.0; Win64; x64; rv:122.0) Gecko/20100101 Firefox/122.0,60,,,,,,,,,,,,,,,,,,,,,,,,,,,,,,,,,,,,,,,,,,,,,,,,,,,,,,,,,,,,,,,,,,,,,,,,,,,,,,,
0,7,7,7,1,7,l,3,media/dmnb.png,media/dmnb_r.png,media/dmnb_g.png,0.25,0.045,,,,,316,2,2024-02-14_20h27.11.143,Symbol-E,2020.1.3,Win32,Firefox,Mozilla/5.0 (Windows NT 10.0; Win64; x64; rv:122.0) Gecko/20100101 Firefox/122.0,60,,,,,,,,,,,,,,,,,,,,,,,,,,,,,,,,,,,,,,,,,,,,,,,,,,,,,,,,,,,,,,,,,,,,,,,,,,,,,,,
,,,,,,,,,,,,,,,,,316,2,2024-02-14_20h27.11.143,Symbol-E,2020.1.3,Win32,Firefox,Mozilla/5.0 (Windows NT 10.0; Win64; x64; rv:122.0) Gecko/20100101 Firefox/122.0,60,"[7,3,2,1,6,5,4,0]",,"[0,3]","[4,7]",space,3.899,f,1.636,,0,0,0,0,1,,,,,,,,,,,,,,,,,,,,,,,,,,,,,,,,,,,,,,,,,,,,,,,,,,,,,,,,,,,,,,,,,
,,,,,,,,,,,,,,,,,316,2,2024-02-14_20h27.11.143,Symbol-E,2020.1.3,Win32,Firefox,Mozilla/5.0 (Windows NT 10.0; Win64; x64; rv:122.0) Gecko/20100101 Firefox/122.0,60,,,,,,,j,1.067,,1,0,1,0,1,,,,,,,,,,,,,,,,,,,,,,,,,,,,,,,,,,,,,,,,,,,,,,,,,,,,,,,,,,,,,,,,,
,,,,,,,,,,,,,,,,,316,2,2024-02-14_20h27.11.143,Symbol-E,2020.1.3,Win32,Firefox,Mozilla/5.0 (Windows NT 10.0; Win64; x64; rv:122.0) Gecko/20100101 Firefox/122.0,60,,,,,,,f,0.582,,2,0,2,0,1,,,,,,,,,,,,,,,,,,,,,,,,,,,,,,,,,,,,,,,,,,,,,,,,,,,,,,,,,,,,,,,,,
,,,,,,,,,,,,,,,,,316,2,2024-02-14_20h27.11.143,Symbol-E,2020.1.3,Win32,Firefox,Mozilla/5.0 (Windows NT 10.0; Win64; x64; rv:122.0) Gecko/20100101 Firefox/122.0,60,,,,,,,j,0.367,,3,0,3,0,1,,,,,,,,,,,,,,,,,,,,,,,,,,,,,,,,,,,,,,,,,,,,,,,,,,,,,,,,,,,,,,,,,
,,,,,,,,,,,,,,,,,316,2,2024-02-14_20h27.11.143,Symbol-E,2020.1.3,Win32,Firefox,Mozilla/5.0 (Windows NT 10.0; Win64; x64; rv:122.0) Gecko/20100101 Firefox/122.0,60,,,,,,,,,space,4,0,4,0,1,1.784,,,,,,,,,,,,,,,,,,,,,,,,,,,,,,,,,,,,,,,,,,,,,,,,,,,,,,,,,,,,,,,,
,,,,,,,,,,,,,,,,,316,2,2024-02-14_20h27.11.143,Symbol-E,2020.1.3,Win32,Firefox,Mozilla/5.0 (Windows NT 10.0; Win64; x64; rv:122.0) Gecko/20100101 Firefox/122.0,60,,,,,,,,,,,,,,,,space,buzz,j,-0.565,-1,2,j,0.435,0,0,0,0,1,,,,,,,,,,,,,,,,,,,,,,,,,,,,,,,,,,,,,,,,,,,,,,,,,,,
,,,,,,,,,,,,,,,,,316,2,2024-02-14_20h27.11.143,Symbol-E,2020.1.3,Win32,Firefox,Mozilla/5.0 (Windows NT 10.0; Win64; x64; rv:122.0) Gecko/20100101 Firefox/122.0,60,,,,,,,,,,,,,,,,,coin,f,-0.166,-1,3,f,0.834,1,0,1,0,1,,,,,,,,,,,,,,,,,,,,,,,,,,,,,,,,,,,,,,,,,,,,,,,,,,,
,,,,,,,,,,,,,,,,,316,2,2024-02-14_20h27.11.143,Symbol-E,2020.1.3,Win32,Firefox,Mozilla/5.0 (Windows NT 10.0; Win64; x64; rv:122.0) Gecko/20100101 Firefox/122.0,60,,,,,,,,,,,,,,,,,coin,f,-0.897,-1,4,f,0.103,2,0,2,0,1,,,,,,,,,,,,,,,,,,,,,,,,,,,,,,,,,,,,,,,,,,,,,,,,,,,
,,,,,,,,,,,,,,,,,316,2,2024-02-14_20h27.11.143,Symbol-E,2020.1.3,Win32,Firefox,Mozilla/5.0 (Windows NT 10.0; Win64; x64; rv:122.0) Gecko/20100101 Firefox/122.0,60,,,,,,,,,,,,,,,,,coin,f,-0.947,-1,5,f,0.053,3,0,3,0,1,,,,,,,,,,,,,,,,,,,,,,,,,,,,,,,,,,,,,,,,,,,,,,,,,,,
,,,,,,,,,,,,,,,,,316,2,2024-02-14_20h27.11.143,Symbol-E,2020.1.3,Win32,Firefox,Mozilla/5.0 (Windows NT 10.0; Win64; x64; rv:122.0) Gecko/20100101 Firefox/122.0,60,,,,,,,,,,,,,,,,,,,,,,,,,,,,,0,0,0,0,1,,,,,,,,,,,,,,,,,,,,,,,,,,,,,,,,,,,,,,,,,,,,,,
,,,,,,,,,,,,,,,,,316,2,2024-02-14_20h27.11.143,Symbol-E,2020.1.3,Win32,Firefox,Mozilla/5.0 (Windows NT 10.0; Win64; x64; rv:122.0) Gecko/20100101 Firefox/122.0,60,,,,,,,,,,,,,,,,,,,,,,,,,,,,,,,,,,h,19.581,u,1.787,media/dfnb.png,5,1,Symb,u,RT,0,0,0,1,8,0,0,0,1,1,99,u,0.849,5,1,u,1,0.849,0,0,0,0,1,,,,,,,,,,,,,
,,,,,,,,,,,,,,,,,316,2,2024-02-14_20h27.11.143,Symbol-E,2020.1.3,Win32,Firefox,Mozilla/5.0 (Windows NT 10.0; Win64; x64; rv:122.0) Gecko/20100101 Firefox/122.0,60,,,,,,,,,,,,,,,,,,,,,,,,,,,,,,,,,,,,,,media/dnnb.png,3,3,Symb,f,RT,0,0,0,1,8,0,1,0,1,1,99,f,0.7,3,1,f,1,0.7,1,0,1,0,1,,,,,,,,,,,,,
,,,,,,,,,,,,,,,,,316,2,2024-02-14_20h27.11.143,Symbol-E,2020.1.3,Win32,Firefox,Mozilla/5.0 (Windows NT 10.0; Win64; x64; rv:122.0) Gecko/20100101 Firefox/122.0,60,,,,,,,,,,,,,,,,,,,,,,,,,,,,,,,,,,,,,,media/dmnb.png,0,0,Symb,a,RT,0,0,0,1,8,0,2,0,1,1,99,a,0.649,0,1,a,1,0.649,2,0,2,0,1,,,,,,,,,,,,,
,,,,,,,,,,,,,,,,,316,2,2024-02-14_20h27.11.143,Symbol-E,2020.1.3,Win32,Firefox,Mozilla/5.0 (Windows NT 10.0; Win64; x64; rv:122.0) Gecko/20100101 Firefox/122.0,60,,,,,,,,,,,,,,,,,,,,,,,,,,,,,,,,,,,,,,media/dinb.png,2,2,Symb,e,RT,0,0,0,1,8,0,3,0,1,1,99,e,0.9,2,1,e,1,0.9,3,0,3,0,1,,,,,,,,,,,,,
,,,,,,,,,,,,,,,,,316,2,2024-02-14_20h27.11.143,Symbol-E,2020.1.3,Win32,Firefox,Mozilla/5.0 (Windows NT 10.0; Win64; x64; rv:122.0) Gecko/20100101 Firefox/122.0,60,,,,,,,,,,,,,,,,,,,,,,,,,,,,,,,,,,,,,,media/ddnb.png,6,2,Symb,i,RT,0,0,0,1,8,0,4,0,1,1,99,i,0.865,6,1,i,1,0.865,4,0,4,0,1,,,,,,,,,,,,,
,,,,,,,,,,,,,,,,,316,2,2024-02-14_20h27.11.143,Symbol-E,2020.1.3,Win32,Firefox,Mozilla/5.0 (Windows NT 10.0; Win64; x64; rv:122.0) Gecko/20100101 Firefox/122.0,60,,,,,,,,,,,,,,,,,,,,,,,,,,,,,,,,,,,,,,media/dgnb.png,1,1,Symb,w,RT,0,0,0,1,8,0,5,0,1,1,99,w,0.771,1,1,w,1,0.771,5,0,5,0,1,,,,,,,,,,,,,
,,,,,,,,,,,,,,,,,316,2,2024-02-14_20h27.11.143,Symbol-E,2020.1.3,Win32,Firefox,Mozilla/5.0 (Windows NT 10.0; Win64; x64; rv:122.0) Gecko/20100101 Firefox/122.0,60,,,,,,,,,,,,,,,,,,,,,,,,,,,,,,,,,,,,,,media/ddnb.png,6,2,Symb,i,RT,0,0,0,1,8,0,6,0,1,1,99,i,1.318,6,1,i,1,1.318,6,0,6,0,1,,,,,,,,,,,,,
,,,,,,,,,,,,,,,,,316,2,2024-02-14_20h27.11.143,Symbol-E,2020.1.3,Win32,Firefox,Mozilla/5.0 (Windows NT 10.0; Win64; x64; rv:122.0) Gecko/20100101 Firefox/122.0,60,,,,,,,,,,,,,,,,,,,,,,,,,,,,,,,,,,,,,,media/dcnb.png,4,0,Symb,h,RT,0,0,0,1,8,0,7,0,1,1,99,h,0.854,4,1,h,1,0.854,7,0,7,0,1,,,,,,,,,,,,,
,,,,,,,,,,,,,,,,,316,2,2024-02-14_20h27.11.143,Symbol-E,2020.1.3,Win32,Firefox,Mozilla/5.0 (Windows NT 10.0; Win64; x64; rv:122.0) Gecko/20100101 Firefox/122.0,60,,,,,,,,,,,,,,,,,,,,,,,,,,,,,,,,,,,,,,media/dgnb.png,1,1,Symb,w,RT,0,0,0,1,8,0,8,0,1,1,99,w,0.786,1,1,w,1,0.786,8,0,8,0,1,,,,,,,,,,,,,
,,,,,,,,,,,,,,,,,316,2,2024-02-14_20h27.11.143,Symbol-E,2020.1.3,Win32,Firefox,Mozilla/5.0 (Windows NT 10.0; Win64; x64; rv:122.0) Gecko/20100101 Firefox/122.0,60,,,,,,,,,,,,,,,,,,,,,,,,,,,,,,,,,,,,,,media/dmnb.png,0,0,Symb,a,RT,0,0,0,1,8,0,9,0,1,1,99,a,0.784,0,1,a,1,0.784,9,0,9,0,1,,,,,,,,,,,,,
,,,,,,,,,,,,,,,,,316,2,2024-02-14_20h27.11.143,Symbol-E,2020.1.3,Win32,Firefox,Mozilla/5.0 (Windows NT 10.0; Win64; x64; rv:122.0) Gecko/20100101 Firefox/122.0,60,,,,,,,,,,,,,,,,,,,,,,,,,,,,,,,,,,,,,,media/djnb.png,7,3,Symb,l,RT,0,0,0,1,8,0,10,0,1,1,99,l,1.017,7,1,l,1,1.017,10,0,10,0,1,,,,,,,,,,,,,
,,,,,,,,,,,,,,,,,316,2,2024-02-14_20h27.11.143,Symbol-E,2020.1.3,Win32,Firefox,Mozilla/5.0 (Windows NT 10.0; Win64; x64; rv:122.0) Gecko/20100101 Firefox/122.0,60,,,,,,,,,,,,,,,,,,,,,,,,,,,,,,,,,,,,,,media/dnnb.png,3,3,Symb,f,RT,0,0,0,1,8,0,11,0,1,1,99,f,0.85,3,1,f,1,0.85,11,0,11,0,1,,,,,,,,,,,,,
,,,,,,,,,,,,,,,,,316,2,2024-02-14_20h27.11.143,Symbol-E,2020.1.3,Win32,Firefox,Mozilla/5.0 (Windows NT 10.0; Win64; x64; rv:122.0) Gecko/20100101 Firefox/122.0,60,,,,,,,,,,,,,,,,,,,,,,,,,,,,,,,,,,,,,,media/djnb.png,7,3,Symb,l,RT,0,0,0,1,8,0,12,0,1,1,99,h,0.667,4,0,h,0,0.667,12,0,12,0,1,,,,,,,,,,,,,
,,,,,,,,,,,,,,,,,316,2,2024-02-14_20h27.11.143,Symbol-E,2020.1.3,Win32,Firefox,Mozilla/5.0 (Windows NT 10.0; Win64; x64; rv:122.0) Gecko/20100101 Firefox/122.0,60,,,,,,,,,,,,,,,,,,,,,,,,,,,,,,,,,,,,,,media/dcnb.png,4,0,Symb,h,RT,0,0,0,1,8,0,13,0,1,1,99,h,1.001,4,1,h,1,1.001,13,0,13,0,1,,,,,,,,,,,,,
,,,,,,,,,,,,,,,,,316,2,2024-02-14_20h27.11.143,Symbol-E,2020.1.3,Win32,Firefox,Mozilla/5.0 (Windows NT 10.0; Win64; x64; rv:122.0) Gecko/20100101 Firefox/122.0,60,,,,,,,,,,,,,,,,,,,,,,,,,,,,,,,,,,,,,,media/dfnb.png,5,1,Symb,u,RT,0,0,0,1,8,0,14,0,1,1,99,u,0.699,5,1,u,1,0.699,14,0,14,0,1,,,,,,,,,,,,,
,,,,,,,,,,,,,,,,,316,2,2024-02-14_20h27.11.143,Symbol-E,2020.1.3,Win32,Firefox,Mozilla/5.0 (Windows NT 10.0; Win64; x64; rv:122.0) Gecko/20100101 Firefox/122.0,60,,,,,,,,,,,,,,,,,,,,,,,,,,,,,,,,,,,,,,media/dinb.png,2,2,Symb,e,RT,0,0,0,1,8,0,15,0,1,1,99,e,1.852,2,1,e,1,1.852,15,0,15,0,1,,,,,,,,,,,,,
,,,,,,,,,,,,,,,,,316,2,2024-02-14_20h27.11.143,Symbol-E,2020.1.3,Win32,Firefox,Mozilla/5.0 (Windows NT 10.0; Win64; x64; rv:122.0) Gecko/20100101 Firefox/122.0,60,,,,,,,,,,,,,,,,,,,,,,,,,,,,,,,,,,,,,,media/dmnb.png,0,0,Symb,a,RT,0,0,0,1,8,0,16,0,1,1,99,a,0.702,0,1,a,1,0.702,16,0,16,0,1,,,,,,,,,,,,,
,,,,,,,,,,,,,,,,,316,2,2024-02-14_20h27.11.143,Symbol-E,2020.1.3,Win32,Firefox,Mozilla/5.0 (Windows NT 10.0; Win64; x64; rv:122.0) Gecko/20100101 Firefox/122.0,60,,,,,,,,,,,,,,,,,,,,,,,,,,,,,,,,,,,,,,media/dgnb.png,1,1,Symb,w,RT,0,0,0,1,8,0,17,0,1,1,99,w,0.85,1,1,w,1,0.85,17,0,17,0,1,,,,,,,,,,,,,
,,,,,,,,,,,,,,,,,316,2,2024-02-14_20h27.11.143,Symbol-E,2020.1.3,Win32,Firefox,Mozilla/5.0 (Windows NT 10.0; Win64; x64; rv:122.0) Gecko/20100101 Firefox/122.0,60,,,,,,,,,,,,,,,,,,,,,,,,,,,,,,,,,,,,,,media/dcnb.png,4,0,Symb,h,RT,0,0,0,1,8,0,18,0,1,1,99,h,0.886,4,1,h,1,0.886,18,0,18,0,1,,,,,,,,,,,,,
,,,,,,,,,,,,,,,,,316,2,2024-02-14_20h27.11.143,Symbol-E,2020.1.3,Win32,Firefox,Mozilla/5.0 (Windows NT 10.0; Win64; x64; rv:122.0) Gecko/20100101 Firefox/122.0,60,,,,,,,,,,,,,,,,,,,,,,,,,,,,,,,,,,,,,,media/dnnb.png,3,3,Symb,f,RT,0,0,0,1,8,0,19,0,1,1,99,f,0.669,3,1,f,1,0.669,19,0,19,0,1,,,,,,,,,,,,,
,,,,,,,,,,,,,,,,,316,2,2024-02-14_20h27.11.143,Symbol-E,2020.1.3,Win32,Firefox,Mozilla/5.0 (Windows NT 10.0; Win64; x64; rv:122.0) Gecko/20100101 Firefox/122.0,60,,,,,,,,,,,,,,,,,,,,,,,,,,,,,,,,,,,,,,media/ddnb.png,6,2,Symb,i,RT,0,0,0,1,8,0,20,0,1,1,99,i,0.735,6,1,i,1,0.735,20,0,20,0,1,,,,,,,,,,,,,
,,,,,,,,,,,,,,,,,316,2,2024-02-14_20h27.11.143,Symbol-E,2020.1.3,Win32,Firefox,Mozilla/5.0 (Windows NT 10.0; Win64; x64; rv:122.0) Gecko/20100101 Firefox/122.0,60,,,,,,,,,,,,,,,,,,,,,,,,,,,,,,,,,,,,,,media/dgnb.png,1,1,Symb,w,RT,0,0,0,1,8,0,21,0,1,1,99,w,0.782,1,1,w,1,0.782,21,0,21,0,1,,,,,,,,,,,,,
,,,,,,,,,,,,,,,,,316,2,2024-02-14_20h27.11.143,Symbol-E,2020.1.3,Win32,Firefox,Mozilla/5.0 (Windows NT 10.0; Win64; x64; rv:122.0) Gecko/20100101 Firefox/122.0,60,,,,,,,,,,,,,,,,,,,,,,,,,,,,,,,,,,,,,,media/dinb.png,2,2,Symb,e,RT,0,0,0,1,8,0,22,0,1,1,99,e,0.834,2,1,e,1,0.834,22,0,22,0,1,,,,,,,,,,,,,
,,,,,,,,,,,,,,,,,316,2,2024-02-14_20h27.11.143,Symbol-E,2020.1.3,Win32,Firefox,Mozilla/5.0 (Windows NT 10.0; Win64; x64; rv:122.0) Gecko/20100101 Firefox/122.0,60,,,,,,,,,,,,,,,,,,,,,,,,,,,,,,,,,,,,,,media/dinb.png,2,2,Symb,e,RT,0,0,0,1,8,0,23,0,1,1,99,e,0.517,2,1,e,1,0.517,23,0,23,0,1,,,,,,,,,,,,,
,,,,,,,,,,,,,,,,,316,2,2024-02-14_20h27.11.143,Symbol-E,2020.1.3,Win32,Firefox,Mozilla/5.0 (Windows NT 10.0; Win64; x64; rv:122.0) Gecko/20100101 Firefox/122.0,60,,,,,,,,,,,,,,,,,,,,,,,,,,,,,,,,,,,,,,media/djnb.png,7,3,Symb,l,RT,0,0,0,1,8,0,24,0,1,1,99,l,0.798,7,1,l,1,0.798,24,0,24,0,1,,,,,,,,,,,,,
,,,,,,,,,,,,,,,,,316,2,2024-02-14_20h27.11.143,Symbol-E,2020.1.3,Win32,Firefox,Mozilla/5.0 (Windows NT 10.0; Win64; x64; rv:122.0) Gecko/20100101 Firefox/122.0,60,,,,,,,,,,,,,,,,,,,,,,,,,,,,,,,,,,,,,,media/dmnb.png,0,0,Symb,a,RT,0,0,0,1,8,0,25,0,1,1,99,a,0.787,0,1,a,1,0.787,25,0,25,0,1,,,,,,,,,,,,,
,,,,,,,,,,,,,,,,,316,2,2024-02-14_20h27.11.143,Symbol-E,2020.1.3,Win32,Firefox,Mozilla/5.0 (Windows NT 10.0; Win64; x64; rv:122.0) Gecko/20100101 Firefox/122.0,60,,,,,,,,,,,,,,,,,,,,,,,,,,,,,,,,,,,,,,media/ddnb.png,6,2,Symb,i,RT,0,0,0,1,8,0,26,0,1,1,99,i,0.785,6,1,i,1,0.785,26,0,26,0,1,,,,,,,,,,,,,
,,,,,,,,,,,,,,,,,316,2,2024-02-14_20h27.11.143,Symbol-E,2020.1.3,Win32,Firefox,Mozilla/5.0 (Windows NT 10.0; Win64; x64; rv:122.0) Gecko/20100101 Firefox/122.0,60,,,,,,,,,,,,,,,,,,,,,,,,,,,,,,,,,,,,,,media/dfnb.png,5,1,Symb,u,RT,0,0,0,1,8,0,27,0,1,1,99,u,0.633,5,1,u,1,0.633,27,0,27,0,1,,,,,,,,,,,,,
,,,,,,,,,,,,,,,,,316,2,2024-02-14_20h27.11.143,Symbol-E,2020.1.3,Win32,Firefox,Mozilla/5.0 (Windows NT 10.0; Win64; x64; rv:122.0) Gecko/20100101 Firefox/122.0,60,,,,,,,,,,,,,,,,,,,,,,,,,,,,,,,,,,,,,,media/dcnb.png,4,0,Symb,h,RT,0,0,0,1,8,0,28,0,1,1,99,h,0.621,4,1,h,1,0.621,28,0,28,0,1,,,,,,,,,,,,,
,,,,,,,,,,,,,,,,,316,2,2024-02-14_20h27.11.143,Symbol-E,2020.1.3,Win32,Firefox,Mozilla/5.0 (Windows NT 10.0; Win64; x64; rv:122.0) Gecko/20100101 Firefox/122.0,60,,,,,,,,,,,,,,,,,,,,,,,,,,,,,,,,,,,,,,media/dfnb.png,5,1,Symb,u,RT,0,0,0,1,8,0,29,0,1,1,99,u,0.835,5,1,u,1,0.835,29,0,29,0,1,,,,,,,,,,,,,
,,,,,,,,,,,,,,,,,316,2,2024-02-14_20h27.11.143,Symbol-E,2020.1.3,Win32,Firefox,Mozilla/5.0 (Windows NT 10.0; Win64; x64; rv:122.0) Gecko/20100101 Firefox/122.0,60,,,,,,,,,,,,,,,,,,,,,,,,,,,,,,,,,,,,,,media/dnnb.png,3,3,Symb,f,RT,0,0,0,1,8,0,30,0,1,1,99,f,0.938,3,1,f,1,0.938,30,0,30,0,1,,,,,,,,,,,,,
,,,,,,,,,,,,,,,,,316,2,2024-02-14_20h27.11.143,Symbol-E,2020.1.3,Win32,Firefox,Mozilla/5.0 (Windows NT 10.0; Win64; x64; rv:122.0) Gecko/20100101 Firefox/122.0,60,,,,,,,,,,,,,,,,,,,,,,,,,,,,,,,,,,,,,,media/djnb.png,7,3,Symb,l,RT,0,0,0,1,8,0,31,0,1,1,99,h,0.834,4,0,h,0,0.834,31,0,31,0,1,,,,,,,,,,,,,
,,,,,,,,,,,,,,,,,316,2,2024-02-14_20h27.11.143,Symbol-E,2020.1.3,Win32,Firefox,Mozilla/5.0 (Windows NT 10.0; Win64; x64; rv:122.0) Gecko/20100101 Firefox/122.0,60,,,,,,,,,,,,,,,,,,,,,,,,,,,,,,,,,,,,,,media/dinb.png,2,2,Symb,e,RT,0,0,0,1,8,0,32,0,1,1,99,e,0.899,2,1,e,1,0.899,32,0,32,0,1,,,,,,,,,,,,,
,,,,,,,,,,,,,,,,,316,2,2024-02-14_20h27.11.143,Symbol-E,2020.1.3,Win32,Firefox,Mozilla/5.0 (Windows NT 10.0; Win64; x64; rv:122.0) Gecko/20100101 Firefox/122.0,60,,,,,,,,,,,,,,,,,,,,,,,,,,,,,,,,,,,,,,media/dgnb.png,1,1,Symb,w,RT,0,0,0,1,8,0,33,0,1,1,99,w,0.667,1,1,w,1,0.667,33,0,33,0,1,,,,,,,,,,,,,
,,,,,,,,,,,,,,,,,316,2,2024-02-14_20h27.11.143,Symbol-E,2020.1.3,Win32,Firefox,Mozilla/5.0 (Windows NT 10.0; Win64; x64; rv:122.0) Gecko/20100101 Firefox/122.0,60,,,,,,,,,,,,,,,,,,,,,,,,,,,,,,,,,,,,,,media/dmnb.png,0,0,Symb,a,RT,0,0,0,1,8,0,34,0,1,1,99,a,1.255,0,1,a,1,1.255,34,0,34,0,1,,,,,,,,,,,,,
,,,,,,,,,,,,,,,,,316,2,2024-02-14_20h27.11.143,Symbol-E,2020.1.3,Win32,Firefox,Mozilla/5.0 (Windows NT 10.0; Win64; x64; rv:122.0) Gecko/20100101 Firefox/122.0,60,,,,,,,,,,,,,,,,,,,,,,,,,,,,,,,,,,,,,,media/dgnb.png,1,1,Symb,w,RT,0,0,0,1,8,0,35,0,1,1,99,w,0.95,1,1,w,1,0.95,35,0,35,0,1,,,,,,,,,,,,,
,,,,,,,,,,,,,,,,,316,2,2024-02-14_20h27.11.143,Symbol-E,2020.1.3,Win32,Firefox,Mozilla/5.0 (Windows NT 10.0; Win64; x64; rv:122.0) Gecko/20100101 Firefox/122.0,60,,,,,,,,,,,,,,,,,,,,,,,,,,,,,,,,,,,,,,media/dmnb.png,0,0,Symb,a,RT,0,0,0,1,8,0,36,0,1,1,99,a,0.849,0,1,a,1,0.849,36,0,36,0,1,,,,,,,,,,,,,
,,,,,,,,,,,,,,,,,316,2,2024-02-14_20h27.11.143,Symbol-E,2020.1.3,Win32,Firefox,Mozilla/5.0 (Windows NT 10.0; Win64; x64; rv:122.0) Gecko/20100101 Firefox/122.0,60,,,,,,,,,,,,,,,,,,,,,,,,,,,,,,,,,,,,,,media/djnb.png,7,3,Symb,l,RT,0,0,0,1,8,0,37,0,1,1,99,l,1.001,7,1,l,1,1.001,37,0,37,0,1,,,,,,,,,,,,,
,,,,,,,,,,,,,,,,,316,2,2024-02-14_20h27.11.143,Symbol-E,2020.1.3,Win32,Firefox,Mozilla/5.0 (Windows NT 10.0; Win64; x64; rv:122.0) Gecko/20100101 Firefox/122.0,60,,,,,,,,,,,,,,,,,,,,,,,,,,,,,,,,,,,,,,media/dcnb.png,4,0,Symb,h,RT,0,0,0,1,8,0,38,0,1,1,99,h,0.566,4,1,h,1,0.566,38,0,38,0,1,,,,,,,,,,,,,
,,,,,,,,,,,,,,,,,316,2,2024-02-14_20h27.11.143,Symbol-E,2020.1.3,Win32,Firefox,Mozilla/5.0 (Windows NT 10.0; Win64; x64; rv:122.0) Gecko/20100101 Firefox/122.0,60,,,,,,,,,,,,,,,,,,,,,,,,,,,,,,,,,,,,,,media/dinb.png,2,2,Symb,e,RT,0,0,0,1,8,0,39,0,1,1,99,e,1.049,2,1,e,1,1.049,39,0,39,0,1,,,,,,,,,,,,,
,,,,,,,,,,,,,,,,,316,2,2024-02-14_20h27.11.143,Symbol-E,2020.1.3,Win32,Firefox,Mozilla/5.0 (Windows NT 10.0; Win64; x64; rv:122.0) Gecko/20100101 Firefox/122.0,60,,,,,,,,,,,,,,,,,,,,,,,,,,,,,,,,,,,,,,media/dfnb.png,5,1,Symb,u,RT,0,0,0,1,8,0,40,0,1,1,99,u,1.566,5,1,u,1,1.566,40,0,40,0,1,,,,,,,,,,,,,
,,,,,,,,,,,,,,,,,316,2,2024-02-14_20h27.11.143,Symbol-E,2020.1.3,Win32,Firefox,Mozilla/5.0 (Windows NT 10.0; Win64; x64; rv:122.0) Gecko/20100101 Firefox/122.0,60,,,,,,,,,,,,,,,,,,,,,,,,,,,,,,,,,,,,,,media/dfnb.png,5,1,Symb,u,RT,0,0,0,1,8,0,41,0,1,1,99,u,0.452,5,1,u,1,0.452,41,0,41,0,1,,,,,,,,,,,,,
,,,,,,,,,,,,,,,,,316,2,2024-02-14_20h27.11.143,Symbol-E,2020.1.3,Win32,Firefox,Mozilla/5.0 (Windows NT 10.0; Win64; x64; rv:122.0) Gecko/20100101 Firefox/122.0,60,,,,,,,,,,,,,,,,,,,,,,,,,,,,,,,,,,,,,,media/dnnb.png,3,3,Symb,f,RT,0,0,0,1,8,0,42,0,1,1,99,f,0.623,3,1,f,1,0.623,42,0,42,0,1,,,,,,,,,,,,,
,,,,,,,,,,,,,,,,,316,2,2024-02-14_20h27.11.143,Symbol-E,2020.1.3,Win32,Firefox,Mozilla/5.0 (Windows NT 10.0; Win64; x64; rv:122.0) Gecko/20100101 Firefox/122.0,60,,,,,,,,,,,,,,,,,,,,,,,,,,,,,,,,,,,,,,media/djnb.png,7,3,Symb,l,RT,0,0,0,1,8,0,43,0,1,1,99,l,1.138,7,1,l,1,1.138,43,0,43,0,1,,,,,,,,,,,,,
,,,,,,,,,,,,,,,,,316,2,2024-02-14_20h27.11.143,Symbol-E,2020.1.3,Win32,Firefox,Mozilla/5.0 (Windows NT 10.0; Win64; x64; rv:122.0) Gecko/20100101 Firefox/122.0,60,,,,,,,,,,,,,,,,,,,,,,,,,,,,,,,,,,,,,,media/ddnb.png,6,2,Symb,i,RT,0,0,0,1,8,0,44,0,1,1,99,i,0.768,6,1,i,1,0.768,44,0,44,0,1,,,,,,,,,,,,,
,,,,,,,,,,,,,,,,,316,2,2024-02-14_20h27.11.143,Symbol-E,2020.1.3,Win32,Firefox,Mozilla/5.0 (Windows NT 10.0; Win64; x64; rv:122.0) Gecko/20100101 Firefox/122.0,60,,,,,,,,,,,,,,,,,,,,,,,,,,,,,,,,,,,,,,media/dnnb.png,3,3,Symb,f,RT,0,0,0,1,8,0,45,0,1,1,99,f,0.585,3,1,f,1,0.585,45,0,45,0,1,,,,,,,,,,,,,
,,,,,,,,,,,,,,,,,316,2,2024-02-14_20h27.11.143,Symbol-E,2020.1.3,Win32,Firefox,Mozilla/5.0 (Windows NT 10.0; Win64; x64; rv:122.0) Gecko/20100101 Firefox/122.0,60,,,,,,,,,,,,,,,,,,,,,,,,,,,,,,,,,,,,,,media/ddnb.png,6,2,Symb,i,RT,0,0,0,1,8,0,46,0,1,1,99,i,0.736,6,1,i,1,0.736,46,0,46,0,1,,,,,,,,,,,,,
,,,,,,,,,,,,,,,,,316,2,2024-02-14_20h27.11.143,Symbol-E,2020.1.3,Win32,Firefox,Mozilla/5.0 (Windows NT 10.0; Win64; x64; rv:122.0) Gecko/20100101 Firefox/122.0,60,,,,,,,,,,,,,,,,,,,,,,,,,,,,,,,,,,,,,,media/dcnb.png,4,0,Symb,h,RT,0,0,0,1,8,0,47,0,1,1,99,h,0.583,4,1,h,1,0.583,47,0,47,0,1,,,,,,,,,,,,,
,,,,,,,,,,,,,,,,,316,2,2024-02-14_20h27.11.143,Symbol-E,2020.1.3,Win32,Firefox,Mozilla/5.0 (Windows NT 10.0; Win64; x64; rv:122.0) Gecko/20100101 Firefox/122.0,60,,,,,,,,,,,,,,,,,,,,,,,,,,,,,,,,,,,,,,media/ddnb.png,6,2,Symb,i,RT,0,0,0,1,8,0,48,0,1,1,99,i,0.616,6,1,i,1,0.616,48,0,48,0,1,,,,,,,,,,,,,
,,,,,,,,,,,,,,,,,316,2,2024-02-14_20h27.11.143,Symbol-E,2020.1.3,Win32,Firefox,Mozilla/5.0 (Windows NT 10.0; Win64; x64; rv:122.0) Gecko/20100101 Firefox/122.0,60,,,,,,,,,,,,,,,,,,,,,,,,,,,,,,,,,,,,,,media/dcnb.png,4,0,Symb,h,RT,0,0,0,1,8,0,49,0,1,1,99,h,0.532,4,1,h,1,0.532,49,0,49,0,1,,,,,,,,,,,,,
,,,,,,,,,,,,,,,,,316,2,2024-02-14_20h27.11.143,Symbol-E,2020.1.3,Win32,Firefox,Mozilla/5.0 (Windows NT 10.0; Win64; x64; rv:122.0) Gecko/20100101 Firefox/122.0,60,,,,,,,,,,,,,,,,,,,,,,,,,,,,,,,,,,,,,,media/dnnb.png,3,3,Symb,f,RT,0,0,0,1,8,0,50,0,1,1,99,f,0.57,3,1,f,1,0.57,50,0,50,0,1,,,,,,,,,,,,,
,,,,,,,,,,,,,,,,,316,2,2024-02-14_20h27.11.143,Symbol-E,2020.1.3,Win32,Firefox,Mozilla/5.0 (Windows NT 10.0; Win64; x64; rv:122.0) Gecko/20100101 Firefox/122.0,60,,,,,,,,,,,,,,,,,,,,,,,,,,,,,,,,,,,,,,media/dfnb.png,5,1,Symb,u,RT,0,0,0,1,8,0,51,0,1,1,99,u,0.618,5,1,u,1,0.618,51,0,51,0,1,,,,,,,,,,,,,
,,,,,,,,,,,,,,,,,316,2,2024-02-14_20h27.11.143,Symbol-E,2020.1.3,Win32,Firefox,Mozilla/5.0 (Windows NT 10.0; Win64; x64; rv:122.0) Gecko/20100101 Firefox/122.0,60,,,,,,,,,,,,,,,,,,,,,,,,,,,,,,,,,,,,,,media/dgnb.png,1,1,Symb,w,RT,0,0,0,1,8,0,52,0,1,1,99,w,0.706,1,1,w,1,0.706,52,0,52,0,1,,,,,,,,,,,,,
,,,,,,,,,,,,,,,,,316,2,2024-02-14_20h27.11.143,Symbol-E,2020.1.3,Win32,Firefox,Mozilla/5.0 (Windows NT 10.0; Win64; x64; rv:122.0) Gecko/20100101 Firefox/122.0,60,,,,,,,,,,,,,,,,,,,,,,,,,,,,,,,,,,,,,,media/dinb.png,2,2,Symb,e,RT,0,0,0,1,8,0,53,0,1,1,99,e,0.688,2,1,e,1,0.688,53,0,53,0,1,,,,,,,,,,,,,
,,,,,,,,,,,,,,,,,316,2,2024-02-14_20h27.11.143,Symbol-E,2020.1.3,Win32,Firefox,Mozilla/5.0 (Windows NT 10.0; Win64; x64; rv:122.0) Gecko/20100101 Firefox/122.0,60,,,,,,,,,,,,,,,,,,,,,,,,,,,,,,,,,,,,,,media/dnnb.png,3,3,Symb,f,RT,0,0,0,1,8,0,54,0,1,1,99,f,0.617,3,1,f,1,0.617,54,0,54,0,1,,,,,,,,,,,,,
,,,,,,,,,,,,,,,,,316,2,2024-02-14_20h27.11.143,Symbol-E,2020.1.3,Win32,Firefox,Mozilla/5.0 (Windows NT 10.0; Win64; x64; rv:122.0) Gecko/20100101 Firefox/122.0,60,,,,,,,,,,,,,,,,,,,,,,,,,,,,,,,,,,,,,,media/dinb.png,2,2,Symb,e,RT,0,0,0,1,8,0,55,0,1,1,99,e,0.7,2,1,e,1,0.7,55,0,55,0,1,,,,,,,,,,,,,
,,,,,,,,,,,,,,,,,316,2,2024-02-14_20h27.11.143,Symbol-E,2020.1.3,Win32,Firefox,Mozilla/5.0 (Windows NT 10.0; Win64; x64; rv:122.0) Gecko/20100101 Firefox/122.0,60,,,,,,,,,,,,,,,,,,,,,,,,,,,,,,,,,,,,,,media/dgnb.png,1,1,Symb,w,RT,0,0,0,1,8,0,56,0,1,1,99,w,0.868,1,1,w,1,0.868,56,0,56,0,1,,,,,,,,,,,,,
,,,,,,,,,,,,,,,,,316,2,2024-02-14_20h27.11.143,Symbol-E,2020.1.3,Win32,Firefox,Mozilla/5.0 (Windows NT 10.0; Win64; x64; rv:122.0) Gecko/20100101 Firefox/122.0,60,,,,,,,,,,,,,,,,,,,,,,,,,,,,,,,,,,,,,,media/dfnb.png,5,1,Symb,u,RT,0,0,0,1,8,0,57,0,1,1,99,u,0.636,5,1,u,1,0.636,57,0,57,0,1,,,,,,,,,,,,,
,,,,,,,,,,,,,,,,,316,2,2024-02-14_20h27.11.143,Symbol-E,2020.1.3,Win32,Firefox,Mozilla/5.0 (Windows NT 10.0; Win64; x64; rv:122.0) Gecko/20100101 Firefox/122.0,60,,,,,,,,,,,,,,,,,,,,,,,,,,,,,,,,,,,,,,media/dcnb.png,4,0,Symb,h,RT,0,0,0,1,8,0,58,0,1,1,99,h,0.799,4,1,h,1,0.799,58,0,58,0,1,,,,,,,,,,,,,
,,,,,,,,,,,,,,,,,316,2,2024-02-14_20h27.11.143,Symbol-E,2020.1.3,Win32,Firefox,Mozilla/5.0 (Windows NT 10.0; Win64; x64; rv:122.0) Gecko/20100101 Firefox/122.0,60,,,,,,,,,,,,,,,,,,,,,,,,,,,,,,,,,,,,,,media/dmnb.png,0,0,Symb,a,RT,0,0,0,1,8,0,59,0,1,1,99,a,0.684,0,1,a,1,0.684,59,0,59,0,1,,,,,,,,,,,,,
,,,,,,,,,,,,,,,,,316,2,2024-02-14_20h27.11.143,Symbol-E,2020.1.3,Win32,Firefox,Mozilla/5.0 (Windows NT 10.0; Win64; x64; rv:122.0) Gecko/20100101 Firefox/122.0,60,,,,,,,,,,,,,,,,,,,,,,,,,,,,,,,,,,,,,,media/ddnb.png,6,2,Symb,i,RT,0,0,0,1,8,0,60,0,1,1,99,i,0.835,6,1,i,1,0.835,60,0,60,0,1,,,,,,,,,,,,,
,,,,,,,,,,,,,,,,,316,2,2024-02-14_20h27.11.143,Symbol-E,2020.1.3,Win32,Firefox,Mozilla/5.0 (Windows NT 10.0; Win64; x64; rv:122.0) Gecko/20100101 Firefox/122.0,60,,,,,,,,,,,,,,,,,,,,,,,,,,,,,,,,,,,,,,media/djnb.png,7,3,Symb,l,RT,0,0,0,1,8,0,61,0,1,1,99,l,1.067,7,1,l,1,1.067,61,0,61,0,1,,,,,,,,,,,,,
,,,,,,,,,,,,,,,,,316,2,2024-02-14_20h27.11.143,Symbol-E,2020.1.3,Win32,Firefox,Mozilla/5.0 (Windows NT 10.0; Win64; x64; rv:122.0) Gecko/20100101 Firefox/122.0,60,,,,,,,,,,,,,,,,,,,,,,,,,,,,,,,,,,,,,,media/dmnb.png,0,0,Symb,a,RT,0,0,0,1,8,0,62,0,1,1,99,a,0.732,0,1,a,1,0.732,62,0,62,0,1,,,,,,,,,,,,,
,,,,,,,,,,,,,,,,,316,2,2024-02-14_20h27.11.143,Symbol-E,2020.1.3,Win32,Firefox,Mozilla/5.0 (Windows NT 10.0; Win64; x64; rv:122.0) Gecko/20100101 Firefox/122.0,60,,,,,,,,,,,,,,,,,,,,,,,,,,,,,,,,,,,,,,media/djnb.png,7,3,Symb,l,RT,0,0,0,1,8,0,63,0,1,1,99,l,0.769,7,1,l,1,0.769,63,0,63,0,1,,,,,,,,,,,,,
,,,,,,,,,,,,,,,,,316,2,2024-02-14_20h27.11.143,Symbol-E,2020.1.3,Win32,Firefox,Mozilla/5.0 (Windows NT 10.0; Win64; x64; rv:122.0) Gecko/20100101 Firefox/122.0,60,,,,,,,,,,,,,,,,,,,,,,,,,,,,,,,,,,,,,,media/dgnb.png,1,1,Symb,w,RT,0,0,0,1,8,0,64,0,1,1,99,w,0.735,1,1,w,1,0.735,64,0,64,0,1,,,,,,,,,,,,,
,,,,,,,,,,,,,,,,,316,2,2024-02-14_20h27.11.143,Symbol-E,2020.1.3,Win32,Firefox,Mozilla/5.0 (Windows NT 10.0; Win64; x64; rv:122.0) Gecko/20100101 Firefox/122.0,60,,,,,,,,,,,,,,,,,,,,,,,,,,,,,,,,,,,,,,media/dnnb.png,3,3,Symb,f,RT,0,0,0,1,8,0,65,0,1,1,99,f,0.652,3,1,f,1,0.652,65,0,65,0,1,,,,,,,,,,,,,
,,,,,,,,,,,,,,,,,316,2,2024-02-14_20h27.11.143,Symbol-E,2020.1.3,Win32,Firefox,Mozilla/5.0 (Windows NT 10.0; Win64; x64; rv:122.0) Gecko/20100101 Firefox/122.0,60,,,,,,,,,,,,,,,,,,,,,,,,,,,,,,,,,,,,,,media/ddnb.png,6,2,Symb,i,RT,0,0,0,1,8,0,66,0,1,1,99,i,0.783,6,1,i,1,0.783,66,0,66,0,1,,,,,,,,,,,,,
,,,,,,,,,,,,,,,,,316,2,2024-02-14_20h27.11.143,Symbol-E,2020.1.3,Win32,Firefox,Mozilla/5.0 (Windows NT 10.0; Win64; x64; rv:122.0) Gecko/20100101 Firefox/122.0,60,,,,,,,,,,,,,,,,,,,,,,,,,,,,,,,,,,,,,,media/dcnb.png,4,0,Symb,h,RT,0,0,0,1,8,0,67,0,1,1,99,h,0.937,4,1,h,1,0.937,67,0,67,0,1,,,,,,,,,,,,,
,,,,,,,,,,,,,,,,,316,2,2024-02-14_20h27.11.143,Symbol-E,2020.1.3,Win32,Firefox,Mozilla/5.0 (Windows NT 10.0; Win64; x64; rv:122.0) Gecko/20100101 Firefox/122.0,60,,,,,,,,,,,,,,,,,,,,,,,,,,,,,,,,,,,,,,media/dmnb.png,0,0,Symb,a,RT,0,0,0,1,8,0,68,0,1,1,99,a,0.748,0,1,a,1,0.748,68,0,68,0,1,,,,,,,,,,,,,
,,,,,,,,,,,,,,,,,316,2,2024-02-14_20h27.11.143,Symbol-E,2020.1.3,Win32,Firefox,Mozilla/5.0 (Windows NT 10.0; Win64; x64; rv:122.0) Gecko/20100101 Firefox/122.0,60,,,,,,,,,,,,,,,,,,,,,,,,,,,,,,,,,,,,,,media/dinb.png,2,2,Symb,e,RT,0,0,0,1,8,0,69,0,1,1,99,e,1.388,2,1,e,1,1.388,69,0,69,0,1,,,,,,,,,,,,,
,,,,,,,,,,,,,,,,,316,2,2024-02-14_20h27.11.143,Symbol-E,2020.1.3,Win32,Firefox,Mozilla/5.0 (Windows NT 10.0; Win64; x64; rv:122.0) Gecko/20100101 Firefox/122.0,60,,,,,,,,,,,,,,,,,,,,,,,,,,,,,,,,,,,,,,media/dfnb.png,5,1,Symb,u,RT,0,0,0,1,8,0,70,0,1,1,99,u,0.816,5,1,u,1,0.816,70,0,70,0,1,,,,,,,,,,,,,
,,,,,,,,,,,,,,,,,316,2,2024-02-14_20h27.11.143,Symbol-E,2020.1.3,Win32,Firefox,Mozilla/5.0 (Windows NT 10.0; Win64; x64; rv:122.0) Gecko/20100101 Firefox/122.0,60,,,,,,,,,,,,,,,,,,,,,,,,,,,,,,,,,,,,,,media/djnb.png,7,3,Symb,l,RT,0,0,0,1,8,0,71,0,1,1,99,l,2.533,7,1,l,1,2.533,71,0,71,0,1,,,,,,,,,,,,,
,,,,,,,,,,,,,,,,,316,2,2024-02-14_20h27.11.143,Symbol-E,2020.1.3,Win32,Firefox,Mozilla/5.0 (Windows NT 10.0; Win64; x64; rv:122.0) Gecko/20100101 Firefox/122.0,60,,,,,,,,,,,,,,,,,,,,,,,,,,,,,,,,,,,,,,media/ddnb.png,6,2,Symb,i,RT,0,0,0,1,8,0,72,0,1,1,99,i,0.737,6,1,i,1,0.737,72,0,72,0,1,,,,,,,,,,,,,
,,,,,,,,,,,,,,,,,316,2,2024-02-14_20h27.11.143,Symbol-E,2020.1.3,Win32,Firefox,Mozilla/5.0 (Windows NT 10.0; Win64; x64; rv:122.0) Gecko/20100101 Firefox/122.0,60,,,,,,,,,,,,,,,,,,,,,,,,,,,,,,,,,,,,,,media/dgnb.png,1,1,Symb,w,RT,0,0,0,1,8,0,73,0,1,1,99,w,0.736,1,1,w,1,0.736,73,0,73,0,1,,,,,,,,,,,,,
,,,,,,,,,,,,,,,,,316,2,2024-02-14_20h27.11.143,Symbol-E,2020.1.3,Win32,Firefox,Mozilla/5.0 (Windows NT 10.0; Win64; x64; rv:122.0) Gecko/20100101 Firefox/122.0,60,,,,,,,,,,,,,,,,,,,,,,,,,,,,,,,,,,,,,,media/dnnb.png,3,3,Symb,f,RT,0,0,0,1,8,0,74,0,1,1,99,f,0.654,3,1,f,1,0.654,74,0,74,0,1,,,,,,,,,,,,,
,,,,,,,,,,,,,,,,,316,2,2024-02-14_20h27.11.143,Symbol-E,2020.1.3,Win32,Firefox,Mozilla/5.0 (Windows NT 10.0; Win64; x64; rv:122.0) Gecko/20100101 Firefox/122.0,60,,,,,,,,,,,,,,,,,,,,,,,,,,,,,,,,,,,,,,media/djnb.png,7,3,Symb,l,RT,0,0,0,1,8,0,75,0,1,1,99,l,4.565,7,1,l,1,4.565,75,0,75,0,1,,,,,,,,,,,,,
,,,,,,,,,,,,,,,,,316,2,2024-02-14_20h27.11.143,Symbol-E,2020.1.3,Win32,Firefox,Mozilla/5.0 (Windows NT 10.0; Win64; x64; rv:122.0) Gecko/20100101 Firefox/122.0,60,,,,,,,,,,,,,,,,,,,,,,,,,,,,,,,,,,,,,,media/dinb.png,2,2,Symb,e,RT,0,0,0,1,8,0,76,0,1,1,99,e,0.716,2,1,e,1,0.716,76,0,76,0,1,,,,,,,,,,,,,
,,,,,,,,,,,,,,,,,316,2,2024-02-14_20h27.11.143,Symbol-E,2020.1.3,Win32,Firefox,Mozilla/5.0 (Windows NT 10.0; Win64; x64; rv:122.0) Gecko/20100101 Firefox/122.0,60,,,,,,,,,,,,,,,,,,,,,,,,,,,,,,,,,,,,,,media/dcnb.png,4,0,Symb,h,RT,0,0,0,1,8,0,77,0,1,1,99,h,0.619,4,1,h,1,0.619,77,0,77,0,1,,,,,,,,,,,,,
,,,,,,,,,,,,,,,,,316,2,2024-02-14_20h27.11.143,Symbol-E,2020.1.3,Win32,Firefox,Mozilla/5.0 (Windows NT 10.0; Win64; x64; rv:122.0) Gecko/20100101 Firefox/122.0,60,,,,,,,,,,,,,,,,,,,,,,,,,,,,,,,,,,,,,,media/dmnb.png,0,0,Symb,a,RT,0,0,0,1,8,0,78,0,1,1,99,a,0.701,0,1,a,1,0.701,78,0,78,0,1,,,,,,,,,,,,,
,,,,,,,,,,,,,,,,,316,2,2024-02-14_20h27.11.143,Symbol-E,2020.1.3,Win32,Firefox,Mozilla/5.0 (Windows NT 10.0; Win64; x64; rv:122.0) Gecko/20100101 Firefox/122.0,60,,,,,,,,,,,,,,,,,,,,,,,,,,,,,,,,,,,,,,media/dfnb.png,5,1,Symb,u,RT,0,0,0,1,8,0,79,0,1,1,99,u,0.633,5,1,u,1,0.633,79,0,79,0,1,,,,,,,,,,,,,
,,,,,,,,,,,,,,,,,316,2,2024-02-14_20h27.11.143,Symbol-E,2020.1.3,Win32,Firefox,Mozilla/5.0 (Windows NT 10.0; Win64; x64; rv:122.0) Gecko/20100101 Firefox/122.0,60,,,,,,,,,,,,,,,,,,,,,,,,,,,,,,,,,,,,,,media/dcnb.png,4,0,Symb,h,RT,0,0,0,1,8,0,80,0,1,1,99,h,1.15,4,1,h,1,1.15,80,0,80,0,1,,,,,,,,,,,,,
,,,,,,,,,,,,,,,,,316,2,2024-02-14_20h27.11.143,Symbol-E,2020.1.3,Win32,Firefox,Mozilla/5.0 (Windows NT 10.0; Win64; x64; rv:122.0) Gecko/20100101 Firefox/122.0,60,,,,,,,,,,,,,,,,,,,,,,,,,,,,,,,,,,,,,,media/dinb.png,2,2,Symb,e,RT,0,0,0,1,8,0,81,0,1,1,99,e,0.667,2,1,e,1,0.667,81,0,81,0,1,,,,,,,,,,,,,
,,,,,,,,,,,,,,,,,316,2,2024-02-14_20h27.11.143,Symbol-E,2020.1.3,Win32,Firefox,Mozilla/5.0 (Windows NT 10.0; Win64; x64; rv:122.0) Gecko/20100101 Firefox/122.0,60,,,,,,,,,,,,,,,,,,,,,,,,,,,,,,,,,,,,,,media/dmnb.png,0,0,Symb,a,RT,0,0,0,1,8,0,82,0,1,1,99,a,0.65,0,1,a,1,0.65,82,0,82,0,1,,,,,,,,,,,,,
,,,,,,,,,,,,,,,,,316,2,2024-02-14_20h27.11.143,Symbol-E,2020.1.3,Win32,Firefox,Mozilla/5.0 (Windows NT 10.0; Win64; x64; rv:122.0) Gecko/20100101 Firefox/122.0,60,,,,,,,,,,,,,,,,,,,,,,,,,,,,,,,,,,,,,,media/djnb.png,7,3,Symb,l,RT,0,0,0,1,8,0,83,0,1,1,99,h,0.8,4,0,h,0,0.8,83,0,83,0,1,,,,,,,,,,,,,
,,,,,,,,,,,,,,,,,316,2,2024-02-14_20h27.11.143,Symbol-E,2020.1.3,Win32,Firefox,Mozilla/5.0 (Windows NT 10.0; Win64; x64; rv:122.0) Gecko/20100101 Firefox/122.0,60,,,,,,,,,,,,,,,,,,,,,,,,,,,,,,,,,,,,,,media/dnnb.png,3,3,Symb,f,RT,0,0,0,1,8,0,84,0,1,1,99,f,0.651,3,1,f,1,0.651,84,0,84,0,1,,,,,,,,,,,,,
,,,,,,,,,,,,,,,,,316,2,2024-02-14_20h27.11.143,Symbol-E,2020.1.3,Win32,Firefox,Mozilla/5.0 (Windows NT 10.0; Win64; x64; rv:122.0) Gecko/20100101 Firefox/122.0,60,,,,,,,,,,,,,,,,,,,,,,,,,,,,,,,,,,,,,,media/dfnb.png,5,1,Symb,u,RT,0,0,0,1,8,0,85,0,1,1,99,u,0.717,5,1,u,1,0.717,85,0,85,0,1,,,,,,,,,,,,,
,,,,,,,,,,,,,,,,,316,2,2024-02-14_20h27.11.143,Symbol-E,2020.1.3,Win32,Firefox,Mozilla/5.0 (Windows NT 10.0; Win64; x64; rv:122.0) Gecko/20100101 Firefox/122.0,60,,,,,,,,,,,,,,,,,,,,,,,,,,,,,,,,,,,,,,media/dfnb.png,5,1,Symb,u,RT,0,0,0,1,8,0,86,0,1,1,99,u,0.517,5,1,u,1,0.517,86,0,86,0,1,,,,,,,,,,,,,
,,,,,,,,,,,,,,,,,316,2,2024-02-14_20h27.11.143,Symbol-E,2020.1.3,Win32,Firefox,Mozilla/5.0 (Windows NT 10.0; Win64; x64; rv:122.0) Gecko/20100101 Firefox/122.0,60,,,,,,,,,,,,,,,,,,,,,,,,,,,,,,,,,,,,,,media/dmnb.png,0,0,Symb,a,RT,0,0,0,1,8,0,87,0,1,1,99,a,0.698,0,1,a,1,0.698,87,0,87,0,1,,,,,,,,,,,,,
,,,,,,,,,,,,,,,,,316,2,2024-02-14_20h27.11.143,Symbol-E,2020.1.3,Win32,Firefox,Mozilla/5.0 (Windows NT 10.0; Win64; x64; rv:122.0) Gecko/20100101 Firefox/122.0,60,,,,,,,,,,,,,,,,,,,,,,,,,,,,,,,,,,,,,,media/ddnb.png,6,2,Symb,i,RT,0,0,0,1,8,0,88,0,1,1,99,i,0.751,6,1,i,1,0.751,88,0,88,0,1,,,,,,,,,,,,,
,,,,,,,,,,,,,,,,,316,2,2024-02-14_20h27.11.143,Symbol-E,2020.1.3,Win32,Firefox,Mozilla/5.0 (Windows NT 10.0; Win64; x64; rv:122.0) Gecko/20100101 Firefox/122.0,60,,,,,,,,,,,,,,,,,,,,,,,,,,,,,,,,,,,,,,media/dgnb.png,1,1,Symb,w,RT,0,0,0,1,8,0,89,0,1,1,99,w,0.783,1,1,w,1,0.783,89,0,89,0,1,,,,,,,,,,,,,
,,,,,,,,,,,,,,,,,316,2,2024-02-14_20h27.11.143,Symbol-E,2020.1.3,Win32,Firefox,Mozilla/5.0 (Windows NT 10.0; Win64; x64; rv:122.0) Gecko/20100101 Firefox/122.0,60,,,,,,,,,,,,,,,,,,,,,,,,,,,,,,,,,,,,,,media/dcnb.png,4,0,Symb,h,RT,0,0,0,1,8,0,90,0,1,1,99,h,0.984,4,1,h,1,0.984,90,0,90,0,1,,,,,,,,,,,,,
,,,,,,,,,,,,,,,,,316,2,2024-02-14_20h27.11.143,Symbol-E,2020.1.3,Win32,Firefox,Mozilla/5.0 (Windows NT 10.0; Win64; x64; rv:122.0) Gecko/20100101 Firefox/122.0,60,,,,,,,,,,,,,,,,,,,,,,,,,,,,,,,,,,,,,,media/ddnb.png,6,2,Symb,i,RT,0,0,0,1,8,0,91,0,1,1,99,i,0.888,6,1,i,1,0.888,91,0,91,0,1,,,,,,,,,,,,,
,,,,,,,,,,,,,,,,,316,2,2024-02-14_20h27.11.143,Symbol-E,2020.1.3,Win32,Firefox,Mozilla/5.0 (Windows NT 10.0; Win64; x64; rv:122.0) Gecko/20100101 Firefox/122.0,60,,,,,,,,,,,,,,,,,,,,,,,,,,,,,,,,,,,,,,media/djnb.png,7,3,Symb,l,RT,0,0,0,1,8,0,92,0,1,1,99,l,0.751,7,1,l,1,0.751,92,0,92,0,1,,,,,,,,,,,,,
,,,,,,,,,,,,,,,,,316,2,2024-02-14_20h27.11.143,Symbol-E,2020.1.3,Win32,Firefox,Mozilla/5.0 (Windows NT 10.0; Win64; x64; rv:122.0) Gecko/20100101 Firefox/122.0,60,,,,,,,,,,,,,,,,,,,,,,,,,,,,,,,,,,,,,,media/dnnb.png,3,3,Symb,f,RT,0,0,0,1,8,0,93,0,1,1,99,f,0.621,3,1,f,1,0.621,93,0,93,0,1,,,,,,,,,,,,,
,,,,,,,,,,,,,,,,,316,2,2024-02-14_20h27.11.143,Symbol-E,2020.1.3,Win32,Firefox,Mozilla/5.0 (Windows NT 10.0; Win64; x64; rv:122.0) Gecko/20100101 Firefox/122.0,60,,,,,,,,,,,,,,,,,,,,,,,,,,,,,,,,,,,,,,media/dgnb.png,1,1,Symb,w,RT,0,0,0,1,8,0,94,0,1,1,99,w,0.65,1,1,w,1,0.65,94,0,94,0,1,,,,,,,,,,,,,
,,,,,,,,,,,,,,,,,316,2,2024-02-14_20h27.11.143,Symbol-E,2020.1.3,Win32,Firefox,Mozilla/5.0 (Windows NT 10.0; Win64; x64; rv:122.0) Gecko/20100101 Firefox/122.0,60,,,,,,,,,,,,,,,,,,,,,,,,,,,,,,,,,,,,,,media/dinb.png,2,2,Symb,e,RT,0,0,0,1,8,0,95,0,1,1,99,e,0.665,2,1,e,1,0.665,95,0,95,0,1,,,,,,,,,,,,,
,,,,,,,,,,,,,,,,,316,2,2024-02-14_20h27.11.143,Symbol-E,2020.1.3,Win32,Firefox,Mozilla/5.0 (Windows NT 10.0; Win64; x64; rv:122.0) Gecko/20100101 Firefox/122.0,60,,,,,,,,,,,,,,,,,,,,,,,,,,,,,,,,,,,,,,,,,,,,,,,,,,,,,,,,,,,,,,,,,,,0,0,0,0,1,,,,,,,,
,,,,,,,,,,,,,,,,,316,2,2024-02-14_20h27.11.143,Symbol-E,2020.1.3,Win32,Firefox,Mozilla/5.0 (Windows NT 10.0; Win64; x64; rv:122.0) Gecko/20100101 Firefox/122.0,60,,,,,,,,,,,,,,,,,,,,,,,,,,,,,,,,,,,,h,0.533,media/dfnb.png,5,1,Symb,u,RT,0,0,0,1,8,0,0,0,1,2,99,u,0.615,5,1,u,1,0.615,0,0,0,0,1,,,,,,,,,,,,,
,,,,,,,,,,,,,,,,,316,2,2024-02-14_20h27.11.143,Symbol-E,2020.1.3,Win32,Firefox,Mozilla/5.0 (Windows NT 10.0; Win64; x64; rv:122.0) Gecko/20100101 Firefox/122.0,60,,,,,,,,,,,,,,,,,,,,,,,,,,,,,,,,,,,,,,media/dgnb.png,1,1,Symb,w,RT,0,0,0,1,8,0,1,0,1,2,99,e,1.45,2,0,e,0,1.45,1,0,1,0,1,,,,,,,,,,,,,
,,,,,,,,,,,,,,,,,316,2,2024-02-14_20h27.11.143,Symbol-E,2020.1.3,Win32,Firefox,Mozilla/5.0 (Windows NT 10.0; Win64; x64; rv:122.0) Gecko/20100101 Firefox/122.0,60,,,,,,,,,,,,,,,,,,,,,,,,,,,,,,,,,,,,,,media/dgnb.png,1,1,Symb,w,RT,0,0,0,1,8,0,2,0,1,2,99,w,0.518,1,1,w,1,0.518,2,0,2,0,1,,,,,,,,,,,,,
,,,,,,,,,,,,,,,,,316,2,2024-02-14_20h27.11.143,Symbol-E,2020.1.3,Win32,Firefox,Mozilla/5.0 (Windows NT 10.0; Win64; x64; rv:122.0) Gecko/20100101 Firefox/122.0,60,,,,,,,,,,,,,,,,,,,,,,,,,,,,,,,,,,,,,,media/ddnb.png,6,2,Symb,i,RT,0,0,0,1,8,0,3,0,1,2,99,i,0.685,6,1,i,1,0.685,3,0,3,0,1,,,,,,,,,,,,,
,,,,,,,,,,,,,,,,,316,2,2024-02-14_20h27.11.143,Symbol-E,2020.1.3,Win32,Firefox,Mozilla/5.0 (Windows NT 10.0; Win64; x64; rv:122.0) Gecko/20100101 Firefox/122.0,60,,,,,,,,,,,,,,,,,,,,,,,,,,,,,,,,,,,,,,media/dnnb.png,3,3,Symb,f,RT,0,0,0,1,8,0,4,0,1,2,99,f,0.684,3,1,f,1,0.684,4,0,4,0,1,,,,,,,,,,,,,
,,,,,,,,,,,,,,,,,316,2,2024-02-14_20h27.11.143,Symbol-E,2020.1.3,Win32,Firefox,Mozilla/5.0 (Windows NT 10.0; Win64; x64; rv:122.0) Gecko/20100101 Firefox/122.0,60,,,,,,,,,,,,,,,,,,,,,,,,,,,,,,,,,,,,,,media/dfnb.png,5,1,Symb,u,RT,0,0,0,1,8,0,5,0,1,2,99,u,0.552,5,1,u,1,0.552,5,0,5,0,1,,,,,,,,,,,,,
,,,,,,,,,,,,,,,,,316,2,2024-02-14_20h27.11.143,Symbol-E,2020.1.3,Win32,Firefox,Mozilla/5.0 (Windows NT 10.0; Win64; x64; rv:122.0) Gecko/20100101 Firefox/122.0,60,,,,,,,,,,,,,,,,,,,,,,,,,,,,,,,,,,,,,,media/dmnb.png,0,0,Symb,a,RT,0,0,0,1,8,0,6,0,1,2,99,a,0.718,0,1,a,1,0.718,6,0,6,0,1,,,,,,,,,,,,,
,,,,,,,,,,,,,,,,,316,2,2024-02-14_20h27.11.143,Symbol-E,2020.1.3,Win32,Firefox,Mozilla/5.0 (Windows NT 10.0; Win64; x64; rv:122.0) Gecko/20100101 Firefox/122.0,60,,,,,,,,,,,,,,,,,,,,,,,,,,,,,,,,,,,,,,media/dmnb.png,0,0,Symb,a,RT,0,0,0,1,8,0,7,0,1,2,99,a,0.502,0,1,a,1,0.502,7,0,7,0,1,,,,,,,,,,,,,
,,,,,,,,,,,,,,,,,316,2,2024-02-14_20h27.11.143,Symbol-E,2020.1.3,Win32,Firefox,Mozilla/5.0 (Windows NT 10.0; Win64; x64; rv:122.0) Gecko/20100101 Firefox/122.0,60,,,,,,,,,,,,,,,,,,,,,,,,,,,,,,,,,,,,,,media/dcnb.png,4,0,Symb,h,RT,0,0,0,1,8,0,8,0,1,2,99,h,0.834,4,1,h,1,0.834,8,0,8,0,1,,,,,,,,,,,,,
,,,,,,,,,,,,,,,,,316,2,2024-02-14_20h27.11.143,Symbol-E,2020.1.3,Win32,Firefox,Mozilla/5.0 (Windows NT 10.0; Win64; x64; rv:122.0) Gecko/20100101 Firefox/122.0,60,,,,,,,,,,,,,,,,,,,,,,,,,,,,,,,,,,,,,,media/dinb.png,2,2,Symb,e,RT,0,0,0,1,8,0,9,0,1,2,99,e,0.683,2,1,e,1,0.683,9,0,9,0,1,,,,,,,,,,,,,
,,,,,,,,,,,,,,,,,316,2,2024-02-14_20h27.11.143,Symbol-E,2020.1.3,Win32,Firefox,Mozilla/5.0 (Windows NT 10.0; Win64; x64; rv:122.0) Gecko/20100101 Firefox/122.0,60,,,,,,,,,,,,,,,,,,,,,,,,,,,,,,,,,,,,,,media/dcnb.png,4,0,Symb,h,RT,0,0,0,1,8,0,10,0,1,2,99,h,0.765,4,1,h,1,0.765,10,0,10,0,1,,,,,,,,,,,,,
,,,,,,,,,,,,,,,,,316,2,2024-02-14_20h27.11.143,Symbol-E,2020.1.3,Win32,Firefox,Mozilla/5.0 (Windows NT 10.0; Win64; x64; rv:122.0) Gecko/20100101 Firefox/122.0,60,,,,,,,,,,,,,,,,,,,,,,,,,,,,,,,,,,,,,,media/djnb.png,7,3,Symb,l,RT,0,0,0,1,8,0,11,0,1,2,99,l,0.684,7,1,l,1,0.684,11,0,11,0,1,,,,,,,,,,,,,
,,,,,,,,,,,,,,,,,316,2,2024-02-14_20h27.11.143,Symbol-E,2020.1.3,Win32,Firefox,Mozilla/5.0 (Windows NT 10.0; Win64; x64; rv:122.0) Gecko/20100101 Firefox/122.0,60,,,,,,,,,,,,,,,,,,,,,,,,,,,,,,,,,,,,,,media/ddnb.png,6,2,Symb,i,RT,0,0,0,1,8,0,12,0,1,2,99,i,0.772,6,1,i,1,0.772,12,0,12,0,1,,,,,,,,,,,,,
,,,,,,,,,,,,,,,,,316,2,2024-02-14_20h27.11.143,Symbol-E,2020.1.3,Win32,Firefox,Mozilla/5.0 (Windows NT 10.0; Win64; x64; rv:122.0) Gecko/20100101 Firefox/122.0,60,,,,,,,,,,,,,,,,,,,,,,,,,,,,,,,,,,,,,,media/djnb.png,7,3,Symb,l,RT,0,0,0,1,8,0,13,0,1,2,99,h,0.666,4,0,h,0,0.666,13,0,13,0,1,,,,,,,,,,,,,
,,,,,,,,,,,,,,,,,316,2,2024-02-14_20h27.11.143,Symbol-E,2020.1.3,Win32,Firefox,Mozilla/5.0 (Windows NT 10.0; Win64; x64; rv:122.0) Gecko/20100101 Firefox/122.0,60,,,,,,,,,,,,,,,,,,,,,,,,,,,,,,,,,,,,,,media/dinb.png,2,2,Symb,e,RT,0,0,0,1,8,0,14,0,1,2,99,e,0.965,2,1,e,1,0.965,14,0,14,0,1,,,,,,,,,,,,,
,,,,,,,,,,,,,,,,,316,2,2024-02-14_20h27.11.143,Symbol-E,2020.1.3,Win32,Firefox,Mozilla/5.0 (Windows NT 10.0; Win64; x64; rv:122.0) Gecko/20100101 Firefox/122.0,60,,,,,,,,,,,,,,,,,,,,,,,,,,,,,,,,,,,,,,media/dnnb.png,3,3,Symb,f,RT,0,0,0,1,8,0,15,0,1,2,99,f,0.701,3,1,f,1,0.701,15,0,15,0,1,,,,,,,,,,,,,
,,,,,,,,,,,,,,,,,316,2,2024-02-14_20h27.11.143,Symbol-E,2020.1.3,Win32,Firefox,Mozilla/5.0 (Windows NT 10.0; Win64; x64; rv:122.0) Gecko/20100101 Firefox/122.0,60,,,,,,,,,,,,,,,,,,,,,,,,,,,,,,,,,,,,,,media/dnnb.png,3,3,Symb,f,RT,0,0,0,1,8,0,16,0,1,2,99,f,0.501,3,1,f,1,0.501,16,0,16,0,1,,,,,,,,,,,,,
,,,,,,,,,,,,,,,,,316,2,2024-02-14_20h27.11.143,Symbol-E,2020.1.3,Win32,Firefox,Mozilla/5.0 (Windows NT 10.0; Win64; x64; rv:122.0) Gecko/20100101 Firefox/122.0,60,,,,,,,,,,,,,,,,,,,,,,,,,,,,,,,,,,,,,,media/ddnb.png,6,2,Symb,i,RT,0,0,0,1,8,0,17,0,1,2,99,i,0.665,6,1,i,1,0.665,17,0,17,0,1,,,,,,,,,,,,,
,,,,,,,,,,,,,,,,,316,2,2024-02-14_20h27.11.143,Symbol-E,2020.1.3,Win32,Firefox,Mozilla/5.0 (Windows NT 10.0; Win64; x64; rv:122.0) Gecko/20100101 Firefox/122.0,60,,,,,,,,,,,,,,,,,,,,,,,,,,,,,,,,,,,,,,media/dfnb.png,5,1,Symb,u,RT,0,0,0,1,8,0,18,0,1,2,99,u,0.581,5,1,u,1,0.581,18,0,18,0,1,,,,,,,,,,,,,
,,,,,,,,,,,,,,,,,316,2,2024-02-14_20h27.11.143,Symbol-E,2020.1.3,Win32,Firefox,Mozilla/5.0 (Windows NT 10.0; Win64; x64; rv:122.0) Gecko/20100101 Firefox/122.0,60,,,,,,,,,,,,,,,,,,,,,,,,,,,,,,,,,,,,,,media/dfnb.png,5,1,Symb,u,RT,0,0,0,1,8,0,19,0,1,2,99,u,0.471,5,1,u,1,0.471,19,0,19,0,1,,,,,,,,,,,,,
,,,,,,,,,,,,,,,,,316,2,2024-02-14_20h27.11.143,Symbol-E,2020.1.3,Win32,Firefox,Mozilla/5.0 (Windows NT 10.0; Win64; x64; rv:122.0) Gecko/20100101 Firefox/122.0,60,,,,,,,,,,,,,,,,,,,,,,,,,,,,,,,,,,,,,,media/djnb.png,7,3,Symb,l,RT,0,0,0,1,8,0,20,0,1,2,99,l,1.633,7,1,l,1,1.633,20,0,20,0,1,,,,,,,,,,,,,
,,,,,,,,,,,,,,,,,316,2,2024-02-14_20h27.11.143,Symbol-E,2020.1.3,Win32,Firefox,Mozilla/5.0 (Windows NT 10.0; Win64; x64; rv:122.0) Gecko/20100101 Firefox/122.0,60,,,,,,,,,,,,,,,,,,,,,,,,,,,,,,,,,,,,,,media/dgnb.png,1,1,Symb,w,RT,0,0,0,1,8,0,21,0,1,2,99,w,0.985,1,1,w,1,0.985,21,0,21,0,1,,,,,,,,,,,,,
,,,,,,,,,,,,,,,,,316,2,2024-02-14_20h27.11.143,Symbol-E,2020.1.3,Win32,Firefox,Mozilla/5.0 (Windows NT 10.0; Win64; x64; rv:122.0) Gecko/20100101 Firefox/122.0,60,,,,,,,,,,,,,,,,,,,,,,,,,,,,,,,,,,,,,,media/dmnb.png,0,0,Symb,a,RT,0,0,0,1,8,0,22,0,1,2,99,a,0.7,0,1,a,1,0.7,22,0,22,0,1,,,,,,,,,,,,,
,,,,,,,,,,,,,,,,,316,2,2024-02-14_20h27.11.143,Symbol-E,2020.1.3,Win32,Firefox,Mozilla/5.0 (Windows NT 10.0; Win64; x64; rv:122.0) Gecko/20100101 Firefox/122.0,60,,,,,,,,,,,,,,,,,,,,,,,,,,,,,,,,,,,,,,media/dmnb.png,0,0,Symb,a,RT,0,0,0,1,8,0,23,0,1,2,99,a,0.517,0,1,a,1,0.517,23,0,23,0,1,,,,,,,,,,,,,
,,,,,,,,,,,,,,,,,316,2,2024-02-14_20h27.11.143,Symbol-E,2020.1.3,Win32,Firefox,Mozilla/5.0 (Windows NT 10.0; Win64; x64; rv:122.0) Gecko/20100101 Firefox/122.0,60,,,,,,,,,,,,,,,,,,,,,,,,,,,,,,,,,,,,,,media/ddnb.png,6,2,Symb,i,RT,0,0,0,1,8,0,24,0,1,2,99,i,0.851,6,1,i,1,0.851,24,0,24,0,1,,,,,,,,,,,,,
,,,,,,,,,,,,,,,,,316,2,2024-02-14_20h27.11.143,Symbol-E,2020.1.3,Win32,Firefox,Mozilla/5.0 (Windows NT 10.0; Win64; x64; rv:122.0) Gecko/20100101 Firefox/122.0,60,,,,,,,,,,,,,,,,,,,,,,,,,,,,,,,,,,,,,,media/dinb.png,2,2,Symb,e,RT,0,0,0,1,8,0,25,0,1,2,99,e,0.866,2,1,e,1,0.866,25,0,25,0,1,,,,,,,,,,,,,
,,,,,,,,,,,,,,,,,316,2,2024-02-14_20h27.11.143,Symbol-E,2020.1.3,Win32,Firefox,Mozilla/5.0 (Windows NT 10.0; Win64; x64; rv:122.0) Gecko/20100101 Firefox/122.0,60,,,,,,,,,,,,,,,,,,,,,,,,,,,,,,,,,,,,,,media/dcnb.png,4,0,Symb,h,RT,0,0,0,1,8,0,26,0,1,2,99,h,1.017,4,1,h,1,1.017,26,0,26,0,1,,,,,,,,,,,,,
,,,,,,,,,,,,,,,,,316,2,2024-02-14_20h27.11.143,Symbol-E,2020.1.3,Win32,Firefox,Mozilla/5.0 (Windows NT 10.0; Win64; x64; rv:122.0) Gecko/20100101 Firefox/122.0,60,,,,,,,,,,,,,,,,,,,,,,,,,,,,,,,,,,,,,,media/dcnb.png,4,0,Symb,h,RT,0,0,0,1,8,0,27,0,1,2,99,h,0.418,4,1,h,1,0.418,27,0,27,0,1,,,,,,,,,,,,,
,,,,,,,,,,,,,,,,,316,2,2024-02-14_20h27.11.143,Symbol-E,2020.1.3,Win32,Firefox,Mozilla/5.0 (Windows NT 10.0; Win64; x64; rv:122.0) Gecko/20100101 Firefox/122.0,60,,,,,,,,,,,,,,,,,,,,,,,,,,,,,,,,,,,,,,media/dgnb.png,1,1,Symb,w,RT,0,0,0,1,8,0,28,0,1,2,99,w,1.031,1,1,w,1,1.031,28,0,28,0,1,,,,,,,,,,,,,
,,,,,,,,,,,,,,,,,316,2,2024-02-14_20h27.11.143,Symbol-E,2020.1.3,Win32,Firefox,Mozilla/5.0 (Windows NT 10.0; Win64; x64; rv:122.0) Gecko/20100101 Firefox/122.0,60,,,,,,,,,,,,,,,,,,,,,,,,,,,,,,,,,,,,,,media/djnb.png,7,3,Symb,l,RT,0,0,0,1,8,0,29,0,1,2,99,l,0.755,7,1,l,1,0.755,29,0,29,0,1,,,,,,,,,,,,,
,,,,,,,,,,,,,,,,,316,2,2024-02-14_20h27.11.143,Symbol-E,2020.1.3,Win32,Firefox,Mozilla/5.0 (Windows NT 10.0; Win64; x64; rv:122.0) Gecko/20100101 Firefox/122.0,60,,,,,,,,,,,,,,,,,,,,,,,,,,,,,,,,,,,,,,media/dnnb.png,3,3,Symb,f,RT,0,0,0,1,8,0,30,0,1,2,99,f,0.666,3,1,f,1,0.666,30,0,30,0,1,,,,,,,,,,,,,
,,,,,,,,,,,,,,,,,316,2,2024-02-14_20h27.11.143,Symbol-E,2020.1.3,Win32,Firefox,Mozilla/5.0 (Windows NT 10.0; Win64; x64; rv:122.0) Gecko/20100101 Firefox/122.0,60,,,,,,,,,,,,,,,,,,,,,,,,,,,,,,,,,,,,,,media/dinb.png,2,2,Symb,e,RT,0,0,0,1,8,0,31,0,1,2,99,e,0.852,2,1,e,1,0.852,31,0,31,0,1,,,,,,,,,,,,,
,,,,,,,,,,,,,,,,,316,2,2024-02-14_20h27.11.143,Symbol-E,2020.1.3,Win32,Firefox,Mozilla/5.0 (Windows NT 10.0; Win64; x64; rv:122.0) Gecko/20100101 Firefox/122.0,60,,,,,,,,,,,,,,,,,,,,,,,,,,,,,,,,,,,,,,media/dinb.png,2,2,Symb,e,RT,0,0,0,1,8,0,32,0,1,2,99,e,0.45,2,1,e,1,0.45,32,0,32,0,1,,,,,,,,,,,,,
,,,,,,,,,,,,,,,,,316,2,2024-02-14_20h27.11.143,Symbol-E,2020.1.3,Win32,Firefox,Mozilla/5.0 (Windows NT 10.0; Win64; x64; rv:122.0) Gecko/20100101 Firefox/122.0,60,,,,,,,,,,,,,,,,,,,,,,,,,,,,,,,,,,,,,,media/ddnb.png,6,2,Symb,i,RT,0,0,0,1,8,0,33,0,1,2,99,i,0.852,6,1,i,1,0.852,33,0,33,0,1,,,,,,,,,,,,,
,,,,,,,,,,,,,,,,,316,2,2024-02-14_20h27.11.143,Symbol-E,2020.1.3,Win32,Firefox,Mozilla/5.0 (Windows NT 10.0; Win64; x64; rv:122.0) Gecko/20100101 Firefox/122.0,60,,,,,,,,,,,,,,,,,,,,,,,,,,,,,,,,,,,,,,media/dcnb.png,4,0,Symb,h,RT,0,0,0,1,8,0,34,0,1,2,99,h,1.103,4,1,h,1,1.103,34,0,34,0,1,,,,,,,,,,,,,
,,,,,,,,,,,,,,,,,316,2,2024-02-14_20h27.11.143,Symbol-E,2020.1.3,Win32,Firefox,Mozilla/5.0 (Windows NT 10.0; Win64; x64; rv:122.0) Gecko/20100101 Firefox/122.0,60,,,,,,,,,,,,,,,,,,,,,,,,,,,,,,,,,,,,,,media/dnnb.png,3,3,Symb,f,RT,0,0,0,1,8,0,35,0,1,2,99,f,0.749,3,1,f,1,0.749,35,0,35,0,1,,,,,,,,,,,,,
,,,,,,,,,,,,,,,,,316,2,2024-02-14_20h27.11.143,Symbol-E,2020.1.3,Win32,Firefox,Mozilla/5.0 (Windows NT 10.0; Win64; x64; rv:122.0) Gecko/20100101 Firefox/122.0,60,,,,,,,,,,,,,,,,,,,,,,,,,,,,,,,,,,,,,,media/djnb.png,7,3,Symb,l,RT,0,0,0,1,8,0,36,0,1,2,99,l,2.851,7,1,l,1,2.851,36,0,36,0,1,,,,,,,,,,,,,
,,,,,,,,,,,,,,,,,316,2,2024-02-14_20h27.11.143,Symbol-E,2020.1.3,Win32,Firefox,Mozilla/5.0 (Windows NT 10.0; Win64; x64; rv:122.0) Gecko/20100101 Firefox/122.0,60,,,,,,,,,,,,,,,,,,,,,,,,,,,,,,,,,,,,,,media/dinb.png,2,2,Symb,e,RT,0,0,0,1,8,0,37,0,1,2,99,e,0.868,2,1,e,1,0.868,37,0,37,0,1,,,,,,,,,,,,,
,,,,,,,,,,,,,,,,,316,2,2024-02-14_20h27.11.143,Symbol-E,2020.1.3,Win32,Firefox,Mozilla/5.0 (Windows NT 10.0; Win64; x64; rv:122.0) Gecko/20100101 Firefox/122.0,60,,,,,,,,,,,,,,,,,,,,,,,,,,,,,,,,,,,,,,media/dmnb.png,0,0,Symb,a,RT,0,0,0,1,8,0,38,0,1,2,99,a,1.167,0,1,a,1,1.167,38,0,38,0,1,,,,,,,,,,,,,
,,,,,,,,,,,,,,,,,316,2,2024-02-14_20h27.11.143,Symbol-E,2020.1.3,Win32,Firefox,Mozilla/5.0 (Windows NT 10.0; Win64; x64; rv:122.0) Gecko/20100101 Firefox/122.0,60,,,,,,,,,,,,,,,,,,,,,,,,,,,,,,,,,,,,,,media/dgnb.png,1,1,Symb,w,RT,0,0,0,1,8,0,39,0,1,2,99,w,0.867,1,1,w,1,0.867,39,0,39,0,1,,,,,,,,,,,,,
,,,,,,,,,,,,,,,,,316,2,2024-02-14_20h27.11.143,Symbol-E,2020.1.3,Win32,Firefox,Mozilla/5.0 (Windows NT 10.0; Win64; x64; rv:122.0) Gecko/20100101 Firefox/122.0,60,,,,,,,,,,,,,,,,,,,,,,,,,,,,,,,,,,,,,,media/dfnb.png,5,1,Symb,u,RT,0,0,0,1,8,0,40,0,1,2,99,u,1.05,5,1,u,1,1.05,40,0,40,0,1,,,,,,,,,,,,,
,,,,,,,,,,,,,,,,,316,2,2024-02-14_20h27.11.143,Symbol-E,2020.1.3,Win32,Firefox,Mozilla/5.0 (Windows NT 10.0; Win64; x64; rv:122.0) Gecko/20100101 Firefox/122.0,60,,,,,,,,,,,,,,,,,,,,,,,,,,,,,,,,,,,,,,media/dgnb.png,1,1,Symb,w,RT,0,0,0,1,8,0,41,0,1,2,99,w,1.349,1,1,w,1,1.349,41,0,41,0,1,,,,,,,,,,,,,
,,,,,,,,,,,,,,,,,316,2,2024-02-14_20h27.11.143,Symbol-E,2020.1.3,Win32,Firefox,Mozilla/5.0 (Windows NT 10.0; Win64; x64; rv:122.0) Gecko/20100101 Firefox/122.0,60,,,,,,,,,,,,,,,,,,,,,,,,,,,,,,,,,,,,,,media/dcnb.png,4,0,Symb,h,RT,0,0,0,1,8,0,42,0,1,2,99,h,0.872,4,1,h,1,0.872,42,0,42,0,1,,,,,,,,,,,,,
,,,,,,,,,,,,,,,,,316,2,2024-02-14_20h27.11.143,Symbol-E,2020.1.3,Win32,Firefox,Mozilla/5.0 (Windows NT 10.0; Win64; x64; rv:122.0) Gecko/20100101 Firefox/122.0,60,,,,,,,,,,,,,,,,,,,,,,,,,,,,,,,,,,,,,,media/dfnb.png,5,1,Symb,u,RT,0,0,0,1,8,0,43,0,1,2,99,u,0.635,5,1,u,1,0.635,43,0,43,0,1,,,,,,,,,,,,,
,,,,,,,,,,,,,,,,,316,2,2024-02-14_20h27.11.143,Symbol-E,2020.1.3,Win32,Firefox,Mozilla/5.0 (Windows NT 10.0; Win64; x64; rv:122.0) Gecko/20100101 Firefox/122.0,60,,,,,,,,,,,,,,,,,,,,,,,,,,,,,,,,,,,,,,media/dmnb.png,0,0,Symb,a,RT,0,0,0,1,8,0,44,0,1,2,99,a,0.717,0,1,a,1,0.717,44,0,44,0,1,,,,,,,,,,,,,
,,,,,,,,,,,,,,,,,316,2,2024-02-14_20h27.11.143,Symbol-E,2020.1.3,Win32,Firefox,Mozilla/5.0 (Windows NT 10.0; Win64; x64; rv:122.0) Gecko/20100101 Firefox/122.0,60,,,,,,,,,,,,,,,,,,,,,,,,,,,,,,,,,,,,,,media/djnb.png,7,3,Symb,l,RT,0,0,0,1,8,0,45,0,1,2,99,l,1.083,7,1,l,1,1.083,45,0,45,0,1,,,,,,,,,,,,,
,,,,,,,,,,,,,,,,,316,2,2024-02-14_20h27.11.143,Symbol-E,2020.1.3,Win32,Firefox,Mozilla/5.0 (Windows NT 10.0; Win64; x64; rv:122.0) Gecko/20100101 Firefox/122.0,60,,,,,,,,,,,,,,,,,,,,,,,,,,,,,,,,,,,,,,media/ddnb.png,6,2,Symb,i,RT,0,0,0,1,8,0,46,0,1,2,99,i,0.652,6,1,i,1,0.652,46,0,46,0,1,,,,,,,,,,,,,
,,,,,,,,,,,,,,,,,316,2,2024-02-14_20h27.11.143,Symbol-E,2020.1.3,Win32,Firefox,Mozilla/5.0 (Windows NT 10.0; Win64; x64; rv:122.0) Gecko/20100101 Firefox/122.0,60,,,,,,,,,,,,,,,,,,,,,,,,,,,,,,,,,,,,,,media/dnnb.png,3,3,Symb,f,RT,0,0,0,1,8,0,47,0,1,2,99,f,0.739,3,1,f,1,0.739,47,0,47,0,1,,,,,,,,,,,,,
,,,,,,,,,,,,,,,,,316,2,2024-02-14_20h27.11.143,Symbol-E,2020.1.3,Win32,Firefox,Mozilla/5.0 (Windows NT 10.0; Win64; x64; rv:122.0) Gecko/20100101 Firefox/122.0,60,,,,,,,,,,,,,,,,,,,,,,,,,,,,,,,,,,,,,,media/dnnb.png,3,3,Symb,f,RT,0,0,0,1,8,0,48,0,1,2,99,f,0.401,3,1,f,1,0.401,48,0,48,0,1,,,,,,,,,,,,,
,,,,,,,,,,,,,,,,,316,2,2024-02-14_20h27.11.143,Symbol-E,2020.1.3,Win32,Firefox,Mozilla/5.0 (Windows NT 10.0; Win64; x64; rv:122.0) Gecko/20100101 Firefox/122.0,60,,,,,,,,,,,,,,,,,,,,,,,,,,,,,,,,,,,,,,media/dfnb.png,5,1,Symb,u,RT,0,0,0,1,8,0,49,0,1,2,99,u,0.637,5,1,u,1,0.637,49,0,49,0,1,,,,,,,,,,,,,
,,,,,,,,,,,,,,,,,316,2,2024-02-14_20h27.11.143,Symbol-E,2020.1.3,Win32,Firefox,Mozilla/5.0 (Windows NT 10.0; Win64; x64; rv:122.0) Gecko/20100101 Firefox/122.0,60,,,,,,,,,,,,,,,,,,,,,,,,,,,,,,,,,,,,,,media/dinb.png,2,2,Symb,e,RT,0,0,0,1,8,0,50,0,1,2,99,e,0.883,2,1,e,1,0.883,50,0,50,0,1,,,,,,,,,,,,,
,,,,,,,,,,,,,,,,,316,2,2024-02-14_20h27.11.143,Symbol-E,2020.1.3,Win32,Firefox,Mozilla/5.0 (Windows NT 10.0; Win64; x64; rv:122.0) Gecko/20100101 Firefox/122.0,60,,,,,,,,,,,,,,,,,,,,,,,,,,,,,,,,,,,,,,media/dfnb.png,5,1,Symb,u,RT,0,0,0,1,8,0,51,0,1,2,99,u,0.615,5,1,u,1,0.615,51,0,51,0,1,,,,,,,,,,,,,
,,,,,,,,,,,,,,,,,316,2,2024-02-14_20h27.11.143,Symbol-E,2020.1.3,Win32,Firefox,Mozilla/5.0 (Windows NT 10.0; Win64; x64; rv:122.0) Gecko/20100101 Firefox/122.0,60,,,,,,,,,,,,,,,,,,,,,,,,,,,,,,,,,,,,,,media/ddnb.png,6,2,Symb,i,RT,0,0,0,1,8,0,52,0,1,2,99,i,0.716,6,1,i,1,0.716,52,0,52,0,1,,,,,,,,,,,,,
,,,,,,,,,,,,,,,,,316,2,2024-02-14_20h27.11.143,Symbol-E,2020.1.3,Win32,Firefox,Mozilla/5.0 (Windows NT 10.0; Win64; x64; rv:122.0) Gecko/20100101 Firefox/122.0,60,,,,,,,,,,,,,,,,,,,,,,,,,,,,,,,,,,,,,,media/dgnb.png,1,1,Symb,w,RT,0,0,0,1,8,0,53,0,1,2,99,w,1.951,1,1,w,1,1.951,53,0,53,0,1,,,,,,,,,,,,,
,,,,,,,,,,,,,,,,,316,2,2024-02-14_20h27.11.143,Symbol-E,2020.1.3,Win32,Firefox,Mozilla/5.0 (Windows NT 10.0; Win64; x64; rv:122.0) Gecko/20100101 Firefox/122.0,60,,,,,,,,,,,,,,,,,,,,,,,,,,,,,,,,,,,,,,media/ddnb.png,6,2,Symb,i,RT,0,0,0,1,8,0,54,0,1,2,99,i,2.421,6,1,i,1,2.421,54,0,54,0,1,,,,,,,,,,,,,
,,,,,,,,,,,,,,,,,316,2,2024-02-14_20h27.11.143,Symbol-E,2020.1.3,Win32,Firefox,Mozilla/5.0 (Windows NT 10.0; Win64; x64; rv:122.0) Gecko/20100101 Firefox/122.0,60,,,,,,,,,,,,,,,,,,,,,,,,,,,,,,,,,,,,,,media/djnb.png,7,3,Symb,l,RT,0,0,0,1,8,0,55,0,1,2,99,l,1.985,7,1,l,1,1.985,55,0,55,0,1,,,,,,,,,,,,,
,,,,,,,,,,,,,,,,,316,2,2024-02-14_20h27.11.143,Symbol-E,2020.1.3,Win32,Firefox,Mozilla/5.0 (Windows NT 10.0; Win64; x64; rv:122.0) Gecko/20100101 Firefox/122.0,60,,,,,,,,,,,,,,,,,,,,,,,,,,,,,,,,,,,,,,media/djnb.png,7,3,Symb,l,RT,0,0,0,1,8,0,56,0,1,2,99,l,0.433,7,1,l,1,0.433,56,0,56,0,1,,,,,,,,,,,,,
,,,,,,,,,,,,,,,,,316,2,2024-02-14_20h27.11.143,Symbol-E,2020.1.3,Win32,Firefox,Mozilla/5.0 (Windows NT 10.0; Win64; x64; rv:122.0) Gecko/20100101 Firefox/122.0,60,,,,,,,,,,,,,,,,,,,,,,,,,,,,,,,,,,,,,,media/dnnb.png,3,3,Symb,f,RT,0,0,0,1,8,0,57,0,1,2,99,f,0.666,3,1,f,1,0.666,57,0,57,0,1,,,,,,,,,,,,,
,,,,,,,,,,,,,,,,,316,2,2024-02-14_20h27.11.143,Symbol-E,2020.1.3,Win32,Firefox,Mozilla/5.0 (Windows NT 10.0; Win64; x64; rv:122.0) Gecko/20100101 Firefox/122.0,60,,,,,,,,,,,,,,,,,,,,,,,,,,,,,,,,,,,,,,media/dinb.png,2,2,Symb,e,RT,0,0,0,1,8,0,58,0,1,2,99,e,2.15,2,1,e,1,2.15,58,0,58,0,1,,,,,,,,,,,,,
,,,,,,,,,,,,,,,,,316,2,2024-02-14_20h27.11.143,Symbol-E,2020.1.3,Win32,Firefox,Mozilla/5.0 (Windows NT 10.0; Win64; x64; rv:122.0) Gecko/20100101 Firefox/122.0,60,,,,,,,,,,,,,,,,,,,,,,,,,,,,,,,,,,,,,,media/dcnb.png,4,0,Symb,h,RT,0,0,0,1,8,0,59,0,1,2,99,h,0.652,4,1,h,1,0.652,59,0,59,0,1,,,,,,,,,,,,,
,,,,,,,,,,,,,,,,,316,2,2024-02-14_20h27.11.143,Symbol-E,2020.1.3,Win32,Firefox,Mozilla/5.0 (Windows NT 10.0; Win64; x64; rv:122.0) Gecko/20100101 Firefox/122.0,60,,,,,,,,,,,,,,,,,,,,,,,,,,,,,,,,,,,,,,media/dmnb.png,0,0,Symb,a,RT,0,0,0,1,8,0,60,0,1,2,99,a,0.702,0,1,a,1,0.702,60,0,60,0,1,,,,,,,,,,,,,
,,,,,,,,,,,,,,,,,316,2,2024-02-14_20h27.11.143,Symbol-E,2020.1.3,Win32,Firefox,Mozilla/5.0 (Windows NT 10.0; Win64; x64; rv:122.0) Gecko/20100101 Firefox/122.0,60,,,,,,,,,,,,,,,,,,,,,,,,,,,,,,,,,,,,,,media/dgnb.png,1,1,Symb,w,RT,0,0,0,1,8,0,61,0,1,2,99,w,0.767,1,1,w,1,0.767,61,0,61,0,1,,,,,,,,,,,,,
,,,,,,,,,,,,,,,,,316,2,2024-02-14_20h27.11.143,Symbol-E,2020.1.3,Win32,Firefox,Mozilla/5.0 (Windows NT 10.0; Win64; x64; rv:122.0) Gecko/20100101 Firefox/122.0,60,,,,,,,,,,,,,,,,,,,,,,,,,,,,,,,,,,,,,,media/dmnb.png,0,0,Symb,a,RT,0,0,0,1,8,0,62,0,1,2,99,a,0.649,0,1,a,1,0.649,62,0,62,0,1,,,,,,,,,,,,,
,,,,,,,,,,,,,,,,,316,2,2024-02-14_20h27.11.143,Symbol-E,2020.1.3,Win32,Firefox,Mozilla/5.0 (Windows NT 10.0; Win64; x64; rv:122.0) Gecko/20100101 Firefox/122.0,60,,,,,,,,,,,,,,,,,,,,,,,,,,,,,,,,,,,,,,media/dcnb.png,4,0,Symb,h,RT,0,0,0,1,8,0,63,0,1,2,99,h,1.151,4,1,h,1,1.151,63,0,63,0,1,,,,,,,,,,,,,
,,,,,,,,,,,,,,,,,316,2,2024-02-14_20h27.11.143,Symbol-E,2020.1.3,Win32,Firefox,Mozilla/5.0 (Windows NT 10.0; Win64; x64; rv:122.0) Gecko/20100101 Firefox/122.0,60,,,,,,,,,,,,,,,,,,,,,,,,,,,,,,,,,,,,,,media/dmnb.png,0,0,Symb,a,RT,0,0,0,1,8,0,64,0,1,2,99,a,0.633,0,1,a,1,0.633,64,0,64,0,1,,,,,,,,,,,,,
,,,,,,,,,,,,,,,,,316,2,2024-02-14_20h27.11.143,Symbol-E,2020.1.3,Win32,Firefox,Mozilla/5.0 (Windows NT 10.0; Win64; x64; rv:122.0) Gecko/20100101 Firefox/122.0,60,,,,,,,,,,,,,,,,,,,,,,,,,,,,,,,,,,,,,,media/dgnb.png,1,1,Symb,w,RT,0,0,0,1,8,0,65,0,1,2,99,w,0.834,1,1,w,1,0.834,65,0,65,0,1,,,,,,,,,,,,,
,,,,,,,,,,,,,,,,,316,2,2024-02-14_20h27.11.143,Symbol-E,2020.1.3,Win32,Firefox,Mozilla/5.0 (Windows NT 10.0; Win64; x64; rv:122.0) Gecko/20100101 Firefox/122.0,60,,,,,,,,,,,,,,,,,,,,,,,,,,,,,,,,,,,,,,media/dmnb.png,0,0,Symb,a,RT,0,0,0,1,8,0,66,0,1,2,99,a,0.683,0,1,a,1,0.683,66,0,66,0,1,,,,,,,,,,,,,
,,,,,,,,,,,,,,,,,316,2,2024-02-14_20h27.11.143,Symbol-E,2020.1.3,Win32,Firefox,Mozilla/5.0 (Windows NT 10.0; Win64; x64; rv:122.0) Gecko/20100101 Firefox/122.0,60,,,,,,,,,,,,,,,,,,,,,,,,,,,,,,,,,,,,,,media/djnb.png,7,3,Symb,l,RT,0,0,0,1,8,0,67,0,1,2,99,l,2.331,7,1,l,1,2.331,67,0,67,0,1,,,,,,,,,,,,,
,,,,,,,,,,,,,,,,,316,2,2024-02-14_20h27.11.143,Symbol-E,2020.1.3,Win32,Firefox,Mozilla/5.0 (Windows NT 10.0; Win64; x64; rv:122.0) Gecko/20100101 Firefox/122.0,60,,,,,,,,,,,,,,,,,,,,,,,,,,,,,,,,,,,,,,media/djnb.png,7,3,Symb,l,RT,0,0,0,1,8,0,68,0,1,2,99,l,0.483,7,1,l,1,0.483,68,0,68,0,1,,,,,,,,,,,,,
,,,,,,,,,,,,,,,,,316,2,2024-02-14_20h27.11.143,Symbol-E,2020.1.3,Win32,Firefox,Mozilla/5.0 (Windows NT 10.0; Win64; x64; rv:122.0) Gecko/20100101 Firefox/122.0,60,,,,,,,,,,,,,,,,,,,,,,,,,,,,,,,,,,,,,,media/dnnb.png,3,3,Symb,f,RT,0,0,0,1,8,0,69,0,1,2,99,f,0.952,3,1,f,1,0.952,69,0,69,0,1,,,,,,,,,,,,,
,,,,,,,,,,,,,,,,,316,2,2024-02-14_20h27.11.143,Symbol-E,2020.1.3,Win32,Firefox,Mozilla/5.0 (Windows NT 10.0; Win64; x64; rv:122.0) Gecko/20100101 Firefox/122.0,60,,,,,,,,,,,,,,,,,,,,,,,,,,,,,,,,,,,,,,media/dfnb.png,5,1,Symb,u,RT,0,0,0,1,8,0,70,0,1,2,99,u,0.6,5,1,u,1,0.6,70,0,70,0,1,,,,,,,,,,,,,
,,,,,,,,,,,,,,,,,316,2,2024-02-14_20h27.11.143,Symbol-E,2020.1.3,Win32,Firefox,Mozilla/5.0 (Windows NT 10.0; Win64; x64; rv:122.0) Gecko/20100101 Firefox/122.0,60,,,,,,,,,,,,,,,,,,,,,,,,,,,,,,,,,,,,,,media/dnnb.png,3,3,Symb,f,RT,0,0,0,1,8,0,71,0,1,2,99,f,0.738,3,1,f,1,0.738,71,0,71,0,1,,,,,,,,,,,,,
,,,,,,,,,,,,,,,,,316,2,2024-02-14_20h27.11.143,Symbol-E,2020.1.3,Win32,Firefox,Mozilla/5.0 (Windows NT 10.0; Win64; x64; rv:122.0) Gecko/20100101 Firefox/122.0,60,,,,,,,,,,,,,,,,,,,,,,,,,,,,,,,,,,,,,,media/dcnb.png,4,0,Symb,h,RT,0,0,0,1,8,0,72,0,1,2,99,h,0.787,4,1,h,1,0.787,72,0,72,0,1,,,,,,,,,,,,,
,,,,,,,,,,,,,,,,,316,2,2024-02-14_20h27.11.143,Symbol-E,2020.1.3,Win32,Firefox,Mozilla/5.0 (Windows NT 10.0; Win64; x64; rv:122.0) Gecko/20100101 Firefox/122.0,60,,,,,,,,,,,,,,,,,,,,,,,,,,,,,,,,,,,,,,media/dcnb.png,4,0,Symb,h,RT,0,0,0,1,8,0,73,0,1,2,99,h,0.415,4,1,h,1,0.415,73,0,73,0,1,,,,,,,,,,,,,
,,,,,,,,,,,,,,,,,316,2,2024-02-14_20h27.11.143,Symbol-E,2020.1.3,Win32,Firefox,Mozilla/5.0 (Windows NT 10.0; Win64; x64; rv:122.0) Gecko/20100101 Firefox/122.0,60,,,,,,,,,,,,,,,,,,,,,,,,,,,,,,,,,,,,,,media/dgnb.png,1,1,Symb,w,RT,0,0,0,1,8,0,74,0,1,2,99,w,0.801,1,1,w,1,0.801,74,0,74,0,1,,,,,,,,,,,,,
,,,,,,,,,,,,,,,,,316,2,2024-02-14_20h27.11.143,Symbol-E,2020.1.3,Win32,Firefox,Mozilla/5.0 (Windows NT 10.0; Win64; x64; rv:122.0) Gecko/20100101 Firefox/122.0,60,,,,,,,,,,,,,,,,,,,,,,,,,,,,,,,,,,,,,,media/dinb.png,2,2,Symb,e,RT,0,0,0,1,8,0,75,0,1,2,99,e,0.753,2,1,e,1,0.753,75,0,75,0,1,,,,,,,,,,,,,
,,,,,,,,,,,,,,,,,316,2,2024-02-14_20h27.11.143,Symbol-E,2020.1.3,Win32,Firefox,Mozilla/5.0 (Windows NT 10.0; Win64; x64; rv:122.0) Gecko/20100101 Firefox/122.0,60,,,,,,,,,,,,,,,,,,,,,,,,,,,,,,,,,,,,,,media/ddnb.png,6,2,Symb,i,RT,0,0,0,1,8,0,76,0,1,2,99,i,0.702,6,1,i,1,0.702,76,0,76,0,1,,,,,,,,,,,,,
,,,,,,,,,,,,,,,,,316,2,2024-02-14_20h27.11.143,Symbol-E,2020.1.3,Win32,Firefox,Mozilla/5.0 (Windows NT 10.0; Win64; x64; rv:122.0) Gecko/20100101 Firefox/122.0,60,,,,,,,,,,,,,,,,,,,,,,,,,,,,,,,,,,,,,,media/ddnb.png,6,2,Symb,i,RT,0,0,0,1,8,0,77,0,1,2,99,i,0.45,6,1,i,1,0.45,77,0,77,0,1,,,,,,,,,,,,,
,,,,,,,,,,,,,,,,,316,2,2024-02-14_20h27.11.143,Symbol-E,2020.1.3,Win32,Firefox,Mozilla/5.0 (Windows NT 10.0; Win64; x64; rv:122.0) Gecko/20100101 Firefox/122.0,60,,,,,,,,,,,,,,,,,,,,,,,,,,,,,,,,,,,,,,media/dinb.png,2,2,Symb,e,RT,0,0,0,1,8,0,78,0,1,2,99,e,0.734,2,1,e,1,0.734,78,0,78,0,1,,,,,,,,,,,,,
,,,,,,,,,,,,,,,,,316,2,2024-02-14_20h27.11.143,Symbol-E,2020.1.3,Win32,Firefox,Mozilla/5.0 (Windows NT 10.0; Win64; x64; rv:122.0) Gecko/20100101 Firefox/122.0,60,,,,,,,,,,,,,,,,,,,,,,,,,,,,,,,,,,,,,,media/dfnb.png,5,1,Symb,u,RT,0,0,0,1,8,0,79,0,1,2,99,u,0.617,5,1,u,1,0.617,79,0,79,0,1,,,,,,,,,,,,,
,,,,,,,,,,,,,,,,,316,2,2024-02-14_20h27.11.143,Symbol-E,2020.1.3,Win32,Firefox,Mozilla/5.0 (Windows NT 10.0; Win64; x64; rv:122.0) Gecko/20100101 Firefox/122.0,60,,,,,,,,,,,,,,,,,,,,,,,,,,,,,,,,,,,,,,media/dgnb.png,1,1,Symb,w,RT,0,0,0,1,8,0,80,0,1,2,99,w,1.002,1,1,w,1,1.002,80,0,80,0,1,,,,,,,,,,,,,
,,,,,,,,,,,,,,,,,316,2,2024-02-14_20h27.11.143,Symbol-E,2020.1.3,Win32,Firefox,Mozilla/5.0 (Windows NT 10.0; Win64; x64; rv:122.0) Gecko/20100101 Firefox/122.0,60,,,,,,,,,,,,,,,,,,,,,,,,,,,,,,,,,,,,,,media/dcnb.png,4,0,Symb,h,RT,0,0,0,1,8,0,81,0,1,2,99,h,0.868,4,1,h,1,0.868,81,0,81,0,1,,,,,,,,,,,,,
,,,,,,,,,,,,,,,,,316,2,2024-02-14_20h27.11.143,Symbol-E,2020.1.3,Win32,Firefox,Mozilla/5.0 (Windows NT 10.0; Win64; x64; rv:122.0) Gecko/20100101 Firefox/122.0,60,,,,,,,,,,,,,,,,,,,,,,,,,,,,,,,,,,,,,,media/dfnb.png,5,1,Symb,u,RT,0,0,0,1,8,0,82,0,1,2,99,u,0.618,5,1,u,1,0.618,82,0,82,0,1,,,,,,,,,,,,,
,,,,,,,,,,,,,,,,,316,2,2024-02-14_20h27.11.143,Symbol-E,2020.1.3,Win32,Firefox,Mozilla/5.0 (Windows NT 10.0; Win64; x64; rv:122.0) Gecko/20100101 Firefox/122.0,60,,,,,,,,,,,,,,,,,,,,,,,,,,,,,,,,,,,,,,media/dnnb.png,3,3,Symb,f,RT,0,0,0,1,8,0,83,0,1,2,99,f,0.681,3,1,f,1,0.681,83,0,83,0,1,,,,,,,,,,,,,
,,,,,,,,,,,,,,,,,316,2,2024-02-14_20h27.11.143,Symbol-E,2020.1.3,Win32,Firefox,Mozilla/5.0 (Windows NT 10.0; Win64; x64; rv:122.0) Gecko/20100101 Firefox/122.0,60,,,,,,,,,,,,,,,,,,,,,,,,,,,,,,,,,,,,,,media/dmnb.png,0,0,Symb,a,RT,0,0,0,1,8,0,84,0,1,2,99,a,0.85,0,1,a,1,0.85,84,0,84,0,1,,,,,,,,,,,,,
,,,,,,,,,,,,,,,,,316,2,2024-02-14_20h27.11.143,Symbol-E,2020.1.3,Win32,Firefox,Mozilla/5.0 (Windows NT 10.0; Win64; x64; rv:122.0) Gecko/20100101 Firefox/122.0,60,,,,,,,,,,,,,,,,,,,,,,,,,,,,,,,,,,,,,,media/djnb.png,7,3,Symb,l,RT,0,0,0,1,8,0,85,0,1,2,99,l,2.583,7,1,l,1,2.583,85,0,85,0,1,,,,,,,,,,,,,
,,,,,,,,,,,,,,,,,316,2,2024-02-14_20h27.11.143,Symbol-E,2020.1.3,Win32,Firefox,Mozilla/5.0 (Windows NT 10.0; Win64; x64; rv:122.0) Gecko/20100101 Firefox/122.0,60,,,,,,,,,,,,,,,,,,,,,,,,,,,,,,,,,,,,,,media/dinb.png,2,2,Symb,e,RT,0,0,0,1,8,0,86,0,1,2,99,e,0.804,2,1,e,1,0.804,86,0,86,0,1,,,,,,,,,,,,,
,,,,,,,,,,,,,,,,,316,2,2024-02-14_20h27.11.143,Symbol-E,2020.1.3,Win32,Firefox,Mozilla/5.0 (Windows NT 10.0; Win64; x64; rv:122.0) Gecko/20100101 Firefox/122.0,60,,,,,,,,,,,,,,,,,,,,,,,,,,,,,,,,,,,,,,media/dmnb.png,0,0,Symb,a,RT,0,0,0,1,8,0,87,0,1,2,99,a,0.687,0,1,a,1,0.687,87,0,87,0,1,,,,,,,,,,,,,
,,,,,,,,,,,,,,,,,316,2,2024-02-14_20h27.11.143,Symbol-E,2020.1.3,Win32,Firefox,Mozilla/5.0 (Windows NT 10.0; Win64; x64; rv:122.0) Gecko/20100101 Firefox/122.0,60,,,,,,,,,,,,,,,,,,,,,,,,,,,,,,,,,,,,,,media/dcnb.png,4,0,Symb,h,RT,0,0,0,1,8,0,88,0,1,2,99,h,0.688,4,1,h,1,0.688,88,0,88,0,1,,,,,,,,,,,,,
,,,,,,,,,,,,,,,,,316,2,2024-02-14_20h27.11.143,Symbol-E,2020.1.3,Win32,Firefox,Mozilla/5.0 (Windows NT 10.0; Win64; x64; rv:122.0) Gecko/20100101 Firefox/122.0,60,,,,,,,,,,,,,,,,,,,,,,,,,,,,,,,,,,,,,,media/djnb.png,7,3,Symb,l,RT,0,0,0,1,8,0,89,0,1,2,99,l,0.951,7,1,l,1,0.951,89,0,89,0,1,,,,,,,,,,,,,
,,,,,,,,,,,,,,,,,316,2,2024-02-14_20h27.11.143,Symbol-E,2020.1.3,Win32,Firefox,Mozilla/5.0 (Windows NT 10.0; Win64; x64; rv:122.0) Gecko/20100101 Firefox/122.0,60,,,,,,,,,,,,,,,,,,,,,,,,,,,,,,,,,,,,,,media/dgnb.png,1,1,Symb,w,RT,0,0,0,1,8,0,90,0,1,2,99,w,2.919,1,1,w,1,2.919,90,0,90,0,1,,,,,,,,,,,,,
,,,,,,,,,,,,,,,,,316,2,2024-02-14_20h27.11.143,Symbol-E,2020.1.3,Win32,Firefox,Mozilla/5.0 (Windows NT 10.0; Win64; x64; rv:122.0) Gecko/20100101 Firefox/122.0,60,,,,,,,,,,,,,,,,,,,,,,,,,,,,,,,,,,,,,,media/dfnb.png,5,1,Symb,u,RT,0,0,0,1,8,0,91,0,1,2,99,u,0.621,5,1,u,1,0.621,91,0,91,0,1,,,,,,,,,,,,,
,,,,,,,,,,,,,,,,,316,2,2024-02-14_20h27.11.143,Symbol-E,2020.1.3,Win32,Firefox,Mozilla/5.0 (Windows NT 10.0; Win64; x64; rv:122.0) Gecko/20100101 Firefox/122.0,60,,,,,,,,,,,,,,,,,,,,,,,,,,,,,,,,,,,,,,media/dnnb.png,3,3,Symb,f,RT,0,0,0,1,8,0,92,0,1,2,99,f,0.719,3,1,f,1,0.719,92,0,92,0,1,,,,,,,,,,,,,
,,,,,,,,,,,,,,,,,316,2,2024-02-14_20h27.11.143,Symbol-E,2020.1.3,Win32,Firefox,Mozilla/5.0 (Windows NT 10.0; Win64; x64; rv:122.0) Gecko/20100101 Firefox/122.0,60,,,,,,,,,,,,,,,,,,,,,,,,,,,,,,,,,,,,,,media/ddnb.png,6,2,Symb,i,RT,0,0,0,1,8,0,93,0,1,2,99,i,1.006,6,1,i,1,1.006,93,0,93,0,1,,,,,,,,,,,,,
,,,,,,,,,,,,,,,,,316,2,2024-02-14_20h27.11.143,Symbol-E,2020.1.3,Win32,Firefox,Mozilla/5.0 (Windows NT 10.0; Win64; x64; rv:122.0) Gecko/20100101 Firefox/122.0,60,,,,,,,,,,,,,,,,,,,,,,,,,,,,,,,,,,,,,,media/dinb.png,2,2,Symb,e,RT,0,0,0,1,8,0,94,0,1,2,99,e,0.704,2,1,e,1,0.704,94,0,94,0,1,,,,,,,,,,,,,
,,,,,,,,,,,,,,,,,316,2,2024-02-14_20h27.11.143,Symbol-E,2020.1.3,Win32,Firefox,Mozilla/5.0 (Windows NT 10.0; Win64; x64; rv:122.0) Gecko/20100101 Firefox/122.0,60,,,,,,,,,,,,,,,,,,,,,,,,,,,,,,,,,,,,,,media/ddnb.png,6,2,Symb,i,RT,0,0,0,1,8,0,95,0,1,2,99,i,1.086,6,1,i,1,1.086,95,0,95,0,1,,,,,,,,,,,,,
,,,,,,,,,,,,,,,,,316,2,2024-02-14_20h27.11.143,Symbol-E,2020.1.3,Win32,Firefox,Mozilla/5.0 (Windows NT 10.0; Win64; x64; rv:122.0) Gecko/20100101 Firefox/122.0,60,,,,,,,,,,,,,,,,,,,,,,,,,,,,,,,,,,,,,,,,,,,,,,,,,,,,,,,,,,,,,,,,,,,1,0,1,0,1,,,,,,,,
,,,,,,,,,,,,,,,,,316,2,2024-02-14_20h27.11.143,Symbol-E,2020.1.3,Win32,Firefox,Mozilla/5.0 (Windows NT 10.0; Win64; x64; rv:122.0) Gecko/20100101 Firefox/122.0,60,,,,,,,,,,,,,,,,,,,,,,,,,,,,,,,,,,,,h,13.602,media/dcnb.png,4,0,Symb,h,RT,0,0,0,1,8,0,0,0,1,3,99,h,1.167,4,1,h,1,1.167,0,0,0,0,1,,,,,,,,,,,,,
,,,,,,,,,,,,,,,,,316,2,2024-02-14_20h27.11.143,Symbol-E,2020.1.3,Win32,Firefox,Mozilla/5.0 (Windows NT 10.0; Win64; x64; rv:122.0) Gecko/20100101 Firefox/122.0,60,,,,,,,,,,,,,,,,,,,,,,,,,,,,,,,,,,,,,,media/dmnb.png,0,0,Symb,a,RT,0,0,0,1,8,0,1,0,1,3,99,a,0.683,0,1,a,1,0.683,1,0,1,0,1,,,,,,,,,,,,,
,,,,,,,,,,,,,,,,,316,2,2024-02-14_20h27.11.143,Symbol-E,2020.1.3,Win32,Firefox,Mozilla/5.0 (Windows NT 10.0; Win64; x64; rv:122.0) Gecko/20100101 Firefox/122.0,60,,,,,,,,,,,,,,,,,,,,,,,,,,,,,,,,,,,,,,media/dcnb.png,4,0,Symb,h,RT,0,0,0,1,8,0,2,0,1,3,99,h,0.567,4,1,h,1,0.567,2,0,2,0,1,,,,,,,,,,,,,
,,,,,,,,,,,,,,,,,316,2,2024-02-14_20h27.11.143,Symbol-E,2020.1.3,Win32,Firefox,Mozilla/5.0 (Windows NT 10.0; Win64; x64; rv:122.0) Gecko/20100101 Firefox/122.0,60,,,,,,,,,,,,,,,,,,,,,,,,,,,,,,,,,,,,,,media/dfnb.png,5,1,Symb,u,RT,0,0,0,1,8,0,3,0,1,3,99,u,0.569,5,1,u,1,0.569,3,0,3,0,1,,,,,,,,,,,,,
,,,,,,,,,,,,,,,,,316,2,2024-02-14_20h27.11.143,Symbol-E,2020.1.3,Win32,Firefox,Mozilla/5.0 (Windows NT 10.0; Win64; x64; rv:122.0) Gecko/20100101 Firefox/122.0,60,,,,,,,,,,,,,,,,,,,,,,,,,,,,,,,,,,,,,,media/dinb.png,2,2,Symb,e,RT,0,0,0,1,8,0,4,0,1,3,99,e,0.799,2,1,e,1,0.799,4,0,4,0,1,,,,,,,,,,,,,
,,,,,,,,,,,,,,,,,316,2,2024-02-14_20h27.11.143,Symbol-E,2020.1.3,Win32,Firefox,Mozilla/5.0 (Windows NT 10.0; Win64; x64; rv:122.0) Gecko/20100101 Firefox/122.0,60,,,,,,,,,,,,,,,,,,,,,,,,,,,,,,,,,,,,,,media/dnnb.png,3,3,Symb,f,RT,0,0,0,1,8,0,5,0,1,3,99,f,0.6,3,1,f,1,0.6,5,0,5,0,1,,,,,,,,,,,,,
,,,,,,,,,,,,,,,,,316,2,2024-02-14_20h27.11.143,Symbol-E,2020.1.3,Win32,Firefox,Mozilla/5.0 (Windows NT 10.0; Win64; x64; rv:122.0) Gecko/20100101 Firefox/122.0,60,,,,,,,,,,,,,,,,,,,,,,,,,,,,,,,,,,,,,,media/dinb.png,2,2,Symb,e,RT,0,0,0,1,8,0,6,0,1,3,99,e,0.817,2,1,e,1,0.817,6,0,6,0,1,,,,,,,,,,,,,
,,,,,,,,,,,,,,,,,316,2,2024-02-14_20h27.11.143,Symbol-E,2020.1.3,Win32,Firefox,Mozilla/5.0 (Windows NT 10.0; Win64; x64; rv:122.0) Gecko/20100101 Firefox/122.0,60,,,,,,,,,,,,,,,,,,,,,,,,,,,,,,,,,,,,,,media/dmnb.png,0,0,Symb,a,RT,0,0,0,1,8,0,7,0,1,3,99,a,0.666,0,1,a,1,0.666,7,0,7,0,1,,,,,,,,,,,,,
,,,,,,,,,,,,,,,,,316,2,2024-02-14_20h27.11.143,Symbol-E,2020.1.3,Win32,Firefox,Mozilla/5.0 (Windows NT 10.0; Win64; x64; rv:122.0) Gecko/20100101 Firefox/122.0,60,,,,,,,,,,,,,,,,,,,,,,,,,,,,,,,,,,,,,,media/dfnb.png,5,1,Symb,u,RT,0,0,0,1,8,0,8,0,1,3,99,u,0.867,5,1,u,1,0.867,8,0,8,0,1,,,,,,,,,,,,,
,,,,,,,,,,,,,,,,,316,2,2024-02-14_20h27.11.143,Symbol-E,2020.1.3,Win32,Firefox,Mozilla/5.0 (Windows NT 10.0; Win64; x64; rv:122.0) Gecko/20100101 Firefox/122.0,60,,,,,,,,,,,,,,,,,,,,,,,,,,,,,,,,,,,,,,media/dnnb.png,3,3,Symb,f,RT,0,0,0,1,8,0,9,0,1,3,99,f,0.72,3,1,f,1,0.72,9,0,9,0,1,,,,,,,,,,,,,
,,,,,,,,,,,,,,,,,316,2,2024-02-14_20h27.11.143,Symbol-E,2020.1.3,Win32,Firefox,Mozilla/5.0 (Windows NT 10.0; Win64; x64; rv:122.0) Gecko/20100101 Firefox/122.0,60,,,,,,,,,,,,,,,,,,,,,,,,,,,,,,,,,,,,,,media/djnb.png,7,3,Symb,l,RT,0,0,0,1,8,0,10,0,1,3,99,l,1.232,7,1,l,1,1.232,10,0,10,0,1,,,,,,,,,,,,,
,,,,,,,,,,,,,,,,,316,2,2024-02-14_20h27.11.143,Symbol-E,2020.1.3,Win32,Firefox,Mozilla/5.0 (Windows NT 10.0; Win64; x64; rv:122.0) Gecko/20100101 Firefox/122.0,60,,,,,,,,,,,,,,,,,,,,,,,,,,,,,,,,,,,,,,media/dgnb.png,1,1,Symb,w,RT,0,0,0,1,8,0,11,0,1,3,99,e,1.803,2,0,e,0,1.803,11,0,11,0,1,,,,,,,,,,,,,
,,,,,,,,,,,,,,,,,316,2,2024-02-14_20h27.11.143,Symbol-E,2020.1.3,Win32,Firefox,Mozilla/5.0 (Windows NT 10.0; Win64; x64; rv:122.0) Gecko/20100101 Firefox/122.0,60,,,,,,,,,,,,,,,,,,,,,,,,,,,,,,,,,,,,,,media/ddnb.png,6,2,Symb,i,RT,0,0,0,1,8,0,12,0,1,3,99,i,1.985,6,1,i,1,1.985,12,0,12,0,1,,,,,,,,,,,,,
,,,,,,,,,,,,,,,,,316,2,2024-02-14_20h27.11.143,Symbol-E,2020.1.3,Win32,Firefox,Mozilla/5.0 (Windows NT 10.0; Win64; x64; rv:122.0) Gecko/20100101 Firefox/122.0,60,,,,,,,,,,,,,,,,,,,,,,,,,,,,,,,,,,,,,,media/ddnb.png,6,2,Symb,i,RT,0,0,0,1,8,0,13,0,1,3,99,i,0.55,6,1,i,1,0.55,13,0,13,0,1,,,,,,,,,,,,,
,,,,,,,,,,,,,,,,,316,2,2024-02-14_20h27.11.143,Symbol-E,2020.1.3,Win32,Firefox,Mozilla/5.0 (Windows NT 10.0; Win64; x64; rv:122.0) Gecko/20100101 Firefox/122.0,60,,,,,,,,,,,,,,,,,,,,,,,,,,,,,,,,,,,,,,media/dgnb.png,1,1,Symb,w,RT,0,0,0,1,8,0,14,0,1,3,99,w,1.105,1,1,w,1,1.105,14,0,14,0,1,,,,,,,,,,,,,
,,,,,,,,,,,,,,,,,316,2,2024-02-14_20h27.11.143,Symbol-E,2020.1.3,Win32,Firefox,Mozilla/5.0 (Windows NT 10.0; Win64; x64; rv:122.0) Gecko/20100101 Firefox/122.0,60,,,,,,,,,,,,,,,,,,,,,,,,,,,,,,,,,,,,,,media/djnb.png,7,3,Symb,l,RT,0,0,0,1,8,0,15,0,1,3,99,l,0.834,7,1,l,1,0.834,15,0,15,0,1,,,,,,,,,,,,,
,,,,,,,,,,,,,,,,,316,2,2024-02-14_20h27.11.143,Symbol-E,2020.1.3,Win32,Firefox,Mozilla/5.0 (Windows NT 10.0; Win64; x64; rv:122.0) Gecko/20100101 Firefox/122.0,60,,,,,,,,,,,,,,,,,,,,,,,,,,,,,,,,,,,,,,media/dgnb.png,1,1,Symb,w,RT,0,0,0,1,8,0,16,0,1,3,99,w,0.954,1,1,w,1,0.954,16,0,16,0,1,,,,,,,,,,,,,
,,,,,,,,,,,,,,,,,316,2,2024-02-14_20h27.11.143,Symbol-E,2020.1.3,Win32,Firefox,Mozilla/5.0 (Windows NT 10.0; Win64; x64; rv:122.0) Gecko/20100101 Firefox/122.0,60,,,,,,,,,,,,,,,,,,,,,,,,,,,,,,,,,,,,,,media/djnb.png,7,3,Symb,l,RT,0,0,0,1,8,0,17,0,1,3,99,l,0.785,7,1,l,1,0.785,17,0,17,0,1,,,,,,,,,,,,,
,,,,,,,,,,,,,,,,,316,2,2024-02-14_20h27.11.143,Symbol-E,2020.1.3,Win32,Firefox,Mozilla/5.0 (Windows NT 10.0; Win64; x64; rv:122.0) Gecko/20100101 Firefox/122.0,60,,,,,,,,,,,,,,,,,,,,,,,,,,,,,,,,,,,,,,media/dmnb.png,0,0,Symb,a,RT,0,0,0,1,8,0,18,0,1,3,99,a,0.784,0,1,a,1,0.784,18,0,18,0,1,,,,,,,,,,,,,
,,,,,,,,,,,,,,,,,316,2,2024-02-14_20h27.11.143,Symbol-E,2020.1.3,Win32,Firefox,Mozilla/5.0 (Windows NT 10.0; Win64; x64; rv:122.0) Gecko/20100101 Firefox/122.0,60,,,,,,,,,,,,,,,,,,,,,,,,,,,,,,,,,,,,,,media/dcnb.png,4,0,Symb,h,RT,0,0,0,1,8,0,19,0,1,3,99,h,0.889,4,1,h,1,0.889,19,0,19,0,1,,,,,,,,,,,,,
,,,,,,,,,,,,,,,,,316,2,2024-02-14_20h27.11.143,Symbol-E,2020.1.3,Win32,Firefox,Mozilla/5.0 (Windows NT 10.0; Win64; x64; rv:122.0) Gecko/20100101 Firefox/122.0,60,,,,,,,,,,,,,,,,,,,,,,,,,,,,,,,,,,,,,,media/djnb.png,7,3,Symb,l,RT,0,0,0,1,8,0,20,0,1,3,99,l,1.019,7,1,l,1,1.019,20,0,20,0,1,,,,,,,,,,,,,
,,,,,,,,,,,,,,,,,316,2,2024-02-14_20h27.11.143,Symbol-E,2020.1.3,Win32,Firefox,Mozilla/5.0 (Windows NT 10.0; Win64; x64; rv:122.0) Gecko/20100101 Firefox/122.0,60,,,,,,,,,,,,,,,,,,,,,,,,,,,,,,,,,,,,,,media/dinb.png,2,2,Symb,e,RT,0,0,0,1,8,0,21,0,1,3,99,e,0.899,2,1,e,1,0.899,21,0,21,0,1,,,,,,,,,,,,,
,,,,,,,,,,,,,,,,,316,2,2024-02-14_20h27.11.143,Symbol-E,2020.1.3,Win32,Firefox,Mozilla/5.0 (Windows NT 10.0; Win64; x64; rv:122.0) Gecko/20100101 Firefox/122.0,60,,,,,,,,,,,,,,,,,,,,,,,,,,,,,,,,,,,,,,media/dmnb.png,0,0,Symb,a,RT,0,0,0,1,8,0,22,0,1,3,99,a,0.7,0,1,a,1,0.7,22,0,22,0,1,,,,,,,,,,,,,
,,,,,,,,,,,,,,,,,316,2,2024-02-14_20h27.11.143,Symbol-E,2020.1.3,Win32,Firefox,Mozilla/5.0 (Windows NT 10.0; Win64; x64; rv:122.0) Gecko/20100101 Firefox/122.0,60,,,,,,,,,,,,,,,,,,,,,,,,,,,,,,,,,,,,,,media/ddnb.png,6,2,Symb,i,RT,0,0,0,1,8,0,23,0,1,3,99,i,0.751,6,1,i,1,0.751,23,0,23,0,1,,,,,,,,,,,,,
,,,,,,,,,,,,,,,,,316,2,2024-02-14_20h27.11.143,Symbol-E,2020.1.3,Win32,Firefox,Mozilla/5.0 (Windows NT 10.0; Win64; x64; rv:122.0) Gecko/20100101 Firefox/122.0,60,,,,,,,,,,,,,,,,,,,,,,,,,,,,,,,,,,,,,,media/dinb.png,2,2,Symb,e,RT,0,0,0,1,8,0,24,0,1,3,99,e,0.685,2,1,e,1,0.685,24,0,24,0,1,,,,,,,,,,,,,
,,,,,,,,,,,,,,,,,316,2,2024-02-14_20h27.11.143,Symbol-E,2020.1.3,Win32,Firefox,Mozilla/5.0 (Windows NT 10.0; Win64; x64; rv:122.0) Gecko/20100101 Firefox/122.0,60,,,,,,,,,,,,,,,,,,,,,,,,,,,,,,,,,,,,,,media/dnnb.png,3,3,Symb,f,RT,0,0,0,1,8,0,25,0,1,3,99,f,0.598,3,1,f,1,0.598,25,0,25,0,1,,,,,,,,,,,,,
,,,,,,,,,,,,,,,,,316,2,2024-02-14_20h27.11.143,Symbol-E,2020.1.3,Win32,Firefox,Mozilla/5.0 (Windows NT 10.0; Win64; x64; rv:122.0) Gecko/20100101 Firefox/122.0,60,,,,,,,,,,,,,,,,,,,,,,,,,,,,,,,,,,,,,,media/dnnb.png,3,3,Symb,f,RT,0,0,0,1,8,0,26,0,1,3,99,f,0.45,3,1,f,1,0.45,26,0,26,0,1,,,,,,,,,,,,,
,,,,,,,,,,,,,,,,,316,2,2024-02-14_20h27.11.143,Symbol-E,2020.1.3,Win32,Firefox,Mozilla/5.0 (Windows NT 10.0; Win64; x64; rv:122.0) Gecko/20100101 Firefox/122.0,60,,,,,,,,,,,,,,,,,,,,,,,,,,,,,,,,,,,,,,media/dfnb.png,5,1,Symb,u,RT,0,0,0,1,8,0,27,0,1,3,99,u,0.615,5,1,u,1,0.615,27,0,27,0,1,,,,,,,,,,,,,
,,,,,,,,,,,,,,,,,316,2,2024-02-14_20h27.11.143,Symbol-E,2020.1.3,Win32,Firefox,Mozilla/5.0 (Windows NT 10.0; Win64; x64; rv:122.0) Gecko/20100101 Firefox/122.0,60,,,,,,,,,,,,,,,,,,,,,,,,,,,,,,,,,,,,,,media/ddnb.png,6,2,Symb,i,RT,0,0,0,1,8,0,28,0,1,3,99,i,0.666,6,1,i,1,0.666,28,0,28,0,1,,,,,,,,,,,,,
,,,,,,,,,,,,,,,,,316,2,2024-02-14_20h27.11.143,Symbol-E,2020.1.3,Win32,Firefox,Mozilla/5.0 (Windows NT 10.0; Win64; x64; rv:122.0) Gecko/20100101 Firefox/122.0,60,,,,,,,,,,,,,,,,,,,,,,,,,,,,,,,,,,,,,,media/dcnb.png,4,0,Symb,h,RT,0,0,0,1,8,0,29,0,1,3,99,h,0.838,4,1,h,1,0.838,29,0,29,0,1,,,,,,,,,,,,,
,,,,,,,,,,,,,,,,,316,2,2024-02-14_20h27.11.143,Symbol-E,2020.1.3,Win32,Firefox,Mozilla/5.0 (Windows NT 10.0; Win64; x64; rv:122.0) Gecko/20100101 Firefox/122.0,60,,,,,,,,,,,,,,,,,,,,,,,,,,,,,,,,,,,,,,media/dgnb.png,1,1,Symb,w,RT,0,0,0,1,8,0,30,0,1,3,99,w,0.983,1,1,w,1,0.983,30,0,30,0,1,,,,,,,,,,,,,
,,,,,,,,,,,,,,,,,316,2,2024-02-14_20h27.11.143,Symbol-E,2020.1.3,Win32,Firefox,Mozilla/5.0 (Windows NT 10.0; Win64; x64; rv:122.0) Gecko/20100101 Firefox/122.0,60,,,,,,,,,,,,,,,,,,,,,,,,,,,,,,,,,,,,,,media/dfnb.png,5,1,Symb,u,RT,0,0,0,1,8,0,31,0,1,3,99,u,0.685,5,1,u,1,0.685,31,0,31,0,1,,,,,,,,,,,,,
,,,,,,,,,,,,,,,,,316,2,2024-02-14_20h27.11.143,Symbol-E,2020.1.3,Win32,Firefox,Mozilla/5.0 (Windows NT 10.0; Win64; x64; rv:122.0) Gecko/20100101 Firefox/122.0,60,,,,,,,,,,,,,,,,,,,,,,,,,,,,,,,,,,,,,,media/dfnb.png,5,1,Symb,u,RT,0,0,0,1,8,0,32,0,1,3,99,u,0.5,5,1,u,1,0.5,32,0,32,0,1,,,,,,,,,,,,,
,,,,,,,,,,,,,,,,,316,2,2024-02-14_20h27.11.143,Symbol-E,2020.1.3,Win32,Firefox,Mozilla/5.0 (Windows NT 10.0; Win64; x64; rv:122.0) Gecko/20100101 Firefox/122.0,60,,,,,,,,,,,,,,,,,,,,,,,,,,,,,,,,,,,,,,media/dinb.png,2,2,Symb,e,RT,0,0,0,1,8,0,33,0,1,3,99,e,0.734,2,1,e,1,0.734,33,0,33,0,1,,,,,,,,,,,,,
,,,,,,,,,,,,,,,,,316,2,2024-02-14_20h27.11.143,Symbol-E,2020.1.3,Win32,Firefox,Mozilla/5.0 (Windows NT 10.0; Win64; x64; rv:122.0) Gecko/20100101 Firefox/122.0,60,,,,,,,,,,,,,,,,,,,,,,,,,,,,,,,,,,,,,,media/dcnb.png,4,0,Symb,h,RT,0,0,0,1,8,0,34,0,1,3,99,h,0.834,4,1,h,1,0.834,34,0,34,0,1,,,,,,,,,,,,,
,,,,,,,,,,,,,,,,,316,2,2024-02-14_20h27.11.143,Symbol-E,2020.1.3,Win32,Firefox,Mozilla/5.0 (Windows NT 10.0; Win64; x64; rv:122.0) Gecko/20100101 Firefox/122.0,60,,,,,,,,,,,,,,,,,,,,,,,,,,,,,,,,,,,,,,media/dmnb.png,0,0,Symb,a,RT,0,0,0,1,8,0,35,0,1,3,99,a,0.717,0,1,a,1,0.717,35,0,35,0,1,,,,,,,,,,,,,
,,,,,,,,,,,,,,,,,316,2,2024-02-14_20h27.11.143,Symbol-E,2020.1.3,Win32,Firefox,Mozilla/5.0 (Windows NT 10.0; Win64; x64; rv:122.0) Gecko/20100101 Firefox/122.0,60,,,,,,,,,,,,,,,,,,,,,,,,,,,,,,,,,,,,,,media/dinb.png,2,2,Symb,e,RT,0,0,0,1,8,0,36,0,1,3,99,e,0.771,2,1,e,1,0.771,36,0,36,0,1,,,,,,,,,,,,,
,,,,,,,,,,,,,,,,,316,2,2024-02-14_20h27.11.143,Symbol-E,2020.1.3,Win32,Firefox,Mozilla/5.0 (Windows NT 10.0; Win64; x64; rv:122.0) Gecko/20100101 Firefox/122.0,60,,,,,,,,,,,,,,,,,,,,,,,,,,,,,,,,,,,,,,media/dgnb.png,1,1,Symb,w,RT,0,0,0,1,8,0,37,0,1,3,99,w,0.769,1,1,w,1,0.769,37,0,37,0,1,,,,,,,,,,,,,
,,,,,,,,,,,,,,,,,316,2,2024-02-14_20h27.11.143,Symbol-E,2020.1.3,Win32,Firefox,Mozilla/5.0 (Windows NT 10.0; Win64; x64; rv:122.0) Gecko/20100101 Firefox/122.0,60,,,,,,,,,,,,,,,,,,,,,,,,,,,,,,,,,,,,,,media/djnb.png,7,3,Symb,l,RT,0,0,0,1,8,0,38,0,1,3,99,l,0.851,7,1,l,1,0.851,38,0,38,0,1,,,,,,,,,,,,,
,,,,,,,,,,,,,,,,,316,2,2024-02-14_20h27.11.143,Symbol-E,2020.1.3,Win32,Firefox,Mozilla/5.0 (Windows NT 10.0; Win64; x64; rv:122.0) Gecko/20100101 Firefox/122.0,60,,,,,,,,,,,,,,,,,,,,,,,,,,,,,,,,,,,,,,media/dnnb.png,3,3,Symb,f,RT,0,0,0,1,8,0,39,0,1,3,99,f,0.633,3,1,f,1,0.633,39,0,39,0,1,,,,,,,,,,,,,
,,,,,,,,,,,,,,,,,316,2,2024-02-14_20h27.11.143,Symbol-E,2020.1.3,Win32,Firefox,Mozilla/5.0 (Windows NT 10.0; Win64; x64; rv:122.0) Gecko/20100101 Firefox/122.0,60,,,,,,,,,,,,,,,,,,,,,,,,,,,,,,,,,,,,,,media/djnb.png,7,3,Symb,l,RT,0,0,0,1,8,0,40,0,1,3,99,l,1.351,7,1,l,1,1.351,40,0,40,0,1,,,,,,,,,,,,,
,,,,,,,,,,,,,,,,,316,2,2024-02-14_20h27.11.143,Symbol-E,2020.1.3,Win32,Firefox,Mozilla/5.0 (Windows NT 10.0; Win64; x64; rv:122.0) Gecko/20100101 Firefox/122.0,60,,,,,,,,,,,,,,,,,,,,,,,,,,,,,,,,,,,,,,media/ddnb.png,6,2,Symb,i,RT,0,0,0,1,8,0,41,0,1,3,99,i,0.917,6,1,i,1,0.917,41,0,41,0,1,,,,,,,,,,,,,
,,,,,,,,,,,,,,,,,316,2,2024-02-14_20h27.11.143,Symbol-E,2020.1.3,Win32,Firefox,Mozilla/5.0 (Windows NT 10.0; Win64; x64; rv:122.0) Gecko/20100101 Firefox/122.0,60,,,,,,,,,,,,,,,,,,,,,,,,,,,,,,,,,,,,,,media/dnnb.png,3,3,Symb,f,RT,0,0,0,1,8,0,42,0,1,3,99,f,0.883,3,1,f,1,0.883,42,0,42,0,1,,,,,,,,,,,,,
,,,,,,,,,,,,,,,,,316,2,2024-02-14_20h27.11.143,Symbol-E,2020.1.3,Win32,Firefox,Mozilla/5.0 (Windows NT 10.0; Win64; x64; rv:122.0) Gecko/20100101 Firefox/122.0,60,,,,,,,,,,,,,,,,,,,,,,,,,,,,,,,,,,,,,,media/dmnb.png,0,0,Symb,a,RT,0,0,0,1,8,0,43,0,1,3,99,a,0.7,0,1,a,1,0.7,43,0,43,0,1,,,,,,,,,,,,,
,,,,,,,,,,,,,,,,,316,2,2024-02-14_20h27.11.143,Symbol-E,2020.1.3,Win32,Firefox,Mozilla/5.0 (Windows NT 10.0; Win64; x64; rv:122.0) Gecko/20100101 Firefox/122.0,60,,,,,,,,,,,,,,,,,,,,,,,,,,,,,,,,,,,,,,media/ddnb.png,6,2,Symb,i,RT,0,0,0,1,8,0,44,0,1,3,99,i,0.784,6,1,i,1,0.784,44,0,44,0,1,,,,,,,,,,,,,
,,,,,,,,,,,,,,,,,316,2,2024-02-14_20h27.11.143,Symbol-E,2020.1.3,Win32,Firefox,Mozilla/5.0 (Windows NT 10.0; Win64; x64; rv:122.0) Gecko/20100101 Firefox/122.0,60,,,,,,,,,,,,,,,,,,,,,,,,,,,,,,,,,,,,,,media/dcnb.png,4,0,Symb,h,RT,0,0,0,1,8,0,45,0,1,3,99,h,0.667,4,1,h,1,0.667,45,0,45,0,1,,,,,,,,,,,,,
,,,,,,,,,,,,,,,,,316,2,2024-02-14_20h27.11.143,Symbol-E,2020.1.3,Win32,Firefox,Mozilla/5.0 (Windows NT 10.0; Win64; x64; rv:122.0) Gecko/20100101 Firefox/122.0,60,,,,,,,,,,,,,,,,,,,,,,,,,,,,,,,,,,,,,,media/dfnb.png,5,1,Symb,u,RT,0,0,0,1,8,0,46,0,1,3,99,u,0.569,5,1,u,1,0.569,46,0,46,0,1,,,,,,,,,,,,,
,,,,,,,,,,,,,,,,,316,2,2024-02-14_20h27.11.143,Symbol-E,2020.1.3,Win32,Firefox,Mozilla/5.0 (Windows NT 10.0; Win64; x64; rv:122.0) Gecko/20100101 Firefox/122.0,60,,,,,,,,,,,,,,,,,,,,,,,,,,,,,,,,,,,,,,media/dgnb.png,1,1,Symb,w,RT,0,0,0,1,8,0,47,0,1,3,99,w,0.698,1,1,w,1,0.698,47,0,47,0,1,,,,,,,,,,,,,
,,,,,,,,,,,,,,,,,316,2,2024-02-14_20h27.11.143,Symbol-E,2020.1.3,Win32,Firefox,Mozilla/5.0 (Windows NT 10.0; Win64; x64; rv:122.0) Gecko/20100101 Firefox/122.0,60,,,,,,,,,,,,,,,,,,,,,,,,,,,,,,,,,,,,,,media/dmnb.png,0,0,Symb,a,RT,0,0,0,1,8,0,48,0,1,3,99,a,0.683,0,1,a,1,0.683,48,0,48,0,1,,,,,,,,,,,,,
,,,,,,,,,,,,,,,,,316,2,2024-02-14_20h27.11.143,Symbol-E,2020.1.3,Win32,Firefox,Mozilla/5.0 (Windows NT 10.0; Win64; x64; rv:122.0) Gecko/20100101 Firefox/122.0,60,,,,,,,,,,,,,,,,,,,,,,,,,,,,,,,,,,,,,,media/dcnb.png,4,0,Symb,h,RT,0,0,0,1,8,0,49,0,1,3,99,h,0.699,4,1,h,1,0.699,49,0,49,0,1,,,,,,,,,,,,,
,,,,,,,,,,,,,,,,,316,2,2024-02-14_20h27.11.143,Symbol-E,2020.1.3,Win32,Firefox,Mozilla/5.0 (Windows NT 10.0; Win64; x64; rv:122.0) Gecko/20100101 Firefox/122.0,60,,,,,,,,,,,,,,,,,,,,,,,,,,,,,,,,,,,,,,media/dgnb.png,1,1,Symb,w,RT,0,0,0,1,8,0,50,0,1,3,99,w,2.154,1,1,w,1,2.154,50,0,50,0,1,,,,,,,,,,,,,
,,,,,,,,,,,,,,,,,316,2,2024-02-14_20h27.11.143,Symbol-E,2020.1.3,Win32,Firefox,Mozilla/5.0 (Windows NT 10.0; Win64; x64; rv:122.0) Gecko/20100101 Firefox/122.0,60,,,,,,,,,,,,,,,,,,,,,,,,,,,,,,,,,,,,,,media/dfnb.png,5,1,Symb,u,RT,0,0,0,1,8,0,51,0,1,3,99,u,0.583,5,1,u,1,0.583,51,0,51,0,1,,,,,,,,,,,,,
,,,,,,,,,,,,,,,,,316,2,2024-02-14_20h27.11.143,Symbol-E,2020.1.3,Win32,Firefox,Mozilla/5.0 (Windows NT 10.0; Win64; x64; rv:122.0) Gecko/20100101 Firefox/122.0,60,,,,,,,,,,,,,,,,,,,,,,,,,,,,,,,,,,,,,,media/djnb.png,7,3,Symb,l,RT,0,0,0,1,8,0,52,0,1,3,99,l,1.167,7,1,l,1,1.167,52,0,52,0,1,,,,,,,,,,,,,
,,,,,,,,,,,,,,,,,316,2,2024-02-14_20h27.11.143,Symbol-E,2020.1.3,Win32,Firefox,Mozilla/5.0 (Windows NT 10.0; Win64; x64; rv:122.0) Gecko/20100101 Firefox/122.0,60,,,,,,,,,,,,,,,,,,,,,,,,,,,,,,,,,,,,,,media/dnnb.png,3,3,Symb,f,RT,0,0,0,1,8,0,53,0,1,3,99,f,0.599,3,1,f,1,0.599,53,0,53,0,1,,,,,,,,,,,,,
,,,,,,,,,,,,,,,,,316,2,2024-02-14_20h27.11.143,Symbol-E,2020.1.3,Win32,Firefox,Mozilla/5.0 (Windows NT 10.0; Win64; x64; rv:122.0) Gecko/20100101 Firefox/122.0,60,,,,,,,,,,,,,,,,,,,,,,,,,,,,,,,,,,,,,,media/dnnb.png,3,3,Symb,f,RT,0,0,0,1,8,0,54,0,1,3,99,f,0.421,3,1,f,1,0.421,54,0,54,0,1,,,,,,,,,,,,,
,,,,,,,,,,,,,,,,,316,2,2024-02-14_20h27.11.143,Symbol-E,2020.1.3,Win32,Firefox,Mozilla/5.0 (Windows NT 10.0; Win64; x64; rv:122.0) Gecko/20100101 Firefox/122.0,60,,,,,,,,,,,,,,,,,,,,,,,,,,,,,,,,,,,,,,media/dcnb.png,4,0,Symb,h,RT,0,0,0,1,8,0,55,0,1,3,99,h,0.567,4,1,h,1,0.567,55,0,55,0,1,,,,,,,,,,,,,
,,,,,,,,,,,,,,,,,316,2,2024-02-14_20h27.11.143,Symbol-E,2020.1.3,Win32,Firefox,Mozilla/5.0 (Windows NT 10.0; Win64; x64; rv:122.0) Gecko/20100101 Firefox/122.0,60,,,,,,,,,,,,,,,,,,,,,,,,,,,,,,,,,,,,,,media/dmnb.png,0,0,Symb,a,RT,0,0,0,1,8,0,56,0,1,3,99,a,0.651,0,1,a,1,0.651,56,0,56,0,1,,,,,,,,,,,,,
,,,,,,,,,,,,,,,,,316,2,2024-02-14_20h27.11.143,Symbol-E,2020.1.3,Win32,Firefox,Mozilla/5.0 (Windows NT 10.0; Win64; x64; rv:122.0) Gecko/20100101 Firefox/122.0,60,,,,,,,,,,,,,,,,,,,,,,,,,,,,,,,,,,,,,,media/dgnb.png,1,1,Symb,w,RT,0,0,0,1,8,0,57,0,1,3,99,w,0.75,1,1,w,1,0.75,57,0,57,0,1,,,,,,,,,,,,,
,,,,,,,,,,,,,,,,,316,2,2024-02-14_20h27.11.143,Symbol-E,2020.1.3,Win32,Firefox,Mozilla/5.0 (Windows NT 10.0; Win64; x64; rv:122.0) Gecko/20100101 Firefox/122.0,60,,,,,,,,,,,,,,,,,,,,,,,,,,,,,,,,,,,,,,media/dinb.png,2,2,Symb,e,RT,0,0,0,1,8,0,58,0,1,3,99,e,0.804,2,1,e,1,0.804,58,0,58,0,1,,,,,,,,,,,,,
,,,,,,,,,,,,,,,,,316,2,2024-02-14_20h27.11.143,Symbol-E,2020.1.3,Win32,Firefox,Mozilla/5.0 (Windows NT 10.0; Win64; x64; rv:122.0) Gecko/20100101 Firefox/122.0,60,,,,,,,,,,,,,,,,,,,,,,,,,,,,,,,,,,,,,,media/dinb.png,2,2,Symb,e,RT,0,0,0,1,8,0,59,0,1,3,99,e,0.384,2,1,e,1,0.384,59,0,59,0,1,,,,,,,,,,,,,
,,,,,,,,,,,,,,,,,316,2,2024-02-14_20h27.11.143,Symbol-E,2020.1.3,Win32,Firefox,Mozilla/5.0 (Windows NT 10.0; Win64; x64; rv:122.0) Gecko/20100101 Firefox/122.0,60,,,,,,,,,,,,,,,,,,,,,,,,,,,,,,,,,,,,,,media/djnb.png,7,3,Symb,l,RT,0,0,0,1,8,0,60,0,1,3,99,l,0.698,7,1,l,1,0.698,60,0,60,0,1,,,,,,,,,,,,,
,,,,,,,,,,,,,,,,,316,2,2024-02-14_20h27.11.143,Symbol-E,2020.1.3,Win32,Firefox,Mozilla/5.0 (Windows NT 10.0; Win64; x64; rv:122.0) Gecko/20100101 Firefox/122.0,60,,,,,,,,,,,,,,,,,,,,,,,,,,,,,,,,,,,,,,media/ddnb.png,6,2,Symb,i,RT,0,0,0,1,8,0,61,0,1,3,99,i,1.017,6,1,i,1,1.017,61,0,61,0,1,,,,,,,,,,,,,
,,,,,,,,,,,,,,,,,316,2,2024-02-14_20h27.11.143,Symbol-E,2020.1.3,Win32,Firefox,Mozilla/5.0 (Windows NT 10.0; Win64; x64; rv:122.0) Gecko/20100101 Firefox/122.0,60,,,,,,,,,,,,,,,,,,,,,,,,,,,,,,,,,,,,,,media/dfnb.png,5,1,Symb,u,RT,0,0,0,1,8,0,62,0,1,3,99,u,0.603,5,1,u,1,0.603,62,0,62,0,1,,,,,,,,,,,,,
,,,,,,,,,,,,,,,,,316,2,2024-02-14_20h27.11.143,Symbol-E,2020.1.3,Win32,Firefox,Mozilla/5.0 (Windows NT 10.0; Win64; x64; rv:122.0) Gecko/20100101 Firefox/122.0,60,,,,,,,,,,,,,,,,,,,,,,,,,,,,,,,,,,,,,,media/ddnb.png,6,2,Symb,i,RT,0,0,0,1,8,0,63,0,1,3,99,i,1.471,6,1,i,1,1.471,63,0,63,0,1,,,,,,,,,,,,,
,,,,,,,,,,,,,,,,,316,2,2024-02-14_20h27.11.143,Symbol-E,2020.1.3,Win32,Firefox,Mozilla/5.0 (Windows NT 10.0; Win64; x64; rv:122.0) Gecko/20100101 Firefox/122.0,60,,,,,,,,,,,,,,,,,,,,,,,,,,,,,,,,,,,,,,media/dgnb.png,1,1,Symb,w,RT,0,0,0,1,8,0,64,0,1,3,99,w,0.85,1,1,w,1,0.85,64,0,64,0,1,,,,,,,,,,,,,
,,,,,,,,,,,,,,,,,316,2,2024-02-14_20h27.11.143,Symbol-E,2020.1.3,Win32,Firefox,Mozilla/5.0 (Windows NT 10.0; Win64; x64; rv:122.0) Gecko/20100101 Firefox/122.0,60,,,,,,,,,,,,,,,,,,,,,,,,,,,,,,,,,,,,,,media/dfnb.png,5,1,Symb,u,RT,0,0,0,1,8,0,65,0,1,3,99,u,0.567,5,1,u,1,0.567,65,0,65,0,1,,,,,,,,,,,,,
,,,,,,,,,,,,,,,,,316,2,2024-02-14_20h27.11.143,Symbol-E,2020.1.3,Win32,Firefox,Mozilla/5.0 (Windows NT 10.0; Win64; x64; rv:122.0) Gecko/20100101 Firefox/122.0,60,,,,,,,,,,,,,,,,,,,,,,,,,,,,,,,,,,,,,,media/dfnb.png,5,1,Symb,u,RT,0,0,0,1,8,0,66,0,1,3,99,u,0.384,5,1,u,1,0.384,66,0,66,0,1,,,,,,,,,,,,,
,,,,,,,,,,,,,,,,,316,2,2024-02-14_20h27.11.143,Symbol-E,2020.1.3,Win32,Firefox,Mozilla/5.0 (Windows NT 10.0; Win64; x64; rv:122.0) Gecko/20100101 Firefox/122.0,60,,,,,,,,,,,,,,,,,,,,,,,,,,,,,,,,,,,,,,media/dinb.png,2,2,Symb,e,RT,0,0,0,1,8,0,67,0,1,3,99,e,0.666,2,1,e,1,0.666,67,0,67,0,1,,,,,,,,,,,,,
,,,,,,,,,,,,,,,,,316,2,2024-02-14_20h27.11.143,Symbol-E,2020.1.3,Win32,Firefox,Mozilla/5.0 (Windows NT 10.0; Win64; x64; rv:122.0) Gecko/20100101 Firefox/122.0,60,,,,,,,,,,,,,,,,,,,,,,,,,,,,,,,,,,,,,,media/dinb.png,2,2,Symb,e,RT,0,0,0,1,8,0,68,0,1,3,99,e,0.467,2,1,e,1,0.467,68,0,68,0,1,,,,,,,,,,,,,
,,,,,,,,,,,,,,,,,316,2,2024-02-14_20h27.11.143,Symbol-E,2020.1.3,Win32,Firefox,Mozilla/5.0 (Windows NT 10.0; Win64; x64; rv:122.0) Gecko/20100101 Firefox/122.0,60,,,,,,,,,,,,,,,,,,,,,,,,,,,,,,,,,,,,,,media/djnb.png,7,3,Symb,l,RT,0,0,0,1,8,0,69,0,1,3,99,l,0.734,7,1,l,1,0.734,69,0,69,0,1,,,,,,,,,,,,,
,,,,,,,,,,,,,,,,,316,2,2024-02-14_20h27.11.143,Symbol-E,2020.1.3,Win32,Firefox,Mozilla/5.0 (Windows NT 10.0; Win64; x64; rv:122.0) Gecko/20100101 Firefox/122.0,60,,,,,,,,,,,,,,,,,,,,,,,,,,,,,,,,,,,,,,media/dcnb.png,4,0,Symb,h,RT,0,0,0,1,8,0,70,0,1,3,99,h,0.635,4,1,h,1,0.635,70,0,70,0,1,,,,,,,,,,,,,
,,,,,,,,,,,,,,,,,316,2,2024-02-14_20h27.11.143,Symbol-E,2020.1.3,Win32,Firefox,Mozilla/5.0 (Windows NT 10.0; Win64; x64; rv:122.0) Gecko/20100101 Firefox/122.0,60,,,,,,,,,,,,,,,,,,,,,,,,,,,,,,,,,,,,,,media/dcnb.png,4,0,Symb,h,RT,0,0,0,1,8,0,71,0,1,3,99,h,0.452,4,1,h,1,0.452,71,0,71,0,1,,,,,,,,,,,,,
,,,,,,,,,,,,,,,,,316,2,2024-02-14_20h27.11.143,Symbol-E,2020.1.3,Win32,Firefox,Mozilla/5.0 (Windows NT 10.0; Win64; x64; rv:122.0) Gecko/20100101 Firefox/122.0,60,,,,,,,,,,,,,,,,,,,,,,,,,,,,,,,,,,,,,,media/dnnb.png,3,3,Symb,f,RT,0,0,0,1,8,0,72,0,1,3,99,f,0.588,3,1,f,1,0.588,72,0,72,0,1,,,,,,,,,,,,,
,,,,,,,,,,,,,,,,,316,2,2024-02-14_20h27.11.143,Symbol-E,2020.1.3,Win32,Firefox,Mozilla/5.0 (Windows NT 10.0; Win64; x64; rv:122.0) Gecko/20100101 Firefox/122.0,60,,,,,,,,,,,,,,,,,,,,,,,,,,,,,,,,,,,,,,media/ddnb.png,6,2,Symb,i,RT,0,0,0,1,8,0,73,0,1,3,99,i,0.736,6,1,i,1,0.736,73,0,73,0,1,,,,,,,,,,,,,
,,,,,,,,,,,,,,,,,316,2,2024-02-14_20h27.11.143,Symbol-E,2020.1.3,Win32,Firefox,Mozilla/5.0 (Windows NT 10.0; Win64; x64; rv:122.0) Gecko/20100101 Firefox/122.0,60,,,,,,,,,,,,,,,,,,,,,,,,,,,,,,,,,,,,,,media/ddnb.png,6,2,Symb,i,RT,0,0,0,1,8,0,74,0,1,3,99,i,0.399,6,1,i,1,0.399,74,0,74,0,1,,,,,,,,,,,,,
,,,,,,,,,,,,,,,,,316,2,2024-02-14_20h27.11.143,Symbol-E,2020.1.3,Win32,Firefox,Mozilla/5.0 (Windows NT 10.0; Win64; x64; rv:122.0) Gecko/20100101 Firefox/122.0,60,,,,,,,,,,,,,,,,,,,,,,,,,,,,,,,,,,,,,,media/dmnb.png,0,0,Symb,a,RT,0,0,0,1,8,0,75,0,1,3,99,a,0.666,0,1,a,1,0.666,75,0,75,0,1,,,,,,,,,,,,,
,,,,,,,,,,,,,,,,,316,2,2024-02-14_20h27.11.143,Symbol-E,2020.1.3,Win32,Firefox,Mozilla/5.0 (Windows NT 10.0; Win64; x64; rv:122.0) Gecko/20100101 Firefox/122.0,60,,,,,,,,,,,,,,,,,,,,,,,,,,,,,,,,,,,,,,media/djnb.png,7,3,Symb,l,RT,0,0,0,1,8,0,76,0,1,3,99,l,3.003,7,1,l,1,3.003,76,0,76,0,1,,,,,,,,,,,,,
,,,,,,,,,,,,,,,,,316,2,2024-02-14_20h27.11.143,Symbol-E,2020.1.3,Win32,Firefox,Mozilla/5.0 (Windows NT 10.0; Win64; x64; rv:122.0) Gecko/20100101 Firefox/122.0,60,,,,,,,,,,,,,,,,,,,,,,,,,,,,,,,,,,,,,,media/dgnb.png,1,1,Symb,w,RT,0,0,0,1,8,0,77,0,1,3,99,w,0.816,1,1,w,1,0.816,77,0,77,0,1,,,,,,,,,,,,,
,,,,,,,,,,,,,,,,,316,2,2024-02-14_20h27.11.143,Symbol-E,2020.1.3,Win32,Firefox,Mozilla/5.0 (Windows NT 10.0; Win64; x64; rv:122.0) Gecko/20100101 Firefox/122.0,60,,,,,,,,,,,,,,,,,,,,,,,,,,,,,,,,,,,,,,media/dmnb.png,0,0,Symb,a,RT,0,0,0,1,8,0,78,0,1,3,99,a,0.649,0,1,a,1,0.649,78,0,78,0,1,,,,,,,,,,,,,
,,,,,,,,,,,,,,,,,316,2,2024-02-14_20h27.11.143,Symbol-E,2020.1.3,Win32,Firefox,Mozilla/5.0 (Windows NT 10.0; Win64; x64; rv:122.0) Gecko/20100101 Firefox/122.0,60,,,,,,,,,,,,,,,,,,,,,,,,,,,,,,,,,,,,,,media/dnnb.png,3,3,Symb,f,RT,0,0,0,1,8,0,79,0,1,3,99,f,0.554,3,1,f,1,0.554,79,0,79,0,1,,,,,,,,,,,,,
,,,,,,,,,,,,,,,,,316,2,2024-02-14_20h27.11.143,Symbol-E,2020.1.3,Win32,Firefox,Mozilla/5.0 (Windows NT 10.0; Win64; x64; rv:122.0) Gecko/20100101 Firefox/122.0,60,,,,,,,,,,,,,,,,,,,,,,,,,,,,,,,,,,,,,,media/ddnb.png,6,2,Symb,i,RT,0,0,0,1,8,0,80,0,1,3,99,i,1.055,6,1,i,1,1.055,80,0,80,0,1,,,,,,,,,,,,,
,,,,,,,,,,,,,,,,,316,2,2024-02-14_20h27.11.143,Symbol-E,2020.1.3,Win32,Firefox,Mozilla/5.0 (Windows NT 10.0; Win64; x64; rv:122.0) Gecko/20100101 Firefox/122.0,60,,,,,,,,,,,,,,,,,,,,,,,,,,,,,,,,,,,,,,media/djnb.png,7,3,Symb,l,RT,0,0,0,1,8,0,81,0,1,3,99,l,1.151,7,1,l,1,1.151,81,0,81,0,1,,,,,,,,,,,,,
,,,,,,,,,,,,,,,,,316,2,2024-02-14_20h27.11.143,Symbol-E,2020.1.3,Win32,Firefox,Mozilla/5.0 (Windows NT 10.0; Win64; x64; rv:122.0) Gecko/20100101 Firefox/122.0,60,,,,,,,,,,,,,,,,,,,,,,,,,,,,,,,,,,,,,,media/dgnb.png,1,1,Symb,w,RT,0,0,0,1,8,0,82,0,1,3,99,w,0.983,1,1,w,1,0.983,82,0,82,0,1,,,,,,,,,,,,,
,,,,,,,,,,,,,,,,,316,2,2024-02-14_20h27.11.143,Symbol-E,2020.1.3,Win32,Firefox,Mozilla/5.0 (Windows NT 10.0; Win64; x64; rv:122.0) Gecko/20100101 Firefox/122.0,60,,,,,,,,,,,,,,,,,,,,,,,,,,,,,,,,,,,,,,media/dcnb.png,4,0,Symb,h,RT,0,0,0,1,8,0,83,0,1,3,99,h,0.684,4,1,h,1,0.684,83,0,83,0,1,,,,,,,,,,,,,
,,,,,,,,,,,,,,,,,316,2,2024-02-14_20h27.11.143,Symbol-E,2020.1.3,Win32,Firefox,Mozilla/5.0 (Windows NT 10.0; Win64; x64; rv:122.0) Gecko/20100101 Firefox/122.0,60,,,,,,,,,,,,,,,,,,,,,,,,,,,,,,,,,,,,,,media/dmnb.png,0,0,Symb,a,RT,0,0,0,1,8,0,84,0,1,3,99,a,0.77,0,1,a,1,0.77,84,0,84,0,1,,,,,,,,,,,,,
,,,,,,,,,,,,,,,,,316,2,2024-02-14_20h27.11.143,Symbol-E,2020.1.3,Win32,Firefox,Mozilla/5.0 (Windows NT 10.0; Win64; x64; rv:122.0) Gecko/20100101 Firefox/122.0,60,,,,,,,,,,,,,,,,,,,,,,,,,,,,,,,,,,,,,,media/dmnb.png,0,0,Symb,a,RT,0,0,0,1,8,0,85,0,1,3,99,w,0.55,1,0,w,0,0.55,85,0,85,0,1,,,,,,,,,,,,,
,,,,,,,,,,,,,,,,,316,2,2024-02-14_20h27.11.143,Symbol-E,2020.1.3,Win32,Firefox,Mozilla/5.0 (Windows NT 10.0; Win64; x64; rv:122.0) Gecko/20100101 Firefox/122.0,60,,,,,,,,,,,,,,,,,,,,,,,,,,,,,,,,,,,,,,media/ddnb.png,6,2,Symb,i,RT,0,0,0,1,8,0,86,0,1,3,99,i,0.718,6,1,i,1,0.718,86,0,86,0,1,,,,,,,,,,,,,
,,,,,,,,,,,,,,,,,316,2,2024-02-14_20h27.11.143,Symbol-E,2020.1.3,Win32,Firefox,Mozilla/5.0 (Windows NT 10.0; Win64; x64; rv:122.0) Gecko/20100101 Firefox/122.0,60,,,,,,,,,,,,,,,,,,,,,,,,,,,,,,,,,,,,,,media/dinb.png,2,2,Symb,e,RT,0,0,0,1,8,0,87,0,1,3,99,e,0.762,2,1,e,1,0.762,87,0,87,0,1,,,,,,,,,,,,,
,,,,,,,,,,,,,,,,,316,2,2024-02-14_20h27.11.143,Symbol-E,2020.1.3,Win32,Firefox,Mozilla/5.0 (Windows NT 10.0; Win64; x64; rv:122.0) Gecko/20100101 Firefox/122.0,60,,,,,,,,,,,,,,,,,,,,,,,,,,,,,,,,,,,,,,media/dcnb.png,4,0,Symb,h,RT,0,0,0,1,8,0,88,0,1,3,99,h,0.747,4,1,h,1,0.747,88,0,88,0,1,,,,,,,,,,,,,
,,,,,,,,,,,,,,,,,316,2,2024-02-14_20h27.11.143,Symbol-E,2020.1.3,Win32,Firefox,Mozilla/5.0 (Windows NT 10.0; Win64; x64; rv:122.0) Gecko/20100101 Firefox/122.0,60,,,,,,,,,,,,,,,,,,,,,,,,,,,,,,,,,,,,,,media/dinb.png,2,2,Symb,e,RT,0,0,0,1,8,0,89,0,1,3,99,e,0.768,2,1,e,1,0.768,89,0,89,0,1,,,,,,,,,,,,,
,,,,,,,,,,,,,,,,,316,2,2024-02-14_20h27.11.143,Symbol-E,2020.1.3,Win32,Firefox,Mozilla/5.0 (Windows NT 10.0; Win64; x64; rv:122.0) Gecko/20100101 Firefox/122.0,60,,,,,,,,,,,,,,,,,,,,,,,,,,,,,,,,,,,,,,media/dgnb.png,1,1,Symb,w,RT,0,0,0,1,8,0,90,0,1,3,99,w,0.702,1,1,w,1,0.702,90,0,90,0,1,,,,,,,,,,,,,
,,,,,,,,,,,,,,,,,316,2,2024-02-14_20h27.11.143,Symbol-E,2020.1.3,Win32,Firefox,Mozilla/5.0 (Windows NT 10.0; Win64; x64; rv:122.0) Gecko/20100101 Firefox/122.0,60,,,,,,,,,,,,,,,,,,,,,,,,,,,,,,,,,,,,,,media/djnb.png,7,3,Symb,l,RT,0,0,0,1,8,0,91,0,1,3,99,l,0.669,7,1,l,1,0.669,91,0,91,0,1,,,,,,,,,,,,,
,,,,,,,,,,,,,,,,,316,2,2024-02-14_20h27.11.143,Symbol-E,2020.1.3,Win32,Firefox,Mozilla/5.0 (Windows NT 10.0; Win64; x64; rv:122.0) Gecko/20100101 Firefox/122.0,60,,,,,,,,,,,,,,,,,,,,,,,,,,,,,,,,,,,,,,media/dnnb.png,3,3,Symb,f,RT,0,0,0,1,8,0,92,0,1,3,99,f,0.653,3,1,f,1,0.653,92,0,92,0,1,,,,,,,,,,,,,
,,,,,,,,,,,,,,,,,316,2,2024-02-14_20h27.11.143,Symbol-E,2020.1.3,Win32,Firefox,Mozilla/5.0 (Windows NT 10.0; Win64; x64; rv:122.0) Gecko/20100101 Firefox/122.0,60,,,,,,,,,,,,,,,,,,,,,,,,,,,,,,,,,,,,,,media/dnnb.png,3,3,Symb,f,RT,0,0,0,1,8,0,93,0,1,3,99,f,0.415,3,1,f,1,0.415,93,0,93,0,1,,,,,,,,,,,,,
,,,,,,,,,,,,,,,,,316,2,2024-02-14_20h27.11.143,Symbol-E,2020.1.3,Win32,Firefox,Mozilla/5.0 (Windows NT 10.0; Win64; x64; rv:122.0) Gecko/20100101 Firefox/122.0,60,,,,,,,,,,,,,,,,,,,,,,,,,,,,,,,,,,,,,,media/dfnb.png,5,1,Symb,u,RT,0,0,0,1,8,0,94,0,1,3,99,u,0.667,5,1,u,1,0.667,94,0,94,0,1,,,,,,,,,,,,,
,,,,,,,,,,,,,,,,,316,2,2024-02-14_20h27.11.143,Symbol-E,2020.1.3,Win32,Firefox,Mozilla/5.0 (Windows NT 10.0; Win64; x64; rv:122.0) Gecko/20100101 Firefox/122.0,60,,,,,,,,,,,,,,,,,,,,,,,,,,,,,,,,,,,,,,media/dfnb.png,5,1,Symb,u,RT,0,0,0,1,8,0,95,0,1,3,99,u,0.383,5,1,u,1,0.383,95,0,95,0,1,,,,,,,,,,,,,
,,,,,,,,,,,,,,,,,316,2,2024-02-14_20h27.11.143,Symbol-E,2020.1.3,Win32,Firefox,Mozilla/5.0 (Windows NT 10.0; Win64; x64; rv:122.0) Gecko/20100101 Firefox/122.0,60,,,,,,,,,,,,,,,,,,,,,,,,,,,,,,,,,,,,,,,,,,,,,,,,,,,,,,,,,,,,,,,,,,,2,0,2,0,1,,,,,,,,
,,,,,,,,,,,,,,,,,316,2,2024-02-14_20h27.11.143,Symbol-E,2020.1.3,Win32,Firefox,Mozilla/5.0 (Windows NT 10.0; Win64; x64; rv:122.0) Gecko/20100101 Firefox/122.0,60,,,,,,,,,,,,,,,,,,,,,,,,,,,,,,,,,,,,u,0.15,media/dcnb.png,4,0,Symb,h,RT,0,0,0,1,8,0,0,0,1,4,99,h,0.782,4,1,h,1,0.782,0,0,0,0,1,,,,,,,,,,,,,
,,,,,,,,,,,,,,,,,316,2,2024-02-14_20h27.11.143,Symbol-E,2020.1.3,Win32,Firefox,Mozilla/5.0 (Windows NT 10.0; Win64; x64; rv:122.0) Gecko/20100101 Firefox/122.0,60,,,,,,,,,,,,,,,,,,,,,,,,,,,,,,,,,,,,,,media/dcnb.png,4,0,Symb,h,RT,0,0,0,1,8,0,1,0,1,4,99,h,0.404,4,1,h,1,0.404,1,0,1,0,1,,,,,,,,,,,,,
,,,,,,,,,,,,,,,,,316,2,2024-02-14_20h27.11.143,Symbol-E,2020.1.3,Win32,Firefox,Mozilla/5.0 (Windows NT 10.0; Win64; x64; rv:122.0) Gecko/20100101 Firefox/122.0,60,,,,,,,,,,,,,,,,,,,,,,,,,,,,,,,,,,,,,,media/djnb.png,7,3,Symb,l,RT,0,0,0,1,8,0,2,0,1,4,99,l,0.599,7,1,l,1,0.599,2,0,2,0,1,,,,,,,,,,,,,
,,,,,,,,,,,,,,,,,316,2,2024-02-14_20h27.11.143,Symbol-E,2020.1.3,Win32,Firefox,Mozilla/5.0 (Windows NT 10.0; Win64; x64; rv:122.0) Gecko/20100101 Firefox/122.0,60,,,,,,,,,,,,,,,,,,,,,,,,,,,,,,,,,,,,,,media/dfnb.png,5,1,Symb,u,RT,0,0,0,1,8,0,3,0,1,4,99,u,0.617,5,1,u,1,0.617,3,0,3,0,1,,,,,,,,,,,,,
,,,,,,,,,,,,,,,,,316,2,2024-02-14_20h27.11.143,Symbol-E,2020.1.3,Win32,Firefox,Mozilla/5.0 (Windows NT 10.0; Win64; x64; rv:122.0) Gecko/20100101 Firefox/122.0,60,,,,,,,,,,,,,,,,,,,,,,,,,,,,,,,,,,,,,,media/dnnb.png,3,3,Symb,f,RT,0,0,0,1,8,0,4,0,1,4,99,f,0.667,3,1,f,1,0.667,4,0,4,0,1,,,,,,,,,,,,,
,,,,,,,,,,,,,,,,,316,2,2024-02-14_20h27.11.143,Symbol-E,2020.1.3,Win32,Firefox,Mozilla/5.0 (Windows NT 10.0; Win64; x64; rv:122.0) Gecko/20100101 Firefox/122.0,60,,,,,,,,,,,,,,,,,,,,,,,,,,,,,,,,,,,,,,media/dmnb.png,0,0,Symb,a,RT,0,0,0,1,8,0,5,0,1,4,99,a,0.65,0,1,a,1,0.65,5,0,5,0,1,,,,,,,,,,,,,
,,,,,,,,,,,,,,,,,316,2,2024-02-14_20h27.11.143,Symbol-E,2020.1.3,Win32,Firefox,Mozilla/5.0 (Windows NT 10.0; Win64; x64; rv:122.0) Gecko/20100101 Firefox/122.0,60,,,,,,,,,,,,,,,,,,,,,,,,,,,,,,,,,,,,,,media/dnnb.png,3,3,Symb,f,RT,0,0,0,1,8,0,6,0,1,4,99,f,0.682,3,1,f,1,0.682,6,0,6,0,1,,,,,,,,,,,,,
,,,,,,,,,,,,,,,,,316,2,2024-02-14_20h27.11.143,Symbol-E,2020.1.3,Win32,Firefox,Mozilla/5.0 (Windows NT 10.0; Win64; x64; rv:122.0) Gecko/20100101 Firefox/122.0,60,,,,,,,,,,,,,,,,,,,,,,,,,,,,,,,,,,,,,,media/dmnb.png,0,0,Symb,a,RT,0,0,0,1,8,0,7,0,1,4,99,a,0.666,0,1,a,1,0.666,7,0,7,0,1,,,,,,,,,,,,,
,,,,,,,,,,,,,,,,,316,2,2024-02-14_20h27.11.143,Symbol-E,2020.1.3,Win32,Firefox,Mozilla/5.0 (Windows NT 10.0; Win64; x64; rv:122.0) Gecko/20100101 Firefox/122.0,60,,,,,,,,,,,,,,,,,,,,,,,,,,,,,,,,,,,,,,media/ddnb.png,6,2,Symb,i,RT,0,0,0,1,8,0,8,0,1,4,99,i,0.818,6,1,i,1,0.818,8,0,8,0,1,,,,,,,,,,,,,
,,,,,,,,,,,,,,,,,316,2,2024-02-14_20h27.11.143,Symbol-E,2020.1.3,Win32,Firefox,Mozilla/5.0 (Windows NT 10.0; Win64; x64; rv:122.0) Gecko/20100101 Firefox/122.0,60,,,,,,,,,,,,,,,,,,,,,,,,,,,,,,,,,,,,,,media/dinb.png,2,2,Symb,e,RT,0,0,0,1,8,0,9,0,1,4,99,e,0.738,2,1,e,1,0.738,9,0,9,0,1,,,,,,,,,,,,,
,,,,,,,,,,,,,,,,,316,2,2024-02-14_20h27.11.143,Symbol-E,2020.1.3,Win32,Firefox,Mozilla/5.0 (Windows NT 10.0; Win64; x64; rv:122.0) Gecko/20100101 Firefox/122.0,60,,,,,,,,,,,,,,,,,,,,,,,,,,,,,,,,,,,,,,media/dgnb.png,1,1,Symb,w,RT,0,0,0,1,8,0,10,0,1,4,99,w,0.735,1,1,w,1,0.735,10,0,10,0,1,,,,,,,,,,,,,
,,,,,,,,,,,,,,,,,316,2,2024-02-14_20h27.11.143,Symbol-E,2020.1.3,Win32,Firefox,Mozilla/5.0 (Windows NT 10.0; Win64; x64; rv:122.0) Gecko/20100101 Firefox/122.0,60,,,,,,,,,,,,,,,,,,,,,,,,,,,,,,,,,,,,,,media/dfnb.png,5,1,Symb,u,RT,0,0,0,1,8,0,11,0,1,4,99,u,0.5,5,1,u,1,0.5,11,0,11,0,1,,,,,,,,,,,,,
,,,,,,,,,,,,,,,,,316,2,2024-02-14_20h27.11.143,Symbol-E,2020.1.3,Win32,Firefox,Mozilla/5.0 (Windows NT 10.0; Win64; x64; rv:122.0) Gecko/20100101 Firefox/122.0,60,,,,,,,,,,,,,,,,,,,,,,,,,,,,,,,,,,,,,,media/dgnb.png,1,1,Symb,w,RT,0,0,0,1,8,0,12,0,1,4,99,w,1.066,1,1,w,1,1.066,12,0,12,0,1,,,,,,,,,,,,,
,,,,,,,,,,,,,,,,,316,2,2024-02-14_20h27.11.143,Symbol-E,2020.1.3,Win32,Firefox,Mozilla/5.0 (Windows NT 10.0; Win64; x64; rv:122.0) Gecko/20100101 Firefox/122.0,60,,,,,,,,,,,,,,,,,,,,,,,,,,,,,,,,,,,,,,media/ddnb.png,6,2,Symb,i,RT,0,0,0,1,8,0,13,0,1,4,99,i,0.667,6,1,i,1,0.667,13,0,13,0,1,,,,,,,,,,,,,
,,,,,,,,,,,,,,,,,316,2,2024-02-14_20h27.11.143,Symbol-E,2020.1.3,Win32,Firefox,Mozilla/5.0 (Windows NT 10.0; Win64; x64; rv:122.0) Gecko/20100101 Firefox/122.0,60,,,,,,,,,,,,,,,,,,,,,,,,,,,,,,,,,,,,,,media/dinb.png,2,2,Symb,e,RT,0,0,0,1,8,0,14,0,1,4,99,e,0.519,2,1,e,1,0.519,14,0,14,0,1,,,,,,,,,,,,,
,,,,,,,,,,,,,,,,,316,2,2024-02-14_20h27.11.143,Symbol-E,2020.1.3,Win32,Firefox,Mozilla/5.0 (Windows NT 10.0; Win64; x64; rv:122.0) Gecko/20100101 Firefox/122.0,60,,,,,,,,,,,,,,,,,,,,,,,,,,,,,,,,,,,,,,media/djnb.png,7,3,Symb,l,RT,0,0,0,1,8,0,15,0,1,4,99,l,1.334,7,1,l,1,1.334,15,0,15,0,1,,,,,,,,,,,,,
,,,,,,,,,,,,,,,,,316,2,2024-02-14_20h27.11.143,Symbol-E,2020.1.3,Win32,Firefox,Mozilla/5.0 (Windows NT 10.0; Win64; x64; rv:122.0) Gecko/20100101 Firefox/122.0,60,,,,,,,,,,,,,,,,,,,,,,,,,,,,,,,,,,,,,,media/dgnb.png,1,1,Symb,w,RT,0,0,0,1,8,0,16,0,1,4,99,w,0.867,1,1,w,1,0.867,16,0,16,0,1,,,,,,,,,,,,,
,,,,,,,,,,,,,,,,,316,2,2024-02-14_20h27.11.143,Symbol-E,2020.1.3,Win32,Firefox,Mozilla/5.0 (Windows NT 10.0; Win64; x64; rv:122.0) Gecko/20100101 Firefox/122.0,60,,,,,,,,,,,,,,,,,,,,,,,,,,,,,,,,,,,,,,media/dcnb.png,4,0,Symb,h,RT,0,0,0,1,8,0,17,0,1,4,99,h,0.669,4,1,h,1,0.669,17,0,17,0,1,,,,,,,,,,,,,
,,,,,,,,,,,,,,,,,316,2,2024-02-14_20h27.11.143,Symbol-E,2020.1.3,Win32,Firefox,Mozilla/5.0 (Windows NT 10.0; Win64; x64; rv:122.0) Gecko/20100101 Firefox/122.0,60,,,,,,,,,,,,,,,,,,,,,,,,,,,,,,,,,,,,,,media/djnb.png,7,3,Symb,l,RT,0,0,0,1,8,0,18,0,1,4,99,l,0.585,7,1,l,1,0.585,18,0,18,0,1,,,,,,,,,,,,,
,,,,,,,,,,,,,,,,,316,2,2024-02-14_20h27.11.143,Symbol-E,2020.1.3,Win32,Firefox,Mozilla/5.0 (Windows NT 10.0; Win64; x64; rv:122.0) Gecko/20100101 Firefox/122.0,60,,,,,,,,,,,,,,,,,,,,,,,,,,,,,,,,,,,,,,media/dcnb.png,4,0,Symb,h,RT,0,0,0,1,8,0,19,0,1,4,99,h,0.583,4,1,h,1,0.583,19,0,19,0,1,,,,,,,,,,,,,
,,,,,,,,,,,,,,,,,316,2,2024-02-14_20h27.11.143,Symbol-E,2020.1.3,Win32,Firefox,Mozilla/5.0 (Windows NT 10.0; Win64; x64; rv:122.0) Gecko/20100101 Firefox/122.0,60,,,,,,,,,,,,,,,,,,,,,,,,,,,,,,,,,,,,,,media/dinb.png,2,2,Symb,e,RT,0,0,0,1,8,0,20,0,1,4,99,e,0.766,2,1,e,1,0.766,20,0,20,0,1,,,,,,,,,,,,,
,,,,,,,,,,,,,,,,,316,2,2024-02-14_20h27.11.143,Symbol-E,2020.1.3,Win32,Firefox,Mozilla/5.0 (Windows NT 10.0; Win64; x64; rv:122.0) Gecko/20100101 Firefox/122.0,60,,,,,,,,,,,,,,,,,,,,,,,,,,,,,,,,,,,,,,media/ddnb.png,6,2,Symb,i,RT,0,0,0,1,8,0,21,0,1,4,99,i,0.647,6,1,i,1,0.647,21,0,21,0,1,,,,,,,,,,,,,
,,,,,,,,,,,,,,,,,316,2,2024-02-14_20h27.11.143,Symbol-E,2020.1.3,Win32,Firefox,Mozilla/5.0 (Windows NT 10.0; Win64; x64; rv:122.0) Gecko/20100101 Firefox/122.0,60,,,,,,,,,,,,,,,,,,,,,,,,,,,,,,,,,,,,,,media/dmnb.png,0,0,Symb,a,RT,0,0,0,1,8,0,22,0,1,4,99,a,0.717,0,1,a,1,0.717,22,0,22,0,1,,,,,,,,,,,,,
,,,,,,,,,,,,,,,,,316,2,2024-02-14_20h27.11.143,Symbol-E,2020.1.3,Win32,Firefox,Mozilla/5.0 (Windows NT 10.0; Win64; x64; rv:122.0) Gecko/20100101 Firefox/122.0,60,,,,,,,,,,,,,,,,,,,,,,,,,,,,,,,,,,,,,,media/ddnb.png,6,2,Symb,i,RT,0,0,0,1,8,0,23,0,1,4,99,i,0.882,6,1,i,1,0.882,23,0,23,0,1,,,,,,,,,,,,,
,,,,,,,,,,,,,,,,,316,2,2024-02-14_20h27.11.143,Symbol-E,2020.1.3,Win32,Firefox,Mozilla/5.0 (Windows NT 10.0; Win64; x64; rv:122.0) Gecko/20100101 Firefox/122.0,60,,,,,,,,,,,,,,,,,,,,,,,,,,,,,,,,,,,,,,media/dinb.png,2,2,Symb,e,RT,0,0,0,1,8,0,24,0,1,4,99,e,1.549,2,1,e,1,1.549,24,0,24,0,1,,,,,,,,,,,,,
,,,,,,,,,,,,,,,,,316,2,2024-02-14_20h27.11.143,Symbol-E,2020.1.3,Win32,Firefox,Mozilla/5.0 (Windows NT 10.0; Win64; x64; rv:122.0) Gecko/20100101 Firefox/122.0,60,,,,,,,,,,,,,,,,,,,,,,,,,,,,,,,,,,,,,,media/dnnb.png,3,3,Symb,f,RT,0,0,0,1,8,0,25,0,1,4,99,f,0.616,3,1,f,1,0.616,25,0,25,0,1,,,,,,,,,,,,,
,,,,,,,,,,,,,,,,,316,2,2024-02-14_20h27.11.143,Symbol-E,2020.1.3,Win32,Firefox,Mozilla/5.0 (Windows NT 10.0; Win64; x64; rv:122.0) Gecko/20100101 Firefox/122.0,60,,,,,,,,,,,,,,,,,,,,,,,,,,,,,,,,,,,,,,media/dfnb.png,5,1,Symb,u,RT,0,0,0,1,8,0,26,0,1,4,99,u,0.618,5,1,u,1,0.618,26,0,26,0,1,,,,,,,,,,,,,
,,,,,,,,,,,,,,,,,316,2,2024-02-14_20h27.11.143,Symbol-E,2020.1.3,Win32,Firefox,Mozilla/5.0 (Windows NT 10.0; Win64; x64; rv:122.0) Gecko/20100101 Firefox/122.0,60,,,,,,,,,,,,,,,,,,,,,,,,,,,,,,,,,,,,,,media/dfnb.png,5,1,Symb,u,RT,0,0,0,1,8,0,27,0,1,4,99,u,0.382,5,1,u,1,0.382,27,0,27,0,1,,,,,,,,,,,,,
,,,,,,,,,,,,,,,,,316,2,2024-02-14_20h27.11.143,Symbol-E,2020.1.3,Win32,Firefox,Mozilla/5.0 (Windows NT 10.0; Win64; x64; rv:122.0) Gecko/20100101 Firefox/122.0,60,,,,,,,,,,,,,,,,,,,,,,,,,,,,,,,,,,,,,,media/dgnb.png,1,1,Symb,w,RT,0,0,0,1,8,0,28,0,1,4,99,w,0.867,1,1,w,1,0.867,28,0,28,0,1,,,,,,,,,,,,,
,,,,,,,,,,,,,,,,,316,2,2024-02-14_20h27.11.143,Symbol-E,2020.1.3,Win32,Firefox,Mozilla/5.0 (Windows NT 10.0; Win64; x64; rv:122.0) Gecko/20100101 Firefox/122.0,60,,,,,,,,,,,,,,,,,,,,,,,,,,,,,,,,,,,,,,media/dnnb.png,3,3,Symb,f,RT,0,0,0,1,8,0,29,0,1,4,99,f,0.65,3,1,f,1,0.65,29,0,29,0,1,,,,,,,,,,,,,
,,,,,,,,,,,,,,,,,316,2,2024-02-14_20h27.11.143,Symbol-E,2020.1.3,Win32,Firefox,Mozilla/5.0 (Windows NT 10.0; Win64; x64; rv:122.0) Gecko/20100101 Firefox/122.0,60,,,,,,,,,,,,,,,,,,,,,,,,,,,,,,,,,,,,,,media/dmnb.png,0,0,Symb,a,RT,0,0,0,1,8,0,30,0,1,4,99,a,0.667,0,1,a,1,0.667,30,0,30,0,1,,,,,,,,,,,,,
,,,,,,,,,,,,,,,,,316,2,2024-02-14_20h27.11.143,Symbol-E,2020.1.3,Win32,Firefox,Mozilla/5.0 (Windows NT 10.0; Win64; x64; rv:122.0) Gecko/20100101 Firefox/122.0,60,,,,,,,,,,,,,,,,,,,,,,,,,,,,,,,,,,,,,,media/djnb.png,7,3,Symb,l,RT,0,0,0,1,8,0,31,0,1,4,99,l,0.982,7,1,l,1,0.982,31,0,31,0,1,,,,,,,,,,,,,
,,,,,,,,,,,,,,,,,316,2,2024-02-14_20h27.11.143,Symbol-E,2020.1.3,Win32,Firefox,Mozilla/5.0 (Windows NT 10.0; Win64; x64; rv:122.0) Gecko/20100101 Firefox/122.0,60,,,,,,,,,,,,,,,,,,,,,,,,,,,,,,,,,,,,,,media/dcnb.png,4,0,Symb,h,RT,0,0,0,1,8,0,32,0,1,4,99,h,0.667,4,1,h,1,0.667,32,0,32,0,1,,,,,,,,,,,,,
,,,,,,,,,,,,,,,,,316,2,2024-02-14_20h27.11.143,Symbol-E,2020.1.3,Win32,Firefox,Mozilla/5.0 (Windows NT 10.0; Win64; x64; rv:122.0) Gecko/20100101 Firefox/122.0,60,,,,,,,,,,,,,,,,,,,,,,,,,,,,,,,,,,,,,,media/dcnb.png,4,0,Symb,h,RT,0,0,0,1,8,0,33,0,1,4,99,h,0.418,4,1,h,1,0.418,33,0,33,0,1,,,,,,,,,,,,,
,,,,,,,,,,,,,,,,,316,2,2024-02-14_20h27.11.143,Symbol-E,2020.1.3,Win32,Firefox,Mozilla/5.0 (Windows NT 10.0; Win64; x64; rv:122.0) Gecko/20100101 Firefox/122.0,60,,,,,,,,,,,,,,,,,,,,,,,,,,,,,,,,,,,,,,media/dfnb.png,5,1,Symb,u,RT,0,0,0,1,8,0,34,0,1,4,99,u,0.601,5,1,u,1,0.601,34,0,34,0,1,,,,,,,,,,,,,
,,,,,,,,,,,,,,,,,316,2,2024-02-14_20h27.11.143,Symbol-E,2020.1.3,Win32,Firefox,Mozilla/5.0 (Windows NT 10.0; Win64; x64; rv:122.0) Gecko/20100101 Firefox/122.0,60,,,,,,,,,,,,,,,,,,,,,,,,,,,,,,,,,,,,,,media/dnnb.png,3,3,Symb,f,RT,0,0,0,1,8,0,35,0,1,4,99,f,0.616,3,1,f,1,0.616,35,0,35,0,1,,,,,,,,,,,,,
,,,,,,,,,,,,,,,,,316,2,2024-02-14_20h27.11.143,Symbol-E,2020.1.3,Win32,Firefox,Mozilla/5.0 (Windows NT 10.0; Win64; x64; rv:122.0) Gecko/20100101 Firefox/122.0,60,,,,,,,,,,,,,,,,,,,,,,,,,,,,,,,,,,,,,,media/ddnb.png,6,2,Symb,i,RT,0,0,0,1,8,0,36,0,1,4,99,i,0.75,6,1,i,1,0.75,36,0,36,0,1,,,,,,,,,,,,,
,,,,,,,,,,,,,,,,,316,2,2024-02-14_20h27.11.143,Symbol-E,2020.1.3,Win32,Firefox,Mozilla/5.0 (Windows NT 10.0; Win64; x64; rv:122.0) Gecko/20100101 Firefox/122.0,60,,,,,,,,,,,,,,,,,,,,,,,,,,,,,,,,,,,,,,media/dinb.png,2,2,Symb,e,RT,0,0,0,1,8,0,37,0,1,4,99,e,1.319,2,1,e,1,1.319,37,0,37,0,1,,,,,,,,,,,,,
,,,,,,,,,,,,,,,,,316,2,2024-02-14_20h27.11.143,Symbol-E,2020.1.3,Win32,Firefox,Mozilla/5.0 (Windows NT 10.0; Win64; x64; rv:122.0) Gecko/20100101 Firefox/122.0,60,,,,,,,,,,,,,,,,,,,,,,,,,,,,,,,,,,,,,,media/dmnb.png,0,0,Symb,a,RT,0,0,0,1,8,0,38,0,1,4,99,a,0.621,0,1,a,1,0.621,38,0,38,0,1,,,,,,,,,,,,,
,,,,,,,,,,,,,,,,,316,2,2024-02-14_20h27.11.143,Symbol-E,2020.1.3,Win32,Firefox,Mozilla/5.0 (Windows NT 10.0; Win64; x64; rv:122.0) Gecko/20100101 Firefox/122.0,60,,,,,,,,,,,,,,,,,,,,,,,,,,,,,,,,,,,,,,media/djnb.png,7,3,Symb,l,RT,0,0,0,1,8,0,39,0,1,4,99,l,0.916,7,1,l,1,0.916,39,0,39,0,1,,,,,,,,,,,,,
,,,,,,,,,,,,,,,,,316,2,2024-02-14_20h27.11.143,Symbol-E,2020.1.3,Win32,Firefox,Mozilla/5.0 (Windows NT 10.0; Win64; x64; rv:122.0) Gecko/20100101 Firefox/122.0,60,,,,,,,,,,,,,,,,,,,,,,,,,,,,,,,,,,,,,,media/djnb.png,7,3,Symb,l,RT,0,0,0,1,8,0,40,0,1,4,99,l,0.42,7,1,l,1,0.42,40,0,40,0,1,,,,,,,,,,,,,
,,,,,,,,,,,,,,,,,316,2,2024-02-14_20h27.11.143,Symbol-E,2020.1.3,Win32,Firefox,Mozilla/5.0 (Windows NT 10.0; Win64; x64; rv:122.0) Gecko/20100101 Firefox/122.0,60,,,,,,,,,,,,,,,,,,,,,,,,,,,,,,,,,,,,,,media/dmnb.png,0,0,Symb,a,RT,0,0,0,1,8,0,41,0,1,4,99,a,0.721,0,1,a,1,0.721,41,0,41,0,1,,,,,,,,,,,,,
,,,,,,,,,,,,,,,,,316,2,2024-02-14_20h27.11.143,Symbol-E,2020.1.3,Win32,Firefox,Mozilla/5.0 (Windows NT 10.0; Win64; x64; rv:122.0) Gecko/20100101 Firefox/122.0,60,,,,,,,,,,,,,,,,,,,,,,,,,,,,,,,,,,,,,,media/dinb.png,2,2,Symb,e,RT,0,0,0,1,8,0,42,0,1,4,99,e,0.719,2,1,e,1,0.719,42,0,42,0,1,,,,,,,,,,,,,
,,,,,,,,,,,,,,,,,316,2,2024-02-14_20h27.11.143,Symbol-E,2020.1.3,Win32,Firefox,Mozilla/5.0 (Windows NT 10.0; Win64; x64; rv:122.0) Gecko/20100101 Firefox/122.0,60,,,,,,,,,,,,,,,,,,,,,,,,,,,,,,,,,,,,,,media/dnnb.png,3,3,Symb,f,RT,0,0,0,1,8,0,43,0,1,4,99,f,0.6,3,1,f,1,0.6,43,0,43,0,1,,,,,,,,,,,,,
,,,,,,,,,,,,,,,,,316,2,2024-02-14_20h27.11.143,Symbol-E,2020.1.3,Win32,Firefox,Mozilla/5.0 (Windows NT 10.0; Win64; x64; rv:122.0) Gecko/20100101 Firefox/122.0,60,,,,,,,,,,,,,,,,,,,,,,,,,,,,,,,,,,,,,,media/dgnb.png,1,1,Symb,w,RT,0,0,0,1,8,0,44,0,1,4,99,w,0.683,1,1,w,1,0.683,44,0,44,0,1,,,,,,,,,,,,,
,,,,,,,,,,,,,,,,,316,2,2024-02-14_20h27.11.143,Symbol-E,2020.1.3,Win32,Firefox,Mozilla/5.0 (Windows NT 10.0; Win64; x64; rv:122.0) Gecko/20100101 Firefox/122.0,60,,,,,,,,,,,,,,,,,,,,,,,,,,,,,,,,,,,,,,media/dgnb.png,1,1,Symb,w,RT,0,0,0,1,8,0,45,0,1,4,99,w,0.418,1,1,w,1,0.418,45,0,45,0,1,,,,,,,,,,,,,
,,,,,,,,,,,,,,,,,316,2,2024-02-14_20h27.11.143,Symbol-E,2020.1.3,Win32,Firefox,Mozilla/5.0 (Windows NT 10.0; Win64; x64; rv:122.0) Gecko/20100101 Firefox/122.0,60,,,,,,,,,,,,,,,,,,,,,,,,,,,,,,,,,,,,,,media/dfnb.png,5,1,Symb,u,RT,0,0,0,1,8,0,46,0,1,4,99,u,0.619,5,1,u,1,0.619,46,0,46,0,1,,,,,,,,,,,,,
,,,,,,,,,,,,,,,,,316,2,2024-02-14_20h27.11.143,Symbol-E,2020.1.3,Win32,Firefox,Mozilla/5.0 (Windows NT 10.0; Win64; x64; rv:122.0) Gecko/20100101 Firefox/122.0,60,,,,,,,,,,,,,,,,,,,,,,,,,,,,,,,,,,,,,,media/ddnb.png,6,2,Symb,i,RT,0,0,0,1,8,0,47,0,1,4,99,i,0.623,6,1,i,1,0.623,47,0,47,0,1,,,,,,,,,,,,,
,,,,,,,,,,,,,,,,,316,2,2024-02-14_20h27.11.143,Symbol-E,2020.1.3,Win32,Firefox,Mozilla/5.0 (Windows NT 10.0; Win64; x64; rv:122.0) Gecko/20100101 Firefox/122.0,60,,,,,,,,,,,,,,,,,,,,,,,,,,,,,,,,,,,,,,media/dcnb.png,4,0,Symb,h,RT,0,0,0,1,8,0,48,0,1,4,99,h,0.849,4,1,h,1,0.849,48,0,48,0,1,,,,,,,,,,,,,
,,,,,,,,,,,,,,,,,316,2,2024-02-14_20h27.11.143,Symbol-E,2020.1.3,Win32,Firefox,Mozilla/5.0 (Windows NT 10.0; Win64; x64; rv:122.0) Gecko/20100101 Firefox/122.0,60,,,,,,,,,,,,,,,,,,,,,,,,,,,,,,,,,,,,,,media/djnb.png,7,3,Symb,l,RT,0,0,0,1,8,0,49,0,1,4,99,l,0.668,7,1,l,1,0.668,49,0,49,0,1,,,,,,,,,,,,,
,,,,,,,,,,,,,,,,,316,2,2024-02-14_20h27.11.143,Symbol-E,2020.1.3,Win32,Firefox,Mozilla/5.0 (Windows NT 10.0; Win64; x64; rv:122.0) Gecko/20100101 Firefox/122.0,60,,,,,,,,,,,,,,,,,,,,,,,,,,,,,,,,,,,,,,media/dcnb.png,4,0,Symb,h,RT,0,0,0,1,8,0,50,0,1,4,99,h,0.667,4,1,h,1,0.667,50,0,50,0,1,,,,,,,,,,,,,
,,,,,,,,,,,,,,,,,316,2,2024-02-14_20h27.11.143,Symbol-E,2020.1.3,Win32,Firefox,Mozilla/5.0 (Windows NT 10.0; Win64; x64; rv:122.0) Gecko/20100101 Firefox/122.0,60,,,,,,,,,,,,,,,,,,,,,,,,,,,,,,,,,,,,,,media/dnnb.png,3,3,Symb,f,RT,0,0,0,1,8,0,51,0,1,4,99,f,0.603,3,1,f,1,0.603,51,0,51,0,1,,,,,,,,,,,,,
,,,,,,,,,,,,,,,,,316,2,2024-02-14_20h27.11.143,Symbol-E,2020.1.3,Win32,Firefox,Mozilla/5.0 (Windows NT 10.0; Win64; x64; rv:122.0) Gecko/20100101 Firefox/122.0,60,,,,,,,,,,,,,,,,,,,,,,,,,,,,,,,,,,,,,,media/dinb.png,2,2,Symb,e,RT,0,0,0,1,8,0,52,0,1,4,99,e,0.983,2,1,e,1,0.983,52,0,52,0,1,,,,,,,,,,,,,
,,,,,,,,,,,,,,,,,316,2,2024-02-14_20h27.11.143,Symbol-E,2020.1.3,Win32,Firefox,Mozilla/5.0 (Windows NT 10.0; Win64; x64; rv:122.0) Gecko/20100101 Firefox/122.0,60,,,,,,,,,,,,,,,,,,,,,,,,,,,,,,,,,,,,,,media/dfnb.png,5,1,Symb,u,RT,0,0,0,1,8,0,53,0,1,4,99,u,0.583,5,1,u,1,0.583,53,0,53,0,1,,,,,,,,,,,,,
,,,,,,,,,,,,,,,,,316,2,2024-02-14_20h27.11.143,Symbol-E,2020.1.3,Win32,Firefox,Mozilla/5.0 (Windows NT 10.0; Win64; x64; rv:122.0) Gecko/20100101 Firefox/122.0,60,,,,,,,,,,,,,,,,,,,,,,,,,,,,,,,,,,,,,,media/dmnb.png,0,0,Symb,a,RT,0,0,0,1,8,0,54,0,1,4,99,a,0.717,0,1,a,1,0.717,54,0,54,0,1,,,,,,,,,,,,,
,,,,,,,,,,,,,,,,,316,2,2024-02-14_20h27.11.143,Symbol-E,2020.1.3,Win32,Firefox,Mozilla/5.0 (Windows NT 10.0; Win64; x64; rv:122.0) Gecko/20100101 Firefox/122.0,60,,,,,,,,,,,,,,,,,,,,,,,,,,,,,,,,,,,,,,media/dgnb.png,1,1,Symb,w,RT,0,0,0,1,8,0,55,0,1,4,99,w,0.734,1,1,w,1,0.734,55,0,55,0,1,,,,,,,,,,,,,
,,,,,,,,,,,,,,,,,316,2,2024-02-14_20h27.11.143,Symbol-E,2020.1.3,Win32,Firefox,Mozilla/5.0 (Windows NT 10.0; Win64; x64; rv:122.0) Gecko/20100101 Firefox/122.0,60,,,,,,,,,,,,,,,,,,,,,,,,,,,,,,,,,,,,,,media/dinb.png,2,2,Symb,e,RT,0,0,0,1,8,0,56,0,1,4,99,e,0.632,2,1,e,1,0.632,56,0,56,0,1,,,,,,,,,,,,,
,,,,,,,,,,,,,,,,,316,2,2024-02-14_20h27.11.143,Symbol-E,2020.1.3,Win32,Firefox,Mozilla/5.0 (Windows NT 10.0; Win64; x64; rv:122.0) Gecko/20100101 Firefox/122.0,60,,,,,,,,,,,,,,,,,,,,,,,,,,,,,,,,,,,,,,media/dfnb.png,5,1,Symb,u,RT,0,0,0,1,8,0,57,0,1,4,99,u,0.633,5,1,u,1,0.633,57,0,57,0,1,,,,,,,,,,,,,
,,,,,,,,,,,,,,,,,316,2,2024-02-14_20h27.11.143,Symbol-E,2020.1.3,Win32,Firefox,Mozilla/5.0 (Windows NT 10.0; Win64; x64; rv:122.0) Gecko/20100101 Firefox/122.0,60,,,,,,,,,,,,,,,,,,,,,,,,,,,,,,,,,,,,,,media/djnb.png,7,3,Symb,l,RT,0,0,0,1,8,0,58,0,1,4,99,l,1.133,7,1,l,1,1.133,58,0,58,0,1,,,,,,,,,,,,,
,,,,,,,,,,,,,,,,,316,2,2024-02-14_20h27.11.143,Symbol-E,2020.1.3,Win32,Firefox,Mozilla/5.0 (Windows NT 10.0; Win64; x64; rv:122.0) Gecko/20100101 Firefox/122.0,60,,,,,,,,,,,,,,,,,,,,,,,,,,,,,,,,,,,,,,media/dgnb.png,1,1,Symb,w,RT,0,0,0,1,8,0,59,0,1,4,99,w,0.731,1,1,w,1,0.731,59,0,59,0,1,,,,,,,,,,,,,
,,,,,,,,,,,,,,,,,316,2,2024-02-14_20h27.11.143,Symbol-E,2020.1.3,Win32,Firefox,Mozilla/5.0 (Windows NT 10.0; Win64; x64; rv:122.0) Gecko/20100101 Firefox/122.0,60,,,,,,,,,,,,,,,,,,,,,,,,,,,,,,,,,,,,,,media/ddnb.png,6,2,Symb,i,RT,0,0,0,1,8,0,60,0,1,4,99,i,0.732,6,1,i,1,0.732,60,0,60,0,1,,,,,,,,,,,,,
,,,,,,,,,,,,,,,,,316,2,2024-02-14_20h27.11.143,Symbol-E,2020.1.3,Win32,Firefox,Mozilla/5.0 (Windows NT 10.0; Win64; x64; rv:122.0) Gecko/20100101 Firefox/122.0,60,,,,,,,,,,,,,,,,,,,,,,,,,,,,,,,,,,,,,,media/ddnb.png,6,2,Symb,i,RT,0,0,0,1,8,0,61,0,1,4,99,i,0.515,6,1,i,1,0.515,61,0,61,0,1,,,,,,,,,,,,,
,,,,,,,,,,,,,,,,,316,2,2024-02-14_20h27.11.143,Symbol-E,2020.1.3,Win32,Firefox,Mozilla/5.0 (Windows NT 10.0; Win64; x64; rv:122.0) Gecko/20100101 Firefox/122.0,60,,,,,,,,,,,,,,,,,,,,,,,,,,,,,,,,,,,,,,media/dmnb.png,0,0,Symb,a,RT,0,0,0,1,8,0,62,0,1,4,99,a,0.714,0,1,a,1,0.714,62,0,62,0,1,,,,,,,,,,,,,
,,,,,,,,,,,,,,,,,316,2,2024-02-14_20h27.11.143,Symbol-E,2020.1.3,Win32,Firefox,Mozilla/5.0 (Windows NT 10.0; Win64; x64; rv:122.0) Gecko/20100101 Firefox/122.0,60,,,,,,,,,,,,,,,,,,,,,,,,,,,,,,,,,,,,,,media/dnnb.png,3,3,Symb,f,RT,0,0,0,1,8,0,63,0,1,4,99,f,0.784,3,1,f,1,0.784,63,0,63,0,1,,,,,,,,,,,,,
,,,,,,,,,,,,,,,,,316,2,2024-02-14_20h27.11.143,Symbol-E,2020.1.3,Win32,Firefox,Mozilla/5.0 (Windows NT 10.0; Win64; x64; rv:122.0) Gecko/20100101 Firefox/122.0,60,,,,,,,,,,,,,,,,,,,,,,,,,,,,,,,,,,,,,,media/dfnb.png,5,1,Symb,u,RT,0,0,0,1,8,0,64,0,1,4,99,u,0.566,5,1,u,1,0.566,64,0,64,0,1,,,,,,,,,,,,,
,,,,,,,,,,,,,,,,,316,2,2024-02-14_20h27.11.143,Symbol-E,2020.1.3,Win32,Firefox,Mozilla/5.0 (Windows NT 10.0; Win64; x64; rv:122.0) Gecko/20100101 Firefox/122.0,60,,,,,,,,,,,,,,,,,,,,,,,,,,,,,,,,,,,,,,media/dnnb.png,3,3,Symb,f,RT,0,0,0,1,8,0,65,0,1,4,99,f,0.633,3,1,f,1,0.633,65,0,65,0,1,,,,,,,,,,,,,
,,,,,,,,,,,,,,,,,316,2,2024-02-14_20h27.11.143,Symbol-E,2020.1.3,Win32,Firefox,Mozilla/5.0 (Windows NT 10.0; Win64; x64; rv:122.0) Gecko/20100101 Firefox/122.0,60,,,,,,,,,,,,,,,,,,,,,,,,,,,,,,,,,,,,,,media/ddnb.png,6,2,Symb,i,RT,0,0,0,1,8,0,66,0,1,4,99,i,0.666,6,1,i,1,0.666,66,0,66,0,1,,,,,,,,,,,,,
,,,,,,,,,,,,,,,,,316,2,2024-02-14_20h27.11.143,Symbol-E,2020.1.3,Win32,Firefox,Mozilla/5.0 (Windows NT 10.0; Win64; x64; rv:122.0) Gecko/20100101 Firefox/122.0,60,,,,,,,,,,,,,,,,,,,,,,,,,,,,,,,,,,,,,,media/dfnb.png,5,1,Symb,u,RT,0,0,0,1,8,0,67,0,1,4,99,u,0.618,5,1,u,1,0.618,67,0,67,0,1,,,,,,,,,,,,,
,,,,,,,,,,,,,,,,,316,2,2024-02-14_20h27.11.143,Symbol-E,2020.1.3,Win32,Firefox,Mozilla/5.0 (Windows NT 10.0; Win64; x64; rv:122.0) Gecko/20100101 Firefox/122.0,60,,,,,,,,,,,,,,,,,,,,,,,,,,,,,,,,,,,,,,media/djnb.png,7,3,Symb,l,RT,0,0,0,1,8,0,68,0,1,4,99,l,0.866,7,1,l,1,0.866,68,0,68,0,1,,,,,,,,,,,,,
,,,,,,,,,,,,,,,,,316,2,2024-02-14_20h27.11.143,Symbol-E,2020.1.3,Win32,Firefox,Mozilla/5.0 (Windows NT 10.0; Win64; x64; rv:122.0) Gecko/20100101 Firefox/122.0,60,,,,,,,,,,,,,,,,,,,,,,,,,,,,,,,,,,,,,,media/dmnb.png,0,0,Symb,a,RT,0,0,0,1,8,0,69,0,1,4,99,a,0.766,0,1,a,1,0.766,69,0,69,0,1,,,,,,,,,,,,,
,,,,,,,,,,,,,,,,,316,2,2024-02-14_20h27.11.143,Symbol-E,2020.1.3,Win32,Firefox,Mozilla/5.0 (Windows NT 10.0; Win64; x64; rv:122.0) Gecko/20100101 Firefox/122.0,60,,,,,,,,,,,,,,,,,,,,,,,,,,,,,,,,,,,,,,media/dinb.png,2,2,Symb,e,RT,0,0,0,1,8,0,70,0,1,4,99,e,0.648,2,1,e,1,0.648,70,0,70,0,1,,,,,,,,,,,,,
,,,,,,,,,,,,,,,,,316,2,2024-02-14_20h27.11.143,Symbol-E,2020.1.3,Win32,Firefox,Mozilla/5.0 (Windows NT 10.0; Win64; x64; rv:122.0) Gecko/20100101 Firefox/122.0,60,,,,,,,,,,,,,,,,,,,,,,,,,,,,,,,,,,,,,,media/ddnb.png,6,2,Symb,i,RT,0,0,0,1,8,0,71,0,1,4,99,i,0.948,6,1,i,1,0.948,71,0,71,0,1,,,,,,,,,,,,,
,,,,,,,,,,,,,,,,,316,2,2024-02-14_20h27.11.143,Symbol-E,2020.1.3,Win32,Firefox,Mozilla/5.0 (Windows NT 10.0; Win64; x64; rv:122.0) Gecko/20100101 Firefox/122.0,60,,,,,,,,,,,,,,,,,,,,,,,,,,,,,,,,,,,,,,media/djnb.png,7,3,Symb,l,RT,0,0,0,1,8,0,72,0,1,4,99,l,0.698,7,1,l,1,0.698,72,0,72,0,1,,,,,,,,,,,,,
,,,,,,,,,,,,,,,,,316,2,2024-02-14_20h27.11.143,Symbol-E,2020.1.3,Win32,Firefox,Mozilla/5.0 (Windows NT 10.0; Win64; x64; rv:122.0) Gecko/20100101 Firefox/122.0,60,,,,,,,,,,,,,,,,,,,,,,,,,,,,,,,,,,,,,,media/dgnb.png,1,1,Symb,w,RT,0,0,0,1,8,0,73,0,1,4,99,w,0.767,1,1,w,1,0.767,73,0,73,0,1,,,,,,,,,,,,,
,,,,,,,,,,,,,,,,,316,2,2024-02-14_20h27.11.143,Symbol-E,2020.1.3,Win32,Firefox,Mozilla/5.0 (Windows NT 10.0; Win64; x64; rv:122.0) Gecko/20100101 Firefox/122.0,60,,,,,,,,,,,,,,,,,,,,,,,,,,,,,,,,,,,,,,media/dinb.png,2,2,Symb,e,RT,0,0,0,1,8,0,74,0,1,4,99,e,0.619,2,1,e,1,0.619,74,0,74,0,1,,,,,,,,,,,,,
,,,,,,,,,,,,,,,,,316,2,2024-02-14_20h27.11.143,Symbol-E,2020.1.3,Win32,Firefox,Mozilla/5.0 (Windows NT 10.0; Win64; x64; rv:122.0) Gecko/20100101 Firefox/122.0,60,,,,,,,,,,,,,,,,,,,,,,,,,,,,,,,,,,,,,,media/dcnb.png,4,0,Symb,h,RT,0,0,0,1,8,0,75,0,1,4,99,h,1.415,4,1,h,1,1.415,75,0,75,0,1,,,,,,,,,,,,,
,,,,,,,,,,,,,,,,,316,2,2024-02-14_20h27.11.143,Symbol-E,2020.1.3,Win32,Firefox,Mozilla/5.0 (Windows NT 10.0; Win64; x64; rv:122.0) Gecko/20100101 Firefox/122.0,60,,,,,,,,,,,,,,,,,,,,,,,,,,,,,,,,,,,,,,media/dnnb.png,3,3,Symb,f,RT,0,0,0,1,8,0,76,0,1,4,99,f,0.635,3,1,f,1,0.635,76,0,76,0,1,,,,,,,,,,,,,
,,,,,,,,,,,,,,,,,316,2,2024-02-14_20h27.11.143,Symbol-E,2020.1.3,Win32,Firefox,Mozilla/5.0 (Windows NT 10.0; Win64; x64; rv:122.0) Gecko/20100101 Firefox/122.0,60,,,,,,,,,,,,,,,,,,,,,,,,,,,,,,,,,,,,,,media/dcnb.png,4,0,Symb,h,RT,0,0,0,1,8,0,77,0,1,4,99,h,1.02,4,1,h,1,1.02,77,0,77,0,1,,,,,,,,,,,,,
,,,,,,,,,,,,,,,,,316,2,2024-02-14_20h27.11.143,Symbol-E,2020.1.3,Win32,Firefox,Mozilla/5.0 (Windows NT 10.0; Win64; x64; rv:122.0) Gecko/20100101 Firefox/122.0,60,,,,,,,,,,,,,,,,,,,,,,,,,,,,,,,,,,,,,,media/dmnb.png,0,0,Symb,a,RT,0,0,0,1,8,0,78,0,1,4,99,a,0.669,0,1,a,1,0.669,78,0,78,0,1,,,,,,,,,,,,,
,,,,,,,,,,,,,,,,,316,2,2024-02-14_20h27.11.143,Symbol-E,2020.1.3,Win32,Firefox,Mozilla/5.0 (Windows NT 10.0; Win64; x64; rv:122.0) Gecko/20100101 Firefox/122.0,60,,,,,,,,,,,,,,,,,,,,,,,,,,,,,,,,,,,,,,media/dgnb.png,1,1,Symb,w,RT,0,0,0,1,8,0,79,0,1,4,99,w,2.202,1,1,w,1,2.202,79,0,79,0,1,,,,,,,,,,,,,
,,,,,,,,,,,,,,,,,316,2,2024-02-14_20h27.11.143,Symbol-E,2020.1.3,Win32,Firefox,Mozilla/5.0 (Windows NT 10.0; Win64; x64; rv:122.0) Gecko/20100101 Firefox/122.0,60,,,,,,,,,,,,,,,,,,,,,,,,,,,,,,,,,,,,,,media/dmnb.png,0,0,Symb,a,RT,0,0,0,1,8,0,80,0,1,4,99,a,0.739,0,1,a,1,0.739,80,0,80,0,1,,,,,,,,,,,,,
,,,,,,,,,,,,,,,,,316,2,2024-02-14_20h27.11.143,Symbol-E,2020.1.3,Win32,Firefox,Mozilla/5.0 (Windows NT 10.0; Win64; x64; rv:122.0) Gecko/20100101 Firefox/122.0,60,,,,,,,,,,,,,,,,,,,,,,,,,,,,,,,,,,,,,,media/dinb.png,2,2,Symb,e,RT,0,0,0,1,8,0,81,0,1,4,99,e,1.05,2,1,e,1,1.05,81,0,81,0,1,,,,,,,,,,,,,
,,,,,,,,,,,,,,,,,316,2,2024-02-14_20h27.11.143,Symbol-E,2020.1.3,Win32,Firefox,Mozilla/5.0 (Windows NT 10.0; Win64; x64; rv:122.0) Gecko/20100101 Firefox/122.0,60,,,,,,,,,,,,,,,,,,,,,,,,,,,,,,,,,,,,,,media/djnb.png,7,3,Symb,l,RT,0,0,0,1,8,0,82,0,1,4,99,l,1.05,7,1,l,1,1.05,82,0,82,0,1,,,,,,,,,,,,,
,,,,,,,,,,,,,,,,,316,2,2024-02-14_20h27.11.143,Symbol-E,2020.1.3,Win32,Firefox,Mozilla/5.0 (Windows NT 10.0; Win64; x64; rv:122.0) Gecko/20100101 Firefox/122.0,60,,,,,,,,,,,,,,,,,,,,,,,,,,,,,,,,,,,,,,media/dnnb.png,3,3,Symb,f,RT,0,0,0,1,8,0,83,0,1,4,99,f,0.834,3,1,f,1,0.834,83,0,83,0,1,,,,,,,,,,,,,
,,,,,,,,,,,,,,,,,316,2,2024-02-14_20h27.11.143,Symbol-E,2020.1.3,Win32,Firefox,Mozilla/5.0 (Windows NT 10.0; Win64; x64; rv:122.0) Gecko/20100101 Firefox/122.0,60,,,,,,,,,,,,,,,,,,,,,,,,,,,,,,,,,,,,,,media/ddnb.png,6,2,Symb,i,RT,0,0,0,1,8,0,84,0,1,4,99,i,0.897,6,1,i,1,0.897,84,0,84,0,1,,,,,,,,,,,,,
,,,,,,,,,,,,,,,,,316,2,2024-02-14_20h27.11.143,Symbol-E,2020.1.3,Win32,Firefox,Mozilla/5.0 (Windows NT 10.0; Win64; x64; rv:122.0) Gecko/20100101 Firefox/122.0,60,,,,,,,,,,,,,,,,,,,,,,,,,,,,,,,,,,,,,,media/ddnb.png,6,2,Symb,i,RT,0,0,0,1,8,0,85,0,1,4,99,i,0.698,6,1,i,1,0.698,85,0,85,0,1,,,,,,,,,,,,,
,,,,,,,,,,,,,,,,,316,2,2024-02-14_20h27.11.143,Symbol-E,2020.1.3,Win32,Firefox,Mozilla/5.0 (Windows NT 10.0; Win64; x64; rv:122.0) Gecko/20100101 Firefox/122.0,60,,,,,,,,,,,,,,,,,,,,,,,,,,,,,,,,,,,,,,media/dcnb.png,4,0,Symb,h,RT,0,0,0,1,8,0,86,0,1,4,99,h,0.916,4,1,h,1,0.916,86,0,86,0,1,,,,,,,,,,,,,
,,,,,,,,,,,,,,,,,316,2,2024-02-14_20h27.11.143,Symbol-E,2020.1.3,Win32,Firefox,Mozilla/5.0 (Windows NT 10.0; Win64; x64; rv:122.0) Gecko/20100101 Firefox/122.0,60,,,,,,,,,,,,,,,,,,,,,,,,,,,,,,,,,,,,,,media/djnb.png,7,3,Symb,l,RT,0,0,0,1,8,0,87,0,1,4,99,l,0.636,7,1,l,1,0.636,87,0,87,0,1,,,,,,,,,,,,,
,,,,,,,,,,,,,,,,,316,2,2024-02-14_20h27.11.143,Symbol-E,2020.1.3,Win32,Firefox,Mozilla/5.0 (Windows NT 10.0; Win64; x64; rv:122.0) Gecko/20100101 Firefox/122.0,60,,,,,,,,,,,,,,,,,,,,,,,,,,,,,,,,,,,,,,media/dfnb.png,5,1,Symb,u,RT,0,0,0,1,8,0,88,0,1,4,99,u,0.686,5,1,u,1,0.686,88,0,88,0,1,,,,,,,,,,,,,
,,,,,,,,,,,,,,,,,316,2,2024-02-14_20h27.11.143,Symbol-E,2020.1.3,Win32,Firefox,Mozilla/5.0 (Windows NT 10.0; Win64; x64; rv:122.0) Gecko/20100101 Firefox/122.0,60,,,,,,,,,,,,,,,,,,,,,,,,,,,,,,,,,,,,,,media/dinb.png,2,2,Symb,e,RT,0,0,0,1,8,0,89,0,1,4,99,e,0.833,2,1,e,1,0.833,89,0,89,0,1,,,,,,,,,,,,,
,,,,,,,,,,,,,,,,,316,2,2024-02-14_20h27.11.143,Symbol-E,2020.1.3,Win32,Firefox,Mozilla/5.0 (Windows NT 10.0; Win64; x64; rv:122.0) Gecko/20100101 Firefox/122.0,60,,,,,,,,,,,,,,,,,,,,,,,,,,,,,,,,,,,,,,media/dgnb.png,1,1,Symb,w,RT,0,0,0,1,8,0,90,0,1,4,99,w,0.783,1,1,w,1,0.783,90,0,90,0,1,,,,,,,,,,,,,
,,,,,,,,,,,,,,,,,316,2,2024-02-14_20h27.11.143,Symbol-E,2020.1.3,Win32,Firefox,Mozilla/5.0 (Windows NT 10.0; Win64; x64; rv:122.0) Gecko/20100101 Firefox/122.0,60,,,,,,,,,,,,,,,,,,,,,,,,,,,,,,,,,,,,,,media/dnnb.png,3,3,Symb,f,RT,0,0,0,1,8,0,91,0,1,4,99,f,0.634,3,1,f,1,0.634,91,0,91,0,1,,,,,,,,,,,,,
,,,,,,,,,,,,,,,,,316,2,2024-02-14_20h27.11.143,Symbol-E,2020.1.3,Win32,Firefox,Mozilla/5.0 (Windows NT 10.0; Win64; x64; rv:122.0) Gecko/20100101 Firefox/122.0,60,,,,,,,,,,,,,,,,,,,,,,,,,,,,,,,,,,,,,,media/dcnb.png,4,0,Symb,h,RT,0,0,0,1,8,0,92,0,1,4,99,h,1.416,4,1,h,1,1.416,92,0,92,0,1,,,,,,,,,,,,,
,,,,,,,,,,,,,,,,,316,2,2024-02-14_20h27.11.143,Symbol-E,2020.1.3,Win32,Firefox,Mozilla/5.0 (Windows NT 10.0; Win64; x64; rv:122.0) Gecko/20100101 Firefox/122.0,60,,,,,,,,,,,,,,,,,,,,,,,,,,,,,,,,,,,,,,media/dmnb.png,0,0,Symb,a,RT,0,0,0,1,8,0,93,0,1,4,99,a,0.752,0,1,a,1,0.752,93,0,93,0,1,,,,,,,,,,,,,
,,,,,,,,,,,,,,,,,316,2,2024-02-14_20h27.11.143,Symbol-E,2020.1.3,Win32,Firefox,Mozilla/5.0 (Windows NT 10.0; Win64; x64; rv:122.0) Gecko/20100101 Firefox/122.0,60,,,,,,,,,,,,,,,,,,,,,,,,,,,,,,,,,,,,,,media/dgnb.png,1,1,Symb,w,RT,0,0,0,1,8,0,94,0,1,4,99,w,1.269,1,1,w,1,1.269,94,0,94,0,1,,,,,,,,,,,,,
,,,,,,,,,,,,,,,,,316,2,2024-02-14_20h27.11.143,Symbol-E,2020.1.3,Win32,Firefox,Mozilla/5.0 (Windows NT 10.0; Win64; x64; rv:122.0) Gecko/20100101 Firefox/122.0,60,,,,,,,,,,,,,,,,,,,,,,,,,,,,,,,,,,,,,,media/dfnb.png,5,1,Symb,u,RT,0,0,0,1,8,0,95,0,1,4,99,u,0.685,5,1,u,1,0.685,95,0,95,0,1,,,,,,,,,,,,,
,,,,,,,,,,,,,,,,,316,2,2024-02-14_20h27.11.143,Symbol-E,2020.1.3,Win32,Firefox,Mozilla/5.0 (Windows NT 10.0; Win64; x64; rv:122.0) Gecko/20100101 Firefox/122.0,60,,,,,,,,,,,,,,,,,,,,,,,,,,,,,,,,,,,,,,,,,,,,,,,,,,,,,,,,,,,,,,,,,,,3,0,3,0,1,,,,,,,,
,,,,,,,,,,,,,,,,,316,2,2024-02-14_20h27.11.143,Symbol-E,2020.1.3,Win32,Firefox,Mozilla/5.0 (Windows NT 10.0; Win64; x64; rv:122.0) Gecko/20100101 Firefox/122.0,60,,,,,,,,,,,,,,,,,,,,,,,,,,,,,,,,,,,,h,5.284,media/djnb.png,7,3,Symb,l,RT,0,0,0,1,8,0,0,0,1,5,99,l,0.948,7,1,l,1,0.948,0,0,0,0,1,,,,,,,,,,,,,
,,,,,,,,,,,,,,,,,316,2,2024-02-14_20h27.11.143,Symbol-E,2020.1.3,Win32,Firefox,Mozilla/5.0 (Windows NT 10.0; Win64; x64; rv:122.0) Gecko/20100101 Firefox/122.0,60,,,,,,,,,,,,,,,,,,,,,,,,,,,,,,,,,,,,,,media/dnnb.png,3,3,Symb,f,RT,0,0,0,1,8,0,1,0,1,5,99,f,0.651,3,1,f,1,0.651,1,0,1,0,1,,,,,,,,,,,,,
,,,,,,,,,,,,,,,,,316,2,2024-02-14_20h27.11.143,Symbol-E,2020.1.3,Win32,Firefox,Mozilla/5.0 (Windows NT 10.0; Win64; x64; rv:122.0) Gecko/20100101 Firefox/122.0,60,,,,,,,,,,,,,,,,,,,,,,,,,,,,,,,,,,,,,,media/dinb.png,2,2,Symb,e,RT,0,0,0,1,8,0,2,0,1,5,99,e,0.617,2,1,e,1,0.617,2,0,2,0,1,,,,,,,,,,,,,
,,,,,,,,,,,,,,,,,316,2,2024-02-14_20h27.11.143,Symbol-E,2020.1.3,Win32,Firefox,Mozilla/5.0 (Windows NT 10.0; Win64; x64; rv:122.0) Gecko/20100101 Firefox/122.0,60,,,,,,,,,,,,,,,,,,,,,,,,,,,,,,,,,,,,,,media/dfnb.png,5,1,Symb,u,RT,0,0,0,1,8,0,3,0,1,5,99,u,0.7,5,1,u,1,0.7,3,0,3,0,1,,,,,,,,,,,,,
,,,,,,,,,,,,,,,,,316,2,2024-02-14_20h27.11.143,Symbol-E,2020.1.3,Win32,Firefox,Mozilla/5.0 (Windows NT 10.0; Win64; x64; rv:122.0) Gecko/20100101 Firefox/122.0,60,,,,,,,,,,,,,,,,,,,,,,,,,,,,,,,,,,,,,,media/djnb.png,7,3,Symb,l,RT,0,0,0,1,8,0,4,0,1,5,99,l,0.65,7,1,l,1,0.65,4,0,4,0,1,,,,,,,,,,,,,
,,,,,,,,,,,,,,,,,316,2,2024-02-14_20h27.11.143,Symbol-E,2020.1.3,Win32,Firefox,Mozilla/5.0 (Windows NT 10.0; Win64; x64; rv:122.0) Gecko/20100101 Firefox/122.0,60,,,,,,,,,,,,,,,,,,,,,,,,,,,,,,,,,,,,,,media/dgnb.png,1,1,Symb,w,RT,0,0,0,1,8,0,5,0,1,5,99,w,0.799,1,1,w,1,0.799,5,0,5,0,1,,,,,,,,,,,,,
,,,,,,,,,,,,,,,,,316,2,2024-02-14_20h27.11.143,Symbol-E,2020.1.3,Win32,Firefox,Mozilla/5.0 (Windows NT 10.0; Win64; x64; rv:122.0) Gecko/20100101 Firefox/122.0,60,,,,,,,,,,,,,,,,,,,,,,,,,,,,,,,,,,,,,,media/dgnb.png,1,1,Symb,w,RT,0,0,0,1,8,0,6,0,1,5,99,w,0.502,1,1,w,1,0.502,6,0,6,0,1,,,,,,,,,,,,,
,,,,,,,,,,,,,,,,,316,2,2024-02-14_20h27.11.143,Symbol-E,2020.1.3,Win32,Firefox,Mozilla/5.0 (Windows NT 10.0; Win64; x64; rv:122.0) Gecko/20100101 Firefox/122.0,60,,,,,,,,,,,,,,,,,,,,,,,,,,,,,,,,,,,,,,media/ddnb.png,6,2,Symb,i,RT,0,0,0,1,8,0,7,0,1,5,99,i,0.749,6,1,i,1,0.749,7,0,7,0,1,,,,,,,,,,,,,
,,,,,,,,,,,,,,,,,316,2,2024-02-14_20h27.11.143,Symbol-E,2020.1.3,Win32,Firefox,Mozilla/5.0 (Windows NT 10.0; Win64; x64; rv:122.0) Gecko/20100101 Firefox/122.0,60,,,,,,,,,,,,,,,,,,,,,,,,,,,,,,,,,,,,,,media/dcnb.png,4,0,Symb,h,RT,0,0,0,1,8,0,8,0,1,5,99,h,0.635,4,1,h,1,0.635,8,0,8,0,1,,,,,,,,,,,,,
,,,,,,,,,,,,,,,,,316,2,2024-02-14_20h27.11.143,Symbol-E,2020.1.3,Win32,Firefox,Mozilla/5.0 (Windows NT 10.0; Win64; x64; rv:122.0) Gecko/20100101 Firefox/122.0,60,,,,,,,,,,,,,,,,,,,,,,,,,,,,,,,,,,,,,,media/dnnb.png,3,3,Symb,f,RT,0,0,0,1,8,0,9,0,1,5,99,f,0.582,3,1,f,1,0.582,9,0,9,0,1,,,,,,,,,,,,,
,,,,,,,,,,,,,,,,,316,2,2024-02-14_20h27.11.143,Symbol-E,2020.1.3,Win32,Firefox,Mozilla/5.0 (Windows NT 10.0; Win64; x64; rv:122.0) Gecko/20100101 Firefox/122.0,60,,,,,,,,,,,,,,,,,,,,,,,,,,,,,,,,,,,,,,media/dinb.png,2,2,Symb,e,RT,0,0,0,1,8,0,10,0,1,5,99,e,1.218,2,1,e,1,1.218,10,0,10,0,1,,,,,,,,,,,,,
,,,,,,,,,,,,,,,,,316,2,2024-02-14_20h27.11.143,Symbol-E,2020.1.3,Win32,Firefox,Mozilla/5.0 (Windows NT 10.0; Win64; x64; rv:122.0) Gecko/20100101 Firefox/122.0,60,,,,,,,,,,,,,,,,,,,,,,,,,,,,,,,,,,,,,,media/ddnb.png,6,2,Symb,i,RT,0,0,0,1,8,0,11,0,1,5,99,i,0.785,6,1,i,1,0.785,11,0,11,0,1,,,,,,,,,,,,,
,,,,,,,,,,,,,,,,,316,2,2024-02-14_20h27.11.143,Symbol-E,2020.1.3,Win32,Firefox,Mozilla/5.0 (Windows NT 10.0; Win64; x64; rv:122.0) Gecko/20100101 Firefox/122.0,60,,,,,,,,,,,,,,,,,,,,,,,,,,,,,,,,,,,,,,media/dmnb.png,0,0,Symb,a,RT,0,0,0,1,8,0,12,0,1,5,99,a,1.084,0,1,a,1,1.084,12,0,12,0,1,,,,,,,,,,,,,
,,,,,,,,,,,,,,,,,316,2,2024-02-14_20h27.11.143,Symbol-E,2020.1.3,Win32,Firefox,Mozilla/5.0 (Windows NT 10.0; Win64; x64; rv:122.0) Gecko/20100101 Firefox/122.0,60,,,,,,,,,,,,,,,,,,,,,,,,,,,,,,,,,,,,,,media/dcnb.png,4,0,Symb,h,RT,0,0,0,1,8,0,13,0,1,5,99,h,0.7,4,1,h,1,0.7,13,0,13,0,1,,,,,,,,,,,,,
,,,,,,,,,,,,,,,,,316,2,2024-02-14_20h27.11.143,Symbol-E,2020.1.3,Win32,Firefox,Mozilla/5.0 (Windows NT 10.0; Win64; x64; rv:122.0) Gecko/20100101 Firefox/122.0,60,,,,,,,,,,,,,,,,,,,,,,,,,,,,,,,,,,,,,,media/dfnb.png,5,1,Symb,u,RT,0,0,0,1,8,0,14,0,1,5,99,u,0.567,5,1,u,1,0.567,14,0,14,0,1,,,,,,,,,,,,,
,,,,,,,,,,,,,,,,,316,2,2024-02-14_20h27.11.143,Symbol-E,2020.1.3,Win32,Firefox,Mozilla/5.0 (Windows NT 10.0; Win64; x64; rv:122.0) Gecko/20100101 Firefox/122.0,60,,,,,,,,,,,,,,,,,,,,,,,,,,,,,,,,,,,,,,media/dmnb.png,0,0,Symb,a,RT,0,0,0,1,8,0,15,0,1,5,99,a,0.619,0,1,a,1,0.619,15,0,15,0,1,,,,,,,,,,,,,
,,,,,,,,,,,,,,,,,316,2,2024-02-14_20h27.11.143,Symbol-E,2020.1.3,Win32,Firefox,Mozilla/5.0 (Windows NT 10.0; Win64; x64; rv:122.0) Gecko/20100101 Firefox/122.0,60,,,,,,,,,,,,,,,,,,,,,,,,,,,,,,,,,,,,,,media/djnb.png,7,3,Symb,l,RT,0,0,0,1,8,0,16,0,1,5,99,l,0.966,7,1,l,1,0.966,16,0,16,0,1,,,,,,,,,,,,,
,,,,,,,,,,,,,,,,,316,2,2024-02-14_20h27.11.143,Symbol-E,2020.1.3,Win32,Firefox,Mozilla/5.0 (Windows NT 10.0; Win64; x64; rv:122.0) Gecko/20100101 Firefox/122.0,60,,,,,,,,,,,,,,,,,,,,,,,,,,,,,,,,,,,,,,media/dfnb.png,5,1,Symb,u,RT,0,0,0,1,8,0,17,0,1,5,99,u,0.599,5,1,u,1,0.599,17,0,17,0,1,,,,,,,,,,,,,
,,,,,,,,,,,,,,,,,316,2,2024-02-14_20h27.11.143,Symbol-E,2020.1.3,Win32,Firefox,Mozilla/5.0 (Windows NT 10.0; Win64; x64; rv:122.0) Gecko/20100101 Firefox/122.0,60,,,,,,,,,,,,,,,,,,,,,,,,,,,,,,,,,,,,,,media/dcnb.png,4,0,Symb,h,RT,0,0,0,1,8,0,18,0,1,5,99,h,0.585,4,1,h,1,0.585,18,0,18,0,1,,,,,,,,,,,,,
,,,,,,,,,,,,,,,,,316,2,2024-02-14_20h27.11.143,Symbol-E,2020.1.3,Win32,Firefox,Mozilla/5.0 (Windows NT 10.0; Win64; x64; rv:122.0) Gecko/20100101 Firefox/122.0,60,,,,,,,,,,,,,,,,,,,,,,,,,,,,,,,,,,,,,,media/dcnb.png,4,0,Symb,h,RT,0,0,0,1,8,0,19,0,1,5,99,h,0.433,4,1,h,1,0.433,19,0,19,0,1,,,,,,,,,,,,,
,,,,,,,,,,,,,,,,,316,2,2024-02-14_20h27.11.143,Symbol-E,2020.1.3,Win32,Firefox,Mozilla/5.0 (Windows NT 10.0; Win64; x64; rv:122.0) Gecko/20100101 Firefox/122.0,60,,,,,,,,,,,,,,,,,,,,,,,,,,,,,,,,,,,,,,media/dnnb.png,3,3,Symb,f,RT,0,0,0,1,8,0,20,0,1,5,99,f,1.3,3,1,f,1,1.3,20,0,20,0,1,,,,,,,,,,,,,
,,,,,,,,,,,,,,,,,316,2,2024-02-14_20h27.11.143,Symbol-E,2020.1.3,Win32,Firefox,Mozilla/5.0 (Windows NT 10.0; Win64; x64; rv:122.0) Gecko/20100101 Firefox/122.0,60,,,,,,,,,,,,,,,,,,,,,,,,,,,,,,,,,,,,,,media/ddnb.png,6,2,Symb,i,RT,0,0,0,1,8,0,21,0,1,5,99,i,0.716,6,1,i,1,0.716,21,0,21,0,1,,,,,,,,,,,,,
,,,,,,,,,,,,,,,,,316,2,2024-02-14_20h27.11.143,Symbol-E,2020.1.3,Win32,Firefox,Mozilla/5.0 (Windows NT 10.0; Win64; x64; rv:122.0) Gecko/20100101 Firefox/122.0,60,,,,,,,,,,,,,,,,,,,,,,,,,,,,,,,,,,,,,,media/ddnb.png,6,2,Symb,i,RT,0,0,0,1,8,0,22,0,1,5,99,i,0.468,6,1,i,1,0.468,22,0,22,0,1,,,,,,,,,,,,,
,,,,,,,,,,,,,,,,,316,2,2024-02-14_20h27.11.143,Symbol-E,2020.1.3,Win32,Firefox,Mozilla/5.0 (Windows NT 10.0; Win64; x64; rv:122.0) Gecko/20100101 Firefox/122.0,60,,,,,,,,,,,,,,,,,,,,,,,,,,,,,,,,,,,,,,media/dfnb.png,5,1,Symb,u,RT,0,0,0,1,8,0,23,0,1,5,99,u,0.599,5,1,u,1,0.599,23,0,23,0,1,,,,,,,,,,,,,
,,,,,,,,,,,,,,,,,316,2,2024-02-14_20h27.11.143,Symbol-E,2020.1.3,Win32,Firefox,Mozilla/5.0 (Windows NT 10.0; Win64; x64; rv:122.0) Gecko/20100101 Firefox/122.0,60,,,,,,,,,,,,,,,,,,,,,,,,,,,,,,,,,,,,,,media/dnnb.png,3,3,Symb,f,RT,0,0,0,1,8,0,24,0,1,5,99,f,0.852,3,1,f,1,0.852,24,0,24,0,1,,,,,,,,,,,,,
,,,,,,,,,,,,,,,,,316,2,2024-02-14_20h27.11.143,Symbol-E,2020.1.3,Win32,Firefox,Mozilla/5.0 (Windows NT 10.0; Win64; x64; rv:122.0) Gecko/20100101 Firefox/122.0,60,,,,,,,,,,,,,,,,,,,,,,,,,,,,,,,,,,,,,,media/dmnb.png,0,0,Symb,a,RT,0,0,0,1,8,0,25,0,1,5,99,a,0.672,0,1,a,1,0.672,25,0,25,0,1,,,,,,,,,,,,,
,,,,,,,,,,,,,,,,,316,2,2024-02-14_20h27.11.143,Symbol-E,2020.1.3,Win32,Firefox,Mozilla/5.0 (Windows NT 10.0; Win64; x64; rv:122.0) Gecko/20100101 Firefox/122.0,60,,,,,,,,,,,,,,,,,,,,,,,,,,,,,,,,,,,,,,media/dmnb.png,0,0,Symb,a,RT,0,0,0,1,8,0,26,0,1,5,99,a,0.434,0,1,a,1,0.434,26,0,26,0,1,,,,,,,,,,,,,
,,,,,,,,,,,,,,,,,316,2,2024-02-14_20h27.11.143,Symbol-E,2020.1.3,Win32,Firefox,Mozilla/5.0 (Windows NT 10.0; Win64; x64; rv:122.0) Gecko/20100101 Firefox/122.0,60,,,,,,,,,,,,,,,,,,,,,,,,,,,,,,,,,,,,,,media/dinb.png,2,2,Symb,e,RT,0,0,0,1,8,0,27,0,1,5,99,e,0.651,2,1,e,1,0.651,27,0,27,0,1,,,,,,,,,,,,,
,,,,,,,,,,,,,,,,,316,2,2024-02-14_20h27.11.143,Symbol-E,2020.1.3,Win32,Firefox,Mozilla/5.0 (Windows NT 10.0; Win64; x64; rv:122.0) Gecko/20100101 Firefox/122.0,60,,,,,,,,,,,,,,,,,,,,,,,,,,,,,,,,,,,,,,media/dinb.png,2,2,Symb,e,RT,0,0,0,1,8,0,28,0,1,5,99,e,0.433,2,1,e,1,0.433,28,0,28,0,1,,,,,,,,,,,,,
,,,,,,,,,,,,,,,,,316,2,2024-02-14_20h27.11.143,Symbol-E,2020.1.3,Win32,Firefox,Mozilla/5.0 (Windows NT 10.0; Win64; x64; rv:122.0) Gecko/20100101 Firefox/122.0,60,,,,,,,,,,,,,,,,,,,,,,,,,,,,,,,,,,,,,,media/djnb.png,7,3,Symb,l,RT,0,0,0,1,8,0,29,0,1,5,99,l,0.749,7,1,l,1,0.749,29,0,29,0,1,,,,,,,,,,,,,
,,,,,,,,,,,,,,,,,316,2,2024-02-14_20h27.11.143,Symbol-E,2020.1.3,Win32,Firefox,Mozilla/5.0 (Windows NT 10.0; Win64; x64; rv:122.0) Gecko/20100101 Firefox/122.0,60,,,,,,,,,,,,,,,,,,,,,,,,,,,,,,,,,,,,,,media/dgnb.png,1,1,Symb,w,RT,0,0,0,1,8,0,30,0,1,5,99,w,1.203,1,1,w,1,1.203,30,0,30,0,1,,,,,,,,,,,,,
,,,,,,,,,,,,,,,,,316,2,2024-02-14_20h27.11.143,Symbol-E,2020.1.3,Win32,Firefox,Mozilla/5.0 (Windows NT 10.0; Win64; x64; rv:122.0) Gecko/20100101 Firefox/122.0,60,,,,,,,,,,,,,,,,,,,,,,,,,,,,,,,,,,,,,,media/dgnb.png,1,1,Symb,w,RT,0,0,0,1,8,0,31,0,1,5,99,w,0.467,1,1,w,1,0.467,31,0,31,0,1,,,,,,,,,,,,,
,,,,,,,,,,,,,,,,,316,2,2024-02-14_20h27.11.143,Symbol-E,2020.1.3,Win32,Firefox,Mozilla/5.0 (Windows NT 10.0; Win64; x64; rv:122.0) Gecko/20100101 Firefox/122.0,60,,,,,,,,,,,,,,,,,,,,,,,,,,,,,,,,,,,,,,media/dfnb.png,5,1,Symb,u,RT,0,0,0,1,8,0,32,0,1,5,99,u,0.667,5,1,u,1,0.667,32,0,32,0,1,,,,,,,,,,,,,
,,,,,,,,,,,,,,,,,316,2,2024-02-14_20h27.11.143,Symbol-E,2020.1.3,Win32,Firefox,Mozilla/5.0 (Windows NT 10.0; Win64; x64; rv:122.0) Gecko/20100101 Firefox/122.0,60,,,,,,,,,,,,,,,,,,,,,,,,,,,,,,,,,,,,,,media/djnb.png,7,3,Symb,l,RT,0,0,0,1,8,0,33,0,1,5,99,l,0.683,7,1,l,1,0.683,33,0,33,0,1,,,,,,,,,,,,,
,,,,,,,,,,,,,,,,,316,2,2024-02-14_20h27.11.143,Symbol-E,2020.1.3,Win32,Firefox,Mozilla/5.0 (Windows NT 10.0; Win64; x64; rv:122.0) Gecko/20100101 Firefox/122.0,60,,,,,,,,,,,,,,,,,,,,,,,,,,,,,,,,,,,,,,media/dgnb.png,1,1,Symb,w,RT,0,0,0,1,8,0,34,0,1,5,99,w,0.952,1,1,w,1,0.952,34,0,34,0,1,,,,,,,,,,,,,
,,,,,,,,,,,,,,,,,316,2,2024-02-14_20h27.11.143,Symbol-E,2020.1.3,Win32,Firefox,Mozilla/5.0 (Windows NT 10.0; Win64; x64; rv:122.0) Gecko/20100101 Firefox/122.0,60,,,,,,,,,,,,,,,,,,,,,,,,,,,,,,,,,,,,,,media/dmnb.png,0,0,Symb,a,RT,0,0,0,1,8,0,35,0,1,5,99,a,0.667,0,1,a,1,0.667,35,0,35,0,1,,,,,,,,,,,,,
,,,,,,,,,,,,,,,,,316,2,2024-02-14_20h27.11.143,Symbol-E,2020.1.3,Win32,Firefox,Mozilla/5.0 (Windows NT 10.0; Win64; x64; rv:122.0) Gecko/20100101 Firefox/122.0,60,,,,,,,,,,,,,,,,,,,,,,,,,,,,,,,,,,,,,,media/dnnb.png,3,3,Symb,f,RT,0,0,0,1,8,0,36,0,1,5,99,f,0.621,3,1,f,1,0.621,36,0,36,0,1,,,,,,,,,,,,,
,,,,,,,,,,,,,,,,,316,2,2024-02-14_20h27.11.143,Symbol-E,2020.1.3,Win32,Firefox,Mozilla/5.0 (Windows NT 10.0; Win64; x64; rv:122.0) Gecko/20100101 Firefox/122.0,60,,,,,,,,,,,,,,,,,,,,,,,,,,,,,,,,,,,,,,media/dfnb.png,5,1,Symb,u,RT,0,0,0,1,8,0,37,0,1,5,99,u,0.672,5,1,u,1,0.672,37,0,37,0,1,,,,,,,,,,,,,
,,,,,,,,,,,,,,,,,316,2,2024-02-14_20h27.11.143,Symbol-E,2020.1.3,Win32,Firefox,Mozilla/5.0 (Windows NT 10.0; Win64; x64; rv:122.0) Gecko/20100101 Firefox/122.0,60,,,,,,,,,,,,,,,,,,,,,,,,,,,,,,,,,,,,,,media/djnb.png,7,3,Symb,l,RT,0,0,0,1,8,0,38,0,1,5,99,l,0.69,7,1,l,1,0.69,38,0,38,0,1,,,,,,,,,,,,,
,,,,,,,,,,,,,,,,,316,2,2024-02-14_20h27.11.143,Symbol-E,2020.1.3,Win32,Firefox,Mozilla/5.0 (Windows NT 10.0; Win64; x64; rv:122.0) Gecko/20100101 Firefox/122.0,60,,,,,,,,,,,,,,,,,,,,,,,,,,,,,,,,,,,,,,media/ddnb.png,6,2,Symb,i,RT,0,0,0,1,8,0,39,0,1,5,99,i,0.917,6,1,i,1,0.917,39,0,39,0,1,,,,,,,,,,,,,
,,,,,,,,,,,,,,,,,316,2,2024-02-14_20h27.11.143,Symbol-E,2020.1.3,Win32,Firefox,Mozilla/5.0 (Windows NT 10.0; Win64; x64; rv:122.0) Gecko/20100101 Firefox/122.0,60,,,,,,,,,,,,,,,,,,,,,,,,,,,,,,,,,,,,,,media/dnnb.png,3,3,Symb,f,RT,0,0,0,1,8,0,40,0,1,5,99,f,0.633,3,1,f,1,0.633,40,0,40,0,1,,,,,,,,,,,,,
,,,,,,,,,,,,,,,,,316,2,2024-02-14_20h27.11.143,Symbol-E,2020.1.3,Win32,Firefox,Mozilla/5.0 (Windows NT 10.0; Win64; x64; rv:122.0) Gecko/20100101 Firefox/122.0,60,,,,,,,,,,,,,,,,,,,,,,,,,,,,,,,,,,,,,,media/dcnb.png,4,0,Symb,h,RT,0,0,0,1,8,0,41,0,1,5,99,h,0.9,4,1,h,1,0.9,41,0,41,0,1,,,,,,,,,,,,,
,,,,,,,,,,,,,,,,,316,2,2024-02-14_20h27.11.143,Symbol-E,2020.1.3,Win32,Firefox,Mozilla/5.0 (Windows NT 10.0; Win64; x64; rv:122.0) Gecko/20100101 Firefox/122.0,60,,,,,,,,,,,,,,,,,,,,,,,,,,,,,,,,,,,,,,media/dmnb.png,0,0,Symb,a,RT,0,0,0,1,8,0,42,0,1,5,99,a,0.7,0,1,a,1,0.7,42,0,42,0,1,,,,,,,,,,,,,
,,,,,,,,,,,,,,,,,316,2,2024-02-14_20h27.11.143,Symbol-E,2020.1.3,Win32,Firefox,Mozilla/5.0 (Windows NT 10.0; Win64; x64; rv:122.0) Gecko/20100101 Firefox/122.0,60,,,,,,,,,,,,,,,,,,,,,,,,,,,,,,,,,,,,,,media/dinb.png,2,2,Symb,e,RT,0,0,0,1,8,0,43,0,1,5,99,e,1.467,2,1,e,1,1.467,43,0,43,0,1,,,,,,,,,,,,,
,,,,,,,,,,,,,,,,,316,2,2024-02-14_20h27.11.143,Symbol-E,2020.1.3,Win32,Firefox,Mozilla/5.0 (Windows NT 10.0; Win64; x64; rv:122.0) Gecko/20100101 Firefox/122.0,60,,,,,,,,,,,,,,,,,,,,,,,,,,,,,,,,,,,,,,media/dgnb.png,1,1,Symb,w,RT,0,0,0,1,8,0,44,0,1,5,99,w,0.866,1,1,w,1,0.866,44,0,44,0,1,,,,,,,,,,,,,
,,,,,,,,,,,,,,,,,316,2,2024-02-14_20h27.11.143,Symbol-E,2020.1.3,Win32,Firefox,Mozilla/5.0 (Windows NT 10.0; Win64; x64; rv:122.0) Gecko/20100101 Firefox/122.0,60,,,,,,,,,,,,,,,,,,,,,,,,,,,,,,,,,,,,,,media/ddnb.png,6,2,Symb,i,RT,0,0,0,1,8,0,45,0,1,5,99,i,0.952,6,1,i,1,0.952,45,0,45,0,1,,,,,,,,,,,,,
,,,,,,,,,,,,,,,,,316,2,2024-02-14_20h27.11.143,Symbol-E,2020.1.3,Win32,Firefox,Mozilla/5.0 (Windows NT 10.0; Win64; x64; rv:122.0) Gecko/20100101 Firefox/122.0,60,,,,,,,,,,,,,,,,,,,,,,,,,,,,,,,,,,,,,,media/dcnb.png,4,0,Symb,h,RT,0,0,0,1,8,0,46,0,1,5,99,h,0.886,4,1,h,1,0.886,46,0,46,0,1,,,,,,,,,,,,,
,,,,,,,,,,,,,,,,,316,2,2024-02-14_20h27.11.143,Symbol-E,2020.1.3,Win32,Firefox,Mozilla/5.0 (Windows NT 10.0; Win64; x64; rv:122.0) Gecko/20100101 Firefox/122.0,60,,,,,,,,,,,,,,,,,,,,,,,,,,,,,,,,,,,,,,media/dinb.png,2,2,Symb,e,RT,0,0,0,1,8,0,47,0,1,5,99,e,0.634,2,1,e,1,0.634,47,0,47,0,1,,,,,,,,,,,,,
,,,,,,,,,,,,,,,,,316,2,2024-02-14_20h27.11.143,Symbol-E,2020.1.3,Win32,Firefox,Mozilla/5.0 (Windows NT 10.0; Win64; x64; rv:122.0) Gecko/20100101 Firefox/122.0,60,,,,,,,,,,,,,,,,,,,,,,,,,,,,,,,,,,,,,,media/dmnb.png,0,0,Symb,a,RT,0,0,0,1,8,0,48,0,1,5,99,a,0.783,0,1,a,1,0.783,48,0,48,0,1,,,,,,,,,,,,,
,,,,,,,,,,,,,,,,,316,2,2024-02-14_20h27.11.143,Symbol-E,2020.1.3,Win32,Firefox,Mozilla/5.0 (Windows NT 10.0; Win64; x64; rv:122.0) Gecko/20100101 Firefox/122.0,60,,,,,,,,,,,,,,,,,,,,,,,,,,,,,,,,,,,,,,media/dgnb.png,1,1,Symb,w,RT,0,0,0,1,8,0,49,0,1,5,99,w,2.102,1,1,w,1,2.102,49,0,49,0,1,,,,,,,,,,,,,
,,,,,,,,,,,,,,,,,316,2,2024-02-14_20h27.11.143,Symbol-E,2020.1.3,Win32,Firefox,Mozilla/5.0 (Windows NT 10.0; Win64; x64; rv:122.0) Gecko/20100101 Firefox/122.0,60,,,,,,,,,,,,,,,,,,,,,,,,,,,,,,,,,,,,,,media/dnnb.png,3,3,Symb,f,RT,0,0,0,1,8,0,50,0,1,5,99,f,0.735,3,1,f,1,0.735,50,0,50,0,1,,,,,,,,,,,,,
,,,,,,,,,,,,,,,,,316,2,2024-02-14_20h27.11.143,Symbol-E,2020.1.3,Win32,Firefox,Mozilla/5.0 (Windows NT 10.0; Win64; x64; rv:122.0) Gecko/20100101 Firefox/122.0,60,,,,,,,,,,,,,,,,,,,,,,,,,,,,,,,,,,,,,,media/dgnb.png,1,1,Symb,w,RT,0,0,0,1,8,0,51,0,1,5,99,f,0.938,3,0,f,0,0.938,51,0,51,0,1,,,,,,,,,,,,,
,,,,,,,,,,,,,,,,,316,2,2024-02-14_20h27.11.143,Symbol-E,2020.1.3,Win32,Firefox,Mozilla/5.0 (Windows NT 10.0; Win64; x64; rv:122.0) Gecko/20100101 Firefox/122.0,60,,,,,,,,,,,,,,,,,,,,,,,,,,,,,,,,,,,,,,media/ddnb.png,6,2,Symb,i,RT,0,0,0,1,8,0,52,0,1,5,99,i,1.366,6,1,i,1,1.366,52,0,52,0,1,,,,,,,,,,,,,
,,,,,,,,,,,,,,,,,316,2,2024-02-14_20h27.11.143,Symbol-E,2020.1.3,Win32,Firefox,Mozilla/5.0 (Windows NT 10.0; Win64; x64; rv:122.0) Gecko/20100101 Firefox/122.0,60,,,,,,,,,,,,,,,,,,,,,,,,,,,,,,,,,,,,,,media/dmnb.png,0,0,Symb,a,RT,0,0,0,1,8,0,53,0,1,5,99,a,1.4,0,1,a,1,1.4,53,0,53,0,1,,,,,,,,,,,,,
,,,,,,,,,,,,,,,,,316,2,2024-02-14_20h27.11.143,Symbol-E,2020.1.3,Win32,Firefox,Mozilla/5.0 (Windows NT 10.0; Win64; x64; rv:122.0) Gecko/20100101 Firefox/122.0,60,,,,,,,,,,,,,,,,,,,,,,,,,,,,,,,,,,,,,,media/dnnb.png,3,3,Symb,f,RT,0,0,0,1,8,0,54,0,1,5,99,f,0.767,3,1,f,1,0.767,54,0,54,0,1,,,,,,,,,,,,,
,,,,,,,,,,,,,,,,,316,2,2024-02-14_20h27.11.143,Symbol-E,2020.1.3,Win32,Firefox,Mozilla/5.0 (Windows NT 10.0; Win64; x64; rv:122.0) Gecko/20100101 Firefox/122.0,60,,,,,,,,,,,,,,,,,,,,,,,,,,,,,,,,,,,,,,media/ddnb.png,6,2,Symb,i,RT,0,0,0,1,8,0,55,0,1,5,99,i,0.65,6,1,i,1,0.65,55,0,55,0,1,,,,,,,,,,,,,
,,,,,,,,,,,,,,,,,316,2,2024-02-14_20h27.11.143,Symbol-E,2020.1.3,Win32,Firefox,Mozilla/5.0 (Windows NT 10.0; Win64; x64; rv:122.0) Gecko/20100101 Firefox/122.0,60,,,,,,,,,,,,,,,,,,,,,,,,,,,,,,,,,,,,,,media/dinb.png,2,2,Symb,e,RT,0,0,0,1,8,0,56,0,1,5,99,e,0.937,2,1,e,1,0.937,56,0,56,0,1,,,,,,,,,,,,,
,,,,,,,,,,,,,,,,,316,2,2024-02-14_20h27.11.143,Symbol-E,2020.1.3,Win32,Firefox,Mozilla/5.0 (Windows NT 10.0; Win64; x64; rv:122.0) Gecko/20100101 Firefox/122.0,60,,,,,,,,,,,,,,,,,,,,,,,,,,,,,,,,,,,,,,media/djnb.png,7,3,Symb,l,RT,0,0,0,1,8,0,57,0,1,5,99,l,1.052,7,1,l,1,1.052,57,0,57,0,1,,,,,,,,,,,,,
,,,,,,,,,,,,,,,,,316,2,2024-02-14_20h27.11.143,Symbol-E,2020.1.3,Win32,Firefox,Mozilla/5.0 (Windows NT 10.0; Win64; x64; rv:122.0) Gecko/20100101 Firefox/122.0,60,,,,,,,,,,,,,,,,,,,,,,,,,,,,,,,,,,,,,,media/dfnb.png,5,1,Symb,u,RT,0,0,0,1,8,0,58,0,1,5,99,u,0.583,5,1,u,1,0.583,58,0,58,0,1,,,,,,,,,,,,,
,,,,,,,,,,,,,,,,,316,2,2024-02-14_20h27.11.143,Symbol-E,2020.1.3,Win32,Firefox,Mozilla/5.0 (Windows NT 10.0; Win64; x64; rv:122.0) Gecko/20100101 Firefox/122.0,60,,,,,,,,,,,,,,,,,,,,,,,,,,,,,,,,,,,,,,media/dcnb.png,4,0,Symb,h,RT,0,0,0,1,8,0,59,0,1,5,99,h,0.601,4,1,h,1,0.601,59,0,59,0,1,,,,,,,,,,,,,
,,,,,,,,,,,,,,,,,316,2,2024-02-14_20h27.11.143,Symbol-E,2020.1.3,Win32,Firefox,Mozilla/5.0 (Windows NT 10.0; Win64; x64; rv:122.0) Gecko/20100101 Firefox/122.0,60,,,,,,,,,,,,,,,,,,,,,,,,,,,,,,,,,,,,,,media/dfnb.png,5,1,Symb,u,RT,0,0,0,1,8,0,60,0,1,5,99,u,0.798,5,1,u,1,0.798,60,0,60,0,1,,,,,,,,,,,,,
,,,,,,,,,,,,,,,,,316,2,2024-02-14_20h27.11.143,Symbol-E,2020.1.3,Win32,Firefox,Mozilla/5.0 (Windows NT 10.0; Win64; x64; rv:122.0) Gecko/20100101 Firefox/122.0,60,,,,,,,,,,,,,,,,,,,,,,,,,,,,,,,,,,,,,,media/djnb.png,7,3,Symb,l,RT,0,0,0,1,8,0,61,0,1,5,99,l,0.917,7,1,l,1,0.917,61,0,61,0,1,,,,,,,,,,,,,
,,,,,,,,,,,,,,,,,316,2,2024-02-14_20h27.11.143,Symbol-E,2020.1.3,Win32,Firefox,Mozilla/5.0 (Windows NT 10.0; Win64; x64; rv:122.0) Gecko/20100101 Firefox/122.0,60,,,,,,,,,,,,,,,,,,,,,,,,,,,,,,,,,,,,,,media/dcnb.png,4,0,Symb,h,RT,0,0,0,1,8,0,62,0,1,5,99,h,1.05,4,1,h,1,1.05,62,0,62,0,1,,,,,,,,,,,,,
,,,,,,,,,,,,,,,,,316,2,2024-02-14_20h27.11.143,Symbol-E,2020.1.3,Win32,Firefox,Mozilla/5.0 (Windows NT 10.0; Win64; x64; rv:122.0) Gecko/20100101 Firefox/122.0,60,,,,,,,,,,,,,,,,,,,,,,,,,,,,,,,,,,,,,,media/dinb.png,2,2,Symb,e,RT,0,0,0,1,8,0,63,0,1,5,99,e,1.439,2,1,e,1,1.439,63,0,63,0,1,,,,,,,,,,,,,
,,,,,,,,,,,,,,,,,316,2,2024-02-14_20h27.11.143,Symbol-E,2020.1.3,Win32,Firefox,Mozilla/5.0 (Windows NT 10.0; Win64; x64; rv:122.0) Gecko/20100101 Firefox/122.0,60,,,,,,,,,,,,,,,,,,,,,,,,,,,,,,,,,,,,,,media/dnnb.png,3,3,Symb,f,RT,0,0,0,1,8,0,64,0,1,5,99,f,0.568,3,1,f,1,0.568,64,0,64,0,1,,,,,,,,,,,,,
,,,,,,,,,,,,,,,,,316,2,2024-02-14_20h27.11.143,Symbol-E,2020.1.3,Win32,Firefox,Mozilla/5.0 (Windows NT 10.0; Win64; x64; rv:122.0) Gecko/20100101 Firefox/122.0,60,,,,,,,,,,,,,,,,,,,,,,,,,,,,,,,,,,,,,,media/djnb.png,7,3,Symb,l,RT,0,0,0,1,8,0,65,0,1,5,99,l,0.734,7,1,l,1,0.734,65,0,65,0,1,,,,,,,,,,,,,
,,,,,,,,,,,,,,,,,316,2,2024-02-14_20h27.11.143,Symbol-E,2020.1.3,Win32,Firefox,Mozilla/5.0 (Windows NT 10.0; Win64; x64; rv:122.0) Gecko/20100101 Firefox/122.0,60,,,,,,,,,,,,,,,,,,,,,,,,,,,,,,,,,,,,,,media/ddnb.png,6,2,Symb,i,RT,0,0,0,1,8,0,66,0,1,5,99,i,0.949,6,1,i,1,0.949,66,0,66,0,1,,,,,,,,,,,,,
,,,,,,,,,,,,,,,,,316,2,2024-02-14_20h27.11.143,Symbol-E,2020.1.3,Win32,Firefox,Mozilla/5.0 (Windows NT 10.0; Win64; x64; rv:122.0) Gecko/20100101 Firefox/122.0,60,,,,,,,,,,,,,,,,,,,,,,,,,,,,,,,,,,,,,,media/ddnb.png,6,2,Symb,i,RT,0,0,0,1,8,0,67,0,1,5,99,l,0.55,7,0,l,0,0.55,67,0,67,0,1,,,,,,,,,,,,,
,,,,,,,,,,,,,,,,,316,2,2024-02-14_20h27.11.143,Symbol-E,2020.1.3,Win32,Firefox,Mozilla/5.0 (Windows NT 10.0; Win64; x64; rv:122.0) Gecko/20100101 Firefox/122.0,60,,,,,,,,,,,,,,,,,,,,,,,,,,,,,,,,,,,,,,media/dgnb.png,1,1,Symb,w,RT,0,0,0,1,8,0,68,0,1,5,99,e,3.734,2,0,e,0,3.734,68,0,68,0,1,,,,,,,,,,,,,
,,,,,,,,,,,,,,,,,316,2,2024-02-14_20h27.11.143,Symbol-E,2020.1.3,Win32,Firefox,Mozilla/5.0 (Windows NT 10.0; Win64; x64; rv:122.0) Gecko/20100101 Firefox/122.0,60,,,,,,,,,,,,,,,,,,,,,,,,,,,,,,,,,,,,,,media/djnb.png,7,3,Symb,l,RT,0,0,0,1,8,0,69,0,1,5,99,l,2.483,7,1,l,1,2.483,69,0,69,0,1,,,,,,,,,,,,,
,,,,,,,,,,,,,,,,,316,2,2024-02-14_20h27.11.143,Symbol-E,2020.1.3,Win32,Firefox,Mozilla/5.0 (Windows NT 10.0; Win64; x64; rv:122.0) Gecko/20100101 Firefox/122.0,60,,,,,,,,,,,,,,,,,,,,,,,,,,,,,,,,,,,,,,media/dfnb.png,5,1,Symb,u,RT,0,0,0,1,8,0,70,0,1,5,99,u,0.601,5,1,u,1,0.601,70,0,70,0,1,,,,,,,,,,,,,
,,,,,,,,,,,,,,,,,316,2,2024-02-14_20h27.11.143,Symbol-E,2020.1.3,Win32,Firefox,Mozilla/5.0 (Windows NT 10.0; Win64; x64; rv:122.0) Gecko/20100101 Firefox/122.0,60,,,,,,,,,,,,,,,,,,,,,,,,,,,,,,,,,,,,,,media/dnnb.png,3,3,Symb,f,RT,0,0,0,1,8,0,71,0,1,5,99,f,2.469,3,1,f,1,2.469,71,0,71,0,1,,,,,,,,,,,,,
,,,,,,,,,,,,,,,,,316,2,2024-02-14_20h27.11.143,Symbol-E,2020.1.3,Win32,Firefox,Mozilla/5.0 (Windows NT 10.0; Win64; x64; rv:122.0) Gecko/20100101 Firefox/122.0,60,,,,,,,,,,,,,,,,,,,,,,,,,,,,,,,,,,,,,,media/dcnb.png,4,0,Symb,h,RT,0,0,0,1,8,0,72,0,1,5,99,h,1.001,4,1,h,1,1.001,72,0,72,0,1,,,,,,,,,,,,,
,,,,,,,,,,,,,,,,,316,2,2024-02-14_20h27.11.143,Symbol-E,2020.1.3,Win32,Firefox,Mozilla/5.0 (Windows NT 10.0; Win64; x64; rv:122.0) Gecko/20100101 Firefox/122.0,60,,,,,,,,,,,,,,,,,,,,,,,,,,,,,,,,,,,,,,media/dfnb.png,5,1,Symb,u,RT,0,0,0,1,8,0,73,0,1,5,99,u,0.65,5,1,u,1,0.65,73,0,73,0,1,,,,,,,,,,,,,
,,,,,,,,,,,,,,,,,316,2,2024-02-14_20h27.11.143,Symbol-E,2020.1.3,Win32,Firefox,Mozilla/5.0 (Windows NT 10.0; Win64; x64; rv:122.0) Gecko/20100101 Firefox/122.0,60,,,,,,,,,,,,,,,,,,,,,,,,,,,,,,,,,,,,,,media/dinb.png,2,2,Symb,e,RT,0,0,0,1,8,0,74,0,1,5,99,e,1.082,2,1,e,1,1.082,74,0,74,0,1,,,,,,,,,,,,,
,,,,,,,,,,,,,,,,,316,2,2024-02-14_20h27.11.143,Symbol-E,2020.1.3,Win32,Firefox,Mozilla/5.0 (Windows NT 10.0; Win64; x64; rv:122.0) Gecko/20100101 Firefox/122.0,60,,,,,,,,,,,,,,,,,,,,,,,,,,,,,,,,,,,,,,media/dinb.png,2,2,Symb,e,RT,0,0,0,1,8,0,75,0,1,5,99,e,0.583,2,1,e,1,0.583,75,0,75,0,1,,,,,,,,,,,,,
,,,,,,,,,,,,,,,,,316,2,2024-02-14_20h27.11.143,Symbol-E,2020.1.3,Win32,Firefox,Mozilla/5.0 (Windows NT 10.0; Win64; x64; rv:122.0) Gecko/20100101 Firefox/122.0,60,,,,,,,,,,,,,,,,,,,,,,,,,,,,,,,,,,,,,,media/dmnb.png,0,0,Symb,a,RT,0,0,0,1,8,0,76,0,1,5,99,a,0.698,0,1,a,1,0.698,76,0,76,0,1,,,,,,,,,,,,,
,,,,,,,,,,,,,,,,,316,2,2024-02-14_20h27.11.143,Symbol-E,2020.1.3,Win32,Firefox,Mozilla/5.0 (Windows NT 10.0; Win64; x64; rv:122.0) Gecko/20100101 Firefox/122.0,60,,,,,,,,,,,,,,,,,,,,,,,,,,,,,,,,,,,,,,media/dgnb.png,1,1,Symb,w,RT,0,0,0,1,8,0,77,0,1,5,99,w,0.883,1,1,w,1,0.883,77,0,77,0,1,,,,,,,,,,,,,
,,,,,,,,,,,,,,,,,316,2,2024-02-14_20h27.11.143,Symbol-E,2020.1.3,Win32,Firefox,Mozilla/5.0 (Windows NT 10.0; Win64; x64; rv:122.0) Gecko/20100101 Firefox/122.0,60,,,,,,,,,,,,,,,,,,,,,,,,,,,,,,,,,,,,,,media/dmnb.png,0,0,Symb,a,RT,0,0,0,1,8,0,78,0,1,5,99,a,0.668,0,1,a,1,0.668,78,0,78,0,1,,,,,,,,,,,,,
,,,,,,,,,,,,,,,,,316,2,2024-02-14_20h27.11.143,Symbol-E,2020.1.3,Win32,Firefox,Mozilla/5.0 (Windows NT 10.0; Win64; x64; rv:122.0) Gecko/20100101 Firefox/122.0,60,,,,,,,,,,,,,,,,,,,,,,,,,,,,,,,,,,,,,,media/dcnb.png,4,0,Symb,h,RT,0,0,0,1,8,0,79,0,1,5,99,h,1.248,4,1,h,1,1.248,79,0,79,0,1,,,,,,,,,,,,,
,,,,,,,,,,,,,,,,,316,2,2024-02-14_20h27.11.143,Symbol-E,2020.1.3,Win32,Firefox,Mozilla/5.0 (Windows NT 10.0; Win64; x64; rv:122.0) Gecko/20100101 Firefox/122.0,60,,,,,,,,,,,,,,,,,,,,,,,,,,,,,,,,,,,,,,media/dnnb.png,3,3,Symb,f,RT,0,0,0,1,8,0,80,0,1,5,99,f,1.533,3,1,f,1,1.533,80,0,80,0,1,,,,,,,,,,,,,
,,,,,,,,,,,,,,,,,316,2,2024-02-14_20h27.11.143,Symbol-E,2020.1.3,Win32,Firefox,Mozilla/5.0 (Windows NT 10.0; Win64; x64; rv:122.0) Gecko/20100101 Firefox/122.0,60,,,,,,,,,,,,,,,,,,,,,,,,,,,,,,,,,,,,,,media/dfnb.png,5,1,Symb,u,RT,0,0,0,1,8,0,81,0,1,5,99,u,0.533,5,1,u,1,0.533,81,0,81,0,1,,,,,,,,,,,,,
,,,,,,,,,,,,,,,,,316,2,2024-02-14_20h27.11.143,Symbol-E,2020.1.3,Win32,Firefox,Mozilla/5.0 (Windows NT 10.0; Win64; x64; rv:122.0) Gecko/20100101 Firefox/122.0,60,,,,,,,,,,,,,,,,,,,,,,,,,,,,,,,,,,,,,,media/dcnb.png,4,0,Symb,h,RT,0,0,0,1,8,0,82,0,1,5,99,f,0.588,3,0,f,0,0.588,82,0,82,0,1,,,,,,,,,,,,,
,,,,,,,,,,,,,,,,,316,2,2024-02-14_20h27.11.143,Symbol-E,2020.1.3,Win32,Firefox,Mozilla/5.0 (Windows NT 10.0; Win64; x64; rv:122.0) Gecko/20100101 Firefox/122.0,60,,,,,,,,,,,,,,,,,,,,,,,,,,,,,,,,,,,,,,media/djnb.png,7,3,Symb,l,RT,0,0,0,1,8,0,83,0,1,5,99,l,0.734,7,1,l,1,0.734,83,0,83,0,1,,,,,,,,,,,,,
,,,,,,,,,,,,,,,,,316,2,2024-02-14_20h27.11.143,Symbol-E,2020.1.3,Win32,Firefox,Mozilla/5.0 (Windows NT 10.0; Win64; x64; rv:122.0) Gecko/20100101 Firefox/122.0,60,,,,,,,,,,,,,,,,,,,,,,,,,,,,,,,,,,,,,,media/dmnb.png,0,0,Symb,a,RT,0,0,0,1,8,0,84,0,1,5,99,a,0.77,0,1,a,1,0.77,84,0,84,0,1,,,,,,,,,,,,,
,,,,,,,,,,,,,,,,,316,2,2024-02-14_20h27.11.143,Symbol-E,2020.1.3,Win32,Firefox,Mozilla/5.0 (Windows NT 10.0; Win64; x64; rv:122.0) Gecko/20100101 Firefox/122.0,60,,,,,,,,,,,,,,,,,,,,,,,,,,,,,,,,,,,,,,media/dgnb.png,1,1,Symb,w,RT,0,0,0,1,8,0,85,0,1,5,99,w,1,1,1,w,1,1,85,0,85,0,1,,,,,,,,,,,,,
,,,,,,,,,,,,,,,,,316,2,2024-02-14_20h27.11.143,Symbol-E,2020.1.3,Win32,Firefox,Mozilla/5.0 (Windows NT 10.0; Win64; x64; rv:122.0) Gecko/20100101 Firefox/122.0,60,,,,,,,,,,,,,,,,,,,,,,,,,,,,,,,,,,,,,,media/dinb.png,2,2,Symb,e,RT,0,0,0,1,8,0,86,0,1,5,99,e,0.917,2,1,e,1,0.917,86,0,86,0,1,,,,,,,,,,,,,
,,,,,,,,,,,,,,,,,316,2,2024-02-14_20h27.11.143,Symbol-E,2020.1.3,Win32,Firefox,Mozilla/5.0 (Windows NT 10.0; Win64; x64; rv:122.0) Gecko/20100101 Firefox/122.0,60,,,,,,,,,,,,,,,,,,,,,,,,,,,,,,,,,,,,,,media/ddnb.png,6,2,Symb,i,RT,0,0,0,1,8,0,87,0,1,5,99,i,0.953,6,1,i,1,0.953,87,0,87,0,1,,,,,,,,,,,,,
,,,,,,,,,,,,,,,,,316,2,2024-02-14_20h27.11.143,Symbol-E,2020.1.3,Win32,Firefox,Mozilla/5.0 (Windows NT 10.0; Win64; x64; rv:122.0) Gecko/20100101 Firefox/122.0,60,,,,,,,,,,,,,,,,,,,,,,,,,,,,,,,,,,,,,,media/dgnb.png,1,1,Symb,w,RT,0,0,0,1,8,0,88,0,1,5,99,e,0.967,2,0,e,0,0.967,88,0,88,0,1,,,,,,,,,,,,,
,,,,,,,,,,,,,,,,,316,2,2024-02-14_20h27.11.143,Symbol-E,2020.1.3,Win32,Firefox,Mozilla/5.0 (Windows NT 10.0; Win64; x64; rv:122.0) Gecko/20100101 Firefox/122.0,60,,,,,,,,,,,,,,,,,,,,,,,,,,,,,,,,,,,,,,media/dcnb.png,4,0,Symb,h,RT,0,0,0,1,8,0,89,0,1,5,99,h,0.783,4,1,h,1,0.783,89,0,89,0,1,,,,,,,,,,,,,
,,,,,,,,,,,,,,,,,316,2,2024-02-14_20h27.11.143,Symbol-E,2020.1.3,Win32,Firefox,Mozilla/5.0 (Windows NT 10.0; Win64; x64; rv:122.0) Gecko/20100101 Firefox/122.0,60,,,,,,,,,,,,,,,,,,,,,,,,,,,,,,,,,,,,,,media/dmnb.png,0,0,Symb,a,RT,0,0,0,1,8,0,90,0,1,5,99,a,0.718,0,1,a,1,0.718,90,0,90,0,1,,,,,,,,,,,,,
,,,,,,,,,,,,,,,,,316,2,2024-02-14_20h27.11.143,Symbol-E,2020.1.3,Win32,Firefox,Mozilla/5.0 (Windows NT 10.0; Win64; x64; rv:122.0) Gecko/20100101 Firefox/122.0,60,,,,,,,,,,,,,,,,,,,,,,,,,,,,,,,,,,,,,,media/dfnb.png,5,1,Symb,u,RT,0,0,0,1,8,0,91,0,1,5,99,u,0.72,5,1,u,1,0.72,91,0,91,0,1,,,,,,,,,,,,,
,,,,,,,,,,,,,,,,,316,2,2024-02-14_20h27.11.143,Symbol-E,2020.1.3,Win32,Firefox,Mozilla/5.0 (Windows NT 10.0; Win64; x64; rv:122.0) Gecko/20100101 Firefox/122.0,60,,,,,,,,,,,,,,,,,,,,,,,,,,,,,,,,,,,,,,media/djnb.png,7,3,Symb,l,RT,0,0,0,1,8,0,92,0,1,5,99,l,0.703,7,1,l,1,0.703,92,0,92,0,1,,,,,,,,,,,,,
,,,,,,,,,,,,,,,,,316,2,2024-02-14_20h27.11.143,Symbol-E,2020.1.3,Win32,Firefox,Mozilla/5.0 (Windows NT 10.0; Win64; x64; rv:122.0) Gecko/20100101 Firefox/122.0,60,,,,,,,,,,,,,,,,,,,,,,,,,,,,,,,,,,,,,,media/dinb.png,2,2,Symb,e,RT,0,0,0,1,8,0,93,0,1,5,99,e,0.95,2,1,e,1,0.95,93,0,93,0,1,,,,,,,,,,,,,
,,,,,,,,,,,,,,,,,316,2,2024-02-14_20h27.11.143,Symbol-E,2020.1.3,Win32,Firefox,Mozilla/5.0 (Windows NT 10.0; Win64; x64; rv:122.0) Gecko/20100101 Firefox/122.0,60,,,,,,,,,,,,,,,,,,,,,,,,,,,,,,,,,,,,,,media/dnnb.png,3,3,Symb,f,RT,0,0,0,1,8,0,94,0,1,5,99,f,0.666,3,1,f,1,0.666,94,0,94,0,1,,,,,,,,,,,,,
,,,,,,,,,,,,,,,,,316,2,2024-02-14_20h27.11.143,Symbol-E,2020.1.3,Win32,Firefox,Mozilla/5.0 (Windows NT 10.0; Win64; x64; rv:122.0) Gecko/20100101 Firefox/122.0,60,,,,,,,,,,,,,,,,,,,,,,,,,,,,,,,,,,,,,,media/ddnb.png,6,2,Symb,i,RT,0,0,0,1,8,0,95,0,1,5,99,i,0.836,6,1,i,1,0.836,95,0,95,0,1,,,,,,,,,,,,,
,,,,,,,,,,,,,,,,,316,2,2024-02-14_20h27.11.143,Symbol-E,2020.1.3,Win32,Firefox,Mozilla/5.0 (Windows NT 10.0; Win64; x64; rv:122.0) Gecko/20100101 Firefox/122.0,60,,,,,,,,,,,,,,,,,,,,,,,,,,,,,,,,,,,,,,,,,,,,,,,,,,,,,,,,,,,,,,,,,,,4,0,4,0,1,,,,,,,,
,,,,,,,,,,,,,,,,,316,2,2024-02-14_20h27.11.143,Symbol-E,2020.1.3,Win32,Firefox,Mozilla/5.0 (Windows NT 10.0; Win64; x64; rv:122.0) Gecko/20100101 Firefox/122.0,60,,,,,,,,,,,,,,,,,,,,,,,,,,,,,,,,,,,,h,75.319,media/ddnb.png,6,2,Symb,i,RT,0,0,0,1,8,0,0,0,1,6,99,i,1.8,6,1,i,1,1.8,0,0,0,0,1,,,,,,,,,,,,,
,,,,,,,,,,,,,,,,,316,2,2024-02-14_20h27.11.143,Symbol-E,2020.1.3,Win32,Firefox,Mozilla/5.0 (Windows NT 10.0; Win64; x64; rv:122.0) Gecko/20100101 Firefox/122.0,60,,,,,,,,,,,,,,,,,,,,,,,,,,,,,,,,,,,,,,media/dinb.png,2,2,Symb,e,RT,0,0,0,1,8,0,1,0,1,6,99,e,0.884,2,1,e,1,0.884,1,0,1,0,1,,,,,,,,,,,,,
,,,,,,,,,,,,,,,,,316,2,2024-02-14_20h27.11.143,Symbol-E,2020.1.3,Win32,Firefox,Mozilla/5.0 (Windows NT 10.0; Win64; x64; rv:122.0) Gecko/20100101 Firefox/122.0,60,,,,,,,,,,,,,,,,,,,,,,,,,,,,,,,,,,,,,,media/dnnb.png,3,3,Symb,f,RT,0,0,0,1,8,0,2,0,1,6,99,f,0.751,3,1,f,1,0.751,2,0,2,0,1,,,,,,,,,,,,,
,,,,,,,,,,,,,,,,,316,2,2024-02-14_20h27.11.143,Symbol-E,2020.1.3,Win32,Firefox,Mozilla/5.0 (Windows NT 10.0; Win64; x64; rv:122.0) Gecko/20100101 Firefox/122.0,60,,,,,,,,,,,,,,,,,,,,,,,,,,,,,,,,,,,,,,media/dgnb.png,1,1,Symb,w,RT,0,0,0,1,8,0,3,0,1,6,99,w,0.732,1,1,w,1,0.732,3,0,3,0,1,,,,,,,,,,,,,
,,,,,,,,,,,,,,,,,316,2,2024-02-14_20h27.11.143,Symbol-E,2020.1.3,Win32,Firefox,Mozilla/5.0 (Windows NT 10.0; Win64; x64; rv:122.0) Gecko/20100101 Firefox/122.0,60,,,,,,,,,,,,,,,,,,,,,,,,,,,,,,,,,,,,,,media/dcnb.png,4,0,Symb,h,RT,0,0,0,1,8,0,4,0,1,6,99,h,0.632,4,1,h,1,0.632,4,0,4,0,1,,,,,,,,,,,,,
,,,,,,,,,,,,,,,,,316,2,2024-02-14_20h27.11.143,Symbol-E,2020.1.3,Win32,Firefox,Mozilla/5.0 (Windows NT 10.0; Win64; x64; rv:122.0) Gecko/20100101 Firefox/122.0,60,,,,,,,,,,,,,,,,,,,,,,,,,,,,,,,,,,,,,,media/ddnb.png,6,2,Symb,i,RT,0,0,0,1,8,0,5,0,1,6,99,i,0.799,6,1,i,1,0.799,5,0,5,0,1,,,,,,,,,,,,,
,,,,,,,,,,,,,,,,,316,2,2024-02-14_20h27.11.143,Symbol-E,2020.1.3,Win32,Firefox,Mozilla/5.0 (Windows NT 10.0; Win64; x64; rv:122.0) Gecko/20100101 Firefox/122.0,60,,,,,,,,,,,,,,,,,,,,,,,,,,,,,,,,,,,,,,media/dmnb.png,0,0,Symb,a,RT,0,0,0,1,8,0,6,0,1,6,99,a,0.667,0,1,a,1,0.667,6,0,6,0,1,,,,,,,,,,,,,
,,,,,,,,,,,,,,,,,316,2,2024-02-14_20h27.11.143,Symbol-E,2020.1.3,Win32,Firefox,Mozilla/5.0 (Windows NT 10.0; Win64; x64; rv:122.0) Gecko/20100101 Firefox/122.0,60,,,,,,,,,,,,,,,,,,,,,,,,,,,,,,,,,,,,,,media/djnb.png,7,3,Symb,l,RT,0,0,0,1,8,0,7,0,1,6,99,l,0.853,7,1,l,1,0.853,7,0,7,0,1,,,,,,,,,,,,,
,,,,,,,,,,,,,,,,,316,2,2024-02-14_20h27.11.143,Symbol-E,2020.1.3,Win32,Firefox,Mozilla/5.0 (Windows NT 10.0; Win64; x64; rv:122.0) Gecko/20100101 Firefox/122.0,60,,,,,,,,,,,,,,,,,,,,,,,,,,,,,,,,,,,,,,media/djnb.png,7,3,Symb,l,RT,0,0,0,1,8,0,8,0,1,6,99,l,0.484,7,1,l,1,0.484,8,0,8,0,1,,,,,,,,,,,,,
,,,,,,,,,,,,,,,,,316,2,2024-02-14_20h27.11.143,Symbol-E,2020.1.3,Win32,Firefox,Mozilla/5.0 (Windows NT 10.0; Win64; x64; rv:122.0) Gecko/20100101 Firefox/122.0,60,,,,,,,,,,,,,,,,,,,,,,,,,,,,,,,,,,,,,,media/dgnb.png,1,1,Symb,w,RT,0,0,0,1,8,0,9,0,1,6,99,w,0.935,1,1,w,1,0.935,9,0,9,0,1,,,,,,,,,,,,,
,,,,,,,,,,,,,,,,,316,2,2024-02-14_20h27.11.143,Symbol-E,2020.1.3,Win32,Firefox,Mozilla/5.0 (Windows NT 10.0; Win64; x64; rv:122.0) Gecko/20100101 Firefox/122.0,60,,,,,,,,,,,,,,,,,,,,,,,,,,,,,,,,,,,,,,media/dcnb.png,4,0,Symb,h,RT,0,0,0,1,8,0,10,0,1,6,99,h,0.604,4,1,h,1,0.604,10,0,10,0,1,,,,,,,,,,,,,
,,,,,,,,,,,,,,,,,316,2,2024-02-14_20h27.11.143,Symbol-E,2020.1.3,Win32,Firefox,Mozilla/5.0 (Windows NT 10.0; Win64; x64; rv:122.0) Gecko/20100101 Firefox/122.0,60,,,,,,,,,,,,,,,,,,,,,,,,,,,,,,,,,,,,,,media/dfnb.png,5,1,Symb,u,RT,0,0,0,1,8,0,11,0,1,6,99,u,1.299,5,1,u,1,1.299,11,0,11,0,1,,,,,,,,,,,,,
,,,,,,,,,,,,,,,,,316,2,2024-02-14_20h27.11.143,Symbol-E,2020.1.3,Win32,Firefox,Mozilla/5.0 (Windows NT 10.0; Win64; x64; rv:122.0) Gecko/20100101 Firefox/122.0,60,,,,,,,,,,,,,,,,,,,,,,,,,,,,,,,,,,,,,,media/dinb.png,2,2,Symb,e,RT,0,0,0,1,8,0,12,0,1,6,99,e,0.699,2,1,e,1,0.699,12,0,12,0,1,,,,,,,,,,,,,
,,,,,,,,,,,,,,,,,316,2,2024-02-14_20h27.11.143,Symbol-E,2020.1.3,Win32,Firefox,Mozilla/5.0 (Windows NT 10.0; Win64; x64; rv:122.0) Gecko/20100101 Firefox/122.0,60,,,,,,,,,,,,,,,,,,,,,,,,,,,,,,,,,,,,,,media/dnnb.png,3,3,Symb,f,RT,0,0,0,1,8,0,13,0,1,6,99,f,0.633,3,1,f,1,0.633,13,0,13,0,1,,,,,,,,,,,,,
,,,,,,,,,,,,,,,,,316,2,2024-02-14_20h27.11.143,Symbol-E,2020.1.3,Win32,Firefox,Mozilla/5.0 (Windows NT 10.0; Win64; x64; rv:122.0) Gecko/20100101 Firefox/122.0,60,,,,,,,,,,,,,,,,,,,,,,,,,,,,,,,,,,,,,,media/dmnb.png,0,0,Symb,a,RT,0,0,0,1,8,0,14,0,1,6,99,a,0.717,0,1,a,1,0.717,14,0,14,0,1,,,,,,,,,,,,,
,,,,,,,,,,,,,,,,,316,2,2024-02-14_20h27.11.143,Symbol-E,2020.1.3,Win32,Firefox,Mozilla/5.0 (Windows NT 10.0; Win64; x64; rv:122.0) Gecko/20100101 Firefox/122.0,60,,,,,,,,,,,,,,,,,,,,,,,,,,,,,,,,,,,,,,media/dfnb.png,5,1,Symb,u,RT,0,0,0,1,8,0,15,0,1,6,99,u,0.65,5,1,u,1,0.65,15,0,15,0,1,,,,,,,,,,,,,
,,,,,,,,,,,,,,,,,316,2,2024-02-14_20h27.11.143,Symbol-E,2020.1.3,Win32,Firefox,Mozilla/5.0 (Windows NT 10.0; Win64; x64; rv:122.0) Gecko/20100101 Firefox/122.0,60,,,,,,,,,,,,,,,,,,,,,,,,,,,,,,,,,,,,,,media/ddnb.png,6,2,Symb,i,RT,0,0,0,1,8,0,16,0,1,6,99,i,0.834,6,1,i,1,0.834,16,0,16,0,1,,,,,,,,,,,,,
,,,,,,,,,,,,,,,,,316,2,2024-02-14_20h27.11.143,Symbol-E,2020.1.3,Win32,Firefox,Mozilla/5.0 (Windows NT 10.0; Win64; x64; rv:122.0) Gecko/20100101 Firefox/122.0,60,,,,,,,,,,,,,,,,,,,,,,,,,,,,,,,,,,,,,,media/djnb.png,7,3,Symb,l,RT,0,0,0,1,8,0,17,0,1,6,99,l,0.665,7,1,l,1,0.665,17,0,17,0,1,,,,,,,,,,,,,
,,,,,,,,,,,,,,,,,316,2,2024-02-14_20h27.11.143,Symbol-E,2020.1.3,Win32,Firefox,Mozilla/5.0 (Windows NT 10.0; Win64; x64; rv:122.0) Gecko/20100101 Firefox/122.0,60,,,,,,,,,,,,,,,,,,,,,,,,,,,,,,,,,,,,,,media/dmnb.png,0,0,Symb,a,RT,0,0,0,1,8,0,18,0,1,6,99,a,0.852,0,1,a,1,0.852,18,0,18,0,1,,,,,,,,,,,,,
,,,,,,,,,,,,,,,,,316,2,2024-02-14_20h27.11.143,Symbol-E,2020.1.3,Win32,Firefox,Mozilla/5.0 (Windows NT 10.0; Win64; x64; rv:122.0) Gecko/20100101 Firefox/122.0,60,,,,,,,,,,,,,,,,,,,,,,,,,,,,,,,,,,,,,,media/dgnb.png,1,1,Symb,w,RT,0,0,0,1,8,0,19,0,1,6,99,w,1.534,1,1,w,1,1.534,19,0,19,0,1,,,,,,,,,,,,,
,,,,,,,,,,,,,,,,,316,2,2024-02-14_20h27.11.143,Symbol-E,2020.1.3,Win32,Firefox,Mozilla/5.0 (Windows NT 10.0; Win64; x64; rv:122.0) Gecko/20100101 Firefox/122.0,60,,,,,,,,,,,,,,,,,,,,,,,,,,,,,,,,,,,,,,media/dcnb.png,4,0,Symb,h,RT,0,0,0,1,8,0,20,0,1,6,99,h,0.716,4,1,h,1,0.716,20,0,20,0,1,,,,,,,,,,,,,
,,,,,,,,,,,,,,,,,316,2,2024-02-14_20h27.11.143,Symbol-E,2020.1.3,Win32,Firefox,Mozilla/5.0 (Windows NT 10.0; Win64; x64; rv:122.0) Gecko/20100101 Firefox/122.0,60,,,,,,,,,,,,,,,,,,,,,,,,,,,,,,,,,,,,,,media/dinb.png,2,2,Symb,e,RT,0,0,0,1,8,0,21,0,1,6,99,e,0.922,2,1,e,1,0.922,21,0,21,0,1,,,,,,,,,,,,,
,,,,,,,,,,,,,,,,,316,2,2024-02-14_20h27.11.143,Symbol-E,2020.1.3,Win32,Firefox,Mozilla/5.0 (Windows NT 10.0; Win64; x64; rv:122.0) Gecko/20100101 Firefox/122.0,60,,,,,,,,,,,,,,,,,,,,,,,,,,,,,,,,,,,,,,media/dfnb.png,5,1,Symb,u,RT,0,0,0,1,8,0,22,0,1,6,99,u,0.566,5,1,u,1,0.566,22,0,22,0,1,,,,,,,,,,,,,
,,,,,,,,,,,,,,,,,316,2,2024-02-14_20h27.11.143,Symbol-E,2020.1.3,Win32,Firefox,Mozilla/5.0 (Windows NT 10.0; Win64; x64; rv:122.0) Gecko/20100101 Firefox/122.0,60,,,,,,,,,,,,,,,,,,,,,,,,,,,,,,,,,,,,,,media/dmnb.png,0,0,Symb,a,RT,0,0,0,1,8,0,23,0,1,6,99,a,0.837,0,1,a,1,0.837,23,0,23,0,1,,,,,,,,,,,,,
,,,,,,,,,,,,,,,,,316,2,2024-02-14_20h27.11.143,Symbol-E,2020.1.3,Win32,Firefox,Mozilla/5.0 (Windows NT 10.0; Win64; x64; rv:122.0) Gecko/20100101 Firefox/122.0,60,,,,,,,,,,,,,,,,,,,,,,,,,,,,,,,,,,,,,,media/ddnb.png,6,2,Symb,i,RT,0,0,0,1,8,0,24,0,1,6,99,u,1.184,5,0,u,0,1.184,24,0,24,0,1,,,,,,,,,,,,,
,,,,,,,,,,,,,,,,,316,2,2024-02-14_20h27.11.143,Symbol-E,2020.1.3,Win32,Firefox,Mozilla/5.0 (Windows NT 10.0; Win64; x64; rv:122.0) Gecko/20100101 Firefox/122.0,60,,,,,,,,,,,,,,,,,,,,,,,,,,,,,,,,,,,,,,media/dfnb.png,5,1,Symb,u,RT,0,0,0,1,8,0,25,0,1,6,99,u,0.616,5,1,u,1,0.616,25,0,25,0,1,,,,,,,,,,,,,
,,,,,,,,,,,,,,,,,316,2,2024-02-14_20h27.11.143,Symbol-E,2020.1.3,Win32,Firefox,Mozilla/5.0 (Windows NT 10.0; Win64; x64; rv:122.0) Gecko/20100101 Firefox/122.0,60,,,,,,,,,,,,,,,,,,,,,,,,,,,,,,,,,,,,,,media/dnnb.png,3,3,Symb,f,RT,0,0,0,1,8,0,26,0,1,6,99,f,0.787,3,1,f,1,0.787,26,0,26,0,1,,,,,,,,,,,,,
,,,,,,,,,,,,,,,,,316,2,2024-02-14_20h27.11.143,Symbol-E,2020.1.3,Win32,Firefox,Mozilla/5.0 (Windows NT 10.0; Win64; x64; rv:122.0) Gecko/20100101 Firefox/122.0,60,,,,,,,,,,,,,,,,,,,,,,,,,,,,,,,,,,,,,,media/dnnb.png,3,3,Symb,f,RT,0,0,0,1,8,0,27,0,1,6,99,f,0.449,3,1,f,1,0.449,27,0,27,0,1,,,,,,,,,,,,,
,,,,,,,,,,,,,,,,,316,2,2024-02-14_20h27.11.143,Symbol-E,2020.1.3,Win32,Firefox,Mozilla/5.0 (Windows NT 10.0; Win64; x64; rv:122.0) Gecko/20100101 Firefox/122.0,60,,,,,,,,,,,,,,,,,,,,,,,,,,,,,,,,,,,,,,media/dinb.png,2,2,Symb,e,RT,0,0,0,1,8,0,28,0,1,6,99,e,1.015,2,1,e,1,1.015,28,0,28,0,1,,,,,,,,,,,,,
,,,,,,,,,,,,,,,,,316,2,2024-02-14_20h27.11.143,Symbol-E,2020.1.3,Win32,Firefox,Mozilla/5.0 (Windows NT 10.0; Win64; x64; rv:122.0) Gecko/20100101 Firefox/122.0,60,,,,,,,,,,,,,,,,,,,,,,,,,,,,,,,,,,,,,,media/djnb.png,7,3,Symb,l,RT,0,0,0,1,8,0,29,0,1,6,99,l,0.851,7,1,l,1,0.851,29,0,29,0,1,,,,,,,,,,,,,
,,,,,,,,,,,,,,,,,316,2,2024-02-14_20h27.11.143,Symbol-E,2020.1.3,Win32,Firefox,Mozilla/5.0 (Windows NT 10.0; Win64; x64; rv:122.0) Gecko/20100101 Firefox/122.0,60,,,,,,,,,,,,,,,,,,,,,,,,,,,,,,,,,,,,,,media/dgnb.png,1,1,Symb,w,RT,0,0,0,1,8,0,30,0,1,6,99,w,1.252,1,1,w,1,1.252,30,0,30,0,1,,,,,,,,,,,,,
,,,,,,,,,,,,,,,,,316,2,2024-02-14_20h27.11.143,Symbol-E,2020.1.3,Win32,Firefox,Mozilla/5.0 (Windows NT 10.0; Win64; x64; rv:122.0) Gecko/20100101 Firefox/122.0,60,,,,,,,,,,,,,,,,,,,,,,,,,,,,,,,,,,,,,,media/dcnb.png,4,0,Symb,h,RT,0,0,0,1,8,0,31,0,1,6,99,h,0.95,4,1,h,1,0.95,31,0,31,0,1,,,,,,,,,,,,,
,,,,,,,,,,,,,,,,,316,2,2024-02-14_20h27.11.143,Symbol-E,2020.1.3,Win32,Firefox,Mozilla/5.0 (Windows NT 10.0; Win64; x64; rv:122.0) Gecko/20100101 Firefox/122.0,60,,,,,,,,,,,,,,,,,,,,,,,,,,,,,,,,,,,,,,media/ddnb.png,6,2,Symb,i,RT,0,0,0,1,8,0,32,0,1,6,99,i,0.737,6,1,i,1,0.737,32,0,32,0,1,,,,,,,,,,,,,
,,,,,,,,,,,,,,,,,316,2,2024-02-14_20h27.11.143,Symbol-E,2020.1.3,Win32,Firefox,Mozilla/5.0 (Windows NT 10.0; Win64; x64; rv:122.0) Gecko/20100101 Firefox/122.0,60,,,,,,,,,,,,,,,,,,,,,,,,,,,,,,,,,,,,,,media/djnb.png,7,3,Symb,l,RT,0,0,0,1,8,0,33,0,1,6,99,l,0.686,7,1,l,1,0.686,33,0,33,0,1,,,,,,,,,,,,,
,,,,,,,,,,,,,,,,,316,2,2024-02-14_20h27.11.143,Symbol-E,2020.1.3,Win32,Firefox,Mozilla/5.0 (Windows NT 10.0; Win64; x64; rv:122.0) Gecko/20100101 Firefox/122.0,60,,,,,,,,,,,,,,,,,,,,,,,,,,,,,,,,,,,,,,media/dnnb.png,3,3,Symb,f,RT,0,0,0,1,8,0,34,0,1,6,99,f,0.735,3,1,f,1,0.735,34,0,34,0,1,,,,,,,,,,,,,
,,,,,,,,,,,,,,,,,316,2,2024-02-14_20h27.11.143,Symbol-E,2020.1.3,Win32,Firefox,Mozilla/5.0 (Windows NT 10.0; Win64; x64; rv:122.0) Gecko/20100101 Firefox/122.0,60,,,,,,,,,,,,,,,,,,,,,,,,,,,,,,,,,,,,,,media/dgnb.png,1,1,Symb,w,RT,0,0,0,1,8,0,35,0,1,6,99,w,1.266,1,1,w,1,1.266,35,0,35,0,1,,,,,,,,,,,,,
,,,,,,,,,,,,,,,,,316,2,2024-02-14_20h27.11.143,Symbol-E,2020.1.3,Win32,Firefox,Mozilla/5.0 (Windows NT 10.0; Win64; x64; rv:122.0) Gecko/20100101 Firefox/122.0,60,,,,,,,,,,,,,,,,,,,,,,,,,,,,,,,,,,,,,,media/dmnb.png,0,0,Symb,a,RT,0,0,0,1,8,0,36,0,1,6,99,a,0.735,0,1,a,1,0.735,36,0,36,0,1,,,,,,,,,,,,,
,,,,,,,,,,,,,,,,,316,2,2024-02-14_20h27.11.143,Symbol-E,2020.1.3,Win32,Firefox,Mozilla/5.0 (Windows NT 10.0; Win64; x64; rv:122.0) Gecko/20100101 Firefox/122.0,60,,,,,,,,,,,,,,,,,,,,,,,,,,,,,,,,,,,,,,media/djnb.png,7,3,Symb,l,RT,0,0,0,1,8,0,37,0,1,6,99,l,0.752,7,1,l,1,0.752,37,0,37,0,1,,,,,,,,,,,,,
,,,,,,,,,,,,,,,,,316,2,2024-02-14_20h27.11.143,Symbol-E,2020.1.3,Win32,Firefox,Mozilla/5.0 (Windows NT 10.0; Win64; x64; rv:122.0) Gecko/20100101 Firefox/122.0,60,,,,,,,,,,,,,,,,,,,,,,,,,,,,,,,,,,,,,,media/dcnb.png,4,0,Symb,h,RT,0,0,0,1,8,0,38,0,1,6,99,h,0.6,4,1,h,1,0.6,38,0,38,0,1,,,,,,,,,,,,,
,,,,,,,,,,,,,,,,,316,2,2024-02-14_20h27.11.143,Symbol-E,2020.1.3,Win32,Firefox,Mozilla/5.0 (Windows NT 10.0; Win64; x64; rv:122.0) Gecko/20100101 Firefox/122.0,60,,,,,,,,,,,,,,,,,,,,,,,,,,,,,,,,,,,,,,media/dmnb.png,0,0,Symb,a,RT,0,0,0,1,8,0,39,0,1,6,99,a,0.684,0,1,a,1,0.684,39,0,39,0,1,,,,,,,,,,,,,
,,,,,,,,,,,,,,,,,316,2,2024-02-14_20h27.11.143,Symbol-E,2020.1.3,Win32,Firefox,Mozilla/5.0 (Windows NT 10.0; Win64; x64; rv:122.0) Gecko/20100101 Firefox/122.0,60,,,,,,,,,,,,,,,,,,,,,,,,,,,,,,,,,,,,,,media/dcnb.png,4,0,Symb,h,RT,0,0,0,1,8,0,40,0,1,6,99,h,0.766,4,1,h,1,0.766,40,0,40,0,1,,,,,,,,,,,,,
,,,,,,,,,,,,,,,,,316,2,2024-02-14_20h27.11.143,Symbol-E,2020.1.3,Win32,Firefox,Mozilla/5.0 (Windows NT 10.0; Win64; x64; rv:122.0) Gecko/20100101 Firefox/122.0,60,,,,,,,,,,,,,,,,,,,,,,,,,,,,,,,,,,,,,,media/dfnb.png,5,1,Symb,u,RT,0,0,0,1,8,0,41,0,1,6,99,u,0.753,5,1,u,1,0.753,41,0,41,0,1,,,,,,,,,,,,,
,,,,,,,,,,,,,,,,,316,2,2024-02-14_20h27.11.143,Symbol-E,2020.1.3,Win32,Firefox,Mozilla/5.0 (Windows NT 10.0; Win64; x64; rv:122.0) Gecko/20100101 Firefox/122.0,60,,,,,,,,,,,,,,,,,,,,,,,,,,,,,,,,,,,,,,media/dnnb.png,3,3,Symb,f,RT,0,0,0,1,8,0,42,0,1,6,99,f,0.654,3,1,f,1,0.654,42,0,42,0,1,,,,,,,,,,,,,
,,,,,,,,,,,,,,,,,316,2,2024-02-14_20h27.11.143,Symbol-E,2020.1.3,Win32,Firefox,Mozilla/5.0 (Windows NT 10.0; Win64; x64; rv:122.0) Gecko/20100101 Firefox/122.0,60,,,,,,,,,,,,,,,,,,,,,,,,,,,,,,,,,,,,,,media/dinb.png,2,2,Symb,e,RT,0,0,0,1,8,0,43,0,1,6,99,e,1.834,2,1,e,1,1.834,43,0,43,0,1,,,,,,,,,,,,,
,,,,,,,,,,,,,,,,,316,2,2024-02-14_20h27.11.143,Symbol-E,2020.1.3,Win32,Firefox,Mozilla/5.0 (Windows NT 10.0; Win64; x64; rv:122.0) Gecko/20100101 Firefox/122.0,60,,,,,,,,,,,,,,,,,,,,,,,,,,,,,,,,,,,,,,media/dfnb.png,5,1,Symb,u,RT,0,0,0,1,8,0,44,0,1,6,99,u,0.77,5,1,u,1,0.77,44,0,44,0,1,,,,,,,,,,,,,
,,,,,,,,,,,,,,,,,316,2,2024-02-14_20h27.11.143,Symbol-E,2020.1.3,Win32,Firefox,Mozilla/5.0 (Windows NT 10.0; Win64; x64; rv:122.0) Gecko/20100101 Firefox/122.0,60,,,,,,,,,,,,,,,,,,,,,,,,,,,,,,,,,,,,,,media/dgnb.png,1,1,Symb,w,RT,0,0,0,1,8,0,45,0,1,6,99,w,0.9,1,1,w,1,0.9,45,0,45,0,1,,,,,,,,,,,,,
,,,,,,,,,,,,,,,,,316,2,2024-02-14_20h27.11.143,Symbol-E,2020.1.3,Win32,Firefox,Mozilla/5.0 (Windows NT 10.0; Win64; x64; rv:122.0) Gecko/20100101 Firefox/122.0,60,,,,,,,,,,,,,,,,,,,,,,,,,,,,,,,,,,,,,,media/ddnb.png,6,2,Symb,i,RT,0,0,0,1,8,0,46,0,1,6,99,i,1.367,6,1,i,1,1.367,46,0,46,0,1,,,,,,,,,,,,,
,,,,,,,,,,,,,,,,,316,2,2024-02-14_20h27.11.143,Symbol-E,2020.1.3,Win32,Firefox,Mozilla/5.0 (Windows NT 10.0; Win64; x64; rv:122.0) Gecko/20100101 Firefox/122.0,60,,,,,,,,,,,,,,,,,,,,,,,,,,,,,,,,,,,,,,media/dinb.png,2,2,Symb,e,RT,0,0,0,1,8,0,47,0,1,6,99,e,1.868,2,1,e,1,1.868,47,0,47,0,1,,,,,,,,,,,,,
,,,,,,,,,,,,,,,,,316,2,2024-02-14_20h27.11.143,Symbol-E,2020.1.3,Win32,Firefox,Mozilla/5.0 (Windows NT 10.0; Win64; x64; rv:122.0) Gecko/20100101 Firefox/122.0,60,,,,,,,,,,,,,,,,,,,,,,,,,,,,,,,,,,,,,,media/dgnb.png,1,1,Symb,w,RT,0,0,0,1,8,0,48,0,1,6,99,w,0.866,1,1,w,1,0.866,48,0,48,0,1,,,,,,,,,,,,,
,,,,,,,,,,,,,,,,,316,2,2024-02-14_20h27.11.143,Symbol-E,2020.1.3,Win32,Firefox,Mozilla/5.0 (Windows NT 10.0; Win64; x64; rv:122.0) Gecko/20100101 Firefox/122.0,60,,,,,,,,,,,,,,,,,,,,,,,,,,,,,,,,,,,,,,media/dmnb.png,0,0,Symb,a,RT,0,0,0,1,8,0,49,0,1,6,99,a,0.734,0,1,a,1,0.734,49,0,49,0,1,,,,,,,,,,,,,
,,,,,,,,,,,,,,,,,316,2,2024-02-14_20h27.11.143,Symbol-E,2020.1.3,Win32,Firefox,Mozilla/5.0 (Windows NT 10.0; Win64; x64; rv:122.0) Gecko/20100101 Firefox/122.0,60,,,,,,,,,,,,,,,,,,,,,,,,,,,,,,,,,,,,,,media/dinb.png,2,2,Symb,e,RT,0,0,0,1,8,0,50,0,1,6,99,e,0.899,2,1,e,1,0.899,50,0,50,0,1,,,,,,,,,,,,,
,,,,,,,,,,,,,,,,,316,2,2024-02-14_20h27.11.143,Symbol-E,2020.1.3,Win32,Firefox,Mozilla/5.0 (Windows NT 10.0; Win64; x64; rv:122.0) Gecko/20100101 Firefox/122.0,60,,,,,,,,,,,,,,,,,,,,,,,,,,,,,,,,,,,,,,media/djnb.png,7,3,Symb,l,RT,0,0,0,1,8,0,51,0,1,6,99,h,0.935,4,0,h,0,0.935,51,0,51,0,1,,,,,,,,,,,,,
,,,,,,,,,,,,,,,,,316,2,2024-02-14_20h27.11.143,Symbol-E,2020.1.3,Win32,Firefox,Mozilla/5.0 (Windows NT 10.0; Win64; x64; rv:122.0) Gecko/20100101 Firefox/122.0,60,,,,,,,,,,,,,,,,,,,,,,,,,,,,,,,,,,,,,,media/ddnb.png,6,2,Symb,i,RT,0,0,0,1,8,0,52,0,1,6,99,i,0.756,6,1,i,1,0.756,52,0,52,0,1,,,,,,,,,,,,,
,,,,,,,,,,,,,,,,,316,2,2024-02-14_20h27.11.143,Symbol-E,2020.1.3,Win32,Firefox,Mozilla/5.0 (Windows NT 10.0; Win64; x64; rv:122.0) Gecko/20100101 Firefox/122.0,60,,,,,,,,,,,,,,,,,,,,,,,,,,,,,,,,,,,,,,media/dfnb.png,5,1,Symb,u,RT,0,0,0,1,8,0,53,0,1,6,99,u,0.667,5,1,u,1,0.667,53,0,53,0,1,,,,,,,,,,,,,
,,,,,,,,,,,,,,,,,316,2,2024-02-14_20h27.11.143,Symbol-E,2020.1.3,Win32,Firefox,Mozilla/5.0 (Windows NT 10.0; Win64; x64; rv:122.0) Gecko/20100101 Firefox/122.0,60,,,,,,,,,,,,,,,,,,,,,,,,,,,,,,,,,,,,,,media/dnnb.png,3,3,Symb,f,RT,0,0,0,1,8,0,54,0,1,6,99,f,0.683,3,1,f,1,0.683,54,0,54,0,1,,,,,,,,,,,,,
,,,,,,,,,,,,,,,,,316,2,2024-02-14_20h27.11.143,Symbol-E,2020.1.3,Win32,Firefox,Mozilla/5.0 (Windows NT 10.0; Win64; x64; rv:122.0) Gecko/20100101 Firefox/122.0,60,,,,,,,,,,,,,,,,,,,,,,,,,,,,,,,,,,,,,,media/dcnb.png,4,0,Symb,h,RT,0,0,0,1,8,0,55,0,1,6,99,h,1.169,4,1,h,1,1.169,55,0,55,0,1,,,,,,,,,,,,,
,,,,,,,,,,,,,,,,,316,2,2024-02-14_20h27.11.143,Symbol-E,2020.1.3,Win32,Firefox,Mozilla/5.0 (Windows NT 10.0; Win64; x64; rv:122.0) Gecko/20100101 Firefox/122.0,60,,,,,,,,,,,,,,,,,,,,,,,,,,,,,,,,,,,,,,media/ddnb.png,6,2,Symb,i,RT,0,0,0,1,8,0,56,0,1,6,99,i,0.85,6,1,i,1,0.85,56,0,56,0,1,,,,,,,,,,,,,
,,,,,,,,,,,,,,,,,316,2,2024-02-14_20h27.11.143,Symbol-E,2020.1.3,Win32,Firefox,Mozilla/5.0 (Windows NT 10.0; Win64; x64; rv:122.0) Gecko/20100101 Firefox/122.0,60,,,,,,,,,,,,,,,,,,,,,,,,,,,,,,,,,,,,,,media/dfnb.png,5,1,Symb,u,RT,0,0,0,1,8,0,57,0,1,6,99,u,0.599,5,1,u,1,0.599,57,0,57,0,1,,,,,,,,,,,,,
,,,,,,,,,,,,,,,,,316,2,2024-02-14_20h27.11.143,Symbol-E,2020.1.3,Win32,Firefox,Mozilla/5.0 (Windows NT 10.0; Win64; x64; rv:122.0) Gecko/20100101 Firefox/122.0,60,,,,,,,,,,,,,,,,,,,,,,,,,,,,,,,,,,,,,,media/dcnb.png,4,0,Symb,h,RT,0,0,0,1,8,0,58,0,1,6,99,h,1.132,4,1,h,1,1.132,58,0,58,0,1,,,,,,,,,,,,,
,,,,,,,,,,,,,,,,,316,2,2024-02-14_20h27.11.143,Symbol-E,2020.1.3,Win32,Firefox,Mozilla/5.0 (Windows NT 10.0; Win64; x64; rv:122.0) Gecko/20100101 Firefox/122.0,60,,,,,,,,,,,,,,,,,,,,,,,,,,,,,,,,,,,,,,media/dinb.png,2,2,Symb,e,RT,0,0,0,1,8,0,59,0,1,6,99,e,0.715,2,1,e,1,0.715,59,0,59,0,1,,,,,,,,,,,,,
,,,,,,,,,,,,,,,,,316,2,2024-02-14_20h27.11.143,Symbol-E,2020.1.3,Win32,Firefox,Mozilla/5.0 (Windows NT 10.0; Win64; x64; rv:122.0) Gecko/20100101 Firefox/122.0,60,,,,,,,,,,,,,,,,,,,,,,,,,,,,,,,,,,,,,,media/dgnb.png,1,1,Symb,w,RT,0,0,0,1,8,0,60,0,1,6,99,w,0.866,1,1,w,1,0.866,60,0,60,0,1,,,,,,,,,,,,,
,,,,,,,,,,,,,,,,,316,2,2024-02-14_20h27.11.143,Symbol-E,2020.1.3,Win32,Firefox,Mozilla/5.0 (Windows NT 10.0; Win64; x64; rv:122.0) Gecko/20100101 Firefox/122.0,60,,,,,,,,,,,,,,,,,,,,,,,,,,,,,,,,,,,,,,media/djnb.png,7,3,Symb,l,RT,0,0,0,1,8,0,61,0,1,6,99,l,1.633,7,1,l,1,1.633,61,0,61,0,1,,,,,,,,,,,,,
,,,,,,,,,,,,,,,,,316,2,2024-02-14_20h27.11.143,Symbol-E,2020.1.3,Win32,Firefox,Mozilla/5.0 (Windows NT 10.0; Win64; x64; rv:122.0) Gecko/20100101 Firefox/122.0,60,,,,,,,,,,,,,,,,,,,,,,,,,,,,,,,,,,,,,,media/dnnb.png,3,3,Symb,f,RT,0,0,0,1,8,0,62,0,1,6,99,f,0.667,3,1,f,1,0.667,62,0,62,0,1,,,,,,,,,,,,,
,,,,,,,,,,,,,,,,,316,2,2024-02-14_20h27.11.143,Symbol-E,2020.1.3,Win32,Firefox,Mozilla/5.0 (Windows NT 10.0; Win64; x64; rv:122.0) Gecko/20100101 Firefox/122.0,60,,,,,,,,,,,,,,,,,,,,,,,,,,,,,,,,,,,,,,media/dmnb.png,0,0,Symb,a,RT,0,0,0,1,8,0,63,0,1,6,99,a,0.683,0,1,a,1,0.683,63,0,63,0,1,,,,,,,,,,,,,
,,,,,,,,,,,,,,,,,316,2,2024-02-14_20h27.11.143,Symbol-E,2020.1.3,Win32,Firefox,Mozilla/5.0 (Windows NT 10.0; Win64; x64; rv:122.0) Gecko/20100101 Firefox/122.0,60,,,,,,,,,,,,,,,,,,,,,,,,,,,,,,,,,,,,,,media/ddnb.png,6,2,Symb,i,RT,0,0,0,1,8,0,64,0,1,6,99,i,0.954,6,1,i,1,0.954,64,0,64,0,1,,,,,,,,,,,,,
,,,,,,,,,,,,,,,,,316,2,2024-02-14_20h27.11.143,Symbol-E,2020.1.3,Win32,Firefox,Mozilla/5.0 (Windows NT 10.0; Win64; x64; rv:122.0) Gecko/20100101 Firefox/122.0,60,,,,,,,,,,,,,,,,,,,,,,,,,,,,,,,,,,,,,,media/ddnb.png,6,2,Symb,i,RT,0,0,0,1,8,0,65,0,1,6,99,l,0.585,7,0,l,0,0.585,65,0,65,0,1,,,,,,,,,,,,,
,,,,,,,,,,,,,,,,,316,2,2024-02-14_20h27.11.143,Symbol-E,2020.1.3,Win32,Firefox,Mozilla/5.0 (Windows NT 10.0; Win64; x64; rv:122.0) Gecko/20100101 Firefox/122.0,60,,,,,,,,,,,,,,,,,,,,,,,,,,,,,,,,,,,,,,media/dinb.png,2,2,Symb,e,RT,0,0,0,1,8,0,66,0,1,6,99,e,0.751,2,1,e,1,0.751,66,0,66,0,1,,,,,,,,,,,,,
,,,,,,,,,,,,,,,,,316,2,2024-02-14_20h27.11.143,Symbol-E,2020.1.3,Win32,Firefox,Mozilla/5.0 (Windows NT 10.0; Win64; x64; rv:122.0) Gecko/20100101 Firefox/122.0,60,,,,,,,,,,,,,,,,,,,,,,,,,,,,,,,,,,,,,,media/dfnb.png,5,1,Symb,u,RT,0,0,0,1,8,0,67,0,1,6,99,u,0.583,5,1,u,1,0.583,67,0,67,0,1,,,,,,,,,,,,,
,,,,,,,,,,,,,,,,,316,2,2024-02-14_20h27.11.143,Symbol-E,2020.1.3,Win32,Firefox,Mozilla/5.0 (Windows NT 10.0; Win64; x64; rv:122.0) Gecko/20100101 Firefox/122.0,60,,,,,,,,,,,,,,,,,,,,,,,,,,,,,,,,,,,,,,media/djnb.png,7,3,Symb,l,RT,0,0,0,1,8,0,68,0,1,6,99,l,0.748,7,1,l,1,0.748,68,0,68,0,1,,,,,,,,,,,,,
,,,,,,,,,,,,,,,,,316,2,2024-02-14_20h27.11.143,Symbol-E,2020.1.3,Win32,Firefox,Mozilla/5.0 (Windows NT 10.0; Win64; x64; rv:122.0) Gecko/20100101 Firefox/122.0,60,,,,,,,,,,,,,,,,,,,,,,,,,,,,,,,,,,,,,,media/dcnb.png,4,0,Symb,h,RT,0,0,0,1,8,0,69,0,1,6,99,h,0.666,4,1,h,1,0.666,69,0,69,0,1,,,,,,,,,,,,,
,,,,,,,,,,,,,,,,,316,2,2024-02-14_20h27.11.143,Symbol-E,2020.1.3,Win32,Firefox,Mozilla/5.0 (Windows NT 10.0; Win64; x64; rv:122.0) Gecko/20100101 Firefox/122.0,60,,,,,,,,,,,,,,,,,,,,,,,,,,,,,,,,,,,,,,media/djnb.png,7,3,Symb,l,RT,0,0,0,1,8,0,70,0,1,6,99,l,0.683,7,1,l,1,0.683,70,0,70,0,1,,,,,,,,,,,,,
,,,,,,,,,,,,,,,,,316,2,2024-02-14_20h27.11.143,Symbol-E,2020.1.3,Win32,Firefox,Mozilla/5.0 (Windows NT 10.0; Win64; x64; rv:122.0) Gecko/20100101 Firefox/122.0,60,,,,,,,,,,,,,,,,,,,,,,,,,,,,,,,,,,,,,,media/dgnb.png,1,1,Symb,w,RT,0,0,0,1,8,0,71,0,1,6,99,w,0.902,1,1,w,1,0.902,71,0,71,0,1,,,,,,,,,,,,,
,,,,,,,,,,,,,,,,,316,2,2024-02-14_20h27.11.143,Symbol-E,2020.1.3,Win32,Firefox,Mozilla/5.0 (Windows NT 10.0; Win64; x64; rv:122.0) Gecko/20100101 Firefox/122.0,60,,,,,,,,,,,,,,,,,,,,,,,,,,,,,,,,,,,,,,media/dcnb.png,4,0,Symb,h,RT,0,0,0,1,8,0,72,0,1,6,99,h,0.735,4,1,h,1,0.735,72,0,72,0,1,,,,,,,,,,,,,
,,,,,,,,,,,,,,,,,316,2,2024-02-14_20h27.11.143,Symbol-E,2020.1.3,Win32,Firefox,Mozilla/5.0 (Windows NT 10.0; Win64; x64; rv:122.0) Gecko/20100101 Firefox/122.0,60,,,,,,,,,,,,,,,,,,,,,,,,,,,,,,,,,,,,,,media/dgnb.png,1,1,Symb,w,RT,0,0,0,1,8,0,73,0,1,6,99,w,0.902,1,1,w,1,0.902,73,0,73,0,1,,,,,,,,,,,,,
,,,,,,,,,,,,,,,,,316,2,2024-02-14_20h27.11.143,Symbol-E,2020.1.3,Win32,Firefox,Mozilla/5.0 (Windows NT 10.0; Win64; x64; rv:122.0) Gecko/20100101 Firefox/122.0,60,,,,,,,,,,,,,,,,,,,,,,,,,,,,,,,,,,,,,,media/dnnb.png,3,3,Symb,f,RT,0,0,0,1,8,0,74,0,1,6,99,f,0.717,3,1,f,1,0.717,74,0,74,0,1,,,,,,,,,,,,,
,,,,,,,,,,,,,,,,,316,2,2024-02-14_20h27.11.143,Symbol-E,2020.1.3,Win32,Firefox,Mozilla/5.0 (Windows NT 10.0; Win64; x64; rv:122.0) Gecko/20100101 Firefox/122.0,60,,,,,,,,,,,,,,,,,,,,,,,,,,,,,,,,,,,,,,media/dinb.png,2,2,Symb,e,RT,0,0,0,1,8,0,75,0,1,6,99,e,0.984,2,1,e,1,0.984,75,0,75,0,1,,,,,,,,,,,,,
,,,,,,,,,,,,,,,,,316,2,2024-02-14_20h27.11.143,Symbol-E,2020.1.3,Win32,Firefox,Mozilla/5.0 (Windows NT 10.0; Win64; x64; rv:122.0) Gecko/20100101 Firefox/122.0,60,,,,,,,,,,,,,,,,,,,,,,,,,,,,,,,,,,,,,,media/dnnb.png,3,3,Symb,f,RT,0,0,0,1,8,0,76,0,1,6,99,f,0.65,3,1,f,1,0.65,76,0,76,0,1,,,,,,,,,,,,,
,,,,,,,,,,,,,,,,,316,2,2024-02-14_20h27.11.143,Symbol-E,2020.1.3,Win32,Firefox,Mozilla/5.0 (Windows NT 10.0; Win64; x64; rv:122.0) Gecko/20100101 Firefox/122.0,60,,,,,,,,,,,,,,,,,,,,,,,,,,,,,,,,,,,,,,media/dfnb.png,5,1,Symb,u,RT,0,0,0,1,8,0,77,0,1,6,99,u,0.7,5,1,u,1,0.7,77,0,77,0,1,,,,,,,,,,,,,
,,,,,,,,,,,,,,,,,316,2,2024-02-14_20h27.11.143,Symbol-E,2020.1.3,Win32,Firefox,Mozilla/5.0 (Windows NT 10.0; Win64; x64; rv:122.0) Gecko/20100101 Firefox/122.0,60,,,,,,,,,,,,,,,,,,,,,,,,,,,,,,,,,,,,,,media/dmnb.png,0,0,Symb,a,RT,0,0,0,1,8,0,78,0,1,6,99,a,1.305,0,1,a,1,1.305,78,0,78,0,1,,,,,,,,,,,,,
,,,,,,,,,,,,,,,,,316,2,2024-02-14_20h27.11.143,Symbol-E,2020.1.3,Win32,Firefox,Mozilla/5.0 (Windows NT 10.0; Win64; x64; rv:122.0) Gecko/20100101 Firefox/122.0,60,,,,,,,,,,,,,,,,,,,,,,,,,,,,,,,,,,,,,,media/dmnb.png,0,0,Symb,a,RT,0,0,0,1,8,0,79,0,1,6,99,a,0.532,0,1,a,1,0.532,79,0,79,0,1,,,,,,,,,,,,,
,,,,,,,,,,,,,,,,,316,2,2024-02-14_20h27.11.143,Symbol-E,2020.1.3,Win32,Firefox,Mozilla/5.0 (Windows NT 10.0; Win64; x64; rv:122.0) Gecko/20100101 Firefox/122.0,60,,,,,,,,,,,,,,,,,,,,,,,,,,,,,,,,,,,,,,media/dcnb.png,4,0,Symb,h,RT,0,0,0,1,8,0,80,0,1,6,99,h,0.733,4,1,h,1,0.733,80,0,80,0,1,,,,,,,,,,,,,
,,,,,,,,,,,,,,,,,316,2,2024-02-14_20h27.11.143,Symbol-E,2020.1.3,Win32,Firefox,Mozilla/5.0 (Windows NT 10.0; Win64; x64; rv:122.0) Gecko/20100101 Firefox/122.0,60,,,,,,,,,,,,,,,,,,,,,,,,,,,,,,,,,,,,,,media/dnnb.png,3,3,Symb,f,RT,0,0,0,1,8,0,81,0,1,6,99,f,0.651,3,1,f,1,0.651,81,0,81,0,1,,,,,,,,,,,,,
,,,,,,,,,,,,,,,,,316,2,2024-02-14_20h27.11.143,Symbol-E,2020.1.3,Win32,Firefox,Mozilla/5.0 (Windows NT 10.0; Win64; x64; rv:122.0) Gecko/20100101 Firefox/122.0,60,,,,,,,,,,,,,,,,,,,,,,,,,,,,,,,,,,,,,,media/dnnb.png,3,3,Symb,f,RT,0,0,0,1,8,0,82,0,1,6,99,f,0.466,3,1,f,1,0.466,82,0,82,0,1,,,,,,,,,,,,,
,,,,,,,,,,,,,,,,,316,2,2024-02-14_20h27.11.143,Symbol-E,2020.1.3,Win32,Firefox,Mozilla/5.0 (Windows NT 10.0; Win64; x64; rv:122.0) Gecko/20100101 Firefox/122.0,60,,,,,,,,,,,,,,,,,,,,,,,,,,,,,,,,,,,,,,media/dinb.png,2,2,Symb,e,RT,0,0,0,1,8,0,83,0,1,6,99,e,1.02,2,1,e,1,1.02,83,0,83,0,1,,,,,,,,,,,,,
,,,,,,,,,,,,,,,,,316,2,2024-02-14_20h27.11.143,Symbol-E,2020.1.3,Win32,Firefox,Mozilla/5.0 (Windows NT 10.0; Win64; x64; rv:122.0) Gecko/20100101 Firefox/122.0,60,,,,,,,,,,,,,,,,,,,,,,,,,,,,,,,,,,,,,,media/djnb.png,7,3,Symb,l,RT,0,0,0,1,8,0,84,0,1,6,99,l,0.867,7,1,l,1,0.867,84,0,84,0,1,,,,,,,,,,,,,
,,,,,,,,,,,,,,,,,316,2,2024-02-14_20h27.11.143,Symbol-E,2020.1.3,Win32,Firefox,Mozilla/5.0 (Windows NT 10.0; Win64; x64; rv:122.0) Gecko/20100101 Firefox/122.0,60,,,,,,,,,,,,,,,,,,,,,,,,,,,,,,,,,,,,,,media/ddnb.png,6,2,Symb,i,RT,0,0,0,1,8,0,85,0,1,6,99,i,0.969,6,1,i,1,0.969,85,0,85,0,1,,,,,,,,,,,,,
,,,,,,,,,,,,,,,,,316,2,2024-02-14_20h27.11.143,Symbol-E,2020.1.3,Win32,Firefox,Mozilla/5.0 (Windows NT 10.0; Win64; x64; rv:122.0) Gecko/20100101 Firefox/122.0,60,,,,,,,,,,,,,,,,,,,,,,,,,,,,,,,,,,,,,,media/dfnb.png,5,1,Symb,u,RT,0,0,0,1,8,0,86,0,1,6,99,u,0.584,5,1,u,1,0.584,86,0,86,0,1,,,,,,,,,,,,,
,,,,,,,,,,,,,,,,,316,2,2024-02-14_20h27.11.143,Symbol-E,2020.1.3,Win32,Firefox,Mozilla/5.0 (Windows NT 10.0; Win64; x64; rv:122.0) Gecko/20100101 Firefox/122.0,60,,,,,,,,,,,,,,,,,,,,,,,,,,,,,,,,,,,,,,media/dmnb.png,0,0,Symb,a,RT,0,0,0,1,8,0,87,0,1,6,99,a,0.768,0,1,a,1,0.768,87,0,87,0,1,,,,,,,,,,,,,
,,,,,,,,,,,,,,,,,316,2,2024-02-14_20h27.11.143,Symbol-E,2020.1.3,Win32,Firefox,Mozilla/5.0 (Windows NT 10.0; Win64; x64; rv:122.0) Gecko/20100101 Firefox/122.0,60,,,,,,,,,,,,,,,,,,,,,,,,,,,,,,,,,,,,,,media/djnb.png,7,3,Symb,l,RT,0,0,0,1,8,0,88,0,1,6,99,l,0.653,7,1,l,1,0.653,88,0,88,0,1,,,,,,,,,,,,,
,,,,,,,,,,,,,,,,,316,2,2024-02-14_20h27.11.143,Symbol-E,2020.1.3,Win32,Firefox,Mozilla/5.0 (Windows NT 10.0; Win64; x64; rv:122.0) Gecko/20100101 Firefox/122.0,60,,,,,,,,,,,,,,,,,,,,,,,,,,,,,,,,,,,,,,media/dgnb.png,1,1,Symb,w,RT,0,0,0,1,8,0,89,0,1,6,99,w,1.416,1,1,w,1,1.416,89,0,89,0,1,,,,,,,,,,,,,
,,,,,,,,,,,,,,,,,316,2,2024-02-14_20h27.11.143,Symbol-E,2020.1.3,Win32,Firefox,Mozilla/5.0 (Windows NT 10.0; Win64; x64; rv:122.0) Gecko/20100101 Firefox/122.0,60,,,,,,,,,,,,,,,,,,,,,,,,,,,,,,,,,,,,,,media/dmnb.png,0,0,Symb,a,RT,0,0,0,1,8,0,90,0,1,6,99,a,0.77,0,1,a,1,0.77,90,0,90,0,1,,,,,,,,,,,,,
,,,,,,,,,,,,,,,,,316,2,2024-02-14_20h27.11.143,Symbol-E,2020.1.3,Win32,Firefox,Mozilla/5.0 (Windows NT 10.0; Win64; x64; rv:122.0) Gecko/20100101 Firefox/122.0,60,,,,,,,,,,,,,,,,,,,,,,,,,,,,,,,,,,,,,,media/dfnb.png,5,1,Symb,u,RT,0,0,0,1,8,0,91,0,1,6,99,u,0.802,5,1,u,1,0.802,91,0,91,0,1,,,,,,,,,,,,,
,,,,,,,,,,,,,,,,,316,2,2024-02-14_20h27.11.143,Symbol-E,2020.1.3,Win32,Firefox,Mozilla/5.0 (Windows NT 10.0; Win64; x64; rv:122.0) Gecko/20100101 Firefox/122.0,60,,,,,,,,,,,,,,,,,,,,,,,,,,,,,,,,,,,,,,media/dgnb.png,1,1,Symb,w,RT,0,0,0,1,8,0,92,0,1,6,99,w,0.867,1,1,w,1,0.867,92,0,92,0,1,,,,,,,,,,,,,
,,,,,,,,,,,,,,,,,316,2,2024-02-14_20h27.11.143,Symbol-E,2020.1.3,Win32,Firefox,Mozilla/5.0 (Windows NT 10.0; Win64; x64; rv:122.0) Gecko/20100101 Firefox/122.0,60,,,,,,,,,,,,,,,,,,,,,,,,,,,,,,,,,,,,,,media/dinb.png,2,2,Symb,e,RT,0,0,0,1,8,0,93,0,1,6,99,e,0.669,2,1,e,1,0.669,93,0,93,0,1,,,,,,,,,,,,,
,,,,,,,,,,,,,,,,,316,2,2024-02-14_20h27.11.143,Symbol-E,2020.1.3,Win32,Firefox,Mozilla/5.0 (Windows NT 10.0; Win64; x64; rv:122.0) Gecko/20100101 Firefox/122.0,60,,,,,,,,,,,,,,,,,,,,,,,,,,,,,,,,,,,,,,media/dcnb.png,4,0,Symb,h,RT,0,0,0,1,8,0,94,0,1,6,99,h,0.683,4,1,h,1,0.683,94,0,94,0,1,,,,,,,,,,,,,
,,,,,,,,,,,,,,,,,316,2,2024-02-14_20h27.11.143,Symbol-E,2020.1.3,Win32,Firefox,Mozilla/5.0 (Windows NT 10.0; Win64; x64; rv:122.0) Gecko/20100101 Firefox/122.0,60,,,,,,,,,,,,,,,,,,,,,,,,,,,,,,,,,,,,,,media/ddnb.png,6,2,Symb,i,RT,0,0,0,1,8,0,95,0,1,6,99,i,0.803,6,1,i,1,0.803,95,0,95,0,1,,,,,,,,,,,,,
,,,,,,,,,,,,,,,,,316,2,2024-02-14_20h27.11.143,Symbol-E,2020.1.3,Win32,Firefox,Mozilla/5.0 (Windows NT 10.0; Win64; x64; rv:122.0) Gecko/20100101 Firefox/122.0,60,,,,,,,,,,,,,,,,,,,,,,,,,,,,,,,,,,,,,,,,,,,,,,,,,,,,,,,,,,,,,,,,,,,5,0,5,0,1,,,,,,,,
,,,,,,,,,,,,,,,,,316,2,2024-02-14_20h27.11.143,Symbol-E,2020.1.3,Win32,Firefox,Mozilla/5.0 (Windows NT 10.0; Win64; x64; rv:122.0) Gecko/20100101 Firefox/122.0,60,,,,,,,,,,,,,,,,,,,,,,,,,,,,,,,,,,,,u,0.654,media/dnnb.png,3,3,Symb,f,RT,0,0,0,1,8,0,0,0,1,7,99,f,0.637,3,1,f,1,0.637,0,0,0,0,1,,,,,,,,,,,,,
,,,,,,,,,,,,,,,,,316,2,2024-02-14_20h27.11.143,Symbol-E,2020.1.3,Win32,Firefox,Mozilla/5.0 (Windows NT 10.0; Win64; x64; rv:122.0) Gecko/20100101 Firefox/122.0,60,,,,,,,,,,,,,,,,,,,,,,,,,,,,,,,,,,,,,,media/dgnb.png,1,1,Symb,w,RT,0,0,0,1,8,0,1,0,1,7,99,w,0.934,1,1,w,1,0.934,1,0,1,0,1,,,,,,,,,,,,,
,,,,,,,,,,,,,,,,,316,2,2024-02-14_20h27.11.143,Symbol-E,2020.1.3,Win32,Firefox,Mozilla/5.0 (Windows NT 10.0; Win64; x64; rv:122.0) Gecko/20100101 Firefox/122.0,60,,,,,,,,,,,,,,,,,,,,,,,,,,,,,,,,,,,,,,media/dinb.png,2,2,Symb,e,RT,0,0,0,1,8,0,2,0,1,7,99,e,0.699,2,1,e,1,0.699,2,0,2,0,1,,,,,,,,,,,,,
,,,,,,,,,,,,,,,,,316,2,2024-02-14_20h27.11.143,Symbol-E,2020.1.3,Win32,Firefox,Mozilla/5.0 (Windows NT 10.0; Win64; x64; rv:122.0) Gecko/20100101 Firefox/122.0,60,,,,,,,,,,,,,,,,,,,,,,,,,,,,,,,,,,,,,,media/dfnb.png,5,1,Symb,u,RT,0,0,0,1,8,0,3,0,1,7,99,u,0.7,5,1,u,1,0.7,3,0,3,0,1,,,,,,,,,,,,,
,,,,,,,,,,,,,,,,,316,2,2024-02-14_20h27.11.143,Symbol-E,2020.1.3,Win32,Firefox,Mozilla/5.0 (Windows NT 10.0; Win64; x64; rv:122.0) Gecko/20100101 Firefox/122.0,60,,,,,,,,,,,,,,,,,,,,,,,,,,,,,,,,,,,,,,media/ddnb.png,6,2,Symb,i,RT,0,0,0,1,8,0,4,0,1,7,99,i,0.851,6,1,i,1,0.851,4,0,4,0,1,,,,,,,,,,,,,
,,,,,,,,,,,,,,,,,316,2,2024-02-14_20h27.11.143,Symbol-E,2020.1.3,Win32,Firefox,Mozilla/5.0 (Windows NT 10.0; Win64; x64; rv:122.0) Gecko/20100101 Firefox/122.0,60,,,,,,,,,,,,,,,,,,,,,,,,,,,,,,,,,,,,,,media/djnb.png,7,3,Symb,l,RT,0,0,0,1,8,0,5,0,1,7,99,l,0.684,7,1,l,1,0.684,5,0,5,0,1,,,,,,,,,,,,,
,,,,,,,,,,,,,,,,,316,2,2024-02-14_20h27.11.143,Symbol-E,2020.1.3,Win32,Firefox,Mozilla/5.0 (Windows NT 10.0; Win64; x64; rv:122.0) Gecko/20100101 Firefox/122.0,60,,,,,,,,,,,,,,,,,,,,,,,,,,,,,,,,,,,,,,media/dinb.png,2,2,Symb,e,RT,0,0,0,1,8,0,6,0,1,7,99,e,1.348,2,1,e,1,1.348,6,0,6,0,1,,,,,,,,,,,,,
,,,,,,,,,,,,,,,,,316,2,2024-02-14_20h27.11.143,Symbol-E,2020.1.3,Win32,Firefox,Mozilla/5.0 (Windows NT 10.0; Win64; x64; rv:122.0) Gecko/20100101 Firefox/122.0,60,,,,,,,,,,,,,,,,,,,,,,,,,,,,,,,,,,,,,,media/dfnb.png,5,1,Symb,u,RT,0,0,0,1,8,0,7,0,1,7,99,u,0.721,5,1,u,1,0.721,7,0,7,0,1,,,,,,,,,,,,,
,,,,,,,,,,,,,,,,,316,2,2024-02-14_20h27.11.143,Symbol-E,2020.1.3,Win32,Firefox,Mozilla/5.0 (Windows NT 10.0; Win64; x64; rv:122.0) Gecko/20100101 Firefox/122.0,60,,,,,,,,,,,,,,,,,,,,,,,,,,,,,,,,,,,,,,media/dcnb.png,4,0,Symb,h,RT,0,0,0,1,8,0,8,0,1,7,99,h,0.633,4,1,h,1,0.633,8,0,8,0,1,,,,,,,,,,,,,
,,,,,,,,,,,,,,,,,316,2,2024-02-14_20h27.11.143,Symbol-E,2020.1.3,Win32,Firefox,Mozilla/5.0 (Windows NT 10.0; Win64; x64; rv:122.0) Gecko/20100101 Firefox/122.0,60,,,,,,,,,,,,,,,,,,,,,,,,,,,,,,,,,,,,,,media/ddnb.png,6,2,Symb,i,RT,0,0,0,1,8,0,9,0,1,7,99,i,0.851,6,1,i,1,0.851,9,0,9,0,1,,,,,,,,,,,,,
,,,,,,,,,,,,,,,,,316,2,2024-02-14_20h27.11.143,Symbol-E,2020.1.3,Win32,Firefox,Mozilla/5.0 (Windows NT 10.0; Win64; x64; rv:122.0) Gecko/20100101 Firefox/122.0,60,,,,,,,,,,,,,,,,,,,,,,,,,,,,,,,,,,,,,,media/dnnb.png,3,3,Symb,f,RT,0,0,0,1,8,0,10,0,1,7,99,f,0.652,3,1,f,1,0.652,10,0,10,0,1,,,,,,,,,,,,,
,,,,,,,,,,,,,,,,,316,2,2024-02-14_20h27.11.143,Symbol-E,2020.1.3,Win32,Firefox,Mozilla/5.0 (Windows NT 10.0; Win64; x64; rv:122.0) Gecko/20100101 Firefox/122.0,60,,,,,,,,,,,,,,,,,,,,,,,,,,,,,,,,,,,,,,media/dmnb.png,0,0,Symb,a,RT,0,0,0,1,8,0,11,0,1,7,99,a,0.75,0,1,a,1,0.75,11,0,11,0,1,,,,,,,,,,,,,
,,,,,,,,,,,,,,,,,316,2,2024-02-14_20h27.11.143,Symbol-E,2020.1.3,Win32,Firefox,Mozilla/5.0 (Windows NT 10.0; Win64; x64; rv:122.0) Gecko/20100101 Firefox/122.0,60,,,,,,,,,,,,,,,,,,,,,,,,,,,,,,,,,,,,,,media/dmnb.png,0,0,Symb,a,RT,0,0,0,1,8,0,12,0,1,7,99,a,0.551,0,1,a,1,0.551,12,0,12,0,1,,,,,,,,,,,,,
,,,,,,,,,,,,,,,,,316,2,2024-02-14_20h27.11.143,Symbol-E,2020.1.3,Win32,Firefox,Mozilla/5.0 (Windows NT 10.0; Win64; x64; rv:122.0) Gecko/20100101 Firefox/122.0,60,,,,,,,,,,,,,,,,,,,,,,,,,,,,,,,,,,,,,,media/djnb.png,7,3,Symb,l,RT,0,0,0,1,8,0,13,0,1,7,99,l,1.069,7,1,l,1,1.069,13,0,13,0,1,,,,,,,,,,,,,
,,,,,,,,,,,,,,,,,316,2,2024-02-14_20h27.11.143,Symbol-E,2020.1.3,Win32,Firefox,Mozilla/5.0 (Windows NT 10.0; Win64; x64; rv:122.0) Gecko/20100101 Firefox/122.0,60,,,,,,,,,,,,,,,,,,,,,,,,,,,,,,,,,,,,,,media/dcnb.png,4,0,Symb,h,RT,0,0,0,1,8,0,14,0,1,7,99,h,0.782,4,1,h,1,0.782,14,0,14,0,1,,,,,,,,,,,,,
,,,,,,,,,,,,,,,,,316,2,2024-02-14_20h27.11.143,Symbol-E,2020.1.3,Win32,Firefox,Mozilla/5.0 (Windows NT 10.0; Win64; x64; rv:122.0) Gecko/20100101 Firefox/122.0,60,,,,,,,,,,,,,,,,,,,,,,,,,,,,,,,,,,,,,,media/dgnb.png,1,1,Symb,w,RT,0,0,0,1,8,0,15,0,1,7,99,w,0.955,1,1,w,1,0.955,15,0,15,0,1,,,,,,,,,,,,,
,,,,,,,,,,,,,,,,,316,2,2024-02-14_20h27.11.143,Symbol-E,2020.1.3,Win32,Firefox,Mozilla/5.0 (Windows NT 10.0; Win64; x64; rv:122.0) Gecko/20100101 Firefox/122.0,60,,,,,,,,,,,,,,,,,,,,,,,,,,,,,,,,,,,,,,media/ddnb.png,6,2,Symb,i,RT,0,0,0,1,8,0,16,0,1,7,99,i,1.137,6,1,i,1,1.137,16,0,16,0,1,,,,,,,,,,,,,
,,,,,,,,,,,,,,,,,316,2,2024-02-14_20h27.11.143,Symbol-E,2020.1.3,Win32,Firefox,Mozilla/5.0 (Windows NT 10.0; Win64; x64; rv:122.0) Gecko/20100101 Firefox/122.0,60,,,,,,,,,,,,,,,,,,,,,,,,,,,,,,,,,,,,,,media/dmnb.png,0,0,Symb,a,RT,0,0,0,1,8,0,17,0,1,7,99,a,1.332,0,1,a,1,1.332,17,0,17,0,1,,,,,,,,,,,,,
,,,,,,,,,,,,,,,,,316,2,2024-02-14_20h27.11.143,Symbol-E,2020.1.3,Win32,Firefox,Mozilla/5.0 (Windows NT 10.0; Win64; x64; rv:122.0) Gecko/20100101 Firefox/122.0,60,,,,,,,,,,,,,,,,,,,,,,,,,,,,,,,,,,,,,,media/djnb.png,7,3,Symb,l,RT,0,0,0,1,8,0,18,0,1,7,99,l,1.951,7,1,l,1,1.951,18,0,18,0,1,,,,,,,,,,,,,
,,,,,,,,,,,,,,,,,316,2,2024-02-14_20h27.11.143,Symbol-E,2020.1.3,Win32,Firefox,Mozilla/5.0 (Windows NT 10.0; Win64; x64; rv:122.0) Gecko/20100101 Firefox/122.0,60,,,,,,,,,,,,,,,,,,,,,,,,,,,,,,,,,,,,,,media/dnnb.png,3,3,Symb,f,RT,0,0,0,1,8,0,19,0,1,7,99,f,0.867,3,1,f,1,0.867,19,0,19,0,1,,,,,,,,,,,,,
,,,,,,,,,,,,,,,,,316,2,2024-02-14_20h27.11.143,Symbol-E,2020.1.3,Win32,Firefox,Mozilla/5.0 (Windows NT 10.0; Win64; x64; rv:122.0) Gecko/20100101 Firefox/122.0,60,,,,,,,,,,,,,,,,,,,,,,,,,,,,,,,,,,,,,,media/dgnb.png,1,1,Symb,w,RT,0,0,0,1,8,0,20,0,1,7,99,w,0.716,1,1,w,1,0.716,20,0,20,0,1,,,,,,,,,,,,,
,,,,,,,,,,,,,,,,,316,2,2024-02-14_20h27.11.143,Symbol-E,2020.1.3,Win32,Firefox,Mozilla/5.0 (Windows NT 10.0; Win64; x64; rv:122.0) Gecko/20100101 Firefox/122.0,60,,,,,,,,,,,,,,,,,,,,,,,,,,,,,,,,,,,,,,media/djnb.png,7,3,Symb,l,RT,0,0,0,1,8,0,21,0,1,7,99,l,1.131,7,1,l,1,1.131,21,0,21,0,1,,,,,,,,,,,,,
,,,,,,,,,,,,,,,,,316,2,2024-02-14_20h27.11.143,Symbol-E,2020.1.3,Win32,Firefox,Mozilla/5.0 (Windows NT 10.0; Win64; x64; rv:122.0) Gecko/20100101 Firefox/122.0,60,,,,,,,,,,,,,,,,,,,,,,,,,,,,,,,,,,,,,,media/dnnb.png,3,3,Symb,f,RT,0,0,0,1,8,0,22,0,1,7,99,f,0.684,3,1,f,1,0.684,22,0,22,0,1,,,,,,,,,,,,,
,,,,,,,,,,,,,,,,,316,2,2024-02-14_20h27.11.143,Symbol-E,2020.1.3,Win32,Firefox,Mozilla/5.0 (Windows NT 10.0; Win64; x64; rv:122.0) Gecko/20100101 Firefox/122.0,60,,,,,,,,,,,,,,,,,,,,,,,,,,,,,,,,,,,,,,media/dmnb.png,0,0,Symb,a,RT,0,0,0,1,8,0,23,0,1,7,99,a,0.666,0,1,a,1,0.666,23,0,23,0,1,,,,,,,,,,,,,
,,,,,,,,,,,,,,,,,316,2,2024-02-14_20h27.11.143,Symbol-E,2020.1.3,Win32,Firefox,Mozilla/5.0 (Windows NT 10.0; Win64; x64; rv:122.0) Gecko/20100101 Firefox/122.0,60,,,,,,,,,,,,,,,,,,,,,,,,,,,,,,,,,,,,,,media/dinb.png,2,2,Symb,e,RT,0,0,0,1,8,0,24,0,1,7,99,e,1.168,2,1,e,1,1.168,24,0,24,0,1,,,,,,,,,,,,,
,,,,,,,,,,,,,,,,,316,2,2024-02-14_20h27.11.143,Symbol-E,2020.1.3,Win32,Firefox,Mozilla/5.0 (Windows NT 10.0; Win64; x64; rv:122.0) Gecko/20100101 Firefox/122.0,60,,,,,,,,,,,,,,,,,,,,,,,,,,,,,,,,,,,,,,media/dinb.png,2,2,Symb,e,RT,0,0,0,1,8,0,25,0,1,7,99,e,0.55,2,1,e,1,0.55,25,0,25,0,1,,,,,,,,,,,,,
,,,,,,,,,,,,,,,,,316,2,2024-02-14_20h27.11.143,Symbol-E,2020.1.3,Win32,Firefox,Mozilla/5.0 (Windows NT 10.0; Win64; x64; rv:122.0) Gecko/20100101 Firefox/122.0,60,,,,,,,,,,,,,,,,,,,,,,,,,,,,,,,,,,,,,,media/dgnb.png,1,1,Symb,w,RT,0,0,0,1,8,0,26,0,1,7,99,w,0.817,1,1,w,1,0.817,26,0,26,0,1,,,,,,,,,,,,,
,,,,,,,,,,,,,,,,,316,2,2024-02-14_20h27.11.143,Symbol-E,2020.1.3,Win32,Firefox,Mozilla/5.0 (Windows NT 10.0; Win64; x64; rv:122.0) Gecko/20100101 Firefox/122.0,60,,,,,,,,,,,,,,,,,,,,,,,,,,,,,,,,,,,,,,media/dfnb.png,5,1,Symb,u,RT,0,0,0,1,8,0,27,0,1,7,99,u,0.716,5,1,u,1,0.716,27,0,27,0,1,,,,,,,,,,,,,
,,,,,,,,,,,,,,,,,316,2,2024-02-14_20h27.11.143,Symbol-E,2020.1.3,Win32,Firefox,Mozilla/5.0 (Windows NT 10.0; Win64; x64; rv:122.0) Gecko/20100101 Firefox/122.0,60,,,,,,,,,,,,,,,,,,,,,,,,,,,,,,,,,,,,,,media/ddnb.png,6,2,Symb,i,RT,0,0,0,1,8,0,28,0,1,7,99,i,0.787,6,1,i,1,0.787,28,0,28,0,1,,,,,,,,,,,,,
,,,,,,,,,,,,,,,,,316,2,2024-02-14_20h27.11.143,Symbol-E,2020.1.3,Win32,Firefox,Mozilla/5.0 (Windows NT 10.0; Win64; x64; rv:122.0) Gecko/20100101 Firefox/122.0,60,,,,,,,,,,,,,,,,,,,,,,,,,,,,,,,,,,,,,,media/dcnb.png,4,0,Symb,h,RT,0,0,0,1,8,0,29,0,1,7,99,h,0.899,4,1,h,1,0.899,29,0,29,0,1,,,,,,,,,,,,,
,,,,,,,,,,,,,,,,,316,2,2024-02-14_20h27.11.143,Symbol-E,2020.1.3,Win32,Firefox,Mozilla/5.0 (Windows NT 10.0; Win64; x64; rv:122.0) Gecko/20100101 Firefox/122.0,60,,,,,,,,,,,,,,,,,,,,,,,,,,,,,,,,,,,,,,media/dfnb.png,5,1,Symb,u,RT,0,0,0,1,8,0,30,0,1,7,99,u,0.617,5,1,u,1,0.617,30,0,30,0,1,,,,,,,,,,,,,
,,,,,,,,,,,,,,,,,316,2,2024-02-14_20h27.11.143,Symbol-E,2020.1.3,Win32,Firefox,Mozilla/5.0 (Windows NT 10.0; Win64; x64; rv:122.0) Gecko/20100101 Firefox/122.0,60,,,,,,,,,,,,,,,,,,,,,,,,,,,,,,,,,,,,,,media/dcnb.png,4,0,Symb,h,RT,0,0,0,1,8,0,31,0,1,7,99,h,0.617,4,1,h,1,0.617,31,0,31,0,1,,,,,,,,,,,,,
,,,,,,,,,,,,,,,,,316,2,2024-02-14_20h27.11.143,Symbol-E,2020.1.3,Win32,Firefox,Mozilla/5.0 (Windows NT 10.0; Win64; x64; rv:122.0) Gecko/20100101 Firefox/122.0,60,,,,,,,,,,,,,,,,,,,,,,,,,,,,,,,,,,,,,,media/dfnb.png,5,1,Symb,u,RT,0,0,0,1,8,0,32,0,1,7,99,u,0.516,5,1,u,1,0.516,32,0,32,0,1,,,,,,,,,,,,,
,,,,,,,,,,,,,,,,,316,2,2024-02-14_20h27.11.143,Symbol-E,2020.1.3,Win32,Firefox,Mozilla/5.0 (Windows NT 10.0; Win64; x64; rv:122.0) Gecko/20100101 Firefox/122.0,60,,,,,,,,,,,,,,,,,,,,,,,,,,,,,,,,,,,,,,media/dfnb.png,5,1,Symb,u,RT,0,0,0,1,8,0,33,0,1,7,99,u,0.632,5,1,u,1,0.632,33,0,33,0,1,,,,,,,,,,,,,
,,,,,,,,,,,,,,,,,316,2,2024-02-14_20h27.11.143,Symbol-E,2020.1.3,Win32,Firefox,Mozilla/5.0 (Windows NT 10.0; Win64; x64; rv:122.0) Gecko/20100101 Firefox/122.0,60,,,,,,,,,,,,,,,,,,,,,,,,,,,,,,,,,,,,,,media/dinb.png,2,2,Symb,e,RT,0,0,0,1,8,0,34,0,1,7,99,e,0.869,2,1,e,1,0.869,34,0,34,0,1,,,,,,,,,,,,,
,,,,,,,,,,,,,,,,,316,2,2024-02-14_20h27.11.143,Symbol-E,2020.1.3,Win32,Firefox,Mozilla/5.0 (Windows NT 10.0; Win64; x64; rv:122.0) Gecko/20100101 Firefox/122.0,60,,,,,,,,,,,,,,,,,,,,,,,,,,,,,,,,,,,,,,media/dnnb.png,3,3,Symb,f,RT,0,0,0,1,8,0,35,0,1,7,99,f,0.567,3,1,f,1,0.567,35,0,35,0,1,,,,,,,,,,,,,
,,,,,,,,,,,,,,,,,316,2,2024-02-14_20h27.11.143,Symbol-E,2020.1.3,Win32,Firefox,Mozilla/5.0 (Windows NT 10.0; Win64; x64; rv:122.0) Gecko/20100101 Firefox/122.0,60,,,,,,,,,,,,,,,,,,,,,,,,,,,,,,,,,,,,,,media/ddnb.png,6,2,Symb,i,RT,0,0,0,1,8,0,36,0,1,7,99,i,0.819,6,1,i,1,0.819,36,0,36,0,1,,,,,,,,,,,,,
,,,,,,,,,,,,,,,,,316,2,2024-02-14_20h27.11.143,Symbol-E,2020.1.3,Win32,Firefox,Mozilla/5.0 (Windows NT 10.0; Win64; x64; rv:122.0) Gecko/20100101 Firefox/122.0,60,,,,,,,,,,,,,,,,,,,,,,,,,,,,,,,,,,,,,,media/dcnb.png,4,0,Symb,h,RT,0,0,0,1,8,0,37,0,1,7,99,h,0.801,4,1,h,1,0.801,37,0,37,0,1,,,,,,,,,,,,,
,,,,,,,,,,,,,,,,,316,2,2024-02-14_20h27.11.143,Symbol-E,2020.1.3,Win32,Firefox,Mozilla/5.0 (Windows NT 10.0; Win64; x64; rv:122.0) Gecko/20100101 Firefox/122.0,60,,,,,,,,,,,,,,,,,,,,,,,,,,,,,,,,,,,,,,media/dgnb.png,1,1,Symb,w,RT,0,0,0,1,8,0,38,0,1,7,99,w,0.97,1,1,w,1,0.97,38,0,38,0,1,,,,,,,,,,,,,
,,,,,,,,,,,,,,,,,316,2,2024-02-14_20h27.11.143,Symbol-E,2020.1.3,Win32,Firefox,Mozilla/5.0 (Windows NT 10.0; Win64; x64; rv:122.0) Gecko/20100101 Firefox/122.0,60,,,,,,,,,,,,,,,,,,,,,,,,,,,,,,,,,,,,,,media/dmnb.png,0,0,Symb,a,RT,0,0,0,1,8,0,39,0,1,7,99,a,0.636,0,1,a,1,0.636,39,0,39,0,1,,,,,,,,,,,,,
,,,,,,,,,,,,,,,,,316,2,2024-02-14_20h27.11.143,Symbol-E,2020.1.3,Win32,Firefox,Mozilla/5.0 (Windows NT 10.0; Win64; x64; rv:122.0) Gecko/20100101 Firefox/122.0,60,,,,,,,,,,,,,,,,,,,,,,,,,,,,,,,,,,,,,,media/dcnb.png,4,0,Symb,h,RT,0,0,0,1,8,0,40,0,1,7,99,h,0.751,4,1,h,1,0.751,40,0,40,0,1,,,,,,,,,,,,,
,,,,,,,,,,,,,,,,,316,2,2024-02-14_20h27.11.143,Symbol-E,2020.1.3,Win32,Firefox,Mozilla/5.0 (Windows NT 10.0; Win64; x64; rv:122.0) Gecko/20100101 Firefox/122.0,60,,,,,,,,,,,,,,,,,,,,,,,,,,,,,,,,,,,,,,media/djnb.png,7,3,Symb,l,RT,0,0,0,1,8,0,41,0,1,7,99,l,1.268,7,1,l,1,1.268,41,0,41,0,1,,,,,,,,,,,,,
,,,,,,,,,,,,,,,,,316,2,2024-02-14_20h27.11.143,Symbol-E,2020.1.3,Win32,Firefox,Mozilla/5.0 (Windows NT 10.0; Win64; x64; rv:122.0) Gecko/20100101 Firefox/122.0,60,,,,,,,,,,,,,,,,,,,,,,,,,,,,,,,,,,,,,,media/djnb.png,7,3,Symb,l,RT,0,0,0,1,8,0,42,0,1,7,99,l,0.483,7,1,l,1,0.483,42,0,42,0,1,,,,,,,,,,,,,
,,,,,,,,,,,,,,,,,316,2,2024-02-14_20h27.11.143,Symbol-E,2020.1.3,Win32,Firefox,Mozilla/5.0 (Windows NT 10.0; Win64; x64; rv:122.0) Gecko/20100101 Firefox/122.0,60,,,,,,,,,,,,,,,,,,,,,,,,,,,,,,,,,,,,,,media/dmnb.png,0,0,Symb,a,RT,0,0,0,1,8,0,43,0,1,7,99,a,0.685,0,1,a,1,0.685,43,0,43,0,1,,,,,,,,,,,,,
,,,,,,,,,,,,,,,,,316,2,2024-02-14_20h27.11.143,Symbol-E,2020.1.3,Win32,Firefox,Mozilla/5.0 (Windows NT 10.0; Win64; x64; rv:122.0) Gecko/20100101 Firefox/122.0,60,,,,,,,,,,,,,,,,,,,,,,,,,,,,,,,,,,,,,,media/dinb.png,2,2,Symb,e,RT,0,0,0,1,8,0,44,0,1,7,99,e,0.817,2,1,e,1,0.817,44,0,44,0,1,,,,,,,,,,,,,
,,,,,,,,,,,,,,,,,316,2,2024-02-14_20h27.11.143,Symbol-E,2020.1.3,Win32,Firefox,Mozilla/5.0 (Windows NT 10.0; Win64; x64; rv:122.0) Gecko/20100101 Firefox/122.0,60,,,,,,,,,,,,,,,,,,,,,,,,,,,,,,,,,,,,,,media/ddnb.png,6,2,Symb,i,RT,0,0,0,1,8,0,45,0,1,7,99,i,1.735,6,1,i,1,1.735,45,0,45,0,1,,,,,,,,,,,,,
,,,,,,,,,,,,,,,,,316,2,2024-02-14_20h27.11.143,Symbol-E,2020.1.3,Win32,Firefox,Mozilla/5.0 (Windows NT 10.0; Win64; x64; rv:122.0) Gecko/20100101 Firefox/122.0,60,,,,,,,,,,,,,,,,,,,,,,,,,,,,,,,,,,,,,,media/dgnb.png,1,1,Symb,w,RT,0,0,0,1,8,0,46,0,1,7,99,w,1.422,1,1,w,1,1.422,46,0,46,0,1,,,,,,,,,,,,,
,,,,,,,,,,,,,,,,,316,2,2024-02-14_20h27.11.143,Symbol-E,2020.1.3,Win32,Firefox,Mozilla/5.0 (Windows NT 10.0; Win64; x64; rv:122.0) Gecko/20100101 Firefox/122.0,60,,,,,,,,,,,,,,,,,,,,,,,,,,,,,,,,,,,,,,media/dnnb.png,3,3,Symb,f,RT,0,0,0,1,8,0,47,0,1,7,99,f,0.668,3,1,f,1,0.668,47,0,47,0,1,,,,,,,,,,,,,
,,,,,,,,,,,,,,,,,316,2,2024-02-14_20h27.11.143,Symbol-E,2020.1.3,Win32,Firefox,Mozilla/5.0 (Windows NT 10.0; Win64; x64; rv:122.0) Gecko/20100101 Firefox/122.0,60,,,,,,,,,,,,,,,,,,,,,,,,,,,,,,,,,,,,,,media/djnb.png,7,3,Symb,l,RT,0,0,0,1,8,0,48,0,1,7,99,l,0.688,7,1,l,1,0.688,48,0,48,0,1,,,,,,,,,,,,,
,,,,,,,,,,,,,,,,,316,2,2024-02-14_20h27.11.143,Symbol-E,2020.1.3,Win32,Firefox,Mozilla/5.0 (Windows NT 10.0; Win64; x64; rv:122.0) Gecko/20100101 Firefox/122.0,60,,,,,,,,,,,,,,,,,,,,,,,,,,,,,,,,,,,,,,media/dinb.png,2,2,Symb,e,RT,0,0,0,1,8,0,49,0,1,7,99,e,0.799,2,1,e,1,0.799,49,0,49,0,1,,,,,,,,,,,,,
,,,,,,,,,,,,,,,,,316,2,2024-02-14_20h27.11.143,Symbol-E,2020.1.3,Win32,Firefox,Mozilla/5.0 (Windows NT 10.0; Win64; x64; rv:122.0) Gecko/20100101 Firefox/122.0,60,,,,,,,,,,,,,,,,,,,,,,,,,,,,,,,,,,,,,,media/dnnb.png,3,3,Symb,f,RT,0,0,0,1,8,0,50,0,1,7,99,f,0.62,3,1,f,1,0.62,50,0,50,0,1,,,,,,,,,,,,,
,,,,,,,,,,,,,,,,,316,2,2024-02-14_20h27.11.143,Symbol-E,2020.1.3,Win32,Firefox,Mozilla/5.0 (Windows NT 10.0; Win64; x64; rv:122.0) Gecko/20100101 Firefox/122.0,60,,,,,,,,,,,,,,,,,,,,,,,,,,,,,,,,,,,,,,media/dcnb.png,4,0,Symb,h,RT,0,0,0,1,8,0,51,0,1,7,99,h,0.849,4,1,h,1,0.849,51,0,51,0,1,,,,,,,,,,,,,
,,,,,,,,,,,,,,,,,316,2,2024-02-14_20h27.11.143,Symbol-E,2020.1.3,Win32,Firefox,Mozilla/5.0 (Windows NT 10.0; Win64; x64; rv:122.0) Gecko/20100101 Firefox/122.0,60,,,,,,,,,,,,,,,,,,,,,,,,,,,,,,,,,,,,,,media/ddnb.png,6,2,Symb,i,RT,0,0,0,1,8,0,52,0,1,7,99,i,1.05,6,1,i,1,1.05,52,0,52,0,1,,,,,,,,,,,,,
,,,,,,,,,,,,,,,,,316,2,2024-02-14_20h27.11.143,Symbol-E,2020.1.3,Win32,Firefox,Mozilla/5.0 (Windows NT 10.0; Win64; x64; rv:122.0) Gecko/20100101 Firefox/122.0,60,,,,,,,,,,,,,,,,,,,,,,,,,,,,,,,,,,,,,,media/ddnb.png,6,2,Symb,i,RT,0,0,0,1,8,0,53,0,1,7,99,i,0.504,6,1,i,1,0.504,53,0,53,0,1,,,,,,,,,,,,,
,,,,,,,,,,,,,,,,,316,2,2024-02-14_20h27.11.143,Symbol-E,2020.1.3,Win32,Firefox,Mozilla/5.0 (Windows NT 10.0; Win64; x64; rv:122.0) Gecko/20100101 Firefox/122.0,60,,,,,,,,,,,,,,,,,,,,,,,,,,,,,,,,,,,,,,media/dinb.png,2,2,Symb,e,RT,0,0,0,1,8,0,54,0,1,7,99,e,0.803,2,1,e,1,0.803,54,0,54,0,1,,,,,,,,,,,,,
,,,,,,,,,,,,,,,,,316,2,2024-02-14_20h27.11.143,Symbol-E,2020.1.3,Win32,Firefox,Mozilla/5.0 (Windows NT 10.0; Win64; x64; rv:122.0) Gecko/20100101 Firefox/122.0,60,,,,,,,,,,,,,,,,,,,,,,,,,,,,,,,,,,,,,,media/dnnb.png,3,3,Symb,f,RT,0,0,0,1,8,0,55,0,1,7,99,f,0.567,3,1,f,1,0.567,55,0,55,0,1,,,,,,,,,,,,,
,,,,,,,,,,,,,,,,,316,2,2024-02-14_20h27.11.143,Symbol-E,2020.1.3,Win32,Firefox,Mozilla/5.0 (Windows NT 10.0; Win64; x64; rv:122.0) Gecko/20100101 Firefox/122.0,60,,,,,,,,,,,,,,,,,,,,,,,,,,,,,,,,,,,,,,media/dcnb.png,4,0,Symb,h,RT,0,0,0,1,8,0,56,0,1,7,99,h,1.104,4,1,h,1,1.104,56,0,56,0,1,,,,,,,,,,,,,
,,,,,,,,,,,,,,,,,316,2,2024-02-14_20h27.11.143,Symbol-E,2020.1.3,Win32,Firefox,Mozilla/5.0 (Windows NT 10.0; Win64; x64; rv:122.0) Gecko/20100101 Firefox/122.0,60,,,,,,,,,,,,,,,,,,,,,,,,,,,,,,,,,,,,,,media/dmnb.png,0,0,Symb,a,RT,0,0,0,1,8,0,57,0,1,7,99,a,0.705,0,1,a,1,0.705,57,0,57,0,1,,,,,,,,,,,,,
,,,,,,,,,,,,,,,,,316,2,2024-02-14_20h27.11.143,Symbol-E,2020.1.3,Win32,Firefox,Mozilla/5.0 (Windows NT 10.0; Win64; x64; rv:122.0) Gecko/20100101 Firefox/122.0,60,,,,,,,,,,,,,,,,,,,,,,,,,,,,,,,,,,,,,,media/dgnb.png,1,1,Symb,w,RT,0,0,0,1,8,0,58,0,1,7,99,w,0.899,1,1,w,1,0.899,58,0,58,0,1,,,,,,,,,,,,,
,,,,,,,,,,,,,,,,,316,2,2024-02-14_20h27.11.143,Symbol-E,2020.1.3,Win32,Firefox,Mozilla/5.0 (Windows NT 10.0; Win64; x64; rv:122.0) Gecko/20100101 Firefox/122.0,60,,,,,,,,,,,,,,,,,,,,,,,,,,,,,,,,,,,,,,media/dfnb.png,5,1,Symb,u,RT,0,0,0,1,8,0,59,0,1,7,99,u,0.716,5,1,u,1,0.716,59,0,59,0,1,,,,,,,,,,,,,
,,,,,,,,,,,,,,,,,316,2,2024-02-14_20h27.11.143,Symbol-E,2020.1.3,Win32,Firefox,Mozilla/5.0 (Windows NT 10.0; Win64; x64; rv:122.0) Gecko/20100101 Firefox/122.0,60,,,,,,,,,,,,,,,,,,,,,,,,,,,,,,,,,,,,,,media/dgnb.png,1,1,Symb,w,RT,0,0,0,1,8,0,60,0,1,7,99,w,0.837,1,1,w,1,0.837,60,0,60,0,1,,,,,,,,,,,,,
,,,,,,,,,,,,,,,,,316,2,2024-02-14_20h27.11.143,Symbol-E,2020.1.3,Win32,Firefox,Mozilla/5.0 (Windows NT 10.0; Win64; x64; rv:122.0) Gecko/20100101 Firefox/122.0,60,,,,,,,,,,,,,,,,,,,,,,,,,,,,,,,,,,,,,,media/dmnb.png,0,0,Symb,a,RT,0,0,0,1,8,0,61,0,1,7,99,a,0.8,0,1,a,1,0.8,61,0,61,0,1,,,,,,,,,,,,,
,,,,,,,,,,,,,,,,,316,2,2024-02-14_20h27.11.143,Symbol-E,2020.1.3,Win32,Firefox,Mozilla/5.0 (Windows NT 10.0; Win64; x64; rv:122.0) Gecko/20100101 Firefox/122.0,60,,,,,,,,,,,,,,,,,,,,,,,,,,,,,,,,,,,,,,media/dfnb.png,5,1,Symb,u,RT,0,0,0,1,8,0,62,0,1,7,99,u,0.668,5,1,u,1,0.668,62,0,62,0,1,,,,,,,,,,,,,
,,,,,,,,,,,,,,,,,316,2,2024-02-14_20h27.11.143,Symbol-E,2020.1.3,Win32,Firefox,Mozilla/5.0 (Windows NT 10.0; Win64; x64; rv:122.0) Gecko/20100101 Firefox/122.0,60,,,,,,,,,,,,,,,,,,,,,,,,,,,,,,,,,,,,,,media/djnb.png,7,3,Symb,l,RT,0,0,0,1,8,0,63,0,1,7,99,l,0.933,7,1,l,1,0.933,63,0,63,0,1,,,,,,,,,,,,,
,,,,,,,,,,,,,,,,,316,2,2024-02-14_20h27.11.143,Symbol-E,2020.1.3,Win32,Firefox,Mozilla/5.0 (Windows NT 10.0; Win64; x64; rv:122.0) Gecko/20100101 Firefox/122.0,60,,,,,,,,,,,,,,,,,,,,,,,,,,,,,,,,,,,,,,media/dcnb.png,4,0,Symb,h,RT,0,0,0,1,8,0,64,0,1,7,99,h,0.649,4,1,h,1,0.649,64,0,64,0,1,,,,,,,,,,,,,
,,,,,,,,,,,,,,,,,316,2,2024-02-14_20h27.11.143,Symbol-E,2020.1.3,Win32,Firefox,Mozilla/5.0 (Windows NT 10.0; Win64; x64; rv:122.0) Gecko/20100101 Firefox/122.0,60,,,,,,,,,,,,,,,,,,,,,,,,,,,,,,,,,,,,,,media/dinb.png,2,2,Symb,e,RT,0,0,0,1,8,0,65,0,1,7,99,e,0.716,2,1,e,1,0.716,65,0,65,0,1,,,,,,,,,,,,,
,,,,,,,,,,,,,,,,,316,2,2024-02-14_20h27.11.143,Symbol-E,2020.1.3,Win32,Firefox,Mozilla/5.0 (Windows NT 10.0; Win64; x64; rv:122.0) Gecko/20100101 Firefox/122.0,60,,,,,,,,,,,,,,,,,,,,,,,,,,,,,,,,,,,,,,media/dcnb.png,4,0,Symb,h,RT,0,0,0,1,8,0,66,0,1,7,99,h,0.784,4,1,h,1,0.784,66,0,66,0,1,,,,,,,,,,,,,
,,,,,,,,,,,,,,,,,316,2,2024-02-14_20h27.11.143,Symbol-E,2020.1.3,Win32,Firefox,Mozilla/5.0 (Windows NT 10.0; Win64; x64; rv:122.0) Gecko/20100101 Firefox/122.0,60,,,,,,,,,,,,,,,,,,,,,,,,,,,,,,,,,,,,,,media/dnnb.png,3,3,Symb,f,RT,0,0,0,1,8,0,67,0,1,7,99,f,0.799,3,1,f,1,0.799,67,0,67,0,1,,,,,,,,,,,,,
,,,,,,,,,,,,,,,,,316,2,2024-02-14_20h27.11.143,Symbol-E,2020.1.3,Win32,Firefox,Mozilla/5.0 (Windows NT 10.0; Win64; x64; rv:122.0) Gecko/20100101 Firefox/122.0,60,,,,,,,,,,,,,,,,,,,,,,,,,,,,,,,,,,,,,,media/djnb.png,7,3,Symb,l,RT,0,0,0,1,8,0,68,0,1,7,99,l,0.634,7,1,l,1,0.634,68,0,68,0,1,,,,,,,,,,,,,
,,,,,,,,,,,,,,,,,316,2,2024-02-14_20h27.11.143,Symbol-E,2020.1.3,Win32,Firefox,Mozilla/5.0 (Windows NT 10.0; Win64; x64; rv:122.0) Gecko/20100101 Firefox/122.0,60,,,,,,,,,,,,,,,,,,,,,,,,,,,,,,,,,,,,,,media/dgnb.png,1,1,Symb,w,RT,0,0,0,1,8,0,69,0,1,7,99,w,1.285,1,1,w,1,1.285,69,0,69,0,1,,,,,,,,,,,,,
,,,,,,,,,,,,,,,,,316,2,2024-02-14_20h27.11.143,Symbol-E,2020.1.3,Win32,Firefox,Mozilla/5.0 (Windows NT 10.0; Win64; x64; rv:122.0) Gecko/20100101 Firefox/122.0,60,,,,,,,,,,,,,,,,,,,,,,,,,,,,,,,,,,,,,,media/dgnb.png,1,1,Symb,w,RT,0,0,0,1,8,0,70,0,1,7,99,w,0.499,1,1,w,1,0.499,70,0,70,0,1,,,,,,,,,,,,,
,,,,,,,,,,,,,,,,,316,2,2024-02-14_20h27.11.143,Symbol-E,2020.1.3,Win32,Firefox,Mozilla/5.0 (Windows NT 10.0; Win64; x64; rv:122.0) Gecko/20100101 Firefox/122.0,60,,,,,,,,,,,,,,,,,,,,,,,,,,,,,,,,,,,,,,media/dinb.png,2,2,Symb,e,RT,0,0,0,1,8,0,71,0,1,7,99,e,0.7,2,1,e,1,0.7,71,0,71,0,1,,,,,,,,,,,,,
,,,,,,,,,,,,,,,,,316,2,2024-02-14_20h27.11.143,Symbol-E,2020.1.3,Win32,Firefox,Mozilla/5.0 (Windows NT 10.0; Win64; x64; rv:122.0) Gecko/20100101 Firefox/122.0,60,,,,,,,,,,,,,,,,,,,,,,,,,,,,,,,,,,,,,,media/dmnb.png,0,0,Symb,a,RT,0,0,0,1,8,0,72,0,1,7,99,a,0.715,0,1,a,1,0.715,72,0,72,0,1,,,,,,,,,,,,,
,,,,,,,,,,,,,,,,,316,2,2024-02-14_20h27.11.143,Symbol-E,2020.1.3,Win32,Firefox,Mozilla/5.0 (Windows NT 10.0; Win64; x64; rv:122.0) Gecko/20100101 Firefox/122.0,60,,,,,,,,,,,,,,,,,,,,,,,,,,,,,,,,,,,,,,media/dfnb.png,5,1,Symb,u,RT,0,0,0,1,8,0,73,0,1,7,99,u,2.072,5,1,u,1,2.072,73,0,73,0,1,,,,,,,,,,,,,
,,,,,,,,,,,,,,,,,316,2,2024-02-14_20h27.11.143,Symbol-E,2020.1.3,Win32,Firefox,Mozilla/5.0 (Windows NT 10.0; Win64; x64; rv:122.0) Gecko/20100101 Firefox/122.0,60,,,,,,,,,,,,,,,,,,,,,,,,,,,,,,,,,,,,,,media/ddnb.png,6,2,Symb,i,RT,0,0,0,1,8,0,74,0,1,7,99,i,0.865,6,1,i,1,0.865,74,0,74,0,1,,,,,,,,,,,,,
,,,,,,,,,,,,,,,,,316,2,2024-02-14_20h27.11.143,Symbol-E,2020.1.3,Win32,Firefox,Mozilla/5.0 (Windows NT 10.0; Win64; x64; rv:122.0) Gecko/20100101 Firefox/122.0,60,,,,,,,,,,,,,,,,,,,,,,,,,,,,,,,,,,,,,,media/dmnb.png,0,0,Symb,a,RT,0,0,0,1,8,0,75,0,1,7,99,a,0.682,0,1,a,1,0.682,75,0,75,0,1,,,,,,,,,,,,,
,,,,,,,,,,,,,,,,,316,2,2024-02-14_20h27.11.143,Symbol-E,2020.1.3,Win32,Firefox,Mozilla/5.0 (Windows NT 10.0; Win64; x64; rv:122.0) Gecko/20100101 Firefox/122.0,60,,,,,,,,,,,,,,,,,,,,,,,,,,,,,,,,,,,,,,media/dnnb.png,3,3,Symb,f,RT,0,0,0,1,8,0,76,0,1,7,99,f,0.619,3,1,f,1,0.619,76,0,76,0,1,,,,,,,,,,,,,
,,,,,,,,,,,,,,,,,316,2,2024-02-14_20h27.11.143,Symbol-E,2020.1.3,Win32,Firefox,Mozilla/5.0 (Windows NT 10.0; Win64; x64; rv:122.0) Gecko/20100101 Firefox/122.0,60,,,,,,,,,,,,,,,,,,,,,,,,,,,,,,,,,,,,,,media/djnb.png,7,3,Symb,l,RT,0,0,0,1,8,0,77,0,1,7,99,l,0.721,7,1,l,1,0.721,77,0,77,0,1,,,,,,,,,,,,,
,,,,,,,,,,,,,,,,,316,2,2024-02-14_20h27.11.143,Symbol-E,2020.1.3,Win32,Firefox,Mozilla/5.0 (Windows NT 10.0; Win64; x64; rv:122.0) Gecko/20100101 Firefox/122.0,60,,,,,,,,,,,,,,,,,,,,,,,,,,,,,,,,,,,,,,media/ddnb.png,6,2,Symb,i,RT,0,0,0,1,8,0,78,0,1,7,99,i,1.133,6,1,i,1,1.133,78,0,78,0,1,,,,,,,,,,,,,
,,,,,,,,,,,,,,,,,316,2,2024-02-14_20h27.11.143,Symbol-E,2020.1.3,Win32,Firefox,Mozilla/5.0 (Windows NT 10.0; Win64; x64; rv:122.0) Gecko/20100101 Firefox/122.0,60,,,,,,,,,,,,,,,,,,,,,,,,,,,,,,,,,,,,,,media/dfnb.png,5,1,Symb,u,RT,0,0,0,1,8,0,79,0,1,7,99,u,0.666,5,1,u,1,0.666,79,0,79,0,1,,,,,,,,,,,,,
,,,,,,,,,,,,,,,,,316,2,2024-02-14_20h27.11.143,Symbol-E,2020.1.3,Win32,Firefox,Mozilla/5.0 (Windows NT 10.0; Win64; x64; rv:122.0) Gecko/20100101 Firefox/122.0,60,,,,,,,,,,,,,,,,,,,,,,,,,,,,,,,,,,,,,,media/ddnb.png,6,2,Symb,i,RT,0,0,0,1,8,0,80,0,1,7,99,i,0.905,6,1,i,1,0.905,80,0,80,0,1,,,,,,,,,,,,,
,,,,,,,,,,,,,,,,,316,2,2024-02-14_20h27.11.143,Symbol-E,2020.1.3,Win32,Firefox,Mozilla/5.0 (Windows NT 10.0; Win64; x64; rv:122.0) Gecko/20100101 Firefox/122.0,60,,,,,,,,,,,,,,,,,,,,,,,,,,,,,,,,,,,,,,media/dinb.png,2,2,Symb,e,RT,0,0,0,1,8,0,81,0,1,7,99,e,1.385,2,1,e,1,1.385,81,0,81,0,1,,,,,,,,,,,,,
,,,,,,,,,,,,,,,,,316,2,2024-02-14_20h27.11.143,Symbol-E,2020.1.3,Win32,Firefox,Mozilla/5.0 (Windows NT 10.0; Win64; x64; rv:122.0) Gecko/20100101 Firefox/122.0,60,,,,,,,,,,,,,,,,,,,,,,,,,,,,,,,,,,,,,,media/dmnb.png,0,0,Symb,a,RT,0,0,0,1,8,0,82,0,1,7,99,a,0.733,0,1,a,1,0.733,82,0,82,0,1,,,,,,,,,,,,,
,,,,,,,,,,,,,,,,,316,2,2024-02-14_20h27.11.143,Symbol-E,2020.1.3,Win32,Firefox,Mozilla/5.0 (Windows NT 10.0; Win64; x64; rv:122.0) Gecko/20100101 Firefox/122.0,60,,,,,,,,,,,,,,,,,,,,,,,,,,,,,,,,,,,,,,media/djnb.png,7,3,Symb,l,RT,0,0,0,1,8,0,83,0,1,7,99,l,0.818,7,1,l,1,0.818,83,0,83,0,1,,,,,,,,,,,,,
,,,,,,,,,,,,,,,,,316,2,2024-02-14_20h27.11.143,Symbol-E,2020.1.3,Win32,Firefox,Mozilla/5.0 (Windows NT 10.0; Win64; x64; rv:122.0) Gecko/20100101 Firefox/122.0,60,,,,,,,,,,,,,,,,,,,,,,,,,,,,,,,,,,,,,,media/dcnb.png,4,0,Symb,h,RT,0,0,0,1,8,0,84,0,1,7,99,h,0.636,4,1,h,1,0.636,84,0,84,0,1,,,,,,,,,,,,,
,,,,,,,,,,,,,,,,,316,2,2024-02-14_20h27.11.143,Symbol-E,2020.1.3,Win32,Firefox,Mozilla/5.0 (Windows NT 10.0; Win64; x64; rv:122.0) Gecko/20100101 Firefox/122.0,60,,,,,,,,,,,,,,,,,,,,,,,,,,,,,,,,,,,,,,media/djnb.png,7,3,Symb,l,RT,0,0,0,1,8,0,85,0,1,7,99,l,0.65,7,1,l,1,0.65,85,0,85,0,1,,,,,,,,,,,,,
,,,,,,,,,,,,,,,,,316,2,2024-02-14_20h27.11.143,Symbol-E,2020.1.3,Win32,Firefox,Mozilla/5.0 (Windows NT 10.0; Win64; x64; rv:122.0) Gecko/20100101 Firefox/122.0,60,,,,,,,,,,,,,,,,,,,,,,,,,,,,,,,,,,,,,,media/dfnb.png,5,1,Symb,u,RT,0,0,0,1,8,0,86,0,1,7,99,u,0.773,5,1,u,1,0.773,86,0,86,0,1,,,,,,,,,,,,,
,,,,,,,,,,,,,,,,,316,2,2024-02-14_20h27.11.143,Symbol-E,2020.1.3,Win32,Firefox,Mozilla/5.0 (Windows NT 10.0; Win64; x64; rv:122.0) Gecko/20100101 Firefox/122.0,60,,,,,,,,,,,,,,,,,,,,,,,,,,,,,,,,,,,,,,media/dinb.png,2,2,Symb,e,RT,0,0,0,1,8,0,87,0,1,7,99,e,1.118,2,1,e,1,1.118,87,0,87,0,1,,,,,,,,,,,,,
,,,,,,,,,,,,,,,,,316,2,2024-02-14_20h27.11.143,Symbol-E,2020.1.3,Win32,Firefox,Mozilla/5.0 (Windows NT 10.0; Win64; x64; rv:122.0) Gecko/20100101 Firefox/122.0,60,,,,,,,,,,,,,,,,,,,,,,,,,,,,,,,,,,,,,,media/dgnb.png,1,1,Symb,w,RT,0,0,0,1,8,0,88,0,1,7,99,w,1.636,1,1,w,1,1.636,88,0,88,0,1,,,,,,,,,,,,,
,,,,,,,,,,,,,,,,,316,2,2024-02-14_20h27.11.143,Symbol-E,2020.1.3,Win32,Firefox,Mozilla/5.0 (Windows NT 10.0; Win64; x64; rv:122.0) Gecko/20100101 Firefox/122.0,60,,,,,,,,,,,,,,,,,,,,,,,,,,,,,,,,,,,,,,media/dnnb.png,3,3,Symb,f,RT,0,0,0,1,8,0,89,0,1,7,99,f,0.751,3,1,f,1,0.751,89,0,89,0,1,,,,,,,,,,,,,
,,,,,,,,,,,,,,,,,316,2,2024-02-14_20h27.11.143,Symbol-E,2020.1.3,Win32,Firefox,Mozilla/5.0 (Windows NT 10.0; Win64; x64; rv:122.0) Gecko/20100101 Firefox/122.0,60,,,,,,,,,,,,,,,,,,,,,,,,,,,,,,,,,,,,,,media/ddnb.png,6,2,Symb,i,RT,0,0,0,1,8,0,90,0,1,7,99,i,0.906,6,1,i,1,0.906,90,0,90,0,1,,,,,,,,,,,,,
,,,,,,,,,,,,,,,,,316,2,2024-02-14_20h27.11.143,Symbol-E,2020.1.3,Win32,Firefox,Mozilla/5.0 (Windows NT 10.0; Win64; x64; rv:122.0) Gecko/20100101 Firefox/122.0,60,,,,,,,,,,,,,,,,,,,,,,,,,,,,,,,,,,,,,,media/dfnb.png,5,1,Symb,u,RT,0,0,0,1,8,0,91,0,1,7,99,u,0.956,5,1,u,1,0.956,91,0,91,0,1,,,,,,,,,,,,,
,,,,,,,,,,,,,,,,,316,2,2024-02-14_20h27.11.143,Symbol-E,2020.1.3,Win32,Firefox,Mozilla/5.0 (Windows NT 10.0; Win64; x64; rv:122.0) Gecko/20100101 Firefox/122.0,60,,,,,,,,,,,,,,,,,,,,,,,,,,,,,,,,,,,,,,media/dcnb.png,4,0,Symb,h,RT,0,0,0,1,8,0,92,0,1,7,99,h,0.834,4,1,h,1,0.834,92,0,92,0,1,,,,,,,,,,,,,
,,,,,,,,,,,,,,,,,316,2,2024-02-14_20h27.11.143,Symbol-E,2020.1.3,Win32,Firefox,Mozilla/5.0 (Windows NT 10.0; Win64; x64; rv:122.0) Gecko/20100101 Firefox/122.0,60,,,,,,,,,,,,,,,,,,,,,,,,,,,,,,,,,,,,,,media/dmnb.png,0,0,Symb,a,RT,0,0,0,1,8,0,93,0,1,7,99,a,0.746,0,1,a,1,0.746,93,0,93,0,1,,,,,,,,,,,,,
,,,,,,,,,,,,,,,,,316,2,2024-02-14_20h27.11.143,Symbol-E,2020.1.3,Win32,Firefox,Mozilla/5.0 (Windows NT 10.0; Win64; x64; rv:122.0) Gecko/20100101 Firefox/122.0,60,,,,,,,,,,,,,,,,,,,,,,,,,,,,,,,,,,,,,,media/dnnb.png,3,3,Symb,f,RT,0,0,0,1,8,0,94,0,1,7,99,f,0.649,3,1,f,1,0.649,94,0,94,0,1,,,,,,,,,,,,,
,,,,,,,,,,,,,,,,,316,2,2024-02-14_20h27.11.143,Symbol-E,2020.1.3,Win32,Firefox,Mozilla/5.0 (Windows NT 10.0; Win64; x64; rv:122.0) Gecko/20100101 Firefox/122.0,60,,,,,,,,,,,,,,,,,,,,,,,,,,,,,,,,,,,,,,media/dgnb.png,1,1,Symb,w,RT,0,0,0,1,8,0,95,0,1,7,99,w,1.098,1,1,w,1,1.098,95,0,95,0,1,,,,,,,,,,,,,
,,,,,,,,,,,,,,,,,316,2,2024-02-14_20h27.11.143,Symbol-E,2020.1.3,Win32,Firefox,Mozilla/5.0 (Windows NT 10.0; Win64; x64; rv:122.0) Gecko/20100101 Firefox/122.0,60,,,,,,,,,,,,,,,,,,,,,,,,,,,,,,,,,,,,,,,,,,,,,,,,,,,,,,,,,,,,,,,,,,,6,0,6,0,1,,,,,,,,
,,,,,,,,,,,,,,,,,316,2,2024-02-14_20h27.11.143,Symbol-E,2020.1.3,Win32,Firefox,Mozilla/5.0 (Windows NT 10.0; Win64; x64; rv:122.0) Gecko/20100101 Firefox/122.0,60,,,,,,,,,,,,,,,,,,,,,,,,,,,,,,,,,,,,h,8.684,media/dmnb.png,0,0,Symb,a,RT,0,0,0,1,8,0,0,0,1,8,99,a,1.733,0,1,a,1,1.733,0,0,0,0,1,,,,,,,,,,,,,
,,,,,,,,,,,,,,,,,316,2,2024-02-14_20h27.11.143,Symbol-E,2020.1.3,Win32,Firefox,Mozilla/5.0 (Windows NT 10.0; Win64; x64; rv:122.0) Gecko/20100101 Firefox/122.0,60,,,,,,,,,,,,,,,,,,,,,,,,,,,,,,,,,,,,,,media/ddnb.png,6,2,Symb,i,RT,0,0,0,1,8,0,1,0,1,8,99,i,0.906,6,1,i,1,0.906,1,0,1,0,1,,,,,,,,,,,,,
,,,,,,,,,,,,,,,,,316,2,2024-02-14_20h27.11.143,Symbol-E,2020.1.3,Win32,Firefox,Mozilla/5.0 (Windows NT 10.0; Win64; x64; rv:122.0) Gecko/20100101 Firefox/122.0,60,,,,,,,,,,,,,,,,,,,,,,,,,,,,,,,,,,,,,,media/dgnb.png,1,1,Symb,w,RT,0,0,0,1,8,0,2,0,1,8,99,w,0.802,1,1,w,1,0.802,2,0,2,0,1,,,,,,,,,,,,,
,,,,,,,,,,,,,,,,,316,2,2024-02-14_20h27.11.143,Symbol-E,2020.1.3,Win32,Firefox,Mozilla/5.0 (Windows NT 10.0; Win64; x64; rv:122.0) Gecko/20100101 Firefox/122.0,60,,,,,,,,,,,,,,,,,,,,,,,,,,,,,,,,,,,,,,media/dfnb.png,5,1,Symb,u,RT,0,0,0,1,8,0,3,0,1,8,99,u,0.783,5,1,u,1,0.783,3,0,3,0,1,,,,,,,,,,,,,
,,,,,,,,,,,,,,,,,316,2,2024-02-14_20h27.11.143,Symbol-E,2020.1.3,Win32,Firefox,Mozilla/5.0 (Windows NT 10.0; Win64; x64; rv:122.0) Gecko/20100101 Firefox/122.0,60,,,,,,,,,,,,,,,,,,,,,,,,,,,,,,,,,,,,,,media/djnb.png,7,3,Symb,l,RT,0,0,0,1,8,0,4,0,1,8,99,l,0.82,7,1,l,1,0.82,4,0,4,0,1,,,,,,,,,,,,,
,,,,,,,,,,,,,,,,,316,2,2024-02-14_20h27.11.143,Symbol-E,2020.1.3,Win32,Firefox,Mozilla/5.0 (Windows NT 10.0; Win64; x64; rv:122.0) Gecko/20100101 Firefox/122.0,60,,,,,,,,,,,,,,,,,,,,,,,,,,,,,,,,,,,,,,media/dnnb.png,3,3,Symb,f,RT,0,0,0,1,8,0,5,0,1,8,99,f,0.648,3,1,f,1,0.648,5,0,5,0,1,,,,,,,,,,,,,
,,,,,,,,,,,,,,,,,316,2,2024-02-14_20h27.11.143,Symbol-E,2020.1.3,Win32,Firefox,Mozilla/5.0 (Windows NT 10.0; Win64; x64; rv:122.0) Gecko/20100101 Firefox/122.0,60,,,,,,,,,,,,,,,,,,,,,,,,,,,,,,,,,,,,,,media/djnb.png,7,3,Symb,l,RT,0,0,0,1,8,0,6,0,1,8,99,l,0.601,7,1,l,1,0.601,6,0,6,0,1,,,,,,,,,,,,,
,,,,,,,,,,,,,,,,,316,2,2024-02-14_20h27.11.143,Symbol-E,2020.1.3,Win32,Firefox,Mozilla/5.0 (Windows NT 10.0; Win64; x64; rv:122.0) Gecko/20100101 Firefox/122.0,60,,,,,,,,,,,,,,,,,,,,,,,,,,,,,,,,,,,,,,media/dgnb.png,1,1,Symb,w,RT,0,0,0,1,8,0,7,0,1,8,99,w,0.834,1,1,w,1,0.834,7,0,7,0,1,,,,,,,,,,,,,
,,,,,,,,,,,,,,,,,316,2,2024-02-14_20h27.11.143,Symbol-E,2020.1.3,Win32,Firefox,Mozilla/5.0 (Windows NT 10.0; Win64; x64; rv:122.0) Gecko/20100101 Firefox/122.0,60,,,,,,,,,,,,,,,,,,,,,,,,,,,,,,,,,,,,,,media/dfnb.png,5,1,Symb,u,RT,0,0,0,1,8,0,8,0,1,8,99,u,0.684,5,1,u,1,0.684,8,0,8,0,1,,,,,,,,,,,,,
,,,,,,,,,,,,,,,,,316,2,2024-02-14_20h27.11.143,Symbol-E,2020.1.3,Win32,Firefox,Mozilla/5.0 (Windows NT 10.0; Win64; x64; rv:122.0) Gecko/20100101 Firefox/122.0,60,,,,,,,,,,,,,,,,,,,,,,,,,,,,,,,,,,,,,,media/dcnb.png,4,0,Symb,h,RT,0,0,0,1,8,0,9,0,1,8,99,h,0.721,4,1,h,1,0.721,9,0,9,0,1,,,,,,,,,,,,,
,,,,,,,,,,,,,,,,,316,2,2024-02-14_20h27.11.143,Symbol-E,2020.1.3,Win32,Firefox,Mozilla/5.0 (Windows NT 10.0; Win64; x64; rv:122.0) Gecko/20100101 Firefox/122.0,60,,,,,,,,,,,,,,,,,,,,,,,,,,,,,,,,,,,,,,media/dinb.png,2,2,Symb,e,RT,0,0,0,1,8,0,10,0,1,8,99,e,0.688,2,1,e,1,0.688,10,0,10,0,1,,,,,,,,,,,,,
,,,,,,,,,,,,,,,,,316,2,2024-02-14_20h27.11.143,Symbol-E,2020.1.3,Win32,Firefox,Mozilla/5.0 (Windows NT 10.0; Win64; x64; rv:122.0) Gecko/20100101 Firefox/122.0,60,,,,,,,,,,,,,,,,,,,,,,,,,,,,,,,,,,,,,,media/dcnb.png,4,0,Symb,h,RT,0,0,0,1,8,0,11,0,1,8,99,h,0.566,4,1,h,1,0.566,11,0,11,0,1,,,,,,,,,,,,,
,,,,,,,,,,,,,,,,,316,2,2024-02-14_20h27.11.143,Symbol-E,2020.1.3,Win32,Firefox,Mozilla/5.0 (Windows NT 10.0; Win64; x64; rv:122.0) Gecko/20100101 Firefox/122.0,60,,,,,,,,,,,,,,,,,,,,,,,,,,,,,,,,,,,,,,media/ddnb.png,6,2,Symb,i,RT,0,0,0,1,8,0,12,0,1,8,99,i,0.767,6,1,i,1,0.767,12,0,12,0,1,,,,,,,,,,,,,
,,,,,,,,,,,,,,,,,316,2,2024-02-14_20h27.11.143,Symbol-E,2020.1.3,Win32,Firefox,Mozilla/5.0 (Windows NT 10.0; Win64; x64; rv:122.0) Gecko/20100101 Firefox/122.0,60,,,,,,,,,,,,,,,,,,,,,,,,,,,,,,,,,,,,,,media/dmnb.png,0,0,Symb,a,RT,0,0,0,1,8,0,13,0,1,8,99,a,0.651,0,1,a,1,0.651,13,0,13,0,1,,,,,,,,,,,,,
,,,,,,,,,,,,,,,,,316,2,2024-02-14_20h27.11.143,Symbol-E,2020.1.3,Win32,Firefox,Mozilla/5.0 (Windows NT 10.0; Win64; x64; rv:122.0) Gecko/20100101 Firefox/122.0,60,,,,,,,,,,,,,,,,,,,,,,,,,,,,,,,,,,,,,,media/dnnb.png,3,3,Symb,f,RT,0,0,0,1,8,0,14,0,1,8,99,f,0.633,3,1,f,1,0.633,14,0,14,0,1,,,,,,,,,,,,,
,,,,,,,,,,,,,,,,,316,2,2024-02-14_20h27.11.143,Symbol-E,2020.1.3,Win32,Firefox,Mozilla/5.0 (Windows NT 10.0; Win64; x64; rv:122.0) Gecko/20100101 Firefox/122.0,60,,,,,,,,,,,,,,,,,,,,,,,,,,,,,,,,,,,,,,media/dinb.png,2,2,Symb,e,RT,0,0,0,1,8,0,15,0,1,8,99,e,0.633,2,1,e,1,0.633,15,0,15,0,1,,,,,,,,,,,,,
,,,,,,,,,,,,,,,,,316,2,2024-02-14_20h27.11.143,Symbol-E,2020.1.3,Win32,Firefox,Mozilla/5.0 (Windows NT 10.0; Win64; x64; rv:122.0) Gecko/20100101 Firefox/122.0,60,,,,,,,,,,,,,,,,,,,,,,,,,,,,,,,,,,,,,,media/djnb.png,7,3,Symb,l,RT,0,0,0,1,8,0,16,0,1,8,99,l,0.8,7,1,l,1,0.8,16,0,16,0,1,,,,,,,,,,,,,
,,,,,,,,,,,,,,,,,316,2,2024-02-14_20h27.11.143,Symbol-E,2020.1.3,Win32,Firefox,Mozilla/5.0 (Windows NT 10.0; Win64; x64; rv:122.0) Gecko/20100101 Firefox/122.0,60,,,,,,,,,,,,,,,,,,,,,,,,,,,,,,,,,,,,,,media/dmnb.png,0,0,Symb,a,RT,0,0,0,1,8,0,17,0,1,8,99,a,0.754,0,1,a,1,0.754,17,0,17,0,1,,,,,,,,,,,,,
,,,,,,,,,,,,,,,,,316,2,2024-02-14_20h27.11.143,Symbol-E,2020.1.3,Win32,Firefox,Mozilla/5.0 (Windows NT 10.0; Win64; x64; rv:122.0) Gecko/20100101 Firefox/122.0,60,,,,,,,,,,,,,,,,,,,,,,,,,,,,,,,,,,,,,,media/ddnb.png,6,2,Symb,i,RT,0,0,0,1,8,0,18,0,1,8,99,i,0.721,6,1,i,1,0.721,18,0,18,0,1,,,,,,,,,,,,,
,,,,,,,,,,,,,,,,,316,2,2024-02-14_20h27.11.143,Symbol-E,2020.1.3,Win32,Firefox,Mozilla/5.0 (Windows NT 10.0; Win64; x64; rv:122.0) Gecko/20100101 Firefox/122.0,60,,,,,,,,,,,,,,,,,,,,,,,,,,,,,,,,,,,,,,media/dgnb.png,1,1,Symb,w,RT,0,0,0,1,8,0,19,0,1,8,99,w,0.834,1,1,w,1,0.834,19,0,19,0,1,,,,,,,,,,,,,
,,,,,,,,,,,,,,,,,316,2,2024-02-14_20h27.11.143,Symbol-E,2020.1.3,Win32,Firefox,Mozilla/5.0 (Windows NT 10.0; Win64; x64; rv:122.0) Gecko/20100101 Firefox/122.0,60,,,,,,,,,,,,,,,,,,,,,,,,,,,,,,,,,,,,,,media/dnnb.png,3,3,Symb,f,RT,0,0,0,1,8,0,20,0,1,8,99,f,0.65,3,1,f,1,0.65,20,0,20,0,1,,,,,,,,,,,,,
,,,,,,,,,,,,,,,,,316,2,2024-02-14_20h27.11.143,Symbol-E,2020.1.3,Win32,Firefox,Mozilla/5.0 (Windows NT 10.0; Win64; x64; rv:122.0) Gecko/20100101 Firefox/122.0,60,,,,,,,,,,,,,,,,,,,,,,,,,,,,,,,,,,,,,,media/dgnb.png,1,1,Symb,w,RT,0,0,0,1,8,0,21,0,1,8,99,w,0.631,1,1,w,1,0.631,21,0,21,0,1,,,,,,,,,,,,,
,,,,,,,,,,,,,,,,,316,2,2024-02-14_20h27.11.143,Symbol-E,2020.1.3,Win32,Firefox,Mozilla/5.0 (Windows NT 10.0; Win64; x64; rv:122.0) Gecko/20100101 Firefox/122.0,60,,,,,,,,,,,,,,,,,,,,,,,,,,,,,,,,,,,,,,media/dinb.png,2,2,Symb,e,RT,0,0,0,1,8,0,22,0,1,8,99,e,0.752,2,1,e,1,0.752,22,0,22,0,1,,,,,,,,,,,,,
,,,,,,,,,,,,,,,,,316,2,2024-02-14_20h27.11.143,Symbol-E,2020.1.3,Win32,Firefox,Mozilla/5.0 (Windows NT 10.0; Win64; x64; rv:122.0) Gecko/20100101 Firefox/122.0,60,,,,,,,,,,,,,,,,,,,,,,,,,,,,,,,,,,,,,,media/dfnb.png,5,1,Symb,u,RT,0,0,0,1,8,0,23,0,1,8,99,u,0.716,5,1,u,1,0.716,23,0,23,0,1,,,,,,,,,,,,,
,,,,,,,,,,,,,,,,,316,2,2024-02-14_20h27.11.143,Symbol-E,2020.1.3,Win32,Firefox,Mozilla/5.0 (Windows NT 10.0; Win64; x64; rv:122.0) Gecko/20100101 Firefox/122.0,60,,,,,,,,,,,,,,,,,,,,,,,,,,,,,,,,,,,,,,media/dinb.png,2,2,Symb,e,RT,0,0,0,1,8,0,24,0,1,8,99,e,2,2,1,e,1,2,24,0,24,0,1,,,,,,,,,,,,,
,,,,,,,,,,,,,,,,,316,2,2024-02-14_20h27.11.143,Symbol-E,2020.1.3,Win32,Firefox,Mozilla/5.0 (Windows NT 10.0; Win64; x64; rv:122.0) Gecko/20100101 Firefox/122.0,60,,,,,,,,,,,,,,,,,,,,,,,,,,,,,,,,,,,,,,media/ddnb.png,6,2,Symb,i,RT,0,0,0,1,8,0,25,0,1,8,99,i,0.836,6,1,i,1,0.836,25,0,25,0,1,,,,,,,,,,,,,
,,,,,,,,,,,,,,,,,316,2,2024-02-14_20h27.11.143,Symbol-E,2020.1.3,Win32,Firefox,Mozilla/5.0 (Windows NT 10.0; Win64; x64; rv:122.0) Gecko/20100101 Firefox/122.0,60,,,,,,,,,,,,,,,,,,,,,,,,,,,,,,,,,,,,,,media/dmnb.png,0,0,Symb,a,RT,0,0,0,1,8,0,26,0,1,8,99,a,0.653,0,1,a,1,0.653,26,0,26,0,1,,,,,,,,,,,,,
,,,,,,,,,,,,,,,,,316,2,2024-02-14_20h27.11.143,Symbol-E,2020.1.3,Win32,Firefox,Mozilla/5.0 (Windows NT 10.0; Win64; x64; rv:122.0) Gecko/20100101 Firefox/122.0,60,,,,,,,,,,,,,,,,,,,,,,,,,,,,,,,,,,,,,,media/dcnb.png,4,0,Symb,h,RT,0,0,0,1,8,0,27,0,1,8,99,h,0.817,4,1,h,1,0.817,27,0,27,0,1,,,,,,,,,,,,,
,,,,,,,,,,,,,,,,,316,2,2024-02-14_20h27.11.143,Symbol-E,2020.1.3,Win32,Firefox,Mozilla/5.0 (Windows NT 10.0; Win64; x64; rv:122.0) Gecko/20100101 Firefox/122.0,60,,,,,,,,,,,,,,,,,,,,,,,,,,,,,,,,,,,,,,media/dnnb.png,3,3,Symb,f,RT,0,0,0,1,8,0,28,0,1,8,99,f,0.889,3,1,f,1,0.889,28,0,28,0,1,,,,,,,,,,,,,
,,,,,,,,,,,,,,,,,316,2,2024-02-14_20h27.11.143,Symbol-E,2020.1.3,Win32,Firefox,Mozilla/5.0 (Windows NT 10.0; Win64; x64; rv:122.0) Gecko/20100101 Firefox/122.0,60,,,,,,,,,,,,,,,,,,,,,,,,,,,,,,,,,,,,,,media/dfnb.png,5,1,Symb,u,RT,0,0,0,1,8,0,29,0,1,8,99,u,0.666,5,1,u,1,0.666,29,0,29,0,1,,,,,,,,,,,,,
,,,,,,,,,,,,,,,,,316,2,2024-02-14_20h27.11.143,Symbol-E,2020.1.3,Win32,Firefox,Mozilla/5.0 (Windows NT 10.0; Win64; x64; rv:122.0) Gecko/20100101 Firefox/122.0,60,,,,,,,,,,,,,,,,,,,,,,,,,,,,,,,,,,,,,,media/dcnb.png,4,0,Symb,h,RT,0,0,0,1,8,0,30,0,1,8,99,h,1.099,4,1,h,1,1.099,30,0,30,0,1,,,,,,,,,,,,,
,,,,,,,,,,,,,,,,,316,2,2024-02-14_20h27.11.143,Symbol-E,2020.1.3,Win32,Firefox,Mozilla/5.0 (Windows NT 10.0; Win64; x64; rv:122.0) Gecko/20100101 Firefox/122.0,60,,,,,,,,,,,,,,,,,,,,,,,,,,,,,,,,,,,,,,media/djnb.png,7,3,Symb,l,RT,0,0,0,1,8,0,31,0,1,8,99,l,0.618,7,1,l,1,0.618,31,0,31,0,1,,,,,,,,,,,,,
,,,,,,,,,,,,,,,,,316,2,2024-02-14_20h27.11.143,Symbol-E,2020.1.3,Win32,Firefox,Mozilla/5.0 (Windows NT 10.0; Win64; x64; rv:122.0) Gecko/20100101 Firefox/122.0,60,,,,,,,,,,,,,,,,,,,,,,,,,,,,,,,,,,,,,,media/ddnb.png,6,2,Symb,i,RT,0,0,0,1,8,0,32,0,1,8,99,i,0.917,6,1,i,1,0.917,32,0,32,0,1,,,,,,,,,,,,,
,,,,,,,,,,,,,,,,,316,2,2024-02-14_20h27.11.143,Symbol-E,2020.1.3,Win32,Firefox,Mozilla/5.0 (Windows NT 10.0; Win64; x64; rv:122.0) Gecko/20100101 Firefox/122.0,60,,,,,,,,,,,,,,,,,,,,,,,,,,,,,,,,,,,,,,media/dfnb.png,5,1,Symb,u,RT,0,0,0,1,8,0,33,0,1,8,99,u,0.72,5,1,u,1,0.72,33,0,33,0,1,,,,,,,,,,,,,
,,,,,,,,,,,,,,,,,316,2,2024-02-14_20h27.11.143,Symbol-E,2020.1.3,Win32,Firefox,Mozilla/5.0 (Windows NT 10.0; Win64; x64; rv:122.0) Gecko/20100101 Firefox/122.0,60,,,,,,,,,,,,,,,,,,,,,,,,,,,,,,,,,,,,,,media/dnnb.png,3,3,Symb,f,RT,0,0,0,1,8,0,34,0,1,8,99,f,0.75,3,1,f,1,0.75,34,0,34,0,1,,,,,,,,,,,,,
,,,,,,,,,,,,,,,,,316,2,2024-02-14_20h27.11.143,Symbol-E,2020.1.3,Win32,Firefox,Mozilla/5.0 (Windows NT 10.0; Win64; x64; rv:122.0) Gecko/20100101 Firefox/122.0,60,,,,,,,,,,,,,,,,,,,,,,,,,,,,,,,,,,,,,,media/dnnb.png,3,3,Symb,f,RT,0,0,0,1,8,0,35,0,1,8,99,f,0.534,3,1,f,1,0.534,35,0,35,0,1,,,,,,,,,,,,,
,,,,,,,,,,,,,,,,,316,2,2024-02-14_20h27.11.143,Symbol-E,2020.1.3,Win32,Firefox,Mozilla/5.0 (Windows NT 10.0; Win64; x64; rv:122.0) Gecko/20100101 Firefox/122.0,60,,,,,,,,,,,,,,,,,,,,,,,,,,,,,,,,,,,,,,media/djnb.png,7,3,Symb,l,RT,0,0,0,1,8,0,36,0,1,8,99,l,0.653,7,1,l,1,0.653,36,0,36,0,1,,,,,,,,,,,,,
,,,,,,,,,,,,,,,,,316,2,2024-02-14_20h27.11.143,Symbol-E,2020.1.3,Win32,Firefox,Mozilla/5.0 (Windows NT 10.0; Win64; x64; rv:122.0) Gecko/20100101 Firefox/122.0,60,,,,,,,,,,,,,,,,,,,,,,,,,,,,,,,,,,,,,,media/djnb.png,7,3,Symb,l,RT,0,0,0,1,8,0,37,0,1,8,99,l,0.55,7,1,l,1,0.55,37,0,37,0,1,,,,,,,,,,,,,
,,,,,,,,,,,,,,,,,316,2,2024-02-14_20h27.11.143,Symbol-E,2020.1.3,Win32,Firefox,Mozilla/5.0 (Windows NT 10.0; Win64; x64; rv:122.0) Gecko/20100101 Firefox/122.0,60,,,,,,,,,,,,,,,,,,,,,,,,,,,,,,,,,,,,,,media/dfnb.png,5,1,Symb,u,RT,0,0,0,1,8,0,38,0,1,8,99,u,0.583,5,1,u,1,0.583,38,0,38,0,1,,,,,,,,,,,,,
,,,,,,,,,,,,,,,,,316,2,2024-02-14_20h27.11.143,Symbol-E,2020.1.3,Win32,Firefox,Mozilla/5.0 (Windows NT 10.0; Win64; x64; rv:122.0) Gecko/20100101 Firefox/122.0,60,,,,,,,,,,,,,,,,,,,,,,,,,,,,,,,,,,,,,,media/dinb.png,2,2,Symb,e,RT,0,0,0,1,8,0,39,0,1,8,99,e,0.84,2,1,e,1,0.84,39,0,39,0,1,,,,,,,,,,,,,
,,,,,,,,,,,,,,,,,316,2,2024-02-14_20h27.11.143,Symbol-E,2020.1.3,Win32,Firefox,Mozilla/5.0 (Windows NT 10.0; Win64; x64; rv:122.0) Gecko/20100101 Firefox/122.0,60,,,,,,,,,,,,,,,,,,,,,,,,,,,,,,,,,,,,,,media/dinb.png,2,2,Symb,e,RT,0,0,0,1,8,0,40,0,1,8,99,e,0.515,2,1,e,1,0.515,40,0,40,0,1,,,,,,,,,,,,,
,,,,,,,,,,,,,,,,,316,2,2024-02-14_20h27.11.143,Symbol-E,2020.1.3,Win32,Firefox,Mozilla/5.0 (Windows NT 10.0; Win64; x64; rv:122.0) Gecko/20100101 Firefox/122.0,60,,,,,,,,,,,,,,,,,,,,,,,,,,,,,,,,,,,,,,media/ddnb.png,6,2,Symb,i,RT,0,0,0,1,8,0,41,0,1,8,99,i,0.849,6,1,i,1,0.849,41,0,41,0,1,,,,,,,,,,,,,
,,,,,,,,,,,,,,,,,316,2,2024-02-14_20h27.11.143,Symbol-E,2020.1.3,Win32,Firefox,Mozilla/5.0 (Windows NT 10.0; Win64; x64; rv:122.0) Gecko/20100101 Firefox/122.0,60,,,,,,,,,,,,,,,,,,,,,,,,,,,,,,,,,,,,,,media/dgnb.png,1,1,Symb,w,RT,0,0,0,1,8,0,42,0,1,8,99,w,0.754,1,1,w,1,0.754,42,0,42,0,1,,,,,,,,,,,,,
,,,,,,,,,,,,,,,,,316,2,2024-02-14_20h27.11.143,Symbol-E,2020.1.3,Win32,Firefox,Mozilla/5.0 (Windows NT 10.0; Win64; x64; rv:122.0) Gecko/20100101 Firefox/122.0,60,,,,,,,,,,,,,,,,,,,,,,,,,,,,,,,,,,,,,,media/dmnb.png,0,0,Symb,a,RT,0,0,0,1,8,0,43,0,1,8,99,a,0.688,0,1,a,1,0.688,43,0,43,0,1,,,,,,,,,,,,,
,,,,,,,,,,,,,,,,,316,2,2024-02-14_20h27.11.143,Symbol-E,2020.1.3,Win32,Firefox,Mozilla/5.0 (Windows NT 10.0; Win64; x64; rv:122.0) Gecko/20100101 Firefox/122.0,60,,,,,,,,,,,,,,,,,,,,,,,,,,,,,,,,,,,,,,media/dgnb.png,1,1,Symb,w,RT,0,0,0,1,8,0,44,0,1,8,99,w,1.017,1,1,w,1,1.017,44,0,44,0,1,,,,,,,,,,,,,
,,,,,,,,,,,,,,,,,316,2,2024-02-14_20h27.11.143,Symbol-E,2020.1.3,Win32,Firefox,Mozilla/5.0 (Windows NT 10.0; Win64; x64; rv:122.0) Gecko/20100101 Firefox/122.0,60,,,,,,,,,,,,,,,,,,,,,,,,,,,,,,,,,,,,,,media/dcnb.png,4,0,Symb,h,RT,0,0,0,1,8,0,45,0,1,8,99,h,0.704,4,1,h,1,0.704,45,0,45,0,1,,,,,,,,,,,,,
,,,,,,,,,,,,,,,,,316,2,2024-02-14_20h27.11.143,Symbol-E,2020.1.3,Win32,Firefox,Mozilla/5.0 (Windows NT 10.0; Win64; x64; rv:122.0) Gecko/20100101 Firefox/122.0,60,,,,,,,,,,,,,,,,,,,,,,,,,,,,,,,,,,,,,,media/dmnb.png,0,0,Symb,a,RT,0,0,0,1,8,0,46,0,1,8,99,a,0.721,0,1,a,1,0.721,46,0,46,0,1,,,,,,,,,,,,,
,,,,,,,,,,,,,,,,,316,2,2024-02-14_20h27.11.143,Symbol-E,2020.1.3,Win32,Firefox,Mozilla/5.0 (Windows NT 10.0; Win64; x64; rv:122.0) Gecko/20100101 Firefox/122.0,60,,,,,,,,,,,,,,,,,,,,,,,,,,,,,,,,,,,,,,media/dcnb.png,4,0,Symb,h,RT,0,0,0,1,8,0,47,0,1,8,99,h,0.654,4,1,h,1,0.654,47,0,47,0,1,,,,,,,,,,,,,
,,,,,,,,,,,,,,,,,316,2,2024-02-14_20h27.11.143,Symbol-E,2020.1.3,Win32,Firefox,Mozilla/5.0 (Windows NT 10.0; Win64; x64; rv:122.0) Gecko/20100101 Firefox/122.0,60,,,,,,,,,,,,,,,,,,,,,,,,,,,,,,,,,,,,,,media/djnb.png,7,3,Symb,l,RT,0,0,0,1,8,0,48,0,1,8,99,l,0.864,7,1,l,1,0.864,48,0,48,0,1,,,,,,,,,,,,,
,,,,,,,,,,,,,,,,,316,2,2024-02-14_20h27.11.143,Symbol-E,2020.1.3,Win32,Firefox,Mozilla/5.0 (Windows NT 10.0; Win64; x64; rv:122.0) Gecko/20100101 Firefox/122.0,60,,,,,,,,,,,,,,,,,,,,,,,,,,,,,,,,,,,,,,media/dgnb.png,1,1,Symb,w,RT,0,0,0,1,8,0,49,0,1,8,99,w,0.749,1,1,w,1,0.749,49,0,49,0,1,,,,,,,,,,,,,
,,,,,,,,,,,,,,,,,316,2,2024-02-14_20h27.11.143,Symbol-E,2020.1.3,Win32,Firefox,Mozilla/5.0 (Windows NT 10.0; Win64; x64; rv:122.0) Gecko/20100101 Firefox/122.0,60,,,,,,,,,,,,,,,,,,,,,,,,,,,,,,,,,,,,,,media/djnb.png,7,3,Symb,l,RT,0,0,0,1,8,0,50,0,1,8,99,l,0.615,7,1,l,1,0.615,50,0,50,0,1,,,,,,,,,,,,,
,,,,,,,,,,,,,,,,,316,2,2024-02-14_20h27.11.143,Symbol-E,2020.1.3,Win32,Firefox,Mozilla/5.0 (Windows NT 10.0; Win64; x64; rv:122.0) Gecko/20100101 Firefox/122.0,60,,,,,,,,,,,,,,,,,,,,,,,,,,,,,,,,,,,,,,media/dinb.png,2,2,Symb,e,RT,0,0,0,1,8,0,51,0,1,8,99,e,0.683,2,1,e,1,0.683,51,0,51,0,1,,,,,,,,,,,,,
,,,,,,,,,,,,,,,,,316,2,2024-02-14_20h27.11.143,Symbol-E,2020.1.3,Win32,Firefox,Mozilla/5.0 (Windows NT 10.0; Win64; x64; rv:122.0) Gecko/20100101 Firefox/122.0,60,,,,,,,,,,,,,,,,,,,,,,,,,,,,,,,,,,,,,,media/ddnb.png,6,2,Symb,i,RT,0,0,0,1,8,0,52,0,1,8,99,i,1.6,6,1,i,1,1.6,52,0,52,0,1,,,,,,,,,,,,,
,,,,,,,,,,,,,,,,,316,2,2024-02-14_20h27.11.143,Symbol-E,2020.1.3,Win32,Firefox,Mozilla/5.0 (Windows NT 10.0; Win64; x64; rv:122.0) Gecko/20100101 Firefox/122.0,60,,,,,,,,,,,,,,,,,,,,,,,,,,,,,,,,,,,,,,media/dmnb.png,0,0,Symb,a,RT,0,0,0,1,8,0,53,0,1,8,99,a,0.669,0,1,a,1,0.669,53,0,53,0,1,,,,,,,,,,,,,
,,,,,,,,,,,,,,,,,316,2,2024-02-14_20h27.11.143,Symbol-E,2020.1.3,Win32,Firefox,Mozilla/5.0 (Windows NT 10.0; Win64; x64; rv:122.0) Gecko/20100101 Firefox/122.0,60,,,,,,,,,,,,,,,,,,,,,,,,,,,,,,,,,,,,,,media/dinb.png,2,2,Symb,e,RT,0,0,0,1,8,0,54,0,1,8,99,e,0.75,2,1,e,1,0.75,54,0,54,0,1,,,,,,,,,,,,,
,,,,,,,,,,,,,,,,,316,2,2024-02-14_20h27.11.143,Symbol-E,2020.1.3,Win32,Firefox,Mozilla/5.0 (Windows NT 10.0; Win64; x64; rv:122.0) Gecko/20100101 Firefox/122.0,60,,,,,,,,,,,,,,,,,,,,,,,,,,,,,,,,,,,,,,media/dgnb.png,1,1,Symb,w,RT,0,0,0,1,8,0,55,0,1,8,99,w,0.752,1,1,w,1,0.752,55,0,55,0,1,,,,,,,,,,,,,
,,,,,,,,,,,,,,,,,316,2,2024-02-14_20h27.11.143,Symbol-E,2020.1.3,Win32,Firefox,Mozilla/5.0 (Windows NT 10.0; Win64; x64; rv:122.0) Gecko/20100101 Firefox/122.0,60,,,,,,,,,,,,,,,,,,,,,,,,,,,,,,,,,,,,,,media/dfnb.png,5,1,Symb,u,RT,0,0,0,1,8,0,56,0,1,8,99,u,0.752,5,1,u,1,0.752,56,0,56,0,1,,,,,,,,,,,,,
,,,,,,,,,,,,,,,,,316,2,2024-02-14_20h27.11.143,Symbol-E,2020.1.3,Win32,Firefox,Mozilla/5.0 (Windows NT 10.0; Win64; x64; rv:122.0) Gecko/20100101 Firefox/122.0,60,,,,,,,,,,,,,,,,,,,,,,,,,,,,,,,,,,,,,,media/dfnb.png,5,1,Symb,u,RT,0,0,0,1,8,0,57,0,1,8,99,u,0.45,5,1,u,1,0.45,57,0,57,0,1,,,,,,,,,,,,,
,,,,,,,,,,,,,,,,,316,2,2024-02-14_20h27.11.143,Symbol-E,2020.1.3,Win32,Firefox,Mozilla/5.0 (Windows NT 10.0; Win64; x64; rv:122.0) Gecko/20100101 Firefox/122.0,60,,,,,,,,,,,,,,,,,,,,,,,,,,,,,,,,,,,,,,media/dcnb.png,4,0,Symb,h,RT,0,0,0,1,8,0,58,0,1,8,99,h,0.667,4,1,h,1,0.667,58,0,58,0,1,,,,,,,,,,,,,
,,,,,,,,,,,,,,,,,316,2,2024-02-14_20h27.11.143,Symbol-E,2020.1.3,Win32,Firefox,Mozilla/5.0 (Windows NT 10.0; Win64; x64; rv:122.0) Gecko/20100101 Firefox/122.0,60,,,,,,,,,,,,,,,,,,,,,,,,,,,,,,,,,,,,,,media/dcnb.png,4,0,Symb,h,RT,0,0,0,1,8,0,59,0,1,8,99,h,0.456,4,1,h,1,0.456,59,0,59,0,1,,,,,,,,,,,,,
,,,,,,,,,,,,,,,,,316,2,2024-02-14_20h27.11.143,Symbol-E,2020.1.3,Win32,Firefox,Mozilla/5.0 (Windows NT 10.0; Win64; x64; rv:122.0) Gecko/20100101 Firefox/122.0,60,,,,,,,,,,,,,,,,,,,,,,,,,,,,,,,,,,,,,,media/ddnb.png,6,2,Symb,i,RT,0,0,0,1,8,0,60,0,1,8,99,i,0.682,6,1,i,1,0.682,60,0,60,0,1,,,,,,,,,,,,,
,,,,,,,,,,,,,,,,,316,2,2024-02-14_20h27.11.143,Symbol-E,2020.1.3,Win32,Firefox,Mozilla/5.0 (Windows NT 10.0; Win64; x64; rv:122.0) Gecko/20100101 Firefox/122.0,60,,,,,,,,,,,,,,,,,,,,,,,,,,,,,,,,,,,,,,media/dnnb.png,3,3,Symb,f,RT,0,0,0,1,8,0,61,0,1,8,99,f,0.672,3,1,f,1,0.672,61,0,61,0,1,,,,,,,,,,,,,
,,,,,,,,,,,,,,,,,316,2,2024-02-14_20h27.11.143,Symbol-E,2020.1.3,Win32,Firefox,Mozilla/5.0 (Windows NT 10.0; Win64; x64; rv:122.0) Gecko/20100101 Firefox/122.0,60,,,,,,,,,,,,,,,,,,,,,,,,,,,,,,,,,,,,,,media/dmnb.png,0,0,Symb,a,RT,0,0,0,1,8,0,62,0,1,8,99,a,0.653,0,1,a,1,0.653,62,0,62,0,1,,,,,,,,,,,,,
,,,,,,,,,,,,,,,,,316,2,2024-02-14_20h27.11.143,Symbol-E,2020.1.3,Win32,Firefox,Mozilla/5.0 (Windows NT 10.0; Win64; x64; rv:122.0) Gecko/20100101 Firefox/122.0,60,,,,,,,,,,,,,,,,,,,,,,,,,,,,,,,,,,,,,,media/dnnb.png,3,3,Symb,f,RT,0,0,0,1,8,0,63,0,1,8,99,f,0.717,3,1,f,1,0.717,63,0,63,0,1,,,,,,,,,,,,,
,,,,,,,,,,,,,,,,,316,2,2024-02-14_20h27.11.143,Symbol-E,2020.1.3,Win32,Firefox,Mozilla/5.0 (Windows NT 10.0; Win64; x64; rv:122.0) Gecko/20100101 Firefox/122.0,60,,,,,,,,,,,,,,,,,,,,,,,,,,,,,,,,,,,,,,media/dfnb.png,5,1,Symb,u,RT,0,0,0,1,8,0,64,0,1,8,99,u,1.449,5,1,u,1,1.449,64,0,64,0,1,,,,,,,,,,,,,
,,,,,,,,,,,,,,,,,316,2,2024-02-14_20h27.11.143,Symbol-E,2020.1.3,Win32,Firefox,Mozilla/5.0 (Windows NT 10.0; Win64; x64; rv:122.0) Gecko/20100101 Firefox/122.0,60,,,,,,,,,,,,,,,,,,,,,,,,,,,,,,,,,,,,,,media/ddnb.png,6,2,Symb,i,RT,0,0,0,1,8,0,65,0,1,8,99,i,0.916,6,1,i,1,0.916,65,0,65,0,1,,,,,,,,,,,,,
,,,,,,,,,,,,,,,,,316,2,2024-02-14_20h27.11.143,Symbol-E,2020.1.3,Win32,Firefox,Mozilla/5.0 (Windows NT 10.0; Win64; x64; rv:122.0) Gecko/20100101 Firefox/122.0,60,,,,,,,,,,,,,,,,,,,,,,,,,,,,,,,,,,,,,,media/dnnb.png,3,3,Symb,f,RT,0,0,0,1,8,0,66,0,1,8,99,f,0.618,3,1,f,1,0.618,66,0,66,0,1,,,,,,,,,,,,,
,,,,,,,,,,,,,,,,,316,2,2024-02-14_20h27.11.143,Symbol-E,2020.1.3,Win32,Firefox,Mozilla/5.0 (Windows NT 10.0; Win64; x64; rv:122.0) Gecko/20100101 Firefox/122.0,60,,,,,,,,,,,,,,,,,,,,,,,,,,,,,,,,,,,,,,media/dmnb.png,0,0,Symb,a,RT,0,0,0,1,8,0,67,0,1,8,99,a,0.699,0,1,a,1,0.699,67,0,67,0,1,,,,,,,,,,,,,
,,,,,,,,,,,,,,,,,316,2,2024-02-14_20h27.11.143,Symbol-E,2020.1.3,Win32,Firefox,Mozilla/5.0 (Windows NT 10.0; Win64; x64; rv:122.0) Gecko/20100101 Firefox/122.0,60,,,,,,,,,,,,,,,,,,,,,,,,,,,,,,,,,,,,,,media/dmnb.png,0,0,Symb,a,RT,0,0,0,1,8,0,68,0,1,8,99,a,0.465,0,1,a,1,0.465,68,0,68,0,1,,,,,,,,,,,,,
,,,,,,,,,,,,,,,,,316,2,2024-02-14_20h27.11.143,Symbol-E,2020.1.3,Win32,Firefox,Mozilla/5.0 (Windows NT 10.0; Win64; x64; rv:122.0) Gecko/20100101 Firefox/122.0,60,,,,,,,,,,,,,,,,,,,,,,,,,,,,,,,,,,,,,,media/djnb.png,7,3,Symb,l,RT,0,0,0,1,8,0,69,0,1,8,99,l,0.668,7,1,l,1,0.668,69,0,69,0,1,,,,,,,,,,,,,
,,,,,,,,,,,,,,,,,316,2,2024-02-14_20h27.11.143,Symbol-E,2020.1.3,Win32,Firefox,Mozilla/5.0 (Windows NT 10.0; Win64; x64; rv:122.0) Gecko/20100101 Firefox/122.0,60,,,,,,,,,,,,,,,,,,,,,,,,,,,,,,,,,,,,,,media/dcnb.png,4,0,Symb,h,RT,0,0,0,1,8,0,70,0,1,8,99,h,0.666,4,1,h,1,0.666,70,0,70,0,1,,,,,,,,,,,,,
,,,,,,,,,,,,,,,,,316,2,2024-02-14_20h27.11.143,Symbol-E,2020.1.3,Win32,Firefox,Mozilla/5.0 (Windows NT 10.0; Win64; x64; rv:122.0) Gecko/20100101 Firefox/122.0,60,,,,,,,,,,,,,,,,,,,,,,,,,,,,,,,,,,,,,,media/dgnb.png,1,1,Symb,w,RT,0,0,0,1,8,0,71,0,1,8,99,w,1.606,1,1,w,1,1.606,71,0,71,0,1,,,,,,,,,,,,,
,,,,,,,,,,,,,,,,,316,2,2024-02-14_20h27.11.143,Symbol-E,2020.1.3,Win32,Firefox,Mozilla/5.0 (Windows NT 10.0; Win64; x64; rv:122.0) Gecko/20100101 Firefox/122.0,60,,,,,,,,,,,,,,,,,,,,,,,,,,,,,,,,,,,,,,media/djnb.png,7,3,Symb,l,RT,0,0,0,1,8,0,72,0,1,8,99,l,1.121,7,1,l,1,1.121,72,0,72,0,1,,,,,,,,,,,,,
,,,,,,,,,,,,,,,,,316,2,2024-02-14_20h27.11.143,Symbol-E,2020.1.3,Win32,Firefox,Mozilla/5.0 (Windows NT 10.0; Win64; x64; rv:122.0) Gecko/20100101 Firefox/122.0,60,,,,,,,,,,,,,,,,,,,,,,,,,,,,,,,,,,,,,,media/dgnb.png,1,1,Symb,w,RT,0,0,0,1,8,0,73,0,1,8,99,w,0.783,1,1,w,1,0.783,73,0,73,0,1,,,,,,,,,,,,,
,,,,,,,,,,,,,,,,,316,2,2024-02-14_20h27.11.143,Symbol-E,2020.1.3,Win32,Firefox,Mozilla/5.0 (Windows NT 10.0; Win64; x64; rv:122.0) Gecko/20100101 Firefox/122.0,60,,,,,,,,,,,,,,,,,,,,,,,,,,,,,,,,,,,,,,media/dinb.png,2,2,Symb,e,RT,0,0,0,1,8,0,74,0,1,8,99,e,0.685,2,1,e,1,0.685,74,0,74,0,1,,,,,,,,,,,,,
,,,,,,,,,,,,,,,,,316,2,2024-02-14_20h27.11.143,Symbol-E,2020.1.3,Win32,Firefox,Mozilla/5.0 (Windows NT 10.0; Win64; x64; rv:122.0) Gecko/20100101 Firefox/122.0,60,,,,,,,,,,,,,,,,,,,,,,,,,,,,,,,,,,,,,,media/dinb.png,2,2,Symb,e,RT,0,0,0,1,8,0,75,0,1,8,99,e,0.534,2,1,e,1,0.534,75,0,75,0,1,,,,,,,,,,,,,
,,,,,,,,,,,,,,,,,316,2,2024-02-14_20h27.11.143,Symbol-E,2020.1.3,Win32,Firefox,Mozilla/5.0 (Windows NT 10.0; Win64; x64; rv:122.0) Gecko/20100101 Firefox/122.0,60,,,,,,,,,,,,,,,,,,,,,,,,,,,,,,,,,,,,,,media/dfnb.png,5,1,Symb,u,RT,0,0,0,1,8,0,76,0,1,8,99,u,0.616,5,1,u,1,0.616,76,0,76,0,1,,,,,,,,,,,,,
,,,,,,,,,,,,,,,,,316,2,2024-02-14_20h27.11.143,Symbol-E,2020.1.3,Win32,Firefox,Mozilla/5.0 (Windows NT 10.0; Win64; x64; rv:122.0) Gecko/20100101 Firefox/122.0,60,,,,,,,,,,,,,,,,,,,,,,,,,,,,,,,,,,,,,,media/ddnb.png,6,2,Symb,i,RT,0,0,0,1,8,0,77,0,1,8,99,i,0.853,6,1,i,1,0.853,77,0,77,0,1,,,,,,,,,,,,,
,,,,,,,,,,,,,,,,,316,2,2024-02-14_20h27.11.143,Symbol-E,2020.1.3,Win32,Firefox,Mozilla/5.0 (Windows NT 10.0; Win64; x64; rv:122.0) Gecko/20100101 Firefox/122.0,60,,,,,,,,,,,,,,,,,,,,,,,,,,,,,,,,,,,,,,media/dcnb.png,4,0,Symb,h,RT,0,0,0,1,8,0,78,0,1,8,99,h,0.669,4,1,h,1,0.669,78,0,78,0,1,,,,,,,,,,,,,
,,,,,,,,,,,,,,,,,316,2,2024-02-14_20h27.11.143,Symbol-E,2020.1.3,Win32,Firefox,Mozilla/5.0 (Windows NT 10.0; Win64; x64; rv:122.0) Gecko/20100101 Firefox/122.0,60,,,,,,,,,,,,,,,,,,,,,,,,,,,,,,,,,,,,,,media/dnnb.png,3,3,Symb,f,RT,0,0,0,1,8,0,79,0,1,8,99,f,0.636,3,1,f,1,0.636,79,0,79,0,1,,,,,,,,,,,,,
,,,,,,,,,,,,,,,,,316,2,2024-02-14_20h27.11.143,Symbol-E,2020.1.3,Win32,Firefox,Mozilla/5.0 (Windows NT 10.0; Win64; x64; rv:122.0) Gecko/20100101 Firefox/122.0,60,,,,,,,,,,,,,,,,,,,,,,,,,,,,,,,,,,,,,,media/dmnb.png,0,0,Symb,a,RT,0,0,0,1,8,0,80,0,1,8,99,a,0.654,0,1,a,1,0.654,80,0,80,0,1,,,,,,,,,,,,,
,,,,,,,,,,,,,,,,,316,2,2024-02-14_20h27.11.143,Symbol-E,2020.1.3,Win32,Firefox,Mozilla/5.0 (Windows NT 10.0; Win64; x64; rv:122.0) Gecko/20100101 Firefox/122.0,60,,,,,,,,,,,,,,,,,,,,,,,,,,,,,,,,,,,,,,media/dgnb.png,1,1,Symb,w,RT,0,0,0,1,8,0,81,0,1,8,99,w,0.932,1,1,w,1,0.932,81,0,81,0,1,,,,,,,,,,,,,
,,,,,,,,,,,,,,,,,316,2,2024-02-14_20h27.11.143,Symbol-E,2020.1.3,Win32,Firefox,Mozilla/5.0 (Windows NT 10.0; Win64; x64; rv:122.0) Gecko/20100101 Firefox/122.0,60,,,,,,,,,,,,,,,,,,,,,,,,,,,,,,,,,,,,,,media/djnb.png,7,3,Symb,l,RT,0,0,0,1,8,0,82,0,1,8,99,l,0.649,7,1,l,1,0.649,82,0,82,0,1,,,,,,,,,,,,,
,,,,,,,,,,,,,,,,,316,2,2024-02-14_20h27.11.143,Symbol-E,2020.1.3,Win32,Firefox,Mozilla/5.0 (Windows NT 10.0; Win64; x64; rv:122.0) Gecko/20100101 Firefox/122.0,60,,,,,,,,,,,,,,,,,,,,,,,,,,,,,,,,,,,,,,media/dmnb.png,0,0,Symb,a,RT,0,0,0,1,8,0,83,0,1,8,99,a,0.583,0,1,a,1,0.583,83,0,83,0,1,,,,,,,,,,,,,
,,,,,,,,,,,,,,,,,316,2,2024-02-14_20h27.11.143,Symbol-E,2020.1.3,Win32,Firefox,Mozilla/5.0 (Windows NT 10.0; Win64; x64; rv:122.0) Gecko/20100101 Firefox/122.0,60,,,,,,,,,,,,,,,,,,,,,,,,,,,,,,,,,,,,,,media/dnnb.png,3,3,Symb,f,RT,0,0,0,1,8,0,84,0,1,8,99,f,0.651,3,1,f,1,0.651,84,0,84,0,1,,,,,,,,,,,,,
,,,,,,,,,,,,,,,,,316,2,2024-02-14_20h27.11.143,Symbol-E,2020.1.3,Win32,Firefox,Mozilla/5.0 (Windows NT 10.0; Win64; x64; rv:122.0) Gecko/20100101 Firefox/122.0,60,,,,,,,,,,,,,,,,,,,,,,,,,,,,,,,,,,,,,,media/ddnb.png,6,2,Symb,i,RT,0,0,0,1,8,0,85,0,1,8,99,i,0.817,6,1,i,1,0.817,85,0,85,0,1,,,,,,,,,,,,,
,,,,,,,,,,,,,,,,,316,2,2024-02-14_20h27.11.143,Symbol-E,2020.1.3,Win32,Firefox,Mozilla/5.0 (Windows NT 10.0; Win64; x64; rv:122.0) Gecko/20100101 Firefox/122.0,60,,,,,,,,,,,,,,,,,,,,,,,,,,,,,,,,,,,,,,media/dinb.png,2,2,Symb,e,RT,0,0,0,1,8,0,86,0,1,8,99,e,0.65,2,1,e,1,0.65,86,0,86,0,1,,,,,,,,,,,,,
,,,,,,,,,,,,,,,,,316,2,2024-02-14_20h27.11.143,Symbol-E,2020.1.3,Win32,Firefox,Mozilla/5.0 (Windows NT 10.0; Win64; x64; rv:122.0) Gecko/20100101 Firefox/122.0,60,,,,,,,,,,,,,,,,,,,,,,,,,,,,,,,,,,,,,,media/dfnb.png,5,1,Symb,u,RT,0,0,0,1,8,0,87,0,1,8,99,u,0.568,5,1,u,1,0.568,87,0,87,0,1,,,,,,,,,,,,,
,,,,,,,,,,,,,,,,,316,2,2024-02-14_20h27.11.143,Symbol-E,2020.1.3,Win32,Firefox,Mozilla/5.0 (Windows NT 10.0; Win64; x64; rv:122.0) Gecko/20100101 Firefox/122.0,60,,,,,,,,,,,,,,,,,,,,,,,,,,,,,,,,,,,,,,media/dcnb.png,4,0,Symb,h,RT,0,0,0,1,8,0,88,0,1,8,99,h,1.087,4,1,h,1,1.087,88,0,88,0,1,,,,,,,,,,,,,
,,,,,,,,,,,,,,,,,316,2,2024-02-14_20h27.11.143,Symbol-E,2020.1.3,Win32,Firefox,Mozilla/5.0 (Windows NT 10.0; Win64; x64; rv:122.0) Gecko/20100101 Firefox/122.0,60,,,,,,,,,,,,,,,,,,,,,,,,,,,,,,,,,,,,,,media/dnnb.png,3,3,Symb,f,RT,0,0,0,1,8,0,89,0,1,8,99,f,0.687,3,1,f,1,0.687,89,0,89,0,1,,,,,,,,,,,,,
,,,,,,,,,,,,,,,,,316,2,2024-02-14_20h27.11.143,Symbol-E,2020.1.3,Win32,Firefox,Mozilla/5.0 (Windows NT 10.0; Win64; x64; rv:122.0) Gecko/20100101 Firefox/122.0,60,,,,,,,,,,,,,,,,,,,,,,,,,,,,,,,,,,,,,,media/dfnb.png,5,1,Symb,u,RT,0,0,0,1,8,0,90,0,1,8,99,u,0.703,5,1,u,1,0.703,90,0,90,0,1,,,,,,,,,,,,,
,,,,,,,,,,,,,,,,,316,2,2024-02-14_20h27.11.143,Symbol-E,2020.1.3,Win32,Firefox,Mozilla/5.0 (Windows NT 10.0; Win64; x64; rv:122.0) Gecko/20100101 Firefox/122.0,60,,,,,,,,,,,,,,,,,,,,,,,,,,,,,,,,,,,,,,media/dcnb.png,4,0,Symb,h,RT,0,0,0,1,8,0,91,0,1,8,99,h,0.833,4,1,h,1,0.833,91,0,91,0,1,,,,,,,,,,,,,
,,,,,,,,,,,,,,,,,316,2,2024-02-14_20h27.11.143,Symbol-E,2020.1.3,Win32,Firefox,Mozilla/5.0 (Windows NT 10.0; Win64; x64; rv:122.0) Gecko/20100101 Firefox/122.0,60,,,,,,,,,,,,,,,,,,,,,,,,,,,,,,,,,,,,,,media/djnb.png,7,3,Symb,l,RT,0,0,0,1,8,0,92,0,1,8,99,l,0.854,7,1,l,1,0.854,92,0,92,0,1,,,,,,,,,,,,,
,,,,,,,,,,,,,,,,,316,2,2024-02-14_20h27.11.143,Symbol-E,2020.1.3,Win32,Firefox,Mozilla/5.0 (Windows NT 10.0; Win64; x64; rv:122.0) Gecko/20100101 Firefox/122.0,60,,,,,,,,,,,,,,,,,,,,,,,,,,,,,,,,,,,,,,media/dinb.png,2,2,Symb,e,RT,0,0,0,1,8,0,93,0,1,8,99,e,0.834,2,1,e,1,0.834,93,0,93,0,1,,,,,,,,,,,,,
,,,,,,,,,,,,,,,,,316,2,2024-02-14_20h27.11.143,Symbol-E,2020.1.3,Win32,Firefox,Mozilla/5.0 (Windows NT 10.0; Win64; x64; rv:122.0) Gecko/20100101 Firefox/122.0,60,,,,,,,,,,,,,,,,,,,,,,,,,,,,,,,,,,,,,,media/ddnb.png,6,2,Symb,i,RT,0,0,0,1,8,0,94,0,1,8,99,i,0.833,6,1,i,1,0.833,94,0,94,0,1,,,,,,,,,,,,,
,,,,,,,,,,,,,,,,,316,2,2024-02-14_20h27.11.143,Symbol-E,2020.1.3,Win32,Firefox,Mozilla/5.0 (Windows NT 10.0; Win64; x64; rv:122.0) Gecko/20100101 Firefox/122.0,60,,,,,,,,,,,,,,,,,,,,,,,,,,,,,,,,,,,,,,media/dgnb.png,1,1,Symb,w,RT,0,0,0,1,8,0,95,0,1,8,99,w,0.901,1,1,w,1,0.901,95,0,95,0,1,,,,,,,,,,,,,
,,,,,,,,,,,,,,,,,316,2,2024-02-14_20h27.11.143,Symbol-E,2020.1.3,Win32,Firefox,Mozilla/5.0 (Windows NT 10.0; Win64; x64; rv:122.0) Gecko/20100101 Firefox/122.0,60,,,,,,,,,,,,,,,,,,,,,,,,,,,,,,,,,,,,,,,,,,,,,,,,,,,,,,,,,,,,,,,,,,,7,0,7,0,1,,,,,,,,
,,,,,,,,,,,,,,,,,316,2,2024-02-14_20h27.11.143,Symbol-E,2020.1.3,Win32,Firefox,Mozilla/5.0 (Windows NT 10.0; Win64; x64; rv:122.0) Gecko/20100101 Firefox/122.0,60,,,,,,,,,,,,,,,,,,,,,,,,,,,,,,,,,,,,i,0.989,media/dgnb.png,1,1,Symb,w,RT,0,0,0,1,8,0,0,0,1,9,99,w,1.532,1,1,w,1,1.532,0,0,0,0,1,,,,,,,,,,,,,
,,,,,,,,,,,,,,,,,316,2,2024-02-14_20h27.11.143,Symbol-E,2020.1.3,Win32,Firefox,Mozilla/5.0 (Windows NT 10.0; Win64; x64; rv:122.0) Gecko/20100101 Firefox/122.0,60,,,,,,,,,,,,,,,,,,,,,,,,,,,,,,,,,,,,,,media/dmnb.png,0,0,Symb,a,RT,0,0,0,1,8,0,1,0,1,9,99,a,0.732,0,1,a,1,0.732,1,0,1,0,1,,,,,,,,,,,,,
,,,,,,,,,,,,,,,,,316,2,2024-02-14_20h27.11.143,Symbol-E,2020.1.3,Win32,Firefox,Mozilla/5.0 (Windows NT 10.0; Win64; x64; rv:122.0) Gecko/20100101 Firefox/122.0,60,,,,,,,,,,,,,,,,,,,,,,,,,,,,,,,,,,,,,,media/dnnb.png,3,3,Symb,f,RT,0,0,0,1,8,0,2,0,1,9,99,f,0.684,3,1,f,1,0.684,2,0,2,0,1,,,,,,,,,,,,,
,,,,,,,,,,,,,,,,,316,2,2024-02-14_20h27.11.143,Symbol-E,2020.1.3,Win32,Firefox,Mozilla/5.0 (Windows NT 10.0; Win64; x64; rv:122.0) Gecko/20100101 Firefox/122.0,60,,,,,,,,,,,,,,,,,,,,,,,,,,,,,,,,,,,,,,media/dmnb.png,0,0,Symb,a,RT,0,0,0,1,8,0,3,0,1,9,99,a,0.871,0,1,a,1,0.871,3,0,3,0,1,,,,,,,,,,,,,
,,,,,,,,,,,,,,,,,316,2,2024-02-14_20h27.11.143,Symbol-E,2020.1.3,Win32,Firefox,Mozilla/5.0 (Windows NT 10.0; Win64; x64; rv:122.0) Gecko/20100101 Firefox/122.0,60,,,,,,,,,,,,,,,,,,,,,,,,,,,,,,,,,,,,,,media/dinb.png,2,2,Symb,e,RT,0,0,0,1,8,0,4,0,1,9,99,e,1.7,2,1,e,1,1.7,4,0,4,0,1,,,,,,,,,,,,,
,,,,,,,,,,,,,,,,,316,2,2024-02-14_20h27.11.143,Symbol-E,2020.1.3,Win32,Firefox,Mozilla/5.0 (Windows NT 10.0; Win64; x64; rv:122.0) Gecko/20100101 Firefox/122.0,60,,,,,,,,,,,,,,,,,,,,,,,,,,,,,,,,,,,,,,media/djnb.png,7,3,Symb,l,RT,0,0,0,1,8,0,5,0,1,9,99,l,0.903,7,1,l,1,0.903,5,0,5,0,1,,,,,,,,,,,,,
,,,,,,,,,,,,,,,,,316,2,2024-02-14_20h27.11.143,Symbol-E,2020.1.3,Win32,Firefox,Mozilla/5.0 (Windows NT 10.0; Win64; x64; rv:122.0) Gecko/20100101 Firefox/122.0,60,,,,,,,,,,,,,,,,,,,,,,,,,,,,,,,,,,,,,,media/dnnb.png,3,3,Symb,f,RT,0,0,0,1,8,0,6,0,1,9,99,f,0.8,3,1,f,1,0.8,6,0,6,0,1,,,,,,,,,,,,,
,,,,,,,,,,,,,,,,,316,2,2024-02-14_20h27.11.143,Symbol-E,2020.1.3,Win32,Firefox,Mozilla/5.0 (Windows NT 10.0; Win64; x64; rv:122.0) Gecko/20100101 Firefox/122.0,60,,,,,,,,,,,,,,,,,,,,,,,,,,,,,,,,,,,,,,media/dcnb.png,4,0,Symb,h,RT,0,0,0,1,8,0,7,0,1,9,99,h,0.783,4,1,h,1,0.783,7,0,7,0,1,,,,,,,,,,,,,
,,,,,,,,,,,,,,,,,316,2,2024-02-14_20h27.11.143,Symbol-E,2020.1.3,Win32,Firefox,Mozilla/5.0 (Windows NT 10.0; Win64; x64; rv:122.0) Gecko/20100101 Firefox/122.0,60,,,,,,,,,,,,,,,,,,,,,,,,,,,,,,,,,,,,,,media/djnb.png,7,3,Symb,l,RT,0,0,0,1,8,0,8,0,1,9,99,l,0.599,7,1,l,1,0.599,8,0,8,0,1,,,,,,,,,,,,,
,,,,,,,,,,,,,,,,,316,2,2024-02-14_20h27.11.143,Symbol-E,2020.1.3,Win32,Firefox,Mozilla/5.0 (Windows NT 10.0; Win64; x64; rv:122.0) Gecko/20100101 Firefox/122.0,60,,,,,,,,,,,,,,,,,,,,,,,,,,,,,,,,,,,,,,media/dcnb.png,4,0,Symb,h,RT,0,0,0,1,8,0,9,0,1,9,99,h,0.568,4,1,h,1,0.568,9,0,9,0,1,,,,,,,,,,,,,
,,,,,,,,,,,,,,,,,316,2,2024-02-14_20h27.11.143,Symbol-E,2020.1.3,Win32,Firefox,Mozilla/5.0 (Windows NT 10.0; Win64; x64; rv:122.0) Gecko/20100101 Firefox/122.0,60,,,,,,,,,,,,,,,,,,,,,,,,,,,,,,,,,,,,,,media/dgnb.png,1,1,Symb,w,RT,0,0,0,1,8,0,10,0,1,9,99,w,0.934,1,1,w,1,0.934,10,0,10,0,1,,,,,,,,,,,,,
,,,,,,,,,,,,,,,,,316,2,2024-02-14_20h27.11.143,Symbol-E,2020.1.3,Win32,Firefox,Mozilla/5.0 (Windows NT 10.0; Win64; x64; rv:122.0) Gecko/20100101 Firefox/122.0,60,,,,,,,,,,,,,,,,,,,,,,,,,,,,,,,,,,,,,,media/dfnb.png,5,1,Symb,u,RT,0,0,0,1,8,0,11,0,1,9,99,u,1.188,5,1,u,1,1.188,11,0,11,0,1,,,,,,,,,,,,,
,,,,,,,,,,,,,,,,,316,2,2024-02-14_20h27.11.143,Symbol-E,2020.1.3,Win32,Firefox,Mozilla/5.0 (Windows NT 10.0; Win64; x64; rv:122.0) Gecko/20100101 Firefox/122.0,60,,,,,,,,,,,,,,,,,,,,,,,,,,,,,,,,,,,,,,media/ddnb.png,6,2,Symb,i,RT,0,0,0,1,8,0,12,0,1,9,99,i,0.688,6,1,i,1,0.688,12,0,12,0,1,,,,,,,,,,,,,
,,,,,,,,,,,,,,,,,316,2,2024-02-14_20h27.11.143,Symbol-E,2020.1.3,Win32,Firefox,Mozilla/5.0 (Windows NT 10.0; Win64; x64; rv:122.0) Gecko/20100101 Firefox/122.0,60,,,,,,,,,,,,,,,,,,,,,,,,,,,,,,,,,,,,,,media/ddnb.png,6,2,Symb,i,RT,0,0,0,1,8,0,13,0,1,9,99,i,0.618,6,1,i,1,0.618,13,0,13,0,1,,,,,,,,,,,,,
,,,,,,,,,,,,,,,,,316,2,2024-02-14_20h27.11.143,Symbol-E,2020.1.3,Win32,Firefox,Mozilla/5.0 (Windows NT 10.0; Win64; x64; rv:122.0) Gecko/20100101 Firefox/122.0,60,,,,,,,,,,,,,,,,,,,,,,,,,,,,,,,,,,,,,,media/dinb.png,2,2,Symb,e,RT,0,0,0,1,8,0,14,0,1,9,99,e,0.634,2,1,e,1,0.634,14,0,14,0,1,,,,,,,,,,,,,
,,,,,,,,,,,,,,,,,316,2,2024-02-14_20h27.11.143,Symbol-E,2020.1.3,Win32,Firefox,Mozilla/5.0 (Windows NT 10.0; Win64; x64; rv:122.0) Gecko/20100101 Firefox/122.0,60,,,,,,,,,,,,,,,,,,,,,,,,,,,,,,,,,,,,,,media/dfnb.png,5,1,Symb,u,RT,0,0,0,1,8,0,15,0,1,9,99,u,0.6,5,1,u,1,0.6,15,0,15,0,1,,,,,,,,,,,,,
,,,,,,,,,,,,,,,,,316,2,2024-02-14_20h27.11.143,Symbol-E,2020.1.3,Win32,Firefox,Mozilla/5.0 (Windows NT 10.0; Win64; x64; rv:122.0) Gecko/20100101 Firefox/122.0,60,,,,,,,,,,,,,,,,,,,,,,,,,,,,,,,,,,,,,,media/dgnb.png,1,1,Symb,w,RT,0,0,0,1,8,0,16,0,1,9,99,w,1.917,1,1,w,1,1.917,16,0,16,0,1,,,,,,,,,,,,,
,,,,,,,,,,,,,,,,,316,2,2024-02-14_20h27.11.143,Symbol-E,2020.1.3,Win32,Firefox,Mozilla/5.0 (Windows NT 10.0; Win64; x64; rv:122.0) Gecko/20100101 Firefox/122.0,60,,,,,,,,,,,,,,,,,,,,,,,,,,,,,,,,,,,,,,media/djnb.png,7,3,Symb,l,RT,0,0,0,1,8,0,17,0,1,9,99,l,0.711,7,1,l,1,0.711,17,0,17,0,1,,,,,,,,,,,,,
,,,,,,,,,,,,,,,,,316,2,2024-02-14_20h27.11.143,Symbol-E,2020.1.3,Win32,Firefox,Mozilla/5.0 (Windows NT 10.0; Win64; x64; rv:122.0) Gecko/20100101 Firefox/122.0,60,,,,,,,,,,,,,,,,,,,,,,,,,,,,,,,,,,,,,,media/dnnb.png,3,3,Symb,f,RT,0,0,0,1,8,0,18,0,1,9,99,f,0.6,3,1,f,1,0.6,18,0,18,0,1,,,,,,,,,,,,,
,,,,,,,,,,,,,,,,,316,2,2024-02-14_20h27.11.143,Symbol-E,2020.1.3,Win32,Firefox,Mozilla/5.0 (Windows NT 10.0; Win64; x64; rv:122.0) Gecko/20100101 Firefox/122.0,60,,,,,,,,,,,,,,,,,,,,,,,,,,,,,,,,,,,,,,media/dinb.png,2,2,Symb,e,RT,0,0,0,1,8,0,19,0,1,9,99,e,1.29,2,1,e,1,1.29,19,0,19,0,1,,,,,,,,,,,,,
,,,,,,,,,,,,,,,,,316,2,2024-02-14_20h27.11.143,Symbol-E,2020.1.3,Win32,Firefox,Mozilla/5.0 (Windows NT 10.0; Win64; x64; rv:122.0) Gecko/20100101 Firefox/122.0,60,,,,,,,,,,,,,,,,,,,,,,,,,,,,,,,,,,,,,,media/ddnb.png,6,2,Symb,i,RT,0,0,0,1,8,0,20,0,1,9,99,i,0.683,6,1,i,1,0.683,20,0,20,0,1,,,,,,,,,,,,,
,,,,,,,,,,,,,,,,,316,2,2024-02-14_20h27.11.143,Symbol-E,2020.1.3,Win32,Firefox,Mozilla/5.0 (Windows NT 10.0; Win64; x64; rv:122.0) Gecko/20100101 Firefox/122.0,60,,,,,,,,,,,,,,,,,,,,,,,,,,,,,,,,,,,,,,media/dmnb.png,0,0,Symb,a,RT,0,0,0,1,8,0,21,0,1,9,99,a,0.634,0,1,a,1,0.634,21,0,21,0,1,,,,,,,,,,,,,
,,,,,,,,,,,,,,,,,316,2,2024-02-14_20h27.11.143,Symbol-E,2020.1.3,Win32,Firefox,Mozilla/5.0 (Windows NT 10.0; Win64; x64; rv:122.0) Gecko/20100101 Firefox/122.0,60,,,,,,,,,,,,,,,,,,,,,,,,,,,,,,,,,,,,,,media/dcnb.png,4,0,Symb,h,RT,0,0,0,1,8,0,22,0,1,9,99,h,0.867,4,1,h,1,0.867,22,0,22,0,1,,,,,,,,,,,,,
,,,,,,,,,,,,,,,,,316,2,2024-02-14_20h27.11.143,Symbol-E,2020.1.3,Win32,Firefox,Mozilla/5.0 (Windows NT 10.0; Win64; x64; rv:122.0) Gecko/20100101 Firefox/122.0,60,,,,,,,,,,,,,,,,,,,,,,,,,,,,,,,,,,,,,,media/dinb.png,2,2,Symb,e,RT,0,0,0,1,8,0,23,0,1,9,99,e,0.749,2,1,e,1,0.749,23,0,23,0,1,,,,,,,,,,,,,
,,,,,,,,,,,,,,,,,316,2,2024-02-14_20h27.11.143,Symbol-E,2020.1.3,Win32,Firefox,Mozilla/5.0 (Windows NT 10.0; Win64; x64; rv:122.0) Gecko/20100101 Firefox/122.0,60,,,,,,,,,,,,,,,,,,,,,,,,,,,,,,,,,,,,,,media/dfnb.png,5,1,Symb,u,RT,0,0,0,1,8,0,24,0,1,9,99,u,0.618,5,1,u,1,0.618,24,0,24,0,1,,,,,,,,,,,,,
,,,,,,,,,,,,,,,,,316,2,2024-02-14_20h27.11.143,Symbol-E,2020.1.3,Win32,Firefox,Mozilla/5.0 (Windows NT 10.0; Win64; x64; rv:122.0) Gecko/20100101 Firefox/122.0,60,,,,,,,,,,,,,,,,,,,,,,,,,,,,,,,,,,,,,,media/dfnb.png,5,1,Symb,u,RT,0,0,0,1,8,0,25,0,1,9,99,u,0.483,5,1,u,1,0.483,25,0,25,0,1,,,,,,,,,,,,,
,,,,,,,,,,,,,,,,,316,2,2024-02-14_20h27.11.143,Symbol-E,2020.1.3,Win32,Firefox,Mozilla/5.0 (Windows NT 10.0; Win64; x64; rv:122.0) Gecko/20100101 Firefox/122.0,60,,,,,,,,,,,,,,,,,,,,,,,,,,,,,,,,,,,,,,media/dgnb.png,1,1,Symb,w,RT,0,0,0,1,8,0,26,0,1,9,99,w,0.884,1,1,w,1,0.884,26,0,26,0,1,,,,,,,,,,,,,
,,,,,,,,,,,,,,,,,316,2,2024-02-14_20h27.11.143,Symbol-E,2020.1.3,Win32,Firefox,Mozilla/5.0 (Windows NT 10.0; Win64; x64; rv:122.0) Gecko/20100101 Firefox/122.0,60,,,,,,,,,,,,,,,,,,,,,,,,,,,,,,,,,,,,,,media/dcnb.png,4,0,Symb,h,RT,0,0,0,1,8,0,27,0,1,9,99,h,0.85,4,1,h,1,0.85,27,0,27,0,1,,,,,,,,,,,,,
,,,,,,,,,,,,,,,,,316,2,2024-02-14_20h27.11.143,Symbol-E,2020.1.3,Win32,Firefox,Mozilla/5.0 (Windows NT 10.0; Win64; x64; rv:122.0) Gecko/20100101 Firefox/122.0,60,,,,,,,,,,,,,,,,,,,,,,,,,,,,,,,,,,,,,,media/dmnb.png,0,0,Symb,a,RT,0,0,0,1,8,0,28,0,1,9,99,a,0.767,0,1,a,1,0.767,28,0,28,0,1,,,,,,,,,,,,,
,,,,,,,,,,,,,,,,,316,2,2024-02-14_20h27.11.143,Symbol-E,2020.1.3,Win32,Firefox,Mozilla/5.0 (Windows NT 10.0; Win64; x64; rv:122.0) Gecko/20100101 Firefox/122.0,60,,,,,,,,,,,,,,,,,,,,,,,,,,,,,,,,,,,,,,media/ddnb.png,6,2,Symb,i,RT,0,0,0,1,8,0,29,0,1,9,99,i,0.819,6,1,i,1,0.819,29,0,29,0,1,,,,,,,,,,,,,
,,,,,,,,,,,,,,,,,316,2,2024-02-14_20h27.11.143,Symbol-E,2020.1.3,Win32,Firefox,Mozilla/5.0 (Windows NT 10.0; Win64; x64; rv:122.0) Gecko/20100101 Firefox/122.0,60,,,,,,,,,,,,,,,,,,,,,,,,,,,,,,,,,,,,,,media/djnb.png,7,3,Symb,l,RT,0,0,0,1,8,0,30,0,1,9,99,l,0.919,7,1,l,1,0.919,30,0,30,0,1,,,,,,,,,,,,,
,,,,,,,,,,,,,,,,,316,2,2024-02-14_20h27.11.143,Symbol-E,2020.1.3,Win32,Firefox,Mozilla/5.0 (Windows NT 10.0; Win64; x64; rv:122.0) Gecko/20100101 Firefox/122.0,60,,,,,,,,,,,,,,,,,,,,,,,,,,,,,,,,,,,,,,media/dnnb.png,3,3,Symb,f,RT,0,0,0,1,8,0,31,0,1,9,99,f,0.651,3,1,f,1,0.651,31,0,31,0,1,,,,,,,,,,,,,
,,,,,,,,,,,,,,,,,316,2,2024-02-14_20h27.11.143,Symbol-E,2020.1.3,Win32,Firefox,Mozilla/5.0 (Windows NT 10.0; Win64; x64; rv:122.0) Gecko/20100101 Firefox/122.0,60,,,,,,,,,,,,,,,,,,,,,,,,,,,,,,,,,,,,,,media/dfnb.png,5,1,Symb,u,RT,0,0,0,1,8,0,32,0,1,9,99,u,0.75,5,1,u,1,0.75,32,0,32,0,1,,,,,,,,,,,,,
,,,,,,,,,,,,,,,,,316,2,2024-02-14_20h27.11.143,Symbol-E,2020.1.3,Win32,Firefox,Mozilla/5.0 (Windows NT 10.0; Win64; x64; rv:122.0) Gecko/20100101 Firefox/122.0,60,,,,,,,,,,,,,,,,,,,,,,,,,,,,,,,,,,,,,,media/dinb.png,2,2,Symb,e,RT,0,0,0,1,8,0,33,0,1,9,99,e,1.17,2,1,e,1,1.17,33,0,33,0,1,,,,,,,,,,,,,
,,,,,,,,,,,,,,,,,316,2,2024-02-14_20h27.11.143,Symbol-E,2020.1.3,Win32,Firefox,Mozilla/5.0 (Windows NT 10.0; Win64; x64; rv:122.0) Gecko/20100101 Firefox/122.0,60,,,,,,,,,,,,,,,,,,,,,,,,,,,,,,,,,,,,,,media/dmnb.png,0,0,Symb,a,RT,0,0,0,1,8,0,34,0,1,9,99,a,0.637,0,1,a,1,0.637,34,0,34,0,1,,,,,,,,,,,,,
,,,,,,,,,,,,,,,,,316,2,2024-02-14_20h27.11.143,Symbol-E,2020.1.3,Win32,Firefox,Mozilla/5.0 (Windows NT 10.0; Win64; x64; rv:122.0) Gecko/20100101 Firefox/122.0,60,,,,,,,,,,,,,,,,,,,,,,,,,,,,,,,,,,,,,,media/dnnb.png,3,3,Symb,f,RT,0,0,0,1,8,0,35,0,1,9,99,f,0.868,3,1,f,1,0.868,35,0,35,0,1,,,,,,,,,,,,,
,,,,,,,,,,,,,,,,,316,2,2024-02-14_20h27.11.143,Symbol-E,2020.1.3,Win32,Firefox,Mozilla/5.0 (Windows NT 10.0; Win64; x64; rv:122.0) Gecko/20100101 Firefox/122.0,60,,,,,,,,,,,,,,,,,,,,,,,,,,,,,,,,,,,,,,media/dfnb.png,5,1,Symb,u,RT,0,0,0,1,8,0,36,0,1,9,99,u,0.784,5,1,u,1,0.784,36,0,36,0,1,,,,,,,,,,,,,
,,,,,,,,,,,,,,,,,316,2,2024-02-14_20h27.11.143,Symbol-E,2020.1.3,Win32,Firefox,Mozilla/5.0 (Windows NT 10.0; Win64; x64; rv:122.0) Gecko/20100101 Firefox/122.0,60,,,,,,,,,,,,,,,,,,,,,,,,,,,,,,,,,,,,,,media/dmnb.png,0,0,Symb,a,RT,0,0,0,1,8,0,37,0,1,9,99,a,0.634,0,1,a,1,0.634,37,0,37,0,1,,,,,,,,,,,,,
,,,,,,,,,,,,,,,,,316,2,2024-02-14_20h27.11.143,Symbol-E,2020.1.3,Win32,Firefox,Mozilla/5.0 (Windows NT 10.0; Win64; x64; rv:122.0) Gecko/20100101 Firefox/122.0,60,,,,,,,,,,,,,,,,,,,,,,,,,,,,,,,,,,,,,,media/dgnb.png,1,1,Symb,w,RT,0,0,0,1,8,0,38,0,1,9,99,w,1.417,1,1,w,1,1.417,38,0,38,0,1,,,,,,,,,,,,,
,,,,,,,,,,,,,,,,,316,2,2024-02-14_20h27.11.143,Symbol-E,2020.1.3,Win32,Firefox,Mozilla/5.0 (Windows NT 10.0; Win64; x64; rv:122.0) Gecko/20100101 Firefox/122.0,60,,,,,,,,,,,,,,,,,,,,,,,,,,,,,,,,,,,,,,media/dgnb.png,1,1,Symb,w,RT,0,0,0,1,8,0,39,0,1,9,99,w,0.467,1,1,w,1,0.467,39,0,39,0,1,,,,,,,,,,,,,
,,,,,,,,,,,,,,,,,316,2,2024-02-14_20h27.11.143,Symbol-E,2020.1.3,Win32,Firefox,Mozilla/5.0 (Windows NT 10.0; Win64; x64; rv:122.0) Gecko/20100101 Firefox/122.0,60,,,,,,,,,,,,,,,,,,,,,,,,,,,,,,,,,,,,,,media/ddnb.png,6,2,Symb,i,RT,0,0,0,1,8,0,40,0,1,9,99,i,2.834,6,1,i,1,2.834,40,0,40,0,1,,,,,,,,,,,,,
,,,,,,,,,,,,,,,,,316,2,2024-02-14_20h27.11.143,Symbol-E,2020.1.3,Win32,Firefox,Mozilla/5.0 (Windows NT 10.0; Win64; x64; rv:122.0) Gecko/20100101 Firefox/122.0,60,,,,,,,,,,,,,,,,,,,,,,,,,,,,,,,,,,,,,,media/dcnb.png,4,0,Symb,h,RT,0,0,0,1,8,0,41,0,1,9,99,h,0.652,4,1,h,1,0.652,41,0,41,0,1,,,,,,,,,,,,,
,,,,,,,,,,,,,,,,,316,2,2024-02-14_20h27.11.143,Symbol-E,2020.1.3,Win32,Firefox,Mozilla/5.0 (Windows NT 10.0; Win64; x64; rv:122.0) Gecko/20100101 Firefox/122.0,60,,,,,,,,,,,,,,,,,,,,,,,,,,,,,,,,,,,,,,media/djnb.png,7,3,Symb,l,RT,0,0,0,1,8,0,42,0,1,9,99,l,0.62,7,1,l,1,0.62,42,0,42,0,1,,,,,,,,,,,,,
,,,,,,,,,,,,,,,,,316,2,2024-02-14_20h27.11.143,Symbol-E,2020.1.3,Win32,Firefox,Mozilla/5.0 (Windows NT 10.0; Win64; x64; rv:122.0) Gecko/20100101 Firefox/122.0,60,,,,,,,,,,,,,,,,,,,,,,,,,,,,,,,,,,,,,,media/djnb.png,7,3,Symb,l,RT,0,0,0,1,8,0,43,0,1,9,99,l,0.483,7,1,l,1,0.483,43,0,43,0,1,,,,,,,,,,,,,
,,,,,,,,,,,,,,,,,316,2,2024-02-14_20h27.11.143,Symbol-E,2020.1.3,Win32,Firefox,Mozilla/5.0 (Windows NT 10.0; Win64; x64; rv:122.0) Gecko/20100101 Firefox/122.0,60,,,,,,,,,,,,,,,,,,,,,,,,,,,,,,,,,,,,,,media/dinb.png,2,2,Symb,e,RT,0,0,0,1,8,0,44,0,1,9,99,e,0.634,2,1,e,1,0.634,44,0,44,0,1,,,,,,,,,,,,,
,,,,,,,,,,,,,,,,,316,2,2024-02-14_20h27.11.143,Symbol-E,2020.1.3,Win32,Firefox,Mozilla/5.0 (Windows NT 10.0; Win64; x64; rv:122.0) Gecko/20100101 Firefox/122.0,60,,,,,,,,,,,,,,,,,,,,,,,,,,,,,,,,,,,,,,media/dnnb.png,3,3,Symb,f,RT,0,0,0,1,8,0,45,0,1,9,99,f,1.185,3,1,f,1,1.185,45,0,45,0,1,,,,,,,,,,,,,
,,,,,,,,,,,,,,,,,316,2,2024-02-14_20h27.11.143,Symbol-E,2020.1.3,Win32,Firefox,Mozilla/5.0 (Windows NT 10.0; Win64; x64; rv:122.0) Gecko/20100101 Firefox/122.0,60,,,,,,,,,,,,,,,,,,,,,,,,,,,,,,,,,,,,,,media/ddnb.png,6,2,Symb,i,RT,0,0,0,1,8,0,46,0,1,9,99,i,0.768,6,1,i,1,0.768,46,0,46,0,1,,,,,,,,,,,,,
,,,,,,,,,,,,,,,,,316,2,2024-02-14_20h27.11.143,Symbol-E,2020.1.3,Win32,Firefox,Mozilla/5.0 (Windows NT 10.0; Win64; x64; rv:122.0) Gecko/20100101 Firefox/122.0,60,,,,,,,,,,,,,,,,,,,,,,,,,,,,,,,,,,,,,,media/dcnb.png,4,0,Symb,h,RT,0,0,0,1,8,0,47,0,1,9,99,h,0.738,4,1,h,1,0.738,47,0,47,0,1,,,,,,,,,,,,,
,,,,,,,,,,,,,,,,,316,2,2024-02-14_20h27.11.143,Symbol-E,2020.1.3,Win32,Firefox,Mozilla/5.0 (Windows NT 10.0; Win64; x64; rv:122.0) Gecko/20100101 Firefox/122.0,60,,,,,,,,,,,,,,,,,,,,,,,,,,,,,,,,,,,,,,media/ddnb.png,6,2,Symb,i,RT,0,0,0,1,8,0,48,0,1,9,99,i,0.688,6,1,i,1,0.688,48,0,48,0,1,,,,,,,,,,,,,
,,,,,,,,,,,,,,,,,316,2,2024-02-14_20h27.11.143,Symbol-E,2020.1.3,Win32,Firefox,Mozilla/5.0 (Windows NT 10.0; Win64; x64; rv:122.0) Gecko/20100101 Firefox/122.0,60,,,,,,,,,,,,,,,,,,,,,,,,,,,,,,,,,,,,,,media/dinb.png,2,2,Symb,e,RT,0,0,0,1,8,0,49,0,1,9,99,e,0.85,2,1,e,1,0.85,49,0,49,0,1,,,,,,,,,,,,,
,,,,,,,,,,,,,,,,,316,2,2024-02-14_20h27.11.143,Symbol-E,2020.1.3,Win32,Firefox,Mozilla/5.0 (Windows NT 10.0; Win64; x64; rv:122.0) Gecko/20100101 Firefox/122.0,60,,,,,,,,,,,,,,,,,,,,,,,,,,,,,,,,,,,,,,media/dfnb.png,5,1,Symb,u,RT,0,0,0,1,8,0,50,0,1,9,99,u,0.619,5,1,u,1,0.619,50,0,50,0,1,,,,,,,,,,,,,
,,,,,,,,,,,,,,,,,316,2,2024-02-14_20h27.11.143,Symbol-E,2020.1.3,Win32,Firefox,Mozilla/5.0 (Windows NT 10.0; Win64; x64; rv:122.0) Gecko/20100101 Firefox/122.0,60,,,,,,,,,,,,,,,,,,,,,,,,,,,,,,,,,,,,,,media/dnnb.png,3,3,Symb,f,RT,0,0,0,1,8,0,51,0,1,9,99,f,0.765,3,1,f,1,0.765,51,0,51,0,1,,,,,,,,,,,,,
,,,,,,,,,,,,,,,,,316,2,2024-02-14_20h27.11.143,Symbol-E,2020.1.3,Win32,Firefox,Mozilla/5.0 (Windows NT 10.0; Win64; x64; rv:122.0) Gecko/20100101 Firefox/122.0,60,,,,,,,,,,,,,,,,,,,,,,,,,,,,,,,,,,,,,,media/dgnb.png,1,1,Symb,w,RT,0,0,0,1,8,0,52,0,1,9,99,w,2.585,1,1,w,1,2.585,52,0,52,0,1,,,,,,,,,,,,,
,,,,,,,,,,,,,,,,,316,2,2024-02-14_20h27.11.143,Symbol-E,2020.1.3,Win32,Firefox,Mozilla/5.0 (Windows NT 10.0; Win64; x64; rv:122.0) Gecko/20100101 Firefox/122.0,60,,,,,,,,,,,,,,,,,,,,,,,,,,,,,,,,,,,,,,media/dnnb.png,3,3,Symb,f,RT,0,0,0,1,8,0,53,0,1,9,99,f,0.652,3,1,f,1,0.652,53,0,53,0,1,,,,,,,,,,,,,
,,,,,,,,,,,,,,,,,316,2,2024-02-14_20h27.11.143,Symbol-E,2020.1.3,Win32,Firefox,Mozilla/5.0 (Windows NT 10.0; Win64; x64; rv:122.0) Gecko/20100101 Firefox/122.0,60,,,,,,,,,,,,,,,,,,,,,,,,,,,,,,,,,,,,,,media/dcnb.png,4,0,Symb,h,RT,0,0,0,1,8,0,54,0,1,9,99,h,1.154,4,1,h,1,1.154,54,0,54,0,1,,,,,,,,,,,,,
,,,,,,,,,,,,,,,,,316,2,2024-02-14_20h27.11.143,Symbol-E,2020.1.3,Win32,Firefox,Mozilla/5.0 (Windows NT 10.0; Win64; x64; rv:122.0) Gecko/20100101 Firefox/122.0,60,,,,,,,,,,,,,,,,,,,,,,,,,,,,,,,,,,,,,,media/dgnb.png,1,1,Symb,w,RT,0,0,0,1,8,0,55,0,1,9,99,w,0.851,1,1,w,1,0.851,55,0,55,0,1,,,,,,,,,,,,,
,,,,,,,,,,,,,,,,,316,2,2024-02-14_20h27.11.143,Symbol-E,2020.1.3,Win32,Firefox,Mozilla/5.0 (Windows NT 10.0; Win64; x64; rv:122.0) Gecko/20100101 Firefox/122.0,60,,,,,,,,,,,,,,,,,,,,,,,,,,,,,,,,,,,,,,media/dfnb.png,5,1,Symb,u,RT,0,0,0,1,8,0,56,0,1,9,99,u,0.684,5,1,u,1,0.684,56,0,56,0,1,,,,,,,,,,,,,
,,,,,,,,,,,,,,,,,316,2,2024-02-14_20h27.11.143,Symbol-E,2020.1.3,Win32,Firefox,Mozilla/5.0 (Windows NT 10.0; Win64; x64; rv:122.0) Gecko/20100101 Firefox/122.0,60,,,,,,,,,,,,,,,,,,,,,,,,,,,,,,,,,,,,,,media/djnb.png,7,3,Symb,l,RT,0,0,0,1,8,0,57,0,1,9,99,l,0.982,7,1,l,1,0.982,57,0,57,0,1,,,,,,,,,,,,,
,,,,,,,,,,,,,,,,,316,2,2024-02-14_20h27.11.143,Symbol-E,2020.1.3,Win32,Firefox,Mozilla/5.0 (Windows NT 10.0; Win64; x64; rv:122.0) Gecko/20100101 Firefox/122.0,60,,,,,,,,,,,,,,,,,,,,,,,,,,,,,,,,,,,,,,media/djnb.png,7,3,Symb,l,RT,0,0,0,1,8,0,58,0,1,9,99,l,0.5,7,1,l,1,0.5,58,0,58,0,1,,,,,,,,,,,,,
,,,,,,,,,,,,,,,,,316,2,2024-02-14_20h27.11.143,Symbol-E,2020.1.3,Win32,Firefox,Mozilla/5.0 (Windows NT 10.0; Win64; x64; rv:122.0) Gecko/20100101 Firefox/122.0,60,,,,,,,,,,,,,,,,,,,,,,,,,,,,,,,,,,,,,,media/ddnb.png,6,2,Symb,i,RT,0,0,0,1,8,0,59,0,1,9,99,i,0.704,6,1,i,1,0.704,59,0,59,0,1,,,,,,,,,,,,,
,,,,,,,,,,,,,,,,,316,2,2024-02-14_20h27.11.143,Symbol-E,2020.1.3,Win32,Firefox,Mozilla/5.0 (Windows NT 10.0; Win64; x64; rv:122.0) Gecko/20100101 Firefox/122.0,60,,,,,,,,,,,,,,,,,,,,,,,,,,,,,,,,,,,,,,media/dcnb.png,4,0,Symb,h,RT,0,0,0,1,8,0,60,0,1,9,99,h,0.689,4,1,h,1,0.689,60,0,60,0,1,,,,,,,,,,,,,
,,,,,,,,,,,,,,,,,316,2,2024-02-14_20h27.11.143,Symbol-E,2020.1.3,Win32,Firefox,Mozilla/5.0 (Windows NT 10.0; Win64; x64; rv:122.0) Gecko/20100101 Firefox/122.0,60,,,,,,,,,,,,,,,,,,,,,,,,,,,,,,,,,,,,,,media/dmnb.png,0,0,Symb,a,RT,0,0,0,1,8,0,61,0,1,9,99,a,0.752,0,1,a,1,0.752,61,0,61,0,1,,,,,,,,,,,,,
,,,,,,,,,,,,,,,,,316,2,2024-02-14_20h27.11.143,Symbol-E,2020.1.3,Win32,Firefox,Mozilla/5.0 (Windows NT 10.0; Win64; x64; rv:122.0) Gecko/20100101 Firefox/122.0,60,,,,,,,,,,,,,,,,,,,,,,,,,,,,,,,,,,,,,,media/dmnb.png,0,0,Symb,a,RT,0,0,0,1,8,0,62,0,1,9,99,a,0.533,0,1,a,1,0.533,62,0,62,0,1,,,,,,,,,,,,,
,,,,,,,,,,,,,,,,,316,2,2024-02-14_20h27.11.143,Symbol-E,2020.1.3,Win32,Firefox,Mozilla/5.0 (Windows NT 10.0; Win64; x64; rv:122.0) Gecko/20100101 Firefox/122.0,60,,,,,,,,,,,,,,,,,,,,,,,,,,,,,,,,,,,,,,media/dinb.png,2,2,Symb,e,RT,0,0,0,1,8,0,63,0,1,9,99,e,0.719,2,1,e,1,0.719,63,0,63,0,1,,,,,,,,,,,,,
,,,,,,,,,,,,,,,,,316,2,2024-02-14_20h27.11.143,Symbol-E,2020.1.3,Win32,Firefox,Mozilla/5.0 (Windows NT 10.0; Win64; x64; rv:122.0) Gecko/20100101 Firefox/122.0,60,,,,,,,,,,,,,,,,,,,,,,,,,,,,,,,,,,,,,,media/dcnb.png,4,0,Symb,h,RT,0,0,0,1,8,0,64,0,1,9,99,h,0.718,4,1,h,1,0.718,64,0,64,0,1,,,,,,,,,,,,,
,,,,,,,,,,,,,,,,,316,2,2024-02-14_20h27.11.143,Symbol-E,2020.1.3,Win32,Firefox,Mozilla/5.0 (Windows NT 10.0; Win64; x64; rv:122.0) Gecko/20100101 Firefox/122.0,60,,,,,,,,,,,,,,,,,,,,,,,,,,,,,,,,,,,,,,media/ddnb.png,6,2,Symb,i,RT,0,0,0,1,8,0,65,0,1,9,99,i,0.633,6,1,i,1,0.633,65,0,65,0,1,,,,,,,,,,,,,
,,,,,,,,,,,,,,,,,316,2,2024-02-14_20h27.11.143,Symbol-E,2020.1.3,Win32,Firefox,Mozilla/5.0 (Windows NT 10.0; Win64; x64; rv:122.0) Gecko/20100101 Firefox/122.0,60,,,,,,,,,,,,,,,,,,,,,,,,,,,,,,,,,,,,,,media/dinb.png,2,2,Symb,e,RT,0,0,0,1,8,0,66,0,1,9,99,e,0.789,2,1,e,1,0.789,66,0,66,0,1,,,,,,,,,,,,,
,,,,,,,,,,,,,,,,,316,2,2024-02-14_20h27.11.143,Symbol-E,2020.1.3,Win32,Firefox,Mozilla/5.0 (Windows NT 10.0; Win64; x64; rv:122.0) Gecko/20100101 Firefox/122.0,60,,,,,,,,,,,,,,,,,,,,,,,,,,,,,,,,,,,,,,media/dmnb.png,0,0,Symb,a,RT,0,0,0,1,8,0,67,0,1,9,99,a,0.635,0,1,a,1,0.635,67,0,67,0,1,,,,,,,,,,,,,
,,,,,,,,,,,,,,,,,316,2,2024-02-14_20h27.11.143,Symbol-E,2020.1.3,Win32,Firefox,Mozilla/5.0 (Windows NT 10.0; Win64; x64; rv:122.0) Gecko/20100101 Firefox/122.0,60,,,,,,,,,,,,,,,,,,,,,,,,,,,,,,,,,,,,,,media/dnnb.png,3,3,Symb,f,RT,0,0,0,1,8,0,68,0,1,9,99,f,0.634,3,1,f,1,0.634,68,0,68,0,1,,,,,,,,,,,,,
,,,,,,,,,,,,,,,,,316,2,2024-02-14_20h27.11.143,Symbol-E,2020.1.3,Win32,Firefox,Mozilla/5.0 (Windows NT 10.0; Win64; x64; rv:122.0) Gecko/20100101 Firefox/122.0,60,,,,,,,,,,,,,,,,,,,,,,,,,,,,,,,,,,,,,,media/djnb.png,7,3,Symb,l,RT,0,0,0,1,8,0,69,0,1,9,99,l,0.836,7,1,l,1,0.836,69,0,69,0,1,,,,,,,,,,,,,
,,,,,,,,,,,,,,,,,316,2,2024-02-14_20h27.11.143,Symbol-E,2020.1.3,Win32,Firefox,Mozilla/5.0 (Windows NT 10.0; Win64; x64; rv:122.0) Gecko/20100101 Firefox/122.0,60,,,,,,,,,,,,,,,,,,,,,,,,,,,,,,,,,,,,,,media/dinb.png,2,2,Symb,e,RT,0,0,0,1,8,0,70,0,1,9,99,e,0.717,2,1,e,1,0.717,70,0,70,0,1,,,,,,,,,,,,,
,,,,,,,,,,,,,,,,,316,2,2024-02-14_20h27.11.143,Symbol-E,2020.1.3,Win32,Firefox,Mozilla/5.0 (Windows NT 10.0; Win64; x64; rv:122.0) Gecko/20100101 Firefox/122.0,60,,,,,,,,,,,,,,,,,,,,,,,,,,,,,,,,,,,,,,media/dcnb.png,4,0,Symb,h,RT,0,0,0,1,8,0,71,0,1,9,99,h,0.601,4,1,h,1,0.601,71,0,71,0,1,,,,,,,,,,,,,
,,,,,,,,,,,,,,,,,316,2,2024-02-14_20h27.11.143,Symbol-E,2020.1.3,Win32,Firefox,Mozilla/5.0 (Windows NT 10.0; Win64; x64; rv:122.0) Gecko/20100101 Firefox/122.0,60,,,,,,,,,,,,,,,,,,,,,,,,,,,,,,,,,,,,,,media/djnb.png,7,3,Symb,l,RT,0,0,0,1,8,0,72,0,1,9,99,l,0.654,7,1,l,1,0.654,72,0,72,0,1,,,,,,,,,,,,,
,,,,,,,,,,,,,,,,,316,2,2024-02-14_20h27.11.143,Symbol-E,2020.1.3,Win32,Firefox,Mozilla/5.0 (Windows NT 10.0; Win64; x64; rv:122.0) Gecko/20100101 Firefox/122.0,60,,,,,,,,,,,,,,,,,,,,,,,,,,,,,,,,,,,,,,media/ddnb.png,6,2,Symb,i,RT,0,0,0,1,8,0,73,0,1,9,99,i,1.32,6,1,i,1,1.32,73,0,73,0,1,,,,,,,,,,,,,
,,,,,,,,,,,,,,,,,316,2,2024-02-14_20h27.11.143,Symbol-E,2020.1.3,Win32,Firefox,Mozilla/5.0 (Windows NT 10.0; Win64; x64; rv:122.0) Gecko/20100101 Firefox/122.0,60,,,,,,,,,,,,,,,,,,,,,,,,,,,,,,,,,,,,,,media/dgnb.png,1,1,Symb,w,RT,0,0,0,1,8,0,74,0,1,9,99,w,1.217,1,1,w,1,1.217,74,0,74,0,1,,,,,,,,,,,,,
,,,,,,,,,,,,,,,,,316,2,2024-02-14_20h27.11.143,Symbol-E,2020.1.3,Win32,Firefox,Mozilla/5.0 (Windows NT 10.0; Win64; x64; rv:122.0) Gecko/20100101 Firefox/122.0,60,,,,,,,,,,,,,,,,,,,,,,,,,,,,,,,,,,,,,,media/dnnb.png,3,3,Symb,f,RT,0,0,0,1,8,0,75,0,1,9,99,f,4.018,3,1,f,1,4.018,75,0,75,0,1,,,,,,,,,,,,,
,,,,,,,,,,,,,,,,,316,2,2024-02-14_20h27.11.143,Symbol-E,2020.1.3,Win32,Firefox,Mozilla/5.0 (Windows NT 10.0; Win64; x64; rv:122.0) Gecko/20100101 Firefox/122.0,60,,,,,,,,,,,,,,,,,,,,,,,,,,,,,,,,,,,,,,media/dfnb.png,5,1,Symb,u,RT,0,0,0,1,8,0,76,0,1,9,99,u,0.716,5,1,u,1,0.716,76,0,76,0,1,,,,,,,,,,,,,
,,,,,,,,,,,,,,,,,316,2,2024-02-14_20h27.11.143,Symbol-E,2020.1.3,Win32,Firefox,Mozilla/5.0 (Windows NT 10.0; Win64; x64; rv:122.0) Gecko/20100101 Firefox/122.0,60,,,,,,,,,,,,,,,,,,,,,,,,,,,,,,,,,,,,,,media/dgnb.png,1,1,Symb,w,RT,0,0,0,1,8,0,77,0,1,9,99,w,1.436,1,1,w,1,1.436,77,0,77,0,1,,,,,,,,,,,,,
,,,,,,,,,,,,,,,,,316,2,2024-02-14_20h27.11.143,Symbol-E,2020.1.3,Win32,Firefox,Mozilla/5.0 (Windows NT 10.0; Win64; x64; rv:122.0) Gecko/20100101 Firefox/122.0,60,,,,,,,,,,,,,,,,,,,,,,,,,,,,,,,,,,,,,,media/dfnb.png,5,1,Symb,u,RT,0,0,0,1,8,0,78,0,1,9,99,u,0.637,5,1,u,1,0.637,78,0,78,0,1,,,,,,,,,,,,,
,,,,,,,,,,,,,,,,,316,2,2024-02-14_20h27.11.143,Symbol-E,2020.1.3,Win32,Firefox,Mozilla/5.0 (Windows NT 10.0; Win64; x64; rv:122.0) Gecko/20100101 Firefox/122.0,60,,,,,,,,,,,,,,,,,,,,,,,,,,,,,,,,,,,,,,media/dmnb.png,0,0,Symb,a,RT,0,0,0,1,8,0,79,0,1,9,99,a,0.784,0,1,a,1,0.784,79,0,79,0,1,,,,,,,,,,,,,
,,,,,,,,,,,,,,,,,316,2,2024-02-14_20h27.11.143,Symbol-E,2020.1.3,Win32,Firefox,Mozilla/5.0 (Windows NT 10.0; Win64; x64; rv:122.0) Gecko/20100101 Firefox/122.0,60,,,,,,,,,,,,,,,,,,,,,,,,,,,,,,,,,,,,,,media/dmnb.png,0,0,Symb,a,RT,0,0,0,1,8,0,80,0,1,9,99,a,0.55,0,1,a,1,0.55,80,0,80,0,1,,,,,,,,,,,,,
,,,,,,,,,,,,,,,,,316,2,2024-02-14_20h27.11.143,Symbol-E,2020.1.3,Win32,Firefox,Mozilla/5.0 (Windows NT 10.0; Win64; x64; rv:122.0) Gecko/20100101 Firefox/122.0,60,,,,,,,,,,,,,,,,,,,,,,,,,,,,,,,,,,,,,,media/dcnb.png,4,0,Symb,h,RT,0,0,0,1,8,0,81,0,1,9,99,h,0.918,4,1,h,1,0.918,81,0,81,0,1,,,,,,,,,,,,,
,,,,,,,,,,,,,,,,,316,2,2024-02-14_20h27.11.143,Symbol-E,2020.1.3,Win32,Firefox,Mozilla/5.0 (Windows NT 10.0; Win64; x64; rv:122.0) Gecko/20100101 Firefox/122.0,60,,,,,,,,,,,,,,,,,,,,,,,,,,,,,,,,,,,,,,media/dfnb.png,5,1,Symb,u,RT,0,0,0,1,8,0,82,0,1,9,99,u,0.633,5,1,u,1,0.633,82,0,82,0,1,,,,,,,,,,,,,
,,,,,,,,,,,,,,,,,316,2,2024-02-14_20h27.11.143,Symbol-E,2020.1.3,Win32,Firefox,Mozilla/5.0 (Windows NT 10.0; Win64; x64; rv:122.0) Gecko/20100101 Firefox/122.0,60,,,,,,,,,,,,,,,,,,,,,,,,,,,,,,,,,,,,,,media/djnb.png,7,3,Symb,l,RT,0,0,0,1,8,0,83,0,1,9,99,l,0.682,7,1,l,1,0.682,83,0,83,0,1,,,,,,,,,,,,,
,,,,,,,,,,,,,,,,,316,2,2024-02-14_20h27.11.143,Symbol-E,2020.1.3,Win32,Firefox,Mozilla/5.0 (Windows NT 10.0; Win64; x64; rv:122.0) Gecko/20100101 Firefox/122.0,60,,,,,,,,,,,,,,,,,,,,,,,,,,,,,,,,,,,,,,media/dnnb.png,3,3,Symb,f,RT,0,0,0,1,8,0,84,0,1,9,99,f,0.885,3,1,f,1,0.885,84,0,84,0,1,,,,,,,,,,,,,
,,,,,,,,,,,,,,,,,316,2,2024-02-14_20h27.11.143,Symbol-E,2020.1.3,Win32,Firefox,Mozilla/5.0 (Windows NT 10.0; Win64; x64; rv:122.0) Gecko/20100101 Firefox/122.0,60,,,,,,,,,,,,,,,,,,,,,,,,,,,,,,,,,,,,,,media/dinb.png,2,2,Symb,e,RT,0,0,0,1,8,0,85,0,1,9,99,e,0.786,2,1,e,1,0.786,85,0,85,0,1,,,,,,,,,,,,,
,,,,,,,,,,,,,,,,,316,2,2024-02-14_20h27.11.143,Symbol-E,2020.1.3,Win32,Firefox,Mozilla/5.0 (Windows NT 10.0; Win64; x64; rv:122.0) Gecko/20100101 Firefox/122.0,60,,,,,,,,,,,,,,,,,,,,,,,,,,,,,,,,,,,,,,media/ddnb.png,6,2,Symb,i,RT,0,0,0,1,8,0,86,0,1,9,99,i,0.8,6,1,i,1,0.8,86,0,86,0,1,,,,,,,,,,,,,
,,,,,,,,,,,,,,,,,316,2,2024-02-14_20h27.11.143,Symbol-E,2020.1.3,Win32,Firefox,Mozilla/5.0 (Windows NT 10.0; Win64; x64; rv:122.0) Gecko/20100101 Firefox/122.0,60,,,,,,,,,,,,,,,,,,,,,,,,,,,,,,,,,,,,,,media/dinb.png,2,2,Symb,e,RT,0,0,0,1,8,0,87,0,1,9,99,e,0.92,2,1,e,1,0.92,87,0,87,0,1,,,,,,,,,,,,,
,,,,,,,,,,,,,,,,,316,2,2024-02-14_20h27.11.143,Symbol-E,2020.1.3,Win32,Firefox,Mozilla/5.0 (Windows NT 10.0; Win64; x64; rv:122.0) Gecko/20100101 Firefox/122.0,60,,,,,,,,,,,,,,,,,,,,,,,,,,,,,,,,,,,,,,media/ddnb.png,6,2,Symb,i,RT,0,0,0,1,8,0,88,0,1,9,99,i,0.816,6,1,i,1,0.816,88,0,88,0,1,,,,,,,,,,,,,
,,,,,,,,,,,,,,,,,316,2,2024-02-14_20h27.11.143,Symbol-E,2020.1.3,Win32,Firefox,Mozilla/5.0 (Windows NT 10.0; Win64; x64; rv:122.0) Gecko/20100101 Firefox/122.0,60,,,,,,,,,,,,,,,,,,,,,,,,,,,,,,,,,,,,,,media/dmnb.png,0,0,Symb,a,RT,0,0,0,1,8,0,89,0,1,9,99,a,0.617,0,1,a,1,0.617,89,0,89,0,1,,,,,,,,,,,,,
,,,,,,,,,,,,,,,,,316,2,2024-02-14_20h27.11.143,Symbol-E,2020.1.3,Win32,Firefox,Mozilla/5.0 (Windows NT 10.0; Win64; x64; rv:122.0) Gecko/20100101 Firefox/122.0,60,,,,,,,,,,,,,,,,,,,,,,,,,,,,,,,,,,,,,,media/dcnb.png,4,0,Symb,h,RT,0,0,0,1,8,0,90,0,1,9,99,h,0.603,4,1,h,1,0.603,90,0,90,0,1,,,,,,,,,,,,,
,,,,,,,,,,,,,,,,,316,2,2024-02-14_20h27.11.143,Symbol-E,2020.1.3,Win32,Firefox,Mozilla/5.0 (Windows NT 10.0; Win64; x64; rv:122.0) Gecko/20100101 Firefox/122.0,60,,,,,,,,,,,,,,,,,,,,,,,,,,,,,,,,,,,,,,media/dgnb.png,1,1,Symb,w,RT,0,0,0,1,8,0,91,0,1,9,99,w,0.884,1,1,w,1,0.884,91,0,91,0,1,,,,,,,,,,,,,
,,,,,,,,,,,,,,,,,316,2,2024-02-14_20h27.11.143,Symbol-E,2020.1.3,Win32,Firefox,Mozilla/5.0 (Windows NT 10.0; Win64; x64; rv:122.0) Gecko/20100101 Firefox/122.0,60,,,,,,,,,,,,,,,,,,,,,,,,,,,,,,,,,,,,,,media/dgnb.png,1,1,Symb,w,RT,0,0,0,1,8,0,92,0,1,9,99,w,0.487,1,1,w,1,0.487,92,0,92,0,1,,,,,,,,,,,,,
,,,,,,,,,,,,,,,,,316,2,2024-02-14_20h27.11.143,Symbol-E,2020.1.3,Win32,Firefox,Mozilla/5.0 (Windows NT 10.0; Win64; x64; rv:122.0) Gecko/20100101 Firefox/122.0,60,,,,,,,,,,,,,,,,,,,,,,,,,,,,,,,,,,,,,,media/dfnb.png,5,1,Symb,u,RT,0,0,0,1,8,0,93,0,1,9,99,u,0.599,5,1,u,1,0.599,93,0,93,0,1,,,,,,,,,,,,,
,,,,,,,,,,,,,,,,,316,2,2024-02-14_20h27.11.143,Symbol-E,2020.1.3,Win32,Firefox,Mozilla/5.0 (Windows NT 10.0; Win64; x64; rv:122.0) Gecko/20100101 Firefox/122.0,60,,,,,,,,,,,,,,,,,,,,,,,,,,,,,,,,,,,,,,media/dnnb.png,3,3,Symb,f,RT,0,0,0,1,8,0,94,0,1,9,99,f,1.383,3,1,f,1,1.383,94,0,94,0,1,,,,,,,,,,,,,
,,,,,,,,,,,,,,,,,316,2,2024-02-14_20h27.11.143,Symbol-E,2020.1.3,Win32,Firefox,Mozilla/5.0 (Windows NT 10.0; Win64; x64; rv:122.0) Gecko/20100101 Firefox/122.0,60,,,,,,,,,,,,,,,,,,,,,,,,,,,,,,,,,,,,,,media/djnb.png,7,3,Symb,l,RT,0,0,0,1,8,0,95,0,1,9,99,l,0.767,7,1,l,1,0.767,95,0,95,0,1,,,,,,,,,,,,,
,,,,,,,,,,,,,,,,,316,2,2024-02-14_20h27.11.143,Symbol-E,2020.1.3,Win32,Firefox,Mozilla/5.0 (Windows NT 10.0; Win64; x64; rv:122.0) Gecko/20100101 Firefox/122.0,60,,,,,,,,,,,,,,,,,,,,,,,,,,,,,,,,,,,,,,,,,,,,,,,,,,,,,,,,,,,,,,,,,,,8,0,8,0,1,,,,,,,,
,,,,,,,,,,,,,,,,,316,2,2024-02-14_20h27.11.143,Symbol-E,2020.1.3,Win32,Firefox,Mozilla/5.0 (Windows NT 10.0; Win64; x64; rv:122.0) Gecko/20100101 Firefox/122.0,60,,,,,,,,,,,,,,,,,,,,,,,,,,,,,,,,,,,,h,241.972,media/dinb.png,2,2,Symb,e,RT,0,0,0,1,8,0,0,0,1,10,99,e,1.3,2,1,e,1,1.3,0,0,0,0,1,,,,,,,,,,,,,
,,,,,,,,,,,,,,,,,316,2,2024-02-14_20h27.11.143,Symbol-E,2020.1.3,Win32,Firefox,Mozilla/5.0 (Windows NT 10.0; Win64; x64; rv:122.0) Gecko/20100101 Firefox/122.0,60,,,,,,,,,,,,,,,,,,,,,,,,,,,,,,,,,,,,,,media/ddnb.png,6,2,Symb,i,RT,0,0,0,1,8,0,1,0,1,10,99,i,0.755,6,1,i,1,0.755,1,0,1,0,1,,,,,,,,,,,,,
,,,,,,,,,,,,,,,,,316,2,2024-02-14_20h27.11.143,Symbol-E,2020.1.3,Win32,Firefox,Mozilla/5.0 (Windows NT 10.0; Win64; x64; rv:122.0) Gecko/20100101 Firefox/122.0,60,,,,,,,,,,,,,,,,,,,,,,,,,,,,,,,,,,,,,,media/dfnb.png,5,1,Symb,u,RT,0,0,0,1,8,0,2,0,1,10,99,u,0.617,5,1,u,1,0.617,2,0,2,0,1,,,,,,,,,,,,,
,,,,,,,,,,,,,,,,,316,2,2024-02-14_20h27.11.143,Symbol-E,2020.1.3,Win32,Firefox,Mozilla/5.0 (Windows NT 10.0; Win64; x64; rv:122.0) Gecko/20100101 Firefox/122.0,60,,,,,,,,,,,,,,,,,,,,,,,,,,,,,,,,,,,,,,media/dmnb.png,0,0,Symb,a,RT,0,0,0,1,8,0,3,0,1,10,99,a,0.666,0,1,a,1,0.666,3,0,3,0,1,,,,,,,,,,,,,
,,,,,,,,,,,,,,,,,316,2,2024-02-14_20h27.11.143,Symbol-E,2020.1.3,Win32,Firefox,Mozilla/5.0 (Windows NT 10.0; Win64; x64; rv:122.0) Gecko/20100101 Firefox/122.0,60,,,,,,,,,,,,,,,,,,,,,,,,,,,,,,,,,,,,,,media/djnb.png,7,3,Symb,l,RT,0,0,0,1,8,0,4,0,1,10,99,l,0.933,7,1,l,1,0.933,4,0,4,0,1,,,,,,,,,,,,,
,,,,,,,,,,,,,,,,,316,2,2024-02-14_20h27.11.143,Symbol-E,2020.1.3,Win32,Firefox,Mozilla/5.0 (Windows NT 10.0; Win64; x64; rv:122.0) Gecko/20100101 Firefox/122.0,60,,,,,,,,,,,,,,,,,,,,,,,,,,,,,,,,,,,,,,media/dcnb.png,4,0,Symb,h,RT,0,0,0,1,8,0,5,0,1,10,99,h,1.034,4,1,h,1,1.034,5,0,5,0,1,,,,,,,,,,,,,
,,,,,,,,,,,,,,,,,316,2,2024-02-14_20h27.11.143,Symbol-E,2020.1.3,Win32,Firefox,Mozilla/5.0 (Windows NT 10.0; Win64; x64; rv:122.0) Gecko/20100101 Firefox/122.0,60,,,,,,,,,,,,,,,,,,,,,,,,,,,,,,,,,,,,,,media/dmnb.png,0,0,Symb,a,RT,0,0,0,1,8,0,6,0,1,10,99,a,0.716,0,1,a,1,0.716,6,0,6,0,1,,,,,,,,,,,,,
,,,,,,,,,,,,,,,,,316,2,2024-02-14_20h27.11.143,Symbol-E,2020.1.3,Win32,Firefox,Mozilla/5.0 (Windows NT 10.0; Win64; x64; rv:122.0) Gecko/20100101 Firefox/122.0,60,,,,,,,,,,,,,,,,,,,,,,,,,,,,,,,,,,,,,,media/dfnb.png,5,1,Symb,u,RT,0,0,0,1,8,0,7,0,1,10,99,u,1.003,5,1,u,1,1.003,7,0,7,0,1,,,,,,,,,,,,,
,,,,,,,,,,,,,,,,,316,2,2024-02-14_20h27.11.143,Symbol-E,2020.1.3,Win32,Firefox,Mozilla/5.0 (Windows NT 10.0; Win64; x64; rv:122.0) Gecko/20100101 Firefox/122.0,60,,,,,,,,,,,,,,,,,,,,,,,,,,,,,,,,,,,,,,media/ddnb.png,6,2,Symb,i,RT,0,0,0,1,8,0,8,0,1,10,99,i,0.622,6,1,i,1,0.622,8,0,8,0,1,,,,,,,,,,,,,
,,,,,,,,,,,,,,,,,316,2,2024-02-14_20h27.11.143,Symbol-E,2020.1.3,Win32,Firefox,Mozilla/5.0 (Windows NT 10.0; Win64; x64; rv:122.0) Gecko/20100101 Firefox/122.0,60,,,,,,,,,,,,,,,,,,,,,,,,,,,,,,,,,,,,,,media/dgnb.png,1,1,Symb,w,RT,0,0,0,1,8,0,9,0,1,10,99,w,0.769,1,1,w,1,0.769,9,0,9,0,1,,,,,,,,,,,,,
,,,,,,,,,,,,,,,,,316,2,2024-02-14_20h27.11.143,Symbol-E,2020.1.3,Win32,Firefox,Mozilla/5.0 (Windows NT 10.0; Win64; x64; rv:122.0) Gecko/20100101 Firefox/122.0,60,,,,,,,,,,,,,,,,,,,,,,,,,,,,,,,,,,,,,,media/djnb.png,7,3,Symb,l,RT,0,0,0,1,8,0,10,0,1,10,99,l,0.716,7,1,l,1,0.716,10,0,10,0,1,,,,,,,,,,,,,
,,,,,,,,,,,,,,,,,316,2,2024-02-14_20h27.11.143,Symbol-E,2020.1.3,Win32,Firefox,Mozilla/5.0 (Windows NT 10.0; Win64; x64; rv:122.0) Gecko/20100101 Firefox/122.0,60,,,,,,,,,,,,,,,,,,,,,,,,,,,,,,,,,,,,,,media/dcnb.png,4,0,Symb,h,RT,0,0,0,1,8,0,11,0,1,10,99,h,0.518,4,1,h,1,0.518,11,0,11,0,1,,,,,,,,,,,,,
,,,,,,,,,,,,,,,,,316,2,2024-02-14_20h27.11.143,Symbol-E,2020.1.3,Win32,Firefox,Mozilla/5.0 (Windows NT 10.0; Win64; x64; rv:122.0) Gecko/20100101 Firefox/122.0,60,,,,,,,,,,,,,,,,,,,,,,,,,,,,,,,,,,,,,,media/dinb.png,2,2,Symb,e,RT,0,0,0,1,8,0,12,0,1,10,99,e,0.667,2,1,e,1,0.667,12,0,12,0,1,,,,,,,,,,,,,
,,,,,,,,,,,,,,,,,316,2,2024-02-14_20h27.11.143,Symbol-E,2020.1.3,Win32,Firefox,Mozilla/5.0 (Windows NT 10.0; Win64; x64; rv:122.0) Gecko/20100101 Firefox/122.0,60,,,,,,,,,,,,,,,,,,,,,,,,,,,,,,,,,,,,,,media/dnnb.png,3,3,Symb,f,RT,0,0,0,1,8,0,13,0,1,10,99,f,0.667,3,1,f,1,0.667,13,0,13,0,1,,,,,,,,,,,,,
,,,,,,,,,,,,,,,,,316,2,2024-02-14_20h27.11.143,Symbol-E,2020.1.3,Win32,Firefox,Mozilla/5.0 (Windows NT 10.0; Win64; x64; rv:122.0) Gecko/20100101 Firefox/122.0,60,,,,,,,,,,,,,,,,,,,,,,,,,,,,,,,,,,,,,,media/dgnb.png,1,1,Symb,w,RT,0,0,0,1,8,0,14,0,1,10,99,w,0.734,1,1,w,1,0.734,14,0,14,0,1,,,,,,,,,,,,,
,,,,,,,,,,,,,,,,,316,2,2024-02-14_20h27.11.143,Symbol-E,2020.1.3,Win32,Firefox,Mozilla/5.0 (Windows NT 10.0; Win64; x64; rv:122.0) Gecko/20100101 Firefox/122.0,60,,,,,,,,,,,,,,,,,,,,,,,,,,,,,,,,,,,,,,media/dnnb.png,3,3,Symb,f,RT,0,0,0,1,8,0,15,0,1,10,99,a,2.05,0,0,a,0,2.05,15,0,15,0,1,,,,,,,,,,,,,
,,,,,,,,,,,,,,,,,316,2,2024-02-14_20h27.11.143,Symbol-E,2020.1.3,Win32,Firefox,Mozilla/5.0 (Windows NT 10.0; Win64; x64; rv:122.0) Gecko/20100101 Firefox/122.0,60,,,,,,,,,,,,,,,,,,,,,,,,,,,,,,,,,,,,,,media/ddnb.png,6,2,Symb,i,RT,0,0,0,1,8,0,16,0,1,10,99,i,0.901,6,1,i,1,0.901,16,0,16,0,1,,,,,,,,,,,,,
,,,,,,,,,,,,,,,,,316,2,2024-02-14_20h27.11.143,Symbol-E,2020.1.3,Win32,Firefox,Mozilla/5.0 (Windows NT 10.0; Win64; x64; rv:122.0) Gecko/20100101 Firefox/122.0,60,,,,,,,,,,,,,,,,,,,,,,,,,,,,,,,,,,,,,,media/dinb.png,2,2,Symb,e,RT,0,0,0,1,8,0,17,0,1,10,99,e,1.001,2,1,e,1,1.001,17,0,17,0,1,,,,,,,,,,,,,
,,,,,,,,,,,,,,,,,316,2,2024-02-14_20h27.11.143,Symbol-E,2020.1.3,Win32,Firefox,Mozilla/5.0 (Windows NT 10.0; Win64; x64; rv:122.0) Gecko/20100101 Firefox/122.0,60,,,,,,,,,,,,,,,,,,,,,,,,,,,,,,,,,,,,,,media/ddnb.png,6,2,Symb,i,RT,0,0,0,1,8,0,18,0,1,10,99,i,0.665,6,1,i,1,0.665,18,0,18,0,1,,,,,,,,,,,,,
,,,,,,,,,,,,,,,,,316,2,2024-02-14_20h27.11.143,Symbol-E,2020.1.3,Win32,Firefox,Mozilla/5.0 (Windows NT 10.0; Win64; x64; rv:122.0) Gecko/20100101 Firefox/122.0,60,,,,,,,,,,,,,,,,,,,,,,,,,,,,,,,,,,,,,,media/dfnb.png,5,1,Symb,u,RT,0,0,0,1,8,0,19,0,1,10,99,u,0.603,5,1,u,1,0.603,19,0,19,0,1,,,,,,,,,,,,,
,,,,,,,,,,,,,,,,,316,2,2024-02-14_20h27.11.143,Symbol-E,2020.1.3,Win32,Firefox,Mozilla/5.0 (Windows NT 10.0; Win64; x64; rv:122.0) Gecko/20100101 Firefox/122.0,60,,,,,,,,,,,,,,,,,,,,,,,,,,,,,,,,,,,,,,media/dmnb.png,0,0,Symb,a,RT,0,0,0,1,8,0,20,0,1,10,99,a,0.732,0,1,a,1,0.732,20,0,20,0,1,,,,,,,,,,,,,
,,,,,,,,,,,,,,,,,316,2,2024-02-14_20h27.11.143,Symbol-E,2020.1.3,Win32,Firefox,Mozilla/5.0 (Windows NT 10.0; Win64; x64; rv:122.0) Gecko/20100101 Firefox/122.0,60,,,,,,,,,,,,,,,,,,,,,,,,,,,,,,,,,,,,,,media/djnb.png,7,3,Symb,l,RT,0,0,0,1,8,0,21,0,1,10,99,l,1.436,7,1,l,1,1.436,21,0,21,0,1,,,,,,,,,,,,,
,,,,,,,,,,,,,,,,,316,2,2024-02-14_20h27.11.143,Symbol-E,2020.1.3,Win32,Firefox,Mozilla/5.0 (Windows NT 10.0; Win64; x64; rv:122.0) Gecko/20100101 Firefox/122.0,60,,,,,,,,,,,,,,,,,,,,,,,,,,,,,,,,,,,,,,media/dnnb.png,3,3,Symb,f,RT,0,0,0,1,8,0,22,0,1,10,99,f,0.866,3,1,f,1,0.866,22,0,22,0,1,,,,,,,,,,,,,
,,,,,,,,,,,,,,,,,316,2,2024-02-14_20h27.11.143,Symbol-E,2020.1.3,Win32,Firefox,Mozilla/5.0 (Windows NT 10.0; Win64; x64; rv:122.0) Gecko/20100101 Firefox/122.0,60,,,,,,,,,,,,,,,,,,,,,,,,,,,,,,,,,,,,,,media/dcnb.png,4,0,Symb,h,RT,0,0,0,1,8,0,23,0,1,10,99,h,0.887,4,1,h,1,0.887,23,0,23,0,1,,,,,,,,,,,,,
,,,,,,,,,,,,,,,,,316,2,2024-02-14_20h27.11.143,Symbol-E,2020.1.3,Win32,Firefox,Mozilla/5.0 (Windows NT 10.0; Win64; x64; rv:122.0) Gecko/20100101 Firefox/122.0,60,,,,,,,,,,,,,,,,,,,,,,,,,,,,,,,,,,,,,,media/dgnb.png,1,1,Symb,w,RT,0,0,0,1,8,0,24,0,1,10,99,w,1.552,1,1,w,1,1.552,24,0,24,0,1,,,,,,,,,,,,,
,,,,,,,,,,,,,,,,,316,2,2024-02-14_20h27.11.143,Symbol-E,2020.1.3,Win32,Firefox,Mozilla/5.0 (Windows NT 10.0; Win64; x64; rv:122.0) Gecko/20100101 Firefox/122.0,60,,,,,,,,,,,,,,,,,,,,,,,,,,,,,,,,,,,,,,media/dfnb.png,5,1,Symb,u,RT,0,0,0,1,8,0,25,0,1,10,99,u,0.554,5,1,u,1,0.554,25,0,25,0,1,,,,,,,,,,,,,
,,,,,,,,,,,,,,,,,316,2,2024-02-14_20h27.11.143,Symbol-E,2020.1.3,Win32,Firefox,Mozilla/5.0 (Windows NT 10.0; Win64; x64; rv:122.0) Gecko/20100101 Firefox/122.0,60,,,,,,,,,,,,,,,,,,,,,,,,,,,,,,,,,,,,,,media/dnnb.png,3,3,Symb,f,RT,0,0,0,1,8,0,26,0,1,10,99,f,0.615,3,1,f,1,0.615,26,0,26,0,1,,,,,,,,,,,,,
,,,,,,,,,,,,,,,,,316,2,2024-02-14_20h27.11.143,Symbol-E,2020.1.3,Win32,Firefox,Mozilla/5.0 (Windows NT 10.0; Win64; x64; rv:122.0) Gecko/20100101 Firefox/122.0,60,,,,,,,,,,,,,,,,,,,,,,,,,,,,,,,,,,,,,,media/dmnb.png,0,0,Symb,a,RT,0,0,0,1,8,0,27,0,1,10,99,a,0.649,0,1,a,1,0.649,27,0,27,0,1,,,,,,,,,,,,,
,,,,,,,,,,,,,,,,,316,2,2024-02-14_20h27.11.143,Symbol-E,2020.1.3,Win32,Firefox,Mozilla/5.0 (Windows NT 10.0; Win64; x64; rv:122.0) Gecko/20100101 Firefox/122.0,60,,,,,,,,,,,,,,,,,,,,,,,,,,,,,,,,,,,,,,media/dinb.png,2,2,Symb,e,RT,0,0,0,1,8,0,28,0,1,10,99,e,1.199,2,1,e,1,1.199,28,0,28,0,1,,,,,,,,,,,,,
,,,,,,,,,,,,,,,,,316,2,2024-02-14_20h27.11.143,Symbol-E,2020.1.3,Win32,Firefox,Mozilla/5.0 (Windows NT 10.0; Win64; x64; rv:122.0) Gecko/20100101 Firefox/122.0,60,,,,,,,,,,,,,,,,,,,,,,,,,,,,,,,,,,,,,,media/dcnb.png,4,0,Symb,h,RT,0,0,0,1,8,0,29,0,1,10,99,h,0.737,4,1,h,1,0.737,29,0,29,0,1,,,,,,,,,,,,,
,,,,,,,,,,,,,,,,,316,2,2024-02-14_20h27.11.143,Symbol-E,2020.1.3,Win32,Firefox,Mozilla/5.0 (Windows NT 10.0; Win64; x64; rv:122.0) Gecko/20100101 Firefox/122.0,60,,,,,,,,,,,,,,,,,,,,,,,,,,,,,,,,,,,,,,media/dgnb.png,1,1,Symb,w,RT,0,0,0,1,8,0,30,0,1,10,99,w,0.9,1,1,w,1,0.9,30,0,30,0,1,,,,,,,,,,,,,
,,,,,,,,,,,,,,,,,316,2,2024-02-14_20h27.11.143,Symbol-E,2020.1.3,Win32,Firefox,Mozilla/5.0 (Windows NT 10.0; Win64; x64; rv:122.0) Gecko/20100101 Firefox/122.0,60,,,,,,,,,,,,,,,,,,,,,,,,,,,,,,,,,,,,,,media/djnb.png,7,3,Symb,l,RT,0,0,0,1,8,0,31,0,1,10,99,l,0.633,7,1,l,1,0.633,31,0,31,0,1,,,,,,,,,,,,,
,,,,,,,,,,,,,,,,,316,2,2024-02-14_20h27.11.143,Symbol-E,2020.1.3,Win32,Firefox,Mozilla/5.0 (Windows NT 10.0; Win64; x64; rv:122.0) Gecko/20100101 Firefox/122.0,60,,,,,,,,,,,,,,,,,,,,,,,,,,,,,,,,,,,,,,media/ddnb.png,6,2,Symb,i,RT,0,0,0,1,8,0,32,0,1,10,99,i,0.717,6,1,i,1,0.717,32,0,32,0,1,,,,,,,,,,,,,
,,,,,,,,,,,,,,,,,316,2,2024-02-14_20h27.11.143,Symbol-E,2020.1.3,Win32,Firefox,Mozilla/5.0 (Windows NT 10.0; Win64; x64; rv:122.0) Gecko/20100101 Firefox/122.0,60,,,,,,,,,,,,,,,,,,,,,,,,,,,,,,,,,,,,,,media/dmnb.png,0,0,Symb,a,RT,0,0,0,1,8,0,33,0,1,10,99,a,0.635,0,1,a,1,0.635,33,0,33,0,1,,,,,,,,,,,,,
,,,,,,,,,,,,,,,,,316,2,2024-02-14_20h27.11.143,Symbol-E,2020.1.3,Win32,Firefox,Mozilla/5.0 (Windows NT 10.0; Win64; x64; rv:122.0) Gecko/20100101 Firefox/122.0,60,,,,,,,,,,,,,,,,,,,,,,,,,,,,,,,,,,,,,,media/dinb.png,2,2,Symb,e,RT,0,0,0,1,8,0,34,0,1,10,99,e,1.117,2,1,e,1,1.117,34,0,34,0,1,,,,,,,,,,,,,
,,,,,,,,,,,,,,,,,316,2,2024-02-14_20h27.11.143,Symbol-E,2020.1.3,Win32,Firefox,Mozilla/5.0 (Windows NT 10.0; Win64; x64; rv:122.0) Gecko/20100101 Firefox/122.0,60,,,,,,,,,,,,,,,,,,,,,,,,,,,,,,,,,,,,,,media/ddnb.png,6,2,Symb,i,RT,0,0,0,1,8,0,35,0,1,10,99,i,0.832,6,1,i,1,0.832,35,0,35,0,1,,,,,,,,,,,,,
,,,,,,,,,,,,,,,,,316,2,2024-02-14_20h27.11.143,Symbol-E,2020.1.3,Win32,Firefox,Mozilla/5.0 (Windows NT 10.0; Win64; x64; rv:122.0) Gecko/20100101 Firefox/122.0,60,,,,,,,,,,,,,,,,,,,,,,,,,,,,,,,,,,,,,,media/dgnb.png,1,1,Symb,w,RT,0,0,0,1,8,0,36,0,1,10,99,w,1.168,1,1,w,1,1.168,36,0,36,0,1,,,,,,,,,,,,,
,,,,,,,,,,,,,,,,,316,2,2024-02-14_20h27.11.143,Symbol-E,2020.1.3,Win32,Firefox,Mozilla/5.0 (Windows NT 10.0; Win64; x64; rv:122.0) Gecko/20100101 Firefox/122.0,60,,,,,,,,,,,,,,,,,,,,,,,,,,,,,,,,,,,,,,media/dgnb.png,1,1,Symb,w,RT,0,0,0,1,8,0,37,0,1,10,99,w,0.568,1,1,w,1,0.568,37,0,37,0,1,,,,,,,,,,,,,
,,,,,,,,,,,,,,,,,316,2,2024-02-14_20h27.11.143,Symbol-E,2020.1.3,Win32,Firefox,Mozilla/5.0 (Windows NT 10.0; Win64; x64; rv:122.0) Gecko/20100101 Firefox/122.0,60,,,,,,,,,,,,,,,,,,,,,,,,,,,,,,,,,,,,,,media/dnnb.png,3,3,Symb,f,RT,0,0,0,1,8,0,38,0,1,10,99,f,0.668,3,1,f,1,0.668,38,0,38,0,1,,,,,,,,,,,,,
,,,,,,,,,,,,,,,,,316,2,2024-02-14_20h27.11.143,Symbol-E,2020.1.3,Win32,Firefox,Mozilla/5.0 (Windows NT 10.0; Win64; x64; rv:122.0) Gecko/20100101 Firefox/122.0,60,,,,,,,,,,,,,,,,,,,,,,,,,,,,,,,,,,,,,,media/dmnb.png,0,0,Symb,a,RT,0,0,0,1,8,0,39,0,1,10,99,a,0.739,0,1,a,1,0.739,39,0,39,0,1,,,,,,,,,,,,,
,,,,,,,,,,,,,,,,,316,2,2024-02-14_20h27.11.143,Symbol-E,2020.1.3,Win32,Firefox,Mozilla/5.0 (Windows NT 10.0; Win64; x64; rv:122.0) Gecko/20100101 Firefox/122.0,60,,,,,,,,,,,,,,,,,,,,,,,,,,,,,,,,,,,,,,media/dfnb.png,5,1,Symb,u,RT,0,0,0,1,8,0,40,0,1,10,99,u,0.933,5,1,u,1,0.933,40,0,40,0,1,,,,,,,,,,,,,
,,,,,,,,,,,,,,,,,316,2,2024-02-14_20h27.11.143,Symbol-E,2020.1.3,Win32,Firefox,Mozilla/5.0 (Windows NT 10.0; Win64; x64; rv:122.0) Gecko/20100101 Firefox/122.0,60,,,,,,,,,,,,,,,,,,,,,,,,,,,,,,,,,,,,,,media/dcnb.png,4,0,Symb,h,RT,0,0,0,1,8,0,41,0,1,10,99,h,3.289,4,1,h,1,3.289,41,0,41,0,1,,,,,,,,,,,,,
,,,,,,,,,,,,,,,,,316,2,2024-02-14_20h27.11.143,Symbol-E,2020.1.3,Win32,Firefox,Mozilla/5.0 (Windows NT 10.0; Win64; x64; rv:122.0) Gecko/20100101 Firefox/122.0,60,,,,,,,,,,,,,,,,,,,,,,,,,,,,,,,,,,,,,,media/dfnb.png,5,1,Symb,u,RT,0,0,0,1,8,0,42,0,1,10,99,u,0.6,5,1,u,1,0.6,42,0,42,0,1,,,,,,,,,,,,,
,,,,,,,,,,,,,,,,,316,2,2024-02-14_20h27.11.143,Symbol-E,2020.1.3,Win32,Firefox,Mozilla/5.0 (Windows NT 10.0; Win64; x64; rv:122.0) Gecko/20100101 Firefox/122.0,60,,,,,,,,,,,,,,,,,,,,,,,,,,,,,,,,,,,,,,media/djnb.png,7,3,Symb,l,RT,0,0,0,1,8,0,43,0,1,10,99,l,1.385,7,1,l,1,1.385,43,0,43,0,1,,,,,,,,,,,,,
,,,,,,,,,,,,,,,,,316,2,2024-02-14_20h27.11.143,Symbol-E,2020.1.3,Win32,Firefox,Mozilla/5.0 (Windows NT 10.0; Win64; x64; rv:122.0) Gecko/20100101 Firefox/122.0,60,,,,,,,,,,,,,,,,,,,,,,,,,,,,,,,,,,,,,,media/dcnb.png,4,0,Symb,h,RT,0,0,0,1,8,0,44,0,1,10,99,h,0.769,4,1,h,1,0.769,44,0,44,0,1,,,,,,,,,,,,,
,,,,,,,,,,,,,,,,,316,2,2024-02-14_20h27.11.143,Symbol-E,2020.1.3,Win32,Firefox,Mozilla/5.0 (Windows NT 10.0; Win64; x64; rv:122.0) Gecko/20100101 Firefox/122.0,60,,,,,,,,,,,,,,,,,,,,,,,,,,,,,,,,,,,,,,media/dnnb.png,3,3,Symb,f,RT,0,0,0,1,8,0,45,0,1,10,99,f,0.582,3,1,f,1,0.582,45,0,45,0,1,,,,,,,,,,,,,
,,,,,,,,,,,,,,,,,316,2,2024-02-14_20h27.11.143,Symbol-E,2020.1.3,Win32,Firefox,Mozilla/5.0 (Windows NT 10.0; Win64; x64; rv:122.0) Gecko/20100101 Firefox/122.0,60,,,,,,,,,,,,,,,,,,,,,,,,,,,,,,,,,,,,,,media/djnb.png,7,3,Symb,l,RT,0,0,0,1,8,0,46,0,1,10,99,l,0.634,7,1,l,1,0.634,46,0,46,0,1,,,,,,,,,,,,,
,,,,,,,,,,,,,,,,,316,2,2024-02-14_20h27.11.143,Symbol-E,2020.1.3,Win32,Firefox,Mozilla/5.0 (Windows NT 10.0; Win64; x64; rv:122.0) Gecko/20100101 Firefox/122.0,60,,,,,,,,,,,,,,,,,,,,,,,,,,,,,,,,,,,,,,media/dinb.png,2,2,Symb,e,RT,0,0,0,1,8,0,47,0,1,10,99,e,0.765,2,1,e,1,0.765,47,0,47,0,1,,,,,,,,,,,,,
,,,,,,,,,,,,,,,,,316,2,2024-02-14_20h27.11.143,Symbol-E,2020.1.3,Win32,Firefox,Mozilla/5.0 (Windows NT 10.0; Win64; x64; rv:122.0) Gecko/20100101 Firefox/122.0,60,,,,,,,,,,,,,,,,,,,,,,,,,,,,,,,,,,,,,,media/djnb.png,7,3,Symb,l,RT,0,0,0,1,8,0,48,0,1,10,99,l,0.854,7,1,l,1,0.854,48,0,48,0,1,,,,,,,,,,,,,
,,,,,,,,,,,,,,,,,316,2,2024-02-14_20h27.11.143,Symbol-E,2020.1.3,Win32,Firefox,Mozilla/5.0 (Windows NT 10.0; Win64; x64; rv:122.0) Gecko/20100101 Firefox/122.0,60,,,,,,,,,,,,,,,,,,,,,,,,,,,,,,,,,,,,,,media/dnnb.png,3,3,Symb,f,RT,0,0,0,1,8,0,49,0,1,10,99,f,1.399,3,1,f,1,1.399,49,0,49,0,1,,,,,,,,,,,,,
,,,,,,,,,,,,,,,,,316,2,2024-02-14_20h27.11.143,Symbol-E,2020.1.3,Win32,Firefox,Mozilla/5.0 (Windows NT 10.0; Win64; x64; rv:122.0) Gecko/20100101 Firefox/122.0,60,,,,,,,,,,,,,,,,,,,,,,,,,,,,,,,,,,,,,,media/djnb.png,7,3,Symb,l,RT,0,0,0,1,8,0,50,0,1,10,99,l,0.6,7,1,l,1,0.6,50,0,50,0,1,,,,,,,,,,,,,
,,,,,,,,,,,,,,,,,316,2,2024-02-14_20h27.11.143,Symbol-E,2020.1.3,Win32,Firefox,Mozilla/5.0 (Windows NT 10.0; Win64; x64; rv:122.0) Gecko/20100101 Firefox/122.0,60,,,,,,,,,,,,,,,,,,,,,,,,,,,,,,,,,,,,,,media/dgnb.png,1,1,Symb,w,RT,0,0,0,1,8,0,51,0,1,10,99,w,0.886,1,1,w,1,0.886,51,0,51,0,1,,,,,,,,,,,,,
,,,,,,,,,,,,,,,,,316,2,2024-02-14_20h27.11.143,Symbol-E,2020.1.3,Win32,Firefox,Mozilla/5.0 (Windows NT 10.0; Win64; x64; rv:122.0) Gecko/20100101 Firefox/122.0,60,,,,,,,,,,,,,,,,,,,,,,,,,,,,,,,,,,,,,,media/dmnb.png,0,0,Symb,a,RT,0,0,0,1,8,0,52,0,1,10,99,a,0.639,0,1,a,1,0.639,52,0,52,0,1,,,,,,,,,,,,,
,,,,,,,,,,,,,,,,,316,2,2024-02-14_20h27.11.143,Symbol-E,2020.1.3,Win32,Firefox,Mozilla/5.0 (Windows NT 10.0; Win64; x64; rv:122.0) Gecko/20100101 Firefox/122.0,60,,,,,,,,,,,,,,,,,,,,,,,,,,,,,,,,,,,,,,media/dnnb.png,3,3,Symb,f,RT,0,0,0,1,8,0,53,0,1,10,99,f,0.616,3,1,f,1,0.616,53,0,53,0,1,,,,,,,,,,,,,
,,,,,,,,,,,,,,,,,316,2,2024-02-14_20h27.11.143,Symbol-E,2020.1.3,Win32,Firefox,Mozilla/5.0 (Windows NT 10.0; Win64; x64; rv:122.0) Gecko/20100101 Firefox/122.0,60,,,,,,,,,,,,,,,,,,,,,,,,,,,,,,,,,,,,,,media/dmnb.png,0,0,Symb,a,RT,0,0,0,1,8,0,54,0,1,10,99,a,0.651,0,1,a,1,0.651,54,0,54,0,1,,,,,,,,,,,,,
,,,,,,,,,,,,,,,,,316,2,2024-02-14_20h27.11.143,Symbol-E,2020.1.3,Win32,Firefox,Mozilla/5.0 (Windows NT 10.0; Win64; x64; rv:122.0) Gecko/20100101 Firefox/122.0,60,,,,,,,,,,,,,,,,,,,,,,,,,,,,,,,,,,,,,,media/dcnb.png,4,0,Symb,h,RT,0,0,0,1,8,0,55,0,1,10,99,h,0.787,4,1,h,1,0.787,55,0,55,0,1,,,,,,,,,,,,,
,,,,,,,,,,,,,,,,,316,2,2024-02-14_20h27.11.143,Symbol-E,2020.1.3,Win32,Firefox,Mozilla/5.0 (Windows NT 10.0; Win64; x64; rv:122.0) Gecko/20100101 Firefox/122.0,60,,,,,,,,,,,,,,,,,,,,,,,,,,,,,,,,,,,,,,media/ddnb.png,6,2,Symb,i,RT,0,0,0,1,8,0,56,0,1,10,99,i,0.734,6,1,i,1,0.734,56,0,56,0,1,,,,,,,,,,,,,
,,,,,,,,,,,,,,,,,316,2,2024-02-14_20h27.11.143,Symbol-E,2020.1.3,Win32,Firefox,Mozilla/5.0 (Windows NT 10.0; Win64; x64; rv:122.0) Gecko/20100101 Firefox/122.0,60,,,,,,,,,,,,,,,,,,,,,,,,,,,,,,,,,,,,,,media/dfnb.png,5,1,Symb,u,RT,0,0,0,1,8,0,57,0,1,10,99,u,0.567,5,1,u,1,0.567,57,0,57,0,1,,,,,,,,,,,,,
,,,,,,,,,,,,,,,,,316,2,2024-02-14_20h27.11.143,Symbol-E,2020.1.3,Win32,Firefox,Mozilla/5.0 (Windows NT 10.0; Win64; x64; rv:122.0) Gecko/20100101 Firefox/122.0,60,,,,,,,,,,,,,,,,,,,,,,,,,,,,,,,,,,,,,,media/dinb.png,2,2,Symb,e,RT,0,0,0,1,8,0,58,0,1,10,99,e,1.083,2,1,e,1,1.083,58,0,58,0,1,,,,,,,,,,,,,
,,,,,,,,,,,,,,,,,316,2,2024-02-14_20h27.11.143,Symbol-E,2020.1.3,Win32,Firefox,Mozilla/5.0 (Windows NT 10.0; Win64; x64; rv:122.0) Gecko/20100101 Firefox/122.0,60,,,,,,,,,,,,,,,,,,,,,,,,,,,,,,,,,,,,,,media/dgnb.png,1,1,Symb,w,RT,0,0,0,1,8,0,59,0,1,10,99,w,0.634,1,1,w,1,0.634,59,0,59,0,1,,,,,,,,,,,,,
,,,,,,,,,,,,,,,,,316,2,2024-02-14_20h27.11.143,Symbol-E,2020.1.3,Win32,Firefox,Mozilla/5.0 (Windows NT 10.0; Win64; x64; rv:122.0) Gecko/20100101 Firefox/122.0,60,,,,,,,,,,,,,,,,,,,,,,,,,,,,,,,,,,,,,,media/dfnb.png,5,1,Symb,u,RT,0,0,0,1,8,0,60,0,1,10,99,u,0.599,5,1,u,1,0.599,60,0,60,0,1,,,,,,,,,,,,,
,,,,,,,,,,,,,,,,,316,2,2024-02-14_20h27.11.143,Symbol-E,2020.1.3,Win32,Firefox,Mozilla/5.0 (Windows NT 10.0; Win64; x64; rv:122.0) Gecko/20100101 Firefox/122.0,60,,,,,,,,,,,,,,,,,,,,,,,,,,,,,,,,,,,,,,media/ddnb.png,6,2,Symb,i,RT,0,0,0,1,8,0,61,0,1,10,99,i,0.767,6,1,i,1,0.767,61,0,61,0,1,,,,,,,,,,,,,
,,,,,,,,,,,,,,,,,316,2,2024-02-14_20h27.11.143,Symbol-E,2020.1.3,Win32,Firefox,Mozilla/5.0 (Windows NT 10.0; Win64; x64; rv:122.0) Gecko/20100101 Firefox/122.0,60,,,,,,,,,,,,,,,,,,,,,,,,,,,,,,,,,,,,,,media/dinb.png,2,2,Symb,e,RT,0,0,0,1,8,0,62,0,1,10,99,e,0.618,2,1,e,1,0.618,62,0,62,0,1,,,,,,,,,,,,,
,,,,,,,,,,,,,,,,,316,2,2024-02-14_20h27.11.143,Symbol-E,2020.1.3,Win32,Firefox,Mozilla/5.0 (Windows NT 10.0; Win64; x64; rv:122.0) Gecko/20100101 Firefox/122.0,60,,,,,,,,,,,,,,,,,,,,,,,,,,,,,,,,,,,,,,media/dcnb.png,4,0,Symb,h,RT,0,0,0,1,8,0,63,0,1,10,99,h,0.967,4,1,h,1,0.967,63,0,63,0,1,,,,,,,,,,,,,
,,,,,,,,,,,,,,,,,316,2,2024-02-14_20h27.11.143,Symbol-E,2020.1.3,Win32,Firefox,Mozilla/5.0 (Windows NT 10.0; Win64; x64; rv:122.0) Gecko/20100101 Firefox/122.0,60,,,,,,,,,,,,,,,,,,,,,,,,,,,,,,,,,,,,,,media/dfnb.png,5,1,Symb,u,RT,0,0,0,1,8,0,64,0,1,10,99,u,0.571,5,1,u,1,0.571,64,0,64,0,1,,,,,,,,,,,,,
,,,,,,,,,,,,,,,,,316,2,2024-02-14_20h27.11.143,Symbol-E,2020.1.3,Win32,Firefox,Mozilla/5.0 (Windows NT 10.0; Win64; x64; rv:122.0) Gecko/20100101 Firefox/122.0,60,,,,,,,,,,,,,,,,,,,,,,,,,,,,,,,,,,,,,,media/djnb.png,7,3,Symb,l,RT,0,0,0,1,8,0,65,0,1,10,99,l,0.738,7,1,l,1,0.738,65,0,65,0,1,,,,,,,,,,,,,
,,,,,,,,,,,,,,,,,316,2,2024-02-14_20h27.11.143,Symbol-E,2020.1.3,Win32,Firefox,Mozilla/5.0 (Windows NT 10.0; Win64; x64; rv:122.0) Gecko/20100101 Firefox/122.0,60,,,,,,,,,,,,,,,,,,,,,,,,,,,,,,,,,,,,,,media/djnb.png,7,3,Symb,l,RT,0,0,0,1,8,0,66,0,1,10,99,l,0.582,7,1,l,1,0.582,66,0,66,0,1,,,,,,,,,,,,,
,,,,,,,,,,,,,,,,,316,2,2024-02-14_20h27.11.143,Symbol-E,2020.1.3,Win32,Firefox,Mozilla/5.0 (Windows NT 10.0; Win64; x64; rv:122.0) Gecko/20100101 Firefox/122.0,60,,,,,,,,,,,,,,,,,,,,,,,,,,,,,,,,,,,,,,media/dmnb.png,0,0,Symb,a,RT,0,0,0,1,8,0,67,0,1,10,99,a,0.723,0,1,a,1,0.723,67,0,67,0,1,,,,,,,,,,,,,
,,,,,,,,,,,,,,,,,316,2,2024-02-14_20h27.11.143,Symbol-E,2020.1.3,Win32,Firefox,Mozilla/5.0 (Windows NT 10.0; Win64; x64; rv:122.0) Gecko/20100101 Firefox/122.0,60,,,,,,,,,,,,,,,,,,,,,,,,,,,,,,,,,,,,,,media/dgnb.png,1,1,Symb,w,RT,0,0,0,1,8,0,68,0,1,10,99,w,1.35,1,1,w,1,1.35,68,0,68,0,1,,,,,,,,,,,,,
,,,,,,,,,,,,,,,,,316,2,2024-02-14_20h27.11.143,Symbol-E,2020.1.3,Win32,Firefox,Mozilla/5.0 (Windows NT 10.0; Win64; x64; rv:122.0) Gecko/20100101 Firefox/122.0,60,,,,,,,,,,,,,,,,,,,,,,,,,,,,,,,,,,,,,,media/dcnb.png,4,0,Symb,h,RT,0,0,0,1,8,0,69,0,1,10,99,h,1.084,4,1,h,1,1.084,69,0,69,0,1,,,,,,,,,,,,,
,,,,,,,,,,,,,,,,,316,2,2024-02-14_20h27.11.143,Symbol-E,2020.1.3,Win32,Firefox,Mozilla/5.0 (Windows NT 10.0; Win64; x64; rv:122.0) Gecko/20100101 Firefox/122.0,60,,,,,,,,,,,,,,,,,,,,,,,,,,,,,,,,,,,,,,media/dinb.png,2,2,Symb,e,RT,0,0,0,1,8,0,70,0,1,10,99,e,0.768,2,1,e,1,0.768,70,0,70,0,1,,,,,,,,,,,,,
,,,,,,,,,,,,,,,,,316,2,2024-02-14_20h27.11.143,Symbol-E,2020.1.3,Win32,Firefox,Mozilla/5.0 (Windows NT 10.0; Win64; x64; rv:122.0) Gecko/20100101 Firefox/122.0,60,,,,,,,,,,,,,,,,,,,,,,,,,,,,,,,,,,,,,,media/dgnb.png,1,1,Symb,w,RT,0,0,0,1,8,0,71,0,1,10,99,w,0.834,1,1,w,1,0.834,71,0,71,0,1,,,,,,,,,,,,,
,,,,,,,,,,,,,,,,,316,2,2024-02-14_20h27.11.143,Symbol-E,2020.1.3,Win32,Firefox,Mozilla/5.0 (Windows NT 10.0; Win64; x64; rv:122.0) Gecko/20100101 Firefox/122.0,60,,,,,,,,,,,,,,,,,,,,,,,,,,,,,,,,,,,,,,media/dfnb.png,5,1,Symb,u,RT,0,0,0,1,8,0,72,0,1,10,99,u,0.621,5,1,u,1,0.621,72,0,72,0,1,,,,,,,,,,,,,
,,,,,,,,,,,,,,,,,316,2,2024-02-14_20h27.11.143,Symbol-E,2020.1.3,Win32,Firefox,Mozilla/5.0 (Windows NT 10.0; Win64; x64; rv:122.0) Gecko/20100101 Firefox/122.0,60,,,,,,,,,,,,,,,,,,,,,,,,,,,,,,,,,,,,,,media/dinb.png,2,2,Symb,e,RT,0,0,0,1,8,0,73,0,1,10,99,e,1.285,2,1,e,1,1.285,73,0,73,0,1,,,,,,,,,,,,,
,,,,,,,,,,,,,,,,,316,2,2024-02-14_20h27.11.143,Symbol-E,2020.1.3,Win32,Firefox,Mozilla/5.0 (Windows NT 10.0; Win64; x64; rv:122.0) Gecko/20100101 Firefox/122.0,60,,,,,,,,,,,,,,,,,,,,,,,,,,,,,,,,,,,,,,media/dnnb.png,3,3,Symb,f,RT,0,0,0,1,8,0,74,0,1,10,99,f,0.871,3,1,f,1,0.871,74,0,74,0,1,,,,,,,,,,,,,
,,,,,,,,,,,,,,,,,316,2,2024-02-14_20h27.11.143,Symbol-E,2020.1.3,Win32,Firefox,Mozilla/5.0 (Windows NT 10.0; Win64; x64; rv:122.0) Gecko/20100101 Firefox/122.0,60,,,,,,,,,,,,,,,,,,,,,,,,,,,,,,,,,,,,,,media/dnnb.png,3,3,Symb,f,RT,0,0,0,1,8,0,75,0,1,10,99,f,0.516,3,1,f,1,0.516,75,0,75,0,1,,,,,,,,,,,,,
,,,,,,,,,,,,,,,,,316,2,2024-02-14_20h27.11.143,Symbol-E,2020.1.3,Win32,Firefox,Mozilla/5.0 (Windows NT 10.0; Win64; x64; rv:122.0) Gecko/20100101 Firefox/122.0,60,,,,,,,,,,,,,,,,,,,,,,,,,,,,,,,,,,,,,,media/dcnb.png,4,0,Symb,h,RT,0,0,0,1,8,0,76,0,1,10,99,h,0.684,4,1,h,1,0.684,76,0,76,0,1,,,,,,,,,,,,,
,,,,,,,,,,,,,,,,,316,2,2024-02-14_20h27.11.143,Symbol-E,2020.1.3,Win32,Firefox,Mozilla/5.0 (Windows NT 10.0; Win64; x64; rv:122.0) Gecko/20100101 Firefox/122.0,60,,,,,,,,,,,,,,,,,,,,,,,,,,,,,,,,,,,,,,media/ddnb.png,6,2,Symb,i,RT,0,0,0,1,8,0,77,0,1,10,99,i,0.682,6,1,i,1,0.682,77,0,77,0,1,,,,,,,,,,,,,
,,,,,,,,,,,,,,,,,316,2,2024-02-14_20h27.11.143,Symbol-E,2020.1.3,Win32,Firefox,Mozilla/5.0 (Windows NT 10.0; Win64; x64; rv:122.0) Gecko/20100101 Firefox/122.0,60,,,,,,,,,,,,,,,,,,,,,,,,,,,,,,,,,,,,,,media/dmnb.png,0,0,Symb,a,RT,0,0,0,1,8,0,78,0,1,10,99,a,0.667,0,1,a,1,0.667,78,0,78,0,1,,,,,,,,,,,,,
,,,,,,,,,,,,,,,,,316,2,2024-02-14_20h27.11.143,Symbol-E,2020.1.3,Win32,Firefox,Mozilla/5.0 (Windows NT 10.0; Win64; x64; rv:122.0) Gecko/20100101 Firefox/122.0,60,,,,,,,,,,,,,,,,,,,,,,,,,,,,,,,,,,,,,,media/ddnb.png,6,2,Symb,i,RT,0,0,0,1,8,0,79,0,1,10,99,i,1.067,6,1,i,1,1.067,79,0,79,0,1,,,,,,,,,,,,,
,,,,,,,,,,,,,,,,,316,2,2024-02-14_20h27.11.143,Symbol-E,2020.1.3,Win32,Firefox,Mozilla/5.0 (Windows NT 10.0; Win64; x64; rv:122.0) Gecko/20100101 Firefox/122.0,60,,,,,,,,,,,,,,,,,,,,,,,,,,,,,,,,,,,,,,media/dnnb.png,3,3,Symb,f,RT,0,0,0,1,8,0,80,0,1,10,99,f,1.082,3,1,f,1,1.082,80,0,80,0,1,,,,,,,,,,,,,
,,,,,,,,,,,,,,,,,316,2,2024-02-14_20h27.11.143,Symbol-E,2020.1.3,Win32,Firefox,Mozilla/5.0 (Windows NT 10.0; Win64; x64; rv:122.0) Gecko/20100101 Firefox/122.0,60,,,,,,,,,,,,,,,,,,,,,,,,,,,,,,,,,,,,,,media/dnnb.png,3,3,Symb,f,RT,0,0,0,1,8,0,81,0,1,10,99,f,0.482,3,1,f,1,0.482,81,0,81,0,1,,,,,,,,,,,,,
,,,,,,,,,,,,,,,,,316,2,2024-02-14_20h27.11.143,Symbol-E,2020.1.3,Win32,Firefox,Mozilla/5.0 (Windows NT 10.0; Win64; x64; rv:122.0) Gecko/20100101 Firefox/122.0,60,,,,,,,,,,,,,,,,,,,,,,,,,,,,,,,,,,,,,,media/djnb.png,7,3,Symb,l,RT,0,0,0,1,8,0,82,0,1,10,99,l,0.901,7,1,l,1,0.901,82,0,82,0,1,,,,,,,,,,,,,
,,,,,,,,,,,,,,,,,316,2,2024-02-14_20h27.11.143,Symbol-E,2020.1.3,Win32,Firefox,Mozilla/5.0 (Windows NT 10.0; Win64; x64; rv:122.0) Gecko/20100101 Firefox/122.0,60,,,,,,,,,,,,,,,,,,,,,,,,,,,,,,,,,,,,,,media/dinb.png,2,2,Symb,e,RT,0,0,0,1,8,0,83,0,1,10,99,e,0.921,2,1,e,1,0.921,83,0,83,0,1,,,,,,,,,,,,,
,,,,,,,,,,,,,,,,,316,2,2024-02-14_20h27.11.143,Symbol-E,2020.1.3,Win32,Firefox,Mozilla/5.0 (Windows NT 10.0; Win64; x64; rv:122.0) Gecko/20100101 Firefox/122.0,60,,,,,,,,,,,,,,,,,,,,,,,,,,,,,,,,,,,,,,media/dmnb.png,0,0,Symb,a,RT,0,0,0,1,8,0,84,0,1,10,99,a,0.654,0,1,a,1,0.654,84,0,84,0,1,,,,,,,,,,,,,
,,,,,,,,,,,,,,,,,316,2,2024-02-14_20h27.11.143,Symbol-E,2020.1.3,Win32,Firefox,Mozilla/5.0 (Windows NT 10.0; Win64; x64; rv:122.0) Gecko/20100101 Firefox/122.0,60,,,,,,,,,,,,,,,,,,,,,,,,,,,,,,,,,,,,,,media/dfnb.png,5,1,Symb,u,RT,0,0,0,1,8,0,85,0,1,10,99,u,0.655,5,1,u,1,0.655,85,0,85,0,1,,,,,,,,,,,,,
,,,,,,,,,,,,,,,,,316,2,2024-02-14_20h27.11.143,Symbol-E,2020.1.3,Win32,Firefox,Mozilla/5.0 (Windows NT 10.0; Win64; x64; rv:122.0) Gecko/20100101 Firefox/122.0,60,,,,,,,,,,,,,,,,,,,,,,,,,,,,,,,,,,,,,,media/dgnb.png,1,1,Symb,w,RT,0,0,0,1,8,0,86,0,1,10,99,w,1.488,1,1,w,1,1.488,86,0,86,0,1,,,,,,,,,,,,,
,,,,,,,,,,,,,,,,,316,2,2024-02-14_20h27.11.143,Symbol-E,2020.1.3,Win32,Firefox,Mozilla/5.0 (Windows NT 10.0; Win64; x64; rv:122.0) Gecko/20100101 Firefox/122.0,60,,,,,,,,,,,,,,,,,,,,,,,,,,,,,,,,,,,,,,media/djnb.png,7,3,Symb,l,RT,0,0,0,1,8,0,87,0,1,10,99,l,0.815,7,1,l,1,0.815,87,0,87,0,1,,,,,,,,,,,,,
,,,,,,,,,,,,,,,,,316,2,2024-02-14_20h27.11.143,Symbol-E,2020.1.3,Win32,Firefox,Mozilla/5.0 (Windows NT 10.0; Win64; x64; rv:122.0) Gecko/20100101 Firefox/122.0,60,,,,,,,,,,,,,,,,,,,,,,,,,,,,,,,,,,,,,,media/ddnb.png,6,2,Symb,i,RT,0,0,0,1,8,0,88,0,1,10,99,i,0.783,6,1,i,1,0.783,88,0,88,0,1,,,,,,,,,,,,,
,,,,,,,,,,,,,,,,,316,2,2024-02-14_20h27.11.143,Symbol-E,2020.1.3,Win32,Firefox,Mozilla/5.0 (Windows NT 10.0; Win64; x64; rv:122.0) Gecko/20100101 Firefox/122.0,60,,,,,,,,,,,,,,,,,,,,,,,,,,,,,,,,,,,,,,media/dfnb.png,5,1,Symb,u,RT,0,0,0,1,8,0,89,0,1,10,99,u,0.684,5,1,u,1,0.684,89,0,89,0,1,,,,,,,,,,,,,
,,,,,,,,,,,,,,,,,316,2,2024-02-14_20h27.11.143,Symbol-E,2020.1.3,Win32,Firefox,Mozilla/5.0 (Windows NT 10.0; Win64; x64; rv:122.0) Gecko/20100101 Firefox/122.0,60,,,,,,,,,,,,,,,,,,,,,,,,,,,,,,,,,,,,,,media/dcnb.png,4,0,Symb,h,RT,0,0,0,1,8,0,90,0,1,10,99,h,0.833,4,1,h,1,0.833,90,0,90,0,1,,,,,,,,,,,,,
,,,,,,,,,,,,,,,,,316,2,2024-02-14_20h27.11.143,Symbol-E,2020.1.3,Win32,Firefox,Mozilla/5.0 (Windows NT 10.0; Win64; x64; rv:122.0) Gecko/20100101 Firefox/122.0,60,,,,,,,,,,,,,,,,,,,,,,,,,,,,,,,,,,,,,,media/dcnb.png,4,0,Symb,h,RT,0,0,0,1,8,0,91,0,1,10,99,h,0.449,4,1,h,1,0.449,91,0,91,0,1,,,,,,,,,,,,,
,,,,,,,,,,,,,,,,,316,2,2024-02-14_20h27.11.143,Symbol-E,2020.1.3,Win32,Firefox,Mozilla/5.0 (Windows NT 10.0; Win64; x64; rv:122.0) Gecko/20100101 Firefox/122.0,60,,,,,,,,,,,,,,,,,,,,,,,,,,,,,,,,,,,,,,media/ddnb.png,6,2,Symb,i,RT,0,0,0,1,8,0,92,0,1,10,99,i,0.751,6,1,i,1,0.751,92,0,92,0,1,,,,,,,,,,,,,
,,,,,,,,,,,,,,,,,316,2,2024-02-14_20h27.11.143,Symbol-E,2020.1.3,Win32,Firefox,Mozilla/5.0 (Windows NT 10.0; Win64; x64; rv:122.0) Gecko/20100101 Firefox/122.0,60,,,,,,,,,,,,,,,,,,,,,,,,,,,,,,,,,,,,,,media/dgnb.png,1,1,Symb,w,RT,0,0,0,1,8,0,93,0,1,10,99,w,0.785,1,1,w,1,0.785,93,0,93,0,1,,,,,,,,,,,,,
,,,,,,,,,,,,,,,,,316,2,2024-02-14_20h27.11.143,Symbol-E,2020.1.3,Win32,Firefox,Mozilla/5.0 (Windows NT 10.0; Win64; x64; rv:122.0) Gecko/20100101 Firefox/122.0,60,,,,,,,,,,,,,,,,,,,,,,,,,,,,,,,,,,,,,,media/dmnb.png,0,0,Symb,a,RT,0,0,0,1,8,0,94,0,1,10,99,a,0.719,0,1,a,1,0.719,94,0,94,0,1,,,,,,,,,,,,,
,,,,,,,,,,,,,,,,,316,2,2024-02-14_20h27.11.143,Symbol-E,2020.1.3,Win32,Firefox,Mozilla/5.0 (Windows NT 10.0; Win64; x64; rv:122.0) Gecko/20100101 Firefox/122.0,60,,,,,,,,,,,,,,,,,,,,,,,,,,,,,,,,,,,,,,media/dinb.png,2,2,Symb,e,RT,0,0,0,1,8,0,95,0,1,10,99,e,0.733,2,1,e,1,0.733,95,0,95,0,1,,,,,,,,,,,,,
,,,,,,,,,,,,,,,,,316,2,2024-02-14_20h27.11.143,Symbol-E,2020.1.3,Win32,Firefox,Mozilla/5.0 (Windows NT 10.0; Win64; x64; rv:122.0) Gecko/20100101 Firefox/122.0,60,,,,,,,,,,,,,,,,,,,,,,,,,,,,,,,,,,,,,,,,,,,,,,,,,,,,,,,,,,,,,,,,,,,9,0,9,0,1,,,,,,,,
,,,,,,,,,,,,,,,,,316,2,2024-02-14_20h27.11.143,Symbol-E,2020.1.3,Win32,Firefox,Mozilla/5.0 (Windows NT 10.0; Win64; x64; rv:122.0) Gecko/20100101 Firefox/122.0,60,,,,,,,,,,,,,,,,,,,,,,,,,,,,,,,,,,,,h,9.016,media/ddnb.png,6,2,Symb,i,RT,0,0,0,1,8,0,0,0,1,11,99,i,0.751,6,1,i,1,0.751,0,0,0,0,1,,,,,,,,,,,,,
,,,,,,,,,,,,,,,,,316,2,2024-02-14_20h27.11.143,Symbol-E,2020.1.3,Win32,Firefox,Mozilla/5.0 (Windows NT 10.0; Win64; x64; rv:122.0) Gecko/20100101 Firefox/122.0,60,,,,,,,,,,,,,,,,,,,,,,,,,,,,,,,,,,,,,,media/dinb.png,2,2,Symb,e,RT,0,0,0,1,8,0,1,0,1,11,99,e,0.934,2,1,e,1,0.934,1,0,1,0,1,,,,,,,,,,,,,
,,,,,,,,,,,,,,,,,316,2,2024-02-14_20h27.11.143,Symbol-E,2020.1.3,Win32,Firefox,Mozilla/5.0 (Windows NT 10.0; Win64; x64; rv:122.0) Gecko/20100101 Firefox/122.0,60,,,,,,,,,,,,,,,,,,,,,,,,,,,,,,,,,,,,,,media/dcnb.png,4,0,Symb,h,RT,0,0,0,1,8,0,2,0,1,11,99,h,0.786,4,1,h,1,0.786,2,0,2,0,1,,,,,,,,,,,,,
,,,,,,,,,,,,,,,,,316,2,2024-02-14_20h27.11.143,Symbol-E,2020.1.3,Win32,Firefox,Mozilla/5.0 (Windows NT 10.0; Win64; x64; rv:122.0) Gecko/20100101 Firefox/122.0,60,,,,,,,,,,,,,,,,,,,,,,,,,,,,,,,,,,,,,,media/dnnb.png,3,3,Symb,f,RT,0,0,0,1,8,0,3,0,1,11,99,f,0.64,3,1,f,1,0.64,3,0,3,0,1,,,,,,,,,,,,,
,,,,,,,,,,,,,,,,,316,2,2024-02-14_20h27.11.143,Symbol-E,2020.1.3,Win32,Firefox,Mozilla/5.0 (Windows NT 10.0; Win64; x64; rv:122.0) Gecko/20100101 Firefox/122.0,60,,,,,,,,,,,,,,,,,,,,,,,,,,,,,,,,,,,,,,media/dfnb.png,5,1,Symb,u,RT,0,0,0,1,8,0,4,0,1,11,99,u,0.669,5,1,u,1,0.669,4,0,4,0,1,,,,,,,,,,,,,
,,,,,,,,,,,,,,,,,316,2,2024-02-14_20h27.11.143,Symbol-E,2020.1.3,Win32,Firefox,Mozilla/5.0 (Windows NT 10.0; Win64; x64; rv:122.0) Gecko/20100101 Firefox/122.0,60,,,,,,,,,,,,,,,,,,,,,,,,,,,,,,,,,,,,,,media/dcnb.png,4,0,Symb,h,RT,0,0,0,1,8,0,5,0,1,11,99,h,0.736,4,1,h,1,0.736,5,0,5,0,1,,,,,,,,,,,,,
,,,,,,,,,,,,,,,,,316,2,2024-02-14_20h27.11.143,Symbol-E,2020.1.3,Win32,Firefox,Mozilla/5.0 (Windows NT 10.0; Win64; x64; rv:122.0) Gecko/20100101 Firefox/122.0,60,,,,,,,,,,,,,,,,,,,,,,,,,,,,,,,,,,,,,,media/ddnb.png,6,2,Symb,i,RT,0,0,0,1,8,0,6,0,1,11,99,i,0.704,6,1,i,1,0.704,6,0,6,0,1,,,,,,,,,,,,,
,,,,,,,,,,,,,,,,,316,2,2024-02-14_20h27.11.143,Symbol-E,2020.1.3,Win32,Firefox,Mozilla/5.0 (Windows NT 10.0; Win64; x64; rv:122.0) Gecko/20100101 Firefox/122.0,60,,,,,,,,,,,,,,,,,,,,,,,,,,,,,,,,,,,,,,media/dmnb.png,0,0,Symb,a,RT,0,0,0,1,8,0,7,0,1,11,99,a,0.671,0,1,a,1,0.671,7,0,7,0,1,,,,,,,,,,,,,
,,,,,,,,,,,,,,,,,316,2,2024-02-14_20h27.11.143,Symbol-E,2020.1.3,Win32,Firefox,Mozilla/5.0 (Windows NT 10.0; Win64; x64; rv:122.0) Gecko/20100101 Firefox/122.0,60,,,,,,,,,,,,,,,,,,,,,,,,,,,,,,,,,,,,,,media/dinb.png,2,2,Symb,e,RT,0,0,0,1,8,0,8,0,1,11,99,e,0.801,2,1,e,1,0.801,8,0,8,0,1,,,,,,,,,,,,,
,,,,,,,,,,,,,,,,,316,2,2024-02-14_20h27.11.143,Symbol-E,2020.1.3,Win32,Firefox,Mozilla/5.0 (Windows NT 10.0; Win64; x64; rv:122.0) Gecko/20100101 Firefox/122.0,60,,,,,,,,,,,,,,,,,,,,,,,,,,,,,,,,,,,,,,media/dmnb.png,0,0,Symb,a,RT,0,0,0,1,8,0,9,0,1,11,99,a,0.651,0,1,a,1,0.651,9,0,9,0,1,,,,,,,,,,,,,
,,,,,,,,,,,,,,,,,316,2,2024-02-14_20h27.11.143,Symbol-E,2020.1.3,Win32,Firefox,Mozilla/5.0 (Windows NT 10.0; Win64; x64; rv:122.0) Gecko/20100101 Firefox/122.0,60,,,,,,,,,,,,,,,,,,,,,,,,,,,,,,,,,,,,,,media/dnnb.png,3,3,Symb,f,RT,0,0,0,1,8,0,10,0,1,11,99,f,0.636,3,1,f,1,0.636,10,0,10,0,1,,,,,,,,,,,,,
,,,,,,,,,,,,,,,,,316,2,2024-02-14_20h27.11.143,Symbol-E,2020.1.3,Win32,Firefox,Mozilla/5.0 (Windows NT 10.0; Win64; x64; rv:122.0) Gecko/20100101 Firefox/122.0,60,,,,,,,,,,,,,,,,,,,,,,,,,,,,,,,,,,,,,,media/djnb.png,7,3,Symb,l,RT,0,0,0,1,8,0,11,0,1,11,99,l,0.783,7,1,l,1,0.783,11,0,11,0,1,,,,,,,,,,,,,
,,,,,,,,,,,,,,,,,316,2,2024-02-14_20h27.11.143,Symbol-E,2020.1.3,Win32,Firefox,Mozilla/5.0 (Windows NT 10.0; Win64; x64; rv:122.0) Gecko/20100101 Firefox/122.0,60,,,,,,,,,,,,,,,,,,,,,,,,,,,,,,,,,,,,,,media/djnb.png,7,3,Symb,l,RT,0,0,0,1,8,0,12,0,1,11,99,l,0.504,7,1,l,1,0.504,12,0,12,0,1,,,,,,,,,,,,,
,,,,,,,,,,,,,,,,,316,2,2024-02-14_20h27.11.143,Symbol-E,2020.1.3,Win32,Firefox,Mozilla/5.0 (Windows NT 10.0; Win64; x64; rv:122.0) Gecko/20100101 Firefox/122.0,60,,,,,,,,,,,,,,,,,,,,,,,,,,,,,,,,,,,,,,media/dgnb.png,1,1,Symb,w,RT,0,0,0,1,8,0,13,0,1,11,99,w,1.052,1,1,w,1,1.052,13,0,13,0,1,,,,,,,,,,,,,
,,,,,,,,,,,,,,,,,316,2,2024-02-14_20h27.11.143,Symbol-E,2020.1.3,Win32,Firefox,Mozilla/5.0 (Windows NT 10.0; Win64; x64; rv:122.0) Gecko/20100101 Firefox/122.0,60,,,,,,,,,,,,,,,,,,,,,,,,,,,,,,,,,,,,,,media/dgnb.png,1,1,Symb,w,RT,0,0,0,1,8,0,14,0,1,11,99,w,0.585,1,1,w,1,0.585,14,0,14,0,1,,,,,,,,,,,,,
,,,,,,,,,,,,,,,,,316,2,2024-02-14_20h27.11.143,Symbol-E,2020.1.3,Win32,Firefox,Mozilla/5.0 (Windows NT 10.0; Win64; x64; rv:122.0) Gecko/20100101 Firefox/122.0,60,,,,,,,,,,,,,,,,,,,,,,,,,,,,,,,,,,,,,,media/dfnb.png,5,1,Symb,u,RT,0,0,0,1,8,0,15,0,1,11,99,u,0.667,5,1,u,1,0.667,15,0,15,0,1,,,,,,,,,,,,,
,,,,,,,,,,,,,,,,,316,2,2024-02-14_20h27.11.143,Symbol-E,2020.1.3,Win32,Firefox,Mozilla/5.0 (Windows NT 10.0; Win64; x64; rv:122.0) Gecko/20100101 Firefox/122.0,60,,,,,,,,,,,,,,,,,,,,,,,,,,,,,,,,,,,,,,media/dmnb.png,0,0,Symb,a,RT,0,0,0,1,8,0,16,0,1,11,99,a,0.733,0,1,a,1,0.733,16,0,16,0,1,,,,,,,,,,,,,
,,,,,,,,,,,,,,,,,316,2,2024-02-14_20h27.11.143,Symbol-E,2020.1.3,Win32,Firefox,Mozilla/5.0 (Windows NT 10.0; Win64; x64; rv:122.0) Gecko/20100101 Firefox/122.0,60,,,,,,,,,,,,,,,,,,,,,,,,,,,,,,,,,,,,,,media/ddnb.png,6,2,Symb,i,RT,0,0,0,1,8,0,17,0,1,11,99,i,0.717,6,1,i,1,0.717,17,0,17,0,1,,,,,,,,,,,,,
,,,,,,,,,,,,,,,,,316,2,2024-02-14_20h27.11.143,Symbol-E,2020.1.3,Win32,Firefox,Mozilla/5.0 (Windows NT 10.0; Win64; x64; rv:122.0) Gecko/20100101 Firefox/122.0,60,,,,,,,,,,,,,,,,,,,,,,,,,,,,,,,,,,,,,,media/dgnb.png,1,1,Symb,w,RT,0,0,0,1,8,0,18,0,1,11,99,w,0.917,1,1,w,1,0.917,18,0,18,0,1,,,,,,,,,,,,,
,,,,,,,,,,,,,,,,,316,2,2024-02-14_20h27.11.143,Symbol-E,2020.1.3,Win32,Firefox,Mozilla/5.0 (Windows NT 10.0; Win64; x64; rv:122.0) Gecko/20100101 Firefox/122.0,60,,,,,,,,,,,,,,,,,,,,,,,,,,,,,,,,,,,,,,media/dnnb.png,3,3,Symb,f,RT,0,0,0,1,8,0,19,0,1,11,99,f,0.699,3,1,f,1,0.699,19,0,19,0,1,,,,,,,,,,,,,
,,,,,,,,,,,,,,,,,316,2,2024-02-14_20h27.11.143,Symbol-E,2020.1.3,Win32,Firefox,Mozilla/5.0 (Windows NT 10.0; Win64; x64; rv:122.0) Gecko/20100101 Firefox/122.0,60,,,,,,,,,,,,,,,,,,,,,,,,,,,,,,,,,,,,,,media/dnnb.png,3,3,Symb,f,RT,0,0,0,1,8,0,20,0,1,11,99,f,1.067,3,1,f,1,1.067,20,0,20,0,1,,,,,,,,,,,,,
,,,,,,,,,,,,,,,,,316,2,2024-02-14_20h27.11.143,Symbol-E,2020.1.3,Win32,Firefox,Mozilla/5.0 (Windows NT 10.0; Win64; x64; rv:122.0) Gecko/20100101 Firefox/122.0,60,,,,,,,,,,,,,,,,,,,,,,,,,,,,,,,,,,,,,,media/dcnb.png,4,0,Symb,h,RT,0,0,0,1,8,0,21,0,1,11,99,h,0.682,4,1,h,1,0.682,21,0,21,0,1,,,,,,,,,,,,,
,,,,,,,,,,,,,,,,,316,2,2024-02-14_20h27.11.143,Symbol-E,2020.1.3,Win32,Firefox,Mozilla/5.0 (Windows NT 10.0; Win64; x64; rv:122.0) Gecko/20100101 Firefox/122.0,60,,,,,,,,,,,,,,,,,,,,,,,,,,,,,,,,,,,,,,media/dgnb.png,1,1,Symb,w,RT,0,0,0,1,8,0,22,0,1,11,99,w,0.868,1,1,w,1,0.868,22,0,22,0,1,,,,,,,,,,,,,
,,,,,,,,,,,,,,,,,316,2,2024-02-14_20h27.11.143,Symbol-E,2020.1.3,Win32,Firefox,Mozilla/5.0 (Windows NT 10.0; Win64; x64; rv:122.0) Gecko/20100101 Firefox/122.0,60,,,,,,,,,,,,,,,,,,,,,,,,,,,,,,,,,,,,,,media/djnb.png,7,3,Symb,l,RT,0,0,0,1,8,0,23,0,1,11,99,l,0.667,7,1,l,1,0.667,23,0,23,0,1,,,,,,,,,,,,,
,,,,,,,,,,,,,,,,,316,2,2024-02-14_20h27.11.143,Symbol-E,2020.1.3,Win32,Firefox,Mozilla/5.0 (Windows NT 10.0; Win64; x64; rv:122.0) Gecko/20100101 Firefox/122.0,60,,,,,,,,,,,,,,,,,,,,,,,,,,,,,,,,,,,,,,media/djnb.png,7,3,Symb,l,RT,0,0,0,1,8,0,24,0,1,11,99,l,0.469,7,1,l,1,0.469,24,0,24,0,1,,,,,,,,,,,,,
,,,,,,,,,,,,,,,,,316,2,2024-02-14_20h27.11.143,Symbol-E,2020.1.3,Win32,Firefox,Mozilla/5.0 (Windows NT 10.0; Win64; x64; rv:122.0) Gecko/20100101 Firefox/122.0,60,,,,,,,,,,,,,,,,,,,,,,,,,,,,,,,,,,,,,,media/dfnb.png,5,1,Symb,u,RT,0,0,0,1,8,0,25,0,1,11,99,u,0.604,5,1,u,1,0.604,25,0,25,0,1,,,,,,,,,,,,,
,,,,,,,,,,,,,,,,,316,2,2024-02-14_20h27.11.143,Symbol-E,2020.1.3,Win32,Firefox,Mozilla/5.0 (Windows NT 10.0; Win64; x64; rv:122.0) Gecko/20100101 Firefox/122.0,60,,,,,,,,,,,,,,,,,,,,,,,,,,,,,,,,,,,,,,media/dfnb.png,5,1,Symb,u,RT,0,0,0,1,8,0,26,0,1,11,99,u,0.415,5,1,u,1,0.415,26,0,26,0,1,,,,,,,,,,,,,
,,,,,,,,,,,,,,,,,316,2,2024-02-14_20h27.11.143,Symbol-E,2020.1.3,Win32,Firefox,Mozilla/5.0 (Windows NT 10.0; Win64; x64; rv:122.0) Gecko/20100101 Firefox/122.0,60,,,,,,,,,,,,,,,,,,,,,,,,,,,,,,,,,,,,,,media/dinb.png,2,2,Symb,e,RT,0,0,0,1,8,0,27,0,1,11,99,e,0.835,2,1,e,1,0.835,27,0,27,0,1,,,,,,,,,,,,,
,,,,,,,,,,,,,,,,,316,2,2024-02-14_20h27.11.143,Symbol-E,2020.1.3,Win32,Firefox,Mozilla/5.0 (Windows NT 10.0; Win64; x64; rv:122.0) Gecko/20100101 Firefox/122.0,60,,,,,,,,,,,,,,,,,,,,,,,,,,,,,,,,,,,,,,media/dmnb.png,0,0,Symb,a,RT,0,0,0,1,8,0,28,0,1,11,99,a,0.7,0,1,a,1,0.7,28,0,28,0,1,,,,,,,,,,,,,
,,,,,,,,,,,,,,,,,316,2,2024-02-14_20h27.11.143,Symbol-E,2020.1.3,Win32,Firefox,Mozilla/5.0 (Windows NT 10.0; Win64; x64; rv:122.0) Gecko/20100101 Firefox/122.0,60,,,,,,,,,,,,,,,,,,,,,,,,,,,,,,,,,,,,,,media/ddnb.png,6,2,Symb,i,RT,0,0,0,1,8,0,29,0,1,11,99,i,1.051,6,1,i,1,1.051,29,0,29,0,1,,,,,,,,,,,,,
,,,,,,,,,,,,,,,,,316,2,2024-02-14_20h27.11.143,Symbol-E,2020.1.3,Win32,Firefox,Mozilla/5.0 (Windows NT 10.0; Win64; x64; rv:122.0) Gecko/20100101 Firefox/122.0,60,,,,,,,,,,,,,,,,,,,,,,,,,,,,,,,,,,,,,,media/dinb.png,2,2,Symb,e,RT,0,0,0,1,8,0,30,0,1,11,99,e,0.789,2,1,e,1,0.789,30,0,30,0,1,,,,,,,,,,,,,
,,,,,,,,,,,,,,,,,316,2,2024-02-14_20h27.11.143,Symbol-E,2020.1.3,Win32,Firefox,Mozilla/5.0 (Windows NT 10.0; Win64; x64; rv:122.0) Gecko/20100101 Firefox/122.0,60,,,,,,,,,,,,,,,,,,,,,,,,,,,,,,,,,,,,,,media/dcnb.png,4,0,Symb,h,RT,0,0,0,1,8,0,31,0,1,11,99,h,0.685,4,1,h,1,0.685,31,0,31,0,1,,,,,,,,,,,,,
,,,,,,,,,,,,,,,,,316,2,2024-02-14_20h27.11.143,Symbol-E,2020.1.3,Win32,Firefox,Mozilla/5.0 (Windows NT 10.0; Win64; x64; rv:122.0) Gecko/20100101 Firefox/122.0,60,,,,,,,,,,,,,,,,,,,,,,,,,,,,,,,,,,,,,,media/dfnb.png,5,1,Symb,u,RT,0,0,0,1,8,0,32,0,1,11,99,u,0.566,5,1,u,1,0.566,32,0,32,0,1,,,,,,,,,,,,,
,,,,,,,,,,,,,,,,,316,2,2024-02-14_20h27.11.143,Symbol-E,2020.1.3,Win32,Firefox,Mozilla/5.0 (Windows NT 10.0; Win64; x64; rv:122.0) Gecko/20100101 Firefox/122.0,60,,,,,,,,,,,,,,,,,,,,,,,,,,,,,,,,,,,,,,media/dmnb.png,0,0,Symb,a,RT,0,0,0,1,8,0,33,0,1,11,99,a,0.683,0,1,a,1,0.683,33,0,33,0,1,,,,,,,,,,,,,
,,,,,,,,,,,,,,,,,316,2,2024-02-14_20h27.11.143,Symbol-E,2020.1.3,Win32,Firefox,Mozilla/5.0 (Windows NT 10.0; Win64; x64; rv:122.0) Gecko/20100101 Firefox/122.0,60,,,,,,,,,,,,,,,,,,,,,,,,,,,,,,,,,,,,,,media/dnnb.png,3,3,Symb,f,RT,0,0,0,1,8,0,34,0,1,11,99,f,0.886,3,1,f,1,0.886,34,0,34,0,1,,,,,,,,,,,,,
,,,,,,,,,,,,,,,,,316,2,2024-02-14_20h27.11.143,Symbol-E,2020.1.3,Win32,Firefox,Mozilla/5.0 (Windows NT 10.0; Win64; x64; rv:122.0) Gecko/20100101 Firefox/122.0,60,,,,,,,,,,,,,,,,,,,,,,,,,,,,,,,,,,,,,,media/dnnb.png,3,3,Symb,f,RT,0,0,0,1,8,0,35,0,1,11,99,f,0.433,3,1,f,1,0.433,35,0,35,0,1,,,,,,,,,,,,,
,,,,,,,,,,,,,,,,,316,2,2024-02-14_20h27.11.143,Symbol-E,2020.1.3,Win32,Firefox,Mozilla/5.0 (Windows NT 10.0; Win64; x64; rv:122.0) Gecko/20100101 Firefox/122.0,60,,,,,,,,,,,,,,,,,,,,,,,,,,,,,,,,,,,,,,media/dmnb.png,0,0,Symb,a,RT,0,0,0,1,8,0,36,0,1,11,99,a,0.613,0,1,a,1,0.613,36,0,36,0,1,,,,,,,,,,,,,
,,,,,,,,,,,,,,,,,316,2,2024-02-14_20h27.11.143,Symbol-E,2020.1.3,Win32,Firefox,Mozilla/5.0 (Windows NT 10.0; Win64; x64; rv:122.0) Gecko/20100101 Firefox/122.0,60,,,,,,,,,,,,,,,,,,,,,,,,,,,,,,,,,,,,,,media/dgnb.png,1,1,Symb,w,RT,0,0,0,1,8,0,37,0,1,11,99,w,0.9,1,1,w,1,0.9,37,0,37,0,1,,,,,,,,,,,,,
,,,,,,,,,,,,,,,,,316,2,2024-02-14_20h27.11.143,Symbol-E,2020.1.3,Win32,Firefox,Mozilla/5.0 (Windows NT 10.0; Win64; x64; rv:122.0) Gecko/20100101 Firefox/122.0,60,,,,,,,,,,,,,,,,,,,,,,,,,,,,,,,,,,,,,,media/djnb.png,7,3,Symb,l,RT,0,0,0,1,8,0,38,0,1,11,99,l,0.619,7,1,l,1,0.619,38,0,38,0,1,,,,,,,,,,,,,
,,,,,,,,,,,,,,,,,316,2,2024-02-14_20h27.11.143,Symbol-E,2020.1.3,Win32,Firefox,Mozilla/5.0 (Windows NT 10.0; Win64; x64; rv:122.0) Gecko/20100101 Firefox/122.0,60,,,,,,,,,,,,,,,,,,,,,,,,,,,,,,,,,,,,,,media/dcnb.png,4,0,Symb,h,RT,0,0,0,1,8,0,39,0,1,11,99,h,1.285,4,1,h,1,1.285,39,0,39,0,1,,,,,,,,,,,,,
,,,,,,,,,,,,,,,,,316,2,2024-02-14_20h27.11.143,Symbol-E,2020.1.3,Win32,Firefox,Mozilla/5.0 (Windows NT 10.0; Win64; x64; rv:122.0) Gecko/20100101 Firefox/122.0,60,,,,,,,,,,,,,,,,,,,,,,,,,,,,,,,,,,,,,,media/dfnb.png,5,1,Symb,u,RT,0,0,0,1,8,0,40,0,1,11,99,u,1.851,5,1,u,1,1.851,40,0,40,0,1,,,,,,,,,,,,,
,,,,,,,,,,,,,,,,,316,2,2024-02-14_20h27.11.143,Symbol-E,2020.1.3,Win32,Firefox,Mozilla/5.0 (Windows NT 10.0; Win64; x64; rv:122.0) Gecko/20100101 Firefox/122.0,60,,,,,,,,,,,,,,,,,,,,,,,,,,,,,,,,,,,,,,media/ddnb.png,6,2,Symb,i,RT,0,0,0,1,8,0,41,0,1,11,99,i,0.703,6,1,i,1,0.703,41,0,41,0,1,,,,,,,,,,,,,
,,,,,,,,,,,,,,,,,316,2,2024-02-14_20h27.11.143,Symbol-E,2020.1.3,Win32,Firefox,Mozilla/5.0 (Windows NT 10.0; Win64; x64; rv:122.0) Gecko/20100101 Firefox/122.0,60,,,,,,,,,,,,,,,,,,,,,,,,,,,,,,,,,,,,,,media/dinb.png,2,2,Symb,e,RT,0,0,0,1,8,0,42,0,1,11,99,e,0.884,2,1,e,1,0.884,42,0,42,0,1,,,,,,,,,,,,,
,,,,,,,,,,,,,,,,,316,2,2024-02-14_20h27.11.143,Symbol-E,2020.1.3,Win32,Firefox,Mozilla/5.0 (Windows NT 10.0; Win64; x64; rv:122.0) Gecko/20100101 Firefox/122.0,60,,,,,,,,,,,,,,,,,,,,,,,,,,,,,,,,,,,,,,media/dinb.png,2,2,Symb,e,RT,0,0,0,1,8,0,43,0,1,11,99,e,0.421,2,1,e,1,0.421,43,0,43,0,1,,,,,,,,,,,,,
,,,,,,,,,,,,,,,,,316,2,2024-02-14_20h27.11.143,Symbol-E,2020.1.3,Win32,Firefox,Mozilla/5.0 (Windows NT 10.0; Win64; x64; rv:122.0) Gecko/20100101 Firefox/122.0,60,,,,,,,,,,,,,,,,,,,,,,,,,,,,,,,,,,,,,,media/djnb.png,7,3,Symb,l,RT,0,0,0,1,8,0,44,0,1,11,99,l,0.72,7,1,l,1,0.72,44,0,44,0,1,,,,,,,,,,,,,
,,,,,,,,,,,,,,,,,316,2,2024-02-14_20h27.11.143,Symbol-E,2020.1.3,Win32,Firefox,Mozilla/5.0 (Windows NT 10.0; Win64; x64; rv:122.0) Gecko/20100101 Firefox/122.0,60,,,,,,,,,,,,,,,,,,,,,,,,,,,,,,,,,,,,,,media/ddnb.png,6,2,Symb,i,RT,0,0,0,1,8,0,45,0,1,11,99,i,0.671,6,1,i,1,0.671,45,0,45,0,1,,,,,,,,,,,,,
,,,,,,,,,,,,,,,,,316,2,2024-02-14_20h27.11.143,Symbol-E,2020.1.3,Win32,Firefox,Mozilla/5.0 (Windows NT 10.0; Win64; x64; rv:122.0) Gecko/20100101 Firefox/122.0,60,,,,,,,,,,,,,,,,,,,,,,,,,,,,,,,,,,,,,,media/dgnb.png,1,1,Symb,w,RT,0,0,0,1,8,0,46,0,1,11,99,w,0.686,1,1,w,1,0.686,46,0,46,0,1,,,,,,,,,,,,,
,,,,,,,,,,,,,,,,,316,2,2024-02-14_20h27.11.143,Symbol-E,2020.1.3,Win32,Firefox,Mozilla/5.0 (Windows NT 10.0; Win64; x64; rv:122.0) Gecko/20100101 Firefox/122.0,60,,,,,,,,,,,,,,,,,,,,,,,,,,,,,,,,,,,,,,media/dcnb.png,4,0,Symb,h,RT,0,0,0,1,8,0,47,0,1,11,99,h,1.385,4,1,h,1,1.385,47,0,47,0,1,,,,,,,,,,,,,
,,,,,,,,,,,,,,,,,316,2,2024-02-14_20h27.11.143,Symbol-E,2020.1.3,Win32,Firefox,Mozilla/5.0 (Windows NT 10.0; Win64; x64; rv:122.0) Gecko/20100101 Firefox/122.0,60,,,,,,,,,,,,,,,,,,,,,,,,,,,,,,,,,,,,,,media/dinb.png,2,2,Symb,e,RT,0,0,0,1,8,0,48,0,1,11,99,e,0.772,2,1,e,1,0.772,48,0,48,0,1,,,,,,,,,,,,,
,,,,,,,,,,,,,,,,,316,2,2024-02-14_20h27.11.143,Symbol-E,2020.1.3,Win32,Firefox,Mozilla/5.0 (Windows NT 10.0; Win64; x64; rv:122.0) Gecko/20100101 Firefox/122.0,60,,,,,,,,,,,,,,,,,,,,,,,,,,,,,,,,,,,,,,media/ddnb.png,6,2,Symb,i,RT,0,0,0,1,8,0,49,0,1,11,99,i,1.35,6,1,i,1,1.35,49,0,49,0,1,,,,,,,,,,,,,
,,,,,,,,,,,,,,,,,316,2,2024-02-14_20h27.11.143,Symbol-E,2020.1.3,Win32,Firefox,Mozilla/5.0 (Windows NT 10.0; Win64; x64; rv:122.0) Gecko/20100101 Firefox/122.0,60,,,,,,,,,,,,,,,,,,,,,,,,,,,,,,,,,,,,,,media/dcnb.png,4,0,Symb,h,RT,0,0,0,1,8,0,50,0,1,11,99,h,1.984,4,1,h,1,1.984,50,0,50,0,1,,,,,,,,,,,,,
,,,,,,,,,,,,,,,,,316,2,2024-02-14_20h27.11.143,Symbol-E,2020.1.3,Win32,Firefox,Mozilla/5.0 (Windows NT 10.0; Win64; x64; rv:122.0) Gecko/20100101 Firefox/122.0,60,,,,,,,,,,,,,,,,,,,,,,,,,,,,,,,,,,,,,,media/dnnb.png,3,3,Symb,f,RT,0,0,0,1,8,0,51,0,1,11,99,f,0.699,3,1,f,1,0.699,51,0,51,0,1,,,,,,,,,,,,,
,,,,,,,,,,,,,,,,,316,2,2024-02-14_20h27.11.143,Symbol-E,2020.1.3,Win32,Firefox,Mozilla/5.0 (Windows NT 10.0; Win64; x64; rv:122.0) Gecko/20100101 Firefox/122.0,60,,,,,,,,,,,,,,,,,,,,,,,,,,,,,,,,,,,,,,media/dmnb.png,0,0,Symb,a,RT,0,0,0,1,8,0,52,0,1,11,99,a,0.67,0,1,a,1,0.67,52,0,52,0,1,,,,,,,,,,,,,
,,,,,,,,,,,,,,,,,316,2,2024-02-14_20h27.11.143,Symbol-E,2020.1.3,Win32,Firefox,Mozilla/5.0 (Windows NT 10.0; Win64; x64; rv:122.0) Gecko/20100101 Firefox/122.0,60,,,,,,,,,,,,,,,,,,,,,,,,,,,,,,,,,,,,,,media/dnnb.png,3,3,Symb,f,RT,0,0,0,1,8,0,53,0,1,11,99,f,1.601,3,1,f,1,1.601,53,0,53,0,1,,,,,,,,,,,,,
,,,,,,,,,,,,,,,,,316,2,2024-02-14_20h27.11.143,Symbol-E,2020.1.3,Win32,Firefox,Mozilla/5.0 (Windows NT 10.0; Win64; x64; rv:122.0) Gecko/20100101 Firefox/122.0,60,,,,,,,,,,,,,,,,,,,,,,,,,,,,,,,,,,,,,,media/ddnb.png,6,2,Symb,i,RT,0,0,0,1,8,0,54,0,1,11,99,i,0.604,6,1,i,1,0.604,54,0,54,0,1,,,,,,,,,,,,,
,,,,,,,,,,,,,,,,,316,2,2024-02-14_20h27.11.143,Symbol-E,2020.1.3,Win32,Firefox,Mozilla/5.0 (Windows NT 10.0; Win64; x64; rv:122.0) Gecko/20100101 Firefox/122.0,60,,,,,,,,,,,,,,,,,,,,,,,,,,,,,,,,,,,,,,media/dfnb.png,5,1,Symb,u,RT,0,0,0,1,8,0,55,0,1,11,99,u,0.6,5,1,u,1,0.6,55,0,55,0,1,,,,,,,,,,,,,
,,,,,,,,,,,,,,,,,316,2,2024-02-14_20h27.11.143,Symbol-E,2020.1.3,Win32,Firefox,Mozilla/5.0 (Windows NT 10.0; Win64; x64; rv:122.0) Gecko/20100101 Firefox/122.0,60,,,,,,,,,,,,,,,,,,,,,,,,,,,,,,,,,,,,,,media/dmnb.png,0,0,Symb,a,RT,0,0,0,1,8,0,56,0,1,11,99,a,0.633,0,1,a,1,0.633,56,0,56,0,1,,,,,,,,,,,,,
,,,,,,,,,,,,,,,,,316,2,2024-02-14_20h27.11.143,Symbol-E,2020.1.3,Win32,Firefox,Mozilla/5.0 (Windows NT 10.0; Win64; x64; rv:122.0) Gecko/20100101 Firefox/122.0,60,,,,,,,,,,,,,,,,,,,,,,,,,,,,,,,,,,,,,,media/dgnb.png,1,1,Symb,w,RT,0,0,0,1,8,0,57,0,1,11,99,w,1.35,1,1,w,1,1.35,57,0,57,0,1,,,,,,,,,,,,,
,,,,,,,,,,,,,,,,,316,2,2024-02-14_20h27.11.143,Symbol-E,2020.1.3,Win32,Firefox,Mozilla/5.0 (Windows NT 10.0; Win64; x64; rv:122.0) Gecko/20100101 Firefox/122.0,60,,,,,,,,,,,,,,,,,,,,,,,,,,,,,,,,,,,,,,media/djnb.png,7,3,Symb,l,RT,0,0,0,1,8,0,58,0,1,11,99,l,0.668,7,1,l,1,0.668,58,0,58,0,1,,,,,,,,,,,,,
,,,,,,,,,,,,,,,,,316,2,2024-02-14_20h27.11.143,Symbol-E,2020.1.3,Win32,Firefox,Mozilla/5.0 (Windows NT 10.0; Win64; x64; rv:122.0) Gecko/20100101 Firefox/122.0,60,,,,,,,,,,,,,,,,,,,,,,,,,,,,,,,,,,,,,,media/dgnb.png,1,1,Symb,w,RT,0,0,0,1,8,0,59,0,1,11,99,w,0.75,1,1,w,1,0.75,59,0,59,0,1,,,,,,,,,,,,,
,,,,,,,,,,,,,,,,,316,2,2024-02-14_20h27.11.143,Symbol-E,2020.1.3,Win32,Firefox,Mozilla/5.0 (Windows NT 10.0; Win64; x64; rv:122.0) Gecko/20100101 Firefox/122.0,60,,,,,,,,,,,,,,,,,,,,,,,,,,,,,,,,,,,,,,media/djnb.png,7,3,Symb,l,RT,0,0,0,1,8,0,60,0,1,11,99,l,0.601,7,1,l,1,0.601,60,0,60,0,1,,,,,,,,,,,,,
,,,,,,,,,,,,,,,,,316,2,2024-02-14_20h27.11.143,Symbol-E,2020.1.3,Win32,Firefox,Mozilla/5.0 (Windows NT 10.0; Win64; x64; rv:122.0) Gecko/20100101 Firefox/122.0,60,,,,,,,,,,,,,,,,,,,,,,,,,,,,,,,,,,,,,,media/dinb.png,2,2,Symb,e,RT,0,0,0,1,8,0,61,0,1,11,99,e,0.8,2,1,e,1,0.8,61,0,61,0,1,,,,,,,,,,,,,
,,,,,,,,,,,,,,,,,316,2,2024-02-14_20h27.11.143,Symbol-E,2020.1.3,Win32,Firefox,Mozilla/5.0 (Windows NT 10.0; Win64; x64; rv:122.0) Gecko/20100101 Firefox/122.0,60,,,,,,,,,,,,,,,,,,,,,,,,,,,,,,,,,,,,,,media/dcnb.png,4,0,Symb,h,RT,0,0,0,1,8,0,62,0,1,11,99,h,1.434,4,1,h,1,1.434,62,0,62,0,1,,,,,,,,,,,,,
,,,,,,,,,,,,,,,,,316,2,2024-02-14_20h27.11.143,Symbol-E,2020.1.3,Win32,Firefox,Mozilla/5.0 (Windows NT 10.0; Win64; x64; rv:122.0) Gecko/20100101 Firefox/122.0,60,,,,,,,,,,,,,,,,,,,,,,,,,,,,,,,,,,,,,,media/dfnb.png,5,1,Symb,u,RT,0,0,0,1,8,0,63,0,1,11,99,u,0.568,5,1,u,1,0.568,63,0,63,0,1,,,,,,,,,,,,,
,,,,,,,,,,,,,,,,,316,2,2024-02-14_20h27.11.143,Symbol-E,2020.1.3,Win32,Firefox,Mozilla/5.0 (Windows NT 10.0; Win64; x64; rv:122.0) Gecko/20100101 Firefox/122.0,60,,,,,,,,,,,,,,,,,,,,,,,,,,,,,,,,,,,,,,media/dnnb.png,3,3,Symb,f,RT,0,0,0,1,8,0,64,0,1,11,99,f,0.85,3,1,f,1,0.85,64,0,64,0,1,,,,,,,,,,,,,
,,,,,,,,,,,,,,,,,316,2,2024-02-14_20h27.11.143,Symbol-E,2020.1.3,Win32,Firefox,Mozilla/5.0 (Windows NT 10.0; Win64; x64; rv:122.0) Gecko/20100101 Firefox/122.0,60,,,,,,,,,,,,,,,,,,,,,,,,,,,,,,,,,,,,,,media/dnnb.png,3,3,Symb,f,RT,0,0,0,1,8,0,65,0,1,11,99,f,0.471,3,1,f,1,0.471,65,0,65,0,1,,,,,,,,,,,,,
,,,,,,,,,,,,,,,,,316,2,2024-02-14_20h27.11.143,Symbol-E,2020.1.3,Win32,Firefox,Mozilla/5.0 (Windows NT 10.0; Win64; x64; rv:122.0) Gecko/20100101 Firefox/122.0,60,,,,,,,,,,,,,,,,,,,,,,,,,,,,,,,,,,,,,,media/dinb.png,2,2,Symb,e,RT,0,0,0,1,8,0,66,0,1,11,99,e,0.686,2,1,e,1,0.686,66,0,66,0,1,,,,,,,,,,,,,
,,,,,,,,,,,,,,,,,316,2,2024-02-14_20h27.11.143,Symbol-E,2020.1.3,Win32,Firefox,Mozilla/5.0 (Windows NT 10.0; Win64; x64; rv:122.0) Gecko/20100101 Firefox/122.0,60,,,,,,,,,,,,,,,,,,,,,,,,,,,,,,,,,,,,,,media/dfnb.png,5,1,Symb,u,RT,0,0,0,1,8,0,67,0,1,11,99,u,0.67,5,1,u,1,0.67,67,0,67,0,1,,,,,,,,,,,,,
,,,,,,,,,,,,,,,,,316,2,2024-02-14_20h27.11.143,Symbol-E,2020.1.3,Win32,Firefox,Mozilla/5.0 (Windows NT 10.0; Win64; x64; rv:122.0) Gecko/20100101 Firefox/122.0,60,,,,,,,,,,,,,,,,,,,,,,,,,,,,,,,,,,,,,,media/dfnb.png,5,1,Symb,u,RT,0,0,0,1,8,0,68,0,1,11,99,u,0.416,5,1,u,1,0.416,68,0,68,0,1,,,,,,,,,,,,,
,,,,,,,,,,,,,,,,,316,2,2024-02-14_20h27.11.143,Symbol-E,2020.1.3,Win32,Firefox,Mozilla/5.0 (Windows NT 10.0; Win64; x64; rv:122.0) Gecko/20100101 Firefox/122.0,60,,,,,,,,,,,,,,,,,,,,,,,,,,,,,,,,,,,,,,media/dinb.png,2,2,Symb,e,RT,0,0,0,1,8,0,69,0,1,11,99,e,0.8,2,1,e,1,0.8,69,0,69,0,1,,,,,,,,,,,,,
,,,,,,,,,,,,,,,,,316,2,2024-02-14_20h27.11.143,Symbol-E,2020.1.3,Win32,Firefox,Mozilla/5.0 (Windows NT 10.0; Win64; x64; rv:122.0) Gecko/20100101 Firefox/122.0,60,,,,,,,,,,,,,,,,,,,,,,,,,,,,,,,,,,,,,,media/dmnb.png,0,0,Symb,a,RT,0,0,0,1,8,0,70,0,1,11,99,a,0.684,0,1,a,1,0.684,70,0,70,0,1,,,,,,,,,,,,,
,,,,,,,,,,,,,,,,,316,2,2024-02-14_20h27.11.143,Symbol-E,2020.1.3,Win32,Firefox,Mozilla/5.0 (Windows NT 10.0; Win64; x64; rv:122.0) Gecko/20100101 Firefox/122.0,60,,,,,,,,,,,,,,,,,,,,,,,,,,,,,,,,,,,,,,media/dcnb.png,4,0,Symb,h,RT,0,0,0,1,8,0,71,0,1,11,99,h,1.719,4,1,h,1,1.719,71,0,71,0,1,,,,,,,,,,,,,
,,,,,,,,,,,,,,,,,316,2,2024-02-14_20h27.11.143,Symbol-E,2020.1.3,Win32,Firefox,Mozilla/5.0 (Windows NT 10.0; Win64; x64; rv:122.0) Gecko/20100101 Firefox/122.0,60,,,,,,,,,,,,,,,,,,,,,,,,,,,,,,,,,,,,,,media/dgnb.png,1,1,Symb,w,RT,0,0,0,1,8,0,72,0,1,11,99,w,4.551,1,1,w,1,4.551,72,0,72,0,1,,,,,,,,,,,,,
,,,,,,,,,,,,,,,,,316,2,2024-02-14_20h27.11.143,Symbol-E,2020.1.3,Win32,Firefox,Mozilla/5.0 (Windows NT 10.0; Win64; x64; rv:122.0) Gecko/20100101 Firefox/122.0,60,,,,,,,,,,,,,,,,,,,,,,,,,,,,,,,,,,,,,,media/ddnb.png,6,2,Symb,i,RT,0,0,0,1,8,0,73,0,1,11,99,i,0.718,6,1,i,1,0.718,73,0,73,0,1,,,,,,,,,,,,,
,,,,,,,,,,,,,,,,,316,2,2024-02-14_20h27.11.143,Symbol-E,2020.1.3,Win32,Firefox,Mozilla/5.0 (Windows NT 10.0; Win64; x64; rv:122.0) Gecko/20100101 Firefox/122.0,60,,,,,,,,,,,,,,,,,,,,,,,,,,,,,,,,,,,,,,media/dcnb.png,4,0,Symb,h,RT,0,0,0,1,8,0,74,0,1,11,99,h,0.616,4,1,h,1,0.616,74,0,74,0,1,,,,,,,,,,,,,
,,,,,,,,,,,,,,,,,316,2,2024-02-14_20h27.11.143,Symbol-E,2020.1.3,Win32,Firefox,Mozilla/5.0 (Windows NT 10.0; Win64; x64; rv:122.0) Gecko/20100101 Firefox/122.0,60,,,,,,,,,,,,,,,,,,,,,,,,,,,,,,,,,,,,,,media/dgnb.png,1,1,Symb,w,RT,0,0,0,1,8,0,75,0,1,11,99,w,0.851,1,1,w,1,0.851,75,0,75,0,1,,,,,,,,,,,,,
,,,,,,,,,,,,,,,,,316,2,2024-02-14_20h27.11.143,Symbol-E,2020.1.3,Win32,Firefox,Mozilla/5.0 (Windows NT 10.0; Win64; x64; rv:122.0) Gecko/20100101 Firefox/122.0,60,,,,,,,,,,,,,,,,,,,,,,,,,,,,,,,,,,,,,,media/dmnb.png,0,0,Symb,a,RT,0,0,0,1,8,0,76,0,1,11,99,a,0.684,0,1,a,1,0.684,76,0,76,0,1,,,,,,,,,,,,,
,,,,,,,,,,,,,,,,,316,2,2024-02-14_20h27.11.143,Symbol-E,2020.1.3,Win32,Firefox,Mozilla/5.0 (Windows NT 10.0; Win64; x64; rv:122.0) Gecko/20100101 Firefox/122.0,60,,,,,,,,,,,,,,,,,,,,,,,,,,,,,,,,,,,,,,media/djnb.png,7,3,Symb,l,RT,0,0,0,1,8,0,77,0,1,11,99,l,0.653,7,1,l,1,0.653,77,0,77,0,1,,,,,,,,,,,,,
,,,,,,,,,,,,,,,,,316,2,2024-02-14_20h27.11.143,Symbol-E,2020.1.3,Win32,Firefox,Mozilla/5.0 (Windows NT 10.0; Win64; x64; rv:122.0) Gecko/20100101 Firefox/122.0,60,,,,,,,,,,,,,,,,,,,,,,,,,,,,,,,,,,,,,,media/djnb.png,7,3,Symb,l,RT,0,0,0,1,8,0,78,0,1,11,99,l,0.484,7,1,l,1,0.484,78,0,78,0,1,,,,,,,,,,,,,
,,,,,,,,,,,,,,,,,316,2,2024-02-14_20h27.11.143,Symbol-E,2020.1.3,Win32,Firefox,Mozilla/5.0 (Windows NT 10.0; Win64; x64; rv:122.0) Gecko/20100101 Firefox/122.0,60,,,,,,,,,,,,,,,,,,,,,,,,,,,,,,,,,,,,,,media/ddnb.png,6,2,Symb,i,RT,0,0,0,1,8,0,79,0,1,11,99,i,0.849,6,1,i,1,0.849,79,0,79,0,1,,,,,,,,,,,,,
,,,,,,,,,,,,,,,,,316,2,2024-02-14_20h27.11.143,Symbol-E,2020.1.3,Win32,Firefox,Mozilla/5.0 (Windows NT 10.0; Win64; x64; rv:122.0) Gecko/20100101 Firefox/122.0,60,,,,,,,,,,,,,,,,,,,,,,,,,,,,,,,,,,,,,,media/djnb.png,7,3,Symb,l,RT,0,0,0,1,8,0,80,0,1,11,99,h,0.651,4,0,h,0,0.651,80,0,80,0,1,,,,,,,,,,,,,
,,,,,,,,,,,,,,,,,316,2,2024-02-14_20h27.11.143,Symbol-E,2020.1.3,Win32,Firefox,Mozilla/5.0 (Windows NT 10.0; Win64; x64; rv:122.0) Gecko/20100101 Firefox/122.0,60,,,,,,,,,,,,,,,,,,,,,,,,,,,,,,,,,,,,,,media/dmnb.png,0,0,Symb,a,RT,0,0,0,1,8,0,81,0,1,11,99,a,0.73,0,1,a,1,0.73,81,0,81,0,1,,,,,,,,,,,,,
,,,,,,,,,,,,,,,,,316,2,2024-02-14_20h27.11.143,Symbol-E,2020.1.3,Win32,Firefox,Mozilla/5.0 (Windows NT 10.0; Win64; x64; rv:122.0) Gecko/20100101 Firefox/122.0,60,,,,,,,,,,,,,,,,,,,,,,,,,,,,,,,,,,,,,,media/dgnb.png,1,1,Symb,w,RT,0,0,0,1,8,0,82,0,1,11,99,w,0.737,1,1,w,1,0.737,82,0,82,0,1,,,,,,,,,,,,,
,,,,,,,,,,,,,,,,,316,2,2024-02-14_20h27.11.143,Symbol-E,2020.1.3,Win32,Firefox,Mozilla/5.0 (Windows NT 10.0; Win64; x64; rv:122.0) Gecko/20100101 Firefox/122.0,60,,,,,,,,,,,,,,,,,,,,,,,,,,,,,,,,,,,,,,media/dnnb.png,3,3,Symb,f,RT,0,0,0,1,8,0,83,0,1,11,99,f,0.85,3,1,f,1,0.85,83,0,83,0,1,,,,,,,,,,,,,
,,,,,,,,,,,,,,,,,316,2,2024-02-14_20h27.11.143,Symbol-E,2020.1.3,Win32,Firefox,Mozilla/5.0 (Windows NT 10.0; Win64; x64; rv:122.0) Gecko/20100101 Firefox/122.0,60,,,,,,,,,,,,,,,,,,,,,,,,,,,,,,,,,,,,,,media/dmnb.png,0,0,Symb,a,RT,0,0,0,1,8,0,84,0,1,11,99,a,0.668,0,1,a,1,0.668,84,0,84,0,1,,,,,,,,,,,,,
,,,,,,,,,,,,,,,,,316,2,2024-02-14_20h27.11.143,Symbol-E,2020.1.3,Win32,Firefox,Mozilla/5.0 (Windows NT 10.0; Win64; x64; rv:122.0) Gecko/20100101 Firefox/122.0,60,,,,,,,,,,,,,,,,,,,,,,,,,,,,,,,,,,,,,,media/dinb.png,2,2,Symb,e,RT,0,0,0,1,8,0,85,0,1,11,99,e,0.748,2,1,e,1,0.748,85,0,85,0,1,,,,,,,,,,,,,
,,,,,,,,,,,,,,,,,316,2,2024-02-14_20h27.11.143,Symbol-E,2020.1.3,Win32,Firefox,Mozilla/5.0 (Windows NT 10.0; Win64; x64; rv:122.0) Gecko/20100101 Firefox/122.0,60,,,,,,,,,,,,,,,,,,,,,,,,,,,,,,,,,,,,,,media/djnb.png,7,3,Symb,l,RT,0,0,0,1,8,0,86,0,1,11,99,l,0.586,7,1,l,1,0.586,86,0,86,0,1,,,,,,,,,,,,,
,,,,,,,,,,,,,,,,,316,2,2024-02-14_20h27.11.143,Symbol-E,2020.1.3,Win32,Firefox,Mozilla/5.0 (Windows NT 10.0; Win64; x64; rv:122.0) Gecko/20100101 Firefox/122.0,60,,,,,,,,,,,,,,,,,,,,,,,,,,,,,,,,,,,,,,media/dinb.png,2,2,Symb,e,RT,0,0,0,1,8,0,87,0,1,11,99,e,1.6,2,1,e,1,1.6,87,0,87,0,1,,,,,,,,,,,,,
,,,,,,,,,,,,,,,,,316,2,2024-02-14_20h27.11.143,Symbol-E,2020.1.3,Win32,Firefox,Mozilla/5.0 (Windows NT 10.0; Win64; x64; rv:122.0) Gecko/20100101 Firefox/122.0,60,,,,,,,,,,,,,,,,,,,,,,,,,,,,,,,,,,,,,,media/ddnb.png,6,2,Symb,i,RT,0,0,0,1,8,0,88,0,1,11,99,u,0.718,5,0,u,0,0.718,88,0,88,0,1,,,,,,,,,,,,,
,,,,,,,,,,,,,,,,,316,2,2024-02-14_20h27.11.143,Symbol-E,2020.1.3,Win32,Firefox,Mozilla/5.0 (Windows NT 10.0; Win64; x64; rv:122.0) Gecko/20100101 Firefox/122.0,60,,,,,,,,,,,,,,,,,,,,,,,,,,,,,,,,,,,,,,media/dfnb.png,5,1,Symb,u,RT,0,0,0,1,8,0,89,0,1,11,99,u,0.602,5,1,u,1,0.602,89,0,89,0,1,,,,,,,,,,,,,
,,,,,,,,,,,,,,,,,316,2,2024-02-14_20h27.11.143,Symbol-E,2020.1.3,Win32,Firefox,Mozilla/5.0 (Windows NT 10.0; Win64; x64; rv:122.0) Gecko/20100101 Firefox/122.0,60,,,,,,,,,,,,,,,,,,,,,,,,,,,,,,,,,,,,,,media/dgnb.png,1,1,Symb,w,RT,0,0,0,1,8,0,90,0,1,11,99,w,1,1,1,w,1,1,90,0,90,0,1,,,,,,,,,,,,,
,,,,,,,,,,,,,,,,,316,2,2024-02-14_20h27.11.143,Symbol-E,2020.1.3,Win32,Firefox,Mozilla/5.0 (Windows NT 10.0; Win64; x64; rv:122.0) Gecko/20100101 Firefox/122.0,60,,,,,,,,,,,,,,,,,,,,,,,,,,,,,,,,,,,,,,media/dfnb.png,5,1,Symb,u,RT,0,0,0,1,8,0,91,0,1,11,99,u,1,5,1,u,1,1,91,0,91,0,1,,,,,,,,,,,,,
,,,,,,,,,,,,,,,,,316,2,2024-02-14_20h27.11.143,Symbol-E,2020.1.3,Win32,Firefox,Mozilla/5.0 (Windows NT 10.0; Win64; x64; rv:122.0) Gecko/20100101 Firefox/122.0,60,,,,,,,,,,,,,,,,,,,,,,,,,,,,,,,,,,,,,,media/dcnb.png,4,0,Symb,h,RT,0,0,0,1,8,0,92,0,1,11,99,h,2.021,4,1,h,1,2.021,92,0,92,0,1,,,,,,,,,,,,,
,,,,,,,,,,,,,,,,,316,2,2024-02-14_20h27.11.143,Symbol-E,2020.1.3,Win32,Firefox,Mozilla/5.0 (Windows NT 10.0; Win64; x64; rv:122.0) Gecko/20100101 Firefox/122.0,60,,,,,,,,,,,,,,,,,,,,,,,,,,,,,,,,,,,,,,media/dnnb.png,3,3,Symb,f,RT,0,0,0,1,8,0,93,0,1,11,99,f,0.687,3,1,f,1,0.687,93,0,93,0,1,,,,,,,,,,,,,
,,,,,,,,,,,,,,,,,316,2,2024-02-14_20h27.11.143,Symbol-E,2020.1.3,Win32,Firefox,Mozilla/5.0 (Windows NT 10.0; Win64; x64; rv:122.0) Gecko/20100101 Firefox/122.0,60,,,,,,,,,,,,,,,,,,,,,,,,,,,,,,,,,,,,,,media/dcnb.png,4,0,Symb,h,RT,0,0,0,1,8,0,94,0,1,11,99,h,0.737,4,1,h,1,0.737,94,0,94,0,1,,,,,,,,,,,,,
,,,,,,,,,,,,,,,,,316,2,2024-02-14_20h27.11.143,Symbol-E,2020.1.3,Win32,Firefox,Mozilla/5.0 (Windows NT 10.0; Win64; x64; rv:122.0) Gecko/20100101 Firefox/122.0,60,,,,,,,,,,,,,,,,,,,,,,,,,,,,,,,,,,,,,,media/ddnb.png,6,2,Symb,i,RT,0,0,0,1,8,0,95,0,1,11,99,i,1.718,6,1,i,1,1.718,95,0,95,0,1,,,,,,,,,,,,,
,,,,,,,,,,,,,,,,,316,2,2024-02-14_20h27.11.143,Symbol-E,2020.1.3,Win32,Firefox,Mozilla/5.0 (Windows NT 10.0; Win64; x64; rv:122.0) Gecko/20100101 Firefox/122.0,60,,,,,,,,,,,,,,,,,,,,,,,,,,,,,,,,,,,,,,,,,,,,,,,,,,,,,,,,,,,,,,,,,,,10,0,10,0,1,,,,,,,,
,,,,,,,,,,,,,,,,,316,2,2024-02-14_20h27.11.143,Symbol-E,2020.1.3,Win32,Firefox,Mozilla/5.0 (Windows NT 10.0; Win64; x64; rv:122.0) Gecko/20100101 Firefox/122.0,60,,,,,,,,,,,,,,,,,,,,,,,,,,,,,,,,,,,,h,32.356,media/dmnb.png,0,0,Symb,a,RT,0,0,0,1,8,0,0,0,1,12,99,a,1.768,0,1,a,1,1.768,0,0,0,0,1,,,,,,,,,,,,,
,,,,,,,,,,,,,,,,,316,2,2024-02-14_20h27.11.143,Symbol-E,2020.1.3,Win32,Firefox,Mozilla/5.0 (Windows NT 10.0; Win64; x64; rv:122.0) Gecko/20100101 Firefox/122.0,60,,,,,,,,,,,,,,,,,,,,,,,,,,,,,,,,,,,,,,media/dfnb.png,5,1,Symb,u,RT,0,0,0,1,8,0,1,0,1,12,99,u,0.705,5,1,u,1,0.705,1,0,1,0,1,,,,,,,,,,,,,
,,,,,,,,,,,,,,,,,316,2,2024-02-14_20h27.11.143,Symbol-E,2020.1.3,Win32,Firefox,Mozilla/5.0 (Windows NT 10.0; Win64; x64; rv:122.0) Gecko/20100101 Firefox/122.0,60,,,,,,,,,,,,,,,,,,,,,,,,,,,,,,,,,,,,,,media/dmnb.png,0,0,Symb,a,RT,0,0,0,1,8,0,2,0,1,12,99,a,0.634,0,1,a,1,0.634,2,0,2,0,1,,,,,,,,,,,,,
,,,,,,,,,,,,,,,,,316,2,2024-02-14_20h27.11.143,Symbol-E,2020.1.3,Win32,Firefox,Mozilla/5.0 (Windows NT 10.0; Win64; x64; rv:122.0) Gecko/20100101 Firefox/122.0,60,,,,,,,,,,,,,,,,,,,,,,,,,,,,,,,,,,,,,,media/dcnb.png,4,0,Symb,h,RT,0,0,0,1,8,0,3,0,1,12,99,h,0.755,4,1,h,1,0.755,3,0,3,0,1,,,,,,,,,,,,,
,,,,,,,,,,,,,,,,,316,2,2024-02-14_20h27.11.143,Symbol-E,2020.1.3,Win32,Firefox,Mozilla/5.0 (Windows NT 10.0; Win64; x64; rv:122.0) Gecko/20100101 Firefox/122.0,60,,,,,,,,,,,,,,,,,,,,,,,,,,,,,,,,,,,,,,media/djnb.png,7,3,Symb,l,RT,0,0,0,1,8,0,4,0,1,12,99,l,1.518,7,1,l,1,1.518,4,0,4,0,1,,,,,,,,,,,,,
,,,,,,,,,,,,,,,,,316,2,2024-02-14_20h27.11.143,Symbol-E,2020.1.3,Win32,Firefox,Mozilla/5.0 (Windows NT 10.0; Win64; x64; rv:122.0) Gecko/20100101 Firefox/122.0,60,,,,,,,,,,,,,,,,,,,,,,,,,,,,,,,,,,,,,,media/dnnb.png,3,3,Symb,f,RT,0,0,0,1,8,0,5,0,1,12,99,f,0.752,3,1,f,1,0.752,5,0,5,0,1,,,,,,,,,,,,,
,,,,,,,,,,,,,,,,,316,2,2024-02-14_20h27.11.143,Symbol-E,2020.1.3,Win32,Firefox,Mozilla/5.0 (Windows NT 10.0; Win64; x64; rv:122.0) Gecko/20100101 Firefox/122.0,60,,,,,,,,,,,,,,,,,,,,,,,,,,,,,,,,,,,,,,media/dnnb.png,3,3,Symb,f,RT,0,0,0,1,8,0,6,0,1,12,99,f,1.388,3,1,f,1,1.388,6,0,6,0,1,,,,,,,,,,,,,
,,,,,,,,,,,,,,,,,316,2,2024-02-14_20h27.11.143,Symbol-E,2020.1.3,Win32,Firefox,Mozilla/5.0 (Windows NT 10.0; Win64; x64; rv:122.0) Gecko/20100101 Firefox/122.0,60,,,,,,,,,,,,,,,,,,,,,,,,,,,,,,,,,,,,,,media/dcnb.png,4,0,Symb,h,RT,0,0,0,1,8,0,7,0,1,12,99,h,0.753,4,1,h,1,0.753,7,0,7,0,1,,,,,,,,,,,,,
,,,,,,,,,,,,,,,,,316,2,2024-02-14_20h27.11.143,Symbol-E,2020.1.3,Win32,Firefox,Mozilla/5.0 (Windows NT 10.0; Win64; x64; rv:122.0) Gecko/20100101 Firefox/122.0,60,,,,,,,,,,,,,,,,,,,,,,,,,,,,,,,,,,,,,,media/dinb.png,2,2,Symb,e,RT,0,0,0,1,8,0,8,0,1,12,99,e,0.951,2,1,e,1,0.951,8,0,8,0,1,,,,,,,,,,,,,
,,,,,,,,,,,,,,,,,316,2,2024-02-14_20h27.11.143,Symbol-E,2020.1.3,Win32,Firefox,Mozilla/5.0 (Windows NT 10.0; Win64; x64; rv:122.0) Gecko/20100101 Firefox/122.0,60,,,,,,,,,,,,,,,,,,,,,,,,,,,,,,,,,,,,,,media/djnb.png,7,3,Symb,l,RT,0,0,0,1,8,0,9,0,1,12,99,l,0.668,7,1,l,1,0.668,9,0,9,0,1,,,,,,,,,,,,,
,,,,,,,,,,,,,,,,,316,2,2024-02-14_20h27.11.143,Symbol-E,2020.1.3,Win32,Firefox,Mozilla/5.0 (Windows NT 10.0; Win64; x64; rv:122.0) Gecko/20100101 Firefox/122.0,60,,,,,,,,,,,,,,,,,,,,,,,,,,,,,,,,,,,,,,media/dgnb.png,1,1,Symb,w,RT,0,0,0,1,8,0,10,0,1,12,99,w,0.885,1,1,w,1,0.885,10,0,10,0,1,,,,,,,,,,,,,
,,,,,,,,,,,,,,,,,316,2,2024-02-14_20h27.11.143,Symbol-E,2020.1.3,Win32,Firefox,Mozilla/5.0 (Windows NT 10.0; Win64; x64; rv:122.0) Gecko/20100101 Firefox/122.0,60,,,,,,,,,,,,,,,,,,,,,,,,,,,,,,,,,,,,,,media/ddnb.png,6,2,Symb,i,RT,0,0,0,1,8,0,11,0,1,12,99,i,1.035,6,1,i,1,1.035,11,0,11,0,1,,,,,,,,,,,,,
,,,,,,,,,,,,,,,,,316,2,2024-02-14_20h27.11.143,Symbol-E,2020.1.3,Win32,Firefox,Mozilla/5.0 (Windows NT 10.0; Win64; x64; rv:122.0) Gecko/20100101 Firefox/122.0,60,,,,,,,,,,,,,,,,,,,,,,,,,,,,,,,,,,,,,,media/ddnb.png,6,2,Symb,i,RT,0,0,0,1,8,0,12,0,1,12,99,i,0.566,6,1,i,1,0.566,12,0,12,0,1,,,,,,,,,,,,,
,,,,,,,,,,,,,,,,,316,2,2024-02-14_20h27.11.143,Symbol-E,2020.1.3,Win32,Firefox,Mozilla/5.0 (Windows NT 10.0; Win64; x64; rv:122.0) Gecko/20100101 Firefox/122.0,60,,,,,,,,,,,,,,,,,,,,,,,,,,,,,,,,,,,,,,media/dgnb.png,1,1,Symb,w,RT,0,0,0,1,8,0,13,0,1,12,99,w,0.868,1,1,w,1,0.868,13,0,13,0,1,,,,,,,,,,,,,
,,,,,,,,,,,,,,,,,316,2,2024-02-14_20h27.11.143,Symbol-E,2020.1.3,Win32,Firefox,Mozilla/5.0 (Windows NT 10.0; Win64; x64; rv:122.0) Gecko/20100101 Firefox/122.0,60,,,,,,,,,,,,,,,,,,,,,,,,,,,,,,,,,,,,,,media/dinb.png,2,2,Symb,e,RT,0,0,0,1,8,0,14,0,1,12,99,e,0.667,2,1,e,1,0.667,14,0,14,0,1,,,,,,,,,,,,,
,,,,,,,,,,,,,,,,,316,2,2024-02-14_20h27.11.143,Symbol-E,2020.1.3,Win32,Firefox,Mozilla/5.0 (Windows NT 10.0; Win64; x64; rv:122.0) Gecko/20100101 Firefox/122.0,60,,,,,,,,,,,,,,,,,,,,,,,,,,,,,,,,,,,,,,media/dfnb.png,5,1,Symb,u,RT,0,0,0,1,8,0,15,0,1,12,99,u,0.636,5,1,u,1,0.636,15,0,15,0,1,,,,,,,,,,,,,
,,,,,,,,,,,,,,,,,316,2,2024-02-14_20h27.11.143,Symbol-E,2020.1.3,Win32,Firefox,Mozilla/5.0 (Windows NT 10.0; Win64; x64; rv:122.0) Gecko/20100101 Firefox/122.0,60,,,,,,,,,,,,,,,,,,,,,,,,,,,,,,,,,,,,,,media/ddnb.png,6,2,Symb,i,RT,0,0,0,1,8,0,16,0,1,12,99,i,0.817,6,1,i,1,0.817,16,0,16,0,1,,,,,,,,,,,,,
,,,,,,,,,,,,,,,,,316,2,2024-02-14_20h27.11.143,Symbol-E,2020.1.3,Win32,Firefox,Mozilla/5.0 (Windows NT 10.0; Win64; x64; rv:122.0) Gecko/20100101 Firefox/122.0,60,,,,,,,,,,,,,,,,,,,,,,,,,,,,,,,,,,,,,,media/dinb.png,2,2,Symb,e,RT,0,0,0,1,8,0,17,0,1,12,99,e,0.667,2,1,e,1,0.667,17,0,17,0,1,,,,,,,,,,,,,
,,,,,,,,,,,,,,,,,316,2,2024-02-14_20h27.11.143,Symbol-E,2020.1.3,Win32,Firefox,Mozilla/5.0 (Windows NT 10.0; Win64; x64; rv:122.0) Gecko/20100101 Firefox/122.0,60,,,,,,,,,,,,,,,,,,,,,,,,,,,,,,,,,,,,,,media/dfnb.png,5,1,Symb,u,RT,0,0,0,1,8,0,18,0,1,12,99,u,0.801,5,1,u,1,0.801,18,0,18,0,1,,,,,,,,,,,,,
,,,,,,,,,,,,,,,,,316,2,2024-02-14_20h27.11.143,Symbol-E,2020.1.3,Win32,Firefox,Mozilla/5.0 (Windows NT 10.0; Win64; x64; rv:122.0) Gecko/20100101 Firefox/122.0,60,,,,,,,,,,,,,,,,,,,,,,,,,,,,,,,,,,,,,,media/dcnb.png,4,0,Symb,h,RT,0,0,0,1,8,0,19,0,1,12,99,h,0.836,4,1,h,1,0.836,19,0,19,0,1,,,,,,,,,,,,,
,,,,,,,,,,,,,,,,,316,2,2024-02-14_20h27.11.143,Symbol-E,2020.1.3,Win32,Firefox,Mozilla/5.0 (Windows NT 10.0; Win64; x64; rv:122.0) Gecko/20100101 Firefox/122.0,60,,,,,,,,,,,,,,,,,,,,,,,,,,,,,,,,,,,,,,media/dcnb.png,4,0,Symb,h,RT,0,0,0,1,8,0,20,0,1,12,99,h,0.482,4,1,h,1,0.482,20,0,20,0,1,,,,,,,,,,,,,
,,,,,,,,,,,,,,,,,316,2,2024-02-14_20h27.11.143,Symbol-E,2020.1.3,Win32,Firefox,Mozilla/5.0 (Windows NT 10.0; Win64; x64; rv:122.0) Gecko/20100101 Firefox/122.0,60,,,,,,,,,,,,,,,,,,,,,,,,,,,,,,,,,,,,,,media/ddnb.png,6,2,Symb,i,RT,0,0,0,1,8,0,21,0,1,12,99,i,0.567,6,1,i,1,0.567,21,0,21,0,1,,,,,,,,,,,,,
,,,,,,,,,,,,,,,,,316,2,2024-02-14_20h27.11.143,Symbol-E,2020.1.3,Win32,Firefox,Mozilla/5.0 (Windows NT 10.0; Win64; x64; rv:122.0) Gecko/20100101 Firefox/122.0,60,,,,,,,,,,,,,,,,,,,,,,,,,,,,,,,,,,,,,,media/djnb.png,7,3,Symb,l,RT,0,0,0,1,8,0,22,0,1,12,99,l,3.151,7,1,l,1,3.151,22,0,22,0,1,,,,,,,,,,,,,
,,,,,,,,,,,,,,,,,316,2,2024-02-14_20h27.11.143,Symbol-E,2020.1.3,Win32,Firefox,Mozilla/5.0 (Windows NT 10.0; Win64; x64; rv:122.0) Gecko/20100101 Firefox/122.0,60,,,,,,,,,,,,,,,,,,,,,,,,,,,,,,,,,,,,,,media/dnnb.png,3,3,Symb,f,RT,0,0,0,1,8,0,23,0,1,12,99,f,0.749,3,1,f,1,0.749,23,0,23,0,1,,,,,,,,,,,,,
,,,,,,,,,,,,,,,,,316,2,2024-02-14_20h27.11.143,Symbol-E,2020.1.3,Win32,Firefox,Mozilla/5.0 (Windows NT 10.0; Win64; x64; rv:122.0) Gecko/20100101 Firefox/122.0,60,,,,,,,,,,,,,,,,,,,,,,,,,,,,,,,,,,,,,,media/dgnb.png,1,1,Symb,w,RT,0,0,0,1,8,0,24,0,1,12,99,w,0.966,1,1,w,1,0.966,24,0,24,0,1,,,,,,,,,,,,,
,,,,,,,,,,,,,,,,,316,2,2024-02-14_20h27.11.143,Symbol-E,2020.1.3,Win32,Firefox,Mozilla/5.0 (Windows NT 10.0; Win64; x64; rv:122.0) Gecko/20100101 Firefox/122.0,60,,,,,,,,,,,,,,,,,,,,,,,,,,,,,,,,,,,,,,media/dnnb.png,3,3,Symb,f,RT,0,0,0,1,8,0,25,0,1,12,99,f,0.937,3,1,f,1,0.937,25,0,25,0,1,,,,,,,,,,,,,
,,,,,,,,,,,,,,,,,316,2,2024-02-14_20h27.11.143,Symbol-E,2020.1.3,Win32,Firefox,Mozilla/5.0 (Windows NT 10.0; Win64; x64; rv:122.0) Gecko/20100101 Firefox/122.0,60,,,,,,,,,,,,,,,,,,,,,,,,,,,,,,,,,,,,,,media/djnb.png,7,3,Symb,l,RT,0,0,0,1,8,0,26,0,1,12,99,l,0.673,7,1,l,1,0.673,26,0,26,0,1,,,,,,,,,,,,,
,,,,,,,,,,,,,,,,,316,2,2024-02-14_20h27.11.143,Symbol-E,2020.1.3,Win32,Firefox,Mozilla/5.0 (Windows NT 10.0; Win64; x64; rv:122.0) Gecko/20100101 Firefox/122.0,60,,,,,,,,,,,,,,,,,,,,,,,,,,,,,,,,,,,,,,media/dgnb.png,1,1,Symb,w,RT,0,0,0,1,8,0,27,0,1,12,99,w,0.85,1,1,w,1,0.85,27,0,27,0,1,,,,,,,,,,,,,
,,,,,,,,,,,,,,,,,316,2,2024-02-14_20h27.11.143,Symbol-E,2020.1.3,Win32,Firefox,Mozilla/5.0 (Windows NT 10.0; Win64; x64; rv:122.0) Gecko/20100101 Firefox/122.0,60,,,,,,,,,,,,,,,,,,,,,,,,,,,,,,,,,,,,,,media/dmnb.png,0,0,Symb,a,RT,0,0,0,1,8,0,28,0,1,12,99,a,0.65,0,1,a,1,0.65,28,0,28,0,1,,,,,,,,,,,,,
,,,,,,,,,,,,,,,,,316,2,2024-02-14_20h27.11.143,Symbol-E,2020.1.3,Win32,Firefox,Mozilla/5.0 (Windows NT 10.0; Win64; x64; rv:122.0) Gecko/20100101 Firefox/122.0,60,,,,,,,,,,,,,,,,,,,,,,,,,,,,,,,,,,,,,,media/dfnb.png,5,1,Symb,u,RT,0,0,0,1,8,0,29,0,1,12,99,u,0.732,5,1,u,1,0.732,29,0,29,0,1,,,,,,,,,,,,,
,,,,,,,,,,,,,,,,,316,2,2024-02-14_20h27.11.143,Symbol-E,2020.1.3,Win32,Firefox,Mozilla/5.0 (Windows NT 10.0; Win64; x64; rv:122.0) Gecko/20100101 Firefox/122.0,60,,,,,,,,,,,,,,,,,,,,,,,,,,,,,,,,,,,,,,media/dinb.png,2,2,Symb,e,RT,0,0,0,1,8,0,30,0,1,12,99,e,0.717,2,1,e,1,0.717,30,0,30,0,1,,,,,,,,,,,,,
,,,,,,,,,,,,,,,,,316,2,2024-02-14_20h27.11.143,Symbol-E,2020.1.3,Win32,Firefox,Mozilla/5.0 (Windows NT 10.0; Win64; x64; rv:122.0) Gecko/20100101 Firefox/122.0,60,,,,,,,,,,,,,,,,,,,,,,,,,,,,,,,,,,,,,,media/dmnb.png,0,0,Symb,a,RT,0,0,0,1,8,0,31,0,1,12,99,a,0.65,0,1,a,1,0.65,31,0,31,0,1,,,,,,,,,,,,,
,,,,,,,,,,,,,,,,,316,2,2024-02-14_20h27.11.143,Symbol-E,2020.1.3,Win32,Firefox,Mozilla/5.0 (Windows NT 10.0; Win64; x64; rv:122.0) Gecko/20100101 Firefox/122.0,60,,,,,,,,,,,,,,,,,,,,,,,,,,,,,,,,,,,,,,media/dcnb.png,4,0,Symb,h,RT,0,0,0,1,8,0,32,0,1,12,99,h,0.75,4,1,h,1,0.75,32,0,32,0,1,,,,,,,,,,,,,
,,,,,,,,,,,,,,,,,316,2,2024-02-14_20h27.11.143,Symbol-E,2020.1.3,Win32,Firefox,Mozilla/5.0 (Windows NT 10.0; Win64; x64; rv:122.0) Gecko/20100101 Firefox/122.0,60,,,,,,,,,,,,,,,,,,,,,,,,,,,,,,,,,,,,,,media/dnnb.png,3,3,Symb,f,RT,0,0,0,1,8,0,33,0,1,12,99,f,0.719,3,1,f,1,0.719,33,0,33,0,1,,,,,,,,,,,,,
,,,,,,,,,,,,,,,,,316,2,2024-02-14_20h27.11.143,Symbol-E,2020.1.3,Win32,Firefox,Mozilla/5.0 (Windows NT 10.0; Win64; x64; rv:122.0) Gecko/20100101 Firefox/122.0,60,,,,,,,,,,,,,,,,,,,,,,,,,,,,,,,,,,,,,,media/ddnb.png,6,2,Symb,i,RT,0,0,0,1,8,0,34,0,1,12,99,i,0.734,6,1,i,1,0.734,34,0,34,0,1,,,,,,,,,,,,,
,,,,,,,,,,,,,,,,,316,2,2024-02-14_20h27.11.143,Symbol-E,2020.1.3,Win32,Firefox,Mozilla/5.0 (Windows NT 10.0; Win64; x64; rv:122.0) Gecko/20100101 Firefox/122.0,60,,,,,,,,,,,,,,,,,,,,,,,,,,,,,,,,,,,,,,media/dgnb.png,1,1,Symb,w,RT,0,0,0,1,8,0,35,0,1,12,99,w,0.916,1,1,w,1,0.916,35,0,35,0,1,,,,,,,,,,,,,
,,,,,,,,,,,,,,,,,316,2,2024-02-14_20h27.11.143,Symbol-E,2020.1.3,Win32,Firefox,Mozilla/5.0 (Windows NT 10.0; Win64; x64; rv:122.0) Gecko/20100101 Firefox/122.0,60,,,,,,,,,,,,,,,,,,,,,,,,,,,,,,,,,,,,,,media/dnnb.png,3,3,Symb,f,RT,0,0,0,1,8,0,36,0,1,12,99,h,0.618,4,0,h,0,0.618,36,0,36,0,1,,,,,,,,,,,,,
,,,,,,,,,,,,,,,,,316,2,2024-02-14_20h27.11.143,Symbol-E,2020.1.3,Win32,Firefox,Mozilla/5.0 (Windows NT 10.0; Win64; x64; rv:122.0) Gecko/20100101 Firefox/122.0,60,,,,,,,,,,,,,,,,,,,,,,,,,,,,,,,,,,,,,,media/dgnb.png,1,1,Symb,w,RT,0,0,0,1,8,0,37,0,1,12,99,w,1.552,1,1,w,1,1.552,37,0,37,0,1,,,,,,,,,,,,,
,,,,,,,,,,,,,,,,,316,2,2024-02-14_20h27.11.143,Symbol-E,2020.1.3,Win32,Firefox,Mozilla/5.0 (Windows NT 10.0; Win64; x64; rv:122.0) Gecko/20100101 Firefox/122.0,60,,,,,,,,,,,,,,,,,,,,,,,,,,,,,,,,,,,,,,media/djnb.png,7,3,Symb,l,RT,0,0,0,1,8,0,38,0,1,12,99,l,0.851,7,1,l,1,0.851,38,0,38,0,1,,,,,,,,,,,,,
,,,,,,,,,,,,,,,,,316,2,2024-02-14_20h27.11.143,Symbol-E,2020.1.3,Win32,Firefox,Mozilla/5.0 (Windows NT 10.0; Win64; x64; rv:122.0) Gecko/20100101 Firefox/122.0,60,,,,,,,,,,,,,,,,,,,,,,,,,,,,,,,,,,,,,,media/djnb.png,7,3,Symb,l,RT,0,0,0,1,8,0,39,0,1,12,99,l,0.504,7,1,l,1,0.504,39,0,39,0,1,,,,,,,,,,,,,
,,,,,,,,,,,,,,,,,316,2,2024-02-14_20h27.11.143,Symbol-E,2020.1.3,Win32,Firefox,Mozilla/5.0 (Windows NT 10.0; Win64; x64; rv:122.0) Gecko/20100101 Firefox/122.0,60,,,,,,,,,,,,,,,,,,,,,,,,,,,,,,,,,,,,,,media/dmnb.png,0,0,Symb,a,RT,0,0,0,1,8,0,40,0,1,12,99,a,0.67,0,1,a,1,0.67,40,0,40,0,1,,,,,,,,,,,,,
,,,,,,,,,,,,,,,,,316,2,2024-02-14_20h27.11.143,Symbol-E,2020.1.3,Win32,Firefox,Mozilla/5.0 (Windows NT 10.0; Win64; x64; rv:122.0) Gecko/20100101 Firefox/122.0,60,,,,,,,,,,,,,,,,,,,,,,,,,,,,,,,,,,,,,,media/ddnb.png,6,2,Symb,i,RT,0,0,0,1,8,0,41,0,1,12,99,i,0.766,6,1,i,1,0.766,41,0,41,0,1,,,,,,,,,,,,,
,,,,,,,,,,,,,,,,,316,2,2024-02-14_20h27.11.143,Symbol-E,2020.1.3,Win32,Firefox,Mozilla/5.0 (Windows NT 10.0; Win64; x64; rv:122.0) Gecko/20100101 Firefox/122.0,60,,,,,,,,,,,,,,,,,,,,,,,,,,,,,,,,,,,,,,media/dmnb.png,0,0,Symb,a,RT,0,0,0,1,8,0,42,0,1,12,99,a,0.666,0,1,a,1,0.666,42,0,42,0,1,,,,,,,,,,,,,
,,,,,,,,,,,,,,,,,316,2,2024-02-14_20h27.11.143,Symbol-E,2020.1.3,Win32,Firefox,Mozilla/5.0 (Windows NT 10.0; Win64; x64; rv:122.0) Gecko/20100101 Firefox/122.0,60,,,,,,,,,,,,,,,,,,,,,,,,,,,,,,,,,,,,,,media/dfnb.png,5,1,Symb,u,RT,0,0,0,1,8,0,43,0,1,12,99,u,0.685,5,1,u,1,0.685,43,0,43,0,1,,,,,,,,,,,,,
,,,,,,,,,,,,,,,,,316,2,2024-02-14_20h27.11.143,Symbol-E,2020.1.3,Win32,Firefox,Mozilla/5.0 (Windows NT 10.0; Win64; x64; rv:122.0) Gecko/20100101 Firefox/122.0,60,,,,,,,,,,,,,,,,,,,,,,,,,,,,,,,,,,,,,,media/dfnb.png,5,1,Symb,u,RT,0,0,0,1,8,0,44,0,1,12,99,u,0.518,5,1,u,1,0.518,44,0,44,0,1,,,,,,,,,,,,,
,,,,,,,,,,,,,,,,,316,2,2024-02-14_20h27.11.143,Symbol-E,2020.1.3,Win32,Firefox,Mozilla/5.0 (Windows NT 10.0; Win64; x64; rv:122.0) Gecko/20100101 Firefox/122.0,60,,,,,,,,,,,,,,,,,,,,,,,,,,,,,,,,,,,,,,media/dinb.png,2,2,Symb,e,RT,0,0,0,1,8,0,45,0,1,12,99,e,0.754,2,1,e,1,0.754,45,0,45,0,1,,,,,,,,,,,,,
,,,,,,,,,,,,,,,,,316,2,2024-02-14_20h27.11.143,Symbol-E,2020.1.3,Win32,Firefox,Mozilla/5.0 (Windows NT 10.0; Win64; x64; rv:122.0) Gecko/20100101 Firefox/122.0,60,,,,,,,,,,,,,,,,,,,,,,,,,,,,,,,,,,,,,,media/dinb.png,2,2,Symb,e,RT,0,0,0,1,8,0,46,0,1,12,99,e,0.467,2,1,e,1,0.467,46,0,46,0,1,,,,,,,,,,,,,
,,,,,,,,,,,,,,,,,316,2,2024-02-14_20h27.11.143,Symbol-E,2020.1.3,Win32,Firefox,Mozilla/5.0 (Windows NT 10.0; Win64; x64; rv:122.0) Gecko/20100101 Firefox/122.0,60,,,,,,,,,,,,,,,,,,,,,,,,,,,,,,,,,,,,,,media/dcnb.png,4,0,Symb,h,RT,0,0,0,1,8,0,47,0,1,12,99,h,0.905,4,1,h,1,0.905,47,0,47,0,1,,,,,,,,,,,,,
,,,,,,,,,,,,,,,,,316,2,2024-02-14_20h27.11.143,Symbol-E,2020.1.3,Win32,Firefox,Mozilla/5.0 (Windows NT 10.0; Win64; x64; rv:122.0) Gecko/20100101 Firefox/122.0,60,,,,,,,,,,,,,,,,,,,,,,,,,,,,,,,,,,,,,,media/ddnb.png,6,2,Symb,i,RT,0,0,0,1,8,0,48,0,1,12,99,i,0.684,6,1,i,1,0.684,48,0,48,0,1,,,,,,,,,,,,,
,,,,,,,,,,,,,,,,,316,2,2024-02-14_20h27.11.143,Symbol-E,2020.1.3,Win32,Firefox,Mozilla/5.0 (Windows NT 10.0; Win64; x64; rv:122.0) Gecko/20100101 Firefox/122.0,60,,,,,,,,,,,,,,,,,,,,,,,,,,,,,,,,,,,,,,media/dnnb.png,3,3,Symb,f,RT,0,0,0,1,8,0,49,0,1,12,99,f,2.783,3,1,f,1,2.783,49,0,49,0,1,,,,,,,,,,,,,
,,,,,,,,,,,,,,,,,316,2,2024-02-14_20h27.11.143,Symbol-E,2020.1.3,Win32,Firefox,Mozilla/5.0 (Windows NT 10.0; Win64; x64; rv:122.0) Gecko/20100101 Firefox/122.0,60,,,,,,,,,,,,,,,,,,,,,,,,,,,,,,,,,,,,,,media/dcnb.png,4,0,Symb,h,RT,0,0,0,1,8,0,50,0,1,12,99,h,0.718,4,1,h,1,0.718,50,0,50,0,1,,,,,,,,,,,,,
,,,,,,,,,,,,,,,,,316,2,2024-02-14_20h27.11.143,Symbol-E,2020.1.3,Win32,Firefox,Mozilla/5.0 (Windows NT 10.0; Win64; x64; rv:122.0) Gecko/20100101 Firefox/122.0,60,,,,,,,,,,,,,,,,,,,,,,,,,,,,,,,,,,,,,,media/dinb.png,2,2,Symb,e,RT,0,0,0,1,8,0,51,0,1,12,99,e,0.866,2,1,e,1,0.866,51,0,51,0,1,,,,,,,,,,,,,
,,,,,,,,,,,,,,,,,316,2,2024-02-14_20h27.11.143,Symbol-E,2020.1.3,Win32,Firefox,Mozilla/5.0 (Windows NT 10.0; Win64; x64; rv:122.0) Gecko/20100101 Firefox/122.0,60,,,,,,,,,,,,,,,,,,,,,,,,,,,,,,,,,,,,,,media/dfnb.png,5,1,Symb,u,RT,0,0,0,1,8,0,52,0,1,12,99,u,0.667,5,1,u,1,0.667,52,0,52,0,1,,,,,,,,,,,,,
,,,,,,,,,,,,,,,,,316,2,2024-02-14_20h27.11.143,Symbol-E,2020.1.3,Win32,Firefox,Mozilla/5.0 (Windows NT 10.0; Win64; x64; rv:122.0) Gecko/20100101 Firefox/122.0,60,,,,,,,,,,,,,,,,,,,,,,,,,,,,,,,,,,,,,,media/dmnb.png,0,0,Symb,a,RT,0,0,0,1,8,0,53,0,1,12,99,a,0.669,0,1,a,1,0.669,53,0,53,0,1,,,,,,,,,,,,,
,,,,,,,,,,,,,,,,,316,2,2024-02-14_20h27.11.143,Symbol-E,2020.1.3,Win32,Firefox,Mozilla/5.0 (Windows NT 10.0; Win64; x64; rv:122.0) Gecko/20100101 Firefox/122.0,60,,,,,,,,,,,,,,,,,,,,,,,,,,,,,,,,,,,,,,media/ddnb.png,6,2,Symb,i,RT,0,0,0,1,8,0,54,0,1,12,99,i,0.617,6,1,i,1,0.617,54,0,54,0,1,,,,,,,,,,,,,
,,,,,,,,,,,,,,,,,316,2,2024-02-14_20h27.11.143,Symbol-E,2020.1.3,Win32,Firefox,Mozilla/5.0 (Windows NT 10.0; Win64; x64; rv:122.0) Gecko/20100101 Firefox/122.0,60,,,,,,,,,,,,,,,,,,,,,,,,,,,,,,,,,,,,,,media/dinb.png,2,2,Symb,e,RT,0,0,0,1,8,0,55,0,1,12,99,e,0.651,2,1,e,1,0.651,55,0,55,0,1,,,,,,,,,,,,,
,,,,,,,,,,,,,,,,,316,2,2024-02-14_20h27.11.143,Symbol-E,2020.1.3,Win32,Firefox,Mozilla/5.0 (Windows NT 10.0; Win64; x64; rv:122.0) Gecko/20100101 Firefox/122.0,60,,,,,,,,,,,,,,,,,,,,,,,,,,,,,,,,,,,,,,media/dgnb.png,1,1,Symb,w,RT,0,0,0,1,8,0,56,0,1,12,99,w,1.084,1,1,w,1,1.084,56,0,56,0,1,,,,,,,,,,,,,
,,,,,,,,,,,,,,,,,316,2,2024-02-14_20h27.11.143,Symbol-E,2020.1.3,Win32,Firefox,Mozilla/5.0 (Windows NT 10.0; Win64; x64; rv:122.0) Gecko/20100101 Firefox/122.0,60,,,,,,,,,,,,,,,,,,,,,,,,,,,,,,,,,,,,,,media/djnb.png,7,3,Symb,l,RT,0,0,0,1,8,0,57,0,1,12,99,l,1.465,7,1,l,1,1.465,57,0,57,0,1,,,,,,,,,,,,,
,,,,,,,,,,,,,,,,,316,2,2024-02-14_20h27.11.143,Symbol-E,2020.1.3,Win32,Firefox,Mozilla/5.0 (Windows NT 10.0; Win64; x64; rv:122.0) Gecko/20100101 Firefox/122.0,60,,,,,,,,,,,,,,,,,,,,,,,,,,,,,,,,,,,,,,media/dgnb.png,1,1,Symb,w,RT,0,0,0,1,8,0,58,0,1,12,99,w,0.782,1,1,w,1,0.782,58,0,58,0,1,,,,,,,,,,,,,
,,,,,,,,,,,,,,,,,316,2,2024-02-14_20h27.11.143,Symbol-E,2020.1.3,Win32,Firefox,Mozilla/5.0 (Windows NT 10.0; Win64; x64; rv:122.0) Gecko/20100101 Firefox/122.0,60,,,,,,,,,,,,,,,,,,,,,,,,,,,,,,,,,,,,,,media/dcnb.png,4,0,Symb,h,RT,0,0,0,1,8,0,59,0,1,12,99,h,0.634,4,1,h,1,0.634,59,0,59,0,1,,,,,,,,,,,,,
,,,,,,,,,,,,,,,,,316,2,2024-02-14_20h27.11.143,Symbol-E,2020.1.3,Win32,Firefox,Mozilla/5.0 (Windows NT 10.0; Win64; x64; rv:122.0) Gecko/20100101 Firefox/122.0,60,,,,,,,,,,,,,,,,,,,,,,,,,,,,,,,,,,,,,,media/dfnb.png,5,1,Symb,u,RT,0,0,0,1,8,0,60,0,1,12,99,u,0.817,5,1,u,1,0.817,60,0,60,0,1,,,,,,,,,,,,,
,,,,,,,,,,,,,,,,,316,2,2024-02-14_20h27.11.143,Symbol-E,2020.1.3,Win32,Firefox,Mozilla/5.0 (Windows NT 10.0; Win64; x64; rv:122.0) Gecko/20100101 Firefox/122.0,60,,,,,,,,,,,,,,,,,,,,,,,,,,,,,,,,,,,,,,media/dmnb.png,0,0,Symb,a,RT,0,0,0,1,8,0,61,0,1,12,99,a,0.701,0,1,a,1,0.701,61,0,61,0,1,,,,,,,,,,,,,
,,,,,,,,,,,,,,,,,316,2,2024-02-14_20h27.11.143,Symbol-E,2020.1.3,Win32,Firefox,Mozilla/5.0 (Windows NT 10.0; Win64; x64; rv:122.0) Gecko/20100101 Firefox/122.0,60,,,,,,,,,,,,,,,,,,,,,,,,,,,,,,,,,,,,,,media/djnb.png,7,3,Symb,l,RT,0,0,0,1,8,0,62,0,1,12,99,l,0.818,7,1,l,1,0.818,62,0,62,0,1,,,,,,,,,,,,,
,,,,,,,,,,,,,,,,,316,2,2024-02-14_20h27.11.143,Symbol-E,2020.1.3,Win32,Firefox,Mozilla/5.0 (Windows NT 10.0; Win64; x64; rv:122.0) Gecko/20100101 Firefox/122.0,60,,,,,,,,,,,,,,,,,,,,,,,,,,,,,,,,,,,,,,media/dnnb.png,3,3,Symb,f,RT,0,0,0,1,8,0,63,0,1,12,99,f,0.716,3,1,f,1,0.716,63,0,63,0,1,,,,,,,,,,,,,
,,,,,,,,,,,,,,,,,316,2,2024-02-14_20h27.11.143,Symbol-E,2020.1.3,Win32,Firefox,Mozilla/5.0 (Windows NT 10.0; Win64; x64; rv:122.0) Gecko/20100101 Firefox/122.0,60,,,,,,,,,,,,,,,,,,,,,,,,,,,,,,,,,,,,,,media/djnb.png,7,3,Symb,l,RT,0,0,0,1,8,0,64,0,1,12,99,l,1.819,7,1,l,1,1.819,64,0,64,0,1,,,,,,,,,,,,,
,,,,,,,,,,,,,,,,,316,2,2024-02-14_20h27.11.143,Symbol-E,2020.1.3,Win32,Firefox,Mozilla/5.0 (Windows NT 10.0; Win64; x64; rv:122.0) Gecko/20100101 Firefox/122.0,60,,,,,,,,,,,,,,,,,,,,,,,,,,,,,,,,,,,,,,media/ddnb.png,6,2,Symb,i,RT,0,0,0,1,8,0,65,0,1,12,99,i,0.784,6,1,i,1,0.784,65,0,65,0,1,,,,,,,,,,,,,
,,,,,,,,,,,,,,,,,316,2,2024-02-14_20h27.11.143,Symbol-E,2020.1.3,Win32,Firefox,Mozilla/5.0 (Windows NT 10.0; Win64; x64; rv:122.0) Gecko/20100101 Firefox/122.0,60,,,,,,,,,,,,,,,,,,,,,,,,,,,,,,,,,,,,,,media/dnnb.png,3,3,Symb,f,RT,0,0,0,1,8,0,66,0,1,12,99,f,1.3,3,1,f,1,1.3,66,0,66,0,1,,,,,,,,,,,,,
,,,,,,,,,,,,,,,,,316,2,2024-02-14_20h27.11.143,Symbol-E,2020.1.3,Win32,Firefox,Mozilla/5.0 (Windows NT 10.0; Win64; x64; rv:122.0) Gecko/20100101 Firefox/122.0,60,,,,,,,,,,,,,,,,,,,,,,,,,,,,,,,,,,,,,,media/dinb.png,2,2,Symb,e,RT,0,0,0,1,8,0,67,0,1,12,99,e,0.7,2,1,e,1,0.7,67,0,67,0,1,,,,,,,,,,,,,
,,,,,,,,,,,,,,,,,316,2,2024-02-14_20h27.11.143,Symbol-E,2020.1.3,Win32,Firefox,Mozilla/5.0 (Windows NT 10.0; Win64; x64; rv:122.0) Gecko/20100101 Firefox/122.0,60,,,,,,,,,,,,,,,,,,,,,,,,,,,,,,,,,,,,,,media/dmnb.png,0,0,Symb,a,RT,0,0,0,1,8,0,68,0,1,12,99,a,0.667,0,1,a,1,0.667,68,0,68,0,1,,,,,,,,,,,,,
,,,,,,,,,,,,,,,,,316,2,2024-02-14_20h27.11.143,Symbol-E,2020.1.3,Win32,Firefox,Mozilla/5.0 (Windows NT 10.0; Win64; x64; rv:122.0) Gecko/20100101 Firefox/122.0,60,,,,,,,,,,,,,,,,,,,,,,,,,,,,,,,,,,,,,,media/djnb.png,7,3,Symb,l,RT,0,0,0,1,8,0,69,0,1,12,99,l,0.668,7,1,l,1,0.668,69,0,69,0,1,,,,,,,,,,,,,
,,,,,,,,,,,,,,,,,316,2,2024-02-14_20h27.11.143,Symbol-E,2020.1.3,Win32,Firefox,Mozilla/5.0 (Windows NT 10.0; Win64; x64; rv:122.0) Gecko/20100101 Firefox/122.0,60,,,,,,,,,,,,,,,,,,,,,,,,,,,,,,,,,,,,,,media/dgnb.png,1,1,Symb,w,RT,0,0,0,1,8,0,70,0,1,12,99,w,0.951,1,1,w,1,0.951,70,0,70,0,1,,,,,,,,,,,,,
,,,,,,,,,,,,,,,,,316,2,2024-02-14_20h27.11.143,Symbol-E,2020.1.3,Win32,Firefox,Mozilla/5.0 (Windows NT 10.0; Win64; x64; rv:122.0) Gecko/20100101 Firefox/122.0,60,,,,,,,,,,,,,,,,,,,,,,,,,,,,,,,,,,,,,,media/dnnb.png,3,3,Symb,f,RT,0,0,0,1,8,0,71,0,1,12,99,f,0.784,3,1,f,1,0.784,71,0,71,0,1,,,,,,,,,,,,,
,,,,,,,,,,,,,,,,,316,2,2024-02-14_20h27.11.143,Symbol-E,2020.1.3,Win32,Firefox,Mozilla/5.0 (Windows NT 10.0; Win64; x64; rv:122.0) Gecko/20100101 Firefox/122.0,60,,,,,,,,,,,,,,,,,,,,,,,,,,,,,,,,,,,,,,media/dcnb.png,4,0,Symb,h,RT,0,0,0,1,8,0,72,0,1,12,99,h,1.084,4,1,h,1,1.084,72,0,72,0,1,,,,,,,,,,,,,
,,,,,,,,,,,,,,,,,316,2,2024-02-14_20h27.11.143,Symbol-E,2020.1.3,Win32,Firefox,Mozilla/5.0 (Windows NT 10.0; Win64; x64; rv:122.0) Gecko/20100101 Firefox/122.0,60,,,,,,,,,,,,,,,,,,,,,,,,,,,,,,,,,,,,,,media/dcnb.png,4,0,Symb,h,RT,0,0,0,1,8,0,73,0,1,12,99,h,0.549,4,1,h,1,0.549,73,0,73,0,1,,,,,,,,,,,,,
,,,,,,,,,,,,,,,,,316,2,2024-02-14_20h27.11.143,Symbol-E,2020.1.3,Win32,Firefox,Mozilla/5.0 (Windows NT 10.0; Win64; x64; rv:122.0) Gecko/20100101 Firefox/122.0,60,,,,,,,,,,,,,,,,,,,,,,,,,,,,,,,,,,,,,,media/dinb.png,2,2,Symb,e,RT,0,0,0,1,8,0,74,0,1,12,99,e,0.7,2,1,e,1,0.7,74,0,74,0,1,,,,,,,,,,,,,
,,,,,,,,,,,,,,,,,316,2,2024-02-14_20h27.11.143,Symbol-E,2020.1.3,Win32,Firefox,Mozilla/5.0 (Windows NT 10.0; Win64; x64; rv:122.0) Gecko/20100101 Firefox/122.0,60,,,,,,,,,,,,,,,,,,,,,,,,,,,,,,,,,,,,,,media/ddnb.png,6,2,Symb,i,RT,0,0,0,1,8,0,75,0,1,12,99,i,0.783,6,1,i,1,0.783,75,0,75,0,1,,,,,,,,,,,,,
,,,,,,,,,,,,,,,,,316,2,2024-02-14_20h27.11.143,Symbol-E,2020.1.3,Win32,Firefox,Mozilla/5.0 (Windows NT 10.0; Win64; x64; rv:122.0) Gecko/20100101 Firefox/122.0,60,,,,,,,,,,,,,,,,,,,,,,,,,,,,,,,,,,,,,,media/dgnb.png,1,1,Symb,w,RT,0,0,0,1,8,0,76,0,1,12,99,w,1.018,1,1,w,1,1.018,76,0,76,0,1,,,,,,,,,,,,,
,,,,,,,,,,,,,,,,,316,2,2024-02-14_20h27.11.143,Symbol-E,2020.1.3,Win32,Firefox,Mozilla/5.0 (Windows NT 10.0; Win64; x64; rv:122.0) Gecko/20100101 Firefox/122.0,60,,,,,,,,,,,,,,,,,,,,,,,,,,,,,,,,,,,,,,media/dmnb.png,0,0,Symb,a,RT,0,0,0,1,8,0,77,0,1,12,99,a,0.632,0,1,a,1,0.632,77,0,77,0,1,,,,,,,,,,,,,
,,,,,,,,,,,,,,,,,316,2,2024-02-14_20h27.11.143,Symbol-E,2020.1.3,Win32,Firefox,Mozilla/5.0 (Windows NT 10.0; Win64; x64; rv:122.0) Gecko/20100101 Firefox/122.0,60,,,,,,,,,,,,,,,,,,,,,,,,,,,,,,,,,,,,,,media/dfnb.png,5,1,Symb,u,RT,0,0,0,1,8,0,78,0,1,12,99,u,0.701,5,1,u,1,0.701,78,0,78,0,1,,,,,,,,,,,,,
,,,,,,,,,,,,,,,,,316,2,2024-02-14_20h27.11.143,Symbol-E,2020.1.3,Win32,Firefox,Mozilla/5.0 (Windows NT 10.0; Win64; x64; rv:122.0) Gecko/20100101 Firefox/122.0,60,,,,,,,,,,,,,,,,,,,,,,,,,,,,,,,,,,,,,,media/dfnb.png,5,1,Symb,u,RT,0,0,0,1,8,0,79,0,1,12,99,u,0.417,5,1,u,1,0.417,79,0,79,0,1,,,,,,,,,,,,,
,,,,,,,,,,,,,,,,,316,2,2024-02-14_20h27.11.143,Symbol-E,2020.1.3,Win32,Firefox,Mozilla/5.0 (Windows NT 10.0; Win64; x64; rv:122.0) Gecko/20100101 Firefox/122.0,60,,,,,,,,,,,,,,,,,,,,,,,,,,,,,,,,,,,,,,media/djnb.png,7,3,Symb,l,RT,0,0,0,1,8,0,80,0,1,12,99,l,1.334,7,1,l,1,1.334,80,0,80,0,1,,,,,,,,,,,,,
,,,,,,,,,,,,,,,,,316,2,2024-02-14_20h27.11.143,Symbol-E,2020.1.3,Win32,Firefox,Mozilla/5.0 (Windows NT 10.0; Win64; x64; rv:122.0) Gecko/20100101 Firefox/122.0,60,,,,,,,,,,,,,,,,,,,,,,,,,,,,,,,,,,,,,,media/dcnb.png,4,0,Symb,h,RT,0,0,0,1,8,0,81,0,1,12,99,h,0.667,4,1,h,1,0.667,81,0,81,0,1,,,,,,,,,,,,,
,,,,,,,,,,,,,,,,,316,2,2024-02-14_20h27.11.143,Symbol-E,2020.1.3,Win32,Firefox,Mozilla/5.0 (Windows NT 10.0; Win64; x64; rv:122.0) Gecko/20100101 Firefox/122.0,60,,,,,,,,,,,,,,,,,,,,,,,,,,,,,,,,,,,,,,media/dfnb.png,5,1,Symb,u,RT,0,0,0,1,8,0,82,0,1,12,99,u,0.617,5,1,u,1,0.617,82,0,82,0,1,,,,,,,,,,,,,
,,,,,,,,,,,,,,,,,316,2,2024-02-14_20h27.11.143,Symbol-E,2020.1.3,Win32,Firefox,Mozilla/5.0 (Windows NT 10.0; Win64; x64; rv:122.0) Gecko/20100101 Firefox/122.0,60,,,,,,,,,,,,,,,,,,,,,,,,,,,,,,,,,,,,,,media/dnnb.png,3,3,Symb,f,RT,0,0,0,1,8,0,83,0,1,12,99,f,0.636,3,1,f,1,0.636,83,0,83,0,1,,,,,,,,,,,,,
,,,,,,,,,,,,,,,,,316,2,2024-02-14_20h27.11.143,Symbol-E,2020.1.3,Win32,Firefox,Mozilla/5.0 (Windows NT 10.0; Win64; x64; rv:122.0) Gecko/20100101 Firefox/122.0,60,,,,,,,,,,,,,,,,,,,,,,,,,,,,,,,,,,,,,,media/ddnb.png,6,2,Symb,i,RT,0,0,0,1,8,0,84,0,1,12,99,i,0.75,6,1,i,1,0.75,84,0,84,0,1,,,,,,,,,,,,,
,,,,,,,,,,,,,,,,,316,2,2024-02-14_20h27.11.143,Symbol-E,2020.1.3,Win32,Firefox,Mozilla/5.0 (Windows NT 10.0; Win64; x64; rv:122.0) Gecko/20100101 Firefox/122.0,60,,,,,,,,,,,,,,,,,,,,,,,,,,,,,,,,,,,,,,media/dgnb.png,1,1,Symb,w,RT,0,0,0,1,8,0,85,0,1,12,99,w,0.884,1,1,w,1,0.884,85,0,85,0,1,,,,,,,,,,,,,
,,,,,,,,,,,,,,,,,316,2,2024-02-14_20h27.11.143,Symbol-E,2020.1.3,Win32,Firefox,Mozilla/5.0 (Windows NT 10.0; Win64; x64; rv:122.0) Gecko/20100101 Firefox/122.0,60,,,,,,,,,,,,,,,,,,,,,,,,,,,,,,,,,,,,,,media/dinb.png,2,2,Symb,e,RT,0,0,0,1,8,0,86,0,1,12,99,e,0.702,2,1,e,1,0.702,86,0,86,0,1,,,,,,,,,,,,,
,,,,,,,,,,,,,,,,,316,2,2024-02-14_20h27.11.143,Symbol-E,2020.1.3,Win32,Firefox,Mozilla/5.0 (Windows NT 10.0; Win64; x64; rv:122.0) Gecko/20100101 Firefox/122.0,60,,,,,,,,,,,,,,,,,,,,,,,,,,,,,,,,,,,,,,media/dcnb.png,4,0,Symb,h,RT,0,0,0,1,8,0,87,0,1,12,99,h,1.937,4,1,h,1,1.937,87,0,87,0,1,,,,,,,,,,,,,
,,,,,,,,,,,,,,,,,316,2,2024-02-14_20h27.11.143,Symbol-E,2020.1.3,Win32,Firefox,Mozilla/5.0 (Windows NT 10.0; Win64; x64; rv:122.0) Gecko/20100101 Firefox/122.0,60,,,,,,,,,,,,,,,,,,,,,,,,,,,,,,,,,,,,,,media/dfnb.png,5,1,Symb,u,RT,0,0,0,1,8,0,88,0,1,12,99,u,2.101,5,1,u,1,2.101,88,0,88,0,1,,,,,,,,,,,,,
,,,,,,,,,,,,,,,,,316,2,2024-02-14_20h27.11.143,Symbol-E,2020.1.3,Win32,Firefox,Mozilla/5.0 (Windows NT 10.0; Win64; x64; rv:122.0) Gecko/20100101 Firefox/122.0,60,,,,,,,,,,,,,,,,,,,,,,,,,,,,,,,,,,,,,,media/ddnb.png,6,2,Symb,i,RT,0,0,0,1,8,0,89,0,1,12,99,i,3.251,6,1,i,1,3.251,89,0,89,0,1,,,,,,,,,,,,,
,,,,,,,,,,,,,,,,,316,2,2024-02-14_20h27.11.143,Symbol-E,2020.1.3,Win32,Firefox,Mozilla/5.0 (Windows NT 10.0; Win64; x64; rv:122.0) Gecko/20100101 Firefox/122.0,60,,,,,,,,,,,,,,,,,,,,,,,,,,,,,,,,,,,,,,media/dmnb.png,0,0,Symb,a,RT,0,0,0,1,8,0,90,0,1,12,99,a,0.649,0,1,a,1,0.649,90,0,90,0,1,,,,,,,,,,,,,
,,,,,,,,,,,,,,,,,316,2,2024-02-14_20h27.11.143,Symbol-E,2020.1.3,Win32,Firefox,Mozilla/5.0 (Windows NT 10.0; Win64; x64; rv:122.0) Gecko/20100101 Firefox/122.0,60,,,,,,,,,,,,,,,,,,,,,,,,,,,,,,,,,,,,,,media/djnb.png,7,3,Symb,l,RT,0,0,0,1,8,0,91,0,1,12,99,l,0.618,7,1,l,1,0.618,91,0,91,0,1,,,,,,,,,,,,,
,,,,,,,,,,,,,,,,,316,2,2024-02-14_20h27.11.143,Symbol-E,2020.1.3,Win32,Firefox,Mozilla/5.0 (Windows NT 10.0; Win64; x64; rv:122.0) Gecko/20100101 Firefox/122.0,60,,,,,,,,,,,,,,,,,,,,,,,,,,,,,,,,,,,,,,media/dnnb.png,3,3,Symb,f,RT,0,0,0,1,8,0,92,0,1,12,99,f,0.868,3,1,f,1,0.868,92,0,92,0,1,,,,,,,,,,,,,
,,,,,,,,,,,,,,,,,316,2,2024-02-14_20h27.11.143,Symbol-E,2020.1.3,Win32,Firefox,Mozilla/5.0 (Windows NT 10.0; Win64; x64; rv:122.0) Gecko/20100101 Firefox/122.0,60,,,,,,,,,,,,,,,,,,,,,,,,,,,,,,,,,,,,,,media/dgnb.png,1,1,Symb,w,RT,0,0,0,1,8,0,93,0,1,12,99,w,0.918,1,1,w,1,0.918,93,0,93,0,1,,,,,,,,,,,,,
,,,,,,,,,,,,,,,,,316,2,2024-02-14_20h27.11.143,Symbol-E,2020.1.3,Win32,Firefox,Mozilla/5.0 (Windows NT 10.0; Win64; x64; rv:122.0) Gecko/20100101 Firefox/122.0,60,,,,,,,,,,,,,,,,,,,,,,,,,,,,,,,,,,,,,,media/dinb.png,2,2,Symb,e,RT,0,0,0,1,8,0,94,0,1,12,99,e,1.017,2,1,e,1,1.017,94,0,94,0,1,,,,,,,,,,,,,
,,,,,,,,,,,,,,,,,316,2,2024-02-14_20h27.11.143,Symbol-E,2020.1.3,Win32,Firefox,Mozilla/5.0 (Windows NT 10.0; Win64; x64; rv:122.0) Gecko/20100101 Firefox/122.0,60,,,,,,,,,,,,,,,,,,,,,,,,,,,,,,,,,,,,,,media/dmnb.png,0,0,Symb,a,RT,0,0,0,1,8,0,95,0,1,12,99,a,0.683,0,1,a,1,0.683,95,0,95,0,1,,,,,,,,,,,,,
,,,,,,,,,,,,,,,,,316,2,2024-02-14_20h27.11.143,Symbol-E,2020.1.3,Win32,Firefox,Mozilla/5.0 (Windows NT 10.0; Win64; x64; rv:122.0) Gecko/20100101 Firefox/122.0,60,,,,,,,,,,,,,,,,,,,,,,,,,,,,,,,,,,,,,,,,,,,,,,,,,,,,,,,,,,,,,,,,,,,11,0,11,0,1,,,,,,,,
,,,,,,,,,,,,,,,,,316,2,2024-02-14_20h27.11.143,Symbol-E,2020.1.3,Win32,Firefox,Mozilla/5.0 (Windows NT 10.0; Win64; x64; rv:122.0) Gecko/20100101 Firefox/122.0,60,,,,,,,,,,,,,,,,,,,,,,,,,,,,,,,,,,,,h,0.7,media/dinb.png,2,2,Symb,e,RT,0,0,0,1,8,0,0,0,1,13,99,e,0.715,2,1,e,1,0.715,0,0,0,0,1,,,,,,,,,,,,,
,,,,,,,,,,,,,,,,,316,2,2024-02-14_20h27.11.143,Symbol-E,2020.1.3,Win32,Firefox,Mozilla/5.0 (Windows NT 10.0; Win64; x64; rv:122.0) Gecko/20100101 Firefox/122.0,60,,,,,,,,,,,,,,,,,,,,,,,,,,,,,,,,,,,,,,media/djnb.png,7,3,Symb,l,RT,0,0,0,1,8,0,1,0,1,13,99,l,3.249,7,1,l,1,3.249,1,0,1,0,1,,,,,,,,,,,,,
,,,,,,,,,,,,,,,,,316,2,2024-02-14_20h27.11.143,Symbol-E,2020.1.3,Win32,Firefox,Mozilla/5.0 (Windows NT 10.0; Win64; x64; rv:122.0) Gecko/20100101 Firefox/122.0,60,,,,,,,,,,,,,,,,,,,,,,,,,,,,,,,,,,,,,,media/dfnb.png,5,1,Symb,u,RT,0,0,0,1,8,0,2,0,1,13,99,u,0.634,5,1,u,1,0.634,2,0,2,0,1,,,,,,,,,,,,,
,,,,,,,,,,,,,,,,,316,2,2024-02-14_20h27.11.143,Symbol-E,2020.1.3,Win32,Firefox,Mozilla/5.0 (Windows NT 10.0; Win64; x64; rv:122.0) Gecko/20100101 Firefox/122.0,60,,,,,,,,,,,,,,,,,,,,,,,,,,,,,,,,,,,,,,media/dcnb.png,4,0,Symb,h,RT,0,0,0,1,8,0,3,0,1,13,99,h,0.668,4,1,h,1,0.668,3,0,3,0,1,,,,,,,,,,,,,
,,,,,,,,,,,,,,,,,316,2,2024-02-14_20h27.11.143,Symbol-E,2020.1.3,Win32,Firefox,Mozilla/5.0 (Windows NT 10.0; Win64; x64; rv:122.0) Gecko/20100101 Firefox/122.0,60,,,,,,,,,,,,,,,,,,,,,,,,,,,,,,,,,,,,,,media/dinb.png,2,2,Symb,e,RT,0,0,0,1,8,0,4,0,1,13,99,e,0.702,2,1,e,1,0.702,4,0,4,0,1,,,,,,,,,,,,,
,,,,,,,,,,,,,,,,,316,2,2024-02-14_20h27.11.143,Symbol-E,2020.1.3,Win32,Firefox,Mozilla/5.0 (Windows NT 10.0; Win64; x64; rv:122.0) Gecko/20100101 Firefox/122.0,60,,,,,,,,,,,,,,,,,,,,,,,,,,,,,,,,,,,,,,media/ddnb.png,6,2,Symb,i,RT,0,0,0,1,8,0,5,0,1,13,99,i,0.716,6,1,i,1,0.716,5,0,5,0,1,,,,,,,,,,,,,
,,,,,,,,,,,,,,,,,316,2,2024-02-14_20h27.11.143,Symbol-E,2020.1.3,Win32,Firefox,Mozilla/5.0 (Windows NT 10.0; Win64; x64; rv:122.0) Gecko/20100101 Firefox/122.0,60,,,,,,,,,,,,,,,,,,,,,,,,,,,,,,,,,,,,,,media/dgnb.png,1,1,Symb,w,RT,0,0,0,1,8,0,6,0,1,13,99,w,0.85,1,1,w,1,0.85,6,0,6,0,1,,,,,,,,,,,,,
,,,,,,,,,,,,,,,,,316,2,2024-02-14_20h27.11.143,Symbol-E,2020.1.3,Win32,Firefox,Mozilla/5.0 (Windows NT 10.0; Win64; x64; rv:122.0) Gecko/20100101 Firefox/122.0,60,,,,,,,,,,,,,,,,,,,,,,,,,,,,,,,,,,,,,,media/dmnb.png,0,0,Symb,a,RT,0,0,0,1,8,0,7,0,1,13,99,a,0.615,0,1,a,1,0.615,7,0,7,0,1,,,,,,,,,,,,,
,,,,,,,,,,,,,,,,,316,2,2024-02-14_20h27.11.143,Symbol-E,2020.1.3,Win32,Firefox,Mozilla/5.0 (Windows NT 10.0; Win64; x64; rv:122.0) Gecko/20100101 Firefox/122.0,60,,,,,,,,,,,,,,,,,,,,,,,,,,,,,,,,,,,,,,media/dgnb.png,1,1,Symb,w,RT,0,0,0,1,8,0,8,0,1,13,99,w,1.321,1,1,w,1,1.321,8,0,8,0,1,,,,,,,,,,,,,
,,,,,,,,,,,,,,,,,316,2,2024-02-14_20h27.11.143,Symbol-E,2020.1.3,Win32,Firefox,Mozilla/5.0 (Windows NT 10.0; Win64; x64; rv:122.0) Gecko/20100101 Firefox/122.0,60,,,,,,,,,,,,,,,,,,,,,,,,,,,,,,,,,,,,,,media/dnnb.png,3,3,Symb,f,RT,0,0,0,1,8,0,9,0,1,13,99,f,1.037,3,1,f,1,1.037,9,0,9,0,1,,,,,,,,,,,,,
,,,,,,,,,,,,,,,,,316,2,2024-02-14_20h27.11.143,Symbol-E,2020.1.3,Win32,Firefox,Mozilla/5.0 (Windows NT 10.0; Win64; x64; rv:122.0) Gecko/20100101 Firefox/122.0,60,,,,,,,,,,,,,,,,,,,,,,,,,,,,,,,,,,,,,,media/dmnb.png,0,0,Symb,a,RT,0,0,0,1,8,0,10,0,1,13,99,a,1.838,0,1,a,1,1.838,10,0,10,0,1,,,,,,,,,,,,,
,,,,,,,,,,,,,,,,,316,2,2024-02-14_20h27.11.143,Symbol-E,2020.1.3,Win32,Firefox,Mozilla/5.0 (Windows NT 10.0; Win64; x64; rv:122.0) Gecko/20100101 Firefox/122.0,60,,,,,,,,,,,,,,,,,,,,,,,,,,,,,,,,,,,,,,media/dcnb.png,4,0,Symb,h,RT,0,0,0,1,8,0,11,0,1,13,99,h,0.849,4,1,h,1,0.849,11,0,11,0,1,,,,,,,,,,,,,
,,,,,,,,,,,,,,,,,316,2,2024-02-14_20h27.11.143,Symbol-E,2020.1.3,Win32,Firefox,Mozilla/5.0 (Windows NT 10.0; Win64; x64; rv:122.0) Gecko/20100101 Firefox/122.0,60,,,,,,,,,,,,,,,,,,,,,,,,,,,,,,,,,,,,,,media/dnnb.png,3,3,Symb,f,RT,0,0,0,1,8,0,12,0,1,13,99,f,0.734,3,1,f,1,0.734,12,0,12,0,1,,,,,,,,,,,,,
,,,,,,,,,,,,,,,,,316,2,2024-02-14_20h27.11.143,Symbol-E,2020.1.3,Win32,Firefox,Mozilla/5.0 (Windows NT 10.0; Win64; x64; rv:122.0) Gecko/20100101 Firefox/122.0,60,,,,,,,,,,,,,,,,,,,,,,,,,,,,,,,,,,,,,,media/dfnb.png,5,1,Symb,u,RT,0,0,0,1,8,0,13,0,1,13,99,u,0.684,5,1,u,1,0.684,13,0,13,0,1,,,,,,,,,,,,,
,,,,,,,,,,,,,,,,,316,2,2024-02-14_20h27.11.143,Symbol-E,2020.1.3,Win32,Firefox,Mozilla/5.0 (Windows NT 10.0; Win64; x64; rv:122.0) Gecko/20100101 Firefox/122.0,60,,,,,,,,,,,,,,,,,,,,,,,,,,,,,,,,,,,,,,media/ddnb.png,6,2,Symb,i,RT,0,0,0,1,8,0,14,0,1,13,99,i,0.92,6,1,i,1,0.92,14,0,14,0,1,,,,,,,,,,,,,
,,,,,,,,,,,,,,,,,316,2,2024-02-14_20h27.11.143,Symbol-E,2020.1.3,Win32,Firefox,Mozilla/5.0 (Windows NT 10.0; Win64; x64; rv:122.0) Gecko/20100101 Firefox/122.0,60,,,,,,,,,,,,,,,,,,,,,,,,,,,,,,,,,,,,,,media/djnb.png,7,3,Symb,l,RT,0,0,0,1,8,0,15,0,1,13,99,l,1.199,7,1,l,1,1.199,15,0,15,0,1,,,,,,,,,,,,,
,,,,,,,,,,,,,,,,,316,2,2024-02-14_20h27.11.143,Symbol-E,2020.1.3,Win32,Firefox,Mozilla/5.0 (Windows NT 10.0; Win64; x64; rv:122.0) Gecko/20100101 Firefox/122.0,60,,,,,,,,,,,,,,,,,,,,,,,,,,,,,,,,,,,,,,media/dinb.png,2,2,Symb,e,RT,0,0,0,1,8,0,16,0,1,13,99,e,0.718,2,1,e,1,0.718,16,0,16,0,1,,,,,,,,,,,,,
,,,,,,,,,,,,,,,,,316,2,2024-02-14_20h27.11.143,Symbol-E,2020.1.3,Win32,Firefox,Mozilla/5.0 (Windows NT 10.0; Win64; x64; rv:122.0) Gecko/20100101 Firefox/122.0,60,,,,,,,,,,,,,,,,,,,,,,,,,,,,,,,,,,,,,,media/djnb.png,7,3,Symb,l,RT,0,0,0,1,8,0,17,0,1,13,99,l,1.101,7,1,l,1,1.101,17,0,17,0,1,,,,,,,,,,,,,
,,,,,,,,,,,,,,,,,316,2,2024-02-14_20h27.11.143,Symbol-E,2020.1.3,Win32,Firefox,Mozilla/5.0 (Windows NT 10.0; Win64; x64; rv:122.0) Gecko/20100101 Firefox/122.0,60,,,,,,,,,,,,,,,,,,,,,,,,,,,,,,,,,,,,,,media/djnb.png,7,3,Symb,l,RT,0,0,0,1,8,0,18,0,1,13,99,l,0.552,7,1,l,1,0.552,18,0,18,0,1,,,,,,,,,,,,,
,,,,,,,,,,,,,,,,,316,2,2024-02-14_20h27.11.143,Symbol-E,2020.1.3,Win32,Firefox,Mozilla/5.0 (Windows NT 10.0; Win64; x64; rv:122.0) Gecko/20100101 Firefox/122.0,60,,,,,,,,,,,,,,,,,,,,,,,,,,,,,,,,,,,,,,media/ddnb.png,6,2,Symb,i,RT,0,0,0,1,8,0,19,0,1,13,99,u,0.735,5,0,u,0,0.735,19,0,19,0,1,,,,,,,,,,,,,
,,,,,,,,,,,,,,,,,316,2,2024-02-14_20h27.11.143,Symbol-E,2020.1.3,Win32,Firefox,Mozilla/5.0 (Windows NT 10.0; Win64; x64; rv:122.0) Gecko/20100101 Firefox/122.0,60,,,,,,,,,,,,,,,,,,,,,,,,,,,,,,,,,,,,,,media/dcnb.png,4,0,Symb,h,RT,0,0,0,1,8,0,20,0,1,13,99,h,0.736,4,1,h,1,0.736,20,0,20,0,1,,,,,,,,,,,,,
,,,,,,,,,,,,,,,,,316,2,2024-02-14_20h27.11.143,Symbol-E,2020.1.3,Win32,Firefox,Mozilla/5.0 (Windows NT 10.0; Win64; x64; rv:122.0) Gecko/20100101 Firefox/122.0,60,,,,,,,,,,,,,,,,,,,,,,,,,,,,,,,,,,,,,,media/dcnb.png,4,0,Symb,h,RT,0,0,0,1,8,0,21,0,1,13,99,h,0.519,4,1,h,1,0.519,21,0,21,0,1,,,,,,,,,,,,,
,,,,,,,,,,,,,,,,,316,2,2024-02-14_20h27.11.143,Symbol-E,2020.1.3,Win32,Firefox,Mozilla/5.0 (Windows NT 10.0; Win64; x64; rv:122.0) Gecko/20100101 Firefox/122.0,60,,,,,,,,,,,,,,,,,,,,,,,,,,,,,,,,,,,,,,media/dmnb.png,0,0,Symb,a,RT,0,0,0,1,8,0,22,0,1,13,99,a,0.733,0,1,a,1,0.733,22,0,22,0,1,,,,,,,,,,,,,
,,,,,,,,,,,,,,,,,316,2,2024-02-14_20h27.11.143,Symbol-E,2020.1.3,Win32,Firefox,Mozilla/5.0 (Windows NT 10.0; Win64; x64; rv:122.0) Gecko/20100101 Firefox/122.0,60,,,,,,,,,,,,,,,,,,,,,,,,,,,,,,,,,,,,,,media/dmnb.png,0,0,Symb,a,RT,0,0,0,1,8,0,23,0,1,13,99,a,0.569,0,1,a,1,0.569,23,0,23,0,1,,,,,,,,,,,,,
,,,,,,,,,,,,,,,,,316,2,2024-02-14_20h27.11.143,Symbol-E,2020.1.3,Win32,Firefox,Mozilla/5.0 (Windows NT 10.0; Win64; x64; rv:122.0) Gecko/20100101 Firefox/122.0,60,,,,,,,,,,,,,,,,,,,,,,,,,,,,,,,,,,,,,,media/dnnb.png,3,3,Symb,f,RT,0,0,0,1,8,0,24,0,1,13,99,f,0.716,3,1,f,1,0.716,24,0,24,0,1,,,,,,,,,,,,,
,,,,,,,,,,,,,,,,,316,2,2024-02-14_20h27.11.143,Symbol-E,2020.1.3,Win32,Firefox,Mozilla/5.0 (Windows NT 10.0; Win64; x64; rv:122.0) Gecko/20100101 Firefox/122.0,60,,,,,,,,,,,,,,,,,,,,,,,,,,,,,,,,,,,,,,media/dnnb.png,3,3,Symb,f,RT,0,0,0,1,8,0,25,0,1,13,99,f,0.436,3,1,f,1,0.436,25,0,25,0,1,,,,,,,,,,,,,
,,,,,,,,,,,,,,,,,316,2,2024-02-14_20h27.11.143,Symbol-E,2020.1.3,Win32,Firefox,Mozilla/5.0 (Windows NT 10.0; Win64; x64; rv:122.0) Gecko/20100101 Firefox/122.0,60,,,,,,,,,,,,,,,,,,,,,,,,,,,,,,,,,,,,,,media/dfnb.png,5,1,Symb,u,RT,0,0,0,1,8,0,26,0,1,13,99,u,0.752,5,1,u,1,0.752,26,0,26,0,1,,,,,,,,,,,,,
,,,,,,,,,,,,,,,,,316,2,2024-02-14_20h27.11.143,Symbol-E,2020.1.3,Win32,Firefox,Mozilla/5.0 (Windows NT 10.0; Win64; x64; rv:122.0) Gecko/20100101 Firefox/122.0,60,,,,,,,,,,,,,,,,,,,,,,,,,,,,,,,,,,,,,,media/dinb.png,2,2,Symb,e,RT,0,0,0,1,8,0,27,0,1,13,99,e,2.268,2,1,e,1,2.268,27,0,27,0,1,,,,,,,,,,,,,
,,,,,,,,,,,,,,,,,316,2,2024-02-14_20h27.11.143,Symbol-E,2020.1.3,Win32,Firefox,Mozilla/5.0 (Windows NT 10.0; Win64; x64; rv:122.0) Gecko/20100101 Firefox/122.0,60,,,,,,,,,,,,,,,,,,,,,,,,,,,,,,,,,,,,,,media/dfnb.png,5,1,Symb,u,RT,0,0,0,1,8,0,28,0,1,13,99,u,1.415,5,1,u,1,1.415,28,0,28,0,1,,,,,,,,,,,,,
,,,,,,,,,,,,,,,,,316,2,2024-02-14_20h27.11.143,Symbol-E,2020.1.3,Win32,Firefox,Mozilla/5.0 (Windows NT 10.0; Win64; x64; rv:122.0) Gecko/20100101 Firefox/122.0,60,,,,,,,,,,,,,,,,,,,,,,,,,,,,,,,,,,,,,,media/dgnb.png,1,1,Symb,w,RT,0,0,0,1,8,0,29,0,1,13,99,w,0.918,1,1,w,1,0.918,29,0,29,0,1,,,,,,,,,,,,,
,,,,,,,,,,,,,,,,,316,2,2024-02-14_20h27.11.143,Symbol-E,2020.1.3,Win32,Firefox,Mozilla/5.0 (Windows NT 10.0; Win64; x64; rv:122.0) Gecko/20100101 Firefox/122.0,60,,,,,,,,,,,,,,,,,,,,,,,,,,,,,,,,,,,,,,media/dgnb.png,1,1,Symb,w,RT,0,0,0,1,8,0,30,0,1,13,99,w,0.416,1,1,w,1,0.416,30,0,30,0,1,,,,,,,,,,,,,
,,,,,,,,,,,,,,,,,316,2,2024-02-14_20h27.11.143,Symbol-E,2020.1.3,Win32,Firefox,Mozilla/5.0 (Windows NT 10.0; Win64; x64; rv:122.0) Gecko/20100101 Firefox/122.0,60,,,,,,,,,,,,,,,,,,,,,,,,,,,,,,,,,,,,,,media/ddnb.png,6,2,Symb,i,RT,0,0,0,1,8,0,31,0,1,13,99,i,0.786,6,1,i,1,0.786,31,0,31,0,1,,,,,,,,,,,,,
,,,,,,,,,,,,,,,,,316,2,2024-02-14_20h27.11.143,Symbol-E,2020.1.3,Win32,Firefox,Mozilla/5.0 (Windows NT 10.0; Win64; x64; rv:122.0) Gecko/20100101 Firefox/122.0,60,,,,,,,,,,,,,,,,,,,,,,,,,,,,,,,,,,,,,,media/dcnb.png,4,0,Symb,h,RT,0,0,0,1,8,0,32,0,1,13,99,h,0.817,4,1,h,1,0.817,32,0,32,0,1,,,,,,,,,,,,,
,,,,,,,,,,,,,,,,,316,2,2024-02-14_20h27.11.143,Symbol-E,2020.1.3,Win32,Firefox,Mozilla/5.0 (Windows NT 10.0; Win64; x64; rv:122.0) Gecko/20100101 Firefox/122.0,60,,,,,,,,,,,,,,,,,,,,,,,,,,,,,,,,,,,,,,media/djnb.png,7,3,Symb,l,RT,0,0,0,1,8,0,33,0,1,13,99,l,0.717,7,1,l,1,0.717,33,0,33,0,1,,,,,,,,,,,,,
,,,,,,,,,,,,,,,,,316,2,2024-02-14_20h27.11.143,Symbol-E,2020.1.3,Win32,Firefox,Mozilla/5.0 (Windows NT 10.0; Win64; x64; rv:122.0) Gecko/20100101 Firefox/122.0,60,,,,,,,,,,,,,,,,,,,,,,,,,,,,,,,,,,,,,,media/dnnb.png,3,3,Symb,f,RT,0,0,0,1,8,0,34,0,1,13,99,f,0.65,3,1,f,1,0.65,34,0,34,0,1,,,,,,,,,,,,,
,,,,,,,,,,,,,,,,,316,2,2024-02-14_20h27.11.143,Symbol-E,2020.1.3,Win32,Firefox,Mozilla/5.0 (Windows NT 10.0; Win64; x64; rv:122.0) Gecko/20100101 Firefox/122.0,60,,,,,,,,,,,,,,,,,,,,,,,,,,,,,,,,,,,,,,media/dcnb.png,4,0,Symb,h,RT,0,0,0,1,8,0,35,0,1,13,99,h,0.937,4,1,h,1,0.937,35,0,35,0,1,,,,,,,,,,,,,
,,,,,,,,,,,,,,,,,316,2,2024-02-14_20h27.11.143,Symbol-E,2020.1.3,Win32,Firefox,Mozilla/5.0 (Windows NT 10.0; Win64; x64; rv:122.0) Gecko/20100101 Firefox/122.0,60,,,,,,,,,,,,,,,,,,,,,,,,,,,,,,,,,,,,,,media/ddnb.png,6,2,Symb,i,RT,0,0,0,1,8,0,36,0,1,13,99,i,0.836,6,1,i,1,0.836,36,0,36,0,1,,,,,,,,,,,,,
,,,,,,,,,,,,,,,,,316,2,2024-02-14_20h27.11.143,Symbol-E,2020.1.3,Win32,Firefox,Mozilla/5.0 (Windows NT 10.0; Win64; x64; rv:122.0) Gecko/20100101 Firefox/122.0,60,,,,,,,,,,,,,,,,,,,,,,,,,,,,,,,,,,,,,,media/djnb.png,7,3,Symb,l,RT,0,0,0,1,8,0,37,0,1,13,99,l,0.717,7,1,l,1,0.717,37,0,37,0,1,,,,,,,,,,,,,
,,,,,,,,,,,,,,,,,316,2,2024-02-14_20h27.11.143,Symbol-E,2020.1.3,Win32,Firefox,Mozilla/5.0 (Windows NT 10.0; Win64; x64; rv:122.0) Gecko/20100101 Firefox/122.0,60,,,,,,,,,,,,,,,,,,,,,,,,,,,,,,,,,,,,,,media/dmnb.png,0,0,Symb,a,RT,0,0,0,1,8,0,38,0,1,13,99,a,0.65,0,1,a,1,0.65,38,0,38,0,1,,,,,,,,,,,,,
,,,,,,,,,,,,,,,,,316,2,2024-02-14_20h27.11.143,Symbol-E,2020.1.3,Win32,Firefox,Mozilla/5.0 (Windows NT 10.0; Win64; x64; rv:122.0) Gecko/20100101 Firefox/122.0,60,,,,,,,,,,,,,,,,,,,,,,,,,,,,,,,,,,,,,,media/dinb.png,2,2,Symb,e,RT,0,0,0,1,8,0,39,0,1,13,99,e,0.921,2,1,e,1,0.921,39,0,39,0,1,,,,,,,,,,,,,
,,,,,,,,,,,,,,,,,316,2,2024-02-14_20h27.11.143,Symbol-E,2020.1.3,Win32,Firefox,Mozilla/5.0 (Windows NT 10.0; Win64; x64; rv:122.0) Gecko/20100101 Firefox/122.0,60,,,,,,,,,,,,,,,,,,,,,,,,,,,,,,,,,,,,,,media/dfnb.png,5,1,Symb,u,RT,0,0,0,1,8,0,40,0,1,13,99,u,0.799,5,1,u,1,0.799,40,0,40,0,1,,,,,,,,,,,,,
,,,,,,,,,,,,,,,,,316,2,2024-02-14_20h27.11.143,Symbol-E,2020.1.3,Win32,Firefox,Mozilla/5.0 (Windows NT 10.0; Win64; x64; rv:122.0) Gecko/20100101 Firefox/122.0,60,,,,,,,,,,,,,,,,,,,,,,,,,,,,,,,,,,,,,,media/dinb.png,2,2,Symb,e,RT,0,0,0,1,8,0,41,0,1,13,99,e,1.134,2,1,e,1,1.134,41,0,41,0,1,,,,,,,,,,,,,
,,,,,,,,,,,,,,,,,316,2,2024-02-14_20h27.11.143,Symbol-E,2020.1.3,Win32,Firefox,Mozilla/5.0 (Windows NT 10.0; Win64; x64; rv:122.0) Gecko/20100101 Firefox/122.0,60,,,,,,,,,,,,,,,,,,,,,,,,,,,,,,,,,,,,,,media/ddnb.png,6,2,Symb,i,RT,0,0,0,1,8,0,42,0,1,13,99,i,0.651,6,1,i,1,0.651,42,0,42,0,1,,,,,,,,,,,,,
,,,,,,,,,,,,,,,,,316,2,2024-02-14_20h27.11.143,Symbol-E,2020.1.3,Win32,Firefox,Mozilla/5.0 (Windows NT 10.0; Win64; x64; rv:122.0) Gecko/20100101 Firefox/122.0,60,,,,,,,,,,,,,,,,,,,,,,,,,,,,,,,,,,,,,,media/dnnb.png,3,3,Symb,f,RT,0,0,0,1,8,0,43,0,1,13,99,f,2.299,3,1,f,1,2.299,43,0,43,0,1,,,,,,,,,,,,,
,,,,,,,,,,,,,,,,,316,2,2024-02-14_20h27.11.143,Symbol-E,2020.1.3,Win32,Firefox,Mozilla/5.0 (Windows NT 10.0; Win64; x64; rv:122.0) Gecko/20100101 Firefox/122.0,60,,,,,,,,,,,,,,,,,,,,,,,,,,,,,,,,,,,,,,media/dfnb.png,5,1,Symb,u,RT,0,0,0,1,8,0,44,0,1,13,99,u,0.717,5,1,u,1,0.717,44,0,44,0,1,,,,,,,,,,,,,
,,,,,,,,,,,,,,,,,316,2,2024-02-14_20h27.11.143,Symbol-E,2020.1.3,Win32,Firefox,Mozilla/5.0 (Windows NT 10.0; Win64; x64; rv:122.0) Gecko/20100101 Firefox/122.0,60,,,,,,,,,,,,,,,,,,,,,,,,,,,,,,,,,,,,,,media/dgnb.png,1,1,Symb,w,RT,0,0,0,1,8,0,45,0,1,13,99,w,1.166,1,1,w,1,1.166,45,0,45,0,1,,,,,,,,,,,,,
,,,,,,,,,,,,,,,,,316,2,2024-02-14_20h27.11.143,Symbol-E,2020.1.3,Win32,Firefox,Mozilla/5.0 (Windows NT 10.0; Win64; x64; rv:122.0) Gecko/20100101 Firefox/122.0,60,,,,,,,,,,,,,,,,,,,,,,,,,,,,,,,,,,,,,,media/dgnb.png,1,1,Symb,w,RT,0,0,0,1,8,0,46,0,1,13,99,w,0.486,1,1,w,1,0.486,46,0,46,0,1,,,,,,,,,,,,,
,,,,,,,,,,,,,,,,,316,2,2024-02-14_20h27.11.143,Symbol-E,2020.1.3,Win32,Firefox,Mozilla/5.0 (Windows NT 10.0; Win64; x64; rv:122.0) Gecko/20100101 Firefox/122.0,60,,,,,,,,,,,,,,,,,,,,,,,,,,,,,,,,,,,,,,media/dmnb.png,0,0,Symb,a,RT,0,0,0,1,8,0,47,0,1,13,99,a,0.718,0,1,a,1,0.718,47,0,47,0,1,,,,,,,,,,,,,
,,,,,,,,,,,,,,,,,316,2,2024-02-14_20h27.11.143,Symbol-E,2020.1.3,Win32,Firefox,Mozilla/5.0 (Windows NT 10.0; Win64; x64; rv:122.0) Gecko/20100101 Firefox/122.0,60,,,,,,,,,,,,,,,,,,,,,,,,,,,,,,,,,,,,,,media/djnb.png,7,3,Symb,l,RT,0,0,0,1,8,0,48,0,1,13,99,l,1.217,7,1,l,1,1.217,48,0,48,0,1,,,,,,,,,,,,,
,,,,,,,,,,,,,,,,,316,2,2024-02-14_20h27.11.143,Symbol-E,2020.1.3,Win32,Firefox,Mozilla/5.0 (Windows NT 10.0; Win64; x64; rv:122.0) Gecko/20100101 Firefox/122.0,60,,,,,,,,,,,,,,,,,,,,,,,,,,,,,,,,,,,,,,media/dgnb.png,1,1,Symb,w,RT,0,0,0,1,8,0,49,0,1,13,99,w,0.837,1,1,w,1,0.837,49,0,49,0,1,,,,,,,,,,,,,
,,,,,,,,,,,,,,,,,316,2,2024-02-14_20h27.11.143,Symbol-E,2020.1.3,Win32,Firefox,Mozilla/5.0 (Windows NT 10.0; Win64; x64; rv:122.0) Gecko/20100101 Firefox/122.0,60,,,,,,,,,,,,,,,,,,,,,,,,,,,,,,,,,,,,,,media/dgnb.png,1,1,Symb,w,RT,0,0,0,1,8,0,50,0,1,13,99,w,0.417,1,1,w,1,0.417,50,0,50,0,1,,,,,,,,,,,,,
,,,,,,,,,,,,,,,,,316,2,2024-02-14_20h27.11.143,Symbol-E,2020.1.3,Win32,Firefox,Mozilla/5.0 (Windows NT 10.0; Win64; x64; rv:122.0) Gecko/20100101 Firefox/122.0,60,,,,,,,,,,,,,,,,,,,,,,,,,,,,,,,,,,,,,,media/dnnb.png,3,3,Symb,f,RT,0,0,0,1,8,0,51,0,1,13,99,f,0.75,3,1,f,1,0.75,51,0,51,0,1,,,,,,,,,,,,,
,,,,,,,,,,,,,,,,,316,2,2024-02-14_20h27.11.143,Symbol-E,2020.1.3,Win32,Firefox,Mozilla/5.0 (Windows NT 10.0; Win64; x64; rv:122.0) Gecko/20100101 Firefox/122.0,60,,,,,,,,,,,,,,,,,,,,,,,,,,,,,,,,,,,,,,media/ddnb.png,6,2,Symb,i,RT,0,0,0,1,8,0,52,0,1,13,99,i,3.8,6,1,i,1,3.8,52,0,52,0,1,,,,,,,,,,,,,
,,,,,,,,,,,,,,,,,316,2,2024-02-14_20h27.11.143,Symbol-E,2020.1.3,Win32,Firefox,Mozilla/5.0 (Windows NT 10.0; Win64; x64; rv:122.0) Gecko/20100101 Firefox/122.0,60,,,,,,,,,,,,,,,,,,,,,,,,,,,,,,,,,,,,,,media/dmnb.png,0,0,Symb,a,RT,0,0,0,1,8,0,53,0,1,13,99,a,0.635,0,1,a,1,0.635,53,0,53,0,1,,,,,,,,,,,,,
,,,,,,,,,,,,,,,,,316,2,2024-02-14_20h27.11.143,Symbol-E,2020.1.3,Win32,Firefox,Mozilla/5.0 (Windows NT 10.0; Win64; x64; rv:122.0) Gecko/20100101 Firefox/122.0,60,,,,,,,,,,,,,,,,,,,,,,,,,,,,,,,,,,,,,,media/djnb.png,7,3,Symb,l,RT,0,0,0,1,8,0,54,0,1,13,99,l,1.149,7,1,l,1,1.149,54,0,54,0,1,,,,,,,,,,,,,
,,,,,,,,,,,,,,,,,316,2,2024-02-14_20h27.11.143,Symbol-E,2020.1.3,Win32,Firefox,Mozilla/5.0 (Windows NT 10.0; Win64; x64; rv:122.0) Gecko/20100101 Firefox/122.0,60,,,,,,,,,,,,,,,,,,,,,,,,,,,,,,,,,,,,,,media/dfnb.png,5,1,Symb,u,RT,0,0,0,1,8,0,55,0,1,13,99,u,0.955,5,1,u,1,0.955,55,0,55,0,1,,,,,,,,,,,,,
,,,,,,,,,,,,,,,,,316,2,2024-02-14_20h27.11.143,Symbol-E,2020.1.3,Win32,Firefox,Mozilla/5.0 (Windows NT 10.0; Win64; x64; rv:122.0) Gecko/20100101 Firefox/122.0,60,,,,,,,,,,,,,,,,,,,,,,,,,,,,,,,,,,,,,,media/ddnb.png,6,2,Symb,i,RT,0,0,0,1,8,0,56,0,1,13,99,i,0.85,6,1,i,1,0.85,56,0,56,0,1,,,,,,,,,,,,,
,,,,,,,,,,,,,,,,,316,2,2024-02-14_20h27.11.143,Symbol-E,2020.1.3,Win32,Firefox,Mozilla/5.0 (Windows NT 10.0; Win64; x64; rv:122.0) Gecko/20100101 Firefox/122.0,60,,,,,,,,,,,,,,,,,,,,,,,,,,,,,,,,,,,,,,media/dmnb.png,0,0,Symb,a,RT,0,0,0,1,8,0,57,0,1,13,99,a,0.617,0,1,a,1,0.617,57,0,57,0,1,,,,,,,,,,,,,
,,,,,,,,,,,,,,,,,316,2,2024-02-14_20h27.11.143,Symbol-E,2020.1.3,Win32,Firefox,Mozilla/5.0 (Windows NT 10.0; Win64; x64; rv:122.0) Gecko/20100101 Firefox/122.0,60,,,,,,,,,,,,,,,,,,,,,,,,,,,,,,,,,,,,,,media/dinb.png,2,2,Symb,e,RT,0,0,0,1,8,0,58,0,1,13,99,e,0.683,2,1,e,1,0.683,58,0,58,0,1,,,,,,,,,,,,,
,,,,,,,,,,,,,,,,,316,2,2024-02-14_20h27.11.143,Symbol-E,2020.1.3,Win32,Firefox,Mozilla/5.0 (Windows NT 10.0; Win64; x64; rv:122.0) Gecko/20100101 Firefox/122.0,60,,,,,,,,,,,,,,,,,,,,,,,,,,,,,,,,,,,,,,media/dinb.png,2,2,Symb,e,RT,0,0,0,1,8,0,59,0,1,13,99,e,0.501,2,1,e,1,0.501,59,0,59,0,1,,,,,,,,,,,,,
,,,,,,,,,,,,,,,,,316,2,2024-02-14_20h27.11.143,Symbol-E,2020.1.3,Win32,Firefox,Mozilla/5.0 (Windows NT 10.0; Win64; x64; rv:122.0) Gecko/20100101 Firefox/122.0,60,,,,,,,,,,,,,,,,,,,,,,,,,,,,,,,,,,,,,,media/dcnb.png,4,0,Symb,h,RT,0,0,0,1,8,0,60,0,1,13,99,h,1.034,4,1,h,1,1.034,60,0,60,0,1,,,,,,,,,,,,,
,,,,,,,,,,,,,,,,,316,2,2024-02-14_20h27.11.143,Symbol-E,2020.1.3,Win32,Firefox,Mozilla/5.0 (Windows NT 10.0; Win64; x64; rv:122.0) Gecko/20100101 Firefox/122.0,60,,,,,,,,,,,,,,,,,,,,,,,,,,,,,,,,,,,,,,media/dnnb.png,3,3,Symb,f,RT,0,0,0,1,8,0,61,0,1,13,99,f,0.734,3,1,f,1,0.734,61,0,61,0,1,,,,,,,,,,,,,
,,,,,,,,,,,,,,,,,316,2,2024-02-14_20h27.11.143,Symbol-E,2020.1.3,Win32,Firefox,Mozilla/5.0 (Windows NT 10.0; Win64; x64; rv:122.0) Gecko/20100101 Firefox/122.0,60,,,,,,,,,,,,,,,,,,,,,,,,,,,,,,,,,,,,,,media/dfnb.png,5,1,Symb,u,RT,0,0,0,1,8,0,62,0,1,13,99,u,0.585,5,1,u,1,0.585,62,0,62,0,1,,,,,,,,,,,,,
,,,,,,,,,,,,,,,,,316,2,2024-02-14_20h27.11.143,Symbol-E,2020.1.3,Win32,Firefox,Mozilla/5.0 (Windows NT 10.0; Win64; x64; rv:122.0) Gecko/20100101 Firefox/122.0,60,,,,,,,,,,,,,,,,,,,,,,,,,,,,,,,,,,,,,,media/dcnb.png,4,0,Symb,h,RT,0,0,0,1,8,0,63,0,1,13,99,h,0.566,4,1,h,1,0.566,63,0,63,0,1,,,,,,,,,,,,,
,,,,,,,,,,,,,,,,,316,2,2024-02-14_20h27.11.143,Symbol-E,2020.1.3,Win32,Firefox,Mozilla/5.0 (Windows NT 10.0; Win64; x64; rv:122.0) Gecko/20100101 Firefox/122.0,60,,,,,,,,,,,,,,,,,,,,,,,,,,,,,,,,,,,,,,media/dmnb.png,0,0,Symb,a,RT,0,0,0,1,8,0,64,0,1,13,99,a,0.62,0,1,a,1,0.62,64,0,64,0,1,,,,,,,,,,,,,
,,,,,,,,,,,,,,,,,316,2,2024-02-14_20h27.11.143,Symbol-E,2020.1.3,Win32,Firefox,Mozilla/5.0 (Windows NT 10.0; Win64; x64; rv:122.0) Gecko/20100101 Firefox/122.0,60,,,,,,,,,,,,,,,,,,,,,,,,,,,,,,,,,,,,,,media/dinb.png,2,2,Symb,e,RT,0,0,0,1,8,0,65,0,1,13,99,e,1.136,2,1,e,1,1.136,65,0,65,0,1,,,,,,,,,,,,,
,,,,,,,,,,,,,,,,,316,2,2024-02-14_20h27.11.143,Symbol-E,2020.1.3,Win32,Firefox,Mozilla/5.0 (Windows NT 10.0; Win64; x64; rv:122.0) Gecko/20100101 Firefox/122.0,60,,,,,,,,,,,,,,,,,,,,,,,,,,,,,,,,,,,,,,media/ddnb.png,6,2,Symb,i,RT,0,0,0,1,8,0,66,0,1,13,99,i,0.653,6,1,i,1,0.653,66,0,66,0,1,,,,,,,,,,,,,
,,,,,,,,,,,,,,,,,316,2,2024-02-14_20h27.11.143,Symbol-E,2020.1.3,Win32,Firefox,Mozilla/5.0 (Windows NT 10.0; Win64; x64; rv:122.0) Gecko/20100101 Firefox/122.0,60,,,,,,,,,,,,,,,,,,,,,,,,,,,,,,,,,,,,,,media/dgnb.png,1,1,Symb,w,RT,0,0,0,1,8,0,67,0,1,13,99,w,0.751,1,1,w,1,0.751,67,0,67,0,1,,,,,,,,,,,,,
,,,,,,,,,,,,,,,,,316,2,2024-02-14_20h27.11.143,Symbol-E,2020.1.3,Win32,Firefox,Mozilla/5.0 (Windows NT 10.0; Win64; x64; rv:122.0) Gecko/20100101 Firefox/122.0,60,,,,,,,,,,,,,,,,,,,,,,,,,,,,,,,,,,,,,,media/djnb.png,7,3,Symb,l,RT,0,0,0,1,8,0,68,0,1,13,99,l,0.604,7,1,l,1,0.604,68,0,68,0,1,,,,,,,,,,,,,
,,,,,,,,,,,,,,,,,316,2,2024-02-14_20h27.11.143,Symbol-E,2020.1.3,Win32,Firefox,Mozilla/5.0 (Windows NT 10.0; Win64; x64; rv:122.0) Gecko/20100101 Firefox/122.0,60,,,,,,,,,,,,,,,,,,,,,,,,,,,,,,,,,,,,,,media/dnnb.png,3,3,Symb,f,RT,0,0,0,1,8,0,69,0,1,13,99,f,0.768,3,1,f,1,0.768,69,0,69,0,1,,,,,,,,,,,,,
,,,,,,,,,,,,,,,,,316,2,2024-02-14_20h27.11.143,Symbol-E,2020.1.3,Win32,Firefox,Mozilla/5.0 (Windows NT 10.0; Win64; x64; rv:122.0) Gecko/20100101 Firefox/122.0,60,,,,,,,,,,,,,,,,,,,,,,,,,,,,,,,,,,,,,,media/dcnb.png,4,0,Symb,h,RT,0,0,0,1,8,0,70,0,1,13,99,h,1.916,4,1,h,1,1.916,70,0,70,0,1,,,,,,,,,,,,,
,,,,,,,,,,,,,,,,,316,2,2024-02-14_20h27.11.143,Symbol-E,2020.1.3,Win32,Firefox,Mozilla/5.0 (Windows NT 10.0; Win64; x64; rv:122.0) Gecko/20100101 Firefox/122.0,60,,,,,,,,,,,,,,,,,,,,,,,,,,,,,,,,,,,,,,media/dfnb.png,5,1,Symb,u,RT,0,0,0,1,8,0,71,0,1,13,99,u,0.57,5,1,u,1,0.57,71,0,71,0,1,,,,,,,,,,,,,
,,,,,,,,,,,,,,,,,316,2,2024-02-14_20h27.11.143,Symbol-E,2020.1.3,Win32,Firefox,Mozilla/5.0 (Windows NT 10.0; Win64; x64; rv:122.0) Gecko/20100101 Firefox/122.0,60,,,,,,,,,,,,,,,,,,,,,,,,,,,,,,,,,,,,,,media/ddnb.png,6,2,Symb,i,RT,0,0,0,1,8,0,72,0,1,13,99,i,0.783,6,1,i,1,0.783,72,0,72,0,1,,,,,,,,,,,,,
,,,,,,,,,,,,,,,,,316,2,2024-02-14_20h27.11.143,Symbol-E,2020.1.3,Win32,Firefox,Mozilla/5.0 (Windows NT 10.0; Win64; x64; rv:122.0) Gecko/20100101 Firefox/122.0,60,,,,,,,,,,,,,,,,,,,,,,,,,,,,,,,,,,,,,,media/djnb.png,7,3,Symb,l,RT,0,0,0,1,8,0,73,0,1,13,99,l,0.669,7,1,l,1,0.669,73,0,73,0,1,,,,,,,,,,,,,
,,,,,,,,,,,,,,,,,316,2,2024-02-14_20h27.11.143,Symbol-E,2020.1.3,Win32,Firefox,Mozilla/5.0 (Windows NT 10.0; Win64; x64; rv:122.0) Gecko/20100101 Firefox/122.0,60,,,,,,,,,,,,,,,,,,,,,,,,,,,,,,,,,,,,,,media/dnnb.png,3,3,Symb,f,RT,0,0,0,1,8,0,74,0,1,13,99,f,0.587,3,1,f,1,0.587,74,0,74,0,1,,,,,,,,,,,,,
,,,,,,,,,,,,,,,,,316,2,2024-02-14_20h27.11.143,Symbol-E,2020.1.3,Win32,Firefox,Mozilla/5.0 (Windows NT 10.0; Win64; x64; rv:122.0) Gecko/20100101 Firefox/122.0,60,,,,,,,,,,,,,,,,,,,,,,,,,,,,,,,,,,,,,,media/dinb.png,2,2,Symb,e,RT,0,0,0,1,8,0,75,0,1,13,99,e,0.866,2,1,e,1,0.866,75,0,75,0,1,,,,,,,,,,,,,
,,,,,,,,,,,,,,,,,316,2,2024-02-14_20h27.11.143,Symbol-E,2020.1.3,Win32,Firefox,Mozilla/5.0 (Windows NT 10.0; Win64; x64; rv:122.0) Gecko/20100101 Firefox/122.0,60,,,,,,,,,,,,,,,,,,,,,,,,,,,,,,,,,,,,,,media/dmnb.png,0,0,Symb,a,RT,0,0,0,1,8,0,76,0,1,13,99,a,1.251,0,1,a,1,1.251,76,0,76,0,1,,,,,,,,,,,,,
,,,,,,,,,,,,,,,,,316,2,2024-02-14_20h27.11.143,Symbol-E,2020.1.3,Win32,Firefox,Mozilla/5.0 (Windows NT 10.0; Win64; x64; rv:122.0) Gecko/20100101 Firefox/122.0,60,,,,,,,,,,,,,,,,,,,,,,,,,,,,,,,,,,,,,,media/dgnb.png,1,1,Symb,w,RT,0,0,0,1,8,0,77,0,1,13,99,w,1.88,1,1,w,1,1.88,77,0,77,0,1,,,,,,,,,,,,,
,,,,,,,,,,,,,,,,,316,2,2024-02-14_20h27.11.143,Symbol-E,2020.1.3,Win32,Firefox,Mozilla/5.0 (Windows NT 10.0; Win64; x64; rv:122.0) Gecko/20100101 Firefox/122.0,60,,,,,,,,,,,,,,,,,,,,,,,,,,,,,,,,,,,,,,media/dcnb.png,4,0,Symb,h,RT,0,0,0,1,8,0,78,0,1,13,99,h,0.816,4,1,h,1,0.816,78,0,78,0,1,,,,,,,,,,,,,
,,,,,,,,,,,,,,,,,316,2,2024-02-14_20h27.11.143,Symbol-E,2020.1.3,Win32,Firefox,Mozilla/5.0 (Windows NT 10.0; Win64; x64; rv:122.0) Gecko/20100101 Firefox/122.0,60,,,,,,,,,,,,,,,,,,,,,,,,,,,,,,,,,,,,,,media/dfnb.png,5,1,Symb,u,RT,0,0,0,1,8,0,79,0,1,13,99,u,0.636,5,1,u,1,0.636,79,0,79,0,1,,,,,,,,,,,,,
,,,,,,,,,,,,,,,,,316,2,2024-02-14_20h27.11.143,Symbol-E,2020.1.3,Win32,Firefox,Mozilla/5.0 (Windows NT 10.0; Win64; x64; rv:122.0) Gecko/20100101 Firefox/122.0,60,,,,,,,,,,,,,,,,,,,,,,,,,,,,,,,,,,,,,,media/dgnb.png,1,1,Symb,w,RT,0,0,0,1,8,0,80,0,1,13,99,w,0.637,1,1,w,1,0.637,80,0,80,0,1,,,,,,,,,,,,,
,,,,,,,,,,,,,,,,,316,2,2024-02-14_20h27.11.143,Symbol-E,2020.1.3,Win32,Firefox,Mozilla/5.0 (Windows NT 10.0; Win64; x64; rv:122.0) Gecko/20100101 Firefox/122.0,60,,,,,,,,,,,,,,,,,,,,,,,,,,,,,,,,,,,,,,media/dcnb.png,4,0,Symb,h,RT,0,0,0,1,8,0,81,0,1,13,99,h,0.581,4,1,h,1,0.581,81,0,81,0,1,,,,,,,,,,,,,
,,,,,,,,,,,,,,,,,316,2,2024-02-14_20h27.11.143,Symbol-E,2020.1.3,Win32,Firefox,Mozilla/5.0 (Windows NT 10.0; Win64; x64; rv:122.0) Gecko/20100101 Firefox/122.0,60,,,,,,,,,,,,,,,,,,,,,,,,,,,,,,,,,,,,,,media/djnb.png,7,3,Symb,l,RT,0,0,0,1,8,0,82,0,1,13,99,l,0.599,7,1,l,1,0.599,82,0,82,0,1,,,,,,,,,,,,,
,,,,,,,,,,,,,,,,,316,2,2024-02-14_20h27.11.143,Symbol-E,2020.1.3,Win32,Firefox,Mozilla/5.0 (Windows NT 10.0; Win64; x64; rv:122.0) Gecko/20100101 Firefox/122.0,60,,,,,,,,,,,,,,,,,,,,,,,,,,,,,,,,,,,,,,media/dinb.png,2,2,Symb,e,RT,0,0,0,1,8,0,83,0,1,13,99,e,0.584,2,1,e,1,0.584,83,0,83,0,1,,,,,,,,,,,,,
,,,,,,,,,,,,,,,,,316,2,2024-02-14_20h27.11.143,Symbol-E,2020.1.3,Win32,Firefox,Mozilla/5.0 (Windows NT 10.0; Win64; x64; rv:122.0) Gecko/20100101 Firefox/122.0,60,,,,,,,,,,,,,,,,,,,,,,,,,,,,,,,,,,,,,,media/ddnb.png,6,2,Symb,i,RT,0,0,0,1,8,0,84,0,1,13,99,i,0.619,6,1,i,1,0.619,84,0,84,0,1,,,,,,,,,,,,,
,,,,,,,,,,,,,,,,,316,2,2024-02-14_20h27.11.143,Symbol-E,2020.1.3,Win32,Firefox,Mozilla/5.0 (Windows NT 10.0; Win64; x64; rv:122.0) Gecko/20100101 Firefox/122.0,60,,,,,,,,,,,,,,,,,,,,,,,,,,,,,,,,,,,,,,media/djnb.png,7,3,Symb,l,RT,0,0,0,1,8,0,85,0,1,13,99,l,0.684,7,1,l,1,0.684,85,0,85,0,1,,,,,,,,,,,,,
,,,,,,,,,,,,,,,,,316,2,2024-02-14_20h27.11.143,Symbol-E,2020.1.3,Win32,Firefox,Mozilla/5.0 (Windows NT 10.0; Win64; x64; rv:122.0) Gecko/20100101 Firefox/122.0,60,,,,,,,,,,,,,,,,,,,,,,,,,,,,,,,,,,,,,,media/dfnb.png,5,1,Symb,u,RT,0,0,0,1,8,0,86,0,1,13,99,u,0.518,5,1,u,1,0.518,86,0,86,0,1,,,,,,,,,,,,,
,,,,,,,,,,,,,,,,,316,2,2024-02-14_20h27.11.143,Symbol-E,2020.1.3,Win32,Firefox,Mozilla/5.0 (Windows NT 10.0; Win64; x64; rv:122.0) Gecko/20100101 Firefox/122.0,60,,,,,,,,,,,,,,,,,,,,,,,,,,,,,,,,,,,,,,media/ddnb.png,6,2,Symb,i,RT,0,0,0,1,8,0,87,0,1,13,99,i,0.701,6,1,i,1,0.701,87,0,87,0,1,,,,,,,,,,,,,
,,,,,,,,,,,,,,,,,316,2,2024-02-14_20h27.11.143,Symbol-E,2020.1.3,Win32,Firefox,Mozilla/5.0 (Windows NT 10.0; Win64; x64; rv:122.0) Gecko/20100101 Firefox/122.0,60,,,,,,,,,,,,,,,,,,,,,,,,,,,,,,,,,,,,,,media/dnnb.png,3,3,Symb,f,RT,0,0,0,1,8,0,88,0,1,13,99,l,0.533,7,0,l,0,0.533,88,0,88,0,1,,,,,,,,,,,,,
,,,,,,,,,,,,,,,,,316,2,2024-02-14_20h27.11.143,Symbol-E,2020.1.3,Win32,Firefox,Mozilla/5.0 (Windows NT 10.0; Win64; x64; rv:122.0) Gecko/20100101 Firefox/122.0,60,,,,,,,,,,,,,,,,,,,,,,,,,,,,,,,,,,,,,,media/dmnb.png,0,0,Symb,a,RT,0,0,0,1,8,0,89,0,1,13,99,a,0.752,0,1,a,1,0.752,89,0,89,0,1,,,,,,,,,,,,,
,,,,,,,,,,,,,,,,,316,2,2024-02-14_20h27.11.143,Symbol-E,2020.1.3,Win32,Firefox,Mozilla/5.0 (Windows NT 10.0; Win64; x64; rv:122.0) Gecko/20100101 Firefox/122.0,60,,,,,,,,,,,,,,,,,,,,,,,,,,,,,,,,,,,,,,media/dmnb.png,0,0,Symb,a,RT,0,0,0,1,8,0,90,0,1,13,99,a,0.485,0,1,a,1,0.485,90,0,90,0,1,,,,,,,,,,,,,
,,,,,,,,,,,,,,,,,316,2,2024-02-14_20h27.11.143,Symbol-E,2020.1.3,Win32,Firefox,Mozilla/5.0 (Windows NT 10.0; Win64; x64; rv:122.0) Gecko/20100101 Firefox/122.0,60,,,,,,,,,,,,,,,,,,,,,,,,,,,,,,,,,,,,,,media/dnnb.png,3,3,Symb,f,RT,0,0,0,1,8,0,91,0,1,13,99,f,1.155,3,1,f,1,1.155,91,0,91,0,1,,,,,,,,,,,,,
,,,,,,,,,,,,,,,,,316,2,2024-02-14_20h27.11.143,Symbol-E,2020.1.3,Win32,Firefox,Mozilla/5.0 (Windows NT 10.0; Win64; x64; rv:122.0) Gecko/20100101 Firefox/122.0,60,,,,,,,,,,,,,,,,,,,,,,,,,,,,,,,,,,,,,,media/dcnb.png,4,0,Symb,h,RT,0,0,0,1,8,0,92,0,1,13,99,h,0.934,4,1,h,1,0.934,92,0,92,0,1,,,,,,,,,,,,,
,,,,,,,,,,,,,,,,,316,2,2024-02-14_20h27.11.143,Symbol-E,2020.1.3,Win32,Firefox,Mozilla/5.0 (Windows NT 10.0; Win64; x64; rv:122.0) Gecko/20100101 Firefox/122.0,60,,,,,,,,,,,,,,,,,,,,,,,,,,,,,,,,,,,,,,media/dgnb.png,1,1,Symb,w,RT,0,0,0,1,8,0,93,0,1,13,99,w,0.833,1,1,w,1,0.833,93,0,93,0,1,,,,,,,,,,,,,
,,,,,,,,,,,,,,,,,316,2,2024-02-14_20h27.11.143,Symbol-E,2020.1.3,Win32,Firefox,Mozilla/5.0 (Windows NT 10.0; Win64; x64; rv:122.0) Gecko/20100101 Firefox/122.0,60,,,,,,,,,,,,,,,,,,,,,,,,,,,,,,,,,,,,,,media/dfnb.png,5,1,Symb,u,RT,0,0,0,1,8,0,94,0,1,13,99,u,0.534,5,1,u,1,0.534,94,0,94,0,1,,,,,,,,,,,,,
,,,,,,,,,,,,,,,,,316,2,2024-02-14_20h27.11.143,Symbol-E,2020.1.3,Win32,Firefox,Mozilla/5.0 (Windows NT 10.0; Win64; x64; rv:122.0) Gecko/20100101 Firefox/122.0,60,,,,,,,,,,,,,,,,,,,,,,,,,,,,,,,,,,,,,,media/dinb.png,2,2,Symb,e,RT,0,0,0,1,8,0,95,0,1,13,99,e,0.817,2,1,e,1,0.817,95,0,95,0,1,,,,,,,,,,,,,
,,,,,,,,,,,,,,,,,316,2,2024-02-14_20h27.11.143,Symbol-E,2020.1.3,Win32,Firefox,Mozilla/5.0 (Windows NT 10.0; Win64; x64; rv:122.0) Gecko/20100101 Firefox/122.0,60,,,,,,,,,,,,,,,,,,,,,,,,,,,,,,,,,,,,,,,,,,,,,,,,,,,,,,,,,,,,,,,,,,,12,0,12,0,1,,,,,,,,
,,,,,,,,,,,,,,,,,316,2,2024-02-14_20h27.11.143,Symbol-E,2020.1.3,Win32,Firefox,Mozilla/5.0 (Windows NT 10.0; Win64; x64; rv:122.0) Gecko/20100101 Firefox/122.0,60,,,,,,,,,,,,,,,,,,,,,,,,,,,,,,,,,,,,h,87.937,media/dinb.png,2,2,Symb,e,RT,0,0,0,1,8,0,0,0,1,14,99,e,2.9,2,1,e,1,2.9,0,0,0,0,1,,,,,,,,,,,,,
,,,,,,,,,,,,,,,,,316,2,2024-02-14_20h27.11.143,Symbol-E,2020.1.3,Win32,Firefox,Mozilla/5.0 (Windows NT 10.0; Win64; x64; rv:122.0) Gecko/20100101 Firefox/122.0,60,,,,,,,,,,,,,,,,,,,,,,,,,,,,,,,,,,,,,,media/dinb.png,2,2,Symb,e,RT,0,0,0,1,8,0,1,0,1,14,99,e,0.467,2,1,e,1,0.467,1,0,1,0,1,,,,,,,,,,,,,
,,,,,,,,,,,,,,,,,316,2,2024-02-14_20h27.11.143,Symbol-E,2020.1.3,Win32,Firefox,Mozilla/5.0 (Windows NT 10.0; Win64; x64; rv:122.0) Gecko/20100101 Firefox/122.0,60,,,,,,,,,,,,,,,,,,,,,,,,,,,,,,,,,,,,,,media/dnnb.png,3,3,Symb,f,RT,0,0,0,1,8,0,2,0,1,14,99,f,0.651,3,1,f,1,0.651,2,0,2,0,1,,,,,,,,,,,,,
,,,,,,,,,,,,,,,,,316,2,2024-02-14_20h27.11.143,Symbol-E,2020.1.3,Win32,Firefox,Mozilla/5.0 (Windows NT 10.0; Win64; x64; rv:122.0) Gecko/20100101 Firefox/122.0,60,,,,,,,,,,,,,,,,,,,,,,,,,,,,,,,,,,,,,,media/dgnb.png,1,1,Symb,w,RT,0,0,0,1,8,0,3,0,1,14,99,w,0.833,1,1,w,1,0.833,3,0,3,0,1,,,,,,,,,,,,,
,,,,,,,,,,,,,,,,,316,2,2024-02-14_20h27.11.143,Symbol-E,2020.1.3,Win32,Firefox,Mozilla/5.0 (Windows NT 10.0; Win64; x64; rv:122.0) Gecko/20100101 Firefox/122.0,60,,,,,,,,,,,,,,,,,,,,,,,,,,,,,,,,,,,,,,media/dcnb.png,4,0,Symb,h,RT,0,0,0,1,8,0,4,0,1,14,99,h,0.817,4,1,h,1,0.817,4,0,4,0,1,,,,,,,,,,,,,
,,,,,,,,,,,,,,,,,316,2,2024-02-14_20h27.11.143,Symbol-E,2020.1.3,Win32,Firefox,Mozilla/5.0 (Windows NT 10.0; Win64; x64; rv:122.0) Gecko/20100101 Firefox/122.0,60,,,,,,,,,,,,,,,,,,,,,,,,,,,,,,,,,,,,,,media/djnb.png,7,3,Symb,l,RT,0,0,0,1,8,0,5,0,1,14,99,l,0.599,7,1,l,1,0.599,5,0,5,0,1,,,,,,,,,,,,,
,,,,,,,,,,,,,,,,,316,2,2024-02-14_20h27.11.143,Symbol-E,2020.1.3,Win32,Firefox,Mozilla/5.0 (Windows NT 10.0; Win64; x64; rv:122.0) Gecko/20100101 Firefox/122.0,60,,,,,,,,,,,,,,,,,,,,,,,,,,,,,,,,,,,,,,media/dmnb.png,0,0,Symb,a,RT,0,0,0,1,8,0,6,0,1,14,99,a,0.735,0,1,a,1,0.735,6,0,6,0,1,,,,,,,,,,,,,
,,,,,,,,,,,,,,,,,316,2,2024-02-14_20h27.11.143,Symbol-E,2020.1.3,Win32,Firefox,Mozilla/5.0 (Windows NT 10.0; Win64; x64; rv:122.0) Gecko/20100101 Firefox/122.0,60,,,,,,,,,,,,,,,,,,,,,,,,,,,,,,,,,,,,,,media/dcnb.png,4,0,Symb,h,RT,0,0,0,1,8,0,7,0,1,14,99,h,1.25,4,1,h,1,1.25,7,0,7,0,1,,,,,,,,,,,,,
,,,,,,,,,,,,,,,,,316,2,2024-02-14_20h27.11.143,Symbol-E,2020.1.3,Win32,Firefox,Mozilla/5.0 (Windows NT 10.0; Win64; x64; rv:122.0) Gecko/20100101 Firefox/122.0,60,,,,,,,,,,,,,,,,,,,,,,,,,,,,,,,,,,,,,,media/dmnb.png,0,0,Symb,a,RT,0,0,0,1,8,0,8,0,1,14,99,a,0.766,0,1,a,1,0.766,8,0,8,0,1,,,,,,,,,,,,,
,,,,,,,,,,,,,,,,,316,2,2024-02-14_20h27.11.143,Symbol-E,2020.1.3,Win32,Firefox,Mozilla/5.0 (Windows NT 10.0; Win64; x64; rv:122.0) Gecko/20100101 Firefox/122.0,60,,,,,,,,,,,,,,,,,,,,,,,,,,,,,,,,,,,,,,media/ddnb.png,6,2,Symb,i,RT,0,0,0,1,8,0,9,0,1,14,99,i,0.802,6,1,i,1,0.802,9,0,9,0,1,,,,,,,,,,,,,
,,,,,,,,,,,,,,,,,316,2,2024-02-14_20h27.11.143,Symbol-E,2020.1.3,Win32,Firefox,Mozilla/5.0 (Windows NT 10.0; Win64; x64; rv:122.0) Gecko/20100101 Firefox/122.0,60,,,,,,,,,,,,,,,,,,,,,,,,,,,,,,,,,,,,,,media/ddnb.png,6,2,Symb,i,RT,0,0,0,1,8,0,10,0,1,14,99,i,1.57,6,1,i,1,1.57,10,0,10,0,1,,,,,,,,,,,,,
,,,,,,,,,,,,,,,,,316,2,2024-02-14_20h27.11.143,Symbol-E,2020.1.3,Win32,Firefox,Mozilla/5.0 (Windows NT 10.0; Win64; x64; rv:122.0) Gecko/20100101 Firefox/122.0,60,,,,,,,,,,,,,,,,,,,,,,,,,,,,,,,,,,,,,,media/djnb.png,7,3,Symb,l,RT,0,0,0,1,8,0,11,0,1,14,99,l,0.719,7,1,l,1,0.719,11,0,11,0,1,,,,,,,,,,,,,
,,,,,,,,,,,,,,,,,316,2,2024-02-14_20h27.11.143,Symbol-E,2020.1.3,Win32,Firefox,Mozilla/5.0 (Windows NT 10.0; Win64; x64; rv:122.0) Gecko/20100101 Firefox/122.0,60,,,,,,,,,,,,,,,,,,,,,,,,,,,,,,,,,,,,,,media/dfnb.png,5,1,Symb,u,RT,0,0,0,1,8,0,12,0,1,14,99,u,0.599,5,1,u,1,0.599,12,0,12,0,1,,,,,,,,,,,,,
,,,,,,,,,,,,,,,,,316,2,2024-02-14_20h27.11.143,Symbol-E,2020.1.3,Win32,Firefox,Mozilla/5.0 (Windows NT 10.0; Win64; x64; rv:122.0) Gecko/20100101 Firefox/122.0,60,,,,,,,,,,,,,,,,,,,,,,,,,,,,,,,,,,,,,,media/dfnb.png,5,1,Symb,u,RT,0,0,0,1,8,0,13,0,1,14,99,u,0.466,5,1,u,1,0.466,13,0,13,0,1,,,,,,,,,,,,,
,,,,,,,,,,,,,,,,,316,2,2024-02-14_20h27.11.143,Symbol-E,2020.1.3,Win32,Firefox,Mozilla/5.0 (Windows NT 10.0; Win64; x64; rv:122.0) Gecko/20100101 Firefox/122.0,60,,,,,,,,,,,,,,,,,,,,,,,,,,,,,,,,,,,,,,media/dnnb.png,3,3,Symb,f,RT,0,0,0,1,8,0,14,0,1,14,99,f,1.834,3,1,f,1,1.834,14,0,14,0,1,,,,,,,,,,,,,
,,,,,,,,,,,,,,,,,316,2,2024-02-14_20h27.11.143,Symbol-E,2020.1.3,Win32,Firefox,Mozilla/5.0 (Windows NT 10.0; Win64; x64; rv:122.0) Gecko/20100101 Firefox/122.0,60,,,,,,,,,,,,,,,,,,,,,,,,,,,,,,,,,,,,,,media/dgnb.png,1,1,Symb,w,RT,0,0,0,1,8,0,15,0,1,14,99,w,2.834,1,1,w,1,2.834,15,0,15,0,1,,,,,,,,,,,,,
,,,,,,,,,,,,,,,,,316,2,2024-02-14_20h27.11.143,Symbol-E,2020.1.3,Win32,Firefox,Mozilla/5.0 (Windows NT 10.0; Win64; x64; rv:122.0) Gecko/20100101 Firefox/122.0,60,,,,,,,,,,,,,,,,,,,,,,,,,,,,,,,,,,,,,,media/dcnb.png,4,0,Symb,h,RT,0,0,0,1,8,0,16,0,1,14,99,h,1.616,4,1,h,1,1.616,16,0,16,0,1,,,,,,,,,,,,,
,,,,,,,,,,,,,,,,,316,2,2024-02-14_20h27.11.143,Symbol-E,2020.1.3,Win32,Firefox,Mozilla/5.0 (Windows NT 10.0; Win64; x64; rv:122.0) Gecko/20100101 Firefox/122.0,60,,,,,,,,,,,,,,,,,,,,,,,,,,,,,,,,,,,,,,media/dnnb.png,3,3,Symb,f,RT,0,0,0,1,8,0,17,0,1,14,99,f,0.683,3,1,f,1,0.683,17,0,17,0,1,,,,,,,,,,,,,
,,,,,,,,,,,,,,,,,316,2,2024-02-14_20h27.11.143,Symbol-E,2020.1.3,Win32,Firefox,Mozilla/5.0 (Windows NT 10.0; Win64; x64; rv:122.0) Gecko/20100101 Firefox/122.0,60,,,,,,,,,,,,,,,,,,,,,,,,,,,,,,,,,,,,,,media/dmnb.png,0,0,Symb,a,RT,0,0,0,1,8,0,18,0,1,14,99,a,0.705,0,1,a,1,0.705,18,0,18,0,1,,,,,,,,,,,,,
,,,,,,,,,,,,,,,,,316,2,2024-02-14_20h27.11.143,Symbol-E,2020.1.3,Win32,Firefox,Mozilla/5.0 (Windows NT 10.0; Win64; x64; rv:122.0) Gecko/20100101 Firefox/122.0,60,,,,,,,,,,,,,,,,,,,,,,,,,,,,,,,,,,,,,,media/dinb.png,2,2,Symb,e,RT,0,0,0,1,8,0,19,0,1,14,99,e,0.867,2,1,e,1,0.867,19,0,19,0,1,,,,,,,,,,,,,
,,,,,,,,,,,,,,,,,316,2,2024-02-14_20h27.11.143,Symbol-E,2020.1.3,Win32,Firefox,Mozilla/5.0 (Windows NT 10.0; Win64; x64; rv:122.0) Gecko/20100101 Firefox/122.0,60,,,,,,,,,,,,,,,,,,,,,,,,,,,,,,,,,,,,,,media/dfnb.png,5,1,Symb,u,RT,0,0,0,1,8,0,20,0,1,14,99,u,0.586,5,1,u,1,0.586,20,0,20,0,1,,,,,,,,,,,,,
,,,,,,,,,,,,,,,,,316,2,2024-02-14_20h27.11.143,Symbol-E,2020.1.3,Win32,Firefox,Mozilla/5.0 (Windows NT 10.0; Win64; x64; rv:122.0) Gecko/20100101 Firefox/122.0,60,,,,,,,,,,,,,,,,,,,,,,,,,,,,,,,,,,,,,,media/dnnb.png,3,3,Symb,f,RT,0,0,0,1,8,0,21,0,1,14,99,f,0.669,3,1,f,1,0.669,21,0,21,0,1,,,,,,,,,,,,,
,,,,,,,,,,,,,,,,,316,2,2024-02-14_20h27.11.143,Symbol-E,2020.1.3,Win32,Firefox,Mozilla/5.0 (Windows NT 10.0; Win64; x64; rv:122.0) Gecko/20100101 Firefox/122.0,60,,,,,,,,,,,,,,,,,,,,,,,,,,,,,,,,,,,,,,media/dmnb.png,0,0,Symb,a,RT,0,0,0,1,8,0,22,0,1,14,99,a,1.935,0,1,a,1,1.935,22,0,22,0,1,,,,,,,,,,,,,
,,,,,,,,,,,,,,,,,316,2,2024-02-14_20h27.11.143,Symbol-E,2020.1.3,Win32,Firefox,Mozilla/5.0 (Windows NT 10.0; Win64; x64; rv:122.0) Gecko/20100101 Firefox/122.0,60,,,,,,,,,,,,,,,,,,,,,,,,,,,,,,,,,,,,,,media/dinb.png,2,2,Symb,e,RT,0,0,0,1,8,0,23,0,1,14,99,e,0.684,2,1,e,1,0.684,23,0,23,0,1,,,,,,,,,,,,,
,,,,,,,,,,,,,,,,,316,2,2024-02-14_20h27.11.143,Symbol-E,2020.1.3,Win32,Firefox,Mozilla/5.0 (Windows NT 10.0; Win64; x64; rv:122.0) Gecko/20100101 Firefox/122.0,60,,,,,,,,,,,,,,,,,,,,,,,,,,,,,,,,,,,,,,media/dcnb.png,4,0,Symb,h,RT,0,0,0,1,8,0,24,0,1,14,99,h,0.62,4,1,h,1,0.62,24,0,24,0,1,,,,,,,,,,,,,
,,,,,,,,,,,,,,,,,316,2,2024-02-14_20h27.11.143,Symbol-E,2020.1.3,Win32,Firefox,Mozilla/5.0 (Windows NT 10.0; Win64; x64; rv:122.0) Gecko/20100101 Firefox/122.0,60,,,,,,,,,,,,,,,,,,,,,,,,,,,,,,,,,,,,,,media/ddnb.png,6,2,Symb,i,RT,0,0,0,1,8,0,25,0,1,14,99,i,0.749,6,1,i,1,0.749,25,0,25,0,1,,,,,,,,,,,,,
,,,,,,,,,,,,,,,,,316,2,2024-02-14_20h27.11.143,Symbol-E,2020.1.3,Win32,Firefox,Mozilla/5.0 (Windows NT 10.0; Win64; x64; rv:122.0) Gecko/20100101 Firefox/122.0,60,,,,,,,,,,,,,,,,,,,,,,,,,,,,,,,,,,,,,,media/djnb.png,7,3,Symb,l,RT,0,0,0,1,8,0,26,0,1,14,99,l,1.099,7,1,l,1,1.099,26,0,26,0,1,,,,,,,,,,,,,
,,,,,,,,,,,,,,,,,316,2,2024-02-14_20h27.11.143,Symbol-E,2020.1.3,Win32,Firefox,Mozilla/5.0 (Windows NT 10.0; Win64; x64; rv:122.0) Gecko/20100101 Firefox/122.0,60,,,,,,,,,,,,,,,,,,,,,,,,,,,,,,,,,,,,,,media/dgnb.png,1,1,Symb,w,RT,0,0,0,1,8,0,27,0,1,14,99,w,0.954,1,1,w,1,0.954,27,0,27,0,1,,,,,,,,,,,,,
,,,,,,,,,,,,,,,,,316,2,2024-02-14_20h27.11.143,Symbol-E,2020.1.3,Win32,Firefox,Mozilla/5.0 (Windows NT 10.0; Win64; x64; rv:122.0) Gecko/20100101 Firefox/122.0,60,,,,,,,,,,,,,,,,,,,,,,,,,,,,,,,,,,,,,,media/djnb.png,7,3,Symb,l,RT,0,0,0,1,8,0,28,0,1,14,99,l,1.584,7,1,l,1,1.584,28,0,28,0,1,,,,,,,,,,,,,
,,,,,,,,,,,,,,,,,316,2,2024-02-14_20h27.11.143,Symbol-E,2020.1.3,Win32,Firefox,Mozilla/5.0 (Windows NT 10.0; Win64; x64; rv:122.0) Gecko/20100101 Firefox/122.0,60,,,,,,,,,,,,,,,,,,,,,,,,,,,,,,,,,,,,,,media/dfnb.png,5,1,Symb,u,RT,0,0,0,1,8,0,29,0,1,14,99,u,1.135,5,1,u,1,1.135,29,0,29,0,1,,,,,,,,,,,,,
,,,,,,,,,,,,,,,,,316,2,2024-02-14_20h27.11.143,Symbol-E,2020.1.3,Win32,Firefox,Mozilla/5.0 (Windows NT 10.0; Win64; x64; rv:122.0) Gecko/20100101 Firefox/122.0,60,,,,,,,,,,,,,,,,,,,,,,,,,,,,,,,,,,,,,,media/ddnb.png,6,2,Symb,i,RT,0,0,0,1,8,0,30,0,1,14,99,i,0.784,6,1,i,1,0.784,30,0,30,0,1,,,,,,,,,,,,,
,,,,,,,,,,,,,,,,,316,2,2024-02-14_20h27.11.143,Symbol-E,2020.1.3,Win32,Firefox,Mozilla/5.0 (Windows NT 10.0; Win64; x64; rv:122.0) Gecko/20100101 Firefox/122.0,60,,,,,,,,,,,,,,,,,,,,,,,,,,,,,,,,,,,,,,media/dgnb.png,1,1,Symb,w,RT,0,0,0,1,8,0,31,0,1,14,99,w,1.303,1,1,w,1,1.303,31,0,31,0,1,,,,,,,,,,,,,
,,,,,,,,,,,,,,,,,316,2,2024-02-14_20h27.11.143,Symbol-E,2020.1.3,Win32,Firefox,Mozilla/5.0 (Windows NT 10.0; Win64; x64; rv:122.0) Gecko/20100101 Firefox/122.0,60,,,,,,,,,,,,,,,,,,,,,,,,,,,,,,,,,,,,,,media/ddnb.png,6,2,Symb,i,RT,0,0,0,1,8,0,32,0,1,14,99,i,1.616,6,1,i,1,1.616,32,0,32,0,1,,,,,,,,,,,,,
,,,,,,,,,,,,,,,,,316,2,2024-02-14_20h27.11.143,Symbol-E,2020.1.3,Win32,Firefox,Mozilla/5.0 (Windows NT 10.0; Win64; x64; rv:122.0) Gecko/20100101 Firefox/122.0,60,,,,,,,,,,,,,,,,,,,,,,,,,,,,,,,,,,,,,,media/dfnb.png,5,1,Symb,u,RT,0,0,0,1,8,0,33,0,1,14,99,u,0.6,5,1,u,1,0.6,33,0,33,0,1,,,,,,,,,,,,,
,,,,,,,,,,,,,,,,,316,2,2024-02-14_20h27.11.143,Symbol-E,2020.1.3,Win32,Firefox,Mozilla/5.0 (Windows NT 10.0; Win64; x64; rv:122.0) Gecko/20100101 Firefox/122.0,60,,,,,,,,,,,,,,,,,,,,,,,,,,,,,,,,,,,,,,media/dgnb.png,1,1,Symb,w,RT,0,0,0,1,8,0,34,0,1,14,99,w,0.719,1,1,w,1,0.719,34,0,34,0,1,,,,,,,,,,,,,
,,,,,,,,,,,,,,,,,316,2,2024-02-14_20h27.11.143,Symbol-E,2020.1.3,Win32,Firefox,Mozilla/5.0 (Windows NT 10.0; Win64; x64; rv:122.0) Gecko/20100101 Firefox/122.0,60,,,,,,,,,,,,,,,,,,,,,,,,,,,,,,,,,,,,,,media/ddnb.png,6,2,Symb,i,RT,0,0,0,1,8,0,35,0,1,14,99,i,1.219,6,1,i,1,1.219,35,0,35,0,1,,,,,,,,,,,,,
,,,,,,,,,,,,,,,,,316,2,2024-02-14_20h27.11.143,Symbol-E,2020.1.3,Win32,Firefox,Mozilla/5.0 (Windows NT 10.0; Win64; x64; rv:122.0) Gecko/20100101 Firefox/122.0,60,,,,,,,,,,,,,,,,,,,,,,,,,,,,,,,,,,,,,,media/dfnb.png,5,1,Symb,u,RT,0,0,0,1,8,0,36,0,1,14,99,u,0.667,5,1,u,1,0.667,36,0,36,0,1,,,,,,,,,,,,,
,,,,,,,,,,,,,,,,,316,2,2024-02-14_20h27.11.143,Symbol-E,2020.1.3,Win32,Firefox,Mozilla/5.0 (Windows NT 10.0; Win64; x64; rv:122.0) Gecko/20100101 Firefox/122.0,60,,,,,,,,,,,,,,,,,,,,,,,,,,,,,,,,,,,,,,media/dinb.png,2,2,Symb,e,RT,0,0,0,1,8,0,37,0,1,14,99,e,0.886,2,1,e,1,0.886,37,0,37,0,1,,,,,,,,,,,,,
,,,,,,,,,,,,,,,,,316,2,2024-02-14_20h27.11.143,Symbol-E,2020.1.3,Win32,Firefox,Mozilla/5.0 (Windows NT 10.0; Win64; x64; rv:122.0) Gecko/20100101 Firefox/122.0,60,,,,,,,,,,,,,,,,,,,,,,,,,,,,,,,,,,,,,,media/dinb.png,2,2,Symb,e,RT,0,0,0,1,8,0,38,0,1,14,99,e,0.719,2,1,e,1,0.719,38,0,38,0,1,,,,,,,,,,,,,
,,,,,,,,,,,,,,,,,316,2,2024-02-14_20h27.11.143,Symbol-E,2020.1.3,Win32,Firefox,Mozilla/5.0 (Windows NT 10.0; Win64; x64; rv:122.0) Gecko/20100101 Firefox/122.0,60,,,,,,,,,,,,,,,,,,,,,,,,,,,,,,,,,,,,,,media/dcnb.png,4,0,Symb,h,RT,0,0,0,1,8,0,39,0,1,14,99,h,1.053,4,1,h,1,1.053,39,0,39,0,1,,,,,,,,,,,,,
,,,,,,,,,,,,,,,,,316,2,2024-02-14_20h27.11.143,Symbol-E,2020.1.3,Win32,Firefox,Mozilla/5.0 (Windows NT 10.0; Win64; x64; rv:122.0) Gecko/20100101 Firefox/122.0,60,,,,,,,,,,,,,,,,,,,,,,,,,,,,,,,,,,,,,,media/dnnb.png,3,3,Symb,f,RT,0,0,0,1,8,0,40,0,1,14,99,f,0.717,3,1,f,1,0.717,40,0,40,0,1,,,,,,,,,,,,,
,,,,,,,,,,,,,,,,,316,2,2024-02-14_20h27.11.143,Symbol-E,2020.1.3,Win32,Firefox,Mozilla/5.0 (Windows NT 10.0; Win64; x64; rv:122.0) Gecko/20100101 Firefox/122.0,60,,,,,,,,,,,,,,,,,,,,,,,,,,,,,,,,,,,,,,media/djnb.png,7,3,Symb,l,RT,0,0,0,1,8,0,41,0,1,14,99,l,0.733,7,1,l,1,0.733,41,0,41,0,1,,,,,,,,,,,,,
,,,,,,,,,,,,,,,,,316,2,2024-02-14_20h27.11.143,Symbol-E,2020.1.3,Win32,Firefox,Mozilla/5.0 (Windows NT 10.0; Win64; x64; rv:122.0) Gecko/20100101 Firefox/122.0,60,,,,,,,,,,,,,,,,,,,,,,,,,,,,,,,,,,,,,,media/djnb.png,7,3,Symb,l,RT,0,0,0,1,8,0,42,0,1,14,99,l,0.52,7,1,l,1,0.52,42,0,42,0,1,,,,,,,,,,,,,
,,,,,,,,,,,,,,,,,316,2,2024-02-14_20h27.11.143,Symbol-E,2020.1.3,Win32,Firefox,Mozilla/5.0 (Windows NT 10.0; Win64; x64; rv:122.0) Gecko/20100101 Firefox/122.0,60,,,,,,,,,,,,,,,,,,,,,,,,,,,,,,,,,,,,,,media/dmnb.png,0,0,Symb,a,RT,0,0,0,1,8,0,43,0,1,14,99,a,3.216,0,1,a,1,3.216,43,0,43,0,1,,,,,,,,,,,,,
,,,,,,,,,,,,,,,,,316,2,2024-02-14_20h27.11.143,Symbol-E,2020.1.3,Win32,Firefox,Mozilla/5.0 (Windows NT 10.0; Win64; x64; rv:122.0) Gecko/20100101 Firefox/122.0,60,,,,,,,,,,,,,,,,,,,,,,,,,,,,,,,,,,,,,,media/dnnb.png,3,3,Symb,f,RT,0,0,0,1,8,0,44,0,1,14,99,f,0.916,3,1,f,1,0.916,44,0,44,0,1,,,,,,,,,,,,,
,,,,,,,,,,,,,,,,,316,2,2024-02-14_20h27.11.143,Symbol-E,2020.1.3,Win32,Firefox,Mozilla/5.0 (Windows NT 10.0; Win64; x64; rv:122.0) Gecko/20100101 Firefox/122.0,60,,,,,,,,,,,,,,,,,,,,,,,,,,,,,,,,,,,,,,media/dgnb.png,1,1,Symb,w,RT,0,0,0,1,8,0,45,0,1,14,99,w,0.771,1,1,w,1,0.771,45,0,45,0,1,,,,,,,,,,,,,
,,,,,,,,,,,,,,,,,316,2,2024-02-14_20h27.11.143,Symbol-E,2020.1.3,Win32,Firefox,Mozilla/5.0 (Windows NT 10.0; Win64; x64; rv:122.0) Gecko/20100101 Firefox/122.0,60,,,,,,,,,,,,,,,,,,,,,,,,,,,,,,,,,,,,,,media/dcnb.png,4,0,Symb,h,RT,0,0,0,1,8,0,46,0,1,14,99,h,0.703,4,1,h,1,0.703,46,0,46,0,1,,,,,,,,,,,,,
,,,,,,,,,,,,,,,,,316,2,2024-02-14_20h27.11.143,Symbol-E,2020.1.3,Win32,Firefox,Mozilla/5.0 (Windows NT 10.0; Win64; x64; rv:122.0) Gecko/20100101 Firefox/122.0,60,,,,,,,,,,,,,,,,,,,,,,,,,,,,,,,,,,,,,,media/dmnb.png,0,0,Symb,a,RT,0,0,0,1,8,0,47,0,1,14,99,a,2.351,0,1,a,1,2.351,47,0,47,0,1,,,,,,,,,,,,,
,,,,,,,,,,,,,,,,,316,2,2024-02-14_20h27.11.143,Symbol-E,2020.1.3,Win32,Firefox,Mozilla/5.0 (Windows NT 10.0; Win64; x64; rv:122.0) Gecko/20100101 Firefox/122.0,60,,,,,,,,,,,,,,,,,,,,,,,,,,,,,,,,,,,,,,media/ddnb.png,6,2,Symb,i,RT,0,0,0,1,8,0,48,0,1,14,99,i,0.783,6,1,i,1,0.783,48,0,48,0,1,,,,,,,,,,,,,
,,,,,,,,,,,,,,,,,316,2,2024-02-14_20h27.11.143,Symbol-E,2020.1.3,Win32,Firefox,Mozilla/5.0 (Windows NT 10.0; Win64; x64; rv:122.0) Gecko/20100101 Firefox/122.0,60,,,,,,,,,,,,,,,,,,,,,,,,,,,,,,,,,,,,,,media/djnb.png,7,3,Symb,l,RT,0,0,0,1,8,0,49,0,1,14,99,l,1.288,7,1,l,1,1.288,49,0,49,0,1,,,,,,,,,,,,,
,,,,,,,,,,,,,,,,,316,2,2024-02-14_20h27.11.143,Symbol-E,2020.1.3,Win32,Firefox,Mozilla/5.0 (Windows NT 10.0; Win64; x64; rv:122.0) Gecko/20100101 Firefox/122.0,60,,,,,,,,,,,,,,,,,,,,,,,,,,,,,,,,,,,,,,media/dfnb.png,5,1,Symb,u,RT,0,0,0,1,8,0,50,0,1,14,99,u,0.649,5,1,u,1,0.649,50,0,50,0,1,,,,,,,,,,,,,
,,,,,,,,,,,,,,,,,316,2,2024-02-14_20h27.11.143,Symbol-E,2020.1.3,Win32,Firefox,Mozilla/5.0 (Windows NT 10.0; Win64; x64; rv:122.0) Gecko/20100101 Firefox/122.0,60,,,,,,,,,,,,,,,,,,,,,,,,,,,,,,,,,,,,,,media/dgnb.png,1,1,Symb,w,RT,0,0,0,1,8,0,51,0,1,14,99,w,0.902,1,1,w,1,0.902,51,0,51,0,1,,,,,,,,,,,,,
,,,,,,,,,,,,,,,,,316,2,2024-02-14_20h27.11.143,Symbol-E,2020.1.3,Win32,Firefox,Mozilla/5.0 (Windows NT 10.0; Win64; x64; rv:122.0) Gecko/20100101 Firefox/122.0,60,,,,,,,,,,,,,,,,,,,,,,,,,,,,,,,,,,,,,,media/dinb.png,2,2,Symb,e,RT,0,0,0,1,8,0,52,0,1,14,99,e,0.801,2,1,e,1,0.801,52,0,52,0,1,,,,,,,,,,,,,
,,,,,,,,,,,,,,,,,316,2,2024-02-14_20h27.11.143,Symbol-E,2020.1.3,Win32,Firefox,Mozilla/5.0 (Windows NT 10.0; Win64; x64; rv:122.0) Gecko/20100101 Firefox/122.0,60,,,,,,,,,,,,,,,,,,,,,,,,,,,,,,,,,,,,,,media/dcnb.png,4,0,Symb,h,RT,0,0,0,1,8,0,53,0,1,14,99,h,1.172,4,1,h,1,1.172,53,0,53,0,1,,,,,,,,,,,,,
,,,,,,,,,,,,,,,,,316,2,2024-02-14_20h27.11.143,Symbol-E,2020.1.3,Win32,Firefox,Mozilla/5.0 (Windows NT 10.0; Win64; x64; rv:122.0) Gecko/20100101 Firefox/122.0,60,,,,,,,,,,,,,,,,,,,,,,,,,,,,,,,,,,,,,,media/dnnb.png,3,3,Symb,f,RT,0,0,0,1,8,0,54,0,1,14,99,f,1.218,3,1,f,1,1.218,54,0,54,0,1,,,,,,,,,,,,,
,,,,,,,,,,,,,,,,,316,2,2024-02-14_20h27.11.143,Symbol-E,2020.1.3,Win32,Firefox,Mozilla/5.0 (Windows NT 10.0; Win64; x64; rv:122.0) Gecko/20100101 Firefox/122.0,60,,,,,,,,,,,,,,,,,,,,,,,,,,,,,,,,,,,,,,media/dcnb.png,4,0,Symb,h,RT,0,0,0,1,8,0,55,0,1,14,99,h,0.667,4,1,h,1,0.667,55,0,55,0,1,,,,,,,,,,,,,
,,,,,,,,,,,,,,,,,316,2,2024-02-14_20h27.11.143,Symbol-E,2020.1.3,Win32,Firefox,Mozilla/5.0 (Windows NT 10.0; Win64; x64; rv:122.0) Gecko/20100101 Firefox/122.0,60,,,,,,,,,,,,,,,,,,,,,,,,,,,,,,,,,,,,,,media/dmnb.png,0,0,Symb,a,RT,0,0,0,1,8,0,56,0,1,14,99,a,1.867,0,1,a,1,1.867,56,0,56,0,1,,,,,,,,,,,,,
,,,,,,,,,,,,,,,,,316,2,2024-02-14_20h27.11.143,Symbol-E,2020.1.3,Win32,Firefox,Mozilla/5.0 (Windows NT 10.0; Win64; x64; rv:122.0) Gecko/20100101 Firefox/122.0,60,,,,,,,,,,,,,,,,,,,,,,,,,,,,,,,,,,,,,,media/dmnb.png,0,0,Symb,a,RT,0,0,0,1,8,0,57,0,1,14,99,a,0.5,0,1,a,1,0.5,57,0,57,0,1,,,,,,,,,,,,,
,,,,,,,,,,,,,,,,,316,2,2024-02-14_20h27.11.143,Symbol-E,2020.1.3,Win32,Firefox,Mozilla/5.0 (Windows NT 10.0; Win64; x64; rv:122.0) Gecko/20100101 Firefox/122.0,60,,,,,,,,,,,,,,,,,,,,,,,,,,,,,,,,,,,,,,media/djnb.png,7,3,Symb,l,RT,0,0,0,1,8,0,58,0,1,14,99,l,0.771,7,1,l,1,0.771,58,0,58,0,1,,,,,,,,,,,,,
,,,,,,,,,,,,,,,,,316,2,2024-02-14_20h27.11.143,Symbol-E,2020.1.3,Win32,Firefox,Mozilla/5.0 (Windows NT 10.0; Win64; x64; rv:122.0) Gecko/20100101 Firefox/122.0,60,,,,,,,,,,,,,,,,,,,,,,,,,,,,,,,,,,,,,,media/ddnb.png,6,2,Symb,i,RT,0,0,0,1,8,0,59,0,1,14,99,i,3.684,6,1,i,1,3.684,59,0,59,0,1,,,,,,,,,,,,,
,,,,,,,,,,,,,,,,,316,2,2024-02-14_20h27.11.143,Symbol-E,2020.1.3,Win32,Firefox,Mozilla/5.0 (Windows NT 10.0; Win64; x64; rv:122.0) Gecko/20100101 Firefox/122.0,60,,,,,,,,,,,,,,,,,,,,,,,,,,,,,,,,,,,,,,media/dgnb.png,1,1,Symb,w,RT,0,0,0,1,8,0,60,0,1,14,99,w,2.084,1,1,w,1,2.084,60,0,60,0,1,,,,,,,,,,,,,
,,,,,,,,,,,,,,,,,316,2,2024-02-14_20h27.11.143,Symbol-E,2020.1.3,Win32,Firefox,Mozilla/5.0 (Windows NT 10.0; Win64; x64; rv:122.0) Gecko/20100101 Firefox/122.0,60,,,,,,,,,,,,,,,,,,,,,,,,,,,,,,,,,,,,,,media/dinb.png,2,2,Symb,e,RT,0,0,0,1,8,0,61,0,1,14,99,e,0.567,2,1,e,1,0.567,61,0,61,0,1,,,,,,,,,,,,,
,,,,,,,,,,,,,,,,,316,2,2024-02-14_20h27.11.143,Symbol-E,2020.1.3,Win32,Firefox,Mozilla/5.0 (Windows NT 10.0; Win64; x64; rv:122.0) Gecko/20100101 Firefox/122.0,60,,,,,,,,,,,,,,,,,,,,,,,,,,,,,,,,,,,,,,media/dfnb.png,5,1,Symb,u,RT,0,0,0,1,8,0,62,0,1,14,99,u,0.65,5,1,u,1,0.65,62,0,62,0,1,,,,,,,,,,,,,
,,,,,,,,,,,,,,,,,316,2,2024-02-14_20h27.11.143,Symbol-E,2020.1.3,Win32,Firefox,Mozilla/5.0 (Windows NT 10.0; Win64; x64; rv:122.0) Gecko/20100101 Firefox/122.0,60,,,,,,,,,,,,,,,,,,,,,,,,,,,,,,,,,,,,,,media/dnnb.png,3,3,Symb,f,RT,0,0,0,1,8,0,63,0,1,14,99,f,0.717,3,1,f,1,0.717,63,0,63,0,1,,,,,,,,,,,,,
,,,,,,,,,,,,,,,,,316,2,2024-02-14_20h27.11.143,Symbol-E,2020.1.3,Win32,Firefox,Mozilla/5.0 (Windows NT 10.0; Win64; x64; rv:122.0) Gecko/20100101 Firefox/122.0,60,,,,,,,,,,,,,,,,,,,,,,,,,,,,,,,,,,,,,,media/dnnb.png,3,3,Symb,f,RT,0,0,0,1,8,0,64,0,1,14,99,f,0.469,3,1,f,1,0.469,64,0,64,0,1,,,,,,,,,,,,,
,,,,,,,,,,,,,,,,,316,2,2024-02-14_20h27.11.143,Symbol-E,2020.1.3,Win32,Firefox,Mozilla/5.0 (Windows NT 10.0; Win64; x64; rv:122.0) Gecko/20100101 Firefox/122.0,60,,,,,,,,,,,,,,,,,,,,,,,,,,,,,,,,,,,,,,media/djnb.png,7,3,Symb,l,RT,0,0,0,1,8,0,65,0,1,14,99,l,0.703,7,1,l,1,0.703,65,0,65,0,1,,,,,,,,,,,,,
,,,,,,,,,,,,,,,,,316,2,2024-02-14_20h27.11.143,Symbol-E,2020.1.3,Win32,Firefox,Mozilla/5.0 (Windows NT 10.0; Win64; x64; rv:122.0) Gecko/20100101 Firefox/122.0,60,,,,,,,,,,,,,,,,,,,,,,,,,,,,,,,,,,,,,,media/dfnb.png,5,1,Symb,u,RT,0,0,0,1,8,0,66,0,1,14,99,u,0.604,5,1,u,1,0.604,66,0,66,0,1,,,,,,,,,,,,,
,,,,,,,,,,,,,,,,,316,2,2024-02-14_20h27.11.143,Symbol-E,2020.1.3,Win32,Firefox,Mozilla/5.0 (Windows NT 10.0; Win64; x64; rv:122.0) Gecko/20100101 Firefox/122.0,60,,,,,,,,,,,,,,,,,,,,,,,,,,,,,,,,,,,,,,media/dcnb.png,4,0,Symb,h,RT,0,0,0,1,8,0,67,0,1,14,99,h,0.867,4,1,h,1,0.867,67,0,67,0,1,,,,,,,,,,,,,
,,,,,,,,,,,,,,,,,316,2,2024-02-14_20h27.11.143,Symbol-E,2020.1.3,Win32,Firefox,Mozilla/5.0 (Windows NT 10.0; Win64; x64; rv:122.0) Gecko/20100101 Firefox/122.0,60,,,,,,,,,,,,,,,,,,,,,,,,,,,,,,,,,,,,,,media/dcnb.png,4,0,Symb,h,RT,0,0,0,1,8,0,68,0,1,14,99,h,0.483,4,1,h,1,0.483,68,0,68,0,1,,,,,,,,,,,,,
,,,,,,,,,,,,,,,,,316,2,2024-02-14_20h27.11.143,Symbol-E,2020.1.3,Win32,Firefox,Mozilla/5.0 (Windows NT 10.0; Win64; x64; rv:122.0) Gecko/20100101 Firefox/122.0,60,,,,,,,,,,,,,,,,,,,,,,,,,,,,,,,,,,,,,,media/dinb.png,2,2,Symb,e,RT,0,0,0,1,8,0,69,0,1,14,99,e,1.017,2,1,e,1,1.017,69,0,69,0,1,,,,,,,,,,,,,
,,,,,,,,,,,,,,,,,316,2,2024-02-14_20h27.11.143,Symbol-E,2020.1.3,Win32,Firefox,Mozilla/5.0 (Windows NT 10.0; Win64; x64; rv:122.0) Gecko/20100101 Firefox/122.0,60,,,,,,,,,,,,,,,,,,,,,,,,,,,,,,,,,,,,,,media/dmnb.png,0,0,Symb,a,RT,0,0,0,1,8,0,70,0,1,14,99,a,0.702,0,1,a,1,0.702,70,0,70,0,1,,,,,,,,,,,,,
,,,,,,,,,,,,,,,,,316,2,2024-02-14_20h27.11.143,Symbol-E,2020.1.3,Win32,Firefox,Mozilla/5.0 (Windows NT 10.0; Win64; x64; rv:122.0) Gecko/20100101 Firefox/122.0,60,,,,,,,,,,,,,,,,,,,,,,,,,,,,,,,,,,,,,,media/djnb.png,7,3,Symb,l,RT,0,0,0,1,8,0,71,0,1,14,99,l,1.17,7,1,l,1,1.17,71,0,71,0,1,,,,,,,,,,,,,
,,,,,,,,,,,,,,,,,316,2,2024-02-14_20h27.11.143,Symbol-E,2020.1.3,Win32,Firefox,Mozilla/5.0 (Windows NT 10.0; Win64; x64; rv:122.0) Gecko/20100101 Firefox/122.0,60,,,,,,,,,,,,,,,,,,,,,,,,,,,,,,,,,,,,,,media/dmnb.png,0,0,Symb,a,RT,0,0,0,1,8,0,72,0,1,14,99,a,3.301,0,1,a,1,3.301,72,0,72,0,1,,,,,,,,,,,,,
,,,,,,,,,,,,,,,,,316,2,2024-02-14_20h27.11.143,Symbol-E,2020.1.3,Win32,Firefox,Mozilla/5.0 (Windows NT 10.0; Win64; x64; rv:122.0) Gecko/20100101 Firefox/122.0,60,,,,,,,,,,,,,,,,,,,,,,,,,,,,,,,,,,,,,,media/ddnb.png,6,2,Symb,i,RT,0,0,0,1,8,0,73,0,1,14,99,i,0.851,6,1,i,1,0.851,73,0,73,0,1,,,,,,,,,,,,,
,,,,,,,,,,,,,,,,,316,2,2024-02-14_20h27.11.143,Symbol-E,2020.1.3,Win32,Firefox,Mozilla/5.0 (Windows NT 10.0; Win64; x64; rv:122.0) Gecko/20100101 Firefox/122.0,60,,,,,,,,,,,,,,,,,,,,,,,,,,,,,,,,,,,,,,media/dgnb.png,1,1,Symb,w,RT,0,0,0,1,8,0,74,0,1,14,99,w,1.301,1,1,w,1,1.301,74,0,74,0,1,,,,,,,,,,,,,
,,,,,,,,,,,,,,,,,316,2,2024-02-14_20h27.11.143,Symbol-E,2020.1.3,Win32,Firefox,Mozilla/5.0 (Windows NT 10.0; Win64; x64; rv:122.0) Gecko/20100101 Firefox/122.0,60,,,,,,,,,,,,,,,,,,,,,,,,,,,,,,,,,,,,,,media/dfnb.png,5,1,Symb,u,RT,0,0,0,1,8,0,75,0,1,14,99,u,0.865,5,1,u,1,0.865,75,0,75,0,1,,,,,,,,,,,,,
,,,,,,,,,,,,,,,,,316,2,2024-02-14_20h27.11.143,Symbol-E,2020.1.3,Win32,Firefox,Mozilla/5.0 (Windows NT 10.0; Win64; x64; rv:122.0) Gecko/20100101 Firefox/122.0,60,,,,,,,,,,,,,,,,,,,,,,,,,,,,,,,,,,,,,,media/dgnb.png,1,1,Symb,w,RT,0,0,0,1,8,0,76,0,1,14,99,w,1.152,1,1,w,1,1.152,76,0,76,0,1,,,,,,,,,,,,,
,,,,,,,,,,,,,,,,,316,2,2024-02-14_20h27.11.143,Symbol-E,2020.1.3,Win32,Firefox,Mozilla/5.0 (Windows NT 10.0; Win64; x64; rv:122.0) Gecko/20100101 Firefox/122.0,60,,,,,,,,,,,,,,,,,,,,,,,,,,,,,,,,,,,,,,media/dnnb.png,3,3,Symb,f,RT,0,0,0,1,8,0,77,0,1,14,99,f,4.083,3,1,f,1,4.083,77,0,77,0,1,,,,,,,,,,,,,
,,,,,,,,,,,,,,,,,316,2,2024-02-14_20h27.11.143,Symbol-E,2020.1.3,Win32,Firefox,Mozilla/5.0 (Windows NT 10.0; Win64; x64; rv:122.0) Gecko/20100101 Firefox/122.0,60,,,,,,,,,,,,,,,,,,,,,,,,,,,,,,,,,,,,,,media/dinb.png,2,2,Symb,e,RT,0,0,0,1,8,0,78,0,1,14,99,e,0.751,2,1,e,1,0.751,78,0,78,0,1,,,,,,,,,,,,,
,,,,,,,,,,,,,,,,,316,2,2024-02-14_20h27.11.143,Symbol-E,2020.1.3,Win32,Firefox,Mozilla/5.0 (Windows NT 10.0; Win64; x64; rv:122.0) Gecko/20100101 Firefox/122.0,60,,,,,,,,,,,,,,,,,,,,,,,,,,,,,,,,,,,,,,media/ddnb.png,6,2,Symb,i,RT,0,0,0,1,8,0,79,0,1,14,99,i,1.588,6,1,i,1,1.588,79,0,79,0,1,,,,,,,,,,,,,
,,,,,,,,,,,,,,,,,316,2,2024-02-14_20h27.11.143,Symbol-E,2020.1.3,Win32,Firefox,Mozilla/5.0 (Windows NT 10.0; Win64; x64; rv:122.0) Gecko/20100101 Firefox/122.0,60,,,,,,,,,,,,,,,,,,,,,,,,,,,,,,,,,,,,,,media/dfnb.png,5,1,Symb,u,RT,0,0,0,1,8,0,80,0,1,14,99,u,0.586,5,1,u,1,0.586,80,0,80,0,1,,,,,,,,,,,,,
,,,,,,,,,,,,,,,,,316,2,2024-02-14_20h27.11.143,Symbol-E,2020.1.3,Win32,Firefox,Mozilla/5.0 (Windows NT 10.0; Win64; x64; rv:122.0) Gecko/20100101 Firefox/122.0,60,,,,,,,,,,,,,,,,,,,,,,,,,,,,,,,,,,,,,,media/dmnb.png,0,0,Symb,a,RT,0,0,0,1,8,0,81,0,1,14,99,a,0.716,0,1,a,1,0.716,81,0,81,0,1,,,,,,,,,,,,,
,,,,,,,,,,,,,,,,,316,2,2024-02-14_20h27.11.143,Symbol-E,2020.1.3,Win32,Firefox,Mozilla/5.0 (Windows NT 10.0; Win64; x64; rv:122.0) Gecko/20100101 Firefox/122.0,60,,,,,,,,,,,,,,,,,,,,,,,,,,,,,,,,,,,,,,media/dcnb.png,4,0,Symb,h,RT,0,0,0,1,8,0,82,0,1,14,99,h,1.382,4,1,h,1,1.382,82,0,82,0,1,,,,,,,,,,,,,
,,,,,,,,,,,,,,,,,316,2,2024-02-14_20h27.11.143,Symbol-E,2020.1.3,Win32,Firefox,Mozilla/5.0 (Windows NT 10.0; Win64; x64; rv:122.0) Gecko/20100101 Firefox/122.0,60,,,,,,,,,,,,,,,,,,,,,,,,,,,,,,,,,,,,,,media/dinb.png,2,2,Symb,e,RT,0,0,0,1,8,0,83,0,1,14,99,e,0.65,2,1,e,1,0.65,83,0,83,0,1,,,,,,,,,,,,,
,,,,,,,,,,,,,,,,,316,2,2024-02-14_20h27.11.143,Symbol-E,2020.1.3,Win32,Firefox,Mozilla/5.0 (Windows NT 10.0; Win64; x64; rv:122.0) Gecko/20100101 Firefox/122.0,60,,,,,,,,,,,,,,,,,,,,,,,,,,,,,,,,,,,,,,media/dmnb.png,0,0,Symb,a,RT,0,0,0,1,8,0,84,0,1,14,99,a,0.665,0,1,a,1,0.665,84,0,84,0,1,,,,,,,,,,,,,
,,,,,,,,,,,,,,,,,316,2,2024-02-14_20h27.11.143,Symbol-E,2020.1.3,Win32,Firefox,Mozilla/5.0 (Windows NT 10.0; Win64; x64; rv:122.0) Gecko/20100101 Firefox/122.0,60,,,,,,,,,,,,,,,,,,,,,,,,,,,,,,,,,,,,,,media/dcnb.png,4,0,Symb,h,RT,0,0,0,1,8,0,85,0,1,14,99,h,0.601,4,1,h,1,0.601,85,0,85,0,1,,,,,,,,,,,,,
,,,,,,,,,,,,,,,,,316,2,2024-02-14_20h27.11.143,Symbol-E,2020.1.3,Win32,Firefox,Mozilla/5.0 (Windows NT 10.0; Win64; x64; rv:122.0) Gecko/20100101 Firefox/122.0,60,,,,,,,,,,,,,,,,,,,,,,,,,,,,,,,,,,,,,,media/dgnb.png,1,1,Symb,w,RT,0,0,0,1,8,0,86,0,1,14,99,w,0.766,1,1,w,1,0.766,86,0,86,0,1,,,,,,,,,,,,,
,,,,,,,,,,,,,,,,,316,2,2024-02-14_20h27.11.143,Symbol-E,2020.1.3,Win32,Firefox,Mozilla/5.0 (Windows NT 10.0; Win64; x64; rv:122.0) Gecko/20100101 Firefox/122.0,60,,,,,,,,,,,,,,,,,,,,,,,,,,,,,,,,,,,,,,media/dnnb.png,3,3,Symb,f,RT,0,0,0,1,8,0,87,0,1,14,99,f,1.2,3,1,f,1,1.2,87,0,87,0,1,,,,,,,,,,,,,
,,,,,,,,,,,,,,,,,316,2,2024-02-14_20h27.11.143,Symbol-E,2020.1.3,Win32,Firefox,Mozilla/5.0 (Windows NT 10.0; Win64; x64; rv:122.0) Gecko/20100101 Firefox/122.0,60,,,,,,,,,,,,,,,,,,,,,,,,,,,,,,,,,,,,,,media/dgnb.png,1,1,Symb,w,RT,0,0,0,1,8,0,88,0,1,14,99,w,1.25,1,1,w,1,1.25,88,0,88,0,1,,,,,,,,,,,,,
,,,,,,,,,,,,,,,,,316,2,2024-02-14_20h27.11.143,Symbol-E,2020.1.3,Win32,Firefox,Mozilla/5.0 (Windows NT 10.0; Win64; x64; rv:122.0) Gecko/20100101 Firefox/122.0,60,,,,,,,,,,,,,,,,,,,,,,,,,,,,,,,,,,,,,,media/dnnb.png,3,3,Symb,f,RT,0,0,0,1,8,0,89,0,1,14,99,w,1.133,1,0,w,0,1.133,89,0,89,0,1,,,,,,,,,,,,,
,,,,,,,,,,,,,,,,,316,2,2024-02-14_20h27.11.143,Symbol-E,2020.1.3,Win32,Firefox,Mozilla/5.0 (Windows NT 10.0; Win64; x64; rv:122.0) Gecko/20100101 Firefox/122.0,60,,,,,,,,,,,,,,,,,,,,,,,,,,,,,,,,,,,,,,media/dinb.png,2,2,Symb,e,RT,0,0,0,1,8,0,90,0,1,14,99,e,1.438,2,1,e,1,1.438,90,0,90,0,1,,,,,,,,,,,,,
,,,,,,,,,,,,,,,,,316,2,2024-02-14_20h27.11.143,Symbol-E,2020.1.3,Win32,Firefox,Mozilla/5.0 (Windows NT 10.0; Win64; x64; rv:122.0) Gecko/20100101 Firefox/122.0,60,,,,,,,,,,,,,,,,,,,,,,,,,,,,,,,,,,,,,,media/djnb.png,7,3,Symb,l,RT,0,0,0,1,8,0,91,0,1,14,99,l,1.121,7,1,l,1,1.121,91,0,91,0,1,,,,,,,,,,,,,
,,,,,,,,,,,,,,,,,316,2,2024-02-14_20h27.11.143,Symbol-E,2020.1.3,Win32,Firefox,Mozilla/5.0 (Windows NT 10.0; Win64; x64; rv:122.0) Gecko/20100101 Firefox/122.0,60,,,,,,,,,,,,,,,,,,,,,,,,,,,,,,,,,,,,,,media/dfnb.png,5,1,Symb,u,RT,0,0,0,1,8,0,92,0,1,14,99,u,0.548,5,1,u,1,0.548,92,0,92,0,1,,,,,,,,,,,,,
,,,,,,,,,,,,,,,,,316,2,2024-02-14_20h27.11.143,Symbol-E,2020.1.3,Win32,Firefox,Mozilla/5.0 (Windows NT 10.0; Win64; x64; rv:122.0) Gecko/20100101 Firefox/122.0,60,,,,,,,,,,,,,,,,,,,,,,,,,,,,,,,,,,,,,,media/djnb.png,7,3,Symb,l,RT,0,0,0,1,8,0,93,0,1,14,99,l,0.699,7,1,l,1,0.699,93,0,93,0,1,,,,,,,,,,,,,
,,,,,,,,,,,,,,,,,316,2,2024-02-14_20h27.11.143,Symbol-E,2020.1.3,Win32,Firefox,Mozilla/5.0 (Windows NT 10.0; Win64; x64; rv:122.0) Gecko/20100101 Firefox/122.0,60,,,,,,,,,,,,,,,,,,,,,,,,,,,,,,,,,,,,,,media/ddnb.png,6,2,Symb,i,RT,0,0,0,1,8,0,94,0,1,14,99,i,1.115,6,1,i,1,1.115,94,0,94,0,1,,,,,,,,,,,,,
,,,,,,,,,,,,,,,,,316,2,2024-02-14_20h27.11.143,Symbol-E,2020.1.3,Win32,Firefox,Mozilla/5.0 (Windows NT 10.0; Win64; x64; rv:122.0) Gecko/20100101 Firefox/122.0,60,,,,,,,,,,,,,,,,,,,,,,,,,,,,,,,,,,,,,,media/ddnb.png,6,2,Symb,i,RT,0,0,0,1,8,0,95,0,1,14,99,i,0.468,6,1,i,1,0.468,95,0,95,0,1,,,,,,,,,,,,,
,,,,,,,,,,,,,,,,,316,2,2024-02-14_20h27.11.143,Symbol-E,2020.1.3,Win32,Firefox,Mozilla/5.0 (Windows NT 10.0; Win64; x64; rv:122.0) Gecko/20100101 Firefox/122.0,60,,,,,,,,,,,,,,,,,,,,,,,,,,,,,,,,,,,,,,,,,,,,,,,,,,,,,,,,,,,,,,,,,,,13,0,13,0,1,,,,,,,,
,,,,,,,,,,,,,,,,,316,2,2024-02-14_20h27.11.143,Symbol-E,2020.1.3,Win32,Firefox,Mozilla/5.0 (Windows NT 10.0; Win64; x64; rv:122.0) Gecko/20100101 Firefox/122.0,60,,,,,,,,,,,,,,,,,,,,,,,,,,,,,,,,,,,,,,,,,,,,,,,,,,,,,,,,,,,,,,,,,,,,,,,,0,0,0,0,1,,,
,,,,,,,,,,,,,,,,,316,2,2024-02-14_20h27.11.143,Symbol-E,2020.1.3,Win32,Firefox,Mozilla/5.0 (Windows NT 10.0; Win64; x64; rv:122.0) Gecko/20100101 Firefox/122.0,60,,,,,,,,,,,,,,,,,,,,,,,,,,,,,,,,,,,,,,,,,,,,,,,,,,,,,,,,,,,,,,,,,,,14,0,14,0,1,,,,,,space,6.45,13
