Import_Stim.thisRepN,Import_Stim.thisTrialN,Import_Stim.thisN,Import_Stim.thisIndex,Import_Stim.ran,StimNum,Key,KeyNum,Symb,Symb_R,Symb_G,X_pos,Y_pos,Hand,Sound_P,Sound_N,Beep,participant,session,date,expName,psychopyVersion,OS,browser,browserInfo,frameRate,symb_map,symb_remap,Remap_Pair_1,Remap_Pair_2,Instr_Exp_Key.keys,Instr_Exp_Key.rt,Instr_Sound_Check_Press.keys,Instr_Sound_Check_Press.rt,Instr_Sound_Check_Press_Space.keys,Instr_Sound_Check_Iter.thisRepN,Instr_Sound_Check_Iter.thisTrialN,Instr_Sound_Check_Iter.thisN,Instr_Sound_Check_Iter.thisIndex,Instr_Sound_Check_Iter.ran,Instr_Sound_Check_Press_Space.rt,Sound_check_Creat_StimSeq_Text_Press.keys,sound_check,sound_check_press,sound_check_rt,sound_check_correct,sound_check_trial_count,Sound_Check_Press.keys,Sound_Check_Press.rt,Sound_Check_Iter.thisRepN,Sound_Check_Iter.thisTrialN,Sound_Check_Iter.thisN,Sound_Check_Iter.thisIndex,Sound_Check_Iter.ran,Sound_Check_Bool.thisRepN,Sound_Check_Bool.thisTrialN,Sound_Check_Bool.thisN,Sound_Check_Bool.thisIndex,Sound_Check_Bool.ran,Instr_RT_Pre_Press.keys,Instr_RT_Pre_Press.rt,Instr_Block_Num_Press.keys,Instr_Block_Num_Press.rt,stim_val,proposed_choice,key_num,stim_type,key,block_type,tr_old_pre,tr_old_post,remap,pre_rt,set_size,repeat_count,trial_Count,grp_stop,grp_swap,block_num,prep_time,actual_press,rt,actual_choice,correct,RT_Press.keys,RT_Press.corr,RT_Press.rt,RT_Iter.thisRepN,RT_Iter.thisTrialN,RT_Iter.thisN,RT_Iter.thisIndex,RT_Iter.ran,RT_PreBlock.thisRepN,RT_PreBlock.thisTrialN,RT_PreBlock.thisN,RT_PreBlock.thisIndex,RT_PreBlock.ran,RT_PreBool.thisRepN,RT_PreBool.thisTrialN,RT_PreBool.thisN,RT_PreBool.thisIndex,RT_PreBool.ran,Instr_End_Exp_Key.keys,Instr_End_Exp_Key.rt,RT_PreBlock.order
0,0,0,0,1,0,a,0,media/djnb.png,media/djnb_r.png,media/djnb_g.png,-0.2495,0.045,media/hand2.png,media/coin.wav,media/buzz.wav,media/beep.wav,326,2,2024-03-12_01h06.14.197,Symbol-E,2020.1.3,Win32,Firefox,Mozilla/5.0 (Windows NT 10.0; Win64; x64; rv:123.0) Gecko/20100101 Firefox/123.0,60,,,,,,,,,,,,,,,,,,,,,,,,,,,,,,,,,,,,,,,,,,,,,,,,,,,,,,,,,,,,,,,,,,,,,,,,,,,,,,,
0,1,1,1,1,1,w,1,media/dnnb.png,media/dnnb_r.png,media/dnnb_g.png,-0.205,0.112,,,,,326,2,2024-03-12_01h06.14.197,Symbol-E,2020.1.3,Win32,Firefox,Mozilla/5.0 (Windows NT 10.0; Win64; x64; rv:123.0) Gecko/20100101 Firefox/123.0,60,,,,,,,,,,,,,,,,,,,,,,,,,,,,,,,,,,,,,,,,,,,,,,,,,,,,,,,,,,,,,,,,,,,,,,,,,,,,,,,
0,2,2,2,1,2,e,2,media/dinb.png,media/dinb_r.png,media/dinb_g.png,-0.15,0.135,,,,,326,2,2024-03-12_01h06.14.197,Symbol-E,2020.1.3,Win32,Firefox,Mozilla/5.0 (Windows NT 10.0; Win64; x64; rv:123.0) Gecko/20100101 Firefox/123.0,60,,,,,,,,,,,,,,,,,,,,,,,,,,,,,,,,,,,,,,,,,,,,,,,,,,,,,,,,,,,,,,,,,,,,,,,,,,,,,,,
0,3,3,3,1,3,f,3,media/dgnb.png,media/dgnb_r.png,media/dgnb_g.png,-0.0885,0.115,,,,,326,2,2024-03-12_01h06.14.197,Symbol-E,2020.1.3,Win32,Firefox,Mozilla/5.0 (Windows NT 10.0; Win64; x64; rv:123.0) Gecko/20100101 Firefox/123.0,60,,,,,,,,,,,,,,,,,,,,,,,,,,,,,,,,,,,,,,,,,,,,,,,,,,,,,,,,,,,,,,,,,,,,,,,,,,,,,,,
0,4,4,4,1,4,h,0,media/ddnb.png,media/ddnb_r.png,media/ddnb_g.png,0.088,0.115,,,,,326,2,2024-03-12_01h06.14.197,Symbol-E,2020.1.3,Win32,Firefox,Mozilla/5.0 (Windows NT 10.0; Win64; x64; rv:123.0) Gecko/20100101 Firefox/123.0,60,,,,,,,,,,,,,,,,,,,,,,,,,,,,,,,,,,,,,,,,,,,,,,,,,,,,,,,,,,,,,,,,,,,,,,,,,,,,,,,
0,5,5,5,1,5,u,1,media/dfnb.png,media/dfnb_r.png,media/dfnb_g.png,0.1495,0.135,,,,,326,2,2024-03-12_01h06.14.197,Symbol-E,2020.1.3,Win32,Firefox,Mozilla/5.0 (Windows NT 10.0; Win64; x64; rv:123.0) Gecko/20100101 Firefox/123.0,60,,,,,,,,,,,,,,,,,,,,,,,,,,,,,,,,,,,,,,,,,,,,,,,,,,,,,,,,,,,,,,,,,,,,,,,,,,,,,,,
0,6,6,6,1,6,i,2,media/dcnb.png,media/dcnb_r.png,media/dcnb_g.png,0.2055,0.112,,,,,326,2,2024-03-12_01h06.14.197,Symbol-E,2020.1.3,Win32,Firefox,Mozilla/5.0 (Windows NT 10.0; Win64; x64; rv:123.0) Gecko/20100101 Firefox/123.0,60,,,,,,,,,,,,,,,,,,,,,,,,,,,,,,,,,,,,,,,,,,,,,,,,,,,,,,,,,,,,,,,,,,,,,,,,,,,,,,,
0,7,7,7,1,7,l,3,media/dmnb.png,media/dmnb_r.png,media/dmnb_g.png,0.25,0.045,,,,,326,2,2024-03-12_01h06.14.197,Symbol-E,2020.1.3,Win32,Firefox,Mozilla/5.0 (Windows NT 10.0; Win64; x64; rv:123.0) Gecko/20100101 Firefox/123.0,60,,,,,,,,,,,,,,,,,,,,,,,,,,,,,,,,,,,,,,,,,,,,,,,,,,,,,,,,,,,,,,,,,,,,,,,,,,,,,,,
,,,,,,,,,,,,,,,,,326,2,2024-03-12_01h06.14.197,Symbol-E,2020.1.3,Win32,Firefox,Mozilla/5.0 (Windows NT 10.0; Win64; x64; rv:123.0) Gecko/20100101 Firefox/123.0,60,"[3,7,6,5,0,1,2,4]",,"[2,3]","[6,7]",space,5.627,f,2.532,,0,0,0,0,1,,,,,,,,,,,,,,,,,,,,,,,,,,,,,,,,,,,,,,,,,,,,,,,,,,,,,,,,,,,,,,,,,
,,,,,,,,,,,,,,,,,326,2,2024-03-12_01h06.14.197,Symbol-E,2020.1.3,Win32,Firefox,Mozilla/5.0 (Windows NT 10.0; Win64; x64; rv:123.0) Gecko/20100101 Firefox/123.0,60,,,,,,,j,0.964,,1,0,1,0,1,,,,,,,,,,,,,,,,,,,,,,,,,,,,,,,,,,,,,,,,,,,,,,,,,,,,,,,,,,,,,,,,,
,,,,,,,,,,,,,,,,,326,2,2024-03-12_01h06.14.197,Symbol-E,2020.1.3,Win32,Firefox,Mozilla/5.0 (Windows NT 10.0; Win64; x64; rv:123.0) Gecko/20100101 Firefox/123.0,60,,,,,,,,,space,2,0,2,0,1,0.685,,,,,,,,,,,,,,,,,,,,,,,,,,,,,,,,,,,,,,,,,,,,,,,,,,,,,,,,,,,,,,,,
,,,,,,,,,,,,,,,,,326,2,2024-03-12_01h06.14.197,Symbol-E,2020.1.3,Win32,Firefox,Mozilla/5.0 (Windows NT 10.0; Win64; x64; rv:123.0) Gecko/20100101 Firefox/123.0,60,,,,,,,,,,,,,,,,space,coin,f,-0.866,-1,2,f,0.134,0,0,0,0,1,,,,,,,,,,,,,,,,,,,,,,,,,,,,,,,,,,,,,,,,,,,,,,,,,,,
,,,,,,,,,,,,,,,,,326,2,2024-03-12_01h06.14.197,Symbol-E,2020.1.3,Win32,Firefox,Mozilla/5.0 (Windows NT 10.0; Win64; x64; rv:123.0) Gecko/20100101 Firefox/123.0,60,,,,,,,,,,,,,,,,,coin,f,-0.3,-1,3,f,0.7,1,0,1,0,1,,,,,,,,,,,,,,,,,,,,,,,,,,,,,,,,,,,,,,,,,,,,,,,,,,,
,,,,,,,,,,,,,,,,,326,2,2024-03-12_01h06.14.197,Symbol-E,2020.1.3,Win32,Firefox,Mozilla/5.0 (Windows NT 10.0; Win64; x64; rv:123.0) Gecko/20100101 Firefox/123.0,60,,,,,,,,,,,,,,,,,coin,f,-0.731,-1,4,f,0.269,2,0,2,0,1,,,,,,,,,,,,,,,,,,,,,,,,,,,,,,,,,,,,,,,,,,,,,,,,,,,
,,,,,,,,,,,,,,,,,326,2,2024-03-12_01h06.14.197,Symbol-E,2020.1.3,Win32,Firefox,Mozilla/5.0 (Windows NT 10.0; Win64; x64; rv:123.0) Gecko/20100101 Firefox/123.0,60,,,,,,,,,,,,,,,,,coin,f,-0.699,-1,5,f,0.301,3,0,3,0,1,,,,,,,,,,,,,,,,,,,,,,,,,,,,,,,,,,,,,,,,,,,,,,,,,,,
,,,,,,,,,,,,,,,,,326,2,2024-03-12_01h06.14.197,Symbol-E,2020.1.3,Win32,Firefox,Mozilla/5.0 (Windows NT 10.0; Win64; x64; rv:123.0) Gecko/20100101 Firefox/123.0,60,,,,,,,,,,,,,,,,,,,,,,,,,,,,,0,0,0,0,1,,,,,,,,,,,,,,,,,,,,,,,,,,,,,,,,,,,,,,,,,,,,,,
,,,,,,,,,,,,,,,,,326,2,2024-03-12_01h06.14.197,Symbol-E,2020.1.3,Win32,Firefox,Mozilla/5.0 (Windows NT 10.0; Win64; x64; rv:123.0) Gecko/20100101 Firefox/123.0,60,,,,,,,,,,,,,,,,,,,,,,,,,,,,,,,,,,h,6.032,h,0.235,media/dcnb.png,2,2,Symb,e,RT,0,0,0,1,8,0,0,0,1,1,99,e,0.716,2,1,e,1,0.716,0,0,0,0,1,,,,,,,,,,,,,
,,,,,,,,,,,,,,,,,326,2,2024-03-12_01h06.14.197,Symbol-E,2020.1.3,Win32,Firefox,Mozilla/5.0 (Windows NT 10.0; Win64; x64; rv:123.0) Gecko/20100101 Firefox/123.0,60,,,,,,,,,,,,,,,,,,,,,,,,,,,,,,,,,,,,,,media/dmnb.png,1,1,Symb,w,RT,0,0,0,1,8,0,1,0,1,1,99,w,0.562,1,1,w,1,0.562,1,0,1,0,1,,,,,,,,,,,,,
,,,,,,,,,,,,,,,,,326,2,2024-03-12_01h06.14.197,Symbol-E,2020.1.3,Win32,Firefox,Mozilla/5.0 (Windows NT 10.0; Win64; x64; rv:123.0) Gecko/20100101 Firefox/123.0,60,,,,,,,,,,,,,,,,,,,,,,,,,,,,,,,,,,,,,,media/ddnb.png,7,3,Symb,l,RT,0,0,0,1,8,0,2,0,1,1,99,l,0.701,7,1,l,1,0.701,2,0,2,0,1,,,,,,,,,,,,,
,,,,,,,,,,,,,,,,,326,2,2024-03-12_01h06.14.197,Symbol-E,2020.1.3,Win32,Firefox,Mozilla/5.0 (Windows NT 10.0; Win64; x64; rv:123.0) Gecko/20100101 Firefox/123.0,60,,,,,,,,,,,,,,,,,,,,,,,,,,,,,,,,,,,,,,media/ddnb.png,7,3,Symb,l,RT,0,0,0,1,8,0,3,0,1,1,99,l,0.499,7,1,l,1,0.499,3,0,3,0,1,,,,,,,,,,,,,
,,,,,,,,,,,,,,,,,326,2,2024-03-12_01h06.14.197,Symbol-E,2020.1.3,Win32,Firefox,Mozilla/5.0 (Windows NT 10.0; Win64; x64; rv:123.0) Gecko/20100101 Firefox/123.0,60,,,,,,,,,,,,,,,,,,,,,,,,,,,,,,,,,,,,,,media/dfnb.png,3,3,Symb,f,RT,0,0,0,1,8,0,4,0,1,1,99,f,0.6,3,1,f,1,0.6,4,0,4,0,1,,,,,,,,,,,,,
,,,,,,,,,,,,,,,,,326,2,2024-03-12_01h06.14.197,Symbol-E,2020.1.3,Win32,Firefox,Mozilla/5.0 (Windows NT 10.0; Win64; x64; rv:123.0) Gecko/20100101 Firefox/123.0,60,,,,,,,,,,,,,,,,,,,,,,,,,,,,,,,,,,,,,,media/dgnb.png,0,0,Symb,a,RT,0,0,0,1,8,0,5,0,1,1,99,a,0.633,0,1,a,1,0.633,5,0,5,0,1,,,,,,,,,,,,,
,,,,,,,,,,,,,,,,,326,2,2024-03-12_01h06.14.197,Symbol-E,2020.1.3,Win32,Firefox,Mozilla/5.0 (Windows NT 10.0; Win64; x64; rv:123.0) Gecko/20100101 Firefox/123.0,60,,,,,,,,,,,,,,,,,,,,,,,,,,,,,,,,,,,,,,media/dinb.png,6,2,Symb,i,RT,0,0,0,1,8,0,6,0,1,1,99,i,0.567,6,1,i,1,0.567,6,0,6,0,1,,,,,,,,,,,,,
,,,,,,,,,,,,,,,,,326,2,2024-03-12_01h06.14.197,Symbol-E,2020.1.3,Win32,Firefox,Mozilla/5.0 (Windows NT 10.0; Win64; x64; rv:123.0) Gecko/20100101 Firefox/123.0,60,,,,,,,,,,,,,,,,,,,,,,,,,,,,,,,,,,,,,,media/dnnb.png,5,1,Symb,u,RT,0,0,0,1,8,0,7,0,1,1,99,u,0.569,5,1,u,1,0.569,7,0,7,0,1,,,,,,,,,,,,,
,,,,,,,,,,,,,,,,,326,2,2024-03-12_01h06.14.197,Symbol-E,2020.1.3,Win32,Firefox,Mozilla/5.0 (Windows NT 10.0; Win64; x64; rv:123.0) Gecko/20100101 Firefox/123.0,60,,,,,,,,,,,,,,,,,,,,,,,,,,,,,,,,,,,,,,media/dgnb.png,0,0,Symb,a,RT,0,0,0,1,8,0,8,0,1,1,99,a,0.7,0,1,a,1,0.7,8,0,8,0,1,,,,,,,,,,,,,
,,,,,,,,,,,,,,,,,326,2,2024-03-12_01h06.14.197,Symbol-E,2020.1.3,Win32,Firefox,Mozilla/5.0 (Windows NT 10.0; Win64; x64; rv:123.0) Gecko/20100101 Firefox/123.0,60,,,,,,,,,,,,,,,,,,,,,,,,,,,,,,,,,,,,,,media/dinb.png,6,2,Symb,i,RT,0,0,0,1,8,0,9,0,1,1,99,i,0.566,6,1,i,1,0.566,9,0,9,0,1,,,,,,,,,,,,,
,,,,,,,,,,,,,,,,,326,2,2024-03-12_01h06.14.197,Symbol-E,2020.1.3,Win32,Firefox,Mozilla/5.0 (Windows NT 10.0; Win64; x64; rv:123.0) Gecko/20100101 Firefox/123.0,60,,,,,,,,,,,,,,,,,,,,,,,,,,,,,,,,,,,,,,media/dmnb.png,1,1,Symb,w,RT,0,0,0,1,8,0,10,0,1,1,99,w,0.585,1,1,w,1,0.585,10,0,10,0,1,,,,,,,,,,,,,
,,,,,,,,,,,,,,,,,326,2,2024-03-12_01h06.14.197,Symbol-E,2020.1.3,Win32,Firefox,Mozilla/5.0 (Windows NT 10.0; Win64; x64; rv:123.0) Gecko/20100101 Firefox/123.0,60,,,,,,,,,,,,,,,,,,,,,,,,,,,,,,,,,,,,,,media/djnb.png,4,0,Symb,h,RT,0,0,0,1,8,0,11,0,1,1,99,h,1.083,4,1,h,1,1.083,11,0,11,0,1,,,,,,,,,,,,,
,,,,,,,,,,,,,,,,,326,2,2024-03-12_01h06.14.197,Symbol-E,2020.1.3,Win32,Firefox,Mozilla/5.0 (Windows NT 10.0; Win64; x64; rv:123.0) Gecko/20100101 Firefox/123.0,60,,,,,,,,,,,,,,,,,,,,,,,,,,,,,,,,,,,,,,media/djnb.png,4,0,Symb,h,RT,0,0,0,1,8,0,12,0,1,1,99,h,0.453,4,1,h,1,0.453,12,0,12,0,1,,,,,,,,,,,,,
,,,,,,,,,,,,,,,,,326,2,2024-03-12_01h06.14.197,Symbol-E,2020.1.3,Win32,Firefox,Mozilla/5.0 (Windows NT 10.0; Win64; x64; rv:123.0) Gecko/20100101 Firefox/123.0,60,,,,,,,,,,,,,,,,,,,,,,,,,,,,,,,,,,,,,,media/dcnb.png,2,2,Symb,e,RT,0,0,0,1,8,0,13,0,1,1,99,e,0.583,2,1,e,1,0.583,13,0,13,0,1,,,,,,,,,,,,,
,,,,,,,,,,,,,,,,,326,2,2024-03-12_01h06.14.197,Symbol-E,2020.1.3,Win32,Firefox,Mozilla/5.0 (Windows NT 10.0; Win64; x64; rv:123.0) Gecko/20100101 Firefox/123.0,60,,,,,,,,,,,,,,,,,,,,,,,,,,,,,,,,,,,,,,media/dnnb.png,5,1,Symb,u,RT,0,0,0,1,8,0,14,0,1,1,99,u,0.617,5,1,u,1,0.617,14,0,14,0,1,,,,,,,,,,,,,
,,,,,,,,,,,,,,,,,326,2,2024-03-12_01h06.14.197,Symbol-E,2020.1.3,Win32,Firefox,Mozilla/5.0 (Windows NT 10.0; Win64; x64; rv:123.0) Gecko/20100101 Firefox/123.0,60,,,,,,,,,,,,,,,,,,,,,,,,,,,,,,,,,,,,,,media/dfnb.png,3,3,Symb,f,RT,0,0,0,1,8,0,15,0,1,1,99,f,0.6,3,1,f,1,0.6,15,0,15,0,1,,,,,,,,,,,,,
,,,,,,,,,,,,,,,,,326,2,2024-03-12_01h06.14.197,Symbol-E,2020.1.3,Win32,Firefox,Mozilla/5.0 (Windows NT 10.0; Win64; x64; rv:123.0) Gecko/20100101 Firefox/123.0,60,,,,,,,,,,,,,,,,,,,,,,,,,,,,,,,,,,,,,,media/dcnb.png,2,2,Symb,e,RT,0,0,0,1,8,0,16,0,1,1,99,e,0.616,2,1,e,1,0.616,16,0,16,0,1,,,,,,,,,,,,,
,,,,,,,,,,,,,,,,,326,2,2024-03-12_01h06.14.197,Symbol-E,2020.1.3,Win32,Firefox,Mozilla/5.0 (Windows NT 10.0; Win64; x64; rv:123.0) Gecko/20100101 Firefox/123.0,60,,,,,,,,,,,,,,,,,,,,,,,,,,,,,,,,,,,,,,media/dinb.png,6,2,Symb,i,RT,0,0,0,1,8,0,17,0,1,1,99,i,0.55,6,1,i,1,0.55,17,0,17,0,1,,,,,,,,,,,,,
,,,,,,,,,,,,,,,,,326,2,2024-03-12_01h06.14.197,Symbol-E,2020.1.3,Win32,Firefox,Mozilla/5.0 (Windows NT 10.0; Win64; x64; rv:123.0) Gecko/20100101 Firefox/123.0,60,,,,,,,,,,,,,,,,,,,,,,,,,,,,,,,,,,,,,,media/dfnb.png,3,3,Symb,f,RT,0,0,0,1,8,0,18,0,1,1,99,f,0.601,3,1,f,1,0.601,18,0,18,0,1,,,,,,,,,,,,,
,,,,,,,,,,,,,,,,,326,2,2024-03-12_01h06.14.197,Symbol-E,2020.1.3,Win32,Firefox,Mozilla/5.0 (Windows NT 10.0; Win64; x64; rv:123.0) Gecko/20100101 Firefox/123.0,60,,,,,,,,,,,,,,,,,,,,,,,,,,,,,,,,,,,,,,media/dinb.png,6,2,Symb,i,RT,0,0,0,1,8,0,19,0,1,1,99,i,0.533,6,1,i,1,0.533,19,0,19,0,1,,,,,,,,,,,,,
,,,,,,,,,,,,,,,,,326,2,2024-03-12_01h06.14.197,Symbol-E,2020.1.3,Win32,Firefox,Mozilla/5.0 (Windows NT 10.0; Win64; x64; rv:123.0) Gecko/20100101 Firefox/123.0,60,,,,,,,,,,,,,,,,,,,,,,,,,,,,,,,,,,,,,,media/dmnb.png,1,1,Symb,w,RT,0,0,0,1,8,0,20,0,1,1,99,w,0.582,1,1,w,1,0.582,20,0,20,0,1,,,,,,,,,,,,,
,,,,,,,,,,,,,,,,,326,2,2024-03-12_01h06.14.197,Symbol-E,2020.1.3,Win32,Firefox,Mozilla/5.0 (Windows NT 10.0; Win64; x64; rv:123.0) Gecko/20100101 Firefox/123.0,60,,,,,,,,,,,,,,,,,,,,,,,,,,,,,,,,,,,,,,media/dmnb.png,1,1,Symb,w,RT,0,0,0,1,8,0,21,0,1,1,99,w,0.484,1,1,w,1,0.484,21,0,21,0,1,,,,,,,,,,,,,
,,,,,,,,,,,,,,,,,326,2,2024-03-12_01h06.14.197,Symbol-E,2020.1.3,Win32,Firefox,Mozilla/5.0 (Windows NT 10.0; Win64; x64; rv:123.0) Gecko/20100101 Firefox/123.0,60,,,,,,,,,,,,,,,,,,,,,,,,,,,,,,,,,,,,,,media/ddnb.png,7,3,Symb,l,RT,0,0,0,1,8,0,22,0,1,1,99,l,0.633,7,1,l,1,0.633,22,0,22,0,1,,,,,,,,,,,,,
,,,,,,,,,,,,,,,,,326,2,2024-03-12_01h06.14.197,Symbol-E,2020.1.3,Win32,Firefox,Mozilla/5.0 (Windows NT 10.0; Win64; x64; rv:123.0) Gecko/20100101 Firefox/123.0,60,,,,,,,,,,,,,,,,,,,,,,,,,,,,,,,,,,,,,,media/dcnb.png,2,2,Symb,e,RT,0,0,0,1,8,0,23,0,1,1,99,e,0.616,2,1,e,1,0.616,23,0,23,0,1,,,,,,,,,,,,,
,,,,,,,,,,,,,,,,,326,2,2024-03-12_01h06.14.197,Symbol-E,2020.1.3,Win32,Firefox,Mozilla/5.0 (Windows NT 10.0; Win64; x64; rv:123.0) Gecko/20100101 Firefox/123.0,60,,,,,,,,,,,,,,,,,,,,,,,,,,,,,,,,,,,,,,media/dgnb.png,0,0,Symb,a,RT,0,0,0,1,8,0,24,0,1,1,99,a,0.532,0,1,a,1,0.532,24,0,24,0,1,,,,,,,,,,,,,
,,,,,,,,,,,,,,,,,326,2,2024-03-12_01h06.14.197,Symbol-E,2020.1.3,Win32,Firefox,Mozilla/5.0 (Windows NT 10.0; Win64; x64; rv:123.0) Gecko/20100101 Firefox/123.0,60,,,,,,,,,,,,,,,,,,,,,,,,,,,,,,,,,,,,,,media/ddnb.png,7,3,Symb,l,RT,0,0,0,1,8,0,25,0,1,1,99,l,0.602,7,1,l,1,0.602,25,0,25,0,1,,,,,,,,,,,,,
,,,,,,,,,,,,,,,,,326,2,2024-03-12_01h06.14.197,Symbol-E,2020.1.3,Win32,Firefox,Mozilla/5.0 (Windows NT 10.0; Win64; x64; rv:123.0) Gecko/20100101 Firefox/123.0,60,,,,,,,,,,,,,,,,,,,,,,,,,,,,,,,,,,,,,,media/dfnb.png,3,3,Symb,f,RT,0,0,0,1,8,0,26,0,1,1,99,f,0.569,3,1,f,1,0.569,26,0,26,0,1,,,,,,,,,,,,,
,,,,,,,,,,,,,,,,,326,2,2024-03-12_01h06.14.197,Symbol-E,2020.1.3,Win32,Firefox,Mozilla/5.0 (Windows NT 10.0; Win64; x64; rv:123.0) Gecko/20100101 Firefox/123.0,60,,,,,,,,,,,,,,,,,,,,,,,,,,,,,,,,,,,,,,media/dnnb.png,5,1,Symb,u,RT,0,0,0,1,8,0,27,0,1,1,99,u,0.599,5,1,u,1,0.599,27,0,27,0,1,,,,,,,,,,,,,
,,,,,,,,,,,,,,,,,326,2,2024-03-12_01h06.14.197,Symbol-E,2020.1.3,Win32,Firefox,Mozilla/5.0 (Windows NT 10.0; Win64; x64; rv:123.0) Gecko/20100101 Firefox/123.0,60,,,,,,,,,,,,,,,,,,,,,,,,,,,,,,,,,,,,,,media/dgnb.png,0,0,Symb,a,RT,0,0,0,1,8,0,28,0,1,1,99,a,0.699,0,1,a,1,0.699,28,0,28,0,1,,,,,,,,,,,,,
,,,,,,,,,,,,,,,,,326,2,2024-03-12_01h06.14.197,Symbol-E,2020.1.3,Win32,Firefox,Mozilla/5.0 (Windows NT 10.0; Win64; x64; rv:123.0) Gecko/20100101 Firefox/123.0,60,,,,,,,,,,,,,,,,,,,,,,,,,,,,,,,,,,,,,,media/dnnb.png,5,1,Symb,u,RT,0,0,0,1,8,0,29,0,1,1,99,u,0.668,5,1,u,1,0.668,29,0,29,0,1,,,,,,,,,,,,,
,,,,,,,,,,,,,,,,,326,2,2024-03-12_01h06.14.197,Symbol-E,2020.1.3,Win32,Firefox,Mozilla/5.0 (Windows NT 10.0; Win64; x64; rv:123.0) Gecko/20100101 Firefox/123.0,60,,,,,,,,,,,,,,,,,,,,,,,,,,,,,,,,,,,,,,media/djnb.png,4,0,Symb,h,RT,0,0,0,1,8,0,30,0,1,1,99,h,0.663,4,1,h,1,0.663,30,0,30,0,1,,,,,,,,,,,,,
,,,,,,,,,,,,,,,,,326,2,2024-03-12_01h06.14.197,Symbol-E,2020.1.3,Win32,Firefox,Mozilla/5.0 (Windows NT 10.0; Win64; x64; rv:123.0) Gecko/20100101 Firefox/123.0,60,,,,,,,,,,,,,,,,,,,,,,,,,,,,,,,,,,,,,,media/djnb.png,4,0,Symb,h,RT,0,0,0,1,8,0,31,0,1,1,99,h,0.453,4,1,h,1,0.453,31,0,31,0,1,,,,,,,,,,,,,
,,,,,,,,,,,,,,,,,326,2,2024-03-12_01h06.14.197,Symbol-E,2020.1.3,Win32,Firefox,Mozilla/5.0 (Windows NT 10.0; Win64; x64; rv:123.0) Gecko/20100101 Firefox/123.0,60,,,,,,,,,,,,,,,,,,,,,,,,,,,,,,,,,,,,,,media/dgnb.png,0,0,Symb,a,RT,0,0,0,1,8,0,32,0,1,1,99,a,0.564,0,1,a,1,0.564,32,0,32,0,1,,,,,,,,,,,,,
,,,,,,,,,,,,,,,,,326,2,2024-03-12_01h06.14.197,Symbol-E,2020.1.3,Win32,Firefox,Mozilla/5.0 (Windows NT 10.0; Win64; x64; rv:123.0) Gecko/20100101 Firefox/123.0,60,,,,,,,,,,,,,,,,,,,,,,,,,,,,,,,,,,,,,,media/djnb.png,4,0,Symb,h,RT,0,0,0,1,8,0,33,0,1,1,99,h,0.919,4,1,h,1,0.919,33,0,33,0,1,,,,,,,,,,,,,
,,,,,,,,,,,,,,,,,326,2,2024-03-12_01h06.14.197,Symbol-E,2020.1.3,Win32,Firefox,Mozilla/5.0 (Windows NT 10.0; Win64; x64; rv:123.0) Gecko/20100101 Firefox/123.0,60,,,,,,,,,,,,,,,,,,,,,,,,,,,,,,,,,,,,,,media/djnb.png,4,0,Symb,h,RT,0,0,0,1,8,0,34,0,1,1,99,h,0.416,4,1,h,1,0.416,34,0,34,0,1,,,,,,,,,,,,,
,,,,,,,,,,,,,,,,,326,2,2024-03-12_01h06.14.197,Symbol-E,2020.1.3,Win32,Firefox,Mozilla/5.0 (Windows NT 10.0; Win64; x64; rv:123.0) Gecko/20100101 Firefox/123.0,60,,,,,,,,,,,,,,,,,,,,,,,,,,,,,,,,,,,,,,media/dcnb.png,2,2,Symb,e,RT,0,0,0,1,8,0,35,0,1,1,99,e,1.266,2,1,e,1,1.266,35,0,35,0,1,,,,,,,,,,,,,
,,,,,,,,,,,,,,,,,326,2,2024-03-12_01h06.14.197,Symbol-E,2020.1.3,Win32,Firefox,Mozilla/5.0 (Windows NT 10.0; Win64; x64; rv:123.0) Gecko/20100101 Firefox/123.0,60,,,,,,,,,,,,,,,,,,,,,,,,,,,,,,,,,,,,,,media/dmnb.png,1,1,Symb,w,RT,0,0,0,1,8,0,36,0,1,1,99,w,0.518,1,1,w,1,0.518,36,0,36,0,1,,,,,,,,,,,,,
,,,,,,,,,,,,,,,,,326,2,2024-03-12_01h06.14.197,Symbol-E,2020.1.3,Win32,Firefox,Mozilla/5.0 (Windows NT 10.0; Win64; x64; rv:123.0) Gecko/20100101 Firefox/123.0,60,,,,,,,,,,,,,,,,,,,,,,,,,,,,,,,,,,,,,,media/dgnb.png,0,0,Symb,a,RT,0,0,0,1,8,0,37,0,1,1,99,a,0.519,0,1,a,1,0.519,37,0,37,0,1,,,,,,,,,,,,,
,,,,,,,,,,,,,,,,,326,2,2024-03-12_01h06.14.197,Symbol-E,2020.1.3,Win32,Firefox,Mozilla/5.0 (Windows NT 10.0; Win64; x64; rv:123.0) Gecko/20100101 Firefox/123.0,60,,,,,,,,,,,,,,,,,,,,,,,,,,,,,,,,,,,,,,media/ddnb.png,7,3,Symb,l,RT,0,0,0,1,8,0,38,0,1,1,99,l,0.583,7,1,l,1,0.583,38,0,38,0,1,,,,,,,,,,,,,
,,,,,,,,,,,,,,,,,326,2,2024-03-12_01h06.14.197,Symbol-E,2020.1.3,Win32,Firefox,Mozilla/5.0 (Windows NT 10.0; Win64; x64; rv:123.0) Gecko/20100101 Firefox/123.0,60,,,,,,,,,,,,,,,,,,,,,,,,,,,,,,,,,,,,,,media/dcnb.png,2,2,Symb,e,RT,0,0,0,1,8,0,39,0,1,1,99,e,0.634,2,1,e,1,0.634,39,0,39,0,1,,,,,,,,,,,,,
,,,,,,,,,,,,,,,,,326,2,2024-03-12_01h06.14.197,Symbol-E,2020.1.3,Win32,Firefox,Mozilla/5.0 (Windows NT 10.0; Win64; x64; rv:123.0) Gecko/20100101 Firefox/123.0,60,,,,,,,,,,,,,,,,,,,,,,,,,,,,,,,,,,,,,,media/dinb.png,6,2,Symb,i,RT,0,0,0,1,8,0,40,0,1,1,99,i,0.532,6,1,i,1,0.532,40,0,40,0,1,,,,,,,,,,,,,
,,,,,,,,,,,,,,,,,326,2,2024-03-12_01h06.14.197,Symbol-E,2020.1.3,Win32,Firefox,Mozilla/5.0 (Windows NT 10.0; Win64; x64; rv:123.0) Gecko/20100101 Firefox/123.0,60,,,,,,,,,,,,,,,,,,,,,,,,,,,,,,,,,,,,,,media/ddnb.png,7,3,Symb,l,RT,0,0,0,1,8,0,41,0,1,1,99,l,0.616,7,1,l,1,0.616,41,0,41,0,1,,,,,,,,,,,,,
,,,,,,,,,,,,,,,,,326,2,2024-03-12_01h06.14.197,Symbol-E,2020.1.3,Win32,Firefox,Mozilla/5.0 (Windows NT 10.0; Win64; x64; rv:123.0) Gecko/20100101 Firefox/123.0,60,,,,,,,,,,,,,,,,,,,,,,,,,,,,,,,,,,,,,,media/dfnb.png,3,3,Symb,f,RT,0,0,0,1,8,0,42,0,1,1,99,f,0.567,3,1,f,1,0.567,42,0,42,0,1,,,,,,,,,,,,,
,,,,,,,,,,,,,,,,,326,2,2024-03-12_01h06.14.197,Symbol-E,2020.1.3,Win32,Firefox,Mozilla/5.0 (Windows NT 10.0; Win64; x64; rv:123.0) Gecko/20100101 Firefox/123.0,60,,,,,,,,,,,,,,,,,,,,,,,,,,,,,,,,,,,,,,media/dinb.png,6,2,Symb,i,RT,0,0,0,1,8,0,43,0,1,1,99,i,0.549,6,1,i,1,0.549,43,0,43,0,1,,,,,,,,,,,,,
,,,,,,,,,,,,,,,,,326,2,2024-03-12_01h06.14.197,Symbol-E,2020.1.3,Win32,Firefox,Mozilla/5.0 (Windows NT 10.0; Win64; x64; rv:123.0) Gecko/20100101 Firefox/123.0,60,,,,,,,,,,,,,,,,,,,,,,,,,,,,,,,,,,,,,,media/dnnb.png,5,1,Symb,u,RT,0,0,0,1,8,0,44,0,1,1,99,u,0.617,5,1,u,1,0.617,44,0,44,0,1,,,,,,,,,,,,,
,,,,,,,,,,,,,,,,,326,2,2024-03-12_01h06.14.197,Symbol-E,2020.1.3,Win32,Firefox,Mozilla/5.0 (Windows NT 10.0; Win64; x64; rv:123.0) Gecko/20100101 Firefox/123.0,60,,,,,,,,,,,,,,,,,,,,,,,,,,,,,,,,,,,,,,media/dnnb.png,5,1,Symb,u,RT,0,0,0,1,8,0,45,0,1,1,99,u,0.684,5,1,u,1,0.684,45,0,45,0,1,,,,,,,,,,,,,
,,,,,,,,,,,,,,,,,326,2,2024-03-12_01h06.14.197,Symbol-E,2020.1.3,Win32,Firefox,Mozilla/5.0 (Windows NT 10.0; Win64; x64; rv:123.0) Gecko/20100101 Firefox/123.0,60,,,,,,,,,,,,,,,,,,,,,,,,,,,,,,,,,,,,,,media/dfnb.png,3,3,Symb,f,RT,0,0,0,1,8,0,46,0,1,1,99,f,0.585,3,1,f,1,0.585,46,0,46,0,1,,,,,,,,,,,,,
,,,,,,,,,,,,,,,,,326,2,2024-03-12_01h06.14.197,Symbol-E,2020.1.3,Win32,Firefox,Mozilla/5.0 (Windows NT 10.0; Win64; x64; rv:123.0) Gecko/20100101 Firefox/123.0,60,,,,,,,,,,,,,,,,,,,,,,,,,,,,,,,,,,,,,,media/dmnb.png,1,1,Symb,w,RT,0,0,0,1,8,0,47,0,1,1,99,w,0.618,1,1,w,1,0.618,47,0,47,0,1,,,,,,,,,,,,,
,,,,,,,,,,,,,,,,,326,2,2024-03-12_01h06.14.197,Symbol-E,2020.1.3,Win32,Firefox,Mozilla/5.0 (Windows NT 10.0; Win64; x64; rv:123.0) Gecko/20100101 Firefox/123.0,60,,,,,,,,,,,,,,,,,,,,,,,,,,,,,,,,,,,,,,media/dfnb.png,3,3,Symb,f,RT,0,0,0,1,8,0,48,0,1,1,99,f,0.583,3,1,f,1,0.583,48,0,48,0,1,,,,,,,,,,,,,
,,,,,,,,,,,,,,,,,326,2,2024-03-12_01h06.14.197,Symbol-E,2020.1.3,Win32,Firefox,Mozilla/5.0 (Windows NT 10.0; Win64; x64; rv:123.0) Gecko/20100101 Firefox/123.0,60,,,,,,,,,,,,,,,,,,,,,,,,,,,,,,,,,,,,,,media/dmnb.png,1,1,Symb,w,RT,0,0,0,1,8,0,49,0,1,1,99,w,0.567,1,1,w,1,0.567,49,0,49,0,1,,,,,,,,,,,,,
,,,,,,,,,,,,,,,,,326,2,2024-03-12_01h06.14.197,Symbol-E,2020.1.3,Win32,Firefox,Mozilla/5.0 (Windows NT 10.0; Win64; x64; rv:123.0) Gecko/20100101 Firefox/123.0,60,,,,,,,,,,,,,,,,,,,,,,,,,,,,,,,,,,,,,,media/dinb.png,6,2,Symb,i,RT,0,0,0,1,8,0,50,0,1,1,99,i,0.551,6,1,i,1,0.551,50,0,50,0,1,,,,,,,,,,,,,
,,,,,,,,,,,,,,,,,326,2,2024-03-12_01h06.14.197,Symbol-E,2020.1.3,Win32,Firefox,Mozilla/5.0 (Windows NT 10.0; Win64; x64; rv:123.0) Gecko/20100101 Firefox/123.0,60,,,,,,,,,,,,,,,,,,,,,,,,,,,,,,,,,,,,,,media/dfnb.png,3,3,Symb,f,RT,0,0,0,1,8,0,51,0,1,1,99,f,0.55,3,1,f,1,0.55,51,0,51,0,1,,,,,,,,,,,,,
,,,,,,,,,,,,,,,,,326,2,2024-03-12_01h06.14.197,Symbol-E,2020.1.3,Win32,Firefox,Mozilla/5.0 (Windows NT 10.0; Win64; x64; rv:123.0) Gecko/20100101 Firefox/123.0,60,,,,,,,,,,,,,,,,,,,,,,,,,,,,,,,,,,,,,,media/dnnb.png,5,1,Symb,u,RT,0,0,0,1,8,0,52,0,1,1,99,u,0.569,5,1,u,1,0.569,52,0,52,0,1,,,,,,,,,,,,,
,,,,,,,,,,,,,,,,,326,2,2024-03-12_01h06.14.197,Symbol-E,2020.1.3,Win32,Firefox,Mozilla/5.0 (Windows NT 10.0; Win64; x64; rv:123.0) Gecko/20100101 Firefox/123.0,60,,,,,,,,,,,,,,,,,,,,,,,,,,,,,,,,,,,,,,media/ddnb.png,7,3,Symb,l,RT,0,0,0,1,8,0,53,0,1,1,99,l,0.584,7,1,l,1,0.584,53,0,53,0,1,,,,,,,,,,,,,
,,,,,,,,,,,,,,,,,326,2,2024-03-12_01h06.14.197,Symbol-E,2020.1.3,Win32,Firefox,Mozilla/5.0 (Windows NT 10.0; Win64; x64; rv:123.0) Gecko/20100101 Firefox/123.0,60,,,,,,,,,,,,,,,,,,,,,,,,,,,,,,,,,,,,,,media/ddnb.png,7,3,Symb,l,RT,0,0,0,1,8,0,54,0,1,1,99,l,0.535,7,1,l,1,0.535,54,0,54,0,1,,,,,,,,,,,,,
,,,,,,,,,,,,,,,,,326,2,2024-03-12_01h06.14.197,Symbol-E,2020.1.3,Win32,Firefox,Mozilla/5.0 (Windows NT 10.0; Win64; x64; rv:123.0) Gecko/20100101 Firefox/123.0,60,,,,,,,,,,,,,,,,,,,,,,,,,,,,,,,,,,,,,,media/dmnb.png,1,1,Symb,w,RT,0,0,0,1,8,0,55,0,1,1,99,w,0.617,1,1,w,1,0.617,55,0,55,0,1,,,,,,,,,,,,,
,,,,,,,,,,,,,,,,,326,2,2024-03-12_01h06.14.197,Symbol-E,2020.1.3,Win32,Firefox,Mozilla/5.0 (Windows NT 10.0; Win64; x64; rv:123.0) Gecko/20100101 Firefox/123.0,60,,,,,,,,,,,,,,,,,,,,,,,,,,,,,,,,,,,,,,media/dgnb.png,0,0,Symb,a,RT,0,0,0,1,8,0,56,0,1,1,99,a,0.567,0,1,a,1,0.567,56,0,56,0,1,,,,,,,,,,,,,
,,,,,,,,,,,,,,,,,326,2,2024-03-12_01h06.14.197,Symbol-E,2020.1.3,Win32,Firefox,Mozilla/5.0 (Windows NT 10.0; Win64; x64; rv:123.0) Gecko/20100101 Firefox/123.0,60,,,,,,,,,,,,,,,,,,,,,,,,,,,,,,,,,,,,,,media/dcnb.png,2,2,Symb,e,RT,0,0,0,1,8,0,57,0,1,1,99,e,0.587,2,1,e,1,0.587,57,0,57,0,1,,,,,,,,,,,,,
,,,,,,,,,,,,,,,,,326,2,2024-03-12_01h06.14.197,Symbol-E,2020.1.3,Win32,Firefox,Mozilla/5.0 (Windows NT 10.0; Win64; x64; rv:123.0) Gecko/20100101 Firefox/123.0,60,,,,,,,,,,,,,,,,,,,,,,,,,,,,,,,,,,,,,,media/dgnb.png,0,0,Symb,a,RT,0,0,0,1,8,0,58,0,1,1,99,a,0.502,0,1,a,1,0.502,58,0,58,0,1,,,,,,,,,,,,,
,,,,,,,,,,,,,,,,,326,2,2024-03-12_01h06.14.197,Symbol-E,2020.1.3,Win32,Firefox,Mozilla/5.0 (Windows NT 10.0; Win64; x64; rv:123.0) Gecko/20100101 Firefox/123.0,60,,,,,,,,,,,,,,,,,,,,,,,,,,,,,,,,,,,,,,media/dinb.png,6,2,Symb,i,RT,0,0,0,1,8,0,59,0,1,1,99,i,0.616,6,1,i,1,0.616,59,0,59,0,1,,,,,,,,,,,,,
,,,,,,,,,,,,,,,,,326,2,2024-03-12_01h06.14.197,Symbol-E,2020.1.3,Win32,Firefox,Mozilla/5.0 (Windows NT 10.0; Win64; x64; rv:123.0) Gecko/20100101 Firefox/123.0,60,,,,,,,,,,,,,,,,,,,,,,,,,,,,,,,,,,,,,,media/djnb.png,4,0,Symb,h,RT,0,0,0,1,8,0,60,0,1,1,99,h,0.616,4,1,h,1,0.616,60,0,60,0,1,,,,,,,,,,,,,
,,,,,,,,,,,,,,,,,326,2,2024-03-12_01h06.14.197,Symbol-E,2020.1.3,Win32,Firefox,Mozilla/5.0 (Windows NT 10.0; Win64; x64; rv:123.0) Gecko/20100101 Firefox/123.0,60,,,,,,,,,,,,,,,,,,,,,,,,,,,,,,,,,,,,,,media/djnb.png,4,0,Symb,h,RT,0,0,0,1,8,0,61,0,1,1,99,h,0.65,4,1,h,1,0.65,61,0,61,0,1,,,,,,,,,,,,,
,,,,,,,,,,,,,,,,,326,2,2024-03-12_01h06.14.197,Symbol-E,2020.1.3,Win32,Firefox,Mozilla/5.0 (Windows NT 10.0; Win64; x64; rv:123.0) Gecko/20100101 Firefox/123.0,60,,,,,,,,,,,,,,,,,,,,,,,,,,,,,,,,,,,,,,media/dnnb.png,5,1,Symb,u,RT,0,0,0,1,8,0,62,0,1,1,99,u,0.552,5,1,u,1,0.552,62,0,62,0,1,,,,,,,,,,,,,
,,,,,,,,,,,,,,,,,326,2,2024-03-12_01h06.14.197,Symbol-E,2020.1.3,Win32,Firefox,Mozilla/5.0 (Windows NT 10.0; Win64; x64; rv:123.0) Gecko/20100101 Firefox/123.0,60,,,,,,,,,,,,,,,,,,,,,,,,,,,,,,,,,,,,,,media/dcnb.png,2,2,Symb,e,RT,0,0,0,1,8,0,63,0,1,1,99,e,0.586,2,1,e,1,0.586,63,0,63,0,1,,,,,,,,,,,,,
,,,,,,,,,,,,,,,,,326,2,2024-03-12_01h06.14.197,Symbol-E,2020.1.3,Win32,Firefox,Mozilla/5.0 (Windows NT 10.0; Win64; x64; rv:123.0) Gecko/20100101 Firefox/123.0,60,,,,,,,,,,,,,,,,,,,,,,,,,,,,,,,,,,,,,,media/ddnb.png,7,3,Symb,l,RT,0,0,0,1,8,0,64,0,1,1,99,l,0.584,7,1,l,1,0.584,64,0,64,0,1,,,,,,,,,,,,,
,,,,,,,,,,,,,,,,,326,2,2024-03-12_01h06.14.197,Symbol-E,2020.1.3,Win32,Firefox,Mozilla/5.0 (Windows NT 10.0; Win64; x64; rv:123.0) Gecko/20100101 Firefox/123.0,60,,,,,,,,,,,,,,,,,,,,,,,,,,,,,,,,,,,,,,media/dmnb.png,1,1,Symb,w,RT,0,0,0,1,8,0,65,0,1,1,99,w,0.534,1,1,w,1,0.534,65,0,65,0,1,,,,,,,,,,,,,
,,,,,,,,,,,,,,,,,326,2,2024-03-12_01h06.14.197,Symbol-E,2020.1.3,Win32,Firefox,Mozilla/5.0 (Windows NT 10.0; Win64; x64; rv:123.0) Gecko/20100101 Firefox/123.0,60,,,,,,,,,,,,,,,,,,,,,,,,,,,,,,,,,,,,,,media/dnnb.png,5,1,Symb,u,RT,0,0,0,1,8,0,66,0,1,1,99,u,0.582,5,1,u,1,0.582,66,0,66,0,1,,,,,,,,,,,,,
,,,,,,,,,,,,,,,,,326,2,2024-03-12_01h06.14.197,Symbol-E,2020.1.3,Win32,Firefox,Mozilla/5.0 (Windows NT 10.0; Win64; x64; rv:123.0) Gecko/20100101 Firefox/123.0,60,,,,,,,,,,,,,,,,,,,,,,,,,,,,,,,,,,,,,,media/dfnb.png,3,3,Symb,f,RT,0,0,0,1,8,0,67,0,1,1,99,f,0.566,3,1,f,1,0.566,67,0,67,0,1,,,,,,,,,,,,,
,,,,,,,,,,,,,,,,,326,2,2024-03-12_01h06.14.197,Symbol-E,2020.1.3,Win32,Firefox,Mozilla/5.0 (Windows NT 10.0; Win64; x64; rv:123.0) Gecko/20100101 Firefox/123.0,60,,,,,,,,,,,,,,,,,,,,,,,,,,,,,,,,,,,,,,media/dgnb.png,0,0,Symb,a,RT,0,0,0,1,8,0,68,0,1,1,99,a,0.584,0,1,a,1,0.584,68,0,68,0,1,,,,,,,,,,,,,
,,,,,,,,,,,,,,,,,326,2,2024-03-12_01h06.14.197,Symbol-E,2020.1.3,Win32,Firefox,Mozilla/5.0 (Windows NT 10.0; Win64; x64; rv:123.0) Gecko/20100101 Firefox/123.0,60,,,,,,,,,,,,,,,,,,,,,,,,,,,,,,,,,,,,,,media/dinb.png,6,2,Symb,i,RT,0,0,0,1,8,0,69,0,1,1,99,i,0.651,6,1,i,1,0.651,69,0,69,0,1,,,,,,,,,,,,,
,,,,,,,,,,,,,,,,,326,2,2024-03-12_01h06.14.197,Symbol-E,2020.1.3,Win32,Firefox,Mozilla/5.0 (Windows NT 10.0; Win64; x64; rv:123.0) Gecko/20100101 Firefox/123.0,60,,,,,,,,,,,,,,,,,,,,,,,,,,,,,,,,,,,,,,media/dfnb.png,3,3,Symb,f,RT,0,0,0,1,8,0,70,0,1,1,99,f,0.582,3,1,f,1,0.582,70,0,70,0,1,,,,,,,,,,,,,
,,,,,,,,,,,,,,,,,326,2,2024-03-12_01h06.14.197,Symbol-E,2020.1.3,Win32,Firefox,Mozilla/5.0 (Windows NT 10.0; Win64; x64; rv:123.0) Gecko/20100101 Firefox/123.0,60,,,,,,,,,,,,,,,,,,,,,,,,,,,,,,,,,,,,,,media/dnnb.png,5,1,Symb,u,RT,0,0,0,1,8,0,71,0,1,1,99,u,0.633,5,1,u,1,0.633,71,0,71,0,1,,,,,,,,,,,,,
,,,,,,,,,,,,,,,,,326,2,2024-03-12_01h06.14.197,Symbol-E,2020.1.3,Win32,Firefox,Mozilla/5.0 (Windows NT 10.0; Win64; x64; rv:123.0) Gecko/20100101 Firefox/123.0,60,,,,,,,,,,,,,,,,,,,,,,,,,,,,,,,,,,,,,,media/dcnb.png,2,2,Symb,e,RT,0,0,0,1,8,0,72,0,1,1,99,e,0.566,2,1,e,1,0.566,72,0,72,0,1,,,,,,,,,,,,,
,,,,,,,,,,,,,,,,,326,2,2024-03-12_01h06.14.197,Symbol-E,2020.1.3,Win32,Firefox,Mozilla/5.0 (Windows NT 10.0; Win64; x64; rv:123.0) Gecko/20100101 Firefox/123.0,60,,,,,,,,,,,,,,,,,,,,,,,,,,,,,,,,,,,,,,media/ddnb.png,7,3,Symb,l,RT,0,0,0,1,8,0,73,0,1,1,99,l,0.584,7,1,l,1,0.584,73,0,73,0,1,,,,,,,,,,,,,
,,,,,,,,,,,,,,,,,326,2,2024-03-12_01h06.14.197,Symbol-E,2020.1.3,Win32,Firefox,Mozilla/5.0 (Windows NT 10.0; Win64; x64; rv:123.0) Gecko/20100101 Firefox/123.0,60,,,,,,,,,,,,,,,,,,,,,,,,,,,,,,,,,,,,,,media/dinb.png,6,2,Symb,i,RT,0,0,0,1,8,0,74,0,1,1,99,i,0.499,6,1,i,1,0.499,74,0,74,0,1,,,,,,,,,,,,,
,,,,,,,,,,,,,,,,,326,2,2024-03-12_01h06.14.197,Symbol-E,2020.1.3,Win32,Firefox,Mozilla/5.0 (Windows NT 10.0; Win64; x64; rv:123.0) Gecko/20100101 Firefox/123.0,60,,,,,,,,,,,,,,,,,,,,,,,,,,,,,,,,,,,,,,media/dmnb.png,1,1,Symb,w,RT,0,0,0,1,8,0,75,0,1,1,99,w,0.548,1,1,w,1,0.548,75,0,75,0,1,,,,,,,,,,,,,
,,,,,,,,,,,,,,,,,326,2,2024-03-12_01h06.14.197,Symbol-E,2020.1.3,Win32,Firefox,Mozilla/5.0 (Windows NT 10.0; Win64; x64; rv:123.0) Gecko/20100101 Firefox/123.0,60,,,,,,,,,,,,,,,,,,,,,,,,,,,,,,,,,,,,,,media/djnb.png,4,0,Symb,h,RT,0,0,0,1,8,0,76,0,1,1,99,h,0.535,4,1,h,1,0.535,76,0,76,0,1,,,,,,,,,,,,,
,,,,,,,,,,,,,,,,,326,2,2024-03-12_01h06.14.197,Symbol-E,2020.1.3,Win32,Firefox,Mozilla/5.0 (Windows NT 10.0; Win64; x64; rv:123.0) Gecko/20100101 Firefox/123.0,60,,,,,,,,,,,,,,,,,,,,,,,,,,,,,,,,,,,,,,media/djnb.png,4,0,Symb,h,RT,0,0,0,1,8,0,77,0,1,1,99,h,0.42,4,1,h,1,0.42,77,0,77,0,1,,,,,,,,,,,,,
,,,,,,,,,,,,,,,,,326,2,2024-03-12_01h06.14.197,Symbol-E,2020.1.3,Win32,Firefox,Mozilla/5.0 (Windows NT 10.0; Win64; x64; rv:123.0) Gecko/20100101 Firefox/123.0,60,,,,,,,,,,,,,,,,,,,,,,,,,,,,,,,,,,,,,,media/dcnb.png,2,2,Symb,e,RT,0,0,0,1,8,0,78,0,1,1,99,e,0.55,2,1,e,1,0.55,78,0,78,0,1,,,,,,,,,,,,,
,,,,,,,,,,,,,,,,,326,2,2024-03-12_01h06.14.197,Symbol-E,2020.1.3,Win32,Firefox,Mozilla/5.0 (Windows NT 10.0; Win64; x64; rv:123.0) Gecko/20100101 Firefox/123.0,60,,,,,,,,,,,,,,,,,,,,,,,,,,,,,,,,,,,,,,media/dgnb.png,0,0,Symb,a,RT,0,0,0,1,8,0,79,0,1,1,99,a,0.498,0,1,a,1,0.498,79,0,79,0,1,,,,,,,,,,,,,
,,,,,,,,,,,,,,,,,326,2,2024-03-12_01h06.14.197,Symbol-E,2020.1.3,Win32,Firefox,Mozilla/5.0 (Windows NT 10.0; Win64; x64; rv:123.0) Gecko/20100101 Firefox/123.0,60,,,,,,,,,,,,,,,,,,,,,,,,,,,,,,,,,,,,,,media/djnb.png,4,0,Symb,h,RT,0,0,0,1,8,0,80,0,1,1,99,h,0.569,4,1,h,1,0.569,80,0,80,0,1,,,,,,,,,,,,,
,,,,,,,,,,,,,,,,,326,2,2024-03-12_01h06.14.197,Symbol-E,2020.1.3,Win32,Firefox,Mozilla/5.0 (Windows NT 10.0; Win64; x64; rv:123.0) Gecko/20100101 Firefox/123.0,60,,,,,,,,,,,,,,,,,,,,,,,,,,,,,,,,,,,,,,media/dcnb.png,2,2,Symb,e,RT,0,0,0,1,8,0,81,0,1,1,99,e,0.517,2,1,e,1,0.517,81,0,81,0,1,,,,,,,,,,,,,
,,,,,,,,,,,,,,,,,326,2,2024-03-12_01h06.14.197,Symbol-E,2020.1.3,Win32,Firefox,Mozilla/5.0 (Windows NT 10.0; Win64; x64; rv:123.0) Gecko/20100101 Firefox/123.0,60,,,,,,,,,,,,,,,,,,,,,,,,,,,,,,,,,,,,,,media/dcnb.png,2,2,Symb,e,RT,0,0,0,1,8,0,82,0,1,1,99,e,0.45,2,1,e,1,0.45,82,0,82,0,1,,,,,,,,,,,,,
,,,,,,,,,,,,,,,,,326,2,2024-03-12_01h06.14.197,Symbol-E,2020.1.3,Win32,Firefox,Mozilla/5.0 (Windows NT 10.0; Win64; x64; rv:123.0) Gecko/20100101 Firefox/123.0,60,,,,,,,,,,,,,,,,,,,,,,,,,,,,,,,,,,,,,,media/dinb.png,6,2,Symb,i,RT,0,0,0,1,8,0,83,0,1,1,99,i,0.533,6,1,i,1,0.533,83,0,83,0,1,,,,,,,,,,,,,
,,,,,,,,,,,,,,,,,326,2,2024-03-12_01h06.14.197,Symbol-E,2020.1.3,Win32,Firefox,Mozilla/5.0 (Windows NT 10.0; Win64; x64; rv:123.0) Gecko/20100101 Firefox/123.0,60,,,,,,,,,,,,,,,,,,,,,,,,,,,,,,,,,,,,,,media/dinb.png,6,2,Symb,i,RT,0,0,0,1,8,0,84,0,1,1,99,i,0.433,6,1,i,1,0.433,84,0,84,0,1,,,,,,,,,,,,,
,,,,,,,,,,,,,,,,,326,2,2024-03-12_01h06.14.197,Symbol-E,2020.1.3,Win32,Firefox,Mozilla/5.0 (Windows NT 10.0; Win64; x64; rv:123.0) Gecko/20100101 Firefox/123.0,60,,,,,,,,,,,,,,,,,,,,,,,,,,,,,,,,,,,,,,media/dfnb.png,3,3,Symb,f,RT,0,0,0,1,8,0,85,0,1,1,99,f,0.583,3,1,f,1,0.583,85,0,85,0,1,,,,,,,,,,,,,
,,,,,,,,,,,,,,,,,326,2,2024-03-12_01h06.14.197,Symbol-E,2020.1.3,Win32,Firefox,Mozilla/5.0 (Windows NT 10.0; Win64; x64; rv:123.0) Gecko/20100101 Firefox/123.0,60,,,,,,,,,,,,,,,,,,,,,,,,,,,,,,,,,,,,,,media/dgnb.png,0,0,Symb,a,RT,0,0,0,1,8,0,86,0,1,1,99,a,0.535,0,1,a,1,0.535,86,0,86,0,1,,,,,,,,,,,,,
,,,,,,,,,,,,,,,,,326,2,2024-03-12_01h06.14.197,Symbol-E,2020.1.3,Win32,Firefox,Mozilla/5.0 (Windows NT 10.0; Win64; x64; rv:123.0) Gecko/20100101 Firefox/123.0,60,,,,,,,,,,,,,,,,,,,,,,,,,,,,,,,,,,,,,,media/dmnb.png,1,1,Symb,w,RT,0,0,0,1,8,0,87,0,1,1,99,w,0.536,1,1,w,1,0.536,87,0,87,0,1,,,,,,,,,,,,,
,,,,,,,,,,,,,,,,,326,2,2024-03-12_01h06.14.197,Symbol-E,2020.1.3,Win32,Firefox,Mozilla/5.0 (Windows NT 10.0; Win64; x64; rv:123.0) Gecko/20100101 Firefox/123.0,60,,,,,,,,,,,,,,,,,,,,,,,,,,,,,,,,,,,,,,media/djnb.png,4,0,Symb,h,RT,0,0,0,1,8,0,88,0,1,1,99,h,0.534,4,1,h,1,0.534,88,0,88,0,1,,,,,,,,,,,,,
,,,,,,,,,,,,,,,,,326,2,2024-03-12_01h06.14.197,Symbol-E,2020.1.3,Win32,Firefox,Mozilla/5.0 (Windows NT 10.0; Win64; x64; rv:123.0) Gecko/20100101 Firefox/123.0,60,,,,,,,,,,,,,,,,,,,,,,,,,,,,,,,,,,,,,,media/dmnb.png,1,1,Symb,w,RT,0,0,0,1,8,0,89,0,1,1,99,w,0.585,1,1,w,1,0.585,89,0,89,0,1,,,,,,,,,,,,,
,,,,,,,,,,,,,,,,,326,2,2024-03-12_01h06.14.197,Symbol-E,2020.1.3,Win32,Firefox,Mozilla/5.0 (Windows NT 10.0; Win64; x64; rv:123.0) Gecko/20100101 Firefox/123.0,60,,,,,,,,,,,,,,,,,,,,,,,,,,,,,,,,,,,,,,media/dgnb.png,0,0,Symb,a,RT,0,0,0,1,8,0,90,0,1,1,99,a,0.566,0,1,a,1,0.566,90,0,90,0,1,,,,,,,,,,,,,
,,,,,,,,,,,,,,,,,326,2,2024-03-12_01h06.14.197,Symbol-E,2020.1.3,Win32,Firefox,Mozilla/5.0 (Windows NT 10.0; Win64; x64; rv:123.0) Gecko/20100101 Firefox/123.0,60,,,,,,,,,,,,,,,,,,,,,,,,,,,,,,,,,,,,,,media/ddnb.png,7,3,Symb,l,RT,0,0,0,1,8,0,91,0,1,1,99,l,0.599,7,1,l,1,0.599,91,0,91,0,1,,,,,,,,,,,,,
,,,,,,,,,,,,,,,,,326,2,2024-03-12_01h06.14.197,Symbol-E,2020.1.3,Win32,Firefox,Mozilla/5.0 (Windows NT 10.0; Win64; x64; rv:123.0) Gecko/20100101 Firefox/123.0,60,,,,,,,,,,,,,,,,,,,,,,,,,,,,,,,,,,,,,,media/dfnb.png,3,3,Symb,f,RT,0,0,0,1,8,0,92,0,1,1,99,f,0.533,3,1,f,1,0.533,92,0,92,0,1,,,,,,,,,,,,,
,,,,,,,,,,,,,,,,,326,2,2024-03-12_01h06.14.197,Symbol-E,2020.1.3,Win32,Firefox,Mozilla/5.0 (Windows NT 10.0; Win64; x64; rv:123.0) Gecko/20100101 Firefox/123.0,60,,,,,,,,,,,,,,,,,,,,,,,,,,,,,,,,,,,,,,media/ddnb.png,7,3,Symb,l,RT,0,0,0,1,8,0,93,0,1,1,99,l,0.581,7,1,l,1,0.581,93,0,93,0,1,,,,,,,,,,,,,
,,,,,,,,,,,,,,,,,326,2,2024-03-12_01h06.14.197,Symbol-E,2020.1.3,Win32,Firefox,Mozilla/5.0 (Windows NT 10.0; Win64; x64; rv:123.0) Gecko/20100101 Firefox/123.0,60,,,,,,,,,,,,,,,,,,,,,,,,,,,,,,,,,,,,,,media/dnnb.png,5,1,Symb,u,RT,0,0,0,1,8,0,94,0,1,1,99,u,0.6,5,1,u,1,0.6,94,0,94,0,1,,,,,,,,,,,,,
,,,,,,,,,,,,,,,,,326,2,2024-03-12_01h06.14.197,Symbol-E,2020.1.3,Win32,Firefox,Mozilla/5.0 (Windows NT 10.0; Win64; x64; rv:123.0) Gecko/20100101 Firefox/123.0,60,,,,,,,,,,,,,,,,,,,,,,,,,,,,,,,,,,,,,,media/dnnb.png,5,1,Symb,u,RT,0,0,0,1,8,0,95,0,1,1,99,u,0.434,5,1,u,1,0.434,95,0,95,0,1,,,,,,,,,,,,,
,,,,,,,,,,,,,,,,,326,2,2024-03-12_01h06.14.197,Symbol-E,2020.1.3,Win32,Firefox,Mozilla/5.0 (Windows NT 10.0; Win64; x64; rv:123.0) Gecko/20100101 Firefox/123.0,60,,,,,,,,,,,,,,,,,,,,,,,,,,,,,,,,,,,,,,,,,,,,,,,,,,,,,,,,,,,,,,,,,,,0,0,0,0,1,,,,,,,,
,,,,,,,,,,,,,,,,,326,2,2024-03-12_01h06.14.197,Symbol-E,2020.1.3,Win32,Firefox,Mozilla/5.0 (Windows NT 10.0; Win64; x64; rv:123.0) Gecko/20100101 Firefox/123.0,60,,,,,,,,,,,,,,,,,,,,,,,,,,,,,,,,,,,,i,0.519,media/djnb.png,4,0,Symb,h,RT,0,0,0,1,8,0,0,0,1,2,99,h,0.92,4,1,h,1,0.92,0,0,0,0,1,,,,,,,,,,,,,
,,,,,,,,,,,,,,,,,326,2,2024-03-12_01h06.14.197,Symbol-E,2020.1.3,Win32,Firefox,Mozilla/5.0 (Windows NT 10.0; Win64; x64; rv:123.0) Gecko/20100101 Firefox/123.0,60,,,,,,,,,,,,,,,,,,,,,,,,,,,,,,,,,,,,,,media/ddnb.png,7,3,Symb,l,RT,0,0,0,1,8,0,1,0,1,2,99,l,0.584,7,1,l,1,0.584,1,0,1,0,1,,,,,,,,,,,,,
,,,,,,,,,,,,,,,,,326,2,2024-03-12_01h06.14.197,Symbol-E,2020.1.3,Win32,Firefox,Mozilla/5.0 (Windows NT 10.0; Win64; x64; rv:123.0) Gecko/20100101 Firefox/123.0,60,,,,,,,,,,,,,,,,,,,,,,,,,,,,,,,,,,,,,,media/djnb.png,4,0,Symb,h,RT,0,0,0,1,8,0,2,0,1,2,99,h,0.797,4,1,h,1,0.797,2,0,2,0,1,,,,,,,,,,,,,
,,,,,,,,,,,,,,,,,326,2,2024-03-12_01h06.14.197,Symbol-E,2020.1.3,Win32,Firefox,Mozilla/5.0 (Windows NT 10.0; Win64; x64; rv:123.0) Gecko/20100101 Firefox/123.0,60,,,,,,,,,,,,,,,,,,,,,,,,,,,,,,,,,,,,,,media/dgnb.png,0,0,Symb,a,RT,0,0,0,1,8,0,3,0,1,2,99,a,0.516,0,1,a,1,0.516,3,0,3,0,1,,,,,,,,,,,,,
,,,,,,,,,,,,,,,,,326,2,2024-03-12_01h06.14.197,Symbol-E,2020.1.3,Win32,Firefox,Mozilla/5.0 (Windows NT 10.0; Win64; x64; rv:123.0) Gecko/20100101 Firefox/123.0,60,,,,,,,,,,,,,,,,,,,,,,,,,,,,,,,,,,,,,,media/dfnb.png,3,3,Symb,f,RT,0,0,0,1,8,0,4,0,1,2,99,f,0.535,3,1,f,1,0.535,4,0,4,0,1,,,,,,,,,,,,,
,,,,,,,,,,,,,,,,,326,2,2024-03-12_01h06.14.197,Symbol-E,2020.1.3,Win32,Firefox,Mozilla/5.0 (Windows NT 10.0; Win64; x64; rv:123.0) Gecko/20100101 Firefox/123.0,60,,,,,,,,,,,,,,,,,,,,,,,,,,,,,,,,,,,,,,media/dgnb.png,0,0,Symb,a,RT,0,0,0,1,8,0,5,0,1,2,99,a,0.584,0,1,a,1,0.584,5,0,5,0,1,,,,,,,,,,,,,
,,,,,,,,,,,,,,,,,326,2,2024-03-12_01h06.14.197,Symbol-E,2020.1.3,Win32,Firefox,Mozilla/5.0 (Windows NT 10.0; Win64; x64; rv:123.0) Gecko/20100101 Firefox/123.0,60,,,,,,,,,,,,,,,,,,,,,,,,,,,,,,,,,,,,,,media/dnnb.png,5,1,Symb,u,RT,0,0,0,1,8,0,6,0,1,2,99,u,0.652,5,1,u,1,0.652,6,0,6,0,1,,,,,,,,,,,,,
,,,,,,,,,,,,,,,,,326,2,2024-03-12_01h06.14.197,Symbol-E,2020.1.3,Win32,Firefox,Mozilla/5.0 (Windows NT 10.0; Win64; x64; rv:123.0) Gecko/20100101 Firefox/123.0,60,,,,,,,,,,,,,,,,,,,,,,,,,,,,,,,,,,,,,,media/dcnb.png,2,2,Symb,e,RT,0,0,0,1,8,0,7,0,1,2,99,e,0.685,2,1,e,1,0.685,7,0,7,0,1,,,,,,,,,,,,,
,,,,,,,,,,,,,,,,,326,2,2024-03-12_01h06.14.197,Symbol-E,2020.1.3,Win32,Firefox,Mozilla/5.0 (Windows NT 10.0; Win64; x64; rv:123.0) Gecko/20100101 Firefox/123.0,60,,,,,,,,,,,,,,,,,,,,,,,,,,,,,,,,,,,,,,media/dcnb.png,2,2,Symb,e,RT,0,0,0,1,8,0,8,0,1,2,99,e,0.419,2,1,e,1,0.419,8,0,8,0,1,,,,,,,,,,,,,
,,,,,,,,,,,,,,,,,326,2,2024-03-12_01h06.14.197,Symbol-E,2020.1.3,Win32,Firefox,Mozilla/5.0 (Windows NT 10.0; Win64; x64; rv:123.0) Gecko/20100101 Firefox/123.0,60,,,,,,,,,,,,,,,,,,,,,,,,,,,,,,,,,,,,,,media/dfnb.png,3,3,Symb,f,RT,0,0,0,1,8,0,9,0,1,2,99,f,0.517,3,1,f,1,0.517,9,0,9,0,1,,,,,,,,,,,,,
,,,,,,,,,,,,,,,,,326,2,2024-03-12_01h06.14.197,Symbol-E,2020.1.3,Win32,Firefox,Mozilla/5.0 (Windows NT 10.0; Win64; x64; rv:123.0) Gecko/20100101 Firefox/123.0,60,,,,,,,,,,,,,,,,,,,,,,,,,,,,,,,,,,,,,,media/dmnb.png,1,1,Symb,w,RT,0,0,0,1,8,0,10,0,1,2,99,w,0.568,1,1,w,1,0.568,10,0,10,0,1,,,,,,,,,,,,,
,,,,,,,,,,,,,,,,,326,2,2024-03-12_01h06.14.197,Symbol-E,2020.1.3,Win32,Firefox,Mozilla/5.0 (Windows NT 10.0; Win64; x64; rv:123.0) Gecko/20100101 Firefox/123.0,60,,,,,,,,,,,,,,,,,,,,,,,,,,,,,,,,,,,,,,media/dinb.png,6,2,Symb,i,RT,0,0,0,1,8,0,11,0,1,2,99,i,0.554,6,1,i,1,0.554,11,0,11,0,1,,,,,,,,,,,,,
,,,,,,,,,,,,,,,,,326,2,2024-03-12_01h06.14.197,Symbol-E,2020.1.3,Win32,Firefox,Mozilla/5.0 (Windows NT 10.0; Win64; x64; rv:123.0) Gecko/20100101 Firefox/123.0,60,,,,,,,,,,,,,,,,,,,,,,,,,,,,,,,,,,,,,,media/dnnb.png,5,1,Symb,u,RT,0,0,0,1,8,0,12,0,1,2,99,u,0.534,5,1,u,1,0.534,12,0,12,0,1,,,,,,,,,,,,,
,,,,,,,,,,,,,,,,,326,2,2024-03-12_01h06.14.197,Symbol-E,2020.1.3,Win32,Firefox,Mozilla/5.0 (Windows NT 10.0; Win64; x64; rv:123.0) Gecko/20100101 Firefox/123.0,60,,,,,,,,,,,,,,,,,,,,,,,,,,,,,,,,,,,,,,media/dmnb.png,1,1,Symb,w,RT,0,0,0,1,8,0,13,0,1,2,99,w,0.585,1,1,w,1,0.585,13,0,13,0,1,,,,,,,,,,,,,
,,,,,,,,,,,,,,,,,326,2,2024-03-12_01h06.14.197,Symbol-E,2020.1.3,Win32,Firefox,Mozilla/5.0 (Windows NT 10.0; Win64; x64; rv:123.0) Gecko/20100101 Firefox/123.0,60,,,,,,,,,,,,,,,,,,,,,,,,,,,,,,,,,,,,,,media/ddnb.png,7,3,Symb,l,RT,0,0,0,1,8,0,14,0,1,2,99,l,0.566,7,1,l,1,0.566,14,0,14,0,1,,,,,,,,,,,,,
,,,,,,,,,,,,,,,,,326,2,2024-03-12_01h06.14.197,Symbol-E,2020.1.3,Win32,Firefox,Mozilla/5.0 (Windows NT 10.0; Win64; x64; rv:123.0) Gecko/20100101 Firefox/123.0,60,,,,,,,,,,,,,,,,,,,,,,,,,,,,,,,,,,,,,,media/dinb.png,6,2,Symb,i,RT,0,0,0,1,8,0,15,0,1,2,99,i,0.5,6,1,i,1,0.5,15,0,15,0,1,,,,,,,,,,,,,
,,,,,,,,,,,,,,,,,326,2,2024-03-12_01h06.14.197,Symbol-E,2020.1.3,Win32,Firefox,Mozilla/5.0 (Windows NT 10.0; Win64; x64; rv:123.0) Gecko/20100101 Firefox/123.0,60,,,,,,,,,,,,,,,,,,,,,,,,,,,,,,,,,,,,,,media/dcnb.png,2,2,Symb,e,RT,0,0,0,1,8,0,16,0,1,2,99,e,0.583,2,1,e,1,0.583,16,0,16,0,1,,,,,,,,,,,,,
,,,,,,,,,,,,,,,,,326,2,2024-03-12_01h06.14.197,Symbol-E,2020.1.3,Win32,Firefox,Mozilla/5.0 (Windows NT 10.0; Win64; x64; rv:123.0) Gecko/20100101 Firefox/123.0,60,,,,,,,,,,,,,,,,,,,,,,,,,,,,,,,,,,,,,,media/dinb.png,6,2,Symb,i,RT,0,0,0,1,8,0,17,0,1,2,99,i,0.5,6,1,i,1,0.5,17,0,17,0,1,,,,,,,,,,,,,
,,,,,,,,,,,,,,,,,326,2,2024-03-12_01h06.14.197,Symbol-E,2020.1.3,Win32,Firefox,Mozilla/5.0 (Windows NT 10.0; Win64; x64; rv:123.0) Gecko/20100101 Firefox/123.0,60,,,,,,,,,,,,,,,,,,,,,,,,,,,,,,,,,,,,,,media/dgnb.png,0,0,Symb,a,RT,0,0,0,1,8,0,18,0,1,2,99,a,0.553,0,1,a,1,0.553,18,0,18,0,1,,,,,,,,,,,,,
,,,,,,,,,,,,,,,,,326,2,2024-03-12_01h06.14.197,Symbol-E,2020.1.3,Win32,Firefox,Mozilla/5.0 (Windows NT 10.0; Win64; x64; rv:123.0) Gecko/20100101 Firefox/123.0,60,,,,,,,,,,,,,,,,,,,,,,,,,,,,,,,,,,,,,,media/dmnb.png,1,1,Symb,w,RT,0,0,0,1,8,0,19,0,1,2,99,w,0.534,1,1,w,1,0.534,19,0,19,0,1,,,,,,,,,,,,,
,,,,,,,,,,,,,,,,,326,2,2024-03-12_01h06.14.197,Symbol-E,2020.1.3,Win32,Firefox,Mozilla/5.0 (Windows NT 10.0; Win64; x64; rv:123.0) Gecko/20100101 Firefox/123.0,60,,,,,,,,,,,,,,,,,,,,,,,,,,,,,,,,,,,,,,media/ddnb.png,7,3,Symb,l,RT,0,0,0,1,8,0,20,0,1,2,99,l,0.599,7,1,l,1,0.599,20,0,20,0,1,,,,,,,,,,,,,
,,,,,,,,,,,,,,,,,326,2,2024-03-12_01h06.14.197,Symbol-E,2020.1.3,Win32,Firefox,Mozilla/5.0 (Windows NT 10.0; Win64; x64; rv:123.0) Gecko/20100101 Firefox/123.0,60,,,,,,,,,,,,,,,,,,,,,,,,,,,,,,,,,,,,,,media/dmnb.png,1,1,Symb,w,RT,0,0,0,1,8,0,21,0,1,2,99,w,0.568,1,1,w,1,0.568,21,0,21,0,1,,,,,,,,,,,,,
,,,,,,,,,,,,,,,,,326,2,2024-03-12_01h06.14.197,Symbol-E,2020.1.3,Win32,Firefox,Mozilla/5.0 (Windows NT 10.0; Win64; x64; rv:123.0) Gecko/20100101 Firefox/123.0,60,,,,,,,,,,,,,,,,,,,,,,,,,,,,,,,,,,,,,,media/dinb.png,6,2,Symb,i,RT,0,0,0,1,8,0,22,0,1,2,99,i,0.467,6,1,i,1,0.467,22,0,22,0,1,,,,,,,,,,,,,
,,,,,,,,,,,,,,,,,326,2,2024-03-12_01h06.14.197,Symbol-E,2020.1.3,Win32,Firefox,Mozilla/5.0 (Windows NT 10.0; Win64; x64; rv:123.0) Gecko/20100101 Firefox/123.0,60,,,,,,,,,,,,,,,,,,,,,,,,,,,,,,,,,,,,,,media/dnnb.png,5,1,Symb,u,RT,0,0,0,1,8,0,23,0,1,2,99,u,0.534,5,1,u,1,0.534,23,0,23,0,1,,,,,,,,,,,,,
,,,,,,,,,,,,,,,,,326,2,2024-03-12_01h06.14.197,Symbol-E,2020.1.3,Win32,Firefox,Mozilla/5.0 (Windows NT 10.0; Win64; x64; rv:123.0) Gecko/20100101 Firefox/123.0,60,,,,,,,,,,,,,,,,,,,,,,,,,,,,,,,,,,,,,,media/dfnb.png,3,3,Symb,f,RT,0,0,0,1,8,0,24,0,1,2,99,f,0.669,3,1,f,1,0.669,24,0,24,0,1,,,,,,,,,,,,,
,,,,,,,,,,,,,,,,,326,2,2024-03-12_01h06.14.197,Symbol-E,2020.1.3,Win32,Firefox,Mozilla/5.0 (Windows NT 10.0; Win64; x64; rv:123.0) Gecko/20100101 Firefox/123.0,60,,,,,,,,,,,,,,,,,,,,,,,,,,,,,,,,,,,,,,media/djnb.png,4,0,Symb,h,RT,0,0,0,1,8,0,25,0,1,2,99,h,0.502,4,1,h,1,0.502,25,0,25,0,1,,,,,,,,,,,,,
,,,,,,,,,,,,,,,,,326,2,2024-03-12_01h06.14.197,Symbol-E,2020.1.3,Win32,Firefox,Mozilla/5.0 (Windows NT 10.0; Win64; x64; rv:123.0) Gecko/20100101 Firefox/123.0,60,,,,,,,,,,,,,,,,,,,,,,,,,,,,,,,,,,,,,,media/dfnb.png,3,3,Symb,f,RT,0,0,0,1,8,0,26,0,1,2,99,f,0.534,3,1,f,1,0.534,26,0,26,0,1,,,,,,,,,,,,,
,,,,,,,,,,,,,,,,,326,2,2024-03-12_01h06.14.197,Symbol-E,2020.1.3,Win32,Firefox,Mozilla/5.0 (Windows NT 10.0; Win64; x64; rv:123.0) Gecko/20100101 Firefox/123.0,60,,,,,,,,,,,,,,,,,,,,,,,,,,,,,,,,,,,,,,media/dcnb.png,2,2,Symb,e,RT,0,0,0,1,8,0,27,0,1,2,99,e,0.566,2,1,e,1,0.566,27,0,27,0,1,,,,,,,,,,,,,
,,,,,,,,,,,,,,,,,326,2,2024-03-12_01h06.14.197,Symbol-E,2020.1.3,Win32,Firefox,Mozilla/5.0 (Windows NT 10.0; Win64; x64; rv:123.0) Gecko/20100101 Firefox/123.0,60,,,,,,,,,,,,,,,,,,,,,,,,,,,,,,,,,,,,,,media/djnb.png,4,0,Symb,h,RT,0,0,0,1,8,0,28,0,1,2,99,h,0.534,4,1,h,1,0.534,28,0,28,0,1,,,,,,,,,,,,,
,,,,,,,,,,,,,,,,,326,2,2024-03-12_01h06.14.197,Symbol-E,2020.1.3,Win32,Firefox,Mozilla/5.0 (Windows NT 10.0; Win64; x64; rv:123.0) Gecko/20100101 Firefox/123.0,60,,,,,,,,,,,,,,,,,,,,,,,,,,,,,,,,,,,,,,media/ddnb.png,7,3,Symb,l,RT,0,0,0,1,8,0,29,0,1,2,99,l,0.583,7,1,l,1,0.583,29,0,29,0,1,,,,,,,,,,,,,
,,,,,,,,,,,,,,,,,326,2,2024-03-12_01h06.14.197,Symbol-E,2020.1.3,Win32,Firefox,Mozilla/5.0 (Windows NT 10.0; Win64; x64; rv:123.0) Gecko/20100101 Firefox/123.0,60,,,,,,,,,,,,,,,,,,,,,,,,,,,,,,,,,,,,,,media/dgnb.png,0,0,Symb,a,RT,0,0,0,1,8,0,30,0,1,2,99,a,0.616,0,1,a,1,0.616,30,0,30,0,1,,,,,,,,,,,,,
,,,,,,,,,,,,,,,,,326,2,2024-03-12_01h06.14.197,Symbol-E,2020.1.3,Win32,Firefox,Mozilla/5.0 (Windows NT 10.0; Win64; x64; rv:123.0) Gecko/20100101 Firefox/123.0,60,,,,,,,,,,,,,,,,,,,,,,,,,,,,,,,,,,,,,,media/dnnb.png,5,1,Symb,u,RT,0,0,0,1,8,0,31,0,1,2,99,u,0.534,5,1,u,1,0.534,31,0,31,0,1,,,,,,,,,,,,,
,,,,,,,,,,,,,,,,,326,2,2024-03-12_01h06.14.197,Symbol-E,2020.1.3,Win32,Firefox,Mozilla/5.0 (Windows NT 10.0; Win64; x64; rv:123.0) Gecko/20100101 Firefox/123.0,60,,,,,,,,,,,,,,,,,,,,,,,,,,,,,,,,,,,,,,media/dmnb.png,1,1,Symb,w,RT,0,0,0,1,8,0,32,0,1,2,99,w,0.616,1,1,w,1,0.616,32,0,32,0,1,,,,,,,,,,,,,
,,,,,,,,,,,,,,,,,326,2,2024-03-12_01h06.14.197,Symbol-E,2020.1.3,Win32,Firefox,Mozilla/5.0 (Windows NT 10.0; Win64; x64; rv:123.0) Gecko/20100101 Firefox/123.0,60,,,,,,,,,,,,,,,,,,,,,,,,,,,,,,,,,,,,,,media/ddnb.png,7,3,Symb,l,RT,0,0,0,1,8,0,33,0,1,2,99,l,0.582,7,1,l,1,0.582,33,0,33,0,1,,,,,,,,,,,,,
,,,,,,,,,,,,,,,,,326,2,2024-03-12_01h06.14.197,Symbol-E,2020.1.3,Win32,Firefox,Mozilla/5.0 (Windows NT 10.0; Win64; x64; rv:123.0) Gecko/20100101 Firefox/123.0,60,,,,,,,,,,,,,,,,,,,,,,,,,,,,,,,,,,,,,,media/djnb.png,4,0,Symb,h,RT,0,0,0,1,8,0,34,0,1,2,99,h,0.683,4,1,h,1,0.683,34,0,34,0,1,,,,,,,,,,,,,
,,,,,,,,,,,,,,,,,326,2,2024-03-12_01h06.14.197,Symbol-E,2020.1.3,Win32,Firefox,Mozilla/5.0 (Windows NT 10.0; Win64; x64; rv:123.0) Gecko/20100101 Firefox/123.0,60,,,,,,,,,,,,,,,,,,,,,,,,,,,,,,,,,,,,,,media/dnnb.png,5,1,Symb,u,RT,0,0,0,1,8,0,35,0,1,2,99,u,0.568,5,1,u,1,0.568,35,0,35,0,1,,,,,,,,,,,,,
,,,,,,,,,,,,,,,,,326,2,2024-03-12_01h06.14.197,Symbol-E,2020.1.3,Win32,Firefox,Mozilla/5.0 (Windows NT 10.0; Win64; x64; rv:123.0) Gecko/20100101 Firefox/123.0,60,,,,,,,,,,,,,,,,,,,,,,,,,,,,,,,,,,,,,,media/dgnb.png,0,0,Symb,a,RT,0,0,0,1,8,0,36,0,1,2,99,a,0.585,0,1,a,1,0.585,36,0,36,0,1,,,,,,,,,,,,,
,,,,,,,,,,,,,,,,,326,2,2024-03-12_01h06.14.197,Symbol-E,2020.1.3,Win32,Firefox,Mozilla/5.0 (Windows NT 10.0; Win64; x64; rv:123.0) Gecko/20100101 Firefox/123.0,60,,,,,,,,,,,,,,,,,,,,,,,,,,,,,,,,,,,,,,media/dfnb.png,3,3,Symb,f,RT,0,0,0,1,8,0,37,0,1,2,99,f,0.584,3,1,f,1,0.584,37,0,37,0,1,,,,,,,,,,,,,
,,,,,,,,,,,,,,,,,326,2,2024-03-12_01h06.14.197,Symbol-E,2020.1.3,Win32,Firefox,Mozilla/5.0 (Windows NT 10.0; Win64; x64; rv:123.0) Gecko/20100101 Firefox/123.0,60,,,,,,,,,,,,,,,,,,,,,,,,,,,,,,,,,,,,,,media/dinb.png,6,2,Symb,i,RT,0,0,0,1,8,0,38,0,1,2,99,i,0.483,6,1,i,1,0.483,38,0,38,0,1,,,,,,,,,,,,,
,,,,,,,,,,,,,,,,,326,2,2024-03-12_01h06.14.197,Symbol-E,2020.1.3,Win32,Firefox,Mozilla/5.0 (Windows NT 10.0; Win64; x64; rv:123.0) Gecko/20100101 Firefox/123.0,60,,,,,,,,,,,,,,,,,,,,,,,,,,,,,,,,,,,,,,media/dnnb.png,5,1,Symb,u,RT,0,0,0,1,8,0,39,0,1,2,99,u,0.567,5,1,u,1,0.567,39,0,39,0,1,,,,,,,,,,,,,
,,,,,,,,,,,,,,,,,326,2,2024-03-12_01h06.14.197,Symbol-E,2020.1.3,Win32,Firefox,Mozilla/5.0 (Windows NT 10.0; Win64; x64; rv:123.0) Gecko/20100101 Firefox/123.0,60,,,,,,,,,,,,,,,,,,,,,,,,,,,,,,,,,,,,,,media/dmnb.png,1,1,Symb,w,RT,0,0,0,1,8,0,40,0,1,2,99,w,0.617,1,1,w,1,0.617,40,0,40,0,1,,,,,,,,,,,,,
,,,,,,,,,,,,,,,,,326,2,2024-03-12_01h06.14.197,Symbol-E,2020.1.3,Win32,Firefox,Mozilla/5.0 (Windows NT 10.0; Win64; x64; rv:123.0) Gecko/20100101 Firefox/123.0,60,,,,,,,,,,,,,,,,,,,,,,,,,,,,,,,,,,,,,,media/ddnb.png,7,3,Symb,l,RT,0,0,0,1,8,0,41,0,1,2,99,l,1.051,7,1,l,1,1.051,41,0,41,0,1,,,,,,,,,,,,,
,,,,,,,,,,,,,,,,,326,2,2024-03-12_01h06.14.197,Symbol-E,2020.1.3,Win32,Firefox,Mozilla/5.0 (Windows NT 10.0; Win64; x64; rv:123.0) Gecko/20100101 Firefox/123.0,60,,,,,,,,,,,,,,,,,,,,,,,,,,,,,,,,,,,,,,media/dinb.png,6,2,Symb,i,RT,0,0,0,1,8,0,42,0,1,2,99,i,0.5,6,1,i,1,0.5,42,0,42,0,1,,,,,,,,,,,,,
,,,,,,,,,,,,,,,,,326,2,2024-03-12_01h06.14.197,Symbol-E,2020.1.3,Win32,Firefox,Mozilla/5.0 (Windows NT 10.0; Win64; x64; rv:123.0) Gecko/20100101 Firefox/123.0,60,,,,,,,,,,,,,,,,,,,,,,,,,,,,,,,,,,,,,,media/dgnb.png,0,0,Symb,a,RT,0,0,0,1,8,0,43,0,1,2,99,a,0.599,0,1,a,1,0.599,43,0,43,0,1,,,,,,,,,,,,,
,,,,,,,,,,,,,,,,,326,2,2024-03-12_01h06.14.197,Symbol-E,2020.1.3,Win32,Firefox,Mozilla/5.0 (Windows NT 10.0; Win64; x64; rv:123.0) Gecko/20100101 Firefox/123.0,60,,,,,,,,,,,,,,,,,,,,,,,,,,,,,,,,,,,,,,media/dcnb.png,2,2,Symb,e,RT,0,0,0,1,8,0,44,0,1,2,99,e,0.618,2,1,e,1,0.618,44,0,44,0,1,,,,,,,,,,,,,
,,,,,,,,,,,,,,,,,326,2,2024-03-12_01h06.14.197,Symbol-E,2020.1.3,Win32,Firefox,Mozilla/5.0 (Windows NT 10.0; Win64; x64; rv:123.0) Gecko/20100101 Firefox/123.0,60,,,,,,,,,,,,,,,,,,,,,,,,,,,,,,,,,,,,,,media/djnb.png,4,0,Symb,h,RT,0,0,0,1,8,0,45,0,1,2,99,h,0.85,4,1,h,1,0.85,45,0,45,0,1,,,,,,,,,,,,,
,,,,,,,,,,,,,,,,,326,2,2024-03-12_01h06.14.197,Symbol-E,2020.1.3,Win32,Firefox,Mozilla/5.0 (Windows NT 10.0; Win64; x64; rv:123.0) Gecko/20100101 Firefox/123.0,60,,,,,,,,,,,,,,,,,,,,,,,,,,,,,,,,,,,,,,media/dcnb.png,2,2,Symb,e,RT,0,0,0,1,8,0,46,0,1,2,99,e,0.602,2,1,e,1,0.602,46,0,46,0,1,,,,,,,,,,,,,
,,,,,,,,,,,,,,,,,326,2,2024-03-12_01h06.14.197,Symbol-E,2020.1.3,Win32,Firefox,Mozilla/5.0 (Windows NT 10.0; Win64; x64; rv:123.0) Gecko/20100101 Firefox/123.0,60,,,,,,,,,,,,,,,,,,,,,,,,,,,,,,,,,,,,,,media/dfnb.png,3,3,Symb,f,RT,0,0,0,1,8,0,47,0,1,2,99,f,0.536,3,1,f,1,0.536,47,0,47,0,1,,,,,,,,,,,,,
,,,,,,,,,,,,,,,,,326,2,2024-03-12_01h06.14.197,Symbol-E,2020.1.3,Win32,Firefox,Mozilla/5.0 (Windows NT 10.0; Win64; x64; rv:123.0) Gecko/20100101 Firefox/123.0,60,,,,,,,,,,,,,,,,,,,,,,,,,,,,,,,,,,,,,,media/dgnb.png,0,0,Symb,a,RT,0,0,0,1,8,0,48,0,1,2,99,a,0.567,0,1,a,1,0.567,48,0,48,0,1,,,,,,,,,,,,,
,,,,,,,,,,,,,,,,,326,2,2024-03-12_01h06.14.197,Symbol-E,2020.1.3,Win32,Firefox,Mozilla/5.0 (Windows NT 10.0; Win64; x64; rv:123.0) Gecko/20100101 Firefox/123.0,60,,,,,,,,,,,,,,,,,,,,,,,,,,,,,,,,,,,,,,media/dcnb.png,2,2,Symb,e,RT,0,0,0,1,8,0,49,0,1,2,99,e,0.602,2,1,e,1,0.602,49,0,49,0,1,,,,,,,,,,,,,
,,,,,,,,,,,,,,,,,326,2,2024-03-12_01h06.14.197,Symbol-E,2020.1.3,Win32,Firefox,Mozilla/5.0 (Windows NT 10.0; Win64; x64; rv:123.0) Gecko/20100101 Firefox/123.0,60,,,,,,,,,,,,,,,,,,,,,,,,,,,,,,,,,,,,,,media/dnnb.png,5,1,Symb,u,RT,0,0,0,1,8,0,50,0,1,2,99,u,0.616,5,1,u,1,0.616,50,0,50,0,1,,,,,,,,,,,,,
,,,,,,,,,,,,,,,,,326,2,2024-03-12_01h06.14.197,Symbol-E,2020.1.3,Win32,Firefox,Mozilla/5.0 (Windows NT 10.0; Win64; x64; rv:123.0) Gecko/20100101 Firefox/123.0,60,,,,,,,,,,,,,,,,,,,,,,,,,,,,,,,,,,,,,,media/dfnb.png,3,3,Symb,f,RT,0,0,0,1,8,0,51,0,1,2,99,f,0.515,3,1,f,1,0.515,51,0,51,0,1,,,,,,,,,,,,,
,,,,,,,,,,,,,,,,,326,2,2024-03-12_01h06.14.197,Symbol-E,2020.1.3,Win32,Firefox,Mozilla/5.0 (Windows NT 10.0; Win64; x64; rv:123.0) Gecko/20100101 Firefox/123.0,60,,,,,,,,,,,,,,,,,,,,,,,,,,,,,,,,,,,,,,media/dinb.png,6,2,Symb,i,RT,0,0,0,1,8,0,52,0,1,2,99,i,0.484,6,1,i,1,0.484,52,0,52,0,1,,,,,,,,,,,,,
,,,,,,,,,,,,,,,,,326,2,2024-03-12_01h06.14.197,Symbol-E,2020.1.3,Win32,Firefox,Mozilla/5.0 (Windows NT 10.0; Win64; x64; rv:123.0) Gecko/20100101 Firefox/123.0,60,,,,,,,,,,,,,,,,,,,,,,,,,,,,,,,,,,,,,,media/dnnb.png,5,1,Symb,u,RT,0,0,0,1,8,0,53,0,1,2,99,u,0.501,5,1,u,1,0.501,53,0,53,0,1,,,,,,,,,,,,,
,,,,,,,,,,,,,,,,,326,2,2024-03-12_01h06.14.197,Symbol-E,2020.1.3,Win32,Firefox,Mozilla/5.0 (Windows NT 10.0; Win64; x64; rv:123.0) Gecko/20100101 Firefox/123.0,60,,,,,,,,,,,,,,,,,,,,,,,,,,,,,,,,,,,,,,media/djnb.png,4,0,Symb,h,RT,0,0,0,1,8,0,54,0,1,2,99,h,0.518,4,1,h,1,0.518,54,0,54,0,1,,,,,,,,,,,,,
,,,,,,,,,,,,,,,,,326,2,2024-03-12_01h06.14.197,Symbol-E,2020.1.3,Win32,Firefox,Mozilla/5.0 (Windows NT 10.0; Win64; x64; rv:123.0) Gecko/20100101 Firefox/123.0,60,,,,,,,,,,,,,,,,,,,,,,,,,,,,,,,,,,,,,,media/dmnb.png,1,1,Symb,w,RT,0,0,0,1,8,0,55,0,1,2,99,w,0.567,1,1,w,1,0.567,55,0,55,0,1,,,,,,,,,,,,,
,,,,,,,,,,,,,,,,,326,2,2024-03-12_01h06.14.197,Symbol-E,2020.1.3,Win32,Firefox,Mozilla/5.0 (Windows NT 10.0; Win64; x64; rv:123.0) Gecko/20100101 Firefox/123.0,60,,,,,,,,,,,,,,,,,,,,,,,,,,,,,,,,,,,,,,media/ddnb.png,7,3,Symb,l,RT,0,0,0,1,8,0,56,0,1,2,99,l,0.601,7,1,l,1,0.601,56,0,56,0,1,,,,,,,,,,,,,
,,,,,,,,,,,,,,,,,326,2,2024-03-12_01h06.14.197,Symbol-E,2020.1.3,Win32,Firefox,Mozilla/5.0 (Windows NT 10.0; Win64; x64; rv:123.0) Gecko/20100101 Firefox/123.0,60,,,,,,,,,,,,,,,,,,,,,,,,,,,,,,,,,,,,,,media/dfnb.png,3,3,Symb,f,RT,0,0,0,1,8,0,57,0,1,2,99,f,0.602,3,1,f,1,0.602,57,0,57,0,1,,,,,,,,,,,,,
,,,,,,,,,,,,,,,,,326,2,2024-03-12_01h06.14.197,Symbol-E,2020.1.3,Win32,Firefox,Mozilla/5.0 (Windows NT 10.0; Win64; x64; rv:123.0) Gecko/20100101 Firefox/123.0,60,,,,,,,,,,,,,,,,,,,,,,,,,,,,,,,,,,,,,,media/dmnb.png,1,1,Symb,w,RT,0,0,0,1,8,0,58,0,1,2,99,w,0.568,1,1,w,1,0.568,58,0,58,0,1,,,,,,,,,,,,,
,,,,,,,,,,,,,,,,,326,2,2024-03-12_01h06.14.197,Symbol-E,2020.1.3,Win32,Firefox,Mozilla/5.0 (Windows NT 10.0; Win64; x64; rv:123.0) Gecko/20100101 Firefox/123.0,60,,,,,,,,,,,,,,,,,,,,,,,,,,,,,,,,,,,,,,media/dcnb.png,2,2,Symb,e,RT,0,0,0,1,8,0,59,0,1,2,99,e,0.85,2,1,e,1,0.85,59,0,59,0,1,,,,,,,,,,,,,
,,,,,,,,,,,,,,,,,326,2,2024-03-12_01h06.14.197,Symbol-E,2020.1.3,Win32,Firefox,Mozilla/5.0 (Windows NT 10.0; Win64; x64; rv:123.0) Gecko/20100101 Firefox/123.0,60,,,,,,,,,,,,,,,,,,,,,,,,,,,,,,,,,,,,,,media/djnb.png,4,0,Symb,h,RT,0,0,0,1,8,0,60,0,1,2,99,h,0.552,4,1,h,1,0.552,60,0,60,0,1,,,,,,,,,,,,,
,,,,,,,,,,,,,,,,,326,2,2024-03-12_01h06.14.197,Symbol-E,2020.1.3,Win32,Firefox,Mozilla/5.0 (Windows NT 10.0; Win64; x64; rv:123.0) Gecko/20100101 Firefox/123.0,60,,,,,,,,,,,,,,,,,,,,,,,,,,,,,,,,,,,,,,media/dinb.png,6,2,Symb,i,RT,0,0,0,1,8,0,61,0,1,2,99,i,0.535,6,1,i,1,0.535,61,0,61,0,1,,,,,,,,,,,,,
,,,,,,,,,,,,,,,,,326,2,2024-03-12_01h06.14.197,Symbol-E,2020.1.3,Win32,Firefox,Mozilla/5.0 (Windows NT 10.0; Win64; x64; rv:123.0) Gecko/20100101 Firefox/123.0,60,,,,,,,,,,,,,,,,,,,,,,,,,,,,,,,,,,,,,,media/ddnb.png,7,3,Symb,l,RT,0,0,0,1,8,0,62,0,1,2,99,l,0.55,7,1,l,1,0.55,62,0,62,0,1,,,,,,,,,,,,,
,,,,,,,,,,,,,,,,,326,2,2024-03-12_01h06.14.197,Symbol-E,2020.1.3,Win32,Firefox,Mozilla/5.0 (Windows NT 10.0; Win64; x64; rv:123.0) Gecko/20100101 Firefox/123.0,60,,,,,,,,,,,,,,,,,,,,,,,,,,,,,,,,,,,,,,media/dgnb.png,0,0,Symb,a,RT,0,0,0,1,8,0,63,0,1,2,99,a,0.615,0,1,a,1,0.615,63,0,63,0,1,,,,,,,,,,,,,
,,,,,,,,,,,,,,,,,326,2,2024-03-12_01h06.14.197,Symbol-E,2020.1.3,Win32,Firefox,Mozilla/5.0 (Windows NT 10.0; Win64; x64; rv:123.0) Gecko/20100101 Firefox/123.0,60,,,,,,,,,,,,,,,,,,,,,,,,,,,,,,,,,,,,,,media/dfnb.png,3,3,Symb,f,RT,0,0,0,1,8,0,64,0,1,2,99,f,0.534,3,1,f,1,0.534,64,0,64,0,1,,,,,,,,,,,,,
,,,,,,,,,,,,,,,,,326,2,2024-03-12_01h06.14.197,Symbol-E,2020.1.3,Win32,Firefox,Mozilla/5.0 (Windows NT 10.0; Win64; x64; rv:123.0) Gecko/20100101 Firefox/123.0,60,,,,,,,,,,,,,,,,,,,,,,,,,,,,,,,,,,,,,,media/ddnb.png,7,3,Symb,l,RT,0,0,0,1,8,0,65,0,1,2,99,l,0.766,7,1,l,1,0.766,65,0,65,0,1,,,,,,,,,,,,,
,,,,,,,,,,,,,,,,,326,2,2024-03-12_01h06.14.197,Symbol-E,2020.1.3,Win32,Firefox,Mozilla/5.0 (Windows NT 10.0; Win64; x64; rv:123.0) Gecko/20100101 Firefox/123.0,60,,,,,,,,,,,,,,,,,,,,,,,,,,,,,,,,,,,,,,media/dinb.png,6,2,Symb,i,RT,0,0,0,1,8,0,66,0,1,2,99,i,0.618,6,1,i,1,0.618,66,0,66,0,1,,,,,,,,,,,,,
,,,,,,,,,,,,,,,,,326,2,2024-03-12_01h06.14.197,Symbol-E,2020.1.3,Win32,Firefox,Mozilla/5.0 (Windows NT 10.0; Win64; x64; rv:123.0) Gecko/20100101 Firefox/123.0,60,,,,,,,,,,,,,,,,,,,,,,,,,,,,,,,,,,,,,,media/dmnb.png,1,1,Symb,w,RT,0,0,0,1,8,0,67,0,1,2,99,w,0.516,1,1,w,1,0.516,67,0,67,0,1,,,,,,,,,,,,,
,,,,,,,,,,,,,,,,,326,2,2024-03-12_01h06.14.197,Symbol-E,2020.1.3,Win32,Firefox,Mozilla/5.0 (Windows NT 10.0; Win64; x64; rv:123.0) Gecko/20100101 Firefox/123.0,60,,,,,,,,,,,,,,,,,,,,,,,,,,,,,,,,,,,,,,media/dgnb.png,0,0,Symb,a,RT,0,0,0,1,8,0,68,0,1,2,99,a,0.549,0,1,a,1,0.549,68,0,68,0,1,,,,,,,,,,,,,
,,,,,,,,,,,,,,,,,326,2,2024-03-12_01h06.14.197,Symbol-E,2020.1.3,Win32,Firefox,Mozilla/5.0 (Windows NT 10.0; Win64; x64; rv:123.0) Gecko/20100101 Firefox/123.0,60,,,,,,,,,,,,,,,,,,,,,,,,,,,,,,,,,,,,,,media/dnnb.png,5,1,Symb,u,RT,0,0,0,1,8,0,69,0,1,2,99,u,0.534,5,1,u,1,0.534,69,0,69,0,1,,,,,,,,,,,,,
,,,,,,,,,,,,,,,,,326,2,2024-03-12_01h06.14.197,Symbol-E,2020.1.3,Win32,Firefox,Mozilla/5.0 (Windows NT 10.0; Win64; x64; rv:123.0) Gecko/20100101 Firefox/123.0,60,,,,,,,,,,,,,,,,,,,,,,,,,,,,,,,,,,,,,,media/dcnb.png,2,2,Symb,e,RT,0,0,0,1,8,0,70,0,1,2,99,e,0.585,2,1,e,1,0.585,70,0,70,0,1,,,,,,,,,,,,,
,,,,,,,,,,,,,,,,,326,2,2024-03-12_01h06.14.197,Symbol-E,2020.1.3,Win32,Firefox,Mozilla/5.0 (Windows NT 10.0; Win64; x64; rv:123.0) Gecko/20100101 Firefox/123.0,60,,,,,,,,,,,,,,,,,,,,,,,,,,,,,,,,,,,,,,media/dfnb.png,3,3,Symb,f,RT,0,0,0,1,8,0,71,0,1,2,99,f,0.648,3,1,f,1,0.648,71,0,71,0,1,,,,,,,,,,,,,
,,,,,,,,,,,,,,,,,326,2,2024-03-12_01h06.14.197,Symbol-E,2020.1.3,Win32,Firefox,Mozilla/5.0 (Windows NT 10.0; Win64; x64; rv:123.0) Gecko/20100101 Firefox/123.0,60,,,,,,,,,,,,,,,,,,,,,,,,,,,,,,,,,,,,,,media/djnb.png,4,0,Symb,h,RT,0,0,0,1,8,0,72,0,1,2,99,h,0.619,4,1,h,1,0.619,72,0,72,0,1,,,,,,,,,,,,,
,,,,,,,,,,,,,,,,,326,2,2024-03-12_01h06.14.197,Symbol-E,2020.1.3,Win32,Firefox,Mozilla/5.0 (Windows NT 10.0; Win64; x64; rv:123.0) Gecko/20100101 Firefox/123.0,60,,,,,,,,,,,,,,,,,,,,,,,,,,,,,,,,,,,,,,media/ddnb.png,7,3,Symb,l,RT,0,0,0,1,8,0,73,0,1,2,99,l,0.584,7,1,l,1,0.584,73,0,73,0,1,,,,,,,,,,,,,
,,,,,,,,,,,,,,,,,326,2,2024-03-12_01h06.14.197,Symbol-E,2020.1.3,Win32,Firefox,Mozilla/5.0 (Windows NT 10.0; Win64; x64; rv:123.0) Gecko/20100101 Firefox/123.0,60,,,,,,,,,,,,,,,,,,,,,,,,,,,,,,,,,,,,,,media/dinb.png,6,2,Symb,i,RT,0,0,0,1,8,0,74,0,1,2,99,i,0.466,6,1,i,1,0.466,74,0,74,0,1,,,,,,,,,,,,,
,,,,,,,,,,,,,,,,,326,2,2024-03-12_01h06.14.197,Symbol-E,2020.1.3,Win32,Firefox,Mozilla/5.0 (Windows NT 10.0; Win64; x64; rv:123.0) Gecko/20100101 Firefox/123.0,60,,,,,,,,,,,,,,,,,,,,,,,,,,,,,,,,,,,,,,media/djnb.png,4,0,Symb,h,RT,0,0,0,1,8,0,75,0,1,2,99,h,0.517,4,1,h,1,0.517,75,0,75,0,1,,,,,,,,,,,,,
,,,,,,,,,,,,,,,,,326,2,2024-03-12_01h06.14.197,Symbol-E,2020.1.3,Win32,Firefox,Mozilla/5.0 (Windows NT 10.0; Win64; x64; rv:123.0) Gecko/20100101 Firefox/123.0,60,,,,,,,,,,,,,,,,,,,,,,,,,,,,,,,,,,,,,,media/dmnb.png,1,1,Symb,w,RT,0,0,0,1,8,0,76,0,1,2,99,w,0.536,1,1,w,1,0.536,76,0,76,0,1,,,,,,,,,,,,,
,,,,,,,,,,,,,,,,,326,2,2024-03-12_01h06.14.197,Symbol-E,2020.1.3,Win32,Firefox,Mozilla/5.0 (Windows NT 10.0; Win64; x64; rv:123.0) Gecko/20100101 Firefox/123.0,60,,,,,,,,,,,,,,,,,,,,,,,,,,,,,,,,,,,,,,media/dcnb.png,2,2,Symb,e,RT,0,0,0,1,8,0,77,0,1,2,99,e,0.618,2,1,e,1,0.618,77,0,77,0,1,,,,,,,,,,,,,
,,,,,,,,,,,,,,,,,326,2,2024-03-12_01h06.14.197,Symbol-E,2020.1.3,Win32,Firefox,Mozilla/5.0 (Windows NT 10.0; Win64; x64; rv:123.0) Gecko/20100101 Firefox/123.0,60,,,,,,,,,,,,,,,,,,,,,,,,,,,,,,,,,,,,,,media/dgnb.png,0,0,Symb,a,RT,0,0,0,1,8,0,78,0,1,2,99,a,0.533,0,1,a,1,0.533,78,0,78,0,1,,,,,,,,,,,,,
,,,,,,,,,,,,,,,,,326,2,2024-03-12_01h06.14.197,Symbol-E,2020.1.3,Win32,Firefox,Mozilla/5.0 (Windows NT 10.0; Win64; x64; rv:123.0) Gecko/20100101 Firefox/123.0,60,,,,,,,,,,,,,,,,,,,,,,,,,,,,,,,,,,,,,,media/dnnb.png,5,1,Symb,u,RT,0,0,0,1,8,0,79,0,1,2,99,u,0.716,5,1,u,1,0.716,79,0,79,0,1,,,,,,,,,,,,,
,,,,,,,,,,,,,,,,,326,2,2024-03-12_01h06.14.197,Symbol-E,2020.1.3,Win32,Firefox,Mozilla/5.0 (Windows NT 10.0; Win64; x64; rv:123.0) Gecko/20100101 Firefox/123.0,60,,,,,,,,,,,,,,,,,,,,,,,,,,,,,,,,,,,,,,media/dmnb.png,1,1,Symb,w,RT,0,0,0,1,8,0,80,0,1,2,99,w,0.551,1,1,w,1,0.551,80,0,80,0,1,,,,,,,,,,,,,
,,,,,,,,,,,,,,,,,326,2,2024-03-12_01h06.14.197,Symbol-E,2020.1.3,Win32,Firefox,Mozilla/5.0 (Windows NT 10.0; Win64; x64; rv:123.0) Gecko/20100101 Firefox/123.0,60,,,,,,,,,,,,,,,,,,,,,,,,,,,,,,,,,,,,,,media/dgnb.png,0,0,Symb,a,RT,0,0,0,1,8,0,81,0,1,2,99,a,0.666,0,1,a,1,0.666,81,0,81,0,1,,,,,,,,,,,,,
,,,,,,,,,,,,,,,,,326,2,2024-03-12_01h06.14.197,Symbol-E,2020.1.3,Win32,Firefox,Mozilla/5.0 (Windows NT 10.0; Win64; x64; rv:123.0) Gecko/20100101 Firefox/123.0,60,,,,,,,,,,,,,,,,,,,,,,,,,,,,,,,,,,,,,,media/dfnb.png,3,3,Symb,f,RT,0,0,0,1,8,0,82,0,1,2,99,f,0.548,3,1,f,1,0.548,82,0,82,0,1,,,,,,,,,,,,,
,,,,,,,,,,,,,,,,,326,2,2024-03-12_01h06.14.197,Symbol-E,2020.1.3,Win32,Firefox,Mozilla/5.0 (Windows NT 10.0; Win64; x64; rv:123.0) Gecko/20100101 Firefox/123.0,60,,,,,,,,,,,,,,,,,,,,,,,,,,,,,,,,,,,,,,media/ddnb.png,7,3,Symb,l,RT,0,0,0,1,8,0,83,0,1,2,99,l,0.551,7,1,l,1,0.551,83,0,83,0,1,,,,,,,,,,,,,
,,,,,,,,,,,,,,,,,326,2,2024-03-12_01h06.14.197,Symbol-E,2020.1.3,Win32,Firefox,Mozilla/5.0 (Windows NT 10.0; Win64; x64; rv:123.0) Gecko/20100101 Firefox/123.0,60,,,,,,,,,,,,,,,,,,,,,,,,,,,,,,,,,,,,,,media/dnnb.png,5,1,Symb,u,RT,0,0,0,1,8,0,84,0,1,2,99,u,0.55,5,1,u,1,0.55,84,0,84,0,1,,,,,,,,,,,,,
,,,,,,,,,,,,,,,,,326,2,2024-03-12_01h06.14.197,Symbol-E,2020.1.3,Win32,Firefox,Mozilla/5.0 (Windows NT 10.0; Win64; x64; rv:123.0) Gecko/20100101 Firefox/123.0,60,,,,,,,,,,,,,,,,,,,,,,,,,,,,,,,,,,,,,,media/dgnb.png,0,0,Symb,a,RT,0,0,0,1,8,0,85,0,1,2,99,a,0.632,0,1,a,1,0.632,85,0,85,0,1,,,,,,,,,,,,,
,,,,,,,,,,,,,,,,,326,2,2024-03-12_01h06.14.197,Symbol-E,2020.1.3,Win32,Firefox,Mozilla/5.0 (Windows NT 10.0; Win64; x64; rv:123.0) Gecko/20100101 Firefox/123.0,60,,,,,,,,,,,,,,,,,,,,,,,,,,,,,,,,,,,,,,media/dmnb.png,1,1,Symb,w,RT,0,0,0,1,8,0,86,0,1,2,99,w,0.533,1,1,w,1,0.533,86,0,86,0,1,,,,,,,,,,,,,
,,,,,,,,,,,,,,,,,326,2,2024-03-12_01h06.14.197,Symbol-E,2020.1.3,Win32,Firefox,Mozilla/5.0 (Windows NT 10.0; Win64; x64; rv:123.0) Gecko/20100101 Firefox/123.0,60,,,,,,,,,,,,,,,,,,,,,,,,,,,,,,,,,,,,,,media/djnb.png,4,0,Symb,h,RT,0,0,0,1,8,0,87,0,1,2,99,h,0.533,4,1,h,1,0.533,87,0,87,0,1,,,,,,,,,,,,,
,,,,,,,,,,,,,,,,,326,2,2024-03-12_01h06.14.197,Symbol-E,2020.1.3,Win32,Firefox,Mozilla/5.0 (Windows NT 10.0; Win64; x64; rv:123.0) Gecko/20100101 Firefox/123.0,60,,,,,,,,,,,,,,,,,,,,,,,,,,,,,,,,,,,,,,media/dfnb.png,3,3,Symb,f,RT,0,0,0,1,8,0,88,0,1,2,99,f,0.518,3,1,f,1,0.518,88,0,88,0,1,,,,,,,,,,,,,
,,,,,,,,,,,,,,,,,326,2,2024-03-12_01h06.14.197,Symbol-E,2020.1.3,Win32,Firefox,Mozilla/5.0 (Windows NT 10.0; Win64; x64; rv:123.0) Gecko/20100101 Firefox/123.0,60,,,,,,,,,,,,,,,,,,,,,,,,,,,,,,,,,,,,,,media/djnb.png,4,0,Symb,h,RT,0,0,0,1,8,0,89,0,1,2,99,h,0.583,4,1,h,1,0.583,89,0,89,0,1,,,,,,,,,,,,,
,,,,,,,,,,,,,,,,,326,2,2024-03-12_01h06.14.197,Symbol-E,2020.1.3,Win32,Firefox,Mozilla/5.0 (Windows NT 10.0; Win64; x64; rv:123.0) Gecko/20100101 Firefox/123.0,60,,,,,,,,,,,,,,,,,,,,,,,,,,,,,,,,,,,,,,media/dinb.png,6,2,Symb,i,RT,0,0,0,1,8,0,90,0,1,2,99,i,0.533,6,1,i,1,0.533,90,0,90,0,1,,,,,,,,,,,,,
,,,,,,,,,,,,,,,,,326,2,2024-03-12_01h06.14.197,Symbol-E,2020.1.3,Win32,Firefox,Mozilla/5.0 (Windows NT 10.0; Win64; x64; rv:123.0) Gecko/20100101 Firefox/123.0,60,,,,,,,,,,,,,,,,,,,,,,,,,,,,,,,,,,,,,,media/dinb.png,6,2,Symb,i,RT,0,0,0,1,8,0,91,0,1,2,99,i,0.435,6,1,i,1,0.435,91,0,91,0,1,,,,,,,,,,,,,
,,,,,,,,,,,,,,,,,326,2,2024-03-12_01h06.14.197,Symbol-E,2020.1.3,Win32,Firefox,Mozilla/5.0 (Windows NT 10.0; Win64; x64; rv:123.0) Gecko/20100101 Firefox/123.0,60,,,,,,,,,,,,,,,,,,,,,,,,,,,,,,,,,,,,,,media/dcnb.png,2,2,Symb,e,RT,0,0,0,1,8,0,92,0,1,2,99,e,0.6,2,1,e,1,0.6,92,0,92,0,1,,,,,,,,,,,,,
,,,,,,,,,,,,,,,,,326,2,2024-03-12_01h06.14.197,Symbol-E,2020.1.3,Win32,Firefox,Mozilla/5.0 (Windows NT 10.0; Win64; x64; rv:123.0) Gecko/20100101 Firefox/123.0,60,,,,,,,,,,,,,,,,,,,,,,,,,,,,,,,,,,,,,,media/dnnb.png,5,1,Symb,u,RT,0,0,0,1,8,0,93,0,1,2,99,u,0.586,5,1,u,1,0.586,93,0,93,0,1,,,,,,,,,,,,,
,,,,,,,,,,,,,,,,,326,2,2024-03-12_01h06.14.197,Symbol-E,2020.1.3,Win32,Firefox,Mozilla/5.0 (Windows NT 10.0; Win64; x64; rv:123.0) Gecko/20100101 Firefox/123.0,60,,,,,,,,,,,,,,,,,,,,,,,,,,,,,,,,,,,,,,media/ddnb.png,7,3,Symb,l,RT,0,0,0,1,8,0,94,0,1,2,99,l,0.55,7,1,l,1,0.55,94,0,94,0,1,,,,,,,,,,,,,
,,,,,,,,,,,,,,,,,326,2,2024-03-12_01h06.14.197,Symbol-E,2020.1.3,Win32,Firefox,Mozilla/5.0 (Windows NT 10.0; Win64; x64; rv:123.0) Gecko/20100101 Firefox/123.0,60,,,,,,,,,,,,,,,,,,,,,,,,,,,,,,,,,,,,,,media/dcnb.png,2,2,Symb,e,RT,0,0,0,1,8,0,95,0,1,2,99,e,0.619,2,1,e,1,0.619,95,0,95,0,1,,,,,,,,,,,,,
,,,,,,,,,,,,,,,,,326,2,2024-03-12_01h06.14.197,Symbol-E,2020.1.3,Win32,Firefox,Mozilla/5.0 (Windows NT 10.0; Win64; x64; rv:123.0) Gecko/20100101 Firefox/123.0,60,,,,,,,,,,,,,,,,,,,,,,,,,,,,,,,,,,,,,,,,,,,,,,,,,,,,,,,,,,,,,,,,,,,1,0,1,0,1,,,,,,,,
,,,,,,,,,,,,,,,,,326,2,2024-03-12_01h06.14.197,Symbol-E,2020.1.3,Win32,Firefox,Mozilla/5.0 (Windows NT 10.0; Win64; x64; rv:123.0) Gecko/20100101 Firefox/123.0,60,,,,,,,,,,,,,,,,,,,,,,,,,,,,,,,,,,,,i,1.4,media/ddnb.png,7,3,Symb,l,RT,0,0,0,1,8,0,0,0,1,3,99,l,0.567,7,1,l,1,0.567,0,0,0,0,1,,,,,,,,,,,,,
,,,,,,,,,,,,,,,,,326,2,2024-03-12_01h06.14.197,Symbol-E,2020.1.3,Win32,Firefox,Mozilla/5.0 (Windows NT 10.0; Win64; x64; rv:123.0) Gecko/20100101 Firefox/123.0,60,,,,,,,,,,,,,,,,,,,,,,,,,,,,,,,,,,,,,,media/dcnb.png,2,2,Symb,e,RT,0,0,0,1,8,0,1,0,1,3,99,e,0.918,2,1,e,1,0.918,1,0,1,0,1,,,,,,,,,,,,,
,,,,,,,,,,,,,,,,,326,2,2024-03-12_01h06.14.197,Symbol-E,2020.1.3,Win32,Firefox,Mozilla/5.0 (Windows NT 10.0; Win64; x64; rv:123.0) Gecko/20100101 Firefox/123.0,60,,,,,,,,,,,,,,,,,,,,,,,,,,,,,,,,,,,,,,media/djnb.png,4,0,Symb,h,RT,0,0,0,1,8,0,2,0,1,3,99,h,0.55,4,1,h,1,0.55,2,0,2,0,1,,,,,,,,,,,,,
,,,,,,,,,,,,,,,,,326,2,2024-03-12_01h06.14.197,Symbol-E,2020.1.3,Win32,Firefox,Mozilla/5.0 (Windows NT 10.0; Win64; x64; rv:123.0) Gecko/20100101 Firefox/123.0,60,,,,,,,,,,,,,,,,,,,,,,,,,,,,,,,,,,,,,,media/dfnb.png,3,3,Symb,f,RT,0,0,0,1,8,0,3,0,1,3,99,f,0.567,3,1,f,1,0.567,3,0,3,0,1,,,,,,,,,,,,,
,,,,,,,,,,,,,,,,,326,2,2024-03-12_01h06.14.197,Symbol-E,2020.1.3,Win32,Firefox,Mozilla/5.0 (Windows NT 10.0; Win64; x64; rv:123.0) Gecko/20100101 Firefox/123.0,60,,,,,,,,,,,,,,,,,,,,,,,,,,,,,,,,,,,,,,media/dnnb.png,5,1,Symb,u,RT,0,0,0,1,8,0,4,0,1,3,99,u,0.567,5,1,u,1,0.567,4,0,4,0,1,,,,,,,,,,,,,
,,,,,,,,,,,,,,,,,326,2,2024-03-12_01h06.14.197,Symbol-E,2020.1.3,Win32,Firefox,Mozilla/5.0 (Windows NT 10.0; Win64; x64; rv:123.0) Gecko/20100101 Firefox/123.0,60,,,,,,,,,,,,,,,,,,,,,,,,,,,,,,,,,,,,,,media/ddnb.png,7,3,Symb,l,RT,0,0,0,1,8,0,5,0,1,3,99,l,0.55,7,1,l,1,0.55,5,0,5,0,1,,,,,,,,,,,,,
,,,,,,,,,,,,,,,,,326,2,2024-03-12_01h06.14.197,Symbol-E,2020.1.3,Win32,Firefox,Mozilla/5.0 (Windows NT 10.0; Win64; x64; rv:123.0) Gecko/20100101 Firefox/123.0,60,,,,,,,,,,,,,,,,,,,,,,,,,,,,,,,,,,,,,,media/djnb.png,4,0,Symb,h,RT,0,0,0,1,8,0,6,0,1,3,99,h,0.584,4,1,h,1,0.584,6,0,6,0,1,,,,,,,,,,,,,
,,,,,,,,,,,,,,,,,326,2,2024-03-12_01h06.14.197,Symbol-E,2020.1.3,Win32,Firefox,Mozilla/5.0 (Windows NT 10.0; Win64; x64; rv:123.0) Gecko/20100101 Firefox/123.0,60,,,,,,,,,,,,,,,,,,,,,,,,,,,,,,,,,,,,,,media/dgnb.png,0,0,Symb,a,RT,0,0,0,1,8,0,7,0,1,3,99,a,0.518,0,1,a,1,0.518,7,0,7,0,1,,,,,,,,,,,,,
,,,,,,,,,,,,,,,,,326,2,2024-03-12_01h06.14.197,Symbol-E,2020.1.3,Win32,Firefox,Mozilla/5.0 (Windows NT 10.0; Win64; x64; rv:123.0) Gecko/20100101 Firefox/123.0,60,,,,,,,,,,,,,,,,,,,,,,,,,,,,,,,,,,,,,,media/dinb.png,6,2,Symb,i,RT,0,0,0,1,8,0,8,0,1,3,99,i,0.551,6,1,i,1,0.551,8,0,8,0,1,,,,,,,,,,,,,
,,,,,,,,,,,,,,,,,326,2,2024-03-12_01h06.14.197,Symbol-E,2020.1.3,Win32,Firefox,Mozilla/5.0 (Windows NT 10.0; Win64; x64; rv:123.0) Gecko/20100101 Firefox/123.0,60,,,,,,,,,,,,,,,,,,,,,,,,,,,,,,,,,,,,,,media/dmnb.png,1,1,Symb,w,RT,0,0,0,1,8,0,9,0,1,3,99,w,0.569,1,1,w,1,0.569,9,0,9,0,1,,,,,,,,,,,,,
,,,,,,,,,,,,,,,,,326,2,2024-03-12_01h06.14.197,Symbol-E,2020.1.3,Win32,Firefox,Mozilla/5.0 (Windows NT 10.0; Win64; x64; rv:123.0) Gecko/20100101 Firefox/123.0,60,,,,,,,,,,,,,,,,,,,,,,,,,,,,,,,,,,,,,,media/dcnb.png,2,2,Symb,e,RT,0,0,0,1,8,0,10,0,1,3,99,e,0.582,2,1,e,1,0.582,10,0,10,0,1,,,,,,,,,,,,,
,,,,,,,,,,,,,,,,,326,2,2024-03-12_01h06.14.197,Symbol-E,2020.1.3,Win32,Firefox,Mozilla/5.0 (Windows NT 10.0; Win64; x64; rv:123.0) Gecko/20100101 Firefox/123.0,60,,,,,,,,,,,,,,,,,,,,,,,,,,,,,,,,,,,,,,media/dgnb.png,0,0,Symb,a,RT,0,0,0,1,8,0,11,0,1,3,99,a,0.534,0,1,a,1,0.534,11,0,11,0,1,,,,,,,,,,,,,
,,,,,,,,,,,,,,,,,326,2,2024-03-12_01h06.14.197,Symbol-E,2020.1.3,Win32,Firefox,Mozilla/5.0 (Windows NT 10.0; Win64; x64; rv:123.0) Gecko/20100101 Firefox/123.0,60,,,,,,,,,,,,,,,,,,,,,,,,,,,,,,,,,,,,,,media/dnnb.png,5,1,Symb,u,RT,0,0,0,1,8,0,12,0,1,3,99,u,0.549,5,1,u,1,0.549,12,0,12,0,1,,,,,,,,,,,,,
,,,,,,,,,,,,,,,,,326,2,2024-03-12_01h06.14.197,Symbol-E,2020.1.3,Win32,Firefox,Mozilla/5.0 (Windows NT 10.0; Win64; x64; rv:123.0) Gecko/20100101 Firefox/123.0,60,,,,,,,,,,,,,,,,,,,,,,,,,,,,,,,,,,,,,,media/dfnb.png,3,3,Symb,f,RT,0,0,0,1,8,0,13,0,1,3,99,f,0.517,3,1,f,1,0.517,13,0,13,0,1,,,,,,,,,,,,,
,,,,,,,,,,,,,,,,,326,2,2024-03-12_01h06.14.197,Symbol-E,2020.1.3,Win32,Firefox,Mozilla/5.0 (Windows NT 10.0; Win64; x64; rv:123.0) Gecko/20100101 Firefox/123.0,60,,,,,,,,,,,,,,,,,,,,,,,,,,,,,,,,,,,,,,media/dinb.png,6,2,Symb,i,RT,0,0,0,1,8,0,14,0,1,3,99,i,0.469,6,1,i,1,0.469,14,0,14,0,1,,,,,,,,,,,,,
,,,,,,,,,,,,,,,,,326,2,2024-03-12_01h06.14.197,Symbol-E,2020.1.3,Win32,Firefox,Mozilla/5.0 (Windows NT 10.0; Win64; x64; rv:123.0) Gecko/20100101 Firefox/123.0,60,,,,,,,,,,,,,,,,,,,,,,,,,,,,,,,,,,,,,,media/dmnb.png,1,1,Symb,w,RT,0,0,0,1,8,0,15,0,1,3,99,w,0.55,1,1,w,1,0.55,15,0,15,0,1,,,,,,,,,,,,,
,,,,,,,,,,,,,,,,,326,2,2024-03-12_01h06.14.197,Symbol-E,2020.1.3,Win32,Firefox,Mozilla/5.0 (Windows NT 10.0; Win64; x64; rv:123.0) Gecko/20100101 Firefox/123.0,60,,,,,,,,,,,,,,,,,,,,,,,,,,,,,,,,,,,,,,media/dmnb.png,1,1,Symb,w,RT,0,0,0,1,8,0,16,0,1,3,99,w,0.483,1,1,w,1,0.483,16,0,16,0,1,,,,,,,,,,,,,
,,,,,,,,,,,,,,,,,326,2,2024-03-12_01h06.14.197,Symbol-E,2020.1.3,Win32,Firefox,Mozilla/5.0 (Windows NT 10.0; Win64; x64; rv:123.0) Gecko/20100101 Firefox/123.0,60,,,,,,,,,,,,,,,,,,,,,,,,,,,,,,,,,,,,,,media/dmnb.png,1,1,Symb,w,RT,0,0,0,1,8,0,17,0,1,3,99,w,0.381,1,1,w,1,0.381,17,0,17,0,1,,,,,,,,,,,,,
,,,,,,,,,,,,,,,,,326,2,2024-03-12_01h06.14.197,Symbol-E,2020.1.3,Win32,Firefox,Mozilla/5.0 (Windows NT 10.0; Win64; x64; rv:123.0) Gecko/20100101 Firefox/123.0,60,,,,,,,,,,,,,,,,,,,,,,,,,,,,,,,,,,,,,,media/dgnb.png,0,0,Symb,a,RT,0,0,0,1,8,0,18,0,1,3,99,a,0.583,0,1,a,1,0.583,18,0,18,0,1,,,,,,,,,,,,,
,,,,,,,,,,,,,,,,,326,2,2024-03-12_01h06.14.197,Symbol-E,2020.1.3,Win32,Firefox,Mozilla/5.0 (Windows NT 10.0; Win64; x64; rv:123.0) Gecko/20100101 Firefox/123.0,60,,,,,,,,,,,,,,,,,,,,,,,,,,,,,,,,,,,,,,media/dfnb.png,3,3,Symb,f,RT,0,0,0,1,8,0,19,0,1,3,99,f,0.516,3,1,f,1,0.516,19,0,19,0,1,,,,,,,,,,,,,
,,,,,,,,,,,,,,,,,326,2,2024-03-12_01h06.14.197,Symbol-E,2020.1.3,Win32,Firefox,Mozilla/5.0 (Windows NT 10.0; Win64; x64; rv:123.0) Gecko/20100101 Firefox/123.0,60,,,,,,,,,,,,,,,,,,,,,,,,,,,,,,,,,,,,,,media/dgnb.png,0,0,Symb,a,RT,0,0,0,1,8,0,20,0,1,3,99,w,0.554,1,0,w,0,0.554,20,0,20,0,1,,,,,,,,,,,,,
,,,,,,,,,,,,,,,,,326,2,2024-03-12_01h06.14.197,Symbol-E,2020.1.3,Win32,Firefox,Mozilla/5.0 (Windows NT 10.0; Win64; x64; rv:123.0) Gecko/20100101 Firefox/123.0,60,,,,,,,,,,,,,,,,,,,,,,,,,,,,,,,,,,,,,,media/dnnb.png,5,1,Symb,u,RT,0,0,0,1,8,0,21,0,1,3,99,u,0.529,5,1,u,1,0.529,21,0,21,0,1,,,,,,,,,,,,,
,,,,,,,,,,,,,,,,,326,2,2024-03-12_01h06.14.197,Symbol-E,2020.1.3,Win32,Firefox,Mozilla/5.0 (Windows NT 10.0; Win64; x64; rv:123.0) Gecko/20100101 Firefox/123.0,60,,,,,,,,,,,,,,,,,,,,,,,,,,,,,,,,,,,,,,media/dnnb.png,5,1,Symb,u,RT,0,0,0,1,8,0,22,0,1,3,99,u,0.466,5,1,u,1,0.466,22,0,22,0,1,,,,,,,,,,,,,
,,,,,,,,,,,,,,,,,326,2,2024-03-12_01h06.14.197,Symbol-E,2020.1.3,Win32,Firefox,Mozilla/5.0 (Windows NT 10.0; Win64; x64; rv:123.0) Gecko/20100101 Firefox/123.0,60,,,,,,,,,,,,,,,,,,,,,,,,,,,,,,,,,,,,,,media/djnb.png,4,0,Symb,h,RT,0,0,0,1,8,0,23,0,1,3,99,h,0.516,4,1,h,1,0.516,23,0,23,0,1,,,,,,,,,,,,,
,,,,,,,,,,,,,,,,,326,2,2024-03-12_01h06.14.197,Symbol-E,2020.1.3,Win32,Firefox,Mozilla/5.0 (Windows NT 10.0; Win64; x64; rv:123.0) Gecko/20100101 Firefox/123.0,60,,,,,,,,,,,,,,,,,,,,,,,,,,,,,,,,,,,,,,media/dinb.png,6,2,Symb,i,RT,0,0,0,1,8,0,24,0,1,3,99,i,0.465,6,1,i,1,0.465,24,0,24,0,1,,,,,,,,,,,,,
,,,,,,,,,,,,,,,,,326,2,2024-03-12_01h06.14.197,Symbol-E,2020.1.3,Win32,Firefox,Mozilla/5.0 (Windows NT 10.0; Win64; x64; rv:123.0) Gecko/20100101 Firefox/123.0,60,,,,,,,,,,,,,,,,,,,,,,,,,,,,,,,,,,,,,,media/dinb.png,6,2,Symb,i,RT,0,0,0,1,8,0,25,0,1,3,99,i,0.432,6,1,i,1,0.432,25,0,25,0,1,,,,,,,,,,,,,
,,,,,,,,,,,,,,,,,326,2,2024-03-12_01h06.14.197,Symbol-E,2020.1.3,Win32,Firefox,Mozilla/5.0 (Windows NT 10.0; Win64; x64; rv:123.0) Gecko/20100101 Firefox/123.0,60,,,,,,,,,,,,,,,,,,,,,,,,,,,,,,,,,,,,,,media/ddnb.png,7,3,Symb,l,RT,0,0,0,1,8,0,26,0,1,3,99,l,0.585,7,1,l,1,0.585,26,0,26,0,1,,,,,,,,,,,,,
,,,,,,,,,,,,,,,,,326,2,2024-03-12_01h06.14.197,Symbol-E,2020.1.3,Win32,Firefox,Mozilla/5.0 (Windows NT 10.0; Win64; x64; rv:123.0) Gecko/20100101 Firefox/123.0,60,,,,,,,,,,,,,,,,,,,,,,,,,,,,,,,,,,,,,,media/dfnb.png,3,3,Symb,f,RT,0,0,0,1,8,0,27,0,1,3,99,f,0.551,3,1,f,1,0.551,27,0,27,0,1,,,,,,,,,,,,,
,,,,,,,,,,,,,,,,,326,2,2024-03-12_01h06.14.197,Symbol-E,2020.1.3,Win32,Firefox,Mozilla/5.0 (Windows NT 10.0; Win64; x64; rv:123.0) Gecko/20100101 Firefox/123.0,60,,,,,,,,,,,,,,,,,,,,,,,,,,,,,,,,,,,,,,media/dcnb.png,2,2,Symb,e,RT,0,0,0,1,8,0,28,0,1,3,99,e,0.584,2,1,e,1,0.584,28,0,28,0,1,,,,,,,,,,,,,
,,,,,,,,,,,,,,,,,326,2,2024-03-12_01h06.14.197,Symbol-E,2020.1.3,Win32,Firefox,Mozilla/5.0 (Windows NT 10.0; Win64; x64; rv:123.0) Gecko/20100101 Firefox/123.0,60,,,,,,,,,,,,,,,,,,,,,,,,,,,,,,,,,,,,,,media/ddnb.png,7,3,Symb,l,RT,0,0,0,1,8,0,29,0,1,3,99,l,0.55,7,1,l,1,0.55,29,0,29,0,1,,,,,,,,,,,,,
,,,,,,,,,,,,,,,,,326,2,2024-03-12_01h06.14.197,Symbol-E,2020.1.3,Win32,Firefox,Mozilla/5.0 (Windows NT 10.0; Win64; x64; rv:123.0) Gecko/20100101 Firefox/123.0,60,,,,,,,,,,,,,,,,,,,,,,,,,,,,,,,,,,,,,,media/djnb.png,4,0,Symb,h,RT,0,0,0,1,8,0,30,0,1,3,99,h,0.568,4,1,h,1,0.568,30,0,30,0,1,,,,,,,,,,,,,
,,,,,,,,,,,,,,,,,326,2,2024-03-12_01h06.14.197,Symbol-E,2020.1.3,Win32,Firefox,Mozilla/5.0 (Windows NT 10.0; Win64; x64; rv:123.0) Gecko/20100101 Firefox/123.0,60,,,,,,,,,,,,,,,,,,,,,,,,,,,,,,,,,,,,,,media/dcnb.png,2,2,Symb,e,RT,0,0,0,1,8,0,31,0,1,3,99,e,0.6,2,1,e,1,0.6,31,0,31,0,1,,,,,,,,,,,,,
,,,,,,,,,,,,,,,,,326,2,2024-03-12_01h06.14.197,Symbol-E,2020.1.3,Win32,Firefox,Mozilla/5.0 (Windows NT 10.0; Win64; x64; rv:123.0) Gecko/20100101 Firefox/123.0,60,,,,,,,,,,,,,,,,,,,,,,,,,,,,,,,,,,,,,,media/dcnb.png,2,2,Symb,e,RT,0,0,0,1,8,0,32,0,1,3,99,e,0.452,2,1,e,1,0.452,32,0,32,0,1,,,,,,,,,,,,,
,,,,,,,,,,,,,,,,,326,2,2024-03-12_01h06.14.197,Symbol-E,2020.1.3,Win32,Firefox,Mozilla/5.0 (Windows NT 10.0; Win64; x64; rv:123.0) Gecko/20100101 Firefox/123.0,60,,,,,,,,,,,,,,,,,,,,,,,,,,,,,,,,,,,,,,media/dgnb.png,0,0,Symb,a,RT,0,0,0,1,8,0,33,0,1,3,99,a,0.581,0,1,a,1,0.581,33,0,33,0,1,,,,,,,,,,,,,
,,,,,,,,,,,,,,,,,326,2,2024-03-12_01h06.14.197,Symbol-E,2020.1.3,Win32,Firefox,Mozilla/5.0 (Windows NT 10.0; Win64; x64; rv:123.0) Gecko/20100101 Firefox/123.0,60,,,,,,,,,,,,,,,,,,,,,,,,,,,,,,,,,,,,,,media/dcnb.png,2,2,Symb,e,RT,0,0,0,1,8,0,34,0,1,3,99,e,0.569,2,1,e,1,0.569,34,0,34,0,1,,,,,,,,,,,,,
,,,,,,,,,,,,,,,,,326,2,2024-03-12_01h06.14.197,Symbol-E,2020.1.3,Win32,Firefox,Mozilla/5.0 (Windows NT 10.0; Win64; x64; rv:123.0) Gecko/20100101 Firefox/123.0,60,,,,,,,,,,,,,,,,,,,,,,,,,,,,,,,,,,,,,,media/dinb.png,6,2,Symb,i,RT,0,0,0,1,8,0,35,0,1,3,99,i,0.597,6,1,i,1,0.597,35,0,35,0,1,,,,,,,,,,,,,
,,,,,,,,,,,,,,,,,326,2,2024-03-12_01h06.14.197,Symbol-E,2020.1.3,Win32,Firefox,Mozilla/5.0 (Windows NT 10.0; Win64; x64; rv:123.0) Gecko/20100101 Firefox/123.0,60,,,,,,,,,,,,,,,,,,,,,,,,,,,,,,,,,,,,,,media/dnnb.png,5,1,Symb,u,RT,0,0,0,1,8,0,36,0,1,3,99,u,0.566,5,1,u,1,0.566,36,0,36,0,1,,,,,,,,,,,,,
,,,,,,,,,,,,,,,,,326,2,2024-03-12_01h06.14.197,Symbol-E,2020.1.3,Win32,Firefox,Mozilla/5.0 (Windows NT 10.0; Win64; x64; rv:123.0) Gecko/20100101 Firefox/123.0,60,,,,,,,,,,,,,,,,,,,,,,,,,,,,,,,,,,,,,,media/dfnb.png,3,3,Symb,f,RT,0,0,0,1,8,0,37,0,1,3,99,f,0.767,3,1,f,1,0.767,37,0,37,0,1,,,,,,,,,,,,,
,,,,,,,,,,,,,,,,,326,2,2024-03-12_01h06.14.197,Symbol-E,2020.1.3,Win32,Firefox,Mozilla/5.0 (Windows NT 10.0; Win64; x64; rv:123.0) Gecko/20100101 Firefox/123.0,60,,,,,,,,,,,,,,,,,,,,,,,,,,,,,,,,,,,,,,media/dnnb.png,5,1,Symb,u,RT,0,0,0,1,8,0,38,0,1,3,99,u,0.667,5,1,u,1,0.667,38,0,38,0,1,,,,,,,,,,,,,
,,,,,,,,,,,,,,,,,326,2,2024-03-12_01h06.14.197,Symbol-E,2020.1.3,Win32,Firefox,Mozilla/5.0 (Windows NT 10.0; Win64; x64; rv:123.0) Gecko/20100101 Firefox/123.0,60,,,,,,,,,,,,,,,,,,,,,,,,,,,,,,,,,,,,,,media/ddnb.png,7,3,Symb,l,RT,0,0,0,1,8,0,39,0,1,3,99,l,0.568,7,1,l,1,0.568,39,0,39,0,1,,,,,,,,,,,,,
,,,,,,,,,,,,,,,,,326,2,2024-03-12_01h06.14.197,Symbol-E,2020.1.3,Win32,Firefox,Mozilla/5.0 (Windows NT 10.0; Win64; x64; rv:123.0) Gecko/20100101 Firefox/123.0,60,,,,,,,,,,,,,,,,,,,,,,,,,,,,,,,,,,,,,,media/djnb.png,4,0,Symb,h,RT,0,0,0,1,8,0,40,0,1,3,99,h,0.599,4,1,h,1,0.599,40,0,40,0,1,,,,,,,,,,,,,
,,,,,,,,,,,,,,,,,326,2,2024-03-12_01h06.14.197,Symbol-E,2020.1.3,Win32,Firefox,Mozilla/5.0 (Windows NT 10.0; Win64; x64; rv:123.0) Gecko/20100101 Firefox/123.0,60,,,,,,,,,,,,,,,,,,,,,,,,,,,,,,,,,,,,,,media/ddnb.png,7,3,Symb,l,RT,0,0,0,1,8,0,41,0,1,3,99,l,0.618,7,1,l,1,0.618,41,0,41,0,1,,,,,,,,,,,,,
,,,,,,,,,,,,,,,,,326,2,2024-03-12_01h06.14.197,Symbol-E,2020.1.3,Win32,Firefox,Mozilla/5.0 (Windows NT 10.0; Win64; x64; rv:123.0) Gecko/20100101 Firefox/123.0,60,,,,,,,,,,,,,,,,,,,,,,,,,,,,,,,,,,,,,,media/djnb.png,4,0,Symb,h,RT,0,0,0,1,8,0,42,0,1,3,99,h,0.566,4,1,h,1,0.566,42,0,42,0,1,,,,,,,,,,,,,
,,,,,,,,,,,,,,,,,326,2,2024-03-12_01h06.14.197,Symbol-E,2020.1.3,Win32,Firefox,Mozilla/5.0 (Windows NT 10.0; Win64; x64; rv:123.0) Gecko/20100101 Firefox/123.0,60,,,,,,,,,,,,,,,,,,,,,,,,,,,,,,,,,,,,,,media/dfnb.png,3,3,Symb,f,RT,0,0,0,1,8,0,43,0,1,3,99,f,0.568,3,1,f,1,0.568,43,0,43,0,1,,,,,,,,,,,,,
,,,,,,,,,,,,,,,,,326,2,2024-03-12_01h06.14.197,Symbol-E,2020.1.3,Win32,Firefox,Mozilla/5.0 (Windows NT 10.0; Win64; x64; rv:123.0) Gecko/20100101 Firefox/123.0,60,,,,,,,,,,,,,,,,,,,,,,,,,,,,,,,,,,,,,,media/dgnb.png,0,0,Symb,a,RT,0,0,0,1,8,0,44,0,1,3,99,a,1.016,0,1,a,1,1.016,44,0,44,0,1,,,,,,,,,,,,,
,,,,,,,,,,,,,,,,,326,2,2024-03-12_01h06.14.197,Symbol-E,2020.1.3,Win32,Firefox,Mozilla/5.0 (Windows NT 10.0; Win64; x64; rv:123.0) Gecko/20100101 Firefox/123.0,60,,,,,,,,,,,,,,,,,,,,,,,,,,,,,,,,,,,,,,media/dmnb.png,1,1,Symb,w,RT,0,0,0,1,8,0,45,0,1,3,99,w,0.399,1,1,w,1,0.399,45,0,45,0,1,,,,,,,,,,,,,
,,,,,,,,,,,,,,,,,326,2,2024-03-12_01h06.14.197,Symbol-E,2020.1.3,Win32,Firefox,Mozilla/5.0 (Windows NT 10.0; Win64; x64; rv:123.0) Gecko/20100101 Firefox/123.0,60,,,,,,,,,,,,,,,,,,,,,,,,,,,,,,,,,,,,,,media/dinb.png,6,2,Symb,i,RT,0,0,0,1,8,0,46,0,1,3,99,i,0.566,6,1,i,1,0.566,46,0,46,0,1,,,,,,,,,,,,,
,,,,,,,,,,,,,,,,,326,2,2024-03-12_01h06.14.197,Symbol-E,2020.1.3,Win32,Firefox,Mozilla/5.0 (Windows NT 10.0; Win64; x64; rv:123.0) Gecko/20100101 Firefox/123.0,60,,,,,,,,,,,,,,,,,,,,,,,,,,,,,,,,,,,,,,media/dmnb.png,1,1,Symb,w,RT,0,0,0,1,8,0,47,0,1,3,99,w,0.434,1,1,w,1,0.434,47,0,47,0,1,,,,,,,,,,,,,
,,,,,,,,,,,,,,,,,326,2,2024-03-12_01h06.14.197,Symbol-E,2020.1.3,Win32,Firefox,Mozilla/5.0 (Windows NT 10.0; Win64; x64; rv:123.0) Gecko/20100101 Firefox/123.0,60,,,,,,,,,,,,,,,,,,,,,,,,,,,,,,,,,,,,,,media/ddnb.png,7,3,Symb,l,RT,0,0,0,1,8,0,48,0,1,3,99,l,0.617,7,1,l,1,0.617,48,0,48,0,1,,,,,,,,,,,,,
,,,,,,,,,,,,,,,,,326,2,2024-03-12_01h06.14.197,Symbol-E,2020.1.3,Win32,Firefox,Mozilla/5.0 (Windows NT 10.0; Win64; x64; rv:123.0) Gecko/20100101 Firefox/123.0,60,,,,,,,,,,,,,,,,,,,,,,,,,,,,,,,,,,,,,,media/dinb.png,6,2,Symb,i,RT,0,0,0,1,8,0,49,0,1,3,99,i,0.534,6,1,i,1,0.534,49,0,49,0,1,,,,,,,,,,,,,
,,,,,,,,,,,,,,,,,326,2,2024-03-12_01h06.14.197,Symbol-E,2020.1.3,Win32,Firefox,Mozilla/5.0 (Windows NT 10.0; Win64; x64; rv:123.0) Gecko/20100101 Firefox/123.0,60,,,,,,,,,,,,,,,,,,,,,,,,,,,,,,,,,,,,,,media/dfnb.png,3,3,Symb,f,RT,0,0,0,1,8,0,50,0,1,3,99,f,0.601,3,1,f,1,0.601,50,0,50,0,1,,,,,,,,,,,,,
,,,,,,,,,,,,,,,,,326,2,2024-03-12_01h06.14.197,Symbol-E,2020.1.3,Win32,Firefox,Mozilla/5.0 (Windows NT 10.0; Win64; x64; rv:123.0) Gecko/20100101 Firefox/123.0,60,,,,,,,,,,,,,,,,,,,,,,,,,,,,,,,,,,,,,,media/ddnb.png,7,3,Symb,l,RT,0,0,0,1,8,0,51,0,1,3,99,l,0.768,7,1,l,1,0.768,51,0,51,0,1,,,,,,,,,,,,,
,,,,,,,,,,,,,,,,,326,2,2024-03-12_01h06.14.197,Symbol-E,2020.1.3,Win32,Firefox,Mozilla/5.0 (Windows NT 10.0; Win64; x64; rv:123.0) Gecko/20100101 Firefox/123.0,60,,,,,,,,,,,,,,,,,,,,,,,,,,,,,,,,,,,,,,media/dnnb.png,5,1,Symb,u,RT,0,0,0,1,8,0,52,0,1,3,99,u,0.602,5,1,u,1,0.602,52,0,52,0,1,,,,,,,,,,,,,
,,,,,,,,,,,,,,,,,326,2,2024-03-12_01h06.14.197,Symbol-E,2020.1.3,Win32,Firefox,Mozilla/5.0 (Windows NT 10.0; Win64; x64; rv:123.0) Gecko/20100101 Firefox/123.0,60,,,,,,,,,,,,,,,,,,,,,,,,,,,,,,,,,,,,,,media/dinb.png,6,2,Symb,i,RT,0,0,0,1,8,0,53,0,1,3,99,i,0.514,6,1,i,1,0.514,53,0,53,0,1,,,,,,,,,,,,,
,,,,,,,,,,,,,,,,,326,2,2024-03-12_01h06.14.197,Symbol-E,2020.1.3,Win32,Firefox,Mozilla/5.0 (Windows NT 10.0; Win64; x64; rv:123.0) Gecko/20100101 Firefox/123.0,60,,,,,,,,,,,,,,,,,,,,,,,,,,,,,,,,,,,,,,media/dgnb.png,0,0,Symb,a,RT,0,0,0,1,8,0,54,0,1,3,99,a,0.567,0,1,a,1,0.567,54,0,54,0,1,,,,,,,,,,,,,
,,,,,,,,,,,,,,,,,326,2,2024-03-12_01h06.14.197,Symbol-E,2020.1.3,Win32,Firefox,Mozilla/5.0 (Windows NT 10.0; Win64; x64; rv:123.0) Gecko/20100101 Firefox/123.0,60,,,,,,,,,,,,,,,,,,,,,,,,,,,,,,,,,,,,,,media/dnnb.png,5,1,Symb,u,RT,0,0,0,1,8,0,55,0,1,3,99,u,0.602,5,1,u,1,0.602,55,0,55,0,1,,,,,,,,,,,,,
,,,,,,,,,,,,,,,,,326,2,2024-03-12_01h06.14.197,Symbol-E,2020.1.3,Win32,Firefox,Mozilla/5.0 (Windows NT 10.0; Win64; x64; rv:123.0) Gecko/20100101 Firefox/123.0,60,,,,,,,,,,,,,,,,,,,,,,,,,,,,,,,,,,,,,,media/dmnb.png,1,1,Symb,w,RT,0,0,0,1,8,0,56,0,1,3,99,w,0.517,1,1,w,1,0.517,56,0,56,0,1,,,,,,,,,,,,,
,,,,,,,,,,,,,,,,,326,2,2024-03-12_01h06.14.197,Symbol-E,2020.1.3,Win32,Firefox,Mozilla/5.0 (Windows NT 10.0; Win64; x64; rv:123.0) Gecko/20100101 Firefox/123.0,60,,,,,,,,,,,,,,,,,,,,,,,,,,,,,,,,,,,,,,media/dcnb.png,2,2,Symb,e,RT,0,0,0,1,8,0,57,0,1,3,99,e,0.533,2,1,e,1,0.533,57,0,57,0,1,,,,,,,,,,,,,
,,,,,,,,,,,,,,,,,326,2,2024-03-12_01h06.14.197,Symbol-E,2020.1.3,Win32,Firefox,Mozilla/5.0 (Windows NT 10.0; Win64; x64; rv:123.0) Gecko/20100101 Firefox/123.0,60,,,,,,,,,,,,,,,,,,,,,,,,,,,,,,,,,,,,,,media/dgnb.png,0,0,Symb,a,RT,0,0,0,1,8,0,58,0,1,3,99,a,0.6,0,1,a,1,0.6,58,0,58,0,1,,,,,,,,,,,,,
,,,,,,,,,,,,,,,,,326,2,2024-03-12_01h06.14.197,Symbol-E,2020.1.3,Win32,Firefox,Mozilla/5.0 (Windows NT 10.0; Win64; x64; rv:123.0) Gecko/20100101 Firefox/123.0,60,,,,,,,,,,,,,,,,,,,,,,,,,,,,,,,,,,,,,,media/djnb.png,4,0,Symb,h,RT,0,0,0,1,8,0,59,0,1,3,99,h,0.55,4,1,h,1,0.55,59,0,59,0,1,,,,,,,,,,,,,
,,,,,,,,,,,,,,,,,326,2,2024-03-12_01h06.14.197,Symbol-E,2020.1.3,Win32,Firefox,Mozilla/5.0 (Windows NT 10.0; Win64; x64; rv:123.0) Gecko/20100101 Firefox/123.0,60,,,,,,,,,,,,,,,,,,,,,,,,,,,,,,,,,,,,,,media/dcnb.png,2,2,Symb,e,RT,0,0,0,1,8,0,60,0,1,3,99,e,0.649,2,1,e,1,0.649,60,0,60,0,1,,,,,,,,,,,,,
,,,,,,,,,,,,,,,,,326,2,2024-03-12_01h06.14.197,Symbol-E,2020.1.3,Win32,Firefox,Mozilla/5.0 (Windows NT 10.0; Win64; x64; rv:123.0) Gecko/20100101 Firefox/123.0,60,,,,,,,,,,,,,,,,,,,,,,,,,,,,,,,,,,,,,,media/dmnb.png,1,1,Symb,w,RT,0,0,0,1,8,0,61,0,1,3,99,w,0.483,1,1,w,1,0.483,61,0,61,0,1,,,,,,,,,,,,,
,,,,,,,,,,,,,,,,,326,2,2024-03-12_01h06.14.197,Symbol-E,2020.1.3,Win32,Firefox,Mozilla/5.0 (Windows NT 10.0; Win64; x64; rv:123.0) Gecko/20100101 Firefox/123.0,60,,,,,,,,,,,,,,,,,,,,,,,,,,,,,,,,,,,,,,media/djnb.png,4,0,Symb,h,RT,0,0,0,1,8,0,62,0,1,3,99,h,0.584,4,1,h,1,0.584,62,0,62,0,1,,,,,,,,,,,,,
,,,,,,,,,,,,,,,,,326,2,2024-03-12_01h06.14.197,Symbol-E,2020.1.3,Win32,Firefox,Mozilla/5.0 (Windows NT 10.0; Win64; x64; rv:123.0) Gecko/20100101 Firefox/123.0,60,,,,,,,,,,,,,,,,,,,,,,,,,,,,,,,,,,,,,,media/dfnb.png,3,3,Symb,f,RT,0,0,0,1,8,0,63,0,1,3,99,f,0.586,3,1,f,1,0.586,63,0,63,0,1,,,,,,,,,,,,,
,,,,,,,,,,,,,,,,,326,2,2024-03-12_01h06.14.197,Symbol-E,2020.1.3,Win32,Firefox,Mozilla/5.0 (Windows NT 10.0; Win64; x64; rv:123.0) Gecko/20100101 Firefox/123.0,60,,,,,,,,,,,,,,,,,,,,,,,,,,,,,,,,,,,,,,media/djnb.png,4,0,Symb,h,RT,0,0,0,1,8,0,64,0,1,3,99,h,0.918,4,1,h,1,0.918,64,0,64,0,1,,,,,,,,,,,,,
,,,,,,,,,,,,,,,,,326,2,2024-03-12_01h06.14.197,Symbol-E,2020.1.3,Win32,Firefox,Mozilla/5.0 (Windows NT 10.0; Win64; x64; rv:123.0) Gecko/20100101 Firefox/123.0,60,,,,,,,,,,,,,,,,,,,,,,,,,,,,,,,,,,,,,,media/dcnb.png,2,2,Symb,e,RT,0,0,0,1,8,0,65,0,1,3,99,e,0.569,2,1,e,1,0.569,65,0,65,0,1,,,,,,,,,,,,,
,,,,,,,,,,,,,,,,,326,2,2024-03-12_01h06.14.197,Symbol-E,2020.1.3,Win32,Firefox,Mozilla/5.0 (Windows NT 10.0; Win64; x64; rv:123.0) Gecko/20100101 Firefox/123.0,60,,,,,,,,,,,,,,,,,,,,,,,,,,,,,,,,,,,,,,media/dnnb.png,5,1,Symb,u,RT,0,0,0,1,8,0,66,0,1,3,99,u,0.534,5,1,u,1,0.534,66,0,66,0,1,,,,,,,,,,,,,
,,,,,,,,,,,,,,,,,326,2,2024-03-12_01h06.14.197,Symbol-E,2020.1.3,Win32,Firefox,Mozilla/5.0 (Windows NT 10.0; Win64; x64; rv:123.0) Gecko/20100101 Firefox/123.0,60,,,,,,,,,,,,,,,,,,,,,,,,,,,,,,,,,,,,,,media/ddnb.png,7,3,Symb,l,RT,0,0,0,1,8,0,67,0,1,3,99,l,0.533,7,1,l,1,0.533,67,0,67,0,1,,,,,,,,,,,,,
,,,,,,,,,,,,,,,,,326,2,2024-03-12_01h06.14.197,Symbol-E,2020.1.3,Win32,Firefox,Mozilla/5.0 (Windows NT 10.0; Win64; x64; rv:123.0) Gecko/20100101 Firefox/123.0,60,,,,,,,,,,,,,,,,,,,,,,,,,,,,,,,,,,,,,,media/djnb.png,4,0,Symb,h,RT,0,0,0,1,8,0,68,0,1,3,99,h,0.65,4,1,h,1,0.65,68,0,68,0,1,,,,,,,,,,,,,
,,,,,,,,,,,,,,,,,326,2,2024-03-12_01h06.14.197,Symbol-E,2020.1.3,Win32,Firefox,Mozilla/5.0 (Windows NT 10.0; Win64; x64; rv:123.0) Gecko/20100101 Firefox/123.0,60,,,,,,,,,,,,,,,,,,,,,,,,,,,,,,,,,,,,,,media/dinb.png,6,2,Symb,i,RT,0,0,0,1,8,0,69,0,1,3,99,i,0.535,6,1,i,1,0.535,69,0,69,0,1,,,,,,,,,,,,,
,,,,,,,,,,,,,,,,,326,2,2024-03-12_01h06.14.197,Symbol-E,2020.1.3,Win32,Firefox,Mozilla/5.0 (Windows NT 10.0; Win64; x64; rv:123.0) Gecko/20100101 Firefox/123.0,60,,,,,,,,,,,,,,,,,,,,,,,,,,,,,,,,,,,,,,media/dcnb.png,2,2,Symb,e,RT,0,0,0,1,8,0,70,0,1,3,99,e,0.8,2,1,e,1,0.8,70,0,70,0,1,,,,,,,,,,,,,
,,,,,,,,,,,,,,,,,326,2,2024-03-12_01h06.14.197,Symbol-E,2020.1.3,Win32,Firefox,Mozilla/5.0 (Windows NT 10.0; Win64; x64; rv:123.0) Gecko/20100101 Firefox/123.0,60,,,,,,,,,,,,,,,,,,,,,,,,,,,,,,,,,,,,,,media/dmnb.png,1,1,Symb,w,RT,0,0,0,1,8,0,71,0,1,3,99,w,0.565,1,1,w,1,0.565,71,0,71,0,1,,,,,,,,,,,,,
,,,,,,,,,,,,,,,,,326,2,2024-03-12_01h06.14.197,Symbol-E,2020.1.3,Win32,Firefox,Mozilla/5.0 (Windows NT 10.0; Win64; x64; rv:123.0) Gecko/20100101 Firefox/123.0,60,,,,,,,,,,,,,,,,,,,,,,,,,,,,,,,,,,,,,,media/ddnb.png,7,3,Symb,l,RT,0,0,0,1,8,0,72,0,1,3,99,l,0.619,7,1,l,1,0.619,72,0,72,0,1,,,,,,,,,,,,,
,,,,,,,,,,,,,,,,,326,2,2024-03-12_01h06.14.197,Symbol-E,2020.1.3,Win32,Firefox,Mozilla/5.0 (Windows NT 10.0; Win64; x64; rv:123.0) Gecko/20100101 Firefox/123.0,60,,,,,,,,,,,,,,,,,,,,,,,,,,,,,,,,,,,,,,media/dgnb.png,0,0,Symb,a,RT,0,0,0,1,8,0,73,0,1,3,99,a,0.567,0,1,a,1,0.567,73,0,73,0,1,,,,,,,,,,,,,
,,,,,,,,,,,,,,,,,326,2,2024-03-12_01h06.14.197,Symbol-E,2020.1.3,Win32,Firefox,Mozilla/5.0 (Windows NT 10.0; Win64; x64; rv:123.0) Gecko/20100101 Firefox/123.0,60,,,,,,,,,,,,,,,,,,,,,,,,,,,,,,,,,,,,,,media/dinb.png,6,2,Symb,i,RT,0,0,0,1,8,0,74,0,1,3,99,i,0.502,6,1,i,1,0.502,74,0,74,0,1,,,,,,,,,,,,,
,,,,,,,,,,,,,,,,,326,2,2024-03-12_01h06.14.197,Symbol-E,2020.1.3,Win32,Firefox,Mozilla/5.0 (Windows NT 10.0; Win64; x64; rv:123.0) Gecko/20100101 Firefox/123.0,60,,,,,,,,,,,,,,,,,,,,,,,,,,,,,,,,,,,,,,media/dnnb.png,5,1,Symb,u,RT,0,0,0,1,8,0,75,0,1,3,99,u,0.548,5,1,u,1,0.548,75,0,75,0,1,,,,,,,,,,,,,
,,,,,,,,,,,,,,,,,326,2,2024-03-12_01h06.14.197,Symbol-E,2020.1.3,Win32,Firefox,Mozilla/5.0 (Windows NT 10.0; Win64; x64; rv:123.0) Gecko/20100101 Firefox/123.0,60,,,,,,,,,,,,,,,,,,,,,,,,,,,,,,,,,,,,,,media/dgnb.png,0,0,Symb,a,RT,0,0,0,1,8,0,76,0,1,3,99,a,0.703,0,1,a,1,0.703,76,0,76,0,1,,,,,,,,,,,,,
,,,,,,,,,,,,,,,,,326,2,2024-03-12_01h06.14.197,Symbol-E,2020.1.3,Win32,Firefox,Mozilla/5.0 (Windows NT 10.0; Win64; x64; rv:123.0) Gecko/20100101 Firefox/123.0,60,,,,,,,,,,,,,,,,,,,,,,,,,,,,,,,,,,,,,,media/dfnb.png,3,3,Symb,f,RT,0,0,0,1,8,0,77,0,1,3,99,f,0.5,3,1,f,1,0.5,77,0,77,0,1,,,,,,,,,,,,,
,,,,,,,,,,,,,,,,,326,2,2024-03-12_01h06.14.197,Symbol-E,2020.1.3,Win32,Firefox,Mozilla/5.0 (Windows NT 10.0; Win64; x64; rv:123.0) Gecko/20100101 Firefox/123.0,60,,,,,,,,,,,,,,,,,,,,,,,,,,,,,,,,,,,,,,media/dfnb.png,3,3,Symb,f,RT,0,0,0,1,8,0,78,0,1,3,99,f,0.416,3,1,f,1,0.416,78,0,78,0,1,,,,,,,,,,,,,
,,,,,,,,,,,,,,,,,326,2,2024-03-12_01h06.14.197,Symbol-E,2020.1.3,Win32,Firefox,Mozilla/5.0 (Windows NT 10.0; Win64; x64; rv:123.0) Gecko/20100101 Firefox/123.0,60,,,,,,,,,,,,,,,,,,,,,,,,,,,,,,,,,,,,,,media/dmnb.png,1,1,Symb,w,RT,0,0,0,1,8,0,79,0,1,3,99,w,0.534,1,1,w,1,0.534,79,0,79,0,1,,,,,,,,,,,,,
,,,,,,,,,,,,,,,,,326,2,2024-03-12_01h06.14.197,Symbol-E,2020.1.3,Win32,Firefox,Mozilla/5.0 (Windows NT 10.0; Win64; x64; rv:123.0) Gecko/20100101 Firefox/123.0,60,,,,,,,,,,,,,,,,,,,,,,,,,,,,,,,,,,,,,,media/ddnb.png,7,3,Symb,l,RT,0,0,0,1,8,0,80,0,1,3,99,l,0.586,7,1,l,1,0.586,80,0,80,0,1,,,,,,,,,,,,,
,,,,,,,,,,,,,,,,,326,2,2024-03-12_01h06.14.197,Symbol-E,2020.1.3,Win32,Firefox,Mozilla/5.0 (Windows NT 10.0; Win64; x64; rv:123.0) Gecko/20100101 Firefox/123.0,60,,,,,,,,,,,,,,,,,,,,,,,,,,,,,,,,,,,,,,media/dmnb.png,1,1,Symb,w,RT,0,0,0,1,8,0,81,0,1,3,99,w,0.516,1,1,w,1,0.516,81,0,81,0,1,,,,,,,,,,,,,
,,,,,,,,,,,,,,,,,326,2,2024-03-12_01h06.14.197,Symbol-E,2020.1.3,Win32,Firefox,Mozilla/5.0 (Windows NT 10.0; Win64; x64; rv:123.0) Gecko/20100101 Firefox/123.0,60,,,,,,,,,,,,,,,,,,,,,,,,,,,,,,,,,,,,,,media/dgnb.png,0,0,Symb,a,RT,0,0,0,1,8,0,82,0,1,3,99,a,0.567,0,1,a,1,0.567,82,0,82,0,1,,,,,,,,,,,,,
,,,,,,,,,,,,,,,,,326,2,2024-03-12_01h06.14.197,Symbol-E,2020.1.3,Win32,Firefox,Mozilla/5.0 (Windows NT 10.0; Win64; x64; rv:123.0) Gecko/20100101 Firefox/123.0,60,,,,,,,,,,,,,,,,,,,,,,,,,,,,,,,,,,,,,,media/dcnb.png,2,2,Symb,e,RT,0,0,0,1,8,0,83,0,1,3,99,e,0.567,2,1,e,1,0.567,83,0,83,0,1,,,,,,,,,,,,,
,,,,,,,,,,,,,,,,,326,2,2024-03-12_01h06.14.197,Symbol-E,2020.1.3,Win32,Firefox,Mozilla/5.0 (Windows NT 10.0; Win64; x64; rv:123.0) Gecko/20100101 Firefox/123.0,60,,,,,,,,,,,,,,,,,,,,,,,,,,,,,,,,,,,,,,media/dcnb.png,2,2,Symb,e,RT,0,0,0,1,8,0,84,0,1,3,99,e,0.417,2,1,e,1,0.417,84,0,84,0,1,,,,,,,,,,,,,
,,,,,,,,,,,,,,,,,326,2,2024-03-12_01h06.14.197,Symbol-E,2020.1.3,Win32,Firefox,Mozilla/5.0 (Windows NT 10.0; Win64; x64; rv:123.0) Gecko/20100101 Firefox/123.0,60,,,,,,,,,,,,,,,,,,,,,,,,,,,,,,,,,,,,,,media/dfnb.png,3,3,Symb,f,RT,0,0,0,1,8,0,85,0,1,3,99,f,0.518,3,1,f,1,0.518,85,0,85,0,1,,,,,,,,,,,,,
,,,,,,,,,,,,,,,,,326,2,2024-03-12_01h06.14.197,Symbol-E,2020.1.3,Win32,Firefox,Mozilla/5.0 (Windows NT 10.0; Win64; x64; rv:123.0) Gecko/20100101 Firefox/123.0,60,,,,,,,,,,,,,,,,,,,,,,,,,,,,,,,,,,,,,,media/dnnb.png,5,1,Symb,u,RT,0,0,0,1,8,0,86,0,1,3,99,u,0.566,5,1,u,1,0.566,86,0,86,0,1,,,,,,,,,,,,,
,,,,,,,,,,,,,,,,,326,2,2024-03-12_01h06.14.197,Symbol-E,2020.1.3,Win32,Firefox,Mozilla/5.0 (Windows NT 10.0; Win64; x64; rv:123.0) Gecko/20100101 Firefox/123.0,60,,,,,,,,,,,,,,,,,,,,,,,,,,,,,,,,,,,,,,media/dfnb.png,3,3,Symb,f,RT,0,0,0,1,8,0,87,0,1,3,99,f,0.584,3,1,f,1,0.584,87,0,87,0,1,,,,,,,,,,,,,
,,,,,,,,,,,,,,,,,326,2,2024-03-12_01h06.14.197,Symbol-E,2020.1.3,Win32,Firefox,Mozilla/5.0 (Windows NT 10.0; Win64; x64; rv:123.0) Gecko/20100101 Firefox/123.0,60,,,,,,,,,,,,,,,,,,,,,,,,,,,,,,,,,,,,,,media/dgnb.png,0,0,Symb,a,RT,0,0,0,1,8,0,88,0,1,3,99,a,0.549,0,1,a,1,0.549,88,0,88,0,1,,,,,,,,,,,,,
,,,,,,,,,,,,,,,,,326,2,2024-03-12_01h06.14.197,Symbol-E,2020.1.3,Win32,Firefox,Mozilla/5.0 (Windows NT 10.0; Win64; x64; rv:123.0) Gecko/20100101 Firefox/123.0,60,,,,,,,,,,,,,,,,,,,,,,,,,,,,,,,,,,,,,,media/djnb.png,4,0,Symb,h,RT,0,0,0,1,8,0,89,0,1,3,99,h,0.598,4,1,h,1,0.598,89,0,89,0,1,,,,,,,,,,,,,
,,,,,,,,,,,,,,,,,326,2,2024-03-12_01h06.14.197,Symbol-E,2020.1.3,Win32,Firefox,Mozilla/5.0 (Windows NT 10.0; Win64; x64; rv:123.0) Gecko/20100101 Firefox/123.0,60,,,,,,,,,,,,,,,,,,,,,,,,,,,,,,,,,,,,,,media/dmnb.png,1,1,Symb,w,RT,0,0,0,1,8,0,90,0,1,3,99,w,0.5,1,1,w,1,0.5,90,0,90,0,1,,,,,,,,,,,,,
,,,,,,,,,,,,,,,,,326,2,2024-03-12_01h06.14.197,Symbol-E,2020.1.3,Win32,Firefox,Mozilla/5.0 (Windows NT 10.0; Win64; x64; rv:123.0) Gecko/20100101 Firefox/123.0,60,,,,,,,,,,,,,,,,,,,,,,,,,,,,,,,,,,,,,,media/dinb.png,6,2,Symb,i,RT,0,0,0,1,8,0,91,0,1,3,99,i,0.833,6,1,i,1,0.833,91,0,91,0,1,,,,,,,,,,,,,
,,,,,,,,,,,,,,,,,326,2,2024-03-12_01h06.14.197,Symbol-E,2020.1.3,Win32,Firefox,Mozilla/5.0 (Windows NT 10.0; Win64; x64; rv:123.0) Gecko/20100101 Firefox/123.0,60,,,,,,,,,,,,,,,,,,,,,,,,,,,,,,,,,,,,,,media/dnnb.png,5,1,Symb,u,RT,0,0,0,1,8,0,92,0,1,3,99,u,0.514,5,1,u,1,0.514,92,0,92,0,1,,,,,,,,,,,,,
,,,,,,,,,,,,,,,,,326,2,2024-03-12_01h06.14.197,Symbol-E,2020.1.3,Win32,Firefox,Mozilla/5.0 (Windows NT 10.0; Win64; x64; rv:123.0) Gecko/20100101 Firefox/123.0,60,,,,,,,,,,,,,,,,,,,,,,,,,,,,,,,,,,,,,,media/ddnb.png,7,3,Symb,l,RT,0,0,0,1,8,0,93,0,1,3,99,l,0.533,7,1,l,1,0.533,93,0,93,0,1,,,,,,,,,,,,,
,,,,,,,,,,,,,,,,,326,2,2024-03-12_01h06.14.197,Symbol-E,2020.1.3,Win32,Firefox,Mozilla/5.0 (Windows NT 10.0; Win64; x64; rv:123.0) Gecko/20100101 Firefox/123.0,60,,,,,,,,,,,,,,,,,,,,,,,,,,,,,,,,,,,,,,media/djnb.png,4,0,Symb,h,RT,0,0,0,1,8,0,94,0,1,3,99,h,0.601,4,1,h,1,0.601,94,0,94,0,1,,,,,,,,,,,,,
,,,,,,,,,,,,,,,,,326,2,2024-03-12_01h06.14.197,Symbol-E,2020.1.3,Win32,Firefox,Mozilla/5.0 (Windows NT 10.0; Win64; x64; rv:123.0) Gecko/20100101 Firefox/123.0,60,,,,,,,,,,,,,,,,,,,,,,,,,,,,,,,,,,,,,,media/dinb.png,6,2,Symb,i,RT,0,0,0,1,8,0,95,0,1,3,99,i,0.534,6,1,i,1,0.534,95,0,95,0,1,,,,,,,,,,,,,
,,,,,,,,,,,,,,,,,326,2,2024-03-12_01h06.14.197,Symbol-E,2020.1.3,Win32,Firefox,Mozilla/5.0 (Windows NT 10.0; Win64; x64; rv:123.0) Gecko/20100101 Firefox/123.0,60,,,,,,,,,,,,,,,,,,,,,,,,,,,,,,,,,,,,,,,,,,,,,,,,,,,,,,,,,,,,,,,,,,,2,0,2,0,1,,,,,,,,
,,,,,,,,,,,,,,,,,326,2,2024-03-12_01h06.14.197,Symbol-E,2020.1.3,Win32,Firefox,Mozilla/5.0 (Windows NT 10.0; Win64; x64; rv:123.0) Gecko/20100101 Firefox/123.0,60,,,,,,,,,,,,,,,,,,,,,,,,,,,,,,,,,,,,l,0.102,media/djnb.png,4,0,Symb,h,RT,0,0,0,1,8,0,0,0,1,4,99,h,0.517,4,1,h,1,0.517,0,0,0,0,1,,,,,,,,,,,,,
,,,,,,,,,,,,,,,,,326,2,2024-03-12_01h06.14.197,Symbol-E,2020.1.3,Win32,Firefox,Mozilla/5.0 (Windows NT 10.0; Win64; x64; rv:123.0) Gecko/20100101 Firefox/123.0,60,,,,,,,,,,,,,,,,,,,,,,,,,,,,,,,,,,,,,,media/dgnb.png,0,0,Symb,a,RT,0,0,0,1,8,0,1,0,1,4,99,a,0.536,0,1,a,1,0.536,1,0,1,0,1,,,,,,,,,,,,,
,,,,,,,,,,,,,,,,,326,2,2024-03-12_01h06.14.197,Symbol-E,2020.1.3,Win32,Firefox,Mozilla/5.0 (Windows NT 10.0; Win64; x64; rv:123.0) Gecko/20100101 Firefox/123.0,60,,,,,,,,,,,,,,,,,,,,,,,,,,,,,,,,,,,,,,media/ddnb.png,7,3,Symb,l,RT,0,0,0,1,8,0,2,0,1,4,99,l,0.499,7,1,l,1,0.499,2,0,2,0,1,,,,,,,,,,,,,
,,,,,,,,,,,,,,,,,326,2,2024-03-12_01h06.14.197,Symbol-E,2020.1.3,Win32,Firefox,Mozilla/5.0 (Windows NT 10.0; Win64; x64; rv:123.0) Gecko/20100101 Firefox/123.0,60,,,,,,,,,,,,,,,,,,,,,,,,,,,,,,,,,,,,,,media/djnb.png,4,0,Symb,h,RT,0,0,0,1,8,0,3,0,1,4,99,h,1.698,4,1,h,1,1.698,3,0,3,0,1,,,,,,,,,,,,,
,,,,,,,,,,,,,,,,,326,2,2024-03-12_01h06.14.197,Symbol-E,2020.1.3,Win32,Firefox,Mozilla/5.0 (Windows NT 10.0; Win64; x64; rv:123.0) Gecko/20100101 Firefox/123.0,60,,,,,,,,,,,,,,,,,,,,,,,,,,,,,,,,,,,,,,media/dgnb.png,0,0,Symb,a,RT,0,0,0,1,8,0,4,0,1,4,99,a,0.534,0,1,a,1,0.534,4,0,4,0,1,,,,,,,,,,,,,
,,,,,,,,,,,,,,,,,326,2,2024-03-12_01h06.14.197,Symbol-E,2020.1.3,Win32,Firefox,Mozilla/5.0 (Windows NT 10.0; Win64; x64; rv:123.0) Gecko/20100101 Firefox/123.0,60,,,,,,,,,,,,,,,,,,,,,,,,,,,,,,,,,,,,,,media/dfnb.png,3,3,Symb,f,RT,0,0,0,1,8,0,5,0,1,4,99,f,0.534,3,1,f,1,0.534,5,0,5,0,1,,,,,,,,,,,,,
,,,,,,,,,,,,,,,,,326,2,2024-03-12_01h06.14.197,Symbol-E,2020.1.3,Win32,Firefox,Mozilla/5.0 (Windows NT 10.0; Win64; x64; rv:123.0) Gecko/20100101 Firefox/123.0,60,,,,,,,,,,,,,,,,,,,,,,,,,,,,,,,,,,,,,,media/dcnb.png,2,2,Symb,e,RT,0,0,0,1,8,0,6,0,1,4,99,e,0.634,2,1,e,1,0.634,6,0,6,0,1,,,,,,,,,,,,,
,,,,,,,,,,,,,,,,,326,2,2024-03-12_01h06.14.197,Symbol-E,2020.1.3,Win32,Firefox,Mozilla/5.0 (Windows NT 10.0; Win64; x64; rv:123.0) Gecko/20100101 Firefox/123.0,60,,,,,,,,,,,,,,,,,,,,,,,,,,,,,,,,,,,,,,media/dmnb.png,1,1,Symb,w,RT,0,0,0,1,8,0,7,0,1,4,99,w,0.487,1,1,w,1,0.487,7,0,7,0,1,,,,,,,,,,,,,
,,,,,,,,,,,,,,,,,326,2,2024-03-12_01h06.14.197,Symbol-E,2020.1.3,Win32,Firefox,Mozilla/5.0 (Windows NT 10.0; Win64; x64; rv:123.0) Gecko/20100101 Firefox/123.0,60,,,,,,,,,,,,,,,,,,,,,,,,,,,,,,,,,,,,,,media/dmnb.png,1,1,Symb,w,RT,0,0,0,1,8,0,8,0,1,4,99,w,0.435,1,1,w,1,0.435,8,0,8,0,1,,,,,,,,,,,,,
,,,,,,,,,,,,,,,,,326,2,2024-03-12_01h06.14.197,Symbol-E,2020.1.3,Win32,Firefox,Mozilla/5.0 (Windows NT 10.0; Win64; x64; rv:123.0) Gecko/20100101 Firefox/123.0,60,,,,,,,,,,,,,,,,,,,,,,,,,,,,,,,,,,,,,,media/dfnb.png,3,3,Symb,f,RT,0,0,0,1,8,0,9,0,1,4,99,f,0.533,3,1,f,1,0.533,9,0,9,0,1,,,,,,,,,,,,,
,,,,,,,,,,,,,,,,,326,2,2024-03-12_01h06.14.197,Symbol-E,2020.1.3,Win32,Firefox,Mozilla/5.0 (Windows NT 10.0; Win64; x64; rv:123.0) Gecko/20100101 Firefox/123.0,60,,,,,,,,,,,,,,,,,,,,,,,,,,,,,,,,,,,,,,media/dnnb.png,5,1,Symb,u,RT,0,0,0,1,8,0,10,0,1,4,99,u,0.55,5,1,u,1,0.55,10,0,10,0,1,,,,,,,,,,,,,
,,,,,,,,,,,,,,,,,326,2,2024-03-12_01h06.14.197,Symbol-E,2020.1.3,Win32,Firefox,Mozilla/5.0 (Windows NT 10.0; Win64; x64; rv:123.0) Gecko/20100101 Firefox/123.0,60,,,,,,,,,,,,,,,,,,,,,,,,,,,,,,,,,,,,,,media/dinb.png,6,2,Symb,i,RT,0,0,0,1,8,0,11,0,1,4,99,i,0.5,6,1,i,1,0.5,11,0,11,0,1,,,,,,,,,,,,,
,,,,,,,,,,,,,,,,,326,2,2024-03-12_01h06.14.197,Symbol-E,2020.1.3,Win32,Firefox,Mozilla/5.0 (Windows NT 10.0; Win64; x64; rv:123.0) Gecko/20100101 Firefox/123.0,60,,,,,,,,,,,,,,,,,,,,,,,,,,,,,,,,,,,,,,media/dnnb.png,5,1,Symb,u,RT,0,0,0,1,8,0,12,0,1,4,99,u,0.599,5,1,u,1,0.599,12,0,12,0,1,,,,,,,,,,,,,
,,,,,,,,,,,,,,,,,326,2,2024-03-12_01h06.14.197,Symbol-E,2020.1.3,Win32,Firefox,Mozilla/5.0 (Windows NT 10.0; Win64; x64; rv:123.0) Gecko/20100101 Firefox/123.0,60,,,,,,,,,,,,,,,,,,,,,,,,,,,,,,,,,,,,,,media/dinb.png,6,2,Symb,i,RT,0,0,0,1,8,0,13,0,1,4,99,i,0.468,6,1,i,1,0.468,13,0,13,0,1,,,,,,,,,,,,,
,,,,,,,,,,,,,,,,,326,2,2024-03-12_01h06.14.197,Symbol-E,2020.1.3,Win32,Firefox,Mozilla/5.0 (Windows NT 10.0; Win64; x64; rv:123.0) Gecko/20100101 Firefox/123.0,60,,,,,,,,,,,,,,,,,,,,,,,,,,,,,,,,,,,,,,media/ddnb.png,7,3,Symb,l,RT,0,0,0,1,8,0,14,0,1,4,99,l,0.53,7,1,l,1,0.53,14,0,14,0,1,,,,,,,,,,,,,
,,,,,,,,,,,,,,,,,326,2,2024-03-12_01h06.14.197,Symbol-E,2020.1.3,Win32,Firefox,Mozilla/5.0 (Windows NT 10.0; Win64; x64; rv:123.0) Gecko/20100101 Firefox/123.0,60,,,,,,,,,,,,,,,,,,,,,,,,,,,,,,,,,,,,,,media/dcnb.png,2,2,Symb,e,RT,0,0,0,1,8,0,15,0,1,4,99,e,0.668,2,1,e,1,0.668,15,0,15,0,1,,,,,,,,,,,,,
,,,,,,,,,,,,,,,,,326,2,2024-03-12_01h06.14.197,Symbol-E,2020.1.3,Win32,Firefox,Mozilla/5.0 (Windows NT 10.0; Win64; x64; rv:123.0) Gecko/20100101 Firefox/123.0,60,,,,,,,,,,,,,,,,,,,,,,,,,,,,,,,,,,,,,,media/dgnb.png,0,0,Symb,a,RT,0,0,0,1,8,0,16,0,1,4,99,a,0.549,0,1,a,1,0.549,16,0,16,0,1,,,,,,,,,,,,,
,,,,,,,,,,,,,,,,,326,2,2024-03-12_01h06.14.197,Symbol-E,2020.1.3,Win32,Firefox,Mozilla/5.0 (Windows NT 10.0; Win64; x64; rv:123.0) Gecko/20100101 Firefox/123.0,60,,,,,,,,,,,,,,,,,,,,,,,,,,,,,,,,,,,,,,media/dmnb.png,1,1,Symb,w,RT,0,0,0,1,8,0,17,0,1,4,99,w,0.534,1,1,w,1,0.534,17,0,17,0,1,,,,,,,,,,,,,
,,,,,,,,,,,,,,,,,326,2,2024-03-12_01h06.14.197,Symbol-E,2020.1.3,Win32,Firefox,Mozilla/5.0 (Windows NT 10.0; Win64; x64; rv:123.0) Gecko/20100101 Firefox/123.0,60,,,,,,,,,,,,,,,,,,,,,,,,,,,,,,,,,,,,,,media/dfnb.png,3,3,Symb,f,RT,0,0,0,1,8,0,18,0,1,4,99,f,0.584,3,1,f,1,0.584,18,0,18,0,1,,,,,,,,,,,,,
,,,,,,,,,,,,,,,,,326,2,2024-03-12_01h06.14.197,Symbol-E,2020.1.3,Win32,Firefox,Mozilla/5.0 (Windows NT 10.0; Win64; x64; rv:123.0) Gecko/20100101 Firefox/123.0,60,,,,,,,,,,,,,,,,,,,,,,,,,,,,,,,,,,,,,,media/djnb.png,4,0,Symb,h,RT,0,0,0,1,8,0,19,0,1,4,99,h,0.534,4,1,h,1,0.534,19,0,19,0,1,,,,,,,,,,,,,
,,,,,,,,,,,,,,,,,326,2,2024-03-12_01h06.14.197,Symbol-E,2020.1.3,Win32,Firefox,Mozilla/5.0 (Windows NT 10.0; Win64; x64; rv:123.0) Gecko/20100101 Firefox/123.0,60,,,,,,,,,,,,,,,,,,,,,,,,,,,,,,,,,,,,,,media/dfnb.png,3,3,Symb,f,RT,0,0,0,1,8,0,20,0,1,4,99,f,0.512,3,1,f,1,0.512,20,0,20,0,1,,,,,,,,,,,,,
,,,,,,,,,,,,,,,,,326,2,2024-03-12_01h06.14.197,Symbol-E,2020.1.3,Win32,Firefox,Mozilla/5.0 (Windows NT 10.0; Win64; x64; rv:123.0) Gecko/20100101 Firefox/123.0,60,,,,,,,,,,,,,,,,,,,,,,,,,,,,,,,,,,,,,,media/ddnb.png,7,3,Symb,l,RT,0,0,0,1,8,0,21,0,1,4,99,l,0.603,7,1,l,1,0.603,21,0,21,0,1,,,,,,,,,,,,,
,,,,,,,,,,,,,,,,,326,2,2024-03-12_01h06.14.197,Symbol-E,2020.1.3,Win32,Firefox,Mozilla/5.0 (Windows NT 10.0; Win64; x64; rv:123.0) Gecko/20100101 Firefox/123.0,60,,,,,,,,,,,,,,,,,,,,,,,,,,,,,,,,,,,,,,media/dmnb.png,1,1,Symb,w,RT,0,0,0,1,8,0,22,0,1,4,99,w,0.533,1,1,w,1,0.533,22,0,22,0,1,,,,,,,,,,,,,
,,,,,,,,,,,,,,,,,326,2,2024-03-12_01h06.14.197,Symbol-E,2020.1.3,Win32,Firefox,Mozilla/5.0 (Windows NT 10.0; Win64; x64; rv:123.0) Gecko/20100101 Firefox/123.0,60,,,,,,,,,,,,,,,,,,,,,,,,,,,,,,,,,,,,,,media/dnnb.png,5,1,Symb,u,RT,0,0,0,1,8,0,23,0,1,4,99,u,0.582,5,1,u,1,0.582,23,0,23,0,1,,,,,,,,,,,,,
,,,,,,,,,,,,,,,,,326,2,2024-03-12_01h06.14.197,Symbol-E,2020.1.3,Win32,Firefox,Mozilla/5.0 (Windows NT 10.0; Win64; x64; rv:123.0) Gecko/20100101 Firefox/123.0,60,,,,,,,,,,,,,,,,,,,,,,,,,,,,,,,,,,,,,,media/dnnb.png,5,1,Symb,u,RT,0,0,0,1,8,0,24,0,1,4,99,u,0.434,5,1,u,1,0.434,24,0,24,0,1,,,,,,,,,,,,,
,,,,,,,,,,,,,,,,,326,2,2024-03-12_01h06.14.197,Symbol-E,2020.1.3,Win32,Firefox,Mozilla/5.0 (Windows NT 10.0; Win64; x64; rv:123.0) Gecko/20100101 Firefox/123.0,60,,,,,,,,,,,,,,,,,,,,,,,,,,,,,,,,,,,,,,media/dcnb.png,2,2,Symb,e,RT,0,0,0,1,8,0,25,0,1,4,99,e,0.585,2,1,e,1,0.585,25,0,25,0,1,,,,,,,,,,,,,
,,,,,,,,,,,,,,,,,326,2,2024-03-12_01h06.14.197,Symbol-E,2020.1.3,Win32,Firefox,Mozilla/5.0 (Windows NT 10.0; Win64; x64; rv:123.0) Gecko/20100101 Firefox/123.0,60,,,,,,,,,,,,,,,,,,,,,,,,,,,,,,,,,,,,,,media/ddnb.png,7,3,Symb,l,RT,0,0,0,1,8,0,26,0,1,4,99,l,0.665,7,1,l,1,0.665,26,0,26,0,1,,,,,,,,,,,,,
,,,,,,,,,,,,,,,,,326,2,2024-03-12_01h06.14.197,Symbol-E,2020.1.3,Win32,Firefox,Mozilla/5.0 (Windows NT 10.0; Win64; x64; rv:123.0) Gecko/20100101 Firefox/123.0,60,,,,,,,,,,,,,,,,,,,,,,,,,,,,,,,,,,,,,,media/dcnb.png,2,2,Symb,e,RT,0,0,0,1,8,0,27,0,1,4,99,e,0.701,2,1,e,1,0.701,27,0,27,0,1,,,,,,,,,,,,,
,,,,,,,,,,,,,,,,,326,2,2024-03-12_01h06.14.197,Symbol-E,2020.1.3,Win32,Firefox,Mozilla/5.0 (Windows NT 10.0; Win64; x64; rv:123.0) Gecko/20100101 Firefox/123.0,60,,,,,,,,,,,,,,,,,,,,,,,,,,,,,,,,,,,,,,media/dinb.png,6,2,Symb,i,RT,0,0,0,1,8,0,28,0,1,4,99,i,0.584,6,1,i,1,0.584,28,0,28,0,1,,,,,,,,,,,,,
,,,,,,,,,,,,,,,,,326,2,2024-03-12_01h06.14.197,Symbol-E,2020.1.3,Win32,Firefox,Mozilla/5.0 (Windows NT 10.0; Win64; x64; rv:123.0) Gecko/20100101 Firefox/123.0,60,,,,,,,,,,,,,,,,,,,,,,,,,,,,,,,,,,,,,,media/djnb.png,4,0,Symb,h,RT,0,0,0,1,8,0,29,0,1,4,99,h,0.618,4,1,h,1,0.618,29,0,29,0,1,,,,,,,,,,,,,
,,,,,,,,,,,,,,,,,326,2,2024-03-12_01h06.14.197,Symbol-E,2020.1.3,Win32,Firefox,Mozilla/5.0 (Windows NT 10.0; Win64; x64; rv:123.0) Gecko/20100101 Firefox/123.0,60,,,,,,,,,,,,,,,,,,,,,,,,,,,,,,,,,,,,,,media/dinb.png,6,2,Symb,i,RT,0,0,0,1,8,0,30,0,1,4,99,u,0.484,5,0,u,0,0.484,30,0,30,0,1,,,,,,,,,,,,,
,,,,,,,,,,,,,,,,,326,2,2024-03-12_01h06.14.197,Symbol-E,2020.1.3,Win32,Firefox,Mozilla/5.0 (Windows NT 10.0; Win64; x64; rv:123.0) Gecko/20100101 Firefox/123.0,60,,,,,,,,,,,,,,,,,,,,,,,,,,,,,,,,,,,,,,media/dgnb.png,0,0,Symb,a,RT,0,0,0,1,8,0,31,0,1,4,99,a,0.584,0,1,a,1,0.584,31,0,31,0,1,,,,,,,,,,,,,
,,,,,,,,,,,,,,,,,326,2,2024-03-12_01h06.14.197,Symbol-E,2020.1.3,Win32,Firefox,Mozilla/5.0 (Windows NT 10.0; Win64; x64; rv:123.0) Gecko/20100101 Firefox/123.0,60,,,,,,,,,,,,,,,,,,,,,,,,,,,,,,,,,,,,,,media/dinb.png,6,2,Symb,i,RT,0,0,0,1,8,0,32,0,1,4,99,i,0.584,6,1,i,1,0.584,32,0,32,0,1,,,,,,,,,,,,,
,,,,,,,,,,,,,,,,,326,2,2024-03-12_01h06.14.197,Symbol-E,2020.1.3,Win32,Firefox,Mozilla/5.0 (Windows NT 10.0; Win64; x64; rv:123.0) Gecko/20100101 Firefox/123.0,60,,,,,,,,,,,,,,,,,,,,,,,,,,,,,,,,,,,,,,media/dfnb.png,3,3,Symb,f,RT,0,0,0,1,8,0,33,0,1,4,99,f,0.568,3,1,f,1,0.568,33,0,33,0,1,,,,,,,,,,,,,
,,,,,,,,,,,,,,,,,326,2,2024-03-12_01h06.14.197,Symbol-E,2020.1.3,Win32,Firefox,Mozilla/5.0 (Windows NT 10.0; Win64; x64; rv:123.0) Gecko/20100101 Firefox/123.0,60,,,,,,,,,,,,,,,,,,,,,,,,,,,,,,,,,,,,,,media/dcnb.png,2,2,Symb,e,RT,0,0,0,1,8,0,34,0,1,4,99,e,0.617,2,1,e,1,0.617,34,0,34,0,1,,,,,,,,,,,,,
,,,,,,,,,,,,,,,,,326,2,2024-03-12_01h06.14.197,Symbol-E,2020.1.3,Win32,Firefox,Mozilla/5.0 (Windows NT 10.0; Win64; x64; rv:123.0) Gecko/20100101 Firefox/123.0,60,,,,,,,,,,,,,,,,,,,,,,,,,,,,,,,,,,,,,,media/ddnb.png,7,3,Symb,l,RT,0,0,0,1,8,0,35,0,1,4,99,l,0.552,7,1,l,1,0.552,35,0,35,0,1,,,,,,,,,,,,,
,,,,,,,,,,,,,,,,,326,2,2024-03-12_01h06.14.197,Symbol-E,2020.1.3,Win32,Firefox,Mozilla/5.0 (Windows NT 10.0; Win64; x64; rv:123.0) Gecko/20100101 Firefox/123.0,60,,,,,,,,,,,,,,,,,,,,,,,,,,,,,,,,,,,,,,media/djnb.png,4,0,Symb,h,RT,0,0,0,1,8,0,36,0,1,4,99,h,0.519,4,1,h,1,0.519,36,0,36,0,1,,,,,,,,,,,,,
,,,,,,,,,,,,,,,,,326,2,2024-03-12_01h06.14.197,Symbol-E,2020.1.3,Win32,Firefox,Mozilla/5.0 (Windows NT 10.0; Win64; x64; rv:123.0) Gecko/20100101 Firefox/123.0,60,,,,,,,,,,,,,,,,,,,,,,,,,,,,,,,,,,,,,,media/ddnb.png,7,3,Symb,l,RT,0,0,0,1,8,0,37,0,1,4,99,l,0.569,7,1,l,1,0.569,37,0,37,0,1,,,,,,,,,,,,,
,,,,,,,,,,,,,,,,,326,2,2024-03-12_01h06.14.197,Symbol-E,2020.1.3,Win32,Firefox,Mozilla/5.0 (Windows NT 10.0; Win64; x64; rv:123.0) Gecko/20100101 Firefox/123.0,60,,,,,,,,,,,,,,,,,,,,,,,,,,,,,,,,,,,,,,media/dgnb.png,0,0,Symb,a,RT,0,0,0,1,8,0,38,0,1,4,99,a,0.653,0,1,a,1,0.653,38,0,38,0,1,,,,,,,,,,,,,
,,,,,,,,,,,,,,,,,326,2,2024-03-12_01h06.14.197,Symbol-E,2020.1.3,Win32,Firefox,Mozilla/5.0 (Windows NT 10.0; Win64; x64; rv:123.0) Gecko/20100101 Firefox/123.0,60,,,,,,,,,,,,,,,,,,,,,,,,,,,,,,,,,,,,,,media/dnnb.png,5,1,Symb,u,RT,0,0,0,1,8,0,39,0,1,4,99,u,0.633,5,1,u,1,0.633,39,0,39,0,1,,,,,,,,,,,,,
,,,,,,,,,,,,,,,,,326,2,2024-03-12_01h06.14.197,Symbol-E,2020.1.3,Win32,Firefox,Mozilla/5.0 (Windows NT 10.0; Win64; x64; rv:123.0) Gecko/20100101 Firefox/123.0,60,,,,,,,,,,,,,,,,,,,,,,,,,,,,,,,,,,,,,,media/dfnb.png,3,3,Symb,f,RT,0,0,0,1,8,0,40,0,1,4,99,f,0.6,3,1,f,1,0.6,40,0,40,0,1,,,,,,,,,,,,,
,,,,,,,,,,,,,,,,,326,2,2024-03-12_01h06.14.197,Symbol-E,2020.1.3,Win32,Firefox,Mozilla/5.0 (Windows NT 10.0; Win64; x64; rv:123.0) Gecko/20100101 Firefox/123.0,60,,,,,,,,,,,,,,,,,,,,,,,,,,,,,,,,,,,,,,media/dinb.png,6,2,Symb,i,RT,0,0,0,1,8,0,41,0,1,4,99,i,0.501,6,1,i,1,0.501,41,0,41,0,1,,,,,,,,,,,,,
,,,,,,,,,,,,,,,,,326,2,2024-03-12_01h06.14.197,Symbol-E,2020.1.3,Win32,Firefox,Mozilla/5.0 (Windows NT 10.0; Win64; x64; rv:123.0) Gecko/20100101 Firefox/123.0,60,,,,,,,,,,,,,,,,,,,,,,,,,,,,,,,,,,,,,,media/dmnb.png,1,1,Symb,w,RT,0,0,0,1,8,0,42,0,1,4,99,w,0.548,1,1,w,1,0.548,42,0,42,0,1,,,,,,,,,,,,,
,,,,,,,,,,,,,,,,,326,2,2024-03-12_01h06.14.197,Symbol-E,2020.1.3,Win32,Firefox,Mozilla/5.0 (Windows NT 10.0; Win64; x64; rv:123.0) Gecko/20100101 Firefox/123.0,60,,,,,,,,,,,,,,,,,,,,,,,,,,,,,,,,,,,,,,media/dcnb.png,2,2,Symb,e,RT,0,0,0,1,8,0,43,0,1,4,99,e,0.633,2,1,e,1,0.633,43,0,43,0,1,,,,,,,,,,,,,
,,,,,,,,,,,,,,,,,326,2,2024-03-12_01h06.14.197,Symbol-E,2020.1.3,Win32,Firefox,Mozilla/5.0 (Windows NT 10.0; Win64; x64; rv:123.0) Gecko/20100101 Firefox/123.0,60,,,,,,,,,,,,,,,,,,,,,,,,,,,,,,,,,,,,,,media/djnb.png,4,0,Symb,h,RT,0,0,0,1,8,0,44,0,1,4,99,h,0.484,4,1,h,1,0.484,44,0,44,0,1,,,,,,,,,,,,,
,,,,,,,,,,,,,,,,,326,2,2024-03-12_01h06.14.197,Symbol-E,2020.1.3,Win32,Firefox,Mozilla/5.0 (Windows NT 10.0; Win64; x64; rv:123.0) Gecko/20100101 Firefox/123.0,60,,,,,,,,,,,,,,,,,,,,,,,,,,,,,,,,,,,,,,media/dnnb.png,5,1,Symb,u,RT,0,0,0,1,8,0,45,0,1,4,99,u,0.617,5,1,u,1,0.617,45,0,45,0,1,,,,,,,,,,,,,
,,,,,,,,,,,,,,,,,326,2,2024-03-12_01h06.14.197,Symbol-E,2020.1.3,Win32,Firefox,Mozilla/5.0 (Windows NT 10.0; Win64; x64; rv:123.0) Gecko/20100101 Firefox/123.0,60,,,,,,,,,,,,,,,,,,,,,,,,,,,,,,,,,,,,,,media/dmnb.png,1,1,Symb,w,RT,0,0,0,1,8,0,46,0,1,4,99,w,0.603,1,1,w,1,0.603,46,0,46,0,1,,,,,,,,,,,,,
,,,,,,,,,,,,,,,,,326,2,2024-03-12_01h06.14.197,Symbol-E,2020.1.3,Win32,Firefox,Mozilla/5.0 (Windows NT 10.0; Win64; x64; rv:123.0) Gecko/20100101 Firefox/123.0,60,,,,,,,,,,,,,,,,,,,,,,,,,,,,,,,,,,,,,,media/dgnb.png,0,0,Symb,a,RT,0,0,0,1,8,0,47,0,1,4,99,a,0.553,0,1,a,1,0.553,47,0,47,0,1,,,,,,,,,,,,,
,,,,,,,,,,,,,,,,,326,2,2024-03-12_01h06.14.197,Symbol-E,2020.1.3,Win32,Firefox,Mozilla/5.0 (Windows NT 10.0; Win64; x64; rv:123.0) Gecko/20100101 Firefox/123.0,60,,,,,,,,,,,,,,,,,,,,,,,,,,,,,,,,,,,,,,media/dgnb.png,0,0,Symb,a,RT,0,0,0,1,8,0,48,0,1,4,99,a,0.448,0,1,a,1,0.448,48,0,48,0,1,,,,,,,,,,,,,
,,,,,,,,,,,,,,,,,326,2,2024-03-12_01h06.14.197,Symbol-E,2020.1.3,Win32,Firefox,Mozilla/5.0 (Windows NT 10.0; Win64; x64; rv:123.0) Gecko/20100101 Firefox/123.0,60,,,,,,,,,,,,,,,,,,,,,,,,,,,,,,,,,,,,,,media/dinb.png,6,2,Symb,i,RT,0,0,0,1,8,0,49,0,1,4,99,i,0.817,6,1,i,1,0.817,49,0,49,0,1,,,,,,,,,,,,,
,,,,,,,,,,,,,,,,,326,2,2024-03-12_01h06.14.197,Symbol-E,2020.1.3,Win32,Firefox,Mozilla/5.0 (Windows NT 10.0; Win64; x64; rv:123.0) Gecko/20100101 Firefox/123.0,60,,,,,,,,,,,,,,,,,,,,,,,,,,,,,,,,,,,,,,media/dcnb.png,2,2,Symb,e,RT,0,0,0,1,8,0,50,0,1,4,99,e,0.631,2,1,e,1,0.631,50,0,50,0,1,,,,,,,,,,,,,
,,,,,,,,,,,,,,,,,326,2,2024-03-12_01h06.14.197,Symbol-E,2020.1.3,Win32,Firefox,Mozilla/5.0 (Windows NT 10.0; Win64; x64; rv:123.0) Gecko/20100101 Firefox/123.0,60,,,,,,,,,,,,,,,,,,,,,,,,,,,,,,,,,,,,,,media/dfnb.png,3,3,Symb,f,RT,0,0,0,1,8,0,51,0,1,4,99,f,0.55,3,1,f,1,0.55,51,0,51,0,1,,,,,,,,,,,,,
,,,,,,,,,,,,,,,,,326,2,2024-03-12_01h06.14.197,Symbol-E,2020.1.3,Win32,Firefox,Mozilla/5.0 (Windows NT 10.0; Win64; x64; rv:123.0) Gecko/20100101 Firefox/123.0,60,,,,,,,,,,,,,,,,,,,,,,,,,,,,,,,,,,,,,,media/dnnb.png,5,1,Symb,u,RT,0,0,0,1,8,0,52,0,1,4,99,u,0.568,5,1,u,1,0.568,52,0,52,0,1,,,,,,,,,,,,,
,,,,,,,,,,,,,,,,,326,2,2024-03-12_01h06.14.197,Symbol-E,2020.1.3,Win32,Firefox,Mozilla/5.0 (Windows NT 10.0; Win64; x64; rv:123.0) Gecko/20100101 Firefox/123.0,60,,,,,,,,,,,,,,,,,,,,,,,,,,,,,,,,,,,,,,media/dfnb.png,3,3,Symb,f,RT,0,0,0,1,8,0,53,0,1,4,99,f,1.083,3,1,f,1,1.083,53,0,53,0,1,,,,,,,,,,,,,
,,,,,,,,,,,,,,,,,326,2,2024-03-12_01h06.14.197,Symbol-E,2020.1.3,Win32,Firefox,Mozilla/5.0 (Windows NT 10.0; Win64; x64; rv:123.0) Gecko/20100101 Firefox/123.0,60,,,,,,,,,,,,,,,,,,,,,,,,,,,,,,,,,,,,,,media/ddnb.png,7,3,Symb,l,RT,0,0,0,1,8,0,54,0,1,4,99,l,0.534,7,1,l,1,0.534,54,0,54,0,1,,,,,,,,,,,,,
,,,,,,,,,,,,,,,,,326,2,2024-03-12_01h06.14.197,Symbol-E,2020.1.3,Win32,Firefox,Mozilla/5.0 (Windows NT 10.0; Win64; x64; rv:123.0) Gecko/20100101 Firefox/123.0,60,,,,,,,,,,,,,,,,,,,,,,,,,,,,,,,,,,,,,,media/djnb.png,4,0,Symb,h,RT,0,0,0,1,8,0,55,0,1,4,99,h,0.568,4,1,h,1,0.568,55,0,55,0,1,,,,,,,,,,,,,
,,,,,,,,,,,,,,,,,326,2,2024-03-12_01h06.14.197,Symbol-E,2020.1.3,Win32,Firefox,Mozilla/5.0 (Windows NT 10.0; Win64; x64; rv:123.0) Gecko/20100101 Firefox/123.0,60,,,,,,,,,,,,,,,,,,,,,,,,,,,,,,,,,,,,,,media/dnnb.png,5,1,Symb,u,RT,0,0,0,1,8,0,56,0,1,4,99,u,0.582,5,1,u,1,0.582,56,0,56,0,1,,,,,,,,,,,,,
,,,,,,,,,,,,,,,,,326,2,2024-03-12_01h06.14.197,Symbol-E,2020.1.3,Win32,Firefox,Mozilla/5.0 (Windows NT 10.0; Win64; x64; rv:123.0) Gecko/20100101 Firefox/123.0,60,,,,,,,,,,,,,,,,,,,,,,,,,,,,,,,,,,,,,,media/dmnb.png,1,1,Symb,w,RT,0,0,0,1,8,0,57,0,1,4,99,w,0.581,1,1,w,1,0.581,57,0,57,0,1,,,,,,,,,,,,,
,,,,,,,,,,,,,,,,,326,2,2024-03-12_01h06.14.197,Symbol-E,2020.1.3,Win32,Firefox,Mozilla/5.0 (Windows NT 10.0; Win64; x64; rv:123.0) Gecko/20100101 Firefox/123.0,60,,,,,,,,,,,,,,,,,,,,,,,,,,,,,,,,,,,,,,media/dcnb.png,2,2,Symb,e,RT,0,0,0,1,8,0,58,0,1,4,99,e,0.551,2,1,e,1,0.551,58,0,58,0,1,,,,,,,,,,,,,
,,,,,,,,,,,,,,,,,326,2,2024-03-12_01h06.14.197,Symbol-E,2020.1.3,Win32,Firefox,Mozilla/5.0 (Windows NT 10.0; Win64; x64; rv:123.0) Gecko/20100101 Firefox/123.0,60,,,,,,,,,,,,,,,,,,,,,,,,,,,,,,,,,,,,,,media/ddnb.png,7,3,Symb,l,RT,0,0,0,1,8,0,59,0,1,4,99,l,0.534,7,1,l,1,0.534,59,0,59,0,1,,,,,,,,,,,,,
,,,,,,,,,,,,,,,,,326,2,2024-03-12_01h06.14.197,Symbol-E,2020.1.3,Win32,Firefox,Mozilla/5.0 (Windows NT 10.0; Win64; x64; rv:123.0) Gecko/20100101 Firefox/123.0,60,,,,,,,,,,,,,,,,,,,,,,,,,,,,,,,,,,,,,,media/dmnb.png,1,1,Symb,w,RT,0,0,0,1,8,0,60,0,1,4,99,w,0.648,1,1,w,1,0.648,60,0,60,0,1,,,,,,,,,,,,,
,,,,,,,,,,,,,,,,,326,2,2024-03-12_01h06.14.197,Symbol-E,2020.1.3,Win32,Firefox,Mozilla/5.0 (Windows NT 10.0; Win64; x64; rv:123.0) Gecko/20100101 Firefox/123.0,60,,,,,,,,,,,,,,,,,,,,,,,,,,,,,,,,,,,,,,media/dinb.png,6,2,Symb,i,RT,0,0,0,1,8,0,61,0,1,4,99,i,0.466,6,1,i,1,0.466,61,0,61,0,1,,,,,,,,,,,,,
,,,,,,,,,,,,,,,,,326,2,2024-03-12_01h06.14.197,Symbol-E,2020.1.3,Win32,Firefox,Mozilla/5.0 (Windows NT 10.0; Win64; x64; rv:123.0) Gecko/20100101 Firefox/123.0,60,,,,,,,,,,,,,,,,,,,,,,,,,,,,,,,,,,,,,,media/djnb.png,4,0,Symb,h,RT,0,0,0,1,8,0,62,0,1,4,99,h,0.552,4,1,h,1,0.552,62,0,62,0,1,,,,,,,,,,,,,
,,,,,,,,,,,,,,,,,326,2,2024-03-12_01h06.14.197,Symbol-E,2020.1.3,Win32,Firefox,Mozilla/5.0 (Windows NT 10.0; Win64; x64; rv:123.0) Gecko/20100101 Firefox/123.0,60,,,,,,,,,,,,,,,,,,,,,,,,,,,,,,,,,,,,,,media/dgnb.png,0,0,Symb,a,RT,0,0,0,1,8,0,63,0,1,4,99,a,0.567,0,1,a,1,0.567,63,0,63,0,1,,,,,,,,,,,,,
,,,,,,,,,,,,,,,,,326,2,2024-03-12_01h06.14.197,Symbol-E,2020.1.3,Win32,Firefox,Mozilla/5.0 (Windows NT 10.0; Win64; x64; rv:123.0) Gecko/20100101 Firefox/123.0,60,,,,,,,,,,,,,,,,,,,,,,,,,,,,,,,,,,,,,,media/dmnb.png,1,1,Symb,w,RT,0,0,0,1,8,0,64,0,1,4,99,w,0.534,1,1,w,1,0.534,64,0,64,0,1,,,,,,,,,,,,,
,,,,,,,,,,,,,,,,,326,2,2024-03-12_01h06.14.197,Symbol-E,2020.1.3,Win32,Firefox,Mozilla/5.0 (Windows NT 10.0; Win64; x64; rv:123.0) Gecko/20100101 Firefox/123.0,60,,,,,,,,,,,,,,,,,,,,,,,,,,,,,,,,,,,,,,media/dgnb.png,0,0,Symb,a,RT,0,0,0,1,8,0,65,0,1,4,99,a,0.699,0,1,a,1,0.699,65,0,65,0,1,,,,,,,,,,,,,
,,,,,,,,,,,,,,,,,326,2,2024-03-12_01h06.14.197,Symbol-E,2020.1.3,Win32,Firefox,Mozilla/5.0 (Windows NT 10.0; Win64; x64; rv:123.0) Gecko/20100101 Firefox/123.0,60,,,,,,,,,,,,,,,,,,,,,,,,,,,,,,,,,,,,,,media/ddnb.png,7,3,Symb,l,RT,0,0,0,1,8,0,66,0,1,4,99,l,0.602,7,1,l,1,0.602,66,0,66,0,1,,,,,,,,,,,,,
,,,,,,,,,,,,,,,,,326,2,2024-03-12_01h06.14.197,Symbol-E,2020.1.3,Win32,Firefox,Mozilla/5.0 (Windows NT 10.0; Win64; x64; rv:123.0) Gecko/20100101 Firefox/123.0,60,,,,,,,,,,,,,,,,,,,,,,,,,,,,,,,,,,,,,,media/dgnb.png,0,0,Symb,a,RT,0,0,0,1,8,0,67,0,1,4,99,a,0.668,0,1,a,1,0.668,67,0,67,0,1,,,,,,,,,,,,,
,,,,,,,,,,,,,,,,,326,2,2024-03-12_01h06.14.197,Symbol-E,2020.1.3,Win32,Firefox,Mozilla/5.0 (Windows NT 10.0; Win64; x64; rv:123.0) Gecko/20100101 Firefox/123.0,60,,,,,,,,,,,,,,,,,,,,,,,,,,,,,,,,,,,,,,media/dfnb.png,3,3,Symb,f,RT,0,0,0,1,8,0,68,0,1,4,99,f,0.567,3,1,f,1,0.567,68,0,68,0,1,,,,,,,,,,,,,
,,,,,,,,,,,,,,,,,326,2,2024-03-12_01h06.14.197,Symbol-E,2020.1.3,Win32,Firefox,Mozilla/5.0 (Windows NT 10.0; Win64; x64; rv:123.0) Gecko/20100101 Firefox/123.0,60,,,,,,,,,,,,,,,,,,,,,,,,,,,,,,,,,,,,,,media/djnb.png,4,0,Symb,h,RT,0,0,0,1,8,0,69,0,1,4,99,h,0.533,4,1,h,1,0.533,69,0,69,0,1,,,,,,,,,,,,,
,,,,,,,,,,,,,,,,,326,2,2024-03-12_01h06.14.197,Symbol-E,2020.1.3,Win32,Firefox,Mozilla/5.0 (Windows NT 10.0; Win64; x64; rv:123.0) Gecko/20100101 Firefox/123.0,60,,,,,,,,,,,,,,,,,,,,,,,,,,,,,,,,,,,,,,media/dnnb.png,5,1,Symb,u,RT,0,0,0,1,8,0,70,0,1,4,99,u,0.551,5,1,u,1,0.551,70,0,70,0,1,,,,,,,,,,,,,
,,,,,,,,,,,,,,,,,326,2,2024-03-12_01h06.14.197,Symbol-E,2020.1.3,Win32,Firefox,Mozilla/5.0 (Windows NT 10.0; Win64; x64; rv:123.0) Gecko/20100101 Firefox/123.0,60,,,,,,,,,,,,,,,,,,,,,,,,,,,,,,,,,,,,,,media/djnb.png,4,0,Symb,h,RT,0,0,0,1,8,0,71,0,1,4,99,h,0.601,4,1,h,1,0.601,71,0,71,0,1,,,,,,,,,,,,,
,,,,,,,,,,,,,,,,,326,2,2024-03-12_01h06.14.197,Symbol-E,2020.1.3,Win32,Firefox,Mozilla/5.0 (Windows NT 10.0; Win64; x64; rv:123.0) Gecko/20100101 Firefox/123.0,60,,,,,,,,,,,,,,,,,,,,,,,,,,,,,,,,,,,,,,media/dmnb.png,1,1,Symb,w,RT,0,0,0,1,8,0,72,0,1,4,99,w,0.618,1,1,w,1,0.618,72,0,72,0,1,,,,,,,,,,,,,
,,,,,,,,,,,,,,,,,326,2,2024-03-12_01h06.14.197,Symbol-E,2020.1.3,Win32,Firefox,Mozilla/5.0 (Windows NT 10.0; Win64; x64; rv:123.0) Gecko/20100101 Firefox/123.0,60,,,,,,,,,,,,,,,,,,,,,,,,,,,,,,,,,,,,,,media/dnnb.png,5,1,Symb,u,RT,0,0,0,1,8,0,73,0,1,4,99,u,0.549,5,1,u,1,0.549,73,0,73,0,1,,,,,,,,,,,,,
,,,,,,,,,,,,,,,,,326,2,2024-03-12_01h06.14.197,Symbol-E,2020.1.3,Win32,Firefox,Mozilla/5.0 (Windows NT 10.0; Win64; x64; rv:123.0) Gecko/20100101 Firefox/123.0,60,,,,,,,,,,,,,,,,,,,,,,,,,,,,,,,,,,,,,,media/dinb.png,6,2,Symb,i,RT,0,0,0,1,8,0,74,0,1,4,99,i,0.532,6,1,i,1,0.532,74,0,74,0,1,,,,,,,,,,,,,
,,,,,,,,,,,,,,,,,326,2,2024-03-12_01h06.14.197,Symbol-E,2020.1.3,Win32,Firefox,Mozilla/5.0 (Windows NT 10.0; Win64; x64; rv:123.0) Gecko/20100101 Firefox/123.0,60,,,,,,,,,,,,,,,,,,,,,,,,,,,,,,,,,,,,,,media/dcnb.png,2,2,Symb,e,RT,0,0,0,1,8,0,75,0,1,4,99,e,0.649,2,1,e,1,0.649,75,0,75,0,1,,,,,,,,,,,,,
,,,,,,,,,,,,,,,,,326,2,2024-03-12_01h06.14.197,Symbol-E,2020.1.3,Win32,Firefox,Mozilla/5.0 (Windows NT 10.0; Win64; x64; rv:123.0) Gecko/20100101 Firefox/123.0,60,,,,,,,,,,,,,,,,,,,,,,,,,,,,,,,,,,,,,,media/dinb.png,6,2,Symb,i,RT,0,0,0,1,8,0,76,0,1,4,99,i,0.482,6,1,i,1,0.482,76,0,76,0,1,,,,,,,,,,,,,
,,,,,,,,,,,,,,,,,326,2,2024-03-12_01h06.14.197,Symbol-E,2020.1.3,Win32,Firefox,Mozilla/5.0 (Windows NT 10.0; Win64; x64; rv:123.0) Gecko/20100101 Firefox/123.0,60,,,,,,,,,,,,,,,,,,,,,,,,,,,,,,,,,,,,,,media/dfnb.png,3,3,Symb,f,RT,0,0,0,1,8,0,77,0,1,4,99,f,0.581,3,1,f,1,0.581,77,0,77,0,1,,,,,,,,,,,,,
,,,,,,,,,,,,,,,,,326,2,2024-03-12_01h06.14.197,Symbol-E,2020.1.3,Win32,Firefox,Mozilla/5.0 (Windows NT 10.0; Win64; x64; rv:123.0) Gecko/20100101 Firefox/123.0,60,,,,,,,,,,,,,,,,,,,,,,,,,,,,,,,,,,,,,,media/ddnb.png,7,3,Symb,l,RT,0,0,0,1,8,0,78,0,1,4,99,l,0.618,7,1,l,1,0.618,78,0,78,0,1,,,,,,,,,,,,,
,,,,,,,,,,,,,,,,,326,2,2024-03-12_01h06.14.197,Symbol-E,2020.1.3,Win32,Firefox,Mozilla/5.0 (Windows NT 10.0; Win64; x64; rv:123.0) Gecko/20100101 Firefox/123.0,60,,,,,,,,,,,,,,,,,,,,,,,,,,,,,,,,,,,,,,media/dcnb.png,2,2,Symb,e,RT,0,0,0,1,8,0,79,0,1,4,99,e,0.616,2,1,e,1,0.616,79,0,79,0,1,,,,,,,,,,,,,
,,,,,,,,,,,,,,,,,326,2,2024-03-12_01h06.14.197,Symbol-E,2020.1.3,Win32,Firefox,Mozilla/5.0 (Windows NT 10.0; Win64; x64; rv:123.0) Gecko/20100101 Firefox/123.0,60,,,,,,,,,,,,,,,,,,,,,,,,,,,,,,,,,,,,,,media/dnnb.png,5,1,Symb,u,RT,0,0,0,1,8,0,80,0,1,4,99,u,0.583,5,1,u,1,0.583,80,0,80,0,1,,,,,,,,,,,,,
,,,,,,,,,,,,,,,,,326,2,2024-03-12_01h06.14.197,Symbol-E,2020.1.3,Win32,Firefox,Mozilla/5.0 (Windows NT 10.0; Win64; x64; rv:123.0) Gecko/20100101 Firefox/123.0,60,,,,,,,,,,,,,,,,,,,,,,,,,,,,,,,,,,,,,,media/dfnb.png,3,3,Symb,f,RT,0,0,0,1,8,0,81,0,1,4,99,f,0.584,3,1,f,1,0.584,81,0,81,0,1,,,,,,,,,,,,,
,,,,,,,,,,,,,,,,,326,2,2024-03-12_01h06.14.197,Symbol-E,2020.1.3,Win32,Firefox,Mozilla/5.0 (Windows NT 10.0; Win64; x64; rv:123.0) Gecko/20100101 Firefox/123.0,60,,,,,,,,,,,,,,,,,,,,,,,,,,,,,,,,,,,,,,media/dmnb.png,1,1,Symb,w,RT,0,0,0,1,8,0,82,0,1,4,99,w,0.534,1,1,w,1,0.534,82,0,82,0,1,,,,,,,,,,,,,
,,,,,,,,,,,,,,,,,326,2,2024-03-12_01h06.14.197,Symbol-E,2020.1.3,Win32,Firefox,Mozilla/5.0 (Windows NT 10.0; Win64; x64; rv:123.0) Gecko/20100101 Firefox/123.0,60,,,,,,,,,,,,,,,,,,,,,,,,,,,,,,,,,,,,,,media/dinb.png,6,2,Symb,i,RT,0,0,0,1,8,0,83,0,1,4,99,i,0.469,6,1,i,1,0.469,83,0,83,0,1,,,,,,,,,,,,,
,,,,,,,,,,,,,,,,,326,2,2024-03-12_01h06.14.197,Symbol-E,2020.1.3,Win32,Firefox,Mozilla/5.0 (Windows NT 10.0; Win64; x64; rv:123.0) Gecko/20100101 Firefox/123.0,60,,,,,,,,,,,,,,,,,,,,,,,,,,,,,,,,,,,,,,media/dcnb.png,2,2,Symb,e,RT,0,0,0,1,8,0,84,0,1,4,99,e,1.197,2,1,e,1,1.197,84,0,84,0,1,,,,,,,,,,,,,
,,,,,,,,,,,,,,,,,326,2,2024-03-12_01h06.14.197,Symbol-E,2020.1.3,Win32,Firefox,Mozilla/5.0 (Windows NT 10.0; Win64; x64; rv:123.0) Gecko/20100101 Firefox/123.0,60,,,,,,,,,,,,,,,,,,,,,,,,,,,,,,,,,,,,,,media/djnb.png,4,0,Symb,h,RT,0,0,0,1,8,0,85,0,1,4,99,h,0.486,4,1,h,1,0.486,85,0,85,0,1,,,,,,,,,,,,,
,,,,,,,,,,,,,,,,,326,2,2024-03-12_01h06.14.197,Symbol-E,2020.1.3,Win32,Firefox,Mozilla/5.0 (Windows NT 10.0; Win64; x64; rv:123.0) Gecko/20100101 Firefox/123.0,60,,,,,,,,,,,,,,,,,,,,,,,,,,,,,,,,,,,,,,media/dmnb.png,1,1,Symb,w,RT,0,0,0,1,8,0,86,0,1,4,99,w,0.517,1,1,w,1,0.517,86,0,86,0,1,,,,,,,,,,,,,
,,,,,,,,,,,,,,,,,326,2,2024-03-12_01h06.14.197,Symbol-E,2020.1.3,Win32,Firefox,Mozilla/5.0 (Windows NT 10.0; Win64; x64; rv:123.0) Gecko/20100101 Firefox/123.0,60,,,,,,,,,,,,,,,,,,,,,,,,,,,,,,,,,,,,,,media/ddnb.png,7,3,Symb,l,RT,0,0,0,1,8,0,87,0,1,4,99,l,0.535,7,1,l,1,0.535,87,0,87,0,1,,,,,,,,,,,,,
,,,,,,,,,,,,,,,,,326,2,2024-03-12_01h06.14.197,Symbol-E,2020.1.3,Win32,Firefox,Mozilla/5.0 (Windows NT 10.0; Win64; x64; rv:123.0) Gecko/20100101 Firefox/123.0,60,,,,,,,,,,,,,,,,,,,,,,,,,,,,,,,,,,,,,,media/dinb.png,6,2,Symb,i,RT,0,0,0,1,8,0,88,0,1,4,99,i,0.733,6,1,i,1,0.733,88,0,88,0,1,,,,,,,,,,,,,
,,,,,,,,,,,,,,,,,326,2,2024-03-12_01h06.14.197,Symbol-E,2020.1.3,Win32,Firefox,Mozilla/5.0 (Windows NT 10.0; Win64; x64; rv:123.0) Gecko/20100101 Firefox/123.0,60,,,,,,,,,,,,,,,,,,,,,,,,,,,,,,,,,,,,,,media/dnnb.png,5,1,Symb,u,RT,0,0,0,1,8,0,89,0,1,4,99,u,0.519,5,1,u,1,0.519,89,0,89,0,1,,,,,,,,,,,,,
,,,,,,,,,,,,,,,,,326,2,2024-03-12_01h06.14.197,Symbol-E,2020.1.3,Win32,Firefox,Mozilla/5.0 (Windows NT 10.0; Win64; x64; rv:123.0) Gecko/20100101 Firefox/123.0,60,,,,,,,,,,,,,,,,,,,,,,,,,,,,,,,,,,,,,,media/dgnb.png,0,0,Symb,a,RT,0,0,0,1,8,0,90,0,1,4,99,a,0.629,0,1,a,1,0.629,90,0,90,0,1,,,,,,,,,,,,,
,,,,,,,,,,,,,,,,,326,2,2024-03-12_01h06.14.197,Symbol-E,2020.1.3,Win32,Firefox,Mozilla/5.0 (Windows NT 10.0; Win64; x64; rv:123.0) Gecko/20100101 Firefox/123.0,60,,,,,,,,,,,,,,,,,,,,,,,,,,,,,,,,,,,,,,media/dfnb.png,3,3,Symb,f,RT,0,0,0,1,8,0,91,0,1,4,99,f,0.567,3,1,f,1,0.567,91,0,91,0,1,,,,,,,,,,,,,
,,,,,,,,,,,,,,,,,326,2,2024-03-12_01h06.14.197,Symbol-E,2020.1.3,Win32,Firefox,Mozilla/5.0 (Windows NT 10.0; Win64; x64; rv:123.0) Gecko/20100101 Firefox/123.0,60,,,,,,,,,,,,,,,,,,,,,,,,,,,,,,,,,,,,,,media/dgnb.png,0,0,Symb,a,RT,0,0,0,1,8,0,92,0,1,4,99,a,0.582,0,1,a,1,0.582,92,0,92,0,1,,,,,,,,,,,,,
,,,,,,,,,,,,,,,,,326,2,2024-03-12_01h06.14.197,Symbol-E,2020.1.3,Win32,Firefox,Mozilla/5.0 (Windows NT 10.0; Win64; x64; rv:123.0) Gecko/20100101 Firefox/123.0,60,,,,,,,,,,,,,,,,,,,,,,,,,,,,,,,,,,,,,,media/dcnb.png,2,2,Symb,e,RT,0,0,0,1,8,0,93,0,1,4,99,e,0.615,2,1,e,1,0.615,93,0,93,0,1,,,,,,,,,,,,,
,,,,,,,,,,,,,,,,,326,2,2024-03-12_01h06.14.197,Symbol-E,2020.1.3,Win32,Firefox,Mozilla/5.0 (Windows NT 10.0; Win64; x64; rv:123.0) Gecko/20100101 Firefox/123.0,60,,,,,,,,,,,,,,,,,,,,,,,,,,,,,,,,,,,,,,media/ddnb.png,7,3,Symb,l,RT,0,0,0,1,8,0,94,0,1,4,99,l,0.583,7,1,l,1,0.583,94,0,94,0,1,,,,,,,,,,,,,
,,,,,,,,,,,,,,,,,326,2,2024-03-12_01h06.14.197,Symbol-E,2020.1.3,Win32,Firefox,Mozilla/5.0 (Windows NT 10.0; Win64; x64; rv:123.0) Gecko/20100101 Firefox/123.0,60,,,,,,,,,,,,,,,,,,,,,,,,,,,,,,,,,,,,,,media/djnb.png,4,0,Symb,h,RT,0,0,0,1,8,0,95,0,1,4,99,h,1.083,4,1,h,1,1.083,95,0,95,0,1,,,,,,,,,,,,,
,,,,,,,,,,,,,,,,,326,2,2024-03-12_01h06.14.197,Symbol-E,2020.1.3,Win32,Firefox,Mozilla/5.0 (Windows NT 10.0; Win64; x64; rv:123.0) Gecko/20100101 Firefox/123.0,60,,,,,,,,,,,,,,,,,,,,,,,,,,,,,,,,,,,,,,,,,,,,,,,,,,,,,,,,,,,,,,,,,,,3,0,3,0,1,,,,,,,,
,,,,,,,,,,,,,,,,,326,2,2024-03-12_01h06.14.197,Symbol-E,2020.1.3,Win32,Firefox,Mozilla/5.0 (Windows NT 10.0; Win64; x64; rv:123.0) Gecko/20100101 Firefox/123.0,60,,,,,,,,,,,,,,,,,,,,,,,,,,,,,,,,,,,,h,0.151,media/dgnb.png,0,0,Symb,a,RT,0,0,0,1,8,0,0,0,1,5,99,a,0.534,0,1,a,1,0.534,0,0,0,0,1,,,,,,,,,,,,,
,,,,,,,,,,,,,,,,,326,2,2024-03-12_01h06.14.197,Symbol-E,2020.1.3,Win32,Firefox,Mozilla/5.0 (Windows NT 10.0; Win64; x64; rv:123.0) Gecko/20100101 Firefox/123.0,60,,,,,,,,,,,,,,,,,,,,,,,,,,,,,,,,,,,,,,media/dcnb.png,2,2,Symb,e,RT,0,0,0,1,8,0,1,0,1,5,99,e,1.086,2,1,e,1,1.086,1,0,1,0,1,,,,,,,,,,,,,
,,,,,,,,,,,,,,,,,326,2,2024-03-12_01h06.14.197,Symbol-E,2020.1.3,Win32,Firefox,Mozilla/5.0 (Windows NT 10.0; Win64; x64; rv:123.0) Gecko/20100101 Firefox/123.0,60,,,,,,,,,,,,,,,,,,,,,,,,,,,,,,,,,,,,,,media/dnnb.png,5,1,Symb,u,RT,0,0,0,1,8,0,2,0,1,5,99,u,0.598,5,1,u,1,0.598,2,0,2,0,1,,,,,,,,,,,,,
,,,,,,,,,,,,,,,,,326,2,2024-03-12_01h06.14.197,Symbol-E,2020.1.3,Win32,Firefox,Mozilla/5.0 (Windows NT 10.0; Win64; x64; rv:123.0) Gecko/20100101 Firefox/123.0,60,,,,,,,,,,,,,,,,,,,,,,,,,,,,,,,,,,,,,,media/djnb.png,4,0,Symb,h,RT,0,0,0,1,8,0,3,0,1,5,99,h,0.654,4,1,h,1,0.654,3,0,3,0,1,,,,,,,,,,,,,
,,,,,,,,,,,,,,,,,326,2,2024-03-12_01h06.14.197,Symbol-E,2020.1.3,Win32,Firefox,Mozilla/5.0 (Windows NT 10.0; Win64; x64; rv:123.0) Gecko/20100101 Firefox/123.0,60,,,,,,,,,,,,,,,,,,,,,,,,,,,,,,,,,,,,,,media/dgnb.png,0,0,Symb,a,RT,0,0,0,1,8,0,4,0,1,5,99,a,0.554,0,1,a,1,0.554,4,0,4,0,1,,,,,,,,,,,,,
,,,,,,,,,,,,,,,,,326,2,2024-03-12_01h06.14.197,Symbol-E,2020.1.3,Win32,Firefox,Mozilla/5.0 (Windows NT 10.0; Win64; x64; rv:123.0) Gecko/20100101 Firefox/123.0,60,,,,,,,,,,,,,,,,,,,,,,,,,,,,,,,,,,,,,,media/dcnb.png,2,2,Symb,e,RT,0,0,0,1,8,0,5,0,1,5,99,e,0.697,2,1,e,1,0.697,5,0,5,0,1,,,,,,,,,,,,,
,,,,,,,,,,,,,,,,,326,2,2024-03-12_01h06.14.197,Symbol-E,2020.1.3,Win32,Firefox,Mozilla/5.0 (Windows NT 10.0; Win64; x64; rv:123.0) Gecko/20100101 Firefox/123.0,60,,,,,,,,,,,,,,,,,,,,,,,,,,,,,,,,,,,,,,media/dfnb.png,3,3,Symb,f,RT,0,0,0,1,8,0,6,0,1,5,99,f,0.502,3,1,f,1,0.502,6,0,6,0,1,,,,,,,,,,,,,
,,,,,,,,,,,,,,,,,326,2,2024-03-12_01h06.14.197,Symbol-E,2020.1.3,Win32,Firefox,Mozilla/5.0 (Windows NT 10.0; Win64; x64; rv:123.0) Gecko/20100101 Firefox/123.0,60,,,,,,,,,,,,,,,,,,,,,,,,,,,,,,,,,,,,,,media/ddnb.png,7,3,Symb,l,RT,0,0,0,1,8,0,7,0,1,5,99,l,0.596,7,1,l,1,0.596,7,0,7,0,1,,,,,,,,,,,,,
,,,,,,,,,,,,,,,,,326,2,2024-03-12_01h06.14.197,Symbol-E,2020.1.3,Win32,Firefox,Mozilla/5.0 (Windows NT 10.0; Win64; x64; rv:123.0) Gecko/20100101 Firefox/123.0,60,,,,,,,,,,,,,,,,,,,,,,,,,,,,,,,,,,,,,,media/dnnb.png,5,1,Symb,u,RT,0,0,0,1,8,0,8,0,1,5,99,u,0.585,5,1,u,1,0.585,8,0,8,0,1,,,,,,,,,,,,,
,,,,,,,,,,,,,,,,,326,2,2024-03-12_01h06.14.197,Symbol-E,2020.1.3,Win32,Firefox,Mozilla/5.0 (Windows NT 10.0; Win64; x64; rv:123.0) Gecko/20100101 Firefox/123.0,60,,,,,,,,,,,,,,,,,,,,,,,,,,,,,,,,,,,,,,media/dmnb.png,1,1,Symb,w,RT,0,0,0,1,8,0,9,0,1,5,99,w,0.583,1,1,w,1,0.583,9,0,9,0,1,,,,,,,,,,,,,
,,,,,,,,,,,,,,,,,326,2,2024-03-12_01h06.14.197,Symbol-E,2020.1.3,Win32,Firefox,Mozilla/5.0 (Windows NT 10.0; Win64; x64; rv:123.0) Gecko/20100101 Firefox/123.0,60,,,,,,,,,,,,,,,,,,,,,,,,,,,,,,,,,,,,,,media/djnb.png,4,0,Symb,h,RT,0,0,0,1,8,0,10,0,1,5,99,h,0.549,4,1,h,1,0.549,10,0,10,0,1,,,,,,,,,,,,,
,,,,,,,,,,,,,,,,,326,2,2024-03-12_01h06.14.197,Symbol-E,2020.1.3,Win32,Firefox,Mozilla/5.0 (Windows NT 10.0; Win64; x64; rv:123.0) Gecko/20100101 Firefox/123.0,60,,,,,,,,,,,,,,,,,,,,,,,,,,,,,,,,,,,,,,media/dfnb.png,3,3,Symb,f,RT,0,0,0,1,8,0,11,0,1,5,99,f,0.646,3,1,f,1,0.646,11,0,11,0,1,,,,,,,,,,,,,
,,,,,,,,,,,,,,,,,326,2,2024-03-12_01h06.14.197,Symbol-E,2020.1.3,Win32,Firefox,Mozilla/5.0 (Windows NT 10.0; Win64; x64; rv:123.0) Gecko/20100101 Firefox/123.0,60,,,,,,,,,,,,,,,,,,,,,,,,,,,,,,,,,,,,,,media/dinb.png,6,2,Symb,i,RT,0,0,0,1,8,0,12,0,1,5,99,i,0.484,6,1,i,1,0.484,12,0,12,0,1,,,,,,,,,,,,,
,,,,,,,,,,,,,,,,,326,2,2024-03-12_01h06.14.197,Symbol-E,2020.1.3,Win32,Firefox,Mozilla/5.0 (Windows NT 10.0; Win64; x64; rv:123.0) Gecko/20100101 Firefox/123.0,60,,,,,,,,,,,,,,,,,,,,,,,,,,,,,,,,,,,,,,media/ddnb.png,7,3,Symb,l,RT,0,0,0,1,8,0,13,0,1,5,99,l,0.584,7,1,l,1,0.584,13,0,13,0,1,,,,,,,,,,,,,
,,,,,,,,,,,,,,,,,326,2,2024-03-12_01h06.14.197,Symbol-E,2020.1.3,Win32,Firefox,Mozilla/5.0 (Windows NT 10.0; Win64; x64; rv:123.0) Gecko/20100101 Firefox/123.0,60,,,,,,,,,,,,,,,,,,,,,,,,,,,,,,,,,,,,,,media/dinb.png,6,2,Symb,i,RT,0,0,0,1,8,0,14,0,1,5,99,i,0.476,6,1,i,1,0.476,14,0,14,0,1,,,,,,,,,,,,,
,,,,,,,,,,,,,,,,,326,2,2024-03-12_01h06.14.197,Symbol-E,2020.1.3,Win32,Firefox,Mozilla/5.0 (Windows NT 10.0; Win64; x64; rv:123.0) Gecko/20100101 Firefox/123.0,60,,,,,,,,,,,,,,,,,,,,,,,,,,,,,,,,,,,,,,media/dmnb.png,1,1,Symb,w,RT,0,0,0,1,8,0,15,0,1,5,99,w,0.636,1,1,w,1,0.636,15,0,15,0,1,,,,,,,,,,,,,
,,,,,,,,,,,,,,,,,326,2,2024-03-12_01h06.14.197,Symbol-E,2020.1.3,Win32,Firefox,Mozilla/5.0 (Windows NT 10.0; Win64; x64; rv:123.0) Gecko/20100101 Firefox/123.0,60,,,,,,,,,,,,,,,,,,,,,,,,,,,,,,,,,,,,,,media/dinb.png,6,2,Symb,i,RT,0,0,0,1,8,0,16,0,1,5,99,i,0.592,6,1,i,1,0.592,16,0,16,0,1,,,,,,,,,,,,,
,,,,,,,,,,,,,,,,,326,2,2024-03-12_01h06.14.197,Symbol-E,2020.1.3,Win32,Firefox,Mozilla/5.0 (Windows NT 10.0; Win64; x64; rv:123.0) Gecko/20100101 Firefox/123.0,60,,,,,,,,,,,,,,,,,,,,,,,,,,,,,,,,,,,,,,media/djnb.png,4,0,Symb,h,RT,0,0,0,1,8,0,17,0,1,5,99,h,0.585,4,1,h,1,0.585,17,0,17,0,1,,,,,,,,,,,,,
,,,,,,,,,,,,,,,,,326,2,2024-03-12_01h06.14.197,Symbol-E,2020.1.3,Win32,Firefox,Mozilla/5.0 (Windows NT 10.0; Win64; x64; rv:123.0) Gecko/20100101 Firefox/123.0,60,,,,,,,,,,,,,,,,,,,,,,,,,,,,,,,,,,,,,,media/dgnb.png,0,0,Symb,a,RT,0,0,0,1,8,0,18,0,1,5,99,a,0.581,0,1,a,1,0.581,18,0,18,0,1,,,,,,,,,,,,,
,,,,,,,,,,,,,,,,,326,2,2024-03-12_01h06.14.197,Symbol-E,2020.1.3,Win32,Firefox,Mozilla/5.0 (Windows NT 10.0; Win64; x64; rv:123.0) Gecko/20100101 Firefox/123.0,60,,,,,,,,,,,,,,,,,,,,,,,,,,,,,,,,,,,,,,media/dinb.png,6,2,Symb,i,RT,0,0,0,1,8,0,19,0,1,5,99,l,0.65,7,0,l,0,0.65,19,0,19,0,1,,,,,,,,,,,,,
,,,,,,,,,,,,,,,,,326,2,2024-03-12_01h06.14.197,Symbol-E,2020.1.3,Win32,Firefox,Mozilla/5.0 (Windows NT 10.0; Win64; x64; rv:123.0) Gecko/20100101 Firefox/123.0,60,,,,,,,,,,,,,,,,,,,,,,,,,,,,,,,,,,,,,,media/dcnb.png,2,2,Symb,e,RT,0,0,0,1,8,0,20,0,1,5,99,e,0.603,2,1,e,1,0.603,20,0,20,0,1,,,,,,,,,,,,,
,,,,,,,,,,,,,,,,,326,2,2024-03-12_01h06.14.197,Symbol-E,2020.1.3,Win32,Firefox,Mozilla/5.0 (Windows NT 10.0; Win64; x64; rv:123.0) Gecko/20100101 Firefox/123.0,60,,,,,,,,,,,,,,,,,,,,,,,,,,,,,,,,,,,,,,media/djnb.png,4,0,Symb,h,RT,0,0,0,1,8,0,21,0,1,5,99,h,0.582,4,1,h,1,0.582,21,0,21,0,1,,,,,,,,,,,,,
,,,,,,,,,,,,,,,,,326,2,2024-03-12_01h06.14.197,Symbol-E,2020.1.3,Win32,Firefox,Mozilla/5.0 (Windows NT 10.0; Win64; x64; rv:123.0) Gecko/20100101 Firefox/123.0,60,,,,,,,,,,,,,,,,,,,,,,,,,,,,,,,,,,,,,,media/dfnb.png,3,3,Symb,f,RT,0,0,0,1,8,0,22,0,1,5,99,f,0.515,3,1,f,1,0.515,22,0,22,0,1,,,,,,,,,,,,,
,,,,,,,,,,,,,,,,,326,2,2024-03-12_01h06.14.197,Symbol-E,2020.1.3,Win32,Firefox,Mozilla/5.0 (Windows NT 10.0; Win64; x64; rv:123.0) Gecko/20100101 Firefox/123.0,60,,,,,,,,,,,,,,,,,,,,,,,,,,,,,,,,,,,,,,media/dgnb.png,0,0,Symb,a,RT,0,0,0,1,8,0,23,0,1,5,99,a,0.547,0,1,a,1,0.547,23,0,23,0,1,,,,,,,,,,,,,
,,,,,,,,,,,,,,,,,326,2,2024-03-12_01h06.14.197,Symbol-E,2020.1.3,Win32,Firefox,Mozilla/5.0 (Windows NT 10.0; Win64; x64; rv:123.0) Gecko/20100101 Firefox/123.0,60,,,,,,,,,,,,,,,,,,,,,,,,,,,,,,,,,,,,,,media/ddnb.png,7,3,Symb,l,RT,0,0,0,1,8,0,24,0,1,5,99,l,0.564,7,1,l,1,0.564,24,0,24,0,1,,,,,,,,,,,,,
,,,,,,,,,,,,,,,,,326,2,2024-03-12_01h06.14.197,Symbol-E,2020.1.3,Win32,Firefox,Mozilla/5.0 (Windows NT 10.0; Win64; x64; rv:123.0) Gecko/20100101 Firefox/123.0,60,,,,,,,,,,,,,,,,,,,,,,,,,,,,,,,,,,,,,,media/dcnb.png,2,2,Symb,e,RT,0,0,0,1,8,0,25,0,1,5,99,e,0.598,2,1,e,1,0.598,25,0,25,0,1,,,,,,,,,,,,,
,,,,,,,,,,,,,,,,,326,2,2024-03-12_01h06.14.197,Symbol-E,2020.1.3,Win32,Firefox,Mozilla/5.0 (Windows NT 10.0; Win64; x64; rv:123.0) Gecko/20100101 Firefox/123.0,60,,,,,,,,,,,,,,,,,,,,,,,,,,,,,,,,,,,,,,media/dnnb.png,5,1,Symb,u,RT,0,0,0,1,8,0,26,0,1,5,99,u,0.596,5,1,u,1,0.596,26,0,26,0,1,,,,,,,,,,,,,
,,,,,,,,,,,,,,,,,326,2,2024-03-12_01h06.14.197,Symbol-E,2020.1.3,Win32,Firefox,Mozilla/5.0 (Windows NT 10.0; Win64; x64; rv:123.0) Gecko/20100101 Firefox/123.0,60,,,,,,,,,,,,,,,,,,,,,,,,,,,,,,,,,,,,,,media/dnnb.png,5,1,Symb,u,RT,0,0,0,1,8,0,27,0,1,5,99,u,0.433,5,1,u,1,0.433,27,0,27,0,1,,,,,,,,,,,,,
,,,,,,,,,,,,,,,,,326,2,2024-03-12_01h06.14.197,Symbol-E,2020.1.3,Win32,Firefox,Mozilla/5.0 (Windows NT 10.0; Win64; x64; rv:123.0) Gecko/20100101 Firefox/123.0,60,,,,,,,,,,,,,,,,,,,,,,,,,,,,,,,,,,,,,,media/dmnb.png,1,1,Symb,w,RT,0,0,0,1,8,0,28,0,1,5,99,w,0.548,1,1,w,1,0.548,28,0,28,0,1,,,,,,,,,,,,,
,,,,,,,,,,,,,,,,,326,2,2024-03-12_01h06.14.197,Symbol-E,2020.1.3,Win32,Firefox,Mozilla/5.0 (Windows NT 10.0; Win64; x64; rv:123.0) Gecko/20100101 Firefox/123.0,60,,,,,,,,,,,,,,,,,,,,,,,,,,,,,,,,,,,,,,media/dfnb.png,3,3,Symb,f,RT,0,0,0,1,8,0,29,0,1,5,99,f,0.517,3,1,f,1,0.517,29,0,29,0,1,,,,,,,,,,,,,
,,,,,,,,,,,,,,,,,326,2,2024-03-12_01h06.14.197,Symbol-E,2020.1.3,Win32,Firefox,Mozilla/5.0 (Windows NT 10.0; Win64; x64; rv:123.0) Gecko/20100101 Firefox/123.0,60,,,,,,,,,,,,,,,,,,,,,,,,,,,,,,,,,,,,,,media/dmnb.png,1,1,Symb,w,RT,0,0,0,1,8,0,30,0,1,5,99,w,0.384,1,1,w,1,0.384,30,0,30,0,1,,,,,,,,,,,,,
,,,,,,,,,,,,,,,,,326,2,2024-03-12_01h06.14.197,Symbol-E,2020.1.3,Win32,Firefox,Mozilla/5.0 (Windows NT 10.0; Win64; x64; rv:123.0) Gecko/20100101 Firefox/123.0,60,,,,,,,,,,,,,,,,,,,,,,,,,,,,,,,,,,,,,,media/ddnb.png,7,3,Symb,l,RT,0,0,0,1,8,0,31,0,1,5,99,l,0.583,7,1,l,1,0.583,31,0,31,0,1,,,,,,,,,,,,,
,,,,,,,,,,,,,,,,,326,2,2024-03-12_01h06.14.197,Symbol-E,2020.1.3,Win32,Firefox,Mozilla/5.0 (Windows NT 10.0; Win64; x64; rv:123.0) Gecko/20100101 Firefox/123.0,60,,,,,,,,,,,,,,,,,,,,,,,,,,,,,,,,,,,,,,media/dnnb.png,5,1,Symb,u,RT,0,0,0,1,8,0,32,0,1,5,99,u,0.551,5,1,u,1,0.551,32,0,32,0,1,,,,,,,,,,,,,
,,,,,,,,,,,,,,,,,326,2,2024-03-12_01h06.14.197,Symbol-E,2020.1.3,Win32,Firefox,Mozilla/5.0 (Windows NT 10.0; Win64; x64; rv:123.0) Gecko/20100101 Firefox/123.0,60,,,,,,,,,,,,,,,,,,,,,,,,,,,,,,,,,,,,,,media/dgnb.png,0,0,Symb,a,RT,0,0,0,1,8,0,33,0,1,5,99,a,0.548,0,1,a,1,0.548,33,0,33,0,1,,,,,,,,,,,,,
,,,,,,,,,,,,,,,,,326,2,2024-03-12_01h06.14.197,Symbol-E,2020.1.3,Win32,Firefox,Mozilla/5.0 (Windows NT 10.0; Win64; x64; rv:123.0) Gecko/20100101 Firefox/123.0,60,,,,,,,,,,,,,,,,,,,,,,,,,,,,,,,,,,,,,,media/dfnb.png,3,3,Symb,f,RT,0,0,0,1,8,0,34,0,1,5,99,f,0.553,3,1,f,1,0.553,34,0,34,0,1,,,,,,,,,,,,,
,,,,,,,,,,,,,,,,,326,2,2024-03-12_01h06.14.197,Symbol-E,2020.1.3,Win32,Firefox,Mozilla/5.0 (Windows NT 10.0; Win64; x64; rv:123.0) Gecko/20100101 Firefox/123.0,60,,,,,,,,,,,,,,,,,,,,,,,,,,,,,,,,,,,,,,media/dgnb.png,0,0,Symb,a,RT,0,0,0,1,8,0,35,0,1,5,99,f,0.454,3,0,f,0,0.454,35,0,35,0,1,,,,,,,,,,,,,
,,,,,,,,,,,,,,,,,326,2,2024-03-12_01h06.14.197,Symbol-E,2020.1.3,Win32,Firefox,Mozilla/5.0 (Windows NT 10.0; Win64; x64; rv:123.0) Gecko/20100101 Firefox/123.0,60,,,,,,,,,,,,,,,,,,,,,,,,,,,,,,,,,,,,,,media/dfnb.png,3,3,Symb,f,RT,0,0,0,1,8,0,36,0,1,5,99,f,0.566,3,1,f,1,0.566,36,0,36,0,1,,,,,,,,,,,,,
,,,,,,,,,,,,,,,,,326,2,2024-03-12_01h06.14.197,Symbol-E,2020.1.3,Win32,Firefox,Mozilla/5.0 (Windows NT 10.0; Win64; x64; rv:123.0) Gecko/20100101 Firefox/123.0,60,,,,,,,,,,,,,,,,,,,,,,,,,,,,,,,,,,,,,,media/ddnb.png,7,3,Symb,l,RT,0,0,0,1,8,0,37,0,1,5,99,l,0.529,7,1,l,1,0.529,37,0,37,0,1,,,,,,,,,,,,,
,,,,,,,,,,,,,,,,,326,2,2024-03-12_01h06.14.197,Symbol-E,2020.1.3,Win32,Firefox,Mozilla/5.0 (Windows NT 10.0; Win64; x64; rv:123.0) Gecko/20100101 Firefox/123.0,60,,,,,,,,,,,,,,,,,,,,,,,,,,,,,,,,,,,,,,media/dcnb.png,2,2,Symb,e,RT,0,0,0,1,8,0,38,0,1,5,99,e,0.625,2,1,e,1,0.625,38,0,38,0,1,,,,,,,,,,,,,
,,,,,,,,,,,,,,,,,326,2,2024-03-12_01h06.14.197,Symbol-E,2020.1.3,Win32,Firefox,Mozilla/5.0 (Windows NT 10.0; Win64; x64; rv:123.0) Gecko/20100101 Firefox/123.0,60,,,,,,,,,,,,,,,,,,,,,,,,,,,,,,,,,,,,,,media/dinb.png,6,2,Symb,i,RT,0,0,0,1,8,0,39,0,1,5,99,i,0.499,6,1,i,1,0.499,39,0,39,0,1,,,,,,,,,,,,,
,,,,,,,,,,,,,,,,,326,2,2024-03-12_01h06.14.197,Symbol-E,2020.1.3,Win32,Firefox,Mozilla/5.0 (Windows NT 10.0; Win64; x64; rv:123.0) Gecko/20100101 Firefox/123.0,60,,,,,,,,,,,,,,,,,,,,,,,,,,,,,,,,,,,,,,media/dmnb.png,1,1,Symb,w,RT,0,0,0,1,8,0,40,0,1,5,99,w,0.532,1,1,w,1,0.532,40,0,40,0,1,,,,,,,,,,,,,
,,,,,,,,,,,,,,,,,326,2,2024-03-12_01h06.14.197,Symbol-E,2020.1.3,Win32,Firefox,Mozilla/5.0 (Windows NT 10.0; Win64; x64; rv:123.0) Gecko/20100101 Firefox/123.0,60,,,,,,,,,,,,,,,,,,,,,,,,,,,,,,,,,,,,,,media/djnb.png,4,0,Symb,h,RT,0,0,0,1,8,0,41,0,1,5,99,h,0.566,4,1,h,1,0.566,41,0,41,0,1,,,,,,,,,,,,,
,,,,,,,,,,,,,,,,,326,2,2024-03-12_01h06.14.197,Symbol-E,2020.1.3,Win32,Firefox,Mozilla/5.0 (Windows NT 10.0; Win64; x64; rv:123.0) Gecko/20100101 Firefox/123.0,60,,,,,,,,,,,,,,,,,,,,,,,,,,,,,,,,,,,,,,media/dmnb.png,1,1,Symb,w,RT,0,0,0,1,8,0,42,0,1,5,99,h,0.453,4,0,h,0,0.453,42,0,42,0,1,,,,,,,,,,,,,
,,,,,,,,,,,,,,,,,326,2,2024-03-12_01h06.14.197,Symbol-E,2020.1.3,Win32,Firefox,Mozilla/5.0 (Windows NT 10.0; Win64; x64; rv:123.0) Gecko/20100101 Firefox/123.0,60,,,,,,,,,,,,,,,,,,,,,,,,,,,,,,,,,,,,,,media/ddnb.png,7,3,Symb,l,RT,0,0,0,1,8,0,43,0,1,5,99,l,0.603,7,1,l,1,0.603,43,0,43,0,1,,,,,,,,,,,,,
,,,,,,,,,,,,,,,,,326,2,2024-03-12_01h06.14.197,Symbol-E,2020.1.3,Win32,Firefox,Mozilla/5.0 (Windows NT 10.0; Win64; x64; rv:123.0) Gecko/20100101 Firefox/123.0,60,,,,,,,,,,,,,,,,,,,,,,,,,,,,,,,,,,,,,,media/dcnb.png,2,2,Symb,e,RT,0,0,0,1,8,0,44,0,1,5,99,e,0.617,2,1,e,1,0.617,44,0,44,0,1,,,,,,,,,,,,,
,,,,,,,,,,,,,,,,,326,2,2024-03-12_01h06.14.197,Symbol-E,2020.1.3,Win32,Firefox,Mozilla/5.0 (Windows NT 10.0; Win64; x64; rv:123.0) Gecko/20100101 Firefox/123.0,60,,,,,,,,,,,,,,,,,,,,,,,,,,,,,,,,,,,,,,media/dinb.png,6,2,Symb,i,RT,0,0,0,1,8,0,45,0,1,5,99,i,0.497,6,1,i,1,0.497,45,0,45,0,1,,,,,,,,,,,,,
,,,,,,,,,,,,,,,,,326,2,2024-03-12_01h06.14.197,Symbol-E,2020.1.3,Win32,Firefox,Mozilla/5.0 (Windows NT 10.0; Win64; x64; rv:123.0) Gecko/20100101 Firefox/123.0,60,,,,,,,,,,,,,,,,,,,,,,,,,,,,,,,,,,,,,,media/djnb.png,4,0,Symb,h,RT,0,0,0,1,8,0,46,0,1,5,99,h,0.533,4,1,h,1,0.533,46,0,46,0,1,,,,,,,,,,,,,
,,,,,,,,,,,,,,,,,326,2,2024-03-12_01h06.14.197,Symbol-E,2020.1.3,Win32,Firefox,Mozilla/5.0 (Windows NT 10.0; Win64; x64; rv:123.0) Gecko/20100101 Firefox/123.0,60,,,,,,,,,,,,,,,,,,,,,,,,,,,,,,,,,,,,,,media/dnnb.png,5,1,Symb,u,RT,0,0,0,1,8,0,47,0,1,5,99,u,0.587,5,1,u,1,0.587,47,0,47,0,1,,,,,,,,,,,,,
,,,,,,,,,,,,,,,,,326,2,2024-03-12_01h06.14.197,Symbol-E,2020.1.3,Win32,Firefox,Mozilla/5.0 (Windows NT 10.0; Win64; x64; rv:123.0) Gecko/20100101 Firefox/123.0,60,,,,,,,,,,,,,,,,,,,,,,,,,,,,,,,,,,,,,,media/dinb.png,6,2,Symb,i,RT,0,0,0,1,8,0,48,0,1,5,99,i,0.9,6,1,i,1,0.9,48,0,48,0,1,,,,,,,,,,,,,
,,,,,,,,,,,,,,,,,326,2,2024-03-12_01h06.14.197,Symbol-E,2020.1.3,Win32,Firefox,Mozilla/5.0 (Windows NT 10.0; Win64; x64; rv:123.0) Gecko/20100101 Firefox/123.0,60,,,,,,,,,,,,,,,,,,,,,,,,,,,,,,,,,,,,,,media/dfnb.png,3,3,Symb,f,RT,0,0,0,1,8,0,49,0,1,5,99,h,0.504,4,0,h,0,0.504,49,0,49,0,1,,,,,,,,,,,,,
,,,,,,,,,,,,,,,,,326,2,2024-03-12_01h06.14.197,Symbol-E,2020.1.3,Win32,Firefox,Mozilla/5.0 (Windows NT 10.0; Win64; x64; rv:123.0) Gecko/20100101 Firefox/123.0,60,,,,,,,,,,,,,,,,,,,,,,,,,,,,,,,,,,,,,,media/ddnb.png,7,3,Symb,l,RT,0,0,0,1,8,0,50,0,1,5,99,l,0.754,7,1,l,1,0.754,50,0,50,0,1,,,,,,,,,,,,,
,,,,,,,,,,,,,,,,,326,2,2024-03-12_01h06.14.197,Symbol-E,2020.1.3,Win32,Firefox,Mozilla/5.0 (Windows NT 10.0; Win64; x64; rv:123.0) Gecko/20100101 Firefox/123.0,60,,,,,,,,,,,,,,,,,,,,,,,,,,,,,,,,,,,,,,media/dmnb.png,1,1,Symb,w,RT,0,0,0,1,8,0,51,0,1,5,99,w,0.796,1,1,w,1,0.796,51,0,51,0,1,,,,,,,,,,,,,
,,,,,,,,,,,,,,,,,326,2,2024-03-12_01h06.14.197,Symbol-E,2020.1.3,Win32,Firefox,Mozilla/5.0 (Windows NT 10.0; Win64; x64; rv:123.0) Gecko/20100101 Firefox/123.0,60,,,,,,,,,,,,,,,,,,,,,,,,,,,,,,,,,,,,,,media/dgnb.png,0,0,Symb,a,RT,0,0,0,1,8,0,52,0,1,5,99,a,0.914,0,1,a,1,0.914,52,0,52,0,1,,,,,,,,,,,,,
,,,,,,,,,,,,,,,,,326,2,2024-03-12_01h06.14.197,Symbol-E,2020.1.3,Win32,Firefox,Mozilla/5.0 (Windows NT 10.0; Win64; x64; rv:123.0) Gecko/20100101 Firefox/123.0,60,,,,,,,,,,,,,,,,,,,,,,,,,,,,,,,,,,,,,,media/dmnb.png,1,1,Symb,w,RT,0,0,0,1,8,0,53,0,1,5,99,w,0.537,1,1,w,1,0.537,53,0,53,0,1,,,,,,,,,,,,,
,,,,,,,,,,,,,,,,,326,2,2024-03-12_01h06.14.197,Symbol-E,2020.1.3,Win32,Firefox,Mozilla/5.0 (Windows NT 10.0; Win64; x64; rv:123.0) Gecko/20100101 Firefox/123.0,60,,,,,,,,,,,,,,,,,,,,,,,,,,,,,,,,,,,,,,media/djnb.png,4,0,Symb,h,RT,0,0,0,1,8,0,54,0,1,5,99,h,2.017,4,1,h,1,2.017,54,0,54,0,1,,,,,,,,,,,,,
,,,,,,,,,,,,,,,,,326,2,2024-03-12_01h06.14.197,Symbol-E,2020.1.3,Win32,Firefox,Mozilla/5.0 (Windows NT 10.0; Win64; x64; rv:123.0) Gecko/20100101 Firefox/123.0,60,,,,,,,,,,,,,,,,,,,,,,,,,,,,,,,,,,,,,,media/dcnb.png,2,2,Symb,e,RT,0,0,0,1,8,0,55,0,1,5,99,e,0.698,2,1,e,1,0.698,55,0,55,0,1,,,,,,,,,,,,,
,,,,,,,,,,,,,,,,,326,2,2024-03-12_01h06.14.197,Symbol-E,2020.1.3,Win32,Firefox,Mozilla/5.0 (Windows NT 10.0; Win64; x64; rv:123.0) Gecko/20100101 Firefox/123.0,60,,,,,,,,,,,,,,,,,,,,,,,,,,,,,,,,,,,,,,media/djnb.png,4,0,Symb,h,RT,0,0,0,1,8,0,56,0,1,5,99,h,0.479,4,1,h,1,0.479,56,0,56,0,1,,,,,,,,,,,,,
,,,,,,,,,,,,,,,,,326,2,2024-03-12_01h06.14.197,Symbol-E,2020.1.3,Win32,Firefox,Mozilla/5.0 (Windows NT 10.0; Win64; x64; rv:123.0) Gecko/20100101 Firefox/123.0,60,,,,,,,,,,,,,,,,,,,,,,,,,,,,,,,,,,,,,,media/dnnb.png,5,1,Symb,u,RT,0,0,0,1,8,0,57,0,1,5,99,u,0.551,5,1,u,1,0.551,57,0,57,0,1,,,,,,,,,,,,,
,,,,,,,,,,,,,,,,,326,2,2024-03-12_01h06.14.197,Symbol-E,2020.1.3,Win32,Firefox,Mozilla/5.0 (Windows NT 10.0; Win64; x64; rv:123.0) Gecko/20100101 Firefox/123.0,60,,,,,,,,,,,,,,,,,,,,,,,,,,,,,,,,,,,,,,media/dcnb.png,2,2,Symb,e,RT,0,0,0,1,8,0,58,0,1,5,99,e,0.701,2,1,e,1,0.701,58,0,58,0,1,,,,,,,,,,,,,
,,,,,,,,,,,,,,,,,326,2,2024-03-12_01h06.14.197,Symbol-E,2020.1.3,Win32,Firefox,Mozilla/5.0 (Windows NT 10.0; Win64; x64; rv:123.0) Gecko/20100101 Firefox/123.0,60,,,,,,,,,,,,,,,,,,,,,,,,,,,,,,,,,,,,,,media/dnnb.png,5,1,Symb,u,RT,0,0,0,1,8,0,59,0,1,5,99,u,0.818,5,1,u,1,0.818,59,0,59,0,1,,,,,,,,,,,,,
,,,,,,,,,,,,,,,,,326,2,2024-03-12_01h06.14.197,Symbol-E,2020.1.3,Win32,Firefox,Mozilla/5.0 (Windows NT 10.0; Win64; x64; rv:123.0) Gecko/20100101 Firefox/123.0,60,,,,,,,,,,,,,,,,,,,,,,,,,,,,,,,,,,,,,,media/ddnb.png,7,3,Symb,l,RT,0,0,0,1,8,0,60,0,1,5,99,l,0.567,7,1,l,1,0.567,60,0,60,0,1,,,,,,,,,,,,,
,,,,,,,,,,,,,,,,,326,2,2024-03-12_01h06.14.197,Symbol-E,2020.1.3,Win32,Firefox,Mozilla/5.0 (Windows NT 10.0; Win64; x64; rv:123.0) Gecko/20100101 Firefox/123.0,60,,,,,,,,,,,,,,,,,,,,,,,,,,,,,,,,,,,,,,media/dgnb.png,0,0,Symb,a,RT,0,0,0,1,8,0,61,0,1,5,99,a,0.683,0,1,a,1,0.683,61,0,61,0,1,,,,,,,,,,,,,
,,,,,,,,,,,,,,,,,326,2,2024-03-12_01h06.14.197,Symbol-E,2020.1.3,Win32,Firefox,Mozilla/5.0 (Windows NT 10.0; Win64; x64; rv:123.0) Gecko/20100101 Firefox/123.0,60,,,,,,,,,,,,,,,,,,,,,,,,,,,,,,,,,,,,,,media/dinb.png,6,2,Symb,i,RT,0,0,0,1,8,0,62,0,1,5,99,i,0.533,6,1,i,1,0.533,62,0,62,0,1,,,,,,,,,,,,,
,,,,,,,,,,,,,,,,,326,2,2024-03-12_01h06.14.197,Symbol-E,2020.1.3,Win32,Firefox,Mozilla/5.0 (Windows NT 10.0; Win64; x64; rv:123.0) Gecko/20100101 Firefox/123.0,60,,,,,,,,,,,,,,,,,,,,,,,,,,,,,,,,,,,,,,media/dfnb.png,3,3,Symb,f,RT,0,0,0,1,8,0,63,0,1,5,99,f,0.585,3,1,f,1,0.585,63,0,63,0,1,,,,,,,,,,,,,
,,,,,,,,,,,,,,,,,326,2,2024-03-12_01h06.14.197,Symbol-E,2020.1.3,Win32,Firefox,Mozilla/5.0 (Windows NT 10.0; Win64; x64; rv:123.0) Gecko/20100101 Firefox/123.0,60,,,,,,,,,,,,,,,,,,,,,,,,,,,,,,,,,,,,,,media/dnnb.png,5,1,Symb,u,RT,0,0,0,1,8,0,64,0,1,5,99,u,0.619,5,1,u,1,0.619,64,0,64,0,1,,,,,,,,,,,,,
,,,,,,,,,,,,,,,,,326,2,2024-03-12_01h06.14.197,Symbol-E,2020.1.3,Win32,Firefox,Mozilla/5.0 (Windows NT 10.0; Win64; x64; rv:123.0) Gecko/20100101 Firefox/123.0,60,,,,,,,,,,,,,,,,,,,,,,,,,,,,,,,,,,,,,,media/djnb.png,4,0,Symb,h,RT,0,0,0,1,8,0,65,0,1,5,99,h,0.698,4,1,h,1,0.698,65,0,65,0,1,,,,,,,,,,,,,
,,,,,,,,,,,,,,,,,326,2,2024-03-12_01h06.14.197,Symbol-E,2020.1.3,Win32,Firefox,Mozilla/5.0 (Windows NT 10.0; Win64; x64; rv:123.0) Gecko/20100101 Firefox/123.0,60,,,,,,,,,,,,,,,,,,,,,,,,,,,,,,,,,,,,,,media/dmnb.png,1,1,Symb,w,RT,0,0,0,1,8,0,66,0,1,5,99,w,0.7,1,1,w,1,0.7,66,0,66,0,1,,,,,,,,,,,,,
,,,,,,,,,,,,,,,,,326,2,2024-03-12_01h06.14.197,Symbol-E,2020.1.3,Win32,Firefox,Mozilla/5.0 (Windows NT 10.0; Win64; x64; rv:123.0) Gecko/20100101 Firefox/123.0,60,,,,,,,,,,,,,,,,,,,,,,,,,,,,,,,,,,,,,,media/dnnb.png,5,1,Symb,u,RT,0,0,0,1,8,0,67,0,1,5,99,u,2.103,5,1,u,1,2.103,67,0,67,0,1,,,,,,,,,,,,,
,,,,,,,,,,,,,,,,,326,2,2024-03-12_01h06.14.197,Symbol-E,2020.1.3,Win32,Firefox,Mozilla/5.0 (Windows NT 10.0; Win64; x64; rv:123.0) Gecko/20100101 Firefox/123.0,60,,,,,,,,,,,,,,,,,,,,,,,,,,,,,,,,,,,,,,media/dcnb.png,2,2,Symb,e,RT,0,0,0,1,8,0,68,0,1,5,99,e,0.617,2,1,e,1,0.617,68,0,68,0,1,,,,,,,,,,,,,
,,,,,,,,,,,,,,,,,326,2,2024-03-12_01h06.14.197,Symbol-E,2020.1.3,Win32,Firefox,Mozilla/5.0 (Windows NT 10.0; Win64; x64; rv:123.0) Gecko/20100101 Firefox/123.0,60,,,,,,,,,,,,,,,,,,,,,,,,,,,,,,,,,,,,,,media/dcnb.png,2,2,Symb,e,RT,0,0,0,1,8,0,69,0,1,5,99,e,0.433,2,1,e,1,0.433,69,0,69,0,1,,,,,,,,,,,,,
,,,,,,,,,,,,,,,,,326,2,2024-03-12_01h06.14.197,Symbol-E,2020.1.3,Win32,Firefox,Mozilla/5.0 (Windows NT 10.0; Win64; x64; rv:123.0) Gecko/20100101 Firefox/123.0,60,,,,,,,,,,,,,,,,,,,,,,,,,,,,,,,,,,,,,,media/ddnb.png,7,3,Symb,l,RT,0,0,0,1,8,0,70,0,1,5,99,l,0.599,7,1,l,1,0.599,70,0,70,0,1,,,,,,,,,,,,,
,,,,,,,,,,,,,,,,,326,2,2024-03-12_01h06.14.197,Symbol-E,2020.1.3,Win32,Firefox,Mozilla/5.0 (Windows NT 10.0; Win64; x64; rv:123.0) Gecko/20100101 Firefox/123.0,60,,,,,,,,,,,,,,,,,,,,,,,,,,,,,,,,,,,,,,media/dinb.png,6,2,Symb,i,RT,0,0,0,1,8,0,71,0,1,5,99,i,0.532,6,1,i,1,0.532,71,0,71,0,1,,,,,,,,,,,,,
,,,,,,,,,,,,,,,,,326,2,2024-03-12_01h06.14.197,Symbol-E,2020.1.3,Win32,Firefox,Mozilla/5.0 (Windows NT 10.0; Win64; x64; rv:123.0) Gecko/20100101 Firefox/123.0,60,,,,,,,,,,,,,,,,,,,,,,,,,,,,,,,,,,,,,,media/dgnb.png,0,0,Symb,a,RT,0,0,0,1,8,0,72,0,1,5,99,a,0.547,0,1,a,1,0.547,72,0,72,0,1,,,,,,,,,,,,,
,,,,,,,,,,,,,,,,,326,2,2024-03-12_01h06.14.197,Symbol-E,2020.1.3,Win32,Firefox,Mozilla/5.0 (Windows NT 10.0; Win64; x64; rv:123.0) Gecko/20100101 Firefox/123.0,60,,,,,,,,,,,,,,,,,,,,,,,,,,,,,,,,,,,,,,media/dfnb.png,3,3,Symb,f,RT,0,0,0,1,8,0,73,0,1,5,99,f,0.52,3,1,f,1,0.52,73,0,73,0,1,,,,,,,,,,,,,
,,,,,,,,,,,,,,,,,326,2,2024-03-12_01h06.14.197,Symbol-E,2020.1.3,Win32,Firefox,Mozilla/5.0 (Windows NT 10.0; Win64; x64; rv:123.0) Gecko/20100101 Firefox/123.0,60,,,,,,,,,,,,,,,,,,,,,,,,,,,,,,,,,,,,,,media/ddnb.png,7,3,Symb,l,RT,0,0,0,1,8,0,74,0,1,5,99,l,0.65,7,1,l,1,0.65,74,0,74,0,1,,,,,,,,,,,,,
,,,,,,,,,,,,,,,,,326,2,2024-03-12_01h06.14.197,Symbol-E,2020.1.3,Win32,Firefox,Mozilla/5.0 (Windows NT 10.0; Win64; x64; rv:123.0) Gecko/20100101 Firefox/123.0,60,,,,,,,,,,,,,,,,,,,,,,,,,,,,,,,,,,,,,,media/dinb.png,6,2,Symb,i,RT,0,0,0,1,8,0,75,0,1,5,99,i,0.498,6,1,i,1,0.498,75,0,75,0,1,,,,,,,,,,,,,
,,,,,,,,,,,,,,,,,326,2,2024-03-12_01h06.14.197,Symbol-E,2020.1.3,Win32,Firefox,Mozilla/5.0 (Windows NT 10.0; Win64; x64; rv:123.0) Gecko/20100101 Firefox/123.0,60,,,,,,,,,,,,,,,,,,,,,,,,,,,,,,,,,,,,,,media/djnb.png,4,0,Symb,h,RT,0,0,0,1,8,0,76,0,1,5,99,h,0.598,4,1,h,1,0.598,76,0,76,0,1,,,,,,,,,,,,,
,,,,,,,,,,,,,,,,,326,2,2024-03-12_01h06.14.197,Symbol-E,2020.1.3,Win32,Firefox,Mozilla/5.0 (Windows NT 10.0; Win64; x64; rv:123.0) Gecko/20100101 Firefox/123.0,60,,,,,,,,,,,,,,,,,,,,,,,,,,,,,,,,,,,,,,media/dmnb.png,1,1,Symb,w,RT,0,0,0,1,8,0,77,0,1,5,99,w,0.566,1,1,w,1,0.566,77,0,77,0,1,,,,,,,,,,,,,
,,,,,,,,,,,,,,,,,326,2,2024-03-12_01h06.14.197,Symbol-E,2020.1.3,Win32,Firefox,Mozilla/5.0 (Windows NT 10.0; Win64; x64; rv:123.0) Gecko/20100101 Firefox/123.0,60,,,,,,,,,,,,,,,,,,,,,,,,,,,,,,,,,,,,,,media/dgnb.png,0,0,Symb,a,RT,0,0,0,1,8,0,78,0,1,5,99,a,0.617,0,1,a,1,0.617,78,0,78,0,1,,,,,,,,,,,,,
,,,,,,,,,,,,,,,,,326,2,2024-03-12_01h06.14.197,Symbol-E,2020.1.3,Win32,Firefox,Mozilla/5.0 (Windows NT 10.0; Win64; x64; rv:123.0) Gecko/20100101 Firefox/123.0,60,,,,,,,,,,,,,,,,,,,,,,,,,,,,,,,,,,,,,,media/dfnb.png,3,3,Symb,f,RT,0,0,0,1,8,0,79,0,1,5,99,f,0.55,3,1,f,1,0.55,79,0,79,0,1,,,,,,,,,,,,,
,,,,,,,,,,,,,,,,,326,2,2024-03-12_01h06.14.197,Symbol-E,2020.1.3,Win32,Firefox,Mozilla/5.0 (Windows NT 10.0; Win64; x64; rv:123.0) Gecko/20100101 Firefox/123.0,60,,,,,,,,,,,,,,,,,,,,,,,,,,,,,,,,,,,,,,media/dcnb.png,2,2,Symb,e,RT,0,0,0,1,8,0,80,0,1,5,99,e,0.786,2,1,e,1,0.786,80,0,80,0,1,,,,,,,,,,,,,
,,,,,,,,,,,,,,,,,326,2,2024-03-12_01h06.14.197,Symbol-E,2020.1.3,Win32,Firefox,Mozilla/5.0 (Windows NT 10.0; Win64; x64; rv:123.0) Gecko/20100101 Firefox/123.0,60,,,,,,,,,,,,,,,,,,,,,,,,,,,,,,,,,,,,,,media/ddnb.png,7,3,Symb,l,RT,0,0,0,1,8,0,81,0,1,5,99,l,0.567,7,1,l,1,0.567,81,0,81,0,1,,,,,,,,,,,,,
,,,,,,,,,,,,,,,,,326,2,2024-03-12_01h06.14.197,Symbol-E,2020.1.3,Win32,Firefox,Mozilla/5.0 (Windows NT 10.0; Win64; x64; rv:123.0) Gecko/20100101 Firefox/123.0,60,,,,,,,,,,,,,,,,,,,,,,,,,,,,,,,,,,,,,,media/djnb.png,4,0,Symb,h,RT,0,0,0,1,8,0,82,0,1,5,99,h,0.664,4,1,h,1,0.664,82,0,82,0,1,,,,,,,,,,,,,
,,,,,,,,,,,,,,,,,326,2,2024-03-12_01h06.14.197,Symbol-E,2020.1.3,Win32,Firefox,Mozilla/5.0 (Windows NT 10.0; Win64; x64; rv:123.0) Gecko/20100101 Firefox/123.0,60,,,,,,,,,,,,,,,,,,,,,,,,,,,,,,,,,,,,,,media/dinb.png,6,2,Symb,i,RT,0,0,0,1,8,0,83,0,1,5,99,i,0.584,6,1,i,1,0.584,83,0,83,0,1,,,,,,,,,,,,,
,,,,,,,,,,,,,,,,,326,2,2024-03-12_01h06.14.197,Symbol-E,2020.1.3,Win32,Firefox,Mozilla/5.0 (Windows NT 10.0; Win64; x64; rv:123.0) Gecko/20100101 Firefox/123.0,60,,,,,,,,,,,,,,,,,,,,,,,,,,,,,,,,,,,,,,media/dnnb.png,5,1,Symb,u,RT,0,0,0,1,8,0,84,0,1,5,99,u,0.571,5,1,u,1,0.571,84,0,84,0,1,,,,,,,,,,,,,
,,,,,,,,,,,,,,,,,326,2,2024-03-12_01h06.14.197,Symbol-E,2020.1.3,Win32,Firefox,Mozilla/5.0 (Windows NT 10.0; Win64; x64; rv:123.0) Gecko/20100101 Firefox/123.0,60,,,,,,,,,,,,,,,,,,,,,,,,,,,,,,,,,,,,,,media/dmnb.png,1,1,Symb,w,RT,0,0,0,1,8,0,85,0,1,5,99,w,0.532,1,1,w,1,0.532,85,0,85,0,1,,,,,,,,,,,,,
,,,,,,,,,,,,,,,,,326,2,2024-03-12_01h06.14.197,Symbol-E,2020.1.3,Win32,Firefox,Mozilla/5.0 (Windows NT 10.0; Win64; x64; rv:123.0) Gecko/20100101 Firefox/123.0,60,,,,,,,,,,,,,,,,,,,,,,,,,,,,,,,,,,,,,,media/djnb.png,4,0,Symb,h,RT,0,0,0,1,8,0,86,0,1,5,99,h,0.567,4,1,h,1,0.567,86,0,86,0,1,,,,,,,,,,,,,
,,,,,,,,,,,,,,,,,326,2,2024-03-12_01h06.14.197,Symbol-E,2020.1.3,Win32,Firefox,Mozilla/5.0 (Windows NT 10.0; Win64; x64; rv:123.0) Gecko/20100101 Firefox/123.0,60,,,,,,,,,,,,,,,,,,,,,,,,,,,,,,,,,,,,,,media/ddnb.png,7,3,Symb,l,RT,0,0,0,1,8,0,87,0,1,5,99,l,0.869,7,1,l,1,0.869,87,0,87,0,1,,,,,,,,,,,,,
,,,,,,,,,,,,,,,,,326,2,2024-03-12_01h06.14.197,Symbol-E,2020.1.3,Win32,Firefox,Mozilla/5.0 (Windows NT 10.0; Win64; x64; rv:123.0) Gecko/20100101 Firefox/123.0,60,,,,,,,,,,,,,,,,,,,,,,,,,,,,,,,,,,,,,,media/dcnb.png,2,2,Symb,e,RT,0,0,0,1,8,0,88,0,1,5,99,e,0.534,2,1,e,1,0.534,88,0,88,0,1,,,,,,,,,,,,,
,,,,,,,,,,,,,,,,,326,2,2024-03-12_01h06.14.197,Symbol-E,2020.1.3,Win32,Firefox,Mozilla/5.0 (Windows NT 10.0; Win64; x64; rv:123.0) Gecko/20100101 Firefox/123.0,60,,,,,,,,,,,,,,,,,,,,,,,,,,,,,,,,,,,,,,media/dnnb.png,5,1,Symb,u,RT,0,0,0,1,8,0,89,0,1,5,99,u,0.633,5,1,u,1,0.633,89,0,89,0,1,,,,,,,,,,,,,
,,,,,,,,,,,,,,,,,326,2,2024-03-12_01h06.14.197,Symbol-E,2020.1.3,Win32,Firefox,Mozilla/5.0 (Windows NT 10.0; Win64; x64; rv:123.0) Gecko/20100101 Firefox/123.0,60,,,,,,,,,,,,,,,,,,,,,,,,,,,,,,,,,,,,,,media/dfnb.png,3,3,Symb,f,RT,0,0,0,1,8,0,90,0,1,5,99,f,0.551,3,1,f,1,0.551,90,0,90,0,1,,,,,,,,,,,,,
,,,,,,,,,,,,,,,,,326,2,2024-03-12_01h06.14.197,Symbol-E,2020.1.3,Win32,Firefox,Mozilla/5.0 (Windows NT 10.0; Win64; x64; rv:123.0) Gecko/20100101 Firefox/123.0,60,,,,,,,,,,,,,,,,,,,,,,,,,,,,,,,,,,,,,,media/dfnb.png,3,3,Symb,f,RT,0,0,0,1,8,0,91,0,1,5,99,f,0.596,3,1,f,1,0.596,91,0,91,0,1,,,,,,,,,,,,,
,,,,,,,,,,,,,,,,,326,2,2024-03-12_01h06.14.197,Symbol-E,2020.1.3,Win32,Firefox,Mozilla/5.0 (Windows NT 10.0; Win64; x64; rv:123.0) Gecko/20100101 Firefox/123.0,60,,,,,,,,,,,,,,,,,,,,,,,,,,,,,,,,,,,,,,media/dgnb.png,0,0,Symb,a,RT,0,0,0,1,8,0,92,0,1,5,99,a,0.501,0,1,a,1,0.501,92,0,92,0,1,,,,,,,,,,,,,
,,,,,,,,,,,,,,,,,326,2,2024-03-12_01h06.14.197,Symbol-E,2020.1.3,Win32,Firefox,Mozilla/5.0 (Windows NT 10.0; Win64; x64; rv:123.0) Gecko/20100101 Firefox/123.0,60,,,,,,,,,,,,,,,,,,,,,,,,,,,,,,,,,,,,,,media/dmnb.png,1,1,Symb,w,RT,0,0,0,1,8,0,93,0,1,5,99,w,0.566,1,1,w,1,0.566,93,0,93,0,1,,,,,,,,,,,,,
,,,,,,,,,,,,,,,,,326,2,2024-03-12_01h06.14.197,Symbol-E,2020.1.3,Win32,Firefox,Mozilla/5.0 (Windows NT 10.0; Win64; x64; rv:123.0) Gecko/20100101 Firefox/123.0,60,,,,,,,,,,,,,,,,,,,,,,,,,,,,,,,,,,,,,,media/dgnb.png,0,0,Symb,a,RT,0,0,0,1,8,0,94,0,1,5,99,a,0.631,0,1,a,1,0.631,94,0,94,0,1,,,,,,,,,,,,,
,,,,,,,,,,,,,,,,,326,2,2024-03-12_01h06.14.197,Symbol-E,2020.1.3,Win32,Firefox,Mozilla/5.0 (Windows NT 10.0; Win64; x64; rv:123.0) Gecko/20100101 Firefox/123.0,60,,,,,,,,,,,,,,,,,,,,,,,,,,,,,,,,,,,,,,media/dinb.png,6,2,Symb,i,RT,0,0,0,1,8,0,95,0,1,5,99,i,0.502,6,1,i,1,0.502,95,0,95,0,1,,,,,,,,,,,,,
,,,,,,,,,,,,,,,,,326,2,2024-03-12_01h06.14.197,Symbol-E,2020.1.3,Win32,Firefox,Mozilla/5.0 (Windows NT 10.0; Win64; x64; rv:123.0) Gecko/20100101 Firefox/123.0,60,,,,,,,,,,,,,,,,,,,,,,,,,,,,,,,,,,,,,,,,,,,,,,,,,,,,,,,,,,,,,,,,,,,4,0,4,0,1,,,,,,,,
,,,,,,,,,,,,,,,,,326,2,2024-03-12_01h06.14.197,Symbol-E,2020.1.3,Win32,Firefox,Mozilla/5.0 (Windows NT 10.0; Win64; x64; rv:123.0) Gecko/20100101 Firefox/123.0,60,,,,,,,,,,,,,,,,,,,,,,,,,,,,,,,,,,,,h,0.154,media/dinb.png,6,2,Symb,i,RT,0,0,0,1,8,0,0,0,1,6,99,i,0.82,6,1,i,1,0.82,0,0,0,0,1,,,,,,,,,,,,,
,,,,,,,,,,,,,,,,,326,2,2024-03-12_01h06.14.197,Symbol-E,2020.1.3,Win32,Firefox,Mozilla/5.0 (Windows NT 10.0; Win64; x64; rv:123.0) Gecko/20100101 Firefox/123.0,60,,,,,,,,,,,,,,,,,,,,,,,,,,,,,,,,,,,,,,media/djnb.png,4,0,Symb,h,RT,0,0,0,1,8,0,1,0,1,6,99,h,0.598,4,1,h,1,0.598,1,0,1,0,1,,,,,,,,,,,,,
,,,,,,,,,,,,,,,,,326,2,2024-03-12_01h06.14.197,Symbol-E,2020.1.3,Win32,Firefox,Mozilla/5.0 (Windows NT 10.0; Win64; x64; rv:123.0) Gecko/20100101 Firefox/123.0,60,,,,,,,,,,,,,,,,,,,,,,,,,,,,,,,,,,,,,,media/dnnb.png,5,1,Symb,u,RT,0,0,0,1,8,0,2,0,1,6,99,u,0.578,5,1,u,1,0.578,2,0,2,0,1,,,,,,,,,,,,,
,,,,,,,,,,,,,,,,,326,2,2024-03-12_01h06.14.197,Symbol-E,2020.1.3,Win32,Firefox,Mozilla/5.0 (Windows NT 10.0; Win64; x64; rv:123.0) Gecko/20100101 Firefox/123.0,60,,,,,,,,,,,,,,,,,,,,,,,,,,,,,,,,,,,,,,media/dcnb.png,2,2,Symb,e,RT,0,0,0,1,8,0,3,0,1,6,99,e,0.817,2,1,e,1,0.817,3,0,3,0,1,,,,,,,,,,,,,
,,,,,,,,,,,,,,,,,326,2,2024-03-12_01h06.14.197,Symbol-E,2020.1.3,Win32,Firefox,Mozilla/5.0 (Windows NT 10.0; Win64; x64; rv:123.0) Gecko/20100101 Firefox/123.0,60,,,,,,,,,,,,,,,,,,,,,,,,,,,,,,,,,,,,,,media/dgnb.png,0,0,Symb,a,RT,0,0,0,1,8,0,4,0,1,6,99,a,0.567,0,1,a,1,0.567,4,0,4,0,1,,,,,,,,,,,,,
,,,,,,,,,,,,,,,,,326,2,2024-03-12_01h06.14.197,Symbol-E,2020.1.3,Win32,Firefox,Mozilla/5.0 (Windows NT 10.0; Win64; x64; rv:123.0) Gecko/20100101 Firefox/123.0,60,,,,,,,,,,,,,,,,,,,,,,,,,,,,,,,,,,,,,,media/djnb.png,4,0,Symb,h,RT,0,0,0,1,8,0,5,0,1,6,99,h,0.602,4,1,h,1,0.602,5,0,5,0,1,,,,,,,,,,,,,
,,,,,,,,,,,,,,,,,326,2,2024-03-12_01h06.14.197,Symbol-E,2020.1.3,Win32,Firefox,Mozilla/5.0 (Windows NT 10.0; Win64; x64; rv:123.0) Gecko/20100101 Firefox/123.0,60,,,,,,,,,,,,,,,,,,,,,,,,,,,,,,,,,,,,,,media/ddnb.png,7,3,Symb,l,RT,0,0,0,1,8,0,6,0,1,6,99,l,0.619,7,1,l,1,0.619,6,0,6,0,1,,,,,,,,,,,,,
,,,,,,,,,,,,,,,,,326,2,2024-03-12_01h06.14.197,Symbol-E,2020.1.3,Win32,Firefox,Mozilla/5.0 (Windows NT 10.0; Win64; x64; rv:123.0) Gecko/20100101 Firefox/123.0,60,,,,,,,,,,,,,,,,,,,,,,,,,,,,,,,,,,,,,,media/dfnb.png,3,3,Symb,f,RT,0,0,0,1,8,0,7,0,1,6,99,f,0.432,3,1,f,1,0.432,7,0,7,0,1,,,,,,,,,,,,,
,,,,,,,,,,,,,,,,,326,2,2024-03-12_01h06.14.197,Symbol-E,2020.1.3,Win32,Firefox,Mozilla/5.0 (Windows NT 10.0; Win64; x64; rv:123.0) Gecko/20100101 Firefox/123.0,60,,,,,,,,,,,,,,,,,,,,,,,,,,,,,,,,,,,,,,media/dgnb.png,0,0,Symb,a,RT,0,0,0,1,8,0,8,0,1,6,99,a,0.615,0,1,a,1,0.615,8,0,8,0,1,,,,,,,,,,,,,
,,,,,,,,,,,,,,,,,326,2,2024-03-12_01h06.14.197,Symbol-E,2020.1.3,Win32,Firefox,Mozilla/5.0 (Windows NT 10.0; Win64; x64; rv:123.0) Gecko/20100101 Firefox/123.0,60,,,,,,,,,,,,,,,,,,,,,,,,,,,,,,,,,,,,,,media/ddnb.png,7,3,Symb,l,RT,0,0,0,1,8,0,9,0,1,6,99,l,0.574,7,1,l,1,0.574,9,0,9,0,1,,,,,,,,,,,,,
,,,,,,,,,,,,,,,,,326,2,2024-03-12_01h06.14.197,Symbol-E,2020.1.3,Win32,Firefox,Mozilla/5.0 (Windows NT 10.0; Win64; x64; rv:123.0) Gecko/20100101 Firefox/123.0,60,,,,,,,,,,,,,,,,,,,,,,,,,,,,,,,,,,,,,,media/dinb.png,6,2,Symb,i,RT,0,0,0,1,8,0,10,0,1,6,99,i,0.565,6,1,i,1,0.565,10,0,10,0,1,,,,,,,,,,,,,
,,,,,,,,,,,,,,,,,326,2,2024-03-12_01h06.14.197,Symbol-E,2020.1.3,Win32,Firefox,Mozilla/5.0 (Windows NT 10.0; Win64; x64; rv:123.0) Gecko/20100101 Firefox/123.0,60,,,,,,,,,,,,,,,,,,,,,,,,,,,,,,,,,,,,,,media/dmnb.png,1,1,Symb,w,RT,0,0,0,1,8,0,11,0,1,6,99,w,0.484,1,1,w,1,0.484,11,0,11,0,1,,,,,,,,,,,,,
,,,,,,,,,,,,,,,,,326,2,2024-03-12_01h06.14.197,Symbol-E,2020.1.3,Win32,Firefox,Mozilla/5.0 (Windows NT 10.0; Win64; x64; rv:123.0) Gecko/20100101 Firefox/123.0,60,,,,,,,,,,,,,,,,,,,,,,,,,,,,,,,,,,,,,,media/dmnb.png,1,1,Symb,w,RT,0,0,0,1,8,0,12,0,1,6,99,w,0.465,1,1,w,1,0.465,12,0,12,0,1,,,,,,,,,,,,,
,,,,,,,,,,,,,,,,,326,2,2024-03-12_01h06.14.197,Symbol-E,2020.1.3,Win32,Firefox,Mozilla/5.0 (Windows NT 10.0; Win64; x64; rv:123.0) Gecko/20100101 Firefox/123.0,60,,,,,,,,,,,,,,,,,,,,,,,,,,,,,,,,,,,,,,media/dfnb.png,3,3,Symb,f,RT,0,0,0,1,8,0,13,0,1,6,99,f,0.582,3,1,f,1,0.582,13,0,13,0,1,,,,,,,,,,,,,
,,,,,,,,,,,,,,,,,326,2,2024-03-12_01h06.14.197,Symbol-E,2020.1.3,Win32,Firefox,Mozilla/5.0 (Windows NT 10.0; Win64; x64; rv:123.0) Gecko/20100101 Firefox/123.0,60,,,,,,,,,,,,,,,,,,,,,,,,,,,,,,,,,,,,,,media/dnnb.png,5,1,Symb,u,RT,0,0,0,1,8,0,14,0,1,6,99,u,0.534,5,1,u,1,0.534,14,0,14,0,1,,,,,,,,,,,,,
,,,,,,,,,,,,,,,,,326,2,2024-03-12_01h06.14.197,Symbol-E,2020.1.3,Win32,Firefox,Mozilla/5.0 (Windows NT 10.0; Win64; x64; rv:123.0) Gecko/20100101 Firefox/123.0,60,,,,,,,,,,,,,,,,,,,,,,,,,,,,,,,,,,,,,,media/dcnb.png,2,2,Symb,e,RT,0,0,0,1,8,0,15,0,1,6,99,e,0.603,2,1,e,1,0.603,15,0,15,0,1,,,,,,,,,,,,,
,,,,,,,,,,,,,,,,,326,2,2024-03-12_01h06.14.197,Symbol-E,2020.1.3,Win32,Firefox,Mozilla/5.0 (Windows NT 10.0; Win64; x64; rv:123.0) Gecko/20100101 Firefox/123.0,60,,,,,,,,,,,,,,,,,,,,,,,,,,,,,,,,,,,,,,media/dcnb.png,2,2,Symb,e,RT,0,0,0,1,8,0,16,0,1,6,99,e,0.483,2,1,e,1,0.483,16,0,16,0,1,,,,,,,,,,,,,
,,,,,,,,,,,,,,,,,326,2,2024-03-12_01h06.14.197,Symbol-E,2020.1.3,Win32,Firefox,Mozilla/5.0 (Windows NT 10.0; Win64; x64; rv:123.0) Gecko/20100101 Firefox/123.0,60,,,,,,,,,,,,,,,,,,,,,,,,,,,,,,,,,,,,,,media/dinb.png,6,2,Symb,i,RT,0,0,0,1,8,0,17,0,1,6,99,i,0.502,6,1,i,1,0.502,17,0,17,0,1,,,,,,,,,,,,,
,,,,,,,,,,,,,,,,,326,2,2024-03-12_01h06.14.197,Symbol-E,2020.1.3,Win32,Firefox,Mozilla/5.0 (Windows NT 10.0; Win64; x64; rv:123.0) Gecko/20100101 Firefox/123.0,60,,,,,,,,,,,,,,,,,,,,,,,,,,,,,,,,,,,,,,media/dmnb.png,1,1,Symb,w,RT,0,0,0,1,8,0,18,0,1,6,99,w,0.681,1,1,w,1,0.681,18,0,18,0,1,,,,,,,,,,,,,
,,,,,,,,,,,,,,,,,326,2,2024-03-12_01h06.14.197,Symbol-E,2020.1.3,Win32,Firefox,Mozilla/5.0 (Windows NT 10.0; Win64; x64; rv:123.0) Gecko/20100101 Firefox/123.0,60,,,,,,,,,,,,,,,,,,,,,,,,,,,,,,,,,,,,,,media/dcnb.png,2,2,Symb,e,RT,0,0,0,1,8,0,19,0,1,6,99,e,0.499,2,1,e,1,0.499,19,0,19,0,1,,,,,,,,,,,,,
,,,,,,,,,,,,,,,,,326,2,2024-03-12_01h06.14.197,Symbol-E,2020.1.3,Win32,Firefox,Mozilla/5.0 (Windows NT 10.0; Win64; x64; rv:123.0) Gecko/20100101 Firefox/123.0,60,,,,,,,,,,,,,,,,,,,,,,,,,,,,,,,,,,,,,,media/dnnb.png,5,1,Symb,u,RT,0,0,0,1,8,0,20,0,1,6,99,u,0.581,5,1,u,1,0.581,20,0,20,0,1,,,,,,,,,,,,,
,,,,,,,,,,,,,,,,,326,2,2024-03-12_01h06.14.197,Symbol-E,2020.1.3,Win32,Firefox,Mozilla/5.0 (Windows NT 10.0; Win64; x64; rv:123.0) Gecko/20100101 Firefox/123.0,60,,,,,,,,,,,,,,,,,,,,,,,,,,,,,,,,,,,,,,media/djnb.png,4,0,Symb,h,RT,0,0,0,1,8,0,21,0,1,6,99,h,0.55,4,1,h,1,0.55,21,0,21,0,1,,,,,,,,,,,,,
,,,,,,,,,,,,,,,,,326,2,2024-03-12_01h06.14.197,Symbol-E,2020.1.3,Win32,Firefox,Mozilla/5.0 (Windows NT 10.0; Win64; x64; rv:123.0) Gecko/20100101 Firefox/123.0,60,,,,,,,,,,,,,,,,,,,,,,,,,,,,,,,,,,,,,,media/dfnb.png,3,3,Symb,f,RT,0,0,0,1,8,0,22,0,1,6,99,f,0.581,3,1,f,1,0.581,22,0,22,0,1,,,,,,,,,,,,,
,,,,,,,,,,,,,,,,,326,2,2024-03-12_01h06.14.197,Symbol-E,2020.1.3,Win32,Firefox,Mozilla/5.0 (Windows NT 10.0; Win64; x64; rv:123.0) Gecko/20100101 Firefox/123.0,60,,,,,,,,,,,,,,,,,,,,,,,,,,,,,,,,,,,,,,media/ddnb.png,7,3,Symb,l,RT,0,0,0,1,8,0,23,0,1,6,99,l,0.599,7,1,l,1,0.599,23,0,23,0,1,,,,,,,,,,,,,
,,,,,,,,,,,,,,,,,326,2,2024-03-12_01h06.14.197,Symbol-E,2020.1.3,Win32,Firefox,Mozilla/5.0 (Windows NT 10.0; Win64; x64; rv:123.0) Gecko/20100101 Firefox/123.0,60,,,,,,,,,,,,,,,,,,,,,,,,,,,,,,,,,,,,,,media/djnb.png,4,0,Symb,h,RT,0,0,0,1,8,0,24,0,1,6,99,h,0.537,4,1,h,1,0.537,24,0,24,0,1,,,,,,,,,,,,,
,,,,,,,,,,,,,,,,,326,2,2024-03-12_01h06.14.197,Symbol-E,2020.1.3,Win32,Firefox,Mozilla/5.0 (Windows NT 10.0; Win64; x64; rv:123.0) Gecko/20100101 Firefox/123.0,60,,,,,,,,,,,,,,,,,,,,,,,,,,,,,,,,,,,,,,media/dmnb.png,1,1,Symb,w,RT,0,0,0,1,8,0,25,0,1,6,99,w,0.584,1,1,w,1,0.584,25,0,25,0,1,,,,,,,,,,,,,
,,,,,,,,,,,,,,,,,326,2,2024-03-12_01h06.14.197,Symbol-E,2020.1.3,Win32,Firefox,Mozilla/5.0 (Windows NT 10.0; Win64; x64; rv:123.0) Gecko/20100101 Firefox/123.0,60,,,,,,,,,,,,,,,,,,,,,,,,,,,,,,,,,,,,,,media/dgnb.png,0,0,Symb,a,RT,0,0,0,1,8,0,26,0,1,6,99,a,0.666,0,1,a,1,0.666,26,0,26,0,1,,,,,,,,,,,,,
,,,,,,,,,,,,,,,,,326,2,2024-03-12_01h06.14.197,Symbol-E,2020.1.3,Win32,Firefox,Mozilla/5.0 (Windows NT 10.0; Win64; x64; rv:123.0) Gecko/20100101 Firefox/123.0,60,,,,,,,,,,,,,,,,,,,,,,,,,,,,,,,,,,,,,,media/dnnb.png,5,1,Symb,u,RT,0,0,0,1,8,0,27,0,1,6,99,i,0.547,6,0,i,0,0.547,27,0,27,0,1,,,,,,,,,,,,,
,,,,,,,,,,,,,,,,,326,2,2024-03-12_01h06.14.197,Symbol-E,2020.1.3,Win32,Firefox,Mozilla/5.0 (Windows NT 10.0; Win64; x64; rv:123.0) Gecko/20100101 Firefox/123.0,60,,,,,,,,,,,,,,,,,,,,,,,,,,,,,,,,,,,,,,media/dinb.png,6,2,Symb,i,RT,0,0,0,1,8,0,28,0,1,6,99,i,0.385,6,1,i,1,0.385,28,0,28,0,1,,,,,,,,,,,,,
,,,,,,,,,,,,,,,,,326,2,2024-03-12_01h06.14.197,Symbol-E,2020.1.3,Win32,Firefox,Mozilla/5.0 (Windows NT 10.0; Win64; x64; rv:123.0) Gecko/20100101 Firefox/123.0,60,,,,,,,,,,,,,,,,,,,,,,,,,,,,,,,,,,,,,,media/ddnb.png,7,3,Symb,l,RT,0,0,0,1,8,0,29,0,1,6,99,l,0.668,7,1,l,1,0.668,29,0,29,0,1,,,,,,,,,,,,,
,,,,,,,,,,,,,,,,,326,2,2024-03-12_01h06.14.197,Symbol-E,2020.1.3,Win32,Firefox,Mozilla/5.0 (Windows NT 10.0; Win64; x64; rv:123.0) Gecko/20100101 Firefox/123.0,60,,,,,,,,,,,,,,,,,,,,,,,,,,,,,,,,,,,,,,media/dgnb.png,0,0,Symb,a,RT,0,0,0,1,8,0,30,0,1,6,99,a,0.632,0,1,a,1,0.632,30,0,30,0,1,,,,,,,,,,,,,
,,,,,,,,,,,,,,,,,326,2,2024-03-12_01h06.14.197,Symbol-E,2020.1.3,Win32,Firefox,Mozilla/5.0 (Windows NT 10.0; Win64; x64; rv:123.0) Gecko/20100101 Firefox/123.0,60,,,,,,,,,,,,,,,,,,,,,,,,,,,,,,,,,,,,,,media/dfnb.png,3,3,Symb,f,RT,0,0,0,1,8,0,31,0,1,6,99,f,0.567,3,1,f,1,0.567,31,0,31,0,1,,,,,,,,,,,,,
,,,,,,,,,,,,,,,,,326,2,2024-03-12_01h06.14.197,Symbol-E,2020.1.3,Win32,Firefox,Mozilla/5.0 (Windows NT 10.0; Win64; x64; rv:123.0) Gecko/20100101 Firefox/123.0,60,,,,,,,,,,,,,,,,,,,,,,,,,,,,,,,,,,,,,,media/dinb.png,6,2,Symb,i,RT,0,0,0,1,8,0,32,0,1,6,99,i,1.15,6,1,i,1,1.15,32,0,32,0,1,,,,,,,,,,,,,
,,,,,,,,,,,,,,,,,326,2,2024-03-12_01h06.14.197,Symbol-E,2020.1.3,Win32,Firefox,Mozilla/5.0 (Windows NT 10.0; Win64; x64; rv:123.0) Gecko/20100101 Firefox/123.0,60,,,,,,,,,,,,,,,,,,,,,,,,,,,,,,,,,,,,,,media/dgnb.png,0,0,Symb,a,RT,0,0,0,1,8,0,33,0,1,6,99,a,0.654,0,1,a,1,0.654,33,0,33,0,1,,,,,,,,,,,,,
,,,,,,,,,,,,,,,,,326,2,2024-03-12_01h06.14.197,Symbol-E,2020.1.3,Win32,Firefox,Mozilla/5.0 (Windows NT 10.0; Win64; x64; rv:123.0) Gecko/20100101 Firefox/123.0,60,,,,,,,,,,,,,,,,,,,,,,,,,,,,,,,,,,,,,,media/dcnb.png,2,2,Symb,e,RT,0,0,0,1,8,0,34,0,1,6,99,e,0.599,2,1,e,1,0.599,34,0,34,0,1,,,,,,,,,,,,,
,,,,,,,,,,,,,,,,,326,2,2024-03-12_01h06.14.197,Symbol-E,2020.1.3,Win32,Firefox,Mozilla/5.0 (Windows NT 10.0; Win64; x64; rv:123.0) Gecko/20100101 Firefox/123.0,60,,,,,,,,,,,,,,,,,,,,,,,,,,,,,,,,,,,,,,media/dfnb.png,3,3,Symb,f,RT,0,0,0,1,8,0,35,0,1,6,99,f,0.572,3,1,f,1,0.572,35,0,35,0,1,,,,,,,,,,,,,
,,,,,,,,,,,,,,,,,326,2,2024-03-12_01h06.14.197,Symbol-E,2020.1.3,Win32,Firefox,Mozilla/5.0 (Windows NT 10.0; Win64; x64; rv:123.0) Gecko/20100101 Firefox/123.0,60,,,,,,,,,,,,,,,,,,,,,,,,,,,,,,,,,,,,,,media/dcnb.png,2,2,Symb,e,RT,0,0,0,1,8,0,36,0,1,6,99,e,0.6,2,1,e,1,0.6,36,0,36,0,1,,,,,,,,,,,,,
,,,,,,,,,,,,,,,,,326,2,2024-03-12_01h06.14.197,Symbol-E,2020.1.3,Win32,Firefox,Mozilla/5.0 (Windows NT 10.0; Win64; x64; rv:123.0) Gecko/20100101 Firefox/123.0,60,,,,,,,,,,,,,,,,,,,,,,,,,,,,,,,,,,,,,,media/dnnb.png,5,1,Symb,u,RT,0,0,0,1,8,0,37,0,1,6,99,u,0.68,5,1,u,1,0.68,37,0,37,0,1,,,,,,,,,,,,,
,,,,,,,,,,,,,,,,,326,2,2024-03-12_01h06.14.197,Symbol-E,2020.1.3,Win32,Firefox,Mozilla/5.0 (Windows NT 10.0; Win64; x64; rv:123.0) Gecko/20100101 Firefox/123.0,60,,,,,,,,,,,,,,,,,,,,,,,,,,,,,,,,,,,,,,media/dfnb.png,3,3,Symb,f,RT,0,0,0,1,8,0,38,0,1,6,99,f,0.636,3,1,f,1,0.636,38,0,38,0,1,,,,,,,,,,,,,
,,,,,,,,,,,,,,,,,326,2,2024-03-12_01h06.14.197,Symbol-E,2020.1.3,Win32,Firefox,Mozilla/5.0 (Windows NT 10.0; Win64; x64; rv:123.0) Gecko/20100101 Firefox/123.0,60,,,,,,,,,,,,,,,,,,,,,,,,,,,,,,,,,,,,,,media/dnnb.png,5,1,Symb,u,RT,0,0,0,1,8,0,39,0,1,6,99,u,0.518,5,1,u,1,0.518,39,0,39,0,1,,,,,,,,,,,,,
,,,,,,,,,,,,,,,,,326,2,2024-03-12_01h06.14.197,Symbol-E,2020.1.3,Win32,Firefox,Mozilla/5.0 (Windows NT 10.0; Win64; x64; rv:123.0) Gecko/20100101 Firefox/123.0,60,,,,,,,,,,,,,,,,,,,,,,,,,,,,,,,,,,,,,,media/djnb.png,4,0,Symb,h,RT,0,0,0,1,8,0,40,0,1,6,99,h,0.598,4,1,h,1,0.598,40,0,40,0,1,,,,,,,,,,,,,
,,,,,,,,,,,,,,,,,326,2,2024-03-12_01h06.14.197,Symbol-E,2020.1.3,Win32,Firefox,Mozilla/5.0 (Windows NT 10.0; Win64; x64; rv:123.0) Gecko/20100101 Firefox/123.0,60,,,,,,,,,,,,,,,,,,,,,,,,,,,,,,,,,,,,,,media/djnb.png,4,0,Symb,h,RT,0,0,0,1,8,0,41,0,1,6,99,h,0.461,4,1,h,1,0.461,41,0,41,0,1,,,,,,,,,,,,,
,,,,,,,,,,,,,,,,,326,2,2024-03-12_01h06.14.197,Symbol-E,2020.1.3,Win32,Firefox,Mozilla/5.0 (Windows NT 10.0; Win64; x64; rv:123.0) Gecko/20100101 Firefox/123.0,60,,,,,,,,,,,,,,,,,,,,,,,,,,,,,,,,,,,,,,media/ddnb.png,7,3,Symb,l,RT,0,0,0,1,8,0,42,0,1,6,99,l,0.949,7,1,l,1,0.949,42,0,42,0,1,,,,,,,,,,,,,
,,,,,,,,,,,,,,,,,326,2,2024-03-12_01h06.14.197,Symbol-E,2020.1.3,Win32,Firefox,Mozilla/5.0 (Windows NT 10.0; Win64; x64; rv:123.0) Gecko/20100101 Firefox/123.0,60,,,,,,,,,,,,,,,,,,,,,,,,,,,,,,,,,,,,,,media/dmnb.png,1,1,Symb,w,RT,0,0,0,1,8,0,43,0,1,6,99,w,0.614,1,1,w,1,0.614,43,0,43,0,1,,,,,,,,,,,,,
,,,,,,,,,,,,,,,,,326,2,2024-03-12_01h06.14.197,Symbol-E,2020.1.3,Win32,Firefox,Mozilla/5.0 (Windows NT 10.0; Win64; x64; rv:123.0) Gecko/20100101 Firefox/123.0,60,,,,,,,,,,,,,,,,,,,,,,,,,,,,,,,,,,,,,,media/ddnb.png,7,3,Symb,l,RT,0,0,0,1,8,0,44,0,1,6,99,l,0.599,7,1,l,1,0.599,44,0,44,0,1,,,,,,,,,,,,,
,,,,,,,,,,,,,,,,,326,2,2024-03-12_01h06.14.197,Symbol-E,2020.1.3,Win32,Firefox,Mozilla/5.0 (Windows NT 10.0; Win64; x64; rv:123.0) Gecko/20100101 Firefox/123.0,60,,,,,,,,,,,,,,,,,,,,,,,,,,,,,,,,,,,,,,media/dinb.png,6,2,Symb,i,RT,0,0,0,1,8,0,45,0,1,6,99,i,0.583,6,1,i,1,0.583,45,0,45,0,1,,,,,,,,,,,,,
,,,,,,,,,,,,,,,,,326,2,2024-03-12_01h06.14.197,Symbol-E,2020.1.3,Win32,Firefox,Mozilla/5.0 (Windows NT 10.0; Win64; x64; rv:123.0) Gecko/20100101 Firefox/123.0,60,,,,,,,,,,,,,,,,,,,,,,,,,,,,,,,,,,,,,,media/dgnb.png,0,0,Symb,a,RT,0,0,0,1,8,0,46,0,1,6,99,a,0.664,0,1,a,1,0.664,46,0,46,0,1,,,,,,,,,,,,,
,,,,,,,,,,,,,,,,,326,2,2024-03-12_01h06.14.197,Symbol-E,2020.1.3,Win32,Firefox,Mozilla/5.0 (Windows NT 10.0; Win64; x64; rv:123.0) Gecko/20100101 Firefox/123.0,60,,,,,,,,,,,,,,,,,,,,,,,,,,,,,,,,,,,,,,media/dmnb.png,1,1,Symb,w,RT,0,0,0,1,8,0,47,0,1,6,99,w,0.58,1,1,w,1,0.58,47,0,47,0,1,,,,,,,,,,,,,
,,,,,,,,,,,,,,,,,326,2,2024-03-12_01h06.14.197,Symbol-E,2020.1.3,Win32,Firefox,Mozilla/5.0 (Windows NT 10.0; Win64; x64; rv:123.0) Gecko/20100101 Firefox/123.0,60,,,,,,,,,,,,,,,,,,,,,,,,,,,,,,,,,,,,,,media/dnnb.png,5,1,Symb,u,RT,0,0,0,1,8,0,48,0,1,6,99,u,0.602,5,1,u,1,0.602,48,0,48,0,1,,,,,,,,,,,,,
,,,,,,,,,,,,,,,,,326,2,2024-03-12_01h06.14.197,Symbol-E,2020.1.3,Win32,Firefox,Mozilla/5.0 (Windows NT 10.0; Win64; x64; rv:123.0) Gecko/20100101 Firefox/123.0,60,,,,,,,,,,,,,,,,,,,,,,,,,,,,,,,,,,,,,,media/dmnb.png,1,1,Symb,w,RT,0,0,0,1,8,0,49,0,1,6,99,w,0.551,1,1,w,1,0.551,49,0,49,0,1,,,,,,,,,,,,,
,,,,,,,,,,,,,,,,,326,2,2024-03-12_01h06.14.197,Symbol-E,2020.1.3,Win32,Firefox,Mozilla/5.0 (Windows NT 10.0; Win64; x64; rv:123.0) Gecko/20100101 Firefox/123.0,60,,,,,,,,,,,,,,,,,,,,,,,,,,,,,,,,,,,,,,media/djnb.png,4,0,Symb,h,RT,0,0,0,1,8,0,50,0,1,6,99,h,0.6,4,1,h,1,0.6,50,0,50,0,1,,,,,,,,,,,,,
,,,,,,,,,,,,,,,,,326,2,2024-03-12_01h06.14.197,Symbol-E,2020.1.3,Win32,Firefox,Mozilla/5.0 (Windows NT 10.0; Win64; x64; rv:123.0) Gecko/20100101 Firefox/123.0,60,,,,,,,,,,,,,,,,,,,,,,,,,,,,,,,,,,,,,,media/dgnb.png,0,0,Symb,a,RT,0,0,0,1,8,0,51,0,1,6,99,a,0.584,0,1,a,1,0.584,51,0,51,0,1,,,,,,,,,,,,,
,,,,,,,,,,,,,,,,,326,2,2024-03-12_01h06.14.197,Symbol-E,2020.1.3,Win32,Firefox,Mozilla/5.0 (Windows NT 10.0; Win64; x64; rv:123.0) Gecko/20100101 Firefox/123.0,60,,,,,,,,,,,,,,,,,,,,,,,,,,,,,,,,,,,,,,media/dfnb.png,3,3,Symb,f,RT,0,0,0,1,8,0,52,0,1,6,99,f,0.57,3,1,f,1,0.57,52,0,52,0,1,,,,,,,,,,,,,
,,,,,,,,,,,,,,,,,326,2,2024-03-12_01h06.14.197,Symbol-E,2020.1.3,Win32,Firefox,Mozilla/5.0 (Windows NT 10.0; Win64; x64; rv:123.0) Gecko/20100101 Firefox/123.0,60,,,,,,,,,,,,,,,,,,,,,,,,,,,,,,,,,,,,,,media/dfnb.png,3,3,Symb,f,RT,0,0,0,1,8,0,53,0,1,6,99,f,0.401,3,1,f,1,0.401,53,0,53,0,1,,,,,,,,,,,,,
,,,,,,,,,,,,,,,,,326,2,2024-03-12_01h06.14.197,Symbol-E,2020.1.3,Win32,Firefox,Mozilla/5.0 (Windows NT 10.0; Win64; x64; rv:123.0) Gecko/20100101 Firefox/123.0,60,,,,,,,,,,,,,,,,,,,,,,,,,,,,,,,,,,,,,,media/dinb.png,6,2,Symb,i,RT,0,0,0,1,8,0,54,0,1,6,99,i,0.565,6,1,i,1,0.565,54,0,54,0,1,,,,,,,,,,,,,
,,,,,,,,,,,,,,,,,326,2,2024-03-12_01h06.14.197,Symbol-E,2020.1.3,Win32,Firefox,Mozilla/5.0 (Windows NT 10.0; Win64; x64; rv:123.0) Gecko/20100101 Firefox/123.0,60,,,,,,,,,,,,,,,,,,,,,,,,,,,,,,,,,,,,,,media/dcnb.png,2,2,Symb,e,RT,0,0,0,1,8,0,55,0,1,6,99,e,0.517,2,1,e,1,0.517,55,0,55,0,1,,,,,,,,,,,,,
,,,,,,,,,,,,,,,,,326,2,2024-03-12_01h06.14.197,Symbol-E,2020.1.3,Win32,Firefox,Mozilla/5.0 (Windows NT 10.0; Win64; x64; rv:123.0) Gecko/20100101 Firefox/123.0,60,,,,,,,,,,,,,,,,,,,,,,,,,,,,,,,,,,,,,,media/dnnb.png,5,1,Symb,u,RT,0,0,0,1,8,0,56,0,1,6,99,u,0.516,5,1,u,1,0.516,56,0,56,0,1,,,,,,,,,,,,,
,,,,,,,,,,,,,,,,,326,2,2024-03-12_01h06.14.197,Symbol-E,2020.1.3,Win32,Firefox,Mozilla/5.0 (Windows NT 10.0; Win64; x64; rv:123.0) Gecko/20100101 Firefox/123.0,60,,,,,,,,,,,,,,,,,,,,,,,,,,,,,,,,,,,,,,media/dinb.png,6,2,Symb,i,RT,0,0,0,1,8,0,57,0,1,6,99,i,0.568,6,1,i,1,0.568,57,0,57,0,1,,,,,,,,,,,,,
,,,,,,,,,,,,,,,,,326,2,2024-03-12_01h06.14.197,Symbol-E,2020.1.3,Win32,Firefox,Mozilla/5.0 (Windows NT 10.0; Win64; x64; rv:123.0) Gecko/20100101 Firefox/123.0,60,,,,,,,,,,,,,,,,,,,,,,,,,,,,,,,,,,,,,,media/djnb.png,4,0,Symb,h,RT,0,0,0,1,8,0,58,0,1,6,99,h,0.585,4,1,h,1,0.585,58,0,58,0,1,,,,,,,,,,,,,
,,,,,,,,,,,,,,,,,326,2,2024-03-12_01h06.14.197,Symbol-E,2020.1.3,Win32,Firefox,Mozilla/5.0 (Windows NT 10.0; Win64; x64; rv:123.0) Gecko/20100101 Firefox/123.0,60,,,,,,,,,,,,,,,,,,,,,,,,,,,,,,,,,,,,,,media/ddnb.png,7,3,Symb,l,RT,0,0,0,1,8,0,59,0,1,6,99,l,0.623,7,1,l,1,0.623,59,0,59,0,1,,,,,,,,,,,,,
,,,,,,,,,,,,,,,,,326,2,2024-03-12_01h06.14.197,Symbol-E,2020.1.3,Win32,Firefox,Mozilla/5.0 (Windows NT 10.0; Win64; x64; rv:123.0) Gecko/20100101 Firefox/123.0,60,,,,,,,,,,,,,,,,,,,,,,,,,,,,,,,,,,,,,,media/dgnb.png,0,0,Symb,a,RT,0,0,0,1,8,0,60,0,1,6,99,a,0.551,0,1,a,1,0.551,60,0,60,0,1,,,,,,,,,,,,,
,,,,,,,,,,,,,,,,,326,2,2024-03-12_01h06.14.197,Symbol-E,2020.1.3,Win32,Firefox,Mozilla/5.0 (Windows NT 10.0; Win64; x64; rv:123.0) Gecko/20100101 Firefox/123.0,60,,,,,,,,,,,,,,,,,,,,,,,,,,,,,,,,,,,,,,media/dcnb.png,2,2,Symb,e,RT,0,0,0,1,8,0,61,0,1,6,99,e,0.872,2,1,e,1,0.872,61,0,61,0,1,,,,,,,,,,,,,
,,,,,,,,,,,,,,,,,326,2,2024-03-12_01h06.14.197,Symbol-E,2020.1.3,Win32,Firefox,Mozilla/5.0 (Windows NT 10.0; Win64; x64; rv:123.0) Gecko/20100101 Firefox/123.0,60,,,,,,,,,,,,,,,,,,,,,,,,,,,,,,,,,,,,,,media/dmnb.png,1,1,Symb,w,RT,0,0,0,1,8,0,62,0,1,6,99,w,0.597,1,1,w,1,0.597,62,0,62,0,1,,,,,,,,,,,,,
,,,,,,,,,,,,,,,,,326,2,2024-03-12_01h06.14.197,Symbol-E,2020.1.3,Win32,Firefox,Mozilla/5.0 (Windows NT 10.0; Win64; x64; rv:123.0) Gecko/20100101 Firefox/123.0,60,,,,,,,,,,,,,,,,,,,,,,,,,,,,,,,,,,,,,,media/ddnb.png,7,3,Symb,l,RT,0,0,0,1,8,0,63,0,1,6,99,l,0.585,7,1,l,1,0.585,63,0,63,0,1,,,,,,,,,,,,,
,,,,,,,,,,,,,,,,,326,2,2024-03-12_01h06.14.197,Symbol-E,2020.1.3,Win32,Firefox,Mozilla/5.0 (Windows NT 10.0; Win64; x64; rv:123.0) Gecko/20100101 Firefox/123.0,60,,,,,,,,,,,,,,,,,,,,,,,,,,,,,,,,,,,,,,media/dfnb.png,3,3,Symb,f,RT,0,0,0,1,8,0,64,0,1,6,99,f,0.584,3,1,f,1,0.584,64,0,64,0,1,,,,,,,,,,,,,
,,,,,,,,,,,,,,,,,326,2,2024-03-12_01h06.14.197,Symbol-E,2020.1.3,Win32,Firefox,Mozilla/5.0 (Windows NT 10.0; Win64; x64; rv:123.0) Gecko/20100101 Firefox/123.0,60,,,,,,,,,,,,,,,,,,,,,,,,,,,,,,,,,,,,,,media/dinb.png,6,2,Symb,i,RT,0,0,0,1,8,0,65,0,1,6,99,i,0.554,6,1,i,1,0.554,65,0,65,0,1,,,,,,,,,,,,,
,,,,,,,,,,,,,,,,,326,2,2024-03-12_01h06.14.197,Symbol-E,2020.1.3,Win32,Firefox,Mozilla/5.0 (Windows NT 10.0; Win64; x64; rv:123.0) Gecko/20100101 Firefox/123.0,60,,,,,,,,,,,,,,,,,,,,,,,,,,,,,,,,,,,,,,media/ddnb.png,7,3,Symb,l,RT,0,0,0,1,8,0,66,0,1,6,99,l,0.634,7,1,l,1,0.634,66,0,66,0,1,,,,,,,,,,,,,
,,,,,,,,,,,,,,,,,326,2,2024-03-12_01h06.14.197,Symbol-E,2020.1.3,Win32,Firefox,Mozilla/5.0 (Windows NT 10.0; Win64; x64; rv:123.0) Gecko/20100101 Firefox/123.0,60,,,,,,,,,,,,,,,,,,,,,,,,,,,,,,,,,,,,,,media/dnnb.png,5,1,Symb,u,RT,0,0,0,1,8,0,67,0,1,6,99,u,0.598,5,1,u,1,0.598,67,0,67,0,1,,,,,,,,,,,,,
,,,,,,,,,,,,,,,,,326,2,2024-03-12_01h06.14.197,Symbol-E,2020.1.3,Win32,Firefox,Mozilla/5.0 (Windows NT 10.0; Win64; x64; rv:123.0) Gecko/20100101 Firefox/123.0,60,,,,,,,,,,,,,,,,,,,,,,,,,,,,,,,,,,,,,,media/dmnb.png,1,1,Symb,w,RT,0,0,0,1,8,0,68,0,1,6,99,w,0.538,1,1,w,1,0.538,68,0,68,0,1,,,,,,,,,,,,,
,,,,,,,,,,,,,,,,,326,2,2024-03-12_01h06.14.197,Symbol-E,2020.1.3,Win32,Firefox,Mozilla/5.0 (Windows NT 10.0; Win64; x64; rv:123.0) Gecko/20100101 Firefox/123.0,60,,,,,,,,,,,,,,,,,,,,,,,,,,,,,,,,,,,,,,media/dmnb.png,1,1,Symb,w,RT,0,0,0,1,8,0,69,0,1,6,99,w,0.469,1,1,w,1,0.469,69,0,69,0,1,,,,,,,,,,,,,
,,,,,,,,,,,,,,,,,326,2,2024-03-12_01h06.14.197,Symbol-E,2020.1.3,Win32,Firefox,Mozilla/5.0 (Windows NT 10.0; Win64; x64; rv:123.0) Gecko/20100101 Firefox/123.0,60,,,,,,,,,,,,,,,,,,,,,,,,,,,,,,,,,,,,,,media/dcnb.png,2,2,Symb,e,RT,0,0,0,1,8,0,70,0,1,6,99,e,1.119,2,1,e,1,1.119,70,0,70,0,1,,,,,,,,,,,,,
,,,,,,,,,,,,,,,,,326,2,2024-03-12_01h06.14.197,Symbol-E,2020.1.3,Win32,Firefox,Mozilla/5.0 (Windows NT 10.0; Win64; x64; rv:123.0) Gecko/20100101 Firefox/123.0,60,,,,,,,,,,,,,,,,,,,,,,,,,,,,,,,,,,,,,,media/dinb.png,6,2,Symb,i,RT,0,0,0,1,8,0,71,0,1,6,99,i,0.949,6,1,i,1,0.949,71,0,71,0,1,,,,,,,,,,,,,
,,,,,,,,,,,,,,,,,326,2,2024-03-12_01h06.14.197,Symbol-E,2020.1.3,Win32,Firefox,Mozilla/5.0 (Windows NT 10.0; Win64; x64; rv:123.0) Gecko/20100101 Firefox/123.0,60,,,,,,,,,,,,,,,,,,,,,,,,,,,,,,,,,,,,,,media/dfnb.png,3,3,Symb,f,RT,0,0,0,1,8,0,72,0,1,6,99,f,0.567,3,1,f,1,0.567,72,0,72,0,1,,,,,,,,,,,,,
,,,,,,,,,,,,,,,,,326,2,2024-03-12_01h06.14.197,Symbol-E,2020.1.3,Win32,Firefox,Mozilla/5.0 (Windows NT 10.0; Win64; x64; rv:123.0) Gecko/20100101 Firefox/123.0,60,,,,,,,,,,,,,,,,,,,,,,,,,,,,,,,,,,,,,,media/dcnb.png,2,2,Symb,e,RT,0,0,0,1,8,0,73,0,1,6,99,e,1.166,2,1,e,1,1.166,73,0,73,0,1,,,,,,,,,,,,,
,,,,,,,,,,,,,,,,,326,2,2024-03-12_01h06.14.197,Symbol-E,2020.1.3,Win32,Firefox,Mozilla/5.0 (Windows NT 10.0; Win64; x64; rv:123.0) Gecko/20100101 Firefox/123.0,60,,,,,,,,,,,,,,,,,,,,,,,,,,,,,,,,,,,,,,media/djnb.png,4,0,Symb,h,RT,0,0,0,1,8,0,74,0,1,6,99,h,0.567,4,1,h,1,0.567,74,0,74,0,1,,,,,,,,,,,,,
,,,,,,,,,,,,,,,,,326,2,2024-03-12_01h06.14.197,Symbol-E,2020.1.3,Win32,Firefox,Mozilla/5.0 (Windows NT 10.0; Win64; x64; rv:123.0) Gecko/20100101 Firefox/123.0,60,,,,,,,,,,,,,,,,,,,,,,,,,,,,,,,,,,,,,,media/dnnb.png,5,1,Symb,u,RT,0,0,0,1,8,0,75,0,1,6,99,u,0.582,5,1,u,1,0.582,75,0,75,0,1,,,,,,,,,,,,,
,,,,,,,,,,,,,,,,,326,2,2024-03-12_01h06.14.197,Symbol-E,2020.1.3,Win32,Firefox,Mozilla/5.0 (Windows NT 10.0; Win64; x64; rv:123.0) Gecko/20100101 Firefox/123.0,60,,,,,,,,,,,,,,,,,,,,,,,,,,,,,,,,,,,,,,media/ddnb.png,7,3,Symb,l,RT,0,0,0,1,8,0,76,0,1,6,99,l,0.516,7,1,l,1,0.516,76,0,76,0,1,,,,,,,,,,,,,
,,,,,,,,,,,,,,,,,326,2,2024-03-12_01h06.14.197,Symbol-E,2020.1.3,Win32,Firefox,Mozilla/5.0 (Windows NT 10.0; Win64; x64; rv:123.0) Gecko/20100101 Firefox/123.0,60,,,,,,,,,,,,,,,,,,,,,,,,,,,,,,,,,,,,,,media/dgnb.png,0,0,Symb,a,RT,0,0,0,1,8,0,77,0,1,6,99,a,0.581,0,1,a,1,0.581,77,0,77,0,1,,,,,,,,,,,,,
,,,,,,,,,,,,,,,,,326,2,2024-03-12_01h06.14.197,Symbol-E,2020.1.3,Win32,Firefox,Mozilla/5.0 (Windows NT 10.0; Win64; x64; rv:123.0) Gecko/20100101 Firefox/123.0,60,,,,,,,,,,,,,,,,,,,,,,,,,,,,,,,,,,,,,,media/djnb.png,4,0,Symb,h,RT,0,0,0,1,8,0,78,0,1,6,99,h,0.615,4,1,h,1,0.615,78,0,78,0,1,,,,,,,,,,,,,
,,,,,,,,,,,,,,,,,326,2,2024-03-12_01h06.14.197,Symbol-E,2020.1.3,Win32,Firefox,Mozilla/5.0 (Windows NT 10.0; Win64; x64; rv:123.0) Gecko/20100101 Firefox/123.0,60,,,,,,,,,,,,,,,,,,,,,,,,,,,,,,,,,,,,,,media/dgnb.png,0,0,Symb,a,RT,0,0,0,1,8,0,79,0,1,6,99,a,0.832,0,1,a,1,0.832,79,0,79,0,1,,,,,,,,,,,,,
,,,,,,,,,,,,,,,,,326,2,2024-03-12_01h06.14.197,Symbol-E,2020.1.3,Win32,Firefox,Mozilla/5.0 (Windows NT 10.0; Win64; x64; rv:123.0) Gecko/20100101 Firefox/123.0,60,,,,,,,,,,,,,,,,,,,,,,,,,,,,,,,,,,,,,,media/ddnb.png,7,3,Symb,l,RT,0,0,0,1,8,0,80,0,1,6,99,l,0.55,7,1,l,1,0.55,80,0,80,0,1,,,,,,,,,,,,,
,,,,,,,,,,,,,,,,,326,2,2024-03-12_01h06.14.197,Symbol-E,2020.1.3,Win32,Firefox,Mozilla/5.0 (Windows NT 10.0; Win64; x64; rv:123.0) Gecko/20100101 Firefox/123.0,60,,,,,,,,,,,,,,,,,,,,,,,,,,,,,,,,,,,,,,media/dnnb.png,5,1,Symb,u,RT,0,0,0,1,8,0,81,0,1,6,99,u,0.599,5,1,u,1,0.599,81,0,81,0,1,,,,,,,,,,,,,
,,,,,,,,,,,,,,,,,326,2,2024-03-12_01h06.14.197,Symbol-E,2020.1.3,Win32,Firefox,Mozilla/5.0 (Windows NT 10.0; Win64; x64; rv:123.0) Gecko/20100101 Firefox/123.0,60,,,,,,,,,,,,,,,,,,,,,,,,,,,,,,,,,,,,,,media/dcnb.png,2,2,Symb,e,RT,0,0,0,1,8,0,82,0,1,6,99,e,0.596,2,1,e,1,0.596,82,0,82,0,1,,,,,,,,,,,,,
,,,,,,,,,,,,,,,,,326,2,2024-03-12_01h06.14.197,Symbol-E,2020.1.3,Win32,Firefox,Mozilla/5.0 (Windows NT 10.0; Win64; x64; rv:123.0) Gecko/20100101 Firefox/123.0,60,,,,,,,,,,,,,,,,,,,,,,,,,,,,,,,,,,,,,,media/dgnb.png,0,0,Symb,a,RT,0,0,0,1,8,0,83,0,1,6,99,a,0.652,0,1,a,1,0.652,83,0,83,0,1,,,,,,,,,,,,,
,,,,,,,,,,,,,,,,,326,2,2024-03-12_01h06.14.197,Symbol-E,2020.1.3,Win32,Firefox,Mozilla/5.0 (Windows NT 10.0; Win64; x64; rv:123.0) Gecko/20100101 Firefox/123.0,60,,,,,,,,,,,,,,,,,,,,,,,,,,,,,,,,,,,,,,media/dinb.png,6,2,Symb,i,RT,0,0,0,1,8,0,84,0,1,6,99,i,1.114,6,1,i,1,1.114,84,0,84,0,1,,,,,,,,,,,,,
,,,,,,,,,,,,,,,,,326,2,2024-03-12_01h06.14.197,Symbol-E,2020.1.3,Win32,Firefox,Mozilla/5.0 (Windows NT 10.0; Win64; x64; rv:123.0) Gecko/20100101 Firefox/123.0,60,,,,,,,,,,,,,,,,,,,,,,,,,,,,,,,,,,,,,,media/ddnb.png,7,3,Symb,l,RT,0,0,0,1,8,0,85,0,1,6,99,l,0.635,7,1,l,1,0.635,85,0,85,0,1,,,,,,,,,,,,,
,,,,,,,,,,,,,,,,,326,2,2024-03-12_01h06.14.197,Symbol-E,2020.1.3,Win32,Firefox,Mozilla/5.0 (Windows NT 10.0; Win64; x64; rv:123.0) Gecko/20100101 Firefox/123.0,60,,,,,,,,,,,,,,,,,,,,,,,,,,,,,,,,,,,,,,media/dfnb.png,3,3,Symb,f,RT,0,0,0,1,8,0,86,0,1,6,99,f,0.583,3,1,f,1,0.583,86,0,86,0,1,,,,,,,,,,,,,
,,,,,,,,,,,,,,,,,326,2,2024-03-12_01h06.14.197,Symbol-E,2020.1.3,Win32,Firefox,Mozilla/5.0 (Windows NT 10.0; Win64; x64; rv:123.0) Gecko/20100101 Firefox/123.0,60,,,,,,,,,,,,,,,,,,,,,,,,,,,,,,,,,,,,,,media/dnnb.png,5,1,Symb,u,RT,0,0,0,1,8,0,87,0,1,6,99,u,0.581,5,1,u,1,0.581,87,0,87,0,1,,,,,,,,,,,,,
,,,,,,,,,,,,,,,,,326,2,2024-03-12_01h06.14.197,Symbol-E,2020.1.3,Win32,Firefox,Mozilla/5.0 (Windows NT 10.0; Win64; x64; rv:123.0) Gecko/20100101 Firefox/123.0,60,,,,,,,,,,,,,,,,,,,,,,,,,,,,,,,,,,,,,,media/dcnb.png,2,2,Symb,e,RT,0,0,0,1,8,0,88,0,1,6,99,e,1.086,2,1,e,1,1.086,88,0,88,0,1,,,,,,,,,,,,,
,,,,,,,,,,,,,,,,,326,2,2024-03-12_01h06.14.197,Symbol-E,2020.1.3,Win32,Firefox,Mozilla/5.0 (Windows NT 10.0; Win64; x64; rv:123.0) Gecko/20100101 Firefox/123.0,60,,,,,,,,,,,,,,,,,,,,,,,,,,,,,,,,,,,,,,media/dinb.png,6,2,Symb,i,RT,0,0,0,1,8,0,89,0,1,6,99,i,0.537,6,1,i,1,0.537,89,0,89,0,1,,,,,,,,,,,,,
,,,,,,,,,,,,,,,,,326,2,2024-03-12_01h06.14.197,Symbol-E,2020.1.3,Win32,Firefox,Mozilla/5.0 (Windows NT 10.0; Win64; x64; rv:123.0) Gecko/20100101 Firefox/123.0,60,,,,,,,,,,,,,,,,,,,,,,,,,,,,,,,,,,,,,,media/djnb.png,4,0,Symb,h,RT,0,0,0,1,8,0,90,0,1,6,99,h,0.534,4,1,h,1,0.534,90,0,90,0,1,,,,,,,,,,,,,
,,,,,,,,,,,,,,,,,326,2,2024-03-12_01h06.14.197,Symbol-E,2020.1.3,Win32,Firefox,Mozilla/5.0 (Windows NT 10.0; Win64; x64; rv:123.0) Gecko/20100101 Firefox/123.0,60,,,,,,,,,,,,,,,,,,,,,,,,,,,,,,,,,,,,,,media/dgnb.png,0,0,Symb,a,RT,0,0,0,1,8,0,91,0,1,6,99,a,0.539,0,1,a,1,0.539,91,0,91,0,1,,,,,,,,,,,,,
,,,,,,,,,,,,,,,,,326,2,2024-03-12_01h06.14.197,Symbol-E,2020.1.3,Win32,Firefox,Mozilla/5.0 (Windows NT 10.0; Win64; x64; rv:123.0) Gecko/20100101 Firefox/123.0,60,,,,,,,,,,,,,,,,,,,,,,,,,,,,,,,,,,,,,,media/dmnb.png,1,1,Symb,w,RT,0,0,0,1,8,0,92,0,1,6,99,w,0.5,1,1,w,1,0.5,92,0,92,0,1,,,,,,,,,,,,,
,,,,,,,,,,,,,,,,,326,2,2024-03-12_01h06.14.197,Symbol-E,2020.1.3,Win32,Firefox,Mozilla/5.0 (Windows NT 10.0; Win64; x64; rv:123.0) Gecko/20100101 Firefox/123.0,60,,,,,,,,,,,,,,,,,,,,,,,,,,,,,,,,,,,,,,media/dfnb.png,3,3,Symb,f,RT,0,0,0,1,8,0,93,0,1,6,99,f,0.503,3,1,f,1,0.503,93,0,93,0,1,,,,,,,,,,,,,
,,,,,,,,,,,,,,,,,326,2,2024-03-12_01h06.14.197,Symbol-E,2020.1.3,Win32,Firefox,Mozilla/5.0 (Windows NT 10.0; Win64; x64; rv:123.0) Gecko/20100101 Firefox/123.0,60,,,,,,,,,,,,,,,,,,,,,,,,,,,,,,,,,,,,,,media/dmnb.png,1,1,Symb,w,RT,0,0,0,1,8,0,94,0,1,6,99,w,0.467,1,1,w,1,0.467,94,0,94,0,1,,,,,,,,,,,,,
,,,,,,,,,,,,,,,,,326,2,2024-03-12_01h06.14.197,Symbol-E,2020.1.3,Win32,Firefox,Mozilla/5.0 (Windows NT 10.0; Win64; x64; rv:123.0) Gecko/20100101 Firefox/123.0,60,,,,,,,,,,,,,,,,,,,,,,,,,,,,,,,,,,,,,,media/djnb.png,4,0,Symb,h,RT,0,0,0,1,8,0,95,0,1,6,99,h,0.466,4,1,h,1,0.466,95,0,95,0,1,,,,,,,,,,,,,
,,,,,,,,,,,,,,,,,326,2,2024-03-12_01h06.14.197,Symbol-E,2020.1.3,Win32,Firefox,Mozilla/5.0 (Windows NT 10.0; Win64; x64; rv:123.0) Gecko/20100101 Firefox/123.0,60,,,,,,,,,,,,,,,,,,,,,,,,,,,,,,,,,,,,,,,,,,,,,,,,,,,,,,,,,,,,,,,,,,,5,0,5,0,1,,,,,,,,
,,,,,,,,,,,,,,,,,326,2,2024-03-12_01h06.14.197,Symbol-E,2020.1.3,Win32,Firefox,Mozilla/5.0 (Windows NT 10.0; Win64; x64; rv:123.0) Gecko/20100101 Firefox/123.0,60,,,,,,,,,,,,,,,,,,,,,,,,,,,,,,,,,,,,i,0.548,media/djnb.png,4,0,Symb,h,RT,0,0,0,1,8,0,0,0,1,7,99,h,0.632,4,1,h,1,0.632,0,0,0,0,1,,,,,,,,,,,,,
,,,,,,,,,,,,,,,,,326,2,2024-03-12_01h06.14.197,Symbol-E,2020.1.3,Win32,Firefox,Mozilla/5.0 (Windows NT 10.0; Win64; x64; rv:123.0) Gecko/20100101 Firefox/123.0,60,,,,,,,,,,,,,,,,,,,,,,,,,,,,,,,,,,,,,,media/dnnb.png,5,1,Symb,u,RT,0,0,0,1,8,0,1,0,1,7,99,e,0.751,2,0,e,0,0.751,1,0,1,0,1,,,,,,,,,,,,,
,,,,,,,,,,,,,,,,,326,2,2024-03-12_01h06.14.197,Symbol-E,2020.1.3,Win32,Firefox,Mozilla/5.0 (Windows NT 10.0; Win64; x64; rv:123.0) Gecko/20100101 Firefox/123.0,60,,,,,,,,,,,,,,,,,,,,,,,,,,,,,,,,,,,,,,media/dmnb.png,1,1,Symb,w,RT,0,0,0,1,8,0,2,0,1,7,99,w,0.6,1,1,w,1,0.6,2,0,2,0,1,,,,,,,,,,,,,
,,,,,,,,,,,,,,,,,326,2,2024-03-12_01h06.14.197,Symbol-E,2020.1.3,Win32,Firefox,Mozilla/5.0 (Windows NT 10.0; Win64; x64; rv:123.0) Gecko/20100101 Firefox/123.0,60,,,,,,,,,,,,,,,,,,,,,,,,,,,,,,,,,,,,,,media/dmnb.png,1,1,Symb,w,RT,0,0,0,1,8,0,3,0,1,7,99,w,0.435,1,1,w,1,0.435,3,0,3,0,1,,,,,,,,,,,,,
,,,,,,,,,,,,,,,,,326,2,2024-03-12_01h06.14.197,Symbol-E,2020.1.3,Win32,Firefox,Mozilla/5.0 (Windows NT 10.0; Win64; x64; rv:123.0) Gecko/20100101 Firefox/123.0,60,,,,,,,,,,,,,,,,,,,,,,,,,,,,,,,,,,,,,,media/dcnb.png,2,2,Symb,e,RT,0,0,0,1,8,0,4,0,1,7,99,e,0.583,2,1,e,1,0.583,4,0,4,0,1,,,,,,,,,,,,,
,,,,,,,,,,,,,,,,,326,2,2024-03-12_01h06.14.197,Symbol-E,2020.1.3,Win32,Firefox,Mozilla/5.0 (Windows NT 10.0; Win64; x64; rv:123.0) Gecko/20100101 Firefox/123.0,60,,,,,,,,,,,,,,,,,,,,,,,,,,,,,,,,,,,,,,media/ddnb.png,7,3,Symb,l,RT,0,0,0,1,8,0,5,0,1,7,99,l,0.653,7,1,l,1,0.653,5,0,5,0,1,,,,,,,,,,,,,
,,,,,,,,,,,,,,,,,326,2,2024-03-12_01h06.14.197,Symbol-E,2020.1.3,Win32,Firefox,Mozilla/5.0 (Windows NT 10.0; Win64; x64; rv:123.0) Gecko/20100101 Firefox/123.0,60,,,,,,,,,,,,,,,,,,,,,,,,,,,,,,,,,,,,,,media/dnnb.png,5,1,Symb,u,RT,0,0,0,1,8,0,6,0,1,7,99,u,0.616,5,1,u,1,0.616,6,0,6,0,1,,,,,,,,,,,,,
,,,,,,,,,,,,,,,,,326,2,2024-03-12_01h06.14.197,Symbol-E,2020.1.3,Win32,Firefox,Mozilla/5.0 (Windows NT 10.0; Win64; x64; rv:123.0) Gecko/20100101 Firefox/123.0,60,,,,,,,,,,,,,,,,,,,,,,,,,,,,,,,,,,,,,,media/dfnb.png,3,3,Symb,f,RT,0,0,0,1,8,0,7,0,1,7,99,f,0.584,3,1,f,1,0.584,7,0,7,0,1,,,,,,,,,,,,,
,,,,,,,,,,,,,,,,,326,2,2024-03-12_01h06.14.197,Symbol-E,2020.1.3,Win32,Firefox,Mozilla/5.0 (Windows NT 10.0; Win64; x64; rv:123.0) Gecko/20100101 Firefox/123.0,60,,,,,,,,,,,,,,,,,,,,,,,,,,,,,,,,,,,,,,media/dgnb.png,0,0,Symb,a,RT,0,0,0,1,8,0,8,0,1,7,99,a,0.985,0,1,a,1,0.985,8,0,8,0,1,,,,,,,,,,,,,
,,,,,,,,,,,,,,,,,326,2,2024-03-12_01h06.14.197,Symbol-E,2020.1.3,Win32,Firefox,Mozilla/5.0 (Windows NT 10.0; Win64; x64; rv:123.0) Gecko/20100101 Firefox/123.0,60,,,,,,,,,,,,,,,,,,,,,,,,,,,,,,,,,,,,,,media/djnb.png,4,0,Symb,h,RT,0,0,0,1,8,0,9,0,1,7,99,h,0.618,4,1,h,1,0.618,9,0,9,0,1,,,,,,,,,,,,,
,,,,,,,,,,,,,,,,,326,2,2024-03-12_01h06.14.197,Symbol-E,2020.1.3,Win32,Firefox,Mozilla/5.0 (Windows NT 10.0; Win64; x64; rv:123.0) Gecko/20100101 Firefox/123.0,60,,,,,,,,,,,,,,,,,,,,,,,,,,,,,,,,,,,,,,media/dfnb.png,3,3,Symb,f,RT,0,0,0,1,8,0,10,0,1,7,99,f,0.668,3,1,f,1,0.668,10,0,10,0,1,,,,,,,,,,,,,
,,,,,,,,,,,,,,,,,326,2,2024-03-12_01h06.14.197,Symbol-E,2020.1.3,Win32,Firefox,Mozilla/5.0 (Windows NT 10.0; Win64; x64; rv:123.0) Gecko/20100101 Firefox/123.0,60,,,,,,,,,,,,,,,,,,,,,,,,,,,,,,,,,,,,,,media/dcnb.png,2,2,Symb,e,RT,0,0,0,1,8,0,11,0,1,7,99,e,0.633,2,1,e,1,0.633,11,0,11,0,1,,,,,,,,,,,,,
,,,,,,,,,,,,,,,,,326,2,2024-03-12_01h06.14.197,Symbol-E,2020.1.3,Win32,Firefox,Mozilla/5.0 (Windows NT 10.0; Win64; x64; rv:123.0) Gecko/20100101 Firefox/123.0,60,,,,,,,,,,,,,,,,,,,,,,,,,,,,,,,,,,,,,,media/dgnb.png,0,0,Symb,a,RT,0,0,0,1,8,0,12,0,1,7,99,a,0.532,0,1,a,1,0.532,12,0,12,0,1,,,,,,,,,,,,,
,,,,,,,,,,,,,,,,,326,2,2024-03-12_01h06.14.197,Symbol-E,2020.1.3,Win32,Firefox,Mozilla/5.0 (Windows NT 10.0; Win64; x64; rv:123.0) Gecko/20100101 Firefox/123.0,60,,,,,,,,,,,,,,,,,,,,,,,,,,,,,,,,,,,,,,media/dinb.png,6,2,Symb,i,RT,0,0,0,1,8,0,13,0,1,7,99,i,0.349,6,1,i,1,0.349,13,0,13,0,1,,,,,,,,,,,,,
,,,,,,,,,,,,,,,,,326,2,2024-03-12_01h06.14.197,Symbol-E,2020.1.3,Win32,Firefox,Mozilla/5.0 (Windows NT 10.0; Win64; x64; rv:123.0) Gecko/20100101 Firefox/123.0,60,,,,,,,,,,,,,,,,,,,,,,,,,,,,,,,,,,,,,,media/dinb.png,6,2,Symb,i,RT,0,0,0,1,8,0,14,0,1,7,99,i,0.351,6,1,i,1,0.351,14,0,14,0,1,,,,,,,,,,,,,
,,,,,,,,,,,,,,,,,326,2,2024-03-12_01h06.14.197,Symbol-E,2020.1.3,Win32,Firefox,Mozilla/5.0 (Windows NT 10.0; Win64; x64; rv:123.0) Gecko/20100101 Firefox/123.0,60,,,,,,,,,,,,,,,,,,,,,,,,,,,,,,,,,,,,,,media/ddnb.png,7,3,Symb,l,RT,0,0,0,1,8,0,15,0,1,7,99,l,0.536,7,1,l,1,0.536,15,0,15,0,1,,,,,,,,,,,,,
,,,,,,,,,,,,,,,,,326,2,2024-03-12_01h06.14.197,Symbol-E,2020.1.3,Win32,Firefox,Mozilla/5.0 (Windows NT 10.0; Win64; x64; rv:123.0) Gecko/20100101 Firefox/123.0,60,,,,,,,,,,,,,,,,,,,,,,,,,,,,,,,,,,,,,,media/dcnb.png,2,2,Symb,e,RT,0,0,0,1,8,0,16,0,1,7,99,e,0.681,2,1,e,1,0.681,16,0,16,0,1,,,,,,,,,,,,,
,,,,,,,,,,,,,,,,,326,2,2024-03-12_01h06.14.197,Symbol-E,2020.1.3,Win32,Firefox,Mozilla/5.0 (Windows NT 10.0; Win64; x64; rv:123.0) Gecko/20100101 Firefox/123.0,60,,,,,,,,,,,,,,,,,,,,,,,,,,,,,,,,,,,,,,media/dgnb.png,0,0,Symb,a,RT,0,0,0,1,8,0,17,0,1,7,99,a,0.683,0,1,a,1,0.683,17,0,17,0,1,,,,,,,,,,,,,
,,,,,,,,,,,,,,,,,326,2,2024-03-12_01h06.14.197,Symbol-E,2020.1.3,Win32,Firefox,Mozilla/5.0 (Windows NT 10.0; Win64; x64; rv:123.0) Gecko/20100101 Firefox/123.0,60,,,,,,,,,,,,,,,,,,,,,,,,,,,,,,,,,,,,,,media/dmnb.png,1,1,Symb,w,RT,0,0,0,1,8,0,18,0,1,7,99,w,0.517,1,1,w,1,0.517,18,0,18,0,1,,,,,,,,,,,,,
,,,,,,,,,,,,,,,,,326,2,2024-03-12_01h06.14.197,Symbol-E,2020.1.3,Win32,Firefox,Mozilla/5.0 (Windows NT 10.0; Win64; x64; rv:123.0) Gecko/20100101 Firefox/123.0,60,,,,,,,,,,,,,,,,,,,,,,,,,,,,,,,,,,,,,,media/ddnb.png,7,3,Symb,l,RT,0,0,0,1,8,0,19,0,1,7,99,l,0.548,7,1,l,1,0.548,19,0,19,0,1,,,,,,,,,,,,,
,,,,,,,,,,,,,,,,,326,2,2024-03-12_01h06.14.197,Symbol-E,2020.1.3,Win32,Firefox,Mozilla/5.0 (Windows NT 10.0; Win64; x64; rv:123.0) Gecko/20100101 Firefox/123.0,60,,,,,,,,,,,,,,,,,,,,,,,,,,,,,,,,,,,,,,media/dfnb.png,3,3,Symb,f,RT,0,0,0,1,8,0,20,0,1,7,99,f,0.553,3,1,f,1,0.553,20,0,20,0,1,,,,,,,,,,,,,
,,,,,,,,,,,,,,,,,326,2,2024-03-12_01h06.14.197,Symbol-E,2020.1.3,Win32,Firefox,Mozilla/5.0 (Windows NT 10.0; Win64; x64; rv:123.0) Gecko/20100101 Firefox/123.0,60,,,,,,,,,,,,,,,,,,,,,,,,,,,,,,,,,,,,,,media/dfnb.png,3,3,Symb,f,RT,0,0,0,1,8,0,21,0,1,7,99,f,0.45,3,1,f,1,0.45,21,0,21,0,1,,,,,,,,,,,,,
,,,,,,,,,,,,,,,,,326,2,2024-03-12_01h06.14.197,Symbol-E,2020.1.3,Win32,Firefox,Mozilla/5.0 (Windows NT 10.0; Win64; x64; rv:123.0) Gecko/20100101 Firefox/123.0,60,,,,,,,,,,,,,,,,,,,,,,,,,,,,,,,,,,,,,,media/ddnb.png,7,3,Symb,l,RT,0,0,0,1,8,0,22,0,1,7,99,l,0.514,7,1,l,1,0.514,22,0,22,0,1,,,,,,,,,,,,,
,,,,,,,,,,,,,,,,,326,2,2024-03-12_01h06.14.197,Symbol-E,2020.1.3,Win32,Firefox,Mozilla/5.0 (Windows NT 10.0; Win64; x64; rv:123.0) Gecko/20100101 Firefox/123.0,60,,,,,,,,,,,,,,,,,,,,,,,,,,,,,,,,,,,,,,media/dnnb.png,5,1,Symb,u,RT,0,0,0,1,8,0,23,0,1,7,99,u,0.634,5,1,u,1,0.634,23,0,23,0,1,,,,,,,,,,,,,
,,,,,,,,,,,,,,,,,326,2,2024-03-12_01h06.14.197,Symbol-E,2020.1.3,Win32,Firefox,Mozilla/5.0 (Windows NT 10.0; Win64; x64; rv:123.0) Gecko/20100101 Firefox/123.0,60,,,,,,,,,,,,,,,,,,,,,,,,,,,,,,,,,,,,,,media/dinb.png,6,2,Symb,i,RT,0,0,0,1,8,0,24,0,1,7,99,l,0.566,7,0,l,0,0.566,24,0,24,0,1,,,,,,,,,,,,,
,,,,,,,,,,,,,,,,,326,2,2024-03-12_01h06.14.197,Symbol-E,2020.1.3,Win32,Firefox,Mozilla/5.0 (Windows NT 10.0; Win64; x64; rv:123.0) Gecko/20100101 Firefox/123.0,60,,,,,,,,,,,,,,,,,,,,,,,,,,,,,,,,,,,,,,media/dinb.png,6,2,Symb,i,RT,0,0,0,1,8,0,25,0,1,7,99,i,0.613,6,1,i,1,0.613,25,0,25,0,1,,,,,,,,,,,,,
,,,,,,,,,,,,,,,,,326,2,2024-03-12_01h06.14.197,Symbol-E,2020.1.3,Win32,Firefox,Mozilla/5.0 (Windows NT 10.0; Win64; x64; rv:123.0) Gecko/20100101 Firefox/123.0,60,,,,,,,,,,,,,,,,,,,,,,,,,,,,,,,,,,,,,,media/dnnb.png,5,1,Symb,u,RT,0,0,0,1,8,0,26,0,1,7,99,u,1.253,5,1,u,1,1.253,26,0,26,0,1,,,,,,,,,,,,,
,,,,,,,,,,,,,,,,,326,2,2024-03-12_01h06.14.197,Symbol-E,2020.1.3,Win32,Firefox,Mozilla/5.0 (Windows NT 10.0; Win64; x64; rv:123.0) Gecko/20100101 Firefox/123.0,60,,,,,,,,,,,,,,,,,,,,,,,,,,,,,,,,,,,,,,media/djnb.png,4,0,Symb,h,RT,0,0,0,1,8,0,27,0,1,7,99,h,0.536,4,1,h,1,0.536,27,0,27,0,1,,,,,,,,,,,,,
,,,,,,,,,,,,,,,,,326,2,2024-03-12_01h06.14.197,Symbol-E,2020.1.3,Win32,Firefox,Mozilla/5.0 (Windows NT 10.0; Win64; x64; rv:123.0) Gecko/20100101 Firefox/123.0,60,,,,,,,,,,,,,,,,,,,,,,,,,,,,,,,,,,,,,,media/dmnb.png,1,1,Symb,w,RT,0,0,0,1,8,0,28,0,1,7,99,w,0.52,1,1,w,1,0.52,28,0,28,0,1,,,,,,,,,,,,,
,,,,,,,,,,,,,,,,,326,2,2024-03-12_01h06.14.197,Symbol-E,2020.1.3,Win32,Firefox,Mozilla/5.0 (Windows NT 10.0; Win64; x64; rv:123.0) Gecko/20100101 Firefox/123.0,60,,,,,,,,,,,,,,,,,,,,,,,,,,,,,,,,,,,,,,media/dcnb.png,2,2,Symb,e,RT,0,0,0,1,8,0,29,0,1,7,99,e,0.503,2,1,e,1,0.503,29,0,29,0,1,,,,,,,,,,,,,
,,,,,,,,,,,,,,,,,326,2,2024-03-12_01h06.14.197,Symbol-E,2020.1.3,Win32,Firefox,Mozilla/5.0 (Windows NT 10.0; Win64; x64; rv:123.0) Gecko/20100101 Firefox/123.0,60,,,,,,,,,,,,,,,,,,,,,,,,,,,,,,,,,,,,,,media/dgnb.png,0,0,Symb,a,RT,0,0,0,1,8,0,30,0,1,7,99,a,0.634,0,1,a,1,0.634,30,0,30,0,1,,,,,,,,,,,,,
,,,,,,,,,,,,,,,,,326,2,2024-03-12_01h06.14.197,Symbol-E,2020.1.3,Win32,Firefox,Mozilla/5.0 (Windows NT 10.0; Win64; x64; rv:123.0) Gecko/20100101 Firefox/123.0,60,,,,,,,,,,,,,,,,,,,,,,,,,,,,,,,,,,,,,,media/djnb.png,4,0,Symb,h,RT,0,0,0,1,8,0,31,0,1,7,99,h,0.617,4,1,h,1,0.617,31,0,31,0,1,,,,,,,,,,,,,
,,,,,,,,,,,,,,,,,326,2,2024-03-12_01h06.14.197,Symbol-E,2020.1.3,Win32,Firefox,Mozilla/5.0 (Windows NT 10.0; Win64; x64; rv:123.0) Gecko/20100101 Firefox/123.0,60,,,,,,,,,,,,,,,,,,,,,,,,,,,,,,,,,,,,,,media/dinb.png,6,2,Symb,i,RT,0,0,0,1,8,0,32,0,1,7,99,i,0.581,6,1,i,1,0.581,32,0,32,0,1,,,,,,,,,,,,,
,,,,,,,,,,,,,,,,,326,2,2024-03-12_01h06.14.197,Symbol-E,2020.1.3,Win32,Firefox,Mozilla/5.0 (Windows NT 10.0; Win64; x64; rv:123.0) Gecko/20100101 Firefox/123.0,60,,,,,,,,,,,,,,,,,,,,,,,,,,,,,,,,,,,,,,media/dfnb.png,3,3,Symb,f,RT,0,0,0,1,8,0,33,0,1,7,99,f,0.57,3,1,f,1,0.57,33,0,33,0,1,,,,,,,,,,,,,
,,,,,,,,,,,,,,,,,326,2,2024-03-12_01h06.14.197,Symbol-E,2020.1.3,Win32,Firefox,Mozilla/5.0 (Windows NT 10.0; Win64; x64; rv:123.0) Gecko/20100101 Firefox/123.0,60,,,,,,,,,,,,,,,,,,,,,,,,,,,,,,,,,,,,,,media/dmnb.png,1,1,Symb,w,RT,0,0,0,1,8,0,34,0,1,7,99,w,0.52,1,1,w,1,0.52,34,0,34,0,1,,,,,,,,,,,,,
,,,,,,,,,,,,,,,,,326,2,2024-03-12_01h06.14.197,Symbol-E,2020.1.3,Win32,Firefox,Mozilla/5.0 (Windows NT 10.0; Win64; x64; rv:123.0) Gecko/20100101 Firefox/123.0,60,,,,,,,,,,,,,,,,,,,,,,,,,,,,,,,,,,,,,,media/ddnb.png,7,3,Symb,l,RT,0,0,0,1,8,0,35,0,1,7,99,l,0.754,7,1,l,1,0.754,35,0,35,0,1,,,,,,,,,,,,,
,,,,,,,,,,,,,,,,,326,2,2024-03-12_01h06.14.197,Symbol-E,2020.1.3,Win32,Firefox,Mozilla/5.0 (Windows NT 10.0; Win64; x64; rv:123.0) Gecko/20100101 Firefox/123.0,60,,,,,,,,,,,,,,,,,,,,,,,,,,,,,,,,,,,,,,media/dcnb.png,2,2,Symb,e,RT,0,0,0,1,8,0,36,0,1,7,99,e,0.583,2,1,e,1,0.583,36,0,36,0,1,,,,,,,,,,,,,
,,,,,,,,,,,,,,,,,326,2,2024-03-12_01h06.14.197,Symbol-E,2020.1.3,Win32,Firefox,Mozilla/5.0 (Windows NT 10.0; Win64; x64; rv:123.0) Gecko/20100101 Firefox/123.0,60,,,,,,,,,,,,,,,,,,,,,,,,,,,,,,,,,,,,,,media/ddnb.png,7,3,Symb,l,RT,0,0,0,1,8,0,37,0,1,7,99,l,0.619,7,1,l,1,0.619,37,0,37,0,1,,,,,,,,,,,,,
,,,,,,,,,,,,,,,,,326,2,2024-03-12_01h06.14.197,Symbol-E,2020.1.3,Win32,Firefox,Mozilla/5.0 (Windows NT 10.0; Win64; x64; rv:123.0) Gecko/20100101 Firefox/123.0,60,,,,,,,,,,,,,,,,,,,,,,,,,,,,,,,,,,,,,,media/dgnb.png,0,0,Symb,a,RT,0,0,0,1,8,0,38,0,1,7,99,a,0.551,0,1,a,1,0.551,38,0,38,0,1,,,,,,,,,,,,,
,,,,,,,,,,,,,,,,,326,2,2024-03-12_01h06.14.197,Symbol-E,2020.1.3,Win32,Firefox,Mozilla/5.0 (Windows NT 10.0; Win64; x64; rv:123.0) Gecko/20100101 Firefox/123.0,60,,,,,,,,,,,,,,,,,,,,,,,,,,,,,,,,,,,,,,media/djnb.png,4,0,Symb,h,RT,0,0,0,1,8,0,39,0,1,7,99,h,0.581,4,1,h,1,0.581,39,0,39,0,1,,,,,,,,,,,,,
,,,,,,,,,,,,,,,,,326,2,2024-03-12_01h06.14.197,Symbol-E,2020.1.3,Win32,Firefox,Mozilla/5.0 (Windows NT 10.0; Win64; x64; rv:123.0) Gecko/20100101 Firefox/123.0,60,,,,,,,,,,,,,,,,,,,,,,,,,,,,,,,,,,,,,,media/dmnb.png,1,1,Symb,w,RT,0,0,0,1,8,0,40,0,1,7,99,w,0.563,1,1,w,1,0.563,40,0,40,0,1,,,,,,,,,,,,,
,,,,,,,,,,,,,,,,,326,2,2024-03-12_01h06.14.197,Symbol-E,2020.1.3,Win32,Firefox,Mozilla/5.0 (Windows NT 10.0; Win64; x64; rv:123.0) Gecko/20100101 Firefox/123.0,60,,,,,,,,,,,,,,,,,,,,,,,,,,,,,,,,,,,,,,media/dnnb.png,5,1,Symb,u,RT,0,0,0,1,8,0,41,0,1,7,99,u,0.583,5,1,u,1,0.583,41,0,41,0,1,,,,,,,,,,,,,
,,,,,,,,,,,,,,,,,326,2,2024-03-12_01h06.14.197,Symbol-E,2020.1.3,Win32,Firefox,Mozilla/5.0 (Windows NT 10.0; Win64; x64; rv:123.0) Gecko/20100101 Firefox/123.0,60,,,,,,,,,,,,,,,,,,,,,,,,,,,,,,,,,,,,,,media/djnb.png,4,0,Symb,h,RT,0,0,0,1,8,0,42,0,1,7,99,h,0.648,4,1,h,1,0.648,42,0,42,0,1,,,,,,,,,,,,,
,,,,,,,,,,,,,,,,,326,2,2024-03-12_01h06.14.197,Symbol-E,2020.1.3,Win32,Firefox,Mozilla/5.0 (Windows NT 10.0; Win64; x64; rv:123.0) Gecko/20100101 Firefox/123.0,60,,,,,,,,,,,,,,,,,,,,,,,,,,,,,,,,,,,,,,media/dfnb.png,3,3,Symb,f,RT,0,0,0,1,8,0,43,0,1,7,99,f,0.567,3,1,f,1,0.567,43,0,43,0,1,,,,,,,,,,,,,
,,,,,,,,,,,,,,,,,326,2,2024-03-12_01h06.14.197,Symbol-E,2020.1.3,Win32,Firefox,Mozilla/5.0 (Windows NT 10.0; Win64; x64; rv:123.0) Gecko/20100101 Firefox/123.0,60,,,,,,,,,,,,,,,,,,,,,,,,,,,,,,,,,,,,,,media/dinb.png,6,2,Symb,i,RT,0,0,0,1,8,0,44,0,1,7,99,i,0.8,6,1,i,1,0.8,44,0,44,0,1,,,,,,,,,,,,,
,,,,,,,,,,,,,,,,,326,2,2024-03-12_01h06.14.197,Symbol-E,2020.1.3,Win32,Firefox,Mozilla/5.0 (Windows NT 10.0; Win64; x64; rv:123.0) Gecko/20100101 Firefox/123.0,60,,,,,,,,,,,,,,,,,,,,,,,,,,,,,,,,,,,,,,media/dnnb.png,5,1,Symb,u,RT,0,0,0,1,8,0,45,0,1,7,99,u,0.583,5,1,u,1,0.583,45,0,45,0,1,,,,,,,,,,,,,
,,,,,,,,,,,,,,,,,326,2,2024-03-12_01h06.14.197,Symbol-E,2020.1.3,Win32,Firefox,Mozilla/5.0 (Windows NT 10.0; Win64; x64; rv:123.0) Gecko/20100101 Firefox/123.0,60,,,,,,,,,,,,,,,,,,,,,,,,,,,,,,,,,,,,,,media/dcnb.png,2,2,Symb,e,RT,0,0,0,1,8,0,46,0,1,7,99,e,0.415,2,1,e,1,0.415,46,0,46,0,1,,,,,,,,,,,,,
,,,,,,,,,,,,,,,,,326,2,2024-03-12_01h06.14.197,Symbol-E,2020.1.3,Win32,Firefox,Mozilla/5.0 (Windows NT 10.0; Win64; x64; rv:123.0) Gecko/20100101 Firefox/123.0,60,,,,,,,,,,,,,,,,,,,,,,,,,,,,,,,,,,,,,,media/dgnb.png,0,0,Symb,a,RT,0,0,0,1,8,0,47,0,1,7,99,a,0.548,0,1,a,1,0.548,47,0,47,0,1,,,,,,,,,,,,,
,,,,,,,,,,,,,,,,,326,2,2024-03-12_01h06.14.197,Symbol-E,2020.1.3,Win32,Firefox,Mozilla/5.0 (Windows NT 10.0; Win64; x64; rv:123.0) Gecko/20100101 Firefox/123.0,60,,,,,,,,,,,,,,,,,,,,,,,,,,,,,,,,,,,,,,media/dgnb.png,0,0,Symb,a,RT,0,0,0,1,8,0,48,0,1,7,99,a,0.484,0,1,a,1,0.484,48,0,48,0,1,,,,,,,,,,,,,
,,,,,,,,,,,,,,,,,326,2,2024-03-12_01h06.14.197,Symbol-E,2020.1.3,Win32,Firefox,Mozilla/5.0 (Windows NT 10.0; Win64; x64; rv:123.0) Gecko/20100101 Firefox/123.0,60,,,,,,,,,,,,,,,,,,,,,,,,,,,,,,,,,,,,,,media/dfnb.png,3,3,Symb,f,RT,0,0,0,1,8,0,49,0,1,7,99,f,0.595,3,1,f,1,0.595,49,0,49,0,1,,,,,,,,,,,,,
,,,,,,,,,,,,,,,,,326,2,2024-03-12_01h06.14.197,Symbol-E,2020.1.3,Win32,Firefox,Mozilla/5.0 (Windows NT 10.0; Win64; x64; rv:123.0) Gecko/20100101 Firefox/123.0,60,,,,,,,,,,,,,,,,,,,,,,,,,,,,,,,,,,,,,,media/djnb.png,4,0,Symb,h,RT,0,0,0,1,8,0,50,0,1,7,99,h,0.579,4,1,h,1,0.579,50,0,50,0,1,,,,,,,,,,,,,
,,,,,,,,,,,,,,,,,326,2,2024-03-12_01h06.14.197,Symbol-E,2020.1.3,Win32,Firefox,Mozilla/5.0 (Windows NT 10.0; Win64; x64; rv:123.0) Gecko/20100101 Firefox/123.0,60,,,,,,,,,,,,,,,,,,,,,,,,,,,,,,,,,,,,,,media/dcnb.png,2,2,Symb,e,RT,0,0,0,1,8,0,51,0,1,7,99,e,0.555,2,1,e,1,0.555,51,0,51,0,1,,,,,,,,,,,,,
,,,,,,,,,,,,,,,,,326,2,2024-03-12_01h06.14.197,Symbol-E,2020.1.3,Win32,Firefox,Mozilla/5.0 (Windows NT 10.0; Win64; x64; rv:123.0) Gecko/20100101 Firefox/123.0,60,,,,,,,,,,,,,,,,,,,,,,,,,,,,,,,,,,,,,,media/dfnb.png,3,3,Symb,f,RT,0,0,0,1,8,0,52,0,1,7,99,f,0.5,3,1,f,1,0.5,52,0,52,0,1,,,,,,,,,,,,,
,,,,,,,,,,,,,,,,,326,2,2024-03-12_01h06.14.197,Symbol-E,2020.1.3,Win32,Firefox,Mozilla/5.0 (Windows NT 10.0; Win64; x64; rv:123.0) Gecko/20100101 Firefox/123.0,60,,,,,,,,,,,,,,,,,,,,,,,,,,,,,,,,,,,,,,media/dnnb.png,5,1,Symb,u,RT,0,0,0,1,8,0,53,0,1,7,99,u,0.598,5,1,u,1,0.598,53,0,53,0,1,,,,,,,,,,,,,
,,,,,,,,,,,,,,,,,326,2,2024-03-12_01h06.14.197,Symbol-E,2020.1.3,Win32,Firefox,Mozilla/5.0 (Windows NT 10.0; Win64; x64; rv:123.0) Gecko/20100101 Firefox/123.0,60,,,,,,,,,,,,,,,,,,,,,,,,,,,,,,,,,,,,,,media/ddnb.png,7,3,Symb,l,RT,0,0,0,1,8,0,54,0,1,7,99,l,0.928,7,1,l,1,0.928,54,0,54,0,1,,,,,,,,,,,,,
,,,,,,,,,,,,,,,,,326,2,2024-03-12_01h06.14.197,Symbol-E,2020.1.3,Win32,Firefox,Mozilla/5.0 (Windows NT 10.0; Win64; x64; rv:123.0) Gecko/20100101 Firefox/123.0,60,,,,,,,,,,,,,,,,,,,,,,,,,,,,,,,,,,,,,,media/dinb.png,6,2,Symb,i,RT,0,0,0,1,8,0,55,0,1,7,99,i,0.485,6,1,i,1,0.485,55,0,55,0,1,,,,,,,,,,,,,
,,,,,,,,,,,,,,,,,326,2,2024-03-12_01h06.14.197,Symbol-E,2020.1.3,Win32,Firefox,Mozilla/5.0 (Windows NT 10.0; Win64; x64; rv:123.0) Gecko/20100101 Firefox/123.0,60,,,,,,,,,,,,,,,,,,,,,,,,,,,,,,,,,,,,,,media/dnnb.png,5,1,Symb,u,RT,0,0,0,1,8,0,56,0,1,7,99,u,0.564,5,1,u,1,0.564,56,0,56,0,1,,,,,,,,,,,,,
,,,,,,,,,,,,,,,,,326,2,2024-03-12_01h06.14.197,Symbol-E,2020.1.3,Win32,Firefox,Mozilla/5.0 (Windows NT 10.0; Win64; x64; rv:123.0) Gecko/20100101 Firefox/123.0,60,,,,,,,,,,,,,,,,,,,,,,,,,,,,,,,,,,,,,,media/djnb.png,4,0,Symb,h,RT,0,0,0,1,8,0,57,0,1,7,99,h,0.618,4,1,h,1,0.618,57,0,57,0,1,,,,,,,,,,,,,
,,,,,,,,,,,,,,,,,326,2,2024-03-12_01h06.14.197,Symbol-E,2020.1.3,Win32,Firefox,Mozilla/5.0 (Windows NT 10.0; Win64; x64; rv:123.0) Gecko/20100101 Firefox/123.0,60,,,,,,,,,,,,,,,,,,,,,,,,,,,,,,,,,,,,,,media/dinb.png,6,2,Symb,i,RT,0,0,0,1,8,0,58,0,1,7,99,i,0.514,6,1,i,1,0.514,58,0,58,0,1,,,,,,,,,,,,,
,,,,,,,,,,,,,,,,,326,2,2024-03-12_01h06.14.197,Symbol-E,2020.1.3,Win32,Firefox,Mozilla/5.0 (Windows NT 10.0; Win64; x64; rv:123.0) Gecko/20100101 Firefox/123.0,60,,,,,,,,,,,,,,,,,,,,,,,,,,,,,,,,,,,,,,media/ddnb.png,7,3,Symb,l,RT,0,0,0,1,8,0,59,0,1,7,99,l,0.569,7,1,l,1,0.569,59,0,59,0,1,,,,,,,,,,,,,
,,,,,,,,,,,,,,,,,326,2,2024-03-12_01h06.14.197,Symbol-E,2020.1.3,Win32,Firefox,Mozilla/5.0 (Windows NT 10.0; Win64; x64; rv:123.0) Gecko/20100101 Firefox/123.0,60,,,,,,,,,,,,,,,,,,,,,,,,,,,,,,,,,,,,,,media/dgnb.png,0,0,Symb,a,RT,0,0,0,1,8,0,60,0,1,7,99,a,0.616,0,1,a,1,0.616,60,0,60,0,1,,,,,,,,,,,,,
,,,,,,,,,,,,,,,,,326,2,2024-03-12_01h06.14.197,Symbol-E,2020.1.3,Win32,Firefox,Mozilla/5.0 (Windows NT 10.0; Win64; x64; rv:123.0) Gecko/20100101 Firefox/123.0,60,,,,,,,,,,,,,,,,,,,,,,,,,,,,,,,,,,,,,,media/dmnb.png,1,1,Symb,w,RT,0,0,0,1,8,0,61,0,1,7,99,w,0.55,1,1,w,1,0.55,61,0,61,0,1,,,,,,,,,,,,,
,,,,,,,,,,,,,,,,,326,2,2024-03-12_01h06.14.197,Symbol-E,2020.1.3,Win32,Firefox,Mozilla/5.0 (Windows NT 10.0; Win64; x64; rv:123.0) Gecko/20100101 Firefox/123.0,60,,,,,,,,,,,,,,,,,,,,,,,,,,,,,,,,,,,,,,media/dcnb.png,2,2,Symb,e,RT,0,0,0,1,8,0,62,0,1,7,99,e,0.598,2,1,e,1,0.598,62,0,62,0,1,,,,,,,,,,,,,
,,,,,,,,,,,,,,,,,326,2,2024-03-12_01h06.14.197,Symbol-E,2020.1.3,Win32,Firefox,Mozilla/5.0 (Windows NT 10.0; Win64; x64; rv:123.0) Gecko/20100101 Firefox/123.0,60,,,,,,,,,,,,,,,,,,,,,,,,,,,,,,,,,,,,,,media/dmnb.png,1,1,Symb,w,RT,0,0,0,1,8,0,63,0,1,7,99,w,0.603,1,1,w,1,0.603,63,0,63,0,1,,,,,,,,,,,,,
,,,,,,,,,,,,,,,,,326,2,2024-03-12_01h06.14.197,Symbol-E,2020.1.3,Win32,Firefox,Mozilla/5.0 (Windows NT 10.0; Win64; x64; rv:123.0) Gecko/20100101 Firefox/123.0,60,,,,,,,,,,,,,,,,,,,,,,,,,,,,,,,,,,,,,,media/dmnb.png,1,1,Symb,w,RT,0,0,0,1,8,0,64,0,1,7,99,w,0.436,1,1,w,1,0.436,64,0,64,0,1,,,,,,,,,,,,,
,,,,,,,,,,,,,,,,,326,2,2024-03-12_01h06.14.197,Symbol-E,2020.1.3,Win32,Firefox,Mozilla/5.0 (Windows NT 10.0; Win64; x64; rv:123.0) Gecko/20100101 Firefox/123.0,60,,,,,,,,,,,,,,,,,,,,,,,,,,,,,,,,,,,,,,media/djnb.png,4,0,Symb,h,RT,0,0,0,1,8,0,65,0,1,7,99,f,0.486,3,0,f,0,0.486,65,0,65,0,1,,,,,,,,,,,,,
,,,,,,,,,,,,,,,,,326,2,2024-03-12_01h06.14.197,Symbol-E,2020.1.3,Win32,Firefox,Mozilla/5.0 (Windows NT 10.0; Win64; x64; rv:123.0) Gecko/20100101 Firefox/123.0,60,,,,,,,,,,,,,,,,,,,,,,,,,,,,,,,,,,,,,,media/ddnb.png,7,3,Symb,l,RT,0,0,0,1,8,0,66,0,1,7,99,l,0.567,7,1,l,1,0.567,66,0,66,0,1,,,,,,,,,,,,,
,,,,,,,,,,,,,,,,,326,2,2024-03-12_01h06.14.197,Symbol-E,2020.1.3,Win32,Firefox,Mozilla/5.0 (Windows NT 10.0; Win64; x64; rv:123.0) Gecko/20100101 Firefox/123.0,60,,,,,,,,,,,,,,,,,,,,,,,,,,,,,,,,,,,,,,media/djnb.png,4,0,Symb,h,RT,0,0,0,1,8,0,67,0,1,7,99,h,0.568,4,1,h,1,0.568,67,0,67,0,1,,,,,,,,,,,,,
,,,,,,,,,,,,,,,,,326,2,2024-03-12_01h06.14.197,Symbol-E,2020.1.3,Win32,Firefox,Mozilla/5.0 (Windows NT 10.0; Win64; x64; rv:123.0) Gecko/20100101 Firefox/123.0,60,,,,,,,,,,,,,,,,,,,,,,,,,,,,,,,,,,,,,,media/dgnb.png,0,0,Symb,a,RT,0,0,0,1,8,0,68,0,1,7,99,a,0.582,0,1,a,1,0.582,68,0,68,0,1,,,,,,,,,,,,,
,,,,,,,,,,,,,,,,,326,2,2024-03-12_01h06.14.197,Symbol-E,2020.1.3,Win32,Firefox,Mozilla/5.0 (Windows NT 10.0; Win64; x64; rv:123.0) Gecko/20100101 Firefox/123.0,60,,,,,,,,,,,,,,,,,,,,,,,,,,,,,,,,,,,,,,media/dfnb.png,3,3,Symb,f,RT,0,0,0,1,8,0,69,0,1,7,99,f,0.583,3,1,f,1,0.583,69,0,69,0,1,,,,,,,,,,,,,
,,,,,,,,,,,,,,,,,326,2,2024-03-12_01h06.14.197,Symbol-E,2020.1.3,Win32,Firefox,Mozilla/5.0 (Windows NT 10.0; Win64; x64; rv:123.0) Gecko/20100101 Firefox/123.0,60,,,,,,,,,,,,,,,,,,,,,,,,,,,,,,,,,,,,,,media/dmnb.png,1,1,Symb,w,RT,0,0,0,1,8,0,70,0,1,7,99,w,0.535,1,1,w,1,0.535,70,0,70,0,1,,,,,,,,,,,,,
,,,,,,,,,,,,,,,,,326,2,2024-03-12_01h06.14.197,Symbol-E,2020.1.3,Win32,Firefox,Mozilla/5.0 (Windows NT 10.0; Win64; x64; rv:123.0) Gecko/20100101 Firefox/123.0,60,,,,,,,,,,,,,,,,,,,,,,,,,,,,,,,,,,,,,,media/dinb.png,6,2,Symb,i,RT,0,0,0,1,8,0,71,0,1,7,99,i,0.692,6,1,i,1,0.692,71,0,71,0,1,,,,,,,,,,,,,
,,,,,,,,,,,,,,,,,326,2,2024-03-12_01h06.14.197,Symbol-E,2020.1.3,Win32,Firefox,Mozilla/5.0 (Windows NT 10.0; Win64; x64; rv:123.0) Gecko/20100101 Firefox/123.0,60,,,,,,,,,,,,,,,,,,,,,,,,,,,,,,,,,,,,,,media/ddnb.png,7,3,Symb,l,RT,0,0,0,1,8,0,72,0,1,7,99,l,0.75,7,1,l,1,0.75,72,0,72,0,1,,,,,,,,,,,,,
,,,,,,,,,,,,,,,,,326,2,2024-03-12_01h06.14.197,Symbol-E,2020.1.3,Win32,Firefox,Mozilla/5.0 (Windows NT 10.0; Win64; x64; rv:123.0) Gecko/20100101 Firefox/123.0,60,,,,,,,,,,,,,,,,,,,,,,,,,,,,,,,,,,,,,,media/dnnb.png,5,1,Symb,u,RT,0,0,0,1,8,0,73,0,1,7,99,u,0.53,5,1,u,1,0.53,73,0,73,0,1,,,,,,,,,,,,,
,,,,,,,,,,,,,,,,,326,2,2024-03-12_01h06.14.197,Symbol-E,2020.1.3,Win32,Firefox,Mozilla/5.0 (Windows NT 10.0; Win64; x64; rv:123.0) Gecko/20100101 Firefox/123.0,60,,,,,,,,,,,,,,,,,,,,,,,,,,,,,,,,,,,,,,media/dnnb.png,5,1,Symb,u,RT,0,0,0,1,8,0,74,0,1,7,99,u,0.414,5,1,u,1,0.414,74,0,74,0,1,,,,,,,,,,,,,
,,,,,,,,,,,,,,,,,326,2,2024-03-12_01h06.14.197,Symbol-E,2020.1.3,Win32,Firefox,Mozilla/5.0 (Windows NT 10.0; Win64; x64; rv:123.0) Gecko/20100101 Firefox/123.0,60,,,,,,,,,,,,,,,,,,,,,,,,,,,,,,,,,,,,,,media/dcnb.png,2,2,Symb,e,RT,0,0,0,1,8,0,75,0,1,7,99,e,0.534,2,1,e,1,0.534,75,0,75,0,1,,,,,,,,,,,,,
,,,,,,,,,,,,,,,,,326,2,2024-03-12_01h06.14.197,Symbol-E,2020.1.3,Win32,Firefox,Mozilla/5.0 (Windows NT 10.0; Win64; x64; rv:123.0) Gecko/20100101 Firefox/123.0,60,,,,,,,,,,,,,,,,,,,,,,,,,,,,,,,,,,,,,,media/dcnb.png,2,2,Symb,e,RT,0,0,0,1,8,0,76,0,1,7,99,e,0.407,2,1,e,1,0.407,76,0,76,0,1,,,,,,,,,,,,,
,,,,,,,,,,,,,,,,,326,2,2024-03-12_01h06.14.197,Symbol-E,2020.1.3,Win32,Firefox,Mozilla/5.0 (Windows NT 10.0; Win64; x64; rv:123.0) Gecko/20100101 Firefox/123.0,60,,,,,,,,,,,,,,,,,,,,,,,,,,,,,,,,,,,,,,media/dfnb.png,3,3,Symb,f,RT,0,0,0,1,8,0,77,0,1,7,99,f,0.549,3,1,f,1,0.549,77,0,77,0,1,,,,,,,,,,,,,
,,,,,,,,,,,,,,,,,326,2,2024-03-12_01h06.14.197,Symbol-E,2020.1.3,Win32,Firefox,Mozilla/5.0 (Windows NT 10.0; Win64; x64; rv:123.0) Gecko/20100101 Firefox/123.0,60,,,,,,,,,,,,,,,,,,,,,,,,,,,,,,,,,,,,,,media/dgnb.png,0,0,Symb,a,RT,0,0,0,1,8,0,78,0,1,7,99,a,0.483,0,1,a,1,0.483,78,0,78,0,1,,,,,,,,,,,,,
,,,,,,,,,,,,,,,,,326,2,2024-03-12_01h06.14.197,Symbol-E,2020.1.3,Win32,Firefox,Mozilla/5.0 (Windows NT 10.0; Win64; x64; rv:123.0) Gecko/20100101 Firefox/123.0,60,,,,,,,,,,,,,,,,,,,,,,,,,,,,,,,,,,,,,,media/dinb.png,6,2,Symb,i,RT,0,0,0,1,8,0,79,0,1,7,99,i,0.662,6,1,i,1,0.662,79,0,79,0,1,,,,,,,,,,,,,
,,,,,,,,,,,,,,,,,326,2,2024-03-12_01h06.14.197,Symbol-E,2020.1.3,Win32,Firefox,Mozilla/5.0 (Windows NT 10.0; Win64; x64; rv:123.0) Gecko/20100101 Firefox/123.0,60,,,,,,,,,,,,,,,,,,,,,,,,,,,,,,,,,,,,,,media/dfnb.png,3,3,Symb,f,RT,0,0,0,1,8,0,80,0,1,7,99,f,0.617,3,1,f,1,0.617,80,0,80,0,1,,,,,,,,,,,,,
,,,,,,,,,,,,,,,,,326,2,2024-03-12_01h06.14.197,Symbol-E,2020.1.3,Win32,Firefox,Mozilla/5.0 (Windows NT 10.0; Win64; x64; rv:123.0) Gecko/20100101 Firefox/123.0,60,,,,,,,,,,,,,,,,,,,,,,,,,,,,,,,,,,,,,,media/dcnb.png,2,2,Symb,e,RT,0,0,0,1,8,0,81,0,1,7,99,e,0.666,2,1,e,1,0.666,81,0,81,0,1,,,,,,,,,,,,,
,,,,,,,,,,,,,,,,,326,2,2024-03-12_01h06.14.197,Symbol-E,2020.1.3,Win32,Firefox,Mozilla/5.0 (Windows NT 10.0; Win64; x64; rv:123.0) Gecko/20100101 Firefox/123.0,60,,,,,,,,,,,,,,,,,,,,,,,,,,,,,,,,,,,,,,media/djnb.png,4,0,Symb,h,RT,0,0,0,1,8,0,82,0,1,7,99,h,0.602,4,1,h,1,0.602,82,0,82,0,1,,,,,,,,,,,,,
,,,,,,,,,,,,,,,,,326,2,2024-03-12_01h06.14.197,Symbol-E,2020.1.3,Win32,Firefox,Mozilla/5.0 (Windows NT 10.0; Win64; x64; rv:123.0) Gecko/20100101 Firefox/123.0,60,,,,,,,,,,,,,,,,,,,,,,,,,,,,,,,,,,,,,,media/dnnb.png,5,1,Symb,u,RT,0,0,0,1,8,0,83,0,1,7,99,u,1.168,5,1,u,1,1.168,83,0,83,0,1,,,,,,,,,,,,,
,,,,,,,,,,,,,,,,,326,2,2024-03-12_01h06.14.197,Symbol-E,2020.1.3,Win32,Firefox,Mozilla/5.0 (Windows NT 10.0; Win64; x64; rv:123.0) Gecko/20100101 Firefox/123.0,60,,,,,,,,,,,,,,,,,,,,,,,,,,,,,,,,,,,,,,media/dnnb.png,5,1,Symb,u,RT,0,0,0,1,8,0,84,0,1,7,99,u,0.384,5,1,u,1,0.384,84,0,84,0,1,,,,,,,,,,,,,
,,,,,,,,,,,,,,,,,326,2,2024-03-12_01h06.14.197,Symbol-E,2020.1.3,Win32,Firefox,Mozilla/5.0 (Windows NT 10.0; Win64; x64; rv:123.0) Gecko/20100101 Firefox/123.0,60,,,,,,,,,,,,,,,,,,,,,,,,,,,,,,,,,,,,,,media/dinb.png,6,2,Symb,i,RT,0,0,0,1,8,0,85,0,1,7,99,i,0.63,6,1,i,1,0.63,85,0,85,0,1,,,,,,,,,,,,,
,,,,,,,,,,,,,,,,,326,2,2024-03-12_01h06.14.197,Symbol-E,2020.1.3,Win32,Firefox,Mozilla/5.0 (Windows NT 10.0; Win64; x64; rv:123.0) Gecko/20100101 Firefox/123.0,60,,,,,,,,,,,,,,,,,,,,,,,,,,,,,,,,,,,,,,media/ddnb.png,7,3,Symb,l,RT,0,0,0,1,8,0,86,0,1,7,99,l,0.638,7,1,l,1,0.638,86,0,86,0,1,,,,,,,,,,,,,
,,,,,,,,,,,,,,,,,326,2,2024-03-12_01h06.14.197,Symbol-E,2020.1.3,Win32,Firefox,Mozilla/5.0 (Windows NT 10.0; Win64; x64; rv:123.0) Gecko/20100101 Firefox/123.0,60,,,,,,,,,,,,,,,,,,,,,,,,,,,,,,,,,,,,,,media/dmnb.png,1,1,Symb,w,RT,0,0,0,1,8,0,87,0,1,7,99,w,0.601,1,1,w,1,0.601,87,0,87,0,1,,,,,,,,,,,,,
,,,,,,,,,,,,,,,,,326,2,2024-03-12_01h06.14.197,Symbol-E,2020.1.3,Win32,Firefox,Mozilla/5.0 (Windows NT 10.0; Win64; x64; rv:123.0) Gecko/20100101 Firefox/123.0,60,,,,,,,,,,,,,,,,,,,,,,,,,,,,,,,,,,,,,,media/dmnb.png,1,1,Symb,w,RT,0,0,0,1,8,0,88,0,1,7,99,w,0.406,1,1,w,1,0.406,88,0,88,0,1,,,,,,,,,,,,,
,,,,,,,,,,,,,,,,,326,2,2024-03-12_01h06.14.197,Symbol-E,2020.1.3,Win32,Firefox,Mozilla/5.0 (Windows NT 10.0; Win64; x64; rv:123.0) Gecko/20100101 Firefox/123.0,60,,,,,,,,,,,,,,,,,,,,,,,,,,,,,,,,,,,,,,media/ddnb.png,7,3,Symb,l,RT,0,0,0,1,8,0,89,0,1,7,99,l,0.528,7,1,l,1,0.528,89,0,89,0,1,,,,,,,,,,,,,
,,,,,,,,,,,,,,,,,326,2,2024-03-12_01h06.14.197,Symbol-E,2020.1.3,Win32,Firefox,Mozilla/5.0 (Windows NT 10.0; Win64; x64; rv:123.0) Gecko/20100101 Firefox/123.0,60,,,,,,,,,,,,,,,,,,,,,,,,,,,,,,,,,,,,,,media/djnb.png,4,0,Symb,h,RT,0,0,0,1,8,0,90,0,1,7,99,h,1.117,4,1,h,1,1.117,90,0,90,0,1,,,,,,,,,,,,,
,,,,,,,,,,,,,,,,,326,2,2024-03-12_01h06.14.197,Symbol-E,2020.1.3,Win32,Firefox,Mozilla/5.0 (Windows NT 10.0; Win64; x64; rv:123.0) Gecko/20100101 Firefox/123.0,60,,,,,,,,,,,,,,,,,,,,,,,,,,,,,,,,,,,,,,media/dcnb.png,2,2,Symb,e,RT,0,0,0,1,8,0,91,0,1,7,99,e,0.533,2,1,e,1,0.533,91,0,91,0,1,,,,,,,,,,,,,
,,,,,,,,,,,,,,,,,326,2,2024-03-12_01h06.14.197,Symbol-E,2020.1.3,Win32,Firefox,Mozilla/5.0 (Windows NT 10.0; Win64; x64; rv:123.0) Gecko/20100101 Firefox/123.0,60,,,,,,,,,,,,,,,,,,,,,,,,,,,,,,,,,,,,,,media/dinb.png,6,2,Symb,i,RT,0,0,0,1,8,0,92,0,1,7,99,i,0.569,6,1,i,1,0.569,92,0,92,0,1,,,,,,,,,,,,,
,,,,,,,,,,,,,,,,,326,2,2024-03-12_01h06.14.197,Symbol-E,2020.1.3,Win32,Firefox,Mozilla/5.0 (Windows NT 10.0; Win64; x64; rv:123.0) Gecko/20100101 Firefox/123.0,60,,,,,,,,,,,,,,,,,,,,,,,,,,,,,,,,,,,,,,media/dfnb.png,3,3,Symb,f,RT,0,0,0,1,8,0,93,0,1,7,99,f,0.549,3,1,f,1,0.549,93,0,93,0,1,,,,,,,,,,,,,
,,,,,,,,,,,,,,,,,326,2,2024-03-12_01h06.14.197,Symbol-E,2020.1.3,Win32,Firefox,Mozilla/5.0 (Windows NT 10.0; Win64; x64; rv:123.0) Gecko/20100101 Firefox/123.0,60,,,,,,,,,,,,,,,,,,,,,,,,,,,,,,,,,,,,,,media/dgnb.png,0,0,Symb,a,RT,0,0,0,1,8,0,94,0,1,7,99,a,0.534,0,1,a,1,0.534,94,0,94,0,1,,,,,,,,,,,,,
,,,,,,,,,,,,,,,,,326,2,2024-03-12_01h06.14.197,Symbol-E,2020.1.3,Win32,Firefox,Mozilla/5.0 (Windows NT 10.0; Win64; x64; rv:123.0) Gecko/20100101 Firefox/123.0,60,,,,,,,,,,,,,,,,,,,,,,,,,,,,,,,,,,,,,,media/dgnb.png,0,0,Symb,a,RT,0,0,0,1,8,0,95,0,1,7,99,a,0.432,0,1,a,1,0.432,95,0,95,0,1,,,,,,,,,,,,,
,,,,,,,,,,,,,,,,,326,2,2024-03-12_01h06.14.197,Symbol-E,2020.1.3,Win32,Firefox,Mozilla/5.0 (Windows NT 10.0; Win64; x64; rv:123.0) Gecko/20100101 Firefox/123.0,60,,,,,,,,,,,,,,,,,,,,,,,,,,,,,,,,,,,,,,,,,,,,,,,,,,,,,,,,,,,,,,,,,,,6,0,6,0,1,,,,,,,,
,,,,,,,,,,,,,,,,,326,2,2024-03-12_01h06.14.197,Symbol-E,2020.1.3,Win32,Firefox,Mozilla/5.0 (Windows NT 10.0; Win64; x64; rv:123.0) Gecko/20100101 Firefox/123.0,60,,,,,,,,,,,,,,,,,,,,,,,,,,,,,,,,,,,,u,0.428,media/dnnb.png,5,1,Symb,u,RT,0,0,0,1,8,0,0,0,1,8,99,u,0.597,5,1,u,1,0.597,0,0,0,0,1,,,,,,,,,,,,,
,,,,,,,,,,,,,,,,,326,2,2024-03-12_01h06.14.197,Symbol-E,2020.1.3,Win32,Firefox,Mozilla/5.0 (Windows NT 10.0; Win64; x64; rv:123.0) Gecko/20100101 Firefox/123.0,60,,,,,,,,,,,,,,,,,,,,,,,,,,,,,,,,,,,,,,media/dcnb.png,2,2,Symb,e,RT,0,0,0,1,8,0,1,0,1,8,99,e,0.601,2,1,e,1,0.601,1,0,1,0,1,,,,,,,,,,,,,
,,,,,,,,,,,,,,,,,326,2,2024-03-12_01h06.14.197,Symbol-E,2020.1.3,Win32,Firefox,Mozilla/5.0 (Windows NT 10.0; Win64; x64; rv:123.0) Gecko/20100101 Firefox/123.0,60,,,,,,,,,,,,,,,,,,,,,,,,,,,,,,,,,,,,,,media/djnb.png,4,0,Symb,h,RT,0,0,0,1,8,0,2,0,1,8,99,h,0.649,4,1,h,1,0.649,2,0,2,0,1,,,,,,,,,,,,,
,,,,,,,,,,,,,,,,,326,2,2024-03-12_01h06.14.197,Symbol-E,2020.1.3,Win32,Firefox,Mozilla/5.0 (Windows NT 10.0; Win64; x64; rv:123.0) Gecko/20100101 Firefox/123.0,60,,,,,,,,,,,,,,,,,,,,,,,,,,,,,,,,,,,,,,media/dgnb.png,0,0,Symb,a,RT,0,0,0,1,8,0,3,0,1,8,99,a,1,0,1,a,1,1,3,0,3,0,1,,,,,,,,,,,,,
,,,,,,,,,,,,,,,,,326,2,2024-03-12_01h06.14.197,Symbol-E,2020.1.3,Win32,Firefox,Mozilla/5.0 (Windows NT 10.0; Win64; x64; rv:123.0) Gecko/20100101 Firefox/123.0,60,,,,,,,,,,,,,,,,,,,,,,,,,,,,,,,,,,,,,,media/djnb.png,4,0,Symb,h,RT,0,0,0,1,8,0,4,0,1,8,99,h,1.253,4,1,h,1,1.253,4,0,4,0,1,,,,,,,,,,,,,
,,,,,,,,,,,,,,,,,326,2,2024-03-12_01h06.14.197,Symbol-E,2020.1.3,Win32,Firefox,Mozilla/5.0 (Windows NT 10.0; Win64; x64; rv:123.0) Gecko/20100101 Firefox/123.0,60,,,,,,,,,,,,,,,,,,,,,,,,,,,,,,,,,,,,,,media/ddnb.png,7,3,Symb,l,RT,0,0,0,1,8,0,5,0,1,8,99,l,0.584,7,1,l,1,0.584,5,0,5,0,1,,,,,,,,,,,,,
,,,,,,,,,,,,,,,,,326,2,2024-03-12_01h06.14.197,Symbol-E,2020.1.3,Win32,Firefox,Mozilla/5.0 (Windows NT 10.0; Win64; x64; rv:123.0) Gecko/20100101 Firefox/123.0,60,,,,,,,,,,,,,,,,,,,,,,,,,,,,,,,,,,,,,,media/dmnb.png,1,1,Symb,w,RT,0,0,0,1,8,0,6,0,1,8,99,w,0.583,1,1,w,1,0.583,6,0,6,0,1,,,,,,,,,,,,,
,,,,,,,,,,,,,,,,,326,2,2024-03-12_01h06.14.197,Symbol-E,2020.1.3,Win32,Firefox,Mozilla/5.0 (Windows NT 10.0; Win64; x64; rv:123.0) Gecko/20100101 Firefox/123.0,60,,,,,,,,,,,,,,,,,,,,,,,,,,,,,,,,,,,,,,media/dgnb.png,0,0,Symb,a,RT,0,0,0,1,8,0,7,0,1,8,99,a,0.599,0,1,a,1,0.599,7,0,7,0,1,,,,,,,,,,,,,
,,,,,,,,,,,,,,,,,326,2,2024-03-12_01h06.14.197,Symbol-E,2020.1.3,Win32,Firefox,Mozilla/5.0 (Windows NT 10.0; Win64; x64; rv:123.0) Gecko/20100101 Firefox/123.0,60,,,,,,,,,,,,,,,,,,,,,,,,,,,,,,,,,,,,,,media/dfnb.png,3,3,Symb,f,RT,0,0,0,1,8,0,8,0,1,8,99,f,0.602,3,1,f,1,0.602,8,0,8,0,1,,,,,,,,,,,,,
,,,,,,,,,,,,,,,,,326,2,2024-03-12_01h06.14.197,Symbol-E,2020.1.3,Win32,Firefox,Mozilla/5.0 (Windows NT 10.0; Win64; x64; rv:123.0) Gecko/20100101 Firefox/123.0,60,,,,,,,,,,,,,,,,,,,,,,,,,,,,,,,,,,,,,,media/dinb.png,6,2,Symb,i,RT,0,0,0,1,8,0,9,0,1,8,99,i,0.557,6,1,i,1,0.557,9,0,9,0,1,,,,,,,,,,,,,
,,,,,,,,,,,,,,,,,326,2,2024-03-12_01h06.14.197,Symbol-E,2020.1.3,Win32,Firefox,Mozilla/5.0 (Windows NT 10.0; Win64; x64; rv:123.0) Gecko/20100101 Firefox/123.0,60,,,,,,,,,,,,,,,,,,,,,,,,,,,,,,,,,,,,,,media/dcnb.png,2,2,Symb,e,RT,0,0,0,1,8,0,10,0,1,8,99,e,0.55,2,1,e,1,0.55,10,0,10,0,1,,,,,,,,,,,,,
,,,,,,,,,,,,,,,,,326,2,2024-03-12_01h06.14.197,Symbol-E,2020.1.3,Win32,Firefox,Mozilla/5.0 (Windows NT 10.0; Win64; x64; rv:123.0) Gecko/20100101 Firefox/123.0,60,,,,,,,,,,,,,,,,,,,,,,,,,,,,,,,,,,,,,,media/dfnb.png,3,3,Symb,f,RT,0,0,0,1,8,0,11,0,1,8,99,f,0.57,3,1,f,1,0.57,11,0,11,0,1,,,,,,,,,,,,,
,,,,,,,,,,,,,,,,,326,2,2024-03-12_01h06.14.197,Symbol-E,2020.1.3,Win32,Firefox,Mozilla/5.0 (Windows NT 10.0; Win64; x64; rv:123.0) Gecko/20100101 Firefox/123.0,60,,,,,,,,,,,,,,,,,,,,,,,,,,,,,,,,,,,,,,media/dinb.png,6,2,Symb,i,RT,0,0,0,1,8,0,12,0,1,8,99,i,0.584,6,1,i,1,0.584,12,0,12,0,1,,,,,,,,,,,,,
,,,,,,,,,,,,,,,,,326,2,2024-03-12_01h06.14.197,Symbol-E,2020.1.3,Win32,Firefox,Mozilla/5.0 (Windows NT 10.0; Win64; x64; rv:123.0) Gecko/20100101 Firefox/123.0,60,,,,,,,,,,,,,,,,,,,,,,,,,,,,,,,,,,,,,,media/dnnb.png,5,1,Symb,u,RT,0,0,0,1,8,0,13,0,1,8,99,u,0.554,5,1,u,1,0.554,13,0,13,0,1,,,,,,,,,,,,,
,,,,,,,,,,,,,,,,,326,2,2024-03-12_01h06.14.197,Symbol-E,2020.1.3,Win32,Firefox,Mozilla/5.0 (Windows NT 10.0; Win64; x64; rv:123.0) Gecko/20100101 Firefox/123.0,60,,,,,,,,,,,,,,,,,,,,,,,,,,,,,,,,,,,,,,media/dmnb.png,1,1,Symb,w,RT,0,0,0,1,8,0,14,0,1,8,99,w,0.507,1,1,w,1,0.507,14,0,14,0,1,,,,,,,,,,,,,
,,,,,,,,,,,,,,,,,326,2,2024-03-12_01h06.14.197,Symbol-E,2020.1.3,Win32,Firefox,Mozilla/5.0 (Windows NT 10.0; Win64; x64; rv:123.0) Gecko/20100101 Firefox/123.0,60,,,,,,,,,,,,,,,,,,,,,,,,,,,,,,,,,,,,,,media/ddnb.png,7,3,Symb,l,RT,0,0,0,1,8,0,15,0,1,8,99,l,0.571,7,1,l,1,0.571,15,0,15,0,1,,,,,,,,,,,,,
,,,,,,,,,,,,,,,,,326,2,2024-03-12_01h06.14.197,Symbol-E,2020.1.3,Win32,Firefox,Mozilla/5.0 (Windows NT 10.0; Win64; x64; rv:123.0) Gecko/20100101 Firefox/123.0,60,,,,,,,,,,,,,,,,,,,,,,,,,,,,,,,,,,,,,,media/dmnb.png,1,1,Symb,w,RT,0,0,0,1,8,0,16,0,1,8,99,w,1.617,1,1,w,1,1.617,16,0,16,0,1,,,,,,,,,,,,,
,,,,,,,,,,,,,,,,,326,2,2024-03-12_01h06.14.197,Symbol-E,2020.1.3,Win32,Firefox,Mozilla/5.0 (Windows NT 10.0; Win64; x64; rv:123.0) Gecko/20100101 Firefox/123.0,60,,,,,,,,,,,,,,,,,,,,,,,,,,,,,,,,,,,,,,media/dgnb.png,0,0,Symb,a,RT,0,0,0,1,8,0,17,0,1,8,99,a,0.563,0,1,a,1,0.563,17,0,17,0,1,,,,,,,,,,,,,
,,,,,,,,,,,,,,,,,326,2,2024-03-12_01h06.14.197,Symbol-E,2020.1.3,Win32,Firefox,Mozilla/5.0 (Windows NT 10.0; Win64; x64; rv:123.0) Gecko/20100101 Firefox/123.0,60,,,,,,,,,,,,,,,,,,,,,,,,,,,,,,,,,,,,,,media/ddnb.png,7,3,Symb,l,RT,0,0,0,1,8,0,18,0,1,8,99,l,0.627,7,1,l,1,0.627,18,0,18,0,1,,,,,,,,,,,,,
,,,,,,,,,,,,,,,,,326,2,2024-03-12_01h06.14.197,Symbol-E,2020.1.3,Win32,Firefox,Mozilla/5.0 (Windows NT 10.0; Win64; x64; rv:123.0) Gecko/20100101 Firefox/123.0,60,,,,,,,,,,,,,,,,,,,,,,,,,,,,,,,,,,,,,,media/dgnb.png,0,0,Symb,a,RT,0,0,0,1,8,0,19,0,1,8,99,a,0.566,0,1,a,1,0.566,19,0,19,0,1,,,,,,,,,,,,,
,,,,,,,,,,,,,,,,,326,2,2024-03-12_01h06.14.197,Symbol-E,2020.1.3,Win32,Firefox,Mozilla/5.0 (Windows NT 10.0; Win64; x64; rv:123.0) Gecko/20100101 Firefox/123.0,60,,,,,,,,,,,,,,,,,,,,,,,,,,,,,,,,,,,,,,media/dnnb.png,5,1,Symb,u,RT,0,0,0,1,8,0,20,0,1,8,99,i,0.634,6,0,i,0,0.634,20,0,20,0,1,,,,,,,,,,,,,
,,,,,,,,,,,,,,,,,326,2,2024-03-12_01h06.14.197,Symbol-E,2020.1.3,Win32,Firefox,Mozilla/5.0 (Windows NT 10.0; Win64; x64; rv:123.0) Gecko/20100101 Firefox/123.0,60,,,,,,,,,,,,,,,,,,,,,,,,,,,,,,,,,,,,,,media/dfnb.png,3,3,Symb,f,RT,0,0,0,1,8,0,21,0,1,8,99,f,0.62,3,1,f,1,0.62,21,0,21,0,1,,,,,,,,,,,,,
,,,,,,,,,,,,,,,,,326,2,2024-03-12_01h06.14.197,Symbol-E,2020.1.3,Win32,Firefox,Mozilla/5.0 (Windows NT 10.0; Win64; x64; rv:123.0) Gecko/20100101 Firefox/123.0,60,,,,,,,,,,,,,,,,,,,,,,,,,,,,,,,,,,,,,,media/djnb.png,4,0,Symb,h,RT,0,0,0,1,8,0,22,0,1,8,99,h,0.622,4,1,h,1,0.622,22,0,22,0,1,,,,,,,,,,,,,
,,,,,,,,,,,,,,,,,326,2,2024-03-12_01h06.14.197,Symbol-E,2020.1.3,Win32,Firefox,Mozilla/5.0 (Windows NT 10.0; Win64; x64; rv:123.0) Gecko/20100101 Firefox/123.0,60,,,,,,,,,,,,,,,,,,,,,,,,,,,,,,,,,,,,,,media/dcnb.png,2,2,Symb,e,RT,0,0,0,1,8,0,23,0,1,8,99,e,0.554,2,1,e,1,0.554,23,0,23,0,1,,,,,,,,,,,,,
,,,,,,,,,,,,,,,,,326,2,2024-03-12_01h06.14.197,Symbol-E,2020.1.3,Win32,Firefox,Mozilla/5.0 (Windows NT 10.0; Win64; x64; rv:123.0) Gecko/20100101 Firefox/123.0,60,,,,,,,,,,,,,,,,,,,,,,,,,,,,,,,,,,,,,,media/dmnb.png,1,1,Symb,w,RT,0,0,0,1,8,0,24,0,1,8,99,w,0.524,1,1,w,1,0.524,24,0,24,0,1,,,,,,,,,,,,,
,,,,,,,,,,,,,,,,,326,2,2024-03-12_01h06.14.197,Symbol-E,2020.1.3,Win32,Firefox,Mozilla/5.0 (Windows NT 10.0; Win64; x64; rv:123.0) Gecko/20100101 Firefox/123.0,60,,,,,,,,,,,,,,,,,,,,,,,,,,,,,,,,,,,,,,media/dnnb.png,5,1,Symb,u,RT,0,0,0,1,8,0,25,0,1,8,99,u,0.649,5,1,u,1,0.649,25,0,25,0,1,,,,,,,,,,,,,
,,,,,,,,,,,,,,,,,326,2,2024-03-12_01h06.14.197,Symbol-E,2020.1.3,Win32,Firefox,Mozilla/5.0 (Windows NT 10.0; Win64; x64; rv:123.0) Gecko/20100101 Firefox/123.0,60,,,,,,,,,,,,,,,,,,,,,,,,,,,,,,,,,,,,,,media/dcnb.png,2,2,Symb,e,RT,0,0,0,1,8,0,26,0,1,8,99,e,0.771,2,1,e,1,0.771,26,0,26,0,1,,,,,,,,,,,,,
,,,,,,,,,,,,,,,,,326,2,2024-03-12_01h06.14.197,Symbol-E,2020.1.3,Win32,Firefox,Mozilla/5.0 (Windows NT 10.0; Win64; x64; rv:123.0) Gecko/20100101 Firefox/123.0,60,,,,,,,,,,,,,,,,,,,,,,,,,,,,,,,,,,,,,,media/dinb.png,6,2,Symb,i,RT,0,0,0,1,8,0,27,0,1,8,99,i,0.484,6,1,i,1,0.484,27,0,27,0,1,,,,,,,,,,,,,
,,,,,,,,,,,,,,,,,326,2,2024-03-12_01h06.14.197,Symbol-E,2020.1.3,Win32,Firefox,Mozilla/5.0 (Windows NT 10.0; Win64; x64; rv:123.0) Gecko/20100101 Firefox/123.0,60,,,,,,,,,,,,,,,,,,,,,,,,,,,,,,,,,,,,,,media/djnb.png,4,0,Symb,h,RT,0,0,0,1,8,0,28,0,1,8,99,h,0.565,4,1,h,1,0.565,28,0,28,0,1,,,,,,,,,,,,,
,,,,,,,,,,,,,,,,,326,2,2024-03-12_01h06.14.197,Symbol-E,2020.1.3,Win32,Firefox,Mozilla/5.0 (Windows NT 10.0; Win64; x64; rv:123.0) Gecko/20100101 Firefox/123.0,60,,,,,,,,,,,,,,,,,,,,,,,,,,,,,,,,,,,,,,media/ddnb.png,7,3,Symb,l,RT,0,0,0,1,8,0,29,0,1,8,99,l,1.034,7,1,l,1,1.034,29,0,29,0,1,,,,,,,,,,,,,
,,,,,,,,,,,,,,,,,326,2,2024-03-12_01h06.14.197,Symbol-E,2020.1.3,Win32,Firefox,Mozilla/5.0 (Windows NT 10.0; Win64; x64; rv:123.0) Gecko/20100101 Firefox/123.0,60,,,,,,,,,,,,,,,,,,,,,,,,,,,,,,,,,,,,,,media/dinb.png,6,2,Symb,i,RT,0,0,0,1,8,0,30,0,1,8,99,i,0.486,6,1,i,1,0.486,30,0,30,0,1,,,,,,,,,,,,,
,,,,,,,,,,,,,,,,,326,2,2024-03-12_01h06.14.197,Symbol-E,2020.1.3,Win32,Firefox,Mozilla/5.0 (Windows NT 10.0; Win64; x64; rv:123.0) Gecko/20100101 Firefox/123.0,60,,,,,,,,,,,,,,,,,,,,,,,,,,,,,,,,,,,,,,media/dfnb.png,3,3,Symb,f,RT,0,0,0,1,8,0,31,0,1,8,99,f,0.578,3,1,f,1,0.578,31,0,31,0,1,,,,,,,,,,,,,
,,,,,,,,,,,,,,,,,326,2,2024-03-12_01h06.14.197,Symbol-E,2020.1.3,Win32,Firefox,Mozilla/5.0 (Windows NT 10.0; Win64; x64; rv:123.0) Gecko/20100101 Firefox/123.0,60,,,,,,,,,,,,,,,,,,,,,,,,,,,,,,,,,,,,,,media/dmnb.png,1,1,Symb,w,RT,0,0,0,1,8,0,32,0,1,8,99,w,0.618,1,1,w,1,0.618,32,0,32,0,1,,,,,,,,,,,,,
,,,,,,,,,,,,,,,,,326,2,2024-03-12_01h06.14.197,Symbol-E,2020.1.3,Win32,Firefox,Mozilla/5.0 (Windows NT 10.0; Win64; x64; rv:123.0) Gecko/20100101 Firefox/123.0,60,,,,,,,,,,,,,,,,,,,,,,,,,,,,,,,,,,,,,,media/dmnb.png,1,1,Symb,w,RT,0,0,0,1,8,0,33,0,1,8,99,w,0.449,1,1,w,1,0.449,33,0,33,0,1,,,,,,,,,,,,,
,,,,,,,,,,,,,,,,,326,2,2024-03-12_01h06.14.197,Symbol-E,2020.1.3,Win32,Firefox,Mozilla/5.0 (Windows NT 10.0; Win64; x64; rv:123.0) Gecko/20100101 Firefox/123.0,60,,,,,,,,,,,,,,,,,,,,,,,,,,,,,,,,,,,,,,media/ddnb.png,7,3,Symb,l,RT,0,0,0,1,8,0,34,0,1,8,99,l,0.549,7,1,l,1,0.549,34,0,34,0,1,,,,,,,,,,,,,
,,,,,,,,,,,,,,,,,326,2,2024-03-12_01h06.14.197,Symbol-E,2020.1.3,Win32,Firefox,Mozilla/5.0 (Windows NT 10.0; Win64; x64; rv:123.0) Gecko/20100101 Firefox/123.0,60,,,,,,,,,,,,,,,,,,,,,,,,,,,,,,,,,,,,,,media/djnb.png,4,0,Symb,h,RT,0,0,0,1,8,0,35,0,1,8,99,h,0.605,4,1,h,1,0.605,35,0,35,0,1,,,,,,,,,,,,,
,,,,,,,,,,,,,,,,,326,2,2024-03-12_01h06.14.197,Symbol-E,2020.1.3,Win32,Firefox,Mozilla/5.0 (Windows NT 10.0; Win64; x64; rv:123.0) Gecko/20100101 Firefox/123.0,60,,,,,,,,,,,,,,,,,,,,,,,,,,,,,,,,,,,,,,media/dfnb.png,3,3,Symb,f,RT,0,0,0,1,8,0,36,0,1,8,99,f,0.621,3,1,f,1,0.621,36,0,36,0,1,,,,,,,,,,,,,
,,,,,,,,,,,,,,,,,326,2,2024-03-12_01h06.14.197,Symbol-E,2020.1.3,Win32,Firefox,Mozilla/5.0 (Windows NT 10.0; Win64; x64; rv:123.0) Gecko/20100101 Firefox/123.0,60,,,,,,,,,,,,,,,,,,,,,,,,,,,,,,,,,,,,,,media/djnb.png,4,0,Symb,h,RT,0,0,0,1,8,0,37,0,1,8,99,h,0.535,4,1,h,1,0.535,37,0,37,0,1,,,,,,,,,,,,,
,,,,,,,,,,,,,,,,,326,2,2024-03-12_01h06.14.197,Symbol-E,2020.1.3,Win32,Firefox,Mozilla/5.0 (Windows NT 10.0; Win64; x64; rv:123.0) Gecko/20100101 Firefox/123.0,60,,,,,,,,,,,,,,,,,,,,,,,,,,,,,,,,,,,,,,media/dinb.png,6,2,Symb,i,RT,0,0,0,1,8,0,38,0,1,8,99,i,0.533,6,1,i,1,0.533,38,0,38,0,1,,,,,,,,,,,,,
,,,,,,,,,,,,,,,,,326,2,2024-03-12_01h06.14.197,Symbol-E,2020.1.3,Win32,Firefox,Mozilla/5.0 (Windows NT 10.0; Win64; x64; rv:123.0) Gecko/20100101 Firefox/123.0,60,,,,,,,,,,,,,,,,,,,,,,,,,,,,,,,,,,,,,,media/dnnb.png,5,1,Symb,u,RT,0,0,0,1,8,0,39,0,1,8,99,u,0.582,5,1,u,1,0.582,39,0,39,0,1,,,,,,,,,,,,,
,,,,,,,,,,,,,,,,,326,2,2024-03-12_01h06.14.197,Symbol-E,2020.1.3,Win32,Firefox,Mozilla/5.0 (Windows NT 10.0; Win64; x64; rv:123.0) Gecko/20100101 Firefox/123.0,60,,,,,,,,,,,,,,,,,,,,,,,,,,,,,,,,,,,,,,media/dcnb.png,2,2,Symb,e,RT,0,0,0,1,8,0,40,0,1,8,99,e,0.579,2,1,e,1,0.579,40,0,40,0,1,,,,,,,,,,,,,
,,,,,,,,,,,,,,,,,326,2,2024-03-12_01h06.14.197,Symbol-E,2020.1.3,Win32,Firefox,Mozilla/5.0 (Windows NT 10.0; Win64; x64; rv:123.0) Gecko/20100101 Firefox/123.0,60,,,,,,,,,,,,,,,,,,,,,,,,,,,,,,,,,,,,,,media/dnnb.png,5,1,Symb,u,RT,0,0,0,1,8,0,41,0,1,8,99,u,0.571,5,1,u,1,0.571,41,0,41,0,1,,,,,,,,,,,,,
,,,,,,,,,,,,,,,,,326,2,2024-03-12_01h06.14.197,Symbol-E,2020.1.3,Win32,Firefox,Mozilla/5.0 (Windows NT 10.0; Win64; x64; rv:123.0) Gecko/20100101 Firefox/123.0,60,,,,,,,,,,,,,,,,,,,,,,,,,,,,,,,,,,,,,,media/dfnb.png,3,3,Symb,f,RT,0,0,0,1,8,0,42,0,1,8,99,f,0.559,3,1,f,1,0.559,42,0,42,0,1,,,,,,,,,,,,,
,,,,,,,,,,,,,,,,,326,2,2024-03-12_01h06.14.197,Symbol-E,2020.1.3,Win32,Firefox,Mozilla/5.0 (Windows NT 10.0; Win64; x64; rv:123.0) Gecko/20100101 Firefox/123.0,60,,,,,,,,,,,,,,,,,,,,,,,,,,,,,,,,,,,,,,media/dcnb.png,2,2,Symb,e,RT,0,0,0,1,8,0,43,0,1,8,99,e,0.737,2,1,e,1,0.737,43,0,43,0,1,,,,,,,,,,,,,
,,,,,,,,,,,,,,,,,326,2,2024-03-12_01h06.14.197,Symbol-E,2020.1.3,Win32,Firefox,Mozilla/5.0 (Windows NT 10.0; Win64; x64; rv:123.0) Gecko/20100101 Firefox/123.0,60,,,,,,,,,,,,,,,,,,,,,,,,,,,,,,,,,,,,,,media/dgnb.png,0,0,Symb,a,RT,0,0,0,1,8,0,44,0,1,8,99,a,0.587,0,1,a,1,0.587,44,0,44,0,1,,,,,,,,,,,,,
,,,,,,,,,,,,,,,,,326,2,2024-03-12_01h06.14.197,Symbol-E,2020.1.3,Win32,Firefox,Mozilla/5.0 (Windows NT 10.0; Win64; x64; rv:123.0) Gecko/20100101 Firefox/123.0,60,,,,,,,,,,,,,,,,,,,,,,,,,,,,,,,,,,,,,,media/dgnb.png,0,0,Symb,a,RT,0,0,0,1,8,0,45,0,1,8,99,a,0.619,0,1,a,1,0.619,45,0,45,0,1,,,,,,,,,,,,,
,,,,,,,,,,,,,,,,,326,2,2024-03-12_01h06.14.197,Symbol-E,2020.1.3,Win32,Firefox,Mozilla/5.0 (Windows NT 10.0; Win64; x64; rv:123.0) Gecko/20100101 Firefox/123.0,60,,,,,,,,,,,,,,,,,,,,,,,,,,,,,,,,,,,,,,media/dinb.png,6,2,Symb,i,RT,0,0,0,1,8,0,46,0,1,8,99,i,0.549,6,1,i,1,0.549,46,0,46,0,1,,,,,,,,,,,,,
,,,,,,,,,,,,,,,,,326,2,2024-03-12_01h06.14.197,Symbol-E,2020.1.3,Win32,Firefox,Mozilla/5.0 (Windows NT 10.0; Win64; x64; rv:123.0) Gecko/20100101 Firefox/123.0,60,,,,,,,,,,,,,,,,,,,,,,,,,,,,,,,,,,,,,,media/ddnb.png,7,3,Symb,l,RT,0,0,0,1,8,0,47,0,1,8,99,l,0.646,7,1,l,1,0.646,47,0,47,0,1,,,,,,,,,,,,,
,,,,,,,,,,,,,,,,,326,2,2024-03-12_01h06.14.197,Symbol-E,2020.1.3,Win32,Firefox,Mozilla/5.0 (Windows NT 10.0; Win64; x64; rv:123.0) Gecko/20100101 Firefox/123.0,60,,,,,,,,,,,,,,,,,,,,,,,,,,,,,,,,,,,,,,media/djnb.png,4,0,Symb,h,RT,0,0,0,1,8,0,48,0,1,8,99,h,0.62,4,1,h,1,0.62,48,0,48,0,1,,,,,,,,,,,,,
,,,,,,,,,,,,,,,,,326,2,2024-03-12_01h06.14.197,Symbol-E,2020.1.3,Win32,Firefox,Mozilla/5.0 (Windows NT 10.0; Win64; x64; rv:123.0) Gecko/20100101 Firefox/123.0,60,,,,,,,,,,,,,,,,,,,,,,,,,,,,,,,,,,,,,,media/ddnb.png,7,3,Symb,l,RT,0,0,0,1,8,0,49,0,1,8,99,l,0.836,7,1,l,1,0.836,49,0,49,0,1,,,,,,,,,,,,,
,,,,,,,,,,,,,,,,,326,2,2024-03-12_01h06.14.197,Symbol-E,2020.1.3,Win32,Firefox,Mozilla/5.0 (Windows NT 10.0; Win64; x64; rv:123.0) Gecko/20100101 Firefox/123.0,60,,,,,,,,,,,,,,,,,,,,,,,,,,,,,,,,,,,,,,media/dcnb.png,2,2,Symb,e,RT,0,0,0,1,8,0,50,0,1,8,99,e,0.52,2,1,e,1,0.52,50,0,50,0,1,,,,,,,,,,,,,
,,,,,,,,,,,,,,,,,326,2,2024-03-12_01h06.14.197,Symbol-E,2020.1.3,Win32,Firefox,Mozilla/5.0 (Windows NT 10.0; Win64; x64; rv:123.0) Gecko/20100101 Firefox/123.0,60,,,,,,,,,,,,,,,,,,,,,,,,,,,,,,,,,,,,,,media/dfnb.png,3,3,Symb,f,RT,0,0,0,1,8,0,51,0,1,8,99,f,0.555,3,1,f,1,0.555,51,0,51,0,1,,,,,,,,,,,,,
,,,,,,,,,,,,,,,,,326,2,2024-03-12_01h06.14.197,Symbol-E,2020.1.3,Win32,Firefox,Mozilla/5.0 (Windows NT 10.0; Win64; x64; rv:123.0) Gecko/20100101 Firefox/123.0,60,,,,,,,,,,,,,,,,,,,,,,,,,,,,,,,,,,,,,,media/djnb.png,4,0,Symb,h,RT,0,0,0,1,8,0,52,0,1,8,99,h,0.535,4,1,h,1,0.535,52,0,52,0,1,,,,,,,,,,,,,
,,,,,,,,,,,,,,,,,326,2,2024-03-12_01h06.14.197,Symbol-E,2020.1.3,Win32,Firefox,Mozilla/5.0 (Windows NT 10.0; Win64; x64; rv:123.0) Gecko/20100101 Firefox/123.0,60,,,,,,,,,,,,,,,,,,,,,,,,,,,,,,,,,,,,,,media/dinb.png,6,2,Symb,i,RT,0,0,0,1,8,0,53,0,1,8,99,i,0.722,6,1,i,1,0.722,53,0,53,0,1,,,,,,,,,,,,,
,,,,,,,,,,,,,,,,,326,2,2024-03-12_01h06.14.197,Symbol-E,2020.1.3,Win32,Firefox,Mozilla/5.0 (Windows NT 10.0; Win64; x64; rv:123.0) Gecko/20100101 Firefox/123.0,60,,,,,,,,,,,,,,,,,,,,,,,,,,,,,,,,,,,,,,media/ddnb.png,7,3,Symb,l,RT,0,0,0,1,8,0,54,0,1,8,99,l,0.553,7,1,l,1,0.553,54,0,54,0,1,,,,,,,,,,,,,
,,,,,,,,,,,,,,,,,326,2,2024-03-12_01h06.14.197,Symbol-E,2020.1.3,Win32,Firefox,Mozilla/5.0 (Windows NT 10.0; Win64; x64; rv:123.0) Gecko/20100101 Firefox/123.0,60,,,,,,,,,,,,,,,,,,,,,,,,,,,,,,,,,,,,,,media/dinb.png,6,2,Symb,i,RT,0,0,0,1,8,0,55,0,1,8,99,i,0.5,6,1,i,1,0.5,55,0,55,0,1,,,,,,,,,,,,,
,,,,,,,,,,,,,,,,,326,2,2024-03-12_01h06.14.197,Symbol-E,2020.1.3,Win32,Firefox,Mozilla/5.0 (Windows NT 10.0; Win64; x64; rv:123.0) Gecko/20100101 Firefox/123.0,60,,,,,,,,,,,,,,,,,,,,,,,,,,,,,,,,,,,,,,media/dfnb.png,3,3,Symb,f,RT,0,0,0,1,8,0,56,0,1,8,99,f,0.649,3,1,f,1,0.649,56,0,56,0,1,,,,,,,,,,,,,
,,,,,,,,,,,,,,,,,326,2,2024-03-12_01h06.14.197,Symbol-E,2020.1.3,Win32,Firefox,Mozilla/5.0 (Windows NT 10.0; Win64; x64; rv:123.0) Gecko/20100101 Firefox/123.0,60,,,,,,,,,,,,,,,,,,,,,,,,,,,,,,,,,,,,,,media/dnnb.png,5,1,Symb,u,RT,0,0,0,1,8,0,57,0,1,8,99,u,0.683,5,1,u,1,0.683,57,0,57,0,1,,,,,,,,,,,,,
,,,,,,,,,,,,,,,,,326,2,2024-03-12_01h06.14.197,Symbol-E,2020.1.3,Win32,Firefox,Mozilla/5.0 (Windows NT 10.0; Win64; x64; rv:123.0) Gecko/20100101 Firefox/123.0,60,,,,,,,,,,,,,,,,,,,,,,,,,,,,,,,,,,,,,,media/dgnb.png,0,0,Symb,a,RT,0,0,0,1,8,0,58,0,1,8,99,u,0.516,5,0,u,0,0.516,58,0,58,0,1,,,,,,,,,,,,,
,,,,,,,,,,,,,,,,,326,2,2024-03-12_01h06.14.197,Symbol-E,2020.1.3,Win32,Firefox,Mozilla/5.0 (Windows NT 10.0; Win64; x64; rv:123.0) Gecko/20100101 Firefox/123.0,60,,,,,,,,,,,,,,,,,,,,,,,,,,,,,,,,,,,,,,media/dmnb.png,1,1,Symb,w,RT,0,0,0,1,8,0,59,0,1,8,99,w,0.537,1,1,w,1,0.537,59,0,59,0,1,,,,,,,,,,,,,
,,,,,,,,,,,,,,,,,326,2,2024-03-12_01h06.14.197,Symbol-E,2020.1.3,Win32,Firefox,Mozilla/5.0 (Windows NT 10.0; Win64; x64; rv:123.0) Gecko/20100101 Firefox/123.0,60,,,,,,,,,,,,,,,,,,,,,,,,,,,,,,,,,,,,,,media/dcnb.png,2,2,Symb,e,RT,0,0,0,1,8,0,60,0,1,8,99,e,0.508,2,1,e,1,0.508,60,0,60,0,1,,,,,,,,,,,,,
,,,,,,,,,,,,,,,,,326,2,2024-03-12_01h06.14.197,Symbol-E,2020.1.3,Win32,Firefox,Mozilla/5.0 (Windows NT 10.0; Win64; x64; rv:123.0) Gecko/20100101 Firefox/123.0,60,,,,,,,,,,,,,,,,,,,,,,,,,,,,,,,,,,,,,,media/dmnb.png,1,1,Symb,w,RT,0,0,0,1,8,0,61,0,1,8,99,w,0.617,1,1,w,1,0.617,61,0,61,0,1,,,,,,,,,,,,,
,,,,,,,,,,,,,,,,,326,2,2024-03-12_01h06.14.197,Symbol-E,2020.1.3,Win32,Firefox,Mozilla/5.0 (Windows NT 10.0; Win64; x64; rv:123.0) Gecko/20100101 Firefox/123.0,60,,,,,,,,,,,,,,,,,,,,,,,,,,,,,,,,,,,,,,media/dgnb.png,0,0,Symb,a,RT,0,0,0,1,8,0,62,0,1,8,99,a,0.651,0,1,a,1,0.651,62,0,62,0,1,,,,,,,,,,,,,
,,,,,,,,,,,,,,,,,326,2,2024-03-12_01h06.14.197,Symbol-E,2020.1.3,Win32,Firefox,Mozilla/5.0 (Windows NT 10.0; Win64; x64; rv:123.0) Gecko/20100101 Firefox/123.0,60,,,,,,,,,,,,,,,,,,,,,,,,,,,,,,,,,,,,,,media/dnnb.png,5,1,Symb,u,RT,0,0,0,1,8,0,63,0,1,8,99,u,0.701,5,1,u,1,0.701,63,0,63,0,1,,,,,,,,,,,,,
,,,,,,,,,,,,,,,,,326,2,2024-03-12_01h06.14.197,Symbol-E,2020.1.3,Win32,Firefox,Mozilla/5.0 (Windows NT 10.0; Win64; x64; rv:123.0) Gecko/20100101 Firefox/123.0,60,,,,,,,,,,,,,,,,,,,,,,,,,,,,,,,,,,,,,,media/ddnb.png,7,3,Symb,l,RT,0,0,0,1,8,0,64,0,1,8,99,l,0.932,7,1,l,1,0.932,64,0,64,0,1,,,,,,,,,,,,,
,,,,,,,,,,,,,,,,,326,2,2024-03-12_01h06.14.197,Symbol-E,2020.1.3,Win32,Firefox,Mozilla/5.0 (Windows NT 10.0; Win64; x64; rv:123.0) Gecko/20100101 Firefox/123.0,60,,,,,,,,,,,,,,,,,,,,,,,,,,,,,,,,,,,,,,media/dcnb.png,2,2,Symb,e,RT,0,0,0,1,8,0,65,0,1,8,99,e,0.852,2,1,e,1,0.852,65,0,65,0,1,,,,,,,,,,,,,
,,,,,,,,,,,,,,,,,326,2,2024-03-12_01h06.14.197,Symbol-E,2020.1.3,Win32,Firefox,Mozilla/5.0 (Windows NT 10.0; Win64; x64; rv:123.0) Gecko/20100101 Firefox/123.0,60,,,,,,,,,,,,,,,,,,,,,,,,,,,,,,,,,,,,,,media/dnnb.png,5,1,Symb,u,RT,0,0,0,1,8,0,66,0,1,8,99,u,0.581,5,1,u,1,0.581,66,0,66,0,1,,,,,,,,,,,,,
,,,,,,,,,,,,,,,,,326,2,2024-03-12_01h06.14.197,Symbol-E,2020.1.3,Win32,Firefox,Mozilla/5.0 (Windows NT 10.0; Win64; x64; rv:123.0) Gecko/20100101 Firefox/123.0,60,,,,,,,,,,,,,,,,,,,,,,,,,,,,,,,,,,,,,,media/dnnb.png,5,1,Symb,u,RT,0,0,0,1,8,0,67,0,1,8,99,u,0.483,5,1,u,1,0.483,67,0,67,0,1,,,,,,,,,,,,,
,,,,,,,,,,,,,,,,,326,2,2024-03-12_01h06.14.197,Symbol-E,2020.1.3,Win32,Firefox,Mozilla/5.0 (Windows NT 10.0; Win64; x64; rv:123.0) Gecko/20100101 Firefox/123.0,60,,,,,,,,,,,,,,,,,,,,,,,,,,,,,,,,,,,,,,media/dcnb.png,2,2,Symb,e,RT,0,0,0,1,8,0,68,0,1,8,99,e,0.649,2,1,e,1,0.649,68,0,68,0,1,,,,,,,,,,,,,
,,,,,,,,,,,,,,,,,326,2,2024-03-12_01h06.14.197,Symbol-E,2020.1.3,Win32,Firefox,Mozilla/5.0 (Windows NT 10.0; Win64; x64; rv:123.0) Gecko/20100101 Firefox/123.0,60,,,,,,,,,,,,,,,,,,,,,,,,,,,,,,,,,,,,,,media/dmnb.png,1,1,Symb,w,RT,0,0,0,1,8,0,69,0,1,8,99,w,0.547,1,1,w,1,0.547,69,0,69,0,1,,,,,,,,,,,,,
,,,,,,,,,,,,,,,,,326,2,2024-03-12_01h06.14.197,Symbol-E,2020.1.3,Win32,Firefox,Mozilla/5.0 (Windows NT 10.0; Win64; x64; rv:123.0) Gecko/20100101 Firefox/123.0,60,,,,,,,,,,,,,,,,,,,,,,,,,,,,,,,,,,,,,,media/dmnb.png,1,1,Symb,w,RT,0,0,0,1,8,0,70,0,1,8,99,w,0.465,1,1,w,1,0.465,70,0,70,0,1,,,,,,,,,,,,,
,,,,,,,,,,,,,,,,,326,2,2024-03-12_01h06.14.197,Symbol-E,2020.1.3,Win32,Firefox,Mozilla/5.0 (Windows NT 10.0; Win64; x64; rv:123.0) Gecko/20100101 Firefox/123.0,60,,,,,,,,,,,,,,,,,,,,,,,,,,,,,,,,,,,,,,media/djnb.png,4,0,Symb,h,RT,0,0,0,1,8,0,71,0,1,8,99,h,0.57,4,1,h,1,0.57,71,0,71,0,1,,,,,,,,,,,,,
,,,,,,,,,,,,,,,,,326,2,2024-03-12_01h06.14.197,Symbol-E,2020.1.3,Win32,Firefox,Mozilla/5.0 (Windows NT 10.0; Win64; x64; rv:123.0) Gecko/20100101 Firefox/123.0,60,,,,,,,,,,,,,,,,,,,,,,,,,,,,,,,,,,,,,,media/ddnb.png,7,3,Symb,l,RT,0,0,0,1,8,0,72,0,1,8,99,l,0.534,7,1,l,1,0.534,72,0,72,0,1,,,,,,,,,,,,,
,,,,,,,,,,,,,,,,,326,2,2024-03-12_01h06.14.197,Symbol-E,2020.1.3,Win32,Firefox,Mozilla/5.0 (Windows NT 10.0; Win64; x64; rv:123.0) Gecko/20100101 Firefox/123.0,60,,,,,,,,,,,,,,,,,,,,,,,,,,,,,,,,,,,,,,media/dgnb.png,0,0,Symb,a,RT,0,0,0,1,8,0,73,0,1,8,99,a,0.583,0,1,a,1,0.583,73,0,73,0,1,,,,,,,,,,,,,
,,,,,,,,,,,,,,,,,326,2,2024-03-12_01h06.14.197,Symbol-E,2020.1.3,Win32,Firefox,Mozilla/5.0 (Windows NT 10.0; Win64; x64; rv:123.0) Gecko/20100101 Firefox/123.0,60,,,,,,,,,,,,,,,,,,,,,,,,,,,,,,,,,,,,,,media/dfnb.png,3,3,Symb,f,RT,0,0,0,1,8,0,74,0,1,8,99,f,0.65,3,1,f,1,0.65,74,0,74,0,1,,,,,,,,,,,,,
,,,,,,,,,,,,,,,,,326,2,2024-03-12_01h06.14.197,Symbol-E,2020.1.3,Win32,Firefox,Mozilla/5.0 (Windows NT 10.0; Win64; x64; rv:123.0) Gecko/20100101 Firefox/123.0,60,,,,,,,,,,,,,,,,,,,,,,,,,,,,,,,,,,,,,,media/dgnb.png,0,0,Symb,a,RT,0,0,0,1,8,0,75,0,1,8,99,a,0.601,0,1,a,1,0.601,75,0,75,0,1,,,,,,,,,,,,,
,,,,,,,,,,,,,,,,,326,2,2024-03-12_01h06.14.197,Symbol-E,2020.1.3,Win32,Firefox,Mozilla/5.0 (Windows NT 10.0; Win64; x64; rv:123.0) Gecko/20100101 Firefox/123.0,60,,,,,,,,,,,,,,,,,,,,,,,,,,,,,,,,,,,,,,media/dinb.png,6,2,Symb,i,RT,0,0,0,1,8,0,76,0,1,8,99,i,0.531,6,1,i,1,0.531,76,0,76,0,1,,,,,,,,,,,,,
,,,,,,,,,,,,,,,,,326,2,2024-03-12_01h06.14.197,Symbol-E,2020.1.3,Win32,Firefox,Mozilla/5.0 (Windows NT 10.0; Win64; x64; rv:123.0) Gecko/20100101 Firefox/123.0,60,,,,,,,,,,,,,,,,,,,,,,,,,,,,,,,,,,,,,,media/djnb.png,4,0,Symb,h,RT,0,0,0,1,8,0,77,0,1,8,99,h,0.567,4,1,h,1,0.567,77,0,77,0,1,,,,,,,,,,,,,
,,,,,,,,,,,,,,,,,326,2,2024-03-12_01h06.14.197,Symbol-E,2020.1.3,Win32,Firefox,Mozilla/5.0 (Windows NT 10.0; Win64; x64; rv:123.0) Gecko/20100101 Firefox/123.0,60,,,,,,,,,,,,,,,,,,,,,,,,,,,,,,,,,,,,,,media/dinb.png,6,2,Symb,i,RT,0,0,0,1,8,0,78,0,1,8,99,h,0.435,4,0,h,0,0.435,78,0,78,0,1,,,,,,,,,,,,,
,,,,,,,,,,,,,,,,,326,2,2024-03-12_01h06.14.197,Symbol-E,2020.1.3,Win32,Firefox,Mozilla/5.0 (Windows NT 10.0; Win64; x64; rv:123.0) Gecko/20100101 Firefox/123.0,60,,,,,,,,,,,,,,,,,,,,,,,,,,,,,,,,,,,,,,media/dfnb.png,3,3,Symb,f,RT,0,0,0,1,8,0,79,0,1,8,99,f,0.603,3,1,f,1,0.603,79,0,79,0,1,,,,,,,,,,,,,
,,,,,,,,,,,,,,,,,326,2,2024-03-12_01h06.14.197,Symbol-E,2020.1.3,Win32,Firefox,Mozilla/5.0 (Windows NT 10.0; Win64; x64; rv:123.0) Gecko/20100101 Firefox/123.0,60,,,,,,,,,,,,,,,,,,,,,,,,,,,,,,,,,,,,,,media/dfnb.png,3,3,Symb,f,RT,0,0,0,1,8,0,80,0,1,8,99,f,0.436,3,1,f,1,0.436,80,0,80,0,1,,,,,,,,,,,,,
,,,,,,,,,,,,,,,,,326,2,2024-03-12_01h06.14.197,Symbol-E,2020.1.3,Win32,Firefox,Mozilla/5.0 (Windows NT 10.0; Win64; x64; rv:123.0) Gecko/20100101 Firefox/123.0,60,,,,,,,,,,,,,,,,,,,,,,,,,,,,,,,,,,,,,,media/dmnb.png,1,1,Symb,w,RT,0,0,0,1,8,0,81,0,1,8,99,w,0.584,1,1,w,1,0.584,81,0,81,0,1,,,,,,,,,,,,,
,,,,,,,,,,,,,,,,,326,2,2024-03-12_01h06.14.197,Symbol-E,2020.1.3,Win32,Firefox,Mozilla/5.0 (Windows NT 10.0; Win64; x64; rv:123.0) Gecko/20100101 Firefox/123.0,60,,,,,,,,,,,,,,,,,,,,,,,,,,,,,,,,,,,,,,media/ddnb.png,7,3,Symb,l,RT,0,0,0,1,8,0,82,0,1,8,99,l,0.57,7,1,l,1,0.57,82,0,82,0,1,,,,,,,,,,,,,
,,,,,,,,,,,,,,,,,326,2,2024-03-12_01h06.14.197,Symbol-E,2020.1.3,Win32,Firefox,Mozilla/5.0 (Windows NT 10.0; Win64; x64; rv:123.0) Gecko/20100101 Firefox/123.0,60,,,,,,,,,,,,,,,,,,,,,,,,,,,,,,,,,,,,,,media/dinb.png,6,2,Symb,i,RT,0,0,0,1,8,0,83,0,1,8,99,i,0.515,6,1,i,1,0.515,83,0,83,0,1,,,,,,,,,,,,,
,,,,,,,,,,,,,,,,,326,2,2024-03-12_01h06.14.197,Symbol-E,2020.1.3,Win32,Firefox,Mozilla/5.0 (Windows NT 10.0; Win64; x64; rv:123.0) Gecko/20100101 Firefox/123.0,60,,,,,,,,,,,,,,,,,,,,,,,,,,,,,,,,,,,,,,media/dnnb.png,5,1,Symb,u,RT,0,0,0,1,8,0,84,0,1,8,99,u,0.551,5,1,u,1,0.551,84,0,84,0,1,,,,,,,,,,,,,
,,,,,,,,,,,,,,,,,326,2,2024-03-12_01h06.14.197,Symbol-E,2020.1.3,Win32,Firefox,Mozilla/5.0 (Windows NT 10.0; Win64; x64; rv:123.0) Gecko/20100101 Firefox/123.0,60,,,,,,,,,,,,,,,,,,,,,,,,,,,,,,,,,,,,,,media/ddnb.png,7,3,Symb,l,RT,0,0,0,1,8,0,85,0,1,8,99,l,0.552,7,1,l,1,0.552,85,0,85,0,1,,,,,,,,,,,,,
,,,,,,,,,,,,,,,,,326,2,2024-03-12_01h06.14.197,Symbol-E,2020.1.3,Win32,Firefox,Mozilla/5.0 (Windows NT 10.0; Win64; x64; rv:123.0) Gecko/20100101 Firefox/123.0,60,,,,,,,,,,,,,,,,,,,,,,,,,,,,,,,,,,,,,,media/dmnb.png,1,1,Symb,w,RT,0,0,0,1,8,0,86,0,1,8,99,w,0.668,1,1,w,1,0.668,86,0,86,0,1,,,,,,,,,,,,,
,,,,,,,,,,,,,,,,,326,2,2024-03-12_01h06.14.197,Symbol-E,2020.1.3,Win32,Firefox,Mozilla/5.0 (Windows NT 10.0; Win64; x64; rv:123.0) Gecko/20100101 Firefox/123.0,60,,,,,,,,,,,,,,,,,,,,,,,,,,,,,,,,,,,,,,media/dfnb.png,3,3,Symb,f,RT,0,0,0,1,8,0,87,0,1,8,99,f,0.586,3,1,f,1,0.586,87,0,87,0,1,,,,,,,,,,,,,
,,,,,,,,,,,,,,,,,326,2,2024-03-12_01h06.14.197,Symbol-E,2020.1.3,Win32,Firefox,Mozilla/5.0 (Windows NT 10.0; Win64; x64; rv:123.0) Gecko/20100101 Firefox/123.0,60,,,,,,,,,,,,,,,,,,,,,,,,,,,,,,,,,,,,,,media/dnnb.png,5,1,Symb,u,RT,0,0,0,1,8,0,88,0,1,8,99,u,0.611,5,1,u,1,0.611,88,0,88,0,1,,,,,,,,,,,,,
,,,,,,,,,,,,,,,,,326,2,2024-03-12_01h06.14.197,Symbol-E,2020.1.3,Win32,Firefox,Mozilla/5.0 (Windows NT 10.0; Win64; x64; rv:123.0) Gecko/20100101 Firefox/123.0,60,,,,,,,,,,,,,,,,,,,,,,,,,,,,,,,,,,,,,,media/dcnb.png,2,2,Symb,e,RT,0,0,0,1,8,0,89,0,1,8,99,e,0.783,2,1,e,1,0.783,89,0,89,0,1,,,,,,,,,,,,,
,,,,,,,,,,,,,,,,,326,2,2024-03-12_01h06.14.197,Symbol-E,2020.1.3,Win32,Firefox,Mozilla/5.0 (Windows NT 10.0; Win64; x64; rv:123.0) Gecko/20100101 Firefox/123.0,60,,,,,,,,,,,,,,,,,,,,,,,,,,,,,,,,,,,,,,media/dinb.png,6,2,Symb,i,RT,0,0,0,1,8,0,90,0,1,8,99,i,0.554,6,1,i,1,0.554,90,0,90,0,1,,,,,,,,,,,,,
,,,,,,,,,,,,,,,,,326,2,2024-03-12_01h06.14.197,Symbol-E,2020.1.3,Win32,Firefox,Mozilla/5.0 (Windows NT 10.0; Win64; x64; rv:123.0) Gecko/20100101 Firefox/123.0,60,,,,,,,,,,,,,,,,,,,,,,,,,,,,,,,,,,,,,,media/dcnb.png,2,2,Symb,e,RT,0,0,0,1,8,0,91,0,1,8,99,e,0.464,2,1,e,1,0.464,91,0,91,0,1,,,,,,,,,,,,,
,,,,,,,,,,,,,,,,,326,2,2024-03-12_01h06.14.197,Symbol-E,2020.1.3,Win32,Firefox,Mozilla/5.0 (Windows NT 10.0; Win64; x64; rv:123.0) Gecko/20100101 Firefox/123.0,60,,,,,,,,,,,,,,,,,,,,,,,,,,,,,,,,,,,,,,media/dgnb.png,0,0,Symb,a,RT,0,0,0,1,8,0,92,0,1,8,99,a,0.533,0,1,a,1,0.533,92,0,92,0,1,,,,,,,,,,,,,
,,,,,,,,,,,,,,,,,326,2,2024-03-12_01h06.14.197,Symbol-E,2020.1.3,Win32,Firefox,Mozilla/5.0 (Windows NT 10.0; Win64; x64; rv:123.0) Gecko/20100101 Firefox/123.0,60,,,,,,,,,,,,,,,,,,,,,,,,,,,,,,,,,,,,,,media/djnb.png,4,0,Symb,h,RT,0,0,0,1,8,0,93,0,1,8,99,h,1.013,4,1,h,1,1.013,93,0,93,0,1,,,,,,,,,,,,,
,,,,,,,,,,,,,,,,,326,2,2024-03-12_01h06.14.197,Symbol-E,2020.1.3,Win32,Firefox,Mozilla/5.0 (Windows NT 10.0; Win64; x64; rv:123.0) Gecko/20100101 Firefox/123.0,60,,,,,,,,,,,,,,,,,,,,,,,,,,,,,,,,,,,,,,media/dgnb.png,0,0,Symb,a,RT,0,0,0,1,8,0,94,0,1,8,99,a,0.532,0,1,a,1,0.532,94,0,94,0,1,,,,,,,,,,,,,
,,,,,,,,,,,,,,,,,326,2,2024-03-12_01h06.14.197,Symbol-E,2020.1.3,Win32,Firefox,Mozilla/5.0 (Windows NT 10.0; Win64; x64; rv:123.0) Gecko/20100101 Firefox/123.0,60,,,,,,,,,,,,,,,,,,,,,,,,,,,,,,,,,,,,,,media/djnb.png,4,0,Symb,h,RT,0,0,0,1,8,0,95,0,1,8,99,h,0.767,4,1,h,1,0.767,95,0,95,0,1,,,,,,,,,,,,,
,,,,,,,,,,,,,,,,,326,2,2024-03-12_01h06.14.197,Symbol-E,2020.1.3,Win32,Firefox,Mozilla/5.0 (Windows NT 10.0; Win64; x64; rv:123.0) Gecko/20100101 Firefox/123.0,60,,,,,,,,,,,,,,,,,,,,,,,,,,,,,,,,,,,,,,,,,,,,,,,,,,,,,,,,,,,,,,,,,,,7,0,7,0,1,,,,,,,,
,,,,,,,,,,,,,,,,,326,2,2024-03-12_01h06.14.197,Symbol-E,2020.1.3,Win32,Firefox,Mozilla/5.0 (Windows NT 10.0; Win64; x64; rv:123.0) Gecko/20100101 Firefox/123.0,60,,,,,,,,,,,,,,,,,,,,,,,,,,,,,,,,,,,,h,2.987,media/dmnb.png,1,1,Symb,w,RT,0,0,0,1,8,0,0,0,1,9,99,w,1.278,1,1,w,1,1.278,0,0,0,0,1,,,,,,,,,,,,,
,,,,,,,,,,,,,,,,,326,2,2024-03-12_01h06.14.197,Symbol-E,2020.1.3,Win32,Firefox,Mozilla/5.0 (Windows NT 10.0; Win64; x64; rv:123.0) Gecko/20100101 Firefox/123.0,60,,,,,,,,,,,,,,,,,,,,,,,,,,,,,,,,,,,,,,media/dfnb.png,3,3,Symb,f,RT,0,0,0,1,8,0,1,0,1,9,99,f,0.602,3,1,f,1,0.602,1,0,1,0,1,,,,,,,,,,,,,
,,,,,,,,,,,,,,,,,326,2,2024-03-12_01h06.14.197,Symbol-E,2020.1.3,Win32,Firefox,Mozilla/5.0 (Windows NT 10.0; Win64; x64; rv:123.0) Gecko/20100101 Firefox/123.0,60,,,,,,,,,,,,,,,,,,,,,,,,,,,,,,,,,,,,,,media/dcnb.png,2,2,Symb,e,RT,0,0,0,1,8,0,2,0,1,9,99,e,0.734,2,1,e,1,0.734,2,0,2,0,1,,,,,,,,,,,,,
,,,,,,,,,,,,,,,,,326,2,2024-03-12_01h06.14.197,Symbol-E,2020.1.3,Win32,Firefox,Mozilla/5.0 (Windows NT 10.0; Win64; x64; rv:123.0) Gecko/20100101 Firefox/123.0,60,,,,,,,,,,,,,,,,,,,,,,,,,,,,,,,,,,,,,,media/dnnb.png,5,1,Symb,u,RT,0,0,0,1,8,0,3,0,1,9,99,u,0.605,5,1,u,1,0.605,3,0,3,0,1,,,,,,,,,,,,,
,,,,,,,,,,,,,,,,,326,2,2024-03-12_01h06.14.197,Symbol-E,2020.1.3,Win32,Firefox,Mozilla/5.0 (Windows NT 10.0; Win64; x64; rv:123.0) Gecko/20100101 Firefox/123.0,60,,,,,,,,,,,,,,,,,,,,,,,,,,,,,,,,,,,,,,media/ddnb.png,7,3,Symb,l,RT,0,0,0,1,8,0,4,0,1,9,99,l,0.614,7,1,l,1,0.614,4,0,4,0,1,,,,,,,,,,,,,
,,,,,,,,,,,,,,,,,326,2,2024-03-12_01h06.14.197,Symbol-E,2020.1.3,Win32,Firefox,Mozilla/5.0 (Windows NT 10.0; Win64; x64; rv:123.0) Gecko/20100101 Firefox/123.0,60,,,,,,,,,,,,,,,,,,,,,,,,,,,,,,,,,,,,,,media/djnb.png,4,0,Symb,h,RT,0,0,0,1,8,0,5,0,1,9,99,h,0.677,4,1,h,1,0.677,5,0,5,0,1,,,,,,,,,,,,,
,,,,,,,,,,,,,,,,,326,2,2024-03-12_01h06.14.197,Symbol-E,2020.1.3,Win32,Firefox,Mozilla/5.0 (Windows NT 10.0; Win64; x64; rv:123.0) Gecko/20100101 Firefox/123.0,60,,,,,,,,,,,,,,,,,,,,,,,,,,,,,,,,,,,,,,media/dgnb.png,0,0,Symb,a,RT,0,0,0,1,8,0,6,0,1,9,99,a,0.635,0,1,a,1,0.635,6,0,6,0,1,,,,,,,,,,,,,
,,,,,,,,,,,,,,,,,326,2,2024-03-12_01h06.14.197,Symbol-E,2020.1.3,Win32,Firefox,Mozilla/5.0 (Windows NT 10.0; Win64; x64; rv:123.0) Gecko/20100101 Firefox/123.0,60,,,,,,,,,,,,,,,,,,,,,,,,,,,,,,,,,,,,,,media/dinb.png,6,2,Symb,i,RT,0,0,0,1,8,0,7,0,1,9,99,i,0.635,6,1,i,1,0.635,7,0,7,0,1,,,,,,,,,,,,,
,,,,,,,,,,,,,,,,,326,2,2024-03-12_01h06.14.197,Symbol-E,2020.1.3,Win32,Firefox,Mozilla/5.0 (Windows NT 10.0; Win64; x64; rv:123.0) Gecko/20100101 Firefox/123.0,60,,,,,,,,,,,,,,,,,,,,,,,,,,,,,,,,,,,,,,media/dcnb.png,2,2,Symb,e,RT,0,0,0,1,8,0,8,0,1,9,99,e,0.587,2,1,e,1,0.587,8,0,8,0,1,,,,,,,,,,,,,
,,,,,,,,,,,,,,,,,326,2,2024-03-12_01h06.14.197,Symbol-E,2020.1.3,Win32,Firefox,Mozilla/5.0 (Windows NT 10.0; Win64; x64; rv:123.0) Gecko/20100101 Firefox/123.0,60,,,,,,,,,,,,,,,,,,,,,,,,,,,,,,,,,,,,,,media/dgnb.png,0,0,Symb,a,RT,0,0,0,1,8,0,9,0,1,9,99,a,0.603,0,1,a,1,0.603,9,0,9,0,1,,,,,,,,,,,,,
,,,,,,,,,,,,,,,,,326,2,2024-03-12_01h06.14.197,Symbol-E,2020.1.3,Win32,Firefox,Mozilla/5.0 (Windows NT 10.0; Win64; x64; rv:123.0) Gecko/20100101 Firefox/123.0,60,,,,,,,,,,,,,,,,,,,,,,,,,,,,,,,,,,,,,,media/dmnb.png,1,1,Symb,w,RT,0,0,0,1,8,0,10,0,1,9,99,w,0.584,1,1,w,1,0.584,10,0,10,0,1,,,,,,,,,,,,,
,,,,,,,,,,,,,,,,,326,2,2024-03-12_01h06.14.197,Symbol-E,2020.1.3,Win32,Firefox,Mozilla/5.0 (Windows NT 10.0; Win64; x64; rv:123.0) Gecko/20100101 Firefox/123.0,60,,,,,,,,,,,,,,,,,,,,,,,,,,,,,,,,,,,,,,media/dinb.png,6,2,Symb,i,RT,0,0,0,1,8,0,11,0,1,9,99,i,0.518,6,1,i,1,0.518,11,0,11,0,1,,,,,,,,,,,,,
,,,,,,,,,,,,,,,,,326,2,2024-03-12_01h06.14.197,Symbol-E,2020.1.3,Win32,Firefox,Mozilla/5.0 (Windows NT 10.0; Win64; x64; rv:123.0) Gecko/20100101 Firefox/123.0,60,,,,,,,,,,,,,,,,,,,,,,,,,,,,,,,,,,,,,,media/dfnb.png,3,3,Symb,f,RT,0,0,0,1,8,0,12,0,1,9,99,f,0.535,3,1,f,1,0.535,12,0,12,0,1,,,,,,,,,,,,,
,,,,,,,,,,,,,,,,,326,2,2024-03-12_01h06.14.197,Symbol-E,2020.1.3,Win32,Firefox,Mozilla/5.0 (Windows NT 10.0; Win64; x64; rv:123.0) Gecko/20100101 Firefox/123.0,60,,,,,,,,,,,,,,,,,,,,,,,,,,,,,,,,,,,,,,media/dnnb.png,5,1,Symb,u,RT,0,0,0,1,8,0,13,0,1,9,99,u,0.516,5,1,u,1,0.516,13,0,13,0,1,,,,,,,,,,,,,
,,,,,,,,,,,,,,,,,326,2,2024-03-12_01h06.14.197,Symbol-E,2020.1.3,Win32,Firefox,Mozilla/5.0 (Windows NT 10.0; Win64; x64; rv:123.0) Gecko/20100101 Firefox/123.0,60,,,,,,,,,,,,,,,,,,,,,,,,,,,,,,,,,,,,,,media/djnb.png,4,0,Symb,h,RT,0,0,0,1,8,0,14,0,1,9,99,h,0.552,4,1,h,1,0.552,14,0,14,0,1,,,,,,,,,,,,,
,,,,,,,,,,,,,,,,,326,2,2024-03-12_01h06.14.197,Symbol-E,2020.1.3,Win32,Firefox,Mozilla/5.0 (Windows NT 10.0; Win64; x64; rv:123.0) Gecko/20100101 Firefox/123.0,60,,,,,,,,,,,,,,,,,,,,,,,,,,,,,,,,,,,,,,media/ddnb.png,7,3,Symb,l,RT,0,0,0,1,8,0,15,0,1,9,99,l,0.77,7,1,l,1,0.77,15,0,15,0,1,,,,,,,,,,,,,
,,,,,,,,,,,,,,,,,326,2,2024-03-12_01h06.14.197,Symbol-E,2020.1.3,Win32,Firefox,Mozilla/5.0 (Windows NT 10.0; Win64; x64; rv:123.0) Gecko/20100101 Firefox/123.0,60,,,,,,,,,,,,,,,,,,,,,,,,,,,,,,,,,,,,,,media/dcnb.png,2,2,Symb,e,RT,0,0,0,1,8,0,16,0,1,9,99,e,0.669,2,1,e,1,0.669,16,0,16,0,1,,,,,,,,,,,,,
,,,,,,,,,,,,,,,,,326,2,2024-03-12_01h06.14.197,Symbol-E,2020.1.3,Win32,Firefox,Mozilla/5.0 (Windows NT 10.0; Win64; x64; rv:123.0) Gecko/20100101 Firefox/123.0,60,,,,,,,,,,,,,,,,,,,,,,,,,,,,,,,,,,,,,,media/djnb.png,4,0,Symb,h,RT,0,0,0,1,8,0,17,0,1,9,99,h,0.809,4,1,h,1,0.809,17,0,17,0,1,,,,,,,,,,,,,
,,,,,,,,,,,,,,,,,326,2,2024-03-12_01h06.14.197,Symbol-E,2020.1.3,Win32,Firefox,Mozilla/5.0 (Windows NT 10.0; Win64; x64; rv:123.0) Gecko/20100101 Firefox/123.0,60,,,,,,,,,,,,,,,,,,,,,,,,,,,,,,,,,,,,,,media/ddnb.png,7,3,Symb,l,RT,0,0,0,1,8,0,18,0,1,9,99,h,0.418,4,0,h,0,0.418,18,0,18,0,1,,,,,,,,,,,,,
,,,,,,,,,,,,,,,,,326,2,2024-03-12_01h06.14.197,Symbol-E,2020.1.3,Win32,Firefox,Mozilla/5.0 (Windows NT 10.0; Win64; x64; rv:123.0) Gecko/20100101 Firefox/123.0,60,,,,,,,,,,,,,,,,,,,,,,,,,,,,,,,,,,,,,,media/dfnb.png,3,3,Symb,f,RT,0,0,0,1,8,0,19,0,1,9,99,f,0.604,3,1,f,1,0.604,19,0,19,0,1,,,,,,,,,,,,,
,,,,,,,,,,,,,,,,,326,2,2024-03-12_01h06.14.197,Symbol-E,2020.1.3,Win32,Firefox,Mozilla/5.0 (Windows NT 10.0; Win64; x64; rv:123.0) Gecko/20100101 Firefox/123.0,60,,,,,,,,,,,,,,,,,,,,,,,,,,,,,,,,,,,,,,media/dgnb.png,0,0,Symb,a,RT,0,0,0,1,8,0,20,0,1,9,99,a,0.535,0,1,a,1,0.535,20,0,20,0,1,,,,,,,,,,,,,
,,,,,,,,,,,,,,,,,326,2,2024-03-12_01h06.14.197,Symbol-E,2020.1.3,Win32,Firefox,Mozilla/5.0 (Windows NT 10.0; Win64; x64; rv:123.0) Gecko/20100101 Firefox/123.0,60,,,,,,,,,,,,,,,,,,,,,,,,,,,,,,,,,,,,,,media/dinb.png,6,2,Symb,i,RT,0,0,0,1,8,0,21,0,1,9,99,i,0.517,6,1,i,1,0.517,21,0,21,0,1,,,,,,,,,,,,,
,,,,,,,,,,,,,,,,,326,2,2024-03-12_01h06.14.197,Symbol-E,2020.1.3,Win32,Firefox,Mozilla/5.0 (Windows NT 10.0; Win64; x64; rv:123.0) Gecko/20100101 Firefox/123.0,60,,,,,,,,,,,,,,,,,,,,,,,,,,,,,,,,,,,,,,media/dnnb.png,5,1,Symb,u,RT,0,0,0,1,8,0,22,0,1,9,99,u,0.534,5,1,u,1,0.534,22,0,22,0,1,,,,,,,,,,,,,
,,,,,,,,,,,,,,,,,326,2,2024-03-12_01h06.14.197,Symbol-E,2020.1.3,Win32,Firefox,Mozilla/5.0 (Windows NT 10.0; Win64; x64; rv:123.0) Gecko/20100101 Firefox/123.0,60,,,,,,,,,,,,,,,,,,,,,,,,,,,,,,,,,,,,,,media/dnnb.png,5,1,Symb,u,RT,0,0,0,1,8,0,23,0,1,9,99,u,0.482,5,1,u,1,0.482,23,0,23,0,1,,,,,,,,,,,,,
,,,,,,,,,,,,,,,,,326,2,2024-03-12_01h06.14.197,Symbol-E,2020.1.3,Win32,Firefox,Mozilla/5.0 (Windows NT 10.0; Win64; x64; rv:123.0) Gecko/20100101 Firefox/123.0,60,,,,,,,,,,,,,,,,,,,,,,,,,,,,,,,,,,,,,,media/dmnb.png,1,1,Symb,w,RT,0,0,0,1,8,0,24,0,1,9,99,w,0.535,1,1,w,1,0.535,24,0,24,0,1,,,,,,,,,,,,,
,,,,,,,,,,,,,,,,,326,2,2024-03-12_01h06.14.197,Symbol-E,2020.1.3,Win32,Firefox,Mozilla/5.0 (Windows NT 10.0; Win64; x64; rv:123.0) Gecko/20100101 Firefox/123.0,60,,,,,,,,,,,,,,,,,,,,,,,,,,,,,,,,,,,,,,media/ddnb.png,7,3,Symb,l,RT,0,0,0,1,8,0,25,0,1,9,99,l,0.551,7,1,l,1,0.551,25,0,25,0,1,,,,,,,,,,,,,
,,,,,,,,,,,,,,,,,326,2,2024-03-12_01h06.14.197,Symbol-E,2020.1.3,Win32,Firefox,Mozilla/5.0 (Windows NT 10.0; Win64; x64; rv:123.0) Gecko/20100101 Firefox/123.0,60,,,,,,,,,,,,,,,,,,,,,,,,,,,,,,,,,,,,,,media/dcnb.png,2,2,Symb,e,RT,0,0,0,1,8,0,26,0,1,9,99,e,1.082,2,1,e,1,1.082,26,0,26,0,1,,,,,,,,,,,,,
,,,,,,,,,,,,,,,,,326,2,2024-03-12_01h06.14.197,Symbol-E,2020.1.3,Win32,Firefox,Mozilla/5.0 (Windows NT 10.0; Win64; x64; rv:123.0) Gecko/20100101 Firefox/123.0,60,,,,,,,,,,,,,,,,,,,,,,,,,,,,,,,,,,,,,,media/dinb.png,6,2,Symb,i,RT,0,0,0,1,8,0,27,0,1,9,99,i,0.554,6,1,i,1,0.554,27,0,27,0,1,,,,,,,,,,,,,
,,,,,,,,,,,,,,,,,326,2,2024-03-12_01h06.14.197,Symbol-E,2020.1.3,Win32,Firefox,Mozilla/5.0 (Windows NT 10.0; Win64; x64; rv:123.0) Gecko/20100101 Firefox/123.0,60,,,,,,,,,,,,,,,,,,,,,,,,,,,,,,,,,,,,,,media/dfnb.png,3,3,Symb,f,RT,0,0,0,1,8,0,28,0,1,9,99,f,0.533,3,1,f,1,0.533,28,0,28,0,1,,,,,,,,,,,,,
,,,,,,,,,,,,,,,,,326,2,2024-03-12_01h06.14.197,Symbol-E,2020.1.3,Win32,Firefox,Mozilla/5.0 (Windows NT 10.0; Win64; x64; rv:123.0) Gecko/20100101 Firefox/123.0,60,,,,,,,,,,,,,,,,,,,,,,,,,,,,,,,,,,,,,,media/dgnb.png,0,0,Symb,a,RT,0,0,0,1,8,0,29,0,1,9,99,a,0.886,0,1,a,1,0.886,29,0,29,0,1,,,,,,,,,,,,,
,,,,,,,,,,,,,,,,,326,2,2024-03-12_01h06.14.197,Symbol-E,2020.1.3,Win32,Firefox,Mozilla/5.0 (Windows NT 10.0; Win64; x64; rv:123.0) Gecko/20100101 Firefox/123.0,60,,,,,,,,,,,,,,,,,,,,,,,,,,,,,,,,,,,,,,media/djnb.png,4,0,Symb,h,RT,0,0,0,1,8,0,30,0,1,9,99,h,0.585,4,1,h,1,0.585,30,0,30,0,1,,,,,,,,,,,,,
,,,,,,,,,,,,,,,,,326,2,2024-03-12_01h06.14.197,Symbol-E,2020.1.3,Win32,Firefox,Mozilla/5.0 (Windows NT 10.0; Win64; x64; rv:123.0) Gecko/20100101 Firefox/123.0,60,,,,,,,,,,,,,,,,,,,,,,,,,,,,,,,,,,,,,,media/dmnb.png,1,1,Symb,w,RT,0,0,0,1,8,0,31,0,1,9,99,w,0.576,1,1,w,1,0.576,31,0,31,0,1,,,,,,,,,,,,,
,,,,,,,,,,,,,,,,,326,2,2024-03-12_01h06.14.197,Symbol-E,2020.1.3,Win32,Firefox,Mozilla/5.0 (Windows NT 10.0; Win64; x64; rv:123.0) Gecko/20100101 Firefox/123.0,60,,,,,,,,,,,,,,,,,,,,,,,,,,,,,,,,,,,,,,media/dfnb.png,3,3,Symb,f,RT,0,0,0,1,8,0,32,0,1,9,99,f,0.532,3,1,f,1,0.532,32,0,32,0,1,,,,,,,,,,,,,
,,,,,,,,,,,,,,,,,326,2,2024-03-12_01h06.14.197,Symbol-E,2020.1.3,Win32,Firefox,Mozilla/5.0 (Windows NT 10.0; Win64; x64; rv:123.0) Gecko/20100101 Firefox/123.0,60,,,,,,,,,,,,,,,,,,,,,,,,,,,,,,,,,,,,,,media/dmnb.png,1,1,Symb,w,RT,0,0,0,1,8,0,33,0,1,9,99,w,0.502,1,1,w,1,0.502,33,0,33,0,1,,,,,,,,,,,,,
,,,,,,,,,,,,,,,,,326,2,2024-03-12_01h06.14.197,Symbol-E,2020.1.3,Win32,Firefox,Mozilla/5.0 (Windows NT 10.0; Win64; x64; rv:123.0) Gecko/20100101 Firefox/123.0,60,,,,,,,,,,,,,,,,,,,,,,,,,,,,,,,,,,,,,,media/djnb.png,4,0,Symb,h,RT,0,0,0,1,8,0,34,0,1,9,99,h,0.714,4,1,h,1,0.714,34,0,34,0,1,,,,,,,,,,,,,
,,,,,,,,,,,,,,,,,326,2,2024-03-12_01h06.14.197,Symbol-E,2020.1.3,Win32,Firefox,Mozilla/5.0 (Windows NT 10.0; Win64; x64; rv:123.0) Gecko/20100101 Firefox/123.0,60,,,,,,,,,,,,,,,,,,,,,,,,,,,,,,,,,,,,,,media/dinb.png,6,2,Symb,i,RT,0,0,0,1,8,0,35,0,1,9,99,i,0.451,6,1,i,1,0.451,35,0,35,0,1,,,,,,,,,,,,,
,,,,,,,,,,,,,,,,,326,2,2024-03-12_01h06.14.197,Symbol-E,2020.1.3,Win32,Firefox,Mozilla/5.0 (Windows NT 10.0; Win64; x64; rv:123.0) Gecko/20100101 Firefox/123.0,60,,,,,,,,,,,,,,,,,,,,,,,,,,,,,,,,,,,,,,media/dnnb.png,5,1,Symb,u,RT,0,0,0,1,8,0,36,0,1,9,99,u,0.535,5,1,u,1,0.535,36,0,36,0,1,,,,,,,,,,,,,
,,,,,,,,,,,,,,,,,326,2,2024-03-12_01h06.14.197,Symbol-E,2020.1.3,Win32,Firefox,Mozilla/5.0 (Windows NT 10.0; Win64; x64; rv:123.0) Gecko/20100101 Firefox/123.0,60,,,,,,,,,,,,,,,,,,,,,,,,,,,,,,,,,,,,,,media/ddnb.png,7,3,Symb,l,RT,0,0,0,1,8,0,37,0,1,9,99,l,0.6,7,1,l,1,0.6,37,0,37,0,1,,,,,,,,,,,,,
,,,,,,,,,,,,,,,,,326,2,2024-03-12_01h06.14.197,Symbol-E,2020.1.3,Win32,Firefox,Mozilla/5.0 (Windows NT 10.0; Win64; x64; rv:123.0) Gecko/20100101 Firefox/123.0,60,,,,,,,,,,,,,,,,,,,,,,,,,,,,,,,,,,,,,,media/dfnb.png,3,3,Symb,f,RT,0,0,0,1,8,0,38,0,1,9,99,h,0.653,4,0,h,0,0.653,38,0,38,0,1,,,,,,,,,,,,,
,,,,,,,,,,,,,,,,,326,2,2024-03-12_01h06.14.197,Symbol-E,2020.1.3,Win32,Firefox,Mozilla/5.0 (Windows NT 10.0; Win64; x64; rv:123.0) Gecko/20100101 Firefox/123.0,60,,,,,,,,,,,,,,,,,,,,,,,,,,,,,,,,,,,,,,media/dinb.png,6,2,Symb,i,RT,0,0,0,1,8,0,39,0,1,9,99,i,0.539,6,1,i,1,0.539,39,0,39,0,1,,,,,,,,,,,,,
,,,,,,,,,,,,,,,,,326,2,2024-03-12_01h06.14.197,Symbol-E,2020.1.3,Win32,Firefox,Mozilla/5.0 (Windows NT 10.0; Win64; x64; rv:123.0) Gecko/20100101 Firefox/123.0,60,,,,,,,,,,,,,,,,,,,,,,,,,,,,,,,,,,,,,,media/dcnb.png,2,2,Symb,e,RT,0,0,0,1,8,0,40,0,1,9,99,e,1.071,2,1,e,1,1.071,40,0,40,0,1,,,,,,,,,,,,,
,,,,,,,,,,,,,,,,,326,2,2024-03-12_01h06.14.197,Symbol-E,2020.1.3,Win32,Firefox,Mozilla/5.0 (Windows NT 10.0; Win64; x64; rv:123.0) Gecko/20100101 Firefox/123.0,60,,,,,,,,,,,,,,,,,,,,,,,,,,,,,,,,,,,,,,media/dcnb.png,2,2,Symb,e,RT,0,0,0,1,8,0,41,0,1,9,99,e,0.468,2,1,e,1,0.468,41,0,41,0,1,,,,,,,,,,,,,
,,,,,,,,,,,,,,,,,326,2,2024-03-12_01h06.14.197,Symbol-E,2020.1.3,Win32,Firefox,Mozilla/5.0 (Windows NT 10.0; Win64; x64; rv:123.0) Gecko/20100101 Firefox/123.0,60,,,,,,,,,,,,,,,,,,,,,,,,,,,,,,,,,,,,,,media/dgnb.png,0,0,Symb,a,RT,0,0,0,1,8,0,42,0,1,9,99,a,0.584,0,1,a,1,0.584,42,0,42,0,1,,,,,,,,,,,,,
,,,,,,,,,,,,,,,,,326,2,2024-03-12_01h06.14.197,Symbol-E,2020.1.3,Win32,Firefox,Mozilla/5.0 (Windows NT 10.0; Win64; x64; rv:123.0) Gecko/20100101 Firefox/123.0,60,,,,,,,,,,,,,,,,,,,,,,,,,,,,,,,,,,,,,,media/dnnb.png,5,1,Symb,u,RT,0,0,0,1,8,0,43,0,1,9,99,u,0.615,5,1,u,1,0.615,43,0,43,0,1,,,,,,,,,,,,,
,,,,,,,,,,,,,,,,,326,2,2024-03-12_01h06.14.197,Symbol-E,2020.1.3,Win32,Firefox,Mozilla/5.0 (Windows NT 10.0; Win64; x64; rv:123.0) Gecko/20100101 Firefox/123.0,60,,,,,,,,,,,,,,,,,,,,,,,,,,,,,,,,,,,,,,media/djnb.png,4,0,Symb,h,RT,0,0,0,1,8,0,44,0,1,9,99,h,0.549,4,1,h,1,0.549,44,0,44,0,1,,,,,,,,,,,,,
,,,,,,,,,,,,,,,,,326,2,2024-03-12_01h06.14.197,Symbol-E,2020.1.3,Win32,Firefox,Mozilla/5.0 (Windows NT 10.0; Win64; x64; rv:123.0) Gecko/20100101 Firefox/123.0,60,,,,,,,,,,,,,,,,,,,,,,,,,,,,,,,,,,,,,,media/dgnb.png,0,0,Symb,a,RT,0,0,0,1,8,0,45,0,1,9,99,a,0.638,0,1,a,1,0.638,45,0,45,0,1,,,,,,,,,,,,,
,,,,,,,,,,,,,,,,,326,2,2024-03-12_01h06.14.197,Symbol-E,2020.1.3,Win32,Firefox,Mozilla/5.0 (Windows NT 10.0; Win64; x64; rv:123.0) Gecko/20100101 Firefox/123.0,60,,,,,,,,,,,,,,,,,,,,,,,,,,,,,,,,,,,,,,media/dmnb.png,1,1,Symb,w,RT,0,0,0,1,8,0,46,0,1,9,99,w,0.548,1,1,w,1,0.548,46,0,46,0,1,,,,,,,,,,,,,
,,,,,,,,,,,,,,,,,326,2,2024-03-12_01h06.14.197,Symbol-E,2020.1.3,Win32,Firefox,Mozilla/5.0 (Windows NT 10.0; Win64; x64; rv:123.0) Gecko/20100101 Firefox/123.0,60,,,,,,,,,,,,,,,,,,,,,,,,,,,,,,,,,,,,,,media/ddnb.png,7,3,Symb,l,RT,0,0,0,1,8,0,47,0,1,9,99,l,0.564,7,1,l,1,0.564,47,0,47,0,1,,,,,,,,,,,,,
,,,,,,,,,,,,,,,,,326,2,2024-03-12_01h06.14.197,Symbol-E,2020.1.3,Win32,Firefox,Mozilla/5.0 (Windows NT 10.0; Win64; x64; rv:123.0) Gecko/20100101 Firefox/123.0,60,,,,,,,,,,,,,,,,,,,,,,,,,,,,,,,,,,,,,,media/dinb.png,6,2,Symb,i,RT,0,0,0,1,8,0,48,0,1,9,99,i,0.654,6,1,i,1,0.654,48,0,48,0,1,,,,,,,,,,,,,
,,,,,,,,,,,,,,,,,326,2,2024-03-12_01h06.14.197,Symbol-E,2020.1.3,Win32,Firefox,Mozilla/5.0 (Windows NT 10.0; Win64; x64; rv:123.0) Gecko/20100101 Firefox/123.0,60,,,,,,,,,,,,,,,,,,,,,,,,,,,,,,,,,,,,,,media/dinb.png,6,2,Symb,i,RT,0,0,0,1,8,0,49,0,1,9,99,i,0.432,6,1,i,1,0.432,49,0,49,0,1,,,,,,,,,,,,,
,,,,,,,,,,,,,,,,,326,2,2024-03-12_01h06.14.197,Symbol-E,2020.1.3,Win32,Firefox,Mozilla/5.0 (Windows NT 10.0; Win64; x64; rv:123.0) Gecko/20100101 Firefox/123.0,60,,,,,,,,,,,,,,,,,,,,,,,,,,,,,,,,,,,,,,media/dcnb.png,2,2,Symb,e,RT,0,0,0,1,8,0,50,0,1,9,99,e,0.616,2,1,e,1,0.616,50,0,50,0,1,,,,,,,,,,,,,
,,,,,,,,,,,,,,,,,326,2,2024-03-12_01h06.14.197,Symbol-E,2020.1.3,Win32,Firefox,Mozilla/5.0 (Windows NT 10.0; Win64; x64; rv:123.0) Gecko/20100101 Firefox/123.0,60,,,,,,,,,,,,,,,,,,,,,,,,,,,,,,,,,,,,,,media/ddnb.png,7,3,Symb,l,RT,0,0,0,1,8,0,51,0,1,9,99,l,0.547,7,1,l,1,0.547,51,0,51,0,1,,,,,,,,,,,,,
,,,,,,,,,,,,,,,,,326,2,2024-03-12_01h06.14.197,Symbol-E,2020.1.3,Win32,Firefox,Mozilla/5.0 (Windows NT 10.0; Win64; x64; rv:123.0) Gecko/20100101 Firefox/123.0,60,,,,,,,,,,,,,,,,,,,,,,,,,,,,,,,,,,,,,,media/dmnb.png,1,1,Symb,w,RT,0,0,0,1,8,0,52,0,1,9,99,w,0.6,1,1,w,1,0.6,52,0,52,0,1,,,,,,,,,,,,,
,,,,,,,,,,,,,,,,,326,2,2024-03-12_01h06.14.197,Symbol-E,2020.1.3,Win32,Firefox,Mozilla/5.0 (Windows NT 10.0; Win64; x64; rv:123.0) Gecko/20100101 Firefox/123.0,60,,,,,,,,,,,,,,,,,,,,,,,,,,,,,,,,,,,,,,media/djnb.png,4,0,Symb,h,RT,0,0,0,1,8,0,53,0,1,9,99,h,0.585,4,1,h,1,0.585,53,0,53,0,1,,,,,,,,,,,,,
,,,,,,,,,,,,,,,,,326,2,2024-03-12_01h06.14.197,Symbol-E,2020.1.3,Win32,Firefox,Mozilla/5.0 (Windows NT 10.0; Win64; x64; rv:123.0) Gecko/20100101 Firefox/123.0,60,,,,,,,,,,,,,,,,,,,,,,,,,,,,,,,,,,,,,,media/djnb.png,4,0,Symb,h,RT,0,0,0,1,8,0,54,0,1,9,99,h,0.466,4,1,h,1,0.466,54,0,54,0,1,,,,,,,,,,,,,
,,,,,,,,,,,,,,,,,326,2,2024-03-12_01h06.14.197,Symbol-E,2020.1.3,Win32,Firefox,Mozilla/5.0 (Windows NT 10.0; Win64; x64; rv:123.0) Gecko/20100101 Firefox/123.0,60,,,,,,,,,,,,,,,,,,,,,,,,,,,,,,,,,,,,,,media/dnnb.png,5,1,Symb,u,RT,0,0,0,1,8,0,55,0,1,9,99,u,0.565,5,1,u,1,0.565,55,0,55,0,1,,,,,,,,,,,,,
,,,,,,,,,,,,,,,,,326,2,2024-03-12_01h06.14.197,Symbol-E,2020.1.3,Win32,Firefox,Mozilla/5.0 (Windows NT 10.0; Win64; x64; rv:123.0) Gecko/20100101 Firefox/123.0,60,,,,,,,,,,,,,,,,,,,,,,,,,,,,,,,,,,,,,,media/dfnb.png,3,3,Symb,f,RT,0,0,0,1,8,0,56,0,1,9,99,f,0.534,3,1,f,1,0.534,56,0,56,0,1,,,,,,,,,,,,,
,,,,,,,,,,,,,,,,,326,2,2024-03-12_01h06.14.197,Symbol-E,2020.1.3,Win32,Firefox,Mozilla/5.0 (Windows NT 10.0; Win64; x64; rv:123.0) Gecko/20100101 Firefox/123.0,60,,,,,,,,,,,,,,,,,,,,,,,,,,,,,,,,,,,,,,media/dfnb.png,3,3,Symb,f,RT,0,0,0,1,8,0,57,0,1,9,99,f,0.422,3,1,f,1,0.422,57,0,57,0,1,,,,,,,,,,,,,
,,,,,,,,,,,,,,,,,326,2,2024-03-12_01h06.14.197,Symbol-E,2020.1.3,Win32,Firefox,Mozilla/5.0 (Windows NT 10.0; Win64; x64; rv:123.0) Gecko/20100101 Firefox/123.0,60,,,,,,,,,,,,,,,,,,,,,,,,,,,,,,,,,,,,,,media/dgnb.png,0,0,Symb,a,RT,0,0,0,1,8,0,58,0,1,9,99,a,0.534,0,1,a,1,0.534,58,0,58,0,1,,,,,,,,,,,,,
,,,,,,,,,,,,,,,,,326,2,2024-03-12_01h06.14.197,Symbol-E,2020.1.3,Win32,Firefox,Mozilla/5.0 (Windows NT 10.0; Win64; x64; rv:123.0) Gecko/20100101 Firefox/123.0,60,,,,,,,,,,,,,,,,,,,,,,,,,,,,,,,,,,,,,,media/dmnb.png,1,1,Symb,w,RT,0,0,0,1,8,0,59,0,1,9,99,w,0.519,1,1,w,1,0.519,59,0,59,0,1,,,,,,,,,,,,,
,,,,,,,,,,,,,,,,,326,2,2024-03-12_01h06.14.197,Symbol-E,2020.1.3,Win32,Firefox,Mozilla/5.0 (Windows NT 10.0; Win64; x64; rv:123.0) Gecko/20100101 Firefox/123.0,60,,,,,,,,,,,,,,,,,,,,,,,,,,,,,,,,,,,,,,media/ddnb.png,7,3,Symb,l,RT,0,0,0,1,8,0,60,0,1,9,99,l,0.565,7,1,l,1,0.565,60,0,60,0,1,,,,,,,,,,,,,
,,,,,,,,,,,,,,,,,326,2,2024-03-12_01h06.14.197,Symbol-E,2020.1.3,Win32,Firefox,Mozilla/5.0 (Windows NT 10.0; Win64; x64; rv:123.0) Gecko/20100101 Firefox/123.0,60,,,,,,,,,,,,,,,,,,,,,,,,,,,,,,,,,,,,,,media/dcnb.png,2,2,Symb,e,RT,0,0,0,1,8,0,61,0,1,9,99,e,0.588,2,1,e,1,0.588,61,0,61,0,1,,,,,,,,,,,,,
,,,,,,,,,,,,,,,,,326,2,2024-03-12_01h06.14.197,Symbol-E,2020.1.3,Win32,Firefox,Mozilla/5.0 (Windows NT 10.0; Win64; x64; rv:123.0) Gecko/20100101 Firefox/123.0,60,,,,,,,,,,,,,,,,,,,,,,,,,,,,,,,,,,,,,,media/dnnb.png,5,1,Symb,u,RT,0,0,0,1,8,0,62,0,1,9,99,u,0.58,5,1,u,1,0.58,62,0,62,0,1,,,,,,,,,,,,,
,,,,,,,,,,,,,,,,,326,2,2024-03-12_01h06.14.197,Symbol-E,2020.1.3,Win32,Firefox,Mozilla/5.0 (Windows NT 10.0; Win64; x64; rv:123.0) Gecko/20100101 Firefox/123.0,60,,,,,,,,,,,,,,,,,,,,,,,,,,,,,,,,,,,,,,media/dgnb.png,0,0,Symb,a,RT,0,0,0,1,8,0,63,0,1,9,99,a,0.617,0,1,a,1,0.617,63,0,63,0,1,,,,,,,,,,,,,
,,,,,,,,,,,,,,,,,326,2,2024-03-12_01h06.14.197,Symbol-E,2020.1.3,Win32,Firefox,Mozilla/5.0 (Windows NT 10.0; Win64; x64; rv:123.0) Gecko/20100101 Firefox/123.0,60,,,,,,,,,,,,,,,,,,,,,,,,,,,,,,,,,,,,,,media/dcnb.png,2,2,Symb,e,RT,0,0,0,1,8,0,64,0,1,9,99,e,0.751,2,1,e,1,0.751,64,0,64,0,1,,,,,,,,,,,,,
,,,,,,,,,,,,,,,,,326,2,2024-03-12_01h06.14.197,Symbol-E,2020.1.3,Win32,Firefox,Mozilla/5.0 (Windows NT 10.0; Win64; x64; rv:123.0) Gecko/20100101 Firefox/123.0,60,,,,,,,,,,,,,,,,,,,,,,,,,,,,,,,,,,,,,,media/djnb.png,4,0,Symb,h,RT,0,0,0,1,8,0,65,0,1,9,99,h,0.548,4,1,h,1,0.548,65,0,65,0,1,,,,,,,,,,,,,
,,,,,,,,,,,,,,,,,326,2,2024-03-12_01h06.14.197,Symbol-E,2020.1.3,Win32,Firefox,Mozilla/5.0 (Windows NT 10.0; Win64; x64; rv:123.0) Gecko/20100101 Firefox/123.0,60,,,,,,,,,,,,,,,,,,,,,,,,,,,,,,,,,,,,,,media/dinb.png,6,2,Symb,i,RT,0,0,0,1,8,0,66,0,1,9,99,i,0.549,6,1,i,1,0.549,66,0,66,0,1,,,,,,,,,,,,,
,,,,,,,,,,,,,,,,,326,2,2024-03-12_01h06.14.197,Symbol-E,2020.1.3,Win32,Firefox,Mozilla/5.0 (Windows NT 10.0; Win64; x64; rv:123.0) Gecko/20100101 Firefox/123.0,60,,,,,,,,,,,,,,,,,,,,,,,,,,,,,,,,,,,,,,media/dfnb.png,3,3,Symb,f,RT,0,0,0,1,8,0,67,0,1,9,99,f,0.534,3,1,f,1,0.534,67,0,67,0,1,,,,,,,,,,,,,
,,,,,,,,,,,,,,,,,326,2,2024-03-12_01h06.14.197,Symbol-E,2020.1.3,Win32,Firefox,Mozilla/5.0 (Windows NT 10.0; Win64; x64; rv:123.0) Gecko/20100101 Firefox/123.0,60,,,,,,,,,,,,,,,,,,,,,,,,,,,,,,,,,,,,,,media/dmnb.png,1,1,Symb,w,RT,0,0,0,1,8,0,68,0,1,9,99,w,0.529,1,1,w,1,0.529,68,0,68,0,1,,,,,,,,,,,,,
,,,,,,,,,,,,,,,,,326,2,2024-03-12_01h06.14.197,Symbol-E,2020.1.3,Win32,Firefox,Mozilla/5.0 (Windows NT 10.0; Win64; x64; rv:123.0) Gecko/20100101 Firefox/123.0,60,,,,,,,,,,,,,,,,,,,,,,,,,,,,,,,,,,,,,,media/ddnb.png,7,3,Symb,l,RT,0,0,0,1,8,0,69,0,1,9,99,l,0.548,7,1,l,1,0.548,69,0,69,0,1,,,,,,,,,,,,,
,,,,,,,,,,,,,,,,,326,2,2024-03-12_01h06.14.197,Symbol-E,2020.1.3,Win32,Firefox,Mozilla/5.0 (Windows NT 10.0; Win64; x64; rv:123.0) Gecko/20100101 Firefox/123.0,60,,,,,,,,,,,,,,,,,,,,,,,,,,,,,,,,,,,,,,media/ddnb.png,7,3,Symb,l,RT,0,0,0,1,8,0,70,0,1,9,99,l,0.45,7,1,l,1,0.45,70,0,70,0,1,,,,,,,,,,,,,
,,,,,,,,,,,,,,,,,326,2,2024-03-12_01h06.14.197,Symbol-E,2020.1.3,Win32,Firefox,Mozilla/5.0 (Windows NT 10.0; Win64; x64; rv:123.0) Gecko/20100101 Firefox/123.0,60,,,,,,,,,,,,,,,,,,,,,,,,,,,,,,,,,,,,,,media/dnnb.png,5,1,Symb,u,RT,0,0,0,1,8,0,71,0,1,9,99,u,0.955,5,1,u,1,0.955,71,0,71,0,1,,,,,,,,,,,,,
,,,,,,,,,,,,,,,,,326,2,2024-03-12_01h06.14.197,Symbol-E,2020.1.3,Win32,Firefox,Mozilla/5.0 (Windows NT 10.0; Win64; x64; rv:123.0) Gecko/20100101 Firefox/123.0,60,,,,,,,,,,,,,,,,,,,,,,,,,,,,,,,,,,,,,,media/djnb.png,4,0,Symb,h,RT,0,0,0,1,8,0,72,0,1,9,99,h,0.554,4,1,h,1,0.554,72,0,72,0,1,,,,,,,,,,,,,
,,,,,,,,,,,,,,,,,326,2,2024-03-12_01h06.14.197,Symbol-E,2020.1.3,Win32,Firefox,Mozilla/5.0 (Windows NT 10.0; Win64; x64; rv:123.0) Gecko/20100101 Firefox/123.0,60,,,,,,,,,,,,,,,,,,,,,,,,,,,,,,,,,,,,,,media/dfnb.png,3,3,Symb,f,RT,0,0,0,1,8,0,73,0,1,9,99,f,0.517,3,1,f,1,0.517,73,0,73,0,1,,,,,,,,,,,,,
,,,,,,,,,,,,,,,,,326,2,2024-03-12_01h06.14.197,Symbol-E,2020.1.3,Win32,Firefox,Mozilla/5.0 (Windows NT 10.0; Win64; x64; rv:123.0) Gecko/20100101 Firefox/123.0,60,,,,,,,,,,,,,,,,,,,,,,,,,,,,,,,,,,,,,,media/dmnb.png,1,1,Symb,w,RT,0,0,0,1,8,0,74,0,1,9,99,w,0.502,1,1,w,1,0.502,74,0,74,0,1,,,,,,,,,,,,,
,,,,,,,,,,,,,,,,,326,2,2024-03-12_01h06.14.197,Symbol-E,2020.1.3,Win32,Firefox,Mozilla/5.0 (Windows NT 10.0; Win64; x64; rv:123.0) Gecko/20100101 Firefox/123.0,60,,,,,,,,,,,,,,,,,,,,,,,,,,,,,,,,,,,,,,media/dinb.png,6,2,Symb,i,RT,0,0,0,1,8,0,75,0,1,9,99,i,0.466,6,1,i,1,0.466,75,0,75,0,1,,,,,,,,,,,,,
,,,,,,,,,,,,,,,,,326,2,2024-03-12_01h06.14.197,Symbol-E,2020.1.3,Win32,Firefox,Mozilla/5.0 (Windows NT 10.0; Win64; x64; rv:123.0) Gecko/20100101 Firefox/123.0,60,,,,,,,,,,,,,,,,,,,,,,,,,,,,,,,,,,,,,,media/dcnb.png,2,2,Symb,e,RT,0,0,0,1,8,0,76,0,1,9,99,e,0.638,2,1,e,1,0.638,76,0,76,0,1,,,,,,,,,,,,,
,,,,,,,,,,,,,,,,,326,2,2024-03-12_01h06.14.197,Symbol-E,2020.1.3,Win32,Firefox,Mozilla/5.0 (Windows NT 10.0; Win64; x64; rv:123.0) Gecko/20100101 Firefox/123.0,60,,,,,,,,,,,,,,,,,,,,,,,,,,,,,,,,,,,,,,media/dnnb.png,5,1,Symb,u,RT,0,0,0,1,8,0,77,0,1,9,99,u,0.516,5,1,u,1,0.516,77,0,77,0,1,,,,,,,,,,,,,
,,,,,,,,,,,,,,,,,326,2,2024-03-12_01h06.14.197,Symbol-E,2020.1.3,Win32,Firefox,Mozilla/5.0 (Windows NT 10.0; Win64; x64; rv:123.0) Gecko/20100101 Firefox/123.0,60,,,,,,,,,,,,,,,,,,,,,,,,,,,,,,,,,,,,,,media/dgnb.png,0,0,Symb,a,RT,0,0,0,1,8,0,78,0,1,9,99,a,0.602,0,1,a,1,0.602,78,0,78,0,1,,,,,,,,,,,,,
,,,,,,,,,,,,,,,,,326,2,2024-03-12_01h06.14.197,Symbol-E,2020.1.3,Win32,Firefox,Mozilla/5.0 (Windows NT 10.0; Win64; x64; rv:123.0) Gecko/20100101 Firefox/123.0,60,,,,,,,,,,,,,,,,,,,,,,,,,,,,,,,,,,,,,,media/dgnb.png,0,0,Symb,a,RT,0,0,0,1,8,0,79,0,1,9,99,a,0.484,0,1,a,1,0.484,79,0,79,0,1,,,,,,,,,,,,,
,,,,,,,,,,,,,,,,,326,2,2024-03-12_01h06.14.197,Symbol-E,2020.1.3,Win32,Firefox,Mozilla/5.0 (Windows NT 10.0; Win64; x64; rv:123.0) Gecko/20100101 Firefox/123.0,60,,,,,,,,,,,,,,,,,,,,,,,,,,,,,,,,,,,,,,media/djnb.png,4,0,Symb,h,RT,0,0,0,1,8,0,80,0,1,9,99,h,0.584,4,1,h,1,0.584,80,0,80,0,1,,,,,,,,,,,,,
,,,,,,,,,,,,,,,,,326,2,2024-03-12_01h06.14.197,Symbol-E,2020.1.3,Win32,Firefox,Mozilla/5.0 (Windows NT 10.0; Win64; x64; rv:123.0) Gecko/20100101 Firefox/123.0,60,,,,,,,,,,,,,,,,,,,,,,,,,,,,,,,,,,,,,,media/dcnb.png,2,2,Symb,e,RT,0,0,0,1,8,0,81,0,1,9,99,e,0.633,2,1,e,1,0.633,81,0,81,0,1,,,,,,,,,,,,,
,,,,,,,,,,,,,,,,,326,2,2024-03-12_01h06.14.197,Symbol-E,2020.1.3,Win32,Firefox,Mozilla/5.0 (Windows NT 10.0; Win64; x64; rv:123.0) Gecko/20100101 Firefox/123.0,60,,,,,,,,,,,,,,,,,,,,,,,,,,,,,,,,,,,,,,media/dnnb.png,5,1,Symb,u,RT,0,0,0,1,8,0,82,0,1,9,99,u,0.551,5,1,u,1,0.551,82,0,82,0,1,,,,,,,,,,,,,
,,,,,,,,,,,,,,,,,326,2,2024-03-12_01h06.14.197,Symbol-E,2020.1.3,Win32,Firefox,Mozilla/5.0 (Windows NT 10.0; Win64; x64; rv:123.0) Gecko/20100101 Firefox/123.0,60,,,,,,,,,,,,,,,,,,,,,,,,,,,,,,,,,,,,,,media/dinb.png,6,2,Symb,i,RT,0,0,0,1,8,0,83,0,1,9,99,u,0.502,5,0,u,0,0.502,83,0,83,0,1,,,,,,,,,,,,,
,,,,,,,,,,,,,,,,,326,2,2024-03-12_01h06.14.197,Symbol-E,2020.1.3,Win32,Firefox,Mozilla/5.0 (Windows NT 10.0; Win64; x64; rv:123.0) Gecko/20100101 Firefox/123.0,60,,,,,,,,,,,,,,,,,,,,,,,,,,,,,,,,,,,,,,media/dmnb.png,1,1,Symb,w,RT,0,0,0,1,8,0,84,0,1,9,99,w,0.619,1,1,w,1,0.619,84,0,84,0,1,,,,,,,,,,,,,
,,,,,,,,,,,,,,,,,326,2,2024-03-12_01h06.14.197,Symbol-E,2020.1.3,Win32,Firefox,Mozilla/5.0 (Windows NT 10.0; Win64; x64; rv:123.0) Gecko/20100101 Firefox/123.0,60,,,,,,,,,,,,,,,,,,,,,,,,,,,,,,,,,,,,,,media/ddnb.png,7,3,Symb,l,RT,0,0,0,1,8,0,85,0,1,9,99,l,0.604,7,1,l,1,0.604,85,0,85,0,1,,,,,,,,,,,,,
,,,,,,,,,,,,,,,,,326,2,2024-03-12_01h06.14.197,Symbol-E,2020.1.3,Win32,Firefox,Mozilla/5.0 (Windows NT 10.0; Win64; x64; rv:123.0) Gecko/20100101 Firefox/123.0,60,,,,,,,,,,,,,,,,,,,,,,,,,,,,,,,,,,,,,,media/ddnb.png,7,3,Symb,l,RT,0,0,0,1,8,0,86,0,1,9,99,l,0.554,7,1,l,1,0.554,86,0,86,0,1,,,,,,,,,,,,,
,,,,,,,,,,,,,,,,,326,2,2024-03-12_01h06.14.197,Symbol-E,2020.1.3,Win32,Firefox,Mozilla/5.0 (Windows NT 10.0; Win64; x64; rv:123.0) Gecko/20100101 Firefox/123.0,60,,,,,,,,,,,,,,,,,,,,,,,,,,,,,,,,,,,,,,media/djnb.png,4,0,Symb,h,RT,0,0,0,1,8,0,87,0,1,9,99,h,0.588,4,1,h,1,0.588,87,0,87,0,1,,,,,,,,,,,,,
,,,,,,,,,,,,,,,,,326,2,2024-03-12_01h06.14.197,Symbol-E,2020.1.3,Win32,Firefox,Mozilla/5.0 (Windows NT 10.0; Win64; x64; rv:123.0) Gecko/20100101 Firefox/123.0,60,,,,,,,,,,,,,,,,,,,,,,,,,,,,,,,,,,,,,,media/dinb.png,6,2,Symb,i,RT,0,0,0,1,8,0,88,0,1,9,99,i,0.515,6,1,i,1,0.515,88,0,88,0,1,,,,,,,,,,,,,
,,,,,,,,,,,,,,,,,326,2,2024-03-12_01h06.14.197,Symbol-E,2020.1.3,Win32,Firefox,Mozilla/5.0 (Windows NT 10.0; Win64; x64; rv:123.0) Gecko/20100101 Firefox/123.0,60,,,,,,,,,,,,,,,,,,,,,,,,,,,,,,,,,,,,,,media/dfnb.png,3,3,Symb,f,RT,0,0,0,1,8,0,89,0,1,9,99,f,0.581,3,1,f,1,0.581,89,0,89,0,1,,,,,,,,,,,,,
,,,,,,,,,,,,,,,,,326,2,2024-03-12_01h06.14.197,Symbol-E,2020.1.3,Win32,Firefox,Mozilla/5.0 (Windows NT 10.0; Win64; x64; rv:123.0) Gecko/20100101 Firefox/123.0,60,,,,,,,,,,,,,,,,,,,,,,,,,,,,,,,,,,,,,,media/dcnb.png,2,2,Symb,e,RT,0,0,0,1,8,0,90,0,1,9,99,e,0.554,2,1,e,1,0.554,90,0,90,0,1,,,,,,,,,,,,,
,,,,,,,,,,,,,,,,,326,2,2024-03-12_01h06.14.197,Symbol-E,2020.1.3,Win32,Firefox,Mozilla/5.0 (Windows NT 10.0; Win64; x64; rv:123.0) Gecko/20100101 Firefox/123.0,60,,,,,,,,,,,,,,,,,,,,,,,,,,,,,,,,,,,,,,media/dfnb.png,3,3,Symb,f,RT,0,0,0,1,8,0,91,0,1,9,99,f,0.634,3,1,f,1,0.634,91,0,91,0,1,,,,,,,,,,,,,
,,,,,,,,,,,,,,,,,326,2,2024-03-12_01h06.14.197,Symbol-E,2020.1.3,Win32,Firefox,Mozilla/5.0 (Windows NT 10.0; Win64; x64; rv:123.0) Gecko/20100101 Firefox/123.0,60,,,,,,,,,,,,,,,,,,,,,,,,,,,,,,,,,,,,,,media/dnnb.png,5,1,Symb,u,RT,0,0,0,1,8,0,92,0,1,9,99,u,0.603,5,1,u,1,0.603,92,0,92,0,1,,,,,,,,,,,,,
,,,,,,,,,,,,,,,,,326,2,2024-03-12_01h06.14.197,Symbol-E,2020.1.3,Win32,Firefox,Mozilla/5.0 (Windows NT 10.0; Win64; x64; rv:123.0) Gecko/20100101 Firefox/123.0,60,,,,,,,,,,,,,,,,,,,,,,,,,,,,,,,,,,,,,,media/dmnb.png,1,1,Symb,w,RT,0,0,0,1,8,0,93,0,1,9,99,w,0.62,1,1,w,1,0.62,93,0,93,0,1,,,,,,,,,,,,,
,,,,,,,,,,,,,,,,,326,2,2024-03-12_01h06.14.197,Symbol-E,2020.1.3,Win32,Firefox,Mozilla/5.0 (Windows NT 10.0; Win64; x64; rv:123.0) Gecko/20100101 Firefox/123.0,60,,,,,,,,,,,,,,,,,,,,,,,,,,,,,,,,,,,,,,media/dgnb.png,0,0,Symb,a,RT,0,0,0,1,8,0,94,0,1,9,99,a,0.534,0,1,a,1,0.534,94,0,94,0,1,,,,,,,,,,,,,
,,,,,,,,,,,,,,,,,326,2,2024-03-12_01h06.14.197,Symbol-E,2020.1.3,Win32,Firefox,Mozilla/5.0 (Windows NT 10.0; Win64; x64; rv:123.0) Gecko/20100101 Firefox/123.0,60,,,,,,,,,,,,,,,,,,,,,,,,,,,,,,,,,,,,,,media/dgnb.png,0,0,Symb,a,RT,0,0,0,1,8,0,95,0,1,9,99,a,0.548,0,1,a,1,0.548,95,0,95,0,1,,,,,,,,,,,,,
,,,,,,,,,,,,,,,,,326,2,2024-03-12_01h06.14.197,Symbol-E,2020.1.3,Win32,Firefox,Mozilla/5.0 (Windows NT 10.0; Win64; x64; rv:123.0) Gecko/20100101 Firefox/123.0,60,,,,,,,,,,,,,,,,,,,,,,,,,,,,,,,,,,,,,,,,,,,,,,,,,,,,,,,,,,,,,,,,,,,8,0,8,0,1,,,,,,,,
,,,,,,,,,,,,,,,,,326,2,2024-03-12_01h06.14.197,Symbol-E,2020.1.3,Win32,Firefox,Mozilla/5.0 (Windows NT 10.0; Win64; x64; rv:123.0) Gecko/20100101 Firefox/123.0,60,,,,,,,,,,,,,,,,,,,,,,,,,,,,,,,,,,,,i,1.849,media/dmnb.png,1,1,Symb,w,RT,0,0,0,1,8,0,0,0,1,10,99,w,0.6,1,1,w,1,0.6,0,0,0,0,1,,,,,,,,,,,,,
,,,,,,,,,,,,,,,,,326,2,2024-03-12_01h06.14.197,Symbol-E,2020.1.3,Win32,Firefox,Mozilla/5.0 (Windows NT 10.0; Win64; x64; rv:123.0) Gecko/20100101 Firefox/123.0,60,,,,,,,,,,,,,,,,,,,,,,,,,,,,,,,,,,,,,,media/djnb.png,4,0,Symb,h,RT,0,0,0,1,8,0,1,0,1,10,99,h,0.552,4,1,h,1,0.552,1,0,1,0,1,,,,,,,,,,,,,
,,,,,,,,,,,,,,,,,326,2,2024-03-12_01h06.14.197,Symbol-E,2020.1.3,Win32,Firefox,Mozilla/5.0 (Windows NT 10.0; Win64; x64; rv:123.0) Gecko/20100101 Firefox/123.0,60,,,,,,,,,,,,,,,,,,,,,,,,,,,,,,,,,,,,,,media/dfnb.png,3,3,Symb,f,RT,0,0,0,1,8,0,2,0,1,10,99,f,1.682,3,1,f,1,1.682,2,0,2,0,1,,,,,,,,,,,,,
,,,,,,,,,,,,,,,,,326,2,2024-03-12_01h06.14.197,Symbol-E,2020.1.3,Win32,Firefox,Mozilla/5.0 (Windows NT 10.0; Win64; x64; rv:123.0) Gecko/20100101 Firefox/123.0,60,,,,,,,,,,,,,,,,,,,,,,,,,,,,,,,,,,,,,,media/dgnb.png,0,0,Symb,a,RT,0,0,0,1,8,0,3,0,1,10,99,a,0.566,0,1,a,1,0.566,3,0,3,0,1,,,,,,,,,,,,,
,,,,,,,,,,,,,,,,,326,2,2024-03-12_01h06.14.197,Symbol-E,2020.1.3,Win32,Firefox,Mozilla/5.0 (Windows NT 10.0; Win64; x64; rv:123.0) Gecko/20100101 Firefox/123.0,60,,,,,,,,,,,,,,,,,,,,,,,,,,,,,,,,,,,,,,media/dgnb.png,0,0,Symb,a,RT,0,0,0,1,8,0,4,0,1,10,99,a,0.471,0,1,a,1,0.471,4,0,4,0,1,,,,,,,,,,,,,
,,,,,,,,,,,,,,,,,326,2,2024-03-12_01h06.14.197,Symbol-E,2020.1.3,Win32,Firefox,Mozilla/5.0 (Windows NT 10.0; Win64; x64; rv:123.0) Gecko/20100101 Firefox/123.0,60,,,,,,,,,,,,,,,,,,,,,,,,,,,,,,,,,,,,,,media/dcnb.png,2,2,Symb,e,RT,0,0,0,1,8,0,5,0,1,10,99,e,0.614,2,1,e,1,0.614,5,0,5,0,1,,,,,,,,,,,,,
,,,,,,,,,,,,,,,,,326,2,2024-03-12_01h06.14.197,Symbol-E,2020.1.3,Win32,Firefox,Mozilla/5.0 (Windows NT 10.0; Win64; x64; rv:123.0) Gecko/20100101 Firefox/123.0,60,,,,,,,,,,,,,,,,,,,,,,,,,,,,,,,,,,,,,,media/djnb.png,4,0,Symb,h,RT,0,0,0,1,8,0,6,0,1,10,99,h,0.599,4,1,h,1,0.599,6,0,6,0,1,,,,,,,,,,,,,
,,,,,,,,,,,,,,,,,326,2,2024-03-12_01h06.14.197,Symbol-E,2020.1.3,Win32,Firefox,Mozilla/5.0 (Windows NT 10.0; Win64; x64; rv:123.0) Gecko/20100101 Firefox/123.0,60,,,,,,,,,,,,,,,,,,,,,,,,,,,,,,,,,,,,,,media/dinb.png,6,2,Symb,i,RT,0,0,0,1,8,0,7,0,1,10,99,i,0.534,6,1,i,1,0.534,7,0,7,0,1,,,,,,,,,,,,,
,,,,,,,,,,,,,,,,,326,2,2024-03-12_01h06.14.197,Symbol-E,2020.1.3,Win32,Firefox,Mozilla/5.0 (Windows NT 10.0; Win64; x64; rv:123.0) Gecko/20100101 Firefox/123.0,60,,,,,,,,,,,,,,,,,,,,,,,,,,,,,,,,,,,,,,media/dmnb.png,1,1,Symb,w,RT,0,0,0,1,8,0,8,0,1,10,99,w,0.548,1,1,w,1,0.548,8,0,8,0,1,,,,,,,,,,,,,
,,,,,,,,,,,,,,,,,326,2,2024-03-12_01h06.14.197,Symbol-E,2020.1.3,Win32,Firefox,Mozilla/5.0 (Windows NT 10.0; Win64; x64; rv:123.0) Gecko/20100101 Firefox/123.0,60,,,,,,,,,,,,,,,,,,,,,,,,,,,,,,,,,,,,,,media/dnnb.png,5,1,Symb,u,RT,0,0,0,1,8,0,9,0,1,10,99,u,0.589,5,1,u,1,0.589,9,0,9,0,1,,,,,,,,,,,,,
,,,,,,,,,,,,,,,,,326,2,2024-03-12_01h06.14.197,Symbol-E,2020.1.3,Win32,Firefox,Mozilla/5.0 (Windows NT 10.0; Win64; x64; rv:123.0) Gecko/20100101 Firefox/123.0,60,,,,,,,,,,,,,,,,,,,,,,,,,,,,,,,,,,,,,,media/ddnb.png,7,3,Symb,l,RT,0,0,0,1,8,0,10,0,1,10,99,l,0.565,7,1,l,1,0.565,10,0,10,0,1,,,,,,,,,,,,,
,,,,,,,,,,,,,,,,,326,2,2024-03-12_01h06.14.197,Symbol-E,2020.1.3,Win32,Firefox,Mozilla/5.0 (Windows NT 10.0; Win64; x64; rv:123.0) Gecko/20100101 Firefox/123.0,60,,,,,,,,,,,,,,,,,,,,,,,,,,,,,,,,,,,,,,media/dinb.png,6,2,Symb,i,RT,0,0,0,1,8,0,11,0,1,10,99,i,0.464,6,1,i,1,0.464,11,0,11,0,1,,,,,,,,,,,,,
,,,,,,,,,,,,,,,,,326,2,2024-03-12_01h06.14.197,Symbol-E,2020.1.3,Win32,Firefox,Mozilla/5.0 (Windows NT 10.0; Win64; x64; rv:123.0) Gecko/20100101 Firefox/123.0,60,,,,,,,,,,,,,,,,,,,,,,,,,,,,,,,,,,,,,,media/dnnb.png,5,1,Symb,u,RT,0,0,0,1,8,0,12,0,1,10,99,u,0.503,5,1,u,1,0.503,12,0,12,0,1,,,,,,,,,,,,,
,,,,,,,,,,,,,,,,,326,2,2024-03-12_01h06.14.197,Symbol-E,2020.1.3,Win32,Firefox,Mozilla/5.0 (Windows NT 10.0; Win64; x64; rv:123.0) Gecko/20100101 Firefox/123.0,60,,,,,,,,,,,,,,,,,,,,,,,,,,,,,,,,,,,,,,media/dcnb.png,2,2,Symb,e,RT,0,0,0,1,8,0,13,0,1,10,99,e,0.584,2,1,e,1,0.584,13,0,13,0,1,,,,,,,,,,,,,
,,,,,,,,,,,,,,,,,326,2,2024-03-12_01h06.14.197,Symbol-E,2020.1.3,Win32,Firefox,Mozilla/5.0 (Windows NT 10.0; Win64; x64; rv:123.0) Gecko/20100101 Firefox/123.0,60,,,,,,,,,,,,,,,,,,,,,,,,,,,,,,,,,,,,,,media/dfnb.png,3,3,Symb,f,RT,0,0,0,1,8,0,14,0,1,10,99,f,0.468,3,1,f,1,0.468,14,0,14,0,1,,,,,,,,,,,,,
,,,,,,,,,,,,,,,,,326,2,2024-03-12_01h06.14.197,Symbol-E,2020.1.3,Win32,Firefox,Mozilla/5.0 (Windows NT 10.0; Win64; x64; rv:123.0) Gecko/20100101 Firefox/123.0,60,,,,,,,,,,,,,,,,,,,,,,,,,,,,,,,,,,,,,,media/ddnb.png,7,3,Symb,l,RT,0,0,0,1,8,0,15,0,1,10,99,l,0.55,7,1,l,1,0.55,15,0,15,0,1,,,,,,,,,,,,,
,,,,,,,,,,,,,,,,,326,2,2024-03-12_01h06.14.197,Symbol-E,2020.1.3,Win32,Firefox,Mozilla/5.0 (Windows NT 10.0; Win64; x64; rv:123.0) Gecko/20100101 Firefox/123.0,60,,,,,,,,,,,,,,,,,,,,,,,,,,,,,,,,,,,,,,media/dcnb.png,2,2,Symb,e,RT,0,0,0,1,8,0,16,0,1,10,99,e,0.783,2,1,e,1,0.783,16,0,16,0,1,,,,,,,,,,,,,
,,,,,,,,,,,,,,,,,326,2,2024-03-12_01h06.14.197,Symbol-E,2020.1.3,Win32,Firefox,Mozilla/5.0 (Windows NT 10.0; Win64; x64; rv:123.0) Gecko/20100101 Firefox/123.0,60,,,,,,,,,,,,,,,,,,,,,,,,,,,,,,,,,,,,,,media/dinb.png,6,2,Symb,i,RT,0,0,0,1,8,0,17,0,1,10,99,i,0.403,6,1,i,1,0.403,17,0,17,0,1,,,,,,,,,,,,,
,,,,,,,,,,,,,,,,,326,2,2024-03-12_01h06.14.197,Symbol-E,2020.1.3,Win32,Firefox,Mozilla/5.0 (Windows NT 10.0; Win64; x64; rv:123.0) Gecko/20100101 Firefox/123.0,60,,,,,,,,,,,,,,,,,,,,,,,,,,,,,,,,,,,,,,media/dmnb.png,1,1,Symb,w,RT,0,0,0,1,8,0,18,0,1,10,99,w,0.55,1,1,w,1,0.55,18,0,18,0,1,,,,,,,,,,,,,
,,,,,,,,,,,,,,,,,326,2,2024-03-12_01h06.14.197,Symbol-E,2020.1.3,Win32,Firefox,Mozilla/5.0 (Windows NT 10.0; Win64; x64; rv:123.0) Gecko/20100101 Firefox/123.0,60,,,,,,,,,,,,,,,,,,,,,,,,,,,,,,,,,,,,,,media/ddnb.png,7,3,Symb,l,RT,0,0,0,1,8,0,19,0,1,10,99,l,0.584,7,1,l,1,0.584,19,0,19,0,1,,,,,,,,,,,,,
,,,,,,,,,,,,,,,,,326,2,2024-03-12_01h06.14.197,Symbol-E,2020.1.3,Win32,Firefox,Mozilla/5.0 (Windows NT 10.0; Win64; x64; rv:123.0) Gecko/20100101 Firefox/123.0,60,,,,,,,,,,,,,,,,,,,,,,,,,,,,,,,,,,,,,,media/dnnb.png,5,1,Symb,u,RT,0,0,0,1,8,0,20,0,1,10,99,u,0.552,5,1,u,1,0.552,20,0,20,0,1,,,,,,,,,,,,,
,,,,,,,,,,,,,,,,,326,2,2024-03-12_01h06.14.197,Symbol-E,2020.1.3,Win32,Firefox,Mozilla/5.0 (Windows NT 10.0; Win64; x64; rv:123.0) Gecko/20100101 Firefox/123.0,60,,,,,,,,,,,,,,,,,,,,,,,,,,,,,,,,,,,,,,media/dfnb.png,3,3,Symb,f,RT,0,0,0,1,8,0,21,0,1,10,99,f,0.517,3,1,f,1,0.517,21,0,21,0,1,,,,,,,,,,,,,
,,,,,,,,,,,,,,,,,326,2,2024-03-12_01h06.14.197,Symbol-E,2020.1.3,Win32,Firefox,Mozilla/5.0 (Windows NT 10.0; Win64; x64; rv:123.0) Gecko/20100101 Firefox/123.0,60,,,,,,,,,,,,,,,,,,,,,,,,,,,,,,,,,,,,,,media/dfnb.png,3,3,Symb,f,RT,0,0,0,1,8,0,22,0,1,10,99,f,0.637,3,1,f,1,0.637,22,0,22,0,1,,,,,,,,,,,,,
,,,,,,,,,,,,,,,,,326,2,2024-03-12_01h06.14.197,Symbol-E,2020.1.3,Win32,Firefox,Mozilla/5.0 (Windows NT 10.0; Win64; x64; rv:123.0) Gecko/20100101 Firefox/123.0,60,,,,,,,,,,,,,,,,,,,,,,,,,,,,,,,,,,,,,,media/dinb.png,6,2,Symb,i,RT,0,0,0,1,8,0,23,0,1,10,99,i,0.465,6,1,i,1,0.465,23,0,23,0,1,,,,,,,,,,,,,
,,,,,,,,,,,,,,,,,326,2,2024-03-12_01h06.14.197,Symbol-E,2020.1.3,Win32,Firefox,Mozilla/5.0 (Windows NT 10.0; Win64; x64; rv:123.0) Gecko/20100101 Firefox/123.0,60,,,,,,,,,,,,,,,,,,,,,,,,,,,,,,,,,,,,,,media/dgnb.png,0,0,Symb,a,RT,0,0,0,1,8,0,24,0,1,10,99,a,0.566,0,1,a,1,0.566,24,0,24,0,1,,,,,,,,,,,,,
,,,,,,,,,,,,,,,,,326,2,2024-03-12_01h06.14.197,Symbol-E,2020.1.3,Win32,Firefox,Mozilla/5.0 (Windows NT 10.0; Win64; x64; rv:123.0) Gecko/20100101 Firefox/123.0,60,,,,,,,,,,,,,,,,,,,,,,,,,,,,,,,,,,,,,,media/djnb.png,4,0,Symb,h,RT,0,0,0,1,8,0,25,0,1,10,99,h,0.481,4,1,h,1,0.481,25,0,25,0,1,,,,,,,,,,,,,
,,,,,,,,,,,,,,,,,326,2,2024-03-12_01h06.14.197,Symbol-E,2020.1.3,Win32,Firefox,Mozilla/5.0 (Windows NT 10.0; Win64; x64; rv:123.0) Gecko/20100101 Firefox/123.0,60,,,,,,,,,,,,,,,,,,,,,,,,,,,,,,,,,,,,,,media/dcnb.png,2,2,Symb,e,RT,0,0,0,1,8,0,26,0,1,10,99,e,0.551,2,1,e,1,0.551,26,0,26,0,1,,,,,,,,,,,,,
,,,,,,,,,,,,,,,,,326,2,2024-03-12_01h06.14.197,Symbol-E,2020.1.3,Win32,Firefox,Mozilla/5.0 (Windows NT 10.0; Win64; x64; rv:123.0) Gecko/20100101 Firefox/123.0,60,,,,,,,,,,,,,,,,,,,,,,,,,,,,,,,,,,,,,,media/ddnb.png,7,3,Symb,l,RT,0,0,0,1,8,0,27,0,1,10,99,l,0.662,7,1,l,1,0.662,27,0,27,0,1,,,,,,,,,,,,,
,,,,,,,,,,,,,,,,,326,2,2024-03-12_01h06.14.197,Symbol-E,2020.1.3,Win32,Firefox,Mozilla/5.0 (Windows NT 10.0; Win64; x64; rv:123.0) Gecko/20100101 Firefox/123.0,60,,,,,,,,,,,,,,,,,,,,,,,,,,,,,,,,,,,,,,media/dmnb.png,1,1,Symb,w,RT,0,0,0,1,8,0,28,0,1,10,99,w,0.631,1,1,w,1,0.631,28,0,28,0,1,,,,,,,,,,,,,
,,,,,,,,,,,,,,,,,326,2,2024-03-12_01h06.14.197,Symbol-E,2020.1.3,Win32,Firefox,Mozilla/5.0 (Windows NT 10.0; Win64; x64; rv:123.0) Gecko/20100101 Firefox/123.0,60,,,,,,,,,,,,,,,,,,,,,,,,,,,,,,,,,,,,,,media/dgnb.png,0,0,Symb,a,RT,0,0,0,1,8,0,29,0,1,10,99,a,0.614,0,1,a,1,0.614,29,0,29,0,1,,,,,,,,,,,,,
,,,,,,,,,,,,,,,,,326,2,2024-03-12_01h06.14.197,Symbol-E,2020.1.3,Win32,Firefox,Mozilla/5.0 (Windows NT 10.0; Win64; x64; rv:123.0) Gecko/20100101 Firefox/123.0,60,,,,,,,,,,,,,,,,,,,,,,,,,,,,,,,,,,,,,,media/dnnb.png,5,1,Symb,u,RT,0,0,0,1,8,0,30,0,1,10,99,u,0.683,5,1,u,1,0.683,30,0,30,0,1,,,,,,,,,,,,,
,,,,,,,,,,,,,,,,,326,2,2024-03-12_01h06.14.197,Symbol-E,2020.1.3,Win32,Firefox,Mozilla/5.0 (Windows NT 10.0; Win64; x64; rv:123.0) Gecko/20100101 Firefox/123.0,60,,,,,,,,,,,,,,,,,,,,,,,,,,,,,,,,,,,,,,media/djnb.png,4,0,Symb,h,RT,0,0,0,1,8,0,31,0,1,10,99,h,0.666,4,1,h,1,0.666,31,0,31,0,1,,,,,,,,,,,,,
,,,,,,,,,,,,,,,,,326,2,2024-03-12_01h06.14.197,Symbol-E,2020.1.3,Win32,Firefox,Mozilla/5.0 (Windows NT 10.0; Win64; x64; rv:123.0) Gecko/20100101 Firefox/123.0,60,,,,,,,,,,,,,,,,,,,,,,,,,,,,,,,,,,,,,,media/djnb.png,4,0,Symb,h,RT,0,0,0,1,8,0,32,0,1,10,99,h,0.447,4,1,h,1,0.447,32,0,32,0,1,,,,,,,,,,,,,
,,,,,,,,,,,,,,,,,326,2,2024-03-12_01h06.14.197,Symbol-E,2020.1.3,Win32,Firefox,Mozilla/5.0 (Windows NT 10.0; Win64; x64; rv:123.0) Gecko/20100101 Firefox/123.0,60,,,,,,,,,,,,,,,,,,,,,,,,,,,,,,,,,,,,,,media/dinb.png,6,2,Symb,i,RT,0,0,0,1,8,0,33,0,1,10,99,i,0.468,6,1,i,1,0.468,33,0,33,0,1,,,,,,,,,,,,,
,,,,,,,,,,,,,,,,,326,2,2024-03-12_01h06.14.197,Symbol-E,2020.1.3,Win32,Firefox,Mozilla/5.0 (Windows NT 10.0; Win64; x64; rv:123.0) Gecko/20100101 Firefox/123.0,60,,,,,,,,,,,,,,,,,,,,,,,,,,,,,,,,,,,,,,media/dmnb.png,1,1,Symb,w,RT,0,0,0,1,8,0,34,0,1,10,99,w,0.536,1,1,w,1,0.536,34,0,34,0,1,,,,,,,,,,,,,
,,,,,,,,,,,,,,,,,326,2,2024-03-12_01h06.14.197,Symbol-E,2020.1.3,Win32,Firefox,Mozilla/5.0 (Windows NT 10.0; Win64; x64; rv:123.0) Gecko/20100101 Firefox/123.0,60,,,,,,,,,,,,,,,,,,,,,,,,,,,,,,,,,,,,,,media/dcnb.png,2,2,Symb,e,RT,0,0,0,1,8,0,35,0,1,10,99,e,0.568,2,1,e,1,0.568,35,0,35,0,1,,,,,,,,,,,,,
,,,,,,,,,,,,,,,,,326,2,2024-03-12_01h06.14.197,Symbol-E,2020.1.3,Win32,Firefox,Mozilla/5.0 (Windows NT 10.0; Win64; x64; rv:123.0) Gecko/20100101 Firefox/123.0,60,,,,,,,,,,,,,,,,,,,,,,,,,,,,,,,,,,,,,,media/dfnb.png,3,3,Symb,f,RT,0,0,0,1,8,0,36,0,1,10,99,f,0.546,3,1,f,1,0.546,36,0,36,0,1,,,,,,,,,,,,,
,,,,,,,,,,,,,,,,,326,2,2024-03-12_01h06.14.197,Symbol-E,2020.1.3,Win32,Firefox,Mozilla/5.0 (Windows NT 10.0; Win64; x64; rv:123.0) Gecko/20100101 Firefox/123.0,60,,,,,,,,,,,,,,,,,,,,,,,,,,,,,,,,,,,,,,media/ddnb.png,7,3,Symb,l,RT,0,0,0,1,8,0,37,0,1,10,99,l,0.55,7,1,l,1,0.55,37,0,37,0,1,,,,,,,,,,,,,
,,,,,,,,,,,,,,,,,326,2,2024-03-12_01h06.14.197,Symbol-E,2020.1.3,Win32,Firefox,Mozilla/5.0 (Windows NT 10.0; Win64; x64; rv:123.0) Gecko/20100101 Firefox/123.0,60,,,,,,,,,,,,,,,,,,,,,,,,,,,,,,,,,,,,,,media/dnnb.png,5,1,Symb,u,RT,0,0,0,1,8,0,38,0,1,10,99,i,0.52,6,0,i,0,0.52,38,0,38,0,1,,,,,,,,,,,,,
,,,,,,,,,,,,,,,,,326,2,2024-03-12_01h06.14.197,Symbol-E,2020.1.3,Win32,Firefox,Mozilla/5.0 (Windows NT 10.0; Win64; x64; rv:123.0) Gecko/20100101 Firefox/123.0,60,,,,,,,,,,,,,,,,,,,,,,,,,,,,,,,,,,,,,,media/dfnb.png,3,3,Symb,f,RT,0,0,0,1,8,0,39,0,1,10,99,f,0.584,3,1,f,1,0.584,39,0,39,0,1,,,,,,,,,,,,,
,,,,,,,,,,,,,,,,,326,2,2024-03-12_01h06.14.197,Symbol-E,2020.1.3,Win32,Firefox,Mozilla/5.0 (Windows NT 10.0; Win64; x64; rv:123.0) Gecko/20100101 Firefox/123.0,60,,,,,,,,,,,,,,,,,,,,,,,,,,,,,,,,,,,,,,media/dgnb.png,0,0,Symb,a,RT,0,0,0,1,8,0,40,0,1,10,99,a,1.004,0,1,a,1,1.004,40,0,40,0,1,,,,,,,,,,,,,
,,,,,,,,,,,,,,,,,326,2,2024-03-12_01h06.14.197,Symbol-E,2020.1.3,Win32,Firefox,Mozilla/5.0 (Windows NT 10.0; Win64; x64; rv:123.0) Gecko/20100101 Firefox/123.0,60,,,,,,,,,,,,,,,,,,,,,,,,,,,,,,,,,,,,,,media/djnb.png,4,0,Symb,h,RT,0,0,0,1,8,0,41,0,1,10,99,h,0.585,4,1,h,1,0.585,41,0,41,0,1,,,,,,,,,,,,,
,,,,,,,,,,,,,,,,,326,2,2024-03-12_01h06.14.197,Symbol-E,2020.1.3,Win32,Firefox,Mozilla/5.0 (Windows NT 10.0; Win64; x64; rv:123.0) Gecko/20100101 Firefox/123.0,60,,,,,,,,,,,,,,,,,,,,,,,,,,,,,,,,,,,,,,media/dmnb.png,1,1,Symb,w,RT,0,0,0,1,8,0,42,0,1,10,99,w,0.516,1,1,w,1,0.516,42,0,42,0,1,,,,,,,,,,,,,
,,,,,,,,,,,,,,,,,326,2,2024-03-12_01h06.14.197,Symbol-E,2020.1.3,Win32,Firefox,Mozilla/5.0 (Windows NT 10.0; Win64; x64; rv:123.0) Gecko/20100101 Firefox/123.0,60,,,,,,,,,,,,,,,,,,,,,,,,,,,,,,,,,,,,,,media/dgnb.png,0,0,Symb,a,RT,0,0,0,1,8,0,43,0,1,10,99,a,0.598,0,1,a,1,0.598,43,0,43,0,1,,,,,,,,,,,,,
,,,,,,,,,,,,,,,,,326,2,2024-03-12_01h06.14.197,Symbol-E,2020.1.3,Win32,Firefox,Mozilla/5.0 (Windows NT 10.0; Win64; x64; rv:123.0) Gecko/20100101 Firefox/123.0,60,,,,,,,,,,,,,,,,,,,,,,,,,,,,,,,,,,,,,,media/dcnb.png,2,2,Symb,e,RT,0,0,0,1,8,0,44,0,1,10,99,e,0.568,2,1,e,1,0.568,44,0,44,0,1,,,,,,,,,,,,,
,,,,,,,,,,,,,,,,,326,2,2024-03-12_01h06.14.197,Symbol-E,2020.1.3,Win32,Firefox,Mozilla/5.0 (Windows NT 10.0; Win64; x64; rv:123.0) Gecko/20100101 Firefox/123.0,60,,,,,,,,,,,,,,,,,,,,,,,,,,,,,,,,,,,,,,media/ddnb.png,7,3,Symb,l,RT,0,0,0,1,8,0,45,0,1,10,99,l,0.567,7,1,l,1,0.567,45,0,45,0,1,,,,,,,,,,,,,
,,,,,,,,,,,,,,,,,326,2,2024-03-12_01h06.14.197,Symbol-E,2020.1.3,Win32,Firefox,Mozilla/5.0 (Windows NT 10.0; Win64; x64; rv:123.0) Gecko/20100101 Firefox/123.0,60,,,,,,,,,,,,,,,,,,,,,,,,,,,,,,,,,,,,,,media/dnnb.png,5,1,Symb,u,RT,0,0,0,1,8,0,46,0,1,10,99,u,0.585,5,1,u,1,0.585,46,0,46,0,1,,,,,,,,,,,,,
,,,,,,,,,,,,,,,,,326,2,2024-03-12_01h06.14.197,Symbol-E,2020.1.3,Win32,Firefox,Mozilla/5.0 (Windows NT 10.0; Win64; x64; rv:123.0) Gecko/20100101 Firefox/123.0,60,,,,,,,,,,,,,,,,,,,,,,,,,,,,,,,,,,,,,,media/dinb.png,6,2,Symb,i,RT,0,0,0,1,8,0,47,0,1,10,99,i,0.501,6,1,i,1,0.501,47,0,47,0,1,,,,,,,,,,,,,
,,,,,,,,,,,,,,,,,326,2,2024-03-12_01h06.14.197,Symbol-E,2020.1.3,Win32,Firefox,Mozilla/5.0 (Windows NT 10.0; Win64; x64; rv:123.0) Gecko/20100101 Firefox/123.0,60,,,,,,,,,,,,,,,,,,,,,,,,,,,,,,,,,,,,,,media/dmnb.png,1,1,Symb,w,RT,0,0,0,1,8,0,48,0,1,10,99,w,0.535,1,1,w,1,0.535,48,0,48,0,1,,,,,,,,,,,,,
,,,,,,,,,,,,,,,,,326,2,2024-03-12_01h06.14.197,Symbol-E,2020.1.3,Win32,Firefox,Mozilla/5.0 (Windows NT 10.0; Win64; x64; rv:123.0) Gecko/20100101 Firefox/123.0,60,,,,,,,,,,,,,,,,,,,,,,,,,,,,,,,,,,,,,,media/dinb.png,6,2,Symb,i,RT,0,0,0,1,8,0,49,0,1,10,99,e,0.669,2,0,e,0,0.669,49,0,49,0,1,,,,,,,,,,,,,
,,,,,,,,,,,,,,,,,326,2,2024-03-12_01h06.14.197,Symbol-E,2020.1.3,Win32,Firefox,Mozilla/5.0 (Windows NT 10.0; Win64; x64; rv:123.0) Gecko/20100101 Firefox/123.0,60,,,,,,,,,,,,,,,,,,,,,,,,,,,,,,,,,,,,,,media/djnb.png,4,0,Symb,h,RT,0,0,0,1,8,0,50,0,1,10,99,h,1.22,4,1,h,1,1.22,50,0,50,0,1,,,,,,,,,,,,,
,,,,,,,,,,,,,,,,,326,2,2024-03-12_01h06.14.197,Symbol-E,2020.1.3,Win32,Firefox,Mozilla/5.0 (Windows NT 10.0; Win64; x64; rv:123.0) Gecko/20100101 Firefox/123.0,60,,,,,,,,,,,,,,,,,,,,,,,,,,,,,,,,,,,,,,media/dfnb.png,3,3,Symb,f,RT,0,0,0,1,8,0,51,0,1,10,99,f,0.583,3,1,f,1,0.583,51,0,51,0,1,,,,,,,,,,,,,
,,,,,,,,,,,,,,,,,326,2,2024-03-12_01h06.14.197,Symbol-E,2020.1.3,Win32,Firefox,Mozilla/5.0 (Windows NT 10.0; Win64; x64; rv:123.0) Gecko/20100101 Firefox/123.0,60,,,,,,,,,,,,,,,,,,,,,,,,,,,,,,,,,,,,,,media/dmnb.png,1,1,Symb,w,RT,0,0,0,1,8,0,52,0,1,10,99,w,0.618,1,1,w,1,0.618,52,0,52,0,1,,,,,,,,,,,,,
,,,,,,,,,,,,,,,,,326,2,2024-03-12_01h06.14.197,Symbol-E,2020.1.3,Win32,Firefox,Mozilla/5.0 (Windows NT 10.0; Win64; x64; rv:123.0) Gecko/20100101 Firefox/123.0,60,,,,,,,,,,,,,,,,,,,,,,,,,,,,,,,,,,,,,,media/dfnb.png,3,3,Symb,f,RT,0,0,0,1,8,0,53,0,1,10,99,f,0.684,3,1,f,1,0.684,53,0,53,0,1,,,,,,,,,,,,,
,,,,,,,,,,,,,,,,,326,2,2024-03-12_01h06.14.197,Symbol-E,2020.1.3,Win32,Firefox,Mozilla/5.0 (Windows NT 10.0; Win64; x64; rv:123.0) Gecko/20100101 Firefox/123.0,60,,,,,,,,,,,,,,,,,,,,,,,,,,,,,,,,,,,,,,media/dcnb.png,2,2,Symb,e,RT,0,0,0,1,8,0,54,0,1,10,99,e,0.399,2,1,e,1,0.399,54,0,54,0,1,,,,,,,,,,,,,
,,,,,,,,,,,,,,,,,326,2,2024-03-12_01h06.14.197,Symbol-E,2020.1.3,Win32,Firefox,Mozilla/5.0 (Windows NT 10.0; Win64; x64; rv:123.0) Gecko/20100101 Firefox/123.0,60,,,,,,,,,,,,,,,,,,,,,,,,,,,,,,,,,,,,,,media/dnnb.png,5,1,Symb,u,RT,0,0,0,1,8,0,55,0,1,10,99,u,0.652,5,1,u,1,0.652,55,0,55,0,1,,,,,,,,,,,,,
,,,,,,,,,,,,,,,,,326,2,2024-03-12_01h06.14.197,Symbol-E,2020.1.3,Win32,Firefox,Mozilla/5.0 (Windows NT 10.0; Win64; x64; rv:123.0) Gecko/20100101 Firefox/123.0,60,,,,,,,,,,,,,,,,,,,,,,,,,,,,,,,,,,,,,,media/ddnb.png,7,3,Symb,l,RT,0,0,0,1,8,0,56,0,1,10,99,l,0.632,7,1,l,1,0.632,56,0,56,0,1,,,,,,,,,,,,,
,,,,,,,,,,,,,,,,,326,2,2024-03-12_01h06.14.197,Symbol-E,2020.1.3,Win32,Firefox,Mozilla/5.0 (Windows NT 10.0; Win64; x64; rv:123.0) Gecko/20100101 Firefox/123.0,60,,,,,,,,,,,,,,,,,,,,,,,,,,,,,,,,,,,,,,media/dgnb.png,0,0,Symb,a,RT,0,0,0,1,8,0,57,0,1,10,99,a,0.484,0,1,a,1,0.484,57,0,57,0,1,,,,,,,,,,,,,
,,,,,,,,,,,,,,,,,326,2,2024-03-12_01h06.14.197,Symbol-E,2020.1.3,Win32,Firefox,Mozilla/5.0 (Windows NT 10.0; Win64; x64; rv:123.0) Gecko/20100101 Firefox/123.0,60,,,,,,,,,,,,,,,,,,,,,,,,,,,,,,,,,,,,,,media/djnb.png,4,0,Symb,h,RT,0,0,0,1,8,0,58,0,1,10,99,h,0.615,4,1,h,1,0.615,58,0,58,0,1,,,,,,,,,,,,,
,,,,,,,,,,,,,,,,,326,2,2024-03-12_01h06.14.197,Symbol-E,2020.1.3,Win32,Firefox,Mozilla/5.0 (Windows NT 10.0; Win64; x64; rv:123.0) Gecko/20100101 Firefox/123.0,60,,,,,,,,,,,,,,,,,,,,,,,,,,,,,,,,,,,,,,media/ddnb.png,7,3,Symb,l,RT,0,0,0,1,8,0,59,0,1,10,99,l,1.351,7,1,l,1,1.351,59,0,59,0,1,,,,,,,,,,,,,
,,,,,,,,,,,,,,,,,326,2,2024-03-12_01h06.14.197,Symbol-E,2020.1.3,Win32,Firefox,Mozilla/5.0 (Windows NT 10.0; Win64; x64; rv:123.0) Gecko/20100101 Firefox/123.0,60,,,,,,,,,,,,,,,,,,,,,,,,,,,,,,,,,,,,,,media/dcnb.png,2,2,Symb,e,RT,0,0,0,1,8,0,60,0,1,10,99,e,0.617,2,1,e,1,0.617,60,0,60,0,1,,,,,,,,,,,,,
,,,,,,,,,,,,,,,,,326,2,2024-03-12_01h06.14.197,Symbol-E,2020.1.3,Win32,Firefox,Mozilla/5.0 (Windows NT 10.0; Win64; x64; rv:123.0) Gecko/20100101 Firefox/123.0,60,,,,,,,,,,,,,,,,,,,,,,,,,,,,,,,,,,,,,,media/dgnb.png,0,0,Symb,a,RT,0,0,0,1,8,0,61,0,1,10,99,a,0.698,0,1,a,1,0.698,61,0,61,0,1,,,,,,,,,,,,,
,,,,,,,,,,,,,,,,,326,2,2024-03-12_01h06.14.197,Symbol-E,2020.1.3,Win32,Firefox,Mozilla/5.0 (Windows NT 10.0; Win64; x64; rv:123.0) Gecko/20100101 Firefox/123.0,60,,,,,,,,,,,,,,,,,,,,,,,,,,,,,,,,,,,,,,media/dnnb.png,5,1,Symb,u,RT,0,0,0,1,8,0,62,0,1,10,99,u,0.584,5,1,u,1,0.584,62,0,62,0,1,,,,,,,,,,,,,
,,,,,,,,,,,,,,,,,326,2,2024-03-12_01h06.14.197,Symbol-E,2020.1.3,Win32,Firefox,Mozilla/5.0 (Windows NT 10.0; Win64; x64; rv:123.0) Gecko/20100101 Firefox/123.0,60,,,,,,,,,,,,,,,,,,,,,,,,,,,,,,,,,,,,,,media/dinb.png,6,2,Symb,i,RT,0,0,0,1,8,0,63,0,1,10,99,i,0.55,6,1,i,1,0.55,63,0,63,0,1,,,,,,,,,,,,,
,,,,,,,,,,,,,,,,,326,2,2024-03-12_01h06.14.197,Symbol-E,2020.1.3,Win32,Firefox,Mozilla/5.0 (Windows NT 10.0; Win64; x64; rv:123.0) Gecko/20100101 Firefox/123.0,60,,,,,,,,,,,,,,,,,,,,,,,,,,,,,,,,,,,,,,media/dmnb.png,1,1,Symb,w,RT,0,0,0,1,8,0,64,0,1,10,99,w,0.605,1,1,w,1,0.605,64,0,64,0,1,,,,,,,,,,,,,
,,,,,,,,,,,,,,,,,326,2,2024-03-12_01h06.14.197,Symbol-E,2020.1.3,Win32,Firefox,Mozilla/5.0 (Windows NT 10.0; Win64; x64; rv:123.0) Gecko/20100101 Firefox/123.0,60,,,,,,,,,,,,,,,,,,,,,,,,,,,,,,,,,,,,,,media/dinb.png,6,2,Symb,i,RT,0,0,0,1,8,0,65,0,1,10,99,i,0.516,6,1,i,1,0.516,65,0,65,0,1,,,,,,,,,,,,,
,,,,,,,,,,,,,,,,,326,2,2024-03-12_01h06.14.197,Symbol-E,2020.1.3,Win32,Firefox,Mozilla/5.0 (Windows NT 10.0; Win64; x64; rv:123.0) Gecko/20100101 Firefox/123.0,60,,,,,,,,,,,,,,,,,,,,,,,,,,,,,,,,,,,,,,media/djnb.png,4,0,Symb,h,RT,0,0,0,1,8,0,66,0,1,10,99,u,0.6,5,0,u,0,0.6,66,0,66,0,1,,,,,,,,,,,,,
,,,,,,,,,,,,,,,,,326,2,2024-03-12_01h06.14.197,Symbol-E,2020.1.3,Win32,Firefox,Mozilla/5.0 (Windows NT 10.0; Win64; x64; rv:123.0) Gecko/20100101 Firefox/123.0,60,,,,,,,,,,,,,,,,,,,,,,,,,,,,,,,,,,,,,,media/ddnb.png,7,3,Symb,l,RT,0,0,0,1,8,0,67,0,1,10,99,l,0.587,7,1,l,1,0.587,67,0,67,0,1,,,,,,,,,,,,,
,,,,,,,,,,,,,,,,,326,2,2024-03-12_01h06.14.197,Symbol-E,2020.1.3,Win32,Firefox,Mozilla/5.0 (Windows NT 10.0; Win64; x64; rv:123.0) Gecko/20100101 Firefox/123.0,60,,,,,,,,,,,,,,,,,,,,,,,,,,,,,,,,,,,,,,media/dnnb.png,5,1,Symb,u,RT,0,0,0,1,8,0,68,0,1,10,99,u,0.553,5,1,u,1,0.553,68,0,68,0,1,,,,,,,,,,,,,
,,,,,,,,,,,,,,,,,326,2,2024-03-12_01h06.14.197,Symbol-E,2020.1.3,Win32,Firefox,Mozilla/5.0 (Windows NT 10.0; Win64; x64; rv:123.0) Gecko/20100101 Firefox/123.0,60,,,,,,,,,,,,,,,,,,,,,,,,,,,,,,,,,,,,,,media/dmnb.png,1,1,Symb,w,RT,0,0,0,1,8,0,69,0,1,10,99,w,0.563,1,1,w,1,0.563,69,0,69,0,1,,,,,,,,,,,,,
,,,,,,,,,,,,,,,,,326,2,2024-03-12_01h06.14.197,Symbol-E,2020.1.3,Win32,Firefox,Mozilla/5.0 (Windows NT 10.0; Win64; x64; rv:123.0) Gecko/20100101 Firefox/123.0,60,,,,,,,,,,,,,,,,,,,,,,,,,,,,,,,,,,,,,,media/ddnb.png,7,3,Symb,l,RT,0,0,0,1,8,0,70,0,1,10,99,l,0.616,7,1,l,1,0.616,70,0,70,0,1,,,,,,,,,,,,,
,,,,,,,,,,,,,,,,,326,2,2024-03-12_01h06.14.197,Symbol-E,2020.1.3,Win32,Firefox,Mozilla/5.0 (Windows NT 10.0; Win64; x64; rv:123.0) Gecko/20100101 Firefox/123.0,60,,,,,,,,,,,,,,,,,,,,,,,,,,,,,,,,,,,,,,media/dcnb.png,2,2,Symb,e,RT,0,0,0,1,8,0,71,0,1,10,99,e,0.6,2,1,e,1,0.6,71,0,71,0,1,,,,,,,,,,,,,
,,,,,,,,,,,,,,,,,326,2,2024-03-12_01h06.14.197,Symbol-E,2020.1.3,Win32,Firefox,Mozilla/5.0 (Windows NT 10.0; Win64; x64; rv:123.0) Gecko/20100101 Firefox/123.0,60,,,,,,,,,,,,,,,,,,,,,,,,,,,,,,,,,,,,,,media/dnnb.png,5,1,Symb,u,RT,0,0,0,1,8,0,72,0,1,10,99,u,0.999,5,1,u,1,0.999,72,0,72,0,1,,,,,,,,,,,,,
,,,,,,,,,,,,,,,,,326,2,2024-03-12_01h06.14.197,Symbol-E,2020.1.3,Win32,Firefox,Mozilla/5.0 (Windows NT 10.0; Win64; x64; rv:123.0) Gecko/20100101 Firefox/123.0,60,,,,,,,,,,,,,,,,,,,,,,,,,,,,,,,,,,,,,,media/dcnb.png,2,2,Symb,e,RT,0,0,0,1,8,0,73,0,1,10,99,e,0.567,2,1,e,1,0.567,73,0,73,0,1,,,,,,,,,,,,,
,,,,,,,,,,,,,,,,,326,2,2024-03-12_01h06.14.197,Symbol-E,2020.1.3,Win32,Firefox,Mozilla/5.0 (Windows NT 10.0; Win64; x64; rv:123.0) Gecko/20100101 Firefox/123.0,60,,,,,,,,,,,,,,,,,,,,,,,,,,,,,,,,,,,,,,media/djnb.png,4,0,Symb,h,RT,0,0,0,1,8,0,74,0,1,10,99,h,0.669,4,1,h,1,0.669,74,0,74,0,1,,,,,,,,,,,,,
,,,,,,,,,,,,,,,,,326,2,2024-03-12_01h06.14.197,Symbol-E,2020.1.3,Win32,Firefox,Mozilla/5.0 (Windows NT 10.0; Win64; x64; rv:123.0) Gecko/20100101 Firefox/123.0,60,,,,,,,,,,,,,,,,,,,,,,,,,,,,,,,,,,,,,,media/dinb.png,6,2,Symb,i,RT,0,0,0,1,8,0,75,0,1,10,99,i,0.618,6,1,i,1,0.618,75,0,75,0,1,,,,,,,,,,,,,
,,,,,,,,,,,,,,,,,326,2,2024-03-12_01h06.14.197,Symbol-E,2020.1.3,Win32,Firefox,Mozilla/5.0 (Windows NT 10.0; Win64; x64; rv:123.0) Gecko/20100101 Firefox/123.0,60,,,,,,,,,,,,,,,,,,,,,,,,,,,,,,,,,,,,,,media/dgnb.png,0,0,Symb,a,RT,0,0,0,1,8,0,76,0,1,10,99,a,0.553,0,1,a,1,0.553,76,0,76,0,1,,,,,,,,,,,,,
,,,,,,,,,,,,,,,,,326,2,2024-03-12_01h06.14.197,Symbol-E,2020.1.3,Win32,Firefox,Mozilla/5.0 (Windows NT 10.0; Win64; x64; rv:123.0) Gecko/20100101 Firefox/123.0,60,,,,,,,,,,,,,,,,,,,,,,,,,,,,,,,,,,,,,,media/dfnb.png,3,3,Symb,f,RT,0,0,0,1,8,0,77,0,1,10,99,f,0.554,3,1,f,1,0.554,77,0,77,0,1,,,,,,,,,,,,,
,,,,,,,,,,,,,,,,,326,2,2024-03-12_01h06.14.197,Symbol-E,2020.1.3,Win32,Firefox,Mozilla/5.0 (Windows NT 10.0; Win64; x64; rv:123.0) Gecko/20100101 Firefox/123.0,60,,,,,,,,,,,,,,,,,,,,,,,,,,,,,,,,,,,,,,media/dfnb.png,3,3,Symb,f,RT,0,0,0,1,8,0,78,0,1,10,99,f,0.467,3,1,f,1,0.467,78,0,78,0,1,,,,,,,,,,,,,
,,,,,,,,,,,,,,,,,326,2,2024-03-12_01h06.14.197,Symbol-E,2020.1.3,Win32,Firefox,Mozilla/5.0 (Windows NT 10.0; Win64; x64; rv:123.0) Gecko/20100101 Firefox/123.0,60,,,,,,,,,,,,,,,,,,,,,,,,,,,,,,,,,,,,,,media/dgnb.png,0,0,Symb,a,RT,0,0,0,1,8,0,79,0,1,10,99,a,0.617,0,1,a,1,0.617,79,0,79,0,1,,,,,,,,,,,,,
,,,,,,,,,,,,,,,,,326,2,2024-03-12_01h06.14.197,Symbol-E,2020.1.3,Win32,Firefox,Mozilla/5.0 (Windows NT 10.0; Win64; x64; rv:123.0) Gecko/20100101 Firefox/123.0,60,,,,,,,,,,,,,,,,,,,,,,,,,,,,,,,,,,,,,,media/dcnb.png,2,2,Symb,e,RT,0,0,0,1,8,0,80,0,1,10,99,e,0.569,2,1,e,1,0.569,80,0,80,0,1,,,,,,,,,,,,,
,,,,,,,,,,,,,,,,,326,2,2024-03-12_01h06.14.197,Symbol-E,2020.1.3,Win32,Firefox,Mozilla/5.0 (Windows NT 10.0; Win64; x64; rv:123.0) Gecko/20100101 Firefox/123.0,60,,,,,,,,,,,,,,,,,,,,,,,,,,,,,,,,,,,,,,media/dfnb.png,3,3,Symb,f,RT,0,0,0,1,8,0,81,0,1,10,99,f,1.55,3,1,f,1,1.55,81,0,81,0,1,,,,,,,,,,,,,
,,,,,,,,,,,,,,,,,326,2,2024-03-12_01h06.14.197,Symbol-E,2020.1.3,Win32,Firefox,Mozilla/5.0 (Windows NT 10.0; Win64; x64; rv:123.0) Gecko/20100101 Firefox/123.0,60,,,,,,,,,,,,,,,,,,,,,,,,,,,,,,,,,,,,,,media/dinb.png,6,2,Symb,i,RT,0,0,0,1,8,0,82,0,1,10,99,i,0.521,6,1,i,1,0.521,82,0,82,0,1,,,,,,,,,,,,,
,,,,,,,,,,,,,,,,,326,2,2024-03-12_01h06.14.197,Symbol-E,2020.1.3,Win32,Firefox,Mozilla/5.0 (Windows NT 10.0; Win64; x64; rv:123.0) Gecko/20100101 Firefox/123.0,60,,,,,,,,,,,,,,,,,,,,,,,,,,,,,,,,,,,,,,media/dnnb.png,5,1,Symb,u,RT,0,0,0,1,8,0,83,0,1,10,99,u,0.567,5,1,u,1,0.567,83,0,83,0,1,,,,,,,,,,,,,
,,,,,,,,,,,,,,,,,326,2,2024-03-12_01h06.14.197,Symbol-E,2020.1.3,Win32,Firefox,Mozilla/5.0 (Windows NT 10.0; Win64; x64; rv:123.0) Gecko/20100101 Firefox/123.0,60,,,,,,,,,,,,,,,,,,,,,,,,,,,,,,,,,,,,,,media/djnb.png,4,0,Symb,h,RT,0,0,0,1,8,0,84,0,1,10,99,h,0.536,4,1,h,1,0.536,84,0,84,0,1,,,,,,,,,,,,,
,,,,,,,,,,,,,,,,,326,2,2024-03-12_01h06.14.197,Symbol-E,2020.1.3,Win32,Firefox,Mozilla/5.0 (Windows NT 10.0; Win64; x64; rv:123.0) Gecko/20100101 Firefox/123.0,60,,,,,,,,,,,,,,,,,,,,,,,,,,,,,,,,,,,,,,media/dcnb.png,2,2,Symb,e,RT,0,0,0,1,8,0,85,0,1,10,99,e,0.535,2,1,e,1,0.535,85,0,85,0,1,,,,,,,,,,,,,
,,,,,,,,,,,,,,,,,326,2,2024-03-12_01h06.14.197,Symbol-E,2020.1.3,Win32,Firefox,Mozilla/5.0 (Windows NT 10.0; Win64; x64; rv:123.0) Gecko/20100101 Firefox/123.0,60,,,,,,,,,,,,,,,,,,,,,,,,,,,,,,,,,,,,,,media/ddnb.png,7,3,Symb,l,RT,0,0,0,1,8,0,86,0,1,10,99,l,0.572,7,1,l,1,0.572,86,0,86,0,1,,,,,,,,,,,,,
,,,,,,,,,,,,,,,,,326,2,2024-03-12_01h06.14.197,Symbol-E,2020.1.3,Win32,Firefox,Mozilla/5.0 (Windows NT 10.0; Win64; x64; rv:123.0) Gecko/20100101 Firefox/123.0,60,,,,,,,,,,,,,,,,,,,,,,,,,,,,,,,,,,,,,,media/dmnb.png,1,1,Symb,w,RT,0,0,0,1,8,0,87,0,1,10,99,w,0.532,1,1,w,1,0.532,87,0,87,0,1,,,,,,,,,,,,,
,,,,,,,,,,,,,,,,,326,2,2024-03-12_01h06.14.197,Symbol-E,2020.1.3,Win32,Firefox,Mozilla/5.0 (Windows NT 10.0; Win64; x64; rv:123.0) Gecko/20100101 Firefox/123.0,60,,,,,,,,,,,,,,,,,,,,,,,,,,,,,,,,,,,,,,media/ddnb.png,7,3,Symb,l,RT,0,0,0,1,8,0,88,0,1,10,99,l,1.051,7,1,l,1,1.051,88,0,88,0,1,,,,,,,,,,,,,
,,,,,,,,,,,,,,,,,326,2,2024-03-12_01h06.14.197,Symbol-E,2020.1.3,Win32,Firefox,Mozilla/5.0 (Windows NT 10.0; Win64; x64; rv:123.0) Gecko/20100101 Firefox/123.0,60,,,,,,,,,,,,,,,,,,,,,,,,,,,,,,,,,,,,,,media/djnb.png,4,0,Symb,h,RT,0,0,0,1,8,0,89,0,1,10,99,h,0.652,4,1,h,1,0.652,89,0,89,0,1,,,,,,,,,,,,,
,,,,,,,,,,,,,,,,,326,2,2024-03-12_01h06.14.197,Symbol-E,2020.1.3,Win32,Firefox,Mozilla/5.0 (Windows NT 10.0; Win64; x64; rv:123.0) Gecko/20100101 Firefox/123.0,60,,,,,,,,,,,,,,,,,,,,,,,,,,,,,,,,,,,,,,media/dmnb.png,1,1,Symb,w,RT,0,0,0,1,8,0,90,0,1,10,99,w,0.546,1,1,w,1,0.546,90,0,90,0,1,,,,,,,,,,,,,
,,,,,,,,,,,,,,,,,326,2,2024-03-12_01h06.14.197,Symbol-E,2020.1.3,Win32,Firefox,Mozilla/5.0 (Windows NT 10.0; Win64; x64; rv:123.0) Gecko/20100101 Firefox/123.0,60,,,,,,,,,,,,,,,,,,,,,,,,,,,,,,,,,,,,,,media/dgnb.png,0,0,Symb,a,RT,0,0,0,1,8,0,91,0,1,10,99,a,0.552,0,1,a,1,0.552,91,0,91,0,1,,,,,,,,,,,,,
,,,,,,,,,,,,,,,,,326,2,2024-03-12_01h06.14.197,Symbol-E,2020.1.3,Win32,Firefox,Mozilla/5.0 (Windows NT 10.0; Win64; x64; rv:123.0) Gecko/20100101 Firefox/123.0,60,,,,,,,,,,,,,,,,,,,,,,,,,,,,,,,,,,,,,,media/dnnb.png,5,1,Symb,u,RT,0,0,0,1,8,0,92,0,1,10,99,u,1.082,5,1,u,1,1.082,92,0,92,0,1,,,,,,,,,,,,,
,,,,,,,,,,,,,,,,,326,2,2024-03-12_01h06.14.197,Symbol-E,2020.1.3,Win32,Firefox,Mozilla/5.0 (Windows NT 10.0; Win64; x64; rv:123.0) Gecko/20100101 Firefox/123.0,60,,,,,,,,,,,,,,,,,,,,,,,,,,,,,,,,,,,,,,media/dfnb.png,3,3,Symb,f,RT,0,0,0,1,8,0,93,0,1,10,99,f,0.601,3,1,f,1,0.601,93,0,93,0,1,,,,,,,,,,,,,
,,,,,,,,,,,,,,,,,326,2,2024-03-12_01h06.14.197,Symbol-E,2020.1.3,Win32,Firefox,Mozilla/5.0 (Windows NT 10.0; Win64; x64; rv:123.0) Gecko/20100101 Firefox/123.0,60,,,,,,,,,,,,,,,,,,,,,,,,,,,,,,,,,,,,,,media/dgnb.png,0,0,Symb,a,RT,0,0,0,1,8,0,94,0,1,10,99,a,0.667,0,1,a,1,0.667,94,0,94,0,1,,,,,,,,,,,,,
,,,,,,,,,,,,,,,,,326,2,2024-03-12_01h06.14.197,Symbol-E,2020.1.3,Win32,Firefox,Mozilla/5.0 (Windows NT 10.0; Win64; x64; rv:123.0) Gecko/20100101 Firefox/123.0,60,,,,,,,,,,,,,,,,,,,,,,,,,,,,,,,,,,,,,,media/dinb.png,6,2,Symb,i,RT,0,0,0,1,8,0,95,0,1,10,99,i,0.551,6,1,i,1,0.551,95,0,95,0,1,,,,,,,,,,,,,
,,,,,,,,,,,,,,,,,326,2,2024-03-12_01h06.14.197,Symbol-E,2020.1.3,Win32,Firefox,Mozilla/5.0 (Windows NT 10.0; Win64; x64; rv:123.0) Gecko/20100101 Firefox/123.0,60,,,,,,,,,,,,,,,,,,,,,,,,,,,,,,,,,,,,,,,,,,,,,,,,,,,,,,,,,,,,,,,,,,,9,0,9,0,1,,,,,,,,
,,,,,,,,,,,,,,,,,326,2,2024-03-12_01h06.14.197,Symbol-E,2020.1.3,Win32,Firefox,Mozilla/5.0 (Windows NT 10.0; Win64; x64; rv:123.0) Gecko/20100101 Firefox/123.0,60,,,,,,,,,,,,,,,,,,,,,,,,,,,,,,,,,,,,l,1.982,media/dmnb.png,1,1,Symb,w,RT,0,0,0,1,8,0,0,0,1,11,99,w,0.497,1,1,w,1,0.497,0,0,0,0,1,,,,,,,,,,,,,
,,,,,,,,,,,,,,,,,326,2,2024-03-12_01h06.14.197,Symbol-E,2020.1.3,Win32,Firefox,Mozilla/5.0 (Windows NT 10.0; Win64; x64; rv:123.0) Gecko/20100101 Firefox/123.0,60,,,,,,,,,,,,,,,,,,,,,,,,,,,,,,,,,,,,,,media/dgnb.png,0,0,Symb,a,RT,0,0,0,1,8,0,1,0,1,11,99,a,0.534,0,1,a,1,0.534,1,0,1,0,1,,,,,,,,,,,,,
,,,,,,,,,,,,,,,,,326,2,2024-03-12_01h06.14.197,Symbol-E,2020.1.3,Win32,Firefox,Mozilla/5.0 (Windows NT 10.0; Win64; x64; rv:123.0) Gecko/20100101 Firefox/123.0,60,,,,,,,,,,,,,,,,,,,,,,,,,,,,,,,,,,,,,,media/dfnb.png,3,3,Symb,f,RT,0,0,0,1,8,0,2,0,1,11,99,f,0.58,3,1,f,1,0.58,2,0,2,0,1,,,,,,,,,,,,,
,,,,,,,,,,,,,,,,,326,2,2024-03-12_01h06.14.197,Symbol-E,2020.1.3,Win32,Firefox,Mozilla/5.0 (Windows NT 10.0; Win64; x64; rv:123.0) Gecko/20100101 Firefox/123.0,60,,,,,,,,,,,,,,,,,,,,,,,,,,,,,,,,,,,,,,media/dfnb.png,3,3,Symb,f,RT,0,0,0,1,8,0,3,0,1,11,99,f,0.404,3,1,f,1,0.404,3,0,3,0,1,,,,,,,,,,,,,
,,,,,,,,,,,,,,,,,326,2,2024-03-12_01h06.14.197,Symbol-E,2020.1.3,Win32,Firefox,Mozilla/5.0 (Windows NT 10.0; Win64; x64; rv:123.0) Gecko/20100101 Firefox/123.0,60,,,,,,,,,,,,,,,,,,,,,,,,,,,,,,,,,,,,,,media/ddnb.png,7,3,Symb,l,RT,0,0,0,1,8,0,4,0,1,11,99,l,0.499,7,1,l,1,0.499,4,0,4,0,1,,,,,,,,,,,,,
,,,,,,,,,,,,,,,,,326,2,2024-03-12_01h06.14.197,Symbol-E,2020.1.3,Win32,Firefox,Mozilla/5.0 (Windows NT 10.0; Win64; x64; rv:123.0) Gecko/20100101 Firefox/123.0,60,,,,,,,,,,,,,,,,,,,,,,,,,,,,,,,,,,,,,,media/dnnb.png,5,1,Symb,u,RT,0,0,0,1,8,0,5,0,1,11,99,u,0.534,5,1,u,1,0.534,5,0,5,0,1,,,,,,,,,,,,,
,,,,,,,,,,,,,,,,,326,2,2024-03-12_01h06.14.197,Symbol-E,2020.1.3,Win32,Firefox,Mozilla/5.0 (Windows NT 10.0; Win64; x64; rv:123.0) Gecko/20100101 Firefox/123.0,60,,,,,,,,,,,,,,,,,,,,,,,,,,,,,,,,,,,,,,media/dgnb.png,0,0,Symb,a,RT,0,0,0,1,8,0,6,0,1,11,99,a,0.581,0,1,a,1,0.581,6,0,6,0,1,,,,,,,,,,,,,
,,,,,,,,,,,,,,,,,326,2,2024-03-12_01h06.14.197,Symbol-E,2020.1.3,Win32,Firefox,Mozilla/5.0 (Windows NT 10.0; Win64; x64; rv:123.0) Gecko/20100101 Firefox/123.0,60,,,,,,,,,,,,,,,,,,,,,,,,,,,,,,,,,,,,,,media/ddnb.png,7,3,Symb,l,RT,0,0,0,1,8,0,7,0,1,11,99,l,0.564,7,1,l,1,0.564,7,0,7,0,1,,,,,,,,,,,,,
,,,,,,,,,,,,,,,,,326,2,2024-03-12_01h06.14.197,Symbol-E,2020.1.3,Win32,Firefox,Mozilla/5.0 (Windows NT 10.0; Win64; x64; rv:123.0) Gecko/20100101 Firefox/123.0,60,,,,,,,,,,,,,,,,,,,,,,,,,,,,,,,,,,,,,,media/djnb.png,4,0,Symb,h,RT,0,0,0,1,8,0,8,0,1,11,99,h,0.589,4,1,h,1,0.589,8,0,8,0,1,,,,,,,,,,,,,
,,,,,,,,,,,,,,,,,326,2,2024-03-12_01h06.14.197,Symbol-E,2020.1.3,Win32,Firefox,Mozilla/5.0 (Windows NT 10.0; Win64; x64; rv:123.0) Gecko/20100101 Firefox/123.0,60,,,,,,,,,,,,,,,,,,,,,,,,,,,,,,,,,,,,,,media/dmnb.png,1,1,Symb,w,RT,0,0,0,1,8,0,9,0,1,11,99,w,0.518,1,1,w,1,0.518,9,0,9,0,1,,,,,,,,,,,,,
,,,,,,,,,,,,,,,,,326,2,2024-03-12_01h06.14.197,Symbol-E,2020.1.3,Win32,Firefox,Mozilla/5.0 (Windows NT 10.0; Win64; x64; rv:123.0) Gecko/20100101 Firefox/123.0,60,,,,,,,,,,,,,,,,,,,,,,,,,,,,,,,,,,,,,,media/dinb.png,6,2,Symb,i,RT,0,0,0,1,8,0,10,0,1,11,99,i,0.517,6,1,i,1,0.517,10,0,10,0,1,,,,,,,,,,,,,
,,,,,,,,,,,,,,,,,326,2,2024-03-12_01h06.14.197,Symbol-E,2020.1.3,Win32,Firefox,Mozilla/5.0 (Windows NT 10.0; Win64; x64; rv:123.0) Gecko/20100101 Firefox/123.0,60,,,,,,,,,,,,,,,,,,,,,,,,,,,,,,,,,,,,,,media/dnnb.png,5,1,Symb,u,RT,0,0,0,1,8,0,11,0,1,11,99,u,0.546,5,1,u,1,0.546,11,0,11,0,1,,,,,,,,,,,,,
,,,,,,,,,,,,,,,,,326,2,2024-03-12_01h06.14.197,Symbol-E,2020.1.3,Win32,Firefox,Mozilla/5.0 (Windows NT 10.0; Win64; x64; rv:123.0) Gecko/20100101 Firefox/123.0,60,,,,,,,,,,,,,,,,,,,,,,,,,,,,,,,,,,,,,,media/dcnb.png,2,2,Symb,e,RT,0,0,0,1,8,0,12,0,1,11,99,e,0.504,2,1,e,1,0.504,12,0,12,0,1,,,,,,,,,,,,,
,,,,,,,,,,,,,,,,,326,2,2024-03-12_01h06.14.197,Symbol-E,2020.1.3,Win32,Firefox,Mozilla/5.0 (Windows NT 10.0; Win64; x64; rv:123.0) Gecko/20100101 Firefox/123.0,60,,,,,,,,,,,,,,,,,,,,,,,,,,,,,,,,,,,,,,media/dinb.png,6,2,Symb,i,RT,0,0,0,1,8,0,13,0,1,11,99,i,0.969,6,1,i,1,0.969,13,0,13,0,1,,,,,,,,,,,,,
,,,,,,,,,,,,,,,,,326,2,2024-03-12_01h06.14.197,Symbol-E,2020.1.3,Win32,Firefox,Mozilla/5.0 (Windows NT 10.0; Win64; x64; rv:123.0) Gecko/20100101 Firefox/123.0,60,,,,,,,,,,,,,,,,,,,,,,,,,,,,,,,,,,,,,,media/djnb.png,4,0,Symb,h,RT,0,0,0,1,8,0,14,0,1,11,99,h,0.669,4,1,h,1,0.669,14,0,14,0,1,,,,,,,,,,,,,
,,,,,,,,,,,,,,,,,326,2,2024-03-12_01h06.14.197,Symbol-E,2020.1.3,Win32,Firefox,Mozilla/5.0 (Windows NT 10.0; Win64; x64; rv:123.0) Gecko/20100101 Firefox/123.0,60,,,,,,,,,,,,,,,,,,,,,,,,,,,,,,,,,,,,,,media/dcnb.png,2,2,Symb,e,RT,0,0,0,1,8,0,15,0,1,11,99,e,0.619,2,1,e,1,0.619,15,0,15,0,1,,,,,,,,,,,,,
,,,,,,,,,,,,,,,,,326,2,2024-03-12_01h06.14.197,Symbol-E,2020.1.3,Win32,Firefox,Mozilla/5.0 (Windows NT 10.0; Win64; x64; rv:123.0) Gecko/20100101 Firefox/123.0,60,,,,,,,,,,,,,,,,,,,,,,,,,,,,,,,,,,,,,,media/dnnb.png,5,1,Symb,u,RT,0,0,0,1,8,0,16,0,1,11,99,u,0.561,5,1,u,1,0.561,16,0,16,0,1,,,,,,,,,,,,,
,,,,,,,,,,,,,,,,,326,2,2024-03-12_01h06.14.197,Symbol-E,2020.1.3,Win32,Firefox,Mozilla/5.0 (Windows NT 10.0; Win64; x64; rv:123.0) Gecko/20100101 Firefox/123.0,60,,,,,,,,,,,,,,,,,,,,,,,,,,,,,,,,,,,,,,media/ddnb.png,7,3,Symb,l,RT,0,0,0,1,8,0,17,0,1,11,99,l,0.537,7,1,l,1,0.537,17,0,17,0,1,,,,,,,,,,,,,
,,,,,,,,,,,,,,,,,326,2,2024-03-12_01h06.14.197,Symbol-E,2020.1.3,Win32,Firefox,Mozilla/5.0 (Windows NT 10.0; Win64; x64; rv:123.0) Gecko/20100101 Firefox/123.0,60,,,,,,,,,,,,,,,,,,,,,,,,,,,,,,,,,,,,,,media/dmnb.png,1,1,Symb,w,RT,0,0,0,1,8,0,18,0,1,11,99,w,0.499,1,1,w,1,0.499,18,0,18,0,1,,,,,,,,,,,,,
,,,,,,,,,,,,,,,,,326,2,2024-03-12_01h06.14.197,Symbol-E,2020.1.3,Win32,Firefox,Mozilla/5.0 (Windows NT 10.0; Win64; x64; rv:123.0) Gecko/20100101 Firefox/123.0,60,,,,,,,,,,,,,,,,,,,,,,,,,,,,,,,,,,,,,,media/dgnb.png,0,0,Symb,a,RT,0,0,0,1,8,0,19,0,1,11,99,a,0.534,0,1,a,1,0.534,19,0,19,0,1,,,,,,,,,,,,,
,,,,,,,,,,,,,,,,,326,2,2024-03-12_01h06.14.197,Symbol-E,2020.1.3,Win32,Firefox,Mozilla/5.0 (Windows NT 10.0; Win64; x64; rv:123.0) Gecko/20100101 Firefox/123.0,60,,,,,,,,,,,,,,,,,,,,,,,,,,,,,,,,,,,,,,media/dnnb.png,5,1,Symb,u,RT,0,0,0,1,8,0,20,0,1,11,99,i,0.551,6,0,i,0,0.551,20,0,20,0,1,,,,,,,,,,,,,
,,,,,,,,,,,,,,,,,326,2,2024-03-12_01h06.14.197,Symbol-E,2020.1.3,Win32,Firefox,Mozilla/5.0 (Windows NT 10.0; Win64; x64; rv:123.0) Gecko/20100101 Firefox/123.0,60,,,,,,,,,,,,,,,,,,,,,,,,,,,,,,,,,,,,,,media/dinb.png,6,2,Symb,i,RT,0,0,0,1,8,0,21,0,1,11,99,i,0.367,6,1,i,1,0.367,21,0,21,0,1,,,,,,,,,,,,,
,,,,,,,,,,,,,,,,,326,2,2024-03-12_01h06.14.197,Symbol-E,2020.1.3,Win32,Firefox,Mozilla/5.0 (Windows NT 10.0; Win64; x64; rv:123.0) Gecko/20100101 Firefox/123.0,60,,,,,,,,,,,,,,,,,,,,,,,,,,,,,,,,,,,,,,media/dgnb.png,0,0,Symb,a,RT,0,0,0,1,8,0,22,0,1,11,99,a,0.818,0,1,a,1,0.818,22,0,22,0,1,,,,,,,,,,,,,
,,,,,,,,,,,,,,,,,326,2,2024-03-12_01h06.14.197,Symbol-E,2020.1.3,Win32,Firefox,Mozilla/5.0 (Windows NT 10.0; Win64; x64; rv:123.0) Gecko/20100101 Firefox/123.0,60,,,,,,,,,,,,,,,,,,,,,,,,,,,,,,,,,,,,,,media/dmnb.png,1,1,Symb,w,RT,0,0,0,1,8,0,23,0,1,11,99,w,0.581,1,1,w,1,0.581,23,0,23,0,1,,,,,,,,,,,,,
,,,,,,,,,,,,,,,,,326,2,2024-03-12_01h06.14.197,Symbol-E,2020.1.3,Win32,Firefox,Mozilla/5.0 (Windows NT 10.0; Win64; x64; rv:123.0) Gecko/20100101 Firefox/123.0,60,,,,,,,,,,,,,,,,,,,,,,,,,,,,,,,,,,,,,,media/ddnb.png,7,3,Symb,l,RT,0,0,0,1,8,0,24,0,1,11,99,l,0.58,7,1,l,1,0.58,24,0,24,0,1,,,,,,,,,,,,,
,,,,,,,,,,,,,,,,,326,2,2024-03-12_01h06.14.197,Symbol-E,2020.1.3,Win32,Firefox,Mozilla/5.0 (Windows NT 10.0; Win64; x64; rv:123.0) Gecko/20100101 Firefox/123.0,60,,,,,,,,,,,,,,,,,,,,,,,,,,,,,,,,,,,,,,media/djnb.png,4,0,Symb,h,RT,0,0,0,1,8,0,25,0,1,11,99,h,0.6,4,1,h,1,0.6,25,0,25,0,1,,,,,,,,,,,,,
,,,,,,,,,,,,,,,,,326,2,2024-03-12_01h06.14.197,Symbol-E,2020.1.3,Win32,Firefox,Mozilla/5.0 (Windows NT 10.0; Win64; x64; rv:123.0) Gecko/20100101 Firefox/123.0,60,,,,,,,,,,,,,,,,,,,,,,,,,,,,,,,,,,,,,,media/dfnb.png,3,3,Symb,f,RT,0,0,0,1,8,0,26,0,1,11,99,f,0.516,3,1,f,1,0.516,26,0,26,0,1,,,,,,,,,,,,,
,,,,,,,,,,,,,,,,,326,2,2024-03-12_01h06.14.197,Symbol-E,2020.1.3,Win32,Firefox,Mozilla/5.0 (Windows NT 10.0; Win64; x64; rv:123.0) Gecko/20100101 Firefox/123.0,60,,,,,,,,,,,,,,,,,,,,,,,,,,,,,,,,,,,,,,media/dcnb.png,2,2,Symb,e,RT,0,0,0,1,8,0,27,0,1,11,99,e,0.551,2,1,e,1,0.551,27,0,27,0,1,,,,,,,,,,,,,
,,,,,,,,,,,,,,,,,326,2,2024-03-12_01h06.14.197,Symbol-E,2020.1.3,Win32,Firefox,Mozilla/5.0 (Windows NT 10.0; Win64; x64; rv:123.0) Gecko/20100101 Firefox/123.0,60,,,,,,,,,,,,,,,,,,,,,,,,,,,,,,,,,,,,,,media/dcnb.png,2,2,Symb,e,RT,0,0,0,1,8,0,28,0,1,11,99,f,0.5,3,0,f,0,0.5,28,0,28,0,1,,,,,,,,,,,,,
,,,,,,,,,,,,,,,,,326,2,2024-03-12_01h06.14.197,Symbol-E,2020.1.3,Win32,Firefox,Mozilla/5.0 (Windows NT 10.0; Win64; x64; rv:123.0) Gecko/20100101 Firefox/123.0,60,,,,,,,,,,,,,,,,,,,,,,,,,,,,,,,,,,,,,,media/djnb.png,4,0,Symb,h,RT,0,0,0,1,8,0,29,0,1,11,99,h,0.666,4,1,h,1,0.666,29,0,29,0,1,,,,,,,,,,,,,
,,,,,,,,,,,,,,,,,326,2,2024-03-12_01h06.14.197,Symbol-E,2020.1.3,Win32,Firefox,Mozilla/5.0 (Windows NT 10.0; Win64; x64; rv:123.0) Gecko/20100101 Firefox/123.0,60,,,,,,,,,,,,,,,,,,,,,,,,,,,,,,,,,,,,,,media/dinb.png,6,2,Symb,i,RT,0,0,0,1,8,0,30,0,1,11,99,i,0.499,6,1,i,1,0.499,30,0,30,0,1,,,,,,,,,,,,,
,,,,,,,,,,,,,,,,,326,2,2024-03-12_01h06.14.197,Symbol-E,2020.1.3,Win32,Firefox,Mozilla/5.0 (Windows NT 10.0; Win64; x64; rv:123.0) Gecko/20100101 Firefox/123.0,60,,,,,,,,,,,,,,,,,,,,,,,,,,,,,,,,,,,,,,media/dfnb.png,3,3,Symb,f,RT,0,0,0,1,8,0,31,0,1,11,99,f,0.502,3,1,f,1,0.502,31,0,31,0,1,,,,,,,,,,,,,
,,,,,,,,,,,,,,,,,326,2,2024-03-12_01h06.14.197,Symbol-E,2020.1.3,Win32,Firefox,Mozilla/5.0 (Windows NT 10.0; Win64; x64; rv:123.0) Gecko/20100101 Firefox/123.0,60,,,,,,,,,,,,,,,,,,,,,,,,,,,,,,,,,,,,,,media/dnnb.png,5,1,Symb,u,RT,0,0,0,1,8,0,32,0,1,11,99,u,0.583,5,1,u,1,0.583,32,0,32,0,1,,,,,,,,,,,,,
,,,,,,,,,,,,,,,,,326,2,2024-03-12_01h06.14.197,Symbol-E,2020.1.3,Win32,Firefox,Mozilla/5.0 (Windows NT 10.0; Win64; x64; rv:123.0) Gecko/20100101 Firefox/123.0,60,,,,,,,,,,,,,,,,,,,,,,,,,,,,,,,,,,,,,,media/dgnb.png,0,0,Symb,a,RT,0,0,0,1,8,0,33,0,1,11,99,a,0.617,0,1,a,1,0.617,33,0,33,0,1,,,,,,,,,,,,,
,,,,,,,,,,,,,,,,,326,2,2024-03-12_01h06.14.197,Symbol-E,2020.1.3,Win32,Firefox,Mozilla/5.0 (Windows NT 10.0; Win64; x64; rv:123.0) Gecko/20100101 Firefox/123.0,60,,,,,,,,,,,,,,,,,,,,,,,,,,,,,,,,,,,,,,media/dcnb.png,2,2,Symb,e,RT,0,0,0,1,8,0,34,0,1,11,99,e,0.632,2,1,e,1,0.632,34,0,34,0,1,,,,,,,,,,,,,
,,,,,,,,,,,,,,,,,326,2,2024-03-12_01h06.14.197,Symbol-E,2020.1.3,Win32,Firefox,Mozilla/5.0 (Windows NT 10.0; Win64; x64; rv:123.0) Gecko/20100101 Firefox/123.0,60,,,,,,,,,,,,,,,,,,,,,,,,,,,,,,,,,,,,,,media/dinb.png,6,2,Symb,i,RT,0,0,0,1,8,0,35,0,1,11,99,i,0.538,6,1,i,1,0.538,35,0,35,0,1,,,,,,,,,,,,,
,,,,,,,,,,,,,,,,,326,2,2024-03-12_01h06.14.197,Symbol-E,2020.1.3,Win32,Firefox,Mozilla/5.0 (Windows NT 10.0; Win64; x64; rv:123.0) Gecko/20100101 Firefox/123.0,60,,,,,,,,,,,,,,,,,,,,,,,,,,,,,,,,,,,,,,media/dcnb.png,2,2,Symb,e,RT,0,0,0,1,8,0,36,0,1,11,99,e,0.648,2,1,e,1,0.648,36,0,36,0,1,,,,,,,,,,,,,
,,,,,,,,,,,,,,,,,326,2,2024-03-12_01h06.14.197,Symbol-E,2020.1.3,Win32,Firefox,Mozilla/5.0 (Windows NT 10.0; Win64; x64; rv:123.0) Gecko/20100101 Firefox/123.0,60,,,,,,,,,,,,,,,,,,,,,,,,,,,,,,,,,,,,,,media/ddnb.png,7,3,Symb,l,RT,0,0,0,1,8,0,37,0,1,11,99,l,0.615,7,1,l,1,0.615,37,0,37,0,1,,,,,,,,,,,,,
,,,,,,,,,,,,,,,,,326,2,2024-03-12_01h06.14.197,Symbol-E,2020.1.3,Win32,Firefox,Mozilla/5.0 (Windows NT 10.0; Win64; x64; rv:123.0) Gecko/20100101 Firefox/123.0,60,,,,,,,,,,,,,,,,,,,,,,,,,,,,,,,,,,,,,,media/ddnb.png,7,3,Symb,l,RT,0,0,0,1,8,0,38,0,1,11,99,l,0.433,7,1,l,1,0.433,38,0,38,0,1,,,,,,,,,,,,,
,,,,,,,,,,,,,,,,,326,2,2024-03-12_01h06.14.197,Symbol-E,2020.1.3,Win32,Firefox,Mozilla/5.0 (Windows NT 10.0; Win64; x64; rv:123.0) Gecko/20100101 Firefox/123.0,60,,,,,,,,,,,,,,,,,,,,,,,,,,,,,,,,,,,,,,media/dmnb.png,1,1,Symb,w,RT,0,0,0,1,8,0,39,0,1,11,99,w,0.584,1,1,w,1,0.584,39,0,39,0,1,,,,,,,,,,,,,
,,,,,,,,,,,,,,,,,326,2,2024-03-12_01h06.14.197,Symbol-E,2020.1.3,Win32,Firefox,Mozilla/5.0 (Windows NT 10.0; Win64; x64; rv:123.0) Gecko/20100101 Firefox/123.0,60,,,,,,,,,,,,,,,,,,,,,,,,,,,,,,,,,,,,,,media/dgnb.png,0,0,Symb,a,RT,0,0,0,1,8,0,40,0,1,11,99,a,0.571,0,1,a,1,0.571,40,0,40,0,1,,,,,,,,,,,,,
,,,,,,,,,,,,,,,,,326,2,2024-03-12_01h06.14.197,Symbol-E,2020.1.3,Win32,Firefox,Mozilla/5.0 (Windows NT 10.0; Win64; x64; rv:123.0) Gecko/20100101 Firefox/123.0,60,,,,,,,,,,,,,,,,,,,,,,,,,,,,,,,,,,,,,,media/dnnb.png,5,1,Symb,u,RT,0,0,0,1,8,0,41,0,1,11,99,u,0.55,5,1,u,1,0.55,41,0,41,0,1,,,,,,,,,,,,,
,,,,,,,,,,,,,,,,,326,2,2024-03-12_01h06.14.197,Symbol-E,2020.1.3,Win32,Firefox,Mozilla/5.0 (Windows NT 10.0; Win64; x64; rv:123.0) Gecko/20100101 Firefox/123.0,60,,,,,,,,,,,,,,,,,,,,,,,,,,,,,,,,,,,,,,media/djnb.png,4,0,Symb,h,RT,0,0,0,1,8,0,42,0,1,11,99,h,0.656,4,1,h,1,0.656,42,0,42,0,1,,,,,,,,,,,,,
,,,,,,,,,,,,,,,,,326,2,2024-03-12_01h06.14.197,Symbol-E,2020.1.3,Win32,Firefox,Mozilla/5.0 (Windows NT 10.0; Win64; x64; rv:123.0) Gecko/20100101 Firefox/123.0,60,,,,,,,,,,,,,,,,,,,,,,,,,,,,,,,,,,,,,,media/dmnb.png,1,1,Symb,w,RT,0,0,0,1,8,0,43,0,1,11,99,w,0.581,1,1,w,1,0.581,43,0,43,0,1,,,,,,,,,,,,,
,,,,,,,,,,,,,,,,,326,2,2024-03-12_01h06.14.197,Symbol-E,2020.1.3,Win32,Firefox,Mozilla/5.0 (Windows NT 10.0; Win64; x64; rv:123.0) Gecko/20100101 Firefox/123.0,60,,,,,,,,,,,,,,,,,,,,,,,,,,,,,,,,,,,,,,media/dfnb.png,3,3,Symb,f,RT,0,0,0,1,8,0,44,0,1,11,99,f,0.604,3,1,f,1,0.604,44,0,44,0,1,,,,,,,,,,,,,
,,,,,,,,,,,,,,,,,326,2,2024-03-12_01h06.14.197,Symbol-E,2020.1.3,Win32,Firefox,Mozilla/5.0 (Windows NT 10.0; Win64; x64; rv:123.0) Gecko/20100101 Firefox/123.0,60,,,,,,,,,,,,,,,,,,,,,,,,,,,,,,,,,,,,,,media/dinb.png,6,2,Symb,i,RT,0,0,0,1,8,0,45,0,1,11,99,i,2.22,6,1,i,1,2.22,45,0,45,0,1,,,,,,,,,,,,,
,,,,,,,,,,,,,,,,,326,2,2024-03-12_01h06.14.197,Symbol-E,2020.1.3,Win32,Firefox,Mozilla/5.0 (Windows NT 10.0; Win64; x64; rv:123.0) Gecko/20100101 Firefox/123.0,60,,,,,,,,,,,,,,,,,,,,,,,,,,,,,,,,,,,,,,media/dfnb.png,3,3,Symb,f,RT,0,0,0,1,8,0,46,0,1,11,99,f,0.53,3,1,f,1,0.53,46,0,46,0,1,,,,,,,,,,,,,
,,,,,,,,,,,,,,,,,326,2,2024-03-12_01h06.14.197,Symbol-E,2020.1.3,Win32,Firefox,Mozilla/5.0 (Windows NT 10.0; Win64; x64; rv:123.0) Gecko/20100101 Firefox/123.0,60,,,,,,,,,,,,,,,,,,,,,,,,,,,,,,,,,,,,,,media/djnb.png,4,0,Symb,h,RT,0,0,0,1,8,0,47,0,1,11,99,h,1.283,4,1,h,1,1.283,47,0,47,0,1,,,,,,,,,,,,,
,,,,,,,,,,,,,,,,,326,2,2024-03-12_01h06.14.197,Symbol-E,2020.1.3,Win32,Firefox,Mozilla/5.0 (Windows NT 10.0; Win64; x64; rv:123.0) Gecko/20100101 Firefox/123.0,60,,,,,,,,,,,,,,,,,,,,,,,,,,,,,,,,,,,,,,media/dnnb.png,5,1,Symb,u,RT,0,0,0,1,8,0,48,0,1,11,99,u,0.67,5,1,u,1,0.67,48,0,48,0,1,,,,,,,,,,,,,
,,,,,,,,,,,,,,,,,326,2,2024-03-12_01h06.14.197,Symbol-E,2020.1.3,Win32,Firefox,Mozilla/5.0 (Windows NT 10.0; Win64; x64; rv:123.0) Gecko/20100101 Firefox/123.0,60,,,,,,,,,,,,,,,,,,,,,,,,,,,,,,,,,,,,,,media/dfnb.png,3,3,Symb,f,RT,0,0,0,1,8,0,49,0,1,11,99,f,2.187,3,1,f,1,2.187,49,0,49,0,1,,,,,,,,,,,,,
,,,,,,,,,,,,,,,,,326,2,2024-03-12_01h06.14.197,Symbol-E,2020.1.3,Win32,Firefox,Mozilla/5.0 (Windows NT 10.0; Win64; x64; rv:123.0) Gecko/20100101 Firefox/123.0,60,,,,,,,,,,,,,,,,,,,,,,,,,,,,,,,,,,,,,,media/ddnb.png,7,3,Symb,l,RT,0,0,0,1,8,0,50,0,1,11,99,i,0.534,6,0,i,0,0.534,50,0,50,0,1,,,,,,,,,,,,,
,,,,,,,,,,,,,,,,,326,2,2024-03-12_01h06.14.197,Symbol-E,2020.1.3,Win32,Firefox,Mozilla/5.0 (Windows NT 10.0; Win64; x64; rv:123.0) Gecko/20100101 Firefox/123.0,60,,,,,,,,,,,,,,,,,,,,,,,,,,,,,,,,,,,,,,media/dgnb.png,0,0,Symb,a,RT,0,0,0,1,8,0,51,0,1,11,99,a,0.569,0,1,a,1,0.569,51,0,51,0,1,,,,,,,,,,,,,
,,,,,,,,,,,,,,,,,326,2,2024-03-12_01h06.14.197,Symbol-E,2020.1.3,Win32,Firefox,Mozilla/5.0 (Windows NT 10.0; Win64; x64; rv:123.0) Gecko/20100101 Firefox/123.0,60,,,,,,,,,,,,,,,,,,,,,,,,,,,,,,,,,,,,,,media/dinb.png,6,2,Symb,i,RT,0,0,0,1,8,0,52,0,1,11,99,i,0.518,6,1,i,1,0.518,52,0,52,0,1,,,,,,,,,,,,,
,,,,,,,,,,,,,,,,,326,2,2024-03-12_01h06.14.197,Symbol-E,2020.1.3,Win32,Firefox,Mozilla/5.0 (Windows NT 10.0; Win64; x64; rv:123.0) Gecko/20100101 Firefox/123.0,60,,,,,,,,,,,,,,,,,,,,,,,,,,,,,,,,,,,,,,media/dcnb.png,2,2,Symb,e,RT,0,0,0,1,8,0,53,0,1,11,99,e,0.582,2,1,e,1,0.582,53,0,53,0,1,,,,,,,,,,,,,
,,,,,,,,,,,,,,,,,326,2,2024-03-12_01h06.14.197,Symbol-E,2020.1.3,Win32,Firefox,Mozilla/5.0 (Windows NT 10.0; Win64; x64; rv:123.0) Gecko/20100101 Firefox/123.0,60,,,,,,,,,,,,,,,,,,,,,,,,,,,,,,,,,,,,,,media/dinb.png,6,2,Symb,i,RT,0,0,0,1,8,0,54,0,1,11,99,i,0.5,6,1,i,1,0.5,54,0,54,0,1,,,,,,,,,,,,,
,,,,,,,,,,,,,,,,,326,2,2024-03-12_01h06.14.197,Symbol-E,2020.1.3,Win32,Firefox,Mozilla/5.0 (Windows NT 10.0; Win64; x64; rv:123.0) Gecko/20100101 Firefox/123.0,60,,,,,,,,,,,,,,,,,,,,,,,,,,,,,,,,,,,,,,media/djnb.png,4,0,Symb,h,RT,0,0,0,1,8,0,55,0,1,11,99,h,0.563,4,1,h,1,0.563,55,0,55,0,1,,,,,,,,,,,,,
,,,,,,,,,,,,,,,,,326,2,2024-03-12_01h06.14.197,Symbol-E,2020.1.3,Win32,Firefox,Mozilla/5.0 (Windows NT 10.0; Win64; x64; rv:123.0) Gecko/20100101 Firefox/123.0,60,,,,,,,,,,,,,,,,,,,,,,,,,,,,,,,,,,,,,,media/dfnb.png,3,3,Symb,f,RT,0,0,0,1,8,0,56,0,1,11,99,f,0.516,3,1,f,1,0.516,56,0,56,0,1,,,,,,,,,,,,,
,,,,,,,,,,,,,,,,,326,2,2024-03-12_01h06.14.197,Symbol-E,2020.1.3,Win32,Firefox,Mozilla/5.0 (Windows NT 10.0; Win64; x64; rv:123.0) Gecko/20100101 Firefox/123.0,60,,,,,,,,,,,,,,,,,,,,,,,,,,,,,,,,,,,,,,media/ddnb.png,7,3,Symb,l,RT,0,0,0,1,8,0,57,0,1,11,99,l,0.536,7,1,l,1,0.536,57,0,57,0,1,,,,,,,,,,,,,
,,,,,,,,,,,,,,,,,326,2,2024-03-12_01h06.14.197,Symbol-E,2020.1.3,Win32,Firefox,Mozilla/5.0 (Windows NT 10.0; Win64; x64; rv:123.0) Gecko/20100101 Firefox/123.0,60,,,,,,,,,,,,,,,,,,,,,,,,,,,,,,,,,,,,,,media/djnb.png,4,0,Symb,h,RT,0,0,0,1,8,0,58,0,1,11,99,i,0.666,6,0,i,0,0.666,58,0,58,0,1,,,,,,,,,,,,,
,,,,,,,,,,,,,,,,,326,2,2024-03-12_01h06.14.197,Symbol-E,2020.1.3,Win32,Firefox,Mozilla/5.0 (Windows NT 10.0; Win64; x64; rv:123.0) Gecko/20100101 Firefox/123.0,60,,,,,,,,,,,,,,,,,,,,,,,,,,,,,,,,,,,,,,media/dcnb.png,2,2,Symb,e,RT,0,0,0,1,8,0,59,0,1,11,99,e,0.934,2,1,e,1,0.934,59,0,59,0,1,,,,,,,,,,,,,
,,,,,,,,,,,,,,,,,326,2,2024-03-12_01h06.14.197,Symbol-E,2020.1.3,Win32,Firefox,Mozilla/5.0 (Windows NT 10.0; Win64; x64; rv:123.0) Gecko/20100101 Firefox/123.0,60,,,,,,,,,,,,,,,,,,,,,,,,,,,,,,,,,,,,,,media/dgnb.png,0,0,Symb,a,RT,0,0,0,1,8,0,60,0,1,11,99,a,0.6,0,1,a,1,0.6,60,0,60,0,1,,,,,,,,,,,,,
,,,,,,,,,,,,,,,,,326,2,2024-03-12_01h06.14.197,Symbol-E,2020.1.3,Win32,Firefox,Mozilla/5.0 (Windows NT 10.0; Win64; x64; rv:123.0) Gecko/20100101 Firefox/123.0,60,,,,,,,,,,,,,,,,,,,,,,,,,,,,,,,,,,,,,,media/dmnb.png,1,1,Symb,w,RT,0,0,0,1,8,0,61,0,1,11,99,w,0.537,1,1,w,1,0.537,61,0,61,0,1,,,,,,,,,,,,,
,,,,,,,,,,,,,,,,,326,2,2024-03-12_01h06.14.197,Symbol-E,2020.1.3,Win32,Firefox,Mozilla/5.0 (Windows NT 10.0; Win64; x64; rv:123.0) Gecko/20100101 Firefox/123.0,60,,,,,,,,,,,,,,,,,,,,,,,,,,,,,,,,,,,,,,media/dnnb.png,5,1,Symb,u,RT,0,0,0,1,8,0,62,0,1,11,99,u,0.6,5,1,u,1,0.6,62,0,62,0,1,,,,,,,,,,,,,
,,,,,,,,,,,,,,,,,326,2,2024-03-12_01h06.14.197,Symbol-E,2020.1.3,Win32,Firefox,Mozilla/5.0 (Windows NT 10.0; Win64; x64; rv:123.0) Gecko/20100101 Firefox/123.0,60,,,,,,,,,,,,,,,,,,,,,,,,,,,,,,,,,,,,,,media/dmnb.png,1,1,Symb,w,RT,0,0,0,1,8,0,63,0,1,11,99,w,0.565,1,1,w,1,0.565,63,0,63,0,1,,,,,,,,,,,,,
,,,,,,,,,,,,,,,,,326,2,2024-03-12_01h06.14.197,Symbol-E,2020.1.3,Win32,Firefox,Mozilla/5.0 (Windows NT 10.0; Win64; x64; rv:123.0) Gecko/20100101 Firefox/123.0,60,,,,,,,,,,,,,,,,,,,,,,,,,,,,,,,,,,,,,,media/dinb.png,6,2,Symb,i,RT,0,0,0,1,8,0,64,0,1,11,99,i,0.5,6,1,i,1,0.5,64,0,64,0,1,,,,,,,,,,,,,
,,,,,,,,,,,,,,,,,326,2,2024-03-12_01h06.14.197,Symbol-E,2020.1.3,Win32,Firefox,Mozilla/5.0 (Windows NT 10.0; Win64; x64; rv:123.0) Gecko/20100101 Firefox/123.0,60,,,,,,,,,,,,,,,,,,,,,,,,,,,,,,,,,,,,,,media/djnb.png,4,0,Symb,h,RT,0,0,0,1,8,0,65,0,1,11,99,h,0.881,4,1,h,1,0.881,65,0,65,0,1,,,,,,,,,,,,,
,,,,,,,,,,,,,,,,,326,2,2024-03-12_01h06.14.197,Symbol-E,2020.1.3,Win32,Firefox,Mozilla/5.0 (Windows NT 10.0; Win64; x64; rv:123.0) Gecko/20100101 Firefox/123.0,60,,,,,,,,,,,,,,,,,,,,,,,,,,,,,,,,,,,,,,media/ddnb.png,7,3,Symb,l,RT,0,0,0,1,8,0,66,0,1,11,99,l,0.584,7,1,l,1,0.584,66,0,66,0,1,,,,,,,,,,,,,
,,,,,,,,,,,,,,,,,326,2,2024-03-12_01h06.14.197,Symbol-E,2020.1.3,Win32,Firefox,Mozilla/5.0 (Windows NT 10.0; Win64; x64; rv:123.0) Gecko/20100101 Firefox/123.0,60,,,,,,,,,,,,,,,,,,,,,,,,,,,,,,,,,,,,,,media/ddnb.png,7,3,Symb,l,RT,0,0,0,1,8,0,67,0,1,11,99,l,0.535,7,1,l,1,0.535,67,0,67,0,1,,,,,,,,,,,,,
,,,,,,,,,,,,,,,,,326,2,2024-03-12_01h06.14.197,Symbol-E,2020.1.3,Win32,Firefox,Mozilla/5.0 (Windows NT 10.0; Win64; x64; rv:123.0) Gecko/20100101 Firefox/123.0,60,,,,,,,,,,,,,,,,,,,,,,,,,,,,,,,,,,,,,,media/dnnb.png,5,1,Symb,u,RT,0,0,0,1,8,0,68,0,1,11,99,u,0.598,5,1,u,1,0.598,68,0,68,0,1,,,,,,,,,,,,,
,,,,,,,,,,,,,,,,,326,2,2024-03-12_01h06.14.197,Symbol-E,2020.1.3,Win32,Firefox,Mozilla/5.0 (Windows NT 10.0; Win64; x64; rv:123.0) Gecko/20100101 Firefox/123.0,60,,,,,,,,,,,,,,,,,,,,,,,,,,,,,,,,,,,,,,media/dcnb.png,2,2,Symb,e,RT,0,0,0,1,8,0,69,0,1,11,99,e,0.567,2,1,e,1,0.567,69,0,69,0,1,,,,,,,,,,,,,
,,,,,,,,,,,,,,,,,326,2,2024-03-12_01h06.14.197,Symbol-E,2020.1.3,Win32,Firefox,Mozilla/5.0 (Windows NT 10.0; Win64; x64; rv:123.0) Gecko/20100101 Firefox/123.0,60,,,,,,,,,,,,,,,,,,,,,,,,,,,,,,,,,,,,,,media/dmnb.png,1,1,Symb,w,RT,0,0,0,1,8,0,70,0,1,11,99,w,1.248,1,1,w,1,1.248,70,0,70,0,1,,,,,,,,,,,,,
,,,,,,,,,,,,,,,,,326,2,2024-03-12_01h06.14.197,Symbol-E,2020.1.3,Win32,Firefox,Mozilla/5.0 (Windows NT 10.0; Win64; x64; rv:123.0) Gecko/20100101 Firefox/123.0,60,,,,,,,,,,,,,,,,,,,,,,,,,,,,,,,,,,,,,,media/dgnb.png,0,0,Symb,a,RT,0,0,0,1,8,0,71,0,1,11,99,a,0.518,0,1,a,1,0.518,71,0,71,0,1,,,,,,,,,,,,,
,,,,,,,,,,,,,,,,,326,2,2024-03-12_01h06.14.197,Symbol-E,2020.1.3,Win32,Firefox,Mozilla/5.0 (Windows NT 10.0; Win64; x64; rv:123.0) Gecko/20100101 Firefox/123.0,60,,,,,,,,,,,,,,,,,,,,,,,,,,,,,,,,,,,,,,media/djnb.png,4,0,Symb,h,RT,0,0,0,1,8,0,72,0,1,11,99,h,0.649,4,1,h,1,0.649,72,0,72,0,1,,,,,,,,,,,,,
,,,,,,,,,,,,,,,,,326,2,2024-03-12_01h06.14.197,Symbol-E,2020.1.3,Win32,Firefox,Mozilla/5.0 (Windows NT 10.0; Win64; x64; rv:123.0) Gecko/20100101 Firefox/123.0,60,,,,,,,,,,,,,,,,,,,,,,,,,,,,,,,,,,,,,,media/dgnb.png,0,0,Symb,a,RT,0,0,0,1,8,0,73,0,1,11,99,a,0.548,0,1,a,1,0.548,73,0,73,0,1,,,,,,,,,,,,,
,,,,,,,,,,,,,,,,,326,2,2024-03-12_01h06.14.197,Symbol-E,2020.1.3,Win32,Firefox,Mozilla/5.0 (Windows NT 10.0; Win64; x64; rv:123.0) Gecko/20100101 Firefox/123.0,60,,,,,,,,,,,,,,,,,,,,,,,,,,,,,,,,,,,,,,media/dmnb.png,1,1,Symb,w,RT,0,0,0,1,8,0,74,0,1,11,99,w,0.521,1,1,w,1,0.521,74,0,74,0,1,,,,,,,,,,,,,
,,,,,,,,,,,,,,,,,326,2,2024-03-12_01h06.14.197,Symbol-E,2020.1.3,Win32,Firefox,Mozilla/5.0 (Windows NT 10.0; Win64; x64; rv:123.0) Gecko/20100101 Firefox/123.0,60,,,,,,,,,,,,,,,,,,,,,,,,,,,,,,,,,,,,,,media/dfnb.png,3,3,Symb,f,RT,0,0,0,1,8,0,75,0,1,11,99,f,0.549,3,1,f,1,0.549,75,0,75,0,1,,,,,,,,,,,,,
,,,,,,,,,,,,,,,,,326,2,2024-03-12_01h06.14.197,Symbol-E,2020.1.3,Win32,Firefox,Mozilla/5.0 (Windows NT 10.0; Win64; x64; rv:123.0) Gecko/20100101 Firefox/123.0,60,,,,,,,,,,,,,,,,,,,,,,,,,,,,,,,,,,,,,,media/dnnb.png,5,1,Symb,u,RT,0,0,0,1,8,0,76,0,1,11,99,w,0.568,1,0,w,0,0.568,76,0,76,0,1,,,,,,,,,,,,,
,,,,,,,,,,,,,,,,,326,2,2024-03-12_01h06.14.197,Symbol-E,2020.1.3,Win32,Firefox,Mozilla/5.0 (Windows NT 10.0; Win64; x64; rv:123.0) Gecko/20100101 Firefox/123.0,60,,,,,,,,,,,,,,,,,,,,,,,,,,,,,,,,,,,,,,media/dinb.png,6,2,Symb,i,RT,0,0,0,1,8,0,77,0,1,11,99,i,0.553,6,1,i,1,0.553,77,0,77,0,1,,,,,,,,,,,,,
,,,,,,,,,,,,,,,,,326,2,2024-03-12_01h06.14.197,Symbol-E,2020.1.3,Win32,Firefox,Mozilla/5.0 (Windows NT 10.0; Win64; x64; rv:123.0) Gecko/20100101 Firefox/123.0,60,,,,,,,,,,,,,,,,,,,,,,,,,,,,,,,,,,,,,,media/dfnb.png,3,3,Symb,f,RT,0,0,0,1,8,0,78,0,1,11,99,f,0.601,3,1,f,1,0.601,78,0,78,0,1,,,,,,,,,,,,,
,,,,,,,,,,,,,,,,,326,2,2024-03-12_01h06.14.197,Symbol-E,2020.1.3,Win32,Firefox,Mozilla/5.0 (Windows NT 10.0; Win64; x64; rv:123.0) Gecko/20100101 Firefox/123.0,60,,,,,,,,,,,,,,,,,,,,,,,,,,,,,,,,,,,,,,media/dcnb.png,2,2,Symb,e,RT,0,0,0,1,8,0,79,0,1,11,99,e,0.551,2,1,e,1,0.551,79,0,79,0,1,,,,,,,,,,,,,
,,,,,,,,,,,,,,,,,326,2,2024-03-12_01h06.14.197,Symbol-E,2020.1.3,Win32,Firefox,Mozilla/5.0 (Windows NT 10.0; Win64; x64; rv:123.0) Gecko/20100101 Firefox/123.0,60,,,,,,,,,,,,,,,,,,,,,,,,,,,,,,,,,,,,,,media/ddnb.png,7,3,Symb,l,RT,0,0,0,1,8,0,80,0,1,11,99,l,0.587,7,1,l,1,0.587,80,0,80,0,1,,,,,,,,,,,,,
,,,,,,,,,,,,,,,,,326,2,2024-03-12_01h06.14.197,Symbol-E,2020.1.3,Win32,Firefox,Mozilla/5.0 (Windows NT 10.0; Win64; x64; rv:123.0) Gecko/20100101 Firefox/123.0,60,,,,,,,,,,,,,,,,,,,,,,,,,,,,,,,,,,,,,,media/dcnb.png,2,2,Symb,e,RT,0,0,0,1,8,0,81,0,1,11,99,e,0.647,2,1,e,1,0.647,81,0,81,0,1,,,,,,,,,,,,,
,,,,,,,,,,,,,,,,,326,2,2024-03-12_01h06.14.197,Symbol-E,2020.1.3,Win32,Firefox,Mozilla/5.0 (Windows NT 10.0; Win64; x64; rv:123.0) Gecko/20100101 Firefox/123.0,60,,,,,,,,,,,,,,,,,,,,,,,,,,,,,,,,,,,,,,media/dgnb.png,0,0,Symb,a,RT,0,0,0,1,8,0,82,0,1,11,99,a,0.655,0,1,a,1,0.655,82,0,82,0,1,,,,,,,,,,,,,
,,,,,,,,,,,,,,,,,326,2,2024-03-12_01h06.14.197,Symbol-E,2020.1.3,Win32,Firefox,Mozilla/5.0 (Windows NT 10.0; Win64; x64; rv:123.0) Gecko/20100101 Firefox/123.0,60,,,,,,,,,,,,,,,,,,,,,,,,,,,,,,,,,,,,,,media/dgnb.png,0,0,Symb,a,RT,0,0,0,1,8,0,83,0,1,11,99,a,0.456,0,1,a,1,0.456,83,0,83,0,1,,,,,,,,,,,,,
,,,,,,,,,,,,,,,,,326,2,2024-03-12_01h06.14.197,Symbol-E,2020.1.3,Win32,Firefox,Mozilla/5.0 (Windows NT 10.0; Win64; x64; rv:123.0) Gecko/20100101 Firefox/123.0,60,,,,,,,,,,,,,,,,,,,,,,,,,,,,,,,,,,,,,,media/dfnb.png,3,3,Symb,f,RT,0,0,0,1,8,0,84,0,1,11,99,f,0.563,3,1,f,1,0.563,84,0,84,0,1,,,,,,,,,,,,,
,,,,,,,,,,,,,,,,,326,2,2024-03-12_01h06.14.197,Symbol-E,2020.1.3,Win32,Firefox,Mozilla/5.0 (Windows NT 10.0; Win64; x64; rv:123.0) Gecko/20100101 Firefox/123.0,60,,,,,,,,,,,,,,,,,,,,,,,,,,,,,,,,,,,,,,media/dcnb.png,2,2,Symb,e,RT,0,0,0,1,8,0,85,0,1,11,99,e,0.572,2,1,e,1,0.572,85,0,85,0,1,,,,,,,,,,,,,
,,,,,,,,,,,,,,,,,326,2,2024-03-12_01h06.14.197,Symbol-E,2020.1.3,Win32,Firefox,Mozilla/5.0 (Windows NT 10.0; Win64; x64; rv:123.0) Gecko/20100101 Firefox/123.0,60,,,,,,,,,,,,,,,,,,,,,,,,,,,,,,,,,,,,,,media/dinb.png,6,2,Symb,i,RT,0,0,0,1,8,0,86,0,1,11,99,i,0.552,6,1,i,1,0.552,86,0,86,0,1,,,,,,,,,,,,,
,,,,,,,,,,,,,,,,,326,2,2024-03-12_01h06.14.197,Symbol-E,2020.1.3,Win32,Firefox,Mozilla/5.0 (Windows NT 10.0; Win64; x64; rv:123.0) Gecko/20100101 Firefox/123.0,60,,,,,,,,,,,,,,,,,,,,,,,,,,,,,,,,,,,,,,media/dinb.png,6,2,Symb,i,RT,0,0,0,1,8,0,87,0,1,11,99,i,0.4,6,1,i,1,0.4,87,0,87,0,1,,,,,,,,,,,,,
,,,,,,,,,,,,,,,,,326,2,2024-03-12_01h06.14.197,Symbol-E,2020.1.3,Win32,Firefox,Mozilla/5.0 (Windows NT 10.0; Win64; x64; rv:123.0) Gecko/20100101 Firefox/123.0,60,,,,,,,,,,,,,,,,,,,,,,,,,,,,,,,,,,,,,,media/dnnb.png,5,1,Symb,u,RT,0,0,0,1,8,0,88,0,1,11,99,u,0.521,5,1,u,1,0.521,88,0,88,0,1,,,,,,,,,,,,,
,,,,,,,,,,,,,,,,,326,2,2024-03-12_01h06.14.197,Symbol-E,2020.1.3,Win32,Firefox,Mozilla/5.0 (Windows NT 10.0; Win64; x64; rv:123.0) Gecko/20100101 Firefox/123.0,60,,,,,,,,,,,,,,,,,,,,,,,,,,,,,,,,,,,,,,media/djnb.png,4,0,Symb,h,RT,0,0,0,1,8,0,89,0,1,11,99,h,0.553,4,1,h,1,0.553,89,0,89,0,1,,,,,,,,,,,,,
,,,,,,,,,,,,,,,,,326,2,2024-03-12_01h06.14.197,Symbol-E,2020.1.3,Win32,Firefox,Mozilla/5.0 (Windows NT 10.0; Win64; x64; rv:123.0) Gecko/20100101 Firefox/123.0,60,,,,,,,,,,,,,,,,,,,,,,,,,,,,,,,,,,,,,,media/dmnb.png,1,1,Symb,w,RT,0,0,0,1,8,0,90,0,1,11,99,w,0.533,1,1,w,1,0.533,90,0,90,0,1,,,,,,,,,,,,,
,,,,,,,,,,,,,,,,,326,2,2024-03-12_01h06.14.197,Symbol-E,2020.1.3,Win32,Firefox,Mozilla/5.0 (Windows NT 10.0; Win64; x64; rv:123.0) Gecko/20100101 Firefox/123.0,60,,,,,,,,,,,,,,,,,,,,,,,,,,,,,,,,,,,,,,media/dnnb.png,5,1,Symb,u,RT,0,0,0,1,8,0,91,0,1,11,99,u,0.651,5,1,u,1,0.651,91,0,91,0,1,,,,,,,,,,,,,
,,,,,,,,,,,,,,,,,326,2,2024-03-12_01h06.14.197,Symbol-E,2020.1.3,Win32,Firefox,Mozilla/5.0 (Windows NT 10.0; Win64; x64; rv:123.0) Gecko/20100101 Firefox/123.0,60,,,,,,,,,,,,,,,,,,,,,,,,,,,,,,,,,,,,,,media/djnb.png,4,0,Symb,h,RT,0,0,0,1,8,0,92,0,1,11,99,h,1.068,4,1,h,1,1.068,92,0,92,0,1,,,,,,,,,,,,,
,,,,,,,,,,,,,,,,,326,2,2024-03-12_01h06.14.197,Symbol-E,2020.1.3,Win32,Firefox,Mozilla/5.0 (Windows NT 10.0; Win64; x64; rv:123.0) Gecko/20100101 Firefox/123.0,60,,,,,,,,,,,,,,,,,,,,,,,,,,,,,,,,,,,,,,media/dfnb.png,3,3,Symb,f,RT,0,0,0,1,8,0,93,0,1,11,99,f,0.54,3,1,f,1,0.54,93,0,93,0,1,,,,,,,,,,,,,
,,,,,,,,,,,,,,,,,326,2,2024-03-12_01h06.14.197,Symbol-E,2020.1.3,Win32,Firefox,Mozilla/5.0 (Windows NT 10.0; Win64; x64; rv:123.0) Gecko/20100101 Firefox/123.0,60,,,,,,,,,,,,,,,,,,,,,,,,,,,,,,,,,,,,,,media/ddnb.png,7,3,Symb,l,RT,0,0,0,1,8,0,94,0,1,11,99,l,0.614,7,1,l,1,0.614,94,0,94,0,1,,,,,,,,,,,,,
,,,,,,,,,,,,,,,,,326,2,2024-03-12_01h06.14.197,Symbol-E,2020.1.3,Win32,Firefox,Mozilla/5.0 (Windows NT 10.0; Win64; x64; rv:123.0) Gecko/20100101 Firefox/123.0,60,,,,,,,,,,,,,,,,,,,,,,,,,,,,,,,,,,,,,,media/dmnb.png,1,1,Symb,w,RT,0,0,0,1,8,0,95,0,1,11,99,w,0.654,1,1,w,1,0.654,95,0,95,0,1,,,,,,,,,,,,,
,,,,,,,,,,,,,,,,,326,2,2024-03-12_01h06.14.197,Symbol-E,2020.1.3,Win32,Firefox,Mozilla/5.0 (Windows NT 10.0; Win64; x64; rv:123.0) Gecko/20100101 Firefox/123.0,60,,,,,,,,,,,,,,,,,,,,,,,,,,,,,,,,,,,,,,,,,,,,,,,,,,,,,,,,,,,,,,,,,,,10,0,10,0,1,,,,,,,,
,,,,,,,,,,,,,,,,,326,2,2024-03-12_01h06.14.197,Symbol-E,2020.1.3,Win32,Firefox,Mozilla/5.0 (Windows NT 10.0; Win64; x64; rv:123.0) Gecko/20100101 Firefox/123.0,60,,,,,,,,,,,,,,,,,,,,,,,,,,,,,,,,,,,,u,3.301,media/djnb.png,4,0,Symb,h,RT,0,0,0,1,8,0,0,0,1,12,99,h,0.567,4,1,h,1,0.567,0,0,0,0,1,,,,,,,,,,,,,
,,,,,,,,,,,,,,,,,326,2,2024-03-12_01h06.14.197,Symbol-E,2020.1.3,Win32,Firefox,Mozilla/5.0 (Windows NT 10.0; Win64; x64; rv:123.0) Gecko/20100101 Firefox/123.0,60,,,,,,,,,,,,,,,,,,,,,,,,,,,,,,,,,,,,,,media/ddnb.png,7,3,Symb,l,RT,0,0,0,1,8,0,1,0,1,12,99,l,0.555,7,1,l,1,0.555,1,0,1,0,1,,,,,,,,,,,,,
,,,,,,,,,,,,,,,,,326,2,2024-03-12_01h06.14.197,Symbol-E,2020.1.3,Win32,Firefox,Mozilla/5.0 (Windows NT 10.0; Win64; x64; rv:123.0) Gecko/20100101 Firefox/123.0,60,,,,,,,,,,,,,,,,,,,,,,,,,,,,,,,,,,,,,,media/dcnb.png,2,2,Symb,e,RT,0,0,0,1,8,0,2,0,1,12,99,e,0.632,2,1,e,1,0.632,2,0,2,0,1,,,,,,,,,,,,,
,,,,,,,,,,,,,,,,,326,2,2024-03-12_01h06.14.197,Symbol-E,2020.1.3,Win32,Firefox,Mozilla/5.0 (Windows NT 10.0; Win64; x64; rv:123.0) Gecko/20100101 Firefox/123.0,60,,,,,,,,,,,,,,,,,,,,,,,,,,,,,,,,,,,,,,media/dnnb.png,5,1,Symb,u,RT,0,0,0,1,8,0,3,0,1,12,99,u,0.585,5,1,u,1,0.585,3,0,3,0,1,,,,,,,,,,,,,
,,,,,,,,,,,,,,,,,326,2,2024-03-12_01h06.14.197,Symbol-E,2020.1.3,Win32,Firefox,Mozilla/5.0 (Windows NT 10.0; Win64; x64; rv:123.0) Gecko/20100101 Firefox/123.0,60,,,,,,,,,,,,,,,,,,,,,,,,,,,,,,,,,,,,,,media/djnb.png,4,0,Symb,h,RT,0,0,0,1,8,0,4,0,1,12,99,h,0.615,4,1,h,1,0.615,4,0,4,0,1,,,,,,,,,,,,,
,,,,,,,,,,,,,,,,,326,2,2024-03-12_01h06.14.197,Symbol-E,2020.1.3,Win32,Firefox,Mozilla/5.0 (Windows NT 10.0; Win64; x64; rv:123.0) Gecko/20100101 Firefox/123.0,60,,,,,,,,,,,,,,,,,,,,,,,,,,,,,,,,,,,,,,media/dinb.png,6,2,Symb,i,RT,0,0,0,1,8,0,5,0,1,12,99,i,0.5,6,1,i,1,0.5,5,0,5,0,1,,,,,,,,,,,,,
,,,,,,,,,,,,,,,,,326,2,2024-03-12_01h06.14.197,Symbol-E,2020.1.3,Win32,Firefox,Mozilla/5.0 (Windows NT 10.0; Win64; x64; rv:123.0) Gecko/20100101 Firefox/123.0,60,,,,,,,,,,,,,,,,,,,,,,,,,,,,,,,,,,,,,,media/dmnb.png,1,1,Symb,w,RT,0,0,0,1,8,0,6,0,1,12,99,w,0.515,1,1,w,1,0.515,6,0,6,0,1,,,,,,,,,,,,,
,,,,,,,,,,,,,,,,,326,2,2024-03-12_01h06.14.197,Symbol-E,2020.1.3,Win32,Firefox,Mozilla/5.0 (Windows NT 10.0; Win64; x64; rv:123.0) Gecko/20100101 Firefox/123.0,60,,,,,,,,,,,,,,,,,,,,,,,,,,,,,,,,,,,,,,media/dnnb.png,5,1,Symb,u,RT,0,0,0,1,8,0,7,0,1,12,99,u,0.749,5,1,u,1,0.749,7,0,7,0,1,,,,,,,,,,,,,
,,,,,,,,,,,,,,,,,326,2,2024-03-12_01h06.14.197,Symbol-E,2020.1.3,Win32,Firefox,Mozilla/5.0 (Windows NT 10.0; Win64; x64; rv:123.0) Gecko/20100101 Firefox/123.0,60,,,,,,,,,,,,,,,,,,,,,,,,,,,,,,,,,,,,,,media/dgnb.png,0,0,Symb,a,RT,0,0,0,1,8,0,8,0,1,12,99,a,0.634,0,1,a,1,0.634,8,0,8,0,1,,,,,,,,,,,,,
,,,,,,,,,,,,,,,,,326,2,2024-03-12_01h06.14.197,Symbol-E,2020.1.3,Win32,Firefox,Mozilla/5.0 (Windows NT 10.0; Win64; x64; rv:123.0) Gecko/20100101 Firefox/123.0,60,,,,,,,,,,,,,,,,,,,,,,,,,,,,,,,,,,,,,,media/ddnb.png,7,3,Symb,l,RT,0,0,0,1,8,0,9,0,1,12,99,l,0.855,7,1,l,1,0.855,9,0,9,0,1,,,,,,,,,,,,,
,,,,,,,,,,,,,,,,,326,2,2024-03-12_01h06.14.197,Symbol-E,2020.1.3,Win32,Firefox,Mozilla/5.0 (Windows NT 10.0; Win64; x64; rv:123.0) Gecko/20100101 Firefox/123.0,60,,,,,,,,,,,,,,,,,,,,,,,,,,,,,,,,,,,,,,media/dmnb.png,1,1,Symb,w,RT,0,0,0,1,8,0,10,0,1,12,99,w,0.584,1,1,w,1,0.584,10,0,10,0,1,,,,,,,,,,,,,
,,,,,,,,,,,,,,,,,326,2,2024-03-12_01h06.14.197,Symbol-E,2020.1.3,Win32,Firefox,Mozilla/5.0 (Windows NT 10.0; Win64; x64; rv:123.0) Gecko/20100101 Firefox/123.0,60,,,,,,,,,,,,,,,,,,,,,,,,,,,,,,,,,,,,,,media/dfnb.png,3,3,Symb,f,RT,0,0,0,1,8,0,11,0,1,12,99,h,0.57,4,0,h,0,0.57,11,0,11,0,1,,,,,,,,,,,,,
,,,,,,,,,,,,,,,,,326,2,2024-03-12_01h06.14.197,Symbol-E,2020.1.3,Win32,Firefox,Mozilla/5.0 (Windows NT 10.0; Win64; x64; rv:123.0) Gecko/20100101 Firefox/123.0,60,,,,,,,,,,,,,,,,,,,,,,,,,,,,,,,,,,,,,,media/dcnb.png,2,2,Symb,e,RT,0,0,0,1,8,0,12,0,1,12,99,e,0.789,2,1,e,1,0.789,12,0,12,0,1,,,,,,,,,,,,,
,,,,,,,,,,,,,,,,,326,2,2024-03-12_01h06.14.197,Symbol-E,2020.1.3,Win32,Firefox,Mozilla/5.0 (Windows NT 10.0; Win64; x64; rv:123.0) Gecko/20100101 Firefox/123.0,60,,,,,,,,,,,,,,,,,,,,,,,,,,,,,,,,,,,,,,media/dfnb.png,3,3,Symb,f,RT,0,0,0,1,8,0,13,0,1,12,99,f,0.551,3,1,f,1,0.551,13,0,13,0,1,,,,,,,,,,,,,
,,,,,,,,,,,,,,,,,326,2,2024-03-12_01h06.14.197,Symbol-E,2020.1.3,Win32,Firefox,Mozilla/5.0 (Windows NT 10.0; Win64; x64; rv:123.0) Gecko/20100101 Firefox/123.0,60,,,,,,,,,,,,,,,,,,,,,,,,,,,,,,,,,,,,,,media/dgnb.png,0,0,Symb,a,RT,0,0,0,1,8,0,14,0,1,12,99,a,0.588,0,1,a,1,0.588,14,0,14,0,1,,,,,,,,,,,,,
,,,,,,,,,,,,,,,,,326,2,2024-03-12_01h06.14.197,Symbol-E,2020.1.3,Win32,Firefox,Mozilla/5.0 (Windows NT 10.0; Win64; x64; rv:123.0) Gecko/20100101 Firefox/123.0,60,,,,,,,,,,,,,,,,,,,,,,,,,,,,,,,,,,,,,,media/dinb.png,6,2,Symb,i,RT,0,0,0,1,8,0,15,0,1,12,99,i,0.552,6,1,i,1,0.552,15,0,15,0,1,,,,,,,,,,,,,
,,,,,,,,,,,,,,,,,326,2,2024-03-12_01h06.14.197,Symbol-E,2020.1.3,Win32,Firefox,Mozilla/5.0 (Windows NT 10.0; Win64; x64; rv:123.0) Gecko/20100101 Firefox/123.0,60,,,,,,,,,,,,,,,,,,,,,,,,,,,,,,,,,,,,,,media/ddnb.png,7,3,Symb,l,RT,0,0,0,1,8,0,16,0,1,12,99,l,0.549,7,1,l,1,0.549,16,0,16,0,1,,,,,,,,,,,,,
,,,,,,,,,,,,,,,,,326,2,2024-03-12_01h06.14.197,Symbol-E,2020.1.3,Win32,Firefox,Mozilla/5.0 (Windows NT 10.0; Win64; x64; rv:123.0) Gecko/20100101 Firefox/123.0,60,,,,,,,,,,,,,,,,,,,,,,,,,,,,,,,,,,,,,,media/dgnb.png,0,0,Symb,a,RT,0,0,0,1,8,0,17,0,1,12,99,a,0.547,0,1,a,1,0.547,17,0,17,0,1,,,,,,,,,,,,,
,,,,,,,,,,,,,,,,,326,2,2024-03-12_01h06.14.197,Symbol-E,2020.1.3,Win32,Firefox,Mozilla/5.0 (Windows NT 10.0; Win64; x64; rv:123.0) Gecko/20100101 Firefox/123.0,60,,,,,,,,,,,,,,,,,,,,,,,,,,,,,,,,,,,,,,media/dcnb.png,2,2,Symb,e,RT,0,0,0,1,8,0,18,0,1,12,99,e,0.635,2,1,e,1,0.635,18,0,18,0,1,,,,,,,,,,,,,
,,,,,,,,,,,,,,,,,326,2,2024-03-12_01h06.14.197,Symbol-E,2020.1.3,Win32,Firefox,Mozilla/5.0 (Windows NT 10.0; Win64; x64; rv:123.0) Gecko/20100101 Firefox/123.0,60,,,,,,,,,,,,,,,,,,,,,,,,,,,,,,,,,,,,,,media/dnnb.png,5,1,Symb,u,RT,0,0,0,1,8,0,19,0,1,12,99,u,0.616,5,1,u,1,0.616,19,0,19,0,1,,,,,,,,,,,,,
,,,,,,,,,,,,,,,,,326,2,2024-03-12_01h06.14.197,Symbol-E,2020.1.3,Win32,Firefox,Mozilla/5.0 (Windows NT 10.0; Win64; x64; rv:123.0) Gecko/20100101 Firefox/123.0,60,,,,,,,,,,,,,,,,,,,,,,,,,,,,,,,,,,,,,,media/djnb.png,4,0,Symb,h,RT,0,0,0,1,8,0,20,0,1,12,99,h,0.518,4,1,h,1,0.518,20,0,20,0,1,,,,,,,,,,,,,
,,,,,,,,,,,,,,,,,326,2,2024-03-12_01h06.14.197,Symbol-E,2020.1.3,Win32,Firefox,Mozilla/5.0 (Windows NT 10.0; Win64; x64; rv:123.0) Gecko/20100101 Firefox/123.0,60,,,,,,,,,,,,,,,,,,,,,,,,,,,,,,,,,,,,,,media/dcnb.png,2,2,Symb,e,RT,0,0,0,1,8,0,21,0,1,12,99,e,1.153,2,1,e,1,1.153,21,0,21,0,1,,,,,,,,,,,,,
,,,,,,,,,,,,,,,,,326,2,2024-03-12_01h06.14.197,Symbol-E,2020.1.3,Win32,Firefox,Mozilla/5.0 (Windows NT 10.0; Win64; x64; rv:123.0) Gecko/20100101 Firefox/123.0,60,,,,,,,,,,,,,,,,,,,,,,,,,,,,,,,,,,,,,,media/dmnb.png,1,1,Symb,w,RT,0,0,0,1,8,0,22,0,1,12,99,w,0.552,1,1,w,1,0.552,22,0,22,0,1,,,,,,,,,,,,,
,,,,,,,,,,,,,,,,,326,2,2024-03-12_01h06.14.197,Symbol-E,2020.1.3,Win32,Firefox,Mozilla/5.0 (Windows NT 10.0; Win64; x64; rv:123.0) Gecko/20100101 Firefox/123.0,60,,,,,,,,,,,,,,,,,,,,,,,,,,,,,,,,,,,,,,media/dfnb.png,3,3,Symb,f,RT,0,0,0,1,8,0,23,0,1,12,99,f,0.63,3,1,f,1,0.63,23,0,23,0,1,,,,,,,,,,,,,
,,,,,,,,,,,,,,,,,326,2,2024-03-12_01h06.14.197,Symbol-E,2020.1.3,Win32,Firefox,Mozilla/5.0 (Windows NT 10.0; Win64; x64; rv:123.0) Gecko/20100101 Firefox/123.0,60,,,,,,,,,,,,,,,,,,,,,,,,,,,,,,,,,,,,,,media/dfnb.png,3,3,Symb,f,RT,0,0,0,1,8,0,24,0,1,12,99,f,0.384,3,1,f,1,0.384,24,0,24,0,1,,,,,,,,,,,,,
,,,,,,,,,,,,,,,,,326,2,2024-03-12_01h06.14.197,Symbol-E,2020.1.3,Win32,Firefox,Mozilla/5.0 (Windows NT 10.0; Win64; x64; rv:123.0) Gecko/20100101 Firefox/123.0,60,,,,,,,,,,,,,,,,,,,,,,,,,,,,,,,,,,,,,,media/dmnb.png,1,1,Symb,w,RT,0,0,0,1,8,0,25,0,1,12,99,w,0.519,1,1,w,1,0.519,25,0,25,0,1,,,,,,,,,,,,,
,,,,,,,,,,,,,,,,,326,2,2024-03-12_01h06.14.197,Symbol-E,2020.1.3,Win32,Firefox,Mozilla/5.0 (Windows NT 10.0; Win64; x64; rv:123.0) Gecko/20100101 Firefox/123.0,60,,,,,,,,,,,,,,,,,,,,,,,,,,,,,,,,,,,,,,media/ddnb.png,7,3,Symb,l,RT,0,0,0,1,8,0,26,0,1,12,99,l,0.635,7,1,l,1,0.635,26,0,26,0,1,,,,,,,,,,,,,
,,,,,,,,,,,,,,,,,326,2,2024-03-12_01h06.14.197,Symbol-E,2020.1.3,Win32,Firefox,Mozilla/5.0 (Windows NT 10.0; Win64; x64; rv:123.0) Gecko/20100101 Firefox/123.0,60,,,,,,,,,,,,,,,,,,,,,,,,,,,,,,,,,,,,,,media/djnb.png,4,0,Symb,h,RT,0,0,0,1,8,0,27,0,1,12,99,h,0.634,4,1,h,1,0.634,27,0,27,0,1,,,,,,,,,,,,,
,,,,,,,,,,,,,,,,,326,2,2024-03-12_01h06.14.197,Symbol-E,2020.1.3,Win32,Firefox,Mozilla/5.0 (Windows NT 10.0; Win64; x64; rv:123.0) Gecko/20100101 Firefox/123.0,60,,,,,,,,,,,,,,,,,,,,,,,,,,,,,,,,,,,,,,media/dnnb.png,5,1,Symb,u,RT,0,0,0,1,8,0,28,0,1,12,99,u,0.634,5,1,u,1,0.634,28,0,28,0,1,,,,,,,,,,,,,
,,,,,,,,,,,,,,,,,326,2,2024-03-12_01h06.14.197,Symbol-E,2020.1.3,Win32,Firefox,Mozilla/5.0 (Windows NT 10.0; Win64; x64; rv:123.0) Gecko/20100101 Firefox/123.0,60,,,,,,,,,,,,,,,,,,,,,,,,,,,,,,,,,,,,,,media/dinb.png,6,2,Symb,i,RT,0,0,0,1,8,0,29,0,1,12,99,i,0.537,6,1,i,1,0.537,29,0,29,0,1,,,,,,,,,,,,,
,,,,,,,,,,,,,,,,,326,2,2024-03-12_01h06.14.197,Symbol-E,2020.1.3,Win32,Firefox,Mozilla/5.0 (Windows NT 10.0; Win64; x64; rv:123.0) Gecko/20100101 Firefox/123.0,60,,,,,,,,,,,,,,,,,,,,,,,,,,,,,,,,,,,,,,media/dinb.png,6,2,Symb,i,RT,0,0,0,1,8,0,30,0,1,12,99,i,0.45,6,1,i,1,0.45,30,0,30,0,1,,,,,,,,,,,,,
,,,,,,,,,,,,,,,,,326,2,2024-03-12_01h06.14.197,Symbol-E,2020.1.3,Win32,Firefox,Mozilla/5.0 (Windows NT 10.0; Win64; x64; rv:123.0) Gecko/20100101 Firefox/123.0,60,,,,,,,,,,,,,,,,,,,,,,,,,,,,,,,,,,,,,,media/dgnb.png,0,0,Symb,a,RT,0,0,0,1,8,0,31,0,1,12,99,a,0.536,0,1,a,1,0.536,31,0,31,0,1,,,,,,,,,,,,,
,,,,,,,,,,,,,,,,,326,2,2024-03-12_01h06.14.197,Symbol-E,2020.1.3,Win32,Firefox,Mozilla/5.0 (Windows NT 10.0; Win64; x64; rv:123.0) Gecko/20100101 Firefox/123.0,60,,,,,,,,,,,,,,,,,,,,,,,,,,,,,,,,,,,,,,media/dinb.png,6,2,Symb,i,RT,0,0,0,1,8,0,32,0,1,12,99,i,0.53,6,1,i,1,0.53,32,0,32,0,1,,,,,,,,,,,,,
,,,,,,,,,,,,,,,,,326,2,2024-03-12_01h06.14.197,Symbol-E,2020.1.3,Win32,Firefox,Mozilla/5.0 (Windows NT 10.0; Win64; x64; rv:123.0) Gecko/20100101 Firefox/123.0,60,,,,,,,,,,,,,,,,,,,,,,,,,,,,,,,,,,,,,,media/dfnb.png,3,3,Symb,f,RT,0,0,0,1,8,0,33,0,1,12,99,f,0.554,3,1,f,1,0.554,33,0,33,0,1,,,,,,,,,,,,,
,,,,,,,,,,,,,,,,,326,2,2024-03-12_01h06.14.197,Symbol-E,2020.1.3,Win32,Firefox,Mozilla/5.0 (Windows NT 10.0; Win64; x64; rv:123.0) Gecko/20100101 Firefox/123.0,60,,,,,,,,,,,,,,,,,,,,,,,,,,,,,,,,,,,,,,media/dmnb.png,1,1,Symb,w,RT,0,0,0,1,8,0,34,0,1,12,99,w,0.535,1,1,w,1,0.535,34,0,34,0,1,,,,,,,,,,,,,
,,,,,,,,,,,,,,,,,326,2,2024-03-12_01h06.14.197,Symbol-E,2020.1.3,Win32,Firefox,Mozilla/5.0 (Windows NT 10.0; Win64; x64; rv:123.0) Gecko/20100101 Firefox/123.0,60,,,,,,,,,,,,,,,,,,,,,,,,,,,,,,,,,,,,,,media/dinb.png,6,2,Symb,i,RT,0,0,0,1,8,0,35,0,1,12,99,i,0.534,6,1,i,1,0.534,35,0,35,0,1,,,,,,,,,,,,,
,,,,,,,,,,,,,,,,,326,2,2024-03-12_01h06.14.197,Symbol-E,2020.1.3,Win32,Firefox,Mozilla/5.0 (Windows NT 10.0; Win64; x64; rv:123.0) Gecko/20100101 Firefox/123.0,60,,,,,,,,,,,,,,,,,,,,,,,,,,,,,,,,,,,,,,media/dcnb.png,2,2,Symb,e,RT,0,0,0,1,8,0,36,0,1,12,99,e,0.6,2,1,e,1,0.6,36,0,36,0,1,,,,,,,,,,,,,
,,,,,,,,,,,,,,,,,326,2,2024-03-12_01h06.14.197,Symbol-E,2020.1.3,Win32,Firefox,Mozilla/5.0 (Windows NT 10.0; Win64; x64; rv:123.0) Gecko/20100101 Firefox/123.0,60,,,,,,,,,,,,,,,,,,,,,,,,,,,,,,,,,,,,,,media/dfnb.png,3,3,Symb,f,RT,0,0,0,1,8,0,37,0,1,12,99,f,0.598,3,1,f,1,0.598,37,0,37,0,1,,,,,,,,,,,,,
,,,,,,,,,,,,,,,,,326,2,2024-03-12_01h06.14.197,Symbol-E,2020.1.3,Win32,Firefox,Mozilla/5.0 (Windows NT 10.0; Win64; x64; rv:123.0) Gecko/20100101 Firefox/123.0,60,,,,,,,,,,,,,,,,,,,,,,,,,,,,,,,,,,,,,,media/djnb.png,4,0,Symb,h,RT,0,0,0,1,8,0,38,0,1,12,99,h,0.531,4,1,h,1,0.531,38,0,38,0,1,,,,,,,,,,,,,
,,,,,,,,,,,,,,,,,326,2,2024-03-12_01h06.14.197,Symbol-E,2020.1.3,Win32,Firefox,Mozilla/5.0 (Windows NT 10.0; Win64; x64; rv:123.0) Gecko/20100101 Firefox/123.0,60,,,,,,,,,,,,,,,,,,,,,,,,,,,,,,,,,,,,,,media/djnb.png,4,0,Symb,h,RT,0,0,0,1,8,0,39,0,1,12,99,h,0.451,4,1,h,1,0.451,39,0,39,0,1,,,,,,,,,,,,,
,,,,,,,,,,,,,,,,,326,2,2024-03-12_01h06.14.197,Symbol-E,2020.1.3,Win32,Firefox,Mozilla/5.0 (Windows NT 10.0; Win64; x64; rv:123.0) Gecko/20100101 Firefox/123.0,60,,,,,,,,,,,,,,,,,,,,,,,,,,,,,,,,,,,,,,media/dgnb.png,0,0,Symb,a,RT,0,0,0,1,8,0,40,0,1,12,99,a,0.615,0,1,a,1,0.615,40,0,40,0,1,,,,,,,,,,,,,
,,,,,,,,,,,,,,,,,326,2,2024-03-12_01h06.14.197,Symbol-E,2020.1.3,Win32,Firefox,Mozilla/5.0 (Windows NT 10.0; Win64; x64; rv:123.0) Gecko/20100101 Firefox/123.0,60,,,,,,,,,,,,,,,,,,,,,,,,,,,,,,,,,,,,,,media/dnnb.png,5,1,Symb,u,RT,0,0,0,1,8,0,41,0,1,12,99,u,0.6,5,1,u,1,0.6,41,0,41,0,1,,,,,,,,,,,,,
,,,,,,,,,,,,,,,,,326,2,2024-03-12_01h06.14.197,Symbol-E,2020.1.3,Win32,Firefox,Mozilla/5.0 (Windows NT 10.0; Win64; x64; rv:123.0) Gecko/20100101 Firefox/123.0,60,,,,,,,,,,,,,,,,,,,,,,,,,,,,,,,,,,,,,,media/dmnb.png,1,1,Symb,w,RT,0,0,0,1,8,0,42,0,1,12,99,w,0.514,1,1,w,1,0.514,42,0,42,0,1,,,,,,,,,,,,,
,,,,,,,,,,,,,,,,,326,2,2024-03-12_01h06.14.197,Symbol-E,2020.1.3,Win32,Firefox,Mozilla/5.0 (Windows NT 10.0; Win64; x64; rv:123.0) Gecko/20100101 Firefox/123.0,60,,,,,,,,,,,,,,,,,,,,,,,,,,,,,,,,,,,,,,media/ddnb.png,7,3,Symb,l,RT,0,0,0,1,8,0,43,0,1,12,99,l,0.535,7,1,l,1,0.535,43,0,43,0,1,,,,,,,,,,,,,
,,,,,,,,,,,,,,,,,326,2,2024-03-12_01h06.14.197,Symbol-E,2020.1.3,Win32,Firefox,Mozilla/5.0 (Windows NT 10.0; Win64; x64; rv:123.0) Gecko/20100101 Firefox/123.0,60,,,,,,,,,,,,,,,,,,,,,,,,,,,,,,,,,,,,,,media/dnnb.png,5,1,Symb,u,RT,0,0,0,1,8,0,44,0,1,12,99,u,0.573,5,1,u,1,0.573,44,0,44,0,1,,,,,,,,,,,,,
,,,,,,,,,,,,,,,,,326,2,2024-03-12_01h06.14.197,Symbol-E,2020.1.3,Win32,Firefox,Mozilla/5.0 (Windows NT 10.0; Win64; x64; rv:123.0) Gecko/20100101 Firefox/123.0,60,,,,,,,,,,,,,,,,,,,,,,,,,,,,,,,,,,,,,,media/dcnb.png,2,2,Symb,e,RT,0,0,0,1,8,0,45,0,1,12,99,e,0.599,2,1,e,1,0.599,45,0,45,0,1,,,,,,,,,,,,,
,,,,,,,,,,,,,,,,,326,2,2024-03-12_01h06.14.197,Symbol-E,2020.1.3,Win32,Firefox,Mozilla/5.0 (Windows NT 10.0; Win64; x64; rv:123.0) Gecko/20100101 Firefox/123.0,60,,,,,,,,,,,,,,,,,,,,,,,,,,,,,,,,,,,,,,media/ddnb.png,7,3,Symb,l,RT,0,0,0,1,8,0,46,0,1,12,99,l,0.584,7,1,l,1,0.584,46,0,46,0,1,,,,,,,,,,,,,
,,,,,,,,,,,,,,,,,326,2,2024-03-12_01h06.14.197,Symbol-E,2020.1.3,Win32,Firefox,Mozilla/5.0 (Windows NT 10.0; Win64; x64; rv:123.0) Gecko/20100101 Firefox/123.0,60,,,,,,,,,,,,,,,,,,,,,,,,,,,,,,,,,,,,,,media/dgnb.png,0,0,Symb,a,RT,0,0,0,1,8,0,47,0,1,12,99,a,0.582,0,1,a,1,0.582,47,0,47,0,1,,,,,,,,,,,,,
,,,,,,,,,,,,,,,,,326,2,2024-03-12_01h06.14.197,Symbol-E,2020.1.3,Win32,Firefox,Mozilla/5.0 (Windows NT 10.0; Win64; x64; rv:123.0) Gecko/20100101 Firefox/123.0,60,,,,,,,,,,,,,,,,,,,,,,,,,,,,,,,,,,,,,,media/dnnb.png,5,1,Symb,u,RT,0,0,0,1,8,0,48,0,1,12,99,i,0.587,6,0,i,0,0.587,48,0,48,0,1,,,,,,,,,,,,,
,,,,,,,,,,,,,,,,,326,2,2024-03-12_01h06.14.197,Symbol-E,2020.1.3,Win32,Firefox,Mozilla/5.0 (Windows NT 10.0; Win64; x64; rv:123.0) Gecko/20100101 Firefox/123.0,60,,,,,,,,,,,,,,,,,,,,,,,,,,,,,,,,,,,,,,media/dinb.png,6,2,Symb,i,RT,0,0,0,1,8,0,49,0,1,12,99,i,0.415,6,1,i,1,0.415,49,0,49,0,1,,,,,,,,,,,,,
,,,,,,,,,,,,,,,,,326,2,2024-03-12_01h06.14.197,Symbol-E,2020.1.3,Win32,Firefox,Mozilla/5.0 (Windows NT 10.0; Win64; x64; rv:123.0) Gecko/20100101 Firefox/123.0,60,,,,,,,,,,,,,,,,,,,,,,,,,,,,,,,,,,,,,,media/djnb.png,4,0,Symb,h,RT,0,0,0,1,8,0,50,0,1,12,99,h,0.547,4,1,h,1,0.547,50,0,50,0,1,,,,,,,,,,,,,
,,,,,,,,,,,,,,,,,326,2,2024-03-12_01h06.14.197,Symbol-E,2020.1.3,Win32,Firefox,Mozilla/5.0 (Windows NT 10.0; Win64; x64; rv:123.0) Gecko/20100101 Firefox/123.0,60,,,,,,,,,,,,,,,,,,,,,,,,,,,,,,,,,,,,,,media/ddnb.png,7,3,Symb,l,RT,0,0,0,1,8,0,51,0,1,12,99,l,0.697,7,1,l,1,0.697,51,0,51,0,1,,,,,,,,,,,,,
,,,,,,,,,,,,,,,,,326,2,2024-03-12_01h06.14.197,Symbol-E,2020.1.3,Win32,Firefox,Mozilla/5.0 (Windows NT 10.0; Win64; x64; rv:123.0) Gecko/20100101 Firefox/123.0,60,,,,,,,,,,,,,,,,,,,,,,,,,,,,,,,,,,,,,,media/dmnb.png,1,1,Symb,w,RT,0,0,0,1,8,0,52,0,1,12,99,w,0.578,1,1,w,1,0.578,52,0,52,0,1,,,,,,,,,,,,,
,,,,,,,,,,,,,,,,,326,2,2024-03-12_01h06.14.197,Symbol-E,2020.1.3,Win32,Firefox,Mozilla/5.0 (Windows NT 10.0; Win64; x64; rv:123.0) Gecko/20100101 Firefox/123.0,60,,,,,,,,,,,,,,,,,,,,,,,,,,,,,,,,,,,,,,media/dnnb.png,5,1,Symb,u,RT,0,0,0,1,8,0,53,0,1,12,99,u,0.998,5,1,u,1,0.998,53,0,53,0,1,,,,,,,,,,,,,
,,,,,,,,,,,,,,,,,326,2,2024-03-12_01h06.14.197,Symbol-E,2020.1.3,Win32,Firefox,Mozilla/5.0 (Windows NT 10.0; Win64; x64; rv:123.0) Gecko/20100101 Firefox/123.0,60,,,,,,,,,,,,,,,,,,,,,,,,,,,,,,,,,,,,,,media/dcnb.png,2,2,Symb,e,RT,0,0,0,1,8,0,54,0,1,12,99,e,0.621,2,1,e,1,0.621,54,0,54,0,1,,,,,,,,,,,,,
,,,,,,,,,,,,,,,,,326,2,2024-03-12_01h06.14.197,Symbol-E,2020.1.3,Win32,Firefox,Mozilla/5.0 (Windows NT 10.0; Win64; x64; rv:123.0) Gecko/20100101 Firefox/123.0,60,,,,,,,,,,,,,,,,,,,,,,,,,,,,,,,,,,,,,,media/dfnb.png,3,3,Symb,f,RT,0,0,0,1,8,0,55,0,1,12,99,f,0.554,3,1,f,1,0.554,55,0,55,0,1,,,,,,,,,,,,,
,,,,,,,,,,,,,,,,,326,2,2024-03-12_01h06.14.197,Symbol-E,2020.1.3,Win32,Firefox,Mozilla/5.0 (Windows NT 10.0; Win64; x64; rv:123.0) Gecko/20100101 Firefox/123.0,60,,,,,,,,,,,,,,,,,,,,,,,,,,,,,,,,,,,,,,media/djnb.png,4,0,Symb,h,RT,0,0,0,1,8,0,56,0,1,12,99,h,0.951,4,1,h,1,0.951,56,0,56,0,1,,,,,,,,,,,,,
,,,,,,,,,,,,,,,,,326,2,2024-03-12_01h06.14.197,Symbol-E,2020.1.3,Win32,Firefox,Mozilla/5.0 (Windows NT 10.0; Win64; x64; rv:123.0) Gecko/20100101 Firefox/123.0,60,,,,,,,,,,,,,,,,,,,,,,,,,,,,,,,,,,,,,,media/dcnb.png,2,2,Symb,e,RT,0,0,0,1,8,0,57,0,1,12,99,e,0.584,2,1,e,1,0.584,57,0,57,0,1,,,,,,,,,,,,,
,,,,,,,,,,,,,,,,,326,2,2024-03-12_01h06.14.197,Symbol-E,2020.1.3,Win32,Firefox,Mozilla/5.0 (Windows NT 10.0; Win64; x64; rv:123.0) Gecko/20100101 Firefox/123.0,60,,,,,,,,,,,,,,,,,,,,,,,,,,,,,,,,,,,,,,media/dfnb.png,3,3,Symb,f,RT,0,0,0,1,8,0,58,0,1,12,99,f,0.528,3,1,f,1,0.528,58,0,58,0,1,,,,,,,,,,,,,
,,,,,,,,,,,,,,,,,326,2,2024-03-12_01h06.14.197,Symbol-E,2020.1.3,Win32,Firefox,Mozilla/5.0 (Windows NT 10.0; Win64; x64; rv:123.0) Gecko/20100101 Firefox/123.0,60,,,,,,,,,,,,,,,,,,,,,,,,,,,,,,,,,,,,,,media/dgnb.png,0,0,Symb,a,RT,0,0,0,1,8,0,59,0,1,12,99,a,0.618,0,1,a,1,0.618,59,0,59,0,1,,,,,,,,,,,,,
,,,,,,,,,,,,,,,,,326,2,2024-03-12_01h06.14.197,Symbol-E,2020.1.3,Win32,Firefox,Mozilla/5.0 (Windows NT 10.0; Win64; x64; rv:123.0) Gecko/20100101 Firefox/123.0,60,,,,,,,,,,,,,,,,,,,,,,,,,,,,,,,,,,,,,,media/ddnb.png,7,3,Symb,l,RT,0,0,0,1,8,0,60,0,1,12,99,l,0.55,7,1,l,1,0.55,60,0,60,0,1,,,,,,,,,,,,,
,,,,,,,,,,,,,,,,,326,2,2024-03-12_01h06.14.197,Symbol-E,2020.1.3,Win32,Firefox,Mozilla/5.0 (Windows NT 10.0; Win64; x64; rv:123.0) Gecko/20100101 Firefox/123.0,60,,,,,,,,,,,,,,,,,,,,,,,,,,,,,,,,,,,,,,media/dinb.png,6,2,Symb,i,RT,0,0,0,1,8,0,61,0,1,12,99,i,0.652,6,1,i,1,0.652,61,0,61,0,1,,,,,,,,,,,,,
,,,,,,,,,,,,,,,,,326,2,2024-03-12_01h06.14.197,Symbol-E,2020.1.3,Win32,Firefox,Mozilla/5.0 (Windows NT 10.0; Win64; x64; rv:123.0) Gecko/20100101 Firefox/123.0,60,,,,,,,,,,,,,,,,,,,,,,,,,,,,,,,,,,,,,,media/dgnb.png,0,0,Symb,a,RT,0,0,0,1,8,0,62,0,1,12,99,a,0.633,0,1,a,1,0.633,62,0,62,0,1,,,,,,,,,,,,,
,,,,,,,,,,,,,,,,,326,2,2024-03-12_01h06.14.197,Symbol-E,2020.1.3,Win32,Firefox,Mozilla/5.0 (Windows NT 10.0; Win64; x64; rv:123.0) Gecko/20100101 Firefox/123.0,60,,,,,,,,,,,,,,,,,,,,,,,,,,,,,,,,,,,,,,media/dmnb.png,1,1,Symb,w,RT,0,0,0,1,8,0,63,0,1,12,99,w,0.585,1,1,w,1,0.585,63,0,63,0,1,,,,,,,,,,,,,
,,,,,,,,,,,,,,,,,326,2,2024-03-12_01h06.14.197,Symbol-E,2020.1.3,Win32,Firefox,Mozilla/5.0 (Windows NT 10.0; Win64; x64; rv:123.0) Gecko/20100101 Firefox/123.0,60,,,,,,,,,,,,,,,,,,,,,,,,,,,,,,,,,,,,,,media/dmnb.png,1,1,Symb,w,RT,0,0,0,1,8,0,64,0,1,12,99,w,0.452,1,1,w,1,0.452,64,0,64,0,1,,,,,,,,,,,,,
,,,,,,,,,,,,,,,,,326,2,2024-03-12_01h06.14.197,Symbol-E,2020.1.3,Win32,Firefox,Mozilla/5.0 (Windows NT 10.0; Win64; x64; rv:123.0) Gecko/20100101 Firefox/123.0,60,,,,,,,,,,,,,,,,,,,,,,,,,,,,,,,,,,,,,,media/dmnb.png,1,1,Symb,w,RT,0,0,0,1,8,0,65,0,1,12,99,w,0.369,1,1,w,1,0.369,65,0,65,0,1,,,,,,,,,,,,,
,,,,,,,,,,,,,,,,,326,2,2024-03-12_01h06.14.197,Symbol-E,2020.1.3,Win32,Firefox,Mozilla/5.0 (Windows NT 10.0; Win64; x64; rv:123.0) Gecko/20100101 Firefox/123.0,60,,,,,,,,,,,,,,,,,,,,,,,,,,,,,,,,,,,,,,media/dnnb.png,5,1,Symb,u,RT,0,0,0,1,8,0,66,0,1,12,99,u,0.717,5,1,u,1,0.717,66,0,66,0,1,,,,,,,,,,,,,
,,,,,,,,,,,,,,,,,326,2,2024-03-12_01h06.14.197,Symbol-E,2020.1.3,Win32,Firefox,Mozilla/5.0 (Windows NT 10.0; Win64; x64; rv:123.0) Gecko/20100101 Firefox/123.0,60,,,,,,,,,,,,,,,,,,,,,,,,,,,,,,,,,,,,,,media/dnnb.png,5,1,Symb,u,RT,0,0,0,1,8,0,67,0,1,12,99,u,0.433,5,1,u,1,0.433,67,0,67,0,1,,,,,,,,,,,,,
,,,,,,,,,,,,,,,,,326,2,2024-03-12_01h06.14.197,Symbol-E,2020.1.3,Win32,Firefox,Mozilla/5.0 (Windows NT 10.0; Win64; x64; rv:123.0) Gecko/20100101 Firefox/123.0,60,,,,,,,,,,,,,,,,,,,,,,,,,,,,,,,,,,,,,,media/dfnb.png,3,3,Symb,f,RT,0,0,0,1,8,0,68,0,1,12,99,f,0.548,3,1,f,1,0.548,68,0,68,0,1,,,,,,,,,,,,,
,,,,,,,,,,,,,,,,,326,2,2024-03-12_01h06.14.197,Symbol-E,2020.1.3,Win32,Firefox,Mozilla/5.0 (Windows NT 10.0; Win64; x64; rv:123.0) Gecko/20100101 Firefox/123.0,60,,,,,,,,,,,,,,,,,,,,,,,,,,,,,,,,,,,,,,media/ddnb.png,7,3,Symb,l,RT,0,0,0,1,8,0,69,0,1,12,99,l,0.629,7,1,l,1,0.629,69,0,69,0,1,,,,,,,,,,,,,
,,,,,,,,,,,,,,,,,326,2,2024-03-12_01h06.14.197,Symbol-E,2020.1.3,Win32,Firefox,Mozilla/5.0 (Windows NT 10.0; Win64; x64; rv:123.0) Gecko/20100101 Firefox/123.0,60,,,,,,,,,,,,,,,,,,,,,,,,,,,,,,,,,,,,,,media/dfnb.png,3,3,Symb,f,RT,0,0,0,1,8,0,70,0,1,12,99,f,0.567,3,1,f,1,0.567,70,0,70,0,1,,,,,,,,,,,,,
,,,,,,,,,,,,,,,,,326,2,2024-03-12_01h06.14.197,Symbol-E,2020.1.3,Win32,Firefox,Mozilla/5.0 (Windows NT 10.0; Win64; x64; rv:123.0) Gecko/20100101 Firefox/123.0,60,,,,,,,,,,,,,,,,,,,,,,,,,,,,,,,,,,,,,,media/dcnb.png,2,2,Symb,e,RT,0,0,0,1,8,0,71,0,1,12,99,e,0.715,2,1,e,1,0.715,71,0,71,0,1,,,,,,,,,,,,,
,,,,,,,,,,,,,,,,,326,2,2024-03-12_01h06.14.197,Symbol-E,2020.1.3,Win32,Firefox,Mozilla/5.0 (Windows NT 10.0; Win64; x64; rv:123.0) Gecko/20100101 Firefox/123.0,60,,,,,,,,,,,,,,,,,,,,,,,,,,,,,,,,,,,,,,media/djnb.png,4,0,Symb,h,RT,0,0,0,1,8,0,72,0,1,12,99,h,0.602,4,1,h,1,0.602,72,0,72,0,1,,,,,,,,,,,,,
,,,,,,,,,,,,,,,,,326,2,2024-03-12_01h06.14.197,Symbol-E,2020.1.3,Win32,Firefox,Mozilla/5.0 (Windows NT 10.0; Win64; x64; rv:123.0) Gecko/20100101 Firefox/123.0,60,,,,,,,,,,,,,,,,,,,,,,,,,,,,,,,,,,,,,,media/dinb.png,6,2,Symb,i,RT,0,0,0,1,8,0,73,0,1,12,99,i,0.584,6,1,i,1,0.584,73,0,73,0,1,,,,,,,,,,,,,
,,,,,,,,,,,,,,,,,326,2,2024-03-12_01h06.14.197,Symbol-E,2020.1.3,Win32,Firefox,Mozilla/5.0 (Windows NT 10.0; Win64; x64; rv:123.0) Gecko/20100101 Firefox/123.0,60,,,,,,,,,,,,,,,,,,,,,,,,,,,,,,,,,,,,,,media/dgnb.png,0,0,Symb,a,RT,0,0,0,1,8,0,74,0,1,12,99,a,0.564,0,1,a,1,0.564,74,0,74,0,1,,,,,,,,,,,,,
,,,,,,,,,,,,,,,,,326,2,2024-03-12_01h06.14.197,Symbol-E,2020.1.3,Win32,Firefox,Mozilla/5.0 (Windows NT 10.0; Win64; x64; rv:123.0) Gecko/20100101 Firefox/123.0,60,,,,,,,,,,,,,,,,,,,,,,,,,,,,,,,,,,,,,,media/dcnb.png,2,2,Symb,e,RT,0,0,0,1,8,0,75,0,1,12,99,e,1.247,2,1,e,1,1.247,75,0,75,0,1,,,,,,,,,,,,,
,,,,,,,,,,,,,,,,,326,2,2024-03-12_01h06.14.197,Symbol-E,2020.1.3,Win32,Firefox,Mozilla/5.0 (Windows NT 10.0; Win64; x64; rv:123.0) Gecko/20100101 Firefox/123.0,60,,,,,,,,,,,,,,,,,,,,,,,,,,,,,,,,,,,,,,media/dinb.png,6,2,Symb,i,RT,0,0,0,1,8,0,76,0,1,12,99,i,0.551,6,1,i,1,0.551,76,0,76,0,1,,,,,,,,,,,,,
,,,,,,,,,,,,,,,,,326,2,2024-03-12_01h06.14.197,Symbol-E,2020.1.3,Win32,Firefox,Mozilla/5.0 (Windows NT 10.0; Win64; x64; rv:123.0) Gecko/20100101 Firefox/123.0,60,,,,,,,,,,,,,,,,,,,,,,,,,,,,,,,,,,,,,,media/djnb.png,4,0,Symb,h,RT,0,0,0,1,8,0,77,0,1,12,99,h,0.602,4,1,h,1,0.602,77,0,77,0,1,,,,,,,,,,,,,
,,,,,,,,,,,,,,,,,326,2,2024-03-12_01h06.14.197,Symbol-E,2020.1.3,Win32,Firefox,Mozilla/5.0 (Windows NT 10.0; Win64; x64; rv:123.0) Gecko/20100101 Firefox/123.0,60,,,,,,,,,,,,,,,,,,,,,,,,,,,,,,,,,,,,,,media/ddnb.png,7,3,Symb,l,RT,0,0,0,1,8,0,78,0,1,12,99,l,0.583,7,1,l,1,0.583,78,0,78,0,1,,,,,,,,,,,,,
,,,,,,,,,,,,,,,,,326,2,2024-03-12_01h06.14.197,Symbol-E,2020.1.3,Win32,Firefox,Mozilla/5.0 (Windows NT 10.0; Win64; x64; rv:123.0) Gecko/20100101 Firefox/123.0,60,,,,,,,,,,,,,,,,,,,,,,,,,,,,,,,,,,,,,,media/dgnb.png,0,0,Symb,a,RT,0,0,0,1,8,0,79,0,1,12,99,a,0.586,0,1,a,1,0.586,79,0,79,0,1,,,,,,,,,,,,,
,,,,,,,,,,,,,,,,,326,2,2024-03-12_01h06.14.197,Symbol-E,2020.1.3,Win32,Firefox,Mozilla/5.0 (Windows NT 10.0; Win64; x64; rv:123.0) Gecko/20100101 Firefox/123.0,60,,,,,,,,,,,,,,,,,,,,,,,,,,,,,,,,,,,,,,media/dgnb.png,0,0,Symb,a,RT,0,0,0,1,8,0,80,0,1,12,99,a,0.466,0,1,a,1,0.466,80,0,80,0,1,,,,,,,,,,,,,
,,,,,,,,,,,,,,,,,326,2,2024-03-12_01h06.14.197,Symbol-E,2020.1.3,Win32,Firefox,Mozilla/5.0 (Windows NT 10.0; Win64; x64; rv:123.0) Gecko/20100101 Firefox/123.0,60,,,,,,,,,,,,,,,,,,,,,,,,,,,,,,,,,,,,,,media/djnb.png,4,0,Symb,h,RT,0,0,0,1,8,0,81,0,1,12,99,h,0.618,4,1,h,1,0.618,81,0,81,0,1,,,,,,,,,,,,,
,,,,,,,,,,,,,,,,,326,2,2024-03-12_01h06.14.197,Symbol-E,2020.1.3,Win32,Firefox,Mozilla/5.0 (Windows NT 10.0; Win64; x64; rv:123.0) Gecko/20100101 Firefox/123.0,60,,,,,,,,,,,,,,,,,,,,,,,,,,,,,,,,,,,,,,media/dcnb.png,2,2,Symb,e,RT,0,0,0,1,8,0,82,0,1,12,99,e,0.585,2,1,e,1,0.585,82,0,82,0,1,,,,,,,,,,,,,
,,,,,,,,,,,,,,,,,326,2,2024-03-12_01h06.14.197,Symbol-E,2020.1.3,Win32,Firefox,Mozilla/5.0 (Windows NT 10.0; Win64; x64; rv:123.0) Gecko/20100101 Firefox/123.0,60,,,,,,,,,,,,,,,,,,,,,,,,,,,,,,,,,,,,,,media/dfnb.png,3,3,Symb,f,RT,0,0,0,1,8,0,83,0,1,12,99,f,0.566,3,1,f,1,0.566,83,0,83,0,1,,,,,,,,,,,,,
,,,,,,,,,,,,,,,,,326,2,2024-03-12_01h06.14.197,Symbol-E,2020.1.3,Win32,Firefox,Mozilla/5.0 (Windows NT 10.0; Win64; x64; rv:123.0) Gecko/20100101 Firefox/123.0,60,,,,,,,,,,,,,,,,,,,,,,,,,,,,,,,,,,,,,,media/dfnb.png,3,3,Symb,f,RT,0,0,0,1,8,0,84,0,1,12,99,f,0.418,3,1,f,1,0.418,84,0,84,0,1,,,,,,,,,,,,,
,,,,,,,,,,,,,,,,,326,2,2024-03-12_01h06.14.197,Symbol-E,2020.1.3,Win32,Firefox,Mozilla/5.0 (Windows NT 10.0; Win64; x64; rv:123.0) Gecko/20100101 Firefox/123.0,60,,,,,,,,,,,,,,,,,,,,,,,,,,,,,,,,,,,,,,media/dnnb.png,5,1,Symb,u,RT,0,0,0,1,8,0,85,0,1,12,99,u,0.587,5,1,u,1,0.587,85,0,85,0,1,,,,,,,,,,,,,
,,,,,,,,,,,,,,,,,326,2,2024-03-12_01h06.14.197,Symbol-E,2020.1.3,Win32,Firefox,Mozilla/5.0 (Windows NT 10.0; Win64; x64; rv:123.0) Gecko/20100101 Firefox/123.0,60,,,,,,,,,,,,,,,,,,,,,,,,,,,,,,,,,,,,,,media/dinb.png,6,2,Symb,i,RT,0,0,0,1,8,0,86,0,1,12,99,i,0.618,6,1,i,1,0.618,86,0,86,0,1,,,,,,,,,,,,,
,,,,,,,,,,,,,,,,,326,2,2024-03-12_01h06.14.197,Symbol-E,2020.1.3,Win32,Firefox,Mozilla/5.0 (Windows NT 10.0; Win64; x64; rv:123.0) Gecko/20100101 Firefox/123.0,60,,,,,,,,,,,,,,,,,,,,,,,,,,,,,,,,,,,,,,media/dinb.png,6,2,Symb,i,RT,0,0,0,1,8,0,87,0,1,12,99,i,0.451,6,1,i,1,0.451,87,0,87,0,1,,,,,,,,,,,,,
,,,,,,,,,,,,,,,,,326,2,2024-03-12_01h06.14.197,Symbol-E,2020.1.3,Win32,Firefox,Mozilla/5.0 (Windows NT 10.0; Win64; x64; rv:123.0) Gecko/20100101 Firefox/123.0,60,,,,,,,,,,,,,,,,,,,,,,,,,,,,,,,,,,,,,,media/dmnb.png,1,1,Symb,w,RT,0,0,0,1,8,0,88,0,1,12,99,w,0.553,1,1,w,1,0.553,88,0,88,0,1,,,,,,,,,,,,,
,,,,,,,,,,,,,,,,,326,2,2024-03-12_01h06.14.197,Symbol-E,2020.1.3,Win32,Firefox,Mozilla/5.0 (Windows NT 10.0; Win64; x64; rv:123.0) Gecko/20100101 Firefox/123.0,60,,,,,,,,,,,,,,,,,,,,,,,,,,,,,,,,,,,,,,media/djnb.png,4,0,Symb,h,RT,0,0,0,1,8,0,89,0,1,12,99,h,0.586,4,1,h,1,0.586,89,0,89,0,1,,,,,,,,,,,,,
,,,,,,,,,,,,,,,,,326,2,2024-03-12_01h06.14.197,Symbol-E,2020.1.3,Win32,Firefox,Mozilla/5.0 (Windows NT 10.0; Win64; x64; rv:123.0) Gecko/20100101 Firefox/123.0,60,,,,,,,,,,,,,,,,,,,,,,,,,,,,,,,,,,,,,,media/dnnb.png,5,1,Symb,u,RT,0,0,0,1,8,0,90,0,1,12,99,u,0.551,5,1,u,1,0.551,90,0,90,0,1,,,,,,,,,,,,,
,,,,,,,,,,,,,,,,,326,2,2024-03-12_01h06.14.197,Symbol-E,2020.1.3,Win32,Firefox,Mozilla/5.0 (Windows NT 10.0; Win64; x64; rv:123.0) Gecko/20100101 Firefox/123.0,60,,,,,,,,,,,,,,,,,,,,,,,,,,,,,,,,,,,,,,media/dgnb.png,0,0,Symb,a,RT,0,0,0,1,8,0,91,0,1,12,99,a,0.58,0,1,a,1,0.58,91,0,91,0,1,,,,,,,,,,,,,
,,,,,,,,,,,,,,,,,326,2,2024-03-12_01h06.14.197,Symbol-E,2020.1.3,Win32,Firefox,Mozilla/5.0 (Windows NT 10.0; Win64; x64; rv:123.0) Gecko/20100101 Firefox/123.0,60,,,,,,,,,,,,,,,,,,,,,,,,,,,,,,,,,,,,,,media/ddnb.png,7,3,Symb,l,RT,0,0,0,1,8,0,92,0,1,12,99,l,0.633,7,1,l,1,0.633,92,0,92,0,1,,,,,,,,,,,,,
,,,,,,,,,,,,,,,,,326,2,2024-03-12_01h06.14.197,Symbol-E,2020.1.3,Win32,Firefox,Mozilla/5.0 (Windows NT 10.0; Win64; x64; rv:123.0) Gecko/20100101 Firefox/123.0,60,,,,,,,,,,,,,,,,,,,,,,,,,,,,,,,,,,,,,,media/dcnb.png,2,2,Symb,e,RT,0,0,0,1,8,0,93,0,1,12,99,e,0.582,2,1,e,1,0.582,93,0,93,0,1,,,,,,,,,,,,,
,,,,,,,,,,,,,,,,,326,2,2024-03-12_01h06.14.197,Symbol-E,2020.1.3,Win32,Firefox,Mozilla/5.0 (Windows NT 10.0; Win64; x64; rv:123.0) Gecko/20100101 Firefox/123.0,60,,,,,,,,,,,,,,,,,,,,,,,,,,,,,,,,,,,,,,media/ddnb.png,7,3,Symb,l,RT,0,0,0,1,8,0,94,0,1,12,99,l,0.565,7,1,l,1,0.565,94,0,94,0,1,,,,,,,,,,,,,
,,,,,,,,,,,,,,,,,326,2,2024-03-12_01h06.14.197,Symbol-E,2020.1.3,Win32,Firefox,Mozilla/5.0 (Windows NT 10.0; Win64; x64; rv:123.0) Gecko/20100101 Firefox/123.0,60,,,,,,,,,,,,,,,,,,,,,,,,,,,,,,,,,,,,,,media/dmnb.png,1,1,Symb,w,RT,0,0,0,1,8,0,95,0,1,12,99,w,0.582,1,1,w,1,0.582,95,0,95,0,1,,,,,,,,,,,,,
,,,,,,,,,,,,,,,,,326,2,2024-03-12_01h06.14.197,Symbol-E,2020.1.3,Win32,Firefox,Mozilla/5.0 (Windows NT 10.0; Win64; x64; rv:123.0) Gecko/20100101 Firefox/123.0,60,,,,,,,,,,,,,,,,,,,,,,,,,,,,,,,,,,,,,,,,,,,,,,,,,,,,,,,,,,,,,,,,,,,11,0,11,0,1,,,,,,,,
,,,,,,,,,,,,,,,,,326,2,2024-03-12_01h06.14.197,Symbol-E,2020.1.3,Win32,Firefox,Mozilla/5.0 (Windows NT 10.0; Win64; x64; rv:123.0) Gecko/20100101 Firefox/123.0,60,,,,,,,,,,,,,,,,,,,,,,,,,,,,,,,,,,,,u,0.965,media/dinb.png,6,2,Symb,i,RT,0,0,0,1,8,0,0,0,1,13,99,i,1.63,6,1,i,1,1.63,0,0,0,0,1,,,,,,,,,,,,,
,,,,,,,,,,,,,,,,,326,2,2024-03-12_01h06.14.197,Symbol-E,2020.1.3,Win32,Firefox,Mozilla/5.0 (Windows NT 10.0; Win64; x64; rv:123.0) Gecko/20100101 Firefox/123.0,60,,,,,,,,,,,,,,,,,,,,,,,,,,,,,,,,,,,,,,media/dmnb.png,1,1,Symb,w,RT,0,0,0,1,8,0,1,0,1,13,99,w,0.531,1,1,w,1,0.531,1,0,1,0,1,,,,,,,,,,,,,
,,,,,,,,,,,,,,,,,326,2,2024-03-12_01h06.14.197,Symbol-E,2020.1.3,Win32,Firefox,Mozilla/5.0 (Windows NT 10.0; Win64; x64; rv:123.0) Gecko/20100101 Firefox/123.0,60,,,,,,,,,,,,,,,,,,,,,,,,,,,,,,,,,,,,,,media/dgnb.png,0,0,Symb,a,RT,0,0,0,1,8,0,2,0,1,13,99,a,0.551,0,1,a,1,0.551,2,0,2,0,1,,,,,,,,,,,,,
,,,,,,,,,,,,,,,,,326,2,2024-03-12_01h06.14.197,Symbol-E,2020.1.3,Win32,Firefox,Mozilla/5.0 (Windows NT 10.0; Win64; x64; rv:123.0) Gecko/20100101 Firefox/123.0,60,,,,,,,,,,,,,,,,,,,,,,,,,,,,,,,,,,,,,,media/dmnb.png,1,1,Symb,w,RT,0,0,0,1,8,0,3,0,1,13,99,w,0.566,1,1,w,1,0.566,3,0,3,0,1,,,,,,,,,,,,,
,,,,,,,,,,,,,,,,,326,2,2024-03-12_01h06.14.197,Symbol-E,2020.1.3,Win32,Firefox,Mozilla/5.0 (Windows NT 10.0; Win64; x64; rv:123.0) Gecko/20100101 Firefox/123.0,60,,,,,,,,,,,,,,,,,,,,,,,,,,,,,,,,,,,,,,media/ddnb.png,7,3,Symb,l,RT,0,0,0,1,8,0,4,0,1,13,99,l,0.552,7,1,l,1,0.552,4,0,4,0,1,,,,,,,,,,,,,
,,,,,,,,,,,,,,,,,326,2,2024-03-12_01h06.14.197,Symbol-E,2020.1.3,Win32,Firefox,Mozilla/5.0 (Windows NT 10.0; Win64; x64; rv:123.0) Gecko/20100101 Firefox/123.0,60,,,,,,,,,,,,,,,,,,,,,,,,,,,,,,,,,,,,,,media/dinb.png,6,2,Symb,i,RT,0,0,0,1,8,0,5,0,1,13,99,i,0.487,6,1,i,1,0.487,5,0,5,0,1,,,,,,,,,,,,,
,,,,,,,,,,,,,,,,,326,2,2024-03-12_01h06.14.197,Symbol-E,2020.1.3,Win32,Firefox,Mozilla/5.0 (Windows NT 10.0; Win64; x64; rv:123.0) Gecko/20100101 Firefox/123.0,60,,,,,,,,,,,,,,,,,,,,,,,,,,,,,,,,,,,,,,media/dfnb.png,3,3,Symb,f,RT,0,0,0,1,8,0,6,0,1,13,99,f,0.594,3,1,f,1,0.594,6,0,6,0,1,,,,,,,,,,,,,
,,,,,,,,,,,,,,,,,326,2,2024-03-12_01h06.14.197,Symbol-E,2020.1.3,Win32,Firefox,Mozilla/5.0 (Windows NT 10.0; Win64; x64; rv:123.0) Gecko/20100101 Firefox/123.0,60,,,,,,,,,,,,,,,,,,,,,,,,,,,,,,,,,,,,,,media/dgnb.png,0,0,Symb,a,RT,0,0,0,1,8,0,7,0,1,13,99,a,0.584,0,1,a,1,0.584,7,0,7,0,1,,,,,,,,,,,,,
,,,,,,,,,,,,,,,,,326,2,2024-03-12_01h06.14.197,Symbol-E,2020.1.3,Win32,Firefox,Mozilla/5.0 (Windows NT 10.0; Win64; x64; rv:123.0) Gecko/20100101 Firefox/123.0,60,,,,,,,,,,,,,,,,,,,,,,,,,,,,,,,,,,,,,,media/dcnb.png,2,2,Symb,e,RT,0,0,0,1,8,0,8,0,1,13,99,e,0.485,2,1,e,1,0.485,8,0,8,0,1,,,,,,,,,,,,,
,,,,,,,,,,,,,,,,,326,2,2024-03-12_01h06.14.197,Symbol-E,2020.1.3,Win32,Firefox,Mozilla/5.0 (Windows NT 10.0; Win64; x64; rv:123.0) Gecko/20100101 Firefox/123.0,60,,,,,,,,,,,,,,,,,,,,,,,,,,,,,,,,,,,,,,media/ddnb.png,7,3,Symb,l,RT,0,0,0,1,8,0,9,0,1,13,99,l,0.571,7,1,l,1,0.571,9,0,9,0,1,,,,,,,,,,,,,
,,,,,,,,,,,,,,,,,326,2,2024-03-12_01h06.14.197,Symbol-E,2020.1.3,Win32,Firefox,Mozilla/5.0 (Windows NT 10.0; Win64; x64; rv:123.0) Gecko/20100101 Firefox/123.0,60,,,,,,,,,,,,,,,,,,,,,,,,,,,,,,,,,,,,,,media/djnb.png,4,0,Symb,h,RT,0,0,0,1,8,0,10,0,1,13,99,h,0.551,4,1,h,1,0.551,10,0,10,0,1,,,,,,,,,,,,,
,,,,,,,,,,,,,,,,,326,2,2024-03-12_01h06.14.197,Symbol-E,2020.1.3,Win32,Firefox,Mozilla/5.0 (Windows NT 10.0; Win64; x64; rv:123.0) Gecko/20100101 Firefox/123.0,60,,,,,,,,,,,,,,,,,,,,,,,,,,,,,,,,,,,,,,media/djnb.png,4,0,Symb,h,RT,0,0,0,1,8,0,11,0,1,13,99,h,0.452,4,1,h,1,0.452,11,0,11,0,1,,,,,,,,,,,,,
,,,,,,,,,,,,,,,,,326,2,2024-03-12_01h06.14.197,Symbol-E,2020.1.3,Win32,Firefox,Mozilla/5.0 (Windows NT 10.0; Win64; x64; rv:123.0) Gecko/20100101 Firefox/123.0,60,,,,,,,,,,,,,,,,,,,,,,,,,,,,,,,,,,,,,,media/dnnb.png,5,1,Symb,u,RT,0,0,0,1,8,0,12,0,1,13,99,u,0.566,5,1,u,1,0.566,12,0,12,0,1,,,,,,,,,,,,,
,,,,,,,,,,,,,,,,,326,2,2024-03-12_01h06.14.197,Symbol-E,2020.1.3,Win32,Firefox,Mozilla/5.0 (Windows NT 10.0; Win64; x64; rv:123.0) Gecko/20100101 Firefox/123.0,60,,,,,,,,,,,,,,,,,,,,,,,,,,,,,,,,,,,,,,media/dcnb.png,2,2,Symb,e,RT,0,0,0,1,8,0,13,0,1,13,99,e,0.535,2,1,e,1,0.535,13,0,13,0,1,,,,,,,,,,,,,
,,,,,,,,,,,,,,,,,326,2,2024-03-12_01h06.14.197,Symbol-E,2020.1.3,Win32,Firefox,Mozilla/5.0 (Windows NT 10.0; Win64; x64; rv:123.0) Gecko/20100101 Firefox/123.0,60,,,,,,,,,,,,,,,,,,,,,,,,,,,,,,,,,,,,,,media/dfnb.png,3,3,Symb,f,RT,0,0,0,1,8,0,14,0,1,13,99,h,0.617,4,0,h,0,0.617,14,0,14,0,1,,,,,,,,,,,,,
,,,,,,,,,,,,,,,,,326,2,2024-03-12_01h06.14.197,Symbol-E,2020.1.3,Win32,Firefox,Mozilla/5.0 (Windows NT 10.0; Win64; x64; rv:123.0) Gecko/20100101 Firefox/123.0,60,,,,,,,,,,,,,,,,,,,,,,,,,,,,,,,,,,,,,,media/dnnb.png,5,1,Symb,u,RT,0,0,0,1,8,0,15,0,1,13,99,u,0.851,5,1,u,1,0.851,15,0,15,0,1,,,,,,,,,,,,,
,,,,,,,,,,,,,,,,,326,2,2024-03-12_01h06.14.197,Symbol-E,2020.1.3,Win32,Firefox,Mozilla/5.0 (Windows NT 10.0; Win64; x64; rv:123.0) Gecko/20100101 Firefox/123.0,60,,,,,,,,,,,,,,,,,,,,,,,,,,,,,,,,,,,,,,media/dgnb.png,0,0,Symb,a,RT,0,0,0,1,8,0,16,0,1,13,99,a,0.617,0,1,a,1,0.617,16,0,16,0,1,,,,,,,,,,,,,
,,,,,,,,,,,,,,,,,326,2,2024-03-12_01h06.14.197,Symbol-E,2020.1.3,Win32,Firefox,Mozilla/5.0 (Windows NT 10.0; Win64; x64; rv:123.0) Gecko/20100101 Firefox/123.0,60,,,,,,,,,,,,,,,,,,,,,,,,,,,,,,,,,,,,,,media/ddnb.png,7,3,Symb,l,RT,0,0,0,1,8,0,17,0,1,13,99,l,0.567,7,1,l,1,0.567,17,0,17,0,1,,,,,,,,,,,,,
,,,,,,,,,,,,,,,,,326,2,2024-03-12_01h06.14.197,Symbol-E,2020.1.3,Win32,Firefox,Mozilla/5.0 (Windows NT 10.0; Win64; x64; rv:123.0) Gecko/20100101 Firefox/123.0,60,,,,,,,,,,,,,,,,,,,,,,,,,,,,,,,,,,,,,,media/dnnb.png,5,1,Symb,u,RT,0,0,0,1,8,0,18,0,1,13,99,u,0.898,5,1,u,1,0.898,18,0,18,0,1,,,,,,,,,,,,,
,,,,,,,,,,,,,,,,,326,2,2024-03-12_01h06.14.197,Symbol-E,2020.1.3,Win32,Firefox,Mozilla/5.0 (Windows NT 10.0; Win64; x64; rv:123.0) Gecko/20100101 Firefox/123.0,60,,,,,,,,,,,,,,,,,,,,,,,,,,,,,,,,,,,,,,media/dfnb.png,3,3,Symb,f,RT,0,0,0,1,8,0,19,0,1,13,99,f,0.737,3,1,f,1,0.737,19,0,19,0,1,,,,,,,,,,,,,
,,,,,,,,,,,,,,,,,326,2,2024-03-12_01h06.14.197,Symbol-E,2020.1.3,Win32,Firefox,Mozilla/5.0 (Windows NT 10.0; Win64; x64; rv:123.0) Gecko/20100101 Firefox/123.0,60,,,,,,,,,,,,,,,,,,,,,,,,,,,,,,,,,,,,,,media/dfnb.png,3,3,Symb,f,RT,0,0,0,1,8,0,20,0,1,13,99,f,0.434,3,1,f,1,0.434,20,0,20,0,1,,,,,,,,,,,,,
,,,,,,,,,,,,,,,,,326,2,2024-03-12_01h06.14.197,Symbol-E,2020.1.3,Win32,Firefox,Mozilla/5.0 (Windows NT 10.0; Win64; x64; rv:123.0) Gecko/20100101 Firefox/123.0,60,,,,,,,,,,,,,,,,,,,,,,,,,,,,,,,,,,,,,,media/dcnb.png,2,2,Symb,e,RT,0,0,0,1,8,0,21,0,1,13,99,e,0.534,2,1,e,1,0.534,21,0,21,0,1,,,,,,,,,,,,,
,,,,,,,,,,,,,,,,,326,2,2024-03-12_01h06.14.197,Symbol-E,2020.1.3,Win32,Firefox,Mozilla/5.0 (Windows NT 10.0; Win64; x64; rv:123.0) Gecko/20100101 Firefox/123.0,60,,,,,,,,,,,,,,,,,,,,,,,,,,,,,,,,,,,,,,media/dmnb.png,1,1,Symb,w,RT,0,0,0,1,8,0,22,0,1,13,99,w,0.569,1,1,w,1,0.569,22,0,22,0,1,,,,,,,,,,,,,
,,,,,,,,,,,,,,,,,326,2,2024-03-12_01h06.14.197,Symbol-E,2020.1.3,Win32,Firefox,Mozilla/5.0 (Windows NT 10.0; Win64; x64; rv:123.0) Gecko/20100101 Firefox/123.0,60,,,,,,,,,,,,,,,,,,,,,,,,,,,,,,,,,,,,,,media/dinb.png,6,2,Symb,i,RT,0,0,0,1,8,0,23,0,1,13,99,i,0.733,6,1,i,1,0.733,23,0,23,0,1,,,,,,,,,,,,,
,,,,,,,,,,,,,,,,,326,2,2024-03-12_01h06.14.197,Symbol-E,2020.1.3,Win32,Firefox,Mozilla/5.0 (Windows NT 10.0; Win64; x64; rv:123.0) Gecko/20100101 Firefox/123.0,60,,,,,,,,,,,,,,,,,,,,,,,,,,,,,,,,,,,,,,media/dinb.png,6,2,Symb,i,RT,0,0,0,1,8,0,24,0,1,13,99,i,0.451,6,1,i,1,0.451,24,0,24,0,1,,,,,,,,,,,,,
,,,,,,,,,,,,,,,,,326,2,2024-03-12_01h06.14.197,Symbol-E,2020.1.3,Win32,Firefox,Mozilla/5.0 (Windows NT 10.0; Win64; x64; rv:123.0) Gecko/20100101 Firefox/123.0,60,,,,,,,,,,,,,,,,,,,,,,,,,,,,,,,,,,,,,,media/dnnb.png,5,1,Symb,u,RT,0,0,0,1,8,0,25,0,1,13,99,u,0.548,5,1,u,1,0.548,25,0,25,0,1,,,,,,,,,,,,,
,,,,,,,,,,,,,,,,,326,2,2024-03-12_01h06.14.197,Symbol-E,2020.1.3,Win32,Firefox,Mozilla/5.0 (Windows NT 10.0; Win64; x64; rv:123.0) Gecko/20100101 Firefox/123.0,60,,,,,,,,,,,,,,,,,,,,,,,,,,,,,,,,,,,,,,media/djnb.png,4,0,Symb,h,RT,0,0,0,1,8,0,26,0,1,13,99,h,0.651,4,1,h,1,0.651,26,0,26,0,1,,,,,,,,,,,,,
,,,,,,,,,,,,,,,,,326,2,2024-03-12_01h06.14.197,Symbol-E,2020.1.3,Win32,Firefox,Mozilla/5.0 (Windows NT 10.0; Win64; x64; rv:123.0) Gecko/20100101 Firefox/123.0,60,,,,,,,,,,,,,,,,,,,,,,,,,,,,,,,,,,,,,,media/djnb.png,4,0,Symb,h,RT,0,0,0,1,8,0,27,0,1,13,99,h,0.455,4,1,h,1,0.455,27,0,27,0,1,,,,,,,,,,,,,
,,,,,,,,,,,,,,,,,326,2,2024-03-12_01h06.14.197,Symbol-E,2020.1.3,Win32,Firefox,Mozilla/5.0 (Windows NT 10.0; Win64; x64; rv:123.0) Gecko/20100101 Firefox/123.0,60,,,,,,,,,,,,,,,,,,,,,,,,,,,,,,,,,,,,,,media/ddnb.png,7,3,Symb,l,RT,0,0,0,1,8,0,28,0,1,13,99,l,0.601,7,1,l,1,0.601,28,0,28,0,1,,,,,,,,,,,,,
,,,,,,,,,,,,,,,,,326,2,2024-03-12_01h06.14.197,Symbol-E,2020.1.3,Win32,Firefox,Mozilla/5.0 (Windows NT 10.0; Win64; x64; rv:123.0) Gecko/20100101 Firefox/123.0,60,,,,,,,,,,,,,,,,,,,,,,,,,,,,,,,,,,,,,,media/dgnb.png,0,0,Symb,a,RT,0,0,0,1,8,0,29,0,1,13,99,a,1.052,0,1,a,1,1.052,29,0,29,0,1,,,,,,,,,,,,,
,,,,,,,,,,,,,,,,,326,2,2024-03-12_01h06.14.197,Symbol-E,2020.1.3,Win32,Firefox,Mozilla/5.0 (Windows NT 10.0; Win64; x64; rv:123.0) Gecko/20100101 Firefox/123.0,60,,,,,,,,,,,,,,,,,,,,,,,,,,,,,,,,,,,,,,media/dmnb.png,1,1,Symb,w,RT,0,0,0,1,8,0,30,0,1,13,99,w,0.581,1,1,w,1,0.581,30,0,30,0,1,,,,,,,,,,,,,
,,,,,,,,,,,,,,,,,326,2,2024-03-12_01h06.14.197,Symbol-E,2020.1.3,Win32,Firefox,Mozilla/5.0 (Windows NT 10.0; Win64; x64; rv:123.0) Gecko/20100101 Firefox/123.0,60,,,,,,,,,,,,,,,,,,,,,,,,,,,,,,,,,,,,,,media/dcnb.png,2,2,Symb,e,RT,0,0,0,1,8,0,31,0,1,13,99,e,0.588,2,1,e,1,0.588,31,0,31,0,1,,,,,,,,,,,,,
,,,,,,,,,,,,,,,,,326,2,2024-03-12_01h06.14.197,Symbol-E,2020.1.3,Win32,Firefox,Mozilla/5.0 (Windows NT 10.0; Win64; x64; rv:123.0) Gecko/20100101 Firefox/123.0,60,,,,,,,,,,,,,,,,,,,,,,,,,,,,,,,,,,,,,,media/dgnb.png,0,0,Symb,a,RT,0,0,0,1,8,0,32,0,1,13,99,a,0.603,0,1,a,1,0.603,32,0,32,0,1,,,,,,,,,,,,,
,,,,,,,,,,,,,,,,,326,2,2024-03-12_01h06.14.197,Symbol-E,2020.1.3,Win32,Firefox,Mozilla/5.0 (Windows NT 10.0; Win64; x64; rv:123.0) Gecko/20100101 Firefox/123.0,60,,,,,,,,,,,,,,,,,,,,,,,,,,,,,,,,,,,,,,media/dfnb.png,3,3,Symb,f,RT,0,0,0,1,8,0,33,0,1,13,99,f,0.564,3,1,f,1,0.564,33,0,33,0,1,,,,,,,,,,,,,
,,,,,,,,,,,,,,,,,326,2,2024-03-12_01h06.14.197,Symbol-E,2020.1.3,Win32,Firefox,Mozilla/5.0 (Windows NT 10.0; Win64; x64; rv:123.0) Gecko/20100101 Firefox/123.0,60,,,,,,,,,,,,,,,,,,,,,,,,,,,,,,,,,,,,,,media/dmnb.png,1,1,Symb,w,RT,0,0,0,1,8,0,34,0,1,13,99,w,0.517,1,1,w,1,0.517,34,0,34,0,1,,,,,,,,,,,,,
,,,,,,,,,,,,,,,,,326,2,2024-03-12_01h06.14.197,Symbol-E,2020.1.3,Win32,Firefox,Mozilla/5.0 (Windows NT 10.0; Win64; x64; rv:123.0) Gecko/20100101 Firefox/123.0,60,,,,,,,,,,,,,,,,,,,,,,,,,,,,,,,,,,,,,,media/dfnb.png,3,3,Symb,f,RT,0,0,0,1,8,0,35,0,1,13,99,f,0.604,3,1,f,1,0.604,35,0,35,0,1,,,,,,,,,,,,,
,,,,,,,,,,,,,,,,,326,2,2024-03-12_01h06.14.197,Symbol-E,2020.1.3,Win32,Firefox,Mozilla/5.0 (Windows NT 10.0; Win64; x64; rv:123.0) Gecko/20100101 Firefox/123.0,60,,,,,,,,,,,,,,,,,,,,,,,,,,,,,,,,,,,,,,media/dnnb.png,5,1,Symb,u,RT,0,0,0,1,8,0,36,0,1,13,99,u,1.085,5,1,u,1,1.085,36,0,36,0,1,,,,,,,,,,,,,
,,,,,,,,,,,,,,,,,326,2,2024-03-12_01h06.14.197,Symbol-E,2020.1.3,Win32,Firefox,Mozilla/5.0 (Windows NT 10.0; Win64; x64; rv:123.0) Gecko/20100101 Firefox/123.0,60,,,,,,,,,,,,,,,,,,,,,,,,,,,,,,,,,,,,,,media/dcnb.png,2,2,Symb,e,RT,0,0,0,1,8,0,37,0,1,13,99,e,0.518,2,1,e,1,0.518,37,0,37,0,1,,,,,,,,,,,,,
,,,,,,,,,,,,,,,,,326,2,2024-03-12_01h06.14.197,Symbol-E,2020.1.3,Win32,Firefox,Mozilla/5.0 (Windows NT 10.0; Win64; x64; rv:123.0) Gecko/20100101 Firefox/123.0,60,,,,,,,,,,,,,,,,,,,,,,,,,,,,,,,,,,,,,,media/dnnb.png,5,1,Symb,u,RT,0,0,0,1,8,0,38,0,1,13,99,u,0.516,5,1,u,1,0.516,38,0,38,0,1,,,,,,,,,,,,,
,,,,,,,,,,,,,,,,,326,2,2024-03-12_01h06.14.197,Symbol-E,2020.1.3,Win32,Firefox,Mozilla/5.0 (Windows NT 10.0; Win64; x64; rv:123.0) Gecko/20100101 Firefox/123.0,60,,,,,,,,,,,,,,,,,,,,,,,,,,,,,,,,,,,,,,media/dgnb.png,0,0,Symb,a,RT,0,0,0,1,8,0,39,0,1,13,99,a,0.586,0,1,a,1,0.586,39,0,39,0,1,,,,,,,,,,,,,
,,,,,,,,,,,,,,,,,326,2,2024-03-12_01h06.14.197,Symbol-E,2020.1.3,Win32,Firefox,Mozilla/5.0 (Windows NT 10.0; Win64; x64; rv:123.0) Gecko/20100101 Firefox/123.0,60,,,,,,,,,,,,,,,,,,,,,,,,,,,,,,,,,,,,,,media/dmnb.png,1,1,Symb,w,RT,0,0,0,1,8,0,40,0,1,13,99,w,0.612,1,1,w,1,0.612,40,0,40,0,1,,,,,,,,,,,,,
,,,,,,,,,,,,,,,,,326,2,2024-03-12_01h06.14.197,Symbol-E,2020.1.3,Win32,Firefox,Mozilla/5.0 (Windows NT 10.0; Win64; x64; rv:123.0) Gecko/20100101 Firefox/123.0,60,,,,,,,,,,,,,,,,,,,,,,,,,,,,,,,,,,,,,,media/djnb.png,4,0,Symb,h,RT,0,0,0,1,8,0,41,0,1,13,99,h,0.548,4,1,h,1,0.548,41,0,41,0,1,,,,,,,,,,,,,
,,,,,,,,,,,,,,,,,326,2,2024-03-12_01h06.14.197,Symbol-E,2020.1.3,Win32,Firefox,Mozilla/5.0 (Windows NT 10.0; Win64; x64; rv:123.0) Gecko/20100101 Firefox/123.0,60,,,,,,,,,,,,,,,,,,,,,,,,,,,,,,,,,,,,,,media/djnb.png,4,0,Symb,h,RT,0,0,0,1,8,0,42,0,1,13,99,h,0.403,4,1,h,1,0.403,42,0,42,0,1,,,,,,,,,,,,,
,,,,,,,,,,,,,,,,,326,2,2024-03-12_01h06.14.197,Symbol-E,2020.1.3,Win32,Firefox,Mozilla/5.0 (Windows NT 10.0; Win64; x64; rv:123.0) Gecko/20100101 Firefox/123.0,60,,,,,,,,,,,,,,,,,,,,,,,,,,,,,,,,,,,,,,media/ddnb.png,7,3,Symb,l,RT,0,0,0,1,8,0,43,0,1,13,99,l,0.598,7,1,l,1,0.598,43,0,43,0,1,,,,,,,,,,,,,
,,,,,,,,,,,,,,,,,326,2,2024-03-12_01h06.14.197,Symbol-E,2020.1.3,Win32,Firefox,Mozilla/5.0 (Windows NT 10.0; Win64; x64; rv:123.0) Gecko/20100101 Firefox/123.0,60,,,,,,,,,,,,,,,,,,,,,,,,,,,,,,,,,,,,,,media/dcnb.png,2,2,Symb,e,RT,0,0,0,1,8,0,44,0,1,13,99,e,0.596,2,1,e,1,0.596,44,0,44,0,1,,,,,,,,,,,,,
,,,,,,,,,,,,,,,,,326,2,2024-03-12_01h06.14.197,Symbol-E,2020.1.3,Win32,Firefox,Mozilla/5.0 (Windows NT 10.0; Win64; x64; rv:123.0) Gecko/20100101 Firefox/123.0,60,,,,,,,,,,,,,,,,,,,,,,,,,,,,,,,,,,,,,,media/dinb.png,6,2,Symb,i,RT,0,0,0,1,8,0,45,0,1,13,99,i,0.517,6,1,i,1,0.517,45,0,45,0,1,,,,,,,,,,,,,
,,,,,,,,,,,,,,,,,326,2,2024-03-12_01h06.14.197,Symbol-E,2020.1.3,Win32,Firefox,Mozilla/5.0 (Windows NT 10.0; Win64; x64; rv:123.0) Gecko/20100101 Firefox/123.0,60,,,,,,,,,,,,,,,,,,,,,,,,,,,,,,,,,,,,,,media/dinb.png,6,2,Symb,i,RT,0,0,0,1,8,0,46,0,1,13,99,i,0.411,6,1,i,1,0.411,46,0,46,0,1,,,,,,,,,,,,,
,,,,,,,,,,,,,,,,,326,2,2024-03-12_01h06.14.197,Symbol-E,2020.1.3,Win32,Firefox,Mozilla/5.0 (Windows NT 10.0; Win64; x64; rv:123.0) Gecko/20100101 Firefox/123.0,60,,,,,,,,,,,,,,,,,,,,,,,,,,,,,,,,,,,,,,media/ddnb.png,7,3,Symb,l,RT,0,0,0,1,8,0,47,0,1,13,99,l,0.551,7,1,l,1,0.551,47,0,47,0,1,,,,,,,,,,,,,
,,,,,,,,,,,,,,,,,326,2,2024-03-12_01h06.14.197,Symbol-E,2020.1.3,Win32,Firefox,Mozilla/5.0 (Windows NT 10.0; Win64; x64; rv:123.0) Gecko/20100101 Firefox/123.0,60,,,,,,,,,,,,,,,,,,,,,,,,,,,,,,,,,,,,,,media/dcnb.png,2,2,Symb,e,RT,0,0,0,1,8,0,48,0,1,13,99,e,0.767,2,1,e,1,0.767,48,0,48,0,1,,,,,,,,,,,,,
,,,,,,,,,,,,,,,,,326,2,2024-03-12_01h06.14.197,Symbol-E,2020.1.3,Win32,Firefox,Mozilla/5.0 (Windows NT 10.0; Win64; x64; rv:123.0) Gecko/20100101 Firefox/123.0,60,,,,,,,,,,,,,,,,,,,,,,,,,,,,,,,,,,,,,,media/dmnb.png,1,1,Symb,w,RT,0,0,0,1,8,0,49,0,1,13,99,w,0.549,1,1,w,1,0.549,49,0,49,0,1,,,,,,,,,,,,,
,,,,,,,,,,,,,,,,,326,2,2024-03-12_01h06.14.197,Symbol-E,2020.1.3,Win32,Firefox,Mozilla/5.0 (Windows NT 10.0; Win64; x64; rv:123.0) Gecko/20100101 Firefox/123.0,60,,,,,,,,,,,,,,,,,,,,,,,,,,,,,,,,,,,,,,media/dmnb.png,1,1,Symb,w,RT,0,0,0,1,8,0,50,0,1,13,99,w,0.404,1,1,w,1,0.404,50,0,50,0,1,,,,,,,,,,,,,
,,,,,,,,,,,,,,,,,326,2,2024-03-12_01h06.14.197,Symbol-E,2020.1.3,Win32,Firefox,Mozilla/5.0 (Windows NT 10.0; Win64; x64; rv:123.0) Gecko/20100101 Firefox/123.0,60,,,,,,,,,,,,,,,,,,,,,,,,,,,,,,,,,,,,,,media/dcnb.png,2,2,Symb,e,RT,0,0,0,1,8,0,51,0,1,13,99,e,0.567,2,1,e,1,0.567,51,0,51,0,1,,,,,,,,,,,,,
,,,,,,,,,,,,,,,,,326,2,2024-03-12_01h06.14.197,Symbol-E,2020.1.3,Win32,Firefox,Mozilla/5.0 (Windows NT 10.0; Win64; x64; rv:123.0) Gecko/20100101 Firefox/123.0,60,,,,,,,,,,,,,,,,,,,,,,,,,,,,,,,,,,,,,,media/dnnb.png,5,1,Symb,u,RT,0,0,0,1,8,0,52,0,1,13,99,u,0.521,5,1,u,1,0.521,52,0,52,0,1,,,,,,,,,,,,,
,,,,,,,,,,,,,,,,,326,2,2024-03-12_01h06.14.197,Symbol-E,2020.1.3,Win32,Firefox,Mozilla/5.0 (Windows NT 10.0; Win64; x64; rv:123.0) Gecko/20100101 Firefox/123.0,60,,,,,,,,,,,,,,,,,,,,,,,,,,,,,,,,,,,,,,media/ddnb.png,7,3,Symb,l,RT,0,0,0,1,8,0,53,0,1,13,99,l,0.63,7,1,l,1,0.63,53,0,53,0,1,,,,,,,,,,,,,
,,,,,,,,,,,,,,,,,326,2,2024-03-12_01h06.14.197,Symbol-E,2020.1.3,Win32,Firefox,Mozilla/5.0 (Windows NT 10.0; Win64; x64; rv:123.0) Gecko/20100101 Firefox/123.0,60,,,,,,,,,,,,,,,,,,,,,,,,,,,,,,,,,,,,,,media/dinb.png,6,2,Symb,i,RT,0,0,0,1,8,0,54,0,1,13,99,i,0.513,6,1,i,1,0.513,54,0,54,0,1,,,,,,,,,,,,,
,,,,,,,,,,,,,,,,,326,2,2024-03-12_01h06.14.197,Symbol-E,2020.1.3,Win32,Firefox,Mozilla/5.0 (Windows NT 10.0; Win64; x64; rv:123.0) Gecko/20100101 Firefox/123.0,60,,,,,,,,,,,,,,,,,,,,,,,,,,,,,,,,,,,,,,media/dgnb.png,0,0,Symb,a,RT,0,0,0,1,8,0,55,0,1,13,99,a,0.547,0,1,a,1,0.547,55,0,55,0,1,,,,,,,,,,,,,
,,,,,,,,,,,,,,,,,326,2,2024-03-12_01h06.14.197,Symbol-E,2020.1.3,Win32,Firefox,Mozilla/5.0 (Windows NT 10.0; Win64; x64; rv:123.0) Gecko/20100101 Firefox/123.0,60,,,,,,,,,,,,,,,,,,,,,,,,,,,,,,,,,,,,,,media/djnb.png,4,0,Symb,h,RT,0,0,0,1,8,0,56,0,1,13,99,h,0.6,4,1,h,1,0.6,56,0,56,0,1,,,,,,,,,,,,,
,,,,,,,,,,,,,,,,,326,2,2024-03-12_01h06.14.197,Symbol-E,2020.1.3,Win32,Firefox,Mozilla/5.0 (Windows NT 10.0; Win64; x64; rv:123.0) Gecko/20100101 Firefox/123.0,60,,,,,,,,,,,,,,,,,,,,,,,,,,,,,,,,,,,,,,media/dfnb.png,3,3,Symb,f,RT,0,0,0,1,8,0,57,0,1,13,99,f,0.553,3,1,f,1,0.553,57,0,57,0,1,,,,,,,,,,,,,
,,,,,,,,,,,,,,,,,326,2,2024-03-12_01h06.14.197,Symbol-E,2020.1.3,Win32,Firefox,Mozilla/5.0 (Windows NT 10.0; Win64; x64; rv:123.0) Gecko/20100101 Firefox/123.0,60,,,,,,,,,,,,,,,,,,,,,,,,,,,,,,,,,,,,,,media/dfnb.png,3,3,Symb,f,RT,0,0,0,1,8,0,58,0,1,13,99,f,0.402,3,1,f,1,0.402,58,0,58,0,1,,,,,,,,,,,,,
,,,,,,,,,,,,,,,,,326,2,2024-03-12_01h06.14.197,Symbol-E,2020.1.3,Win32,Firefox,Mozilla/5.0 (Windows NT 10.0; Win64; x64; rv:123.0) Gecko/20100101 Firefox/123.0,60,,,,,,,,,,,,,,,,,,,,,,,,,,,,,,,,,,,,,,media/djnb.png,4,0,Symb,h,RT,0,0,0,1,8,0,59,0,1,13,99,u,0.603,5,0,u,0,0.603,59,0,59,0,1,,,,,,,,,,,,,
,,,,,,,,,,,,,,,,,326,2,2024-03-12_01h06.14.197,Symbol-E,2020.1.3,Win32,Firefox,Mozilla/5.0 (Windows NT 10.0; Win64; x64; rv:123.0) Gecko/20100101 Firefox/123.0,60,,,,,,,,,,,,,,,,,,,,,,,,,,,,,,,,,,,,,,media/dinb.png,6,2,Symb,i,RT,0,0,0,1,8,0,60,0,1,13,99,i,0.45,6,1,i,1,0.45,60,0,60,0,1,,,,,,,,,,,,,
,,,,,,,,,,,,,,,,,326,2,2024-03-12_01h06.14.197,Symbol-E,2020.1.3,Win32,Firefox,Mozilla/5.0 (Windows NT 10.0; Win64; x64; rv:123.0) Gecko/20100101 Firefox/123.0,60,,,,,,,,,,,,,,,,,,,,,,,,,,,,,,,,,,,,,,media/dgnb.png,0,0,Symb,a,RT,0,0,0,1,8,0,61,0,1,13,99,a,0.587,0,1,a,1,0.587,61,0,61,0,1,,,,,,,,,,,,,
,,,,,,,,,,,,,,,,,326,2,2024-03-12_01h06.14.197,Symbol-E,2020.1.3,Win32,Firefox,Mozilla/5.0 (Windows NT 10.0; Win64; x64; rv:123.0) Gecko/20100101 Firefox/123.0,60,,,,,,,,,,,,,,,,,,,,,,,,,,,,,,,,,,,,,,media/dnnb.png,5,1,Symb,u,RT,0,0,0,1,8,0,62,0,1,13,99,u,0.535,5,1,u,1,0.535,62,0,62,0,1,,,,,,,,,,,,,
,,,,,,,,,,,,,,,,,326,2,2024-03-12_01h06.14.197,Symbol-E,2020.1.3,Win32,Firefox,Mozilla/5.0 (Windows NT 10.0; Win64; x64; rv:123.0) Gecko/20100101 Firefox/123.0,60,,,,,,,,,,,,,,,,,,,,,,,,,,,,,,,,,,,,,,media/ddnb.png,7,3,Symb,l,RT,0,0,0,1,8,0,63,0,1,13,99,l,0.623,7,1,l,1,0.623,63,0,63,0,1,,,,,,,,,,,,,
,,,,,,,,,,,,,,,,,326,2,2024-03-12_01h06.14.197,Symbol-E,2020.1.3,Win32,Firefox,Mozilla/5.0 (Windows NT 10.0; Win64; x64; rv:123.0) Gecko/20100101 Firefox/123.0,60,,,,,,,,,,,,,,,,,,,,,,,,,,,,,,,,,,,,,,media/ddnb.png,7,3,Symb,l,RT,0,0,0,1,8,0,64,0,1,13,99,l,0.685,7,1,l,1,0.685,64,0,64,0,1,,,,,,,,,,,,,
,,,,,,,,,,,,,,,,,326,2,2024-03-12_01h06.14.197,Symbol-E,2020.1.3,Win32,Firefox,Mozilla/5.0 (Windows NT 10.0; Win64; x64; rv:123.0) Gecko/20100101 Firefox/123.0,60,,,,,,,,,,,,,,,,,,,,,,,,,,,,,,,,,,,,,,media/dmnb.png,1,1,Symb,w,RT,0,0,0,1,8,0,65,0,1,13,99,w,0.652,1,1,w,1,0.652,65,0,65,0,1,,,,,,,,,,,,,
,,,,,,,,,,,,,,,,,326,2,2024-03-12_01h06.14.197,Symbol-E,2020.1.3,Win32,Firefox,Mozilla/5.0 (Windows NT 10.0; Win64; x64; rv:123.0) Gecko/20100101 Firefox/123.0,60,,,,,,,,,,,,,,,,,,,,,,,,,,,,,,,,,,,,,,media/dinb.png,6,2,Symb,i,RT,0,0,0,1,8,0,66,0,1,13,99,i,0.668,6,1,i,1,0.668,66,0,66,0,1,,,,,,,,,,,,,
,,,,,,,,,,,,,,,,,326,2,2024-03-12_01h06.14.197,Symbol-E,2020.1.3,Win32,Firefox,Mozilla/5.0 (Windows NT 10.0; Win64; x64; rv:123.0) Gecko/20100101 Firefox/123.0,60,,,,,,,,,,,,,,,,,,,,,,,,,,,,,,,,,,,,,,media/djnb.png,4,0,Symb,h,RT,0,0,0,1,8,0,67,0,1,13,99,h,0.667,4,1,h,1,0.667,67,0,67,0,1,,,,,,,,,,,,,
,,,,,,,,,,,,,,,,,326,2,2024-03-12_01h06.14.197,Symbol-E,2020.1.3,Win32,Firefox,Mozilla/5.0 (Windows NT 10.0; Win64; x64; rv:123.0) Gecko/20100101 Firefox/123.0,60,,,,,,,,,,,,,,,,,,,,,,,,,,,,,,,,,,,,,,media/ddnb.png,7,3,Symb,l,RT,0,0,0,1,8,0,68,0,1,13,99,l,0.566,7,1,l,1,0.566,68,0,68,0,1,,,,,,,,,,,,,
,,,,,,,,,,,,,,,,,326,2,2024-03-12_01h06.14.197,Symbol-E,2020.1.3,Win32,Firefox,Mozilla/5.0 (Windows NT 10.0; Win64; x64; rv:123.0) Gecko/20100101 Firefox/123.0,60,,,,,,,,,,,,,,,,,,,,,,,,,,,,,,,,,,,,,,media/dnnb.png,5,1,Symb,u,RT,0,0,0,1,8,0,69,0,1,13,99,u,0.997,5,1,u,1,0.997,69,0,69,0,1,,,,,,,,,,,,,
,,,,,,,,,,,,,,,,,326,2,2024-03-12_01h06.14.197,Symbol-E,2020.1.3,Win32,Firefox,Mozilla/5.0 (Windows NT 10.0; Win64; x64; rv:123.0) Gecko/20100101 Firefox/123.0,60,,,,,,,,,,,,,,,,,,,,,,,,,,,,,,,,,,,,,,media/dmnb.png,1,1,Symb,w,RT,0,0,0,1,8,0,70,0,1,13,99,w,0.533,1,1,w,1,0.533,70,0,70,0,1,,,,,,,,,,,,,
,,,,,,,,,,,,,,,,,326,2,2024-03-12_01h06.14.197,Symbol-E,2020.1.3,Win32,Firefox,Mozilla/5.0 (Windows NT 10.0; Win64; x64; rv:123.0) Gecko/20100101 Firefox/123.0,60,,,,,,,,,,,,,,,,,,,,,,,,,,,,,,,,,,,,,,media/dinb.png,6,2,Symb,i,RT,0,0,0,1,8,0,71,0,1,13,99,i,0.571,6,1,i,1,0.571,71,0,71,0,1,,,,,,,,,,,,,
,,,,,,,,,,,,,,,,,326,2,2024-03-12_01h06.14.197,Symbol-E,2020.1.3,Win32,Firefox,Mozilla/5.0 (Windows NT 10.0; Win64; x64; rv:123.0) Gecko/20100101 Firefox/123.0,60,,,,,,,,,,,,,,,,,,,,,,,,,,,,,,,,,,,,,,media/dgnb.png,0,0,Symb,a,RT,0,0,0,1,8,0,72,0,1,13,99,a,0.568,0,1,a,1,0.568,72,0,72,0,1,,,,,,,,,,,,,
,,,,,,,,,,,,,,,,,326,2,2024-03-12_01h06.14.197,Symbol-E,2020.1.3,Win32,Firefox,Mozilla/5.0 (Windows NT 10.0; Win64; x64; rv:123.0) Gecko/20100101 Firefox/123.0,60,,,,,,,,,,,,,,,,,,,,,,,,,,,,,,,,,,,,,,media/dnnb.png,5,1,Symb,u,RT,0,0,0,1,8,0,73,0,1,13,99,u,0.606,5,1,u,1,0.606,73,0,73,0,1,,,,,,,,,,,,,
,,,,,,,,,,,,,,,,,326,2,2024-03-12_01h06.14.197,Symbol-E,2020.1.3,Win32,Firefox,Mozilla/5.0 (Windows NT 10.0; Win64; x64; rv:123.0) Gecko/20100101 Firefox/123.0,60,,,,,,,,,,,,,,,,,,,,,,,,,,,,,,,,,,,,,,media/dcnb.png,2,2,Symb,e,RT,0,0,0,1,8,0,74,0,1,13,99,e,0.619,2,1,e,1,0.619,74,0,74,0,1,,,,,,,,,,,,,
,,,,,,,,,,,,,,,,,326,2,2024-03-12_01h06.14.197,Symbol-E,2020.1.3,Win32,Firefox,Mozilla/5.0 (Windows NT 10.0; Win64; x64; rv:123.0) Gecko/20100101 Firefox/123.0,60,,,,,,,,,,,,,,,,,,,,,,,,,,,,,,,,,,,,,,media/dfnb.png,3,3,Symb,f,RT,0,0,0,1,8,0,75,0,1,13,99,f,0.548,3,1,f,1,0.548,75,0,75,0,1,,,,,,,,,,,,,
,,,,,,,,,,,,,,,,,326,2,2024-03-12_01h06.14.197,Symbol-E,2020.1.3,Win32,Firefox,Mozilla/5.0 (Windows NT 10.0; Win64; x64; rv:123.0) Gecko/20100101 Firefox/123.0,60,,,,,,,,,,,,,,,,,,,,,,,,,,,,,,,,,,,,,,media/dfnb.png,3,3,Symb,f,RT,0,0,0,1,8,0,76,0,1,13,99,f,0.434,3,1,f,1,0.434,76,0,76,0,1,,,,,,,,,,,,,
,,,,,,,,,,,,,,,,,326,2,2024-03-12_01h06.14.197,Symbol-E,2020.1.3,Win32,Firefox,Mozilla/5.0 (Windows NT 10.0; Win64; x64; rv:123.0) Gecko/20100101 Firefox/123.0,60,,,,,,,,,,,,,,,,,,,,,,,,,,,,,,,,,,,,,,media/dgnb.png,0,0,Symb,a,RT,0,0,0,1,8,0,77,0,1,13,99,a,0.782,0,1,a,1,0.782,77,0,77,0,1,,,,,,,,,,,,,
,,,,,,,,,,,,,,,,,326,2,2024-03-12_01h06.14.197,Symbol-E,2020.1.3,Win32,Firefox,Mozilla/5.0 (Windows NT 10.0; Win64; x64; rv:123.0) Gecko/20100101 Firefox/123.0,60,,,,,,,,,,,,,,,,,,,,,,,,,,,,,,,,,,,,,,media/dcnb.png,2,2,Symb,e,RT,0,0,0,1,8,0,78,0,1,13,99,e,0.598,2,1,e,1,0.598,78,0,78,0,1,,,,,,,,,,,,,
,,,,,,,,,,,,,,,,,326,2,2024-03-12_01h06.14.197,Symbol-E,2020.1.3,Win32,Firefox,Mozilla/5.0 (Windows NT 10.0; Win64; x64; rv:123.0) Gecko/20100101 Firefox/123.0,60,,,,,,,,,,,,,,,,,,,,,,,,,,,,,,,,,,,,,,media/djnb.png,4,0,Symb,h,RT,0,0,0,1,8,0,79,0,1,13,99,h,0.682,4,1,h,1,0.682,79,0,79,0,1,,,,,,,,,,,,,
,,,,,,,,,,,,,,,,,326,2,2024-03-12_01h06.14.197,Symbol-E,2020.1.3,Win32,Firefox,Mozilla/5.0 (Windows NT 10.0; Win64; x64; rv:123.0) Gecko/20100101 Firefox/123.0,60,,,,,,,,,,,,,,,,,,,,,,,,,,,,,,,,,,,,,,media/dfnb.png,3,3,Symb,f,RT,0,0,0,1,8,0,80,0,1,13,99,f,0.965,3,1,f,1,0.965,80,0,80,0,1,,,,,,,,,,,,,
,,,,,,,,,,,,,,,,,326,2,2024-03-12_01h06.14.197,Symbol-E,2020.1.3,Win32,Firefox,Mozilla/5.0 (Windows NT 10.0; Win64; x64; rv:123.0) Gecko/20100101 Firefox/123.0,60,,,,,,,,,,,,,,,,,,,,,,,,,,,,,,,,,,,,,,media/dgnb.png,0,0,Symb,a,RT,0,0,0,1,8,0,81,0,1,13,99,a,0.465,0,1,a,1,0.465,81,0,81,0,1,,,,,,,,,,,,,
,,,,,,,,,,,,,,,,,326,2,2024-03-12_01h06.14.197,Symbol-E,2020.1.3,Win32,Firefox,Mozilla/5.0 (Windows NT 10.0; Win64; x64; rv:123.0) Gecko/20100101 Firefox/123.0,60,,,,,,,,,,,,,,,,,,,,,,,,,,,,,,,,,,,,,,media/ddnb.png,7,3,Symb,l,RT,0,0,0,1,8,0,82,0,1,13,99,l,0.564,7,1,l,1,0.564,82,0,82,0,1,,,,,,,,,,,,,
,,,,,,,,,,,,,,,,,326,2,2024-03-12_01h06.14.197,Symbol-E,2020.1.3,Win32,Firefox,Mozilla/5.0 (Windows NT 10.0; Win64; x64; rv:123.0) Gecko/20100101 Firefox/123.0,60,,,,,,,,,,,,,,,,,,,,,,,,,,,,,,,,,,,,,,media/dmnb.png,1,1,Symb,w,RT,0,0,0,1,8,0,83,0,1,13,99,e,0.513,2,0,e,0,0.513,83,0,83,0,1,,,,,,,,,,,,,
,,,,,,,,,,,,,,,,,326,2,2024-03-12_01h06.14.197,Symbol-E,2020.1.3,Win32,Firefox,Mozilla/5.0 (Windows NT 10.0; Win64; x64; rv:123.0) Gecko/20100101 Firefox/123.0,60,,,,,,,,,,,,,,,,,,,,,,,,,,,,,,,,,,,,,,media/dinb.png,6,2,Symb,i,RT,0,0,0,1,8,0,84,0,1,13,99,i,0.548,6,1,i,1,0.548,84,0,84,0,1,,,,,,,,,,,,,
,,,,,,,,,,,,,,,,,326,2,2024-03-12_01h06.14.197,Symbol-E,2020.1.3,Win32,Firefox,Mozilla/5.0 (Windows NT 10.0; Win64; x64; rv:123.0) Gecko/20100101 Firefox/123.0,60,,,,,,,,,,,,,,,,,,,,,,,,,,,,,,,,,,,,,,media/dnnb.png,5,1,Symb,u,RT,0,0,0,1,8,0,85,0,1,13,99,u,0.616,5,1,u,1,0.616,85,0,85,0,1,,,,,,,,,,,,,
,,,,,,,,,,,,,,,,,326,2,2024-03-12_01h06.14.197,Symbol-E,2020.1.3,Win32,Firefox,Mozilla/5.0 (Windows NT 10.0; Win64; x64; rv:123.0) Gecko/20100101 Firefox/123.0,60,,,,,,,,,,,,,,,,,,,,,,,,,,,,,,,,,,,,,,media/djnb.png,4,0,Symb,h,RT,0,0,0,1,8,0,86,0,1,13,99,f,0.704,3,0,f,0,0.704,86,0,86,0,1,,,,,,,,,,,,,
,,,,,,,,,,,,,,,,,326,2,2024-03-12_01h06.14.197,Symbol-E,2020.1.3,Win32,Firefox,Mozilla/5.0 (Windows NT 10.0; Win64; x64; rv:123.0) Gecko/20100101 Firefox/123.0,60,,,,,,,,,,,,,,,,,,,,,,,,,,,,,,,,,,,,,,media/dmnb.png,1,1,Symb,w,RT,0,0,0,1,8,0,87,0,1,13,99,w,0.516,1,1,w,1,0.516,87,0,87,0,1,,,,,,,,,,,,,
,,,,,,,,,,,,,,,,,326,2,2024-03-12_01h06.14.197,Symbol-E,2020.1.3,Win32,Firefox,Mozilla/5.0 (Windows NT 10.0; Win64; x64; rv:123.0) Gecko/20100101 Firefox/123.0,60,,,,,,,,,,,,,,,,,,,,,,,,,,,,,,,,,,,,,,media/dcnb.png,2,2,Symb,e,RT,0,0,0,1,8,0,88,0,1,13,99,e,0.43,2,1,e,1,0.43,88,0,88,0,1,,,,,,,,,,,,,
,,,,,,,,,,,,,,,,,326,2,2024-03-12_01h06.14.197,Symbol-E,2020.1.3,Win32,Firefox,Mozilla/5.0 (Windows NT 10.0; Win64; x64; rv:123.0) Gecko/20100101 Firefox/123.0,60,,,,,,,,,,,,,,,,,,,,,,,,,,,,,,,,,,,,,,media/dgnb.png,0,0,Symb,a,RT,0,0,0,1,8,0,89,0,1,13,99,a,0.583,0,1,a,1,0.583,89,0,89,0,1,,,,,,,,,,,,,
,,,,,,,,,,,,,,,,,326,2,2024-03-12_01h06.14.197,Symbol-E,2020.1.3,Win32,Firefox,Mozilla/5.0 (Windows NT 10.0; Win64; x64; rv:123.0) Gecko/20100101 Firefox/123.0,60,,,,,,,,,,,,,,,,,,,,,,,,,,,,,,,,,,,,,,media/ddnb.png,7,3,Symb,l,RT,0,0,0,1,8,0,90,0,1,13,99,l,0.569,7,1,l,1,0.569,90,0,90,0,1,,,,,,,,,,,,,
,,,,,,,,,,,,,,,,,326,2,2024-03-12_01h06.14.197,Symbol-E,2020.1.3,Win32,Firefox,Mozilla/5.0 (Windows NT 10.0; Win64; x64; rv:123.0) Gecko/20100101 Firefox/123.0,60,,,,,,,,,,,,,,,,,,,,,,,,,,,,,,,,,,,,,,media/dcnb.png,2,2,Symb,e,RT,0,0,0,1,8,0,91,0,1,13,99,e,0.649,2,1,e,1,0.649,91,0,91,0,1,,,,,,,,,,,,,
,,,,,,,,,,,,,,,,,326,2,2024-03-12_01h06.14.197,Symbol-E,2020.1.3,Win32,Firefox,Mozilla/5.0 (Windows NT 10.0; Win64; x64; rv:123.0) Gecko/20100101 Firefox/123.0,60,,,,,,,,,,,,,,,,,,,,,,,,,,,,,,,,,,,,,,media/djnb.png,4,0,Symb,h,RT,0,0,0,1,8,0,92,0,1,13,99,h,0.569,4,1,h,1,0.569,92,0,92,0,1,,,,,,,,,,,,,
,,,,,,,,,,,,,,,,,326,2,2024-03-12_01h06.14.197,Symbol-E,2020.1.3,Win32,Firefox,Mozilla/5.0 (Windows NT 10.0; Win64; x64; rv:123.0) Gecko/20100101 Firefox/123.0,60,,,,,,,,,,,,,,,,,,,,,,,,,,,,,,,,,,,,,,media/dnnb.png,5,1,Symb,u,RT,0,0,0,1,8,0,93,0,1,13,99,u,0.601,5,1,u,1,0.601,93,0,93,0,1,,,,,,,,,,,,,
,,,,,,,,,,,,,,,,,326,2,2024-03-12_01h06.14.197,Symbol-E,2020.1.3,Win32,Firefox,Mozilla/5.0 (Windows NT 10.0; Win64; x64; rv:123.0) Gecko/20100101 Firefox/123.0,60,,,,,,,,,,,,,,,,,,,,,,,,,,,,,,,,,,,,,,media/dinb.png,6,2,Symb,i,RT,0,0,0,1,8,0,94,0,1,13,99,i,0.52,6,1,i,1,0.52,94,0,94,0,1,,,,,,,,,,,,,
,,,,,,,,,,,,,,,,,326,2,2024-03-12_01h06.14.197,Symbol-E,2020.1.3,Win32,Firefox,Mozilla/5.0 (Windows NT 10.0; Win64; x64; rv:123.0) Gecko/20100101 Firefox/123.0,60,,,,,,,,,,,,,,,,,,,,,,,,,,,,,,,,,,,,,,media/dfnb.png,3,3,Symb,f,RT,0,0,0,1,8,0,95,0,1,13,99,f,1.022,3,1,f,1,1.022,95,0,95,0,1,,,,,,,,,,,,,
,,,,,,,,,,,,,,,,,326,2,2024-03-12_01h06.14.197,Symbol-E,2020.1.3,Win32,Firefox,Mozilla/5.0 (Windows NT 10.0; Win64; x64; rv:123.0) Gecko/20100101 Firefox/123.0,60,,,,,,,,,,,,,,,,,,,,,,,,,,,,,,,,,,,,,,,,,,,,,,,,,,,,,,,,,,,,,,,,,,,12,0,12,0,1,,,,,,,,
,,,,,,,,,,,,,,,,,326,2,2024-03-12_01h06.14.197,Symbol-E,2020.1.3,Win32,Firefox,Mozilla/5.0 (Windows NT 10.0; Win64; x64; rv:123.0) Gecko/20100101 Firefox/123.0,60,,,,,,,,,,,,,,,,,,,,,,,,,,,,,,,,,,,,h,1.6,media/dmnb.png,1,1,Symb,w,RT,0,0,0,1,8,0,0,0,1,14,99,w,0.684,1,1,w,1,0.684,0,0,0,0,1,,,,,,,,,,,,,
,,,,,,,,,,,,,,,,,326,2,2024-03-12_01h06.14.197,Symbol-E,2020.1.3,Win32,Firefox,Mozilla/5.0 (Windows NT 10.0; Win64; x64; rv:123.0) Gecko/20100101 Firefox/123.0,60,,,,,,,,,,,,,,,,,,,,,,,,,,,,,,,,,,,,,,media/djnb.png,4,0,Symb,h,RT,0,0,0,1,8,0,1,0,1,14,99,h,1.501,4,1,h,1,1.501,1,0,1,0,1,,,,,,,,,,,,,
,,,,,,,,,,,,,,,,,326,2,2024-03-12_01h06.14.197,Symbol-E,2020.1.3,Win32,Firefox,Mozilla/5.0 (Windows NT 10.0; Win64; x64; rv:123.0) Gecko/20100101 Firefox/123.0,60,,,,,,,,,,,,,,,,,,,,,,,,,,,,,,,,,,,,,,media/dgnb.png,0,0,Symb,a,RT,0,0,0,1,8,0,2,0,1,14,99,a,0.569,0,1,a,1,0.569,2,0,2,0,1,,,,,,,,,,,,,
,,,,,,,,,,,,,,,,,326,2,2024-03-12_01h06.14.197,Symbol-E,2020.1.3,Win32,Firefox,Mozilla/5.0 (Windows NT 10.0; Win64; x64; rv:123.0) Gecko/20100101 Firefox/123.0,60,,,,,,,,,,,,,,,,,,,,,,,,,,,,,,,,,,,,,,media/dcnb.png,2,2,Symb,e,RT,0,0,0,1,8,0,3,0,1,14,99,e,0.584,2,1,e,1,0.584,3,0,3,0,1,,,,,,,,,,,,,
,,,,,,,,,,,,,,,,,326,2,2024-03-12_01h06.14.197,Symbol-E,2020.1.3,Win32,Firefox,Mozilla/5.0 (Windows NT 10.0; Win64; x64; rv:123.0) Gecko/20100101 Firefox/123.0,60,,,,,,,,,,,,,,,,,,,,,,,,,,,,,,,,,,,,,,media/dfnb.png,3,3,Symb,f,RT,0,0,0,1,8,0,4,0,1,14,99,f,1.082,3,1,f,1,1.082,4,0,4,0,1,,,,,,,,,,,,,
,,,,,,,,,,,,,,,,,326,2,2024-03-12_01h06.14.197,Symbol-E,2020.1.3,Win32,Firefox,Mozilla/5.0 (Windows NT 10.0; Win64; x64; rv:123.0) Gecko/20100101 Firefox/123.0,60,,,,,,,,,,,,,,,,,,,,,,,,,,,,,,,,,,,,,,media/dgnb.png,0,0,Symb,a,RT,0,0,0,1,8,0,5,0,1,14,99,a,0.549,0,1,a,1,0.549,5,0,5,0,1,,,,,,,,,,,,,
,,,,,,,,,,,,,,,,,326,2,2024-03-12_01h06.14.197,Symbol-E,2020.1.3,Win32,Firefox,Mozilla/5.0 (Windows NT 10.0; Win64; x64; rv:123.0) Gecko/20100101 Firefox/123.0,60,,,,,,,,,,,,,,,,,,,,,,,,,,,,,,,,,,,,,,media/dcnb.png,2,2,Symb,e,RT,0,0,0,1,8,0,6,0,1,14,99,e,0.568,2,1,e,1,0.568,6,0,6,0,1,,,,,,,,,,,,,
,,,,,,,,,,,,,,,,,326,2,2024-03-12_01h06.14.197,Symbol-E,2020.1.3,Win32,Firefox,Mozilla/5.0 (Windows NT 10.0; Win64; x64; rv:123.0) Gecko/20100101 Firefox/123.0,60,,,,,,,,,,,,,,,,,,,,,,,,,,,,,,,,,,,,,,media/djnb.png,4,0,Symb,h,RT,0,0,0,1,8,0,7,0,1,14,99,h,0.603,4,1,h,1,0.603,7,0,7,0,1,,,,,,,,,,,,,
,,,,,,,,,,,,,,,,,326,2,2024-03-12_01h06.14.197,Symbol-E,2020.1.3,Win32,Firefox,Mozilla/5.0 (Windows NT 10.0; Win64; x64; rv:123.0) Gecko/20100101 Firefox/123.0,60,,,,,,,,,,,,,,,,,,,,,,,,,,,,,,,,,,,,,,media/dnnb.png,5,1,Symb,u,RT,0,0,0,1,8,0,8,0,1,14,99,u,0.633,5,1,u,1,0.633,8,0,8,0,1,,,,,,,,,,,,,
,,,,,,,,,,,,,,,,,326,2,2024-03-12_01h06.14.197,Symbol-E,2020.1.3,Win32,Firefox,Mozilla/5.0 (Windows NT 10.0; Win64; x64; rv:123.0) Gecko/20100101 Firefox/123.0,60,,,,,,,,,,,,,,,,,,,,,,,,,,,,,,,,,,,,,,media/dmnb.png,1,1,Symb,w,RT,0,0,0,1,8,0,9,0,1,14,99,w,1.248,1,1,w,1,1.248,9,0,9,0,1,,,,,,,,,,,,,
,,,,,,,,,,,,,,,,,326,2,2024-03-12_01h06.14.197,Symbol-E,2020.1.3,Win32,Firefox,Mozilla/5.0 (Windows NT 10.0; Win64; x64; rv:123.0) Gecko/20100101 Firefox/123.0,60,,,,,,,,,,,,,,,,,,,,,,,,,,,,,,,,,,,,,,media/ddnb.png,7,3,Symb,l,RT,0,0,0,1,8,0,10,0,1,14,99,l,0.584,7,1,l,1,0.584,10,0,10,0,1,,,,,,,,,,,,,
,,,,,,,,,,,,,,,,,326,2,2024-03-12_01h06.14.197,Symbol-E,2020.1.3,Win32,Firefox,Mozilla/5.0 (Windows NT 10.0; Win64; x64; rv:123.0) Gecko/20100101 Firefox/123.0,60,,,,,,,,,,,,,,,,,,,,,,,,,,,,,,,,,,,,,,media/dinb.png,6,2,Symb,i,RT,0,0,0,1,8,0,11,0,1,14,99,i,0.539,6,1,i,1,0.539,11,0,11,0,1,,,,,,,,,,,,,
,,,,,,,,,,,,,,,,,326,2,2024-03-12_01h06.14.197,Symbol-E,2020.1.3,Win32,Firefox,Mozilla/5.0 (Windows NT 10.0; Win64; x64; rv:123.0) Gecko/20100101 Firefox/123.0,60,,,,,,,,,,,,,,,,,,,,,,,,,,,,,,,,,,,,,,media/dinb.png,6,2,Symb,i,RT,0,0,0,1,8,0,12,0,1,14,99,i,0.437,6,1,i,1,0.437,12,0,12,0,1,,,,,,,,,,,,,
,,,,,,,,,,,,,,,,,326,2,2024-03-12_01h06.14.197,Symbol-E,2020.1.3,Win32,Firefox,Mozilla/5.0 (Windows NT 10.0; Win64; x64; rv:123.0) Gecko/20100101 Firefox/123.0,60,,,,,,,,,,,,,,,,,,,,,,,,,,,,,,,,,,,,,,media/ddnb.png,7,3,Symb,l,RT,0,0,0,1,8,0,13,0,1,14,99,l,0.99,7,1,l,1,0.99,13,0,13,0,1,,,,,,,,,,,,,
,,,,,,,,,,,,,,,,,326,2,2024-03-12_01h06.14.197,Symbol-E,2020.1.3,Win32,Firefox,Mozilla/5.0 (Windows NT 10.0; Win64; x64; rv:123.0) Gecko/20100101 Firefox/123.0,60,,,,,,,,,,,,,,,,,,,,,,,,,,,,,,,,,,,,,,media/dfnb.png,3,3,Symb,f,RT,0,0,0,1,8,0,14,0,1,14,99,f,0.583,3,1,f,1,0.583,14,0,14,0,1,,,,,,,,,,,,,
,,,,,,,,,,,,,,,,,326,2,2024-03-12_01h06.14.197,Symbol-E,2020.1.3,Win32,Firefox,Mozilla/5.0 (Windows NT 10.0; Win64; x64; rv:123.0) Gecko/20100101 Firefox/123.0,60,,,,,,,,,,,,,,,,,,,,,,,,,,,,,,,,,,,,,,media/dnnb.png,5,1,Symb,u,RT,0,0,0,1,8,0,15,0,1,14,99,u,0.799,5,1,u,1,0.799,15,0,15,0,1,,,,,,,,,,,,,
,,,,,,,,,,,,,,,,,326,2,2024-03-12_01h06.14.197,Symbol-E,2020.1.3,Win32,Firefox,Mozilla/5.0 (Windows NT 10.0; Win64; x64; rv:123.0) Gecko/20100101 Firefox/123.0,60,,,,,,,,,,,,,,,,,,,,,,,,,,,,,,,,,,,,,,media/dmnb.png,1,1,Symb,w,RT,0,0,0,1,8,0,16,0,1,14,99,w,0.549,1,1,w,1,0.549,16,0,16,0,1,,,,,,,,,,,,,
,,,,,,,,,,,,,,,,,326,2,2024-03-12_01h06.14.197,Symbol-E,2020.1.3,Win32,Firefox,Mozilla/5.0 (Windows NT 10.0; Win64; x64; rv:123.0) Gecko/20100101 Firefox/123.0,60,,,,,,,,,,,,,,,,,,,,,,,,,,,,,,,,,,,,,,media/dinb.png,6,2,Symb,i,RT,0,0,0,1,8,0,17,0,1,14,99,i,0.512,6,1,i,1,0.512,17,0,17,0,1,,,,,,,,,,,,,
,,,,,,,,,,,,,,,,,326,2,2024-03-12_01h06.14.197,Symbol-E,2020.1.3,Win32,Firefox,Mozilla/5.0 (Windows NT 10.0; Win64; x64; rv:123.0) Gecko/20100101 Firefox/123.0,60,,,,,,,,,,,,,,,,,,,,,,,,,,,,,,,,,,,,,,media/dcnb.png,2,2,Symb,e,RT,0,0,0,1,8,0,18,0,1,14,99,e,0.435,2,1,e,1,0.435,18,0,18,0,1,,,,,,,,,,,,,
,,,,,,,,,,,,,,,,,326,2,2024-03-12_01h06.14.197,Symbol-E,2020.1.3,Win32,Firefox,Mozilla/5.0 (Windows NT 10.0; Win64; x64; rv:123.0) Gecko/20100101 Firefox/123.0,60,,,,,,,,,,,,,,,,,,,,,,,,,,,,,,,,,,,,,,media/djnb.png,4,0,Symb,h,RT,0,0,0,1,8,0,19,0,1,14,99,h,0.602,4,1,h,1,0.602,19,0,19,0,1,,,,,,,,,,,,,
,,,,,,,,,,,,,,,,,326,2,2024-03-12_01h06.14.197,Symbol-E,2020.1.3,Win32,Firefox,Mozilla/5.0 (Windows NT 10.0; Win64; x64; rv:123.0) Gecko/20100101 Firefox/123.0,60,,,,,,,,,,,,,,,,,,,,,,,,,,,,,,,,,,,,,,media/dgnb.png,0,0,Symb,a,RT,0,0,0,1,8,0,20,0,1,14,99,a,0.551,0,1,a,1,0.551,20,0,20,0,1,,,,,,,,,,,,,
,,,,,,,,,,,,,,,,,326,2,2024-03-12_01h06.14.197,Symbol-E,2020.1.3,Win32,Firefox,Mozilla/5.0 (Windows NT 10.0; Win64; x64; rv:123.0) Gecko/20100101 Firefox/123.0,60,,,,,,,,,,,,,,,,,,,,,,,,,,,,,,,,,,,,,,media/ddnb.png,7,3,Symb,l,RT,0,0,0,1,8,0,21,0,1,14,99,l,0.552,7,1,l,1,0.552,21,0,21,0,1,,,,,,,,,,,,,
,,,,,,,,,,,,,,,,,326,2,2024-03-12_01h06.14.197,Symbol-E,2020.1.3,Win32,Firefox,Mozilla/5.0 (Windows NT 10.0; Win64; x64; rv:123.0) Gecko/20100101 Firefox/123.0,60,,,,,,,,,,,,,,,,,,,,,,,,,,,,,,,,,,,,,,media/djnb.png,4,0,Symb,h,RT,0,0,0,1,8,0,22,0,1,14,99,f,0.569,3,0,f,0,0.569,22,0,22,0,1,,,,,,,,,,,,,
,,,,,,,,,,,,,,,,,326,2,2024-03-12_01h06.14.197,Symbol-E,2020.1.3,Win32,Firefox,Mozilla/5.0 (Windows NT 10.0; Win64; x64; rv:123.0) Gecko/20100101 Firefox/123.0,60,,,,,,,,,,,,,,,,,,,,,,,,,,,,,,,,,,,,,,media/dfnb.png,3,3,Symb,f,RT,0,0,0,1,8,0,23,0,1,14,99,f,0.547,3,1,f,1,0.547,23,0,23,0,1,,,,,,,,,,,,,
,,,,,,,,,,,,,,,,,326,2,2024-03-12_01h06.14.197,Symbol-E,2020.1.3,Win32,Firefox,Mozilla/5.0 (Windows NT 10.0; Win64; x64; rv:123.0) Gecko/20100101 Firefox/123.0,60,,,,,,,,,,,,,,,,,,,,,,,,,,,,,,,,,,,,,,media/dmnb.png,1,1,Symb,w,RT,0,0,0,1,8,0,24,0,1,14,99,w,0.548,1,1,w,1,0.548,24,0,24,0,1,,,,,,,,,,,,,
,,,,,,,,,,,,,,,,,326,2,2024-03-12_01h06.14.197,Symbol-E,2020.1.3,Win32,Firefox,Mozilla/5.0 (Windows NT 10.0; Win64; x64; rv:123.0) Gecko/20100101 Firefox/123.0,60,,,,,,,,,,,,,,,,,,,,,,,,,,,,,,,,,,,,,,media/dnnb.png,5,1,Symb,u,RT,0,0,0,1,8,0,25,0,1,14,99,u,0.636,5,1,u,1,0.636,25,0,25,0,1,,,,,,,,,,,,,
,,,,,,,,,,,,,,,,,326,2,2024-03-12_01h06.14.197,Symbol-E,2020.1.3,Win32,Firefox,Mozilla/5.0 (Windows NT 10.0; Win64; x64; rv:123.0) Gecko/20100101 Firefox/123.0,60,,,,,,,,,,,,,,,,,,,,,,,,,,,,,,,,,,,,,,media/dgnb.png,0,0,Symb,a,RT,0,0,0,1,8,0,26,0,1,14,99,a,0.648,0,1,a,1,0.648,26,0,26,0,1,,,,,,,,,,,,,
,,,,,,,,,,,,,,,,,326,2,2024-03-12_01h06.14.197,Symbol-E,2020.1.3,Win32,Firefox,Mozilla/5.0 (Windows NT 10.0; Win64; x64; rv:123.0) Gecko/20100101 Firefox/123.0,60,,,,,,,,,,,,,,,,,,,,,,,,,,,,,,,,,,,,,,media/ddnb.png,7,3,Symb,l,RT,0,0,0,1,8,0,27,0,1,14,99,l,0.647,7,1,l,1,0.647,27,0,27,0,1,,,,,,,,,,,,,
,,,,,,,,,,,,,,,,,326,2,2024-03-12_01h06.14.197,Symbol-E,2020.1.3,Win32,Firefox,Mozilla/5.0 (Windows NT 10.0; Win64; x64; rv:123.0) Gecko/20100101 Firefox/123.0,60,,,,,,,,,,,,,,,,,,,,,,,,,,,,,,,,,,,,,,media/dinb.png,6,2,Symb,i,RT,0,0,0,1,8,0,28,0,1,14,99,i,0.497,6,1,i,1,0.497,28,0,28,0,1,,,,,,,,,,,,,
,,,,,,,,,,,,,,,,,326,2,2024-03-12_01h06.14.197,Symbol-E,2020.1.3,Win32,Firefox,Mozilla/5.0 (Windows NT 10.0; Win64; x64; rv:123.0) Gecko/20100101 Firefox/123.0,60,,,,,,,,,,,,,,,,,,,,,,,,,,,,,,,,,,,,,,media/dfnb.png,3,3,Symb,f,RT,0,0,0,1,8,0,29,0,1,14,99,f,0.563,3,1,f,1,0.563,29,0,29,0,1,,,,,,,,,,,,,
,,,,,,,,,,,,,,,,,326,2,2024-03-12_01h06.14.197,Symbol-E,2020.1.3,Win32,Firefox,Mozilla/5.0 (Windows NT 10.0; Win64; x64; rv:123.0) Gecko/20100101 Firefox/123.0,60,,,,,,,,,,,,,,,,,,,,,,,,,,,,,,,,,,,,,,media/dnnb.png,5,1,Symb,u,RT,0,0,0,1,8,0,30,0,1,14,99,u,0.6,5,1,u,1,0.6,30,0,30,0,1,,,,,,,,,,,,,
,,,,,,,,,,,,,,,,,326,2,2024-03-12_01h06.14.197,Symbol-E,2020.1.3,Win32,Firefox,Mozilla/5.0 (Windows NT 10.0; Win64; x64; rv:123.0) Gecko/20100101 Firefox/123.0,60,,,,,,,,,,,,,,,,,,,,,,,,,,,,,,,,,,,,,,media/dcnb.png,2,2,Symb,e,RT,0,0,0,1,8,0,31,0,1,14,99,e,0.801,2,1,e,1,0.801,31,0,31,0,1,,,,,,,,,,,,,
,,,,,,,,,,,,,,,,,326,2,2024-03-12_01h06.14.197,Symbol-E,2020.1.3,Win32,Firefox,Mozilla/5.0 (Windows NT 10.0; Win64; x64; rv:123.0) Gecko/20100101 Firefox/123.0,60,,,,,,,,,,,,,,,,,,,,,,,,,,,,,,,,,,,,,,media/dmnb.png,1,1,Symb,w,RT,0,0,0,1,8,0,32,0,1,14,99,w,0.549,1,1,w,1,0.549,32,0,32,0,1,,,,,,,,,,,,,
,,,,,,,,,,,,,,,,,326,2,2024-03-12_01h06.14.197,Symbol-E,2020.1.3,Win32,Firefox,Mozilla/5.0 (Windows NT 10.0; Win64; x64; rv:123.0) Gecko/20100101 Firefox/123.0,60,,,,,,,,,,,,,,,,,,,,,,,,,,,,,,,,,,,,,,media/dcnb.png,2,2,Symb,e,RT,0,0,0,1,8,0,33,0,1,14,99,e,0.682,2,1,e,1,0.682,33,0,33,0,1,,,,,,,,,,,,,
,,,,,,,,,,,,,,,,,326,2,2024-03-12_01h06.14.197,Symbol-E,2020.1.3,Win32,Firefox,Mozilla/5.0 (Windows NT 10.0; Win64; x64; rv:123.0) Gecko/20100101 Firefox/123.0,60,,,,,,,,,,,,,,,,,,,,,,,,,,,,,,,,,,,,,,media/dnnb.png,5,1,Symb,u,RT,0,0,0,1,8,0,34,0,1,14,99,u,0.648,5,1,u,1,0.648,34,0,34,0,1,,,,,,,,,,,,,
,,,,,,,,,,,,,,,,,326,2,2024-03-12_01h06.14.197,Symbol-E,2020.1.3,Win32,Firefox,Mozilla/5.0 (Windows NT 10.0; Win64; x64; rv:123.0) Gecko/20100101 Firefox/123.0,60,,,,,,,,,,,,,,,,,,,,,,,,,,,,,,,,,,,,,,media/djnb.png,4,0,Symb,h,RT,0,0,0,1,8,0,35,0,1,14,99,h,0.647,4,1,h,1,0.647,35,0,35,0,1,,,,,,,,,,,,,
,,,,,,,,,,,,,,,,,326,2,2024-03-12_01h06.14.197,Symbol-E,2020.1.3,Win32,Firefox,Mozilla/5.0 (Windows NT 10.0; Win64; x64; rv:123.0) Gecko/20100101 Firefox/123.0,60,,,,,,,,,,,,,,,,,,,,,,,,,,,,,,,,,,,,,,media/dgnb.png,0,0,Symb,a,RT,0,0,0,1,8,0,36,0,1,14,99,a,0.571,0,1,a,1,0.571,36,0,36,0,1,,,,,,,,,,,,,
,,,,,,,,,,,,,,,,,326,2,2024-03-12_01h06.14.197,Symbol-E,2020.1.3,Win32,Firefox,Mozilla/5.0 (Windows NT 10.0; Win64; x64; rv:123.0) Gecko/20100101 Firefox/123.0,60,,,,,,,,,,,,,,,,,,,,,,,,,,,,,,,,,,,,,,media/dfnb.png,3,3,Symb,f,RT,0,0,0,1,8,0,37,0,1,14,99,f,0.649,3,1,f,1,0.649,37,0,37,0,1,,,,,,,,,,,,,
,,,,,,,,,,,,,,,,,326,2,2024-03-12_01h06.14.197,Symbol-E,2020.1.3,Win32,Firefox,Mozilla/5.0 (Windows NT 10.0; Win64; x64; rv:123.0) Gecko/20100101 Firefox/123.0,60,,,,,,,,,,,,,,,,,,,,,,,,,,,,,,,,,,,,,,media/dinb.png,6,2,Symb,i,RT,0,0,0,1,8,0,38,0,1,14,99,i,0.697,6,1,i,1,0.697,38,0,38,0,1,,,,,,,,,,,,,
,,,,,,,,,,,,,,,,,326,2,2024-03-12_01h06.14.197,Symbol-E,2020.1.3,Win32,Firefox,Mozilla/5.0 (Windows NT 10.0; Win64; x64; rv:123.0) Gecko/20100101 Firefox/123.0,60,,,,,,,,,,,,,,,,,,,,,,,,,,,,,,,,,,,,,,media/dcnb.png,2,2,Symb,e,RT,0,0,0,1,8,0,39,0,1,14,99,e,0.621,2,1,e,1,0.621,39,0,39,0,1,,,,,,,,,,,,,
,,,,,,,,,,,,,,,,,326,2,2024-03-12_01h06.14.197,Symbol-E,2020.1.3,Win32,Firefox,Mozilla/5.0 (Windows NT 10.0; Win64; x64; rv:123.0) Gecko/20100101 Firefox/123.0,60,,,,,,,,,,,,,,,,,,,,,,,,,,,,,,,,,,,,,,media/dnnb.png,5,1,Symb,u,RT,0,0,0,1,8,0,40,0,1,14,99,u,0.601,5,1,u,1,0.601,40,0,40,0,1,,,,,,,,,,,,,
,,,,,,,,,,,,,,,,,326,2,2024-03-12_01h06.14.197,Symbol-E,2020.1.3,Win32,Firefox,Mozilla/5.0 (Windows NT 10.0; Win64; x64; rv:123.0) Gecko/20100101 Firefox/123.0,60,,,,,,,,,,,,,,,,,,,,,,,,,,,,,,,,,,,,,,media/djnb.png,4,0,Symb,h,RT,0,0,0,1,8,0,41,0,1,14,99,h,0.616,4,1,h,1,0.616,41,0,41,0,1,,,,,,,,,,,,,
,,,,,,,,,,,,,,,,,326,2,2024-03-12_01h06.14.197,Symbol-E,2020.1.3,Win32,Firefox,Mozilla/5.0 (Windows NT 10.0; Win64; x64; rv:123.0) Gecko/20100101 Firefox/123.0,60,,,,,,,,,,,,,,,,,,,,,,,,,,,,,,,,,,,,,,media/dinb.png,6,2,Symb,i,RT,0,0,0,1,8,0,42,0,1,14,99,i,0.522,6,1,i,1,0.522,42,0,42,0,1,,,,,,,,,,,,,
,,,,,,,,,,,,,,,,,326,2,2024-03-12_01h06.14.197,Symbol-E,2020.1.3,Win32,Firefox,Mozilla/5.0 (Windows NT 10.0; Win64; x64; rv:123.0) Gecko/20100101 Firefox/123.0,60,,,,,,,,,,,,,,,,,,,,,,,,,,,,,,,,,,,,,,media/ddnb.png,7,3,Symb,l,RT,0,0,0,1,8,0,43,0,1,14,99,l,0.568,7,1,l,1,0.568,43,0,43,0,1,,,,,,,,,,,,,
,,,,,,,,,,,,,,,,,326,2,2024-03-12_01h06.14.197,Symbol-E,2020.1.3,Win32,Firefox,Mozilla/5.0 (Windows NT 10.0; Win64; x64; rv:123.0) Gecko/20100101 Firefox/123.0,60,,,,,,,,,,,,,,,,,,,,,,,,,,,,,,,,,,,,,,media/dmnb.png,1,1,Symb,w,RT,0,0,0,1,8,0,44,0,1,14,99,w,0.516,1,1,w,1,0.516,44,0,44,0,1,,,,,,,,,,,,,
,,,,,,,,,,,,,,,,,326,2,2024-03-12_01h06.14.197,Symbol-E,2020.1.3,Win32,Firefox,Mozilla/5.0 (Windows NT 10.0; Win64; x64; rv:123.0) Gecko/20100101 Firefox/123.0,60,,,,,,,,,,,,,,,,,,,,,,,,,,,,,,,,,,,,,,media/ddnb.png,7,3,Symb,l,RT,0,0,0,1,8,0,45,0,1,14,99,l,0.618,7,1,l,1,0.618,45,0,45,0,1,,,,,,,,,,,,,
,,,,,,,,,,,,,,,,,326,2,2024-03-12_01h06.14.197,Symbol-E,2020.1.3,Win32,Firefox,Mozilla/5.0 (Windows NT 10.0; Win64; x64; rv:123.0) Gecko/20100101 Firefox/123.0,60,,,,,,,,,,,,,,,,,,,,,,,,,,,,,,,,,,,,,,media/dgnb.png,0,0,Symb,a,RT,0,0,0,1,8,0,46,0,1,14,99,a,0.614,0,1,a,1,0.614,46,0,46,0,1,,,,,,,,,,,,,
,,,,,,,,,,,,,,,,,326,2,2024-03-12_01h06.14.197,Symbol-E,2020.1.3,Win32,Firefox,Mozilla/5.0 (Windows NT 10.0; Win64; x64; rv:123.0) Gecko/20100101 Firefox/123.0,60,,,,,,,,,,,,,,,,,,,,,,,,,,,,,,,,,,,,,,media/dfnb.png,3,3,Symb,f,RT,0,0,0,1,8,0,47,0,1,14,99,f,0.6,3,1,f,1,0.6,47,0,47,0,1,,,,,,,,,,,,,
,,,,,,,,,,,,,,,,,326,2,2024-03-12_01h06.14.197,Symbol-E,2020.1.3,Win32,Firefox,Mozilla/5.0 (Windows NT 10.0; Win64; x64; rv:123.0) Gecko/20100101 Firefox/123.0,60,,,,,,,,,,,,,,,,,,,,,,,,,,,,,,,,,,,,,,media/djnb.png,4,0,Symb,h,RT,0,0,0,1,8,0,48,0,1,14,99,h,0.553,4,1,h,1,0.553,48,0,48,0,1,,,,,,,,,,,,,
,,,,,,,,,,,,,,,,,326,2,2024-03-12_01h06.14.197,Symbol-E,2020.1.3,Win32,Firefox,Mozilla/5.0 (Windows NT 10.0; Win64; x64; rv:123.0) Gecko/20100101 Firefox/123.0,60,,,,,,,,,,,,,,,,,,,,,,,,,,,,,,,,,,,,,,media/dgnb.png,0,0,Symb,a,RT,0,0,0,1,8,0,49,0,1,14,99,a,0.63,0,1,a,1,0.63,49,0,49,0,1,,,,,,,,,,,,,
,,,,,,,,,,,,,,,,,326,2,2024-03-12_01h06.14.197,Symbol-E,2020.1.3,Win32,Firefox,Mozilla/5.0 (Windows NT 10.0; Win64; x64; rv:123.0) Gecko/20100101 Firefox/123.0,60,,,,,,,,,,,,,,,,,,,,,,,,,,,,,,,,,,,,,,media/dfnb.png,3,3,Symb,f,RT,0,0,0,1,8,0,50,0,1,14,99,f,1.467,3,1,f,1,1.467,50,0,50,0,1,,,,,,,,,,,,,
,,,,,,,,,,,,,,,,,326,2,2024-03-12_01h06.14.197,Symbol-E,2020.1.3,Win32,Firefox,Mozilla/5.0 (Windows NT 10.0; Win64; x64; rv:123.0) Gecko/20100101 Firefox/123.0,60,,,,,,,,,,,,,,,,,,,,,,,,,,,,,,,,,,,,,,media/dinb.png,6,2,Symb,i,RT,0,0,0,1,8,0,51,0,1,14,99,i,0.517,6,1,i,1,0.517,51,0,51,0,1,,,,,,,,,,,,,
,,,,,,,,,,,,,,,,,326,2,2024-03-12_01h06.14.197,Symbol-E,2020.1.3,Win32,Firefox,Mozilla/5.0 (Windows NT 10.0; Win64; x64; rv:123.0) Gecko/20100101 Firefox/123.0,60,,,,,,,,,,,,,,,,,,,,,,,,,,,,,,,,,,,,,,media/dcnb.png,2,2,Symb,e,RT,0,0,0,1,8,0,52,0,1,14,99,e,1.838,2,1,e,1,1.838,52,0,52,0,1,,,,,,,,,,,,,
,,,,,,,,,,,,,,,,,326,2,2024-03-12_01h06.14.197,Symbol-E,2020.1.3,Win32,Firefox,Mozilla/5.0 (Windows NT 10.0; Win64; x64; rv:123.0) Gecko/20100101 Firefox/123.0,60,,,,,,,,,,,,,,,,,,,,,,,,,,,,,,,,,,,,,,media/djnb.png,4,0,Symb,h,RT,0,0,0,1,8,0,53,0,1,14,99,h,0.599,4,1,h,1,0.599,53,0,53,0,1,,,,,,,,,,,,,
,,,,,,,,,,,,,,,,,326,2,2024-03-12_01h06.14.197,Symbol-E,2020.1.3,Win32,Firefox,Mozilla/5.0 (Windows NT 10.0; Win64; x64; rv:123.0) Gecko/20100101 Firefox/123.0,60,,,,,,,,,,,,,,,,,,,,,,,,,,,,,,,,,,,,,,media/dnnb.png,5,1,Symb,u,RT,0,0,0,1,8,0,54,0,1,14,99,u,0.516,5,1,u,1,0.516,54,0,54,0,1,,,,,,,,,,,,,
,,,,,,,,,,,,,,,,,326,2,2024-03-12_01h06.14.197,Symbol-E,2020.1.3,Win32,Firefox,Mozilla/5.0 (Windows NT 10.0; Win64; x64; rv:123.0) Gecko/20100101 Firefox/123.0,60,,,,,,,,,,,,,,,,,,,,,,,,,,,,,,,,,,,,,,media/dcnb.png,2,2,Symb,e,RT,0,0,0,1,8,0,55,0,1,14,99,e,0.749,2,1,e,1,0.749,55,0,55,0,1,,,,,,,,,,,,,
,,,,,,,,,,,,,,,,,326,2,2024-03-12_01h06.14.197,Symbol-E,2020.1.3,Win32,Firefox,Mozilla/5.0 (Windows NT 10.0; Win64; x64; rv:123.0) Gecko/20100101 Firefox/123.0,60,,,,,,,,,,,,,,,,,,,,,,,,,,,,,,,,,,,,,,media/ddnb.png,7,3,Symb,l,RT,0,0,0,1,8,0,56,0,1,14,99,l,0.651,7,1,l,1,0.651,56,0,56,0,1,,,,,,,,,,,,,
,,,,,,,,,,,,,,,,,326,2,2024-03-12_01h06.14.197,Symbol-E,2020.1.3,Win32,Firefox,Mozilla/5.0 (Windows NT 10.0; Win64; x64; rv:123.0) Gecko/20100101 Firefox/123.0,60,,,,,,,,,,,,,,,,,,,,,,,,,,,,,,,,,,,,,,media/dinb.png,6,2,Symb,i,RT,0,0,0,1,8,0,57,0,1,14,99,i,0.549,6,1,i,1,0.549,57,0,57,0,1,,,,,,,,,,,,,
,,,,,,,,,,,,,,,,,326,2,2024-03-12_01h06.14.197,Symbol-E,2020.1.3,Win32,Firefox,Mozilla/5.0 (Windows NT 10.0; Win64; x64; rv:123.0) Gecko/20100101 Firefox/123.0,60,,,,,,,,,,,,,,,,,,,,,,,,,,,,,,,,,,,,,,media/dmnb.png,1,1,Symb,w,RT,0,0,0,1,8,0,58,0,1,14,99,w,0.604,1,1,w,1,0.604,58,0,58,0,1,,,,,,,,,,,,,
,,,,,,,,,,,,,,,,,326,2,2024-03-12_01h06.14.197,Symbol-E,2020.1.3,Win32,Firefox,Mozilla/5.0 (Windows NT 10.0; Win64; x64; rv:123.0) Gecko/20100101 Firefox/123.0,60,,,,,,,,,,,,,,,,,,,,,,,,,,,,,,,,,,,,,,media/dgnb.png,0,0,Symb,a,RT,0,0,0,1,8,0,59,0,1,14,99,a,0.565,0,1,a,1,0.565,59,0,59,0,1,,,,,,,,,,,,,
,,,,,,,,,,,,,,,,,326,2,2024-03-12_01h06.14.197,Symbol-E,2020.1.3,Win32,Firefox,Mozilla/5.0 (Windows NT 10.0; Win64; x64; rv:123.0) Gecko/20100101 Firefox/123.0,60,,,,,,,,,,,,,,,,,,,,,,,,,,,,,,,,,,,,,,media/dfnb.png,3,3,Symb,f,RT,0,0,0,1,8,0,60,0,1,14,99,f,0.569,3,1,f,1,0.569,60,0,60,0,1,,,,,,,,,,,,,
,,,,,,,,,,,,,,,,,326,2,2024-03-12_01h06.14.197,Symbol-E,2020.1.3,Win32,Firefox,Mozilla/5.0 (Windows NT 10.0; Win64; x64; rv:123.0) Gecko/20100101 Firefox/123.0,60,,,,,,,,,,,,,,,,,,,,,,,,,,,,,,,,,,,,,,media/dnnb.png,5,1,Symb,u,RT,0,0,0,1,8,0,61,0,1,14,99,u,0.518,5,1,u,1,0.518,61,0,61,0,1,,,,,,,,,,,,,
,,,,,,,,,,,,,,,,,326,2,2024-03-12_01h06.14.197,Symbol-E,2020.1.3,Win32,Firefox,Mozilla/5.0 (Windows NT 10.0; Win64; x64; rv:123.0) Gecko/20100101 Firefox/123.0,60,,,,,,,,,,,,,,,,,,,,,,,,,,,,,,,,,,,,,,media/ddnb.png,7,3,Symb,l,RT,0,0,0,1,8,0,62,0,1,14,99,l,0.552,7,1,l,1,0.552,62,0,62,0,1,,,,,,,,,,,,,
,,,,,,,,,,,,,,,,,326,2,2024-03-12_01h06.14.197,Symbol-E,2020.1.3,Win32,Firefox,Mozilla/5.0 (Windows NT 10.0; Win64; x64; rv:123.0) Gecko/20100101 Firefox/123.0,60,,,,,,,,,,,,,,,,,,,,,,,,,,,,,,,,,,,,,,media/dmnb.png,1,1,Symb,w,RT,0,0,0,1,8,0,63,0,1,14,99,w,0.563,1,1,w,1,0.563,63,0,63,0,1,,,,,,,,,,,,,
,,,,,,,,,,,,,,,,,326,2,2024-03-12_01h06.14.197,Symbol-E,2020.1.3,Win32,Firefox,Mozilla/5.0 (Windows NT 10.0; Win64; x64; rv:123.0) Gecko/20100101 Firefox/123.0,60,,,,,,,,,,,,,,,,,,,,,,,,,,,,,,,,,,,,,,media/djnb.png,4,0,Symb,h,RT,0,0,0,1,8,0,64,0,1,14,99,h,0.654,4,1,h,1,0.654,64,0,64,0,1,,,,,,,,,,,,,
,,,,,,,,,,,,,,,,,326,2,2024-03-12_01h06.14.197,Symbol-E,2020.1.3,Win32,Firefox,Mozilla/5.0 (Windows NT 10.0; Win64; x64; rv:123.0) Gecko/20100101 Firefox/123.0,60,,,,,,,,,,,,,,,,,,,,,,,,,,,,,,,,,,,,,,media/ddnb.png,7,3,Symb,l,RT,0,0,0,1,8,0,65,0,1,14,99,l,0.548,7,1,l,1,0.548,65,0,65,0,1,,,,,,,,,,,,,
,,,,,,,,,,,,,,,,,326,2,2024-03-12_01h06.14.197,Symbol-E,2020.1.3,Win32,Firefox,Mozilla/5.0 (Windows NT 10.0; Win64; x64; rv:123.0) Gecko/20100101 Firefox/123.0,60,,,,,,,,,,,,,,,,,,,,,,,,,,,,,,,,,,,,,,media/dinb.png,6,2,Symb,i,RT,0,0,0,1,8,0,66,0,1,14,99,e,2.482,2,0,e,0,2.482,66,0,66,0,1,,,,,,,,,,,,,
,,,,,,,,,,,,,,,,,326,2,2024-03-12_01h06.14.197,Symbol-E,2020.1.3,Win32,Firefox,Mozilla/5.0 (Windows NT 10.0; Win64; x64; rv:123.0) Gecko/20100101 Firefox/123.0,60,,,,,,,,,,,,,,,,,,,,,,,,,,,,,,,,,,,,,,media/dnnb.png,5,1,Symb,u,RT,0,0,0,1,8,0,67,0,1,14,99,u,0.514,5,1,u,1,0.514,67,0,67,0,1,,,,,,,,,,,,,
,,,,,,,,,,,,,,,,,326,2,2024-03-12_01h06.14.197,Symbol-E,2020.1.3,Win32,Firefox,Mozilla/5.0 (Windows NT 10.0; Win64; x64; rv:123.0) Gecko/20100101 Firefox/123.0,60,,,,,,,,,,,,,,,,,,,,,,,,,,,,,,,,,,,,,,media/dcnb.png,2,2,Symb,e,RT,0,0,0,1,8,0,68,0,1,14,99,e,0.433,2,1,e,1,0.433,68,0,68,0,1,,,,,,,,,,,,,
,,,,,,,,,,,,,,,,,326,2,2024-03-12_01h06.14.197,Symbol-E,2020.1.3,Win32,Firefox,Mozilla/5.0 (Windows NT 10.0; Win64; x64; rv:123.0) Gecko/20100101 Firefox/123.0,60,,,,,,,,,,,,,,,,,,,,,,,,,,,,,,,,,,,,,,media/dfnb.png,3,3,Symb,f,RT,0,0,0,1,8,0,69,0,1,14,99,f,0.52,3,1,f,1,0.52,69,0,69,0,1,,,,,,,,,,,,,
,,,,,,,,,,,,,,,,,326,2,2024-03-12_01h06.14.197,Symbol-E,2020.1.3,Win32,Firefox,Mozilla/5.0 (Windows NT 10.0; Win64; x64; rv:123.0) Gecko/20100101 Firefox/123.0,60,,,,,,,,,,,,,,,,,,,,,,,,,,,,,,,,,,,,,,media/dgnb.png,0,0,Symb,a,RT,0,0,0,1,8,0,70,0,1,14,99,a,1.214,0,1,a,1,1.214,70,0,70,0,1,,,,,,,,,,,,,
,,,,,,,,,,,,,,,,,326,2,2024-03-12_01h06.14.197,Symbol-E,2020.1.3,Win32,Firefox,Mozilla/5.0 (Windows NT 10.0; Win64; x64; rv:123.0) Gecko/20100101 Firefox/123.0,60,,,,,,,,,,,,,,,,,,,,,,,,,,,,,,,,,,,,,,media/dmnb.png,1,1,Symb,w,RT,0,0,0,1,8,0,71,0,1,14,99,w,0.521,1,1,w,1,0.521,71,0,71,0,1,,,,,,,,,,,,,
,,,,,,,,,,,,,,,,,326,2,2024-03-12_01h06.14.197,Symbol-E,2020.1.3,Win32,Firefox,Mozilla/5.0 (Windows NT 10.0; Win64; x64; rv:123.0) Gecko/20100101 Firefox/123.0,60,,,,,,,,,,,,,,,,,,,,,,,,,,,,,,,,,,,,,,media/dfnb.png,3,3,Symb,f,RT,0,0,0,1,8,0,72,0,1,14,99,f,0.584,3,1,f,1,0.584,72,0,72,0,1,,,,,,,,,,,,,
,,,,,,,,,,,,,,,,,326,2,2024-03-12_01h06.14.197,Symbol-E,2020.1.3,Win32,Firefox,Mozilla/5.0 (Windows NT 10.0; Win64; x64; rv:123.0) Gecko/20100101 Firefox/123.0,60,,,,,,,,,,,,,,,,,,,,,,,,,,,,,,,,,,,,,,media/dinb.png,6,2,Symb,i,RT,0,0,0,1,8,0,73,0,1,14,99,i,0.619,6,1,i,1,0.619,73,0,73,0,1,,,,,,,,,,,,,
,,,,,,,,,,,,,,,,,326,2,2024-03-12_01h06.14.197,Symbol-E,2020.1.3,Win32,Firefox,Mozilla/5.0 (Windows NT 10.0; Win64; x64; rv:123.0) Gecko/20100101 Firefox/123.0,60,,,,,,,,,,,,,,,,,,,,,,,,,,,,,,,,,,,,,,media/ddnb.png,7,3,Symb,l,RT,0,0,0,1,8,0,74,0,1,14,99,l,0.586,7,1,l,1,0.586,74,0,74,0,1,,,,,,,,,,,,,
,,,,,,,,,,,,,,,,,326,2,2024-03-12_01h06.14.197,Symbol-E,2020.1.3,Win32,Firefox,Mozilla/5.0 (Windows NT 10.0; Win64; x64; rv:123.0) Gecko/20100101 Firefox/123.0,60,,,,,,,,,,,,,,,,,,,,,,,,,,,,,,,,,,,,,,media/djnb.png,4,0,Symb,h,RT,0,0,0,1,8,0,75,0,1,14,99,h,0.666,4,1,h,1,0.666,75,0,75,0,1,,,,,,,,,,,,,
,,,,,,,,,,,,,,,,,326,2,2024-03-12_01h06.14.197,Symbol-E,2020.1.3,Win32,Firefox,Mozilla/5.0 (Windows NT 10.0; Win64; x64; rv:123.0) Gecko/20100101 Firefox/123.0,60,,,,,,,,,,,,,,,,,,,,,,,,,,,,,,,,,,,,,,media/dgnb.png,0,0,Symb,a,RT,0,0,0,1,8,0,76,0,1,14,99,a,0.618,0,1,a,1,0.618,76,0,76,0,1,,,,,,,,,,,,,
,,,,,,,,,,,,,,,,,326,2,2024-03-12_01h06.14.197,Symbol-E,2020.1.3,Win32,Firefox,Mozilla/5.0 (Windows NT 10.0; Win64; x64; rv:123.0) Gecko/20100101 Firefox/123.0,60,,,,,,,,,,,,,,,,,,,,,,,,,,,,,,,,,,,,,,media/dnnb.png,5,1,Symb,u,RT,0,0,0,1,8,0,77,0,1,14,99,u,0.556,5,1,u,1,0.556,77,0,77,0,1,,,,,,,,,,,,,
,,,,,,,,,,,,,,,,,326,2,2024-03-12_01h06.14.197,Symbol-E,2020.1.3,Win32,Firefox,Mozilla/5.0 (Windows NT 10.0; Win64; x64; rv:123.0) Gecko/20100101 Firefox/123.0,60,,,,,,,,,,,,,,,,,,,,,,,,,,,,,,,,,,,,,,media/dmnb.png,1,1,Symb,w,RT,0,0,0,1,8,0,78,0,1,14,99,w,0.548,1,1,w,1,0.548,78,0,78,0,1,,,,,,,,,,,,,
,,,,,,,,,,,,,,,,,326,2,2024-03-12_01h06.14.197,Symbol-E,2020.1.3,Win32,Firefox,Mozilla/5.0 (Windows NT 10.0; Win64; x64; rv:123.0) Gecko/20100101 Firefox/123.0,60,,,,,,,,,,,,,,,,,,,,,,,,,,,,,,,,,,,,,,media/dcnb.png,2,2,Symb,e,RT,0,0,0,1,8,0,79,0,1,14,99,e,0.554,2,1,e,1,0.554,79,0,79,0,1,,,,,,,,,,,,,
,,,,,,,,,,,,,,,,,326,2,2024-03-12_01h06.14.197,Symbol-E,2020.1.3,Win32,Firefox,Mozilla/5.0 (Windows NT 10.0; Win64; x64; rv:123.0) Gecko/20100101 Firefox/123.0,60,,,,,,,,,,,,,,,,,,,,,,,,,,,,,,,,,,,,,,media/dnnb.png,5,1,Symb,u,RT,0,0,0,1,8,0,80,0,1,14,99,u,0.65,5,1,u,1,0.65,80,0,80,0,1,,,,,,,,,,,,,
,,,,,,,,,,,,,,,,,326,2,2024-03-12_01h06.14.197,Symbol-E,2020.1.3,Win32,Firefox,Mozilla/5.0 (Windows NT 10.0; Win64; x64; rv:123.0) Gecko/20100101 Firefox/123.0,60,,,,,,,,,,,,,,,,,,,,,,,,,,,,,,,,,,,,,,media/dmnb.png,1,1,Symb,w,RT,0,0,0,1,8,0,81,0,1,14,99,w,0.603,1,1,w,1,0.603,81,0,81,0,1,,,,,,,,,,,,,
,,,,,,,,,,,,,,,,,326,2,2024-03-12_01h06.14.197,Symbol-E,2020.1.3,Win32,Firefox,Mozilla/5.0 (Windows NT 10.0; Win64; x64; rv:123.0) Gecko/20100101 Firefox/123.0,60,,,,,,,,,,,,,,,,,,,,,,,,,,,,,,,,,,,,,,media/dinb.png,6,2,Symb,i,RT,0,0,0,1,8,0,82,0,1,14,99,i,0.52,6,1,i,1,0.52,82,0,82,0,1,,,,,,,,,,,,,
,,,,,,,,,,,,,,,,,326,2,2024-03-12_01h06.14.197,Symbol-E,2020.1.3,Win32,Firefox,Mozilla/5.0 (Windows NT 10.0; Win64; x64; rv:123.0) Gecko/20100101 Firefox/123.0,60,,,,,,,,,,,,,,,,,,,,,,,,,,,,,,,,,,,,,,media/dnnb.png,5,1,Symb,u,RT,0,0,0,1,8,0,83,0,1,14,99,u,0.548,5,1,u,1,0.548,83,0,83,0,1,,,,,,,,,,,,,
,,,,,,,,,,,,,,,,,326,2,2024-03-12_01h06.14.197,Symbol-E,2020.1.3,Win32,Firefox,Mozilla/5.0 (Windows NT 10.0; Win64; x64; rv:123.0) Gecko/20100101 Firefox/123.0,60,,,,,,,,,,,,,,,,,,,,,,,,,,,,,,,,,,,,,,media/ddnb.png,7,3,Symb,l,RT,0,0,0,1,8,0,84,0,1,14,99,l,0.548,7,1,l,1,0.548,84,0,84,0,1,,,,,,,,,,,,,
,,,,,,,,,,,,,,,,,326,2,2024-03-12_01h06.14.197,Symbol-E,2020.1.3,Win32,Firefox,Mozilla/5.0 (Windows NT 10.0; Win64; x64; rv:123.0) Gecko/20100101 Firefox/123.0,60,,,,,,,,,,,,,,,,,,,,,,,,,,,,,,,,,,,,,,media/dfnb.png,3,3,Symb,f,RT,0,0,0,1,8,0,85,0,1,14,99,f,0.619,3,1,f,1,0.619,85,0,85,0,1,,,,,,,,,,,,,
,,,,,,,,,,,,,,,,,326,2,2024-03-12_01h06.14.197,Symbol-E,2020.1.3,Win32,Firefox,Mozilla/5.0 (Windows NT 10.0; Win64; x64; rv:123.0) Gecko/20100101 Firefox/123.0,60,,,,,,,,,,,,,,,,,,,,,,,,,,,,,,,,,,,,,,media/dcnb.png,2,2,Symb,e,RT,0,0,0,1,8,0,86,0,1,14,99,e,1.148,2,1,e,1,1.148,86,0,86,0,1,,,,,,,,,,,,,
,,,,,,,,,,,,,,,,,326,2,2024-03-12_01h06.14.197,Symbol-E,2020.1.3,Win32,Firefox,Mozilla/5.0 (Windows NT 10.0; Win64; x64; rv:123.0) Gecko/20100101 Firefox/123.0,60,,,,,,,,,,,,,,,,,,,,,,,,,,,,,,,,,,,,,,media/dfnb.png,3,3,Symb,f,RT,0,0,0,1,8,0,87,0,1,14,99,f,0.632,3,1,f,1,0.632,87,0,87,0,1,,,,,,,,,,,,,
,,,,,,,,,,,,,,,,,326,2,2024-03-12_01h06.14.197,Symbol-E,2020.1.3,Win32,Firefox,Mozilla/5.0 (Windows NT 10.0; Win64; x64; rv:123.0) Gecko/20100101 Firefox/123.0,60,,,,,,,,,,,,,,,,,,,,,,,,,,,,,,,,,,,,,,media/dmnb.png,1,1,Symb,w,RT,0,0,0,1,8,0,88,0,1,14,99,w,0.551,1,1,w,1,0.551,88,0,88,0,1,,,,,,,,,,,,,
,,,,,,,,,,,,,,,,,326,2,2024-03-12_01h06.14.197,Symbol-E,2020.1.3,Win32,Firefox,Mozilla/5.0 (Windows NT 10.0; Win64; x64; rv:123.0) Gecko/20100101 Firefox/123.0,60,,,,,,,,,,,,,,,,,,,,,,,,,,,,,,,,,,,,,,media/dgnb.png,0,0,Symb,a,RT,0,0,0,1,8,0,89,0,1,14,99,a,0.686,0,1,a,1,0.686,89,0,89,0,1,,,,,,,,,,,,,
,,,,,,,,,,,,,,,,,326,2,2024-03-12_01h06.14.197,Symbol-E,2020.1.3,Win32,Firefox,Mozilla/5.0 (Windows NT 10.0; Win64; x64; rv:123.0) Gecko/20100101 Firefox/123.0,60,,,,,,,,,,,,,,,,,,,,,,,,,,,,,,,,,,,,,,media/dinb.png,6,2,Symb,i,RT,0,0,0,1,8,0,90,0,1,14,99,i,1.184,6,1,i,1,1.184,90,0,90,0,1,,,,,,,,,,,,,
,,,,,,,,,,,,,,,,,326,2,2024-03-12_01h06.14.197,Symbol-E,2020.1.3,Win32,Firefox,Mozilla/5.0 (Windows NT 10.0; Win64; x64; rv:123.0) Gecko/20100101 Firefox/123.0,60,,,,,,,,,,,,,,,,,,,,,,,,,,,,,,,,,,,,,,media/djnb.png,4,0,Symb,h,RT,0,0,0,1,8,0,91,0,1,14,99,h,0.616,4,1,h,1,0.616,91,0,91,0,1,,,,,,,,,,,,,
,,,,,,,,,,,,,,,,,326,2,2024-03-12_01h06.14.197,Symbol-E,2020.1.3,Win32,Firefox,Mozilla/5.0 (Windows NT 10.0; Win64; x64; rv:123.0) Gecko/20100101 Firefox/123.0,60,,,,,,,,,,,,,,,,,,,,,,,,,,,,,,,,,,,,,,media/dgnb.png,0,0,Symb,a,RT,0,0,0,1,8,0,92,0,1,14,99,a,0.636,0,1,a,1,0.636,92,0,92,0,1,,,,,,,,,,,,,
,,,,,,,,,,,,,,,,,326,2,2024-03-12_01h06.14.197,Symbol-E,2020.1.3,Win32,Firefox,Mozilla/5.0 (Windows NT 10.0; Win64; x64; rv:123.0) Gecko/20100101 Firefox/123.0,60,,,,,,,,,,,,,,,,,,,,,,,,,,,,,,,,,,,,,,media/ddnb.png,7,3,Symb,l,RT,0,0,0,1,8,0,93,0,1,14,99,l,0.669,7,1,l,1,0.669,93,0,93,0,1,,,,,,,,,,,,,
,,,,,,,,,,,,,,,,,326,2,2024-03-12_01h06.14.197,Symbol-E,2020.1.3,Win32,Firefox,Mozilla/5.0 (Windows NT 10.0; Win64; x64; rv:123.0) Gecko/20100101 Firefox/123.0,60,,,,,,,,,,,,,,,,,,,,,,,,,,,,,,,,,,,,,,media/dcnb.png,2,2,Symb,e,RT,0,0,0,1,8,0,94,0,1,14,99,e,0.968,2,1,e,1,0.968,94,0,94,0,1,,,,,,,,,,,,,
,,,,,,,,,,,,,,,,,326,2,2024-03-12_01h06.14.197,Symbol-E,2020.1.3,Win32,Firefox,Mozilla/5.0 (Windows NT 10.0; Win64; x64; rv:123.0) Gecko/20100101 Firefox/123.0,60,,,,,,,,,,,,,,,,,,,,,,,,,,,,,,,,,,,,,,media/djnb.png,4,0,Symb,h,RT,0,0,0,1,8,0,95,0,1,14,99,h,0.7,4,1,h,1,0.7,95,0,95,0,1,,,,,,,,,,,,,
,,,,,,,,,,,,,,,,,326,2,2024-03-12_01h06.14.197,Symbol-E,2020.1.3,Win32,Firefox,Mozilla/5.0 (Windows NT 10.0; Win64; x64; rv:123.0) Gecko/20100101 Firefox/123.0,60,,,,,,,,,,,,,,,,,,,,,,,,,,,,,,,,,,,,,,,,,,,,,,,,,,,,,,,,,,,,,,,,,,,13,0,13,0,1,,,,,,,,
,,,,,,,,,,,,,,,,,326,2,2024-03-12_01h06.14.197,Symbol-E,2020.1.3,Win32,Firefox,Mozilla/5.0 (Windows NT 10.0; Win64; x64; rv:123.0) Gecko/20100101 Firefox/123.0,60,,,,,,,,,,,,,,,,,,,,,,,,,,,,,,,,,,,,,,,,,,,,,,,,,,,,,,,,,,,,,,,,,,,,,,,,0,0,0,0,1,,,
,,,,,,,,,,,,,,,,,326,2,2024-03-12_01h06.14.197,Symbol-E,2020.1.3,Win32,Firefox,Mozilla/5.0 (Windows NT 10.0; Win64; x64; rv:123.0) Gecko/20100101 Firefox/123.0,60,,,,,,,,,,,,,,,,,,,,,,,,,,,,,,,,,,,,,,,,,,,,,,,,,,,,,,,,,,,,,,,,,,,14,0,14,0,1,,,,,,space,3.351,13
