Import_Stim.thisRepN,Import_Stim.thisTrialN,Import_Stim.thisN,Import_Stim.thisIndex,Import_Stim.ran,StimNum,Key,KeyNum,Symb,Symb_R,Symb_G,X_pos,Y_pos,Hand,Sound_P,Sound_N,Beep,participant,session,date,expName,psychopyVersion,OS,browser,browserInfo,frameRate,symb_map,symb_remap,Remap_Pair_1,Remap_Pair_2,Instr_Exp_Key.keys,Instr_Exp_Key.rt,Instr_Sound_Check_Press.keys,Instr_Sound_Check_Press.rt,Instr_Sound_Check_Press_Space.keys,Instr_Sound_Check_Iter.thisRepN,Instr_Sound_Check_Iter.thisTrialN,Instr_Sound_Check_Iter.thisN,Instr_Sound_Check_Iter.thisIndex,Instr_Sound_Check_Iter.ran,Instr_Sound_Check_Press_Space.rt,Sound_check_Creat_StimSeq_Text_Press.keys,sound_check,sound_check_press,sound_check_rt,sound_check_correct,sound_check_trial_count,Sound_Check_Press.keys,Sound_Check_Press.rt,Sound_Check_Iter.thisRepN,Sound_Check_Iter.thisTrialN,Sound_Check_Iter.thisN,Sound_Check_Iter.thisIndex,Sound_Check_Iter.ran,Sound_Check_Bool.thisRepN,Sound_Check_Bool.thisTrialN,Sound_Check_Bool.thisN,Sound_Check_Bool.thisIndex,Sound_Check_Bool.ran,Instr_RT_Pre_Press.keys,Instr_RT_Pre_Press.rt,Instr_Block_Num_Press.keys,Instr_Block_Num_Press.rt,stim_val,proposed_choice,key_num,stim_type,key,block_type,tr_old_pre,tr_old_post,remap,pre_rt,set_size,repeat_count,trial_Count,grp_stop,grp_swap,block_num,prep_time,actual_press,rt,actual_choice,correct,RT_Press.keys,RT_Press.corr,RT_Press.rt,RT_Iter.thisRepN,RT_Iter.thisTrialN,RT_Iter.thisN,RT_Iter.thisIndex,RT_Iter.ran,RT_PreBlock.thisRepN,RT_PreBlock.thisTrialN,RT_PreBlock.thisN,RT_PreBlock.thisIndex,RT_PreBlock.ran,RT_PreBool.thisRepN,RT_PreBool.thisTrialN,RT_PreBool.thisN,RT_PreBool.thisIndex,RT_PreBool.ran,Instr_End_Exp_Key.keys,Instr_End_Exp_Key.rt,RT_PreBlock.order
0,0,0,0,1,0,a,0,media/djnb.png,media/djnb_r.png,media/djnb_g.png,-0.2495,0.045,media/hand2.png,media/coin.wav,media/buzz.wav,media/beep.wav,332,2,2024-03-28_10h27.22.721,Symbol-E,2020.1.3,MacIntel,Firefox,Mozilla/5.0 (Macintosh; Intel Mac OS X 10.13; rv:109.0) Gecko/20100101 Firefox/115.0,60,,,,,,,,,,,,,,,,,,,,,,,,,,,,,,,,,,,,,,,,,,,,,,,,,,,,,,,,,,,,,,,,,,,,,,,,,,,,,,,
0,1,1,1,1,1,w,1,media/dnnb.png,media/dnnb_r.png,media/dnnb_g.png,-0.205,0.112,,,,,332,2,2024-03-28_10h27.22.721,Symbol-E,2020.1.3,MacIntel,Firefox,Mozilla/5.0 (Macintosh; Intel Mac OS X 10.13; rv:109.0) Gecko/20100101 Firefox/115.0,60,,,,,,,,,,,,,,,,,,,,,,,,,,,,,,,,,,,,,,,,,,,,,,,,,,,,,,,,,,,,,,,,,,,,,,,,,,,,,,,
0,2,2,2,1,2,e,2,media/dinb.png,media/dinb_r.png,media/dinb_g.png,-0.15,0.135,,,,,332,2,2024-03-28_10h27.22.721,Symbol-E,2020.1.3,MacIntel,Firefox,Mozilla/5.0 (Macintosh; Intel Mac OS X 10.13; rv:109.0) Gecko/20100101 Firefox/115.0,60,,,,,,,,,,,,,,,,,,,,,,,,,,,,,,,,,,,,,,,,,,,,,,,,,,,,,,,,,,,,,,,,,,,,,,,,,,,,,,,
0,3,3,3,1,3,f,3,media/dgnb.png,media/dgnb_r.png,media/dgnb_g.png,-0.0885,0.115,,,,,332,2,2024-03-28_10h27.22.721,Symbol-E,2020.1.3,MacIntel,Firefox,Mozilla/5.0 (Macintosh; Intel Mac OS X 10.13; rv:109.0) Gecko/20100101 Firefox/115.0,60,,,,,,,,,,,,,,,,,,,,,,,,,,,,,,,,,,,,,,,,,,,,,,,,,,,,,,,,,,,,,,,,,,,,,,,,,,,,,,,
0,4,4,4,1,4,h,0,media/ddnb.png,media/ddnb_r.png,media/ddnb_g.png,0.088,0.115,,,,,332,2,2024-03-28_10h27.22.721,Symbol-E,2020.1.3,MacIntel,Firefox,Mozilla/5.0 (Macintosh; Intel Mac OS X 10.13; rv:109.0) Gecko/20100101 Firefox/115.0,60,,,,,,,,,,,,,,,,,,,,,,,,,,,,,,,,,,,,,,,,,,,,,,,,,,,,,,,,,,,,,,,,,,,,,,,,,,,,,,,
0,5,5,5,1,5,u,1,media/dfnb.png,media/dfnb_r.png,media/dfnb_g.png,0.1495,0.135,,,,,332,2,2024-03-28_10h27.22.721,Symbol-E,2020.1.3,MacIntel,Firefox,Mozilla/5.0 (Macintosh; Intel Mac OS X 10.13; rv:109.0) Gecko/20100101 Firefox/115.0,60,,,,,,,,,,,,,,,,,,,,,,,,,,,,,,,,,,,,,,,,,,,,,,,,,,,,,,,,,,,,,,,,,,,,,,,,,,,,,,,
0,6,6,6,1,6,i,2,media/dcnb.png,media/dcnb_r.png,media/dcnb_g.png,0.2055,0.112,,,,,332,2,2024-03-28_10h27.22.721,Symbol-E,2020.1.3,MacIntel,Firefox,Mozilla/5.0 (Macintosh; Intel Mac OS X 10.13; rv:109.0) Gecko/20100101 Firefox/115.0,60,,,,,,,,,,,,,,,,,,,,,,,,,,,,,,,,,,,,,,,,,,,,,,,,,,,,,,,,,,,,,,,,,,,,,,,,,,,,,,,
0,7,7,7,1,7,l,3,media/dmnb.png,media/dmnb_r.png,media/dmnb_g.png,0.25,0.045,,,,,332,2,2024-03-28_10h27.22.721,Symbol-E,2020.1.3,MacIntel,Firefox,Mozilla/5.0 (Macintosh; Intel Mac OS X 10.13; rv:109.0) Gecko/20100101 Firefox/115.0,60,,,,,,,,,,,,,,,,,,,,,,,,,,,,,,,,,,,,,,,,,,,,,,,,,,,,,,,,,,,,,,,,,,,,,,,,,,,,,,,
,,,,,,,,,,,,,,,,,332,2,2024-03-28_10h27.22.721,Symbol-E,2020.1.3,MacIntel,Firefox,Mozilla/5.0 (Macintosh; Intel Mac OS X 10.13; rv:109.0) Gecko/20100101 Firefox/115.0,60,"[6,0,3,5,7,4,2,1]",,"[2,3]","[6,7]",space,5.302,f,3.783,,0,0,0,0,1,,,,,,,,,,,,,,,,,,,,,,,,,,,,,,,,,,,,,,,,,,,,,,,,,,,,,,,,,,,,,,,,,
,,,,,,,,,,,,,,,,,332,2,2024-03-28_10h27.22.721,Symbol-E,2020.1.3,MacIntel,Firefox,Mozilla/5.0 (Macintosh; Intel Mac OS X 10.13; rv:109.0) Gecko/20100101 Firefox/115.0,60,,,,,,,j,0.371,,1,0,1,0,1,,,,,,,,,,,,,,,,,,,,,,,,,,,,,,,,,,,,,,,,,,,,,,,,,,,,,,,,,,,,,,,,,
,,,,,,,,,,,,,,,,,332,2,2024-03-28_10h27.22.721,Symbol-E,2020.1.3,MacIntel,Firefox,Mozilla/5.0 (Macintosh; Intel Mac OS X 10.13; rv:109.0) Gecko/20100101 Firefox/115.0,60,,,,,,,,,space,2,0,2,0,1,0.774,,,,,,,,,,,,,,,,,,,,,,,,,,,,,,,,,,,,,,,,,,,,,,,,,,,,,,,,,,,,,,,,
,,,,,,,,,,,,,,,,,332,2,2024-03-28_10h27.22.721,Symbol-E,2020.1.3,MacIntel,Firefox,Mozilla/5.0 (Macintosh; Intel Mac OS X 10.13; rv:109.0) Gecko/20100101 Firefox/115.0,60,,,,,,,,,,,,,,,,space,coin,f,-0.213,-1,2,f,0.787,0,0,0,0,1,,,,,,,,,,,,,,,,,,,,,,,,,,,,,,,,,,,,,,,,,,,,,,,,,,,
,,,,,,,,,,,,,,,,,332,2,2024-03-28_10h27.22.721,Symbol-E,2020.1.3,MacIntel,Firefox,Mozilla/5.0 (Macintosh; Intel Mac OS X 10.13; rv:109.0) Gecko/20100101 Firefox/115.0,60,,,,,,,,,,,,,,,,,coin,f,-0.863,-1,3,f,0.137,1,0,1,0,1,,,,,,,,,,,,,,,,,,,,,,,,,,,,,,,,,,,,,,,,,,,,,,,,,,,
,,,,,,,,,,,,,,,,,332,2,2024-03-28_10h27.22.721,Symbol-E,2020.1.3,MacIntel,Firefox,Mozilla/5.0 (Macintosh; Intel Mac OS X 10.13; rv:109.0) Gecko/20100101 Firefox/115.0,60,,,,,,,,,,,,,,,,,buzz,j,0.973,-1,4,j,1.973,2,0,2,0,1,,,,,,,,,,,,,,,,,,,,,,,,,,,,,,,,,,,,,,,,,,,,,,,,,,,
,,,,,,,,,,,,,,,,,332,2,2024-03-28_10h27.22.721,Symbol-E,2020.1.3,MacIntel,Firefox,Mozilla/5.0 (Macintosh; Intel Mac OS X 10.13; rv:109.0) Gecko/20100101 Firefox/115.0,60,,,,,,,,,,,,,,,,,buzz,j,-0.463,-1,5,j,0.537,3,0,3,0,1,,,,,,,,,,,,,,,,,,,,,,,,,,,,,,,,,,,,,,,,,,,,,,,,,,,
,,,,,,,,,,,,,,,,,332,2,2024-03-28_10h27.22.721,Symbol-E,2020.1.3,MacIntel,Firefox,Mozilla/5.0 (Macintosh; Intel Mac OS X 10.13; rv:109.0) Gecko/20100101 Firefox/115.0,60,,,,,,,,,,,,,,,,,,,,,,,,,,,,,0,0,0,0,1,,,,,,,,,,,,,,,,,,,,,,,,,,,,,,,,,,,,,,,,,,,,,,
,,,,,,,,,,,,,,,,,332,2,2024-03-28_10h27.22.721,Symbol-E,2020.1.3,MacIntel,Firefox,Mozilla/5.0 (Macintosh; Intel Mac OS X 10.13; rv:109.0) Gecko/20100101 Firefox/115.0,60,,,,,,,,,,,,,,,,,,,,,,,,,,,,,,,,,,h,63.19,h,4.395,media/dgnb.png,2,2,Symb,e,RT,0,0,0,1,8,0,0,0,1,1,99,e,1.621,2,1,e,1,1.621,0,0,0,0,1,,,,,,,,,,,,,
,,,,,,,,,,,,,,,,,332,2,2024-03-28_10h27.22.721,Symbol-E,2020.1.3,MacIntel,Firefox,Mozilla/5.0 (Macintosh; Intel Mac OS X 10.13; rv:109.0) Gecko/20100101 Firefox/115.0,60,,,,,,,,,,,,,,,,,,,,,,,,,,,,,,,,,,,,,,media/dinb.png,6,2,Symb,i,RT,0,0,0,1,8,0,1,0,1,1,99,i,3.042,6,1,i,1,3.042,1,0,1,0,1,,,,,,,,,,,,,
,,,,,,,,,,,,,,,,,332,2,2024-03-28_10h27.22.721,Symbol-E,2020.1.3,MacIntel,Firefox,Mozilla/5.0 (Macintosh; Intel Mac OS X 10.13; rv:109.0) Gecko/20100101 Firefox/115.0,60,,,,,,,,,,,,,,,,,,,,,,,,,,,,,,,,,,,,,,media/dcnb.png,0,0,Symb,a,RT,0,0,0,1,8,0,2,0,1,1,99,a,1.14,0,1,a,1,1.14,2,0,2,0,1,,,,,,,,,,,,,
,,,,,,,,,,,,,,,,,332,2,2024-03-28_10h27.22.721,Symbol-E,2020.1.3,MacIntel,Firefox,Mozilla/5.0 (Macintosh; Intel Mac OS X 10.13; rv:109.0) Gecko/20100101 Firefox/115.0,60,,,,,,,,,,,,,,,,,,,,,,,,,,,,,,,,,,,,,,media/dgnb.png,2,2,Symb,e,RT,0,0,0,1,8,0,3,0,1,1,99,e,0.974,2,1,e,1,0.974,3,0,3,0,1,,,,,,,,,,,,,
,,,,,,,,,,,,,,,,,332,2,2024-03-28_10h27.22.721,Symbol-E,2020.1.3,MacIntel,Firefox,Mozilla/5.0 (Macintosh; Intel Mac OS X 10.13; rv:109.0) Gecko/20100101 Firefox/115.0,60,,,,,,,,,,,,,,,,,,,,,,,,,,,,,,,,,,,,,,media/ddnb.png,5,1,Symb,u,RT,0,0,0,1,8,0,4,0,1,1,99,l,1.387,7,0,l,0,1.387,4,0,4,0,1,,,,,,,,,,,,,
,,,,,,,,,,,,,,,,,332,2,2024-03-28_10h27.22.721,Symbol-E,2020.1.3,MacIntel,Firefox,Mozilla/5.0 (Macintosh; Intel Mac OS X 10.13; rv:109.0) Gecko/20100101 Firefox/115.0,60,,,,,,,,,,,,,,,,,,,,,,,,,,,,,,,,,,,,,,media/dfnb.png,3,3,Symb,f,RT,0,0,0,1,8,0,5,0,1,1,99,f,3.06,3,1,f,1,3.06,5,0,5,0,1,,,,,,,,,,,,,
,,,,,,,,,,,,,,,,,332,2,2024-03-28_10h27.22.721,Symbol-E,2020.1.3,MacIntel,Firefox,Mozilla/5.0 (Macintosh; Intel Mac OS X 10.13; rv:109.0) Gecko/20100101 Firefox/115.0,60,,,,,,,,,,,,,,,,,,,,,,,,,,,,,,,,,,,,,,media/djnb.png,1,1,Symb,w,RT,0,0,0,1,8,0,6,0,1,1,99,w,1.487,1,1,w,1,1.487,6,0,6,0,1,,,,,,,,,,,,,
,,,,,,,,,,,,,,,,,332,2,2024-03-28_10h27.22.721,Symbol-E,2020.1.3,MacIntel,Firefox,Mozilla/5.0 (Macintosh; Intel Mac OS X 10.13; rv:109.0) Gecko/20100101 Firefox/115.0,60,,,,,,,,,,,,,,,,,,,,,,,,,,,,,,,,,,,,,,media/dfnb.png,3,3,Symb,f,RT,0,0,0,1,8,0,7,0,1,1,99,f,1.059,3,1,f,1,1.059,7,0,7,0,1,,,,,,,,,,,,,
,,,,,,,,,,,,,,,,,332,2,2024-03-28_10h27.22.721,Symbol-E,2020.1.3,MacIntel,Firefox,Mozilla/5.0 (Macintosh; Intel Mac OS X 10.13; rv:109.0) Gecko/20100101 Firefox/115.0,60,,,,,,,,,,,,,,,,,,,,,,,,,,,,,,,,,,,,,,media/ddnb.png,5,1,Symb,u,RT,0,0,0,1,8,0,8,0,1,1,99,u,1.356,5,1,u,1,1.356,8,0,8,0,1,,,,,,,,,,,,,
,,,,,,,,,,,,,,,,,332,2,2024-03-28_10h27.22.721,Symbol-E,2020.1.3,MacIntel,Firefox,Mozilla/5.0 (Macintosh; Intel Mac OS X 10.13; rv:109.0) Gecko/20100101 Firefox/115.0,60,,,,,,,,,,,,,,,,,,,,,,,,,,,,,,,,,,,,,,media/dinb.png,6,2,Symb,i,RT,0,0,0,1,8,0,9,0,1,1,99,i,0.755,6,1,i,1,0.755,9,0,9,0,1,,,,,,,,,,,,,
,,,,,,,,,,,,,,,,,332,2,2024-03-28_10h27.22.721,Symbol-E,2020.1.3,MacIntel,Firefox,Mozilla/5.0 (Macintosh; Intel Mac OS X 10.13; rv:109.0) Gecko/20100101 Firefox/115.0,60,,,,,,,,,,,,,,,,,,,,,,,,,,,,,,,,,,,,,,media/djnb.png,1,1,Symb,w,RT,0,0,0,1,8,0,10,0,1,1,99,w,1.554,1,1,w,1,1.554,10,0,10,0,1,,,,,,,,,,,,,
,,,,,,,,,,,,,,,,,332,2,2024-03-28_10h27.22.721,Symbol-E,2020.1.3,MacIntel,Firefox,Mozilla/5.0 (Macintosh; Intel Mac OS X 10.13; rv:109.0) Gecko/20100101 Firefox/115.0,60,,,,,,,,,,,,,,,,,,,,,,,,,,,,,,,,,,,,,,media/dnnb.png,7,3,Symb,l,RT,0,0,0,1,8,0,11,0,1,1,99,l,2.305,7,1,l,1,2.305,11,0,11,0,1,,,,,,,,,,,,,
,,,,,,,,,,,,,,,,,332,2,2024-03-28_10h27.22.721,Symbol-E,2020.1.3,MacIntel,Firefox,Mozilla/5.0 (Macintosh; Intel Mac OS X 10.13; rv:109.0) Gecko/20100101 Firefox/115.0,60,,,,,,,,,,,,,,,,,,,,,,,,,,,,,,,,,,,,,,media/dmnb.png,4,0,Symb,h,RT,0,0,0,1,8,0,12,0,1,1,99,h,1.192,4,1,h,1,1.192,12,0,12,0,1,,,,,,,,,,,,,
,,,,,,,,,,,,,,,,,332,2,2024-03-28_10h27.22.721,Symbol-E,2020.1.3,MacIntel,Firefox,Mozilla/5.0 (Macintosh; Intel Mac OS X 10.13; rv:109.0) Gecko/20100101 Firefox/115.0,60,,,,,,,,,,,,,,,,,,,,,,,,,,,,,,,,,,,,,,media/dmnb.png,4,0,Symb,h,RT,0,0,0,1,8,0,13,0,1,1,99,h,0.468,4,1,h,1,0.468,13,0,13,0,1,,,,,,,,,,,,,
,,,,,,,,,,,,,,,,,332,2,2024-03-28_10h27.22.721,Symbol-E,2020.1.3,MacIntel,Firefox,Mozilla/5.0 (Macintosh; Intel Mac OS X 10.13; rv:109.0) Gecko/20100101 Firefox/115.0,60,,,,,,,,,,,,,,,,,,,,,,,,,,,,,,,,,,,,,,media/dnnb.png,7,3,Symb,l,RT,0,0,0,1,8,0,14,0,1,1,99,l,1.154,7,1,l,1,1.154,14,0,14,0,1,,,,,,,,,,,,,
,,,,,,,,,,,,,,,,,332,2,2024-03-28_10h27.22.721,Symbol-E,2020.1.3,MacIntel,Firefox,Mozilla/5.0 (Macintosh; Intel Mac OS X 10.13; rv:109.0) Gecko/20100101 Firefox/115.0,60,,,,,,,,,,,,,,,,,,,,,,,,,,,,,,,,,,,,,,media/dcnb.png,0,0,Symb,a,RT,0,0,0,1,8,0,15,0,1,1,99,a,6.001,0,1,a,1,6.001,15,0,15,0,1,,,,,,,,,,,,,
,,,,,,,,,,,,,,,,,332,2,2024-03-28_10h27.22.721,Symbol-E,2020.1.3,MacIntel,Firefox,Mozilla/5.0 (Macintosh; Intel Mac OS X 10.13; rv:109.0) Gecko/20100101 Firefox/115.0,60,,,,,,,,,,,,,,,,,,,,,,,,,,,,,,,,,,,,,,media/djnb.png,1,1,Symb,w,RT,0,0,0,1,8,0,16,0,1,1,99,w,10.488,1,1,w,1,10.488,16,0,16,0,1,,,,,,,,,,,,,
,,,,,,,,,,,,,,,,,332,2,2024-03-28_10h27.22.721,Symbol-E,2020.1.3,MacIntel,Firefox,Mozilla/5.0 (Macintosh; Intel Mac OS X 10.13; rv:109.0) Gecko/20100101 Firefox/115.0,60,,,,,,,,,,,,,,,,,,,,,,,,,,,,,,,,,,,,,,media/dinb.png,6,2,Symb,i,RT,0,0,0,1,8,0,17,0,1,1,99,i,0.889,6,1,i,1,0.889,17,0,17,0,1,,,,,,,,,,,,,
,,,,,,,,,,,,,,,,,332,2,2024-03-28_10h27.22.721,Symbol-E,2020.1.3,MacIntel,Firefox,Mozilla/5.0 (Macintosh; Intel Mac OS X 10.13; rv:109.0) Gecko/20100101 Firefox/115.0,60,,,,,,,,,,,,,,,,,,,,,,,,,,,,,,,,,,,,,,media/ddnb.png,5,1,Symb,u,RT,0,0,0,1,8,0,18,0,1,1,99,u,3.041,5,1,u,1,3.041,18,0,18,0,1,,,,,,,,,,,,,
,,,,,,,,,,,,,,,,,332,2,2024-03-28_10h27.22.721,Symbol-E,2020.1.3,MacIntel,Firefox,Mozilla/5.0 (Macintosh; Intel Mac OS X 10.13; rv:109.0) Gecko/20100101 Firefox/115.0,60,,,,,,,,,,,,,,,,,,,,,,,,,,,,,,,,,,,,,,media/dgnb.png,2,2,Symb,e,RT,0,0,0,1,8,0,19,0,1,1,99,e,0.985,2,1,e,1,0.985,19,0,19,0,1,,,,,,,,,,,,,
,,,,,,,,,,,,,,,,,332,2,2024-03-28_10h27.22.721,Symbol-E,2020.1.3,MacIntel,Firefox,Mozilla/5.0 (Macintosh; Intel Mac OS X 10.13; rv:109.0) Gecko/20100101 Firefox/115.0,60,,,,,,,,,,,,,,,,,,,,,,,,,,,,,,,,,,,,,,media/dmnb.png,4,0,Symb,h,RT,0,0,0,1,8,0,20,0,1,1,99,h,0.885,4,1,h,1,0.885,20,0,20,0,1,,,,,,,,,,,,,
,,,,,,,,,,,,,,,,,332,2,2024-03-28_10h27.22.721,Symbol-E,2020.1.3,MacIntel,Firefox,Mozilla/5.0 (Macintosh; Intel Mac OS X 10.13; rv:109.0) Gecko/20100101 Firefox/115.0,60,,,,,,,,,,,,,,,,,,,,,,,,,,,,,,,,,,,,,,media/dcnb.png,0,0,Symb,a,RT,0,0,0,1,8,0,21,0,1,1,99,a,0.903,0,1,a,1,0.903,21,0,21,0,1,,,,,,,,,,,,,
,,,,,,,,,,,,,,,,,332,2,2024-03-28_10h27.22.721,Symbol-E,2020.1.3,MacIntel,Firefox,Mozilla/5.0 (Macintosh; Intel Mac OS X 10.13; rv:109.0) Gecko/20100101 Firefox/115.0,60,,,,,,,,,,,,,,,,,,,,,,,,,,,,,,,,,,,,,,media/djnb.png,1,1,Symb,w,RT,0,0,0,1,8,0,22,0,1,1,99,w,1.02,1,1,w,1,1.02,22,0,22,0,1,,,,,,,,,,,,,
,,,,,,,,,,,,,,,,,332,2,2024-03-28_10h27.22.721,Symbol-E,2020.1.3,MacIntel,Firefox,Mozilla/5.0 (Macintosh; Intel Mac OS X 10.13; rv:109.0) Gecko/20100101 Firefox/115.0,60,,,,,,,,,,,,,,,,,,,,,,,,,,,,,,,,,,,,,,media/dfnb.png,3,3,Symb,f,RT,0,0,0,1,8,0,23,0,1,1,99,f,1.571,3,1,f,1,1.571,23,0,23,0,1,,,,,,,,,,,,,
,,,,,,,,,,,,,,,,,332,2,2024-03-28_10h27.22.721,Symbol-E,2020.1.3,MacIntel,Firefox,Mozilla/5.0 (Macintosh; Intel Mac OS X 10.13; rv:109.0) Gecko/20100101 Firefox/115.0,60,,,,,,,,,,,,,,,,,,,,,,,,,,,,,,,,,,,,,,media/ddnb.png,5,1,Symb,u,RT,0,0,0,1,8,0,24,0,1,1,99,u,0.92,5,1,u,1,0.92,24,0,24,0,1,,,,,,,,,,,,,
,,,,,,,,,,,,,,,,,332,2,2024-03-28_10h27.22.721,Symbol-E,2020.1.3,MacIntel,Firefox,Mozilla/5.0 (Macintosh; Intel Mac OS X 10.13; rv:109.0) Gecko/20100101 Firefox/115.0,60,,,,,,,,,,,,,,,,,,,,,,,,,,,,,,,,,,,,,,media/dnnb.png,7,3,Symb,l,RT,0,0,0,1,8,0,25,0,1,1,99,l,1.47,7,1,l,1,1.47,25,0,25,0,1,,,,,,,,,,,,,
,,,,,,,,,,,,,,,,,332,2,2024-03-28_10h27.22.721,Symbol-E,2020.1.3,MacIntel,Firefox,Mozilla/5.0 (Macintosh; Intel Mac OS X 10.13; rv:109.0) Gecko/20100101 Firefox/115.0,60,,,,,,,,,,,,,,,,,,,,,,,,,,,,,,,,,,,,,,media/dgnb.png,2,2,Symb,e,RT,0,0,0,1,8,0,26,0,1,1,99,e,1.019,2,1,e,1,1.019,26,0,26,0,1,,,,,,,,,,,,,
,,,,,,,,,,,,,,,,,332,2,2024-03-28_10h27.22.721,Symbol-E,2020.1.3,MacIntel,Firefox,Mozilla/5.0 (Macintosh; Intel Mac OS X 10.13; rv:109.0) Gecko/20100101 Firefox/115.0,60,,,,,,,,,,,,,,,,,,,,,,,,,,,,,,,,,,,,,,media/dfnb.png,3,3,Symb,f,RT,0,0,0,1,8,0,27,0,1,1,99,f,1.471,3,1,f,1,1.471,27,0,27,0,1,,,,,,,,,,,,,
,,,,,,,,,,,,,,,,,332,2,2024-03-28_10h27.22.721,Symbol-E,2020.1.3,MacIntel,Firefox,Mozilla/5.0 (Macintosh; Intel Mac OS X 10.13; rv:109.0) Gecko/20100101 Firefox/115.0,60,,,,,,,,,,,,,,,,,,,,,,,,,,,,,,,,,,,,,,media/dnnb.png,7,3,Symb,l,RT,0,0,0,1,8,0,28,0,1,1,99,l,1.387,7,1,l,1,1.387,28,0,28,0,1,,,,,,,,,,,,,
,,,,,,,,,,,,,,,,,332,2,2024-03-28_10h27.22.721,Symbol-E,2020.1.3,MacIntel,Firefox,Mozilla/5.0 (Macintosh; Intel Mac OS X 10.13; rv:109.0) Gecko/20100101 Firefox/115.0,60,,,,,,,,,,,,,,,,,,,,,,,,,,,,,,,,,,,,,,media/dcnb.png,0,0,Symb,a,RT,0,0,0,1,8,0,29,0,1,1,99,a,1.825,0,1,a,1,1.825,29,0,29,0,1,,,,,,,,,,,,,
,,,,,,,,,,,,,,,,,332,2,2024-03-28_10h27.22.721,Symbol-E,2020.1.3,MacIntel,Firefox,Mozilla/5.0 (Macintosh; Intel Mac OS X 10.13; rv:109.0) Gecko/20100101 Firefox/115.0,60,,,,,,,,,,,,,,,,,,,,,,,,,,,,,,,,,,,,,,media/dmnb.png,4,0,Symb,h,RT,0,0,0,1,8,0,30,0,1,1,99,h,0.807,4,1,h,1,0.807,30,0,30,0,1,,,,,,,,,,,,,
,,,,,,,,,,,,,,,,,332,2,2024-03-28_10h27.22.721,Symbol-E,2020.1.3,MacIntel,Firefox,Mozilla/5.0 (Macintosh; Intel Mac OS X 10.13; rv:109.0) Gecko/20100101 Firefox/115.0,60,,,,,,,,,,,,,,,,,,,,,,,,,,,,,,,,,,,,,,media/dinb.png,6,2,Symb,i,RT,0,0,0,1,8,0,31,0,1,1,99,i,0.968,6,1,i,1,0.968,31,0,31,0,1,,,,,,,,,,,,,
,,,,,,,,,,,,,,,,,332,2,2024-03-28_10h27.22.721,Symbol-E,2020.1.3,MacIntel,Firefox,Mozilla/5.0 (Macintosh; Intel Mac OS X 10.13; rv:109.0) Gecko/20100101 Firefox/115.0,60,,,,,,,,,,,,,,,,,,,,,,,,,,,,,,,,,,,,,,media/dfnb.png,3,3,Symb,f,RT,0,0,0,1,8,0,32,0,1,1,99,f,3.723,3,1,f,1,3.723,32,0,32,0,1,,,,,,,,,,,,,
,,,,,,,,,,,,,,,,,332,2,2024-03-28_10h27.22.721,Symbol-E,2020.1.3,MacIntel,Firefox,Mozilla/5.0 (Macintosh; Intel Mac OS X 10.13; rv:109.0) Gecko/20100101 Firefox/115.0,60,,,,,,,,,,,,,,,,,,,,,,,,,,,,,,,,,,,,,,media/djnb.png,1,1,Symb,w,RT,0,0,0,1,8,0,33,0,1,1,99,w,1.054,1,1,w,1,1.054,33,0,33,0,1,,,,,,,,,,,,,
,,,,,,,,,,,,,,,,,332,2,2024-03-28_10h27.22.721,Symbol-E,2020.1.3,MacIntel,Firefox,Mozilla/5.0 (Macintosh; Intel Mac OS X 10.13; rv:109.0) Gecko/20100101 Firefox/115.0,60,,,,,,,,,,,,,,,,,,,,,,,,,,,,,,,,,,,,,,media/dnnb.png,7,3,Symb,l,RT,0,0,0,1,8,0,34,0,1,1,99,l,1.223,7,1,l,1,1.223,34,0,34,0,1,,,,,,,,,,,,,
,,,,,,,,,,,,,,,,,332,2,2024-03-28_10h27.22.721,Symbol-E,2020.1.3,MacIntel,Firefox,Mozilla/5.0 (Macintosh; Intel Mac OS X 10.13; rv:109.0) Gecko/20100101 Firefox/115.0,60,,,,,,,,,,,,,,,,,,,,,,,,,,,,,,,,,,,,,,media/dmnb.png,4,0,Symb,h,RT,0,0,0,1,8,0,35,0,1,1,99,h,0.952,4,1,h,1,0.952,35,0,35,0,1,,,,,,,,,,,,,
,,,,,,,,,,,,,,,,,332,2,2024-03-28_10h27.22.721,Symbol-E,2020.1.3,MacIntel,Firefox,Mozilla/5.0 (Macintosh; Intel Mac OS X 10.13; rv:109.0) Gecko/20100101 Firefox/115.0,60,,,,,,,,,,,,,,,,,,,,,,,,,,,,,,,,,,,,,,media/dmnb.png,4,0,Symb,h,RT,0,0,0,1,8,0,36,0,1,1,99,h,0.488,4,1,h,1,0.488,36,0,36,0,1,,,,,,,,,,,,,
,,,,,,,,,,,,,,,,,332,2,2024-03-28_10h27.22.721,Symbol-E,2020.1.3,MacIntel,Firefox,Mozilla/5.0 (Macintosh; Intel Mac OS X 10.13; rv:109.0) Gecko/20100101 Firefox/115.0,60,,,,,,,,,,,,,,,,,,,,,,,,,,,,,,,,,,,,,,media/dfnb.png,3,3,Symb,f,RT,0,0,0,1,8,0,37,0,1,1,99,f,1.037,3,1,f,1,1.037,37,0,37,0,1,,,,,,,,,,,,,
,,,,,,,,,,,,,,,,,332,2,2024-03-28_10h27.22.721,Symbol-E,2020.1.3,MacIntel,Firefox,Mozilla/5.0 (Macintosh; Intel Mac OS X 10.13; rv:109.0) Gecko/20100101 Firefox/115.0,60,,,,,,,,,,,,,,,,,,,,,,,,,,,,,,,,,,,,,,media/ddnb.png,5,1,Symb,u,RT,0,0,0,1,8,0,38,0,1,1,99,u,11.141,5,1,u,1,11.141,38,0,38,0,1,,,,,,,,,,,,,
,,,,,,,,,,,,,,,,,332,2,2024-03-28_10h27.22.721,Symbol-E,2020.1.3,MacIntel,Firefox,Mozilla/5.0 (Macintosh; Intel Mac OS X 10.13; rv:109.0) Gecko/20100101 Firefox/115.0,60,,,,,,,,,,,,,,,,,,,,,,,,,,,,,,,,,,,,,,media/dcnb.png,0,0,Symb,a,RT,0,0,0,1,8,0,39,0,1,1,99,a,2.121,0,1,a,1,2.121,39,0,39,0,1,,,,,,,,,,,,,
,,,,,,,,,,,,,,,,,332,2,2024-03-28_10h27.22.721,Symbol-E,2020.1.3,MacIntel,Firefox,Mozilla/5.0 (Macintosh; Intel Mac OS X 10.13; rv:109.0) Gecko/20100101 Firefox/115.0,60,,,,,,,,,,,,,,,,,,,,,,,,,,,,,,,,,,,,,,media/dinb.png,6,2,Symb,i,RT,0,0,0,1,8,0,40,0,1,1,99,i,0.806,6,1,i,1,0.806,40,0,40,0,1,,,,,,,,,,,,,
,,,,,,,,,,,,,,,,,332,2,2024-03-28_10h27.22.721,Symbol-E,2020.1.3,MacIntel,Firefox,Mozilla/5.0 (Macintosh; Intel Mac OS X 10.13; rv:109.0) Gecko/20100101 Firefox/115.0,60,,,,,,,,,,,,,,,,,,,,,,,,,,,,,,,,,,,,,,media/dgnb.png,2,2,Symb,e,RT,0,0,0,1,8,0,41,0,1,1,99,e,1.054,2,1,e,1,1.054,41,0,41,0,1,,,,,,,,,,,,,
,,,,,,,,,,,,,,,,,332,2,2024-03-28_10h27.22.721,Symbol-E,2020.1.3,MacIntel,Firefox,Mozilla/5.0 (Macintosh; Intel Mac OS X 10.13; rv:109.0) Gecko/20100101 Firefox/115.0,60,,,,,,,,,,,,,,,,,,,,,,,,,,,,,,,,,,,,,,media/dnnb.png,7,3,Symb,l,RT,0,0,0,1,8,0,42,0,1,1,99,l,1.355,7,1,l,1,1.355,42,0,42,0,1,,,,,,,,,,,,,
,,,,,,,,,,,,,,,,,332,2,2024-03-28_10h27.22.721,Symbol-E,2020.1.3,MacIntel,Firefox,Mozilla/5.0 (Macintosh; Intel Mac OS X 10.13; rv:109.0) Gecko/20100101 Firefox/115.0,60,,,,,,,,,,,,,,,,,,,,,,,,,,,,,,,,,,,,,,media/ddnb.png,5,1,Symb,u,RT,0,0,0,1,8,0,43,0,1,1,99,u,0.953,5,1,u,1,0.953,43,0,43,0,1,,,,,,,,,,,,,
,,,,,,,,,,,,,,,,,332,2,2024-03-28_10h27.22.721,Symbol-E,2020.1.3,MacIntel,Firefox,Mozilla/5.0 (Macintosh; Intel Mac OS X 10.13; rv:109.0) Gecko/20100101 Firefox/115.0,60,,,,,,,,,,,,,,,,,,,,,,,,,,,,,,,,,,,,,,media/dinb.png,6,2,Symb,i,RT,0,0,0,1,8,0,44,0,1,1,99,i,0.586,6,1,i,1,0.586,44,0,44,0,1,,,,,,,,,,,,,
,,,,,,,,,,,,,,,,,332,2,2024-03-28_10h27.22.721,Symbol-E,2020.1.3,MacIntel,Firefox,Mozilla/5.0 (Macintosh; Intel Mac OS X 10.13; rv:109.0) Gecko/20100101 Firefox/115.0,60,,,,,,,,,,,,,,,,,,,,,,,,,,,,,,,,,,,,,,media/djnb.png,1,1,Symb,w,RT,0,0,0,1,8,0,45,0,1,1,99,w,0.907,1,1,w,1,0.907,45,0,45,0,1,,,,,,,,,,,,,
,,,,,,,,,,,,,,,,,332,2,2024-03-28_10h27.22.721,Symbol-E,2020.1.3,MacIntel,Firefox,Mozilla/5.0 (Macintosh; Intel Mac OS X 10.13; rv:109.0) Gecko/20100101 Firefox/115.0,60,,,,,,,,,,,,,,,,,,,,,,,,,,,,,,,,,,,,,,media/dcnb.png,0,0,Symb,a,RT,0,0,0,1,8,0,46,0,1,1,99,a,1.37,0,1,a,1,1.37,46,0,46,0,1,,,,,,,,,,,,,
,,,,,,,,,,,,,,,,,332,2,2024-03-28_10h27.22.721,Symbol-E,2020.1.3,MacIntel,Firefox,Mozilla/5.0 (Macintosh; Intel Mac OS X 10.13; rv:109.0) Gecko/20100101 Firefox/115.0,60,,,,,,,,,,,,,,,,,,,,,,,,,,,,,,,,,,,,,,media/dgnb.png,2,2,Symb,e,RT,0,0,0,1,8,0,47,0,1,1,99,e,0.873,2,1,e,1,0.873,47,0,47,0,1,,,,,,,,,,,,,
,,,,,,,,,,,,,,,,,332,2,2024-03-28_10h27.22.721,Symbol-E,2020.1.3,MacIntel,Firefox,Mozilla/5.0 (Macintosh; Intel Mac OS X 10.13; rv:109.0) Gecko/20100101 Firefox/115.0,60,,,,,,,,,,,,,,,,,,,,,,,,,,,,,,,,,,,,,,media/dnnb.png,7,3,Symb,l,RT,0,0,0,1,8,0,48,0,1,1,99,l,1.17,7,1,l,1,1.17,48,0,48,0,1,,,,,,,,,,,,,
,,,,,,,,,,,,,,,,,332,2,2024-03-28_10h27.22.721,Symbol-E,2020.1.3,MacIntel,Firefox,Mozilla/5.0 (Macintosh; Intel Mac OS X 10.13; rv:109.0) Gecko/20100101 Firefox/115.0,60,,,,,,,,,,,,,,,,,,,,,,,,,,,,,,,,,,,,,,media/djnb.png,1,1,Symb,w,RT,0,0,0,1,8,0,49,0,1,1,99,w,5.448,1,1,w,1,5.448,49,0,49,0,1,,,,,,,,,,,,,
,,,,,,,,,,,,,,,,,332,2,2024-03-28_10h27.22.721,Symbol-E,2020.1.3,MacIntel,Firefox,Mozilla/5.0 (Macintosh; Intel Mac OS X 10.13; rv:109.0) Gecko/20100101 Firefox/115.0,60,,,,,,,,,,,,,,,,,,,,,,,,,,,,,,,,,,,,,,media/ddnb.png,5,1,Symb,u,RT,0,0,0,1,8,0,50,0,1,1,99,u,0.871,5,1,u,1,0.871,50,0,50,0,1,,,,,,,,,,,,,
,,,,,,,,,,,,,,,,,332,2,2024-03-28_10h27.22.721,Symbol-E,2020.1.3,MacIntel,Firefox,Mozilla/5.0 (Macintosh; Intel Mac OS X 10.13; rv:109.0) Gecko/20100101 Firefox/115.0,60,,,,,,,,,,,,,,,,,,,,,,,,,,,,,,,,,,,,,,media/dmnb.png,4,0,Symb,h,RT,0,0,0,1,8,0,51,0,1,1,99,h,0.786,4,1,h,1,0.786,51,0,51,0,1,,,,,,,,,,,,,
,,,,,,,,,,,,,,,,,332,2,2024-03-28_10h27.22.721,Symbol-E,2020.1.3,MacIntel,Firefox,Mozilla/5.0 (Macintosh; Intel Mac OS X 10.13; rv:109.0) Gecko/20100101 Firefox/115.0,60,,,,,,,,,,,,,,,,,,,,,,,,,,,,,,,,,,,,,,media/dcnb.png,0,0,Symb,a,RT,0,0,0,1,8,0,52,0,1,1,99,a,0.943,0,1,a,1,0.943,52,0,52,0,1,,,,,,,,,,,,,
,,,,,,,,,,,,,,,,,332,2,2024-03-28_10h27.22.721,Symbol-E,2020.1.3,MacIntel,Firefox,Mozilla/5.0 (Macintosh; Intel Mac OS X 10.13; rv:109.0) Gecko/20100101 Firefox/115.0,60,,,,,,,,,,,,,,,,,,,,,,,,,,,,,,,,,,,,,,media/dnnb.png,7,3,Symb,l,RT,0,0,0,1,8,0,53,0,1,1,99,l,1.025,7,1,l,1,1.025,53,0,53,0,1,,,,,,,,,,,,,
,,,,,,,,,,,,,,,,,332,2,2024-03-28_10h27.22.721,Symbol-E,2020.1.3,MacIntel,Firefox,Mozilla/5.0 (Macintosh; Intel Mac OS X 10.13; rv:109.0) Gecko/20100101 Firefox/115.0,60,,,,,,,,,,,,,,,,,,,,,,,,,,,,,,,,,,,,,,media/dinb.png,6,2,Symb,i,RT,0,0,0,1,8,0,54,0,1,1,99,i,0.702,6,1,i,1,0.702,54,0,54,0,1,,,,,,,,,,,,,
,,,,,,,,,,,,,,,,,332,2,2024-03-28_10h27.22.721,Symbol-E,2020.1.3,MacIntel,Firefox,Mozilla/5.0 (Macintosh; Intel Mac OS X 10.13; rv:109.0) Gecko/20100101 Firefox/115.0,60,,,,,,,,,,,,,,,,,,,,,,,,,,,,,,,,,,,,,,media/dfnb.png,3,3,Symb,f,RT,0,0,0,1,8,0,55,0,1,1,99,f,1.072,3,1,f,1,1.072,55,0,55,0,1,,,,,,,,,,,,,
,,,,,,,,,,,,,,,,,332,2,2024-03-28_10h27.22.721,Symbol-E,2020.1.3,MacIntel,Firefox,Mozilla/5.0 (Macintosh; Intel Mac OS X 10.13; rv:109.0) Gecko/20100101 Firefox/115.0,60,,,,,,,,,,,,,,,,,,,,,,,,,,,,,,,,,,,,,,media/dinb.png,6,2,Symb,i,RT,0,0,0,1,8,0,56,0,1,1,99,i,0.634,6,1,i,1,0.634,56,0,56,0,1,,,,,,,,,,,,,
,,,,,,,,,,,,,,,,,332,2,2024-03-28_10h27.22.721,Symbol-E,2020.1.3,MacIntel,Firefox,Mozilla/5.0 (Macintosh; Intel Mac OS X 10.13; rv:109.0) Gecko/20100101 Firefox/115.0,60,,,,,,,,,,,,,,,,,,,,,,,,,,,,,,,,,,,,,,media/dcnb.png,0,0,Symb,a,RT,0,0,0,1,8,0,57,0,1,1,99,a,0.924,0,1,a,1,0.924,57,0,57,0,1,,,,,,,,,,,,,
,,,,,,,,,,,,,,,,,332,2,2024-03-28_10h27.22.721,Symbol-E,2020.1.3,MacIntel,Firefox,Mozilla/5.0 (Macintosh; Intel Mac OS X 10.13; rv:109.0) Gecko/20100101 Firefox/115.0,60,,,,,,,,,,,,,,,,,,,,,,,,,,,,,,,,,,,,,,media/ddnb.png,5,1,Symb,u,RT,0,0,0,1,8,0,58,0,1,1,99,u,0.855,5,1,u,1,0.855,58,0,58,0,1,,,,,,,,,,,,,
,,,,,,,,,,,,,,,,,332,2,2024-03-28_10h27.22.721,Symbol-E,2020.1.3,MacIntel,Firefox,Mozilla/5.0 (Macintosh; Intel Mac OS X 10.13; rv:109.0) Gecko/20100101 Firefox/115.0,60,,,,,,,,,,,,,,,,,,,,,,,,,,,,,,,,,,,,,,media/dgnb.png,2,2,Symb,e,RT,0,0,0,1,8,0,59,0,1,1,99,e,0.957,2,1,e,1,0.957,59,0,59,0,1,,,,,,,,,,,,,
,,,,,,,,,,,,,,,,,332,2,2024-03-28_10h27.22.721,Symbol-E,2020.1.3,MacIntel,Firefox,Mozilla/5.0 (Macintosh; Intel Mac OS X 10.13; rv:109.0) Gecko/20100101 Firefox/115.0,60,,,,,,,,,,,,,,,,,,,,,,,,,,,,,,,,,,,,,,media/dgnb.png,2,2,Symb,e,RT,0,0,0,1,8,0,60,0,1,1,99,e,0.769,2,1,e,1,0.769,60,0,60,0,1,,,,,,,,,,,,,
,,,,,,,,,,,,,,,,,332,2,2024-03-28_10h27.22.721,Symbol-E,2020.1.3,MacIntel,Firefox,Mozilla/5.0 (Macintosh; Intel Mac OS X 10.13; rv:109.0) Gecko/20100101 Firefox/115.0,60,,,,,,,,,,,,,,,,,,,,,,,,,,,,,,,,,,,,,,media/djnb.png,1,1,Symb,w,RT,0,0,0,1,8,0,61,0,1,1,99,w,1.053,1,1,w,1,1.053,61,0,61,0,1,,,,,,,,,,,,,
,,,,,,,,,,,,,,,,,332,2,2024-03-28_10h27.22.721,Symbol-E,2020.1.3,MacIntel,Firefox,Mozilla/5.0 (Macintosh; Intel Mac OS X 10.13; rv:109.0) Gecko/20100101 Firefox/115.0,60,,,,,,,,,,,,,,,,,,,,,,,,,,,,,,,,,,,,,,media/dmnb.png,4,0,Symb,h,RT,0,0,0,1,8,0,62,0,1,1,99,h,2.442,4,1,h,1,2.442,62,0,62,0,1,,,,,,,,,,,,,
,,,,,,,,,,,,,,,,,332,2,2024-03-28_10h27.22.721,Symbol-E,2020.1.3,MacIntel,Firefox,Mozilla/5.0 (Macintosh; Intel Mac OS X 10.13; rv:109.0) Gecko/20100101 Firefox/115.0,60,,,,,,,,,,,,,,,,,,,,,,,,,,,,,,,,,,,,,,media/dfnb.png,3,3,Symb,f,RT,0,0,0,1,8,0,63,0,1,1,99,f,1.589,3,1,f,1,1.589,63,0,63,0,1,,,,,,,,,,,,,
,,,,,,,,,,,,,,,,,332,2,2024-03-28_10h27.22.721,Symbol-E,2020.1.3,MacIntel,Firefox,Mozilla/5.0 (Macintosh; Intel Mac OS X 10.13; rv:109.0) Gecko/20100101 Firefox/115.0,60,,,,,,,,,,,,,,,,,,,,,,,,,,,,,,,,,,,,,,media/ddnb.png,5,1,Symb,u,RT,0,0,0,1,8,0,64,0,1,1,99,u,0.919,5,1,u,1,0.919,64,0,64,0,1,,,,,,,,,,,,,
,,,,,,,,,,,,,,,,,332,2,2024-03-28_10h27.22.721,Symbol-E,2020.1.3,MacIntel,Firefox,Mozilla/5.0 (Macintosh; Intel Mac OS X 10.13; rv:109.0) Gecko/20100101 Firefox/115.0,60,,,,,,,,,,,,,,,,,,,,,,,,,,,,,,,,,,,,,,media/dmnb.png,4,0,Symb,h,RT,0,0,0,1,8,0,65,0,1,1,99,h,1.003,4,1,h,1,1.003,65,0,65,0,1,,,,,,,,,,,,,
,,,,,,,,,,,,,,,,,332,2,2024-03-28_10h27.22.721,Symbol-E,2020.1.3,MacIntel,Firefox,Mozilla/5.0 (Macintosh; Intel Mac OS X 10.13; rv:109.0) Gecko/20100101 Firefox/115.0,60,,,,,,,,,,,,,,,,,,,,,,,,,,,,,,,,,,,,,,media/dmnb.png,4,0,Symb,h,RT,0,0,0,1,8,0,66,0,1,1,99,h,0.451,4,1,h,1,0.451,66,0,66,0,1,,,,,,,,,,,,,
,,,,,,,,,,,,,,,,,332,2,2024-03-28_10h27.22.721,Symbol-E,2020.1.3,MacIntel,Firefox,Mozilla/5.0 (Macintosh; Intel Mac OS X 10.13; rv:109.0) Gecko/20100101 Firefox/115.0,60,,,,,,,,,,,,,,,,,,,,,,,,,,,,,,,,,,,,,,media/djnb.png,1,1,Symb,w,RT,0,0,0,1,8,0,67,0,1,1,99,w,0.969,1,1,w,1,0.969,67,0,67,0,1,,,,,,,,,,,,,
,,,,,,,,,,,,,,,,,332,2,2024-03-28_10h27.22.721,Symbol-E,2020.1.3,MacIntel,Firefox,Mozilla/5.0 (Macintosh; Intel Mac OS X 10.13; rv:109.0) Gecko/20100101 Firefox/115.0,60,,,,,,,,,,,,,,,,,,,,,,,,,,,,,,,,,,,,,,media/dinb.png,6,2,Symb,i,RT,0,0,0,1,8,0,68,0,1,1,99,i,0.69,6,1,i,1,0.69,68,0,68,0,1,,,,,,,,,,,,,
,,,,,,,,,,,,,,,,,332,2,2024-03-28_10h27.22.721,Symbol-E,2020.1.3,MacIntel,Firefox,Mozilla/5.0 (Macintosh; Intel Mac OS X 10.13; rv:109.0) Gecko/20100101 Firefox/115.0,60,,,,,,,,,,,,,,,,,,,,,,,,,,,,,,,,,,,,,,media/djnb.png,1,1,Symb,w,RT,0,0,0,1,8,0,69,0,1,1,99,w,0.737,1,1,w,1,0.737,69,0,69,0,1,,,,,,,,,,,,,
,,,,,,,,,,,,,,,,,332,2,2024-03-28_10h27.22.721,Symbol-E,2020.1.3,MacIntel,Firefox,Mozilla/5.0 (Macintosh; Intel Mac OS X 10.13; rv:109.0) Gecko/20100101 Firefox/115.0,60,,,,,,,,,,,,,,,,,,,,,,,,,,,,,,,,,,,,,,media/dcnb.png,0,0,Symb,a,RT,0,0,0,1,8,0,70,0,1,1,99,a,1.021,0,1,a,1,1.021,70,0,70,0,1,,,,,,,,,,,,,
,,,,,,,,,,,,,,,,,332,2,2024-03-28_10h27.22.721,Symbol-E,2020.1.3,MacIntel,Firefox,Mozilla/5.0 (Macintosh; Intel Mac OS X 10.13; rv:109.0) Gecko/20100101 Firefox/115.0,60,,,,,,,,,,,,,,,,,,,,,,,,,,,,,,,,,,,,,,media/dfnb.png,3,3,Symb,f,RT,0,0,0,1,8,0,71,0,1,1,99,f,0.954,3,1,f,1,0.954,71,0,71,0,1,,,,,,,,,,,,,
,,,,,,,,,,,,,,,,,332,2,2024-03-28_10h27.22.721,Symbol-E,2020.1.3,MacIntel,Firefox,Mozilla/5.0 (Macintosh; Intel Mac OS X 10.13; rv:109.0) Gecko/20100101 Firefox/115.0,60,,,,,,,,,,,,,,,,,,,,,,,,,,,,,,,,,,,,,,media/dinb.png,6,2,Symb,i,RT,0,0,0,1,8,0,72,0,1,1,99,i,0.671,6,1,i,1,0.671,72,0,72,0,1,,,,,,,,,,,,,
,,,,,,,,,,,,,,,,,332,2,2024-03-28_10h27.22.721,Symbol-E,2020.1.3,MacIntel,Firefox,Mozilla/5.0 (Macintosh; Intel Mac OS X 10.13; rv:109.0) Gecko/20100101 Firefox/115.0,60,,,,,,,,,,,,,,,,,,,,,,,,,,,,,,,,,,,,,,media/dnnb.png,7,3,Symb,l,RT,0,0,0,1,8,0,73,0,1,1,99,l,0.852,7,1,l,1,0.852,73,0,73,0,1,,,,,,,,,,,,,
,,,,,,,,,,,,,,,,,332,2,2024-03-28_10h27.22.721,Symbol-E,2020.1.3,MacIntel,Firefox,Mozilla/5.0 (Macintosh; Intel Mac OS X 10.13; rv:109.0) Gecko/20100101 Firefox/115.0,60,,,,,,,,,,,,,,,,,,,,,,,,,,,,,,,,,,,,,,media/dfnb.png,3,3,Symb,f,RT,0,0,0,1,8,0,74,0,1,1,99,f,0.902,3,1,f,1,0.902,74,0,74,0,1,,,,,,,,,,,,,
,,,,,,,,,,,,,,,,,332,2,2024-03-28_10h27.22.721,Symbol-E,2020.1.3,MacIntel,Firefox,Mozilla/5.0 (Macintosh; Intel Mac OS X 10.13; rv:109.0) Gecko/20100101 Firefox/115.0,60,,,,,,,,,,,,,,,,,,,,,,,,,,,,,,,,,,,,,,media/dgnb.png,2,2,Symb,e,RT,0,0,0,1,8,0,75,0,1,1,99,e,0.785,2,1,e,1,0.785,75,0,75,0,1,,,,,,,,,,,,,
,,,,,,,,,,,,,,,,,332,2,2024-03-28_10h27.22.721,Symbol-E,2020.1.3,MacIntel,Firefox,Mozilla/5.0 (Macintosh; Intel Mac OS X 10.13; rv:109.0) Gecko/20100101 Firefox/115.0,60,,,,,,,,,,,,,,,,,,,,,,,,,,,,,,,,,,,,,,media/dcnb.png,0,0,Symb,a,RT,0,0,0,1,8,0,76,0,1,1,99,a,0.785,0,1,a,1,0.785,76,0,76,0,1,,,,,,,,,,,,,
,,,,,,,,,,,,,,,,,332,2,2024-03-28_10h27.22.721,Symbol-E,2020.1.3,MacIntel,Firefox,Mozilla/5.0 (Macintosh; Intel Mac OS X 10.13; rv:109.0) Gecko/20100101 Firefox/115.0,60,,,,,,,,,,,,,,,,,,,,,,,,,,,,,,,,,,,,,,media/dnnb.png,7,3,Symb,l,RT,0,0,0,1,8,0,77,0,1,1,99,l,1.858,7,1,l,1,1.858,77,0,77,0,1,,,,,,,,,,,,,
,,,,,,,,,,,,,,,,,332,2,2024-03-28_10h27.22.721,Symbol-E,2020.1.3,MacIntel,Firefox,Mozilla/5.0 (Macintosh; Intel Mac OS X 10.13; rv:109.0) Gecko/20100101 Firefox/115.0,60,,,,,,,,,,,,,,,,,,,,,,,,,,,,,,,,,,,,,,media/dgnb.png,2,2,Symb,e,RT,0,0,0,1,8,0,78,0,1,1,99,e,1.137,2,1,e,1,1.137,78,0,78,0,1,,,,,,,,,,,,,
,,,,,,,,,,,,,,,,,332,2,2024-03-28_10h27.22.721,Symbol-E,2020.1.3,MacIntel,Firefox,Mozilla/5.0 (Macintosh; Intel Mac OS X 10.13; rv:109.0) Gecko/20100101 Firefox/115.0,60,,,,,,,,,,,,,,,,,,,,,,,,,,,,,,,,,,,,,,media/ddnb.png,5,1,Symb,u,RT,0,0,0,1,8,0,79,0,1,1,99,u,1.123,5,1,u,1,1.123,79,0,79,0,1,,,,,,,,,,,,,
,,,,,,,,,,,,,,,,,332,2,2024-03-28_10h27.22.721,Symbol-E,2020.1.3,MacIntel,Firefox,Mozilla/5.0 (Macintosh; Intel Mac OS X 10.13; rv:109.0) Gecko/20100101 Firefox/115.0,60,,,,,,,,,,,,,,,,,,,,,,,,,,,,,,,,,,,,,,media/dcnb.png,0,0,Symb,a,RT,0,0,0,1,8,0,80,0,1,1,99,a,2.123,0,1,a,1,2.123,80,0,80,0,1,,,,,,,,,,,,,
,,,,,,,,,,,,,,,,,332,2,2024-03-28_10h27.22.721,Symbol-E,2020.1.3,MacIntel,Firefox,Mozilla/5.0 (Macintosh; Intel Mac OS X 10.13; rv:109.0) Gecko/20100101 Firefox/115.0,60,,,,,,,,,,,,,,,,,,,,,,,,,,,,,,,,,,,,,,media/dmnb.png,4,0,Symb,h,RT,0,0,0,1,8,0,81,0,1,1,99,h,1.287,4,1,h,1,1.287,81,0,81,0,1,,,,,,,,,,,,,
,,,,,,,,,,,,,,,,,332,2,2024-03-28_10h27.22.721,Symbol-E,2020.1.3,MacIntel,Firefox,Mozilla/5.0 (Macintosh; Intel Mac OS X 10.13; rv:109.0) Gecko/20100101 Firefox/115.0,60,,,,,,,,,,,,,,,,,,,,,,,,,,,,,,,,,,,,,,media/djnb.png,1,1,Symb,w,RT,0,0,0,1,8,0,82,0,1,1,99,w,0.836,1,1,w,1,0.836,82,0,82,0,1,,,,,,,,,,,,,
,,,,,,,,,,,,,,,,,332,2,2024-03-28_10h27.22.721,Symbol-E,2020.1.3,MacIntel,Firefox,Mozilla/5.0 (Macintosh; Intel Mac OS X 10.13; rv:109.0) Gecko/20100101 Firefox/115.0,60,,,,,,,,,,,,,,,,,,,,,,,,,,,,,,,,,,,,,,media/dmnb.png,4,0,Symb,h,RT,0,0,0,1,8,0,83,0,1,1,99,h,0.77,4,1,h,1,0.77,83,0,83,0,1,,,,,,,,,,,,,
,,,,,,,,,,,,,,,,,332,2,2024-03-28_10h27.22.721,Symbol-E,2020.1.3,MacIntel,Firefox,Mozilla/5.0 (Macintosh; Intel Mac OS X 10.13; rv:109.0) Gecko/20100101 Firefox/115.0,60,,,,,,,,,,,,,,,,,,,,,,,,,,,,,,,,,,,,,,media/dfnb.png,3,3,Symb,f,RT,0,0,0,1,8,0,84,0,1,1,99,f,1.556,3,1,f,1,1.556,84,0,84,0,1,,,,,,,,,,,,,
,,,,,,,,,,,,,,,,,332,2,2024-03-28_10h27.22.721,Symbol-E,2020.1.3,MacIntel,Firefox,Mozilla/5.0 (Macintosh; Intel Mac OS X 10.13; rv:109.0) Gecko/20100101 Firefox/115.0,60,,,,,,,,,,,,,,,,,,,,,,,,,,,,,,,,,,,,,,media/ddnb.png,5,1,Symb,u,RT,0,0,0,1,8,0,85,0,1,1,99,u,1.005,5,1,u,1,1.005,85,0,85,0,1,,,,,,,,,,,,,
,,,,,,,,,,,,,,,,,332,2,2024-03-28_10h27.22.721,Symbol-E,2020.1.3,MacIntel,Firefox,Mozilla/5.0 (Macintosh; Intel Mac OS X 10.13; rv:109.0) Gecko/20100101 Firefox/115.0,60,,,,,,,,,,,,,,,,,,,,,,,,,,,,,,,,,,,,,,media/dnnb.png,7,3,Symb,l,RT,0,0,0,1,8,0,86,0,1,1,99,l,2.111,7,1,l,1,2.111,86,0,86,0,1,,,,,,,,,,,,,
,,,,,,,,,,,,,,,,,332,2,2024-03-28_10h27.22.721,Symbol-E,2020.1.3,MacIntel,Firefox,Mozilla/5.0 (Macintosh; Intel Mac OS X 10.13; rv:109.0) Gecko/20100101 Firefox/115.0,60,,,,,,,,,,,,,,,,,,,,,,,,,,,,,,,,,,,,,,media/dfnb.png,3,3,Symb,f,RT,0,0,0,1,8,0,87,0,1,1,99,f,1.187,3,1,f,1,1.187,87,0,87,0,1,,,,,,,,,,,,,
,,,,,,,,,,,,,,,,,332,2,2024-03-28_10h27.22.721,Symbol-E,2020.1.3,MacIntel,Firefox,Mozilla/5.0 (Macintosh; Intel Mac OS X 10.13; rv:109.0) Gecko/20100101 Firefox/115.0,60,,,,,,,,,,,,,,,,,,,,,,,,,,,,,,,,,,,,,,media/dinb.png,6,2,Symb,i,RT,0,0,0,1,8,0,88,0,1,1,99,i,0.825,6,1,i,1,0.825,88,0,88,0,1,,,,,,,,,,,,,
,,,,,,,,,,,,,,,,,332,2,2024-03-28_10h27.22.721,Symbol-E,2020.1.3,MacIntel,Firefox,Mozilla/5.0 (Macintosh; Intel Mac OS X 10.13; rv:109.0) Gecko/20100101 Firefox/115.0,60,,,,,,,,,,,,,,,,,,,,,,,,,,,,,,,,,,,,,,media/djnb.png,1,1,Symb,w,RT,0,0,0,1,8,0,89,0,1,1,99,w,0.819,1,1,w,1,0.819,89,0,89,0,1,,,,,,,,,,,,,
,,,,,,,,,,,,,,,,,332,2,2024-03-28_10h27.22.721,Symbol-E,2020.1.3,MacIntel,Firefox,Mozilla/5.0 (Macintosh; Intel Mac OS X 10.13; rv:109.0) Gecko/20100101 Firefox/115.0,60,,,,,,,,,,,,,,,,,,,,,,,,,,,,,,,,,,,,,,media/ddnb.png,5,1,Symb,u,RT,0,0,0,1,8,0,90,0,1,1,99,u,1.019,5,1,u,1,1.019,90,0,90,0,1,,,,,,,,,,,,,
,,,,,,,,,,,,,,,,,332,2,2024-03-28_10h27.22.721,Symbol-E,2020.1.3,MacIntel,Firefox,Mozilla/5.0 (Macintosh; Intel Mac OS X 10.13; rv:109.0) Gecko/20100101 Firefox/115.0,60,,,,,,,,,,,,,,,,,,,,,,,,,,,,,,,,,,,,,,media/dgnb.png,2,2,Symb,e,RT,0,0,0,1,8,0,91,0,1,1,99,e,0.921,2,1,e,1,0.921,91,0,91,0,1,,,,,,,,,,,,,
,,,,,,,,,,,,,,,,,332,2,2024-03-28_10h27.22.721,Symbol-E,2020.1.3,MacIntel,Firefox,Mozilla/5.0 (Macintosh; Intel Mac OS X 10.13; rv:109.0) Gecko/20100101 Firefox/115.0,60,,,,,,,,,,,,,,,,,,,,,,,,,,,,,,,,,,,,,,media/dinb.png,6,2,Symb,i,RT,0,0,0,1,8,0,92,0,1,1,99,i,0.785,6,1,i,1,0.785,92,0,92,0,1,,,,,,,,,,,,,
,,,,,,,,,,,,,,,,,332,2,2024-03-28_10h27.22.721,Symbol-E,2020.1.3,MacIntel,Firefox,Mozilla/5.0 (Macintosh; Intel Mac OS X 10.13; rv:109.0) Gecko/20100101 Firefox/115.0,60,,,,,,,,,,,,,,,,,,,,,,,,,,,,,,,,,,,,,,media/dnnb.png,7,3,Symb,l,RT,0,0,0,1,8,0,93,0,1,1,99,l,1.473,7,1,l,1,1.473,93,0,93,0,1,,,,,,,,,,,,,
,,,,,,,,,,,,,,,,,332,2,2024-03-28_10h27.22.721,Symbol-E,2020.1.3,MacIntel,Firefox,Mozilla/5.0 (Macintosh; Intel Mac OS X 10.13; rv:109.0) Gecko/20100101 Firefox/115.0,60,,,,,,,,,,,,,,,,,,,,,,,,,,,,,,,,,,,,,,media/dgnb.png,2,2,Symb,e,RT,0,0,0,1,8,0,94,0,1,1,99,e,0.821,2,1,e,1,0.821,94,0,94,0,1,,,,,,,,,,,,,
,,,,,,,,,,,,,,,,,332,2,2024-03-28_10h27.22.721,Symbol-E,2020.1.3,MacIntel,Firefox,Mozilla/5.0 (Macintosh; Intel Mac OS X 10.13; rv:109.0) Gecko/20100101 Firefox/115.0,60,,,,,,,,,,,,,,,,,,,,,,,,,,,,,,,,,,,,,,media/dcnb.png,0,0,Symb,a,RT,0,0,0,1,8,0,95,0,1,1,99,a,1.236,0,1,a,1,1.236,95,0,95,0,1,,,,,,,,,,,,,
,,,,,,,,,,,,,,,,,332,2,2024-03-28_10h27.22.721,Symbol-E,2020.1.3,MacIntel,Firefox,Mozilla/5.0 (Macintosh; Intel Mac OS X 10.13; rv:109.0) Gecko/20100101 Firefox/115.0,60,,,,,,,,,,,,,,,,,,,,,,,,,,,,,,,,,,,,,,,,,,,,,,,,,,,,,,,,,,,,,,,,,,,0,0,0,0,1,,,,,,,,
,,,,,,,,,,,,,,,,,332,2,2024-03-28_10h27.22.721,Symbol-E,2020.1.3,MacIntel,Firefox,Mozilla/5.0 (Macintosh; Intel Mac OS X 10.13; rv:109.0) Gecko/20100101 Firefox/115.0,60,,,,,,,,,,,,,,,,,,,,,,,,,,,,,,,,,,,,h,0.218,media/dgnb.png,2,2,Symb,e,RT,0,0,0,1,8,0,0,0,1,2,99,e,0.99,2,1,e,1,0.99,0,0,0,0,1,,,,,,,,,,,,,
,,,,,,,,,,,,,,,,,332,2,2024-03-28_10h27.22.721,Symbol-E,2020.1.3,MacIntel,Firefox,Mozilla/5.0 (Macintosh; Intel Mac OS X 10.13; rv:109.0) Gecko/20100101 Firefox/115.0,60,,,,,,,,,,,,,,,,,,,,,,,,,,,,,,,,,,,,,,media/dcnb.png,0,0,Symb,a,RT,0,0,0,1,8,0,1,0,1,2,99,a,0.904,0,1,a,1,0.904,1,0,1,0,1,,,,,,,,,,,,,
,,,,,,,,,,,,,,,,,332,2,2024-03-28_10h27.22.721,Symbol-E,2020.1.3,MacIntel,Firefox,Mozilla/5.0 (Macintosh; Intel Mac OS X 10.13; rv:109.0) Gecko/20100101 Firefox/115.0,60,,,,,,,,,,,,,,,,,,,,,,,,,,,,,,,,,,,,,,media/djnb.png,1,1,Symb,w,RT,0,0,0,1,8,0,2,0,1,2,99,w,1.153,1,1,w,1,1.153,2,0,2,0,1,,,,,,,,,,,,,
,,,,,,,,,,,,,,,,,332,2,2024-03-28_10h27.22.721,Symbol-E,2020.1.3,MacIntel,Firefox,Mozilla/5.0 (Macintosh; Intel Mac OS X 10.13; rv:109.0) Gecko/20100101 Firefox/115.0,60,,,,,,,,,,,,,,,,,,,,,,,,,,,,,,,,,,,,,,media/dnnb.png,7,3,Symb,l,RT,0,0,0,1,8,0,3,0,1,2,99,l,1.055,7,1,l,1,1.055,3,0,3,0,1,,,,,,,,,,,,,
,,,,,,,,,,,,,,,,,332,2,2024-03-28_10h27.22.721,Symbol-E,2020.1.3,MacIntel,Firefox,Mozilla/5.0 (Macintosh; Intel Mac OS X 10.13; rv:109.0) Gecko/20100101 Firefox/115.0,60,,,,,,,,,,,,,,,,,,,,,,,,,,,,,,,,,,,,,,media/dcnb.png,0,0,Symb,a,RT,0,0,0,1,8,0,4,0,1,2,99,a,1.687,0,1,a,1,1.687,4,0,4,0,1,,,,,,,,,,,,,
,,,,,,,,,,,,,,,,,332,2,2024-03-28_10h27.22.721,Symbol-E,2020.1.3,MacIntel,Firefox,Mozilla/5.0 (Macintosh; Intel Mac OS X 10.13; rv:109.0) Gecko/20100101 Firefox/115.0,60,,,,,,,,,,,,,,,,,,,,,,,,,,,,,,,,,,,,,,media/dinb.png,6,2,Symb,i,RT,0,0,0,1,8,0,5,0,1,2,99,i,0.922,6,1,i,1,0.922,5,0,5,0,1,,,,,,,,,,,,,
,,,,,,,,,,,,,,,,,332,2,2024-03-28_10h27.22.721,Symbol-E,2020.1.3,MacIntel,Firefox,Mozilla/5.0 (Macintosh; Intel Mac OS X 10.13; rv:109.0) Gecko/20100101 Firefox/115.0,60,,,,,,,,,,,,,,,,,,,,,,,,,,,,,,,,,,,,,,media/ddnb.png,5,1,Symb,u,RT,0,0,0,1,8,0,6,0,1,2,99,u,0.919,5,1,u,1,0.919,6,0,6,0,1,,,,,,,,,,,,,
,,,,,,,,,,,,,,,,,332,2,2024-03-28_10h27.22.721,Symbol-E,2020.1.3,MacIntel,Firefox,Mozilla/5.0 (Macintosh; Intel Mac OS X 10.13; rv:109.0) Gecko/20100101 Firefox/115.0,60,,,,,,,,,,,,,,,,,,,,,,,,,,,,,,,,,,,,,,media/dmnb.png,4,0,Symb,h,RT,0,0,0,1,8,0,7,0,1,2,99,h,1.004,4,1,h,1,1.004,7,0,7,0,1,,,,,,,,,,,,,
,,,,,,,,,,,,,,,,,332,2,2024-03-28_10h27.22.721,Symbol-E,2020.1.3,MacIntel,Firefox,Mozilla/5.0 (Macintosh; Intel Mac OS X 10.13; rv:109.0) Gecko/20100101 Firefox/115.0,60,,,,,,,,,,,,,,,,,,,,,,,,,,,,,,,,,,,,,,media/dfnb.png,3,3,Symb,f,RT,0,0,0,1,8,0,8,0,1,2,99,f,3.941,3,1,f,1,3.941,8,0,8,0,1,,,,,,,,,,,,,
,,,,,,,,,,,,,,,,,332,2,2024-03-28_10h27.22.721,Symbol-E,2020.1.3,MacIntel,Firefox,Mozilla/5.0 (Macintosh; Intel Mac OS X 10.13; rv:109.0) Gecko/20100101 Firefox/115.0,60,,,,,,,,,,,,,,,,,,,,,,,,,,,,,,,,,,,,,,media/dmnb.png,4,0,Symb,h,RT,0,0,0,1,8,0,9,0,1,2,99,h,1.687,4,1,h,1,1.687,9,0,9,0,1,,,,,,,,,,,,,
,,,,,,,,,,,,,,,,,332,2,2024-03-28_10h27.22.721,Symbol-E,2020.1.3,MacIntel,Firefox,Mozilla/5.0 (Macintosh; Intel Mac OS X 10.13; rv:109.0) Gecko/20100101 Firefox/115.0,60,,,,,,,,,,,,,,,,,,,,,,,,,,,,,,,,,,,,,,media/dgnb.png,2,2,Symb,e,RT,0,0,0,1,8,0,10,0,1,2,99,e,0.953,2,1,e,1,0.953,10,0,10,0,1,,,,,,,,,,,,,
,,,,,,,,,,,,,,,,,332,2,2024-03-28_10h27.22.721,Symbol-E,2020.1.3,MacIntel,Firefox,Mozilla/5.0 (Macintosh; Intel Mac OS X 10.13; rv:109.0) Gecko/20100101 Firefox/115.0,60,,,,,,,,,,,,,,,,,,,,,,,,,,,,,,,,,,,,,,media/djnb.png,1,1,Symb,w,RT,0,0,0,1,8,0,11,0,1,2,99,w,1.002,1,1,w,1,1.002,11,0,11,0,1,,,,,,,,,,,,,
,,,,,,,,,,,,,,,,,332,2,2024-03-28_10h27.22.721,Symbol-E,2020.1.3,MacIntel,Firefox,Mozilla/5.0 (Macintosh; Intel Mac OS X 10.13; rv:109.0) Gecko/20100101 Firefox/115.0,60,,,,,,,,,,,,,,,,,,,,,,,,,,,,,,,,,,,,,,media/ddnb.png,5,1,Symb,u,RT,0,0,0,1,8,0,12,0,1,2,99,u,2.358,5,1,u,1,2.358,12,0,12,0,1,,,,,,,,,,,,,
,,,,,,,,,,,,,,,,,332,2,2024-03-28_10h27.22.721,Symbol-E,2020.1.3,MacIntel,Firefox,Mozilla/5.0 (Macintosh; Intel Mac OS X 10.13; rv:109.0) Gecko/20100101 Firefox/115.0,60,,,,,,,,,,,,,,,,,,,,,,,,,,,,,,,,,,,,,,media/dfnb.png,3,3,Symb,f,RT,0,0,0,1,8,0,13,0,1,2,99,f,1.005,3,1,f,1,1.005,13,0,13,0,1,,,,,,,,,,,,,
,,,,,,,,,,,,,,,,,332,2,2024-03-28_10h27.22.721,Symbol-E,2020.1.3,MacIntel,Firefox,Mozilla/5.0 (Macintosh; Intel Mac OS X 10.13; rv:109.0) Gecko/20100101 Firefox/115.0,60,,,,,,,,,,,,,,,,,,,,,,,,,,,,,,,,,,,,,,media/dnnb.png,7,3,Symb,l,RT,0,0,0,1,8,0,14,0,1,2,99,l,0.936,7,1,l,1,0.936,14,0,14,0,1,,,,,,,,,,,,,
,,,,,,,,,,,,,,,,,332,2,2024-03-28_10h27.22.721,Symbol-E,2020.1.3,MacIntel,Firefox,Mozilla/5.0 (Macintosh; Intel Mac OS X 10.13; rv:109.0) Gecko/20100101 Firefox/115.0,60,,,,,,,,,,,,,,,,,,,,,,,,,,,,,,,,,,,,,,media/dinb.png,6,2,Symb,i,RT,0,0,0,1,8,0,15,0,1,2,99,i,0.701,6,1,i,1,0.701,15,0,15,0,1,,,,,,,,,,,,,
,,,,,,,,,,,,,,,,,332,2,2024-03-28_10h27.22.721,Symbol-E,2020.1.3,MacIntel,Firefox,Mozilla/5.0 (Macintosh; Intel Mac OS X 10.13; rv:109.0) Gecko/20100101 Firefox/115.0,60,,,,,,,,,,,,,,,,,,,,,,,,,,,,,,,,,,,,,,media/dnnb.png,7,3,Symb,l,RT,0,0,0,1,8,0,16,0,1,2,99,h,1.171,4,0,h,0,1.171,16,0,16,0,1,,,,,,,,,,,,,
,,,,,,,,,,,,,,,,,332,2,2024-03-28_10h27.22.721,Symbol-E,2020.1.3,MacIntel,Firefox,Mozilla/5.0 (Macintosh; Intel Mac OS X 10.13; rv:109.0) Gecko/20100101 Firefox/115.0,60,,,,,,,,,,,,,,,,,,,,,,,,,,,,,,,,,,,,,,media/dfnb.png,3,3,Symb,f,RT,0,0,0,1,8,0,17,0,1,2,99,f,0.954,3,1,f,1,0.954,17,0,17,0,1,,,,,,,,,,,,,
,,,,,,,,,,,,,,,,,332,2,2024-03-28_10h27.22.721,Symbol-E,2020.1.3,MacIntel,Firefox,Mozilla/5.0 (Macintosh; Intel Mac OS X 10.13; rv:109.0) Gecko/20100101 Firefox/115.0,60,,,,,,,,,,,,,,,,,,,,,,,,,,,,,,,,,,,,,,media/dcnb.png,0,0,Symb,a,RT,0,0,0,1,8,0,18,0,1,2,99,a,0.971,0,1,a,1,0.971,18,0,18,0,1,,,,,,,,,,,,,
,,,,,,,,,,,,,,,,,332,2,2024-03-28_10h27.22.721,Symbol-E,2020.1.3,MacIntel,Firefox,Mozilla/5.0 (Macintosh; Intel Mac OS X 10.13; rv:109.0) Gecko/20100101 Firefox/115.0,60,,,,,,,,,,,,,,,,,,,,,,,,,,,,,,,,,,,,,,media/dmnb.png,4,0,Symb,h,RT,0,0,0,1,8,0,19,0,1,2,99,h,1.119,4,1,h,1,1.119,19,0,19,0,1,,,,,,,,,,,,,
,,,,,,,,,,,,,,,,,332,2,2024-03-28_10h27.22.721,Symbol-E,2020.1.3,MacIntel,Firefox,Mozilla/5.0 (Macintosh; Intel Mac OS X 10.13; rv:109.0) Gecko/20100101 Firefox/115.0,60,,,,,,,,,,,,,,,,,,,,,,,,,,,,,,,,,,,,,,media/dfnb.png,3,3,Symb,f,RT,0,0,0,1,8,0,20,0,1,2,99,f,1.103,3,1,f,1,1.103,20,0,20,0,1,,,,,,,,,,,,,
,,,,,,,,,,,,,,,,,332,2,2024-03-28_10h27.22.721,Symbol-E,2020.1.3,MacIntel,Firefox,Mozilla/5.0 (Macintosh; Intel Mac OS X 10.13; rv:109.0) Gecko/20100101 Firefox/115.0,60,,,,,,,,,,,,,,,,,,,,,,,,,,,,,,,,,,,,,,media/djnb.png,1,1,Symb,w,RT,0,0,0,1,8,0,21,0,1,2,99,w,0.955,1,1,w,1,0.955,21,0,21,0,1,,,,,,,,,,,,,
,,,,,,,,,,,,,,,,,332,2,2024-03-28_10h27.22.721,Symbol-E,2020.1.3,MacIntel,Firefox,Mozilla/5.0 (Macintosh; Intel Mac OS X 10.13; rv:109.0) Gecko/20100101 Firefox/115.0,60,,,,,,,,,,,,,,,,,,,,,,,,,,,,,,,,,,,,,,media/dinb.png,6,2,Symb,i,RT,0,0,0,1,8,0,22,0,1,2,99,i,0.919,6,1,i,1,0.919,22,0,22,0,1,,,,,,,,,,,,,
,,,,,,,,,,,,,,,,,332,2,2024-03-28_10h27.22.721,Symbol-E,2020.1.3,MacIntel,Firefox,Mozilla/5.0 (Macintosh; Intel Mac OS X 10.13; rv:109.0) Gecko/20100101 Firefox/115.0,60,,,,,,,,,,,,,,,,,,,,,,,,,,,,,,,,,,,,,,media/dinb.png,6,2,Symb,i,RT,0,0,0,1,8,0,23,0,1,2,99,i,0.468,6,1,i,1,0.468,23,0,23,0,1,,,,,,,,,,,,,
,,,,,,,,,,,,,,,,,332,2,2024-03-28_10h27.22.721,Symbol-E,2020.1.3,MacIntel,Firefox,Mozilla/5.0 (Macintosh; Intel Mac OS X 10.13; rv:109.0) Gecko/20100101 Firefox/115.0,60,,,,,,,,,,,,,,,,,,,,,,,,,,,,,,,,,,,,,,media/dnnb.png,7,3,Symb,l,RT,0,0,0,1,8,0,24,0,1,2,99,l,0.837,7,1,l,1,0.837,24,0,24,0,1,,,,,,,,,,,,,
,,,,,,,,,,,,,,,,,332,2,2024-03-28_10h27.22.721,Symbol-E,2020.1.3,MacIntel,Firefox,Mozilla/5.0 (Macintosh; Intel Mac OS X 10.13; rv:109.0) Gecko/20100101 Firefox/115.0,60,,,,,,,,,,,,,,,,,,,,,,,,,,,,,,,,,,,,,,media/ddnb.png,5,1,Symb,u,RT,0,0,0,1,8,0,25,0,1,2,99,u,1.425,5,1,u,1,1.425,25,0,25,0,1,,,,,,,,,,,,,
,,,,,,,,,,,,,,,,,332,2,2024-03-28_10h27.22.721,Symbol-E,2020.1.3,MacIntel,Firefox,Mozilla/5.0 (Macintosh; Intel Mac OS X 10.13; rv:109.0) Gecko/20100101 Firefox/115.0,60,,,,,,,,,,,,,,,,,,,,,,,,,,,,,,,,,,,,,,media/dgnb.png,2,2,Symb,e,RT,0,0,0,1,8,0,26,0,1,2,99,e,1.003,2,1,e,1,1.003,26,0,26,0,1,,,,,,,,,,,,,
,,,,,,,,,,,,,,,,,332,2,2024-03-28_10h27.22.721,Symbol-E,2020.1.3,MacIntel,Firefox,Mozilla/5.0 (Macintosh; Intel Mac OS X 10.13; rv:109.0) Gecko/20100101 Firefox/115.0,60,,,,,,,,,,,,,,,,,,,,,,,,,,,,,,,,,,,,,,media/dgnb.png,2,2,Symb,e,RT,0,0,0,1,8,0,27,0,1,2,99,e,0.402,2,1,e,1,0.402,27,0,27,0,1,,,,,,,,,,,,,
,,,,,,,,,,,,,,,,,332,2,2024-03-28_10h27.22.721,Symbol-E,2020.1.3,MacIntel,Firefox,Mozilla/5.0 (Macintosh; Intel Mac OS X 10.13; rv:109.0) Gecko/20100101 Firefox/115.0,60,,,,,,,,,,,,,,,,,,,,,,,,,,,,,,,,,,,,,,media/dcnb.png,0,0,Symb,a,RT,0,0,0,1,8,0,28,0,1,2,99,a,0.821,0,1,a,1,0.821,28,0,28,0,1,,,,,,,,,,,,,
,,,,,,,,,,,,,,,,,332,2,2024-03-28_10h27.22.721,Symbol-E,2020.1.3,MacIntel,Firefox,Mozilla/5.0 (Macintosh; Intel Mac OS X 10.13; rv:109.0) Gecko/20100101 Firefox/115.0,60,,,,,,,,,,,,,,,,,,,,,,,,,,,,,,,,,,,,,,media/dmnb.png,4,0,Symb,h,RT,0,0,0,1,8,0,29,0,1,2,99,h,1.154,4,1,h,1,1.154,29,0,29,0,1,,,,,,,,,,,,,
,,,,,,,,,,,,,,,,,332,2,2024-03-28_10h27.22.721,Symbol-E,2020.1.3,MacIntel,Firefox,Mozilla/5.0 (Macintosh; Intel Mac OS X 10.13; rv:109.0) Gecko/20100101 Firefox/115.0,60,,,,,,,,,,,,,,,,,,,,,,,,,,,,,,,,,,,,,,media/djnb.png,1,1,Symb,w,RT,0,0,0,1,8,0,30,0,1,2,99,w,0.903,1,1,w,1,0.903,30,0,30,0,1,,,,,,,,,,,,,
,,,,,,,,,,,,,,,,,332,2,2024-03-28_10h27.22.721,Symbol-E,2020.1.3,MacIntel,Firefox,Mozilla/5.0 (Macintosh; Intel Mac OS X 10.13; rv:109.0) Gecko/20100101 Firefox/115.0,60,,,,,,,,,,,,,,,,,,,,,,,,,,,,,,,,,,,,,,media/ddnb.png,5,1,Symb,u,RT,0,0,0,1,8,0,31,0,1,2,99,i,1.103,6,0,i,0,1.103,31,0,31,0,1,,,,,,,,,,,,,
,,,,,,,,,,,,,,,,,332,2,2024-03-28_10h27.22.721,Symbol-E,2020.1.3,MacIntel,Firefox,Mozilla/5.0 (Macintosh; Intel Mac OS X 10.13; rv:109.0) Gecko/20100101 Firefox/115.0,60,,,,,,,,,,,,,,,,,,,,,,,,,,,,,,,,,,,,,,media/dgnb.png,2,2,Symb,e,RT,0,0,0,1,8,0,32,0,1,2,99,e,1.003,2,1,e,1,1.003,32,0,32,0,1,,,,,,,,,,,,,
,,,,,,,,,,,,,,,,,332,2,2024-03-28_10h27.22.721,Symbol-E,2020.1.3,MacIntel,Firefox,Mozilla/5.0 (Macintosh; Intel Mac OS X 10.13; rv:109.0) Gecko/20100101 Firefox/115.0,60,,,,,,,,,,,,,,,,,,,,,,,,,,,,,,,,,,,,,,media/dfnb.png,3,3,Symb,f,RT,0,0,0,1,8,0,33,0,1,2,99,f,1.056,3,1,f,1,1.056,33,0,33,0,1,,,,,,,,,,,,,
,,,,,,,,,,,,,,,,,332,2,2024-03-28_10h27.22.721,Symbol-E,2020.1.3,MacIntel,Firefox,Mozilla/5.0 (Macintosh; Intel Mac OS X 10.13; rv:109.0) Gecko/20100101 Firefox/115.0,60,,,,,,,,,,,,,,,,,,,,,,,,,,,,,,,,,,,,,,media/djnb.png,1,1,Symb,w,RT,0,0,0,1,8,0,34,0,1,2,99,w,0.904,1,1,w,1,0.904,34,0,34,0,1,,,,,,,,,,,,,
,,,,,,,,,,,,,,,,,332,2,2024-03-28_10h27.22.721,Symbol-E,2020.1.3,MacIntel,Firefox,Mozilla/5.0 (Macintosh; Intel Mac OS X 10.13; rv:109.0) Gecko/20100101 Firefox/115.0,60,,,,,,,,,,,,,,,,,,,,,,,,,,,,,,,,,,,,,,media/ddnb.png,5,1,Symb,u,RT,0,0,0,1,8,0,35,0,1,2,99,u,1.037,5,1,u,1,1.037,35,0,35,0,1,,,,,,,,,,,,,
,,,,,,,,,,,,,,,,,332,2,2024-03-28_10h27.22.721,Symbol-E,2020.1.3,MacIntel,Firefox,Mozilla/5.0 (Macintosh; Intel Mac OS X 10.13; rv:109.0) Gecko/20100101 Firefox/115.0,60,,,,,,,,,,,,,,,,,,,,,,,,,,,,,,,,,,,,,,media/dmnb.png,4,0,Symb,h,RT,0,0,0,1,8,0,36,0,1,2,99,h,2.138,4,1,h,1,2.138,36,0,36,0,1,,,,,,,,,,,,,
,,,,,,,,,,,,,,,,,332,2,2024-03-28_10h27.22.721,Symbol-E,2020.1.3,MacIntel,Firefox,Mozilla/5.0 (Macintosh; Intel Mac OS X 10.13; rv:109.0) Gecko/20100101 Firefox/115.0,60,,,,,,,,,,,,,,,,,,,,,,,,,,,,,,,,,,,,,,media/dnnb.png,7,3,Symb,l,RT,0,0,0,1,8,0,37,0,1,2,99,l,1.121,7,1,l,1,1.121,37,0,37,0,1,,,,,,,,,,,,,
,,,,,,,,,,,,,,,,,332,2,2024-03-28_10h27.22.721,Symbol-E,2020.1.3,MacIntel,Firefox,Mozilla/5.0 (Macintosh; Intel Mac OS X 10.13; rv:109.0) Gecko/20100101 Firefox/115.0,60,,,,,,,,,,,,,,,,,,,,,,,,,,,,,,,,,,,,,,media/dnnb.png,7,3,Symb,l,RT,0,0,0,1,8,0,38,0,1,2,99,l,0.436,7,1,l,1,0.436,38,0,38,0,1,,,,,,,,,,,,,
,,,,,,,,,,,,,,,,,332,2,2024-03-28_10h27.22.721,Symbol-E,2020.1.3,MacIntel,Firefox,Mozilla/5.0 (Macintosh; Intel Mac OS X 10.13; rv:109.0) Gecko/20100101 Firefox/115.0,60,,,,,,,,,,,,,,,,,,,,,,,,,,,,,,,,,,,,,,media/djnb.png,1,1,Symb,w,RT,0,0,0,1,8,0,39,0,1,2,99,w,1.006,1,1,w,1,1.006,39,0,39,0,1,,,,,,,,,,,,,
,,,,,,,,,,,,,,,,,332,2,2024-03-28_10h27.22.721,Symbol-E,2020.1.3,MacIntel,Firefox,Mozilla/5.0 (Macintosh; Intel Mac OS X 10.13; rv:109.0) Gecko/20100101 Firefox/115.0,60,,,,,,,,,,,,,,,,,,,,,,,,,,,,,,,,,,,,,,media/dgnb.png,2,2,Symb,e,RT,0,0,0,1,8,0,40,0,1,2,99,e,1.104,2,1,e,1,1.104,40,0,40,0,1,,,,,,,,,,,,,
,,,,,,,,,,,,,,,,,332,2,2024-03-28_10h27.22.721,Symbol-E,2020.1.3,MacIntel,Firefox,Mozilla/5.0 (Macintosh; Intel Mac OS X 10.13; rv:109.0) Gecko/20100101 Firefox/115.0,60,,,,,,,,,,,,,,,,,,,,,,,,,,,,,,,,,,,,,,media/ddnb.png,5,1,Symb,u,RT,0,0,0,1,8,0,41,0,1,2,99,u,1.254,5,1,u,1,1.254,41,0,41,0,1,,,,,,,,,,,,,
,,,,,,,,,,,,,,,,,332,2,2024-03-28_10h27.22.721,Symbol-E,2020.1.3,MacIntel,Firefox,Mozilla/5.0 (Macintosh; Intel Mac OS X 10.13; rv:109.0) Gecko/20100101 Firefox/115.0,60,,,,,,,,,,,,,,,,,,,,,,,,,,,,,,,,,,,,,,media/dinb.png,6,2,Symb,i,RT,0,0,0,1,8,0,42,0,1,2,99,i,0.668,6,1,i,1,0.668,42,0,42,0,1,,,,,,,,,,,,,
,,,,,,,,,,,,,,,,,332,2,2024-03-28_10h27.22.721,Symbol-E,2020.1.3,MacIntel,Firefox,Mozilla/5.0 (Macintosh; Intel Mac OS X 10.13; rv:109.0) Gecko/20100101 Firefox/115.0,60,,,,,,,,,,,,,,,,,,,,,,,,,,,,,,,,,,,,,,media/dfnb.png,3,3,Symb,f,RT,0,0,0,1,8,0,43,0,1,2,99,f,3.457,3,1,f,1,3.457,43,0,43,0,1,,,,,,,,,,,,,
,,,,,,,,,,,,,,,,,332,2,2024-03-28_10h27.22.721,Symbol-E,2020.1.3,MacIntel,Firefox,Mozilla/5.0 (Macintosh; Intel Mac OS X 10.13; rv:109.0) Gecko/20100101 Firefox/115.0,60,,,,,,,,,,,,,,,,,,,,,,,,,,,,,,,,,,,,,,media/dcnb.png,0,0,Symb,a,RT,0,0,0,1,8,0,44,0,1,2,99,a,1.186,0,1,a,1,1.186,44,0,44,0,1,,,,,,,,,,,,,
,,,,,,,,,,,,,,,,,332,2,2024-03-28_10h27.22.721,Symbol-E,2020.1.3,MacIntel,Firefox,Mozilla/5.0 (Macintosh; Intel Mac OS X 10.13; rv:109.0) Gecko/20100101 Firefox/115.0,60,,,,,,,,,,,,,,,,,,,,,,,,,,,,,,,,,,,,,,media/dmnb.png,4,0,Symb,h,RT,0,0,0,1,8,0,45,0,1,2,99,h,1.369,4,1,h,1,1.369,45,0,45,0,1,,,,,,,,,,,,,
,,,,,,,,,,,,,,,,,332,2,2024-03-28_10h27.22.721,Symbol-E,2020.1.3,MacIntel,Firefox,Mozilla/5.0 (Macintosh; Intel Mac OS X 10.13; rv:109.0) Gecko/20100101 Firefox/115.0,60,,,,,,,,,,,,,,,,,,,,,,,,,,,,,,,,,,,,,,media/dinb.png,6,2,Symb,i,RT,0,0,0,1,8,0,46,0,1,2,99,i,0.858,6,1,i,1,0.858,46,0,46,0,1,,,,,,,,,,,,,
,,,,,,,,,,,,,,,,,332,2,2024-03-28_10h27.22.721,Symbol-E,2020.1.3,MacIntel,Firefox,Mozilla/5.0 (Macintosh; Intel Mac OS X 10.13; rv:109.0) Gecko/20100101 Firefox/115.0,60,,,,,,,,,,,,,,,,,,,,,,,,,,,,,,,,,,,,,,media/dcnb.png,0,0,Symb,a,RT,0,0,0,1,8,0,47,0,1,2,99,f,1.688,3,0,f,0,1.688,47,0,47,0,1,,,,,,,,,,,,,
,,,,,,,,,,,,,,,,,332,2,2024-03-28_10h27.22.721,Symbol-E,2020.1.3,MacIntel,Firefox,Mozilla/5.0 (Macintosh; Intel Mac OS X 10.13; rv:109.0) Gecko/20100101 Firefox/115.0,60,,,,,,,,,,,,,,,,,,,,,,,,,,,,,,,,,,,,,,media/dnnb.png,7,3,Symb,l,RT,0,0,0,1,8,0,48,0,1,2,99,l,0.986,7,1,l,1,0.986,48,0,48,0,1,,,,,,,,,,,,,
,,,,,,,,,,,,,,,,,332,2,2024-03-28_10h27.22.721,Symbol-E,2020.1.3,MacIntel,Firefox,Mozilla/5.0 (Macintosh; Intel Mac OS X 10.13; rv:109.0) Gecko/20100101 Firefox/115.0,60,,,,,,,,,,,,,,,,,,,,,,,,,,,,,,,,,,,,,,media/dfnb.png,3,3,Symb,f,RT,0,0,0,1,8,0,49,0,1,2,99,f,1.354,3,1,f,1,1.354,49,0,49,0,1,,,,,,,,,,,,,
,,,,,,,,,,,,,,,,,332,2,2024-03-28_10h27.22.721,Symbol-E,2020.1.3,MacIntel,Firefox,Mozilla/5.0 (Macintosh; Intel Mac OS X 10.13; rv:109.0) Gecko/20100101 Firefox/115.0,60,,,,,,,,,,,,,,,,,,,,,,,,,,,,,,,,,,,,,,media/dcnb.png,0,0,Symb,a,RT,0,0,0,1,8,0,50,0,1,2,99,a,2.84,0,1,a,1,2.84,50,0,50,0,1,,,,,,,,,,,,,
,,,,,,,,,,,,,,,,,332,2,2024-03-28_10h27.22.721,Symbol-E,2020.1.3,MacIntel,Firefox,Mozilla/5.0 (Macintosh; Intel Mac OS X 10.13; rv:109.0) Gecko/20100101 Firefox/115.0,60,,,,,,,,,,,,,,,,,,,,,,,,,,,,,,,,,,,,,,media/dinb.png,6,2,Symb,i,RT,0,0,0,1,8,0,51,0,1,2,99,i,0.704,6,1,i,1,0.704,51,0,51,0,1,,,,,,,,,,,,,
,,,,,,,,,,,,,,,,,332,2,2024-03-28_10h27.22.721,Symbol-E,2020.1.3,MacIntel,Firefox,Mozilla/5.0 (Macintosh; Intel Mac OS X 10.13; rv:109.0) Gecko/20100101 Firefox/115.0,60,,,,,,,,,,,,,,,,,,,,,,,,,,,,,,,,,,,,,,media/dmnb.png,4,0,Symb,h,RT,0,0,0,1,8,0,52,0,1,2,99,h,3.394,4,1,h,1,3.394,52,0,52,0,1,,,,,,,,,,,,,
,,,,,,,,,,,,,,,,,332,2,2024-03-28_10h27.22.721,Symbol-E,2020.1.3,MacIntel,Firefox,Mozilla/5.0 (Macintosh; Intel Mac OS X 10.13; rv:109.0) Gecko/20100101 Firefox/115.0,60,,,,,,,,,,,,,,,,,,,,,,,,,,,,,,,,,,,,,,media/dinb.png,6,2,Symb,i,RT,0,0,0,1,8,0,53,0,1,2,99,i,1.173,6,1,i,1,1.173,53,0,53,0,1,,,,,,,,,,,,,
,,,,,,,,,,,,,,,,,332,2,2024-03-28_10h27.22.721,Symbol-E,2020.1.3,MacIntel,Firefox,Mozilla/5.0 (Macintosh; Intel Mac OS X 10.13; rv:109.0) Gecko/20100101 Firefox/115.0,60,,,,,,,,,,,,,,,,,,,,,,,,,,,,,,,,,,,,,,media/djnb.png,1,1,Symb,w,RT,0,0,0,1,8,0,54,0,1,2,99,w,1.304,1,1,w,1,1.304,54,0,54,0,1,,,,,,,,,,,,,
,,,,,,,,,,,,,,,,,332,2,2024-03-28_10h27.22.721,Symbol-E,2020.1.3,MacIntel,Firefox,Mozilla/5.0 (Macintosh; Intel Mac OS X 10.13; rv:109.0) Gecko/20100101 Firefox/115.0,60,,,,,,,,,,,,,,,,,,,,,,,,,,,,,,,,,,,,,,media/djnb.png,1,1,Symb,w,RT,0,0,0,1,8,0,55,0,1,2,99,w,0.452,1,1,w,1,0.452,55,0,55,0,1,,,,,,,,,,,,,
,,,,,,,,,,,,,,,,,332,2,2024-03-28_10h27.22.721,Symbol-E,2020.1.3,MacIntel,Firefox,Mozilla/5.0 (Macintosh; Intel Mac OS X 10.13; rv:109.0) Gecko/20100101 Firefox/115.0,60,,,,,,,,,,,,,,,,,,,,,,,,,,,,,,,,,,,,,,media/dcnb.png,0,0,Symb,a,RT,0,0,0,1,8,0,56,0,1,2,99,a,1.291,0,1,a,1,1.291,56,0,56,0,1,,,,,,,,,,,,,
,,,,,,,,,,,,,,,,,332,2,2024-03-28_10h27.22.721,Symbol-E,2020.1.3,MacIntel,Firefox,Mozilla/5.0 (Macintosh; Intel Mac OS X 10.13; rv:109.0) Gecko/20100101 Firefox/115.0,60,,,,,,,,,,,,,,,,,,,,,,,,,,,,,,,,,,,,,,media/ddnb.png,5,1,Symb,u,RT,0,0,0,1,8,0,57,0,1,2,99,i,0.819,6,0,i,0,0.819,57,0,57,0,1,,,,,,,,,,,,,
,,,,,,,,,,,,,,,,,332,2,2024-03-28_10h27.22.721,Symbol-E,2020.1.3,MacIntel,Firefox,Mozilla/5.0 (Macintosh; Intel Mac OS X 10.13; rv:109.0) Gecko/20100101 Firefox/115.0,60,,,,,,,,,,,,,,,,,,,,,,,,,,,,,,,,,,,,,,media/ddnb.png,5,1,Symb,u,RT,0,0,0,1,8,0,58,0,1,2,99,u,0.469,5,1,u,1,0.469,58,0,58,0,1,,,,,,,,,,,,,
,,,,,,,,,,,,,,,,,332,2,2024-03-28_10h27.22.721,Symbol-E,2020.1.3,MacIntel,Firefox,Mozilla/5.0 (Macintosh; Intel Mac OS X 10.13; rv:109.0) Gecko/20100101 Firefox/115.0,60,,,,,,,,,,,,,,,,,,,,,,,,,,,,,,,,,,,,,,media/dnnb.png,7,3,Symb,l,RT,0,0,0,1,8,0,59,0,1,2,99,l,1.171,7,1,l,1,1.171,59,0,59,0,1,,,,,,,,,,,,,
,,,,,,,,,,,,,,,,,332,2,2024-03-28_10h27.22.721,Symbol-E,2020.1.3,MacIntel,Firefox,Mozilla/5.0 (Macintosh; Intel Mac OS X 10.13; rv:109.0) Gecko/20100101 Firefox/115.0,60,,,,,,,,,,,,,,,,,,,,,,,,,,,,,,,,,,,,,,media/dmnb.png,4,0,Symb,h,RT,0,0,0,1,8,0,60,0,1,2,99,h,4.493,4,1,h,1,4.493,60,0,60,0,1,,,,,,,,,,,,,
,,,,,,,,,,,,,,,,,332,2,2024-03-28_10h27.22.721,Symbol-E,2020.1.3,MacIntel,Firefox,Mozilla/5.0 (Macintosh; Intel Mac OS X 10.13; rv:109.0) Gecko/20100101 Firefox/115.0,60,,,,,,,,,,,,,,,,,,,,,,,,,,,,,,,,,,,,,,media/dgnb.png,2,2,Symb,e,RT,0,0,0,1,8,0,61,0,1,2,99,e,0.971,2,1,e,1,0.971,61,0,61,0,1,,,,,,,,,,,,,
,,,,,,,,,,,,,,,,,332,2,2024-03-28_10h27.22.721,Symbol-E,2020.1.3,MacIntel,Firefox,Mozilla/5.0 (Macintosh; Intel Mac OS X 10.13; rv:109.0) Gecko/20100101 Firefox/115.0,60,,,,,,,,,,,,,,,,,,,,,,,,,,,,,,,,,,,,,,media/dfnb.png,3,3,Symb,f,RT,0,0,0,1,8,0,62,0,1,2,99,f,1.404,3,1,f,1,1.404,62,0,62,0,1,,,,,,,,,,,,,
,,,,,,,,,,,,,,,,,332,2,2024-03-28_10h27.22.721,Symbol-E,2020.1.3,MacIntel,Firefox,Mozilla/5.0 (Macintosh; Intel Mac OS X 10.13; rv:109.0) Gecko/20100101 Firefox/115.0,60,,,,,,,,,,,,,,,,,,,,,,,,,,,,,,,,,,,,,,media/dgnb.png,2,2,Symb,e,RT,0,0,0,1,8,0,63,0,1,2,99,e,0.836,2,1,e,1,0.836,63,0,63,0,1,,,,,,,,,,,,,
,,,,,,,,,,,,,,,,,332,2,2024-03-28_10h27.22.721,Symbol-E,2020.1.3,MacIntel,Firefox,Mozilla/5.0 (Macintosh; Intel Mac OS X 10.13; rv:109.0) Gecko/20100101 Firefox/115.0,60,,,,,,,,,,,,,,,,,,,,,,,,,,,,,,,,,,,,,,media/dgnb.png,2,2,Symb,e,RT,0,0,0,1,8,0,64,0,1,2,99,e,0.452,2,1,e,1,0.452,64,0,64,0,1,,,,,,,,,,,,,
,,,,,,,,,,,,,,,,,332,2,2024-03-28_10h27.22.721,Symbol-E,2020.1.3,MacIntel,Firefox,Mozilla/5.0 (Macintosh; Intel Mac OS X 10.13; rv:109.0) Gecko/20100101 Firefox/115.0,60,,,,,,,,,,,,,,,,,,,,,,,,,,,,,,,,,,,,,,media/ddnb.png,5,1,Symb,u,RT,0,0,0,1,8,0,65,0,1,2,99,u,1.104,5,1,u,1,1.104,65,0,65,0,1,,,,,,,,,,,,,
,,,,,,,,,,,,,,,,,332,2,2024-03-28_10h27.22.721,Symbol-E,2020.1.3,MacIntel,Firefox,Mozilla/5.0 (Macintosh; Intel Mac OS X 10.13; rv:109.0) Gecko/20100101 Firefox/115.0,60,,,,,,,,,,,,,,,,,,,,,,,,,,,,,,,,,,,,,,media/ddnb.png,5,1,Symb,u,RT,0,0,0,1,8,0,66,0,1,2,99,u,0.373,5,1,u,1,0.373,66,0,66,0,1,,,,,,,,,,,,,
,,,,,,,,,,,,,,,,,332,2,2024-03-28_10h27.22.721,Symbol-E,2020.1.3,MacIntel,Firefox,Mozilla/5.0 (Macintosh; Intel Mac OS X 10.13; rv:109.0) Gecko/20100101 Firefox/115.0,60,,,,,,,,,,,,,,,,,,,,,,,,,,,,,,,,,,,,,,media/dfnb.png,3,3,Symb,f,RT,0,0,0,1,8,0,67,0,1,2,99,f,0.986,3,1,f,1,0.986,67,0,67,0,1,,,,,,,,,,,,,
,,,,,,,,,,,,,,,,,332,2,2024-03-28_10h27.22.721,Symbol-E,2020.1.3,MacIntel,Firefox,Mozilla/5.0 (Macintosh; Intel Mac OS X 10.13; rv:109.0) Gecko/20100101 Firefox/115.0,60,,,,,,,,,,,,,,,,,,,,,,,,,,,,,,,,,,,,,,media/dfnb.png,3,3,Symb,f,RT,0,0,0,1,8,0,68,0,1,2,99,f,0.403,3,1,f,1,0.403,68,0,68,0,1,,,,,,,,,,,,,
,,,,,,,,,,,,,,,,,332,2,2024-03-28_10h27.22.721,Symbol-E,2020.1.3,MacIntel,Firefox,Mozilla/5.0 (Macintosh; Intel Mac OS X 10.13; rv:109.0) Gecko/20100101 Firefox/115.0,60,,,,,,,,,,,,,,,,,,,,,,,,,,,,,,,,,,,,,,media/dmnb.png,4,0,Symb,h,RT,0,0,0,1,8,0,69,0,1,2,99,h,1.037,4,1,h,1,1.037,69,0,69,0,1,,,,,,,,,,,,,
,,,,,,,,,,,,,,,,,332,2,2024-03-28_10h27.22.721,Symbol-E,2020.1.3,MacIntel,Firefox,Mozilla/5.0 (Macintosh; Intel Mac OS X 10.13; rv:109.0) Gecko/20100101 Firefox/115.0,60,,,,,,,,,,,,,,,,,,,,,,,,,,,,,,,,,,,,,,media/dinb.png,6,2,Symb,i,RT,0,0,0,1,8,0,70,0,1,2,99,i,0.873,6,1,i,1,0.873,70,0,70,0,1,,,,,,,,,,,,,
,,,,,,,,,,,,,,,,,332,2,2024-03-28_10h27.22.721,Symbol-E,2020.1.3,MacIntel,Firefox,Mozilla/5.0 (Macintosh; Intel Mac OS X 10.13; rv:109.0) Gecko/20100101 Firefox/115.0,60,,,,,,,,,,,,,,,,,,,,,,,,,,,,,,,,,,,,,,media/dmnb.png,4,0,Symb,h,RT,0,0,0,1,8,0,71,0,1,2,99,h,0.703,4,1,h,1,0.703,71,0,71,0,1,,,,,,,,,,,,,
,,,,,,,,,,,,,,,,,332,2,2024-03-28_10h27.22.721,Symbol-E,2020.1.3,MacIntel,Firefox,Mozilla/5.0 (Macintosh; Intel Mac OS X 10.13; rv:109.0) Gecko/20100101 Firefox/115.0,60,,,,,,,,,,,,,,,,,,,,,,,,,,,,,,,,,,,,,,media/djnb.png,1,1,Symb,w,RT,0,0,0,1,8,0,72,0,1,2,99,w,1.62,1,1,w,1,1.62,72,0,72,0,1,,,,,,,,,,,,,
,,,,,,,,,,,,,,,,,332,2,2024-03-28_10h27.22.721,Symbol-E,2020.1.3,MacIntel,Firefox,Mozilla/5.0 (Macintosh; Intel Mac OS X 10.13; rv:109.0) Gecko/20100101 Firefox/115.0,60,,,,,,,,,,,,,,,,,,,,,,,,,,,,,,,,,,,,,,media/dcnb.png,0,0,Symb,a,RT,0,0,0,1,8,0,73,0,1,2,99,a,1.604,0,1,a,1,1.604,73,0,73,0,1,,,,,,,,,,,,,
,,,,,,,,,,,,,,,,,332,2,2024-03-28_10h27.22.721,Symbol-E,2020.1.3,MacIntel,Firefox,Mozilla/5.0 (Macintosh; Intel Mac OS X 10.13; rv:109.0) Gecko/20100101 Firefox/115.0,60,,,,,,,,,,,,,,,,,,,,,,,,,,,,,,,,,,,,,,media/dinb.png,6,2,Symb,i,RT,0,0,0,1,8,0,74,0,1,2,99,i,0.786,6,1,i,1,0.786,74,0,74,0,1,,,,,,,,,,,,,
,,,,,,,,,,,,,,,,,332,2,2024-03-28_10h27.22.721,Symbol-E,2020.1.3,MacIntel,Firefox,Mozilla/5.0 (Macintosh; Intel Mac OS X 10.13; rv:109.0) Gecko/20100101 Firefox/115.0,60,,,,,,,,,,,,,,,,,,,,,,,,,,,,,,,,,,,,,,media/dgnb.png,2,2,Symb,e,RT,0,0,0,1,8,0,75,0,1,2,99,e,0.871,2,1,e,1,0.871,75,0,75,0,1,,,,,,,,,,,,,
,,,,,,,,,,,,,,,,,332,2,2024-03-28_10h27.22.721,Symbol-E,2020.1.3,MacIntel,Firefox,Mozilla/5.0 (Macintosh; Intel Mac OS X 10.13; rv:109.0) Gecko/20100101 Firefox/115.0,60,,,,,,,,,,,,,,,,,,,,,,,,,,,,,,,,,,,,,,media/dnnb.png,7,3,Symb,l,RT,0,0,0,1,8,0,76,0,1,2,99,l,1.136,7,1,l,1,1.136,76,0,76,0,1,,,,,,,,,,,,,
,,,,,,,,,,,,,,,,,332,2,2024-03-28_10h27.22.721,Symbol-E,2020.1.3,MacIntel,Firefox,Mozilla/5.0 (Macintosh; Intel Mac OS X 10.13; rv:109.0) Gecko/20100101 Firefox/115.0,60,,,,,,,,,,,,,,,,,,,,,,,,,,,,,,,,,,,,,,media/djnb.png,1,1,Symb,w,RT,0,0,0,1,8,0,77,0,1,2,99,w,0.77,1,1,w,1,0.77,77,0,77,0,1,,,,,,,,,,,,,
,,,,,,,,,,,,,,,,,332,2,2024-03-28_10h27.22.721,Symbol-E,2020.1.3,MacIntel,Firefox,Mozilla/5.0 (Macintosh; Intel Mac OS X 10.13; rv:109.0) Gecko/20100101 Firefox/115.0,60,,,,,,,,,,,,,,,,,,,,,,,,,,,,,,,,,,,,,,media/dnnb.png,7,3,Symb,l,RT,0,0,0,1,8,0,78,0,1,2,99,l,0.769,7,1,l,1,0.769,78,0,78,0,1,,,,,,,,,,,,,
,,,,,,,,,,,,,,,,,332,2,2024-03-28_10h27.22.721,Symbol-E,2020.1.3,MacIntel,Firefox,Mozilla/5.0 (Macintosh; Intel Mac OS X 10.13; rv:109.0) Gecko/20100101 Firefox/115.0,60,,,,,,,,,,,,,,,,,,,,,,,,,,,,,,,,,,,,,,media/dcnb.png,0,0,Symb,a,RT,0,0,0,1,8,0,79,0,1,2,99,a,1.087,0,1,a,1,1.087,79,0,79,0,1,,,,,,,,,,,,,
,,,,,,,,,,,,,,,,,332,2,2024-03-28_10h27.22.721,Symbol-E,2020.1.3,MacIntel,Firefox,Mozilla/5.0 (Macintosh; Intel Mac OS X 10.13; rv:109.0) Gecko/20100101 Firefox/115.0,60,,,,,,,,,,,,,,,,,,,,,,,,,,,,,,,,,,,,,,media/dnnb.png,7,3,Symb,l,RT,0,0,0,1,8,0,80,0,1,2,99,l,1.389,7,1,l,1,1.389,80,0,80,0,1,,,,,,,,,,,,,
,,,,,,,,,,,,,,,,,332,2,2024-03-28_10h27.22.721,Symbol-E,2020.1.3,MacIntel,Firefox,Mozilla/5.0 (Macintosh; Intel Mac OS X 10.13; rv:109.0) Gecko/20100101 Firefox/115.0,60,,,,,,,,,,,,,,,,,,,,,,,,,,,,,,,,,,,,,,media/dmnb.png,4,0,Symb,h,RT,0,0,0,1,8,0,81,0,1,2,99,h,1.256,4,1,h,1,1.256,81,0,81,0,1,,,,,,,,,,,,,
,,,,,,,,,,,,,,,,,332,2,2024-03-28_10h27.22.721,Symbol-E,2020.1.3,MacIntel,Firefox,Mozilla/5.0 (Macintosh; Intel Mac OS X 10.13; rv:109.0) Gecko/20100101 Firefox/115.0,60,,,,,,,,,,,,,,,,,,,,,,,,,,,,,,,,,,,,,,media/dcnb.png,0,0,Symb,a,RT,0,0,0,1,8,0,82,0,1,2,99,a,0.702,0,1,a,1,0.702,82,0,82,0,1,,,,,,,,,,,,,
,,,,,,,,,,,,,,,,,332,2,2024-03-28_10h27.22.721,Symbol-E,2020.1.3,MacIntel,Firefox,Mozilla/5.0 (Macintosh; Intel Mac OS X 10.13; rv:109.0) Gecko/20100101 Firefox/115.0,60,,,,,,,,,,,,,,,,,,,,,,,,,,,,,,,,,,,,,,media/djnb.png,1,1,Symb,w,RT,0,0,0,1,8,0,83,0,1,2,99,w,1.788,1,1,w,1,1.788,83,0,83,0,1,,,,,,,,,,,,,
,,,,,,,,,,,,,,,,,332,2,2024-03-28_10h27.22.721,Symbol-E,2020.1.3,MacIntel,Firefox,Mozilla/5.0 (Macintosh; Intel Mac OS X 10.13; rv:109.0) Gecko/20100101 Firefox/115.0,60,,,,,,,,,,,,,,,,,,,,,,,,,,,,,,,,,,,,,,media/dfnb.png,3,3,Symb,f,RT,0,0,0,1,8,0,84,0,1,2,99,f,1.056,3,1,f,1,1.056,84,0,84,0,1,,,,,,,,,,,,,
,,,,,,,,,,,,,,,,,332,2,2024-03-28_10h27.22.721,Symbol-E,2020.1.3,MacIntel,Firefox,Mozilla/5.0 (Macintosh; Intel Mac OS X 10.13; rv:109.0) Gecko/20100101 Firefox/115.0,60,,,,,,,,,,,,,,,,,,,,,,,,,,,,,,,,,,,,,,media/dmnb.png,4,0,Symb,h,RT,0,0,0,1,8,0,85,0,1,2,99,h,1.472,4,1,h,1,1.472,85,0,85,0,1,,,,,,,,,,,,,
,,,,,,,,,,,,,,,,,332,2,2024-03-28_10h27.22.721,Symbol-E,2020.1.3,MacIntel,Firefox,Mozilla/5.0 (Macintosh; Intel Mac OS X 10.13; rv:109.0) Gecko/20100101 Firefox/115.0,60,,,,,,,,,,,,,,,,,,,,,,,,,,,,,,,,,,,,,,media/dgnb.png,2,2,Symb,e,RT,0,0,0,1,8,0,86,0,1,2,99,e,1.988,2,1,e,1,1.988,86,0,86,0,1,,,,,,,,,,,,,
,,,,,,,,,,,,,,,,,332,2,2024-03-28_10h27.22.721,Symbol-E,2020.1.3,MacIntel,Firefox,Mozilla/5.0 (Macintosh; Intel Mac OS X 10.13; rv:109.0) Gecko/20100101 Firefox/115.0,60,,,,,,,,,,,,,,,,,,,,,,,,,,,,,,,,,,,,,,media/dnnb.png,7,3,Symb,l,RT,0,0,0,1,8,0,87,0,1,2,99,l,2.022,7,1,l,1,2.022,87,0,87,0,1,,,,,,,,,,,,,
,,,,,,,,,,,,,,,,,332,2,2024-03-28_10h27.22.721,Symbol-E,2020.1.3,MacIntel,Firefox,Mozilla/5.0 (Macintosh; Intel Mac OS X 10.13; rv:109.0) Gecko/20100101 Firefox/115.0,60,,,,,,,,,,,,,,,,,,,,,,,,,,,,,,,,,,,,,,media/dgnb.png,2,2,Symb,e,RT,0,0,0,1,8,0,88,0,1,2,99,e,0.84,2,1,e,1,0.84,88,0,88,0,1,,,,,,,,,,,,,
,,,,,,,,,,,,,,,,,332,2,2024-03-28_10h27.22.721,Symbol-E,2020.1.3,MacIntel,Firefox,Mozilla/5.0 (Macintosh; Intel Mac OS X 10.13; rv:109.0) Gecko/20100101 Firefox/115.0,60,,,,,,,,,,,,,,,,,,,,,,,,,,,,,,,,,,,,,,media/dcnb.png,0,0,Symb,a,RT,0,0,0,1,8,0,89,0,1,2,99,a,0.77,0,1,a,1,0.77,89,0,89,0,1,,,,,,,,,,,,,
,,,,,,,,,,,,,,,,,332,2,2024-03-28_10h27.22.721,Symbol-E,2020.1.3,MacIntel,Firefox,Mozilla/5.0 (Macintosh; Intel Mac OS X 10.13; rv:109.0) Gecko/20100101 Firefox/115.0,60,,,,,,,,,,,,,,,,,,,,,,,,,,,,,,,,,,,,,,media/ddnb.png,5,1,Symb,u,RT,0,0,0,1,8,0,90,0,1,2,99,u,1.587,5,1,u,1,1.587,90,0,90,0,1,,,,,,,,,,,,,
,,,,,,,,,,,,,,,,,332,2,2024-03-28_10h27.22.721,Symbol-E,2020.1.3,MacIntel,Firefox,Mozilla/5.0 (Macintosh; Intel Mac OS X 10.13; rv:109.0) Gecko/20100101 Firefox/115.0,60,,,,,,,,,,,,,,,,,,,,,,,,,,,,,,,,,,,,,,media/ddnb.png,5,1,Symb,u,RT,0,0,0,1,8,0,91,0,1,2,99,u,0.469,5,1,u,1,0.469,91,0,91,0,1,,,,,,,,,,,,,
,,,,,,,,,,,,,,,,,332,2,2024-03-28_10h27.22.721,Symbol-E,2020.1.3,MacIntel,Firefox,Mozilla/5.0 (Macintosh; Intel Mac OS X 10.13; rv:109.0) Gecko/20100101 Firefox/115.0,60,,,,,,,,,,,,,,,,,,,,,,,,,,,,,,,,,,,,,,media/dinb.png,6,2,Symb,i,RT,0,0,0,1,8,0,92,0,1,2,99,i,0.656,6,1,i,1,0.656,92,0,92,0,1,,,,,,,,,,,,,
,,,,,,,,,,,,,,,,,332,2,2024-03-28_10h27.22.721,Symbol-E,2020.1.3,MacIntel,Firefox,Mozilla/5.0 (Macintosh; Intel Mac OS X 10.13; rv:109.0) Gecko/20100101 Firefox/115.0,60,,,,,,,,,,,,,,,,,,,,,,,,,,,,,,,,,,,,,,media/djnb.png,1,1,Symb,w,RT,0,0,0,1,8,0,93,0,1,2,99,w,1.137,1,1,w,1,1.137,93,0,93,0,1,,,,,,,,,,,,,
,,,,,,,,,,,,,,,,,332,2,2024-03-28_10h27.22.721,Symbol-E,2020.1.3,MacIntel,Firefox,Mozilla/5.0 (Macintosh; Intel Mac OS X 10.13; rv:109.0) Gecko/20100101 Firefox/115.0,60,,,,,,,,,,,,,,,,,,,,,,,,,,,,,,,,,,,,,,media/dinb.png,6,2,Symb,i,RT,0,0,0,1,8,0,94,0,1,2,99,i,1.155,6,1,i,1,1.155,94,0,94,0,1,,,,,,,,,,,,,
,,,,,,,,,,,,,,,,,332,2,2024-03-28_10h27.22.721,Symbol-E,2020.1.3,MacIntel,Firefox,Mozilla/5.0 (Macintosh; Intel Mac OS X 10.13; rv:109.0) Gecko/20100101 Firefox/115.0,60,,,,,,,,,,,,,,,,,,,,,,,,,,,,,,,,,,,,,,media/dfnb.png,3,3,Symb,f,RT,0,0,0,1,8,0,95,0,1,2,99,f,1.108,3,1,f,1,1.108,95,0,95,0,1,,,,,,,,,,,,,
,,,,,,,,,,,,,,,,,332,2,2024-03-28_10h27.22.721,Symbol-E,2020.1.3,MacIntel,Firefox,Mozilla/5.0 (Macintosh; Intel Mac OS X 10.13; rv:109.0) Gecko/20100101 Firefox/115.0,60,,,,,,,,,,,,,,,,,,,,,,,,,,,,,,,,,,,,,,,,,,,,,,,,,,,,,,,,,,,,,,,,,,,1,0,1,0,1,,,,,,,,
,,,,,,,,,,,,,,,,,332,2,2024-03-28_10h27.22.721,Symbol-E,2020.1.3,MacIntel,Firefox,Mozilla/5.0 (Macintosh; Intel Mac OS X 10.13; rv:109.0) Gecko/20100101 Firefox/115.0,60,,,,,,,,,,,,,,,,,,,,,,,,,,,,,,,,,,,,h,23.131,media/dfnb.png,3,3,Symb,f,RT,0,0,0,1,8,0,0,0,1,3,99,f,1.253,3,1,f,1,1.253,0,0,0,0,1,,,,,,,,,,,,,
,,,,,,,,,,,,,,,,,332,2,2024-03-28_10h27.22.721,Symbol-E,2020.1.3,MacIntel,Firefox,Mozilla/5.0 (Macintosh; Intel Mac OS X 10.13; rv:109.0) Gecko/20100101 Firefox/115.0,60,,,,,,,,,,,,,,,,,,,,,,,,,,,,,,,,,,,,,,media/dinb.png,6,2,Symb,i,RT,0,0,0,1,8,0,1,0,1,3,99,i,1.124,6,1,i,1,1.124,1,0,1,0,1,,,,,,,,,,,,,
,,,,,,,,,,,,,,,,,332,2,2024-03-28_10h27.22.721,Symbol-E,2020.1.3,MacIntel,Firefox,Mozilla/5.0 (Macintosh; Intel Mac OS X 10.13; rv:109.0) Gecko/20100101 Firefox/115.0,60,,,,,,,,,,,,,,,,,,,,,,,,,,,,,,,,,,,,,,media/dgnb.png,2,2,Symb,e,RT,0,0,0,1,8,0,2,0,1,3,99,e,0.936,2,1,e,1,0.936,2,0,2,0,1,,,,,,,,,,,,,
,,,,,,,,,,,,,,,,,332,2,2024-03-28_10h27.22.721,Symbol-E,2020.1.3,MacIntel,Firefox,Mozilla/5.0 (Macintosh; Intel Mac OS X 10.13; rv:109.0) Gecko/20100101 Firefox/115.0,60,,,,,,,,,,,,,,,,,,,,,,,,,,,,,,,,,,,,,,media/dcnb.png,0,0,Symb,a,RT,0,0,0,1,8,0,3,0,1,3,99,a,1.273,0,1,a,1,1.273,3,0,3,0,1,,,,,,,,,,,,,
,,,,,,,,,,,,,,,,,332,2,2024-03-28_10h27.22.721,Symbol-E,2020.1.3,MacIntel,Firefox,Mozilla/5.0 (Macintosh; Intel Mac OS X 10.13; rv:109.0) Gecko/20100101 Firefox/115.0,60,,,,,,,,,,,,,,,,,,,,,,,,,,,,,,,,,,,,,,media/djnb.png,1,1,Symb,w,RT,0,0,0,1,8,0,4,0,1,3,99,w,0.872,1,1,w,1,0.872,4,0,4,0,1,,,,,,,,,,,,,
,,,,,,,,,,,,,,,,,332,2,2024-03-28_10h27.22.721,Symbol-E,2020.1.3,MacIntel,Firefox,Mozilla/5.0 (Macintosh; Intel Mac OS X 10.13; rv:109.0) Gecko/20100101 Firefox/115.0,60,,,,,,,,,,,,,,,,,,,,,,,,,,,,,,,,,,,,,,media/dmnb.png,4,0,Symb,h,RT,0,0,0,1,8,0,5,0,1,3,99,h,0.924,4,1,h,1,0.924,5,0,5,0,1,,,,,,,,,,,,,
,,,,,,,,,,,,,,,,,332,2,2024-03-28_10h27.22.721,Symbol-E,2020.1.3,MacIntel,Firefox,Mozilla/5.0 (Macintosh; Intel Mac OS X 10.13; rv:109.0) Gecko/20100101 Firefox/115.0,60,,,,,,,,,,,,,,,,,,,,,,,,,,,,,,,,,,,,,,media/dinb.png,6,2,Symb,i,RT,0,0,0,1,8,0,6,0,1,3,99,i,0.788,6,1,i,1,0.788,6,0,6,0,1,,,,,,,,,,,,,
,,,,,,,,,,,,,,,,,332,2,2024-03-28_10h27.22.721,Symbol-E,2020.1.3,MacIntel,Firefox,Mozilla/5.0 (Macintosh; Intel Mac OS X 10.13; rv:109.0) Gecko/20100101 Firefox/115.0,60,,,,,,,,,,,,,,,,,,,,,,,,,,,,,,,,,,,,,,media/dnnb.png,7,3,Symb,l,RT,0,0,0,1,8,0,7,0,1,3,99,l,0.953,7,1,l,1,0.953,7,0,7,0,1,,,,,,,,,,,,,
,,,,,,,,,,,,,,,,,332,2,2024-03-28_10h27.22.721,Symbol-E,2020.1.3,MacIntel,Firefox,Mozilla/5.0 (Macintosh; Intel Mac OS X 10.13; rv:109.0) Gecko/20100101 Firefox/115.0,60,,,,,,,,,,,,,,,,,,,,,,,,,,,,,,,,,,,,,,media/dnnb.png,7,3,Symb,l,RT,0,0,0,1,8,0,8,0,1,3,99,l,0.468,7,1,l,1,0.468,8,0,8,0,1,,,,,,,,,,,,,
,,,,,,,,,,,,,,,,,332,2,2024-03-28_10h27.22.721,Symbol-E,2020.1.3,MacIntel,Firefox,Mozilla/5.0 (Macintosh; Intel Mac OS X 10.13; rv:109.0) Gecko/20100101 Firefox/115.0,60,,,,,,,,,,,,,,,,,,,,,,,,,,,,,,,,,,,,,,media/djnb.png,1,1,Symb,w,RT,0,0,0,1,8,0,9,0,1,3,99,w,0.854,1,1,w,1,0.854,9,0,9,0,1,,,,,,,,,,,,,
,,,,,,,,,,,,,,,,,332,2,2024-03-28_10h27.22.721,Symbol-E,2020.1.3,MacIntel,Firefox,Mozilla/5.0 (Macintosh; Intel Mac OS X 10.13; rv:109.0) Gecko/20100101 Firefox/115.0,60,,,,,,,,,,,,,,,,,,,,,,,,,,,,,,,,,,,,,,media/dmnb.png,4,0,Symb,h,RT,0,0,0,1,8,0,10,0,1,3,99,h,1.321,4,1,h,1,1.321,10,0,10,0,1,,,,,,,,,,,,,
,,,,,,,,,,,,,,,,,332,2,2024-03-28_10h27.22.721,Symbol-E,2020.1.3,MacIntel,Firefox,Mozilla/5.0 (Macintosh; Intel Mac OS X 10.13; rv:109.0) Gecko/20100101 Firefox/115.0,60,,,,,,,,,,,,,,,,,,,,,,,,,,,,,,,,,,,,,,media/dcnb.png,0,0,Symb,a,RT,0,0,0,1,8,0,11,0,1,3,99,a,0.774,0,1,a,1,0.774,11,0,11,0,1,,,,,,,,,,,,,
,,,,,,,,,,,,,,,,,332,2,2024-03-28_10h27.22.721,Symbol-E,2020.1.3,MacIntel,Firefox,Mozilla/5.0 (Macintosh; Intel Mac OS X 10.13; rv:109.0) Gecko/20100101 Firefox/115.0,60,,,,,,,,,,,,,,,,,,,,,,,,,,,,,,,,,,,,,,media/dfnb.png,3,3,Symb,f,RT,0,0,0,1,8,0,12,0,1,3,99,f,0.938,3,1,f,1,0.938,12,0,12,0,1,,,,,,,,,,,,,
,,,,,,,,,,,,,,,,,332,2,2024-03-28_10h27.22.721,Symbol-E,2020.1.3,MacIntel,Firefox,Mozilla/5.0 (Macintosh; Intel Mac OS X 10.13; rv:109.0) Gecko/20100101 Firefox/115.0,60,,,,,,,,,,,,,,,,,,,,,,,,,,,,,,,,,,,,,,media/dgnb.png,2,2,Symb,e,RT,0,0,0,1,8,0,13,0,1,3,99,w,0.787,1,0,w,0,0.787,13,0,13,0,1,,,,,,,,,,,,,
,,,,,,,,,,,,,,,,,332,2,2024-03-28_10h27.22.721,Symbol-E,2020.1.3,MacIntel,Firefox,Mozilla/5.0 (Macintosh; Intel Mac OS X 10.13; rv:109.0) Gecko/20100101 Firefox/115.0,60,,,,,,,,,,,,,,,,,,,,,,,,,,,,,,,,,,,,,,media/ddnb.png,5,1,Symb,u,RT,0,0,0,1,8,0,14,0,1,3,99,u,0.953,5,1,u,1,0.953,14,0,14,0,1,,,,,,,,,,,,,
,,,,,,,,,,,,,,,,,332,2,2024-03-28_10h27.22.721,Symbol-E,2020.1.3,MacIntel,Firefox,Mozilla/5.0 (Macintosh; Intel Mac OS X 10.13; rv:109.0) Gecko/20100101 Firefox/115.0,60,,,,,,,,,,,,,,,,,,,,,,,,,,,,,,,,,,,,,,media/ddnb.png,5,1,Symb,u,RT,0,0,0,1,8,0,15,0,1,3,99,u,0.457,5,1,u,1,0.457,15,0,15,0,1,,,,,,,,,,,,,
,,,,,,,,,,,,,,,,,332,2,2024-03-28_10h27.22.721,Symbol-E,2020.1.3,MacIntel,Firefox,Mozilla/5.0 (Macintosh; Intel Mac OS X 10.13; rv:109.0) Gecko/20100101 Firefox/115.0,60,,,,,,,,,,,,,,,,,,,,,,,,,,,,,,,,,,,,,,media/dgnb.png,2,2,Symb,e,RT,0,0,0,1,8,0,16,0,1,3,99,e,0.803,2,1,e,1,0.803,16,0,16,0,1,,,,,,,,,,,,,
,,,,,,,,,,,,,,,,,332,2,2024-03-28_10h27.22.721,Symbol-E,2020.1.3,MacIntel,Firefox,Mozilla/5.0 (Macintosh; Intel Mac OS X 10.13; rv:109.0) Gecko/20100101 Firefox/115.0,60,,,,,,,,,,,,,,,,,,,,,,,,,,,,,,,,,,,,,,media/dgnb.png,2,2,Symb,e,RT,0,0,0,1,8,0,17,0,1,3,99,e,0.419,2,1,e,1,0.419,17,0,17,0,1,,,,,,,,,,,,,
,,,,,,,,,,,,,,,,,332,2,2024-03-28_10h27.22.721,Symbol-E,2020.1.3,MacIntel,Firefox,Mozilla/5.0 (Macintosh; Intel Mac OS X 10.13; rv:109.0) Gecko/20100101 Firefox/115.0,60,,,,,,,,,,,,,,,,,,,,,,,,,,,,,,,,,,,,,,media/ddnb.png,5,1,Symb,u,RT,0,0,0,1,8,0,18,0,1,3,99,u,1.339,5,1,u,1,1.339,18,0,18,0,1,,,,,,,,,,,,,
,,,,,,,,,,,,,,,,,332,2,2024-03-28_10h27.22.721,Symbol-E,2020.1.3,MacIntel,Firefox,Mozilla/5.0 (Macintosh; Intel Mac OS X 10.13; rv:109.0) Gecko/20100101 Firefox/115.0,60,,,,,,,,,,,,,,,,,,,,,,,,,,,,,,,,,,,,,,media/dmnb.png,4,0,Symb,h,RT,0,0,0,1,8,0,19,0,1,3,99,h,1.87,4,1,h,1,1.87,19,0,19,0,1,,,,,,,,,,,,,
,,,,,,,,,,,,,,,,,332,2,2024-03-28_10h27.22.721,Symbol-E,2020.1.3,MacIntel,Firefox,Mozilla/5.0 (Macintosh; Intel Mac OS X 10.13; rv:109.0) Gecko/20100101 Firefox/115.0,60,,,,,,,,,,,,,,,,,,,,,,,,,,,,,,,,,,,,,,media/ddnb.png,5,1,Symb,u,RT,0,0,0,1,8,0,20,0,1,3,99,u,0.753,5,1,u,1,0.753,20,0,20,0,1,,,,,,,,,,,,,
,,,,,,,,,,,,,,,,,332,2,2024-03-28_10h27.22.721,Symbol-E,2020.1.3,MacIntel,Firefox,Mozilla/5.0 (Macintosh; Intel Mac OS X 10.13; rv:109.0) Gecko/20100101 Firefox/115.0,60,,,,,,,,,,,,,,,,,,,,,,,,,,,,,,,,,,,,,,media/dcnb.png,0,0,Symb,a,RT,0,0,0,1,8,0,21,0,1,3,99,a,0.82,0,1,a,1,0.82,21,0,21,0,1,,,,,,,,,,,,,
,,,,,,,,,,,,,,,,,332,2,2024-03-28_10h27.22.721,Symbol-E,2020.1.3,MacIntel,Firefox,Mozilla/5.0 (Macintosh; Intel Mac OS X 10.13; rv:109.0) Gecko/20100101 Firefox/115.0,60,,,,,,,,,,,,,,,,,,,,,,,,,,,,,,,,,,,,,,media/dinb.png,6,2,Symb,i,RT,0,0,0,1,8,0,22,0,1,3,99,i,1.02,6,1,i,1,1.02,22,0,22,0,1,,,,,,,,,,,,,
,,,,,,,,,,,,,,,,,332,2,2024-03-28_10h27.22.721,Symbol-E,2020.1.3,MacIntel,Firefox,Mozilla/5.0 (Macintosh; Intel Mac OS X 10.13; rv:109.0) Gecko/20100101 Firefox/115.0,60,,,,,,,,,,,,,,,,,,,,,,,,,,,,,,,,,,,,,,media/djnb.png,1,1,Symb,w,RT,0,0,0,1,8,0,23,0,1,3,99,w,0.769,1,1,w,1,0.769,23,0,23,0,1,,,,,,,,,,,,,
,,,,,,,,,,,,,,,,,332,2,2024-03-28_10h27.22.721,Symbol-E,2020.1.3,MacIntel,Firefox,Mozilla/5.0 (Macintosh; Intel Mac OS X 10.13; rv:109.0) Gecko/20100101 Firefox/115.0,60,,,,,,,,,,,,,,,,,,,,,,,,,,,,,,,,,,,,,,media/dinb.png,6,2,Symb,i,RT,0,0,0,1,8,0,24,0,1,3,99,i,0.602,6,1,i,1,0.602,24,0,24,0,1,,,,,,,,,,,,,
,,,,,,,,,,,,,,,,,332,2,2024-03-28_10h27.22.721,Symbol-E,2020.1.3,MacIntel,Firefox,Mozilla/5.0 (Macintosh; Intel Mac OS X 10.13; rv:109.0) Gecko/20100101 Firefox/115.0,60,,,,,,,,,,,,,,,,,,,,,,,,,,,,,,,,,,,,,,media/dmnb.png,4,0,Symb,h,RT,0,0,0,1,8,0,25,0,1,3,99,h,1.169,4,1,h,1,1.169,25,0,25,0,1,,,,,,,,,,,,,
,,,,,,,,,,,,,,,,,332,2,2024-03-28_10h27.22.721,Symbol-E,2020.1.3,MacIntel,Firefox,Mozilla/5.0 (Macintosh; Intel Mac OS X 10.13; rv:109.0) Gecko/20100101 Firefox/115.0,60,,,,,,,,,,,,,,,,,,,,,,,,,,,,,,,,,,,,,,media/dnnb.png,7,3,Symb,l,RT,0,0,0,1,8,0,26,0,1,3,99,w,1.306,1,0,w,0,1.306,26,0,26,0,1,,,,,,,,,,,,,
,,,,,,,,,,,,,,,,,332,2,2024-03-28_10h27.22.721,Symbol-E,2020.1.3,MacIntel,Firefox,Mozilla/5.0 (Macintosh; Intel Mac OS X 10.13; rv:109.0) Gecko/20100101 Firefox/115.0,60,,,,,,,,,,,,,,,,,,,,,,,,,,,,,,,,,,,,,,media/dfnb.png,3,3,Symb,f,RT,0,0,0,1,8,0,27,0,1,3,99,f,1.22,3,1,f,1,1.22,27,0,27,0,1,,,,,,,,,,,,,
,,,,,,,,,,,,,,,,,332,2,2024-03-28_10h27.22.721,Symbol-E,2020.1.3,MacIntel,Firefox,Mozilla/5.0 (Macintosh; Intel Mac OS X 10.13; rv:109.0) Gecko/20100101 Firefox/115.0,60,,,,,,,,,,,,,,,,,,,,,,,,,,,,,,,,,,,,,,media/dnnb.png,7,3,Symb,l,RT,0,0,0,1,8,0,28,0,1,3,99,l,1.319,7,1,l,1,1.319,28,0,28,0,1,,,,,,,,,,,,,
,,,,,,,,,,,,,,,,,332,2,2024-03-28_10h27.22.721,Symbol-E,2020.1.3,MacIntel,Firefox,Mozilla/5.0 (Macintosh; Intel Mac OS X 10.13; rv:109.0) Gecko/20100101 Firefox/115.0,60,,,,,,,,,,,,,,,,,,,,,,,,,,,,,,,,,,,,,,media/dfnb.png,3,3,Symb,f,RT,0,0,0,1,8,0,29,0,1,3,99,f,3.562,3,1,f,1,3.562,29,0,29,0,1,,,,,,,,,,,,,
,,,,,,,,,,,,,,,,,332,2,2024-03-28_10h27.22.721,Symbol-E,2020.1.3,MacIntel,Firefox,Mozilla/5.0 (Macintosh; Intel Mac OS X 10.13; rv:109.0) Gecko/20100101 Firefox/115.0,60,,,,,,,,,,,,,,,,,,,,,,,,,,,,,,,,,,,,,,media/djnb.png,1,1,Symb,w,RT,0,0,0,1,8,0,30,0,1,3,99,w,0.821,1,1,w,1,0.821,30,0,30,0,1,,,,,,,,,,,,,
,,,,,,,,,,,,,,,,,332,2,2024-03-28_10h27.22.721,Symbol-E,2020.1.3,MacIntel,Firefox,Mozilla/5.0 (Macintosh; Intel Mac OS X 10.13; rv:109.0) Gecko/20100101 Firefox/115.0,60,,,,,,,,,,,,,,,,,,,,,,,,,,,,,,,,,,,,,,media/dcnb.png,0,0,Symb,a,RT,0,0,0,1,8,0,31,0,1,3,99,a,0.837,0,1,a,1,0.837,31,0,31,0,1,,,,,,,,,,,,,
,,,,,,,,,,,,,,,,,332,2,2024-03-28_10h27.22.721,Symbol-E,2020.1.3,MacIntel,Firefox,Mozilla/5.0 (Macintosh; Intel Mac OS X 10.13; rv:109.0) Gecko/20100101 Firefox/115.0,60,,,,,,,,,,,,,,,,,,,,,,,,,,,,,,,,,,,,,,media/dfnb.png,3,3,Symb,f,RT,0,0,0,1,8,0,32,0,1,3,99,f,1.056,3,1,f,1,1.056,32,0,32,0,1,,,,,,,,,,,,,
,,,,,,,,,,,,,,,,,332,2,2024-03-28_10h27.22.721,Symbol-E,2020.1.3,MacIntel,Firefox,Mozilla/5.0 (Macintosh; Intel Mac OS X 10.13; rv:109.0) Gecko/20100101 Firefox/115.0,60,,,,,,,,,,,,,,,,,,,,,,,,,,,,,,,,,,,,,,media/dcnb.png,0,0,Symb,a,RT,0,0,0,1,8,0,33,0,1,3,99,a,0.822,0,1,a,1,0.822,33,0,33,0,1,,,,,,,,,,,,,
,,,,,,,,,,,,,,,,,332,2,2024-03-28_10h27.22.721,Symbol-E,2020.1.3,MacIntel,Firefox,Mozilla/5.0 (Macintosh; Intel Mac OS X 10.13; rv:109.0) Gecko/20100101 Firefox/115.0,60,,,,,,,,,,,,,,,,,,,,,,,,,,,,,,,,,,,,,,media/ddnb.png,5,1,Symb,u,RT,0,0,0,1,8,0,34,0,1,3,99,u,1.206,5,1,u,1,1.206,34,0,34,0,1,,,,,,,,,,,,,
,,,,,,,,,,,,,,,,,332,2,2024-03-28_10h27.22.721,Symbol-E,2020.1.3,MacIntel,Firefox,Mozilla/5.0 (Macintosh; Intel Mac OS X 10.13; rv:109.0) Gecko/20100101 Firefox/115.0,60,,,,,,,,,,,,,,,,,,,,,,,,,,,,,,,,,,,,,,media/dgnb.png,2,2,Symb,e,RT,0,0,0,1,8,0,35,0,1,3,99,e,1.07,2,1,e,1,1.07,35,0,35,0,1,,,,,,,,,,,,,
,,,,,,,,,,,,,,,,,332,2,2024-03-28_10h27.22.721,Symbol-E,2020.1.3,MacIntel,Firefox,Mozilla/5.0 (Macintosh; Intel Mac OS X 10.13; rv:109.0) Gecko/20100101 Firefox/115.0,60,,,,,,,,,,,,,,,,,,,,,,,,,,,,,,,,,,,,,,media/dfnb.png,3,3,Symb,f,RT,0,0,0,1,8,0,36,0,1,3,99,f,1.037,3,1,f,1,1.037,36,0,36,0,1,,,,,,,,,,,,,
,,,,,,,,,,,,,,,,,332,2,2024-03-28_10h27.22.721,Symbol-E,2020.1.3,MacIntel,Firefox,Mozilla/5.0 (Macintosh; Intel Mac OS X 10.13; rv:109.0) Gecko/20100101 Firefox/115.0,60,,,,,,,,,,,,,,,,,,,,,,,,,,,,,,,,,,,,,,media/ddnb.png,5,1,Symb,u,RT,0,0,0,1,8,0,37,0,1,3,99,u,1.036,5,1,u,1,1.036,37,0,37,0,1,,,,,,,,,,,,,
,,,,,,,,,,,,,,,,,332,2,2024-03-28_10h27.22.721,Symbol-E,2020.1.3,MacIntel,Firefox,Mozilla/5.0 (Macintosh; Intel Mac OS X 10.13; rv:109.0) Gecko/20100101 Firefox/115.0,60,,,,,,,,,,,,,,,,,,,,,,,,,,,,,,,,,,,,,,media/dmnb.png,4,0,Symb,h,RT,0,0,0,1,8,0,38,0,1,3,99,h,0.819,4,1,h,1,0.819,38,0,38,0,1,,,,,,,,,,,,,
,,,,,,,,,,,,,,,,,332,2,2024-03-28_10h27.22.721,Symbol-E,2020.1.3,MacIntel,Firefox,Mozilla/5.0 (Macintosh; Intel Mac OS X 10.13; rv:109.0) Gecko/20100101 Firefox/115.0,60,,,,,,,,,,,,,,,,,,,,,,,,,,,,,,,,,,,,,,media/dnnb.png,7,3,Symb,l,RT,0,0,0,1,8,0,39,0,1,3,99,l,0.97,7,1,l,1,0.97,39,0,39,0,1,,,,,,,,,,,,,
,,,,,,,,,,,,,,,,,332,2,2024-03-28_10h27.22.721,Symbol-E,2020.1.3,MacIntel,Firefox,Mozilla/5.0 (Macintosh; Intel Mac OS X 10.13; rv:109.0) Gecko/20100101 Firefox/115.0,60,,,,,,,,,,,,,,,,,,,,,,,,,,,,,,,,,,,,,,media/dgnb.png,2,2,Symb,e,RT,0,0,0,1,8,0,40,0,1,3,99,e,0.903,2,1,e,1,0.903,40,0,40,0,1,,,,,,,,,,,,,
,,,,,,,,,,,,,,,,,332,2,2024-03-28_10h27.22.721,Symbol-E,2020.1.3,MacIntel,Firefox,Mozilla/5.0 (Macintosh; Intel Mac OS X 10.13; rv:109.0) Gecko/20100101 Firefox/115.0,60,,,,,,,,,,,,,,,,,,,,,,,,,,,,,,,,,,,,,,media/dcnb.png,0,0,Symb,a,RT,0,0,0,1,8,0,41,0,1,3,99,a,0.974,0,1,a,1,0.974,41,0,41,0,1,,,,,,,,,,,,,
,,,,,,,,,,,,,,,,,332,2,2024-03-28_10h27.22.721,Symbol-E,2020.1.3,MacIntel,Firefox,Mozilla/5.0 (Macintosh; Intel Mac OS X 10.13; rv:109.0) Gecko/20100101 Firefox/115.0,60,,,,,,,,,,,,,,,,,,,,,,,,,,,,,,,,,,,,,,media/dnnb.png,7,3,Symb,l,RT,0,0,0,1,8,0,42,0,1,3,99,l,0.937,7,1,l,1,0.937,42,0,42,0,1,,,,,,,,,,,,,
,,,,,,,,,,,,,,,,,332,2,2024-03-28_10h27.22.721,Symbol-E,2020.1.3,MacIntel,Firefox,Mozilla/5.0 (Macintosh; Intel Mac OS X 10.13; rv:109.0) Gecko/20100101 Firefox/115.0,60,,,,,,,,,,,,,,,,,,,,,,,,,,,,,,,,,,,,,,media/djnb.png,1,1,Symb,w,RT,0,0,0,1,8,0,43,0,1,3,99,w,0.89,1,1,w,1,0.89,43,0,43,0,1,,,,,,,,,,,,,
,,,,,,,,,,,,,,,,,332,2,2024-03-28_10h27.22.721,Symbol-E,2020.1.3,MacIntel,Firefox,Mozilla/5.0 (Macintosh; Intel Mac OS X 10.13; rv:109.0) Gecko/20100101 Firefox/115.0,60,,,,,,,,,,,,,,,,,,,,,,,,,,,,,,,,,,,,,,media/dmnb.png,4,0,Symb,h,RT,0,0,0,1,8,0,44,0,1,3,99,h,0.92,4,1,h,1,0.92,44,0,44,0,1,,,,,,,,,,,,,
,,,,,,,,,,,,,,,,,332,2,2024-03-28_10h27.22.721,Symbol-E,2020.1.3,MacIntel,Firefox,Mozilla/5.0 (Macintosh; Intel Mac OS X 10.13; rv:109.0) Gecko/20100101 Firefox/115.0,60,,,,,,,,,,,,,,,,,,,,,,,,,,,,,,,,,,,,,,media/djnb.png,1,1,Symb,w,RT,0,0,0,1,8,0,45,0,1,3,99,w,0.92,1,1,w,1,0.92,45,0,45,0,1,,,,,,,,,,,,,
,,,,,,,,,,,,,,,,,332,2,2024-03-28_10h27.22.721,Symbol-E,2020.1.3,MacIntel,Firefox,Mozilla/5.0 (Macintosh; Intel Mac OS X 10.13; rv:109.0) Gecko/20100101 Firefox/115.0,60,,,,,,,,,,,,,,,,,,,,,,,,,,,,,,,,,,,,,,media/dinb.png,6,2,Symb,i,RT,0,0,0,1,8,0,46,0,1,3,99,i,0.954,6,1,i,1,0.954,46,0,46,0,1,,,,,,,,,,,,,
,,,,,,,,,,,,,,,,,332,2,2024-03-28_10h27.22.721,Symbol-E,2020.1.3,MacIntel,Firefox,Mozilla/5.0 (Macintosh; Intel Mac OS X 10.13; rv:109.0) Gecko/20100101 Firefox/115.0,60,,,,,,,,,,,,,,,,,,,,,,,,,,,,,,,,,,,,,,media/dinb.png,6,2,Symb,i,RT,0,0,0,1,8,0,47,0,1,3,99,i,0.489,6,1,i,1,0.489,47,0,47,0,1,,,,,,,,,,,,,
,,,,,,,,,,,,,,,,,332,2,2024-03-28_10h27.22.721,Symbol-E,2020.1.3,MacIntel,Firefox,Mozilla/5.0 (Macintosh; Intel Mac OS X 10.13; rv:109.0) Gecko/20100101 Firefox/115.0,60,,,,,,,,,,,,,,,,,,,,,,,,,,,,,,,,,,,,,,media/dnnb.png,7,3,Symb,l,RT,0,0,0,1,8,0,48,0,1,3,99,l,1.889,7,1,l,1,1.889,48,0,48,0,1,,,,,,,,,,,,,
,,,,,,,,,,,,,,,,,332,2,2024-03-28_10h27.22.721,Symbol-E,2020.1.3,MacIntel,Firefox,Mozilla/5.0 (Macintosh; Intel Mac OS X 10.13; rv:109.0) Gecko/20100101 Firefox/115.0,60,,,,,,,,,,,,,,,,,,,,,,,,,,,,,,,,,,,,,,media/dgnb.png,2,2,Symb,e,RT,0,0,0,1,8,0,49,0,1,3,99,e,1.286,2,1,e,1,1.286,49,0,49,0,1,,,,,,,,,,,,,
,,,,,,,,,,,,,,,,,332,2,2024-03-28_10h27.22.721,Symbol-E,2020.1.3,MacIntel,Firefox,Mozilla/5.0 (Macintosh; Intel Mac OS X 10.13; rv:109.0) Gecko/20100101 Firefox/115.0,60,,,,,,,,,,,,,,,,,,,,,,,,,,,,,,,,,,,,,,media/ddnb.png,5,1,Symb,u,RT,0,0,0,1,8,0,50,0,1,3,99,u,1.103,5,1,u,1,1.103,50,0,50,0,1,,,,,,,,,,,,,
,,,,,,,,,,,,,,,,,332,2,2024-03-28_10h27.22.721,Symbol-E,2020.1.3,MacIntel,Firefox,Mozilla/5.0 (Macintosh; Intel Mac OS X 10.13; rv:109.0) Gecko/20100101 Firefox/115.0,60,,,,,,,,,,,,,,,,,,,,,,,,,,,,,,,,,,,,,,media/dmnb.png,4,0,Symb,h,RT,0,0,0,1,8,0,51,0,1,3,99,h,2.438,4,1,h,1,2.438,51,0,51,0,1,,,,,,,,,,,,,
,,,,,,,,,,,,,,,,,332,2,2024-03-28_10h27.22.721,Symbol-E,2020.1.3,MacIntel,Firefox,Mozilla/5.0 (Macintosh; Intel Mac OS X 10.13; rv:109.0) Gecko/20100101 Firefox/115.0,60,,,,,,,,,,,,,,,,,,,,,,,,,,,,,,,,,,,,,,media/dcnb.png,0,0,Symb,a,RT,0,0,0,1,8,0,52,0,1,3,99,a,1.105,0,1,a,1,1.105,52,0,52,0,1,,,,,,,,,,,,,
,,,,,,,,,,,,,,,,,332,2,2024-03-28_10h27.22.721,Symbol-E,2020.1.3,MacIntel,Firefox,Mozilla/5.0 (Macintosh; Intel Mac OS X 10.13; rv:109.0) Gecko/20100101 Firefox/115.0,60,,,,,,,,,,,,,,,,,,,,,,,,,,,,,,,,,,,,,,media/dgnb.png,2,2,Symb,e,RT,0,0,0,1,8,0,53,0,1,3,99,e,1.053,2,1,e,1,1.053,53,0,53,0,1,,,,,,,,,,,,,
,,,,,,,,,,,,,,,,,332,2,2024-03-28_10h27.22.721,Symbol-E,2020.1.3,MacIntel,Firefox,Mozilla/5.0 (Macintosh; Intel Mac OS X 10.13; rv:109.0) Gecko/20100101 Firefox/115.0,60,,,,,,,,,,,,,,,,,,,,,,,,,,,,,,,,,,,,,,media/dinb.png,6,2,Symb,i,RT,0,0,0,1,8,0,54,0,1,3,99,i,1.138,6,1,i,1,1.138,54,0,54,0,1,,,,,,,,,,,,,
,,,,,,,,,,,,,,,,,332,2,2024-03-28_10h27.22.721,Symbol-E,2020.1.3,MacIntel,Firefox,Mozilla/5.0 (Macintosh; Intel Mac OS X 10.13; rv:109.0) Gecko/20100101 Firefox/115.0,60,,,,,,,,,,,,,,,,,,,,,,,,,,,,,,,,,,,,,,media/dnnb.png,7,3,Symb,l,RT,0,0,0,1,8,0,55,0,1,3,99,l,1.488,7,1,l,1,1.488,55,0,55,0,1,,,,,,,,,,,,,
,,,,,,,,,,,,,,,,,332,2,2024-03-28_10h27.22.721,Symbol-E,2020.1.3,MacIntel,Firefox,Mozilla/5.0 (Macintosh; Intel Mac OS X 10.13; rv:109.0) Gecko/20100101 Firefox/115.0,60,,,,,,,,,,,,,,,,,,,,,,,,,,,,,,,,,,,,,,media/dfnb.png,3,3,Symb,f,RT,0,0,0,1,8,0,56,0,1,3,99,f,2.692,3,1,f,1,2.692,56,0,56,0,1,,,,,,,,,,,,,
,,,,,,,,,,,,,,,,,332,2,2024-03-28_10h27.22.721,Symbol-E,2020.1.3,MacIntel,Firefox,Mozilla/5.0 (Macintosh; Intel Mac OS X 10.13; rv:109.0) Gecko/20100101 Firefox/115.0,60,,,,,,,,,,,,,,,,,,,,,,,,,,,,,,,,,,,,,,media/djnb.png,1,1,Symb,w,RT,0,0,0,1,8,0,57,0,1,3,99,f,0.939,3,0,f,0,0.939,57,0,57,0,1,,,,,,,,,,,,,
,,,,,,,,,,,,,,,,,332,2,2024-03-28_10h27.22.721,Symbol-E,2020.1.3,MacIntel,Firefox,Mozilla/5.0 (Macintosh; Intel Mac OS X 10.13; rv:109.0) Gecko/20100101 Firefox/115.0,60,,,,,,,,,,,,,,,,,,,,,,,,,,,,,,,,,,,,,,media/dcnb.png,0,0,Symb,a,RT,0,0,0,1,8,0,58,0,1,3,99,a,0.868,0,1,a,1,0.868,58,0,58,0,1,,,,,,,,,,,,,
,,,,,,,,,,,,,,,,,332,2,2024-03-28_10h27.22.721,Symbol-E,2020.1.3,MacIntel,Firefox,Mozilla/5.0 (Macintosh; Intel Mac OS X 10.13; rv:109.0) Gecko/20100101 Firefox/115.0,60,,,,,,,,,,,,,,,,,,,,,,,,,,,,,,,,,,,,,,media/dfnb.png,3,3,Symb,f,RT,0,0,0,1,8,0,59,0,1,3,99,f,1.254,3,1,f,1,1.254,59,0,59,0,1,,,,,,,,,,,,,
,,,,,,,,,,,,,,,,,332,2,2024-03-28_10h27.22.721,Symbol-E,2020.1.3,MacIntel,Firefox,Mozilla/5.0 (Macintosh; Intel Mac OS X 10.13; rv:109.0) Gecko/20100101 Firefox/115.0,60,,,,,,,,,,,,,,,,,,,,,,,,,,,,,,,,,,,,,,media/djnb.png,1,1,Symb,w,RT,0,0,0,1,8,0,60,0,1,3,99,w,1.136,1,1,w,1,1.136,60,0,60,0,1,,,,,,,,,,,,,
,,,,,,,,,,,,,,,,,332,2,2024-03-28_10h27.22.721,Symbol-E,2020.1.3,MacIntel,Firefox,Mozilla/5.0 (Macintosh; Intel Mac OS X 10.13; rv:109.0) Gecko/20100101 Firefox/115.0,60,,,,,,,,,,,,,,,,,,,,,,,,,,,,,,,,,,,,,,media/ddnb.png,5,1,Symb,u,RT,0,0,0,1,8,0,61,0,1,3,99,u,1.056,5,1,u,1,1.056,61,0,61,0,1,,,,,,,,,,,,,
,,,,,,,,,,,,,,,,,332,2,2024-03-28_10h27.22.721,Symbol-E,2020.1.3,MacIntel,Firefox,Mozilla/5.0 (Macintosh; Intel Mac OS X 10.13; rv:109.0) Gecko/20100101 Firefox/115.0,60,,,,,,,,,,,,,,,,,,,,,,,,,,,,,,,,,,,,,,media/dinb.png,6,2,Symb,i,RT,0,0,0,1,8,0,62,0,1,3,99,i,0.619,6,1,i,1,0.619,62,0,62,0,1,,,,,,,,,,,,,
,,,,,,,,,,,,,,,,,332,2,2024-03-28_10h27.22.721,Symbol-E,2020.1.3,MacIntel,Firefox,Mozilla/5.0 (Macintosh; Intel Mac OS X 10.13; rv:109.0) Gecko/20100101 Firefox/115.0,60,,,,,,,,,,,,,,,,,,,,,,,,,,,,,,,,,,,,,,media/dmnb.png,4,0,Symb,h,RT,0,0,0,1,8,0,63,0,1,3,99,h,5.395,4,1,h,1,5.395,63,0,63,0,1,,,,,,,,,,,,,
,,,,,,,,,,,,,,,,,332,2,2024-03-28_10h27.22.721,Symbol-E,2020.1.3,MacIntel,Firefox,Mozilla/5.0 (Macintosh; Intel Mac OS X 10.13; rv:109.0) Gecko/20100101 Firefox/115.0,60,,,,,,,,,,,,,,,,,,,,,,,,,,,,,,,,,,,,,,media/dinb.png,6,2,Symb,i,RT,0,0,0,1,8,0,64,0,1,3,99,i,0.836,6,1,i,1,0.836,64,0,64,0,1,,,,,,,,,,,,,
,,,,,,,,,,,,,,,,,332,2,2024-03-28_10h27.22.721,Symbol-E,2020.1.3,MacIntel,Firefox,Mozilla/5.0 (Macintosh; Intel Mac OS X 10.13; rv:109.0) Gecko/20100101 Firefox/115.0,60,,,,,,,,,,,,,,,,,,,,,,,,,,,,,,,,,,,,,,media/dcnb.png,0,0,Symb,a,RT,0,0,0,1,8,0,65,0,1,3,99,a,0.991,0,1,a,1,0.991,65,0,65,0,1,,,,,,,,,,,,,
,,,,,,,,,,,,,,,,,332,2,2024-03-28_10h27.22.721,Symbol-E,2020.1.3,MacIntel,Firefox,Mozilla/5.0 (Macintosh; Intel Mac OS X 10.13; rv:109.0) Gecko/20100101 Firefox/115.0,60,,,,,,,,,,,,,,,,,,,,,,,,,,,,,,,,,,,,,,media/ddnb.png,5,1,Symb,u,RT,0,0,0,1,8,0,66,0,1,3,99,u,1.153,5,1,u,1,1.153,66,0,66,0,1,,,,,,,,,,,,,
,,,,,,,,,,,,,,,,,332,2,2024-03-28_10h27.22.721,Symbol-E,2020.1.3,MacIntel,Firefox,Mozilla/5.0 (Macintosh; Intel Mac OS X 10.13; rv:109.0) Gecko/20100101 Firefox/115.0,60,,,,,,,,,,,,,,,,,,,,,,,,,,,,,,,,,,,,,,media/dmnb.png,4,0,Symb,h,RT,0,0,0,1,8,0,67,0,1,3,99,f,1.237,3,0,f,0,1.237,67,0,67,0,1,,,,,,,,,,,,,
,,,,,,,,,,,,,,,,,332,2,2024-03-28_10h27.22.721,Symbol-E,2020.1.3,MacIntel,Firefox,Mozilla/5.0 (Macintosh; Intel Mac OS X 10.13; rv:109.0) Gecko/20100101 Firefox/115.0,60,,,,,,,,,,,,,,,,,,,,,,,,,,,,,,,,,,,,,,media/dcnb.png,0,0,Symb,a,RT,0,0,0,1,8,0,68,0,1,3,99,u,1.571,5,0,u,0,1.571,68,0,68,0,1,,,,,,,,,,,,,
,,,,,,,,,,,,,,,,,332,2,2024-03-28_10h27.22.721,Symbol-E,2020.1.3,MacIntel,Firefox,Mozilla/5.0 (Macintosh; Intel Mac OS X 10.13; rv:109.0) Gecko/20100101 Firefox/115.0,60,,,,,,,,,,,,,,,,,,,,,,,,,,,,,,,,,,,,,,media/dnnb.png,7,3,Symb,l,RT,0,0,0,1,8,0,69,0,1,3,99,l,1.471,7,1,l,1,1.471,69,0,69,0,1,,,,,,,,,,,,,
,,,,,,,,,,,,,,,,,332,2,2024-03-28_10h27.22.721,Symbol-E,2020.1.3,MacIntel,Firefox,Mozilla/5.0 (Macintosh; Intel Mac OS X 10.13; rv:109.0) Gecko/20100101 Firefox/115.0,60,,,,,,,,,,,,,,,,,,,,,,,,,,,,,,,,,,,,,,media/ddnb.png,5,1,Symb,u,RT,0,0,0,1,8,0,70,0,1,3,99,u,1.186,5,1,u,1,1.186,70,0,70,0,1,,,,,,,,,,,,,
,,,,,,,,,,,,,,,,,332,2,2024-03-28_10h27.22.721,Symbol-E,2020.1.3,MacIntel,Firefox,Mozilla/5.0 (Macintosh; Intel Mac OS X 10.13; rv:109.0) Gecko/20100101 Firefox/115.0,60,,,,,,,,,,,,,,,,,,,,,,,,,,,,,,,,,,,,,,media/dinb.png,6,2,Symb,i,RT,0,0,0,1,8,0,71,0,1,3,99,i,0.604,6,1,i,1,0.604,71,0,71,0,1,,,,,,,,,,,,,
,,,,,,,,,,,,,,,,,332,2,2024-03-28_10h27.22.721,Symbol-E,2020.1.3,MacIntel,Firefox,Mozilla/5.0 (Macintosh; Intel Mac OS X 10.13; rv:109.0) Gecko/20100101 Firefox/115.0,60,,,,,,,,,,,,,,,,,,,,,,,,,,,,,,,,,,,,,,media/dfnb.png,3,3,Symb,f,RT,0,0,0,1,8,0,72,0,1,3,99,h,1.472,4,0,h,0,1.472,72,0,72,0,1,,,,,,,,,,,,,
,,,,,,,,,,,,,,,,,332,2,2024-03-28_10h27.22.721,Symbol-E,2020.1.3,MacIntel,Firefox,Mozilla/5.0 (Macintosh; Intel Mac OS X 10.13; rv:109.0) Gecko/20100101 Firefox/115.0,60,,,,,,,,,,,,,,,,,,,,,,,,,,,,,,,,,,,,,,media/dgnb.png,2,2,Symb,e,RT,0,0,0,1,8,0,73,0,1,3,99,e,1.254,2,1,e,1,1.254,73,0,73,0,1,,,,,,,,,,,,,
,,,,,,,,,,,,,,,,,332,2,2024-03-28_10h27.22.721,Symbol-E,2020.1.3,MacIntel,Firefox,Mozilla/5.0 (Macintosh; Intel Mac OS X 10.13; rv:109.0) Gecko/20100101 Firefox/115.0,60,,,,,,,,,,,,,,,,,,,,,,,,,,,,,,,,,,,,,,media/dnnb.png,7,3,Symb,l,RT,0,0,0,1,8,0,74,0,1,3,99,l,1.042,7,1,l,1,1.042,74,0,74,0,1,,,,,,,,,,,,,
,,,,,,,,,,,,,,,,,332,2,2024-03-28_10h27.22.721,Symbol-E,2020.1.3,MacIntel,Firefox,Mozilla/5.0 (Macintosh; Intel Mac OS X 10.13; rv:109.0) Gecko/20100101 Firefox/115.0,60,,,,,,,,,,,,,,,,,,,,,,,,,,,,,,,,,,,,,,media/dmnb.png,4,0,Symb,h,RT,0,0,0,1,8,0,75,0,1,3,99,f,1.788,3,0,f,0,1.788,75,0,75,0,1,,,,,,,,,,,,,
,,,,,,,,,,,,,,,,,332,2,2024-03-28_10h27.22.721,Symbol-E,2020.1.3,MacIntel,Firefox,Mozilla/5.0 (Macintosh; Intel Mac OS X 10.13; rv:109.0) Gecko/20100101 Firefox/115.0,60,,,,,,,,,,,,,,,,,,,,,,,,,,,,,,,,,,,,,,media/djnb.png,1,1,Symb,w,RT,0,0,0,1,8,0,76,0,1,3,99,w,1.34,1,1,w,1,1.34,76,0,76,0,1,,,,,,,,,,,,,
,,,,,,,,,,,,,,,,,332,2,2024-03-28_10h27.22.721,Symbol-E,2020.1.3,MacIntel,Firefox,Mozilla/5.0 (Macintosh; Intel Mac OS X 10.13; rv:109.0) Gecko/20100101 Firefox/115.0,60,,,,,,,,,,,,,,,,,,,,,,,,,,,,,,,,,,,,,,media/dfnb.png,3,3,Symb,f,RT,0,0,0,1,8,0,77,0,1,3,99,f,0.941,3,1,f,1,0.941,77,0,77,0,1,,,,,,,,,,,,,
,,,,,,,,,,,,,,,,,332,2,2024-03-28_10h27.22.721,Symbol-E,2020.1.3,MacIntel,Firefox,Mozilla/5.0 (Macintosh; Intel Mac OS X 10.13; rv:109.0) Gecko/20100101 Firefox/115.0,60,,,,,,,,,,,,,,,,,,,,,,,,,,,,,,,,,,,,,,media/dgnb.png,2,2,Symb,e,RT,0,0,0,1,8,0,78,0,1,3,99,e,1.089,2,1,e,1,1.089,78,0,78,0,1,,,,,,,,,,,,,
,,,,,,,,,,,,,,,,,332,2,2024-03-28_10h27.22.721,Symbol-E,2020.1.3,MacIntel,Firefox,Mozilla/5.0 (Macintosh; Intel Mac OS X 10.13; rv:109.0) Gecko/20100101 Firefox/115.0,60,,,,,,,,,,,,,,,,,,,,,,,,,,,,,,,,,,,,,,media/djnb.png,1,1,Symb,w,RT,0,0,0,1,8,0,79,0,1,3,99,w,4.347,1,1,w,1,4.347,79,0,79,0,1,,,,,,,,,,,,,
,,,,,,,,,,,,,,,,,332,2,2024-03-28_10h27.22.721,Symbol-E,2020.1.3,MacIntel,Firefox,Mozilla/5.0 (Macintosh; Intel Mac OS X 10.13; rv:109.0) Gecko/20100101 Firefox/115.0,60,,,,,,,,,,,,,,,,,,,,,,,,,,,,,,,,,,,,,,media/ddnb.png,5,1,Symb,u,RT,0,0,0,1,8,0,80,0,1,3,99,u,1.136,5,1,u,1,1.136,80,0,80,0,1,,,,,,,,,,,,,
,,,,,,,,,,,,,,,,,332,2,2024-03-28_10h27.22.721,Symbol-E,2020.1.3,MacIntel,Firefox,Mozilla/5.0 (Macintosh; Intel Mac OS X 10.13; rv:109.0) Gecko/20100101 Firefox/115.0,60,,,,,,,,,,,,,,,,,,,,,,,,,,,,,,,,,,,,,,media/dnnb.png,7,3,Symb,l,RT,0,0,0,1,8,0,81,0,1,3,99,l,0.939,7,1,l,1,0.939,81,0,81,0,1,,,,,,,,,,,,,
,,,,,,,,,,,,,,,,,332,2,2024-03-28_10h27.22.721,Symbol-E,2020.1.3,MacIntel,Firefox,Mozilla/5.0 (Macintosh; Intel Mac OS X 10.13; rv:109.0) Gecko/20100101 Firefox/115.0,60,,,,,,,,,,,,,,,,,,,,,,,,,,,,,,,,,,,,,,media/dgnb.png,2,2,Symb,e,RT,0,0,0,1,8,0,82,0,1,3,99,e,0.87,2,1,e,1,0.87,82,0,82,0,1,,,,,,,,,,,,,
,,,,,,,,,,,,,,,,,332,2,2024-03-28_10h27.22.721,Symbol-E,2020.1.3,MacIntel,Firefox,Mozilla/5.0 (Macintosh; Intel Mac OS X 10.13; rv:109.0) Gecko/20100101 Firefox/115.0,60,,,,,,,,,,,,,,,,,,,,,,,,,,,,,,,,,,,,,,media/djnb.png,1,1,Symb,w,RT,0,0,0,1,8,0,83,0,1,3,99,w,0.74,1,1,w,1,0.74,83,0,83,0,1,,,,,,,,,,,,,
,,,,,,,,,,,,,,,,,332,2,2024-03-28_10h27.22.721,Symbol-E,2020.1.3,MacIntel,Firefox,Mozilla/5.0 (Macintosh; Intel Mac OS X 10.13; rv:109.0) Gecko/20100101 Firefox/115.0,60,,,,,,,,,,,,,,,,,,,,,,,,,,,,,,,,,,,,,,media/ddnb.png,5,1,Symb,u,RT,0,0,0,1,8,0,84,0,1,3,99,u,0.954,5,1,u,1,0.954,84,0,84,0,1,,,,,,,,,,,,,
,,,,,,,,,,,,,,,,,332,2,2024-03-28_10h27.22.721,Symbol-E,2020.1.3,MacIntel,Firefox,Mozilla/5.0 (Macintosh; Intel Mac OS X 10.13; rv:109.0) Gecko/20100101 Firefox/115.0,60,,,,,,,,,,,,,,,,,,,,,,,,,,,,,,,,,,,,,,media/dnnb.png,7,3,Symb,l,RT,0,0,0,1,8,0,85,0,1,3,99,l,0.89,7,1,l,1,0.89,85,0,85,0,1,,,,,,,,,,,,,
,,,,,,,,,,,,,,,,,332,2,2024-03-28_10h27.22.721,Symbol-E,2020.1.3,MacIntel,Firefox,Mozilla/5.0 (Macintosh; Intel Mac OS X 10.13; rv:109.0) Gecko/20100101 Firefox/115.0,60,,,,,,,,,,,,,,,,,,,,,,,,,,,,,,,,,,,,,,media/dcnb.png,0,0,Symb,a,RT,0,0,0,1,8,0,86,0,1,3,99,a,1.353,0,1,a,1,1.353,86,0,86,0,1,,,,,,,,,,,,,
,,,,,,,,,,,,,,,,,332,2,2024-03-28_10h27.22.721,Symbol-E,2020.1.3,MacIntel,Firefox,Mozilla/5.0 (Macintosh; Intel Mac OS X 10.13; rv:109.0) Gecko/20100101 Firefox/115.0,60,,,,,,,,,,,,,,,,,,,,,,,,,,,,,,,,,,,,,,media/djnb.png,1,1,Symb,w,RT,0,0,0,1,8,0,87,0,1,3,99,w,0.771,1,1,w,1,0.771,87,0,87,0,1,,,,,,,,,,,,,
,,,,,,,,,,,,,,,,,332,2,2024-03-28_10h27.22.721,Symbol-E,2020.1.3,MacIntel,Firefox,Mozilla/5.0 (Macintosh; Intel Mac OS X 10.13; rv:109.0) Gecko/20100101 Firefox/115.0,60,,,,,,,,,,,,,,,,,,,,,,,,,,,,,,,,,,,,,,media/dfnb.png,3,3,Symb,f,RT,0,0,0,1,8,0,88,0,1,3,99,f,1.154,3,1,f,1,1.154,88,0,88,0,1,,,,,,,,,,,,,
,,,,,,,,,,,,,,,,,332,2,2024-03-28_10h27.22.721,Symbol-E,2020.1.3,MacIntel,Firefox,Mozilla/5.0 (Macintosh; Intel Mac OS X 10.13; rv:109.0) Gecko/20100101 Firefox/115.0,60,,,,,,,,,,,,,,,,,,,,,,,,,,,,,,,,,,,,,,media/dfnb.png,3,3,Symb,f,RT,0,0,0,1,8,0,89,0,1,3,99,f,0.454,3,1,f,1,0.454,89,0,89,0,1,,,,,,,,,,,,,
,,,,,,,,,,,,,,,,,332,2,2024-03-28_10h27.22.721,Symbol-E,2020.1.3,MacIntel,Firefox,Mozilla/5.0 (Macintosh; Intel Mac OS X 10.13; rv:109.0) Gecko/20100101 Firefox/115.0,60,,,,,,,,,,,,,,,,,,,,,,,,,,,,,,,,,,,,,,media/dinb.png,6,2,Symb,i,RT,0,0,0,1,8,0,90,0,1,3,99,i,0.902,6,1,i,1,0.902,90,0,90,0,1,,,,,,,,,,,,,
,,,,,,,,,,,,,,,,,332,2,2024-03-28_10h27.22.721,Symbol-E,2020.1.3,MacIntel,Firefox,Mozilla/5.0 (Macintosh; Intel Mac OS X 10.13; rv:109.0) Gecko/20100101 Firefox/115.0,60,,,,,,,,,,,,,,,,,,,,,,,,,,,,,,,,,,,,,,media/dmnb.png,4,0,Symb,h,RT,0,0,0,1,8,0,91,0,1,3,99,h,4.128,4,1,h,1,4.128,91,0,91,0,1,,,,,,,,,,,,,
,,,,,,,,,,,,,,,,,332,2,2024-03-28_10h27.22.721,Symbol-E,2020.1.3,MacIntel,Firefox,Mozilla/5.0 (Macintosh; Intel Mac OS X 10.13; rv:109.0) Gecko/20100101 Firefox/115.0,60,,,,,,,,,,,,,,,,,,,,,,,,,,,,,,,,,,,,,,media/dmnb.png,4,0,Symb,h,RT,0,0,0,1,8,0,92,0,1,3,99,h,0.473,4,1,h,1,0.473,92,0,92,0,1,,,,,,,,,,,,,
,,,,,,,,,,,,,,,,,332,2,2024-03-28_10h27.22.721,Symbol-E,2020.1.3,MacIntel,Firefox,Mozilla/5.0 (Macintosh; Intel Mac OS X 10.13; rv:109.0) Gecko/20100101 Firefox/115.0,60,,,,,,,,,,,,,,,,,,,,,,,,,,,,,,,,,,,,,,media/dcnb.png,0,0,Symb,a,RT,0,0,0,1,8,0,93,0,1,3,99,a,0.787,0,1,a,1,0.787,93,0,93,0,1,,,,,,,,,,,,,
,,,,,,,,,,,,,,,,,332,2,2024-03-28_10h27.22.721,Symbol-E,2020.1.3,MacIntel,Firefox,Mozilla/5.0 (Macintosh; Intel Mac OS X 10.13; rv:109.0) Gecko/20100101 Firefox/115.0,60,,,,,,,,,,,,,,,,,,,,,,,,,,,,,,,,,,,,,,media/dgnb.png,2,2,Symb,e,RT,0,0,0,1,8,0,94,0,1,3,99,e,0.87,2,1,e,1,0.87,94,0,94,0,1,,,,,,,,,,,,,
,,,,,,,,,,,,,,,,,332,2,2024-03-28_10h27.22.721,Symbol-E,2020.1.3,MacIntel,Firefox,Mozilla/5.0 (Macintosh; Intel Mac OS X 10.13; rv:109.0) Gecko/20100101 Firefox/115.0,60,,,,,,,,,,,,,,,,,,,,,,,,,,,,,,,,,,,,,,media/dinb.png,6,2,Symb,i,RT,0,0,0,1,8,0,95,0,1,3,99,i,0.77,6,1,i,1,0.77,95,0,95,0,1,,,,,,,,,,,,,
,,,,,,,,,,,,,,,,,332,2,2024-03-28_10h27.22.721,Symbol-E,2020.1.3,MacIntel,Firefox,Mozilla/5.0 (Macintosh; Intel Mac OS X 10.13; rv:109.0) Gecko/20100101 Firefox/115.0,60,,,,,,,,,,,,,,,,,,,,,,,,,,,,,,,,,,,,,,,,,,,,,,,,,,,,,,,,,,,,,,,,,,,2,0,2,0,1,,,,,,,,
,,,,,,,,,,,,,,,,,332,2,2024-03-28_10h27.22.721,Symbol-E,2020.1.3,MacIntel,Firefox,Mozilla/5.0 (Macintosh; Intel Mac OS X 10.13; rv:109.0) Gecko/20100101 Firefox/115.0,60,,,,,,,,,,,,,,,,,,,,,,,,,,,,,,,,,,,,h,0.084,media/dmnb.png,4,0,Symb,h,RT,0,0,0,1,8,0,0,0,1,4,99,h,0.802,4,1,h,1,0.802,0,0,0,0,1,,,,,,,,,,,,,
,,,,,,,,,,,,,,,,,332,2,2024-03-28_10h27.22.721,Symbol-E,2020.1.3,MacIntel,Firefox,Mozilla/5.0 (Macintosh; Intel Mac OS X 10.13; rv:109.0) Gecko/20100101 Firefox/115.0,60,,,,,,,,,,,,,,,,,,,,,,,,,,,,,,,,,,,,,,media/dcnb.png,0,0,Symb,a,RT,0,0,0,1,8,0,1,0,1,4,99,a,4.377,0,1,a,1,4.377,1,0,1,0,1,,,,,,,,,,,,,
,,,,,,,,,,,,,,,,,332,2,2024-03-28_10h27.22.721,Symbol-E,2020.1.3,MacIntel,Firefox,Mozilla/5.0 (Macintosh; Intel Mac OS X 10.13; rv:109.0) Gecko/20100101 Firefox/115.0,60,,,,,,,,,,,,,,,,,,,,,,,,,,,,,,,,,,,,,,media/dnnb.png,7,3,Symb,l,RT,0,0,0,1,8,0,2,0,1,4,99,l,1.224,7,1,l,1,1.224,2,0,2,0,1,,,,,,,,,,,,,
,,,,,,,,,,,,,,,,,332,2,2024-03-28_10h27.22.721,Symbol-E,2020.1.3,MacIntel,Firefox,Mozilla/5.0 (Macintosh; Intel Mac OS X 10.13; rv:109.0) Gecko/20100101 Firefox/115.0,60,,,,,,,,,,,,,,,,,,,,,,,,,,,,,,,,,,,,,,media/ddnb.png,5,1,Symb,u,RT,0,0,0,1,8,0,3,0,1,4,99,u,1.07,5,1,u,1,1.07,3,0,3,0,1,,,,,,,,,,,,,
,,,,,,,,,,,,,,,,,332,2,2024-03-28_10h27.22.721,Symbol-E,2020.1.3,MacIntel,Firefox,Mozilla/5.0 (Macintosh; Intel Mac OS X 10.13; rv:109.0) Gecko/20100101 Firefox/115.0,60,,,,,,,,,,,,,,,,,,,,,,,,,,,,,,,,,,,,,,media/ddnb.png,5,1,Symb,u,RT,0,0,0,1,8,0,4,0,1,4,99,u,0.435,5,1,u,1,0.435,4,0,4,0,1,,,,,,,,,,,,,
,,,,,,,,,,,,,,,,,332,2,2024-03-28_10h27.22.721,Symbol-E,2020.1.3,MacIntel,Firefox,Mozilla/5.0 (Macintosh; Intel Mac OS X 10.13; rv:109.0) Gecko/20100101 Firefox/115.0,60,,,,,,,,,,,,,,,,,,,,,,,,,,,,,,,,,,,,,,media/dmnb.png,4,0,Symb,h,RT,0,0,0,1,8,0,5,0,1,4,99,h,0.836,4,1,h,1,0.836,5,0,5,0,1,,,,,,,,,,,,,
,,,,,,,,,,,,,,,,,332,2,2024-03-28_10h27.22.721,Symbol-E,2020.1.3,MacIntel,Firefox,Mozilla/5.0 (Macintosh; Intel Mac OS X 10.13; rv:109.0) Gecko/20100101 Firefox/115.0,60,,,,,,,,,,,,,,,,,,,,,,,,,,,,,,,,,,,,,,media/djnb.png,1,1,Symb,w,RT,0,0,0,1,8,0,6,0,1,4,99,w,0.886,1,1,w,1,0.886,6,0,6,0,1,,,,,,,,,,,,,
,,,,,,,,,,,,,,,,,332,2,2024-03-28_10h27.22.721,Symbol-E,2020.1.3,MacIntel,Firefox,Mozilla/5.0 (Macintosh; Intel Mac OS X 10.13; rv:109.0) Gecko/20100101 Firefox/115.0,60,,,,,,,,,,,,,,,,,,,,,,,,,,,,,,,,,,,,,,media/dgnb.png,2,2,Symb,e,RT,0,0,0,1,8,0,7,0,1,4,99,e,0.923,2,1,e,1,0.923,7,0,7,0,1,,,,,,,,,,,,,
,,,,,,,,,,,,,,,,,332,2,2024-03-28_10h27.22.721,Symbol-E,2020.1.3,MacIntel,Firefox,Mozilla/5.0 (Macintosh; Intel Mac OS X 10.13; rv:109.0) Gecko/20100101 Firefox/115.0,60,,,,,,,,,,,,,,,,,,,,,,,,,,,,,,,,,,,,,,media/dgnb.png,2,2,Symb,e,RT,0,0,0,1,8,0,8,0,1,4,99,e,0.437,2,1,e,1,0.437,8,0,8,0,1,,,,,,,,,,,,,
,,,,,,,,,,,,,,,,,332,2,2024-03-28_10h27.22.721,Symbol-E,2020.1.3,MacIntel,Firefox,Mozilla/5.0 (Macintosh; Intel Mac OS X 10.13; rv:109.0) Gecko/20100101 Firefox/115.0,60,,,,,,,,,,,,,,,,,,,,,,,,,,,,,,,,,,,,,,media/dnnb.png,7,3,Symb,l,RT,0,0,0,1,8,0,9,0,1,4,99,l,1.007,7,1,l,1,1.007,9,0,9,0,1,,,,,,,,,,,,,
,,,,,,,,,,,,,,,,,332,2,2024-03-28_10h27.22.721,Symbol-E,2020.1.3,MacIntel,Firefox,Mozilla/5.0 (Macintosh; Intel Mac OS X 10.13; rv:109.0) Gecko/20100101 Firefox/115.0,60,,,,,,,,,,,,,,,,,,,,,,,,,,,,,,,,,,,,,,media/dfnb.png,3,3,Symb,f,RT,0,0,0,1,8,0,10,0,1,4,99,f,1.374,3,1,f,1,1.374,10,0,10,0,1,,,,,,,,,,,,,
,,,,,,,,,,,,,,,,,332,2,2024-03-28_10h27.22.721,Symbol-E,2020.1.3,MacIntel,Firefox,Mozilla/5.0 (Macintosh; Intel Mac OS X 10.13; rv:109.0) Gecko/20100101 Firefox/115.0,60,,,,,,,,,,,,,,,,,,,,,,,,,,,,,,,,,,,,,,media/dinb.png,6,2,Symb,i,RT,0,0,0,1,8,0,11,0,1,4,99,i,0.806,6,1,i,1,0.806,11,0,11,0,1,,,,,,,,,,,,,
,,,,,,,,,,,,,,,,,332,2,2024-03-28_10h27.22.721,Symbol-E,2020.1.3,MacIntel,Firefox,Mozilla/5.0 (Macintosh; Intel Mac OS X 10.13; rv:109.0) Gecko/20100101 Firefox/115.0,60,,,,,,,,,,,,,,,,,,,,,,,,,,,,,,,,,,,,,,media/dcnb.png,0,0,Symb,a,RT,0,0,0,1,8,0,12,0,1,4,99,a,1.17,0,1,a,1,1.17,12,0,12,0,1,,,,,,,,,,,,,
,,,,,,,,,,,,,,,,,332,2,2024-03-28_10h27.22.721,Symbol-E,2020.1.3,MacIntel,Firefox,Mozilla/5.0 (Macintosh; Intel Mac OS X 10.13; rv:109.0) Gecko/20100101 Firefox/115.0,60,,,,,,,,,,,,,,,,,,,,,,,,,,,,,,,,,,,,,,media/dfnb.png,3,3,Symb,f,RT,0,0,0,1,8,0,13,0,1,4,99,f,2.393,3,1,f,1,2.393,13,0,13,0,1,,,,,,,,,,,,,
,,,,,,,,,,,,,,,,,332,2,2024-03-28_10h27.22.721,Symbol-E,2020.1.3,MacIntel,Firefox,Mozilla/5.0 (Macintosh; Intel Mac OS X 10.13; rv:109.0) Gecko/20100101 Firefox/115.0,60,,,,,,,,,,,,,,,,,,,,,,,,,,,,,,,,,,,,,,media/dinb.png,6,2,Symb,i,RT,0,0,0,1,8,0,14,0,1,4,99,i,0.769,6,1,i,1,0.769,14,0,14,0,1,,,,,,,,,,,,,
,,,,,,,,,,,,,,,,,332,2,2024-03-28_10h27.22.721,Symbol-E,2020.1.3,MacIntel,Firefox,Mozilla/5.0 (Macintosh; Intel Mac OS X 10.13; rv:109.0) Gecko/20100101 Firefox/115.0,60,,,,,,,,,,,,,,,,,,,,,,,,,,,,,,,,,,,,,,media/djnb.png,1,1,Symb,w,RT,0,0,0,1,8,0,15,0,1,4,99,w,0.753,1,1,w,1,0.753,15,0,15,0,1,,,,,,,,,,,,,
,,,,,,,,,,,,,,,,,332,2,2024-03-28_10h27.22.721,Symbol-E,2020.1.3,MacIntel,Firefox,Mozilla/5.0 (Macintosh; Intel Mac OS X 10.13; rv:109.0) Gecko/20100101 Firefox/115.0,60,,,,,,,,,,,,,,,,,,,,,,,,,,,,,,,,,,,,,,media/dinb.png,6,2,Symb,i,RT,0,0,0,1,8,0,16,0,1,4,99,i,0.635,6,1,i,1,0.635,16,0,16,0,1,,,,,,,,,,,,,
,,,,,,,,,,,,,,,,,332,2,2024-03-28_10h27.22.721,Symbol-E,2020.1.3,MacIntel,Firefox,Mozilla/5.0 (Macintosh; Intel Mac OS X 10.13; rv:109.0) Gecko/20100101 Firefox/115.0,60,,,,,,,,,,,,,,,,,,,,,,,,,,,,,,,,,,,,,,media/ddnb.png,5,1,Symb,u,RT,0,0,0,1,8,0,17,0,1,4,99,u,0.938,5,1,u,1,0.938,17,0,17,0,1,,,,,,,,,,,,,
,,,,,,,,,,,,,,,,,332,2,2024-03-28_10h27.22.721,Symbol-E,2020.1.3,MacIntel,Firefox,Mozilla/5.0 (Macintosh; Intel Mac OS X 10.13; rv:109.0) Gecko/20100101 Firefox/115.0,60,,,,,,,,,,,,,,,,,,,,,,,,,,,,,,,,,,,,,,media/dnnb.png,7,3,Symb,l,RT,0,0,0,1,8,0,18,0,1,4,99,l,1.04,7,1,l,1,1.04,18,0,18,0,1,,,,,,,,,,,,,
,,,,,,,,,,,,,,,,,332,2,2024-03-28_10h27.22.721,Symbol-E,2020.1.3,MacIntel,Firefox,Mozilla/5.0 (Macintosh; Intel Mac OS X 10.13; rv:109.0) Gecko/20100101 Firefox/115.0,60,,,,,,,,,,,,,,,,,,,,,,,,,,,,,,,,,,,,,,media/dmnb.png,4,0,Symb,h,RT,0,0,0,1,8,0,19,0,1,4,99,h,0.871,4,1,h,1,0.871,19,0,19,0,1,,,,,,,,,,,,,
,,,,,,,,,,,,,,,,,332,2,2024-03-28_10h27.22.721,Symbol-E,2020.1.3,MacIntel,Firefox,Mozilla/5.0 (Macintosh; Intel Mac OS X 10.13; rv:109.0) Gecko/20100101 Firefox/115.0,60,,,,,,,,,,,,,,,,,,,,,,,,,,,,,,,,,,,,,,media/dfnb.png,3,3,Symb,f,RT,0,0,0,1,8,0,20,0,1,4,99,f,1.188,3,1,f,1,1.188,20,0,20,0,1,,,,,,,,,,,,,
,,,,,,,,,,,,,,,,,332,2,2024-03-28_10h27.22.721,Symbol-E,2020.1.3,MacIntel,Firefox,Mozilla/5.0 (Macintosh; Intel Mac OS X 10.13; rv:109.0) Gecko/20100101 Firefox/115.0,60,,,,,,,,,,,,,,,,,,,,,,,,,,,,,,,,,,,,,,media/dgnb.png,2,2,Symb,e,RT,0,0,0,1,8,0,21,0,1,4,99,e,1.287,2,1,e,1,1.287,21,0,21,0,1,,,,,,,,,,,,,
,,,,,,,,,,,,,,,,,332,2,2024-03-28_10h27.22.721,Symbol-E,2020.1.3,MacIntel,Firefox,Mozilla/5.0 (Macintosh; Intel Mac OS X 10.13; rv:109.0) Gecko/20100101 Firefox/115.0,60,,,,,,,,,,,,,,,,,,,,,,,,,,,,,,,,,,,,,,media/dcnb.png,0,0,Symb,a,RT,0,0,0,1,8,0,22,0,1,4,99,a,0.788,0,1,a,1,0.788,22,0,22,0,1,,,,,,,,,,,,,
,,,,,,,,,,,,,,,,,332,2,2024-03-28_10h27.22.721,Symbol-E,2020.1.3,MacIntel,Firefox,Mozilla/5.0 (Macintosh; Intel Mac OS X 10.13; rv:109.0) Gecko/20100101 Firefox/115.0,60,,,,,,,,,,,,,,,,,,,,,,,,,,,,,,,,,,,,,,media/dgnb.png,2,2,Symb,e,RT,0,0,0,1,8,0,23,0,1,4,99,e,0.739,2,1,e,1,0.739,23,0,23,0,1,,,,,,,,,,,,,
,,,,,,,,,,,,,,,,,332,2,2024-03-28_10h27.22.721,Symbol-E,2020.1.3,MacIntel,Firefox,Mozilla/5.0 (Macintosh; Intel Mac OS X 10.13; rv:109.0) Gecko/20100101 Firefox/115.0,60,,,,,,,,,,,,,,,,,,,,,,,,,,,,,,,,,,,,,,media/dmnb.png,4,0,Symb,h,RT,0,0,0,1,8,0,24,0,1,4,99,h,0.888,4,1,h,1,0.888,24,0,24,0,1,,,,,,,,,,,,,
,,,,,,,,,,,,,,,,,332,2,2024-03-28_10h27.22.721,Symbol-E,2020.1.3,MacIntel,Firefox,Mozilla/5.0 (Macintosh; Intel Mac OS X 10.13; rv:109.0) Gecko/20100101 Firefox/115.0,60,,,,,,,,,,,,,,,,,,,,,,,,,,,,,,,,,,,,,,media/dnnb.png,7,3,Symb,l,RT,0,0,0,1,8,0,25,0,1,4,99,l,0.871,7,1,l,1,0.871,25,0,25,0,1,,,,,,,,,,,,,
,,,,,,,,,,,,,,,,,332,2,2024-03-28_10h27.22.721,Symbol-E,2020.1.3,MacIntel,Firefox,Mozilla/5.0 (Macintosh; Intel Mac OS X 10.13; rv:109.0) Gecko/20100101 Firefox/115.0,60,,,,,,,,,,,,,,,,,,,,,,,,,,,,,,,,,,,,,,media/djnb.png,1,1,Symb,w,RT,0,0,0,1,8,0,26,0,1,4,99,w,0.705,1,1,w,1,0.705,26,0,26,0,1,,,,,,,,,,,,,
,,,,,,,,,,,,,,,,,332,2,2024-03-28_10h27.22.721,Symbol-E,2020.1.3,MacIntel,Firefox,Mozilla/5.0 (Macintosh; Intel Mac OS X 10.13; rv:109.0) Gecko/20100101 Firefox/115.0,60,,,,,,,,,,,,,,,,,,,,,,,,,,,,,,,,,,,,,,media/djnb.png,1,1,Symb,w,RT,0,0,0,1,8,0,27,0,1,4,99,w,0.451,1,1,w,1,0.451,27,0,27,0,1,,,,,,,,,,,,,
,,,,,,,,,,,,,,,,,332,2,2024-03-28_10h27.22.721,Symbol-E,2020.1.3,MacIntel,Firefox,Mozilla/5.0 (Macintosh; Intel Mac OS X 10.13; rv:109.0) Gecko/20100101 Firefox/115.0,60,,,,,,,,,,,,,,,,,,,,,,,,,,,,,,,,,,,,,,media/dcnb.png,0,0,Symb,a,RT,0,0,0,1,8,0,28,0,1,4,99,a,0.736,0,1,a,1,0.736,28,0,28,0,1,,,,,,,,,,,,,
,,,,,,,,,,,,,,,,,332,2,2024-03-28_10h27.22.721,Symbol-E,2020.1.3,MacIntel,Firefox,Mozilla/5.0 (Macintosh; Intel Mac OS X 10.13; rv:109.0) Gecko/20100101 Firefox/115.0,60,,,,,,,,,,,,,,,,,,,,,,,,,,,,,,,,,,,,,,media/dfnb.png,3,3,Symb,f,RT,0,0,0,1,8,0,29,0,1,4,99,h,1.156,4,0,h,0,1.156,29,0,29,0,1,,,,,,,,,,,,,
,,,,,,,,,,,,,,,,,332,2,2024-03-28_10h27.22.721,Symbol-E,2020.1.3,MacIntel,Firefox,Mozilla/5.0 (Macintosh; Intel Mac OS X 10.13; rv:109.0) Gecko/20100101 Firefox/115.0,60,,,,,,,,,,,,,,,,,,,,,,,,,,,,,,,,,,,,,,media/dinb.png,6,2,Symb,i,RT,0,0,0,1,8,0,30,0,1,4,99,i,1.19,6,1,i,1,1.19,30,0,30,0,1,,,,,,,,,,,,,
,,,,,,,,,,,,,,,,,332,2,2024-03-28_10h27.22.721,Symbol-E,2020.1.3,MacIntel,Firefox,Mozilla/5.0 (Macintosh; Intel Mac OS X 10.13; rv:109.0) Gecko/20100101 Firefox/115.0,60,,,,,,,,,,,,,,,,,,,,,,,,,,,,,,,,,,,,,,media/ddnb.png,5,1,Symb,u,RT,0,0,0,1,8,0,31,0,1,4,99,u,0.987,5,1,u,1,0.987,31,0,31,0,1,,,,,,,,,,,,,
,,,,,,,,,,,,,,,,,332,2,2024-03-28_10h27.22.721,Symbol-E,2020.1.3,MacIntel,Firefox,Mozilla/5.0 (Macintosh; Intel Mac OS X 10.13; rv:109.0) Gecko/20100101 Firefox/115.0,60,,,,,,,,,,,,,,,,,,,,,,,,,,,,,,,,,,,,,,media/djnb.png,1,1,Symb,w,RT,0,0,0,1,8,0,32,0,1,4,99,w,0.921,1,1,w,1,0.921,32,0,32,0,1,,,,,,,,,,,,,
,,,,,,,,,,,,,,,,,332,2,2024-03-28_10h27.22.721,Symbol-E,2020.1.3,MacIntel,Firefox,Mozilla/5.0 (Macintosh; Intel Mac OS X 10.13; rv:109.0) Gecko/20100101 Firefox/115.0,60,,,,,,,,,,,,,,,,,,,,,,,,,,,,,,,,,,,,,,media/dfnb.png,3,3,Symb,f,RT,0,0,0,1,8,0,33,0,1,4,99,f,1.671,3,1,f,1,1.671,33,0,33,0,1,,,,,,,,,,,,,
,,,,,,,,,,,,,,,,,332,2,2024-03-28_10h27.22.721,Symbol-E,2020.1.3,MacIntel,Firefox,Mozilla/5.0 (Macintosh; Intel Mac OS X 10.13; rv:109.0) Gecko/20100101 Firefox/115.0,60,,,,,,,,,,,,,,,,,,,,,,,,,,,,,,,,,,,,,,media/dmnb.png,4,0,Symb,h,RT,0,0,0,1,8,0,34,0,1,4,99,h,2.792,4,1,h,1,2.792,34,0,34,0,1,,,,,,,,,,,,,
,,,,,,,,,,,,,,,,,332,2,2024-03-28_10h27.22.721,Symbol-E,2020.1.3,MacIntel,Firefox,Mozilla/5.0 (Macintosh; Intel Mac OS X 10.13; rv:109.0) Gecko/20100101 Firefox/115.0,60,,,,,,,,,,,,,,,,,,,,,,,,,,,,,,,,,,,,,,media/djnb.png,1,1,Symb,w,RT,0,0,0,1,8,0,35,0,1,4,99,w,0.991,1,1,w,1,0.991,35,0,35,0,1,,,,,,,,,,,,,
,,,,,,,,,,,,,,,,,332,2,2024-03-28_10h27.22.721,Symbol-E,2020.1.3,MacIntel,Firefox,Mozilla/5.0 (Macintosh; Intel Mac OS X 10.13; rv:109.0) Gecko/20100101 Firefox/115.0,60,,,,,,,,,,,,,,,,,,,,,,,,,,,,,,,,,,,,,,media/ddnb.png,5,1,Symb,u,RT,0,0,0,1,8,0,36,0,1,4,99,u,0.954,5,1,u,1,0.954,36,0,36,0,1,,,,,,,,,,,,,
,,,,,,,,,,,,,,,,,332,2,2024-03-28_10h27.22.721,Symbol-E,2020.1.3,MacIntel,Firefox,Mozilla/5.0 (Macintosh; Intel Mac OS X 10.13; rv:109.0) Gecko/20100101 Firefox/115.0,60,,,,,,,,,,,,,,,,,,,,,,,,,,,,,,,,,,,,,,media/dinb.png,6,2,Symb,i,RT,0,0,0,1,8,0,37,0,1,4,99,i,0.689,6,1,i,1,0.689,37,0,37,0,1,,,,,,,,,,,,,
,,,,,,,,,,,,,,,,,332,2,2024-03-28_10h27.22.721,Symbol-E,2020.1.3,MacIntel,Firefox,Mozilla/5.0 (Macintosh; Intel Mac OS X 10.13; rv:109.0) Gecko/20100101 Firefox/115.0,60,,,,,,,,,,,,,,,,,,,,,,,,,,,,,,,,,,,,,,media/dfnb.png,3,3,Symb,f,RT,0,0,0,1,8,0,38,0,1,4,99,f,1.051,3,1,f,1,1.051,38,0,38,0,1,,,,,,,,,,,,,
,,,,,,,,,,,,,,,,,332,2,2024-03-28_10h27.22.721,Symbol-E,2020.1.3,MacIntel,Firefox,Mozilla/5.0 (Macintosh; Intel Mac OS X 10.13; rv:109.0) Gecko/20100101 Firefox/115.0,60,,,,,,,,,,,,,,,,,,,,,,,,,,,,,,,,,,,,,,media/ddnb.png,5,1,Symb,u,RT,0,0,0,1,8,0,39,0,1,4,99,u,0.838,5,1,u,1,0.838,39,0,39,0,1,,,,,,,,,,,,,
,,,,,,,,,,,,,,,,,332,2,2024-03-28_10h27.22.721,Symbol-E,2020.1.3,MacIntel,Firefox,Mozilla/5.0 (Macintosh; Intel Mac OS X 10.13; rv:109.0) Gecko/20100101 Firefox/115.0,60,,,,,,,,,,,,,,,,,,,,,,,,,,,,,,,,,,,,,,media/dinb.png,6,2,Symb,i,RT,0,0,0,1,8,0,40,0,1,4,99,i,0.704,6,1,i,1,0.704,40,0,40,0,1,,,,,,,,,,,,,
,,,,,,,,,,,,,,,,,332,2,2024-03-28_10h27.22.721,Symbol-E,2020.1.3,MacIntel,Firefox,Mozilla/5.0 (Macintosh; Intel Mac OS X 10.13; rv:109.0) Gecko/20100101 Firefox/115.0,60,,,,,,,,,,,,,,,,,,,,,,,,,,,,,,,,,,,,,,media/dcnb.png,0,0,Symb,a,RT,0,0,0,1,8,0,41,0,1,4,99,a,0.906,0,1,a,1,0.906,41,0,41,0,1,,,,,,,,,,,,,
,,,,,,,,,,,,,,,,,332,2,2024-03-28_10h27.22.721,Symbol-E,2020.1.3,MacIntel,Firefox,Mozilla/5.0 (Macintosh; Intel Mac OS X 10.13; rv:109.0) Gecko/20100101 Firefox/115.0,60,,,,,,,,,,,,,,,,,,,,,,,,,,,,,,,,,,,,,,media/dnnb.png,7,3,Symb,l,RT,0,0,0,1,8,0,42,0,1,4,99,l,1.003,7,1,l,1,1.003,42,0,42,0,1,,,,,,,,,,,,,
,,,,,,,,,,,,,,,,,332,2,2024-03-28_10h27.22.721,Symbol-E,2020.1.3,MacIntel,Firefox,Mozilla/5.0 (Macintosh; Intel Mac OS X 10.13; rv:109.0) Gecko/20100101 Firefox/115.0,60,,,,,,,,,,,,,,,,,,,,,,,,,,,,,,,,,,,,,,media/dcnb.png,0,0,Symb,a,RT,0,0,0,1,8,0,43,0,1,4,99,a,1.024,0,1,a,1,1.024,43,0,43,0,1,,,,,,,,,,,,,
,,,,,,,,,,,,,,,,,332,2,2024-03-28_10h27.22.721,Symbol-E,2020.1.3,MacIntel,Firefox,Mozilla/5.0 (Macintosh; Intel Mac OS X 10.13; rv:109.0) Gecko/20100101 Firefox/115.0,60,,,,,,,,,,,,,,,,,,,,,,,,,,,,,,,,,,,,,,media/dgnb.png,2,2,Symb,e,RT,0,0,0,1,8,0,44,0,1,4,99,e,2.005,2,1,e,1,2.005,44,0,44,0,1,,,,,,,,,,,,,
,,,,,,,,,,,,,,,,,332,2,2024-03-28_10h27.22.721,Symbol-E,2020.1.3,MacIntel,Firefox,Mozilla/5.0 (Macintosh; Intel Mac OS X 10.13; rv:109.0) Gecko/20100101 Firefox/115.0,60,,,,,,,,,,,,,,,,,,,,,,,,,,,,,,,,,,,,,,media/dmnb.png,4,0,Symb,h,RT,0,0,0,1,8,0,45,0,1,4,99,h,1.589,4,1,h,1,1.589,45,0,45,0,1,,,,,,,,,,,,,
,,,,,,,,,,,,,,,,,332,2,2024-03-28_10h27.22.721,Symbol-E,2020.1.3,MacIntel,Firefox,Mozilla/5.0 (Macintosh; Intel Mac OS X 10.13; rv:109.0) Gecko/20100101 Firefox/115.0,60,,,,,,,,,,,,,,,,,,,,,,,,,,,,,,,,,,,,,,media/dnnb.png,7,3,Symb,l,RT,0,0,0,1,8,0,46,0,1,4,99,l,0.988,7,1,l,1,0.988,46,0,46,0,1,,,,,,,,,,,,,
,,,,,,,,,,,,,,,,,332,2,2024-03-28_10h27.22.721,Symbol-E,2020.1.3,MacIntel,Firefox,Mozilla/5.0 (Macintosh; Intel Mac OS X 10.13; rv:109.0) Gecko/20100101 Firefox/115.0,60,,,,,,,,,,,,,,,,,,,,,,,,,,,,,,,,,,,,,,media/dgnb.png,2,2,Symb,e,RT,0,0,0,1,8,0,47,0,1,4,99,e,1.055,2,1,e,1,1.055,47,0,47,0,1,,,,,,,,,,,,,
,,,,,,,,,,,,,,,,,332,2,2024-03-28_10h27.22.721,Symbol-E,2020.1.3,MacIntel,Firefox,Mozilla/5.0 (Macintosh; Intel Mac OS X 10.13; rv:109.0) Gecko/20100101 Firefox/115.0,60,,,,,,,,,,,,,,,,,,,,,,,,,,,,,,,,,,,,,,media/dfnb.png,3,3,Symb,f,RT,0,0,0,1,8,0,48,0,1,4,99,f,1.573,3,1,f,1,1.573,48,0,48,0,1,,,,,,,,,,,,,
,,,,,,,,,,,,,,,,,332,2,2024-03-28_10h27.22.721,Symbol-E,2020.1.3,MacIntel,Firefox,Mozilla/5.0 (Macintosh; Intel Mac OS X 10.13; rv:109.0) Gecko/20100101 Firefox/115.0,60,,,,,,,,,,,,,,,,,,,,,,,,,,,,,,,,,,,,,,media/dfnb.png,3,3,Symb,f,RT,0,0,0,1,8,0,49,0,1,4,99,f,0.686,3,1,f,1,0.686,49,0,49,0,1,,,,,,,,,,,,,
,,,,,,,,,,,,,,,,,332,2,2024-03-28_10h27.22.721,Symbol-E,2020.1.3,MacIntel,Firefox,Mozilla/5.0 (Macintosh; Intel Mac OS X 10.13; rv:109.0) Gecko/20100101 Firefox/115.0,60,,,,,,,,,,,,,,,,,,,,,,,,,,,,,,,,,,,,,,media/dgnb.png,2,2,Symb,e,RT,0,0,0,1,8,0,50,0,1,4,99,e,1.153,2,1,e,1,1.153,50,0,50,0,1,,,,,,,,,,,,,
,,,,,,,,,,,,,,,,,332,2,2024-03-28_10h27.22.721,Symbol-E,2020.1.3,MacIntel,Firefox,Mozilla/5.0 (Macintosh; Intel Mac OS X 10.13; rv:109.0) Gecko/20100101 Firefox/115.0,60,,,,,,,,,,,,,,,,,,,,,,,,,,,,,,,,,,,,,,media/dcnb.png,0,0,Symb,a,RT,0,0,0,1,8,0,51,0,1,4,99,a,1.172,0,1,a,1,1.172,51,0,51,0,1,,,,,,,,,,,,,
,,,,,,,,,,,,,,,,,332,2,2024-03-28_10h27.22.721,Symbol-E,2020.1.3,MacIntel,Firefox,Mozilla/5.0 (Macintosh; Intel Mac OS X 10.13; rv:109.0) Gecko/20100101 Firefox/115.0,60,,,,,,,,,,,,,,,,,,,,,,,,,,,,,,,,,,,,,,media/ddnb.png,5,1,Symb,u,RT,0,0,0,1,8,0,52,0,1,4,99,u,1.086,5,1,u,1,1.086,52,0,52,0,1,,,,,,,,,,,,,
,,,,,,,,,,,,,,,,,332,2,2024-03-28_10h27.22.721,Symbol-E,2020.1.3,MacIntel,Firefox,Mozilla/5.0 (Macintosh; Intel Mac OS X 10.13; rv:109.0) Gecko/20100101 Firefox/115.0,60,,,,,,,,,,,,,,,,,,,,,,,,,,,,,,,,,,,,,,media/dmnb.png,4,0,Symb,h,RT,0,0,0,1,8,0,53,0,1,4,99,h,1.789,4,1,h,1,1.789,53,0,53,0,1,,,,,,,,,,,,,
,,,,,,,,,,,,,,,,,332,2,2024-03-28_10h27.22.721,Symbol-E,2020.1.3,MacIntel,Firefox,Mozilla/5.0 (Macintosh; Intel Mac OS X 10.13; rv:109.0) Gecko/20100101 Firefox/115.0,60,,,,,,,,,,,,,,,,,,,,,,,,,,,,,,,,,,,,,,media/ddnb.png,5,1,Symb,u,RT,0,0,0,1,8,0,54,0,1,4,99,u,0.986,5,1,u,1,0.986,54,0,54,0,1,,,,,,,,,,,,,
,,,,,,,,,,,,,,,,,332,2,2024-03-28_10h27.22.721,Symbol-E,2020.1.3,MacIntel,Firefox,Mozilla/5.0 (Macintosh; Intel Mac OS X 10.13; rv:109.0) Gecko/20100101 Firefox/115.0,60,,,,,,,,,,,,,,,,,,,,,,,,,,,,,,,,,,,,,,media/dinb.png,6,2,Symb,i,RT,0,0,0,1,8,0,55,0,1,4,99,i,0.891,6,1,i,1,0.891,55,0,55,0,1,,,,,,,,,,,,,
,,,,,,,,,,,,,,,,,332,2,2024-03-28_10h27.22.721,Symbol-E,2020.1.3,MacIntel,Firefox,Mozilla/5.0 (Macintosh; Intel Mac OS X 10.13; rv:109.0) Gecko/20100101 Firefox/115.0,60,,,,,,,,,,,,,,,,,,,,,,,,,,,,,,,,,,,,,,media/djnb.png,1,1,Symb,w,RT,0,0,0,1,8,0,56,0,1,4,99,w,1.053,1,1,w,1,1.053,56,0,56,0,1,,,,,,,,,,,,,
,,,,,,,,,,,,,,,,,332,2,2024-03-28_10h27.22.721,Symbol-E,2020.1.3,MacIntel,Firefox,Mozilla/5.0 (Macintosh; Intel Mac OS X 10.13; rv:109.0) Gecko/20100101 Firefox/115.0,60,,,,,,,,,,,,,,,,,,,,,,,,,,,,,,,,,,,,,,media/dnnb.png,7,3,Symb,l,RT,0,0,0,1,8,0,57,0,1,4,99,l,0.954,7,1,l,1,0.954,57,0,57,0,1,,,,,,,,,,,,,
,,,,,,,,,,,,,,,,,332,2,2024-03-28_10h27.22.721,Symbol-E,2020.1.3,MacIntel,Firefox,Mozilla/5.0 (Macintosh; Intel Mac OS X 10.13; rv:109.0) Gecko/20100101 Firefox/115.0,60,,,,,,,,,,,,,,,,,,,,,,,,,,,,,,,,,,,,,,media/dinb.png,6,2,Symb,i,RT,0,0,0,1,8,0,58,0,1,4,99,i,0.736,6,1,i,1,0.736,58,0,58,0,1,,,,,,,,,,,,,
,,,,,,,,,,,,,,,,,332,2,2024-03-28_10h27.22.721,Symbol-E,2020.1.3,MacIntel,Firefox,Mozilla/5.0 (Macintosh; Intel Mac OS X 10.13; rv:109.0) Gecko/20100101 Firefox/115.0,60,,,,,,,,,,,,,,,,,,,,,,,,,,,,,,,,,,,,,,media/dcnb.png,0,0,Symb,a,RT,0,0,0,1,8,0,59,0,1,4,99,a,0.937,0,1,a,1,0.937,59,0,59,0,1,,,,,,,,,,,,,
,,,,,,,,,,,,,,,,,332,2,2024-03-28_10h27.22.721,Symbol-E,2020.1.3,MacIntel,Firefox,Mozilla/5.0 (Macintosh; Intel Mac OS X 10.13; rv:109.0) Gecko/20100101 Firefox/115.0,60,,,,,,,,,,,,,,,,,,,,,,,,,,,,,,,,,,,,,,media/dgnb.png,2,2,Symb,e,RT,0,0,0,1,8,0,60,0,1,4,99,e,0.936,2,1,e,1,0.936,60,0,60,0,1,,,,,,,,,,,,,
,,,,,,,,,,,,,,,,,332,2,2024-03-28_10h27.22.721,Symbol-E,2020.1.3,MacIntel,Firefox,Mozilla/5.0 (Macintosh; Intel Mac OS X 10.13; rv:109.0) Gecko/20100101 Firefox/115.0,60,,,,,,,,,,,,,,,,,,,,,,,,,,,,,,,,,,,,,,media/dnnb.png,7,3,Symb,l,RT,0,0,0,1,8,0,61,0,1,4,99,l,1.07,7,1,l,1,1.07,61,0,61,0,1,,,,,,,,,,,,,
,,,,,,,,,,,,,,,,,332,2,2024-03-28_10h27.22.721,Symbol-E,2020.1.3,MacIntel,Firefox,Mozilla/5.0 (Macintosh; Intel Mac OS X 10.13; rv:109.0) Gecko/20100101 Firefox/115.0,60,,,,,,,,,,,,,,,,,,,,,,,,,,,,,,,,,,,,,,media/dmnb.png,4,0,Symb,h,RT,0,0,0,1,8,0,62,0,1,4,99,h,1.657,4,1,h,1,1.657,62,0,62,0,1,,,,,,,,,,,,,
,,,,,,,,,,,,,,,,,332,2,2024-03-28_10h27.22.721,Symbol-E,2020.1.3,MacIntel,Firefox,Mozilla/5.0 (Macintosh; Intel Mac OS X 10.13; rv:109.0) Gecko/20100101 Firefox/115.0,60,,,,,,,,,,,,,,,,,,,,,,,,,,,,,,,,,,,,,,media/djnb.png,1,1,Symb,w,RT,0,0,0,1,8,0,63,0,1,4,99,w,0.837,1,1,w,1,0.837,63,0,63,0,1,,,,,,,,,,,,,
,,,,,,,,,,,,,,,,,332,2,2024-03-28_10h27.22.721,Symbol-E,2020.1.3,MacIntel,Firefox,Mozilla/5.0 (Macintosh; Intel Mac OS X 10.13; rv:109.0) Gecko/20100101 Firefox/115.0,60,,,,,,,,,,,,,,,,,,,,,,,,,,,,,,,,,,,,,,media/dnnb.png,7,3,Symb,l,RT,0,0,0,1,8,0,64,0,1,4,99,l,0.99,7,1,l,1,0.99,64,0,64,0,1,,,,,,,,,,,,,
,,,,,,,,,,,,,,,,,332,2,2024-03-28_10h27.22.721,Symbol-E,2020.1.3,MacIntel,Firefox,Mozilla/5.0 (Macintosh; Intel Mac OS X 10.13; rv:109.0) Gecko/20100101 Firefox/115.0,60,,,,,,,,,,,,,,,,,,,,,,,,,,,,,,,,,,,,,,media/djnb.png,1,1,Symb,w,RT,0,0,0,1,8,0,65,0,1,4,99,w,1.12,1,1,w,1,1.12,65,0,65,0,1,,,,,,,,,,,,,
,,,,,,,,,,,,,,,,,332,2,2024-03-28_10h27.22.721,Symbol-E,2020.1.3,MacIntel,Firefox,Mozilla/5.0 (Macintosh; Intel Mac OS X 10.13; rv:109.0) Gecko/20100101 Firefox/115.0,60,,,,,,,,,,,,,,,,,,,,,,,,,,,,,,,,,,,,,,media/dmnb.png,4,0,Symb,h,RT,0,0,0,1,8,0,66,0,1,4,99,h,0.903,4,1,h,1,0.903,66,0,66,0,1,,,,,,,,,,,,,
,,,,,,,,,,,,,,,,,332,2,2024-03-28_10h27.22.721,Symbol-E,2020.1.3,MacIntel,Firefox,Mozilla/5.0 (Macintosh; Intel Mac OS X 10.13; rv:109.0) Gecko/20100101 Firefox/115.0,60,,,,,,,,,,,,,,,,,,,,,,,,,,,,,,,,,,,,,,media/dnnb.png,7,3,Symb,l,RT,0,0,0,1,8,0,67,0,1,4,99,l,1.007,7,1,l,1,1.007,67,0,67,0,1,,,,,,,,,,,,,
,,,,,,,,,,,,,,,,,332,2,2024-03-28_10h27.22.721,Symbol-E,2020.1.3,MacIntel,Firefox,Mozilla/5.0 (Macintosh; Intel Mac OS X 10.13; rv:109.0) Gecko/20100101 Firefox/115.0,60,,,,,,,,,,,,,,,,,,,,,,,,,,,,,,,,,,,,,,media/dinb.png,6,2,Symb,i,RT,0,0,0,1,8,0,68,0,1,4,99,i,0.769,6,1,i,1,0.769,68,0,68,0,1,,,,,,,,,,,,,
,,,,,,,,,,,,,,,,,332,2,2024-03-28_10h27.22.721,Symbol-E,2020.1.3,MacIntel,Firefox,Mozilla/5.0 (Macintosh; Intel Mac OS X 10.13; rv:109.0) Gecko/20100101 Firefox/115.0,60,,,,,,,,,,,,,,,,,,,,,,,,,,,,,,,,,,,,,,media/dfnb.png,3,3,Symb,f,RT,0,0,0,1,8,0,69,0,1,4,99,f,1.588,3,1,f,1,1.588,69,0,69,0,1,,,,,,,,,,,,,
,,,,,,,,,,,,,,,,,332,2,2024-03-28_10h27.22.721,Symbol-E,2020.1.3,MacIntel,Firefox,Mozilla/5.0 (Macintosh; Intel Mac OS X 10.13; rv:109.0) Gecko/20100101 Firefox/115.0,60,,,,,,,,,,,,,,,,,,,,,,,,,,,,,,,,,,,,,,media/dmnb.png,4,0,Symb,h,RT,0,0,0,1,8,0,70,0,1,4,99,h,2.442,4,1,h,1,2.442,70,0,70,0,1,,,,,,,,,,,,,
,,,,,,,,,,,,,,,,,332,2,2024-03-28_10h27.22.721,Symbol-E,2020.1.3,MacIntel,Firefox,Mozilla/5.0 (Macintosh; Intel Mac OS X 10.13; rv:109.0) Gecko/20100101 Firefox/115.0,60,,,,,,,,,,,,,,,,,,,,,,,,,,,,,,,,,,,,,,media/dinb.png,6,2,Symb,i,RT,0,0,0,1,8,0,71,0,1,4,99,i,0.902,6,1,i,1,0.902,71,0,71,0,1,,,,,,,,,,,,,
,,,,,,,,,,,,,,,,,332,2,2024-03-28_10h27.22.721,Symbol-E,2020.1.3,MacIntel,Firefox,Mozilla/5.0 (Macintosh; Intel Mac OS X 10.13; rv:109.0) Gecko/20100101 Firefox/115.0,60,,,,,,,,,,,,,,,,,,,,,,,,,,,,,,,,,,,,,,media/dgnb.png,2,2,Symb,e,RT,0,0,0,1,8,0,72,0,1,4,99,e,0.955,2,1,e,1,0.955,72,0,72,0,1,,,,,,,,,,,,,
,,,,,,,,,,,,,,,,,332,2,2024-03-28_10h27.22.721,Symbol-E,2020.1.3,MacIntel,Firefox,Mozilla/5.0 (Macintosh; Intel Mac OS X 10.13; rv:109.0) Gecko/20100101 Firefox/115.0,60,,,,,,,,,,,,,,,,,,,,,,,,,,,,,,,,,,,,,,media/ddnb.png,5,1,Symb,u,RT,0,0,0,1,8,0,73,0,1,4,99,u,1.605,5,1,u,1,1.605,73,0,73,0,1,,,,,,,,,,,,,
,,,,,,,,,,,,,,,,,332,2,2024-03-28_10h27.22.721,Symbol-E,2020.1.3,MacIntel,Firefox,Mozilla/5.0 (Macintosh; Intel Mac OS X 10.13; rv:109.0) Gecko/20100101 Firefox/115.0,60,,,,,,,,,,,,,,,,,,,,,,,,,,,,,,,,,,,,,,media/ddnb.png,5,1,Symb,u,RT,0,0,0,1,8,0,74,0,1,4,99,u,0.486,5,1,u,1,0.486,74,0,74,0,1,,,,,,,,,,,,,
,,,,,,,,,,,,,,,,,332,2,2024-03-28_10h27.22.721,Symbol-E,2020.1.3,MacIntel,Firefox,Mozilla/5.0 (Macintosh; Intel Mac OS X 10.13; rv:109.0) Gecko/20100101 Firefox/115.0,60,,,,,,,,,,,,,,,,,,,,,,,,,,,,,,,,,,,,,,media/dcnb.png,0,0,Symb,a,RT,0,0,0,1,8,0,75,0,1,4,99,a,1.12,0,1,a,1,1.12,75,0,75,0,1,,,,,,,,,,,,,
,,,,,,,,,,,,,,,,,332,2,2024-03-28_10h27.22.721,Symbol-E,2020.1.3,MacIntel,Firefox,Mozilla/5.0 (Macintosh; Intel Mac OS X 10.13; rv:109.0) Gecko/20100101 Firefox/115.0,60,,,,,,,,,,,,,,,,,,,,,,,,,,,,,,,,,,,,,,media/dcnb.png,0,0,Symb,a,RT,0,0,0,1,8,0,76,0,1,4,99,a,0.452,0,1,a,1,0.452,76,0,76,0,1,,,,,,,,,,,,,
,,,,,,,,,,,,,,,,,332,2,2024-03-28_10h27.22.721,Symbol-E,2020.1.3,MacIntel,Firefox,Mozilla/5.0 (Macintosh; Intel Mac OS X 10.13; rv:109.0) Gecko/20100101 Firefox/115.0,60,,,,,,,,,,,,,,,,,,,,,,,,,,,,,,,,,,,,,,media/djnb.png,1,1,Symb,w,RT,0,0,0,1,8,0,77,0,1,4,99,w,1.405,1,1,w,1,1.405,77,0,77,0,1,,,,,,,,,,,,,
,,,,,,,,,,,,,,,,,332,2,2024-03-28_10h27.22.721,Symbol-E,2020.1.3,MacIntel,Firefox,Mozilla/5.0 (Macintosh; Intel Mac OS X 10.13; rv:109.0) Gecko/20100101 Firefox/115.0,60,,,,,,,,,,,,,,,,,,,,,,,,,,,,,,,,,,,,,,media/dfnb.png,3,3,Symb,f,RT,0,0,0,1,8,0,78,0,1,4,99,h,1.671,4,0,h,0,1.671,78,0,78,0,1,,,,,,,,,,,,,
,,,,,,,,,,,,,,,,,332,2,2024-03-28_10h27.22.721,Symbol-E,2020.1.3,MacIntel,Firefox,Mozilla/5.0 (Macintosh; Intel Mac OS X 10.13; rv:109.0) Gecko/20100101 Firefox/115.0,60,,,,,,,,,,,,,,,,,,,,,,,,,,,,,,,,,,,,,,media/dgnb.png,2,2,Symb,e,RT,0,0,0,1,8,0,79,0,1,4,99,e,1.108,2,1,e,1,1.108,79,0,79,0,1,,,,,,,,,,,,,
,,,,,,,,,,,,,,,,,332,2,2024-03-28_10h27.22.721,Symbol-E,2020.1.3,MacIntel,Firefox,Mozilla/5.0 (Macintosh; Intel Mac OS X 10.13; rv:109.0) Gecko/20100101 Firefox/115.0,60,,,,,,,,,,,,,,,,,,,,,,,,,,,,,,,,,,,,,,media/dfnb.png,3,3,Symb,f,RT,0,0,0,1,8,0,80,0,1,4,99,f,1.253,3,1,f,1,1.253,80,0,80,0,1,,,,,,,,,,,,,
,,,,,,,,,,,,,,,,,332,2,2024-03-28_10h27.22.721,Symbol-E,2020.1.3,MacIntel,Firefox,Mozilla/5.0 (Macintosh; Intel Mac OS X 10.13; rv:109.0) Gecko/20100101 Firefox/115.0,60,,,,,,,,,,,,,,,,,,,,,,,,,,,,,,,,,,,,,,media/dfnb.png,3,3,Symb,f,RT,0,0,0,1,8,0,81,0,1,4,99,f,0.421,3,1,f,1,0.421,81,0,81,0,1,,,,,,,,,,,,,
,,,,,,,,,,,,,,,,,332,2,2024-03-28_10h27.22.721,Symbol-E,2020.1.3,MacIntel,Firefox,Mozilla/5.0 (Macintosh; Intel Mac OS X 10.13; rv:109.0) Gecko/20100101 Firefox/115.0,60,,,,,,,,,,,,,,,,,,,,,,,,,,,,,,,,,,,,,,media/ddnb.png,5,1,Symb,u,RT,0,0,0,1,8,0,82,0,1,4,99,u,1.137,5,1,u,1,1.137,82,0,82,0,1,,,,,,,,,,,,,
,,,,,,,,,,,,,,,,,332,2,2024-03-28_10h27.22.721,Symbol-E,2020.1.3,MacIntel,Firefox,Mozilla/5.0 (Macintosh; Intel Mac OS X 10.13; rv:109.0) Gecko/20100101 Firefox/115.0,60,,,,,,,,,,,,,,,,,,,,,,,,,,,,,,,,,,,,,,media/dnnb.png,7,3,Symb,l,RT,0,0,0,1,8,0,83,0,1,4,99,l,1.019,7,1,l,1,1.019,83,0,83,0,1,,,,,,,,,,,,,
,,,,,,,,,,,,,,,,,332,2,2024-03-28_10h27.22.721,Symbol-E,2020.1.3,MacIntel,Firefox,Mozilla/5.0 (Macintosh; Intel Mac OS X 10.13; rv:109.0) Gecko/20100101 Firefox/115.0,60,,,,,,,,,,,,,,,,,,,,,,,,,,,,,,,,,,,,,,media/djnb.png,1,1,Symb,w,RT,0,0,0,1,8,0,84,0,1,4,99,w,1.857,1,1,w,1,1.857,84,0,84,0,1,,,,,,,,,,,,,
,,,,,,,,,,,,,,,,,332,2,2024-03-28_10h27.22.721,Symbol-E,2020.1.3,MacIntel,Firefox,Mozilla/5.0 (Macintosh; Intel Mac OS X 10.13; rv:109.0) Gecko/20100101 Firefox/115.0,60,,,,,,,,,,,,,,,,,,,,,,,,,,,,,,,,,,,,,,media/dinb.png,6,2,Symb,i,RT,0,0,0,1,8,0,85,0,1,4,99,i,0.822,6,1,i,1,0.822,85,0,85,0,1,,,,,,,,,,,,,
,,,,,,,,,,,,,,,,,332,2,2024-03-28_10h27.22.721,Symbol-E,2020.1.3,MacIntel,Firefox,Mozilla/5.0 (Macintosh; Intel Mac OS X 10.13; rv:109.0) Gecko/20100101 Firefox/115.0,60,,,,,,,,,,,,,,,,,,,,,,,,,,,,,,,,,,,,,,media/dnnb.png,7,3,Symb,l,RT,0,0,0,1,8,0,86,0,1,4,99,l,2.571,7,1,l,1,2.571,86,0,86,0,1,,,,,,,,,,,,,
,,,,,,,,,,,,,,,,,332,2,2024-03-28_10h27.22.721,Symbol-E,2020.1.3,MacIntel,Firefox,Mozilla/5.0 (Macintosh; Intel Mac OS X 10.13; rv:109.0) Gecko/20100101 Firefox/115.0,60,,,,,,,,,,,,,,,,,,,,,,,,,,,,,,,,,,,,,,media/dmnb.png,4,0,Symb,h,RT,0,0,0,1,8,0,87,0,1,4,99,h,2.844,4,1,h,1,2.844,87,0,87,0,1,,,,,,,,,,,,,
,,,,,,,,,,,,,,,,,332,2,2024-03-28_10h27.22.721,Symbol-E,2020.1.3,MacIntel,Firefox,Mozilla/5.0 (Macintosh; Intel Mac OS X 10.13; rv:109.0) Gecko/20100101 Firefox/115.0,60,,,,,,,,,,,,,,,,,,,,,,,,,,,,,,,,,,,,,,media/dcnb.png,0,0,Symb,a,RT,0,0,0,1,8,0,88,0,1,4,99,a,0.802,0,1,a,1,0.802,88,0,88,0,1,,,,,,,,,,,,,
,,,,,,,,,,,,,,,,,332,2,2024-03-28_10h27.22.721,Symbol-E,2020.1.3,MacIntel,Firefox,Mozilla/5.0 (Macintosh; Intel Mac OS X 10.13; rv:109.0) Gecko/20100101 Firefox/115.0,60,,,,,,,,,,,,,,,,,,,,,,,,,,,,,,,,,,,,,,media/dmnb.png,4,0,Symb,h,RT,0,0,0,1,8,0,89,0,1,4,99,h,1.019,4,1,h,1,1.019,89,0,89,0,1,,,,,,,,,,,,,
,,,,,,,,,,,,,,,,,332,2,2024-03-28_10h27.22.721,Symbol-E,2020.1.3,MacIntel,Firefox,Mozilla/5.0 (Macintosh; Intel Mac OS X 10.13; rv:109.0) Gecko/20100101 Firefox/115.0,60,,,,,,,,,,,,,,,,,,,,,,,,,,,,,,,,,,,,,,media/dinb.png,6,2,Symb,i,RT,0,0,0,1,8,0,90,0,1,4,99,i,0.869,6,1,i,1,0.869,90,0,90,0,1,,,,,,,,,,,,,
,,,,,,,,,,,,,,,,,332,2,2024-03-28_10h27.22.721,Symbol-E,2020.1.3,MacIntel,Firefox,Mozilla/5.0 (Macintosh; Intel Mac OS X 10.13; rv:109.0) Gecko/20100101 Firefox/115.0,60,,,,,,,,,,,,,,,,,,,,,,,,,,,,,,,,,,,,,,media/dgnb.png,2,2,Symb,e,RT,0,0,0,1,8,0,91,0,1,4,99,e,0.954,2,1,e,1,0.954,91,0,91,0,1,,,,,,,,,,,,,
,,,,,,,,,,,,,,,,,332,2,2024-03-28_10h27.22.721,Symbol-E,2020.1.3,MacIntel,Firefox,Mozilla/5.0 (Macintosh; Intel Mac OS X 10.13; rv:109.0) Gecko/20100101 Firefox/115.0,60,,,,,,,,,,,,,,,,,,,,,,,,,,,,,,,,,,,,,,media/djnb.png,1,1,Symb,w,RT,0,0,0,1,8,0,92,0,1,4,99,w,0.803,1,1,w,1,0.803,92,0,92,0,1,,,,,,,,,,,,,
,,,,,,,,,,,,,,,,,332,2,2024-03-28_10h27.22.721,Symbol-E,2020.1.3,MacIntel,Firefox,Mozilla/5.0 (Macintosh; Intel Mac OS X 10.13; rv:109.0) Gecko/20100101 Firefox/115.0,60,,,,,,,,,,,,,,,,,,,,,,,,,,,,,,,,,,,,,,media/dcnb.png,0,0,Symb,a,RT,0,0,0,1,8,0,93,0,1,4,99,a,0.92,0,1,a,1,0.92,93,0,93,0,1,,,,,,,,,,,,,
,,,,,,,,,,,,,,,,,332,2,2024-03-28_10h27.22.721,Symbol-E,2020.1.3,MacIntel,Firefox,Mozilla/5.0 (Macintosh; Intel Mac OS X 10.13; rv:109.0) Gecko/20100101 Firefox/115.0,60,,,,,,,,,,,,,,,,,,,,,,,,,,,,,,,,,,,,,,media/dgnb.png,2,2,Symb,e,RT,0,0,0,1,8,0,94,0,1,4,99,e,1.036,2,1,e,1,1.036,94,0,94,0,1,,,,,,,,,,,,,
,,,,,,,,,,,,,,,,,332,2,2024-03-28_10h27.22.721,Symbol-E,2020.1.3,MacIntel,Firefox,Mozilla/5.0 (Macintosh; Intel Mac OS X 10.13; rv:109.0) Gecko/20100101 Firefox/115.0,60,,,,,,,,,,,,,,,,,,,,,,,,,,,,,,,,,,,,,,media/ddnb.png,5,1,Symb,u,RT,0,0,0,1,8,0,95,0,1,4,99,u,0.94,5,1,u,1,0.94,95,0,95,0,1,,,,,,,,,,,,,
,,,,,,,,,,,,,,,,,332,2,2024-03-28_10h27.22.721,Symbol-E,2020.1.3,MacIntel,Firefox,Mozilla/5.0 (Macintosh; Intel Mac OS X 10.13; rv:109.0) Gecko/20100101 Firefox/115.0,60,,,,,,,,,,,,,,,,,,,,,,,,,,,,,,,,,,,,,,,,,,,,,,,,,,,,,,,,,,,,,,,,,,,3,0,3,0,1,,,,,,,,
,,,,,,,,,,,,,,,,,332,2,2024-03-28_10h27.22.721,Symbol-E,2020.1.3,MacIntel,Firefox,Mozilla/5.0 (Macintosh; Intel Mac OS X 10.13; rv:109.0) Gecko/20100101 Firefox/115.0,60,,,,,,,,,,,,,,,,,,,,,,,,,,,,,,,,,,,,h,16.032,media/dnnb.png,7,3,Symb,l,RT,0,0,0,1,8,0,0,0,1,5,99,l,1.007,7,1,l,1,1.007,0,0,0,0,1,,,,,,,,,,,,,
,,,,,,,,,,,,,,,,,332,2,2024-03-28_10h27.22.721,Symbol-E,2020.1.3,MacIntel,Firefox,Mozilla/5.0 (Macintosh; Intel Mac OS X 10.13; rv:109.0) Gecko/20100101 Firefox/115.0,60,,,,,,,,,,,,,,,,,,,,,,,,,,,,,,,,,,,,,,media/dmnb.png,4,0,Symb,h,RT,0,0,0,1,8,0,1,0,1,5,99,h,1.121,4,1,h,1,1.121,1,0,1,0,1,,,,,,,,,,,,,
,,,,,,,,,,,,,,,,,332,2,2024-03-28_10h27.22.721,Symbol-E,2020.1.3,MacIntel,Firefox,Mozilla/5.0 (Macintosh; Intel Mac OS X 10.13; rv:109.0) Gecko/20100101 Firefox/115.0,60,,,,,,,,,,,,,,,,,,,,,,,,,,,,,,,,,,,,,,media/dfnb.png,3,3,Symb,f,RT,0,0,0,1,8,0,2,0,1,5,99,f,0.941,3,1,f,1,0.941,2,0,2,0,1,,,,,,,,,,,,,
,,,,,,,,,,,,,,,,,332,2,2024-03-28_10h27.22.721,Symbol-E,2020.1.3,MacIntel,Firefox,Mozilla/5.0 (Macintosh; Intel Mac OS X 10.13; rv:109.0) Gecko/20100101 Firefox/115.0,60,,,,,,,,,,,,,,,,,,,,,,,,,,,,,,,,,,,,,,media/dinb.png,6,2,Symb,i,RT,0,0,0,1,8,0,3,0,1,5,99,i,0.903,6,1,i,1,0.903,3,0,3,0,1,,,,,,,,,,,,,
,,,,,,,,,,,,,,,,,332,2,2024-03-28_10h27.22.721,Symbol-E,2020.1.3,MacIntel,Firefox,Mozilla/5.0 (Macintosh; Intel Mac OS X 10.13; rv:109.0) Gecko/20100101 Firefox/115.0,60,,,,,,,,,,,,,,,,,,,,,,,,,,,,,,,,,,,,,,media/djnb.png,1,1,Symb,w,RT,0,0,0,1,8,0,4,0,1,5,99,w,0.821,1,1,w,1,0.821,4,0,4,0,1,,,,,,,,,,,,,
,,,,,,,,,,,,,,,,,332,2,2024-03-28_10h27.22.721,Symbol-E,2020.1.3,MacIntel,Firefox,Mozilla/5.0 (Macintosh; Intel Mac OS X 10.13; rv:109.0) Gecko/20100101 Firefox/115.0,60,,,,,,,,,,,,,,,,,,,,,,,,,,,,,,,,,,,,,,media/dfnb.png,3,3,Symb,f,RT,0,0,0,1,8,0,5,0,1,5,99,f,1.47,3,1,f,1,1.47,5,0,5,0,1,,,,,,,,,,,,,
,,,,,,,,,,,,,,,,,332,2,2024-03-28_10h27.22.721,Symbol-E,2020.1.3,MacIntel,Firefox,Mozilla/5.0 (Macintosh; Intel Mac OS X 10.13; rv:109.0) Gecko/20100101 Firefox/115.0,60,,,,,,,,,,,,,,,,,,,,,,,,,,,,,,,,,,,,,,media/ddnb.png,5,1,Symb,u,RT,0,0,0,1,8,0,6,0,1,5,99,u,0.954,5,1,u,1,0.954,6,0,6,0,1,,,,,,,,,,,,,
,,,,,,,,,,,,,,,,,332,2,2024-03-28_10h27.22.721,Symbol-E,2020.1.3,MacIntel,Firefox,Mozilla/5.0 (Macintosh; Intel Mac OS X 10.13; rv:109.0) Gecko/20100101 Firefox/115.0,60,,,,,,,,,,,,,,,,,,,,,,,,,,,,,,,,,,,,,,media/dinb.png,6,2,Symb,i,RT,0,0,0,1,8,0,7,0,1,5,99,i,0.885,6,1,i,1,0.885,7,0,7,0,1,,,,,,,,,,,,,
,,,,,,,,,,,,,,,,,332,2,2024-03-28_10h27.22.721,Symbol-E,2020.1.3,MacIntel,Firefox,Mozilla/5.0 (Macintosh; Intel Mac OS X 10.13; rv:109.0) Gecko/20100101 Firefox/115.0,60,,,,,,,,,,,,,,,,,,,,,,,,,,,,,,,,,,,,,,media/dmnb.png,4,0,Symb,h,RT,0,0,0,1,8,0,8,0,1,5,99,h,3.728,4,1,h,1,3.728,8,0,8,0,1,,,,,,,,,,,,,
,,,,,,,,,,,,,,,,,332,2,2024-03-28_10h27.22.721,Symbol-E,2020.1.3,MacIntel,Firefox,Mozilla/5.0 (Macintosh; Intel Mac OS X 10.13; rv:109.0) Gecko/20100101 Firefox/115.0,60,,,,,,,,,,,,,,,,,,,,,,,,,,,,,,,,,,,,,,media/dgnb.png,2,2,Symb,e,RT,0,0,0,1,8,0,9,0,1,5,99,e,0.806,2,1,e,1,0.806,9,0,9,0,1,,,,,,,,,,,,,
,,,,,,,,,,,,,,,,,332,2,2024-03-28_10h27.22.721,Symbol-E,2020.1.3,MacIntel,Firefox,Mozilla/5.0 (Macintosh; Intel Mac OS X 10.13; rv:109.0) Gecko/20100101 Firefox/115.0,60,,,,,,,,,,,,,,,,,,,,,,,,,,,,,,,,,,,,,,media/dnnb.png,7,3,Symb,l,RT,0,0,0,1,8,0,10,0,1,5,99,l,1.087,7,1,l,1,1.087,10,0,10,0,1,,,,,,,,,,,,,
,,,,,,,,,,,,,,,,,332,2,2024-03-28_10h27.22.721,Symbol-E,2020.1.3,MacIntel,Firefox,Mozilla/5.0 (Macintosh; Intel Mac OS X 10.13; rv:109.0) Gecko/20100101 Firefox/115.0,60,,,,,,,,,,,,,,,,,,,,,,,,,,,,,,,,,,,,,,media/dcnb.png,0,0,Symb,a,RT,0,0,0,1,8,0,11,0,1,5,99,a,1.324,0,1,a,1,1.324,11,0,11,0,1,,,,,,,,,,,,,
,,,,,,,,,,,,,,,,,332,2,2024-03-28_10h27.22.721,Symbol-E,2020.1.3,MacIntel,Firefox,Mozilla/5.0 (Macintosh; Intel Mac OS X 10.13; rv:109.0) Gecko/20100101 Firefox/115.0,60,,,,,,,,,,,,,,,,,,,,,,,,,,,,,,,,,,,,,,media/djnb.png,1,1,Symb,w,RT,0,0,0,1,8,0,12,0,1,5,99,w,0.869,1,1,w,1,0.869,12,0,12,0,1,,,,,,,,,,,,,
,,,,,,,,,,,,,,,,,332,2,2024-03-28_10h27.22.721,Symbol-E,2020.1.3,MacIntel,Firefox,Mozilla/5.0 (Macintosh; Intel Mac OS X 10.13; rv:109.0) Gecko/20100101 Firefox/115.0,60,,,,,,,,,,,,,,,,,,,,,,,,,,,,,,,,,,,,,,media/dgnb.png,2,2,Symb,e,RT,0,0,0,1,8,0,13,0,1,5,99,e,1.321,2,1,e,1,1.321,13,0,13,0,1,,,,,,,,,,,,,
,,,,,,,,,,,,,,,,,332,2,2024-03-28_10h27.22.721,Symbol-E,2020.1.3,MacIntel,Firefox,Mozilla/5.0 (Macintosh; Intel Mac OS X 10.13; rv:109.0) Gecko/20100101 Firefox/115.0,60,,,,,,,,,,,,,,,,,,,,,,,,,,,,,,,,,,,,,,media/dcnb.png,0,0,Symb,a,RT,0,0,0,1,8,0,14,0,1,5,99,a,0.808,0,1,a,1,0.808,14,0,14,0,1,,,,,,,,,,,,,
,,,,,,,,,,,,,,,,,332,2,2024-03-28_10h27.22.721,Symbol-E,2020.1.3,MacIntel,Firefox,Mozilla/5.0 (Macintosh; Intel Mac OS X 10.13; rv:109.0) Gecko/20100101 Firefox/115.0,60,,,,,,,,,,,,,,,,,,,,,,,,,,,,,,,,,,,,,,media/ddnb.png,5,1,Symb,u,RT,0,0,0,1,8,0,15,0,1,5,99,u,0.87,5,1,u,1,0.87,15,0,15,0,1,,,,,,,,,,,,,
,,,,,,,,,,,,,,,,,332,2,2024-03-28_10h27.22.721,Symbol-E,2020.1.3,MacIntel,Firefox,Mozilla/5.0 (Macintosh; Intel Mac OS X 10.13; rv:109.0) Gecko/20100101 Firefox/115.0,60,,,,,,,,,,,,,,,,,,,,,,,,,,,,,,,,,,,,,,media/dnnb.png,7,3,Symb,l,RT,0,0,0,1,8,0,16,0,1,5,99,l,1.071,7,1,l,1,1.071,16,0,16,0,1,,,,,,,,,,,,,
,,,,,,,,,,,,,,,,,332,2,2024-03-28_10h27.22.721,Symbol-E,2020.1.3,MacIntel,Firefox,Mozilla/5.0 (Macintosh; Intel Mac OS X 10.13; rv:109.0) Gecko/20100101 Firefox/115.0,60,,,,,,,,,,,,,,,,,,,,,,,,,,,,,,,,,,,,,,media/dfnb.png,3,3,Symb,f,RT,0,0,0,1,8,0,17,0,1,5,99,f,0.904,3,1,f,1,0.904,17,0,17,0,1,,,,,,,,,,,,,
,,,,,,,,,,,,,,,,,332,2,2024-03-28_10h27.22.721,Symbol-E,2020.1.3,MacIntel,Firefox,Mozilla/5.0 (Macintosh; Intel Mac OS X 10.13; rv:109.0) Gecko/20100101 Firefox/115.0,60,,,,,,,,,,,,,,,,,,,,,,,,,,,,,,,,,,,,,,media/dinb.png,6,2,Symb,i,RT,0,0,0,1,8,0,18,0,1,5,99,i,0.954,6,1,i,1,0.954,18,0,18,0,1,,,,,,,,,,,,,
,,,,,,,,,,,,,,,,,332,2,2024-03-28_10h27.22.721,Symbol-E,2020.1.3,MacIntel,Firefox,Mozilla/5.0 (Macintosh; Intel Mac OS X 10.13; rv:109.0) Gecko/20100101 Firefox/115.0,60,,,,,,,,,,,,,,,,,,,,,,,,,,,,,,,,,,,,,,media/dmnb.png,4,0,Symb,h,RT,0,0,0,1,8,0,19,0,1,5,99,h,2.655,4,1,h,1,2.655,19,0,19,0,1,,,,,,,,,,,,,
,,,,,,,,,,,,,,,,,332,2,2024-03-28_10h27.22.721,Symbol-E,2020.1.3,MacIntel,Firefox,Mozilla/5.0 (Macintosh; Intel Mac OS X 10.13; rv:109.0) Gecko/20100101 Firefox/115.0,60,,,,,,,,,,,,,,,,,,,,,,,,,,,,,,,,,,,,,,media/dcnb.png,0,0,Symb,a,RT,0,0,0,1,8,0,20,0,1,5,99,a,1.52,0,1,a,1,1.52,20,0,20,0,1,,,,,,,,,,,,,
,,,,,,,,,,,,,,,,,332,2,2024-03-28_10h27.22.721,Symbol-E,2020.1.3,MacIntel,Firefox,Mozilla/5.0 (Macintosh; Intel Mac OS X 10.13; rv:109.0) Gecko/20100101 Firefox/115.0,60,,,,,,,,,,,,,,,,,,,,,,,,,,,,,,,,,,,,,,media/dgnb.png,2,2,Symb,e,RT,0,0,0,1,8,0,21,0,1,5,99,e,0.936,2,1,e,1,0.936,21,0,21,0,1,,,,,,,,,,,,,
,,,,,,,,,,,,,,,,,332,2,2024-03-28_10h27.22.721,Symbol-E,2020.1.3,MacIntel,Firefox,Mozilla/5.0 (Macintosh; Intel Mac OS X 10.13; rv:109.0) Gecko/20100101 Firefox/115.0,60,,,,,,,,,,,,,,,,,,,,,,,,,,,,,,,,,,,,,,media/dgnb.png,2,2,Symb,e,RT,0,0,0,1,8,0,22,0,1,5,99,e,0.736,2,1,e,1,0.736,22,0,22,0,1,,,,,,,,,,,,,
,,,,,,,,,,,,,,,,,332,2,2024-03-28_10h27.22.721,Symbol-E,2020.1.3,MacIntel,Firefox,Mozilla/5.0 (Macintosh; Intel Mac OS X 10.13; rv:109.0) Gecko/20100101 Firefox/115.0,60,,,,,,,,,,,,,,,,,,,,,,,,,,,,,,,,,,,,,,media/ddnb.png,5,1,Symb,u,RT,0,0,0,1,8,0,23,0,1,5,99,u,0.938,5,1,u,1,0.938,23,0,23,0,1,,,,,,,,,,,,,
,,,,,,,,,,,,,,,,,332,2,2024-03-28_10h27.22.721,Symbol-E,2020.1.3,MacIntel,Firefox,Mozilla/5.0 (Macintosh; Intel Mac OS X 10.13; rv:109.0) Gecko/20100101 Firefox/115.0,60,,,,,,,,,,,,,,,,,,,,,,,,,,,,,,,,,,,,,,media/djnb.png,1,1,Symb,w,RT,0,0,0,1,8,0,24,0,1,5,99,w,1.32,1,1,w,1,1.32,24,0,24,0,1,,,,,,,,,,,,,
,,,,,,,,,,,,,,,,,332,2,2024-03-28_10h27.22.721,Symbol-E,2020.1.3,MacIntel,Firefox,Mozilla/5.0 (Macintosh; Intel Mac OS X 10.13; rv:109.0) Gecko/20100101 Firefox/115.0,60,,,,,,,,,,,,,,,,,,,,,,,,,,,,,,,,,,,,,,media/djnb.png,1,1,Symb,w,RT,0,0,0,1,8,0,25,0,1,5,99,w,0.654,1,1,w,1,0.654,25,0,25,0,1,,,,,,,,,,,,,
,,,,,,,,,,,,,,,,,332,2,2024-03-28_10h27.22.721,Symbol-E,2020.1.3,MacIntel,Firefox,Mozilla/5.0 (Macintosh; Intel Mac OS X 10.13; rv:109.0) Gecko/20100101 Firefox/115.0,60,,,,,,,,,,,,,,,,,,,,,,,,,,,,,,,,,,,,,,media/ddnb.png,5,1,Symb,u,RT,0,0,0,1,8,0,26,0,1,5,99,u,1.12,5,1,u,1,1.12,26,0,26,0,1,,,,,,,,,,,,,
,,,,,,,,,,,,,,,,,332,2,2024-03-28_10h27.22.721,Symbol-E,2020.1.3,MacIntel,Firefox,Mozilla/5.0 (Macintosh; Intel Mac OS X 10.13; rv:109.0) Gecko/20100101 Firefox/115.0,60,,,,,,,,,,,,,,,,,,,,,,,,,,,,,,,,,,,,,,media/dcnb.png,0,0,Symb,a,RT,0,0,0,1,8,0,27,0,1,5,99,a,1.338,0,1,a,1,1.338,27,0,27,0,1,,,,,,,,,,,,,
,,,,,,,,,,,,,,,,,332,2,2024-03-28_10h27.22.721,Symbol-E,2020.1.3,MacIntel,Firefox,Mozilla/5.0 (Macintosh; Intel Mac OS X 10.13; rv:109.0) Gecko/20100101 Firefox/115.0,60,,,,,,,,,,,,,,,,,,,,,,,,,,,,,,,,,,,,,,media/dfnb.png,3,3,Symb,f,RT,0,0,0,1,8,0,28,0,1,5,99,f,2.724,3,1,f,1,2.724,28,0,28,0,1,,,,,,,,,,,,,
,,,,,,,,,,,,,,,,,332,2,2024-03-28_10h27.22.721,Symbol-E,2020.1.3,MacIntel,Firefox,Mozilla/5.0 (Macintosh; Intel Mac OS X 10.13; rv:109.0) Gecko/20100101 Firefox/115.0,60,,,,,,,,,,,,,,,,,,,,,,,,,,,,,,,,,,,,,,media/dinb.png,6,2,Symb,i,RT,0,0,0,1,8,0,29,0,1,5,99,i,0.771,6,1,i,1,0.771,29,0,29,0,1,,,,,,,,,,,,,
,,,,,,,,,,,,,,,,,332,2,2024-03-28_10h27.22.721,Symbol-E,2020.1.3,MacIntel,Firefox,Mozilla/5.0 (Macintosh; Intel Mac OS X 10.13; rv:109.0) Gecko/20100101 Firefox/115.0,60,,,,,,,,,,,,,,,,,,,,,,,,,,,,,,,,,,,,,,media/dnnb.png,7,3,Symb,l,RT,0,0,0,1,8,0,30,0,1,5,99,l,0.888,7,1,l,1,0.888,30,0,30,0,1,,,,,,,,,,,,,
,,,,,,,,,,,,,,,,,332,2,2024-03-28_10h27.22.721,Symbol-E,2020.1.3,MacIntel,Firefox,Mozilla/5.0 (Macintosh; Intel Mac OS X 10.13; rv:109.0) Gecko/20100101 Firefox/115.0,60,,,,,,,,,,,,,,,,,,,,,,,,,,,,,,,,,,,,,,media/dmnb.png,4,0,Symb,h,RT,0,0,0,1,8,0,31,0,1,5,99,h,1.319,4,1,h,1,1.319,31,0,31,0,1,,,,,,,,,,,,,
,,,,,,,,,,,,,,,,,332,2,2024-03-28_10h27.22.721,Symbol-E,2020.1.3,MacIntel,Firefox,Mozilla/5.0 (Macintosh; Intel Mac OS X 10.13; rv:109.0) Gecko/20100101 Firefox/115.0,60,,,,,,,,,,,,,,,,,,,,,,,,,,,,,,,,,,,,,,media/djnb.png,1,1,Symb,w,RT,0,0,0,1,8,0,32,0,1,5,99,w,0.836,1,1,w,1,0.836,32,0,32,0,1,,,,,,,,,,,,,
,,,,,,,,,,,,,,,,,332,2,2024-03-28_10h27.22.721,Symbol-E,2020.1.3,MacIntel,Firefox,Mozilla/5.0 (Macintosh; Intel Mac OS X 10.13; rv:109.0) Gecko/20100101 Firefox/115.0,60,,,,,,,,,,,,,,,,,,,,,,,,,,,,,,,,,,,,,,media/dcnb.png,0,0,Symb,a,RT,0,0,0,1,8,0,33,0,1,5,99,a,0.719,0,1,a,1,0.719,33,0,33,0,1,,,,,,,,,,,,,
,,,,,,,,,,,,,,,,,332,2,2024-03-28_10h27.22.721,Symbol-E,2020.1.3,MacIntel,Firefox,Mozilla/5.0 (Macintosh; Intel Mac OS X 10.13; rv:109.0) Gecko/20100101 Firefox/115.0,60,,,,,,,,,,,,,,,,,,,,,,,,,,,,,,,,,,,,,,media/dmnb.png,4,0,Symb,h,RT,0,0,0,1,8,0,34,0,1,5,99,h,0.939,4,1,h,1,0.939,34,0,34,0,1,,,,,,,,,,,,,
,,,,,,,,,,,,,,,,,332,2,2024-03-28_10h27.22.721,Symbol-E,2020.1.3,MacIntel,Firefox,Mozilla/5.0 (Macintosh; Intel Mac OS X 10.13; rv:109.0) Gecko/20100101 Firefox/115.0,60,,,,,,,,,,,,,,,,,,,,,,,,,,,,,,,,,,,,,,media/ddnb.png,5,1,Symb,u,RT,0,0,0,1,8,0,35,0,1,5,99,u,0.921,5,1,u,1,0.921,35,0,35,0,1,,,,,,,,,,,,,
,,,,,,,,,,,,,,,,,332,2,2024-03-28_10h27.22.721,Symbol-E,2020.1.3,MacIntel,Firefox,Mozilla/5.0 (Macintosh; Intel Mac OS X 10.13; rv:109.0) Gecko/20100101 Firefox/115.0,60,,,,,,,,,,,,,,,,,,,,,,,,,,,,,,,,,,,,,,media/dgnb.png,2,2,Symb,e,RT,0,0,0,1,8,0,36,0,1,5,99,e,0.921,2,1,e,1,0.921,36,0,36,0,1,,,,,,,,,,,,,
,,,,,,,,,,,,,,,,,332,2,2024-03-28_10h27.22.721,Symbol-E,2020.1.3,MacIntel,Firefox,Mozilla/5.0 (Macintosh; Intel Mac OS X 10.13; rv:109.0) Gecko/20100101 Firefox/115.0,60,,,,,,,,,,,,,,,,,,,,,,,,,,,,,,,,,,,,,,media/ddnb.png,5,1,Symb,u,RT,0,0,0,1,8,0,37,0,1,5,99,u,1.056,5,1,u,1,1.056,37,0,37,0,1,,,,,,,,,,,,,
,,,,,,,,,,,,,,,,,332,2,2024-03-28_10h27.22.721,Symbol-E,2020.1.3,MacIntel,Firefox,Mozilla/5.0 (Macintosh; Intel Mac OS X 10.13; rv:109.0) Gecko/20100101 Firefox/115.0,60,,,,,,,,,,,,,,,,,,,,,,,,,,,,,,,,,,,,,,media/dcnb.png,0,0,Symb,a,RT,0,0,0,1,8,0,38,0,1,5,99,a,1.123,0,1,a,1,1.123,38,0,38,0,1,,,,,,,,,,,,,
,,,,,,,,,,,,,,,,,332,2,2024-03-28_10h27.22.721,Symbol-E,2020.1.3,MacIntel,Firefox,Mozilla/5.0 (Macintosh; Intel Mac OS X 10.13; rv:109.0) Gecko/20100101 Firefox/115.0,60,,,,,,,,,,,,,,,,,,,,,,,,,,,,,,,,,,,,,,media/dnnb.png,7,3,Symb,l,RT,0,0,0,1,8,0,39,0,1,5,99,l,1.239,7,1,l,1,1.239,39,0,39,0,1,,,,,,,,,,,,,
,,,,,,,,,,,,,,,,,332,2,2024-03-28_10h27.22.721,Symbol-E,2020.1.3,MacIntel,Firefox,Mozilla/5.0 (Macintosh; Intel Mac OS X 10.13; rv:109.0) Gecko/20100101 Firefox/115.0,60,,,,,,,,,,,,,,,,,,,,,,,,,,,,,,,,,,,,,,media/dmnb.png,4,0,Symb,h,RT,0,0,0,1,8,0,40,0,1,5,99,h,1.202,4,1,h,1,1.202,40,0,40,0,1,,,,,,,,,,,,,
,,,,,,,,,,,,,,,,,332,2,2024-03-28_10h27.22.721,Symbol-E,2020.1.3,MacIntel,Firefox,Mozilla/5.0 (Macintosh; Intel Mac OS X 10.13; rv:109.0) Gecko/20100101 Firefox/115.0,60,,,,,,,,,,,,,,,,,,,,,,,,,,,,,,,,,,,,,,media/dgnb.png,2,2,Symb,e,RT,0,0,0,1,8,0,41,0,1,5,99,e,0.736,2,1,e,1,0.736,41,0,41,0,1,,,,,,,,,,,,,
,,,,,,,,,,,,,,,,,332,2,2024-03-28_10h27.22.721,Symbol-E,2020.1.3,MacIntel,Firefox,Mozilla/5.0 (Macintosh; Intel Mac OS X 10.13; rv:109.0) Gecko/20100101 Firefox/115.0,60,,,,,,,,,,,,,,,,,,,,,,,,,,,,,,,,,,,,,,media/dinb.png,6,2,Symb,i,RT,0,0,0,1,8,0,42,0,1,5,99,i,0.703,6,1,i,1,0.703,42,0,42,0,1,,,,,,,,,,,,,
,,,,,,,,,,,,,,,,,332,2,2024-03-28_10h27.22.721,Symbol-E,2020.1.3,MacIntel,Firefox,Mozilla/5.0 (Macintosh; Intel Mac OS X 10.13; rv:109.0) Gecko/20100101 Firefox/115.0,60,,,,,,,,,,,,,,,,,,,,,,,,,,,,,,,,,,,,,,media/djnb.png,1,1,Symb,w,RT,0,0,0,1,8,0,43,0,1,5,99,w,0.773,1,1,w,1,0.773,43,0,43,0,1,,,,,,,,,,,,,
,,,,,,,,,,,,,,,,,332,2,2024-03-28_10h27.22.721,Symbol-E,2020.1.3,MacIntel,Firefox,Mozilla/5.0 (Macintosh; Intel Mac OS X 10.13; rv:109.0) Gecko/20100101 Firefox/115.0,60,,,,,,,,,,,,,,,,,,,,,,,,,,,,,,,,,,,,,,media/dfnb.png,3,3,Symb,f,RT,0,0,0,1,8,0,44,0,1,5,99,f,0.887,3,1,f,1,0.887,44,0,44,0,1,,,,,,,,,,,,,
,,,,,,,,,,,,,,,,,332,2,2024-03-28_10h27.22.721,Symbol-E,2020.1.3,MacIntel,Firefox,Mozilla/5.0 (Macintosh; Intel Mac OS X 10.13; rv:109.0) Gecko/20100101 Firefox/115.0,60,,,,,,,,,,,,,,,,,,,,,,,,,,,,,,,,,,,,,,media/dnnb.png,7,3,Symb,l,RT,0,0,0,1,8,0,45,0,1,5,99,l,0.925,7,1,l,1,0.925,45,0,45,0,1,,,,,,,,,,,,,
,,,,,,,,,,,,,,,,,332,2,2024-03-28_10h27.22.721,Symbol-E,2020.1.3,MacIntel,Firefox,Mozilla/5.0 (Macintosh; Intel Mac OS X 10.13; rv:109.0) Gecko/20100101 Firefox/115.0,60,,,,,,,,,,,,,,,,,,,,,,,,,,,,,,,,,,,,,,media/dinb.png,6,2,Symb,i,RT,0,0,0,1,8,0,46,0,1,5,99,i,0.738,6,1,i,1,0.738,46,0,46,0,1,,,,,,,,,,,,,
,,,,,,,,,,,,,,,,,332,2,2024-03-28_10h27.22.721,Symbol-E,2020.1.3,MacIntel,Firefox,Mozilla/5.0 (Macintosh; Intel Mac OS X 10.13; rv:109.0) Gecko/20100101 Firefox/115.0,60,,,,,,,,,,,,,,,,,,,,,,,,,,,,,,,,,,,,,,media/dfnb.png,3,3,Symb,f,RT,0,0,0,1,8,0,47,0,1,5,99,f,1.322,3,1,f,1,1.322,47,0,47,0,1,,,,,,,,,,,,,
,,,,,,,,,,,,,,,,,332,2,2024-03-28_10h27.22.721,Symbol-E,2020.1.3,MacIntel,Firefox,Mozilla/5.0 (Macintosh; Intel Mac OS X 10.13; rv:109.0) Gecko/20100101 Firefox/115.0,60,,,,,,,,,,,,,,,,,,,,,,,,,,,,,,,,,,,,,,media/dnnb.png,7,3,Symb,l,RT,0,0,0,1,8,0,48,0,1,5,99,l,1.035,7,1,l,1,1.035,48,0,48,0,1,,,,,,,,,,,,,
,,,,,,,,,,,,,,,,,332,2,2024-03-28_10h27.22.721,Symbol-E,2020.1.3,MacIntel,Firefox,Mozilla/5.0 (Macintosh; Intel Mac OS X 10.13; rv:109.0) Gecko/20100101 Firefox/115.0,60,,,,,,,,,,,,,,,,,,,,,,,,,,,,,,,,,,,,,,media/ddnb.png,5,1,Symb,u,RT,0,0,0,1,8,0,49,0,1,5,99,u,1.121,5,1,u,1,1.121,49,0,49,0,1,,,,,,,,,,,,,
,,,,,,,,,,,,,,,,,332,2,2024-03-28_10h27.22.721,Symbol-E,2020.1.3,MacIntel,Firefox,Mozilla/5.0 (Macintosh; Intel Mac OS X 10.13; rv:109.0) Gecko/20100101 Firefox/115.0,60,,,,,,,,,,,,,,,,,,,,,,,,,,,,,,,,,,,,,,media/dcnb.png,0,0,Symb,a,RT,0,0,0,1,8,0,50,0,1,5,99,a,1.069,0,1,a,1,1.069,50,0,50,0,1,,,,,,,,,,,,,
,,,,,,,,,,,,,,,,,332,2,2024-03-28_10h27.22.721,Symbol-E,2020.1.3,MacIntel,Firefox,Mozilla/5.0 (Macintosh; Intel Mac OS X 10.13; rv:109.0) Gecko/20100101 Firefox/115.0,60,,,,,,,,,,,,,,,,,,,,,,,,,,,,,,,,,,,,,,media/dmnb.png,4,0,Symb,h,RT,0,0,0,1,8,0,51,0,1,5,99,h,1.155,4,1,h,1,1.155,51,0,51,0,1,,,,,,,,,,,,,
,,,,,,,,,,,,,,,,,332,2,2024-03-28_10h27.22.721,Symbol-E,2020.1.3,MacIntel,Firefox,Mozilla/5.0 (Macintosh; Intel Mac OS X 10.13; rv:109.0) Gecko/20100101 Firefox/115.0,60,,,,,,,,,,,,,,,,,,,,,,,,,,,,,,,,,,,,,,media/ddnb.png,5,1,Symb,u,RT,0,0,0,1,8,0,52,0,1,5,99,u,0.952,5,1,u,1,0.952,52,0,52,0,1,,,,,,,,,,,,,
,,,,,,,,,,,,,,,,,332,2,2024-03-28_10h27.22.721,Symbol-E,2020.1.3,MacIntel,Firefox,Mozilla/5.0 (Macintosh; Intel Mac OS X 10.13; rv:109.0) Gecko/20100101 Firefox/115.0,60,,,,,,,,,,,,,,,,,,,,,,,,,,,,,,,,,,,,,,media/djnb.png,1,1,Symb,w,RT,0,0,0,1,8,0,53,0,1,5,99,w,1.055,1,1,w,1,1.055,53,0,53,0,1,,,,,,,,,,,,,
,,,,,,,,,,,,,,,,,332,2,2024-03-28_10h27.22.721,Symbol-E,2020.1.3,MacIntel,Firefox,Mozilla/5.0 (Macintosh; Intel Mac OS X 10.13; rv:109.0) Gecko/20100101 Firefox/115.0,60,,,,,,,,,,,,,,,,,,,,,,,,,,,,,,,,,,,,,,media/dcnb.png,0,0,Symb,a,RT,0,0,0,1,8,0,54,0,1,5,99,a,1.07,0,1,a,1,1.07,54,0,54,0,1,,,,,,,,,,,,,
,,,,,,,,,,,,,,,,,332,2,2024-03-28_10h27.22.721,Symbol-E,2020.1.3,MacIntel,Firefox,Mozilla/5.0 (Macintosh; Intel Mac OS X 10.13; rv:109.0) Gecko/20100101 Firefox/115.0,60,,,,,,,,,,,,,,,,,,,,,,,,,,,,,,,,,,,,,,media/dinb.png,6,2,Symb,i,RT,0,0,0,1,8,0,55,0,1,5,99,i,0.938,6,1,i,1,0.938,55,0,55,0,1,,,,,,,,,,,,,
,,,,,,,,,,,,,,,,,332,2,2024-03-28_10h27.22.721,Symbol-E,2020.1.3,MacIntel,Firefox,Mozilla/5.0 (Macintosh; Intel Mac OS X 10.13; rv:109.0) Gecko/20100101 Firefox/115.0,60,,,,,,,,,,,,,,,,,,,,,,,,,,,,,,,,,,,,,,media/dinb.png,6,2,Symb,i,RT,0,0,0,1,8,0,56,0,1,5,99,i,0.501,6,1,i,1,0.501,56,0,56,0,1,,,,,,,,,,,,,
,,,,,,,,,,,,,,,,,332,2,2024-03-28_10h27.22.721,Symbol-E,2020.1.3,MacIntel,Firefox,Mozilla/5.0 (Macintosh; Intel Mac OS X 10.13; rv:109.0) Gecko/20100101 Firefox/115.0,60,,,,,,,,,,,,,,,,,,,,,,,,,,,,,,,,,,,,,,media/dfnb.png,3,3,Symb,f,RT,0,0,0,1,8,0,57,0,1,5,99,f,1.086,3,1,f,1,1.086,57,0,57,0,1,,,,,,,,,,,,,
,,,,,,,,,,,,,,,,,332,2,2024-03-28_10h27.22.721,Symbol-E,2020.1.3,MacIntel,Firefox,Mozilla/5.0 (Macintosh; Intel Mac OS X 10.13; rv:109.0) Gecko/20100101 Firefox/115.0,60,,,,,,,,,,,,,,,,,,,,,,,,,,,,,,,,,,,,,,media/dnnb.png,7,3,Symb,l,RT,0,0,0,1,8,0,58,0,1,5,99,l,1.104,7,1,l,1,1.104,58,0,58,0,1,,,,,,,,,,,,,
,,,,,,,,,,,,,,,,,332,2,2024-03-28_10h27.22.721,Symbol-E,2020.1.3,MacIntel,Firefox,Mozilla/5.0 (Macintosh; Intel Mac OS X 10.13; rv:109.0) Gecko/20100101 Firefox/115.0,60,,,,,,,,,,,,,,,,,,,,,,,,,,,,,,,,,,,,,,media/dmnb.png,4,0,Symb,h,RT,0,0,0,1,8,0,59,0,1,5,99,h,5.663,4,1,h,1,5.663,59,0,59,0,1,,,,,,,,,,,,,
,,,,,,,,,,,,,,,,,332,2,2024-03-28_10h27.22.721,Symbol-E,2020.1.3,MacIntel,Firefox,Mozilla/5.0 (Macintosh; Intel Mac OS X 10.13; rv:109.0) Gecko/20100101 Firefox/115.0,60,,,,,,,,,,,,,,,,,,,,,,,,,,,,,,,,,,,,,,media/dgnb.png,2,2,Symb,e,RT,0,0,0,1,8,0,60,0,1,5,99,e,0.892,2,1,e,1,0.892,60,0,60,0,1,,,,,,,,,,,,,
,,,,,,,,,,,,,,,,,332,2,2024-03-28_10h27.22.721,Symbol-E,2020.1.3,MacIntel,Firefox,Mozilla/5.0 (Macintosh; Intel Mac OS X 10.13; rv:109.0) Gecko/20100101 Firefox/115.0,60,,,,,,,,,,,,,,,,,,,,,,,,,,,,,,,,,,,,,,media/djnb.png,1,1,Symb,w,RT,0,0,0,1,8,0,61,0,1,5,99,w,1.337,1,1,w,1,1.337,61,0,61,0,1,,,,,,,,,,,,,
,,,,,,,,,,,,,,,,,332,2,2024-03-28_10h27.22.721,Symbol-E,2020.1.3,MacIntel,Firefox,Mozilla/5.0 (Macintosh; Intel Mac OS X 10.13; rv:109.0) Gecko/20100101 Firefox/115.0,60,,,,,,,,,,,,,,,,,,,,,,,,,,,,,,,,,,,,,,media/dgnb.png,2,2,Symb,e,RT,0,0,0,1,8,0,62,0,1,5,99,e,3.275,2,1,e,1,3.275,62,0,62,0,1,,,,,,,,,,,,,
,,,,,,,,,,,,,,,,,332,2,2024-03-28_10h27.22.721,Symbol-E,2020.1.3,MacIntel,Firefox,Mozilla/5.0 (Macintosh; Intel Mac OS X 10.13; rv:109.0) Gecko/20100101 Firefox/115.0,60,,,,,,,,,,,,,,,,,,,,,,,,,,,,,,,,,,,,,,media/dfnb.png,3,3,Symb,f,RT,0,0,0,1,8,0,63,0,1,5,99,f,1.236,3,1,f,1,1.236,63,0,63,0,1,,,,,,,,,,,,,
,,,,,,,,,,,,,,,,,332,2,2024-03-28_10h27.22.721,Symbol-E,2020.1.3,MacIntel,Firefox,Mozilla/5.0 (Macintosh; Intel Mac OS X 10.13; rv:109.0) Gecko/20100101 Firefox/115.0,60,,,,,,,,,,,,,,,,,,,,,,,,,,,,,,,,,,,,,,media/dmnb.png,4,0,Symb,h,RT,0,0,0,1,8,0,64,0,1,5,99,l,1.07,7,0,l,0,1.07,64,0,64,0,1,,,,,,,,,,,,,
,,,,,,,,,,,,,,,,,332,2,2024-03-28_10h27.22.721,Symbol-E,2020.1.3,MacIntel,Firefox,Mozilla/5.0 (Macintosh; Intel Mac OS X 10.13; rv:109.0) Gecko/20100101 Firefox/115.0,60,,,,,,,,,,,,,,,,,,,,,,,,,,,,,,,,,,,,,,media/dfnb.png,3,3,Symb,f,RT,0,0,0,1,8,0,65,0,1,5,99,f,6.565,3,1,f,1,6.565,65,0,65,0,1,,,,,,,,,,,,,
,,,,,,,,,,,,,,,,,332,2,2024-03-28_10h27.22.721,Symbol-E,2020.1.3,MacIntel,Firefox,Mozilla/5.0 (Macintosh; Intel Mac OS X 10.13; rv:109.0) Gecko/20100101 Firefox/115.0,60,,,,,,,,,,,,,,,,,,,,,,,,,,,,,,,,,,,,,,media/djnb.png,1,1,Symb,w,RT,0,0,0,1,8,0,66,0,1,5,99,w,0.938,1,1,w,1,0.938,66,0,66,0,1,,,,,,,,,,,,,
,,,,,,,,,,,,,,,,,332,2,2024-03-28_10h27.22.721,Symbol-E,2020.1.3,MacIntel,Firefox,Mozilla/5.0 (Macintosh; Intel Mac OS X 10.13; rv:109.0) Gecko/20100101 Firefox/115.0,60,,,,,,,,,,,,,,,,,,,,,,,,,,,,,,,,,,,,,,media/dinb.png,6,2,Symb,i,RT,0,0,0,1,8,0,67,0,1,5,99,i,0.904,6,1,i,1,0.904,67,0,67,0,1,,,,,,,,,,,,,
,,,,,,,,,,,,,,,,,332,2,2024-03-28_10h27.22.721,Symbol-E,2020.1.3,MacIntel,Firefox,Mozilla/5.0 (Macintosh; Intel Mac OS X 10.13; rv:109.0) Gecko/20100101 Firefox/115.0,60,,,,,,,,,,,,,,,,,,,,,,,,,,,,,,,,,,,,,,media/dinb.png,6,2,Symb,i,RT,0,0,0,1,8,0,68,0,1,5,99,i,0.503,6,1,i,1,0.503,68,0,68,0,1,,,,,,,,,,,,,
,,,,,,,,,,,,,,,,,332,2,2024-03-28_10h27.22.721,Symbol-E,2020.1.3,MacIntel,Firefox,Mozilla/5.0 (Macintosh; Intel Mac OS X 10.13; rv:109.0) Gecko/20100101 Firefox/115.0,60,,,,,,,,,,,,,,,,,,,,,,,,,,,,,,,,,,,,,,media/dfnb.png,3,3,Symb,f,RT,0,0,0,1,8,0,69,0,1,5,99,f,1.02,3,1,f,1,1.02,69,0,69,0,1,,,,,,,,,,,,,
,,,,,,,,,,,,,,,,,332,2,2024-03-28_10h27.22.721,Symbol-E,2020.1.3,MacIntel,Firefox,Mozilla/5.0 (Macintosh; Intel Mac OS X 10.13; rv:109.0) Gecko/20100101 Firefox/115.0,60,,,,,,,,,,,,,,,,,,,,,,,,,,,,,,,,,,,,,,media/ddnb.png,5,1,Symb,u,RT,0,0,0,1,8,0,70,0,1,5,99,u,0.854,5,1,u,1,0.854,70,0,70,0,1,,,,,,,,,,,,,
,,,,,,,,,,,,,,,,,332,2,2024-03-28_10h27.22.721,Symbol-E,2020.1.3,MacIntel,Firefox,Mozilla/5.0 (Macintosh; Intel Mac OS X 10.13; rv:109.0) Gecko/20100101 Firefox/115.0,60,,,,,,,,,,,,,,,,,,,,,,,,,,,,,,,,,,,,,,media/dgnb.png,2,2,Symb,e,RT,0,0,0,1,8,0,71,0,1,5,99,e,0.82,2,1,e,1,0.82,71,0,71,0,1,,,,,,,,,,,,,
,,,,,,,,,,,,,,,,,332,2,2024-03-28_10h27.22.721,Symbol-E,2020.1.3,MacIntel,Firefox,Mozilla/5.0 (Macintosh; Intel Mac OS X 10.13; rv:109.0) Gecko/20100101 Firefox/115.0,60,,,,,,,,,,,,,,,,,,,,,,,,,,,,,,,,,,,,,,media/dnnb.png,7,3,Symb,l,RT,0,0,0,1,8,0,72,0,1,5,99,l,0.936,7,1,l,1,0.936,72,0,72,0,1,,,,,,,,,,,,,
,,,,,,,,,,,,,,,,,332,2,2024-03-28_10h27.22.721,Symbol-E,2020.1.3,MacIntel,Firefox,Mozilla/5.0 (Macintosh; Intel Mac OS X 10.13; rv:109.0) Gecko/20100101 Firefox/115.0,60,,,,,,,,,,,,,,,,,,,,,,,,,,,,,,,,,,,,,,media/dcnb.png,0,0,Symb,a,RT,0,0,0,1,8,0,73,0,1,5,99,a,0.82,0,1,a,1,0.82,73,0,73,0,1,,,,,,,,,,,,,
,,,,,,,,,,,,,,,,,332,2,2024-03-28_10h27.22.721,Symbol-E,2020.1.3,MacIntel,Firefox,Mozilla/5.0 (Macintosh; Intel Mac OS X 10.13; rv:109.0) Gecko/20100101 Firefox/115.0,60,,,,,,,,,,,,,,,,,,,,,,,,,,,,,,,,,,,,,,media/dmnb.png,4,0,Symb,h,RT,0,0,0,1,8,0,74,0,1,5,99,h,1.019,4,1,h,1,1.019,74,0,74,0,1,,,,,,,,,,,,,
,,,,,,,,,,,,,,,,,332,2,2024-03-28_10h27.22.721,Symbol-E,2020.1.3,MacIntel,Firefox,Mozilla/5.0 (Macintosh; Intel Mac OS X 10.13; rv:109.0) Gecko/20100101 Firefox/115.0,60,,,,,,,,,,,,,,,,,,,,,,,,,,,,,,,,,,,,,,media/ddnb.png,5,1,Symb,u,RT,0,0,0,1,8,0,75,0,1,5,99,u,0.935,5,1,u,1,0.935,75,0,75,0,1,,,,,,,,,,,,,
,,,,,,,,,,,,,,,,,332,2,2024-03-28_10h27.22.721,Symbol-E,2020.1.3,MacIntel,Firefox,Mozilla/5.0 (Macintosh; Intel Mac OS X 10.13; rv:109.0) Gecko/20100101 Firefox/115.0,60,,,,,,,,,,,,,,,,,,,,,,,,,,,,,,,,,,,,,,media/dgnb.png,2,2,Symb,e,RT,0,0,0,1,8,0,76,0,1,5,99,e,0.886,2,1,e,1,0.886,76,0,76,0,1,,,,,,,,,,,,,
,,,,,,,,,,,,,,,,,332,2,2024-03-28_10h27.22.721,Symbol-E,2020.1.3,MacIntel,Firefox,Mozilla/5.0 (Macintosh; Intel Mac OS X 10.13; rv:109.0) Gecko/20100101 Firefox/115.0,60,,,,,,,,,,,,,,,,,,,,,,,,,,,,,,,,,,,,,,media/dcnb.png,0,0,Symb,a,RT,0,0,0,1,8,0,77,0,1,5,99,a,0.788,0,1,a,1,0.788,77,0,77,0,1,,,,,,,,,,,,,
,,,,,,,,,,,,,,,,,332,2,2024-03-28_10h27.22.721,Symbol-E,2020.1.3,MacIntel,Firefox,Mozilla/5.0 (Macintosh; Intel Mac OS X 10.13; rv:109.0) Gecko/20100101 Firefox/115.0,60,,,,,,,,,,,,,,,,,,,,,,,,,,,,,,,,,,,,,,media/djnb.png,1,1,Symb,w,RT,0,0,0,1,8,0,78,0,1,5,99,w,0.77,1,1,w,1,0.77,78,0,78,0,1,,,,,,,,,,,,,
,,,,,,,,,,,,,,,,,332,2,2024-03-28_10h27.22.721,Symbol-E,2020.1.3,MacIntel,Firefox,Mozilla/5.0 (Macintosh; Intel Mac OS X 10.13; rv:109.0) Gecko/20100101 Firefox/115.0,60,,,,,,,,,,,,,,,,,,,,,,,,,,,,,,,,,,,,,,media/dnnb.png,7,3,Symb,l,RT,0,0,0,1,8,0,79,0,1,5,99,l,0.986,7,1,l,1,0.986,79,0,79,0,1,,,,,,,,,,,,,
,,,,,,,,,,,,,,,,,332,2,2024-03-28_10h27.22.721,Symbol-E,2020.1.3,MacIntel,Firefox,Mozilla/5.0 (Macintosh; Intel Mac OS X 10.13; rv:109.0) Gecko/20100101 Firefox/115.0,60,,,,,,,,,,,,,,,,,,,,,,,,,,,,,,,,,,,,,,media/dnnb.png,7,3,Symb,l,RT,0,0,0,1,8,0,80,0,1,5,99,l,0.534,7,1,l,1,0.534,80,0,80,0,1,,,,,,,,,,,,,
,,,,,,,,,,,,,,,,,332,2,2024-03-28_10h27.22.721,Symbol-E,2020.1.3,MacIntel,Firefox,Mozilla/5.0 (Macintosh; Intel Mac OS X 10.13; rv:109.0) Gecko/20100101 Firefox/115.0,60,,,,,,,,,,,,,,,,,,,,,,,,,,,,,,,,,,,,,,media/dmnb.png,4,0,Symb,h,RT,0,0,0,1,8,0,81,0,1,5,99,h,0.906,4,1,h,1,0.906,81,0,81,0,1,,,,,,,,,,,,,
,,,,,,,,,,,,,,,,,332,2,2024-03-28_10h27.22.721,Symbol-E,2020.1.3,MacIntel,Firefox,Mozilla/5.0 (Macintosh; Intel Mac OS X 10.13; rv:109.0) Gecko/20100101 Firefox/115.0,60,,,,,,,,,,,,,,,,,,,,,,,,,,,,,,,,,,,,,,media/dfnb.png,3,3,Symb,f,RT,0,0,0,1,8,0,82,0,1,5,99,f,1.571,3,1,f,1,1.571,82,0,82,0,1,,,,,,,,,,,,,
,,,,,,,,,,,,,,,,,332,2,2024-03-28_10h27.22.721,Symbol-E,2020.1.3,MacIntel,Firefox,Mozilla/5.0 (Macintosh; Intel Mac OS X 10.13; rv:109.0) Gecko/20100101 Firefox/115.0,60,,,,,,,,,,,,,,,,,,,,,,,,,,,,,,,,,,,,,,media/dmnb.png,4,0,Symb,h,RT,0,0,0,1,8,0,83,0,1,5,99,h,0.905,4,1,h,1,0.905,83,0,83,0,1,,,,,,,,,,,,,
,,,,,,,,,,,,,,,,,332,2,2024-03-28_10h27.22.721,Symbol-E,2020.1.3,MacIntel,Firefox,Mozilla/5.0 (Macintosh; Intel Mac OS X 10.13; rv:109.0) Gecko/20100101 Firefox/115.0,60,,,,,,,,,,,,,,,,,,,,,,,,,,,,,,,,,,,,,,media/djnb.png,1,1,Symb,w,RT,0,0,0,1,8,0,84,0,1,5,99,w,0.869,1,1,w,1,0.869,84,0,84,0,1,,,,,,,,,,,,,
,,,,,,,,,,,,,,,,,332,2,2024-03-28_10h27.22.721,Symbol-E,2020.1.3,MacIntel,Firefox,Mozilla/5.0 (Macintosh; Intel Mac OS X 10.13; rv:109.0) Gecko/20100101 Firefox/115.0,60,,,,,,,,,,,,,,,,,,,,,,,,,,,,,,,,,,,,,,media/dcnb.png,0,0,Symb,a,RT,0,0,0,1,8,0,85,0,1,5,99,a,0.835,0,1,a,1,0.835,85,0,85,0,1,,,,,,,,,,,,,
,,,,,,,,,,,,,,,,,332,2,2024-03-28_10h27.22.721,Symbol-E,2020.1.3,MacIntel,Firefox,Mozilla/5.0 (Macintosh; Intel Mac OS X 10.13; rv:109.0) Gecko/20100101 Firefox/115.0,60,,,,,,,,,,,,,,,,,,,,,,,,,,,,,,,,,,,,,,media/ddnb.png,5,1,Symb,u,RT,0,0,0,1,8,0,86,0,1,5,99,u,0.905,5,1,u,1,0.905,86,0,86,0,1,,,,,,,,,,,,,
,,,,,,,,,,,,,,,,,332,2,2024-03-28_10h27.22.721,Symbol-E,2020.1.3,MacIntel,Firefox,Mozilla/5.0 (Macintosh; Intel Mac OS X 10.13; rv:109.0) Gecko/20100101 Firefox/115.0,60,,,,,,,,,,,,,,,,,,,,,,,,,,,,,,,,,,,,,,media/dgnb.png,2,2,Symb,e,RT,0,0,0,1,8,0,87,0,1,5,99,e,0.822,2,1,e,1,0.822,87,0,87,0,1,,,,,,,,,,,,,
,,,,,,,,,,,,,,,,,332,2,2024-03-28_10h27.22.721,Symbol-E,2020.1.3,MacIntel,Firefox,Mozilla/5.0 (Macintosh; Intel Mac OS X 10.13; rv:109.0) Gecko/20100101 Firefox/115.0,60,,,,,,,,,,,,,,,,,,,,,,,,,,,,,,,,,,,,,,media/dinb.png,6,2,Symb,i,RT,0,0,0,1,8,0,88,0,1,5,99,i,1.088,6,1,i,1,1.088,88,0,88,0,1,,,,,,,,,,,,,
,,,,,,,,,,,,,,,,,332,2,2024-03-28_10h27.22.721,Symbol-E,2020.1.3,MacIntel,Firefox,Mozilla/5.0 (Macintosh; Intel Mac OS X 10.13; rv:109.0) Gecko/20100101 Firefox/115.0,60,,,,,,,,,,,,,,,,,,,,,,,,,,,,,,,,,,,,,,media/dinb.png,6,2,Symb,i,RT,0,0,0,1,8,0,89,0,1,5,99,i,0.738,6,1,i,1,0.738,89,0,89,0,1,,,,,,,,,,,,,
,,,,,,,,,,,,,,,,,332,2,2024-03-28_10h27.22.721,Symbol-E,2020.1.3,MacIntel,Firefox,Mozilla/5.0 (Macintosh; Intel Mac OS X 10.13; rv:109.0) Gecko/20100101 Firefox/115.0,60,,,,,,,,,,,,,,,,,,,,,,,,,,,,,,,,,,,,,,media/djnb.png,1,1,Symb,w,RT,0,0,0,1,8,0,90,0,1,5,99,w,0.92,1,1,w,1,0.92,90,0,90,0,1,,,,,,,,,,,,,
,,,,,,,,,,,,,,,,,332,2,2024-03-28_10h27.22.721,Symbol-E,2020.1.3,MacIntel,Firefox,Mozilla/5.0 (Macintosh; Intel Mac OS X 10.13; rv:109.0) Gecko/20100101 Firefox/115.0,60,,,,,,,,,,,,,,,,,,,,,,,,,,,,,,,,,,,,,,media/ddnb.png,5,1,Symb,u,RT,0,0,0,1,8,0,91,0,1,5,99,u,0.853,5,1,u,1,0.853,91,0,91,0,1,,,,,,,,,,,,,
,,,,,,,,,,,,,,,,,332,2,2024-03-28_10h27.22.721,Symbol-E,2020.1.3,MacIntel,Firefox,Mozilla/5.0 (Macintosh; Intel Mac OS X 10.13; rv:109.0) Gecko/20100101 Firefox/115.0,60,,,,,,,,,,,,,,,,,,,,,,,,,,,,,,,,,,,,,,media/dcnb.png,0,0,Symb,a,RT,0,0,0,1,8,0,92,0,1,5,99,a,0.856,0,1,a,1,0.856,92,0,92,0,1,,,,,,,,,,,,,
,,,,,,,,,,,,,,,,,332,2,2024-03-28_10h27.22.721,Symbol-E,2020.1.3,MacIntel,Firefox,Mozilla/5.0 (Macintosh; Intel Mac OS X 10.13; rv:109.0) Gecko/20100101 Firefox/115.0,60,,,,,,,,,,,,,,,,,,,,,,,,,,,,,,,,,,,,,,media/dnnb.png,7,3,Symb,l,RT,0,0,0,1,8,0,93,0,1,5,99,l,0.886,7,1,l,1,0.886,93,0,93,0,1,,,,,,,,,,,,,
,,,,,,,,,,,,,,,,,332,2,2024-03-28_10h27.22.721,Symbol-E,2020.1.3,MacIntel,Firefox,Mozilla/5.0 (Macintosh; Intel Mac OS X 10.13; rv:109.0) Gecko/20100101 Firefox/115.0,60,,,,,,,,,,,,,,,,,,,,,,,,,,,,,,,,,,,,,,media/dfnb.png,3,3,Symb,f,RT,0,0,0,1,8,0,94,0,1,5,99,f,1.152,3,1,f,1,1.152,94,0,94,0,1,,,,,,,,,,,,,
,,,,,,,,,,,,,,,,,332,2,2024-03-28_10h27.22.721,Symbol-E,2020.1.3,MacIntel,Firefox,Mozilla/5.0 (Macintosh; Intel Mac OS X 10.13; rv:109.0) Gecko/20100101 Firefox/115.0,60,,,,,,,,,,,,,,,,,,,,,,,,,,,,,,,,,,,,,,media/dgnb.png,2,2,Symb,e,RT,0,0,0,1,8,0,95,0,1,5,99,e,0.774,2,1,e,1,0.774,95,0,95,0,1,,,,,,,,,,,,,
,,,,,,,,,,,,,,,,,332,2,2024-03-28_10h27.22.721,Symbol-E,2020.1.3,MacIntel,Firefox,Mozilla/5.0 (Macintosh; Intel Mac OS X 10.13; rv:109.0) Gecko/20100101 Firefox/115.0,60,,,,,,,,,,,,,,,,,,,,,,,,,,,,,,,,,,,,,,,,,,,,,,,,,,,,,,,,,,,,,,,,,,,4,0,4,0,1,,,,,,,,
,,,,,,,,,,,,,,,,,332,2,2024-03-28_10h27.22.721,Symbol-E,2020.1.3,MacIntel,Firefox,Mozilla/5.0 (Macintosh; Intel Mac OS X 10.13; rv:109.0) Gecko/20100101 Firefox/115.0,60,,,,,,,,,,,,,,,,,,,,,,,,,,,,,,,,,,,,h,9.82,media/dcnb.png,0,0,Symb,a,RT,0,0,0,1,8,0,0,0,1,6,99,l,24.449,7,0,l,0,24.449,0,0,0,0,1,,,,,,,,,,,,,
,,,,,,,,,,,,,,,,,332,2,2024-03-28_10h27.22.721,Symbol-E,2020.1.3,MacIntel,Firefox,Mozilla/5.0 (Macintosh; Intel Mac OS X 10.13; rv:109.0) Gecko/20100101 Firefox/115.0,60,,,,,,,,,,,,,,,,,,,,,,,,,,,,,,,,,,,,,,media/dfnb.png,3,3,Symb,f,RT,0,0,0,1,8,0,1,0,1,6,99,f,3.025,3,1,f,1,3.025,1,0,1,0,1,,,,,,,,,,,,,
,,,,,,,,,,,,,,,,,332,2,2024-03-28_10h27.22.721,Symbol-E,2020.1.3,MacIntel,Firefox,Mozilla/5.0 (Macintosh; Intel Mac OS X 10.13; rv:109.0) Gecko/20100101 Firefox/115.0,60,,,,,,,,,,,,,,,,,,,,,,,,,,,,,,,,,,,,,,media/ddnb.png,5,1,Symb,u,RT,0,0,0,1,8,0,2,0,1,6,99,u,0.922,5,1,u,1,0.922,2,0,2,0,1,,,,,,,,,,,,,
,,,,,,,,,,,,,,,,,332,2,2024-03-28_10h27.22.721,Symbol-E,2020.1.3,MacIntel,Firefox,Mozilla/5.0 (Macintosh; Intel Mac OS X 10.13; rv:109.0) Gecko/20100101 Firefox/115.0,60,,,,,,,,,,,,,,,,,,,,,,,,,,,,,,,,,,,,,,media/dfnb.png,3,3,Symb,f,RT,0,0,0,1,8,0,3,0,1,6,99,f,1.187,3,1,f,1,1.187,3,0,3,0,1,,,,,,,,,,,,,
,,,,,,,,,,,,,,,,,332,2,2024-03-28_10h27.22.721,Symbol-E,2020.1.3,MacIntel,Firefox,Mozilla/5.0 (Macintosh; Intel Mac OS X 10.13; rv:109.0) Gecko/20100101 Firefox/115.0,60,,,,,,,,,,,,,,,,,,,,,,,,,,,,,,,,,,,,,,media/dnnb.png,7,3,Symb,l,RT,0,0,0,1,8,0,4,0,1,6,99,l,1.488,7,1,l,1,1.488,4,0,4,0,1,,,,,,,,,,,,,
,,,,,,,,,,,,,,,,,332,2,2024-03-28_10h27.22.721,Symbol-E,2020.1.3,MacIntel,Firefox,Mozilla/5.0 (Macintosh; Intel Mac OS X 10.13; rv:109.0) Gecko/20100101 Firefox/115.0,60,,,,,,,,,,,,,,,,,,,,,,,,,,,,,,,,,,,,,,media/djnb.png,1,1,Symb,w,RT,0,0,0,1,8,0,5,0,1,6,99,w,0.853,1,1,w,1,0.853,5,0,5,0,1,,,,,,,,,,,,,
,,,,,,,,,,,,,,,,,332,2,2024-03-28_10h27.22.721,Symbol-E,2020.1.3,MacIntel,Firefox,Mozilla/5.0 (Macintosh; Intel Mac OS X 10.13; rv:109.0) Gecko/20100101 Firefox/115.0,60,,,,,,,,,,,,,,,,,,,,,,,,,,,,,,,,,,,,,,media/dnnb.png,7,3,Symb,l,RT,0,0,0,1,8,0,6,0,1,6,99,l,1.122,7,1,l,1,1.122,6,0,6,0,1,,,,,,,,,,,,,
,,,,,,,,,,,,,,,,,332,2,2024-03-28_10h27.22.721,Symbol-E,2020.1.3,MacIntel,Firefox,Mozilla/5.0 (Macintosh; Intel Mac OS X 10.13; rv:109.0) Gecko/20100101 Firefox/115.0,60,,,,,,,,,,,,,,,,,,,,,,,,,,,,,,,,,,,,,,media/dgnb.png,2,2,Symb,e,RT,0,0,0,1,8,0,7,0,1,6,99,e,0.94,2,1,e,1,0.94,7,0,7,0,1,,,,,,,,,,,,,
,,,,,,,,,,,,,,,,,332,2,2024-03-28_10h27.22.721,Symbol-E,2020.1.3,MacIntel,Firefox,Mozilla/5.0 (Macintosh; Intel Mac OS X 10.13; rv:109.0) Gecko/20100101 Firefox/115.0,60,,,,,,,,,,,,,,,,,,,,,,,,,,,,,,,,,,,,,,media/ddnb.png,5,1,Symb,u,RT,0,0,0,1,8,0,8,0,1,6,99,u,0.808,5,1,u,1,0.808,8,0,8,0,1,,,,,,,,,,,,,
,,,,,,,,,,,,,,,,,332,2,2024-03-28_10h27.22.721,Symbol-E,2020.1.3,MacIntel,Firefox,Mozilla/5.0 (Macintosh; Intel Mac OS X 10.13; rv:109.0) Gecko/20100101 Firefox/115.0,60,,,,,,,,,,,,,,,,,,,,,,,,,,,,,,,,,,,,,,media/djnb.png,1,1,Symb,w,RT,0,0,0,1,8,0,9,0,1,6,99,w,0.853,1,1,w,1,0.853,9,0,9,0,1,,,,,,,,,,,,,
,,,,,,,,,,,,,,,,,332,2,2024-03-28_10h27.22.721,Symbol-E,2020.1.3,MacIntel,Firefox,Mozilla/5.0 (Macintosh; Intel Mac OS X 10.13; rv:109.0) Gecko/20100101 Firefox/115.0,60,,,,,,,,,,,,,,,,,,,,,,,,,,,,,,,,,,,,,,media/dcnb.png,0,0,Symb,a,RT,0,0,0,1,8,0,10,0,1,6,99,a,0.852,0,1,a,1,0.852,10,0,10,0,1,,,,,,,,,,,,,
,,,,,,,,,,,,,,,,,332,2,2024-03-28_10h27.22.721,Symbol-E,2020.1.3,MacIntel,Firefox,Mozilla/5.0 (Macintosh; Intel Mac OS X 10.13; rv:109.0) Gecko/20100101 Firefox/115.0,60,,,,,,,,,,,,,,,,,,,,,,,,,,,,,,,,,,,,,,media/dinb.png,6,2,Symb,i,RT,0,0,0,1,8,0,11,0,1,6,99,i,0.82,6,1,i,1,0.82,11,0,11,0,1,,,,,,,,,,,,,
,,,,,,,,,,,,,,,,,332,2,2024-03-28_10h27.22.721,Symbol-E,2020.1.3,MacIntel,Firefox,Mozilla/5.0 (Macintosh; Intel Mac OS X 10.13; rv:109.0) Gecko/20100101 Firefox/115.0,60,,,,,,,,,,,,,,,,,,,,,,,,,,,,,,,,,,,,,,media/dmnb.png,4,0,Symb,h,RT,0,0,0,1,8,0,12,0,1,6,99,h,1.203,4,1,h,1,1.203,12,0,12,0,1,,,,,,,,,,,,,
,,,,,,,,,,,,,,,,,332,2,2024-03-28_10h27.22.721,Symbol-E,2020.1.3,MacIntel,Firefox,Mozilla/5.0 (Macintosh; Intel Mac OS X 10.13; rv:109.0) Gecko/20100101 Firefox/115.0,60,,,,,,,,,,,,,,,,,,,,,,,,,,,,,,,,,,,,,,media/dmnb.png,4,0,Symb,h,RT,0,0,0,1,8,0,13,0,1,6,99,h,0.485,4,1,h,1,0.485,13,0,13,0,1,,,,,,,,,,,,,
,,,,,,,,,,,,,,,,,332,2,2024-03-28_10h27.22.721,Symbol-E,2020.1.3,MacIntel,Firefox,Mozilla/5.0 (Macintosh; Intel Mac OS X 10.13; rv:109.0) Gecko/20100101 Firefox/115.0,60,,,,,,,,,,,,,,,,,,,,,,,,,,,,,,,,,,,,,,media/dgnb.png,2,2,Symb,e,RT,0,0,0,1,8,0,14,0,1,6,99,e,0.903,2,1,e,1,0.903,14,0,14,0,1,,,,,,,,,,,,,
,,,,,,,,,,,,,,,,,332,2,2024-03-28_10h27.22.721,Symbol-E,2020.1.3,MacIntel,Firefox,Mozilla/5.0 (Macintosh; Intel Mac OS X 10.13; rv:109.0) Gecko/20100101 Firefox/115.0,60,,,,,,,,,,,,,,,,,,,,,,,,,,,,,,,,,,,,,,media/dinb.png,6,2,Symb,i,RT,0,0,0,1,8,0,15,0,1,6,99,i,0.869,6,1,i,1,0.869,15,0,15,0,1,,,,,,,,,,,,,
,,,,,,,,,,,,,,,,,332,2,2024-03-28_10h27.22.721,Symbol-E,2020.1.3,MacIntel,Firefox,Mozilla/5.0 (Macintosh; Intel Mac OS X 10.13; rv:109.0) Gecko/20100101 Firefox/115.0,60,,,,,,,,,,,,,,,,,,,,,,,,,,,,,,,,,,,,,,media/dnnb.png,7,3,Symb,l,RT,0,0,0,1,8,0,16,0,1,6,99,l,2.624,7,1,l,1,2.624,16,0,16,0,1,,,,,,,,,,,,,
,,,,,,,,,,,,,,,,,332,2,2024-03-28_10h27.22.721,Symbol-E,2020.1.3,MacIntel,Firefox,Mozilla/5.0 (Macintosh; Intel Mac OS X 10.13; rv:109.0) Gecko/20100101 Firefox/115.0,60,,,,,,,,,,,,,,,,,,,,,,,,,,,,,,,,,,,,,,media/dfnb.png,3,3,Symb,f,RT,0,0,0,1,8,0,17,0,1,6,99,f,0.97,3,1,f,1,0.97,17,0,17,0,1,,,,,,,,,,,,,
,,,,,,,,,,,,,,,,,332,2,2024-03-28_10h27.22.721,Symbol-E,2020.1.3,MacIntel,Firefox,Mozilla/5.0 (Macintosh; Intel Mac OS X 10.13; rv:109.0) Gecko/20100101 Firefox/115.0,60,,,,,,,,,,,,,,,,,,,,,,,,,,,,,,,,,,,,,,media/djnb.png,1,1,Symb,w,RT,0,0,0,1,8,0,18,0,1,6,99,w,0.772,1,1,w,1,0.772,18,0,18,0,1,,,,,,,,,,,,,
,,,,,,,,,,,,,,,,,332,2,2024-03-28_10h27.22.721,Symbol-E,2020.1.3,MacIntel,Firefox,Mozilla/5.0 (Macintosh; Intel Mac OS X 10.13; rv:109.0) Gecko/20100101 Firefox/115.0,60,,,,,,,,,,,,,,,,,,,,,,,,,,,,,,,,,,,,,,media/ddnb.png,5,1,Symb,u,RT,0,0,0,1,8,0,19,0,1,6,99,u,0.79,5,1,u,1,0.79,19,0,19,0,1,,,,,,,,,,,,,
,,,,,,,,,,,,,,,,,332,2,2024-03-28_10h27.22.721,Symbol-E,2020.1.3,MacIntel,Firefox,Mozilla/5.0 (Macintosh; Intel Mac OS X 10.13; rv:109.0) Gecko/20100101 Firefox/115.0,60,,,,,,,,,,,,,,,,,,,,,,,,,,,,,,,,,,,,,,media/dfnb.png,3,3,Symb,f,RT,0,0,0,1,8,0,20,0,1,6,99,f,1.087,3,1,f,1,1.087,20,0,20,0,1,,,,,,,,,,,,,
,,,,,,,,,,,,,,,,,332,2,2024-03-28_10h27.22.721,Symbol-E,2020.1.3,MacIntel,Firefox,Mozilla/5.0 (Macintosh; Intel Mac OS X 10.13; rv:109.0) Gecko/20100101 Firefox/115.0,60,,,,,,,,,,,,,,,,,,,,,,,,,,,,,,,,,,,,,,media/dgnb.png,2,2,Symb,e,RT,0,0,0,1,8,0,21,0,1,6,99,e,0.989,2,1,e,1,0.989,21,0,21,0,1,,,,,,,,,,,,,
,,,,,,,,,,,,,,,,,332,2,2024-03-28_10h27.22.721,Symbol-E,2020.1.3,MacIntel,Firefox,Mozilla/5.0 (Macintosh; Intel Mac OS X 10.13; rv:109.0) Gecko/20100101 Firefox/115.0,60,,,,,,,,,,,,,,,,,,,,,,,,,,,,,,,,,,,,,,media/dmnb.png,4,0,Symb,h,RT,0,0,0,1,8,0,22,0,1,6,99,h,1.671,4,1,h,1,1.671,22,0,22,0,1,,,,,,,,,,,,,
,,,,,,,,,,,,,,,,,332,2,2024-03-28_10h27.22.721,Symbol-E,2020.1.3,MacIntel,Firefox,Mozilla/5.0 (Macintosh; Intel Mac OS X 10.13; rv:109.0) Gecko/20100101 Firefox/115.0,60,,,,,,,,,,,,,,,,,,,,,,,,,,,,,,,,,,,,,,media/dcnb.png,0,0,Symb,a,RT,0,0,0,1,8,0,23,0,1,6,99,a,1.169,0,1,a,1,1.169,23,0,23,0,1,,,,,,,,,,,,,
,,,,,,,,,,,,,,,,,332,2,2024-03-28_10h27.22.721,Symbol-E,2020.1.3,MacIntel,Firefox,Mozilla/5.0 (Macintosh; Intel Mac OS X 10.13; rv:109.0) Gecko/20100101 Firefox/115.0,60,,,,,,,,,,,,,,,,,,,,,,,,,,,,,,,,,,,,,,media/dinb.png,6,2,Symb,i,RT,0,0,0,1,8,0,24,0,1,6,99,i,0.671,6,1,i,1,0.671,24,0,24,0,1,,,,,,,,,,,,,
,,,,,,,,,,,,,,,,,332,2,2024-03-28_10h27.22.721,Symbol-E,2020.1.3,MacIntel,Firefox,Mozilla/5.0 (Macintosh; Intel Mac OS X 10.13; rv:109.0) Gecko/20100101 Firefox/115.0,60,,,,,,,,,,,,,,,,,,,,,,,,,,,,,,,,,,,,,,media/ddnb.png,5,1,Symb,u,RT,0,0,0,1,8,0,25,0,1,6,99,u,0.852,5,1,u,1,0.852,25,0,25,0,1,,,,,,,,,,,,,
,,,,,,,,,,,,,,,,,332,2,2024-03-28_10h27.22.721,Symbol-E,2020.1.3,MacIntel,Firefox,Mozilla/5.0 (Macintosh; Intel Mac OS X 10.13; rv:109.0) Gecko/20100101 Firefox/115.0,60,,,,,,,,,,,,,,,,,,,,,,,,,,,,,,,,,,,,,,media/dinb.png,6,2,Symb,i,RT,0,0,0,1,8,0,26,0,1,6,99,i,0.719,6,1,i,1,0.719,26,0,26,0,1,,,,,,,,,,,,,
,,,,,,,,,,,,,,,,,332,2,2024-03-28_10h27.22.721,Symbol-E,2020.1.3,MacIntel,Firefox,Mozilla/5.0 (Macintosh; Intel Mac OS X 10.13; rv:109.0) Gecko/20100101 Firefox/115.0,60,,,,,,,,,,,,,,,,,,,,,,,,,,,,,,,,,,,,,,media/dmnb.png,4,0,Symb,h,RT,0,0,0,1,8,0,27,0,1,6,99,f,1.855,3,0,f,0,1.855,27,0,27,0,1,,,,,,,,,,,,,
,,,,,,,,,,,,,,,,,332,2,2024-03-28_10h27.22.721,Symbol-E,2020.1.3,MacIntel,Firefox,Mozilla/5.0 (Macintosh; Intel Mac OS X 10.13; rv:109.0) Gecko/20100101 Firefox/115.0,60,,,,,,,,,,,,,,,,,,,,,,,,,,,,,,,,,,,,,,media/dcnb.png,0,0,Symb,a,RT,0,0,0,1,8,0,28,0,1,6,99,a,0.988,0,1,a,1,0.988,28,0,28,0,1,,,,,,,,,,,,,
,,,,,,,,,,,,,,,,,332,2,2024-03-28_10h27.22.721,Symbol-E,2020.1.3,MacIntel,Firefox,Mozilla/5.0 (Macintosh; Intel Mac OS X 10.13; rv:109.0) Gecko/20100101 Firefox/115.0,60,,,,,,,,,,,,,,,,,,,,,,,,,,,,,,,,,,,,,,media/dnnb.png,7,3,Symb,l,RT,0,0,0,1,8,0,29,0,1,6,99,l,1.855,7,1,l,1,1.855,29,0,29,0,1,,,,,,,,,,,,,
,,,,,,,,,,,,,,,,,332,2,2024-03-28_10h27.22.721,Symbol-E,2020.1.3,MacIntel,Firefox,Mozilla/5.0 (Macintosh; Intel Mac OS X 10.13; rv:109.0) Gecko/20100101 Firefox/115.0,60,,,,,,,,,,,,,,,,,,,,,,,,,,,,,,,,,,,,,,media/djnb.png,1,1,Symb,w,RT,0,0,0,1,8,0,30,0,1,6,99,w,0.903,1,1,w,1,0.903,30,0,30,0,1,,,,,,,,,,,,,
,,,,,,,,,,,,,,,,,332,2,2024-03-28_10h27.22.721,Symbol-E,2020.1.3,MacIntel,Firefox,Mozilla/5.0 (Macintosh; Intel Mac OS X 10.13; rv:109.0) Gecko/20100101 Firefox/115.0,60,,,,,,,,,,,,,,,,,,,,,,,,,,,,,,,,,,,,,,media/dgnb.png,2,2,Symb,e,RT,0,0,0,1,8,0,31,0,1,6,99,e,2.539,2,1,e,1,2.539,31,0,31,0,1,,,,,,,,,,,,,
,,,,,,,,,,,,,,,,,332,2,2024-03-28_10h27.22.721,Symbol-E,2020.1.3,MacIntel,Firefox,Mozilla/5.0 (Macintosh; Intel Mac OS X 10.13; rv:109.0) Gecko/20100101 Firefox/115.0,60,,,,,,,,,,,,,,,,,,,,,,,,,,,,,,,,,,,,,,media/dfnb.png,3,3,Symb,f,RT,0,0,0,1,8,0,32,0,1,6,99,f,0.823,3,1,f,1,0.823,32,0,32,0,1,,,,,,,,,,,,,
,,,,,,,,,,,,,,,,,332,2,2024-03-28_10h27.22.721,Symbol-E,2020.1.3,MacIntel,Firefox,Mozilla/5.0 (Macintosh; Intel Mac OS X 10.13; rv:109.0) Gecko/20100101 Firefox/115.0,60,,,,,,,,,,,,,,,,,,,,,,,,,,,,,,,,,,,,,,media/dcnb.png,0,0,Symb,a,RT,0,0,0,1,8,0,33,0,1,6,99,a,0.737,0,1,a,1,0.737,33,0,33,0,1,,,,,,,,,,,,,
,,,,,,,,,,,,,,,,,332,2,2024-03-28_10h27.22.721,Symbol-E,2020.1.3,MacIntel,Firefox,Mozilla/5.0 (Macintosh; Intel Mac OS X 10.13; rv:109.0) Gecko/20100101 Firefox/115.0,60,,,,,,,,,,,,,,,,,,,,,,,,,,,,,,,,,,,,,,media/dgnb.png,2,2,Symb,e,RT,0,0,0,1,8,0,34,0,1,6,99,e,0.771,2,1,e,1,0.771,34,0,34,0,1,,,,,,,,,,,,,
,,,,,,,,,,,,,,,,,332,2,2024-03-28_10h27.22.721,Symbol-E,2020.1.3,MacIntel,Firefox,Mozilla/5.0 (Macintosh; Intel Mac OS X 10.13; rv:109.0) Gecko/20100101 Firefox/115.0,60,,,,,,,,,,,,,,,,,,,,,,,,,,,,,,,,,,,,,,media/ddnb.png,5,1,Symb,u,RT,0,0,0,1,8,0,35,0,1,6,99,u,0.77,5,1,u,1,0.77,35,0,35,0,1,,,,,,,,,,,,,
,,,,,,,,,,,,,,,,,332,2,2024-03-28_10h27.22.721,Symbol-E,2020.1.3,MacIntel,Firefox,Mozilla/5.0 (Macintosh; Intel Mac OS X 10.13; rv:109.0) Gecko/20100101 Firefox/115.0,60,,,,,,,,,,,,,,,,,,,,,,,,,,,,,,,,,,,,,,media/djnb.png,1,1,Symb,w,RT,0,0,0,1,8,0,36,0,1,6,99,w,0.719,1,1,w,1,0.719,36,0,36,0,1,,,,,,,,,,,,,
,,,,,,,,,,,,,,,,,332,2,2024-03-28_10h27.22.721,Symbol-E,2020.1.3,MacIntel,Firefox,Mozilla/5.0 (Macintosh; Intel Mac OS X 10.13; rv:109.0) Gecko/20100101 Firefox/115.0,60,,,,,,,,,,,,,,,,,,,,,,,,,,,,,,,,,,,,,,media/dcnb.png,0,0,Symb,a,RT,0,0,0,1,8,0,37,0,1,6,99,a,0.736,0,1,a,1,0.736,37,0,37,0,1,,,,,,,,,,,,,
,,,,,,,,,,,,,,,,,332,2,2024-03-28_10h27.22.721,Symbol-E,2020.1.3,MacIntel,Firefox,Mozilla/5.0 (Macintosh; Intel Mac OS X 10.13; rv:109.0) Gecko/20100101 Firefox/115.0,60,,,,,,,,,,,,,,,,,,,,,,,,,,,,,,,,,,,,,,media/dinb.png,6,2,Symb,i,RT,0,0,0,1,8,0,38,0,1,6,99,i,0.769,6,1,i,1,0.769,38,0,38,0,1,,,,,,,,,,,,,
,,,,,,,,,,,,,,,,,332,2,2024-03-28_10h27.22.721,Symbol-E,2020.1.3,MacIntel,Firefox,Mozilla/5.0 (Macintosh; Intel Mac OS X 10.13; rv:109.0) Gecko/20100101 Firefox/115.0,60,,,,,,,,,,,,,,,,,,,,,,,,,,,,,,,,,,,,,,media/ddnb.png,5,1,Symb,u,RT,0,0,0,1,8,0,39,0,1,6,99,u,0.701,5,1,u,1,0.701,39,0,39,0,1,,,,,,,,,,,,,
,,,,,,,,,,,,,,,,,332,2,2024-03-28_10h27.22.721,Symbol-E,2020.1.3,MacIntel,Firefox,Mozilla/5.0 (Macintosh; Intel Mac OS X 10.13; rv:109.0) Gecko/20100101 Firefox/115.0,60,,,,,,,,,,,,,,,,,,,,,,,,,,,,,,,,,,,,,,media/dmnb.png,4,0,Symb,h,RT,0,0,0,1,8,0,40,0,1,6,99,h,0.775,4,1,h,1,0.775,40,0,40,0,1,,,,,,,,,,,,,
,,,,,,,,,,,,,,,,,332,2,2024-03-28_10h27.22.721,Symbol-E,2020.1.3,MacIntel,Firefox,Mozilla/5.0 (Macintosh; Intel Mac OS X 10.13; rv:109.0) Gecko/20100101 Firefox/115.0,60,,,,,,,,,,,,,,,,,,,,,,,,,,,,,,,,,,,,,,media/dmnb.png,4,0,Symb,h,RT,0,0,0,1,8,0,41,0,1,6,99,h,0.519,4,1,h,1,0.519,41,0,41,0,1,,,,,,,,,,,,,
,,,,,,,,,,,,,,,,,332,2,2024-03-28_10h27.22.721,Symbol-E,2020.1.3,MacIntel,Firefox,Mozilla/5.0 (Macintosh; Intel Mac OS X 10.13; rv:109.0) Gecko/20100101 Firefox/115.0,60,,,,,,,,,,,,,,,,,,,,,,,,,,,,,,,,,,,,,,media/dgnb.png,2,2,Symb,e,RT,0,0,0,1,8,0,42,0,1,6,99,e,0.819,2,1,e,1,0.819,42,0,42,0,1,,,,,,,,,,,,,
,,,,,,,,,,,,,,,,,332,2,2024-03-28_10h27.22.721,Symbol-E,2020.1.3,MacIntel,Firefox,Mozilla/5.0 (Macintosh; Intel Mac OS X 10.13; rv:109.0) Gecko/20100101 Firefox/115.0,60,,,,,,,,,,,,,,,,,,,,,,,,,,,,,,,,,,,,,,media/dinb.png,6,2,Symb,i,RT,0,0,0,1,8,0,43,0,1,6,99,u,0.586,5,0,u,0,0.586,43,0,43,0,1,,,,,,,,,,,,,
,,,,,,,,,,,,,,,,,332,2,2024-03-28_10h27.22.721,Symbol-E,2020.1.3,MacIntel,Firefox,Mozilla/5.0 (Macintosh; Intel Mac OS X 10.13; rv:109.0) Gecko/20100101 Firefox/115.0,60,,,,,,,,,,,,,,,,,,,,,,,,,,,,,,,,,,,,,,media/dnnb.png,7,3,Symb,l,RT,0,0,0,1,8,0,44,0,1,6,99,l,1.105,7,1,l,1,1.105,44,0,44,0,1,,,,,,,,,,,,,
,,,,,,,,,,,,,,,,,332,2,2024-03-28_10h27.22.721,Symbol-E,2020.1.3,MacIntel,Firefox,Mozilla/5.0 (Macintosh; Intel Mac OS X 10.13; rv:109.0) Gecko/20100101 Firefox/115.0,60,,,,,,,,,,,,,,,,,,,,,,,,,,,,,,,,,,,,,,media/dnnb.png,7,3,Symb,l,RT,0,0,0,1,8,0,45,0,1,6,99,l,0.536,7,1,l,1,0.536,45,0,45,0,1,,,,,,,,,,,,,
,,,,,,,,,,,,,,,,,332,2,2024-03-28_10h27.22.721,Symbol-E,2020.1.3,MacIntel,Firefox,Mozilla/5.0 (Macintosh; Intel Mac OS X 10.13; rv:109.0) Gecko/20100101 Firefox/115.0,60,,,,,,,,,,,,,,,,,,,,,,,,,,,,,,,,,,,,,,media/djnb.png,1,1,Symb,w,RT,0,0,0,1,8,0,46,0,1,6,99,w,0.955,1,1,w,1,0.955,46,0,46,0,1,,,,,,,,,,,,,
,,,,,,,,,,,,,,,,,332,2,2024-03-28_10h27.22.721,Symbol-E,2020.1.3,MacIntel,Firefox,Mozilla/5.0 (Macintosh; Intel Mac OS X 10.13; rv:109.0) Gecko/20100101 Firefox/115.0,60,,,,,,,,,,,,,,,,,,,,,,,,,,,,,,,,,,,,,,media/dfnb.png,3,3,Symb,f,RT,0,0,0,1,8,0,47,0,1,6,99,f,1.805,3,1,f,1,1.805,47,0,47,0,1,,,,,,,,,,,,,
,,,,,,,,,,,,,,,,,332,2,2024-03-28_10h27.22.721,Symbol-E,2020.1.3,MacIntel,Firefox,Mozilla/5.0 (Macintosh; Intel Mac OS X 10.13; rv:109.0) Gecko/20100101 Firefox/115.0,60,,,,,,,,,,,,,,,,,,,,,,,,,,,,,,,,,,,,,,media/ddnb.png,5,1,Symb,u,RT,0,0,0,1,8,0,48,0,1,6,99,u,0.819,5,1,u,1,0.819,48,0,48,0,1,,,,,,,,,,,,,
,,,,,,,,,,,,,,,,,332,2,2024-03-28_10h27.22.721,Symbol-E,2020.1.3,MacIntel,Firefox,Mozilla/5.0 (Macintosh; Intel Mac OS X 10.13; rv:109.0) Gecko/20100101 Firefox/115.0,60,,,,,,,,,,,,,,,,,,,,,,,,,,,,,,,,,,,,,,media/dcnb.png,0,0,Symb,a,RT,0,0,0,1,8,0,49,0,1,6,99,a,1.337,0,1,a,1,1.337,49,0,49,0,1,,,,,,,,,,,,,
,,,,,,,,,,,,,,,,,332,2,2024-03-28_10h27.22.721,Symbol-E,2020.1.3,MacIntel,Firefox,Mozilla/5.0 (Macintosh; Intel Mac OS X 10.13; rv:109.0) Gecko/20100101 Firefox/115.0,60,,,,,,,,,,,,,,,,,,,,,,,,,,,,,,,,,,,,,,media/dinb.png,6,2,Symb,i,RT,0,0,0,1,8,0,50,0,1,6,99,i,0.752,6,1,i,1,0.752,50,0,50,0,1,,,,,,,,,,,,,
,,,,,,,,,,,,,,,,,332,2,2024-03-28_10h27.22.721,Symbol-E,2020.1.3,MacIntel,Firefox,Mozilla/5.0 (Macintosh; Intel Mac OS X 10.13; rv:109.0) Gecko/20100101 Firefox/115.0,60,,,,,,,,,,,,,,,,,,,,,,,,,,,,,,,,,,,,,,media/dmnb.png,4,0,Symb,h,RT,0,0,0,1,8,0,51,0,1,6,99,h,0.788,4,1,h,1,0.788,51,0,51,0,1,,,,,,,,,,,,,
,,,,,,,,,,,,,,,,,332,2,2024-03-28_10h27.22.721,Symbol-E,2020.1.3,MacIntel,Firefox,Mozilla/5.0 (Macintosh; Intel Mac OS X 10.13; rv:109.0) Gecko/20100101 Firefox/115.0,60,,,,,,,,,,,,,,,,,,,,,,,,,,,,,,,,,,,,,,media/djnb.png,1,1,Symb,w,RT,0,0,0,1,8,0,52,0,1,6,99,w,0.737,1,1,w,1,0.737,52,0,52,0,1,,,,,,,,,,,,,
,,,,,,,,,,,,,,,,,332,2,2024-03-28_10h27.22.721,Symbol-E,2020.1.3,MacIntel,Firefox,Mozilla/5.0 (Macintosh; Intel Mac OS X 10.13; rv:109.0) Gecko/20100101 Firefox/115.0,60,,,,,,,,,,,,,,,,,,,,,,,,,,,,,,,,,,,,,,media/ddnb.png,5,1,Symb,u,RT,0,0,0,1,8,0,53,0,1,6,99,u,0.805,5,1,u,1,0.805,53,0,53,0,1,,,,,,,,,,,,,
,,,,,,,,,,,,,,,,,332,2,2024-03-28_10h27.22.721,Symbol-E,2020.1.3,MacIntel,Firefox,Mozilla/5.0 (Macintosh; Intel Mac OS X 10.13; rv:109.0) Gecko/20100101 Firefox/115.0,60,,,,,,,,,,,,,,,,,,,,,,,,,,,,,,,,,,,,,,media/dgnb.png,2,2,Symb,e,RT,0,0,0,1,8,0,54,0,1,6,99,e,0.801,2,1,e,1,0.801,54,0,54,0,1,,,,,,,,,,,,,
,,,,,,,,,,,,,,,,,332,2,2024-03-28_10h27.22.721,Symbol-E,2020.1.3,MacIntel,Firefox,Mozilla/5.0 (Macintosh; Intel Mac OS X 10.13; rv:109.0) Gecko/20100101 Firefox/115.0,60,,,,,,,,,,,,,,,,,,,,,,,,,,,,,,,,,,,,,,media/dmnb.png,4,0,Symb,h,RT,0,0,0,1,8,0,55,0,1,6,99,h,2.206,4,1,h,1,2.206,55,0,55,0,1,,,,,,,,,,,,,
,,,,,,,,,,,,,,,,,332,2,2024-03-28_10h27.22.721,Symbol-E,2020.1.3,MacIntel,Firefox,Mozilla/5.0 (Macintosh; Intel Mac OS X 10.13; rv:109.0) Gecko/20100101 Firefox/115.0,60,,,,,,,,,,,,,,,,,,,,,,,,,,,,,,,,,,,,,,media/dfnb.png,3,3,Symb,f,RT,0,0,0,1,8,0,56,0,1,6,99,f,0.871,3,1,f,1,0.871,56,0,56,0,1,,,,,,,,,,,,,
,,,,,,,,,,,,,,,,,332,2,2024-03-28_10h27.22.721,Symbol-E,2020.1.3,MacIntel,Firefox,Mozilla/5.0 (Macintosh; Intel Mac OS X 10.13; rv:109.0) Gecko/20100101 Firefox/115.0,60,,,,,,,,,,,,,,,,,,,,,,,,,,,,,,,,,,,,,,media/dgnb.png,2,2,Symb,e,RT,0,0,0,1,8,0,57,0,1,6,99,e,1.053,2,1,e,1,1.053,57,0,57,0,1,,,,,,,,,,,,,
,,,,,,,,,,,,,,,,,332,2,2024-03-28_10h27.22.721,Symbol-E,2020.1.3,MacIntel,Firefox,Mozilla/5.0 (Macintosh; Intel Mac OS X 10.13; rv:109.0) Gecko/20100101 Firefox/115.0,60,,,,,,,,,,,,,,,,,,,,,,,,,,,,,,,,,,,,,,media/dnnb.png,7,3,Symb,l,RT,0,0,0,1,8,0,58,0,1,6,99,l,1.34,7,1,l,1,1.34,58,0,58,0,1,,,,,,,,,,,,,
,,,,,,,,,,,,,,,,,332,2,2024-03-28_10h27.22.721,Symbol-E,2020.1.3,MacIntel,Firefox,Mozilla/5.0 (Macintosh; Intel Mac OS X 10.13; rv:109.0) Gecko/20100101 Firefox/115.0,60,,,,,,,,,,,,,,,,,,,,,,,,,,,,,,,,,,,,,,media/dcnb.png,0,0,Symb,a,RT,0,0,0,1,8,0,59,0,1,6,99,a,0.786,0,1,a,1,0.786,59,0,59,0,1,,,,,,,,,,,,,
,,,,,,,,,,,,,,,,,332,2,2024-03-28_10h27.22.721,Symbol-E,2020.1.3,MacIntel,Firefox,Mozilla/5.0 (Macintosh; Intel Mac OS X 10.13; rv:109.0) Gecko/20100101 Firefox/115.0,60,,,,,,,,,,,,,,,,,,,,,,,,,,,,,,,,,,,,,,media/dnnb.png,7,3,Symb,l,RT,0,0,0,1,8,0,60,0,1,6,99,l,4.794,7,1,l,1,4.794,60,0,60,0,1,,,,,,,,,,,,,
,,,,,,,,,,,,,,,,,332,2,2024-03-28_10h27.22.721,Symbol-E,2020.1.3,MacIntel,Firefox,Mozilla/5.0 (Macintosh; Intel Mac OS X 10.13; rv:109.0) Gecko/20100101 Firefox/115.0,60,,,,,,,,,,,,,,,,,,,,,,,,,,,,,,,,,,,,,,media/dfnb.png,3,3,Symb,f,RT,0,0,0,1,8,0,61,0,1,6,99,f,1.02,3,1,f,1,1.02,61,0,61,0,1,,,,,,,,,,,,,
,,,,,,,,,,,,,,,,,332,2,2024-03-28_10h27.22.721,Symbol-E,2020.1.3,MacIntel,Firefox,Mozilla/5.0 (Macintosh; Intel Mac OS X 10.13; rv:109.0) Gecko/20100101 Firefox/115.0,60,,,,,,,,,,,,,,,,,,,,,,,,,,,,,,,,,,,,,,media/djnb.png,1,1,Symb,w,RT,0,0,0,1,8,0,62,0,1,6,99,w,0.885,1,1,w,1,0.885,62,0,62,0,1,,,,,,,,,,,,,
,,,,,,,,,,,,,,,,,332,2,2024-03-28_10h27.22.721,Symbol-E,2020.1.3,MacIntel,Firefox,Mozilla/5.0 (Macintosh; Intel Mac OS X 10.13; rv:109.0) Gecko/20100101 Firefox/115.0,60,,,,,,,,,,,,,,,,,,,,,,,,,,,,,,,,,,,,,,media/dinb.png,6,2,Symb,i,RT,0,0,0,1,8,0,63,0,1,6,99,i,0.872,6,1,i,1,0.872,63,0,63,0,1,,,,,,,,,,,,,
,,,,,,,,,,,,,,,,,332,2,2024-03-28_10h27.22.721,Symbol-E,2020.1.3,MacIntel,Firefox,Mozilla/5.0 (Macintosh; Intel Mac OS X 10.13; rv:109.0) Gecko/20100101 Firefox/115.0,60,,,,,,,,,,,,,,,,,,,,,,,,,,,,,,,,,,,,,,media/dcnb.png,0,0,Symb,a,RT,0,0,0,1,8,0,64,0,1,6,99,a,1.604,0,1,a,1,1.604,64,0,64,0,1,,,,,,,,,,,,,
,,,,,,,,,,,,,,,,,332,2,2024-03-28_10h27.22.721,Symbol-E,2020.1.3,MacIntel,Firefox,Mozilla/5.0 (Macintosh; Intel Mac OS X 10.13; rv:109.0) Gecko/20100101 Firefox/115.0,60,,,,,,,,,,,,,,,,,,,,,,,,,,,,,,,,,,,,,,media/dgnb.png,2,2,Symb,e,RT,0,0,0,1,8,0,65,0,1,6,99,w,2.623,1,0,w,0,2.623,65,0,65,0,1,,,,,,,,,,,,,
,,,,,,,,,,,,,,,,,332,2,2024-03-28_10h27.22.721,Symbol-E,2020.1.3,MacIntel,Firefox,Mozilla/5.0 (Macintosh; Intel Mac OS X 10.13; rv:109.0) Gecko/20100101 Firefox/115.0,60,,,,,,,,,,,,,,,,,,,,,,,,,,,,,,,,,,,,,,media/ddnb.png,5,1,Symb,u,RT,0,0,0,1,8,0,66,0,1,6,99,u,1.291,5,1,u,1,1.291,66,0,66,0,1,,,,,,,,,,,,,
,,,,,,,,,,,,,,,,,332,2,2024-03-28_10h27.22.721,Symbol-E,2020.1.3,MacIntel,Firefox,Mozilla/5.0 (Macintosh; Intel Mac OS X 10.13; rv:109.0) Gecko/20100101 Firefox/115.0,60,,,,,,,,,,,,,,,,,,,,,,,,,,,,,,,,,,,,,,media/dmnb.png,4,0,Symb,h,RT,0,0,0,1,8,0,67,0,1,6,99,h,4.142,4,1,h,1,4.142,67,0,67,0,1,,,,,,,,,,,,,
,,,,,,,,,,,,,,,,,332,2,2024-03-28_10h27.22.721,Symbol-E,2020.1.3,MacIntel,Firefox,Mozilla/5.0 (Macintosh; Intel Mac OS X 10.13; rv:109.0) Gecko/20100101 Firefox/115.0,60,,,,,,,,,,,,,,,,,,,,,,,,,,,,,,,,,,,,,,media/dinb.png,6,2,Symb,i,RT,0,0,0,1,8,0,68,0,1,6,99,i,0.803,6,1,i,1,0.803,68,0,68,0,1,,,,,,,,,,,,,
,,,,,,,,,,,,,,,,,332,2,2024-03-28_10h27.22.721,Symbol-E,2020.1.3,MacIntel,Firefox,Mozilla/5.0 (Macintosh; Intel Mac OS X 10.13; rv:109.0) Gecko/20100101 Firefox/115.0,60,,,,,,,,,,,,,,,,,,,,,,,,,,,,,,,,,,,,,,media/dnnb.png,7,3,Symb,l,RT,0,0,0,1,8,0,69,0,1,6,99,l,1.086,7,1,l,1,1.086,69,0,69,0,1,,,,,,,,,,,,,
,,,,,,,,,,,,,,,,,332,2,2024-03-28_10h27.22.721,Symbol-E,2020.1.3,MacIntel,Firefox,Mozilla/5.0 (Macintosh; Intel Mac OS X 10.13; rv:109.0) Gecko/20100101 Firefox/115.0,60,,,,,,,,,,,,,,,,,,,,,,,,,,,,,,,,,,,,,,media/djnb.png,1,1,Symb,w,RT,0,0,0,1,8,0,70,0,1,6,99,w,1.187,1,1,w,1,1.187,70,0,70,0,1,,,,,,,,,,,,,
,,,,,,,,,,,,,,,,,332,2,2024-03-28_10h27.22.721,Symbol-E,2020.1.3,MacIntel,Firefox,Mozilla/5.0 (Macintosh; Intel Mac OS X 10.13; rv:109.0) Gecko/20100101 Firefox/115.0,60,,,,,,,,,,,,,,,,,,,,,,,,,,,,,,,,,,,,,,media/dcnb.png,0,0,Symb,a,RT,0,0,0,1,8,0,71,0,1,6,99,a,0.987,0,1,a,1,0.987,71,0,71,0,1,,,,,,,,,,,,,
,,,,,,,,,,,,,,,,,332,2,2024-03-28_10h27.22.721,Symbol-E,2020.1.3,MacIntel,Firefox,Mozilla/5.0 (Macintosh; Intel Mac OS X 10.13; rv:109.0) Gecko/20100101 Firefox/115.0,60,,,,,,,,,,,,,,,,,,,,,,,,,,,,,,,,,,,,,,media/dfnb.png,3,3,Symb,f,RT,0,0,0,1,8,0,72,0,1,6,99,f,0.906,3,1,f,1,0.906,72,0,72,0,1,,,,,,,,,,,,,
,,,,,,,,,,,,,,,,,332,2,2024-03-28_10h27.22.721,Symbol-E,2020.1.3,MacIntel,Firefox,Mozilla/5.0 (Macintosh; Intel Mac OS X 10.13; rv:109.0) Gecko/20100101 Firefox/115.0,60,,,,,,,,,,,,,,,,,,,,,,,,,,,,,,,,,,,,,,media/dinb.png,6,2,Symb,i,RT,0,0,0,1,8,0,73,0,1,6,99,i,0.775,6,1,i,1,0.775,73,0,73,0,1,,,,,,,,,,,,,
,,,,,,,,,,,,,,,,,332,2,2024-03-28_10h27.22.721,Symbol-E,2020.1.3,MacIntel,Firefox,Mozilla/5.0 (Macintosh; Intel Mac OS X 10.13; rv:109.0) Gecko/20100101 Firefox/115.0,60,,,,,,,,,,,,,,,,,,,,,,,,,,,,,,,,,,,,,,media/dnnb.png,7,3,Symb,l,RT,0,0,0,1,8,0,74,0,1,6,99,l,1.64,7,1,l,1,1.64,74,0,74,0,1,,,,,,,,,,,,,
,,,,,,,,,,,,,,,,,332,2,2024-03-28_10h27.22.721,Symbol-E,2020.1.3,MacIntel,Firefox,Mozilla/5.0 (Macintosh; Intel Mac OS X 10.13; rv:109.0) Gecko/20100101 Firefox/115.0,60,,,,,,,,,,,,,,,,,,,,,,,,,,,,,,,,,,,,,,media/djnb.png,1,1,Symb,w,RT,0,0,0,1,8,0,75,0,1,6,99,w,1.17,1,1,w,1,1.17,75,0,75,0,1,,,,,,,,,,,,,
,,,,,,,,,,,,,,,,,332,2,2024-03-28_10h27.22.721,Symbol-E,2020.1.3,MacIntel,Firefox,Mozilla/5.0 (Macintosh; Intel Mac OS X 10.13; rv:109.0) Gecko/20100101 Firefox/115.0,60,,,,,,,,,,,,,,,,,,,,,,,,,,,,,,,,,,,,,,media/dmnb.png,4,0,Symb,h,RT,0,0,0,1,8,0,76,0,1,6,99,h,2.473,4,1,h,1,2.473,76,0,76,0,1,,,,,,,,,,,,,
,,,,,,,,,,,,,,,,,332,2,2024-03-28_10h27.22.721,Symbol-E,2020.1.3,MacIntel,Firefox,Mozilla/5.0 (Macintosh; Intel Mac OS X 10.13; rv:109.0) Gecko/20100101 Firefox/115.0,60,,,,,,,,,,,,,,,,,,,,,,,,,,,,,,,,,,,,,,media/dfnb.png,3,3,Symb,f,RT,0,0,0,1,8,0,77,0,1,6,99,f,3.826,3,1,f,1,3.826,77,0,77,0,1,,,,,,,,,,,,,
,,,,,,,,,,,,,,,,,332,2,2024-03-28_10h27.22.721,Symbol-E,2020.1.3,MacIntel,Firefox,Mozilla/5.0 (Macintosh; Intel Mac OS X 10.13; rv:109.0) Gecko/20100101 Firefox/115.0,60,,,,,,,,,,,,,,,,,,,,,,,,,,,,,,,,,,,,,,media/dgnb.png,2,2,Symb,e,RT,0,0,0,1,8,0,78,0,1,6,99,e,1.153,2,1,e,1,1.153,78,0,78,0,1,,,,,,,,,,,,,
,,,,,,,,,,,,,,,,,332,2,2024-03-28_10h27.22.721,Symbol-E,2020.1.3,MacIntel,Firefox,Mozilla/5.0 (Macintosh; Intel Mac OS X 10.13; rv:109.0) Gecko/20100101 Firefox/115.0,60,,,,,,,,,,,,,,,,,,,,,,,,,,,,,,,,,,,,,,media/ddnb.png,5,1,Symb,u,RT,0,0,0,1,8,0,79,0,1,6,99,u,1.12,5,1,u,1,1.12,79,0,79,0,1,,,,,,,,,,,,,
,,,,,,,,,,,,,,,,,332,2,2024-03-28_10h27.22.721,Symbol-E,2020.1.3,MacIntel,Firefox,Mozilla/5.0 (Macintosh; Intel Mac OS X 10.13; rv:109.0) Gecko/20100101 Firefox/115.0,60,,,,,,,,,,,,,,,,,,,,,,,,,,,,,,,,,,,,,,media/dmnb.png,4,0,Symb,h,RT,0,0,0,1,8,0,80,0,1,6,99,h,0.853,4,1,h,1,0.853,80,0,80,0,1,,,,,,,,,,,,,
,,,,,,,,,,,,,,,,,332,2,2024-03-28_10h27.22.721,Symbol-E,2020.1.3,MacIntel,Firefox,Mozilla/5.0 (Macintosh; Intel Mac OS X 10.13; rv:109.0) Gecko/20100101 Firefox/115.0,60,,,,,,,,,,,,,,,,,,,,,,,,,,,,,,,,,,,,,,media/dfnb.png,3,3,Symb,f,RT,0,0,0,1,8,0,81,0,1,6,99,f,0.889,3,1,f,1,0.889,81,0,81,0,1,,,,,,,,,,,,,
,,,,,,,,,,,,,,,,,332,2,2024-03-28_10h27.22.721,Symbol-E,2020.1.3,MacIntel,Firefox,Mozilla/5.0 (Macintosh; Intel Mac OS X 10.13; rv:109.0) Gecko/20100101 Firefox/115.0,60,,,,,,,,,,,,,,,,,,,,,,,,,,,,,,,,,,,,,,media/dnnb.png,7,3,Symb,l,RT,0,0,0,1,8,0,82,0,1,6,99,u,1.002,5,0,u,0,1.002,82,0,82,0,1,,,,,,,,,,,,,
,,,,,,,,,,,,,,,,,332,2,2024-03-28_10h27.22.721,Symbol-E,2020.1.3,MacIntel,Firefox,Mozilla/5.0 (Macintosh; Intel Mac OS X 10.13; rv:109.0) Gecko/20100101 Firefox/115.0,60,,,,,,,,,,,,,,,,,,,,,,,,,,,,,,,,,,,,,,media/ddnb.png,5,1,Symb,u,RT,0,0,0,1,8,0,83,0,1,6,99,u,0.836,5,1,u,1,0.836,83,0,83,0,1,,,,,,,,,,,,,
,,,,,,,,,,,,,,,,,332,2,2024-03-28_10h27.22.721,Symbol-E,2020.1.3,MacIntel,Firefox,Mozilla/5.0 (Macintosh; Intel Mac OS X 10.13; rv:109.0) Gecko/20100101 Firefox/115.0,60,,,,,,,,,,,,,,,,,,,,,,,,,,,,,,,,,,,,,,media/djnb.png,1,1,Symb,w,RT,0,0,0,1,8,0,84,0,1,6,99,w,1.303,1,1,w,1,1.303,84,0,84,0,1,,,,,,,,,,,,,
,,,,,,,,,,,,,,,,,332,2,2024-03-28_10h27.22.721,Symbol-E,2020.1.3,MacIntel,Firefox,Mozilla/5.0 (Macintosh; Intel Mac OS X 10.13; rv:109.0) Gecko/20100101 Firefox/115.0,60,,,,,,,,,,,,,,,,,,,,,,,,,,,,,,,,,,,,,,media/dmnb.png,4,0,Symb,h,RT,0,0,0,1,8,0,85,0,1,6,99,f,1.107,3,0,f,0,1.107,85,0,85,0,1,,,,,,,,,,,,,
,,,,,,,,,,,,,,,,,332,2,2024-03-28_10h27.22.721,Symbol-E,2020.1.3,MacIntel,Firefox,Mozilla/5.0 (Macintosh; Intel Mac OS X 10.13; rv:109.0) Gecko/20100101 Firefox/115.0,60,,,,,,,,,,,,,,,,,,,,,,,,,,,,,,,,,,,,,,media/dfnb.png,3,3,Symb,f,RT,0,0,0,1,8,0,86,0,1,6,99,f,3.657,3,1,f,1,3.657,86,0,86,0,1,,,,,,,,,,,,,
,,,,,,,,,,,,,,,,,332,2,2024-03-28_10h27.22.721,Symbol-E,2020.1.3,MacIntel,Firefox,Mozilla/5.0 (Macintosh; Intel Mac OS X 10.13; rv:109.0) Gecko/20100101 Firefox/115.0,60,,,,,,,,,,,,,,,,,,,,,,,,,,,,,,,,,,,,,,media/dnnb.png,7,3,Symb,l,RT,0,0,0,1,8,0,87,0,1,6,99,l,1.357,7,1,l,1,1.357,87,0,87,0,1,,,,,,,,,,,,,
,,,,,,,,,,,,,,,,,332,2,2024-03-28_10h27.22.721,Symbol-E,2020.1.3,MacIntel,Firefox,Mozilla/5.0 (Macintosh; Intel Mac OS X 10.13; rv:109.0) Gecko/20100101 Firefox/115.0,60,,,,,,,,,,,,,,,,,,,,,,,,,,,,,,,,,,,,,,media/dgnb.png,2,2,Symb,e,RT,0,0,0,1,8,0,88,0,1,6,99,w,1.104,1,0,w,0,1.104,88,0,88,0,1,,,,,,,,,,,,,
,,,,,,,,,,,,,,,,,332,2,2024-03-28_10h27.22.721,Symbol-E,2020.1.3,MacIntel,Firefox,Mozilla/5.0 (Macintosh; Intel Mac OS X 10.13; rv:109.0) Gecko/20100101 Firefox/115.0,60,,,,,,,,,,,,,,,,,,,,,,,,,,,,,,,,,,,,,,media/dcnb.png,0,0,Symb,a,RT,0,0,0,1,8,0,89,0,1,6,99,a,0.973,0,1,a,1,0.973,89,0,89,0,1,,,,,,,,,,,,,
,,,,,,,,,,,,,,,,,332,2,2024-03-28_10h27.22.721,Symbol-E,2020.1.3,MacIntel,Firefox,Mozilla/5.0 (Macintosh; Intel Mac OS X 10.13; rv:109.0) Gecko/20100101 Firefox/115.0,60,,,,,,,,,,,,,,,,,,,,,,,,,,,,,,,,,,,,,,media/dinb.png,6,2,Symb,i,RT,0,0,0,1,8,0,90,0,1,6,99,i,0.919,6,1,i,1,0.919,90,0,90,0,1,,,,,,,,,,,,,
,,,,,,,,,,,,,,,,,332,2,2024-03-28_10h27.22.721,Symbol-E,2020.1.3,MacIntel,Firefox,Mozilla/5.0 (Macintosh; Intel Mac OS X 10.13; rv:109.0) Gecko/20100101 Firefox/115.0,60,,,,,,,,,,,,,,,,,,,,,,,,,,,,,,,,,,,,,,media/dgnb.png,2,2,Symb,e,RT,0,0,0,1,8,0,91,0,1,6,99,e,0.956,2,1,e,1,0.956,91,0,91,0,1,,,,,,,,,,,,,
,,,,,,,,,,,,,,,,,332,2,2024-03-28_10h27.22.721,Symbol-E,2020.1.3,MacIntel,Firefox,Mozilla/5.0 (Macintosh; Intel Mac OS X 10.13; rv:109.0) Gecko/20100101 Firefox/115.0,60,,,,,,,,,,,,,,,,,,,,,,,,,,,,,,,,,,,,,,media/dcnb.png,0,0,Symb,a,RT,0,0,0,1,8,0,92,0,1,6,99,a,4.911,0,1,a,1,4.911,92,0,92,0,1,,,,,,,,,,,,,
,,,,,,,,,,,,,,,,,332,2,2024-03-28_10h27.22.721,Symbol-E,2020.1.3,MacIntel,Firefox,Mozilla/5.0 (Macintosh; Intel Mac OS X 10.13; rv:109.0) Gecko/20100101 Firefox/115.0,60,,,,,,,,,,,,,,,,,,,,,,,,,,,,,,,,,,,,,,media/dinb.png,6,2,Symb,i,RT,0,0,0,1,8,0,93,0,1,6,99,i,0.786,6,1,i,1,0.786,93,0,93,0,1,,,,,,,,,,,,,
,,,,,,,,,,,,,,,,,332,2,2024-03-28_10h27.22.721,Symbol-E,2020.1.3,MacIntel,Firefox,Mozilla/5.0 (Macintosh; Intel Mac OS X 10.13; rv:109.0) Gecko/20100101 Firefox/115.0,60,,,,,,,,,,,,,,,,,,,,,,,,,,,,,,,,,,,,,,media/ddnb.png,5,1,Symb,u,RT,0,0,0,1,8,0,94,0,1,6,99,u,0.939,5,1,u,1,0.939,94,0,94,0,1,,,,,,,,,,,,,
,,,,,,,,,,,,,,,,,332,2,2024-03-28_10h27.22.721,Symbol-E,2020.1.3,MacIntel,Firefox,Mozilla/5.0 (Macintosh; Intel Mac OS X 10.13; rv:109.0) Gecko/20100101 Firefox/115.0,60,,,,,,,,,,,,,,,,,,,,,,,,,,,,,,,,,,,,,,media/djnb.png,1,1,Symb,w,RT,0,0,0,1,8,0,95,0,1,6,99,w,1.421,1,1,w,1,1.421,95,0,95,0,1,,,,,,,,,,,,,
,,,,,,,,,,,,,,,,,332,2,2024-03-28_10h27.22.721,Symbol-E,2020.1.3,MacIntel,Firefox,Mozilla/5.0 (Macintosh; Intel Mac OS X 10.13; rv:109.0) Gecko/20100101 Firefox/115.0,60,,,,,,,,,,,,,,,,,,,,,,,,,,,,,,,,,,,,,,,,,,,,,,,,,,,,,,,,,,,,,,,,,,,5,0,5,0,1,,,,,,,,
,,,,,,,,,,,,,,,,,332,2,2024-03-28_10h27.22.721,Symbol-E,2020.1.3,MacIntel,Firefox,Mozilla/5.0 (Macintosh; Intel Mac OS X 10.13; rv:109.0) Gecko/20100101 Firefox/115.0,60,,,,,,,,,,,,,,,,,,,,,,,,,,,,,,,,,,,,h,0.355,media/ddnb.png,5,1,Symb,u,RT,0,0,0,1,8,0,0,0,1,7,99,u,6.547,5,1,u,1,6.547,0,0,0,0,1,,,,,,,,,,,,,
,,,,,,,,,,,,,,,,,332,2,2024-03-28_10h27.22.721,Symbol-E,2020.1.3,MacIntel,Firefox,Mozilla/5.0 (Macintosh; Intel Mac OS X 10.13; rv:109.0) Gecko/20100101 Firefox/115.0,60,,,,,,,,,,,,,,,,,,,,,,,,,,,,,,,,,,,,,,media/djnb.png,1,1,Symb,w,RT,0,0,0,1,8,0,1,0,1,7,99,w,0.903,1,1,w,1,0.903,1,0,1,0,1,,,,,,,,,,,,,
,,,,,,,,,,,,,,,,,332,2,2024-03-28_10h27.22.721,Symbol-E,2020.1.3,MacIntel,Firefox,Mozilla/5.0 (Macintosh; Intel Mac OS X 10.13; rv:109.0) Gecko/20100101 Firefox/115.0,60,,,,,,,,,,,,,,,,,,,,,,,,,,,,,,,,,,,,,,media/dgnb.png,2,2,Symb,e,RT,0,0,0,1,8,0,2,0,1,7,99,e,1.069,2,1,e,1,1.069,2,0,2,0,1,,,,,,,,,,,,,
,,,,,,,,,,,,,,,,,332,2,2024-03-28_10h27.22.721,Symbol-E,2020.1.3,MacIntel,Firefox,Mozilla/5.0 (Macintosh; Intel Mac OS X 10.13; rv:109.0) Gecko/20100101 Firefox/115.0,60,,,,,,,,,,,,,,,,,,,,,,,,,,,,,,,,,,,,,,media/dfnb.png,3,3,Symb,f,RT,0,0,0,1,8,0,3,0,1,7,99,f,1.36,3,1,f,1,1.36,3,0,3,0,1,,,,,,,,,,,,,
,,,,,,,,,,,,,,,,,332,2,2024-03-28_10h27.22.721,Symbol-E,2020.1.3,MacIntel,Firefox,Mozilla/5.0 (Macintosh; Intel Mac OS X 10.13; rv:109.0) Gecko/20100101 Firefox/115.0,60,,,,,,,,,,,,,,,,,,,,,,,,,,,,,,,,,,,,,,media/dmnb.png,4,0,Symb,h,RT,0,0,0,1,8,0,4,0,1,7,99,u,0.886,5,0,u,0,0.886,4,0,4,0,1,,,,,,,,,,,,,
,,,,,,,,,,,,,,,,,332,2,2024-03-28_10h27.22.721,Symbol-E,2020.1.3,MacIntel,Firefox,Mozilla/5.0 (Macintosh; Intel Mac OS X 10.13; rv:109.0) Gecko/20100101 Firefox/115.0,60,,,,,,,,,,,,,,,,,,,,,,,,,,,,,,,,,,,,,,media/dgnb.png,2,2,Symb,e,RT,0,0,0,1,8,0,5,0,1,7,99,e,1.036,2,1,e,1,1.036,5,0,5,0,1,,,,,,,,,,,,,
,,,,,,,,,,,,,,,,,332,2,2024-03-28_10h27.22.721,Symbol-E,2020.1.3,MacIntel,Firefox,Mozilla/5.0 (Macintosh; Intel Mac OS X 10.13; rv:109.0) Gecko/20100101 Firefox/115.0,60,,,,,,,,,,,,,,,,,,,,,,,,,,,,,,,,,,,,,,media/dnnb.png,7,3,Symb,l,RT,0,0,0,1,8,0,6,0,1,7,99,l,1.121,7,1,l,1,1.121,6,0,6,0,1,,,,,,,,,,,,,
,,,,,,,,,,,,,,,,,332,2,2024-03-28_10h27.22.721,Symbol-E,2020.1.3,MacIntel,Firefox,Mozilla/5.0 (Macintosh; Intel Mac OS X 10.13; rv:109.0) Gecko/20100101 Firefox/115.0,60,,,,,,,,,,,,,,,,,,,,,,,,,,,,,,,,,,,,,,media/dcnb.png,0,0,Symb,a,RT,0,0,0,1,8,0,7,0,1,7,99,a,0.87,0,1,a,1,0.87,7,0,7,0,1,,,,,,,,,,,,,
,,,,,,,,,,,,,,,,,332,2,2024-03-28_10h27.22.721,Symbol-E,2020.1.3,MacIntel,Firefox,Mozilla/5.0 (Macintosh; Intel Mac OS X 10.13; rv:109.0) Gecko/20100101 Firefox/115.0,60,,,,,,,,,,,,,,,,,,,,,,,,,,,,,,,,,,,,,,media/dcnb.png,0,0,Symb,a,RT,0,0,0,1,8,0,8,0,1,7,99,a,0.587,0,1,a,1,0.587,8,0,8,0,1,,,,,,,,,,,,,
,,,,,,,,,,,,,,,,,332,2,2024-03-28_10h27.22.721,Symbol-E,2020.1.3,MacIntel,Firefox,Mozilla/5.0 (Macintosh; Intel Mac OS X 10.13; rv:109.0) Gecko/20100101 Firefox/115.0,60,,,,,,,,,,,,,,,,,,,,,,,,,,,,,,,,,,,,,,media/djnb.png,1,1,Symb,w,RT,0,0,0,1,8,0,9,0,1,7,99,w,0.723,1,1,w,1,0.723,9,0,9,0,1,,,,,,,,,,,,,
,,,,,,,,,,,,,,,,,332,2,2024-03-28_10h27.22.721,Symbol-E,2020.1.3,MacIntel,Firefox,Mozilla/5.0 (Macintosh; Intel Mac OS X 10.13; rv:109.0) Gecko/20100101 Firefox/115.0,60,,,,,,,,,,,,,,,,,,,,,,,,,,,,,,,,,,,,,,media/dinb.png,6,2,Symb,i,RT,0,0,0,1,8,0,10,0,1,7,99,i,0.806,6,1,i,1,0.806,10,0,10,0,1,,,,,,,,,,,,,
,,,,,,,,,,,,,,,,,332,2,2024-03-28_10h27.22.721,Symbol-E,2020.1.3,MacIntel,Firefox,Mozilla/5.0 (Macintosh; Intel Mac OS X 10.13; rv:109.0) Gecko/20100101 Firefox/115.0,60,,,,,,,,,,,,,,,,,,,,,,,,,,,,,,,,,,,,,,media/ddnb.png,5,1,Symb,u,RT,0,0,0,1,8,0,11,0,1,7,99,u,0.987,5,1,u,1,0.987,11,0,11,0,1,,,,,,,,,,,,,
,,,,,,,,,,,,,,,,,332,2,2024-03-28_10h27.22.721,Symbol-E,2020.1.3,MacIntel,Firefox,Mozilla/5.0 (Macintosh; Intel Mac OS X 10.13; rv:109.0) Gecko/20100101 Firefox/115.0,60,,,,,,,,,,,,,,,,,,,,,,,,,,,,,,,,,,,,,,media/dnnb.png,7,3,Symb,l,RT,0,0,0,1,8,0,12,0,1,7,99,l,1.338,7,1,l,1,1.338,12,0,12,0,1,,,,,,,,,,,,,
,,,,,,,,,,,,,,,,,332,2,2024-03-28_10h27.22.721,Symbol-E,2020.1.3,MacIntel,Firefox,Mozilla/5.0 (Macintosh; Intel Mac OS X 10.13; rv:109.0) Gecko/20100101 Firefox/115.0,60,,,,,,,,,,,,,,,,,,,,,,,,,,,,,,,,,,,,,,media/dfnb.png,3,3,Symb,f,RT,0,0,0,1,8,0,13,0,1,7,99,f,0.939,3,1,f,1,0.939,13,0,13,0,1,,,,,,,,,,,,,
,,,,,,,,,,,,,,,,,332,2,2024-03-28_10h27.22.721,Symbol-E,2020.1.3,MacIntel,Firefox,Mozilla/5.0 (Macintosh; Intel Mac OS X 10.13; rv:109.0) Gecko/20100101 Firefox/115.0,60,,,,,,,,,,,,,,,,,,,,,,,,,,,,,,,,,,,,,,media/dmnb.png,4,0,Symb,h,RT,0,0,0,1,8,0,14,0,1,7,99,h,1.103,4,1,h,1,1.103,14,0,14,0,1,,,,,,,,,,,,,
,,,,,,,,,,,,,,,,,332,2,2024-03-28_10h27.22.721,Symbol-E,2020.1.3,MacIntel,Firefox,Mozilla/5.0 (Macintosh; Intel Mac OS X 10.13; rv:109.0) Gecko/20100101 Firefox/115.0,60,,,,,,,,,,,,,,,,,,,,,,,,,,,,,,,,,,,,,,media/dinb.png,6,2,Symb,i,RT,0,0,0,1,8,0,15,0,1,7,99,i,0.819,6,1,i,1,0.819,15,0,15,0,1,,,,,,,,,,,,,
,,,,,,,,,,,,,,,,,332,2,2024-03-28_10h27.22.721,Symbol-E,2020.1.3,MacIntel,Firefox,Mozilla/5.0 (Macintosh; Intel Mac OS X 10.13; rv:109.0) Gecko/20100101 Firefox/115.0,60,,,,,,,,,,,,,,,,,,,,,,,,,,,,,,,,,,,,,,media/djnb.png,1,1,Symb,w,RT,0,0,0,1,8,0,16,0,1,7,99,w,0.822,1,1,w,1,0.822,16,0,16,0,1,,,,,,,,,,,,,
,,,,,,,,,,,,,,,,,332,2,2024-03-28_10h27.22.721,Symbol-E,2020.1.3,MacIntel,Firefox,Mozilla/5.0 (Macintosh; Intel Mac OS X 10.13; rv:109.0) Gecko/20100101 Firefox/115.0,60,,,,,,,,,,,,,,,,,,,,,,,,,,,,,,,,,,,,,,media/dgnb.png,2,2,Symb,e,RT,0,0,0,1,8,0,17,0,1,7,99,e,0.836,2,1,e,1,0.836,17,0,17,0,1,,,,,,,,,,,,,
,,,,,,,,,,,,,,,,,332,2,2024-03-28_10h27.22.721,Symbol-E,2020.1.3,MacIntel,Firefox,Mozilla/5.0 (Macintosh; Intel Mac OS X 10.13; rv:109.0) Gecko/20100101 Firefox/115.0,60,,,,,,,,,,,,,,,,,,,,,,,,,,,,,,,,,,,,,,media/dnnb.png,7,3,Symb,l,RT,0,0,0,1,8,0,18,0,1,7,99,l,0.858,7,1,l,1,0.858,18,0,18,0,1,,,,,,,,,,,,,
,,,,,,,,,,,,,,,,,332,2,2024-03-28_10h27.22.721,Symbol-E,2020.1.3,MacIntel,Firefox,Mozilla/5.0 (Macintosh; Intel Mac OS X 10.13; rv:109.0) Gecko/20100101 Firefox/115.0,60,,,,,,,,,,,,,,,,,,,,,,,,,,,,,,,,,,,,,,media/dmnb.png,4,0,Symb,h,RT,0,0,0,1,8,0,19,0,1,7,99,h,0.986,4,1,h,1,0.986,19,0,19,0,1,,,,,,,,,,,,,
,,,,,,,,,,,,,,,,,332,2,2024-03-28_10h27.22.721,Symbol-E,2020.1.3,MacIntel,Firefox,Mozilla/5.0 (Macintosh; Intel Mac OS X 10.13; rv:109.0) Gecko/20100101 Firefox/115.0,60,,,,,,,,,,,,,,,,,,,,,,,,,,,,,,,,,,,,,,media/dmnb.png,4,0,Symb,h,RT,0,0,0,1,8,0,20,0,1,7,99,h,0.457,4,1,h,1,0.457,20,0,20,0,1,,,,,,,,,,,,,
,,,,,,,,,,,,,,,,,332,2,2024-03-28_10h27.22.721,Symbol-E,2020.1.3,MacIntel,Firefox,Mozilla/5.0 (Macintosh; Intel Mac OS X 10.13; rv:109.0) Gecko/20100101 Firefox/115.0,60,,,,,,,,,,,,,,,,,,,,,,,,,,,,,,,,,,,,,,media/dgnb.png,2,2,Symb,e,RT,0,0,0,1,8,0,21,0,1,7,99,e,0.935,2,1,e,1,0.935,21,0,21,0,1,,,,,,,,,,,,,
,,,,,,,,,,,,,,,,,332,2,2024-03-28_10h27.22.721,Symbol-E,2020.1.3,MacIntel,Firefox,Mozilla/5.0 (Macintosh; Intel Mac OS X 10.13; rv:109.0) Gecko/20100101 Firefox/115.0,60,,,,,,,,,,,,,,,,,,,,,,,,,,,,,,,,,,,,,,media/ddnb.png,5,1,Symb,u,RT,0,0,0,1,8,0,22,0,1,7,99,u,1.071,5,1,u,1,1.071,22,0,22,0,1,,,,,,,,,,,,,
,,,,,,,,,,,,,,,,,332,2,2024-03-28_10h27.22.721,Symbol-E,2020.1.3,MacIntel,Firefox,Mozilla/5.0 (Macintosh; Intel Mac OS X 10.13; rv:109.0) Gecko/20100101 Firefox/115.0,60,,,,,,,,,,,,,,,,,,,,,,,,,,,,,,,,,,,,,,media/dfnb.png,3,3,Symb,f,RT,0,0,0,1,8,0,23,0,1,7,99,f,1.056,3,1,f,1,1.056,23,0,23,0,1,,,,,,,,,,,,,
,,,,,,,,,,,,,,,,,332,2,2024-03-28_10h27.22.721,Symbol-E,2020.1.3,MacIntel,Firefox,Mozilla/5.0 (Macintosh; Intel Mac OS X 10.13; rv:109.0) Gecko/20100101 Firefox/115.0,60,,,,,,,,,,,,,,,,,,,,,,,,,,,,,,,,,,,,,,media/dinb.png,6,2,Symb,i,RT,0,0,0,1,8,0,24,0,1,7,99,u,0.704,5,0,u,0,0.704,24,0,24,0,1,,,,,,,,,,,,,
,,,,,,,,,,,,,,,,,332,2,2024-03-28_10h27.22.721,Symbol-E,2020.1.3,MacIntel,Firefox,Mozilla/5.0 (Macintosh; Intel Mac OS X 10.13; rv:109.0) Gecko/20100101 Firefox/115.0,60,,,,,,,,,,,,,,,,,,,,,,,,,,,,,,,,,,,,,,media/dcnb.png,0,0,Symb,a,RT,0,0,0,1,8,0,25,0,1,7,99,a,2.592,0,1,a,1,2.592,25,0,25,0,1,,,,,,,,,,,,,
,,,,,,,,,,,,,,,,,332,2,2024-03-28_10h27.22.721,Symbol-E,2020.1.3,MacIntel,Firefox,Mozilla/5.0 (Macintosh; Intel Mac OS X 10.13; rv:109.0) Gecko/20100101 Firefox/115.0,60,,,,,,,,,,,,,,,,,,,,,,,,,,,,,,,,,,,,,,media/dnnb.png,7,3,Symb,l,RT,0,0,0,1,8,0,26,0,1,7,99,l,4.693,7,1,l,1,4.693,26,0,26,0,1,,,,,,,,,,,,,
,,,,,,,,,,,,,,,,,332,2,2024-03-28_10h27.22.721,Symbol-E,2020.1.3,MacIntel,Firefox,Mozilla/5.0 (Macintosh; Intel Mac OS X 10.13; rv:109.0) Gecko/20100101 Firefox/115.0,60,,,,,,,,,,,,,,,,,,,,,,,,,,,,,,,,,,,,,,media/dinb.png,6,2,Symb,i,RT,0,0,0,1,8,0,27,0,1,7,99,i,0.852,6,1,i,1,0.852,27,0,27,0,1,,,,,,,,,,,,,
,,,,,,,,,,,,,,,,,332,2,2024-03-28_10h27.22.721,Symbol-E,2020.1.3,MacIntel,Firefox,Mozilla/5.0 (Macintosh; Intel Mac OS X 10.13; rv:109.0) Gecko/20100101 Firefox/115.0,60,,,,,,,,,,,,,,,,,,,,,,,,,,,,,,,,,,,,,,media/dfnb.png,3,3,Symb,f,RT,0,0,0,1,8,0,28,0,1,7,99,f,0.986,3,1,f,1,0.986,28,0,28,0,1,,,,,,,,,,,,,
,,,,,,,,,,,,,,,,,332,2,2024-03-28_10h27.22.721,Symbol-E,2020.1.3,MacIntel,Firefox,Mozilla/5.0 (Macintosh; Intel Mac OS X 10.13; rv:109.0) Gecko/20100101 Firefox/115.0,60,,,,,,,,,,,,,,,,,,,,,,,,,,,,,,,,,,,,,,media/ddnb.png,5,1,Symb,u,RT,0,0,0,1,8,0,29,0,1,7,99,u,1.025,5,1,u,1,1.025,29,0,29,0,1,,,,,,,,,,,,,
,,,,,,,,,,,,,,,,,332,2,2024-03-28_10h27.22.721,Symbol-E,2020.1.3,MacIntel,Firefox,Mozilla/5.0 (Macintosh; Intel Mac OS X 10.13; rv:109.0) Gecko/20100101 Firefox/115.0,60,,,,,,,,,,,,,,,,,,,,,,,,,,,,,,,,,,,,,,media/dcnb.png,0,0,Symb,a,RT,0,0,0,1,8,0,30,0,1,7,99,a,0.802,0,1,a,1,0.802,30,0,30,0,1,,,,,,,,,,,,,
,,,,,,,,,,,,,,,,,332,2,2024-03-28_10h27.22.721,Symbol-E,2020.1.3,MacIntel,Firefox,Mozilla/5.0 (Macintosh; Intel Mac OS X 10.13; rv:109.0) Gecko/20100101 Firefox/115.0,60,,,,,,,,,,,,,,,,,,,,,,,,,,,,,,,,,,,,,,media/djnb.png,1,1,Symb,w,RT,0,0,0,1,8,0,31,0,1,7,99,w,0.769,1,1,w,1,0.769,31,0,31,0,1,,,,,,,,,,,,,
,,,,,,,,,,,,,,,,,332,2,2024-03-28_10h27.22.721,Symbol-E,2020.1.3,MacIntel,Firefox,Mozilla/5.0 (Macintosh; Intel Mac OS X 10.13; rv:109.0) Gecko/20100101 Firefox/115.0,60,,,,,,,,,,,,,,,,,,,,,,,,,,,,,,,,,,,,,,media/dnnb.png,7,3,Symb,l,RT,0,0,0,1,8,0,32,0,1,7,99,l,1.107,7,1,l,1,1.107,32,0,32,0,1,,,,,,,,,,,,,
,,,,,,,,,,,,,,,,,332,2,2024-03-28_10h27.22.721,Symbol-E,2020.1.3,MacIntel,Firefox,Mozilla/5.0 (Macintosh; Intel Mac OS X 10.13; rv:109.0) Gecko/20100101 Firefox/115.0,60,,,,,,,,,,,,,,,,,,,,,,,,,,,,,,,,,,,,,,media/dcnb.png,0,0,Symb,a,RT,0,0,0,1,8,0,33,0,1,7,99,a,0.837,0,1,a,1,0.837,33,0,33,0,1,,,,,,,,,,,,,
,,,,,,,,,,,,,,,,,332,2,2024-03-28_10h27.22.721,Symbol-E,2020.1.3,MacIntel,Firefox,Mozilla/5.0 (Macintosh; Intel Mac OS X 10.13; rv:109.0) Gecko/20100101 Firefox/115.0,60,,,,,,,,,,,,,,,,,,,,,,,,,,,,,,,,,,,,,,media/ddnb.png,5,1,Symb,u,RT,0,0,0,1,8,0,34,0,1,7,99,u,0.853,5,1,u,1,0.853,34,0,34,0,1,,,,,,,,,,,,,
,,,,,,,,,,,,,,,,,332,2,2024-03-28_10h27.22.721,Symbol-E,2020.1.3,MacIntel,Firefox,Mozilla/5.0 (Macintosh; Intel Mac OS X 10.13; rv:109.0) Gecko/20100101 Firefox/115.0,60,,,,,,,,,,,,,,,,,,,,,,,,,,,,,,,,,,,,,,media/ddnb.png,5,1,Symb,u,RT,0,0,0,1,8,0,35,0,1,7,99,u,1.488,5,1,u,1,1.488,35,0,35,0,1,,,,,,,,,,,,,
,,,,,,,,,,,,,,,,,332,2,2024-03-28_10h27.22.721,Symbol-E,2020.1.3,MacIntel,Firefox,Mozilla/5.0 (Macintosh; Intel Mac OS X 10.13; rv:109.0) Gecko/20100101 Firefox/115.0,60,,,,,,,,,,,,,,,,,,,,,,,,,,,,,,,,,,,,,,media/dnnb.png,7,3,Symb,l,RT,0,0,0,1,8,0,36,0,1,7,99,l,3.61,7,1,l,1,3.61,36,0,36,0,1,,,,,,,,,,,,,
,,,,,,,,,,,,,,,,,332,2,2024-03-28_10h27.22.721,Symbol-E,2020.1.3,MacIntel,Firefox,Mozilla/5.0 (Macintosh; Intel Mac OS X 10.13; rv:109.0) Gecko/20100101 Firefox/115.0,60,,,,,,,,,,,,,,,,,,,,,,,,,,,,,,,,,,,,,,media/dinb.png,6,2,Symb,i,RT,0,0,0,1,8,0,37,0,1,7,99,i,0.786,6,1,i,1,0.786,37,0,37,0,1,,,,,,,,,,,,,
,,,,,,,,,,,,,,,,,332,2,2024-03-28_10h27.22.721,Symbol-E,2020.1.3,MacIntel,Firefox,Mozilla/5.0 (Macintosh; Intel Mac OS X 10.13; rv:109.0) Gecko/20100101 Firefox/115.0,60,,,,,,,,,,,,,,,,,,,,,,,,,,,,,,,,,,,,,,media/dfnb.png,3,3,Symb,f,RT,0,0,0,1,8,0,38,0,1,7,99,f,0.903,3,1,f,1,0.903,38,0,38,0,1,,,,,,,,,,,,,
,,,,,,,,,,,,,,,,,332,2,2024-03-28_10h27.22.721,Symbol-E,2020.1.3,MacIntel,Firefox,Mozilla/5.0 (Macintosh; Intel Mac OS X 10.13; rv:109.0) Gecko/20100101 Firefox/115.0,60,,,,,,,,,,,,,,,,,,,,,,,,,,,,,,,,,,,,,,media/djnb.png,1,1,Symb,w,RT,0,0,0,1,8,0,39,0,1,7,99,w,0.852,1,1,w,1,0.852,39,0,39,0,1,,,,,,,,,,,,,
,,,,,,,,,,,,,,,,,332,2,2024-03-28_10h27.22.721,Symbol-E,2020.1.3,MacIntel,Firefox,Mozilla/5.0 (Macintosh; Intel Mac OS X 10.13; rv:109.0) Gecko/20100101 Firefox/115.0,60,,,,,,,,,,,,,,,,,,,,,,,,,,,,,,,,,,,,,,media/dmnb.png,4,0,Symb,h,RT,0,0,0,1,8,0,40,0,1,7,99,f,0.919,3,0,f,0,0.919,40,0,40,0,1,,,,,,,,,,,,,
,,,,,,,,,,,,,,,,,332,2,2024-03-28_10h27.22.721,Symbol-E,2020.1.3,MacIntel,Firefox,Mozilla/5.0 (Macintosh; Intel Mac OS X 10.13; rv:109.0) Gecko/20100101 Firefox/115.0,60,,,,,,,,,,,,,,,,,,,,,,,,,,,,,,,,,,,,,,media/dinb.png,6,2,Symb,i,RT,0,0,0,1,8,0,41,0,1,7,99,i,0.855,6,1,i,1,0.855,41,0,41,0,1,,,,,,,,,,,,,
,,,,,,,,,,,,,,,,,332,2,2024-03-28_10h27.22.721,Symbol-E,2020.1.3,MacIntel,Firefox,Mozilla/5.0 (Macintosh; Intel Mac OS X 10.13; rv:109.0) Gecko/20100101 Firefox/115.0,60,,,,,,,,,,,,,,,,,,,,,,,,,,,,,,,,,,,,,,media/djnb.png,1,1,Symb,w,RT,0,0,0,1,8,0,42,0,1,7,99,w,0.803,1,1,w,1,0.803,42,0,42,0,1,,,,,,,,,,,,,
,,,,,,,,,,,,,,,,,332,2,2024-03-28_10h27.22.721,Symbol-E,2020.1.3,MacIntel,Firefox,Mozilla/5.0 (Macintosh; Intel Mac OS X 10.13; rv:109.0) Gecko/20100101 Firefox/115.0,60,,,,,,,,,,,,,,,,,,,,,,,,,,,,,,,,,,,,,,media/dcnb.png,0,0,Symb,a,RT,0,0,0,1,8,0,43,0,1,7,99,f,1.053,3,0,f,0,1.053,43,0,43,0,1,,,,,,,,,,,,,
,,,,,,,,,,,,,,,,,332,2,2024-03-28_10h27.22.721,Symbol-E,2020.1.3,MacIntel,Firefox,Mozilla/5.0 (Macintosh; Intel Mac OS X 10.13; rv:109.0) Gecko/20100101 Firefox/115.0,60,,,,,,,,,,,,,,,,,,,,,,,,,,,,,,,,,,,,,,media/dmnb.png,4,0,Symb,h,RT,0,0,0,1,8,0,44,0,1,7,99,h,1.455,4,1,h,1,1.455,44,0,44,0,1,,,,,,,,,,,,,
,,,,,,,,,,,,,,,,,332,2,2024-03-28_10h27.22.721,Symbol-E,2020.1.3,MacIntel,Firefox,Mozilla/5.0 (Macintosh; Intel Mac OS X 10.13; rv:109.0) Gecko/20100101 Firefox/115.0,60,,,,,,,,,,,,,,,,,,,,,,,,,,,,,,,,,,,,,,media/dfnb.png,3,3,Symb,f,RT,0,0,0,1,8,0,45,0,1,7,99,f,0.99,3,1,f,1,0.99,45,0,45,0,1,,,,,,,,,,,,,
,,,,,,,,,,,,,,,,,332,2,2024-03-28_10h27.22.721,Symbol-E,2020.1.3,MacIntel,Firefox,Mozilla/5.0 (Macintosh; Intel Mac OS X 10.13; rv:109.0) Gecko/20100101 Firefox/115.0,60,,,,,,,,,,,,,,,,,,,,,,,,,,,,,,,,,,,,,,media/dgnb.png,2,2,Symb,e,RT,0,0,0,1,8,0,46,0,1,7,99,e,0.868,2,1,e,1,0.868,46,0,46,0,1,,,,,,,,,,,,,
,,,,,,,,,,,,,,,,,332,2,2024-03-28_10h27.22.721,Symbol-E,2020.1.3,MacIntel,Firefox,Mozilla/5.0 (Macintosh; Intel Mac OS X 10.13; rv:109.0) Gecko/20100101 Firefox/115.0,60,,,,,,,,,,,,,,,,,,,,,,,,,,,,,,,,,,,,,,media/dgnb.png,2,2,Symb,e,RT,0,0,0,1,8,0,47,0,1,7,99,e,0.488,2,1,e,1,0.488,47,0,47,0,1,,,,,,,,,,,,,
,,,,,,,,,,,,,,,,,332,2,2024-03-28_10h27.22.721,Symbol-E,2020.1.3,MacIntel,Firefox,Mozilla/5.0 (Macintosh; Intel Mac OS X 10.13; rv:109.0) Gecko/20100101 Firefox/115.0,60,,,,,,,,,,,,,,,,,,,,,,,,,,,,,,,,,,,,,,media/dcnb.png,0,0,Symb,a,RT,0,0,0,1,8,0,48,0,1,7,99,a,0.858,0,1,a,1,0.858,48,0,48,0,1,,,,,,,,,,,,,
,,,,,,,,,,,,,,,,,332,2,2024-03-28_10h27.22.721,Symbol-E,2020.1.3,MacIntel,Firefox,Mozilla/5.0 (Macintosh; Intel Mac OS X 10.13; rv:109.0) Gecko/20100101 Firefox/115.0,60,,,,,,,,,,,,,,,,,,,,,,,,,,,,,,,,,,,,,,media/dnnb.png,7,3,Symb,l,RT,0,0,0,1,8,0,49,0,1,7,99,l,1.319,7,1,l,1,1.319,49,0,49,0,1,,,,,,,,,,,,,
,,,,,,,,,,,,,,,,,332,2,2024-03-28_10h27.22.721,Symbol-E,2020.1.3,MacIntel,Firefox,Mozilla/5.0 (Macintosh; Intel Mac OS X 10.13; rv:109.0) Gecko/20100101 Firefox/115.0,60,,,,,,,,,,,,,,,,,,,,,,,,,,,,,,,,,,,,,,media/djnb.png,1,1,Symb,w,RT,0,0,0,1,8,0,50,0,1,7,99,w,0.82,1,1,w,1,0.82,50,0,50,0,1,,,,,,,,,,,,,
,,,,,,,,,,,,,,,,,332,2,2024-03-28_10h27.22.721,Symbol-E,2020.1.3,MacIntel,Firefox,Mozilla/5.0 (Macintosh; Intel Mac OS X 10.13; rv:109.0) Gecko/20100101 Firefox/115.0,60,,,,,,,,,,,,,,,,,,,,,,,,,,,,,,,,,,,,,,media/dmnb.png,4,0,Symb,h,RT,0,0,0,1,8,0,51,0,1,7,99,h,0.924,4,1,h,1,0.924,51,0,51,0,1,,,,,,,,,,,,,
,,,,,,,,,,,,,,,,,332,2,2024-03-28_10h27.22.721,Symbol-E,2020.1.3,MacIntel,Firefox,Mozilla/5.0 (Macintosh; Intel Mac OS X 10.13; rv:109.0) Gecko/20100101 Firefox/115.0,60,,,,,,,,,,,,,,,,,,,,,,,,,,,,,,,,,,,,,,media/dinb.png,6,2,Symb,i,RT,0,0,0,1,8,0,52,0,1,7,99,i,1.036,6,1,i,1,1.036,52,0,52,0,1,,,,,,,,,,,,,
,,,,,,,,,,,,,,,,,332,2,2024-03-28_10h27.22.721,Symbol-E,2020.1.3,MacIntel,Firefox,Mozilla/5.0 (Macintosh; Intel Mac OS X 10.13; rv:109.0) Gecko/20100101 Firefox/115.0,60,,,,,,,,,,,,,,,,,,,,,,,,,,,,,,,,,,,,,,media/dfnb.png,3,3,Symb,f,RT,0,0,0,1,8,0,53,0,1,7,99,f,0.903,3,1,f,1,0.903,53,0,53,0,1,,,,,,,,,,,,,
,,,,,,,,,,,,,,,,,332,2,2024-03-28_10h27.22.721,Symbol-E,2020.1.3,MacIntel,Firefox,Mozilla/5.0 (Macintosh; Intel Mac OS X 10.13; rv:109.0) Gecko/20100101 Firefox/115.0,60,,,,,,,,,,,,,,,,,,,,,,,,,,,,,,,,,,,,,,media/djnb.png,1,1,Symb,w,RT,0,0,0,1,8,0,54,0,1,7,99,w,0.803,1,1,w,1,0.803,54,0,54,0,1,,,,,,,,,,,,,
,,,,,,,,,,,,,,,,,332,2,2024-03-28_10h27.22.721,Symbol-E,2020.1.3,MacIntel,Firefox,Mozilla/5.0 (Macintosh; Intel Mac OS X 10.13; rv:109.0) Gecko/20100101 Firefox/115.0,60,,,,,,,,,,,,,,,,,,,,,,,,,,,,,,,,,,,,,,media/dcnb.png,0,0,Symb,a,RT,0,0,0,1,8,0,55,0,1,7,99,a,2.69,0,1,a,1,2.69,55,0,55,0,1,,,,,,,,,,,,,
,,,,,,,,,,,,,,,,,332,2,2024-03-28_10h27.22.721,Symbol-E,2020.1.3,MacIntel,Firefox,Mozilla/5.0 (Macintosh; Intel Mac OS X 10.13; rv:109.0) Gecko/20100101 Firefox/115.0,60,,,,,,,,,,,,,,,,,,,,,,,,,,,,,,,,,,,,,,media/dmnb.png,4,0,Symb,h,RT,0,0,0,1,8,0,56,0,1,7,99,h,6.95,4,1,h,1,6.95,56,0,56,0,1,,,,,,,,,,,,,
,,,,,,,,,,,,,,,,,332,2,2024-03-28_10h27.22.721,Symbol-E,2020.1.3,MacIntel,Firefox,Mozilla/5.0 (Macintosh; Intel Mac OS X 10.13; rv:109.0) Gecko/20100101 Firefox/115.0,60,,,,,,,,,,,,,,,,,,,,,,,,,,,,,,,,,,,,,,media/dfnb.png,3,3,Symb,f,RT,0,0,0,1,8,0,57,0,1,7,99,f,3.308,3,1,f,1,3.308,57,0,57,0,1,,,,,,,,,,,,,
,,,,,,,,,,,,,,,,,332,2,2024-03-28_10h27.22.721,Symbol-E,2020.1.3,MacIntel,Firefox,Mozilla/5.0 (Macintosh; Intel Mac OS X 10.13; rv:109.0) Gecko/20100101 Firefox/115.0,60,,,,,,,,,,,,,,,,,,,,,,,,,,,,,,,,,,,,,,media/dgnb.png,2,2,Symb,e,RT,0,0,0,1,8,0,58,0,1,7,99,e,1.036,2,1,e,1,1.036,58,0,58,0,1,,,,,,,,,,,,,
,,,,,,,,,,,,,,,,,332,2,2024-03-28_10h27.22.721,Symbol-E,2020.1.3,MacIntel,Firefox,Mozilla/5.0 (Macintosh; Intel Mac OS X 10.13; rv:109.0) Gecko/20100101 Firefox/115.0,60,,,,,,,,,,,,,,,,,,,,,,,,,,,,,,,,,,,,,,media/dinb.png,6,2,Symb,i,RT,0,0,0,1,8,0,59,0,1,7,99,i,0.904,6,1,i,1,0.904,59,0,59,0,1,,,,,,,,,,,,,
,,,,,,,,,,,,,,,,,332,2,2024-03-28_10h27.22.721,Symbol-E,2020.1.3,MacIntel,Firefox,Mozilla/5.0 (Macintosh; Intel Mac OS X 10.13; rv:109.0) Gecko/20100101 Firefox/115.0,60,,,,,,,,,,,,,,,,,,,,,,,,,,,,,,,,,,,,,,media/ddnb.png,5,1,Symb,u,RT,0,0,0,1,8,0,60,0,1,7,99,u,1.004,5,1,u,1,1.004,60,0,60,0,1,,,,,,,,,,,,,
,,,,,,,,,,,,,,,,,332,2,2024-03-28_10h27.22.721,Symbol-E,2020.1.3,MacIntel,Firefox,Mozilla/5.0 (Macintosh; Intel Mac OS X 10.13; rv:109.0) Gecko/20100101 Firefox/115.0,60,,,,,,,,,,,,,,,,,,,,,,,,,,,,,,,,,,,,,,media/dnnb.png,7,3,Symb,l,RT,0,0,0,1,8,0,61,0,1,7,99,l,1.372,7,1,l,1,1.372,61,0,61,0,1,,,,,,,,,,,,,
,,,,,,,,,,,,,,,,,332,2,2024-03-28_10h27.22.721,Symbol-E,2020.1.3,MacIntel,Firefox,Mozilla/5.0 (Macintosh; Intel Mac OS X 10.13; rv:109.0) Gecko/20100101 Firefox/115.0,60,,,,,,,,,,,,,,,,,,,,,,,,,,,,,,,,,,,,,,media/ddnb.png,5,1,Symb,u,RT,0,0,0,1,8,0,62,0,1,7,99,u,1.039,5,1,u,1,1.039,62,0,62,0,1,,,,,,,,,,,,,
,,,,,,,,,,,,,,,,,332,2,2024-03-28_10h27.22.721,Symbol-E,2020.1.3,MacIntel,Firefox,Mozilla/5.0 (Macintosh; Intel Mac OS X 10.13; rv:109.0) Gecko/20100101 Firefox/115.0,60,,,,,,,,,,,,,,,,,,,,,,,,,,,,,,,,,,,,,,media/dgnb.png,2,2,Symb,e,RT,0,0,0,1,8,0,63,0,1,7,99,e,0.924,2,1,e,1,0.924,63,0,63,0,1,,,,,,,,,,,,,
,,,,,,,,,,,,,,,,,332,2,2024-03-28_10h27.22.721,Symbol-E,2020.1.3,MacIntel,Firefox,Mozilla/5.0 (Macintosh; Intel Mac OS X 10.13; rv:109.0) Gecko/20100101 Firefox/115.0,60,,,,,,,,,,,,,,,,,,,,,,,,,,,,,,,,,,,,,,media/dinb.png,6,2,Symb,i,RT,0,0,0,1,8,0,64,0,1,7,99,i,1.154,6,1,i,1,1.154,64,0,64,0,1,,,,,,,,,,,,,
,,,,,,,,,,,,,,,,,332,2,2024-03-28_10h27.22.721,Symbol-E,2020.1.3,MacIntel,Firefox,Mozilla/5.0 (Macintosh; Intel Mac OS X 10.13; rv:109.0) Gecko/20100101 Firefox/115.0,60,,,,,,,,,,,,,,,,,,,,,,,,,,,,,,,,,,,,,,media/dgnb.png,2,2,Symb,e,RT,0,0,0,1,8,0,65,0,1,7,99,e,0.787,2,1,e,1,0.787,65,0,65,0,1,,,,,,,,,,,,,
,,,,,,,,,,,,,,,,,332,2,2024-03-28_10h27.22.721,Symbol-E,2020.1.3,MacIntel,Firefox,Mozilla/5.0 (Macintosh; Intel Mac OS X 10.13; rv:109.0) Gecko/20100101 Firefox/115.0,60,,,,,,,,,,,,,,,,,,,,,,,,,,,,,,,,,,,,,,media/djnb.png,1,1,Symb,w,RT,0,0,0,1,8,0,66,0,1,7,99,w,0.87,1,1,w,1,0.87,66,0,66,0,1,,,,,,,,,,,,,
,,,,,,,,,,,,,,,,,332,2,2024-03-28_10h27.22.721,Symbol-E,2020.1.3,MacIntel,Firefox,Mozilla/5.0 (Macintosh; Intel Mac OS X 10.13; rv:109.0) Gecko/20100101 Firefox/115.0,60,,,,,,,,,,,,,,,,,,,,,,,,,,,,,,,,,,,,,,media/dinb.png,6,2,Symb,i,RT,0,0,0,1,8,0,67,0,1,7,99,i,0.988,6,1,i,1,0.988,67,0,67,0,1,,,,,,,,,,,,,
,,,,,,,,,,,,,,,,,332,2,2024-03-28_10h27.22.721,Symbol-E,2020.1.3,MacIntel,Firefox,Mozilla/5.0 (Macintosh; Intel Mac OS X 10.13; rv:109.0) Gecko/20100101 Firefox/115.0,60,,,,,,,,,,,,,,,,,,,,,,,,,,,,,,,,,,,,,,media/ddnb.png,5,1,Symb,u,RT,0,0,0,1,8,0,68,0,1,7,99,u,0.939,5,1,u,1,0.939,68,0,68,0,1,,,,,,,,,,,,,
,,,,,,,,,,,,,,,,,332,2,2024-03-28_10h27.22.721,Symbol-E,2020.1.3,MacIntel,Firefox,Mozilla/5.0 (Macintosh; Intel Mac OS X 10.13; rv:109.0) Gecko/20100101 Firefox/115.0,60,,,,,,,,,,,,,,,,,,,,,,,,,,,,,,,,,,,,,,media/dfnb.png,3,3,Symb,f,RT,0,0,0,1,8,0,69,0,1,7,99,f,3.074,3,1,f,1,3.074,69,0,69,0,1,,,,,,,,,,,,,
,,,,,,,,,,,,,,,,,332,2,2024-03-28_10h27.22.721,Symbol-E,2020.1.3,MacIntel,Firefox,Mozilla/5.0 (Macintosh; Intel Mac OS X 10.13; rv:109.0) Gecko/20100101 Firefox/115.0,60,,,,,,,,,,,,,,,,,,,,,,,,,,,,,,,,,,,,,,media/dcnb.png,0,0,Symb,a,RT,0,0,0,1,8,0,70,0,1,7,99,w,2.222,1,0,w,0,2.222,70,0,70,0,1,,,,,,,,,,,,,
,,,,,,,,,,,,,,,,,332,2,2024-03-28_10h27.22.721,Symbol-E,2020.1.3,MacIntel,Firefox,Mozilla/5.0 (Macintosh; Intel Mac OS X 10.13; rv:109.0) Gecko/20100101 Firefox/115.0,60,,,,,,,,,,,,,,,,,,,,,,,,,,,,,,,,,,,,,,media/dfnb.png,3,3,Symb,f,RT,0,0,0,1,8,0,71,0,1,7,99,f,1.17,3,1,f,1,1.17,71,0,71,0,1,,,,,,,,,,,,,
,,,,,,,,,,,,,,,,,332,2,2024-03-28_10h27.22.721,Symbol-E,2020.1.3,MacIntel,Firefox,Mozilla/5.0 (Macintosh; Intel Mac OS X 10.13; rv:109.0) Gecko/20100101 Firefox/115.0,60,,,,,,,,,,,,,,,,,,,,,,,,,,,,,,,,,,,,,,media/dgnb.png,2,2,Symb,e,RT,0,0,0,1,8,0,72,0,1,7,99,e,0.905,2,1,e,1,0.905,72,0,72,0,1,,,,,,,,,,,,,
,,,,,,,,,,,,,,,,,332,2,2024-03-28_10h27.22.721,Symbol-E,2020.1.3,MacIntel,Firefox,Mozilla/5.0 (Macintosh; Intel Mac OS X 10.13; rv:109.0) Gecko/20100101 Firefox/115.0,60,,,,,,,,,,,,,,,,,,,,,,,,,,,,,,,,,,,,,,media/dnnb.png,7,3,Symb,l,RT,0,0,0,1,8,0,73,0,1,7,99,l,1.153,7,1,l,1,1.153,73,0,73,0,1,,,,,,,,,,,,,
,,,,,,,,,,,,,,,,,332,2,2024-03-28_10h27.22.721,Symbol-E,2020.1.3,MacIntel,Firefox,Mozilla/5.0 (Macintosh; Intel Mac OS X 10.13; rv:109.0) Gecko/20100101 Firefox/115.0,60,,,,,,,,,,,,,,,,,,,,,,,,,,,,,,,,,,,,,,media/ddnb.png,5,1,Symb,u,RT,0,0,0,1,8,0,74,0,1,7,99,u,0.869,5,1,u,1,0.869,74,0,74,0,1,,,,,,,,,,,,,
,,,,,,,,,,,,,,,,,332,2,2024-03-28_10h27.22.721,Symbol-E,2020.1.3,MacIntel,Firefox,Mozilla/5.0 (Macintosh; Intel Mac OS X 10.13; rv:109.0) Gecko/20100101 Firefox/115.0,60,,,,,,,,,,,,,,,,,,,,,,,,,,,,,,,,,,,,,,media/dmnb.png,4,0,Symb,h,RT,0,0,0,1,8,0,75,0,1,7,99,h,0.991,4,1,h,1,0.991,75,0,75,0,1,,,,,,,,,,,,,
,,,,,,,,,,,,,,,,,332,2,2024-03-28_10h27.22.721,Symbol-E,2020.1.3,MacIntel,Firefox,Mozilla/5.0 (Macintosh; Intel Mac OS X 10.13; rv:109.0) Gecko/20100101 Firefox/115.0,60,,,,,,,,,,,,,,,,,,,,,,,,,,,,,,,,,,,,,,media/djnb.png,1,1,Symb,w,RT,0,0,0,1,8,0,76,0,1,7,99,w,0.871,1,1,w,1,0.871,76,0,76,0,1,,,,,,,,,,,,,
,,,,,,,,,,,,,,,,,332,2,2024-03-28_10h27.22.721,Symbol-E,2020.1.3,MacIntel,Firefox,Mozilla/5.0 (Macintosh; Intel Mac OS X 10.13; rv:109.0) Gecko/20100101 Firefox/115.0,60,,,,,,,,,,,,,,,,,,,,,,,,,,,,,,,,,,,,,,media/dnnb.png,7,3,Symb,l,RT,0,0,0,1,8,0,77,0,1,7,99,l,1.639,7,1,l,1,1.639,77,0,77,0,1,,,,,,,,,,,,,
,,,,,,,,,,,,,,,,,332,2,2024-03-28_10h27.22.721,Symbol-E,2020.1.3,MacIntel,Firefox,Mozilla/5.0 (Macintosh; Intel Mac OS X 10.13; rv:109.0) Gecko/20100101 Firefox/115.0,60,,,,,,,,,,,,,,,,,,,,,,,,,,,,,,,,,,,,,,media/dmnb.png,4,0,Symb,h,RT,0,0,0,1,8,0,78,0,1,7,99,h,0.954,4,1,h,1,0.954,78,0,78,0,1,,,,,,,,,,,,,
,,,,,,,,,,,,,,,,,332,2,2024-03-28_10h27.22.721,Symbol-E,2020.1.3,MacIntel,Firefox,Mozilla/5.0 (Macintosh; Intel Mac OS X 10.13; rv:109.0) Gecko/20100101 Firefox/115.0,60,,,,,,,,,,,,,,,,,,,,,,,,,,,,,,,,,,,,,,media/dcnb.png,0,0,Symb,a,RT,0,0,0,1,8,0,79,0,1,7,99,a,0.974,0,1,a,1,0.974,79,0,79,0,1,,,,,,,,,,,,,
,,,,,,,,,,,,,,,,,332,2,2024-03-28_10h27.22.721,Symbol-E,2020.1.3,MacIntel,Firefox,Mozilla/5.0 (Macintosh; Intel Mac OS X 10.13; rv:109.0) Gecko/20100101 Firefox/115.0,60,,,,,,,,,,,,,,,,,,,,,,,,,,,,,,,,,,,,,,media/dfnb.png,3,3,Symb,f,RT,0,0,0,1,8,0,80,0,1,7,99,f,1.236,3,1,f,1,1.236,80,0,80,0,1,,,,,,,,,,,,,
,,,,,,,,,,,,,,,,,332,2,2024-03-28_10h27.22.721,Symbol-E,2020.1.3,MacIntel,Firefox,Mozilla/5.0 (Macintosh; Intel Mac OS X 10.13; rv:109.0) Gecko/20100101 Firefox/115.0,60,,,,,,,,,,,,,,,,,,,,,,,,,,,,,,,,,,,,,,media/dinb.png,6,2,Symb,i,RT,0,0,0,1,8,0,81,0,1,7,99,i,1.171,6,1,i,1,1.171,81,0,81,0,1,,,,,,,,,,,,,
,,,,,,,,,,,,,,,,,332,2,2024-03-28_10h27.22.721,Symbol-E,2020.1.3,MacIntel,Firefox,Mozilla/5.0 (Macintosh; Intel Mac OS X 10.13; rv:109.0) Gecko/20100101 Firefox/115.0,60,,,,,,,,,,,,,,,,,,,,,,,,,,,,,,,,,,,,,,media/dgnb.png,2,2,Symb,e,RT,0,0,0,1,8,0,82,0,1,7,99,e,0.987,2,1,e,1,0.987,82,0,82,0,1,,,,,,,,,,,,,
,,,,,,,,,,,,,,,,,332,2,2024-03-28_10h27.22.721,Symbol-E,2020.1.3,MacIntel,Firefox,Mozilla/5.0 (Macintosh; Intel Mac OS X 10.13; rv:109.0) Gecko/20100101 Firefox/115.0,60,,,,,,,,,,,,,,,,,,,,,,,,,,,,,,,,,,,,,,media/dmnb.png,4,0,Symb,h,RT,0,0,0,1,8,0,83,0,1,7,99,h,0.954,4,1,h,1,0.954,83,0,83,0,1,,,,,,,,,,,,,
,,,,,,,,,,,,,,,,,332,2,2024-03-28_10h27.22.721,Symbol-E,2020.1.3,MacIntel,Firefox,Mozilla/5.0 (Macintosh; Intel Mac OS X 10.13; rv:109.0) Gecko/20100101 Firefox/115.0,60,,,,,,,,,,,,,,,,,,,,,,,,,,,,,,,,,,,,,,media/dgnb.png,2,2,Symb,e,RT,0,0,0,1,8,0,84,0,1,7,99,e,0.971,2,1,e,1,0.971,84,0,84,0,1,,,,,,,,,,,,,
,,,,,,,,,,,,,,,,,332,2,2024-03-28_10h27.22.721,Symbol-E,2020.1.3,MacIntel,Firefox,Mozilla/5.0 (Macintosh; Intel Mac OS X 10.13; rv:109.0) Gecko/20100101 Firefox/115.0,60,,,,,,,,,,,,,,,,,,,,,,,,,,,,,,,,,,,,,,media/dinb.png,6,2,Symb,i,RT,0,0,0,1,8,0,85,0,1,7,99,i,1.035,6,1,i,1,1.035,85,0,85,0,1,,,,,,,,,,,,,
,,,,,,,,,,,,,,,,,332,2,2024-03-28_10h27.22.721,Symbol-E,2020.1.3,MacIntel,Firefox,Mozilla/5.0 (Macintosh; Intel Mac OS X 10.13; rv:109.0) Gecko/20100101 Firefox/115.0,60,,,,,,,,,,,,,,,,,,,,,,,,,,,,,,,,,,,,,,media/djnb.png,1,1,Symb,w,RT,0,0,0,1,8,0,86,0,1,7,99,w,0.971,1,1,w,1,0.971,86,0,86,0,1,,,,,,,,,,,,,
,,,,,,,,,,,,,,,,,332,2,2024-03-28_10h27.22.721,Symbol-E,2020.1.3,MacIntel,Firefox,Mozilla/5.0 (Macintosh; Intel Mac OS X 10.13; rv:109.0) Gecko/20100101 Firefox/115.0,60,,,,,,,,,,,,,,,,,,,,,,,,,,,,,,,,,,,,,,media/dmnb.png,4,0,Symb,h,RT,0,0,0,1,8,0,87,0,1,7,99,h,1.456,4,1,h,1,1.456,87,0,87,0,1,,,,,,,,,,,,,
,,,,,,,,,,,,,,,,,332,2,2024-03-28_10h27.22.721,Symbol-E,2020.1.3,MacIntel,Firefox,Mozilla/5.0 (Macintosh; Intel Mac OS X 10.13; rv:109.0) Gecko/20100101 Firefox/115.0,60,,,,,,,,,,,,,,,,,,,,,,,,,,,,,,,,,,,,,,media/ddnb.png,5,1,Symb,u,RT,0,0,0,1,8,0,88,0,1,7,99,u,1.003,5,1,u,1,1.003,88,0,88,0,1,,,,,,,,,,,,,
,,,,,,,,,,,,,,,,,332,2,2024-03-28_10h27.22.721,Symbol-E,2020.1.3,MacIntel,Firefox,Mozilla/5.0 (Macintosh; Intel Mac OS X 10.13; rv:109.0) Gecko/20100101 Firefox/115.0,60,,,,,,,,,,,,,,,,,,,,,,,,,,,,,,,,,,,,,,media/djnb.png,1,1,Symb,w,RT,0,0,0,1,8,0,89,0,1,7,99,w,0.891,1,1,w,1,0.891,89,0,89,0,1,,,,,,,,,,,,,
,,,,,,,,,,,,,,,,,332,2,2024-03-28_10h27.22.721,Symbol-E,2020.1.3,MacIntel,Firefox,Mozilla/5.0 (Macintosh; Intel Mac OS X 10.13; rv:109.0) Gecko/20100101 Firefox/115.0,60,,,,,,,,,,,,,,,,,,,,,,,,,,,,,,,,,,,,,,media/dnnb.png,7,3,Symb,l,RT,0,0,0,1,8,0,90,0,1,7,99,l,1.489,7,1,l,1,1.489,90,0,90,0,1,,,,,,,,,,,,,
,,,,,,,,,,,,,,,,,332,2,2024-03-28_10h27.22.721,Symbol-E,2020.1.3,MacIntel,Firefox,Mozilla/5.0 (Macintosh; Intel Mac OS X 10.13; rv:109.0) Gecko/20100101 Firefox/115.0,60,,,,,,,,,,,,,,,,,,,,,,,,,,,,,,,,,,,,,,media/dcnb.png,0,0,Symb,a,RT,0,0,0,1,8,0,91,0,1,7,99,a,1.153,0,1,a,1,1.153,91,0,91,0,1,,,,,,,,,,,,,
,,,,,,,,,,,,,,,,,332,2,2024-03-28_10h27.22.721,Symbol-E,2020.1.3,MacIntel,Firefox,Mozilla/5.0 (Macintosh; Intel Mac OS X 10.13; rv:109.0) Gecko/20100101 Firefox/115.0,60,,,,,,,,,,,,,,,,,,,,,,,,,,,,,,,,,,,,,,media/dnnb.png,7,3,Symb,l,RT,0,0,0,1,8,0,92,0,1,7,99,h,4.615,4,0,h,0,4.615,92,0,92,0,1,,,,,,,,,,,,,
,,,,,,,,,,,,,,,,,332,2,2024-03-28_10h27.22.721,Symbol-E,2020.1.3,MacIntel,Firefox,Mozilla/5.0 (Macintosh; Intel Mac OS X 10.13; rv:109.0) Gecko/20100101 Firefox/115.0,60,,,,,,,,,,,,,,,,,,,,,,,,,,,,,,,,,,,,,,media/dfnb.png,3,3,Symb,f,RT,0,0,0,1,8,0,93,0,1,7,99,f,1.092,3,1,f,1,1.092,93,0,93,0,1,,,,,,,,,,,,,
,,,,,,,,,,,,,,,,,332,2,2024-03-28_10h27.22.721,Symbol-E,2020.1.3,MacIntel,Firefox,Mozilla/5.0 (Macintosh; Intel Mac OS X 10.13; rv:109.0) Gecko/20100101 Firefox/115.0,60,,,,,,,,,,,,,,,,,,,,,,,,,,,,,,,,,,,,,,media/dcnb.png,0,0,Symb,a,RT,0,0,0,1,8,0,94,0,1,7,99,a,0.803,0,1,a,1,0.803,94,0,94,0,1,,,,,,,,,,,,,
,,,,,,,,,,,,,,,,,332,2,2024-03-28_10h27.22.721,Symbol-E,2020.1.3,MacIntel,Firefox,Mozilla/5.0 (Macintosh; Intel Mac OS X 10.13; rv:109.0) Gecko/20100101 Firefox/115.0,60,,,,,,,,,,,,,,,,,,,,,,,,,,,,,,,,,,,,,,media/ddnb.png,5,1,Symb,u,RT,0,0,0,1,8,0,95,0,1,7,99,u,0.889,5,1,u,1,0.889,95,0,95,0,1,,,,,,,,,,,,,
,,,,,,,,,,,,,,,,,332,2,2024-03-28_10h27.22.721,Symbol-E,2020.1.3,MacIntel,Firefox,Mozilla/5.0 (Macintosh; Intel Mac OS X 10.13; rv:109.0) Gecko/20100101 Firefox/115.0,60,,,,,,,,,,,,,,,,,,,,,,,,,,,,,,,,,,,,,,,,,,,,,,,,,,,,,,,,,,,,,,,,,,,6,0,6,0,1,,,,,,,,
,,,,,,,,,,,,,,,,,332,2,2024-03-28_10h27.22.721,Symbol-E,2020.1.3,MacIntel,Firefox,Mozilla/5.0 (Macintosh; Intel Mac OS X 10.13; rv:109.0) Gecko/20100101 Firefox/115.0,60,,,,,,,,,,,,,,,,,,,,,,,,,,,,,,,,,,,,h,40.683,media/ddnb.png,5,1,Symb,u,RT,0,0,0,1,8,0,0,0,1,8,99,u,3.358,5,1,u,1,3.358,0,0,0,0,1,,,,,,,,,,,,,
,,,,,,,,,,,,,,,,,332,2,2024-03-28_10h27.22.721,Symbol-E,2020.1.3,MacIntel,Firefox,Mozilla/5.0 (Macintosh; Intel Mac OS X 10.13; rv:109.0) Gecko/20100101 Firefox/115.0,60,,,,,,,,,,,,,,,,,,,,,,,,,,,,,,,,,,,,,,media/dinb.png,6,2,Symb,i,RT,0,0,0,1,8,0,1,0,1,8,99,i,0.769,6,1,i,1,0.769,1,0,1,0,1,,,,,,,,,,,,,
,,,,,,,,,,,,,,,,,332,2,2024-03-28_10h27.22.721,Symbol-E,2020.1.3,MacIntel,Firefox,Mozilla/5.0 (Macintosh; Intel Mac OS X 10.13; rv:109.0) Gecko/20100101 Firefox/115.0,60,,,,,,,,,,,,,,,,,,,,,,,,,,,,,,,,,,,,,,media/dcnb.png,0,0,Symb,a,RT,0,0,0,1,8,0,2,0,1,8,99,l,2.29,7,0,l,0,2.29,2,0,2,0,1,,,,,,,,,,,,,
,,,,,,,,,,,,,,,,,332,2,2024-03-28_10h27.22.721,Symbol-E,2020.1.3,MacIntel,Firefox,Mozilla/5.0 (Macintosh; Intel Mac OS X 10.13; rv:109.0) Gecko/20100101 Firefox/115.0,60,,,,,,,,,,,,,,,,,,,,,,,,,,,,,,,,,,,,,,media/djnb.png,1,1,Symb,w,RT,0,0,0,1,8,0,3,0,1,8,99,w,0.936,1,1,w,1,0.936,3,0,3,0,1,,,,,,,,,,,,,
,,,,,,,,,,,,,,,,,332,2,2024-03-28_10h27.22.721,Symbol-E,2020.1.3,MacIntel,Firefox,Mozilla/5.0 (Macintosh; Intel Mac OS X 10.13; rv:109.0) Gecko/20100101 Firefox/115.0,60,,,,,,,,,,,,,,,,,,,,,,,,,,,,,,,,,,,,,,media/dgnb.png,2,2,Symb,e,RT,0,0,0,1,8,0,4,0,1,8,99,e,0.804,2,1,e,1,0.804,4,0,4,0,1,,,,,,,,,,,,,
,,,,,,,,,,,,,,,,,332,2,2024-03-28_10h27.22.721,Symbol-E,2020.1.3,MacIntel,Firefox,Mozilla/5.0 (Macintosh; Intel Mac OS X 10.13; rv:109.0) Gecko/20100101 Firefox/115.0,60,,,,,,,,,,,,,,,,,,,,,,,,,,,,,,,,,,,,,,media/dmnb.png,4,0,Symb,h,RT,0,0,0,1,8,0,5,0,1,8,99,h,1.725,4,1,h,1,1.725,5,0,5,0,1,,,,,,,,,,,,,
,,,,,,,,,,,,,,,,,332,2,2024-03-28_10h27.22.721,Symbol-E,2020.1.3,MacIntel,Firefox,Mozilla/5.0 (Macintosh; Intel Mac OS X 10.13; rv:109.0) Gecko/20100101 Firefox/115.0,60,,,,,,,,,,,,,,,,,,,,,,,,,,,,,,,,,,,,,,media/dfnb.png,3,3,Symb,f,RT,0,0,0,1,8,0,6,0,1,8,99,f,2.728,3,1,f,1,2.728,6,0,6,0,1,,,,,,,,,,,,,
,,,,,,,,,,,,,,,,,332,2,2024-03-28_10h27.22.721,Symbol-E,2020.1.3,MacIntel,Firefox,Mozilla/5.0 (Macintosh; Intel Mac OS X 10.13; rv:109.0) Gecko/20100101 Firefox/115.0,60,,,,,,,,,,,,,,,,,,,,,,,,,,,,,,,,,,,,,,media/djnb.png,1,1,Symb,w,RT,0,0,0,1,8,0,7,0,1,8,99,w,0.752,1,1,w,1,0.752,7,0,7,0,1,,,,,,,,,,,,,
,,,,,,,,,,,,,,,,,332,2,2024-03-28_10h27.22.721,Symbol-E,2020.1.3,MacIntel,Firefox,Mozilla/5.0 (Macintosh; Intel Mac OS X 10.13; rv:109.0) Gecko/20100101 Firefox/115.0,60,,,,,,,,,,,,,,,,,,,,,,,,,,,,,,,,,,,,,,media/dcnb.png,0,0,Symb,a,RT,0,0,0,1,8,0,8,0,1,8,99,l,1.905,7,0,l,0,1.905,8,0,8,0,1,,,,,,,,,,,,,
,,,,,,,,,,,,,,,,,332,2,2024-03-28_10h27.22.721,Symbol-E,2020.1.3,MacIntel,Firefox,Mozilla/5.0 (Macintosh; Intel Mac OS X 10.13; rv:109.0) Gecko/20100101 Firefox/115.0,60,,,,,,,,,,,,,,,,,,,,,,,,,,,,,,,,,,,,,,media/dgnb.png,2,2,Symb,e,RT,0,0,0,1,8,0,9,0,1,8,99,e,0.808,2,1,e,1,0.808,9,0,9,0,1,,,,,,,,,,,,,
,,,,,,,,,,,,,,,,,332,2,2024-03-28_10h27.22.721,Symbol-E,2020.1.3,MacIntel,Firefox,Mozilla/5.0 (Macintosh; Intel Mac OS X 10.13; rv:109.0) Gecko/20100101 Firefox/115.0,60,,,,,,,,,,,,,,,,,,,,,,,,,,,,,,,,,,,,,,media/dnnb.png,7,3,Symb,l,RT,0,0,0,1,8,0,10,0,1,8,99,l,1.289,7,1,l,1,1.289,10,0,10,0,1,,,,,,,,,,,,,
,,,,,,,,,,,,,,,,,332,2,2024-03-28_10h27.22.721,Symbol-E,2020.1.3,MacIntel,Firefox,Mozilla/5.0 (Macintosh; Intel Mac OS X 10.13; rv:109.0) Gecko/20100101 Firefox/115.0,60,,,,,,,,,,,,,,,,,,,,,,,,,,,,,,,,,,,,,,media/dmnb.png,4,0,Symb,h,RT,0,0,0,1,8,0,11,0,1,8,99,h,1.704,4,1,h,1,1.704,11,0,11,0,1,,,,,,,,,,,,,
,,,,,,,,,,,,,,,,,332,2,2024-03-28_10h27.22.721,Symbol-E,2020.1.3,MacIntel,Firefox,Mozilla/5.0 (Macintosh; Intel Mac OS X 10.13; rv:109.0) Gecko/20100101 Firefox/115.0,60,,,,,,,,,,,,,,,,,,,,,,,,,,,,,,,,,,,,,,media/dnnb.png,7,3,Symb,l,RT,0,0,0,1,8,0,12,0,1,8,99,l,1.52,7,1,l,1,1.52,12,0,12,0,1,,,,,,,,,,,,,
,,,,,,,,,,,,,,,,,332,2,2024-03-28_10h27.22.721,Symbol-E,2020.1.3,MacIntel,Firefox,Mozilla/5.0 (Macintosh; Intel Mac OS X 10.13; rv:109.0) Gecko/20100101 Firefox/115.0,60,,,,,,,,,,,,,,,,,,,,,,,,,,,,,,,,,,,,,,media/dfnb.png,3,3,Symb,f,RT,0,0,0,1,8,0,13,0,1,8,99,h,4.748,4,0,h,0,4.748,13,0,13,0,1,,,,,,,,,,,,,
,,,,,,,,,,,,,,,,,332,2,2024-03-28_10h27.22.721,Symbol-E,2020.1.3,MacIntel,Firefox,Mozilla/5.0 (Macintosh; Intel Mac OS X 10.13; rv:109.0) Gecko/20100101 Firefox/115.0,60,,,,,,,,,,,,,,,,,,,,,,,,,,,,,,,,,,,,,,media/ddnb.png,5,1,Symb,u,RT,0,0,0,1,8,0,14,0,1,8,99,u,1.689,5,1,u,1,1.689,14,0,14,0,1,,,,,,,,,,,,,
,,,,,,,,,,,,,,,,,332,2,2024-03-28_10h27.22.721,Symbol-E,2020.1.3,MacIntel,Firefox,Mozilla/5.0 (Macintosh; Intel Mac OS X 10.13; rv:109.0) Gecko/20100101 Firefox/115.0,60,,,,,,,,,,,,,,,,,,,,,,,,,,,,,,,,,,,,,,media/dinb.png,6,2,Symb,i,RT,0,0,0,1,8,0,15,0,1,8,99,i,0.805,6,1,i,1,0.805,15,0,15,0,1,,,,,,,,,,,,,
,,,,,,,,,,,,,,,,,332,2,2024-03-28_10h27.22.721,Symbol-E,2020.1.3,MacIntel,Firefox,Mozilla/5.0 (Macintosh; Intel Mac OS X 10.13; rv:109.0) Gecko/20100101 Firefox/115.0,60,,,,,,,,,,,,,,,,,,,,,,,,,,,,,,,,,,,,,,media/dgnb.png,2,2,Symb,e,RT,0,0,0,1,8,0,16,0,1,8,99,e,0.953,2,1,e,1,0.953,16,0,16,0,1,,,,,,,,,,,,,
,,,,,,,,,,,,,,,,,332,2,2024-03-28_10h27.22.721,Symbol-E,2020.1.3,MacIntel,Firefox,Mozilla/5.0 (Macintosh; Intel Mac OS X 10.13; rv:109.0) Gecko/20100101 Firefox/115.0,60,,,,,,,,,,,,,,,,,,,,,,,,,,,,,,,,,,,,,,media/dmnb.png,4,0,Symb,h,RT,0,0,0,1,8,0,17,0,1,8,99,h,1.955,4,1,h,1,1.955,17,0,17,0,1,,,,,,,,,,,,,
,,,,,,,,,,,,,,,,,332,2,2024-03-28_10h27.22.721,Symbol-E,2020.1.3,MacIntel,Firefox,Mozilla/5.0 (Macintosh; Intel Mac OS X 10.13; rv:109.0) Gecko/20100101 Firefox/115.0,60,,,,,,,,,,,,,,,,,,,,,,,,,,,,,,,,,,,,,,media/ddnb.png,5,1,Symb,u,RT,0,0,0,1,8,0,18,0,1,8,99,u,1.057,5,1,u,1,1.057,18,0,18,0,1,,,,,,,,,,,,,
,,,,,,,,,,,,,,,,,332,2,2024-03-28_10h27.22.721,Symbol-E,2020.1.3,MacIntel,Firefox,Mozilla/5.0 (Macintosh; Intel Mac OS X 10.13; rv:109.0) Gecko/20100101 Firefox/115.0,60,,,,,,,,,,,,,,,,,,,,,,,,,,,,,,,,,,,,,,media/dnnb.png,7,3,Symb,l,RT,0,0,0,1,8,0,19,0,1,8,99,l,1.138,7,1,l,1,1.138,19,0,19,0,1,,,,,,,,,,,,,
,,,,,,,,,,,,,,,,,332,2,2024-03-28_10h27.22.721,Symbol-E,2020.1.3,MacIntel,Firefox,Mozilla/5.0 (Macintosh; Intel Mac OS X 10.13; rv:109.0) Gecko/20100101 Firefox/115.0,60,,,,,,,,,,,,,,,,,,,,,,,,,,,,,,,,,,,,,,media/djnb.png,1,1,Symb,w,RT,0,0,0,1,8,0,20,0,1,8,99,w,0.874,1,1,w,1,0.874,20,0,20,0,1,,,,,,,,,,,,,
,,,,,,,,,,,,,,,,,332,2,2024-03-28_10h27.22.721,Symbol-E,2020.1.3,MacIntel,Firefox,Mozilla/5.0 (Macintosh; Intel Mac OS X 10.13; rv:109.0) Gecko/20100101 Firefox/115.0,60,,,,,,,,,,,,,,,,,,,,,,,,,,,,,,,,,,,,,,media/dinb.png,6,2,Symb,i,RT,0,0,0,1,8,0,21,0,1,8,99,i,0.953,6,1,i,1,0.953,21,0,21,0,1,,,,,,,,,,,,,
,,,,,,,,,,,,,,,,,332,2,2024-03-28_10h27.22.721,Symbol-E,2020.1.3,MacIntel,Firefox,Mozilla/5.0 (Macintosh; Intel Mac OS X 10.13; rv:109.0) Gecko/20100101 Firefox/115.0,60,,,,,,,,,,,,,,,,,,,,,,,,,,,,,,,,,,,,,,media/dfnb.png,3,3,Symb,f,RT,0,0,0,1,8,0,22,0,1,8,99,a,1.189,0,0,a,0,1.189,22,0,22,0,1,,,,,,,,,,,,,
,,,,,,,,,,,,,,,,,332,2,2024-03-28_10h27.22.721,Symbol-E,2020.1.3,MacIntel,Firefox,Mozilla/5.0 (Macintosh; Intel Mac OS X 10.13; rv:109.0) Gecko/20100101 Firefox/115.0,60,,,,,,,,,,,,,,,,,,,,,,,,,,,,,,,,,,,,,,media/dgnb.png,2,2,Symb,e,RT,0,0,0,1,8,0,23,0,1,8,99,e,1.153,2,1,e,1,1.153,23,0,23,0,1,,,,,,,,,,,,,
,,,,,,,,,,,,,,,,,332,2,2024-03-28_10h27.22.721,Symbol-E,2020.1.3,MacIntel,Firefox,Mozilla/5.0 (Macintosh; Intel Mac OS X 10.13; rv:109.0) Gecko/20100101 Firefox/115.0,60,,,,,,,,,,,,,,,,,,,,,,,,,,,,,,,,,,,,,,media/djnb.png,1,1,Symb,w,RT,0,0,0,1,8,0,24,0,1,8,99,w,0.97,1,1,w,1,0.97,24,0,24,0,1,,,,,,,,,,,,,
,,,,,,,,,,,,,,,,,332,2,2024-03-28_10h27.22.721,Symbol-E,2020.1.3,MacIntel,Firefox,Mozilla/5.0 (Macintosh; Intel Mac OS X 10.13; rv:109.0) Gecko/20100101 Firefox/115.0,60,,,,,,,,,,,,,,,,,,,,,,,,,,,,,,,,,,,,,,media/dmnb.png,4,0,Symb,h,RT,0,0,0,1,8,0,25,0,1,8,99,h,1.003,4,1,h,1,1.003,25,0,25,0,1,,,,,,,,,,,,,
,,,,,,,,,,,,,,,,,332,2,2024-03-28_10h27.22.721,Symbol-E,2020.1.3,MacIntel,Firefox,Mozilla/5.0 (Macintosh; Intel Mac OS X 10.13; rv:109.0) Gecko/20100101 Firefox/115.0,60,,,,,,,,,,,,,,,,,,,,,,,,,,,,,,,,,,,,,,media/dcnb.png,0,0,Symb,a,RT,0,0,0,1,8,0,26,0,1,8,99,a,3.056,0,1,a,1,3.056,26,0,26,0,1,,,,,,,,,,,,,
,,,,,,,,,,,,,,,,,332,2,2024-03-28_10h27.22.721,Symbol-E,2020.1.3,MacIntel,Firefox,Mozilla/5.0 (Macintosh; Intel Mac OS X 10.13; rv:109.0) Gecko/20100101 Firefox/115.0,60,,,,,,,,,,,,,,,,,,,,,,,,,,,,,,,,,,,,,,media/dinb.png,6,2,Symb,i,RT,0,0,0,1,8,0,27,0,1,8,99,i,0.802,6,1,i,1,0.802,27,0,27,0,1,,,,,,,,,,,,,
,,,,,,,,,,,,,,,,,332,2,2024-03-28_10h27.22.721,Symbol-E,2020.1.3,MacIntel,Firefox,Mozilla/5.0 (Macintosh; Intel Mac OS X 10.13; rv:109.0) Gecko/20100101 Firefox/115.0,60,,,,,,,,,,,,,,,,,,,,,,,,,,,,,,,,,,,,,,media/dcnb.png,0,0,Symb,a,RT,0,0,0,1,8,0,28,0,1,8,99,a,1.019,0,1,a,1,1.019,28,0,28,0,1,,,,,,,,,,,,,
,,,,,,,,,,,,,,,,,332,2,2024-03-28_10h27.22.721,Symbol-E,2020.1.3,MacIntel,Firefox,Mozilla/5.0 (Macintosh; Intel Mac OS X 10.13; rv:109.0) Gecko/20100101 Firefox/115.0,60,,,,,,,,,,,,,,,,,,,,,,,,,,,,,,,,,,,,,,media/dnnb.png,7,3,Symb,l,RT,0,0,0,1,8,0,29,0,1,8,99,l,1.387,7,1,l,1,1.387,29,0,29,0,1,,,,,,,,,,,,,
,,,,,,,,,,,,,,,,,332,2,2024-03-28_10h27.22.721,Symbol-E,2020.1.3,MacIntel,Firefox,Mozilla/5.0 (Macintosh; Intel Mac OS X 10.13; rv:109.0) Gecko/20100101 Firefox/115.0,60,,,,,,,,,,,,,,,,,,,,,,,,,,,,,,,,,,,,,,media/ddnb.png,5,1,Symb,u,RT,0,0,0,1,8,0,30,0,1,8,99,u,3.662,5,1,u,1,3.662,30,0,30,0,1,,,,,,,,,,,,,
,,,,,,,,,,,,,,,,,332,2,2024-03-28_10h27.22.721,Symbol-E,2020.1.3,MacIntel,Firefox,Mozilla/5.0 (Macintosh; Intel Mac OS X 10.13; rv:109.0) Gecko/20100101 Firefox/115.0,60,,,,,,,,,,,,,,,,,,,,,,,,,,,,,,,,,,,,,,media/dfnb.png,3,3,Symb,f,RT,0,0,0,1,8,0,31,0,1,8,99,f,0.852,3,1,f,1,0.852,31,0,31,0,1,,,,,,,,,,,,,
,,,,,,,,,,,,,,,,,332,2,2024-03-28_10h27.22.721,Symbol-E,2020.1.3,MacIntel,Firefox,Mozilla/5.0 (Macintosh; Intel Mac OS X 10.13; rv:109.0) Gecko/20100101 Firefox/115.0,60,,,,,,,,,,,,,,,,,,,,,,,,,,,,,,,,,,,,,,media/djnb.png,1,1,Symb,w,RT,0,0,0,1,8,0,32,0,1,8,99,w,1.068,1,1,w,1,1.068,32,0,32,0,1,,,,,,,,,,,,,
,,,,,,,,,,,,,,,,,332,2,2024-03-28_10h27.22.721,Symbol-E,2020.1.3,MacIntel,Firefox,Mozilla/5.0 (Macintosh; Intel Mac OS X 10.13; rv:109.0) Gecko/20100101 Firefox/115.0,60,,,,,,,,,,,,,,,,,,,,,,,,,,,,,,,,,,,,,,media/dgnb.png,2,2,Symb,e,RT,0,0,0,1,8,0,33,0,1,8,99,e,0.786,2,1,e,1,0.786,33,0,33,0,1,,,,,,,,,,,,,
,,,,,,,,,,,,,,,,,332,2,2024-03-28_10h27.22.721,Symbol-E,2020.1.3,MacIntel,Firefox,Mozilla/5.0 (Macintosh; Intel Mac OS X 10.13; rv:109.0) Gecko/20100101 Firefox/115.0,60,,,,,,,,,,,,,,,,,,,,,,,,,,,,,,,,,,,,,,media/dgnb.png,2,2,Symb,e,RT,0,0,0,1,8,0,34,0,1,8,99,e,0.487,2,1,e,1,0.487,34,0,34,0,1,,,,,,,,,,,,,
,,,,,,,,,,,,,,,,,332,2,2024-03-28_10h27.22.721,Symbol-E,2020.1.3,MacIntel,Firefox,Mozilla/5.0 (Macintosh; Intel Mac OS X 10.13; rv:109.0) Gecko/20100101 Firefox/115.0,60,,,,,,,,,,,,,,,,,,,,,,,,,,,,,,,,,,,,,,media/dcnb.png,0,0,Symb,a,RT,0,0,0,1,8,0,35,0,1,8,99,a,0.972,0,1,a,1,0.972,35,0,35,0,1,,,,,,,,,,,,,
,,,,,,,,,,,,,,,,,332,2,2024-03-28_10h27.22.721,Symbol-E,2020.1.3,MacIntel,Firefox,Mozilla/5.0 (Macintosh; Intel Mac OS X 10.13; rv:109.0) Gecko/20100101 Firefox/115.0,60,,,,,,,,,,,,,,,,,,,,,,,,,,,,,,,,,,,,,,media/dfnb.png,3,3,Symb,f,RT,0,0,0,1,8,0,36,0,1,8,99,f,0.953,3,1,f,1,0.953,36,0,36,0,1,,,,,,,,,,,,,
,,,,,,,,,,,,,,,,,332,2,2024-03-28_10h27.22.721,Symbol-E,2020.1.3,MacIntel,Firefox,Mozilla/5.0 (Macintosh; Intel Mac OS X 10.13; rv:109.0) Gecko/20100101 Firefox/115.0,60,,,,,,,,,,,,,,,,,,,,,,,,,,,,,,,,,,,,,,media/ddnb.png,5,1,Symb,u,RT,0,0,0,1,8,0,37,0,1,8,99,u,0.819,5,1,u,1,0.819,37,0,37,0,1,,,,,,,,,,,,,
,,,,,,,,,,,,,,,,,332,2,2024-03-28_10h27.22.721,Symbol-E,2020.1.3,MacIntel,Firefox,Mozilla/5.0 (Macintosh; Intel Mac OS X 10.13; rv:109.0) Gecko/20100101 Firefox/115.0,60,,,,,,,,,,,,,,,,,,,,,,,,,,,,,,,,,,,,,,media/dmnb.png,4,0,Symb,h,RT,0,0,0,1,8,0,38,0,1,8,99,h,1.37,4,1,h,1,1.37,38,0,38,0,1,,,,,,,,,,,,,
,,,,,,,,,,,,,,,,,332,2,2024-03-28_10h27.22.721,Symbol-E,2020.1.3,MacIntel,Firefox,Mozilla/5.0 (Macintosh; Intel Mac OS X 10.13; rv:109.0) Gecko/20100101 Firefox/115.0,60,,,,,,,,,,,,,,,,,,,,,,,,,,,,,,,,,,,,,,media/dnnb.png,7,3,Symb,l,RT,0,0,0,1,8,0,39,0,1,8,99,l,0.953,7,1,l,1,0.953,39,0,39,0,1,,,,,,,,,,,,,
,,,,,,,,,,,,,,,,,332,2,2024-03-28_10h27.22.721,Symbol-E,2020.1.3,MacIntel,Firefox,Mozilla/5.0 (Macintosh; Intel Mac OS X 10.13; rv:109.0) Gecko/20100101 Firefox/115.0,60,,,,,,,,,,,,,,,,,,,,,,,,,,,,,,,,,,,,,,media/dnnb.png,7,3,Symb,l,RT,0,0,0,1,8,0,40,0,1,8,99,l,0.538,7,1,l,1,0.538,40,0,40,0,1,,,,,,,,,,,,,
,,,,,,,,,,,,,,,,,332,2,2024-03-28_10h27.22.721,Symbol-E,2020.1.3,MacIntel,Firefox,Mozilla/5.0 (Macintosh; Intel Mac OS X 10.13; rv:109.0) Gecko/20100101 Firefox/115.0,60,,,,,,,,,,,,,,,,,,,,,,,,,,,,,,,,,,,,,,media/ddnb.png,5,1,Symb,u,RT,0,0,0,1,8,0,41,0,1,8,99,u,0.969,5,1,u,1,0.969,41,0,41,0,1,,,,,,,,,,,,,
,,,,,,,,,,,,,,,,,332,2,2024-03-28_10h27.22.721,Symbol-E,2020.1.3,MacIntel,Firefox,Mozilla/5.0 (Macintosh; Intel Mac OS X 10.13; rv:109.0) Gecko/20100101 Firefox/115.0,60,,,,,,,,,,,,,,,,,,,,,,,,,,,,,,,,,,,,,,media/dcnb.png,0,0,Symb,a,RT,0,0,0,1,8,0,42,0,1,8,99,a,1.321,0,1,a,1,1.321,42,0,42,0,1,,,,,,,,,,,,,
,,,,,,,,,,,,,,,,,332,2,2024-03-28_10h27.22.721,Symbol-E,2020.1.3,MacIntel,Firefox,Mozilla/5.0 (Macintosh; Intel Mac OS X 10.13; rv:109.0) Gecko/20100101 Firefox/115.0,60,,,,,,,,,,,,,,,,,,,,,,,,,,,,,,,,,,,,,,media/djnb.png,1,1,Symb,w,RT,0,0,0,1,8,0,43,0,1,8,99,w,0.724,1,1,w,1,0.724,43,0,43,0,1,,,,,,,,,,,,,
,,,,,,,,,,,,,,,,,332,2,2024-03-28_10h27.22.721,Symbol-E,2020.1.3,MacIntel,Firefox,Mozilla/5.0 (Macintosh; Intel Mac OS X 10.13; rv:109.0) Gecko/20100101 Firefox/115.0,60,,,,,,,,,,,,,,,,,,,,,,,,,,,,,,,,,,,,,,media/dinb.png,6,2,Symb,i,RT,0,0,0,1,8,0,44,0,1,8,99,i,0.836,6,1,i,1,0.836,44,0,44,0,1,,,,,,,,,,,,,
,,,,,,,,,,,,,,,,,332,2,2024-03-28_10h27.22.721,Symbol-E,2020.1.3,MacIntel,Firefox,Mozilla/5.0 (Macintosh; Intel Mac OS X 10.13; rv:109.0) Gecko/20100101 Firefox/115.0,60,,,,,,,,,,,,,,,,,,,,,,,,,,,,,,,,,,,,,,media/dmnb.png,4,0,Symb,h,RT,0,0,0,1,8,0,45,0,1,8,99,h,0.938,4,1,h,1,0.938,45,0,45,0,1,,,,,,,,,,,,,
,,,,,,,,,,,,,,,,,332,2,2024-03-28_10h27.22.721,Symbol-E,2020.1.3,MacIntel,Firefox,Mozilla/5.0 (Macintosh; Intel Mac OS X 10.13; rv:109.0) Gecko/20100101 Firefox/115.0,60,,,,,,,,,,,,,,,,,,,,,,,,,,,,,,,,,,,,,,media/dfnb.png,3,3,Symb,f,RT,0,0,0,1,8,0,46,0,1,8,99,f,0.919,3,1,f,1,0.919,46,0,46,0,1,,,,,,,,,,,,,
,,,,,,,,,,,,,,,,,332,2,2024-03-28_10h27.22.721,Symbol-E,2020.1.3,MacIntel,Firefox,Mozilla/5.0 (Macintosh; Intel Mac OS X 10.13; rv:109.0) Gecko/20100101 Firefox/115.0,60,,,,,,,,,,,,,,,,,,,,,,,,,,,,,,,,,,,,,,media/dinb.png,6,2,Symb,i,RT,0,0,0,1,8,0,47,0,1,8,99,i,0.838,6,1,i,1,0.838,47,0,47,0,1,,,,,,,,,,,,,
,,,,,,,,,,,,,,,,,332,2,2024-03-28_10h27.22.721,Symbol-E,2020.1.3,MacIntel,Firefox,Mozilla/5.0 (Macintosh; Intel Mac OS X 10.13; rv:109.0) Gecko/20100101 Firefox/115.0,60,,,,,,,,,,,,,,,,,,,,,,,,,,,,,,,,,,,,,,media/dnnb.png,7,3,Symb,l,RT,0,0,0,1,8,0,48,0,1,8,99,l,0.837,7,1,l,1,0.837,48,0,48,0,1,,,,,,,,,,,,,
,,,,,,,,,,,,,,,,,332,2,2024-03-28_10h27.22.721,Symbol-E,2020.1.3,MacIntel,Firefox,Mozilla/5.0 (Macintosh; Intel Mac OS X 10.13; rv:109.0) Gecko/20100101 Firefox/115.0,60,,,,,,,,,,,,,,,,,,,,,,,,,,,,,,,,,,,,,,media/djnb.png,1,1,Symb,w,RT,0,0,0,1,8,0,49,0,1,8,99,w,0.835,1,1,w,1,0.835,49,0,49,0,1,,,,,,,,,,,,,
,,,,,,,,,,,,,,,,,332,2,2024-03-28_10h27.22.721,Symbol-E,2020.1.3,MacIntel,Firefox,Mozilla/5.0 (Macintosh; Intel Mac OS X 10.13; rv:109.0) Gecko/20100101 Firefox/115.0,60,,,,,,,,,,,,,,,,,,,,,,,,,,,,,,,,,,,,,,media/dmnb.png,4,0,Symb,h,RT,0,0,0,1,8,0,50,0,1,8,99,h,0.903,4,1,h,1,0.903,50,0,50,0,1,,,,,,,,,,,,,
,,,,,,,,,,,,,,,,,332,2,2024-03-28_10h27.22.721,Symbol-E,2020.1.3,MacIntel,Firefox,Mozilla/5.0 (Macintosh; Intel Mac OS X 10.13; rv:109.0) Gecko/20100101 Firefox/115.0,60,,,,,,,,,,,,,,,,,,,,,,,,,,,,,,,,,,,,,,media/dfnb.png,3,3,Symb,f,RT,0,0,0,1,8,0,51,0,1,8,99,f,1.404,3,1,f,1,1.404,51,0,51,0,1,,,,,,,,,,,,,
,,,,,,,,,,,,,,,,,332,2,2024-03-28_10h27.22.721,Symbol-E,2020.1.3,MacIntel,Firefox,Mozilla/5.0 (Macintosh; Intel Mac OS X 10.13; rv:109.0) Gecko/20100101 Firefox/115.0,60,,,,,,,,,,,,,,,,,,,,,,,,,,,,,,,,,,,,,,media/dgnb.png,2,2,Symb,e,RT,0,0,0,1,8,0,52,0,1,8,99,e,0.825,2,1,e,1,0.825,52,0,52,0,1,,,,,,,,,,,,,
,,,,,,,,,,,,,,,,,332,2,2024-03-28_10h27.22.721,Symbol-E,2020.1.3,MacIntel,Firefox,Mozilla/5.0 (Macintosh; Intel Mac OS X 10.13; rv:109.0) Gecko/20100101 Firefox/115.0,60,,,,,,,,,,,,,,,,,,,,,,,,,,,,,,,,,,,,,,media/dinb.png,6,2,Symb,i,RT,0,0,0,1,8,0,53,0,1,8,99,i,0.77,6,1,i,1,0.77,53,0,53,0,1,,,,,,,,,,,,,
,,,,,,,,,,,,,,,,,332,2,2024-03-28_10h27.22.721,Symbol-E,2020.1.3,MacIntel,Firefox,Mozilla/5.0 (Macintosh; Intel Mac OS X 10.13; rv:109.0) Gecko/20100101 Firefox/115.0,60,,,,,,,,,,,,,,,,,,,,,,,,,,,,,,,,,,,,,,media/dcnb.png,0,0,Symb,a,RT,0,0,0,1,8,0,54,0,1,8,99,a,1.671,0,1,a,1,1.671,54,0,54,0,1,,,,,,,,,,,,,
,,,,,,,,,,,,,,,,,332,2,2024-03-28_10h27.22.721,Symbol-E,2020.1.3,MacIntel,Firefox,Mozilla/5.0 (Macintosh; Intel Mac OS X 10.13; rv:109.0) Gecko/20100101 Firefox/115.0,60,,,,,,,,,,,,,,,,,,,,,,,,,,,,,,,,,,,,,,media/dcnb.png,0,0,Symb,a,RT,0,0,0,1,8,0,55,0,1,8,99,a,0.486,0,1,a,1,0.486,55,0,55,0,1,,,,,,,,,,,,,
,,,,,,,,,,,,,,,,,332,2,2024-03-28_10h27.22.721,Symbol-E,2020.1.3,MacIntel,Firefox,Mozilla/5.0 (Macintosh; Intel Mac OS X 10.13; rv:109.0) Gecko/20100101 Firefox/115.0,60,,,,,,,,,,,,,,,,,,,,,,,,,,,,,,,,,,,,,,media/dfnb.png,3,3,Symb,f,RT,0,0,0,1,8,0,56,0,1,8,99,f,1.086,3,1,f,1,1.086,56,0,56,0,1,,,,,,,,,,,,,
,,,,,,,,,,,,,,,,,332,2,2024-03-28_10h27.22.721,Symbol-E,2020.1.3,MacIntel,Firefox,Mozilla/5.0 (Macintosh; Intel Mac OS X 10.13; rv:109.0) Gecko/20100101 Firefox/115.0,60,,,,,,,,,,,,,,,,,,,,,,,,,,,,,,,,,,,,,,media/dmnb.png,4,0,Symb,h,RT,0,0,0,1,8,0,57,0,1,8,99,h,1.659,4,1,h,1,1.659,57,0,57,0,1,,,,,,,,,,,,,
,,,,,,,,,,,,,,,,,332,2,2024-03-28_10h27.22.721,Symbol-E,2020.1.3,MacIntel,Firefox,Mozilla/5.0 (Macintosh; Intel Mac OS X 10.13; rv:109.0) Gecko/20100101 Firefox/115.0,60,,,,,,,,,,,,,,,,,,,,,,,,,,,,,,,,,,,,,,media/ddnb.png,5,1,Symb,u,RT,0,0,0,1,8,0,58,0,1,8,99,u,1.036,5,1,u,1,1.036,58,0,58,0,1,,,,,,,,,,,,,
,,,,,,,,,,,,,,,,,332,2,2024-03-28_10h27.22.721,Symbol-E,2020.1.3,MacIntel,Firefox,Mozilla/5.0 (Macintosh; Intel Mac OS X 10.13; rv:109.0) Gecko/20100101 Firefox/115.0,60,,,,,,,,,,,,,,,,,,,,,,,,,,,,,,,,,,,,,,media/djnb.png,1,1,Symb,w,RT,0,0,0,1,8,0,59,0,1,8,99,w,0.786,1,1,w,1,0.786,59,0,59,0,1,,,,,,,,,,,,,
,,,,,,,,,,,,,,,,,332,2,2024-03-28_10h27.22.721,Symbol-E,2020.1.3,MacIntel,Firefox,Mozilla/5.0 (Macintosh; Intel Mac OS X 10.13; rv:109.0) Gecko/20100101 Firefox/115.0,60,,,,,,,,,,,,,,,,,,,,,,,,,,,,,,,,,,,,,,media/dgnb.png,2,2,Symb,e,RT,0,0,0,1,8,0,60,0,1,8,99,e,0.786,2,1,e,1,0.786,60,0,60,0,1,,,,,,,,,,,,,
,,,,,,,,,,,,,,,,,332,2,2024-03-28_10h27.22.721,Symbol-E,2020.1.3,MacIntel,Firefox,Mozilla/5.0 (Macintosh; Intel Mac OS X 10.13; rv:109.0) Gecko/20100101 Firefox/115.0,60,,,,,,,,,,,,,,,,,,,,,,,,,,,,,,,,,,,,,,media/dnnb.png,7,3,Symb,l,RT,0,0,0,1,8,0,61,0,1,8,99,l,0.988,7,1,l,1,0.988,61,0,61,0,1,,,,,,,,,,,,,
,,,,,,,,,,,,,,,,,332,2,2024-03-28_10h27.22.721,Symbol-E,2020.1.3,MacIntel,Firefox,Mozilla/5.0 (Macintosh; Intel Mac OS X 10.13; rv:109.0) Gecko/20100101 Firefox/115.0,60,,,,,,,,,,,,,,,,,,,,,,,,,,,,,,,,,,,,,,media/dinb.png,6,2,Symb,i,RT,0,0,0,1,8,0,62,0,1,8,99,i,0.752,6,1,i,1,0.752,62,0,62,0,1,,,,,,,,,,,,,
,,,,,,,,,,,,,,,,,332,2,2024-03-28_10h27.22.721,Symbol-E,2020.1.3,MacIntel,Firefox,Mozilla/5.0 (Macintosh; Intel Mac OS X 10.13; rv:109.0) Gecko/20100101 Firefox/115.0,60,,,,,,,,,,,,,,,,,,,,,,,,,,,,,,,,,,,,,,media/ddnb.png,5,1,Symb,u,RT,0,0,0,1,8,0,63,0,1,8,99,u,0.757,5,1,u,1,0.757,63,0,63,0,1,,,,,,,,,,,,,
,,,,,,,,,,,,,,,,,332,2,2024-03-28_10h27.22.721,Symbol-E,2020.1.3,MacIntel,Firefox,Mozilla/5.0 (Macintosh; Intel Mac OS X 10.13; rv:109.0) Gecko/20100101 Firefox/115.0,60,,,,,,,,,,,,,,,,,,,,,,,,,,,,,,,,,,,,,,media/dgnb.png,2,2,Symb,e,RT,0,0,0,1,8,0,64,0,1,8,99,e,0.82,2,1,e,1,0.82,64,0,64,0,1,,,,,,,,,,,,,
,,,,,,,,,,,,,,,,,332,2,2024-03-28_10h27.22.721,Symbol-E,2020.1.3,MacIntel,Firefox,Mozilla/5.0 (Macintosh; Intel Mac OS X 10.13; rv:109.0) Gecko/20100101 Firefox/115.0,60,,,,,,,,,,,,,,,,,,,,,,,,,,,,,,,,,,,,,,media/dnnb.png,7,3,Symb,l,RT,0,0,0,1,8,0,65,0,1,8,99,l,0.92,7,1,l,1,0.92,65,0,65,0,1,,,,,,,,,,,,,
,,,,,,,,,,,,,,,,,332,2,2024-03-28_10h27.22.721,Symbol-E,2020.1.3,MacIntel,Firefox,Mozilla/5.0 (Macintosh; Intel Mac OS X 10.13; rv:109.0) Gecko/20100101 Firefox/115.0,60,,,,,,,,,,,,,,,,,,,,,,,,,,,,,,,,,,,,,,media/dmnb.png,4,0,Symb,h,RT,0,0,0,1,8,0,66,0,1,8,99,h,0.902,4,1,h,1,0.902,66,0,66,0,1,,,,,,,,,,,,,
,,,,,,,,,,,,,,,,,332,2,2024-03-28_10h27.22.721,Symbol-E,2020.1.3,MacIntel,Firefox,Mozilla/5.0 (Macintosh; Intel Mac OS X 10.13; rv:109.0) Gecko/20100101 Firefox/115.0,60,,,,,,,,,,,,,,,,,,,,,,,,,,,,,,,,,,,,,,media/dfnb.png,3,3,Symb,f,RT,0,0,0,1,8,0,67,0,1,8,99,f,1.955,3,1,f,1,1.955,67,0,67,0,1,,,,,,,,,,,,,
,,,,,,,,,,,,,,,,,332,2,2024-03-28_10h27.22.721,Symbol-E,2020.1.3,MacIntel,Firefox,Mozilla/5.0 (Macintosh; Intel Mac OS X 10.13; rv:109.0) Gecko/20100101 Firefox/115.0,60,,,,,,,,,,,,,,,,,,,,,,,,,,,,,,,,,,,,,,media/dmnb.png,4,0,Symb,h,RT,0,0,0,1,8,0,68,0,1,8,99,h,1.287,4,1,h,1,1.287,68,0,68,0,1,,,,,,,,,,,,,
,,,,,,,,,,,,,,,,,332,2,2024-03-28_10h27.22.721,Symbol-E,2020.1.3,MacIntel,Firefox,Mozilla/5.0 (Macintosh; Intel Mac OS X 10.13; rv:109.0) Gecko/20100101 Firefox/115.0,60,,,,,,,,,,,,,,,,,,,,,,,,,,,,,,,,,,,,,,media/djnb.png,1,1,Symb,w,RT,0,0,0,1,8,0,69,0,1,8,99,w,0.769,1,1,w,1,0.769,69,0,69,0,1,,,,,,,,,,,,,
,,,,,,,,,,,,,,,,,332,2,2024-03-28_10h27.22.721,Symbol-E,2020.1.3,MacIntel,Firefox,Mozilla/5.0 (Macintosh; Intel Mac OS X 10.13; rv:109.0) Gecko/20100101 Firefox/115.0,60,,,,,,,,,,,,,,,,,,,,,,,,,,,,,,,,,,,,,,media/dcnb.png,0,0,Symb,a,RT,0,0,0,1,8,0,70,0,1,8,99,a,1.387,0,1,a,1,1.387,70,0,70,0,1,,,,,,,,,,,,,
,,,,,,,,,,,,,,,,,332,2,2024-03-28_10h27.22.721,Symbol-E,2020.1.3,MacIntel,Firefox,Mozilla/5.0 (Macintosh; Intel Mac OS X 10.13; rv:109.0) Gecko/20100101 Firefox/115.0,60,,,,,,,,,,,,,,,,,,,,,,,,,,,,,,,,,,,,,,media/djnb.png,1,1,Symb,w,RT,0,0,0,1,8,0,71,0,1,8,99,w,0.753,1,1,w,1,0.753,71,0,71,0,1,,,,,,,,,,,,,
,,,,,,,,,,,,,,,,,332,2,2024-03-28_10h27.22.721,Symbol-E,2020.1.3,MacIntel,Firefox,Mozilla/5.0 (Macintosh; Intel Mac OS X 10.13; rv:109.0) Gecko/20100101 Firefox/115.0,60,,,,,,,,,,,,,,,,,,,,,,,,,,,,,,,,,,,,,,media/dcnb.png,0,0,Symb,a,RT,0,0,0,1,8,0,72,0,1,8,99,a,0.87,0,1,a,1,0.87,72,0,72,0,1,,,,,,,,,,,,,
,,,,,,,,,,,,,,,,,332,2,2024-03-28_10h27.22.721,Symbol-E,2020.1.3,MacIntel,Firefox,Mozilla/5.0 (Macintosh; Intel Mac OS X 10.13; rv:109.0) Gecko/20100101 Firefox/115.0,60,,,,,,,,,,,,,,,,,,,,,,,,,,,,,,,,,,,,,,media/dfnb.png,3,3,Symb,f,RT,0,0,0,1,8,0,73,0,1,8,99,f,1.571,3,1,f,1,1.571,73,0,73,0,1,,,,,,,,,,,,,
,,,,,,,,,,,,,,,,,332,2,2024-03-28_10h27.22.721,Symbol-E,2020.1.3,MacIntel,Firefox,Mozilla/5.0 (Macintosh; Intel Mac OS X 10.13; rv:109.0) Gecko/20100101 Firefox/115.0,60,,,,,,,,,,,,,,,,,,,,,,,,,,,,,,,,,,,,,,media/dinb.png,6,2,Symb,i,RT,0,0,0,1,8,0,74,0,1,8,99,i,1.026,6,1,i,1,1.026,74,0,74,0,1,,,,,,,,,,,,,
,,,,,,,,,,,,,,,,,332,2,2024-03-28_10h27.22.721,Symbol-E,2020.1.3,MacIntel,Firefox,Mozilla/5.0 (Macintosh; Intel Mac OS X 10.13; rv:109.0) Gecko/20100101 Firefox/115.0,60,,,,,,,,,,,,,,,,,,,,,,,,,,,,,,,,,,,,,,media/dinb.png,6,2,Symb,i,RT,0,0,0,1,8,0,75,0,1,8,99,i,0.536,6,1,i,1,0.536,75,0,75,0,1,,,,,,,,,,,,,
,,,,,,,,,,,,,,,,,332,2,2024-03-28_10h27.22.721,Symbol-E,2020.1.3,MacIntel,Firefox,Mozilla/5.0 (Macintosh; Intel Mac OS X 10.13; rv:109.0) Gecko/20100101 Firefox/115.0,60,,,,,,,,,,,,,,,,,,,,,,,,,,,,,,,,,,,,,,media/dgnb.png,2,2,Symb,e,RT,0,0,0,1,8,0,76,0,1,8,99,e,1.119,2,1,e,1,1.119,76,0,76,0,1,,,,,,,,,,,,,
,,,,,,,,,,,,,,,,,332,2,2024-03-28_10h27.22.721,Symbol-E,2020.1.3,MacIntel,Firefox,Mozilla/5.0 (Macintosh; Intel Mac OS X 10.13; rv:109.0) Gecko/20100101 Firefox/115.0,60,,,,,,,,,,,,,,,,,,,,,,,,,,,,,,,,,,,,,,media/ddnb.png,5,1,Symb,u,RT,0,0,0,1,8,0,77,0,1,8,99,u,1.086,5,1,u,1,1.086,77,0,77,0,1,,,,,,,,,,,,,
,,,,,,,,,,,,,,,,,332,2,2024-03-28_10h27.22.721,Symbol-E,2020.1.3,MacIntel,Firefox,Mozilla/5.0 (Macintosh; Intel Mac OS X 10.13; rv:109.0) Gecko/20100101 Firefox/115.0,60,,,,,,,,,,,,,,,,,,,,,,,,,,,,,,,,,,,,,,media/dnnb.png,7,3,Symb,l,RT,0,0,0,1,8,0,78,0,1,8,99,l,1.071,7,1,l,1,1.071,78,0,78,0,1,,,,,,,,,,,,,
,,,,,,,,,,,,,,,,,332,2,2024-03-28_10h27.22.721,Symbol-E,2020.1.3,MacIntel,Firefox,Mozilla/5.0 (Macintosh; Intel Mac OS X 10.13; rv:109.0) Gecko/20100101 Firefox/115.0,60,,,,,,,,,,,,,,,,,,,,,,,,,,,,,,,,,,,,,,media/ddnb.png,5,1,Symb,u,RT,0,0,0,1,8,0,79,0,1,8,99,u,0.906,5,1,u,1,0.906,79,0,79,0,1,,,,,,,,,,,,,
,,,,,,,,,,,,,,,,,332,2,2024-03-28_10h27.22.721,Symbol-E,2020.1.3,MacIntel,Firefox,Mozilla/5.0 (Macintosh; Intel Mac OS X 10.13; rv:109.0) Gecko/20100101 Firefox/115.0,60,,,,,,,,,,,,,,,,,,,,,,,,,,,,,,,,,,,,,,media/dcnb.png,0,0,Symb,a,RT,0,0,0,1,8,0,80,0,1,8,99,a,4.995,0,1,a,1,4.995,80,0,80,0,1,,,,,,,,,,,,,
,,,,,,,,,,,,,,,,,332,2,2024-03-28_10h27.22.721,Symbol-E,2020.1.3,MacIntel,Firefox,Mozilla/5.0 (Macintosh; Intel Mac OS X 10.13; rv:109.0) Gecko/20100101 Firefox/115.0,60,,,,,,,,,,,,,,,,,,,,,,,,,,,,,,,,,,,,,,media/ddnb.png,5,1,Symb,u,RT,0,0,0,1,8,0,81,0,1,8,99,u,1.153,5,1,u,1,1.153,81,0,81,0,1,,,,,,,,,,,,,
,,,,,,,,,,,,,,,,,332,2,2024-03-28_10h27.22.721,Symbol-E,2020.1.3,MacIntel,Firefox,Mozilla/5.0 (Macintosh; Intel Mac OS X 10.13; rv:109.0) Gecko/20100101 Firefox/115.0,60,,,,,,,,,,,,,,,,,,,,,,,,,,,,,,,,,,,,,,media/djnb.png,1,1,Symb,w,RT,0,0,0,1,8,0,82,0,1,8,99,w,1.02,1,1,w,1,1.02,82,0,82,0,1,,,,,,,,,,,,,
,,,,,,,,,,,,,,,,,332,2,2024-03-28_10h27.22.721,Symbol-E,2020.1.3,MacIntel,Firefox,Mozilla/5.0 (Macintosh; Intel Mac OS X 10.13; rv:109.0) Gecko/20100101 Firefox/115.0,60,,,,,,,,,,,,,,,,,,,,,,,,,,,,,,,,,,,,,,media/dfnb.png,3,3,Symb,f,RT,0,0,0,1,8,0,83,0,1,8,99,f,1.438,3,1,f,1,1.438,83,0,83,0,1,,,,,,,,,,,,,
,,,,,,,,,,,,,,,,,332,2,2024-03-28_10h27.22.721,Symbol-E,2020.1.3,MacIntel,Firefox,Mozilla/5.0 (Macintosh; Intel Mac OS X 10.13; rv:109.0) Gecko/20100101 Firefox/115.0,60,,,,,,,,,,,,,,,,,,,,,,,,,,,,,,,,,,,,,,media/dmnb.png,4,0,Symb,h,RT,0,0,0,1,8,0,84,0,1,8,99,h,1.221,4,1,h,1,1.221,84,0,84,0,1,,,,,,,,,,,,,
,,,,,,,,,,,,,,,,,332,2,2024-03-28_10h27.22.721,Symbol-E,2020.1.3,MacIntel,Firefox,Mozilla/5.0 (Macintosh; Intel Mac OS X 10.13; rv:109.0) Gecko/20100101 Firefox/115.0,60,,,,,,,,,,,,,,,,,,,,,,,,,,,,,,,,,,,,,,media/dnnb.png,7,3,Symb,l,RT,0,0,0,1,8,0,85,0,1,8,99,l,2.056,7,1,l,1,2.056,85,0,85,0,1,,,,,,,,,,,,,
,,,,,,,,,,,,,,,,,332,2,2024-03-28_10h27.22.721,Symbol-E,2020.1.3,MacIntel,Firefox,Mozilla/5.0 (Macintosh; Intel Mac OS X 10.13; rv:109.0) Gecko/20100101 Firefox/115.0,60,,,,,,,,,,,,,,,,,,,,,,,,,,,,,,,,,,,,,,media/dgnb.png,2,2,Symb,e,RT,0,0,0,1,8,0,86,0,1,8,99,e,3.213,2,1,e,1,3.213,86,0,86,0,1,,,,,,,,,,,,,
,,,,,,,,,,,,,,,,,332,2,2024-03-28_10h27.22.721,Symbol-E,2020.1.3,MacIntel,Firefox,Mozilla/5.0 (Macintosh; Intel Mac OS X 10.13; rv:109.0) Gecko/20100101 Firefox/115.0,60,,,,,,,,,,,,,,,,,,,,,,,,,,,,,,,,,,,,,,media/dinb.png,6,2,Symb,i,RT,0,0,0,1,8,0,87,0,1,8,99,i,0.988,6,1,i,1,0.988,87,0,87,0,1,,,,,,,,,,,,,
,,,,,,,,,,,,,,,,,332,2,2024-03-28_10h27.22.721,Symbol-E,2020.1.3,MacIntel,Firefox,Mozilla/5.0 (Macintosh; Intel Mac OS X 10.13; rv:109.0) Gecko/20100101 Firefox/115.0,60,,,,,,,,,,,,,,,,,,,,,,,,,,,,,,,,,,,,,,media/dmnb.png,4,0,Symb,h,RT,0,0,0,1,8,0,88,0,1,8,99,h,9.056,4,1,h,1,9.056,88,0,88,0,1,,,,,,,,,,,,,
,,,,,,,,,,,,,,,,,332,2,2024-03-28_10h27.22.721,Symbol-E,2020.1.3,MacIntel,Firefox,Mozilla/5.0 (Macintosh; Intel Mac OS X 10.13; rv:109.0) Gecko/20100101 Firefox/115.0,60,,,,,,,,,,,,,,,,,,,,,,,,,,,,,,,,,,,,,,media/ddnb.png,5,1,Symb,u,RT,0,0,0,1,8,0,89,0,1,8,99,u,0.853,5,1,u,1,0.853,89,0,89,0,1,,,,,,,,,,,,,
,,,,,,,,,,,,,,,,,332,2,2024-03-28_10h27.22.721,Symbol-E,2020.1.3,MacIntel,Firefox,Mozilla/5.0 (Macintosh; Intel Mac OS X 10.13; rv:109.0) Gecko/20100101 Firefox/115.0,60,,,,,,,,,,,,,,,,,,,,,,,,,,,,,,,,,,,,,,media/dnnb.png,7,3,Symb,l,RT,0,0,0,1,8,0,90,0,1,8,99,l,0.919,7,1,l,1,0.919,90,0,90,0,1,,,,,,,,,,,,,
,,,,,,,,,,,,,,,,,332,2,2024-03-28_10h27.22.721,Symbol-E,2020.1.3,MacIntel,Firefox,Mozilla/5.0 (Macintosh; Intel Mac OS X 10.13; rv:109.0) Gecko/20100101 Firefox/115.0,60,,,,,,,,,,,,,,,,,,,,,,,,,,,,,,,,,,,,,,media/dinb.png,6,2,Symb,i,RT,0,0,0,1,8,0,91,0,1,8,99,i,0.77,6,1,i,1,0.77,91,0,91,0,1,,,,,,,,,,,,,
,,,,,,,,,,,,,,,,,332,2,2024-03-28_10h27.22.721,Symbol-E,2020.1.3,MacIntel,Firefox,Mozilla/5.0 (Macintosh; Intel Mac OS X 10.13; rv:109.0) Gecko/20100101 Firefox/115.0,60,,,,,,,,,,,,,,,,,,,,,,,,,,,,,,,,,,,,,,media/dcnb.png,0,0,Symb,a,RT,0,0,0,1,8,0,92,0,1,8,99,a,1.086,0,1,a,1,1.086,92,0,92,0,1,,,,,,,,,,,,,
,,,,,,,,,,,,,,,,,332,2,2024-03-28_10h27.22.721,Symbol-E,2020.1.3,MacIntel,Firefox,Mozilla/5.0 (Macintosh; Intel Mac OS X 10.13; rv:109.0) Gecko/20100101 Firefox/115.0,60,,,,,,,,,,,,,,,,,,,,,,,,,,,,,,,,,,,,,,media/dfnb.png,3,3,Symb,f,RT,0,0,0,1,8,0,93,0,1,8,99,f,1.272,3,1,f,1,1.272,93,0,93,0,1,,,,,,,,,,,,,
,,,,,,,,,,,,,,,,,332,2,2024-03-28_10h27.22.721,Symbol-E,2020.1.3,MacIntel,Firefox,Mozilla/5.0 (Macintosh; Intel Mac OS X 10.13; rv:109.0) Gecko/20100101 Firefox/115.0,60,,,,,,,,,,,,,,,,,,,,,,,,,,,,,,,,,,,,,,media/dgnb.png,2,2,Symb,e,RT,0,0,0,1,8,0,94,0,1,8,99,e,0.887,2,1,e,1,0.887,94,0,94,0,1,,,,,,,,,,,,,
,,,,,,,,,,,,,,,,,332,2,2024-03-28_10h27.22.721,Symbol-E,2020.1.3,MacIntel,Firefox,Mozilla/5.0 (Macintosh; Intel Mac OS X 10.13; rv:109.0) Gecko/20100101 Firefox/115.0,60,,,,,,,,,,,,,,,,,,,,,,,,,,,,,,,,,,,,,,media/djnb.png,1,1,Symb,w,RT,0,0,0,1,8,0,95,0,1,8,99,w,0.904,1,1,w,1,0.904,95,0,95,0,1,,,,,,,,,,,,,
,,,,,,,,,,,,,,,,,332,2,2024-03-28_10h27.22.721,Symbol-E,2020.1.3,MacIntel,Firefox,Mozilla/5.0 (Macintosh; Intel Mac OS X 10.13; rv:109.0) Gecko/20100101 Firefox/115.0,60,,,,,,,,,,,,,,,,,,,,,,,,,,,,,,,,,,,,,,,,,,,,,,,,,,,,,,,,,,,,,,,,,,,7,0,7,0,1,,,,,,,,
,,,,,,,,,,,,,,,,,332,2,2024-03-28_10h27.22.721,Symbol-E,2020.1.3,MacIntel,Firefox,Mozilla/5.0 (Macintosh; Intel Mac OS X 10.13; rv:109.0) Gecko/20100101 Firefox/115.0,60,,,,,,,,,,,,,,,,,,,,,,,,,,,,,,,,,,,,h,52.904,media/ddnb.png,5,1,Symb,u,RT,0,0,0,1,8,0,0,0,1,9,99,u,0.952,5,1,u,1,0.952,0,0,0,0,1,,,,,,,,,,,,,
,,,,,,,,,,,,,,,,,332,2,2024-03-28_10h27.22.721,Symbol-E,2020.1.3,MacIntel,Firefox,Mozilla/5.0 (Macintosh; Intel Mac OS X 10.13; rv:109.0) Gecko/20100101 Firefox/115.0,60,,,,,,,,,,,,,,,,,,,,,,,,,,,,,,,,,,,,,,media/dnnb.png,7,3,Symb,l,RT,0,0,0,1,8,0,1,0,1,9,99,l,1.37,7,1,l,1,1.37,1,0,1,0,1,,,,,,,,,,,,,
,,,,,,,,,,,,,,,,,332,2,2024-03-28_10h27.22.721,Symbol-E,2020.1.3,MacIntel,Firefox,Mozilla/5.0 (Macintosh; Intel Mac OS X 10.13; rv:109.0) Gecko/20100101 Firefox/115.0,60,,,,,,,,,,,,,,,,,,,,,,,,,,,,,,,,,,,,,,media/djnb.png,1,1,Symb,w,RT,0,0,0,1,8,0,2,0,1,9,99,w,0.803,1,1,w,1,0.803,2,0,2,0,1,,,,,,,,,,,,,
,,,,,,,,,,,,,,,,,332,2,2024-03-28_10h27.22.721,Symbol-E,2020.1.3,MacIntel,Firefox,Mozilla/5.0 (Macintosh; Intel Mac OS X 10.13; rv:109.0) Gecko/20100101 Firefox/115.0,60,,,,,,,,,,,,,,,,,,,,,,,,,,,,,,,,,,,,,,media/dcnb.png,0,0,Symb,a,RT,0,0,0,1,8,0,3,0,1,9,99,a,1.305,0,1,a,1,1.305,3,0,3,0,1,,,,,,,,,,,,,
,,,,,,,,,,,,,,,,,332,2,2024-03-28_10h27.22.721,Symbol-E,2020.1.3,MacIntel,Firefox,Mozilla/5.0 (Macintosh; Intel Mac OS X 10.13; rv:109.0) Gecko/20100101 Firefox/115.0,60,,,,,,,,,,,,,,,,,,,,,,,,,,,,,,,,,,,,,,media/dcnb.png,0,0,Symb,a,RT,0,0,0,1,8,0,4,0,1,9,99,a,0.468,0,1,a,1,0.468,4,0,4,0,1,,,,,,,,,,,,,
,,,,,,,,,,,,,,,,,332,2,2024-03-28_10h27.22.721,Symbol-E,2020.1.3,MacIntel,Firefox,Mozilla/5.0 (Macintosh; Intel Mac OS X 10.13; rv:109.0) Gecko/20100101 Firefox/115.0,60,,,,,,,,,,,,,,,,,,,,,,,,,,,,,,,,,,,,,,media/dgnb.png,2,2,Symb,e,RT,0,0,0,1,8,0,5,0,1,9,99,e,0.87,2,1,e,1,0.87,5,0,5,0,1,,,,,,,,,,,,,
,,,,,,,,,,,,,,,,,332,2,2024-03-28_10h27.22.721,Symbol-E,2020.1.3,MacIntel,Firefox,Mozilla/5.0 (Macintosh; Intel Mac OS X 10.13; rv:109.0) Gecko/20100101 Firefox/115.0,60,,,,,,,,,,,,,,,,,,,,,,,,,,,,,,,,,,,,,,media/djnb.png,1,1,Symb,w,RT,0,0,0,1,8,0,6,0,1,9,99,w,0.753,1,1,w,1,0.753,6,0,6,0,1,,,,,,,,,,,,,
,,,,,,,,,,,,,,,,,332,2,2024-03-28_10h27.22.721,Symbol-E,2020.1.3,MacIntel,Firefox,Mozilla/5.0 (Macintosh; Intel Mac OS X 10.13; rv:109.0) Gecko/20100101 Firefox/115.0,60,,,,,,,,,,,,,,,,,,,,,,,,,,,,,,,,,,,,,,media/dnnb.png,7,3,Symb,l,RT,0,0,0,1,8,0,7,0,1,9,99,l,1.071,7,1,l,1,1.071,7,0,7,0,1,,,,,,,,,,,,,
,,,,,,,,,,,,,,,,,332,2,2024-03-28_10h27.22.721,Symbol-E,2020.1.3,MacIntel,Firefox,Mozilla/5.0 (Macintosh; Intel Mac OS X 10.13; rv:109.0) Gecko/20100101 Firefox/115.0,60,,,,,,,,,,,,,,,,,,,,,,,,,,,,,,,,,,,,,,media/dgnb.png,2,2,Symb,e,RT,0,0,0,1,8,0,8,0,1,9,99,e,0.841,2,1,e,1,0.841,8,0,8,0,1,,,,,,,,,,,,,
,,,,,,,,,,,,,,,,,332,2,2024-03-28_10h27.22.721,Symbol-E,2020.1.3,MacIntel,Firefox,Mozilla/5.0 (Macintosh; Intel Mac OS X 10.13; rv:109.0) Gecko/20100101 Firefox/115.0,60,,,,,,,,,,,,,,,,,,,,,,,,,,,,,,,,,,,,,,media/ddnb.png,5,1,Symb,u,RT,0,0,0,1,8,0,9,0,1,9,99,u,0.853,5,1,u,1,0.853,9,0,9,0,1,,,,,,,,,,,,,
,,,,,,,,,,,,,,,,,332,2,2024-03-28_10h27.22.721,Symbol-E,2020.1.3,MacIntel,Firefox,Mozilla/5.0 (Macintosh; Intel Mac OS X 10.13; rv:109.0) Gecko/20100101 Firefox/115.0,60,,,,,,,,,,,,,,,,,,,,,,,,,,,,,,,,,,,,,,media/dinb.png,6,2,Symb,i,RT,0,0,0,1,8,0,10,0,1,9,99,i,0.737,6,1,i,1,0.737,10,0,10,0,1,,,,,,,,,,,,,
,,,,,,,,,,,,,,,,,332,2,2024-03-28_10h27.22.721,Symbol-E,2020.1.3,MacIntel,Firefox,Mozilla/5.0 (Macintosh; Intel Mac OS X 10.13; rv:109.0) Gecko/20100101 Firefox/115.0,60,,,,,,,,,,,,,,,,,,,,,,,,,,,,,,,,,,,,,,media/dinb.png,6,2,Symb,i,RT,0,0,0,1,8,0,11,0,1,9,99,i,0.438,6,1,i,1,0.438,11,0,11,0,1,,,,,,,,,,,,,
,,,,,,,,,,,,,,,,,332,2,2024-03-28_10h27.22.721,Symbol-E,2020.1.3,MacIntel,Firefox,Mozilla/5.0 (Macintosh; Intel Mac OS X 10.13; rv:109.0) Gecko/20100101 Firefox/115.0,60,,,,,,,,,,,,,,,,,,,,,,,,,,,,,,,,,,,,,,media/dfnb.png,3,3,Symb,f,RT,0,0,0,1,8,0,12,0,1,9,99,f,1.291,3,1,f,1,1.291,12,0,12,0,1,,,,,,,,,,,,,
,,,,,,,,,,,,,,,,,332,2,2024-03-28_10h27.22.721,Symbol-E,2020.1.3,MacIntel,Firefox,Mozilla/5.0 (Macintosh; Intel Mac OS X 10.13; rv:109.0) Gecko/20100101 Firefox/115.0,60,,,,,,,,,,,,,,,,,,,,,,,,,,,,,,,,,,,,,,media/dmnb.png,4,0,Symb,h,RT,0,0,0,1,8,0,13,0,1,9,99,h,0.954,4,1,h,1,0.954,13,0,13,0,1,,,,,,,,,,,,,
,,,,,,,,,,,,,,,,,332,2,2024-03-28_10h27.22.721,Symbol-E,2020.1.3,MacIntel,Firefox,Mozilla/5.0 (Macintosh; Intel Mac OS X 10.13; rv:109.0) Gecko/20100101 Firefox/115.0,60,,,,,,,,,,,,,,,,,,,,,,,,,,,,,,,,,,,,,,media/dfnb.png,3,3,Symb,f,RT,0,0,0,1,8,0,14,0,1,9,99,f,0.852,3,1,f,1,0.852,14,0,14,0,1,,,,,,,,,,,,,
,,,,,,,,,,,,,,,,,332,2,2024-03-28_10h27.22.721,Symbol-E,2020.1.3,MacIntel,Firefox,Mozilla/5.0 (Macintosh; Intel Mac OS X 10.13; rv:109.0) Gecko/20100101 Firefox/115.0,60,,,,,,,,,,,,,,,,,,,,,,,,,,,,,,,,,,,,,,media/dmnb.png,4,0,Symb,h,RT,0,0,0,1,8,0,15,0,1,9,99,h,0.838,4,1,h,1,0.838,15,0,15,0,1,,,,,,,,,,,,,
,,,,,,,,,,,,,,,,,332,2,2024-03-28_10h27.22.721,Symbol-E,2020.1.3,MacIntel,Firefox,Mozilla/5.0 (Macintosh; Intel Mac OS X 10.13; rv:109.0) Gecko/20100101 Firefox/115.0,60,,,,,,,,,,,,,,,,,,,,,,,,,,,,,,,,,,,,,,media/dfnb.png,3,3,Symb,f,RT,0,0,0,1,8,0,16,0,1,9,99,f,0.754,3,1,f,1,0.754,16,0,16,0,1,,,,,,,,,,,,,
,,,,,,,,,,,,,,,,,332,2,2024-03-28_10h27.22.721,Symbol-E,2020.1.3,MacIntel,Firefox,Mozilla/5.0 (Macintosh; Intel Mac OS X 10.13; rv:109.0) Gecko/20100101 Firefox/115.0,60,,,,,,,,,,,,,,,,,,,,,,,,,,,,,,,,,,,,,,media/dmnb.png,4,0,Symb,h,RT,0,0,0,1,8,0,17,0,1,9,99,h,0.602,4,1,h,1,0.602,17,0,17,0,1,,,,,,,,,,,,,
,,,,,,,,,,,,,,,,,332,2,2024-03-28_10h27.22.721,Symbol-E,2020.1.3,MacIntel,Firefox,Mozilla/5.0 (Macintosh; Intel Mac OS X 10.13; rv:109.0) Gecko/20100101 Firefox/115.0,60,,,,,,,,,,,,,,,,,,,,,,,,,,,,,,,,,,,,,,media/dcnb.png,0,0,Symb,a,RT,0,0,0,1,8,0,18,0,1,9,99,a,0.853,0,1,a,1,0.853,18,0,18,0,1,,,,,,,,,,,,,
,,,,,,,,,,,,,,,,,332,2,2024-03-28_10h27.22.721,Symbol-E,2020.1.3,MacIntel,Firefox,Mozilla/5.0 (Macintosh; Intel Mac OS X 10.13; rv:109.0) Gecko/20100101 Firefox/115.0,60,,,,,,,,,,,,,,,,,,,,,,,,,,,,,,,,,,,,,,media/dinb.png,6,2,Symb,i,RT,0,0,0,1,8,0,19,0,1,9,99,i,0.853,6,1,i,1,0.853,19,0,19,0,1,,,,,,,,,,,,,
,,,,,,,,,,,,,,,,,332,2,2024-03-28_10h27.22.721,Symbol-E,2020.1.3,MacIntel,Firefox,Mozilla/5.0 (Macintosh; Intel Mac OS X 10.13; rv:109.0) Gecko/20100101 Firefox/115.0,60,,,,,,,,,,,,,,,,,,,,,,,,,,,,,,,,,,,,,,media/dcnb.png,0,0,Symb,a,RT,0,0,0,1,8,0,20,0,1,9,99,a,0.819,0,1,a,1,0.819,20,0,20,0,1,,,,,,,,,,,,,
,,,,,,,,,,,,,,,,,332,2,2024-03-28_10h27.22.721,Symbol-E,2020.1.3,MacIntel,Firefox,Mozilla/5.0 (Macintosh; Intel Mac OS X 10.13; rv:109.0) Gecko/20100101 Firefox/115.0,60,,,,,,,,,,,,,,,,,,,,,,,,,,,,,,,,,,,,,,media/dmnb.png,4,0,Symb,h,RT,0,0,0,1,8,0,21,0,1,9,99,h,1.026,4,1,h,1,1.026,21,0,21,0,1,,,,,,,,,,,,,
,,,,,,,,,,,,,,,,,332,2,2024-03-28_10h27.22.721,Symbol-E,2020.1.3,MacIntel,Firefox,Mozilla/5.0 (Macintosh; Intel Mac OS X 10.13; rv:109.0) Gecko/20100101 Firefox/115.0,60,,,,,,,,,,,,,,,,,,,,,,,,,,,,,,,,,,,,,,media/djnb.png,1,1,Symb,w,RT,0,0,0,1,8,0,22,0,1,9,99,w,0.738,1,1,w,1,0.738,22,0,22,0,1,,,,,,,,,,,,,
,,,,,,,,,,,,,,,,,332,2,2024-03-28_10h27.22.721,Symbol-E,2020.1.3,MacIntel,Firefox,Mozilla/5.0 (Macintosh; Intel Mac OS X 10.13; rv:109.0) Gecko/20100101 Firefox/115.0,60,,,,,,,,,,,,,,,,,,,,,,,,,,,,,,,,,,,,,,media/djnb.png,1,1,Symb,w,RT,0,0,0,1,8,0,23,0,1,9,99,w,0.47,1,1,w,1,0.47,23,0,23,0,1,,,,,,,,,,,,,
,,,,,,,,,,,,,,,,,332,2,2024-03-28_10h27.22.721,Symbol-E,2020.1.3,MacIntel,Firefox,Mozilla/5.0 (Macintosh; Intel Mac OS X 10.13; rv:109.0) Gecko/20100101 Firefox/115.0,60,,,,,,,,,,,,,,,,,,,,,,,,,,,,,,,,,,,,,,media/ddnb.png,5,1,Symb,u,RT,0,0,0,1,8,0,24,0,1,9,99,u,0.921,5,1,u,1,0.921,24,0,24,0,1,,,,,,,,,,,,,
,,,,,,,,,,,,,,,,,332,2,2024-03-28_10h27.22.721,Symbol-E,2020.1.3,MacIntel,Firefox,Mozilla/5.0 (Macintosh; Intel Mac OS X 10.13; rv:109.0) Gecko/20100101 Firefox/115.0,60,,,,,,,,,,,,,,,,,,,,,,,,,,,,,,,,,,,,,,media/dgnb.png,2,2,Symb,e,RT,0,0,0,1,8,0,25,0,1,9,99,e,0.802,2,1,e,1,0.802,25,0,25,0,1,,,,,,,,,,,,,
,,,,,,,,,,,,,,,,,332,2,2024-03-28_10h27.22.721,Symbol-E,2020.1.3,MacIntel,Firefox,Mozilla/5.0 (Macintosh; Intel Mac OS X 10.13; rv:109.0) Gecko/20100101 Firefox/115.0,60,,,,,,,,,,,,,,,,,,,,,,,,,,,,,,,,,,,,,,media/dgnb.png,2,2,Symb,e,RT,0,0,0,1,8,0,26,0,1,9,99,e,0.417,2,1,e,1,0.417,26,0,26,0,1,,,,,,,,,,,,,
,,,,,,,,,,,,,,,,,332,2,2024-03-28_10h27.22.721,Symbol-E,2020.1.3,MacIntel,Firefox,Mozilla/5.0 (Macintosh; Intel Mac OS X 10.13; rv:109.0) Gecko/20100101 Firefox/115.0,60,,,,,,,,,,,,,,,,,,,,,,,,,,,,,,,,,,,,,,media/dfnb.png,3,3,Symb,f,RT,0,0,0,1,8,0,27,0,1,9,99,f,0.841,3,1,f,1,0.841,27,0,27,0,1,,,,,,,,,,,,,
,,,,,,,,,,,,,,,,,332,2,2024-03-28_10h27.22.721,Symbol-E,2020.1.3,MacIntel,Firefox,Mozilla/5.0 (Macintosh; Intel Mac OS X 10.13; rv:109.0) Gecko/20100101 Firefox/115.0,60,,,,,,,,,,,,,,,,,,,,,,,,,,,,,,,,,,,,,,media/dnnb.png,7,3,Symb,l,RT,0,0,0,1,8,0,28,0,1,9,99,l,1.438,7,1,l,1,1.438,28,0,28,0,1,,,,,,,,,,,,,
,,,,,,,,,,,,,,,,,332,2,2024-03-28_10h27.22.721,Symbol-E,2020.1.3,MacIntel,Firefox,Mozilla/5.0 (Macintosh; Intel Mac OS X 10.13; rv:109.0) Gecko/20100101 Firefox/115.0,60,,,,,,,,,,,,,,,,,,,,,,,,,,,,,,,,,,,,,,media/dinb.png,6,2,Symb,i,RT,0,0,0,1,8,0,29,0,1,9,99,i,0.902,6,1,i,1,0.902,29,0,29,0,1,,,,,,,,,,,,,
,,,,,,,,,,,,,,,,,332,2,2024-03-28_10h27.22.721,Symbol-E,2020.1.3,MacIntel,Firefox,Mozilla/5.0 (Macintosh; Intel Mac OS X 10.13; rv:109.0) Gecko/20100101 Firefox/115.0,60,,,,,,,,,,,,,,,,,,,,,,,,,,,,,,,,,,,,,,media/ddnb.png,5,1,Symb,u,RT,0,0,0,1,8,0,30,0,1,9,99,u,0.77,5,1,u,1,0.77,30,0,30,0,1,,,,,,,,,,,,,
,,,,,,,,,,,,,,,,,332,2,2024-03-28_10h27.22.721,Symbol-E,2020.1.3,MacIntel,Firefox,Mozilla/5.0 (Macintosh; Intel Mac OS X 10.13; rv:109.0) Gecko/20100101 Firefox/115.0,60,,,,,,,,,,,,,,,,,,,,,,,,,,,,,,,,,,,,,,media/dnnb.png,7,3,Symb,l,RT,0,0,0,1,8,0,31,0,1,9,99,l,1.17,7,1,l,1,1.17,31,0,31,0,1,,,,,,,,,,,,,
,,,,,,,,,,,,,,,,,332,2,2024-03-28_10h27.22.721,Symbol-E,2020.1.3,MacIntel,Firefox,Mozilla/5.0 (Macintosh; Intel Mac OS X 10.13; rv:109.0) Gecko/20100101 Firefox/115.0,60,,,,,,,,,,,,,,,,,,,,,,,,,,,,,,,,,,,,,,media/dcnb.png,0,0,Symb,a,RT,0,0,0,1,8,0,32,0,1,9,99,a,1.176,0,1,a,1,1.176,32,0,32,0,1,,,,,,,,,,,,,
,,,,,,,,,,,,,,,,,332,2,2024-03-28_10h27.22.721,Symbol-E,2020.1.3,MacIntel,Firefox,Mozilla/5.0 (Macintosh; Intel Mac OS X 10.13; rv:109.0) Gecko/20100101 Firefox/115.0,60,,,,,,,,,,,,,,,,,,,,,,,,,,,,,,,,,,,,,,media/dinb.png,6,2,Symb,i,RT,0,0,0,1,8,0,33,0,1,9,99,i,0.769,6,1,i,1,0.769,33,0,33,0,1,,,,,,,,,,,,,
,,,,,,,,,,,,,,,,,332,2,2024-03-28_10h27.22.721,Symbol-E,2020.1.3,MacIntel,Firefox,Mozilla/5.0 (Macintosh; Intel Mac OS X 10.13; rv:109.0) Gecko/20100101 Firefox/115.0,60,,,,,,,,,,,,,,,,,,,,,,,,,,,,,,,,,,,,,,media/dinb.png,6,2,Symb,i,RT,0,0,0,1,8,0,34,0,1,9,99,i,0.485,6,1,i,1,0.485,34,0,34,0,1,,,,,,,,,,,,,
,,,,,,,,,,,,,,,,,332,2,2024-03-28_10h27.22.721,Symbol-E,2020.1.3,MacIntel,Firefox,Mozilla/5.0 (Macintosh; Intel Mac OS X 10.13; rv:109.0) Gecko/20100101 Firefox/115.0,60,,,,,,,,,,,,,,,,,,,,,,,,,,,,,,,,,,,,,,media/ddnb.png,5,1,Symb,u,RT,0,0,0,1,8,0,35,0,1,9,99,u,0.97,5,1,u,1,0.97,35,0,35,0,1,,,,,,,,,,,,,
,,,,,,,,,,,,,,,,,332,2,2024-03-28_10h27.22.721,Symbol-E,2020.1.3,MacIntel,Firefox,Mozilla/5.0 (Macintosh; Intel Mac OS X 10.13; rv:109.0) Gecko/20100101 Firefox/115.0,60,,,,,,,,,,,,,,,,,,,,,,,,,,,,,,,,,,,,,,media/ddnb.png,5,1,Symb,u,RT,0,0,0,1,8,0,36,0,1,9,99,u,0.506,5,1,u,1,0.506,36,0,36,0,1,,,,,,,,,,,,,
,,,,,,,,,,,,,,,,,332,2,2024-03-28_10h27.22.721,Symbol-E,2020.1.3,MacIntel,Firefox,Mozilla/5.0 (Macintosh; Intel Mac OS X 10.13; rv:109.0) Gecko/20100101 Firefox/115.0,60,,,,,,,,,,,,,,,,,,,,,,,,,,,,,,,,,,,,,,media/dcnb.png,0,0,Symb,a,RT,0,0,0,1,8,0,37,0,1,9,99,a,2.441,0,1,a,1,2.441,37,0,37,0,1,,,,,,,,,,,,,
,,,,,,,,,,,,,,,,,332,2,2024-03-28_10h27.22.721,Symbol-E,2020.1.3,MacIntel,Firefox,Mozilla/5.0 (Macintosh; Intel Mac OS X 10.13; rv:109.0) Gecko/20100101 Firefox/115.0,60,,,,,,,,,,,,,,,,,,,,,,,,,,,,,,,,,,,,,,media/dmnb.png,4,0,Symb,h,RT,0,0,0,1,8,0,38,0,1,9,99,h,1.238,4,1,h,1,1.238,38,0,38,0,1,,,,,,,,,,,,,
,,,,,,,,,,,,,,,,,332,2,2024-03-28_10h27.22.721,Symbol-E,2020.1.3,MacIntel,Firefox,Mozilla/5.0 (Macintosh; Intel Mac OS X 10.13; rv:109.0) Gecko/20100101 Firefox/115.0,60,,,,,,,,,,,,,,,,,,,,,,,,,,,,,,,,,,,,,,media/dgnb.png,2,2,Symb,e,RT,0,0,0,1,8,0,39,0,1,9,99,e,1.036,2,1,e,1,1.036,39,0,39,0,1,,,,,,,,,,,,,
,,,,,,,,,,,,,,,,,332,2,2024-03-28_10h27.22.721,Symbol-E,2020.1.3,MacIntel,Firefox,Mozilla/5.0 (Macintosh; Intel Mac OS X 10.13; rv:109.0) Gecko/20100101 Firefox/115.0,60,,,,,,,,,,,,,,,,,,,,,,,,,,,,,,,,,,,,,,media/dnnb.png,7,3,Symb,l,RT,0,0,0,1,8,0,40,0,1,9,99,l,1.22,7,1,l,1,1.22,40,0,40,0,1,,,,,,,,,,,,,
,,,,,,,,,,,,,,,,,332,2,2024-03-28_10h27.22.721,Symbol-E,2020.1.3,MacIntel,Firefox,Mozilla/5.0 (Macintosh; Intel Mac OS X 10.13; rv:109.0) Gecko/20100101 Firefox/115.0,60,,,,,,,,,,,,,,,,,,,,,,,,,,,,,,,,,,,,,,media/djnb.png,1,1,Symb,w,RT,0,0,0,1,8,0,41,0,1,9,99,w,2.522,1,1,w,1,2.522,41,0,41,0,1,,,,,,,,,,,,,
,,,,,,,,,,,,,,,,,332,2,2024-03-28_10h27.22.721,Symbol-E,2020.1.3,MacIntel,Firefox,Mozilla/5.0 (Macintosh; Intel Mac OS X 10.13; rv:109.0) Gecko/20100101 Firefox/115.0,60,,,,,,,,,,,,,,,,,,,,,,,,,,,,,,,,,,,,,,media/dfnb.png,3,3,Symb,f,RT,0,0,0,1,8,0,42,0,1,9,99,f,0.873,3,1,f,1,0.873,42,0,42,0,1,,,,,,,,,,,,,
,,,,,,,,,,,,,,,,,332,2,2024-03-28_10h27.22.721,Symbol-E,2020.1.3,MacIntel,Firefox,Mozilla/5.0 (Macintosh; Intel Mac OS X 10.13; rv:109.0) Gecko/20100101 Firefox/115.0,60,,,,,,,,,,,,,,,,,,,,,,,,,,,,,,,,,,,,,,media/dnnb.png,7,3,Symb,l,RT,0,0,0,1,8,0,43,0,1,9,99,l,1.103,7,1,l,1,1.103,43,0,43,0,1,,,,,,,,,,,,,
,,,,,,,,,,,,,,,,,332,2,2024-03-28_10h27.22.721,Symbol-E,2020.1.3,MacIntel,Firefox,Mozilla/5.0 (Macintosh; Intel Mac OS X 10.13; rv:109.0) Gecko/20100101 Firefox/115.0,60,,,,,,,,,,,,,,,,,,,,,,,,,,,,,,,,,,,,,,media/dgnb.png,2,2,Symb,e,RT,0,0,0,1,8,0,44,0,1,9,99,e,0.921,2,1,e,1,0.921,44,0,44,0,1,,,,,,,,,,,,,
,,,,,,,,,,,,,,,,,332,2,2024-03-28_10h27.22.721,Symbol-E,2020.1.3,MacIntel,Firefox,Mozilla/5.0 (Macintosh; Intel Mac OS X 10.13; rv:109.0) Gecko/20100101 Firefox/115.0,60,,,,,,,,,,,,,,,,,,,,,,,,,,,,,,,,,,,,,,media/dmnb.png,4,0,Symb,h,RT,0,0,0,1,8,0,45,0,1,9,99,h,1.354,4,1,h,1,1.354,45,0,45,0,1,,,,,,,,,,,,,
,,,,,,,,,,,,,,,,,332,2,2024-03-28_10h27.22.721,Symbol-E,2020.1.3,MacIntel,Firefox,Mozilla/5.0 (Macintosh; Intel Mac OS X 10.13; rv:109.0) Gecko/20100101 Firefox/115.0,60,,,,,,,,,,,,,,,,,,,,,,,,,,,,,,,,,,,,,,media/djnb.png,1,1,Symb,w,RT,0,0,0,1,8,0,46,0,1,9,99,w,0.771,1,1,w,1,0.771,46,0,46,0,1,,,,,,,,,,,,,
,,,,,,,,,,,,,,,,,332,2,2024-03-28_10h27.22.721,Symbol-E,2020.1.3,MacIntel,Firefox,Mozilla/5.0 (Macintosh; Intel Mac OS X 10.13; rv:109.0) Gecko/20100101 Firefox/115.0,60,,,,,,,,,,,,,,,,,,,,,,,,,,,,,,,,,,,,,,media/dfnb.png,3,3,Symb,f,RT,0,0,0,1,8,0,47,0,1,9,99,f,0.886,3,1,f,1,0.886,47,0,47,0,1,,,,,,,,,,,,,
,,,,,,,,,,,,,,,,,332,2,2024-03-28_10h27.22.721,Symbol-E,2020.1.3,MacIntel,Firefox,Mozilla/5.0 (Macintosh; Intel Mac OS X 10.13; rv:109.0) Gecko/20100101 Firefox/115.0,60,,,,,,,,,,,,,,,,,,,,,,,,,,,,,,,,,,,,,,media/dnnb.png,7,3,Symb,l,RT,0,0,0,1,8,0,48,0,1,9,99,l,1.27,7,1,l,1,1.27,48,0,48,0,1,,,,,,,,,,,,,
,,,,,,,,,,,,,,,,,332,2,2024-03-28_10h27.22.721,Symbol-E,2020.1.3,MacIntel,Firefox,Mozilla/5.0 (Macintosh; Intel Mac OS X 10.13; rv:109.0) Gecko/20100101 Firefox/115.0,60,,,,,,,,,,,,,,,,,,,,,,,,,,,,,,,,,,,,,,media/ddnb.png,5,1,Symb,u,RT,0,0,0,1,8,0,49,0,1,9,99,u,0.854,5,1,u,1,0.854,49,0,49,0,1,,,,,,,,,,,,,
,,,,,,,,,,,,,,,,,332,2,2024-03-28_10h27.22.721,Symbol-E,2020.1.3,MacIntel,Firefox,Mozilla/5.0 (Macintosh; Intel Mac OS X 10.13; rv:109.0) Gecko/20100101 Firefox/115.0,60,,,,,,,,,,,,,,,,,,,,,,,,,,,,,,,,,,,,,,media/ddnb.png,5,1,Symb,u,RT,0,0,0,1,8,0,50,0,1,9,99,u,0.42,5,1,u,1,0.42,50,0,50,0,1,,,,,,,,,,,,,
,,,,,,,,,,,,,,,,,332,2,2024-03-28_10h27.22.721,Symbol-E,2020.1.3,MacIntel,Firefox,Mozilla/5.0 (Macintosh; Intel Mac OS X 10.13; rv:109.0) Gecko/20100101 Firefox/115.0,60,,,,,,,,,,,,,,,,,,,,,,,,,,,,,,,,,,,,,,media/dcnb.png,0,0,Symb,a,RT,0,0,0,1,8,0,51,0,1,9,99,a,0.838,0,1,a,1,0.838,51,0,51,0,1,,,,,,,,,,,,,
,,,,,,,,,,,,,,,,,332,2,2024-03-28_10h27.22.721,Symbol-E,2020.1.3,MacIntel,Firefox,Mozilla/5.0 (Macintosh; Intel Mac OS X 10.13; rv:109.0) Gecko/20100101 Firefox/115.0,60,,,,,,,,,,,,,,,,,,,,,,,,,,,,,,,,,,,,,,media/dfnb.png,3,3,Symb,f,RT,0,0,0,1,8,0,52,0,1,9,99,f,0.953,3,1,f,1,0.953,52,0,52,0,1,,,,,,,,,,,,,
,,,,,,,,,,,,,,,,,332,2,2024-03-28_10h27.22.721,Symbol-E,2020.1.3,MacIntel,Firefox,Mozilla/5.0 (Macintosh; Intel Mac OS X 10.13; rv:109.0) Gecko/20100101 Firefox/115.0,60,,,,,,,,,,,,,,,,,,,,,,,,,,,,,,,,,,,,,,media/djnb.png,1,1,Symb,w,RT,0,0,0,1,8,0,53,0,1,9,99,w,0.82,1,1,w,1,0.82,53,0,53,0,1,,,,,,,,,,,,,
,,,,,,,,,,,,,,,,,332,2,2024-03-28_10h27.22.721,Symbol-E,2020.1.3,MacIntel,Firefox,Mozilla/5.0 (Macintosh; Intel Mac OS X 10.13; rv:109.0) Gecko/20100101 Firefox/115.0,60,,,,,,,,,,,,,,,,,,,,,,,,,,,,,,,,,,,,,,media/dgnb.png,2,2,Symb,e,RT,0,0,0,1,8,0,54,0,1,9,99,e,0.839,2,1,e,1,0.839,54,0,54,0,1,,,,,,,,,,,,,
,,,,,,,,,,,,,,,,,332,2,2024-03-28_10h27.22.721,Symbol-E,2020.1.3,MacIntel,Firefox,Mozilla/5.0 (Macintosh; Intel Mac OS X 10.13; rv:109.0) Gecko/20100101 Firefox/115.0,60,,,,,,,,,,,,,,,,,,,,,,,,,,,,,,,,,,,,,,media/dinb.png,6,2,Symb,i,RT,0,0,0,1,8,0,55,0,1,9,99,i,0.92,6,1,i,1,0.92,55,0,55,0,1,,,,,,,,,,,,,
,,,,,,,,,,,,,,,,,332,2,2024-03-28_10h27.22.721,Symbol-E,2020.1.3,MacIntel,Firefox,Mozilla/5.0 (Macintosh; Intel Mac OS X 10.13; rv:109.0) Gecko/20100101 Firefox/115.0,60,,,,,,,,,,,,,,,,,,,,,,,,,,,,,,,,,,,,,,media/dcnb.png,0,0,Symb,a,RT,0,0,0,1,8,0,56,0,1,9,99,a,1.303,0,1,a,1,1.303,56,0,56,0,1,,,,,,,,,,,,,
,,,,,,,,,,,,,,,,,332,2,2024-03-28_10h27.22.721,Symbol-E,2020.1.3,MacIntel,Firefox,Mozilla/5.0 (Macintosh; Intel Mac OS X 10.13; rv:109.0) Gecko/20100101 Firefox/115.0,60,,,,,,,,,,,,,,,,,,,,,,,,,,,,,,,,,,,,,,media/djnb.png,1,1,Symb,w,RT,0,0,0,1,8,0,57,0,1,9,99,w,0.775,1,1,w,1,0.775,57,0,57,0,1,,,,,,,,,,,,,
,,,,,,,,,,,,,,,,,332,2,2024-03-28_10h27.22.721,Symbol-E,2020.1.3,MacIntel,Firefox,Mozilla/5.0 (Macintosh; Intel Mac OS X 10.13; rv:109.0) Gecko/20100101 Firefox/115.0,60,,,,,,,,,,,,,,,,,,,,,,,,,,,,,,,,,,,,,,media/dinb.png,6,2,Symb,i,RT,0,0,0,1,8,0,58,0,1,9,99,i,0.987,6,1,i,1,0.987,58,0,58,0,1,,,,,,,,,,,,,
,,,,,,,,,,,,,,,,,332,2,2024-03-28_10h27.22.721,Symbol-E,2020.1.3,MacIntel,Firefox,Mozilla/5.0 (Macintosh; Intel Mac OS X 10.13; rv:109.0) Gecko/20100101 Firefox/115.0,60,,,,,,,,,,,,,,,,,,,,,,,,,,,,,,,,,,,,,,media/dmnb.png,4,0,Symb,h,RT,0,0,0,1,8,0,59,0,1,9,99,h,1.188,4,1,h,1,1.188,59,0,59,0,1,,,,,,,,,,,,,
,,,,,,,,,,,,,,,,,332,2,2024-03-28_10h27.22.721,Symbol-E,2020.1.3,MacIntel,Firefox,Mozilla/5.0 (Macintosh; Intel Mac OS X 10.13; rv:109.0) Gecko/20100101 Firefox/115.0,60,,,,,,,,,,,,,,,,,,,,,,,,,,,,,,,,,,,,,,media/dfnb.png,3,3,Symb,f,RT,0,0,0,1,8,0,60,0,1,9,99,f,1.169,3,1,f,1,1.169,60,0,60,0,1,,,,,,,,,,,,,
,,,,,,,,,,,,,,,,,332,2,2024-03-28_10h27.22.721,Symbol-E,2020.1.3,MacIntel,Firefox,Mozilla/5.0 (Macintosh; Intel Mac OS X 10.13; rv:109.0) Gecko/20100101 Firefox/115.0,60,,,,,,,,,,,,,,,,,,,,,,,,,,,,,,,,,,,,,,media/dgnb.png,2,2,Symb,e,RT,0,0,0,1,8,0,61,0,1,9,99,e,0.955,2,1,e,1,0.955,61,0,61,0,1,,,,,,,,,,,,,
,,,,,,,,,,,,,,,,,332,2,2024-03-28_10h27.22.721,Symbol-E,2020.1.3,MacIntel,Firefox,Mozilla/5.0 (Macintosh; Intel Mac OS X 10.13; rv:109.0) Gecko/20100101 Firefox/115.0,60,,,,,,,,,,,,,,,,,,,,,,,,,,,,,,,,,,,,,,media/dnnb.png,7,3,Symb,l,RT,0,0,0,1,8,0,62,0,1,9,99,l,1.39,7,1,l,1,1.39,62,0,62,0,1,,,,,,,,,,,,,
,,,,,,,,,,,,,,,,,332,2,2024-03-28_10h27.22.721,Symbol-E,2020.1.3,MacIntel,Firefox,Mozilla/5.0 (Macintosh; Intel Mac OS X 10.13; rv:109.0) Gecko/20100101 Firefox/115.0,60,,,,,,,,,,,,,,,,,,,,,,,,,,,,,,,,,,,,,,media/dmnb.png,4,0,Symb,h,RT,0,0,0,1,8,0,63,0,1,9,99,h,1.339,4,1,h,1,1.339,63,0,63,0,1,,,,,,,,,,,,,
,,,,,,,,,,,,,,,,,332,2,2024-03-28_10h27.22.721,Symbol-E,2020.1.3,MacIntel,Firefox,Mozilla/5.0 (Macintosh; Intel Mac OS X 10.13; rv:109.0) Gecko/20100101 Firefox/115.0,60,,,,,,,,,,,,,,,,,,,,,,,,,,,,,,,,,,,,,,media/dnnb.png,7,3,Symb,l,RT,0,0,0,1,8,0,64,0,1,9,99,l,1.103,7,1,l,1,1.103,64,0,64,0,1,,,,,,,,,,,,,
,,,,,,,,,,,,,,,,,332,2,2024-03-28_10h27.22.721,Symbol-E,2020.1.3,MacIntel,Firefox,Mozilla/5.0 (Macintosh; Intel Mac OS X 10.13; rv:109.0) Gecko/20100101 Firefox/115.0,60,,,,,,,,,,,,,,,,,,,,,,,,,,,,,,,,,,,,,,media/dcnb.png,0,0,Symb,a,RT,0,0,0,1,8,0,65,0,1,9,99,a,0.724,0,1,a,1,0.724,65,0,65,0,1,,,,,,,,,,,,,
,,,,,,,,,,,,,,,,,332,2,2024-03-28_10h27.22.721,Symbol-E,2020.1.3,MacIntel,Firefox,Mozilla/5.0 (Macintosh; Intel Mac OS X 10.13; rv:109.0) Gecko/20100101 Firefox/115.0,60,,,,,,,,,,,,,,,,,,,,,,,,,,,,,,,,,,,,,,media/dfnb.png,3,3,Symb,f,RT,0,0,0,1,8,0,66,0,1,9,99,f,1.041,3,1,f,1,1.041,66,0,66,0,1,,,,,,,,,,,,,
,,,,,,,,,,,,,,,,,332,2,2024-03-28_10h27.22.721,Symbol-E,2020.1.3,MacIntel,Firefox,Mozilla/5.0 (Macintosh; Intel Mac OS X 10.13; rv:109.0) Gecko/20100101 Firefox/115.0,60,,,,,,,,,,,,,,,,,,,,,,,,,,,,,,,,,,,,,,media/dgnb.png,2,2,Symb,e,RT,0,0,0,1,8,0,67,0,1,9,99,e,1.071,2,1,e,1,1.071,67,0,67,0,1,,,,,,,,,,,,,
,,,,,,,,,,,,,,,,,332,2,2024-03-28_10h27.22.721,Symbol-E,2020.1.3,MacIntel,Firefox,Mozilla/5.0 (Macintosh; Intel Mac OS X 10.13; rv:109.0) Gecko/20100101 Firefox/115.0,60,,,,,,,,,,,,,,,,,,,,,,,,,,,,,,,,,,,,,,media/djnb.png,1,1,Symb,w,RT,0,0,0,1,8,0,68,0,1,9,99,w,0.637,1,1,w,1,0.637,68,0,68,0,1,,,,,,,,,,,,,
,,,,,,,,,,,,,,,,,332,2,2024-03-28_10h27.22.721,Symbol-E,2020.1.3,MacIntel,Firefox,Mozilla/5.0 (Macintosh; Intel Mac OS X 10.13; rv:109.0) Gecko/20100101 Firefox/115.0,60,,,,,,,,,,,,,,,,,,,,,,,,,,,,,,,,,,,,,,media/ddnb.png,5,1,Symb,u,RT,0,0,0,1,8,0,69,0,1,9,99,u,1.005,5,1,u,1,1.005,69,0,69,0,1,,,,,,,,,,,,,
,,,,,,,,,,,,,,,,,332,2,2024-03-28_10h27.22.721,Symbol-E,2020.1.3,MacIntel,Firefox,Mozilla/5.0 (Macintosh; Intel Mac OS X 10.13; rv:109.0) Gecko/20100101 Firefox/115.0,60,,,,,,,,,,,,,,,,,,,,,,,,,,,,,,,,,,,,,,media/dmnb.png,4,0,Symb,h,RT,0,0,0,1,8,0,70,0,1,9,99,l,1.203,7,0,l,0,1.203,70,0,70,0,1,,,,,,,,,,,,,
,,,,,,,,,,,,,,,,,332,2,2024-03-28_10h27.22.721,Symbol-E,2020.1.3,MacIntel,Firefox,Mozilla/5.0 (Macintosh; Intel Mac OS X 10.13; rv:109.0) Gecko/20100101 Firefox/115.0,60,,,,,,,,,,,,,,,,,,,,,,,,,,,,,,,,,,,,,,media/dinb.png,6,2,Symb,i,RT,0,0,0,1,8,0,71,0,1,9,99,i,31.383,6,1,i,1,31.383,71,0,71,0,1,,,,,,,,,,,,,
,,,,,,,,,,,,,,,,,332,2,2024-03-28_10h27.22.721,Symbol-E,2020.1.3,MacIntel,Firefox,Mozilla/5.0 (Macintosh; Intel Mac OS X 10.13; rv:109.0) Gecko/20100101 Firefox/115.0,60,,,,,,,,,,,,,,,,,,,,,,,,,,,,,,,,,,,,,,media/dcnb.png,0,0,Symb,a,RT,0,0,0,1,8,0,72,0,1,9,99,a,1.538,0,1,a,1,1.538,72,0,72,0,1,,,,,,,,,,,,,
,,,,,,,,,,,,,,,,,332,2,2024-03-28_10h27.22.721,Symbol-E,2020.1.3,MacIntel,Firefox,Mozilla/5.0 (Macintosh; Intel Mac OS X 10.13; rv:109.0) Gecko/20100101 Firefox/115.0,60,,,,,,,,,,,,,,,,,,,,,,,,,,,,,,,,,,,,,,media/dmnb.png,4,0,Symb,h,RT,0,0,0,1,8,0,73,0,1,9,99,h,0.97,4,1,h,1,0.97,73,0,73,0,1,,,,,,,,,,,,,
,,,,,,,,,,,,,,,,,332,2,2024-03-28_10h27.22.721,Symbol-E,2020.1.3,MacIntel,Firefox,Mozilla/5.0 (Macintosh; Intel Mac OS X 10.13; rv:109.0) Gecko/20100101 Firefox/115.0,60,,,,,,,,,,,,,,,,,,,,,,,,,,,,,,,,,,,,,,media/ddnb.png,5,1,Symb,u,RT,0,0,0,1,8,0,74,0,1,9,99,u,0.855,5,1,u,1,0.855,74,0,74,0,1,,,,,,,,,,,,,
,,,,,,,,,,,,,,,,,332,2,2024-03-28_10h27.22.721,Symbol-E,2020.1.3,MacIntel,Firefox,Mozilla/5.0 (Macintosh; Intel Mac OS X 10.13; rv:109.0) Gecko/20100101 Firefox/115.0,60,,,,,,,,,,,,,,,,,,,,,,,,,,,,,,,,,,,,,,media/dnnb.png,7,3,Symb,l,RT,0,0,0,1,8,0,75,0,1,9,99,l,2.939,7,1,l,1,2.939,75,0,75,0,1,,,,,,,,,,,,,
,,,,,,,,,,,,,,,,,332,2,2024-03-28_10h27.22.721,Symbol-E,2020.1.3,MacIntel,Firefox,Mozilla/5.0 (Macintosh; Intel Mac OS X 10.13; rv:109.0) Gecko/20100101 Firefox/115.0,60,,,,,,,,,,,,,,,,,,,,,,,,,,,,,,,,,,,,,,media/djnb.png,1,1,Symb,w,RT,0,0,0,1,8,0,76,0,1,9,99,w,1.021,1,1,w,1,1.021,76,0,76,0,1,,,,,,,,,,,,,
,,,,,,,,,,,,,,,,,332,2,2024-03-28_10h27.22.721,Symbol-E,2020.1.3,MacIntel,Firefox,Mozilla/5.0 (Macintosh; Intel Mac OS X 10.13; rv:109.0) Gecko/20100101 Firefox/115.0,60,,,,,,,,,,,,,,,,,,,,,,,,,,,,,,,,,,,,,,media/dgnb.png,2,2,Symb,e,RT,0,0,0,1,8,0,77,0,1,9,99,e,0.84,2,1,e,1,0.84,77,0,77,0,1,,,,,,,,,,,,,
,,,,,,,,,,,,,,,,,332,2,2024-03-28_10h27.22.721,Symbol-E,2020.1.3,MacIntel,Firefox,Mozilla/5.0 (Macintosh; Intel Mac OS X 10.13; rv:109.0) Gecko/20100101 Firefox/115.0,60,,,,,,,,,,,,,,,,,,,,,,,,,,,,,,,,,,,,,,media/dinb.png,6,2,Symb,i,RT,0,0,0,1,8,0,78,0,1,9,99,i,1.004,6,1,i,1,1.004,78,0,78,0,1,,,,,,,,,,,,,
,,,,,,,,,,,,,,,,,332,2,2024-03-28_10h27.22.721,Symbol-E,2020.1.3,MacIntel,Firefox,Mozilla/5.0 (Macintosh; Intel Mac OS X 10.13; rv:109.0) Gecko/20100101 Firefox/115.0,60,,,,,,,,,,,,,,,,,,,,,,,,,,,,,,,,,,,,,,media/dfnb.png,3,3,Symb,f,RT,0,0,0,1,8,0,79,0,1,9,99,f,1.073,3,1,f,1,1.073,79,0,79,0,1,,,,,,,,,,,,,
,,,,,,,,,,,,,,,,,332,2,2024-03-28_10h27.22.721,Symbol-E,2020.1.3,MacIntel,Firefox,Mozilla/5.0 (Macintosh; Intel Mac OS X 10.13; rv:109.0) Gecko/20100101 Firefox/115.0,60,,,,,,,,,,,,,,,,,,,,,,,,,,,,,,,,,,,,,,media/dfnb.png,3,3,Symb,f,RT,0,0,0,1,8,0,80,0,1,9,99,f,0.47,3,1,f,1,0.47,80,0,80,0,1,,,,,,,,,,,,,
,,,,,,,,,,,,,,,,,332,2,2024-03-28_10h27.22.721,Symbol-E,2020.1.3,MacIntel,Firefox,Mozilla/5.0 (Macintosh; Intel Mac OS X 10.13; rv:109.0) Gecko/20100101 Firefox/115.0,60,,,,,,,,,,,,,,,,,,,,,,,,,,,,,,,,,,,,,,media/dmnb.png,4,0,Symb,h,RT,0,0,0,1,8,0,81,0,1,9,99,h,0.869,4,1,h,1,0.869,81,0,81,0,1,,,,,,,,,,,,,
,,,,,,,,,,,,,,,,,332,2,2024-03-28_10h27.22.721,Symbol-E,2020.1.3,MacIntel,Firefox,Mozilla/5.0 (Macintosh; Intel Mac OS X 10.13; rv:109.0) Gecko/20100101 Firefox/115.0,60,,,,,,,,,,,,,,,,,,,,,,,,,,,,,,,,,,,,,,media/ddnb.png,5,1,Symb,u,RT,0,0,0,1,8,0,82,0,1,9,99,u,0.906,5,1,u,1,0.906,82,0,82,0,1,,,,,,,,,,,,,
,,,,,,,,,,,,,,,,,332,2,2024-03-28_10h27.22.721,Symbol-E,2020.1.3,MacIntel,Firefox,Mozilla/5.0 (Macintosh; Intel Mac OS X 10.13; rv:109.0) Gecko/20100101 Firefox/115.0,60,,,,,,,,,,,,,,,,,,,,,,,,,,,,,,,,,,,,,,media/djnb.png,1,1,Symb,w,RT,0,0,0,1,8,0,83,0,1,9,99,w,0.754,1,1,w,1,0.754,83,0,83,0,1,,,,,,,,,,,,,
,,,,,,,,,,,,,,,,,332,2,2024-03-28_10h27.22.721,Symbol-E,2020.1.3,MacIntel,Firefox,Mozilla/5.0 (Macintosh; Intel Mac OS X 10.13; rv:109.0) Gecko/20100101 Firefox/115.0,60,,,,,,,,,,,,,,,,,,,,,,,,,,,,,,,,,,,,,,media/dcnb.png,0,0,Symb,a,RT,0,0,0,1,8,0,84,0,1,9,99,a,0.837,0,1,a,1,0.837,84,0,84,0,1,,,,,,,,,,,,,
,,,,,,,,,,,,,,,,,332,2,2024-03-28_10h27.22.721,Symbol-E,2020.1.3,MacIntel,Firefox,Mozilla/5.0 (Macintosh; Intel Mac OS X 10.13; rv:109.0) Gecko/20100101 Firefox/115.0,60,,,,,,,,,,,,,,,,,,,,,,,,,,,,,,,,,,,,,,media/dcnb.png,0,0,Symb,a,RT,0,0,0,1,8,0,85,0,1,9,99,a,0.452,0,1,a,1,0.452,85,0,85,0,1,,,,,,,,,,,,,
,,,,,,,,,,,,,,,,,332,2,2024-03-28_10h27.22.721,Symbol-E,2020.1.3,MacIntel,Firefox,Mozilla/5.0 (Macintosh; Intel Mac OS X 10.13; rv:109.0) Gecko/20100101 Firefox/115.0,60,,,,,,,,,,,,,,,,,,,,,,,,,,,,,,,,,,,,,,media/dnnb.png,7,3,Symb,l,RT,0,0,0,1,8,0,86,0,1,9,99,l,1.089,7,1,l,1,1.089,86,0,86,0,1,,,,,,,,,,,,,
,,,,,,,,,,,,,,,,,332,2,2024-03-28_10h27.22.721,Symbol-E,2020.1.3,MacIntel,Firefox,Mozilla/5.0 (Macintosh; Intel Mac OS X 10.13; rv:109.0) Gecko/20100101 Firefox/115.0,60,,,,,,,,,,,,,,,,,,,,,,,,,,,,,,,,,,,,,,media/dgnb.png,2,2,Symb,e,RT,0,0,0,1,8,0,87,0,1,9,99,e,0.919,2,1,e,1,0.919,87,0,87,0,1,,,,,,,,,,,,,
,,,,,,,,,,,,,,,,,332,2,2024-03-28_10h27.22.721,Symbol-E,2020.1.3,MacIntel,Firefox,Mozilla/5.0 (Macintosh; Intel Mac OS X 10.13; rv:109.0) Gecko/20100101 Firefox/115.0,60,,,,,,,,,,,,,,,,,,,,,,,,,,,,,,,,,,,,,,media/dinb.png,6,2,Symb,i,RT,0,0,0,1,8,0,88,0,1,9,99,i,0.752,6,1,i,1,0.752,88,0,88,0,1,,,,,,,,,,,,,
,,,,,,,,,,,,,,,,,332,2,2024-03-28_10h27.22.721,Symbol-E,2020.1.3,MacIntel,Firefox,Mozilla/5.0 (Macintosh; Intel Mac OS X 10.13; rv:109.0) Gecko/20100101 Firefox/115.0,60,,,,,,,,,,,,,,,,,,,,,,,,,,,,,,,,,,,,,,media/dnnb.png,7,3,Symb,l,RT,0,0,0,1,8,0,89,0,1,9,99,l,1.086,7,1,l,1,1.086,89,0,89,0,1,,,,,,,,,,,,,
,,,,,,,,,,,,,,,,,332,2,2024-03-28_10h27.22.721,Symbol-E,2020.1.3,MacIntel,Firefox,Mozilla/5.0 (Macintosh; Intel Mac OS X 10.13; rv:109.0) Gecko/20100101 Firefox/115.0,60,,,,,,,,,,,,,,,,,,,,,,,,,,,,,,,,,,,,,,media/dmnb.png,4,0,Symb,h,RT,0,0,0,1,8,0,90,0,1,9,99,h,1.041,4,1,h,1,1.041,90,0,90,0,1,,,,,,,,,,,,,
,,,,,,,,,,,,,,,,,332,2,2024-03-28_10h27.22.721,Symbol-E,2020.1.3,MacIntel,Firefox,Mozilla/5.0 (Macintosh; Intel Mac OS X 10.13; rv:109.0) Gecko/20100101 Firefox/115.0,60,,,,,,,,,,,,,,,,,,,,,,,,,,,,,,,,,,,,,,media/dinb.png,6,2,Symb,i,RT,0,0,0,1,8,0,91,0,1,9,99,i,1.002,6,1,i,1,1.002,91,0,91,0,1,,,,,,,,,,,,,
,,,,,,,,,,,,,,,,,332,2,2024-03-28_10h27.22.721,Symbol-E,2020.1.3,MacIntel,Firefox,Mozilla/5.0 (Macintosh; Intel Mac OS X 10.13; rv:109.0) Gecko/20100101 Firefox/115.0,60,,,,,,,,,,,,,,,,,,,,,,,,,,,,,,,,,,,,,,media/ddnb.png,5,1,Symb,u,RT,0,0,0,1,8,0,92,0,1,9,99,u,0.805,5,1,u,1,0.805,92,0,92,0,1,,,,,,,,,,,,,
,,,,,,,,,,,,,,,,,332,2,2024-03-28_10h27.22.721,Symbol-E,2020.1.3,MacIntel,Firefox,Mozilla/5.0 (Macintosh; Intel Mac OS X 10.13; rv:109.0) Gecko/20100101 Firefox/115.0,60,,,,,,,,,,,,,,,,,,,,,,,,,,,,,,,,,,,,,,media/dgnb.png,2,2,Symb,e,RT,0,0,0,1,8,0,93,0,1,9,99,e,1.29,2,1,e,1,1.29,93,0,93,0,1,,,,,,,,,,,,,
,,,,,,,,,,,,,,,,,332,2,2024-03-28_10h27.22.721,Symbol-E,2020.1.3,MacIntel,Firefox,Mozilla/5.0 (Macintosh; Intel Mac OS X 10.13; rv:109.0) Gecko/20100101 Firefox/115.0,60,,,,,,,,,,,,,,,,,,,,,,,,,,,,,,,,,,,,,,media/dfnb.png,3,3,Symb,f,RT,0,0,0,1,8,0,94,0,1,9,99,f,0.886,3,1,f,1,0.886,94,0,94,0,1,,,,,,,,,,,,,
,,,,,,,,,,,,,,,,,332,2,2024-03-28_10h27.22.721,Symbol-E,2020.1.3,MacIntel,Firefox,Mozilla/5.0 (Macintosh; Intel Mac OS X 10.13; rv:109.0) Gecko/20100101 Firefox/115.0,60,,,,,,,,,,,,,,,,,,,,,,,,,,,,,,,,,,,,,,media/djnb.png,1,1,Symb,w,RT,0,0,0,1,8,0,95,0,1,9,99,w,0.819,1,1,w,1,0.819,95,0,95,0,1,,,,,,,,,,,,,
,,,,,,,,,,,,,,,,,332,2,2024-03-28_10h27.22.721,Symbol-E,2020.1.3,MacIntel,Firefox,Mozilla/5.0 (Macintosh; Intel Mac OS X 10.13; rv:109.0) Gecko/20100101 Firefox/115.0,60,,,,,,,,,,,,,,,,,,,,,,,,,,,,,,,,,,,,,,,,,,,,,,,,,,,,,,,,,,,,,,,,,,,8,0,8,0,1,,,,,,,,
,,,,,,,,,,,,,,,,,332,2,2024-03-28_10h27.22.721,Symbol-E,2020.1.3,MacIntel,Firefox,Mozilla/5.0 (Macintosh; Intel Mac OS X 10.13; rv:109.0) Gecko/20100101 Firefox/115.0,60,,,,,,,,,,,,,,,,,,,,,,,,,,,,,,,,,,,,h,0.169,media/ddnb.png,5,1,Symb,u,RT,0,0,0,1,8,0,0,0,1,10,99,u,0.938,5,1,u,1,0.938,0,0,0,0,1,,,,,,,,,,,,,
,,,,,,,,,,,,,,,,,332,2,2024-03-28_10h27.22.721,Symbol-E,2020.1.3,MacIntel,Firefox,Mozilla/5.0 (Macintosh; Intel Mac OS X 10.13; rv:109.0) Gecko/20100101 Firefox/115.0,60,,,,,,,,,,,,,,,,,,,,,,,,,,,,,,,,,,,,,,media/dnnb.png,7,3,Symb,l,RT,0,0,0,1,8,0,1,0,1,10,99,l,2.006,7,1,l,1,2.006,1,0,1,0,1,,,,,,,,,,,,,
,,,,,,,,,,,,,,,,,332,2,2024-03-28_10h27.22.721,Symbol-E,2020.1.3,MacIntel,Firefox,Mozilla/5.0 (Macintosh; Intel Mac OS X 10.13; rv:109.0) Gecko/20100101 Firefox/115.0,60,,,,,,,,,,,,,,,,,,,,,,,,,,,,,,,,,,,,,,media/dmnb.png,4,0,Symb,h,RT,0,0,0,1,8,0,2,0,1,10,99,h,446.237,4,1,h,1,446.237,2,0,2,0,1,,,,,,,,,,,,,
,,,,,,,,,,,,,,,,,332,2,2024-03-28_10h27.22.721,Symbol-E,2020.1.3,MacIntel,Firefox,Mozilla/5.0 (Macintosh; Intel Mac OS X 10.13; rv:109.0) Gecko/20100101 Firefox/115.0,60,,,,,,,,,,,,,,,,,,,,,,,,,,,,,,,,,,,,,,media/djnb.png,1,1,Symb,w,RT,0,0,0,1,8,0,3,0,1,10,99,w,1.389,1,1,w,1,1.389,3,0,3,0,1,,,,,,,,,,,,,
,,,,,,,,,,,,,,,,,332,2,2024-03-28_10h27.22.721,Symbol-E,2020.1.3,MacIntel,Firefox,Mozilla/5.0 (Macintosh; Intel Mac OS X 10.13; rv:109.0) Gecko/20100101 Firefox/115.0,60,,,,,,,,,,,,,,,,,,,,,,,,,,,,,,,,,,,,,,media/dnnb.png,7,3,Symb,l,RT,0,0,0,1,8,0,4,0,1,10,99,l,1.121,7,1,l,1,1.121,4,0,4,0,1,,,,,,,,,,,,,
,,,,,,,,,,,,,,,,,332,2,2024-03-28_10h27.22.721,Symbol-E,2020.1.3,MacIntel,Firefox,Mozilla/5.0 (Macintosh; Intel Mac OS X 10.13; rv:109.0) Gecko/20100101 Firefox/115.0,60,,,,,,,,,,,,,,,,,,,,,,,,,,,,,,,,,,,,,,media/dgnb.png,2,2,Symb,e,RT,0,0,0,1,8,0,5,0,1,10,99,e,1.07,2,1,e,1,1.07,5,0,5,0,1,,,,,,,,,,,,,
,,,,,,,,,,,,,,,,,332,2,2024-03-28_10h27.22.721,Symbol-E,2020.1.3,MacIntel,Firefox,Mozilla/5.0 (Macintosh; Intel Mac OS X 10.13; rv:109.0) Gecko/20100101 Firefox/115.0,60,,,,,,,,,,,,,,,,,,,,,,,,,,,,,,,,,,,,,,media/dfnb.png,3,3,Symb,f,RT,0,0,0,1,8,0,6,0,1,10,99,f,1.303,3,1,f,1,1.303,6,0,6,0,1,,,,,,,,,,,,,
,,,,,,,,,,,,,,,,,332,2,2024-03-28_10h27.22.721,Symbol-E,2020.1.3,MacIntel,Firefox,Mozilla/5.0 (Macintosh; Intel Mac OS X 10.13; rv:109.0) Gecko/20100101 Firefox/115.0,60,,,,,,,,,,,,,,,,,,,,,,,,,,,,,,,,,,,,,,media/dcnb.png,0,0,Symb,a,RT,0,0,0,1,8,0,7,0,1,10,99,a,1.27,0,1,a,1,1.27,7,0,7,0,1,,,,,,,,,,,,,
,,,,,,,,,,,,,,,,,332,2,2024-03-28_10h27.22.721,Symbol-E,2020.1.3,MacIntel,Firefox,Mozilla/5.0 (Macintosh; Intel Mac OS X 10.13; rv:109.0) Gecko/20100101 Firefox/115.0,60,,,,,,,,,,,,,,,,,,,,,,,,,,,,,,,,,,,,,,media/djnb.png,1,1,Symb,w,RT,0,0,0,1,8,0,8,0,1,10,99,w,8.106,1,1,w,1,8.106,8,0,8,0,1,,,,,,,,,,,,,
,,,,,,,,,,,,,,,,,332,2,2024-03-28_10h27.22.721,Symbol-E,2020.1.3,MacIntel,Firefox,Mozilla/5.0 (Macintosh; Intel Mac OS X 10.13; rv:109.0) Gecko/20100101 Firefox/115.0,60,,,,,,,,,,,,,,,,,,,,,,,,,,,,,,,,,,,,,,media/dfnb.png,3,3,Symb,f,RT,0,0,0,1,8,0,9,0,1,10,99,f,1.002,3,1,f,1,1.002,9,0,9,0,1,,,,,,,,,,,,,
,,,,,,,,,,,,,,,,,332,2,2024-03-28_10h27.22.721,Symbol-E,2020.1.3,MacIntel,Firefox,Mozilla/5.0 (Macintosh; Intel Mac OS X 10.13; rv:109.0) Gecko/20100101 Firefox/115.0,60,,,,,,,,,,,,,,,,,,,,,,,,,,,,,,,,,,,,,,media/dinb.png,6,2,Symb,i,RT,0,0,0,1,8,0,10,0,1,10,99,i,0.819,6,1,i,1,0.819,10,0,10,0,1,,,,,,,,,,,,,
,,,,,,,,,,,,,,,,,332,2,2024-03-28_10h27.22.721,Symbol-E,2020.1.3,MacIntel,Firefox,Mozilla/5.0 (Macintosh; Intel Mac OS X 10.13; rv:109.0) Gecko/20100101 Firefox/115.0,60,,,,,,,,,,,,,,,,,,,,,,,,,,,,,,,,,,,,,,media/ddnb.png,5,1,Symb,u,RT,0,0,0,1,8,0,11,0,1,10,99,u,1.754,5,1,u,1,1.754,11,0,11,0,1,,,,,,,,,,,,,
,,,,,,,,,,,,,,,,,332,2,2024-03-28_10h27.22.721,Symbol-E,2020.1.3,MacIntel,Firefox,Mozilla/5.0 (Macintosh; Intel Mac OS X 10.13; rv:109.0) Gecko/20100101 Firefox/115.0,60,,,,,,,,,,,,,,,,,,,,,,,,,,,,,,,,,,,,,,media/dcnb.png,0,0,Symb,a,RT,0,0,0,1,8,0,12,0,1,10,99,a,0.853,0,1,a,1,0.853,12,0,12,0,1,,,,,,,,,,,,,
,,,,,,,,,,,,,,,,,332,2,2024-03-28_10h27.22.721,Symbol-E,2020.1.3,MacIntel,Firefox,Mozilla/5.0 (Macintosh; Intel Mac OS X 10.13; rv:109.0) Gecko/20100101 Firefox/115.0,60,,,,,,,,,,,,,,,,,,,,,,,,,,,,,,,,,,,,,,media/dgnb.png,2,2,Symb,e,RT,0,0,0,1,8,0,13,0,1,10,99,e,0.886,2,1,e,1,0.886,13,0,13,0,1,,,,,,,,,,,,,
,,,,,,,,,,,,,,,,,332,2,2024-03-28_10h27.22.721,Symbol-E,2020.1.3,MacIntel,Firefox,Mozilla/5.0 (Macintosh; Intel Mac OS X 10.13; rv:109.0) Gecko/20100101 Firefox/115.0,60,,,,,,,,,,,,,,,,,,,,,,,,,,,,,,,,,,,,,,media/dmnb.png,4,0,Symb,h,RT,0,0,0,1,8,0,14,0,1,10,99,l,5.297,7,0,l,0,5.297,14,0,14,0,1,,,,,,,,,,,,,
,,,,,,,,,,,,,,,,,332,2,2024-03-28_10h27.22.721,Symbol-E,2020.1.3,MacIntel,Firefox,Mozilla/5.0 (Macintosh; Intel Mac OS X 10.13; rv:109.0) Gecko/20100101 Firefox/115.0,60,,,,,,,,,,,,,,,,,,,,,,,,,,,,,,,,,,,,,,media/dinb.png,6,2,Symb,i,RT,0,0,0,1,8,0,15,0,1,10,99,i,0.921,6,1,i,1,0.921,15,0,15,0,1,,,,,,,,,,,,,
,,,,,,,,,,,,,,,,,332,2,2024-03-28_10h27.22.721,Symbol-E,2020.1.3,MacIntel,Firefox,Mozilla/5.0 (Macintosh; Intel Mac OS X 10.13; rv:109.0) Gecko/20100101 Firefox/115.0,60,,,,,,,,,,,,,,,,,,,,,,,,,,,,,,,,,,,,,,media/dmnb.png,4,0,Symb,h,RT,0,0,0,1,8,0,16,0,1,10,99,h,1.57,4,1,h,1,1.57,16,0,16,0,1,,,,,,,,,,,,,
,,,,,,,,,,,,,,,,,332,2,2024-03-28_10h27.22.721,Symbol-E,2020.1.3,MacIntel,Firefox,Mozilla/5.0 (Macintosh; Intel Mac OS X 10.13; rv:109.0) Gecko/20100101 Firefox/115.0,60,,,,,,,,,,,,,,,,,,,,,,,,,,,,,,,,,,,,,,media/dfnb.png,3,3,Symb,f,RT,0,0,0,1,8,0,17,0,1,10,99,f,2.39,3,1,f,1,2.39,17,0,17,0,1,,,,,,,,,,,,,
,,,,,,,,,,,,,,,,,332,2,2024-03-28_10h27.22.721,Symbol-E,2020.1.3,MacIntel,Firefox,Mozilla/5.0 (Macintosh; Intel Mac OS X 10.13; rv:109.0) Gecko/20100101 Firefox/115.0,60,,,,,,,,,,,,,,,,,,,,,,,,,,,,,,,,,,,,,,media/ddnb.png,5,1,Symb,u,RT,0,0,0,1,8,0,18,0,1,10,99,u,0.954,5,1,u,1,0.954,18,0,18,0,1,,,,,,,,,,,,,
,,,,,,,,,,,,,,,,,332,2,2024-03-28_10h27.22.721,Symbol-E,2020.1.3,MacIntel,Firefox,Mozilla/5.0 (Macintosh; Intel Mac OS X 10.13; rv:109.0) Gecko/20100101 Firefox/115.0,60,,,,,,,,,,,,,,,,,,,,,,,,,,,,,,,,,,,,,,media/dgnb.png,2,2,Symb,e,RT,0,0,0,1,8,0,19,0,1,10,99,e,2.373,2,1,e,1,2.373,19,0,19,0,1,,,,,,,,,,,,,
,,,,,,,,,,,,,,,,,332,2,2024-03-28_10h27.22.721,Symbol-E,2020.1.3,MacIntel,Firefox,Mozilla/5.0 (Macintosh; Intel Mac OS X 10.13; rv:109.0) Gecko/20100101 Firefox/115.0,60,,,,,,,,,,,,,,,,,,,,,,,,,,,,,,,,,,,,,,media/ddnb.png,5,1,Symb,u,RT,0,0,0,1,8,0,20,0,1,10,99,u,0.903,5,1,u,1,0.903,20,0,20,0,1,,,,,,,,,,,,,
,,,,,,,,,,,,,,,,,332,2,2024-03-28_10h27.22.721,Symbol-E,2020.1.3,MacIntel,Firefox,Mozilla/5.0 (Macintosh; Intel Mac OS X 10.13; rv:109.0) Gecko/20100101 Firefox/115.0,60,,,,,,,,,,,,,,,,,,,,,,,,,,,,,,,,,,,,,,media/dcnb.png,0,0,Symb,a,RT,0,0,0,1,8,0,21,0,1,10,99,a,0.937,0,1,a,1,0.937,21,0,21,0,1,,,,,,,,,,,,,
,,,,,,,,,,,,,,,,,332,2,2024-03-28_10h27.22.721,Symbol-E,2020.1.3,MacIntel,Firefox,Mozilla/5.0 (Macintosh; Intel Mac OS X 10.13; rv:109.0) Gecko/20100101 Firefox/115.0,60,,,,,,,,,,,,,,,,,,,,,,,,,,,,,,,,,,,,,,media/dcnb.png,0,0,Symb,a,RT,0,0,0,1,8,0,22,0,1,10,99,a,0.502,0,1,a,1,0.502,22,0,22,0,1,,,,,,,,,,,,,
,,,,,,,,,,,,,,,,,332,2,2024-03-28_10h27.22.721,Symbol-E,2020.1.3,MacIntel,Firefox,Mozilla/5.0 (Macintosh; Intel Mac OS X 10.13; rv:109.0) Gecko/20100101 Firefox/115.0,60,,,,,,,,,,,,,,,,,,,,,,,,,,,,,,,,,,,,,,media/dnnb.png,7,3,Symb,l,RT,0,0,0,1,8,0,23,0,1,10,99,w,0.97,1,0,w,0,0.97,23,0,23,0,1,,,,,,,,,,,,,
,,,,,,,,,,,,,,,,,332,2,2024-03-28_10h27.22.721,Symbol-E,2020.1.3,MacIntel,Firefox,Mozilla/5.0 (Macintosh; Intel Mac OS X 10.13; rv:109.0) Gecko/20100101 Firefox/115.0,60,,,,,,,,,,,,,,,,,,,,,,,,,,,,,,,,,,,,,,media/dinb.png,6,2,Symb,i,RT,0,0,0,1,8,0,24,0,1,10,99,i,0.87,6,1,i,1,0.87,24,0,24,0,1,,,,,,,,,,,,,
,,,,,,,,,,,,,,,,,332,2,2024-03-28_10h27.22.721,Symbol-E,2020.1.3,MacIntel,Firefox,Mozilla/5.0 (Macintosh; Intel Mac OS X 10.13; rv:109.0) Gecko/20100101 Firefox/115.0,60,,,,,,,,,,,,,,,,,,,,,,,,,,,,,,,,,,,,,,media/dmnb.png,4,0,Symb,h,RT,0,0,0,1,8,0,25,0,1,10,99,h,2.541,4,1,h,1,2.541,25,0,25,0,1,,,,,,,,,,,,,
,,,,,,,,,,,,,,,,,332,2,2024-03-28_10h27.22.721,Symbol-E,2020.1.3,MacIntel,Firefox,Mozilla/5.0 (Macintosh; Intel Mac OS X 10.13; rv:109.0) Gecko/20100101 Firefox/115.0,60,,,,,,,,,,,,,,,,,,,,,,,,,,,,,,,,,,,,,,media/dgnb.png,2,2,Symb,e,RT,0,0,0,1,8,0,26,0,1,10,99,e,0.919,2,1,e,1,0.919,26,0,26,0,1,,,,,,,,,,,,,
,,,,,,,,,,,,,,,,,332,2,2024-03-28_10h27.22.721,Symbol-E,2020.1.3,MacIntel,Firefox,Mozilla/5.0 (Macintosh; Intel Mac OS X 10.13; rv:109.0) Gecko/20100101 Firefox/115.0,60,,,,,,,,,,,,,,,,,,,,,,,,,,,,,,,,,,,,,,media/dfnb.png,3,3,Symb,f,RT,0,0,0,1,8,0,27,0,1,10,99,f,1.574,3,1,f,1,1.574,27,0,27,0,1,,,,,,,,,,,,,
,,,,,,,,,,,,,,,,,332,2,2024-03-28_10h27.22.721,Symbol-E,2020.1.3,MacIntel,Firefox,Mozilla/5.0 (Macintosh; Intel Mac OS X 10.13; rv:109.0) Gecko/20100101 Firefox/115.0,60,,,,,,,,,,,,,,,,,,,,,,,,,,,,,,,,,,,,,,media/djnb.png,1,1,Symb,w,RT,0,0,0,1,8,0,28,0,1,10,99,w,0.872,1,1,w,1,0.872,28,0,28,0,1,,,,,,,,,,,,,
,,,,,,,,,,,,,,,,,332,2,2024-03-28_10h27.22.721,Symbol-E,2020.1.3,MacIntel,Firefox,Mozilla/5.0 (Macintosh; Intel Mac OS X 10.13; rv:109.0) Gecko/20100101 Firefox/115.0,60,,,,,,,,,,,,,,,,,,,,,,,,,,,,,,,,,,,,,,media/dinb.png,6,2,Symb,i,RT,0,0,0,1,8,0,29,0,1,10,99,i,0.909,6,1,i,1,0.909,29,0,29,0,1,,,,,,,,,,,,,
,,,,,,,,,,,,,,,,,332,2,2024-03-28_10h27.22.721,Symbol-E,2020.1.3,MacIntel,Firefox,Mozilla/5.0 (Macintosh; Intel Mac OS X 10.13; rv:109.0) Gecko/20100101 Firefox/115.0,60,,,,,,,,,,,,,,,,,,,,,,,,,,,,,,,,,,,,,,media/djnb.png,1,1,Symb,w,RT,0,0,0,1,8,0,30,0,1,10,99,w,0.835,1,1,w,1,0.835,30,0,30,0,1,,,,,,,,,,,,,
,,,,,,,,,,,,,,,,,332,2,2024-03-28_10h27.22.721,Symbol-E,2020.1.3,MacIntel,Firefox,Mozilla/5.0 (Macintosh; Intel Mac OS X 10.13; rv:109.0) Gecko/20100101 Firefox/115.0,60,,,,,,,,,,,,,,,,,,,,,,,,,,,,,,,,,,,,,,media/dnnb.png,7,3,Symb,l,RT,0,0,0,1,8,0,31,0,1,10,99,l,3.128,7,1,l,1,3.128,31,0,31,0,1,,,,,,,,,,,,,
,,,,,,,,,,,,,,,,,332,2,2024-03-28_10h27.22.721,Symbol-E,2020.1.3,MacIntel,Firefox,Mozilla/5.0 (Macintosh; Intel Mac OS X 10.13; rv:109.0) Gecko/20100101 Firefox/115.0,60,,,,,,,,,,,,,,,,,,,,,,,,,,,,,,,,,,,,,,media/dfnb.png,3,3,Symb,f,RT,0,0,0,1,8,0,32,0,1,10,99,f,1.069,3,1,f,1,1.069,32,0,32,0,1,,,,,,,,,,,,,
,,,,,,,,,,,,,,,,,332,2,2024-03-28_10h27.22.721,Symbol-E,2020.1.3,MacIntel,Firefox,Mozilla/5.0 (Macintosh; Intel Mac OS X 10.13; rv:109.0) Gecko/20100101 Firefox/115.0,60,,,,,,,,,,,,,,,,,,,,,,,,,,,,,,,,,,,,,,media/djnb.png,1,1,Symb,w,RT,0,0,0,1,8,0,33,0,1,10,99,w,1.039,1,1,w,1,1.039,33,0,33,0,1,,,,,,,,,,,,,
,,,,,,,,,,,,,,,,,332,2,2024-03-28_10h27.22.721,Symbol-E,2020.1.3,MacIntel,Firefox,Mozilla/5.0 (Macintosh; Intel Mac OS X 10.13; rv:109.0) Gecko/20100101 Firefox/115.0,60,,,,,,,,,,,,,,,,,,,,,,,,,,,,,,,,,,,,,,media/dnnb.png,7,3,Symb,l,RT,0,0,0,1,8,0,34,0,1,10,99,l,1.07,7,1,l,1,1.07,34,0,34,0,1,,,,,,,,,,,,,
,,,,,,,,,,,,,,,,,332,2,2024-03-28_10h27.22.721,Symbol-E,2020.1.3,MacIntel,Firefox,Mozilla/5.0 (Macintosh; Intel Mac OS X 10.13; rv:109.0) Gecko/20100101 Firefox/115.0,60,,,,,,,,,,,,,,,,,,,,,,,,,,,,,,,,,,,,,,media/dmnb.png,4,0,Symb,h,RT,0,0,0,1,8,0,35,0,1,10,99,h,0.972,4,1,h,1,0.972,35,0,35,0,1,,,,,,,,,,,,,
,,,,,,,,,,,,,,,,,332,2,2024-03-28_10h27.22.721,Symbol-E,2020.1.3,MacIntel,Firefox,Mozilla/5.0 (Macintosh; Intel Mac OS X 10.13; rv:109.0) Gecko/20100101 Firefox/115.0,60,,,,,,,,,,,,,,,,,,,,,,,,,,,,,,,,,,,,,,media/dnnb.png,7,3,Symb,l,RT,0,0,0,1,8,0,36,0,1,10,99,l,8.57,7,1,l,1,8.57,36,0,36,0,1,,,,,,,,,,,,,
,,,,,,,,,,,,,,,,,332,2,2024-03-28_10h27.22.721,Symbol-E,2020.1.3,MacIntel,Firefox,Mozilla/5.0 (Macintosh; Intel Mac OS X 10.13; rv:109.0) Gecko/20100101 Firefox/115.0,60,,,,,,,,,,,,,,,,,,,,,,,,,,,,,,,,,,,,,,media/dgnb.png,2,2,Symb,e,RT,0,0,0,1,8,0,37,0,1,10,99,e,0.92,2,1,e,1,0.92,37,0,37,0,1,,,,,,,,,,,,,
,,,,,,,,,,,,,,,,,332,2,2024-03-28_10h27.22.721,Symbol-E,2020.1.3,MacIntel,Firefox,Mozilla/5.0 (Macintosh; Intel Mac OS X 10.13; rv:109.0) Gecko/20100101 Firefox/115.0,60,,,,,,,,,,,,,,,,,,,,,,,,,,,,,,,,,,,,,,media/ddnb.png,5,1,Symb,u,RT,0,0,0,1,8,0,38,0,1,10,99,u,1.04,5,1,u,1,1.04,38,0,38,0,1,,,,,,,,,,,,,
,,,,,,,,,,,,,,,,,332,2,2024-03-28_10h27.22.721,Symbol-E,2020.1.3,MacIntel,Firefox,Mozilla/5.0 (Macintosh; Intel Mac OS X 10.13; rv:109.0) Gecko/20100101 Firefox/115.0,60,,,,,,,,,,,,,,,,,,,,,,,,,,,,,,,,,,,,,,media/dinb.png,6,2,Symb,i,RT,0,0,0,1,8,0,39,0,1,10,99,i,0.921,6,1,i,1,0.921,39,0,39,0,1,,,,,,,,,,,,,
,,,,,,,,,,,,,,,,,332,2,2024-03-28_10h27.22.721,Symbol-E,2020.1.3,MacIntel,Firefox,Mozilla/5.0 (Macintosh; Intel Mac OS X 10.13; rv:109.0) Gecko/20100101 Firefox/115.0,60,,,,,,,,,,,,,,,,,,,,,,,,,,,,,,,,,,,,,,media/dfnb.png,3,3,Symb,f,RT,0,0,0,1,8,0,40,0,1,10,99,f,3.828,3,1,f,1,3.828,40,0,40,0,1,,,,,,,,,,,,,
,,,,,,,,,,,,,,,,,332,2,2024-03-28_10h27.22.721,Symbol-E,2020.1.3,MacIntel,Firefox,Mozilla/5.0 (Macintosh; Intel Mac OS X 10.13; rv:109.0) Gecko/20100101 Firefox/115.0,60,,,,,,,,,,,,,,,,,,,,,,,,,,,,,,,,,,,,,,media/ddnb.png,5,1,Symb,u,RT,0,0,0,1,8,0,41,0,1,10,99,u,0.886,5,1,u,1,0.886,41,0,41,0,1,,,,,,,,,,,,,
,,,,,,,,,,,,,,,,,332,2,2024-03-28_10h27.22.721,Symbol-E,2020.1.3,MacIntel,Firefox,Mozilla/5.0 (Macintosh; Intel Mac OS X 10.13; rv:109.0) Gecko/20100101 Firefox/115.0,60,,,,,,,,,,,,,,,,,,,,,,,,,,,,,,,,,,,,,,media/djnb.png,1,1,Symb,w,RT,0,0,0,1,8,0,42,0,1,10,99,w,0.955,1,1,w,1,0.955,42,0,42,0,1,,,,,,,,,,,,,
,,,,,,,,,,,,,,,,,332,2,2024-03-28_10h27.22.721,Symbol-E,2020.1.3,MacIntel,Firefox,Mozilla/5.0 (Macintosh; Intel Mac OS X 10.13; rv:109.0) Gecko/20100101 Firefox/115.0,60,,,,,,,,,,,,,,,,,,,,,,,,,,,,,,,,,,,,,,media/dmnb.png,4,0,Symb,h,RT,0,0,0,1,8,0,43,0,1,10,99,h,1.237,4,1,h,1,1.237,43,0,43,0,1,,,,,,,,,,,,,
,,,,,,,,,,,,,,,,,332,2,2024-03-28_10h27.22.721,Symbol-E,2020.1.3,MacIntel,Firefox,Mozilla/5.0 (Macintosh; Intel Mac OS X 10.13; rv:109.0) Gecko/20100101 Firefox/115.0,60,,,,,,,,,,,,,,,,,,,,,,,,,,,,,,,,,,,,,,media/dinb.png,6,2,Symb,i,RT,0,0,0,1,8,0,44,0,1,10,99,i,0.786,6,1,i,1,0.786,44,0,44,0,1,,,,,,,,,,,,,
,,,,,,,,,,,,,,,,,332,2,2024-03-28_10h27.22.721,Symbol-E,2020.1.3,MacIntel,Firefox,Mozilla/5.0 (Macintosh; Intel Mac OS X 10.13; rv:109.0) Gecko/20100101 Firefox/115.0,60,,,,,,,,,,,,,,,,,,,,,,,,,,,,,,,,,,,,,,media/dgnb.png,2,2,Symb,e,RT,0,0,0,1,8,0,45,0,1,10,99,e,1.07,2,1,e,1,1.07,45,0,45,0,1,,,,,,,,,,,,,
,,,,,,,,,,,,,,,,,332,2,2024-03-28_10h27.22.721,Symbol-E,2020.1.3,MacIntel,Firefox,Mozilla/5.0 (Macintosh; Intel Mac OS X 10.13; rv:109.0) Gecko/20100101 Firefox/115.0,60,,,,,,,,,,,,,,,,,,,,,,,,,,,,,,,,,,,,,,media/dcnb.png,0,0,Symb,a,RT,0,0,0,1,8,0,46,0,1,10,99,a,1.557,0,1,a,1,1.557,46,0,46,0,1,,,,,,,,,,,,,
,,,,,,,,,,,,,,,,,332,2,2024-03-28_10h27.22.721,Symbol-E,2020.1.3,MacIntel,Firefox,Mozilla/5.0 (Macintosh; Intel Mac OS X 10.13; rv:109.0) Gecko/20100101 Firefox/115.0,60,,,,,,,,,,,,,,,,,,,,,,,,,,,,,,,,,,,,,,media/dcnb.png,0,0,Symb,a,RT,0,0,0,1,8,0,47,0,1,10,99,a,0.752,0,1,a,1,0.752,47,0,47,0,1,,,,,,,,,,,,,
,,,,,,,,,,,,,,,,,332,2,2024-03-28_10h27.22.721,Symbol-E,2020.1.3,MacIntel,Firefox,Mozilla/5.0 (Macintosh; Intel Mac OS X 10.13; rv:109.0) Gecko/20100101 Firefox/115.0,60,,,,,,,,,,,,,,,,,,,,,,,,,,,,,,,,,,,,,,media/dcnb.png,0,0,Symb,a,RT,0,0,0,1,8,0,48,0,1,10,99,a,0.772,0,1,a,1,0.772,48,0,48,0,1,,,,,,,,,,,,,
,,,,,,,,,,,,,,,,,332,2,2024-03-28_10h27.22.721,Symbol-E,2020.1.3,MacIntel,Firefox,Mozilla/5.0 (Macintosh; Intel Mac OS X 10.13; rv:109.0) Gecko/20100101 Firefox/115.0,60,,,,,,,,,,,,,,,,,,,,,,,,,,,,,,,,,,,,,,media/dinb.png,6,2,Symb,i,RT,0,0,0,1,8,0,49,0,1,10,99,i,0.921,6,1,i,1,0.921,49,0,49,0,1,,,,,,,,,,,,,
,,,,,,,,,,,,,,,,,332,2,2024-03-28_10h27.22.721,Symbol-E,2020.1.3,MacIntel,Firefox,Mozilla/5.0 (Macintosh; Intel Mac OS X 10.13; rv:109.0) Gecko/20100101 Firefox/115.0,60,,,,,,,,,,,,,,,,,,,,,,,,,,,,,,,,,,,,,,media/dcnb.png,0,0,Symb,a,RT,0,0,0,1,8,0,50,0,1,10,99,a,1.205,0,1,a,1,1.205,50,0,50,0,1,,,,,,,,,,,,,
,,,,,,,,,,,,,,,,,332,2,2024-03-28_10h27.22.721,Symbol-E,2020.1.3,MacIntel,Firefox,Mozilla/5.0 (Macintosh; Intel Mac OS X 10.13; rv:109.0) Gecko/20100101 Firefox/115.0,60,,,,,,,,,,,,,,,,,,,,,,,,,,,,,,,,,,,,,,media/dinb.png,6,2,Symb,i,RT,0,0,0,1,8,0,51,0,1,10,99,i,10.072,6,1,i,1,10.072,51,0,51,0,1,,,,,,,,,,,,,
,,,,,,,,,,,,,,,,,332,2,2024-03-28_10h27.22.721,Symbol-E,2020.1.3,MacIntel,Firefox,Mozilla/5.0 (Macintosh; Intel Mac OS X 10.13; rv:109.0) Gecko/20100101 Firefox/115.0,60,,,,,,,,,,,,,,,,,,,,,,,,,,,,,,,,,,,,,,media/djnb.png,1,1,Symb,w,RT,0,0,0,1,8,0,52,0,1,10,99,w,1.089,1,1,w,1,1.089,52,0,52,0,1,,,,,,,,,,,,,
,,,,,,,,,,,,,,,,,332,2,2024-03-28_10h27.22.721,Symbol-E,2020.1.3,MacIntel,Firefox,Mozilla/5.0 (Macintosh; Intel Mac OS X 10.13; rv:109.0) Gecko/20100101 Firefox/115.0,60,,,,,,,,,,,,,,,,,,,,,,,,,,,,,,,,,,,,,,media/dgnb.png,2,2,Symb,e,RT,0,0,0,1,8,0,53,0,1,10,99,e,0.884,2,1,e,1,0.884,53,0,53,0,1,,,,,,,,,,,,,
,,,,,,,,,,,,,,,,,332,2,2024-03-28_10h27.22.721,Symbol-E,2020.1.3,MacIntel,Firefox,Mozilla/5.0 (Macintosh; Intel Mac OS X 10.13; rv:109.0) Gecko/20100101 Firefox/115.0,60,,,,,,,,,,,,,,,,,,,,,,,,,,,,,,,,,,,,,,media/dmnb.png,4,0,Symb,h,RT,0,0,0,1,8,0,54,0,1,10,99,h,6.347,4,1,h,1,6.347,54,0,54,0,1,,,,,,,,,,,,,
,,,,,,,,,,,,,,,,,332,2,2024-03-28_10h27.22.721,Symbol-E,2020.1.3,MacIntel,Firefox,Mozilla/5.0 (Macintosh; Intel Mac OS X 10.13; rv:109.0) Gecko/20100101 Firefox/115.0,60,,,,,,,,,,,,,,,,,,,,,,,,,,,,,,,,,,,,,,media/dgnb.png,2,2,Symb,e,RT,0,0,0,1,8,0,55,0,1,10,99,e,0.953,2,1,e,1,0.953,55,0,55,0,1,,,,,,,,,,,,,
,,,,,,,,,,,,,,,,,332,2,2024-03-28_10h27.22.721,Symbol-E,2020.1.3,MacIntel,Firefox,Mozilla/5.0 (Macintosh; Intel Mac OS X 10.13; rv:109.0) Gecko/20100101 Firefox/115.0,60,,,,,,,,,,,,,,,,,,,,,,,,,,,,,,,,,,,,,,media/dfnb.png,3,3,Symb,f,RT,0,0,0,1,8,0,56,0,1,10,99,f,1.391,3,1,f,1,1.391,56,0,56,0,1,,,,,,,,,,,,,
,,,,,,,,,,,,,,,,,332,2,2024-03-28_10h27.22.721,Symbol-E,2020.1.3,MacIntel,Firefox,Mozilla/5.0 (Macintosh; Intel Mac OS X 10.13; rv:109.0) Gecko/20100101 Firefox/115.0,60,,,,,,,,,,,,,,,,,,,,,,,,,,,,,,,,,,,,,,media/ddnb.png,5,1,Symb,u,RT,0,0,0,1,8,0,57,0,1,10,99,u,0.937,5,1,u,1,0.937,57,0,57,0,1,,,,,,,,,,,,,
,,,,,,,,,,,,,,,,,332,2,2024-03-28_10h27.22.721,Symbol-E,2020.1.3,MacIntel,Firefox,Mozilla/5.0 (Macintosh; Intel Mac OS X 10.13; rv:109.0) Gecko/20100101 Firefox/115.0,60,,,,,,,,,,,,,,,,,,,,,,,,,,,,,,,,,,,,,,media/dfnb.png,3,3,Symb,f,RT,0,0,0,1,8,0,58,0,1,10,99,f,0.972,3,1,f,1,0.972,58,0,58,0,1,,,,,,,,,,,,,
,,,,,,,,,,,,,,,,,332,2,2024-03-28_10h27.22.721,Symbol-E,2020.1.3,MacIntel,Firefox,Mozilla/5.0 (Macintosh; Intel Mac OS X 10.13; rv:109.0) Gecko/20100101 Firefox/115.0,60,,,,,,,,,,,,,,,,,,,,,,,,,,,,,,,,,,,,,,media/ddnb.png,5,1,Symb,u,RT,0,0,0,1,8,0,59,0,1,10,99,u,0.94,5,1,u,1,0.94,59,0,59,0,1,,,,,,,,,,,,,
,,,,,,,,,,,,,,,,,332,2,2024-03-28_10h27.22.721,Symbol-E,2020.1.3,MacIntel,Firefox,Mozilla/5.0 (Macintosh; Intel Mac OS X 10.13; rv:109.0) Gecko/20100101 Firefox/115.0,60,,,,,,,,,,,,,,,,,,,,,,,,,,,,,,,,,,,,,,media/dnnb.png,7,3,Symb,l,RT,0,0,0,1,8,0,60,0,1,10,99,f,6.781,3,0,f,0,6.781,60,0,60,0,1,,,,,,,,,,,,,
,,,,,,,,,,,,,,,,,332,2,2024-03-28_10h27.22.721,Symbol-E,2020.1.3,MacIntel,Firefox,Mozilla/5.0 (Macintosh; Intel Mac OS X 10.13; rv:109.0) Gecko/20100101 Firefox/115.0,60,,,,,,,,,,,,,,,,,,,,,,,,,,,,,,,,,,,,,,media/djnb.png,1,1,Symb,w,RT,0,0,0,1,8,0,61,0,1,10,99,w,0.903,1,1,w,1,0.903,61,0,61,0,1,,,,,,,,,,,,,
,,,,,,,,,,,,,,,,,332,2,2024-03-28_10h27.22.721,Symbol-E,2020.1.3,MacIntel,Firefox,Mozilla/5.0 (Macintosh; Intel Mac OS X 10.13; rv:109.0) Gecko/20100101 Firefox/115.0,60,,,,,,,,,,,,,,,,,,,,,,,,,,,,,,,,,,,,,,media/dmnb.png,4,0,Symb,h,RT,0,0,0,1,8,0,62,0,1,10,99,h,1.106,4,1,h,1,1.106,62,0,62,0,1,,,,,,,,,,,,,
,,,,,,,,,,,,,,,,,332,2,2024-03-28_10h27.22.721,Symbol-E,2020.1.3,MacIntel,Firefox,Mozilla/5.0 (Macintosh; Intel Mac OS X 10.13; rv:109.0) Gecko/20100101 Firefox/115.0,60,,,,,,,,,,,,,,,,,,,,,,,,,,,,,,,,,,,,,,media/dnnb.png,7,3,Symb,l,RT,0,0,0,1,8,0,63,0,1,10,99,l,1.104,7,1,l,1,1.104,63,0,63,0,1,,,,,,,,,,,,,
,,,,,,,,,,,,,,,,,332,2,2024-03-28_10h27.22.721,Symbol-E,2020.1.3,MacIntel,Firefox,Mozilla/5.0 (Macintosh; Intel Mac OS X 10.13; rv:109.0) Gecko/20100101 Firefox/115.0,60,,,,,,,,,,,,,,,,,,,,,,,,,,,,,,,,,,,,,,media/ddnb.png,5,1,Symb,u,RT,0,0,0,1,8,0,64,0,1,10,99,u,0.903,5,1,u,1,0.903,64,0,64,0,1,,,,,,,,,,,,,
,,,,,,,,,,,,,,,,,332,2,2024-03-28_10h27.22.721,Symbol-E,2020.1.3,MacIntel,Firefox,Mozilla/5.0 (Macintosh; Intel Mac OS X 10.13; rv:109.0) Gecko/20100101 Firefox/115.0,60,,,,,,,,,,,,,,,,,,,,,,,,,,,,,,,,,,,,,,media/dfnb.png,3,3,Symb,f,RT,0,0,0,1,8,0,65,0,1,10,99,f,1.19,3,1,f,1,1.19,65,0,65,0,1,,,,,,,,,,,,,
,,,,,,,,,,,,,,,,,332,2,2024-03-28_10h27.22.721,Symbol-E,2020.1.3,MacIntel,Firefox,Mozilla/5.0 (Macintosh; Intel Mac OS X 10.13; rv:109.0) Gecko/20100101 Firefox/115.0,60,,,,,,,,,,,,,,,,,,,,,,,,,,,,,,,,,,,,,,media/djnb.png,1,1,Symb,w,RT,0,0,0,1,8,0,66,0,1,10,99,w,0.903,1,1,w,1,0.903,66,0,66,0,1,,,,,,,,,,,,,
,,,,,,,,,,,,,,,,,332,2,2024-03-28_10h27.22.721,Symbol-E,2020.1.3,MacIntel,Firefox,Mozilla/5.0 (Macintosh; Intel Mac OS X 10.13; rv:109.0) Gecko/20100101 Firefox/115.0,60,,,,,,,,,,,,,,,,,,,,,,,,,,,,,,,,,,,,,,media/djnb.png,1,1,Symb,w,RT,0,0,0,1,8,0,67,0,1,10,99,w,0.538,1,1,w,1,0.538,67,0,67,0,1,,,,,,,,,,,,,
,,,,,,,,,,,,,,,,,332,2,2024-03-28_10h27.22.721,Symbol-E,2020.1.3,MacIntel,Firefox,Mozilla/5.0 (Macintosh; Intel Mac OS X 10.13; rv:109.0) Gecko/20100101 Firefox/115.0,60,,,,,,,,,,,,,,,,,,,,,,,,,,,,,,,,,,,,,,media/dgnb.png,2,2,Symb,e,RT,0,0,0,1,8,0,68,0,1,10,99,e,0.987,2,1,e,1,0.987,68,0,68,0,1,,,,,,,,,,,,,
,,,,,,,,,,,,,,,,,332,2,2024-03-28_10h27.22.721,Symbol-E,2020.1.3,MacIntel,Firefox,Mozilla/5.0 (Macintosh; Intel Mac OS X 10.13; rv:109.0) Gecko/20100101 Firefox/115.0,60,,,,,,,,,,,,,,,,,,,,,,,,,,,,,,,,,,,,,,media/dfnb.png,3,3,Symb,f,RT,0,0,0,1,8,0,69,0,1,10,99,f,1.019,3,1,f,1,1.019,69,0,69,0,1,,,,,,,,,,,,,
,,,,,,,,,,,,,,,,,332,2,2024-03-28_10h27.22.721,Symbol-E,2020.1.3,MacIntel,Firefox,Mozilla/5.0 (Macintosh; Intel Mac OS X 10.13; rv:109.0) Gecko/20100101 Firefox/115.0,60,,,,,,,,,,,,,,,,,,,,,,,,,,,,,,,,,,,,,,media/ddnb.png,5,1,Symb,u,RT,0,0,0,1,8,0,70,0,1,10,99,u,1.055,5,1,u,1,1.055,70,0,70,0,1,,,,,,,,,,,,,
,,,,,,,,,,,,,,,,,332,2,2024-03-28_10h27.22.721,Symbol-E,2020.1.3,MacIntel,Firefox,Mozilla/5.0 (Macintosh; Intel Mac OS X 10.13; rv:109.0) Gecko/20100101 Firefox/115.0,60,,,,,,,,,,,,,,,,,,,,,,,,,,,,,,,,,,,,,,media/dinb.png,6,2,Symb,i,RT,0,0,0,1,8,0,71,0,1,10,99,i,0.804,6,1,i,1,0.804,71,0,71,0,1,,,,,,,,,,,,,
,,,,,,,,,,,,,,,,,332,2,2024-03-28_10h27.22.721,Symbol-E,2020.1.3,MacIntel,Firefox,Mozilla/5.0 (Macintosh; Intel Mac OS X 10.13; rv:109.0) Gecko/20100101 Firefox/115.0,60,,,,,,,,,,,,,,,,,,,,,,,,,,,,,,,,,,,,,,media/dmnb.png,4,0,Symb,h,RT,0,0,0,1,8,0,72,0,1,10,99,h,0.871,4,1,h,1,0.871,72,0,72,0,1,,,,,,,,,,,,,
,,,,,,,,,,,,,,,,,332,2,2024-03-28_10h27.22.721,Symbol-E,2020.1.3,MacIntel,Firefox,Mozilla/5.0 (Macintosh; Intel Mac OS X 10.13; rv:109.0) Gecko/20100101 Firefox/115.0,60,,,,,,,,,,,,,,,,,,,,,,,,,,,,,,,,,,,,,,media/dcnb.png,0,0,Symb,a,RT,0,0,0,1,8,0,73,0,1,10,99,a,2.189,0,1,a,1,2.189,73,0,73,0,1,,,,,,,,,,,,,
,,,,,,,,,,,,,,,,,332,2,2024-03-28_10h27.22.721,Symbol-E,2020.1.3,MacIntel,Firefox,Mozilla/5.0 (Macintosh; Intel Mac OS X 10.13; rv:109.0) Gecko/20100101 Firefox/115.0,60,,,,,,,,,,,,,,,,,,,,,,,,,,,,,,,,,,,,,,media/dmnb.png,4,0,Symb,h,RT,0,0,0,1,8,0,74,0,1,10,99,h,1.054,4,1,h,1,1.054,74,0,74,0,1,,,,,,,,,,,,,
,,,,,,,,,,,,,,,,,332,2,2024-03-28_10h27.22.721,Symbol-E,2020.1.3,MacIntel,Firefox,Mozilla/5.0 (Macintosh; Intel Mac OS X 10.13; rv:109.0) Gecko/20100101 Firefox/115.0,60,,,,,,,,,,,,,,,,,,,,,,,,,,,,,,,,,,,,,,media/dgnb.png,2,2,Symb,e,RT,0,0,0,1,8,0,75,0,1,10,99,e,0.854,2,1,e,1,0.854,75,0,75,0,1,,,,,,,,,,,,,
,,,,,,,,,,,,,,,,,332,2,2024-03-28_10h27.22.721,Symbol-E,2020.1.3,MacIntel,Firefox,Mozilla/5.0 (Macintosh; Intel Mac OS X 10.13; rv:109.0) Gecko/20100101 Firefox/115.0,60,,,,,,,,,,,,,,,,,,,,,,,,,,,,,,,,,,,,,,media/dinb.png,6,2,Symb,i,RT,0,0,0,1,8,0,76,0,1,10,99,i,0.802,6,1,i,1,0.802,76,0,76,0,1,,,,,,,,,,,,,
,,,,,,,,,,,,,,,,,332,2,2024-03-28_10h27.22.721,Symbol-E,2020.1.3,MacIntel,Firefox,Mozilla/5.0 (Macintosh; Intel Mac OS X 10.13; rv:109.0) Gecko/20100101 Firefox/115.0,60,,,,,,,,,,,,,,,,,,,,,,,,,,,,,,,,,,,,,,media/dnnb.png,7,3,Symb,l,RT,0,0,0,1,8,0,77,0,1,10,99,l,1.192,7,1,l,1,1.192,77,0,77,0,1,,,,,,,,,,,,,
,,,,,,,,,,,,,,,,,332,2,2024-03-28_10h27.22.721,Symbol-E,2020.1.3,MacIntel,Firefox,Mozilla/5.0 (Macintosh; Intel Mac OS X 10.13; rv:109.0) Gecko/20100101 Firefox/115.0,60,,,,,,,,,,,,,,,,,,,,,,,,,,,,,,,,,,,,,,media/dnnb.png,7,3,Symb,l,RT,0,0,0,1,8,0,78,0,1,10,99,l,0.586,7,1,l,1,0.586,78,0,78,0,1,,,,,,,,,,,,,
,,,,,,,,,,,,,,,,,332,2,2024-03-28_10h27.22.721,Symbol-E,2020.1.3,MacIntel,Firefox,Mozilla/5.0 (Macintosh; Intel Mac OS X 10.13; rv:109.0) Gecko/20100101 Firefox/115.0,60,,,,,,,,,,,,,,,,,,,,,,,,,,,,,,,,,,,,,,media/dcnb.png,0,0,Symb,a,RT,0,0,0,1,8,0,79,0,1,10,99,a,0.902,0,1,a,1,0.902,79,0,79,0,1,,,,,,,,,,,,,
,,,,,,,,,,,,,,,,,332,2,2024-03-28_10h27.22.721,Symbol-E,2020.1.3,MacIntel,Firefox,Mozilla/5.0 (Macintosh; Intel Mac OS X 10.13; rv:109.0) Gecko/20100101 Firefox/115.0,60,,,,,,,,,,,,,,,,,,,,,,,,,,,,,,,,,,,,,,media/dmnb.png,4,0,Symb,h,RT,0,0,0,1,8,0,80,0,1,10,99,h,1.02,4,1,h,1,1.02,80,0,80,0,1,,,,,,,,,,,,,
,,,,,,,,,,,,,,,,,332,2,2024-03-28_10h27.22.721,Symbol-E,2020.1.3,MacIntel,Firefox,Mozilla/5.0 (Macintosh; Intel Mac OS X 10.13; rv:109.0) Gecko/20100101 Firefox/115.0,60,,,,,,,,,,,,,,,,,,,,,,,,,,,,,,,,,,,,,,media/ddnb.png,5,1,Symb,u,RT,0,0,0,1,8,0,81,0,1,10,99,u,0.97,5,1,u,1,0.97,81,0,81,0,1,,,,,,,,,,,,,
,,,,,,,,,,,,,,,,,332,2,2024-03-28_10h27.22.721,Symbol-E,2020.1.3,MacIntel,Firefox,Mozilla/5.0 (Macintosh; Intel Mac OS X 10.13; rv:109.0) Gecko/20100101 Firefox/115.0,60,,,,,,,,,,,,,,,,,,,,,,,,,,,,,,,,,,,,,,media/dmnb.png,4,0,Symb,h,RT,0,0,0,1,8,0,82,0,1,10,99,h,1.439,4,1,h,1,1.439,82,0,82,0,1,,,,,,,,,,,,,
,,,,,,,,,,,,,,,,,332,2,2024-03-28_10h27.22.721,Symbol-E,2020.1.3,MacIntel,Firefox,Mozilla/5.0 (Macintosh; Intel Mac OS X 10.13; rv:109.0) Gecko/20100101 Firefox/115.0,60,,,,,,,,,,,,,,,,,,,,,,,,,,,,,,,,,,,,,,media/dinb.png,6,2,Symb,i,RT,0,0,0,1,8,0,83,0,1,10,99,i,0.819,6,1,i,1,0.819,83,0,83,0,1,,,,,,,,,,,,,
,,,,,,,,,,,,,,,,,332,2,2024-03-28_10h27.22.721,Symbol-E,2020.1.3,MacIntel,Firefox,Mozilla/5.0 (Macintosh; Intel Mac OS X 10.13; rv:109.0) Gecko/20100101 Firefox/115.0,60,,,,,,,,,,,,,,,,,,,,,,,,,,,,,,,,,,,,,,media/dfnb.png,3,3,Symb,f,RT,0,0,0,1,8,0,84,0,1,10,99,f,1.003,3,1,f,1,1.003,84,0,84,0,1,,,,,,,,,,,,,
,,,,,,,,,,,,,,,,,332,2,2024-03-28_10h27.22.721,Symbol-E,2020.1.3,MacIntel,Firefox,Mozilla/5.0 (Macintosh; Intel Mac OS X 10.13; rv:109.0) Gecko/20100101 Firefox/115.0,60,,,,,,,,,,,,,,,,,,,,,,,,,,,,,,,,,,,,,,media/ddnb.png,5,1,Symb,u,RT,0,0,0,1,8,0,85,0,1,10,99,u,0.904,5,1,u,1,0.904,85,0,85,0,1,,,,,,,,,,,,,
,,,,,,,,,,,,,,,,,332,2,2024-03-28_10h27.22.721,Symbol-E,2020.1.3,MacIntel,Firefox,Mozilla/5.0 (Macintosh; Intel Mac OS X 10.13; rv:109.0) Gecko/20100101 Firefox/115.0,60,,,,,,,,,,,,,,,,,,,,,,,,,,,,,,,,,,,,,,media/dinb.png,6,2,Symb,i,RT,0,0,0,1,8,0,86,0,1,10,99,i,1.002,6,1,i,1,1.002,86,0,86,0,1,,,,,,,,,,,,,
,,,,,,,,,,,,,,,,,332,2,2024-03-28_10h27.22.721,Symbol-E,2020.1.3,MacIntel,Firefox,Mozilla/5.0 (Macintosh; Intel Mac OS X 10.13; rv:109.0) Gecko/20100101 Firefox/115.0,60,,,,,,,,,,,,,,,,,,,,,,,,,,,,,,,,,,,,,,media/dnnb.png,7,3,Symb,l,RT,0,0,0,1,8,0,87,0,1,10,99,l,1.053,7,1,l,1,1.053,87,0,87,0,1,,,,,,,,,,,,,
,,,,,,,,,,,,,,,,,332,2,2024-03-28_10h27.22.721,Symbol-E,2020.1.3,MacIntel,Firefox,Mozilla/5.0 (Macintosh; Intel Mac OS X 10.13; rv:109.0) Gecko/20100101 Firefox/115.0,60,,,,,,,,,,,,,,,,,,,,,,,,,,,,,,,,,,,,,,media/djnb.png,1,1,Symb,w,RT,0,0,0,1,8,0,88,0,1,10,99,w,0.971,1,1,w,1,0.971,88,0,88,0,1,,,,,,,,,,,,,
,,,,,,,,,,,,,,,,,332,2,2024-03-28_10h27.22.721,Symbol-E,2020.1.3,MacIntel,Firefox,Mozilla/5.0 (Macintosh; Intel Mac OS X 10.13; rv:109.0) Gecko/20100101 Firefox/115.0,60,,,,,,,,,,,,,,,,,,,,,,,,,,,,,,,,,,,,,,media/djnb.png,1,1,Symb,w,RT,0,0,0,1,8,0,89,0,1,10,99,w,0.752,1,1,w,1,0.752,89,0,89,0,1,,,,,,,,,,,,,
,,,,,,,,,,,,,,,,,332,2,2024-03-28_10h27.22.721,Symbol-E,2020.1.3,MacIntel,Firefox,Mozilla/5.0 (Macintosh; Intel Mac OS X 10.13; rv:109.0) Gecko/20100101 Firefox/115.0,60,,,,,,,,,,,,,,,,,,,,,,,,,,,,,,,,,,,,,,media/dcnb.png,0,0,Symb,a,RT,0,0,0,1,8,0,90,0,1,10,99,a,1.17,0,1,a,1,1.17,90,0,90,0,1,,,,,,,,,,,,,
,,,,,,,,,,,,,,,,,332,2,2024-03-28_10h27.22.721,Symbol-E,2020.1.3,MacIntel,Firefox,Mozilla/5.0 (Macintosh; Intel Mac OS X 10.13; rv:109.0) Gecko/20100101 Firefox/115.0,60,,,,,,,,,,,,,,,,,,,,,,,,,,,,,,,,,,,,,,media/dgnb.png,2,2,Symb,e,RT,0,0,0,1,8,0,91,0,1,10,99,e,0.901,2,1,e,1,0.901,91,0,91,0,1,,,,,,,,,,,,,
,,,,,,,,,,,,,,,,,332,2,2024-03-28_10h27.22.721,Symbol-E,2020.1.3,MacIntel,Firefox,Mozilla/5.0 (Macintosh; Intel Mac OS X 10.13; rv:109.0) Gecko/20100101 Firefox/115.0,60,,,,,,,,,,,,,,,,,,,,,,,,,,,,,,,,,,,,,,media/dcnb.png,0,0,Symb,a,RT,0,0,0,1,8,0,92,0,1,10,99,a,0.735,0,1,a,1,0.735,92,0,92,0,1,,,,,,,,,,,,,
,,,,,,,,,,,,,,,,,332,2,2024-03-28_10h27.22.721,Symbol-E,2020.1.3,MacIntel,Firefox,Mozilla/5.0 (Macintosh; Intel Mac OS X 10.13; rv:109.0) Gecko/20100101 Firefox/115.0,60,,,,,,,,,,,,,,,,,,,,,,,,,,,,,,,,,,,,,,media/dgnb.png,2,2,Symb,e,RT,0,0,0,1,8,0,93,0,1,10,99,e,0.803,2,1,e,1,0.803,93,0,93,0,1,,,,,,,,,,,,,
,,,,,,,,,,,,,,,,,332,2,2024-03-28_10h27.22.721,Symbol-E,2020.1.3,MacIntel,Firefox,Mozilla/5.0 (Macintosh; Intel Mac OS X 10.13; rv:109.0) Gecko/20100101 Firefox/115.0,60,,,,,,,,,,,,,,,,,,,,,,,,,,,,,,,,,,,,,,media/dfnb.png,3,3,Symb,f,RT,0,0,0,1,8,0,94,0,1,10,99,h,0.989,4,0,h,0,0.989,94,0,94,0,1,,,,,,,,,,,,,
,,,,,,,,,,,,,,,,,332,2,2024-03-28_10h27.22.721,Symbol-E,2020.1.3,MacIntel,Firefox,Mozilla/5.0 (Macintosh; Intel Mac OS X 10.13; rv:109.0) Gecko/20100101 Firefox/115.0,60,,,,,,,,,,,,,,,,,,,,,,,,,,,,,,,,,,,,,,media/dnnb.png,7,3,Symb,l,RT,0,0,0,1,8,0,95,0,1,10,99,l,1.22,7,1,l,1,1.22,95,0,95,0,1,,,,,,,,,,,,,
,,,,,,,,,,,,,,,,,332,2,2024-03-28_10h27.22.721,Symbol-E,2020.1.3,MacIntel,Firefox,Mozilla/5.0 (Macintosh; Intel Mac OS X 10.13; rv:109.0) Gecko/20100101 Firefox/115.0,60,,,,,,,,,,,,,,,,,,,,,,,,,,,,,,,,,,,,,,,,,,,,,,,,,,,,,,,,,,,,,,,,,,,9,0,9,0,1,,,,,,,,
,,,,,,,,,,,,,,,,,332,2,2024-03-28_10h27.22.721,Symbol-E,2020.1.3,MacIntel,Firefox,Mozilla/5.0 (Macintosh; Intel Mac OS X 10.13; rv:109.0) Gecko/20100101 Firefox/115.0,60,,,,,,,,,,,,,,,,,,,,,,,,,,,,,,,,,,,,h,0.586,media/dfnb.png,3,3,Symb,f,RT,0,0,0,1,8,0,0,0,1,11,99,f,0.954,3,1,f,1,0.954,0,0,0,0,1,,,,,,,,,,,,,
,,,,,,,,,,,,,,,,,332,2,2024-03-28_10h27.22.721,Symbol-E,2020.1.3,MacIntel,Firefox,Mozilla/5.0 (Macintosh; Intel Mac OS X 10.13; rv:109.0) Gecko/20100101 Firefox/115.0,60,,,,,,,,,,,,,,,,,,,,,,,,,,,,,,,,,,,,,,media/ddnb.png,5,1,Symb,u,RT,0,0,0,1,8,0,1,0,1,11,99,u,1.135,5,1,u,1,1.135,1,0,1,0,1,,,,,,,,,,,,,
,,,,,,,,,,,,,,,,,332,2,2024-03-28_10h27.22.721,Symbol-E,2020.1.3,MacIntel,Firefox,Mozilla/5.0 (Macintosh; Intel Mac OS X 10.13; rv:109.0) Gecko/20100101 Firefox/115.0,60,,,,,,,,,,,,,,,,,,,,,,,,,,,,,,,,,,,,,,media/dinb.png,6,2,Symb,i,RT,0,0,0,1,8,0,2,0,1,11,99,i,0.785,6,1,i,1,0.785,2,0,2,0,1,,,,,,,,,,,,,
,,,,,,,,,,,,,,,,,332,2,2024-03-28_10h27.22.721,Symbol-E,2020.1.3,MacIntel,Firefox,Mozilla/5.0 (Macintosh; Intel Mac OS X 10.13; rv:109.0) Gecko/20100101 Firefox/115.0,60,,,,,,,,,,,,,,,,,,,,,,,,,,,,,,,,,,,,,,media/djnb.png,1,1,Symb,w,RT,0,0,0,1,8,0,3,0,1,11,99,w,0.936,1,1,w,1,0.936,3,0,3,0,1,,,,,,,,,,,,,
,,,,,,,,,,,,,,,,,332,2,2024-03-28_10h27.22.721,Symbol-E,2020.1.3,MacIntel,Firefox,Mozilla/5.0 (Macintosh; Intel Mac OS X 10.13; rv:109.0) Gecko/20100101 Firefox/115.0,60,,,,,,,,,,,,,,,,,,,,,,,,,,,,,,,,,,,,,,media/dcnb.png,0,0,Symb,a,RT,0,0,0,1,8,0,4,0,1,11,99,a,1.875,0,1,a,1,1.875,4,0,4,0,1,,,,,,,,,,,,,
,,,,,,,,,,,,,,,,,332,2,2024-03-28_10h27.22.721,Symbol-E,2020.1.3,MacIntel,Firefox,Mozilla/5.0 (Macintosh; Intel Mac OS X 10.13; rv:109.0) Gecko/20100101 Firefox/115.0,60,,,,,,,,,,,,,,,,,,,,,,,,,,,,,,,,,,,,,,media/dgnb.png,2,2,Symb,e,RT,0,0,0,1,8,0,5,0,1,11,99,e,0.803,2,1,e,1,0.803,5,0,5,0,1,,,,,,,,,,,,,
,,,,,,,,,,,,,,,,,332,2,2024-03-28_10h27.22.721,Symbol-E,2020.1.3,MacIntel,Firefox,Mozilla/5.0 (Macintosh; Intel Mac OS X 10.13; rv:109.0) Gecko/20100101 Firefox/115.0,60,,,,,,,,,,,,,,,,,,,,,,,,,,,,,,,,,,,,,,media/dmnb.png,4,0,Symb,h,RT,0,0,0,1,8,0,6,0,1,11,99,h,0.922,4,1,h,1,0.922,6,0,6,0,1,,,,,,,,,,,,,
,,,,,,,,,,,,,,,,,332,2,2024-03-28_10h27.22.721,Symbol-E,2020.1.3,MacIntel,Firefox,Mozilla/5.0 (Macintosh; Intel Mac OS X 10.13; rv:109.0) Gecko/20100101 Firefox/115.0,60,,,,,,,,,,,,,,,,,,,,,,,,,,,,,,,,,,,,,,media/dfnb.png,3,3,Symb,f,RT,0,0,0,1,8,0,7,0,1,11,99,f,2.256,3,1,f,1,2.256,7,0,7,0,1,,,,,,,,,,,,,
,,,,,,,,,,,,,,,,,332,2,2024-03-28_10h27.22.721,Symbol-E,2020.1.3,MacIntel,Firefox,Mozilla/5.0 (Macintosh; Intel Mac OS X 10.13; rv:109.0) Gecko/20100101 Firefox/115.0,60,,,,,,,,,,,,,,,,,,,,,,,,,,,,,,,,,,,,,,media/dnnb.png,7,3,Symb,l,RT,0,0,0,1,8,0,8,0,1,11,99,l,0.922,7,1,l,1,0.922,8,0,8,0,1,,,,,,,,,,,,,
,,,,,,,,,,,,,,,,,332,2,2024-03-28_10h27.22.721,Symbol-E,2020.1.3,MacIntel,Firefox,Mozilla/5.0 (Macintosh; Intel Mac OS X 10.13; rv:109.0) Gecko/20100101 Firefox/115.0,60,,,,,,,,,,,,,,,,,,,,,,,,,,,,,,,,,,,,,,media/dmnb.png,4,0,Symb,h,RT,0,0,0,1,8,0,9,0,1,11,99,h,2.092,4,1,h,1,2.092,9,0,9,0,1,,,,,,,,,,,,,
,,,,,,,,,,,,,,,,,332,2,2024-03-28_10h27.22.721,Symbol-E,2020.1.3,MacIntel,Firefox,Mozilla/5.0 (Macintosh; Intel Mac OS X 10.13; rv:109.0) Gecko/20100101 Firefox/115.0,60,,,,,,,,,,,,,,,,,,,,,,,,,,,,,,,,,,,,,,media/djnb.png,1,1,Symb,w,RT,0,0,0,1,8,0,10,0,1,11,99,w,1.153,1,1,w,1,1.153,10,0,10,0,1,,,,,,,,,,,,,
,,,,,,,,,,,,,,,,,332,2,2024-03-28_10h27.22.721,Symbol-E,2020.1.3,MacIntel,Firefox,Mozilla/5.0 (Macintosh; Intel Mac OS X 10.13; rv:109.0) Gecko/20100101 Firefox/115.0,60,,,,,,,,,,,,,,,,,,,,,,,,,,,,,,,,,,,,,,media/ddnb.png,5,1,Symb,u,RT,0,0,0,1,8,0,11,0,1,11,99,u,0.836,5,1,u,1,0.836,11,0,11,0,1,,,,,,,,,,,,,
,,,,,,,,,,,,,,,,,332,2,2024-03-28_10h27.22.721,Symbol-E,2020.1.3,MacIntel,Firefox,Mozilla/5.0 (Macintosh; Intel Mac OS X 10.13; rv:109.0) Gecko/20100101 Firefox/115.0,60,,,,,,,,,,,,,,,,,,,,,,,,,,,,,,,,,,,,,,media/dgnb.png,2,2,Symb,e,RT,0,0,0,1,8,0,12,0,1,11,99,e,0.905,2,1,e,1,0.905,12,0,12,0,1,,,,,,,,,,,,,
,,,,,,,,,,,,,,,,,332,2,2024-03-28_10h27.22.721,Symbol-E,2020.1.3,MacIntel,Firefox,Mozilla/5.0 (Macintosh; Intel Mac OS X 10.13; rv:109.0) Gecko/20100101 Firefox/115.0,60,,,,,,,,,,,,,,,,,,,,,,,,,,,,,,,,,,,,,,media/dinb.png,6,2,Symb,i,RT,0,0,0,1,8,0,13,0,1,11,99,i,0.753,6,1,i,1,0.753,13,0,13,0,1,,,,,,,,,,,,,
,,,,,,,,,,,,,,,,,332,2,2024-03-28_10h27.22.721,Symbol-E,2020.1.3,MacIntel,Firefox,Mozilla/5.0 (Macintosh; Intel Mac OS X 10.13; rv:109.0) Gecko/20100101 Firefox/115.0,60,,,,,,,,,,,,,,,,,,,,,,,,,,,,,,,,,,,,,,media/dcnb.png,0,0,Symb,a,RT,0,0,0,1,8,0,14,0,1,11,99,a,1.004,0,1,a,1,1.004,14,0,14,0,1,,,,,,,,,,,,,
,,,,,,,,,,,,,,,,,332,2,2024-03-28_10h27.22.721,Symbol-E,2020.1.3,MacIntel,Firefox,Mozilla/5.0 (Macintosh; Intel Mac OS X 10.13; rv:109.0) Gecko/20100101 Firefox/115.0,60,,,,,,,,,,,,,,,,,,,,,,,,,,,,,,,,,,,,,,media/dnnb.png,7,3,Symb,l,RT,0,0,0,1,8,0,15,0,1,11,99,l,1.122,7,1,l,1,1.122,15,0,15,0,1,,,,,,,,,,,,,
,,,,,,,,,,,,,,,,,332,2,2024-03-28_10h27.22.721,Symbol-E,2020.1.3,MacIntel,Firefox,Mozilla/5.0 (Macintosh; Intel Mac OS X 10.13; rv:109.0) Gecko/20100101 Firefox/115.0,60,,,,,,,,,,,,,,,,,,,,,,,,,,,,,,,,,,,,,,media/dmnb.png,4,0,Symb,h,RT,0,0,0,1,8,0,16,0,1,11,99,h,2.321,4,1,h,1,2.321,16,0,16,0,1,,,,,,,,,,,,,
,,,,,,,,,,,,,,,,,332,2,2024-03-28_10h27.22.721,Symbol-E,2020.1.3,MacIntel,Firefox,Mozilla/5.0 (Macintosh; Intel Mac OS X 10.13; rv:109.0) Gecko/20100101 Firefox/115.0,60,,,,,,,,,,,,,,,,,,,,,,,,,,,,,,,,,,,,,,media/dfnb.png,3,3,Symb,f,RT,0,0,0,1,8,0,17,0,1,11,99,f,3.124,3,1,f,1,3.124,17,0,17,0,1,,,,,,,,,,,,,
,,,,,,,,,,,,,,,,,332,2,2024-03-28_10h27.22.721,Symbol-E,2020.1.3,MacIntel,Firefox,Mozilla/5.0 (Macintosh; Intel Mac OS X 10.13; rv:109.0) Gecko/20100101 Firefox/115.0,60,,,,,,,,,,,,,,,,,,,,,,,,,,,,,,,,,,,,,,media/dmnb.png,4,0,Symb,h,RT,0,0,0,1,8,0,18,0,1,11,99,h,0.821,4,1,h,1,0.821,18,0,18,0,1,,,,,,,,,,,,,
,,,,,,,,,,,,,,,,,332,2,2024-03-28_10h27.22.721,Symbol-E,2020.1.3,MacIntel,Firefox,Mozilla/5.0 (Macintosh; Intel Mac OS X 10.13; rv:109.0) Gecko/20100101 Firefox/115.0,60,,,,,,,,,,,,,,,,,,,,,,,,,,,,,,,,,,,,,,media/djnb.png,1,1,Symb,w,RT,0,0,0,1,8,0,19,0,1,11,99,w,0.939,1,1,w,1,0.939,19,0,19,0,1,,,,,,,,,,,,,
,,,,,,,,,,,,,,,,,332,2,2024-03-28_10h27.22.721,Symbol-E,2020.1.3,MacIntel,Firefox,Mozilla/5.0 (Macintosh; Intel Mac OS X 10.13; rv:109.0) Gecko/20100101 Firefox/115.0,60,,,,,,,,,,,,,,,,,,,,,,,,,,,,,,,,,,,,,,media/dinb.png,6,2,Symb,i,RT,0,0,0,1,8,0,20,0,1,11,99,i,0.708,6,1,i,1,0.708,20,0,20,0,1,,,,,,,,,,,,,
,,,,,,,,,,,,,,,,,332,2,2024-03-28_10h27.22.721,Symbol-E,2020.1.3,MacIntel,Firefox,Mozilla/5.0 (Macintosh; Intel Mac OS X 10.13; rv:109.0) Gecko/20100101 Firefox/115.0,60,,,,,,,,,,,,,,,,,,,,,,,,,,,,,,,,,,,,,,media/dfnb.png,3,3,Symb,f,RT,0,0,0,1,8,0,21,0,1,11,99,f,0.986,3,1,f,1,0.986,21,0,21,0,1,,,,,,,,,,,,,
,,,,,,,,,,,,,,,,,332,2,2024-03-28_10h27.22.721,Symbol-E,2020.1.3,MacIntel,Firefox,Mozilla/5.0 (Macintosh; Intel Mac OS X 10.13; rv:109.0) Gecko/20100101 Firefox/115.0,60,,,,,,,,,,,,,,,,,,,,,,,,,,,,,,,,,,,,,,media/dnnb.png,7,3,Symb,l,RT,0,0,0,1,8,0,22,0,1,11,99,l,0.92,7,1,l,1,0.92,22,0,22,0,1,,,,,,,,,,,,,
,,,,,,,,,,,,,,,,,332,2,2024-03-28_10h27.22.721,Symbol-E,2020.1.3,MacIntel,Firefox,Mozilla/5.0 (Macintosh; Intel Mac OS X 10.13; rv:109.0) Gecko/20100101 Firefox/115.0,60,,,,,,,,,,,,,,,,,,,,,,,,,,,,,,,,,,,,,,media/dcnb.png,0,0,Symb,a,RT,0,0,0,1,8,0,23,0,1,11,99,a,0.987,0,1,a,1,0.987,23,0,23,0,1,,,,,,,,,,,,,
,,,,,,,,,,,,,,,,,332,2,2024-03-28_10h27.22.721,Symbol-E,2020.1.3,MacIntel,Firefox,Mozilla/5.0 (Macintosh; Intel Mac OS X 10.13; rv:109.0) Gecko/20100101 Firefox/115.0,60,,,,,,,,,,,,,,,,,,,,,,,,,,,,,,,,,,,,,,media/ddnb.png,5,1,Symb,u,RT,0,0,0,1,8,0,24,0,1,11,99,u,0.823,5,1,u,1,0.823,24,0,24,0,1,,,,,,,,,,,,,
,,,,,,,,,,,,,,,,,332,2,2024-03-28_10h27.22.721,Symbol-E,2020.1.3,MacIntel,Firefox,Mozilla/5.0 (Macintosh; Intel Mac OS X 10.13; rv:109.0) Gecko/20100101 Firefox/115.0,60,,,,,,,,,,,,,,,,,,,,,,,,,,,,,,,,,,,,,,media/dgnb.png,2,2,Symb,e,RT,0,0,0,1,8,0,25,0,1,11,99,e,0.823,2,1,e,1,0.823,25,0,25,0,1,,,,,,,,,,,,,
,,,,,,,,,,,,,,,,,332,2,2024-03-28_10h27.22.721,Symbol-E,2020.1.3,MacIntel,Firefox,Mozilla/5.0 (Macintosh; Intel Mac OS X 10.13; rv:109.0) Gecko/20100101 Firefox/115.0,60,,,,,,,,,,,,,,,,,,,,,,,,,,,,,,,,,,,,,,media/dgnb.png,2,2,Symb,e,RT,0,0,0,1,8,0,26,0,1,11,99,e,0.504,2,1,e,1,0.504,26,0,26,0,1,,,,,,,,,,,,,
,,,,,,,,,,,,,,,,,332,2,2024-03-28_10h27.22.721,Symbol-E,2020.1.3,MacIntel,Firefox,Mozilla/5.0 (Macintosh; Intel Mac OS X 10.13; rv:109.0) Gecko/20100101 Firefox/115.0,60,,,,,,,,,,,,,,,,,,,,,,,,,,,,,,,,,,,,,,media/dnnb.png,7,3,Symb,l,RT,0,0,0,1,8,0,27,0,1,11,99,l,2.057,7,1,l,1,2.057,27,0,27,0,1,,,,,,,,,,,,,
,,,,,,,,,,,,,,,,,332,2,2024-03-28_10h27.22.721,Symbol-E,2020.1.3,MacIntel,Firefox,Mozilla/5.0 (Macintosh; Intel Mac OS X 10.13; rv:109.0) Gecko/20100101 Firefox/115.0,60,,,,,,,,,,,,,,,,,,,,,,,,,,,,,,,,,,,,,,media/dinb.png,6,2,Symb,i,RT,0,0,0,1,8,0,28,0,1,11,99,i,0.786,6,1,i,1,0.786,28,0,28,0,1,,,,,,,,,,,,,
,,,,,,,,,,,,,,,,,332,2,2024-03-28_10h27.22.721,Symbol-E,2020.1.3,MacIntel,Firefox,Mozilla/5.0 (Macintosh; Intel Mac OS X 10.13; rv:109.0) Gecko/20100101 Firefox/115.0,60,,,,,,,,,,,,,,,,,,,,,,,,,,,,,,,,,,,,,,media/djnb.png,1,1,Symb,w,RT,0,0,0,1,8,0,29,0,1,11,99,w,0.821,1,1,w,1,0.821,29,0,29,0,1,,,,,,,,,,,,,
,,,,,,,,,,,,,,,,,332,2,2024-03-28_10h27.22.721,Symbol-E,2020.1.3,MacIntel,Firefox,Mozilla/5.0 (Macintosh; Intel Mac OS X 10.13; rv:109.0) Gecko/20100101 Firefox/115.0,60,,,,,,,,,,,,,,,,,,,,,,,,,,,,,,,,,,,,,,media/dcnb.png,0,0,Symb,a,RT,0,0,0,1,8,0,30,0,1,11,99,a,0.986,0,1,a,1,0.986,30,0,30,0,1,,,,,,,,,,,,,
,,,,,,,,,,,,,,,,,332,2,2024-03-28_10h27.22.721,Symbol-E,2020.1.3,MacIntel,Firefox,Mozilla/5.0 (Macintosh; Intel Mac OS X 10.13; rv:109.0) Gecko/20100101 Firefox/115.0,60,,,,,,,,,,,,,,,,,,,,,,,,,,,,,,,,,,,,,,media/ddnb.png,5,1,Symb,u,RT,0,0,0,1,8,0,31,0,1,11,99,u,1.054,5,1,u,1,1.054,31,0,31,0,1,,,,,,,,,,,,,
,,,,,,,,,,,,,,,,,332,2,2024-03-28_10h27.22.721,Symbol-E,2020.1.3,MacIntel,Firefox,Mozilla/5.0 (Macintosh; Intel Mac OS X 10.13; rv:109.0) Gecko/20100101 Firefox/115.0,60,,,,,,,,,,,,,,,,,,,,,,,,,,,,,,,,,,,,,,media/dgnb.png,2,2,Symb,e,RT,0,0,0,1,8,0,32,0,1,11,99,e,0.885,2,1,e,1,0.885,32,0,32,0,1,,,,,,,,,,,,,
,,,,,,,,,,,,,,,,,332,2,2024-03-28_10h27.22.721,Symbol-E,2020.1.3,MacIntel,Firefox,Mozilla/5.0 (Macintosh; Intel Mac OS X 10.13; rv:109.0) Gecko/20100101 Firefox/115.0,60,,,,,,,,,,,,,,,,,,,,,,,,,,,,,,,,,,,,,,media/dfnb.png,3,3,Symb,f,RT,0,0,0,1,8,0,33,0,1,11,99,f,0.986,3,1,f,1,0.986,33,0,33,0,1,,,,,,,,,,,,,
,,,,,,,,,,,,,,,,,332,2,2024-03-28_10h27.22.721,Symbol-E,2020.1.3,MacIntel,Firefox,Mozilla/5.0 (Macintosh; Intel Mac OS X 10.13; rv:109.0) Gecko/20100101 Firefox/115.0,60,,,,,,,,,,,,,,,,,,,,,,,,,,,,,,,,,,,,,,media/dfnb.png,3,3,Symb,f,RT,0,0,0,1,8,0,34,0,1,11,99,f,0.538,3,1,f,1,0.538,34,0,34,0,1,,,,,,,,,,,,,
,,,,,,,,,,,,,,,,,332,2,2024-03-28_10h27.22.721,Symbol-E,2020.1.3,MacIntel,Firefox,Mozilla/5.0 (Macintosh; Intel Mac OS X 10.13; rv:109.0) Gecko/20100101 Firefox/115.0,60,,,,,,,,,,,,,,,,,,,,,,,,,,,,,,,,,,,,,,media/dinb.png,6,2,Symb,i,RT,0,0,0,1,8,0,35,0,1,11,99,i,0.724,6,1,i,1,0.724,35,0,35,0,1,,,,,,,,,,,,,
,,,,,,,,,,,,,,,,,332,2,2024-03-28_10h27.22.721,Symbol-E,2020.1.3,MacIntel,Firefox,Mozilla/5.0 (Macintosh; Intel Mac OS X 10.13; rv:109.0) Gecko/20100101 Firefox/115.0,60,,,,,,,,,,,,,,,,,,,,,,,,,,,,,,,,,,,,,,media/dnnb.png,7,3,Symb,l,RT,0,0,0,1,8,0,36,0,1,11,99,l,0.887,7,1,l,1,0.887,36,0,36,0,1,,,,,,,,,,,,,
,,,,,,,,,,,,,,,,,332,2,2024-03-28_10h27.22.721,Symbol-E,2020.1.3,MacIntel,Firefox,Mozilla/5.0 (Macintosh; Intel Mac OS X 10.13; rv:109.0) Gecko/20100101 Firefox/115.0,60,,,,,,,,,,,,,,,,,,,,,,,,,,,,,,,,,,,,,,media/dmnb.png,4,0,Symb,h,RT,0,0,0,1,8,0,37,0,1,11,99,h,0.905,4,1,h,1,0.905,37,0,37,0,1,,,,,,,,,,,,,
,,,,,,,,,,,,,,,,,332,2,2024-03-28_10h27.22.721,Symbol-E,2020.1.3,MacIntel,Firefox,Mozilla/5.0 (Macintosh; Intel Mac OS X 10.13; rv:109.0) Gecko/20100101 Firefox/115.0,60,,,,,,,,,,,,,,,,,,,,,,,,,,,,,,,,,,,,,,media/dcnb.png,0,0,Symb,a,RT,0,0,0,1,8,0,38,0,1,11,99,a,1.225,0,1,a,1,1.225,38,0,38,0,1,,,,,,,,,,,,,
,,,,,,,,,,,,,,,,,332,2,2024-03-28_10h27.22.721,Symbol-E,2020.1.3,MacIntel,Firefox,Mozilla/5.0 (Macintosh; Intel Mac OS X 10.13; rv:109.0) Gecko/20100101 Firefox/115.0,60,,,,,,,,,,,,,,,,,,,,,,,,,,,,,,,,,,,,,,media/djnb.png,1,1,Symb,w,RT,0,0,0,1,8,0,39,0,1,11,99,w,0.769,1,1,w,1,0.769,39,0,39,0,1,,,,,,,,,,,,,
,,,,,,,,,,,,,,,,,332,2,2024-03-28_10h27.22.721,Symbol-E,2020.1.3,MacIntel,Firefox,Mozilla/5.0 (Macintosh; Intel Mac OS X 10.13; rv:109.0) Gecko/20100101 Firefox/115.0,60,,,,,,,,,,,,,,,,,,,,,,,,,,,,,,,,,,,,,,media/dinb.png,6,2,Symb,i,RT,0,0,0,1,8,0,40,0,1,11,99,i,0.736,6,1,i,1,0.736,40,0,40,0,1,,,,,,,,,,,,,
,,,,,,,,,,,,,,,,,332,2,2024-03-28_10h27.22.721,Symbol-E,2020.1.3,MacIntel,Firefox,Mozilla/5.0 (Macintosh; Intel Mac OS X 10.13; rv:109.0) Gecko/20100101 Firefox/115.0,60,,,,,,,,,,,,,,,,,,,,,,,,,,,,,,,,,,,,,,media/ddnb.png,5,1,Symb,u,RT,0,0,0,1,8,0,41,0,1,11,99,u,0.836,5,1,u,1,0.836,41,0,41,0,1,,,,,,,,,,,,,
,,,,,,,,,,,,,,,,,332,2,2024-03-28_10h27.22.721,Symbol-E,2020.1.3,MacIntel,Firefox,Mozilla/5.0 (Macintosh; Intel Mac OS X 10.13; rv:109.0) Gecko/20100101 Firefox/115.0,60,,,,,,,,,,,,,,,,,,,,,,,,,,,,,,,,,,,,,,media/dnnb.png,7,3,Symb,l,RT,0,0,0,1,8,0,42,0,1,11,99,l,0.886,7,1,l,1,0.886,42,0,42,0,1,,,,,,,,,,,,,
,,,,,,,,,,,,,,,,,332,2,2024-03-28_10h27.22.721,Symbol-E,2020.1.3,MacIntel,Firefox,Mozilla/5.0 (Macintosh; Intel Mac OS X 10.13; rv:109.0) Gecko/20100101 Firefox/115.0,60,,,,,,,,,,,,,,,,,,,,,,,,,,,,,,,,,,,,,,media/dmnb.png,4,0,Symb,h,RT,0,0,0,1,8,0,43,0,1,11,99,h,1.385,4,1,h,1,1.385,43,0,43,0,1,,,,,,,,,,,,,
,,,,,,,,,,,,,,,,,332,2,2024-03-28_10h27.22.721,Symbol-E,2020.1.3,MacIntel,Firefox,Mozilla/5.0 (Macintosh; Intel Mac OS X 10.13; rv:109.0) Gecko/20100101 Firefox/115.0,60,,,,,,,,,,,,,,,,,,,,,,,,,,,,,,,,,,,,,,media/dcnb.png,0,0,Symb,a,RT,0,0,0,1,8,0,44,0,1,11,99,a,1.103,0,1,a,1,1.103,44,0,44,0,1,,,,,,,,,,,,,
,,,,,,,,,,,,,,,,,332,2,2024-03-28_10h27.22.721,Symbol-E,2020.1.3,MacIntel,Firefox,Mozilla/5.0 (Macintosh; Intel Mac OS X 10.13; rv:109.0) Gecko/20100101 Firefox/115.0,60,,,,,,,,,,,,,,,,,,,,,,,,,,,,,,,,,,,,,,media/djnb.png,1,1,Symb,w,RT,0,0,0,1,8,0,45,0,1,11,99,w,0.77,1,1,w,1,0.77,45,0,45,0,1,,,,,,,,,,,,,
,,,,,,,,,,,,,,,,,332,2,2024-03-28_10h27.22.721,Symbol-E,2020.1.3,MacIntel,Firefox,Mozilla/5.0 (Macintosh; Intel Mac OS X 10.13; rv:109.0) Gecko/20100101 Firefox/115.0,60,,,,,,,,,,,,,,,,,,,,,,,,,,,,,,,,,,,,,,media/dgnb.png,2,2,Symb,e,RT,0,0,0,1,8,0,46,0,1,11,99,e,0.852,2,1,e,1,0.852,46,0,46,0,1,,,,,,,,,,,,,
,,,,,,,,,,,,,,,,,332,2,2024-03-28_10h27.22.721,Symbol-E,2020.1.3,MacIntel,Firefox,Mozilla/5.0 (Macintosh; Intel Mac OS X 10.13; rv:109.0) Gecko/20100101 Firefox/115.0,60,,,,,,,,,,,,,,,,,,,,,,,,,,,,,,,,,,,,,,media/ddnb.png,5,1,Symb,u,RT,0,0,0,1,8,0,47,0,1,11,99,u,0.919,5,1,u,1,0.919,47,0,47,0,1,,,,,,,,,,,,,
,,,,,,,,,,,,,,,,,332,2,2024-03-28_10h27.22.721,Symbol-E,2020.1.3,MacIntel,Firefox,Mozilla/5.0 (Macintosh; Intel Mac OS X 10.13; rv:109.0) Gecko/20100101 Firefox/115.0,60,,,,,,,,,,,,,,,,,,,,,,,,,,,,,,,,,,,,,,media/djnb.png,1,1,Symb,w,RT,0,0,0,1,8,0,48,0,1,11,99,w,0.837,1,1,w,1,0.837,48,0,48,0,1,,,,,,,,,,,,,
,,,,,,,,,,,,,,,,,332,2,2024-03-28_10h27.22.721,Symbol-E,2020.1.3,MacIntel,Firefox,Mozilla/5.0 (Macintosh; Intel Mac OS X 10.13; rv:109.0) Gecko/20100101 Firefox/115.0,60,,,,,,,,,,,,,,,,,,,,,,,,,,,,,,,,,,,,,,media/dcnb.png,0,0,Symb,a,RT,0,0,0,1,8,0,49,0,1,11,99,a,1.823,0,1,a,1,1.823,49,0,49,0,1,,,,,,,,,,,,,
,,,,,,,,,,,,,,,,,332,2,2024-03-28_10h27.22.721,Symbol-E,2020.1.3,MacIntel,Firefox,Mozilla/5.0 (Macintosh; Intel Mac OS X 10.13; rv:109.0) Gecko/20100101 Firefox/115.0,60,,,,,,,,,,,,,,,,,,,,,,,,,,,,,,,,,,,,,,media/dgnb.png,2,2,Symb,e,RT,0,0,0,1,8,0,50,0,1,11,99,e,0.852,2,1,e,1,0.852,50,0,50,0,1,,,,,,,,,,,,,
,,,,,,,,,,,,,,,,,332,2,2024-03-28_10h27.22.721,Symbol-E,2020.1.3,MacIntel,Firefox,Mozilla/5.0 (Macintosh; Intel Mac OS X 10.13; rv:109.0) Gecko/20100101 Firefox/115.0,60,,,,,,,,,,,,,,,,,,,,,,,,,,,,,,,,,,,,,,media/dmnb.png,4,0,Symb,h,RT,0,0,0,1,8,0,51,0,1,11,99,h,3.674,4,1,h,1,3.674,51,0,51,0,1,,,,,,,,,,,,,
,,,,,,,,,,,,,,,,,332,2,2024-03-28_10h27.22.721,Symbol-E,2020.1.3,MacIntel,Firefox,Mozilla/5.0 (Macintosh; Intel Mac OS X 10.13; rv:109.0) Gecko/20100101 Firefox/115.0,60,,,,,,,,,,,,,,,,,,,,,,,,,,,,,,,,,,,,,,media/dfnb.png,3,3,Symb,f,RT,0,0,0,1,8,0,52,0,1,11,99,f,0.987,3,1,f,1,0.987,52,0,52,0,1,,,,,,,,,,,,,
,,,,,,,,,,,,,,,,,332,2,2024-03-28_10h27.22.721,Symbol-E,2020.1.3,MacIntel,Firefox,Mozilla/5.0 (Macintosh; Intel Mac OS X 10.13; rv:109.0) Gecko/20100101 Firefox/115.0,60,,,,,,,,,,,,,,,,,,,,,,,,,,,,,,,,,,,,,,media/ddnb.png,5,1,Symb,u,RT,0,0,0,1,8,0,53,0,1,11,99,u,0.819,5,1,u,1,0.819,53,0,53,0,1,,,,,,,,,,,,,
,,,,,,,,,,,,,,,,,332,2,2024-03-28_10h27.22.721,Symbol-E,2020.1.3,MacIntel,Firefox,Mozilla/5.0 (Macintosh; Intel Mac OS X 10.13; rv:109.0) Gecko/20100101 Firefox/115.0,60,,,,,,,,,,,,,,,,,,,,,,,,,,,,,,,,,,,,,,media/dinb.png,6,2,Symb,i,RT,0,0,0,1,8,0,54,0,1,11,99,i,0.739,6,1,i,1,0.739,54,0,54,0,1,,,,,,,,,,,,,
,,,,,,,,,,,,,,,,,332,2,2024-03-28_10h27.22.721,Symbol-E,2020.1.3,MacIntel,Firefox,Mozilla/5.0 (Macintosh; Intel Mac OS X 10.13; rv:109.0) Gecko/20100101 Firefox/115.0,60,,,,,,,,,,,,,,,,,,,,,,,,,,,,,,,,,,,,,,media/dgnb.png,2,2,Symb,e,RT,0,0,0,1,8,0,55,0,1,11,99,e,1.655,2,1,e,1,1.655,55,0,55,0,1,,,,,,,,,,,,,
,,,,,,,,,,,,,,,,,332,2,2024-03-28_10h27.22.721,Symbol-E,2020.1.3,MacIntel,Firefox,Mozilla/5.0 (Macintosh; Intel Mac OS X 10.13; rv:109.0) Gecko/20100101 Firefox/115.0,60,,,,,,,,,,,,,,,,,,,,,,,,,,,,,,,,,,,,,,media/dnnb.png,7,3,Symb,l,RT,0,0,0,1,8,0,56,0,1,11,99,l,1.658,7,1,l,1,1.658,56,0,56,0,1,,,,,,,,,,,,,
,,,,,,,,,,,,,,,,,332,2,2024-03-28_10h27.22.721,Symbol-E,2020.1.3,MacIntel,Firefox,Mozilla/5.0 (Macintosh; Intel Mac OS X 10.13; rv:109.0) Gecko/20100101 Firefox/115.0,60,,,,,,,,,,,,,,,,,,,,,,,,,,,,,,,,,,,,,,media/dmnb.png,4,0,Symb,h,RT,0,0,0,1,8,0,57,0,1,11,99,h,0.837,4,1,h,1,0.837,57,0,57,0,1,,,,,,,,,,,,,
,,,,,,,,,,,,,,,,,332,2,2024-03-28_10h27.22.721,Symbol-E,2020.1.3,MacIntel,Firefox,Mozilla/5.0 (Macintosh; Intel Mac OS X 10.13; rv:109.0) Gecko/20100101 Firefox/115.0,60,,,,,,,,,,,,,,,,,,,,,,,,,,,,,,,,,,,,,,media/dcnb.png,0,0,Symb,a,RT,0,0,0,1,8,0,58,0,1,11,99,a,1.071,0,1,a,1,1.071,58,0,58,0,1,,,,,,,,,,,,,
,,,,,,,,,,,,,,,,,332,2,2024-03-28_10h27.22.721,Symbol-E,2020.1.3,MacIntel,Firefox,Mozilla/5.0 (Macintosh; Intel Mac OS X 10.13; rv:109.0) Gecko/20100101 Firefox/115.0,60,,,,,,,,,,,,,,,,,,,,,,,,,,,,,,,,,,,,,,media/dinb.png,6,2,Symb,i,RT,0,0,0,1,8,0,59,0,1,11,99,i,0.871,6,1,i,1,0.871,59,0,59,0,1,,,,,,,,,,,,,
,,,,,,,,,,,,,,,,,332,2,2024-03-28_10h27.22.721,Symbol-E,2020.1.3,MacIntel,Firefox,Mozilla/5.0 (Macintosh; Intel Mac OS X 10.13; rv:109.0) Gecko/20100101 Firefox/115.0,60,,,,,,,,,,,,,,,,,,,,,,,,,,,,,,,,,,,,,,media/dnnb.png,7,3,Symb,l,RT,0,0,0,1,8,0,60,0,1,11,99,l,11.189,7,1,l,1,11.189,60,0,60,0,1,,,,,,,,,,,,,
,,,,,,,,,,,,,,,,,332,2,2024-03-28_10h27.22.721,Symbol-E,2020.1.3,MacIntel,Firefox,Mozilla/5.0 (Macintosh; Intel Mac OS X 10.13; rv:109.0) Gecko/20100101 Firefox/115.0,60,,,,,,,,,,,,,,,,,,,,,,,,,,,,,,,,,,,,,,media/ddnb.png,5,1,Symb,u,RT,0,0,0,1,8,0,61,0,1,11,99,u,1.003,5,1,u,1,1.003,61,0,61,0,1,,,,,,,,,,,,,
,,,,,,,,,,,,,,,,,332,2,2024-03-28_10h27.22.721,Symbol-E,2020.1.3,MacIntel,Firefox,Mozilla/5.0 (Macintosh; Intel Mac OS X 10.13; rv:109.0) Gecko/20100101 Firefox/115.0,60,,,,,,,,,,,,,,,,,,,,,,,,,,,,,,,,,,,,,,media/djnb.png,1,1,Symb,w,RT,0,0,0,1,8,0,62,0,1,11,99,w,1.053,1,1,w,1,1.053,62,0,62,0,1,,,,,,,,,,,,,
,,,,,,,,,,,,,,,,,332,2,2024-03-28_10h27.22.721,Symbol-E,2020.1.3,MacIntel,Firefox,Mozilla/5.0 (Macintosh; Intel Mac OS X 10.13; rv:109.0) Gecko/20100101 Firefox/115.0,60,,,,,,,,,,,,,,,,,,,,,,,,,,,,,,,,,,,,,,media/dfnb.png,3,3,Symb,f,RT,0,0,0,1,8,0,63,0,1,11,99,f,2.824,3,1,f,1,2.824,63,0,63,0,1,,,,,,,,,,,,,
,,,,,,,,,,,,,,,,,332,2,2024-03-28_10h27.22.721,Symbol-E,2020.1.3,MacIntel,Firefox,Mozilla/5.0 (Macintosh; Intel Mac OS X 10.13; rv:109.0) Gecko/20100101 Firefox/115.0,60,,,,,,,,,,,,,,,,,,,,,,,,,,,,,,,,,,,,,,media/dnnb.png,7,3,Symb,l,RT,0,0,0,1,8,0,64,0,1,11,99,h,1.956,4,0,h,0,1.956,64,0,64,0,1,,,,,,,,,,,,,
,,,,,,,,,,,,,,,,,332,2,2024-03-28_10h27.22.721,Symbol-E,2020.1.3,MacIntel,Firefox,Mozilla/5.0 (Macintosh; Intel Mac OS X 10.13; rv:109.0) Gecko/20100101 Firefox/115.0,60,,,,,,,,,,,,,,,,,,,,,,,,,,,,,,,,,,,,,,media/dgnb.png,2,2,Symb,e,RT,0,0,0,1,8,0,65,0,1,11,99,e,0.97,2,1,e,1,0.97,65,0,65,0,1,,,,,,,,,,,,,
,,,,,,,,,,,,,,,,,332,2,2024-03-28_10h27.22.721,Symbol-E,2020.1.3,MacIntel,Firefox,Mozilla/5.0 (Macintosh; Intel Mac OS X 10.13; rv:109.0) Gecko/20100101 Firefox/115.0,60,,,,,,,,,,,,,,,,,,,,,,,,,,,,,,,,,,,,,,media/dmnb.png,4,0,Symb,h,RT,0,0,0,1,8,0,66,0,1,11,99,f,1.07,3,0,f,0,1.07,66,0,66,0,1,,,,,,,,,,,,,
,,,,,,,,,,,,,,,,,332,2,2024-03-28_10h27.22.721,Symbol-E,2020.1.3,MacIntel,Firefox,Mozilla/5.0 (Macintosh; Intel Mac OS X 10.13; rv:109.0) Gecko/20100101 Firefox/115.0,60,,,,,,,,,,,,,,,,,,,,,,,,,,,,,,,,,,,,,,media/dfnb.png,3,3,Symb,f,RT,0,0,0,1,8,0,67,0,1,11,99,f,1.086,3,1,f,1,1.086,67,0,67,0,1,,,,,,,,,,,,,
,,,,,,,,,,,,,,,,,332,2,2024-03-28_10h27.22.721,Symbol-E,2020.1.3,MacIntel,Firefox,Mozilla/5.0 (Macintosh; Intel Mac OS X 10.13; rv:109.0) Gecko/20100101 Firefox/115.0,60,,,,,,,,,,,,,,,,,,,,,,,,,,,,,,,,,,,,,,media/djnb.png,1,1,Symb,w,RT,0,0,0,1,8,0,68,0,1,11,99,w,0.903,1,1,w,1,0.903,68,0,68,0,1,,,,,,,,,,,,,
,,,,,,,,,,,,,,,,,332,2,2024-03-28_10h27.22.721,Symbol-E,2020.1.3,MacIntel,Firefox,Mozilla/5.0 (Macintosh; Intel Mac OS X 10.13; rv:109.0) Gecko/20100101 Firefox/115.0,60,,,,,,,,,,,,,,,,,,,,,,,,,,,,,,,,,,,,,,media/ddnb.png,5,1,Symb,u,RT,0,0,0,1,8,0,69,0,1,11,99,u,0.952,5,1,u,1,0.952,69,0,69,0,1,,,,,,,,,,,,,
,,,,,,,,,,,,,,,,,332,2,2024-03-28_10h27.22.721,Symbol-E,2020.1.3,MacIntel,Firefox,Mozilla/5.0 (Macintosh; Intel Mac OS X 10.13; rv:109.0) Gecko/20100101 Firefox/115.0,60,,,,,,,,,,,,,,,,,,,,,,,,,,,,,,,,,,,,,,media/djnb.png,1,1,Symb,w,RT,0,0,0,1,8,0,70,0,1,11,99,w,0.869,1,1,w,1,0.869,70,0,70,0,1,,,,,,,,,,,,,
,,,,,,,,,,,,,,,,,332,2,2024-03-28_10h27.22.721,Symbol-E,2020.1.3,MacIntel,Firefox,Mozilla/5.0 (Macintosh; Intel Mac OS X 10.13; rv:109.0) Gecko/20100101 Firefox/115.0,60,,,,,,,,,,,,,,,,,,,,,,,,,,,,,,,,,,,,,,media/dcnb.png,0,0,Symb,a,RT,0,0,0,1,8,0,71,0,1,11,99,a,0.952,0,1,a,1,0.952,71,0,71,0,1,,,,,,,,,,,,,
,,,,,,,,,,,,,,,,,332,2,2024-03-28_10h27.22.721,Symbol-E,2020.1.3,MacIntel,Firefox,Mozilla/5.0 (Macintosh; Intel Mac OS X 10.13; rv:109.0) Gecko/20100101 Firefox/115.0,60,,,,,,,,,,,,,,,,,,,,,,,,,,,,,,,,,,,,,,media/dcnb.png,0,0,Symb,a,RT,0,0,0,1,8,0,72,0,1,11,99,a,0.504,0,1,a,1,0.504,72,0,72,0,1,,,,,,,,,,,,,
,,,,,,,,,,,,,,,,,332,2,2024-03-28_10h27.22.721,Symbol-E,2020.1.3,MacIntel,Firefox,Mozilla/5.0 (Macintosh; Intel Mac OS X 10.13; rv:109.0) Gecko/20100101 Firefox/115.0,60,,,,,,,,,,,,,,,,,,,,,,,,,,,,,,,,,,,,,,media/dinb.png,6,2,Symb,i,RT,0,0,0,1,8,0,73,0,1,11,99,i,0.869,6,1,i,1,0.869,73,0,73,0,1,,,,,,,,,,,,,
,,,,,,,,,,,,,,,,,332,2,2024-03-28_10h27.22.721,Symbol-E,2020.1.3,MacIntel,Firefox,Mozilla/5.0 (Macintosh; Intel Mac OS X 10.13; rv:109.0) Gecko/20100101 Firefox/115.0,60,,,,,,,,,,,,,,,,,,,,,,,,,,,,,,,,,,,,,,media/dnnb.png,7,3,Symb,l,RT,0,0,0,1,8,0,74,0,1,11,99,l,0.938,7,1,l,1,0.938,74,0,74,0,1,,,,,,,,,,,,,
,,,,,,,,,,,,,,,,,332,2,2024-03-28_10h27.22.721,Symbol-E,2020.1.3,MacIntel,Firefox,Mozilla/5.0 (Macintosh; Intel Mac OS X 10.13; rv:109.0) Gecko/20100101 Firefox/115.0,60,,,,,,,,,,,,,,,,,,,,,,,,,,,,,,,,,,,,,,media/dinb.png,6,2,Symb,i,RT,0,0,0,1,8,0,75,0,1,11,99,i,0.786,6,1,i,1,0.786,75,0,75,0,1,,,,,,,,,,,,,
,,,,,,,,,,,,,,,,,332,2,2024-03-28_10h27.22.721,Symbol-E,2020.1.3,MacIntel,Firefox,Mozilla/5.0 (Macintosh; Intel Mac OS X 10.13; rv:109.0) Gecko/20100101 Firefox/115.0,60,,,,,,,,,,,,,,,,,,,,,,,,,,,,,,,,,,,,,,media/dmnb.png,4,0,Symb,h,RT,0,0,0,1,8,0,76,0,1,11,99,w,1.088,1,0,w,0,1.088,76,0,76,0,1,,,,,,,,,,,,,
,,,,,,,,,,,,,,,,,332,2,2024-03-28_10h27.22.721,Symbol-E,2020.1.3,MacIntel,Firefox,Mozilla/5.0 (Macintosh; Intel Mac OS X 10.13; rv:109.0) Gecko/20100101 Firefox/115.0,60,,,,,,,,,,,,,,,,,,,,,,,,,,,,,,,,,,,,,,media/dgnb.png,2,2,Symb,e,RT,0,0,0,1,8,0,77,0,1,11,99,e,0.973,2,1,e,1,0.973,77,0,77,0,1,,,,,,,,,,,,,
,,,,,,,,,,,,,,,,,332,2,2024-03-28_10h27.22.721,Symbol-E,2020.1.3,MacIntel,Firefox,Mozilla/5.0 (Macintosh; Intel Mac OS X 10.13; rv:109.0) Gecko/20100101 Firefox/115.0,60,,,,,,,,,,,,,,,,,,,,,,,,,,,,,,,,,,,,,,media/ddnb.png,5,1,Symb,u,RT,0,0,0,1,8,0,78,0,1,11,99,u,0.872,5,1,u,1,0.872,78,0,78,0,1,,,,,,,,,,,,,
,,,,,,,,,,,,,,,,,332,2,2024-03-28_10h27.22.721,Symbol-E,2020.1.3,MacIntel,Firefox,Mozilla/5.0 (Macintosh; Intel Mac OS X 10.13; rv:109.0) Gecko/20100101 Firefox/115.0,60,,,,,,,,,,,,,,,,,,,,,,,,,,,,,,,,,,,,,,media/dfnb.png,3,3,Symb,f,RT,0,0,0,1,8,0,79,0,1,11,99,f,0.904,3,1,f,1,0.904,79,0,79,0,1,,,,,,,,,,,,,
,,,,,,,,,,,,,,,,,332,2,2024-03-28_10h27.22.721,Symbol-E,2020.1.3,MacIntel,Firefox,Mozilla/5.0 (Macintosh; Intel Mac OS X 10.13; rv:109.0) Gecko/20100101 Firefox/115.0,60,,,,,,,,,,,,,,,,,,,,,,,,,,,,,,,,,,,,,,media/dnnb.png,7,3,Symb,l,RT,0,0,0,1,8,0,80,0,1,11,99,u,0.922,5,0,u,0,0.922,80,0,80,0,1,,,,,,,,,,,,,
,,,,,,,,,,,,,,,,,332,2,2024-03-28_10h27.22.721,Symbol-E,2020.1.3,MacIntel,Firefox,Mozilla/5.0 (Macintosh; Intel Mac OS X 10.13; rv:109.0) Gecko/20100101 Firefox/115.0,60,,,,,,,,,,,,,,,,,,,,,,,,,,,,,,,,,,,,,,media/ddnb.png,5,1,Symb,u,RT,0,0,0,1,8,0,81,0,1,11,99,u,1.09,5,1,u,1,1.09,81,0,81,0,1,,,,,,,,,,,,,
,,,,,,,,,,,,,,,,,332,2,2024-03-28_10h27.22.721,Symbol-E,2020.1.3,MacIntel,Firefox,Mozilla/5.0 (Macintosh; Intel Mac OS X 10.13; rv:109.0) Gecko/20100101 Firefox/115.0,60,,,,,,,,,,,,,,,,,,,,,,,,,,,,,,,,,,,,,,media/dnnb.png,7,3,Symb,l,RT,0,0,0,1,8,0,82,0,1,11,99,l,1.036,7,1,l,1,1.036,82,0,82,0,1,,,,,,,,,,,,,
,,,,,,,,,,,,,,,,,332,2,2024-03-28_10h27.22.721,Symbol-E,2020.1.3,MacIntel,Firefox,Mozilla/5.0 (Macintosh; Intel Mac OS X 10.13; rv:109.0) Gecko/20100101 Firefox/115.0,60,,,,,,,,,,,,,,,,,,,,,,,,,,,,,,,,,,,,,,media/djnb.png,1,1,Symb,w,RT,0,0,0,1,8,0,83,0,1,11,99,w,0.801,1,1,w,1,0.801,83,0,83,0,1,,,,,,,,,,,,,
,,,,,,,,,,,,,,,,,332,2,2024-03-28_10h27.22.721,Symbol-E,2020.1.3,MacIntel,Firefox,Mozilla/5.0 (Macintosh; Intel Mac OS X 10.13; rv:109.0) Gecko/20100101 Firefox/115.0,60,,,,,,,,,,,,,,,,,,,,,,,,,,,,,,,,,,,,,,media/dfnb.png,3,3,Symb,f,RT,0,0,0,1,8,0,84,0,1,11,99,f,0.989,3,1,f,1,0.989,84,0,84,0,1,,,,,,,,,,,,,
,,,,,,,,,,,,,,,,,332,2,2024-03-28_10h27.22.721,Symbol-E,2020.1.3,MacIntel,Firefox,Mozilla/5.0 (Macintosh; Intel Mac OS X 10.13; rv:109.0) Gecko/20100101 Firefox/115.0,60,,,,,,,,,,,,,,,,,,,,,,,,,,,,,,,,,,,,,,media/dcnb.png,0,0,Symb,a,RT,0,0,0,1,8,0,85,0,1,11,99,a,1.022,0,1,a,1,1.022,85,0,85,0,1,,,,,,,,,,,,,
,,,,,,,,,,,,,,,,,332,2,2024-03-28_10h27.22.721,Symbol-E,2020.1.3,MacIntel,Firefox,Mozilla/5.0 (Macintosh; Intel Mac OS X 10.13; rv:109.0) Gecko/20100101 Firefox/115.0,60,,,,,,,,,,,,,,,,,,,,,,,,,,,,,,,,,,,,,,media/dmnb.png,4,0,Symb,h,RT,0,0,0,1,8,0,86,0,1,11,99,h,1.84,4,1,h,1,1.84,86,0,86,0,1,,,,,,,,,,,,,
,,,,,,,,,,,,,,,,,332,2,2024-03-28_10h27.22.721,Symbol-E,2020.1.3,MacIntel,Firefox,Mozilla/5.0 (Macintosh; Intel Mac OS X 10.13; rv:109.0) Gecko/20100101 Firefox/115.0,60,,,,,,,,,,,,,,,,,,,,,,,,,,,,,,,,,,,,,,media/dfnb.png,3,3,Symb,f,RT,0,0,0,1,8,0,87,0,1,11,99,f,0.956,3,1,f,1,0.956,87,0,87,0,1,,,,,,,,,,,,,
,,,,,,,,,,,,,,,,,332,2,2024-03-28_10h27.22.721,Symbol-E,2020.1.3,MacIntel,Firefox,Mozilla/5.0 (Macintosh; Intel Mac OS X 10.13; rv:109.0) Gecko/20100101 Firefox/115.0,60,,,,,,,,,,,,,,,,,,,,,,,,,,,,,,,,,,,,,,media/djnb.png,1,1,Symb,w,RT,0,0,0,1,8,0,88,0,1,11,99,w,0.807,1,1,w,1,0.807,88,0,88,0,1,,,,,,,,,,,,,
,,,,,,,,,,,,,,,,,332,2,2024-03-28_10h27.22.721,Symbol-E,2020.1.3,MacIntel,Firefox,Mozilla/5.0 (Macintosh; Intel Mac OS X 10.13; rv:109.0) Gecko/20100101 Firefox/115.0,60,,,,,,,,,,,,,,,,,,,,,,,,,,,,,,,,,,,,,,media/dinb.png,6,2,Symb,i,RT,0,0,0,1,8,0,89,0,1,11,99,i,0.769,6,1,i,1,0.769,89,0,89,0,1,,,,,,,,,,,,,
,,,,,,,,,,,,,,,,,332,2,2024-03-28_10h27.22.721,Symbol-E,2020.1.3,MacIntel,Firefox,Mozilla/5.0 (Macintosh; Intel Mac OS X 10.13; rv:109.0) Gecko/20100101 Firefox/115.0,60,,,,,,,,,,,,,,,,,,,,,,,,,,,,,,,,,,,,,,media/ddnb.png,5,1,Symb,u,RT,0,0,0,1,8,0,90,0,1,11,99,u,0.82,5,1,u,1,0.82,90,0,90,0,1,,,,,,,,,,,,,
,,,,,,,,,,,,,,,,,332,2,2024-03-28_10h27.22.721,Symbol-E,2020.1.3,MacIntel,Firefox,Mozilla/5.0 (Macintosh; Intel Mac OS X 10.13; rv:109.0) Gecko/20100101 Firefox/115.0,60,,,,,,,,,,,,,,,,,,,,,,,,,,,,,,,,,,,,,,media/dcnb.png,0,0,Symb,a,RT,0,0,0,1,8,0,91,0,1,11,99,a,0.873,0,1,a,1,0.873,91,0,91,0,1,,,,,,,,,,,,,
,,,,,,,,,,,,,,,,,332,2,2024-03-28_10h27.22.721,Symbol-E,2020.1.3,MacIntel,Firefox,Mozilla/5.0 (Macintosh; Intel Mac OS X 10.13; rv:109.0) Gecko/20100101 Firefox/115.0,60,,,,,,,,,,,,,,,,,,,,,,,,,,,,,,,,,,,,,,media/dgnb.png,2,2,Symb,e,RT,0,0,0,1,8,0,92,0,1,11,99,e,1.054,2,1,e,1,1.054,92,0,92,0,1,,,,,,,,,,,,,
,,,,,,,,,,,,,,,,,332,2,2024-03-28_10h27.22.721,Symbol-E,2020.1.3,MacIntel,Firefox,Mozilla/5.0 (Macintosh; Intel Mac OS X 10.13; rv:109.0) Gecko/20100101 Firefox/115.0,60,,,,,,,,,,,,,,,,,,,,,,,,,,,,,,,,,,,,,,media/dmnb.png,4,0,Symb,h,RT,0,0,0,1,8,0,93,0,1,11,99,h,0.785,4,1,h,1,0.785,93,0,93,0,1,,,,,,,,,,,,,
,,,,,,,,,,,,,,,,,332,2,2024-03-28_10h27.22.721,Symbol-E,2020.1.3,MacIntel,Firefox,Mozilla/5.0 (Macintosh; Intel Mac OS X 10.13; rv:109.0) Gecko/20100101 Firefox/115.0,60,,,,,,,,,,,,,,,,,,,,,,,,,,,,,,,,,,,,,,media/dinb.png,6,2,Symb,i,RT,0,0,0,1,8,0,94,0,1,11,99,i,0.769,6,1,i,1,0.769,94,0,94,0,1,,,,,,,,,,,,,
,,,,,,,,,,,,,,,,,332,2,2024-03-28_10h27.22.721,Symbol-E,2020.1.3,MacIntel,Firefox,Mozilla/5.0 (Macintosh; Intel Mac OS X 10.13; rv:109.0) Gecko/20100101 Firefox/115.0,60,,,,,,,,,,,,,,,,,,,,,,,,,,,,,,,,,,,,,,media/dgnb.png,2,2,Symb,e,RT,0,0,0,1,8,0,95,0,1,11,99,e,0.954,2,1,e,1,0.954,95,0,95,0,1,,,,,,,,,,,,,
,,,,,,,,,,,,,,,,,332,2,2024-03-28_10h27.22.721,Symbol-E,2020.1.3,MacIntel,Firefox,Mozilla/5.0 (Macintosh; Intel Mac OS X 10.13; rv:109.0) Gecko/20100101 Firefox/115.0,60,,,,,,,,,,,,,,,,,,,,,,,,,,,,,,,,,,,,,,,,,,,,,,,,,,,,,,,,,,,,,,,,,,,10,0,10,0,1,,,,,,,,
,,,,,,,,,,,,,,,,,332,2,2024-03-28_10h27.22.721,Symbol-E,2020.1.3,MacIntel,Firefox,Mozilla/5.0 (Macintosh; Intel Mac OS X 10.13; rv:109.0) Gecko/20100101 Firefox/115.0,60,,,,,,,,,,,,,,,,,,,,,,,,,,,,,,,,,,,,h,0.166,media/dfnb.png,3,3,Symb,f,RT,0,0,0,1,8,0,0,0,1,12,99,f,1.005,3,1,f,1,1.005,0,0,0,0,1,,,,,,,,,,,,,
,,,,,,,,,,,,,,,,,332,2,2024-03-28_10h27.22.721,Symbol-E,2020.1.3,MacIntel,Firefox,Mozilla/5.0 (Macintosh; Intel Mac OS X 10.13; rv:109.0) Gecko/20100101 Firefox/115.0,60,,,,,,,,,,,,,,,,,,,,,,,,,,,,,,,,,,,,,,media/dnnb.png,7,3,Symb,l,RT,0,0,0,1,8,0,1,0,1,12,99,h,1.123,4,0,h,0,1.123,1,0,1,0,1,,,,,,,,,,,,,
,,,,,,,,,,,,,,,,,332,2,2024-03-28_10h27.22.721,Symbol-E,2020.1.3,MacIntel,Firefox,Mozilla/5.0 (Macintosh; Intel Mac OS X 10.13; rv:109.0) Gecko/20100101 Firefox/115.0,60,,,,,,,,,,,,,,,,,,,,,,,,,,,,,,,,,,,,,,media/dcnb.png,0,0,Symb,a,RT,0,0,0,1,8,0,2,0,1,12,99,a,0.835,0,1,a,1,0.835,2,0,2,0,1,,,,,,,,,,,,,
,,,,,,,,,,,,,,,,,332,2,2024-03-28_10h27.22.721,Symbol-E,2020.1.3,MacIntel,Firefox,Mozilla/5.0 (Macintosh; Intel Mac OS X 10.13; rv:109.0) Gecko/20100101 Firefox/115.0,60,,,,,,,,,,,,,,,,,,,,,,,,,,,,,,,,,,,,,,media/djnb.png,1,1,Symb,w,RT,0,0,0,1,8,0,3,0,1,12,99,w,0.719,1,1,w,1,0.719,3,0,3,0,1,,,,,,,,,,,,,
,,,,,,,,,,,,,,,,,332,2,2024-03-28_10h27.22.721,Symbol-E,2020.1.3,MacIntel,Firefox,Mozilla/5.0 (Macintosh; Intel Mac OS X 10.13; rv:109.0) Gecko/20100101 Firefox/115.0,60,,,,,,,,,,,,,,,,,,,,,,,,,,,,,,,,,,,,,,media/dnnb.png,7,3,Symb,l,RT,0,0,0,1,8,0,4,0,1,12,99,l,1.154,7,1,l,1,1.154,4,0,4,0,1,,,,,,,,,,,,,
,,,,,,,,,,,,,,,,,332,2,2024-03-28_10h27.22.721,Symbol-E,2020.1.3,MacIntel,Firefox,Mozilla/5.0 (Macintosh; Intel Mac OS X 10.13; rv:109.0) Gecko/20100101 Firefox/115.0,60,,,,,,,,,,,,,,,,,,,,,,,,,,,,,,,,,,,,,,media/djnb.png,1,1,Symb,w,RT,0,0,0,1,8,0,5,0,1,12,99,w,0.705,1,1,w,1,0.705,5,0,5,0,1,,,,,,,,,,,,,
,,,,,,,,,,,,,,,,,332,2,2024-03-28_10h27.22.721,Symbol-E,2020.1.3,MacIntel,Firefox,Mozilla/5.0 (Macintosh; Intel Mac OS X 10.13; rv:109.0) Gecko/20100101 Firefox/115.0,60,,,,,,,,,,,,,,,,,,,,,,,,,,,,,,,,,,,,,,media/dgnb.png,2,2,Symb,e,RT,0,0,0,1,8,0,6,0,1,12,99,e,0.736,2,1,e,1,0.736,6,0,6,0,1,,,,,,,,,,,,,
,,,,,,,,,,,,,,,,,332,2,2024-03-28_10h27.22.721,Symbol-E,2020.1.3,MacIntel,Firefox,Mozilla/5.0 (Macintosh; Intel Mac OS X 10.13; rv:109.0) Gecko/20100101 Firefox/115.0,60,,,,,,,,,,,,,,,,,,,,,,,,,,,,,,,,,,,,,,media/dmnb.png,4,0,Symb,h,RT,0,0,0,1,8,0,7,0,1,12,99,h,1.455,4,1,h,1,1.455,7,0,7,0,1,,,,,,,,,,,,,
,,,,,,,,,,,,,,,,,332,2,2024-03-28_10h27.22.721,Symbol-E,2020.1.3,MacIntel,Firefox,Mozilla/5.0 (Macintosh; Intel Mac OS X 10.13; rv:109.0) Gecko/20100101 Firefox/115.0,60,,,,,,,,,,,,,,,,,,,,,,,,,,,,,,,,,,,,,,media/ddnb.png,5,1,Symb,u,RT,0,0,0,1,8,0,8,0,1,12,99,u,0.905,5,1,u,1,0.905,8,0,8,0,1,,,,,,,,,,,,,
,,,,,,,,,,,,,,,,,332,2,2024-03-28_10h27.22.721,Symbol-E,2020.1.3,MacIntel,Firefox,Mozilla/5.0 (Macintosh; Intel Mac OS X 10.13; rv:109.0) Gecko/20100101 Firefox/115.0,60,,,,,,,,,,,,,,,,,,,,,,,,,,,,,,,,,,,,,,media/dgnb.png,2,2,Symb,e,RT,0,0,0,1,8,0,9,0,1,12,99,e,0.721,2,1,e,1,0.721,9,0,9,0,1,,,,,,,,,,,,,
,,,,,,,,,,,,,,,,,332,2,2024-03-28_10h27.22.721,Symbol-E,2020.1.3,MacIntel,Firefox,Mozilla/5.0 (Macintosh; Intel Mac OS X 10.13; rv:109.0) Gecko/20100101 Firefox/115.0,60,,,,,,,,,,,,,,,,,,,,,,,,,,,,,,,,,,,,,,media/dmnb.png,4,0,Symb,h,RT,0,0,0,1,8,0,10,0,1,12,99,f,1.004,3,0,f,0,1.004,10,0,10,0,1,,,,,,,,,,,,,
,,,,,,,,,,,,,,,,,332,2,2024-03-28_10h27.22.721,Symbol-E,2020.1.3,MacIntel,Firefox,Mozilla/5.0 (Macintosh; Intel Mac OS X 10.13; rv:109.0) Gecko/20100101 Firefox/115.0,60,,,,,,,,,,,,,,,,,,,,,,,,,,,,,,,,,,,,,,media/dinb.png,6,2,Symb,i,RT,0,0,0,1,8,0,11,0,1,12,99,i,0.82,6,1,i,1,0.82,11,0,11,0,1,,,,,,,,,,,,,
,,,,,,,,,,,,,,,,,332,2,2024-03-28_10h27.22.721,Symbol-E,2020.1.3,MacIntel,Firefox,Mozilla/5.0 (Macintosh; Intel Mac OS X 10.13; rv:109.0) Gecko/20100101 Firefox/115.0,60,,,,,,,,,,,,,,,,,,,,,,,,,,,,,,,,,,,,,,media/ddnb.png,5,1,Symb,u,RT,0,0,0,1,8,0,12,0,1,12,99,u,0.807,5,1,u,1,0.807,12,0,12,0,1,,,,,,,,,,,,,
,,,,,,,,,,,,,,,,,332,2,2024-03-28_10h27.22.721,Symbol-E,2020.1.3,MacIntel,Firefox,Mozilla/5.0 (Macintosh; Intel Mac OS X 10.13; rv:109.0) Gecko/20100101 Firefox/115.0,60,,,,,,,,,,,,,,,,,,,,,,,,,,,,,,,,,,,,,,media/dcnb.png,0,0,Symb,a,RT,0,0,0,1,8,0,13,0,1,12,99,a,0.824,0,1,a,1,0.824,13,0,13,0,1,,,,,,,,,,,,,
,,,,,,,,,,,,,,,,,332,2,2024-03-28_10h27.22.721,Symbol-E,2020.1.3,MacIntel,Firefox,Mozilla/5.0 (Macintosh; Intel Mac OS X 10.13; rv:109.0) Gecko/20100101 Firefox/115.0,60,,,,,,,,,,,,,,,,,,,,,,,,,,,,,,,,,,,,,,media/dfnb.png,3,3,Symb,f,RT,0,0,0,1,8,0,14,0,1,12,99,f,1.224,3,1,f,1,1.224,14,0,14,0,1,,,,,,,,,,,,,
,,,,,,,,,,,,,,,,,332,2,2024-03-28_10h27.22.721,Symbol-E,2020.1.3,MacIntel,Firefox,Mozilla/5.0 (Macintosh; Intel Mac OS X 10.13; rv:109.0) Gecko/20100101 Firefox/115.0,60,,,,,,,,,,,,,,,,,,,,,,,,,,,,,,,,,,,,,,media/dinb.png,6,2,Symb,i,RT,0,0,0,1,8,0,15,0,1,12,99,i,0.771,6,1,i,1,0.771,15,0,15,0,1,,,,,,,,,,,,,
,,,,,,,,,,,,,,,,,332,2,2024-03-28_10h27.22.721,Symbol-E,2020.1.3,MacIntel,Firefox,Mozilla/5.0 (Macintosh; Intel Mac OS X 10.13; rv:109.0) Gecko/20100101 Firefox/115.0,60,,,,,,,,,,,,,,,,,,,,,,,,,,,,,,,,,,,,,,media/dgnb.png,2,2,Symb,e,RT,0,0,0,1,8,0,16,0,1,12,99,e,0.89,2,1,e,1,0.89,16,0,16,0,1,,,,,,,,,,,,,
,,,,,,,,,,,,,,,,,332,2,2024-03-28_10h27.22.721,Symbol-E,2020.1.3,MacIntel,Firefox,Mozilla/5.0 (Macintosh; Intel Mac OS X 10.13; rv:109.0) Gecko/20100101 Firefox/115.0,60,,,,,,,,,,,,,,,,,,,,,,,,,,,,,,,,,,,,,,media/dfnb.png,3,3,Symb,f,RT,0,0,0,1,8,0,17,0,1,12,99,f,0.902,3,1,f,1,0.902,17,0,17,0,1,,,,,,,,,,,,,
,,,,,,,,,,,,,,,,,332,2,2024-03-28_10h27.22.721,Symbol-E,2020.1.3,MacIntel,Firefox,Mozilla/5.0 (Macintosh; Intel Mac OS X 10.13; rv:109.0) Gecko/20100101 Firefox/115.0,60,,,,,,,,,,,,,,,,,,,,,,,,,,,,,,,,,,,,,,media/dfnb.png,3,3,Symb,f,RT,0,0,0,1,8,0,18,0,1,12,99,f,0.502,3,1,f,1,0.502,18,0,18,0,1,,,,,,,,,,,,,
,,,,,,,,,,,,,,,,,332,2,2024-03-28_10h27.22.721,Symbol-E,2020.1.3,MacIntel,Firefox,Mozilla/5.0 (Macintosh; Intel Mac OS X 10.13; rv:109.0) Gecko/20100101 Firefox/115.0,60,,,,,,,,,,,,,,,,,,,,,,,,,,,,,,,,,,,,,,media/dinb.png,6,2,Symb,i,RT,0,0,0,1,8,0,19,0,1,12,99,i,0.718,6,1,i,1,0.718,19,0,19,0,1,,,,,,,,,,,,,
,,,,,,,,,,,,,,,,,332,2,2024-03-28_10h27.22.721,Symbol-E,2020.1.3,MacIntel,Firefox,Mozilla/5.0 (Macintosh; Intel Mac OS X 10.13; rv:109.0) Gecko/20100101 Firefox/115.0,60,,,,,,,,,,,,,,,,,,,,,,,,,,,,,,,,,,,,,,media/ddnb.png,5,1,Symb,u,RT,0,0,0,1,8,0,20,0,1,12,99,u,0.838,5,1,u,1,0.838,20,0,20,0,1,,,,,,,,,,,,,
,,,,,,,,,,,,,,,,,332,2,2024-03-28_10h27.22.721,Symbol-E,2020.1.3,MacIntel,Firefox,Mozilla/5.0 (Macintosh; Intel Mac OS X 10.13; rv:109.0) Gecko/20100101 Firefox/115.0,60,,,,,,,,,,,,,,,,,,,,,,,,,,,,,,,,,,,,,,media/dcnb.png,0,0,Symb,a,RT,0,0,0,1,8,0,21,0,1,12,99,a,0.769,0,1,a,1,0.769,21,0,21,0,1,,,,,,,,,,,,,
,,,,,,,,,,,,,,,,,332,2,2024-03-28_10h27.22.721,Symbol-E,2020.1.3,MacIntel,Firefox,Mozilla/5.0 (Macintosh; Intel Mac OS X 10.13; rv:109.0) Gecko/20100101 Firefox/115.0,60,,,,,,,,,,,,,,,,,,,,,,,,,,,,,,,,,,,,,,media/djnb.png,1,1,Symb,w,RT,0,0,0,1,8,0,22,0,1,12,99,w,0.671,1,1,w,1,0.671,22,0,22,0,1,,,,,,,,,,,,,
,,,,,,,,,,,,,,,,,332,2,2024-03-28_10h27.22.721,Symbol-E,2020.1.3,MacIntel,Firefox,Mozilla/5.0 (Macintosh; Intel Mac OS X 10.13; rv:109.0) Gecko/20100101 Firefox/115.0,60,,,,,,,,,,,,,,,,,,,,,,,,,,,,,,,,,,,,,,media/dgnb.png,2,2,Symb,e,RT,0,0,0,1,8,0,23,0,1,12,99,e,1.023,2,1,e,1,1.023,23,0,23,0,1,,,,,,,,,,,,,
,,,,,,,,,,,,,,,,,332,2,2024-03-28_10h27.22.721,Symbol-E,2020.1.3,MacIntel,Firefox,Mozilla/5.0 (Macintosh; Intel Mac OS X 10.13; rv:109.0) Gecko/20100101 Firefox/115.0,60,,,,,,,,,,,,,,,,,,,,,,,,,,,,,,,,,,,,,,media/dmnb.png,4,0,Symb,h,RT,0,0,0,1,8,0,24,0,1,12,99,h,1.87,4,1,h,1,1.87,24,0,24,0,1,,,,,,,,,,,,,
,,,,,,,,,,,,,,,,,332,2,2024-03-28_10h27.22.721,Symbol-E,2020.1.3,MacIntel,Firefox,Mozilla/5.0 (Macintosh; Intel Mac OS X 10.13; rv:109.0) Gecko/20100101 Firefox/115.0,60,,,,,,,,,,,,,,,,,,,,,,,,,,,,,,,,,,,,,,media/djnb.png,1,1,Symb,w,RT,0,0,0,1,8,0,25,0,1,12,99,e,0.69,2,0,e,0,0.69,25,0,25,0,1,,,,,,,,,,,,,
,,,,,,,,,,,,,,,,,332,2,2024-03-28_10h27.22.721,Symbol-E,2020.1.3,MacIntel,Firefox,Mozilla/5.0 (Macintosh; Intel Mac OS X 10.13; rv:109.0) Gecko/20100101 Firefox/115.0,60,,,,,,,,,,,,,,,,,,,,,,,,,,,,,,,,,,,,,,media/dinb.png,6,2,Symb,i,RT,0,0,0,1,8,0,26,0,1,12,99,i,0.737,6,1,i,1,0.737,26,0,26,0,1,,,,,,,,,,,,,
,,,,,,,,,,,,,,,,,332,2,2024-03-28_10h27.22.721,Symbol-E,2020.1.3,MacIntel,Firefox,Mozilla/5.0 (Macintosh; Intel Mac OS X 10.13; rv:109.0) Gecko/20100101 Firefox/115.0,60,,,,,,,,,,,,,,,,,,,,,,,,,,,,,,,,,,,,,,media/ddnb.png,5,1,Symb,u,RT,0,0,0,1,8,0,27,0,1,12,99,u,0.819,5,1,u,1,0.819,27,0,27,0,1,,,,,,,,,,,,,
,,,,,,,,,,,,,,,,,332,2,2024-03-28_10h27.22.721,Symbol-E,2020.1.3,MacIntel,Firefox,Mozilla/5.0 (Macintosh; Intel Mac OS X 10.13; rv:109.0) Gecko/20100101 Firefox/115.0,60,,,,,,,,,,,,,,,,,,,,,,,,,,,,,,,,,,,,,,media/dcnb.png,0,0,Symb,a,RT,0,0,0,1,8,0,28,0,1,12,99,a,0.79,0,1,a,1,0.79,28,0,28,0,1,,,,,,,,,,,,,
,,,,,,,,,,,,,,,,,332,2,2024-03-28_10h27.22.721,Symbol-E,2020.1.3,MacIntel,Firefox,Mozilla/5.0 (Macintosh; Intel Mac OS X 10.13; rv:109.0) Gecko/20100101 Firefox/115.0,60,,,,,,,,,,,,,,,,,,,,,,,,,,,,,,,,,,,,,,media/dnnb.png,7,3,Symb,l,RT,0,0,0,1,8,0,29,0,1,12,99,l,0.987,7,1,l,1,0.987,29,0,29,0,1,,,,,,,,,,,,,
,,,,,,,,,,,,,,,,,332,2,2024-03-28_10h27.22.721,Symbol-E,2020.1.3,MacIntel,Firefox,Mozilla/5.0 (Macintosh; Intel Mac OS X 10.13; rv:109.0) Gecko/20100101 Firefox/115.0,60,,,,,,,,,,,,,,,,,,,,,,,,,,,,,,,,,,,,,,media/dnnb.png,7,3,Symb,l,RT,0,0,0,1,8,0,30,0,1,12,99,l,7.449,7,1,l,1,7.449,30,0,30,0,1,,,,,,,,,,,,,
,,,,,,,,,,,,,,,,,332,2,2024-03-28_10h27.22.721,Symbol-E,2020.1.3,MacIntel,Firefox,Mozilla/5.0 (Macintosh; Intel Mac OS X 10.13; rv:109.0) Gecko/20100101 Firefox/115.0,60,,,,,,,,,,,,,,,,,,,,,,,,,,,,,,,,,,,,,,media/dmnb.png,4,0,Symb,h,RT,0,0,0,1,8,0,31,0,1,12,99,h,2750.049,4,1,h,1,2750.049,31,0,31,0,1,,,,,,,,,,,,,
,,,,,,,,,,,,,,,,,332,2,2024-03-28_10h27.22.721,Symbol-E,2020.1.3,MacIntel,Firefox,Mozilla/5.0 (Macintosh; Intel Mac OS X 10.13; rv:109.0) Gecko/20100101 Firefox/115.0,60,,,,,,,,,,,,,,,,,,,,,,,,,,,,,,,,,,,,,,media/dcnb.png,0,0,Symb,a,RT,0,0,0,1,8,0,32,0,1,12,99,a,1.858,0,1,a,1,1.858,32,0,32,0,1,,,,,,,,,,,,,
,,,,,,,,,,,,,,,,,332,2,2024-03-28_10h27.22.721,Symbol-E,2020.1.3,MacIntel,Firefox,Mozilla/5.0 (Macintosh; Intel Mac OS X 10.13; rv:109.0) Gecko/20100101 Firefox/115.0,60,,,,,,,,,,,,,,,,,,,,,,,,,,,,,,,,,,,,,,media/dfnb.png,3,3,Symb,f,RT,0,0,0,1,8,0,33,0,1,12,99,f,1.069,3,1,f,1,1.069,33,0,33,0,1,,,,,,,,,,,,,
,,,,,,,,,,,,,,,,,332,2,2024-03-28_10h27.22.721,Symbol-E,2020.1.3,MacIntel,Firefox,Mozilla/5.0 (Macintosh; Intel Mac OS X 10.13; rv:109.0) Gecko/20100101 Firefox/115.0,60,,,,,,,,,,,,,,,,,,,,,,,,,,,,,,,,,,,,,,media/dgnb.png,2,2,Symb,e,RT,0,0,0,1,8,0,34,0,1,12,99,e,0.952,2,1,e,1,0.952,34,0,34,0,1,,,,,,,,,,,,,
,,,,,,,,,,,,,,,,,332,2,2024-03-28_10h27.22.721,Symbol-E,2020.1.3,MacIntel,Firefox,Mozilla/5.0 (Macintosh; Intel Mac OS X 10.13; rv:109.0) Gecko/20100101 Firefox/115.0,60,,,,,,,,,,,,,,,,,,,,,,,,,,,,,,,,,,,,,,media/dmnb.png,4,0,Symb,h,RT,0,0,0,1,8,0,35,0,1,12,99,h,0.974,4,1,h,1,0.974,35,0,35,0,1,,,,,,,,,,,,,
,,,,,,,,,,,,,,,,,332,2,2024-03-28_10h27.22.721,Symbol-E,2020.1.3,MacIntel,Firefox,Mozilla/5.0 (Macintosh; Intel Mac OS X 10.13; rv:109.0) Gecko/20100101 Firefox/115.0,60,,,,,,,,,,,,,,,,,,,,,,,,,,,,,,,,,,,,,,media/dgnb.png,2,2,Symb,e,RT,0,0,0,1,8,0,36,0,1,12,99,e,0.906,2,1,e,1,0.906,36,0,36,0,1,,,,,,,,,,,,,
,,,,,,,,,,,,,,,,,332,2,2024-03-28_10h27.22.721,Symbol-E,2020.1.3,MacIntel,Firefox,Mozilla/5.0 (Macintosh; Intel Mac OS X 10.13; rv:109.0) Gecko/20100101 Firefox/115.0,60,,,,,,,,,,,,,,,,,,,,,,,,,,,,,,,,,,,,,,media/dinb.png,6,2,Symb,i,RT,0,0,0,1,8,0,37,0,1,12,99,i,1.022,6,1,i,1,1.022,37,0,37,0,1,,,,,,,,,,,,,
,,,,,,,,,,,,,,,,,332,2,2024-03-28_10h27.22.721,Symbol-E,2020.1.3,MacIntel,Firefox,Mozilla/5.0 (Macintosh; Intel Mac OS X 10.13; rv:109.0) Gecko/20100101 Firefox/115.0,60,,,,,,,,,,,,,,,,,,,,,,,,,,,,,,,,,,,,,,media/dmnb.png,4,0,Symb,h,RT,0,0,0,1,8,0,38,0,1,12,99,h,0.87,4,1,h,1,0.87,38,0,38,0,1,,,,,,,,,,,,,
,,,,,,,,,,,,,,,,,332,2,2024-03-28_10h27.22.721,Symbol-E,2020.1.3,MacIntel,Firefox,Mozilla/5.0 (Macintosh; Intel Mac OS X 10.13; rv:109.0) Gecko/20100101 Firefox/115.0,60,,,,,,,,,,,,,,,,,,,,,,,,,,,,,,,,,,,,,,media/djnb.png,1,1,Symb,w,RT,0,0,0,1,8,0,39,0,1,12,99,w,0.956,1,1,w,1,0.956,39,0,39,0,1,,,,,,,,,,,,,
,,,,,,,,,,,,,,,,,332,2,2024-03-28_10h27.22.721,Symbol-E,2020.1.3,MacIntel,Firefox,Mozilla/5.0 (Macintosh; Intel Mac OS X 10.13; rv:109.0) Gecko/20100101 Firefox/115.0,60,,,,,,,,,,,,,,,,,,,,,,,,,,,,,,,,,,,,,,media/ddnb.png,5,1,Symb,u,RT,0,0,0,1,8,0,40,0,1,12,99,u,4.527,5,1,u,1,4.527,40,0,40,0,1,,,,,,,,,,,,,
,,,,,,,,,,,,,,,,,332,2,2024-03-28_10h27.22.721,Symbol-E,2020.1.3,MacIntel,Firefox,Mozilla/5.0 (Macintosh; Intel Mac OS X 10.13; rv:109.0) Gecko/20100101 Firefox/115.0,60,,,,,,,,,,,,,,,,,,,,,,,,,,,,,,,,,,,,,,media/dinb.png,6,2,Symb,i,RT,0,0,0,1,8,0,41,0,1,12,99,i,0.722,6,1,i,1,0.722,41,0,41,0,1,,,,,,,,,,,,,
,,,,,,,,,,,,,,,,,332,2,2024-03-28_10h27.22.721,Symbol-E,2020.1.3,MacIntel,Firefox,Mozilla/5.0 (Macintosh; Intel Mac OS X 10.13; rv:109.0) Gecko/20100101 Firefox/115.0,60,,,,,,,,,,,,,,,,,,,,,,,,,,,,,,,,,,,,,,media/ddnb.png,5,1,Symb,u,RT,0,0,0,1,8,0,42,0,1,12,99,u,0.87,5,1,u,1,0.87,42,0,42,0,1,,,,,,,,,,,,,
,,,,,,,,,,,,,,,,,332,2,2024-03-28_10h27.22.721,Symbol-E,2020.1.3,MacIntel,Firefox,Mozilla/5.0 (Macintosh; Intel Mac OS X 10.13; rv:109.0) Gecko/20100101 Firefox/115.0,60,,,,,,,,,,,,,,,,,,,,,,,,,,,,,,,,,,,,,,media/dnnb.png,7,3,Symb,l,RT,0,0,0,1,8,0,43,0,1,12,99,l,1.089,7,1,l,1,1.089,43,0,43,0,1,,,,,,,,,,,,,
,,,,,,,,,,,,,,,,,332,2,2024-03-28_10h27.22.721,Symbol-E,2020.1.3,MacIntel,Firefox,Mozilla/5.0 (Macintosh; Intel Mac OS X 10.13; rv:109.0) Gecko/20100101 Firefox/115.0,60,,,,,,,,,,,,,,,,,,,,,,,,,,,,,,,,,,,,,,media/djnb.png,1,1,Symb,w,RT,0,0,0,1,8,0,44,0,1,12,99,w,0.837,1,1,w,1,0.837,44,0,44,0,1,,,,,,,,,,,,,
,,,,,,,,,,,,,,,,,332,2,2024-03-28_10h27.22.721,Symbol-E,2020.1.3,MacIntel,Firefox,Mozilla/5.0 (Macintosh; Intel Mac OS X 10.13; rv:109.0) Gecko/20100101 Firefox/115.0,60,,,,,,,,,,,,,,,,,,,,,,,,,,,,,,,,,,,,,,media/dcnb.png,0,0,Symb,a,RT,0,0,0,1,8,0,45,0,1,12,99,a,0.837,0,1,a,1,0.837,45,0,45,0,1,,,,,,,,,,,,,
,,,,,,,,,,,,,,,,,332,2,2024-03-28_10h27.22.721,Symbol-E,2020.1.3,MacIntel,Firefox,Mozilla/5.0 (Macintosh; Intel Mac OS X 10.13; rv:109.0) Gecko/20100101 Firefox/115.0,60,,,,,,,,,,,,,,,,,,,,,,,,,,,,,,,,,,,,,,media/dnnb.png,7,3,Symb,l,RT,0,0,0,1,8,0,46,0,1,12,99,h,3.078,4,0,h,0,3.078,46,0,46,0,1,,,,,,,,,,,,,
,,,,,,,,,,,,,,,,,332,2,2024-03-28_10h27.22.721,Symbol-E,2020.1.3,MacIntel,Firefox,Mozilla/5.0 (Macintosh; Intel Mac OS X 10.13; rv:109.0) Gecko/20100101 Firefox/115.0,60,,,,,,,,,,,,,,,,,,,,,,,,,,,,,,,,,,,,,,media/dfnb.png,3,3,Symb,f,RT,0,0,0,1,8,0,47,0,1,12,99,f,0.885,3,1,f,1,0.885,47,0,47,0,1,,,,,,,,,,,,,
,,,,,,,,,,,,,,,,,332,2,2024-03-28_10h27.22.721,Symbol-E,2020.1.3,MacIntel,Firefox,Mozilla/5.0 (Macintosh; Intel Mac OS X 10.13; rv:109.0) Gecko/20100101 Firefox/115.0,60,,,,,,,,,,,,,,,,,,,,,,,,,,,,,,,,,,,,,,media/dfnb.png,3,3,Symb,f,RT,0,0,0,1,8,0,48,0,1,12,99,f,0.537,3,1,f,1,0.537,48,0,48,0,1,,,,,,,,,,,,,
,,,,,,,,,,,,,,,,,332,2,2024-03-28_10h27.22.721,Symbol-E,2020.1.3,MacIntel,Firefox,Mozilla/5.0 (Macintosh; Intel Mac OS X 10.13; rv:109.0) Gecko/20100101 Firefox/115.0,60,,,,,,,,,,,,,,,,,,,,,,,,,,,,,,,,,,,,,,media/dnnb.png,7,3,Symb,l,RT,0,0,0,1,8,0,49,0,1,12,99,l,1.004,7,1,l,1,1.004,49,0,49,0,1,,,,,,,,,,,,,
,,,,,,,,,,,,,,,,,332,2,2024-03-28_10h27.22.721,Symbol-E,2020.1.3,MacIntel,Firefox,Mozilla/5.0 (Macintosh; Intel Mac OS X 10.13; rv:109.0) Gecko/20100101 Firefox/115.0,60,,,,,,,,,,,,,,,,,,,,,,,,,,,,,,,,,,,,,,media/djnb.png,1,1,Symb,w,RT,0,0,0,1,8,0,50,0,1,12,99,w,1.021,1,1,w,1,1.021,50,0,50,0,1,,,,,,,,,,,,,
,,,,,,,,,,,,,,,,,332,2,2024-03-28_10h27.22.721,Symbol-E,2020.1.3,MacIntel,Firefox,Mozilla/5.0 (Macintosh; Intel Mac OS X 10.13; rv:109.0) Gecko/20100101 Firefox/115.0,60,,,,,,,,,,,,,,,,,,,,,,,,,,,,,,,,,,,,,,media/ddnb.png,5,1,Symb,u,RT,0,0,0,1,8,0,51,0,1,12,99,u,0.919,5,1,u,1,0.919,51,0,51,0,1,,,,,,,,,,,,,
,,,,,,,,,,,,,,,,,332,2,2024-03-28_10h27.22.721,Symbol-E,2020.1.3,MacIntel,Firefox,Mozilla/5.0 (Macintosh; Intel Mac OS X 10.13; rv:109.0) Gecko/20100101 Firefox/115.0,60,,,,,,,,,,,,,,,,,,,,,,,,,,,,,,,,,,,,,,media/djnb.png,1,1,Symb,w,RT,0,0,0,1,8,0,52,0,1,12,99,w,0.822,1,1,w,1,0.822,52,0,52,0,1,,,,,,,,,,,,,
,,,,,,,,,,,,,,,,,332,2,2024-03-28_10h27.22.721,Symbol-E,2020.1.3,MacIntel,Firefox,Mozilla/5.0 (Macintosh; Intel Mac OS X 10.13; rv:109.0) Gecko/20100101 Firefox/115.0,60,,,,,,,,,,,,,,,,,,,,,,,,,,,,,,,,,,,,,,media/dfnb.png,3,3,Symb,f,RT,0,0,0,1,8,0,53,0,1,12,99,h,1.12,4,0,h,0,1.12,53,0,53,0,1,,,,,,,,,,,,,
,,,,,,,,,,,,,,,,,332,2,2024-03-28_10h27.22.721,Symbol-E,2020.1.3,MacIntel,Firefox,Mozilla/5.0 (Macintosh; Intel Mac OS X 10.13; rv:109.0) Gecko/20100101 Firefox/115.0,60,,,,,,,,,,,,,,,,,,,,,,,,,,,,,,,,,,,,,,media/dmnb.png,4,0,Symb,h,RT,0,0,0,1,8,0,54,0,1,12,99,h,1.358,4,1,h,1,1.358,54,0,54,0,1,,,,,,,,,,,,,
,,,,,,,,,,,,,,,,,332,2,2024-03-28_10h27.22.721,Symbol-E,2020.1.3,MacIntel,Firefox,Mozilla/5.0 (Macintosh; Intel Mac OS X 10.13; rv:109.0) Gecko/20100101 Firefox/115.0,60,,,,,,,,,,,,,,,,,,,,,,,,,,,,,,,,,,,,,,media/dcnb.png,0,0,Symb,a,RT,0,0,0,1,8,0,55,0,1,12,99,a,0.937,0,1,a,1,0.937,55,0,55,0,1,,,,,,,,,,,,,
,,,,,,,,,,,,,,,,,332,2,2024-03-28_10h27.22.721,Symbol-E,2020.1.3,MacIntel,Firefox,Mozilla/5.0 (Macintosh; Intel Mac OS X 10.13; rv:109.0) Gecko/20100101 Firefox/115.0,60,,,,,,,,,,,,,,,,,,,,,,,,,,,,,,,,,,,,,,media/dgnb.png,2,2,Symb,e,RT,0,0,0,1,8,0,56,0,1,12,99,e,0.987,2,1,e,1,0.987,56,0,56,0,1,,,,,,,,,,,,,
,,,,,,,,,,,,,,,,,332,2,2024-03-28_10h27.22.721,Symbol-E,2020.1.3,MacIntel,Firefox,Mozilla/5.0 (Macintosh; Intel Mac OS X 10.13; rv:109.0) Gecko/20100101 Firefox/115.0,60,,,,,,,,,,,,,,,,,,,,,,,,,,,,,,,,,,,,,,media/dcnb.png,0,0,Symb,a,RT,0,0,0,1,8,0,57,0,1,12,99,a,0.842,0,1,a,1,0.842,57,0,57,0,1,,,,,,,,,,,,,
,,,,,,,,,,,,,,,,,332,2,2024-03-28_10h27.22.721,Symbol-E,2020.1.3,MacIntel,Firefox,Mozilla/5.0 (Macintosh; Intel Mac OS X 10.13; rv:109.0) Gecko/20100101 Firefox/115.0,60,,,,,,,,,,,,,,,,,,,,,,,,,,,,,,,,,,,,,,media/dnnb.png,7,3,Symb,l,RT,0,0,0,1,8,0,58,0,1,12,99,l,0.937,7,1,l,1,0.937,58,0,58,0,1,,,,,,,,,,,,,
,,,,,,,,,,,,,,,,,332,2,2024-03-28_10h27.22.721,Symbol-E,2020.1.3,MacIntel,Firefox,Mozilla/5.0 (Macintosh; Intel Mac OS X 10.13; rv:109.0) Gecko/20100101 Firefox/115.0,60,,,,,,,,,,,,,,,,,,,,,,,,,,,,,,,,,,,,,,media/dmnb.png,4,0,Symb,h,RT,0,0,0,1,8,0,59,0,1,12,99,h,0.908,4,1,h,1,0.908,59,0,59,0,1,,,,,,,,,,,,,
,,,,,,,,,,,,,,,,,332,2,2024-03-28_10h27.22.721,Symbol-E,2020.1.3,MacIntel,Firefox,Mozilla/5.0 (Macintosh; Intel Mac OS X 10.13; rv:109.0) Gecko/20100101 Firefox/115.0,60,,,,,,,,,,,,,,,,,,,,,,,,,,,,,,,,,,,,,,media/dinb.png,6,2,Symb,i,RT,0,0,0,1,8,0,60,0,1,12,99,i,0.826,6,1,i,1,0.826,60,0,60,0,1,,,,,,,,,,,,,
,,,,,,,,,,,,,,,,,332,2,2024-03-28_10h27.22.721,Symbol-E,2020.1.3,MacIntel,Firefox,Mozilla/5.0 (Macintosh; Intel Mac OS X 10.13; rv:109.0) Gecko/20100101 Firefox/115.0,60,,,,,,,,,,,,,,,,,,,,,,,,,,,,,,,,,,,,,,media/dinb.png,6,2,Symb,i,RT,0,0,0,1,8,0,61,0,1,12,99,i,0.537,6,1,i,1,0.537,61,0,61,0,1,,,,,,,,,,,,,
,,,,,,,,,,,,,,,,,332,2,2024-03-28_10h27.22.721,Symbol-E,2020.1.3,MacIntel,Firefox,Mozilla/5.0 (Macintosh; Intel Mac OS X 10.13; rv:109.0) Gecko/20100101 Firefox/115.0,60,,,,,,,,,,,,,,,,,,,,,,,,,,,,,,,,,,,,,,media/ddnb.png,5,1,Symb,u,RT,0,0,0,1,8,0,62,0,1,12,99,u,0.854,5,1,u,1,0.854,62,0,62,0,1,,,,,,,,,,,,,
,,,,,,,,,,,,,,,,,332,2,2024-03-28_10h27.22.721,Symbol-E,2020.1.3,MacIntel,Firefox,Mozilla/5.0 (Macintosh; Intel Mac OS X 10.13; rv:109.0) Gecko/20100101 Firefox/115.0,60,,,,,,,,,,,,,,,,,,,,,,,,,,,,,,,,,,,,,,media/dgnb.png,2,2,Symb,e,RT,0,0,0,1,8,0,63,0,1,12,99,e,0.837,2,1,e,1,0.837,63,0,63,0,1,,,,,,,,,,,,,
,,,,,,,,,,,,,,,,,332,2,2024-03-28_10h27.22.721,Symbol-E,2020.1.3,MacIntel,Firefox,Mozilla/5.0 (Macintosh; Intel Mac OS X 10.13; rv:109.0) Gecko/20100101 Firefox/115.0,60,,,,,,,,,,,,,,,,,,,,,,,,,,,,,,,,,,,,,,media/dfnb.png,3,3,Symb,f,RT,0,0,0,1,8,0,64,0,1,12,99,f,1.003,3,1,f,1,1.003,64,0,64,0,1,,,,,,,,,,,,,
,,,,,,,,,,,,,,,,,332,2,2024-03-28_10h27.22.721,Symbol-E,2020.1.3,MacIntel,Firefox,Mozilla/5.0 (Macintosh; Intel Mac OS X 10.13; rv:109.0) Gecko/20100101 Firefox/115.0,60,,,,,,,,,,,,,,,,,,,,,,,,,,,,,,,,,,,,,,media/dmnb.png,4,0,Symb,h,RT,0,0,0,1,8,0,65,0,1,12,99,h,0.82,4,1,h,1,0.82,65,0,65,0,1,,,,,,,,,,,,,
,,,,,,,,,,,,,,,,,332,2,2024-03-28_10h27.22.721,Symbol-E,2020.1.3,MacIntel,Firefox,Mozilla/5.0 (Macintosh; Intel Mac OS X 10.13; rv:109.0) Gecko/20100101 Firefox/115.0,60,,,,,,,,,,,,,,,,,,,,,,,,,,,,,,,,,,,,,,media/ddnb.png,5,1,Symb,u,RT,0,0,0,1,8,0,66,0,1,12,99,u,0.919,5,1,u,1,0.919,66,0,66,0,1,,,,,,,,,,,,,
,,,,,,,,,,,,,,,,,332,2,2024-03-28_10h27.22.721,Symbol-E,2020.1.3,MacIntel,Firefox,Mozilla/5.0 (Macintosh; Intel Mac OS X 10.13; rv:109.0) Gecko/20100101 Firefox/115.0,60,,,,,,,,,,,,,,,,,,,,,,,,,,,,,,,,,,,,,,media/ddnb.png,5,1,Symb,u,RT,0,0,0,1,8,0,67,0,1,12,99,u,0.601,5,1,u,1,0.601,67,0,67,0,1,,,,,,,,,,,,,
,,,,,,,,,,,,,,,,,332,2,2024-03-28_10h27.22.721,Symbol-E,2020.1.3,MacIntel,Firefox,Mozilla/5.0 (Macintosh; Intel Mac OS X 10.13; rv:109.0) Gecko/20100101 Firefox/115.0,60,,,,,,,,,,,,,,,,,,,,,,,,,,,,,,,,,,,,,,media/dgnb.png,2,2,Symb,e,RT,0,0,0,1,8,0,68,0,1,12,99,e,0.82,2,1,e,1,0.82,68,0,68,0,1,,,,,,,,,,,,,
,,,,,,,,,,,,,,,,,332,2,2024-03-28_10h27.22.721,Symbol-E,2020.1.3,MacIntel,Firefox,Mozilla/5.0 (Macintosh; Intel Mac OS X 10.13; rv:109.0) Gecko/20100101 Firefox/115.0,60,,,,,,,,,,,,,,,,,,,,,,,,,,,,,,,,,,,,,,media/djnb.png,1,1,Symb,w,RT,0,0,0,1,8,0,69,0,1,12,99,w,0.824,1,1,w,1,0.824,69,0,69,0,1,,,,,,,,,,,,,
,,,,,,,,,,,,,,,,,332,2,2024-03-28_10h27.22.721,Symbol-E,2020.1.3,MacIntel,Firefox,Mozilla/5.0 (Macintosh; Intel Mac OS X 10.13; rv:109.0) Gecko/20100101 Firefox/115.0,60,,,,,,,,,,,,,,,,,,,,,,,,,,,,,,,,,,,,,,media/dnnb.png,7,3,Symb,l,RT,0,0,0,1,8,0,70,0,1,12,99,l,0.987,7,1,l,1,0.987,70,0,70,0,1,,,,,,,,,,,,,
,,,,,,,,,,,,,,,,,332,2,2024-03-28_10h27.22.721,Symbol-E,2020.1.3,MacIntel,Firefox,Mozilla/5.0 (Macintosh; Intel Mac OS X 10.13; rv:109.0) Gecko/20100101 Firefox/115.0,60,,,,,,,,,,,,,,,,,,,,,,,,,,,,,,,,,,,,,,media/dnnb.png,7,3,Symb,l,RT,0,0,0,1,8,0,71,0,1,12,99,l,0.653,7,1,l,1,0.653,71,0,71,0,1,,,,,,,,,,,,,
,,,,,,,,,,,,,,,,,332,2,2024-03-28_10h27.22.721,Symbol-E,2020.1.3,MacIntel,Firefox,Mozilla/5.0 (Macintosh; Intel Mac OS X 10.13; rv:109.0) Gecko/20100101 Firefox/115.0,60,,,,,,,,,,,,,,,,,,,,,,,,,,,,,,,,,,,,,,media/dcnb.png,0,0,Symb,a,RT,0,0,0,1,8,0,72,0,1,12,99,a,0.903,0,1,a,1,0.903,72,0,72,0,1,,,,,,,,,,,,,
,,,,,,,,,,,,,,,,,332,2,2024-03-28_10h27.22.721,Symbol-E,2020.1.3,MacIntel,Firefox,Mozilla/5.0 (Macintosh; Intel Mac OS X 10.13; rv:109.0) Gecko/20100101 Firefox/115.0,60,,,,,,,,,,,,,,,,,,,,,,,,,,,,,,,,,,,,,,media/djnb.png,1,1,Symb,w,RT,0,0,0,1,8,0,73,0,1,12,99,w,0.868,1,1,w,1,0.868,73,0,73,0,1,,,,,,,,,,,,,
,,,,,,,,,,,,,,,,,332,2,2024-03-28_10h27.22.721,Symbol-E,2020.1.3,MacIntel,Firefox,Mozilla/5.0 (Macintosh; Intel Mac OS X 10.13; rv:109.0) Gecko/20100101 Firefox/115.0,60,,,,,,,,,,,,,,,,,,,,,,,,,,,,,,,,,,,,,,media/dgnb.png,2,2,Symb,e,RT,0,0,0,1,8,0,74,0,1,12,99,e,1.156,2,1,e,1,1.156,74,0,74,0,1,,,,,,,,,,,,,
,,,,,,,,,,,,,,,,,332,2,2024-03-28_10h27.22.721,Symbol-E,2020.1.3,MacIntel,Firefox,Mozilla/5.0 (Macintosh; Intel Mac OS X 10.13; rv:109.0) Gecko/20100101 Firefox/115.0,60,,,,,,,,,,,,,,,,,,,,,,,,,,,,,,,,,,,,,,media/dinb.png,6,2,Symb,i,RT,0,0,0,1,8,0,75,0,1,12,99,i,1.004,6,1,i,1,1.004,75,0,75,0,1,,,,,,,,,,,,,
,,,,,,,,,,,,,,,,,332,2,2024-03-28_10h27.22.721,Symbol-E,2020.1.3,MacIntel,Firefox,Mozilla/5.0 (Macintosh; Intel Mac OS X 10.13; rv:109.0) Gecko/20100101 Firefox/115.0,60,,,,,,,,,,,,,,,,,,,,,,,,,,,,,,,,,,,,,,media/dinb.png,6,2,Symb,i,RT,0,0,0,1,8,0,76,0,1,12,99,i,0.537,6,1,i,1,0.537,76,0,76,0,1,,,,,,,,,,,,,
,,,,,,,,,,,,,,,,,332,2,2024-03-28_10h27.22.721,Symbol-E,2020.1.3,MacIntel,Firefox,Mozilla/5.0 (Macintosh; Intel Mac OS X 10.13; rv:109.0) Gecko/20100101 Firefox/115.0,60,,,,,,,,,,,,,,,,,,,,,,,,,,,,,,,,,,,,,,media/dmnb.png,4,0,Symb,h,RT,0,0,0,1,8,0,77,0,1,12,99,h,0.886,4,1,h,1,0.886,77,0,77,0,1,,,,,,,,,,,,,
,,,,,,,,,,,,,,,,,332,2,2024-03-28_10h27.22.721,Symbol-E,2020.1.3,MacIntel,Firefox,Mozilla/5.0 (Macintosh; Intel Mac OS X 10.13; rv:109.0) Gecko/20100101 Firefox/115.0,60,,,,,,,,,,,,,,,,,,,,,,,,,,,,,,,,,,,,,,media/dcnb.png,0,0,Symb,a,RT,0,0,0,1,8,0,78,0,1,12,99,a,1.024,0,1,a,1,1.024,78,0,78,0,1,,,,,,,,,,,,,
,,,,,,,,,,,,,,,,,332,2,2024-03-28_10h27.22.721,Symbol-E,2020.1.3,MacIntel,Firefox,Mozilla/5.0 (Macintosh; Intel Mac OS X 10.13; rv:109.0) Gecko/20100101 Firefox/115.0,60,,,,,,,,,,,,,,,,,,,,,,,,,,,,,,,,,,,,,,media/dfnb.png,3,3,Symb,f,RT,0,0,0,1,8,0,79,0,1,12,99,f,0.99,3,1,f,1,0.99,79,0,79,0,1,,,,,,,,,,,,,
,,,,,,,,,,,,,,,,,332,2,2024-03-28_10h27.22.721,Symbol-E,2020.1.3,MacIntel,Firefox,Mozilla/5.0 (Macintosh; Intel Mac OS X 10.13; rv:109.0) Gecko/20100101 Firefox/115.0,60,,,,,,,,,,,,,,,,,,,,,,,,,,,,,,,,,,,,,,media/dmnb.png,4,0,Symb,h,RT,0,0,0,1,8,0,80,0,1,12,99,h,1.039,4,1,h,1,1.039,80,0,80,0,1,,,,,,,,,,,,,
,,,,,,,,,,,,,,,,,332,2,2024-03-28_10h27.22.721,Symbol-E,2020.1.3,MacIntel,Firefox,Mozilla/5.0 (Macintosh; Intel Mac OS X 10.13; rv:109.0) Gecko/20100101 Firefox/115.0,60,,,,,,,,,,,,,,,,,,,,,,,,,,,,,,,,,,,,,,media/dnnb.png,7,3,Symb,l,RT,0,0,0,1,8,0,81,0,1,12,99,l,1.071,7,1,l,1,1.071,81,0,81,0,1,,,,,,,,,,,,,
,,,,,,,,,,,,,,,,,332,2,2024-03-28_10h27.22.721,Symbol-E,2020.1.3,MacIntel,Firefox,Mozilla/5.0 (Macintosh; Intel Mac OS X 10.13; rv:109.0) Gecko/20100101 Firefox/115.0,60,,,,,,,,,,,,,,,,,,,,,,,,,,,,,,,,,,,,,,media/dmnb.png,4,0,Symb,h,RT,0,0,0,1,8,0,82,0,1,12,99,h,0.902,4,1,h,1,0.902,82,0,82,0,1,,,,,,,,,,,,,
,,,,,,,,,,,,,,,,,332,2,2024-03-28_10h27.22.721,Symbol-E,2020.1.3,MacIntel,Firefox,Mozilla/5.0 (Macintosh; Intel Mac OS X 10.13; rv:109.0) Gecko/20100101 Firefox/115.0,60,,,,,,,,,,,,,,,,,,,,,,,,,,,,,,,,,,,,,,media/dgnb.png,2,2,Symb,e,RT,0,0,0,1,8,0,83,0,1,12,99,e,0.906,2,1,e,1,0.906,83,0,83,0,1,,,,,,,,,,,,,
,,,,,,,,,,,,,,,,,332,2,2024-03-28_10h27.22.721,Symbol-E,2020.1.3,MacIntel,Firefox,Mozilla/5.0 (Macintosh; Intel Mac OS X 10.13; rv:109.0) Gecko/20100101 Firefox/115.0,60,,,,,,,,,,,,,,,,,,,,,,,,,,,,,,,,,,,,,,media/djnb.png,1,1,Symb,w,RT,0,0,0,1,8,0,84,0,1,12,99,w,0.891,1,1,w,1,0.891,84,0,84,0,1,,,,,,,,,,,,,
,,,,,,,,,,,,,,,,,332,2,2024-03-28_10h27.22.721,Symbol-E,2020.1.3,MacIntel,Firefox,Mozilla/5.0 (Macintosh; Intel Mac OS X 10.13; rv:109.0) Gecko/20100101 Firefox/115.0,60,,,,,,,,,,,,,,,,,,,,,,,,,,,,,,,,,,,,,,media/dinb.png,6,2,Symb,i,RT,0,0,0,1,8,0,85,0,1,12,99,i,0.869,6,1,i,1,0.869,85,0,85,0,1,,,,,,,,,,,,,
,,,,,,,,,,,,,,,,,332,2,2024-03-28_10h27.22.721,Symbol-E,2020.1.3,MacIntel,Firefox,Mozilla/5.0 (Macintosh; Intel Mac OS X 10.13; rv:109.0) Gecko/20100101 Firefox/115.0,60,,,,,,,,,,,,,,,,,,,,,,,,,,,,,,,,,,,,,,media/dfnb.png,3,3,Symb,f,RT,0,0,0,1,8,0,86,0,1,12,99,f,1.89,3,1,f,1,1.89,86,0,86,0,1,,,,,,,,,,,,,
,,,,,,,,,,,,,,,,,332,2,2024-03-28_10h27.22.721,Symbol-E,2020.1.3,MacIntel,Firefox,Mozilla/5.0 (Macintosh; Intel Mac OS X 10.13; rv:109.0) Gecko/20100101 Firefox/115.0,60,,,,,,,,,,,,,,,,,,,,,,,,,,,,,,,,,,,,,,media/dnnb.png,7,3,Symb,l,RT,0,0,0,1,8,0,87,0,1,12,99,l,1.086,7,1,l,1,1.086,87,0,87,0,1,,,,,,,,,,,,,
,,,,,,,,,,,,,,,,,332,2,2024-03-28_10h27.22.721,Symbol-E,2020.1.3,MacIntel,Firefox,Mozilla/5.0 (Macintosh; Intel Mac OS X 10.13; rv:109.0) Gecko/20100101 Firefox/115.0,60,,,,,,,,,,,,,,,,,,,,,,,,,,,,,,,,,,,,,,media/ddnb.png,5,1,Symb,u,RT,0,0,0,1,8,0,88,0,1,12,99,u,0.972,5,1,u,1,0.972,88,0,88,0,1,,,,,,,,,,,,,
,,,,,,,,,,,,,,,,,332,2,2024-03-28_10h27.22.721,Symbol-E,2020.1.3,MacIntel,Firefox,Mozilla/5.0 (Macintosh; Intel Mac OS X 10.13; rv:109.0) Gecko/20100101 Firefox/115.0,60,,,,,,,,,,,,,,,,,,,,,,,,,,,,,,,,,,,,,,media/dgnb.png,2,2,Symb,e,RT,0,0,0,1,8,0,89,0,1,12,99,e,0.92,2,1,e,1,0.92,89,0,89,0,1,,,,,,,,,,,,,
,,,,,,,,,,,,,,,,,332,2,2024-03-28_10h27.22.721,Symbol-E,2020.1.3,MacIntel,Firefox,Mozilla/5.0 (Macintosh; Intel Mac OS X 10.13; rv:109.0) Gecko/20100101 Firefox/115.0,60,,,,,,,,,,,,,,,,,,,,,,,,,,,,,,,,,,,,,,media/dfnb.png,3,3,Symb,f,RT,0,0,0,1,8,0,90,0,1,12,99,f,1.02,3,1,f,1,1.02,90,0,90,0,1,,,,,,,,,,,,,
,,,,,,,,,,,,,,,,,332,2,2024-03-28_10h27.22.721,Symbol-E,2020.1.3,MacIntel,Firefox,Mozilla/5.0 (Macintosh; Intel Mac OS X 10.13; rv:109.0) Gecko/20100101 Firefox/115.0,60,,,,,,,,,,,,,,,,,,,,,,,,,,,,,,,,,,,,,,media/dcnb.png,0,0,Symb,a,RT,0,0,0,1,8,0,91,0,1,12,99,a,1.674,0,1,a,1,1.674,91,0,91,0,1,,,,,,,,,,,,,
,,,,,,,,,,,,,,,,,332,2,2024-03-28_10h27.22.721,Symbol-E,2020.1.3,MacIntel,Firefox,Mozilla/5.0 (Macintosh; Intel Mac OS X 10.13; rv:109.0) Gecko/20100101 Firefox/115.0,60,,,,,,,,,,,,,,,,,,,,,,,,,,,,,,,,,,,,,,media/ddnb.png,5,1,Symb,u,RT,0,0,0,1,8,0,92,0,1,12,99,u,0.983,5,1,u,1,0.983,92,0,92,0,1,,,,,,,,,,,,,
,,,,,,,,,,,,,,,,,332,2,2024-03-28_10h27.22.721,Symbol-E,2020.1.3,MacIntel,Firefox,Mozilla/5.0 (Macintosh; Intel Mac OS X 10.13; rv:109.0) Gecko/20100101 Firefox/115.0,60,,,,,,,,,,,,,,,,,,,,,,,,,,,,,,,,,,,,,,media/djnb.png,1,1,Symb,w,RT,0,0,0,1,8,0,93,0,1,12,99,w,0.869,1,1,w,1,0.869,93,0,93,0,1,,,,,,,,,,,,,
,,,,,,,,,,,,,,,,,332,2,2024-03-28_10h27.22.721,Symbol-E,2020.1.3,MacIntel,Firefox,Mozilla/5.0 (Macintosh; Intel Mac OS X 10.13; rv:109.0) Gecko/20100101 Firefox/115.0,60,,,,,,,,,,,,,,,,,,,,,,,,,,,,,,,,,,,,,,media/dinb.png,6,2,Symb,i,RT,0,0,0,1,8,0,94,0,1,12,99,i,0.837,6,1,i,1,0.837,94,0,94,0,1,,,,,,,,,,,,,
,,,,,,,,,,,,,,,,,332,2,2024-03-28_10h27.22.721,Symbol-E,2020.1.3,MacIntel,Firefox,Mozilla/5.0 (Macintosh; Intel Mac OS X 10.13; rv:109.0) Gecko/20100101 Firefox/115.0,60,,,,,,,,,,,,,,,,,,,,,,,,,,,,,,,,,,,,,,media/dcnb.png,0,0,Symb,a,RT,0,0,0,1,8,0,95,0,1,12,99,l,1.368,7,0,l,0,1.368,95,0,95,0,1,,,,,,,,,,,,,
,,,,,,,,,,,,,,,,,332,2,2024-03-28_10h27.22.721,Symbol-E,2020.1.3,MacIntel,Firefox,Mozilla/5.0 (Macintosh; Intel Mac OS X 10.13; rv:109.0) Gecko/20100101 Firefox/115.0,60,,,,,,,,,,,,,,,,,,,,,,,,,,,,,,,,,,,,,,,,,,,,,,,,,,,,,,,,,,,,,,,,,,,11,0,11,0,1,,,,,,,,
,,,,,,,,,,,,,,,,,332,2,2024-03-28_10h27.22.721,Symbol-E,2020.1.3,MacIntel,Firefox,Mozilla/5.0 (Macintosh; Intel Mac OS X 10.13; rv:109.0) Gecko/20100101 Firefox/115.0,60,,,,,,,,,,,,,,,,,,,,,,,,,,,,,,,,,,,,h,0.685,media/dnnb.png,7,3,Symb,l,RT,0,0,0,1,8,0,0,0,1,13,99,l,1.036,7,1,l,1,1.036,0,0,0,0,1,,,,,,,,,,,,,
,,,,,,,,,,,,,,,,,332,2,2024-03-28_10h27.22.721,Symbol-E,2020.1.3,MacIntel,Firefox,Mozilla/5.0 (Macintosh; Intel Mac OS X 10.13; rv:109.0) Gecko/20100101 Firefox/115.0,60,,,,,,,,,,,,,,,,,,,,,,,,,,,,,,,,,,,,,,media/dcnb.png,0,0,Symb,a,RT,0,0,0,1,8,0,1,0,1,13,99,a,1.541,0,1,a,1,1.541,1,0,1,0,1,,,,,,,,,,,,,
,,,,,,,,,,,,,,,,,332,2,2024-03-28_10h27.22.721,Symbol-E,2020.1.3,MacIntel,Firefox,Mozilla/5.0 (Macintosh; Intel Mac OS X 10.13; rv:109.0) Gecko/20100101 Firefox/115.0,60,,,,,,,,,,,,,,,,,,,,,,,,,,,,,,,,,,,,,,media/ddnb.png,5,1,Symb,u,RT,0,0,0,1,8,0,2,0,1,13,99,i,0.822,6,0,i,0,0.822,2,0,2,0,1,,,,,,,,,,,,,
,,,,,,,,,,,,,,,,,332,2,2024-03-28_10h27.22.721,Symbol-E,2020.1.3,MacIntel,Firefox,Mozilla/5.0 (Macintosh; Intel Mac OS X 10.13; rv:109.0) Gecko/20100101 Firefox/115.0,60,,,,,,,,,,,,,,,,,,,,,,,,,,,,,,,,,,,,,,media/djnb.png,1,1,Symb,w,RT,0,0,0,1,8,0,3,0,1,13,99,w,1.107,1,1,w,1,1.107,3,0,3,0,1,,,,,,,,,,,,,
,,,,,,,,,,,,,,,,,332,2,2024-03-28_10h27.22.721,Symbol-E,2020.1.3,MacIntel,Firefox,Mozilla/5.0 (Macintosh; Intel Mac OS X 10.13; rv:109.0) Gecko/20100101 Firefox/115.0,60,,,,,,,,,,,,,,,,,,,,,,,,,,,,,,,,,,,,,,media/dinb.png,6,2,Symb,i,RT,0,0,0,1,8,0,4,0,1,13,99,i,0.99,6,1,i,1,0.99,4,0,4,0,1,,,,,,,,,,,,,
,,,,,,,,,,,,,,,,,332,2,2024-03-28_10h27.22.721,Symbol-E,2020.1.3,MacIntel,Firefox,Mozilla/5.0 (Macintosh; Intel Mac OS X 10.13; rv:109.0) Gecko/20100101 Firefox/115.0,60,,,,,,,,,,,,,,,,,,,,,,,,,,,,,,,,,,,,,,media/dgnb.png,2,2,Symb,e,RT,0,0,0,1,8,0,5,0,1,13,99,e,6.145,2,1,e,1,6.145,5,0,5,0,1,,,,,,,,,,,,,
,,,,,,,,,,,,,,,,,332,2,2024-03-28_10h27.22.721,Symbol-E,2020.1.3,MacIntel,Firefox,Mozilla/5.0 (Macintosh; Intel Mac OS X 10.13; rv:109.0) Gecko/20100101 Firefox/115.0,60,,,,,,,,,,,,,,,,,,,,,,,,,,,,,,,,,,,,,,media/dcnb.png,0,0,Symb,a,RT,0,0,0,1,8,0,6,0,1,13,99,a,12.226,0,1,a,1,12.226,6,0,6,0,1,,,,,,,,,,,,,
,,,,,,,,,,,,,,,,,332,2,2024-03-28_10h27.22.721,Symbol-E,2020.1.3,MacIntel,Firefox,Mozilla/5.0 (Macintosh; Intel Mac OS X 10.13; rv:109.0) Gecko/20100101 Firefox/115.0,60,,,,,,,,,,,,,,,,,,,,,,,,,,,,,,,,,,,,,,media/ddnb.png,5,1,Symb,u,RT,0,0,0,1,8,0,7,0,1,13,99,u,1.671,5,1,u,1,1.671,7,0,7,0,1,,,,,,,,,,,,,
,,,,,,,,,,,,,,,,,332,2,2024-03-28_10h27.22.721,Symbol-E,2020.1.3,MacIntel,Firefox,Mozilla/5.0 (Macintosh; Intel Mac OS X 10.13; rv:109.0) Gecko/20100101 Firefox/115.0,60,,,,,,,,,,,,,,,,,,,,,,,,,,,,,,,,,,,,,,media/dmnb.png,4,0,Symb,h,RT,0,0,0,1,8,0,8,0,1,13,99,w,2.656,1,0,w,0,2.656,8,0,8,0,1,,,,,,,,,,,,,
,,,,,,,,,,,,,,,,,332,2,2024-03-28_10h27.22.721,Symbol-E,2020.1.3,MacIntel,Firefox,Mozilla/5.0 (Macintosh; Intel Mac OS X 10.13; rv:109.0) Gecko/20100101 Firefox/115.0,60,,,,,,,,,,,,,,,,,,,,,,,,,,,,,,,,,,,,,,media/dnnb.png,7,3,Symb,l,RT,0,0,0,1,8,0,9,0,1,13,99,l,1.12,7,1,l,1,1.12,9,0,9,0,1,,,,,,,,,,,,,
,,,,,,,,,,,,,,,,,332,2,2024-03-28_10h27.22.721,Symbol-E,2020.1.3,MacIntel,Firefox,Mozilla/5.0 (Macintosh; Intel Mac OS X 10.13; rv:109.0) Gecko/20100101 Firefox/115.0,60,,,,,,,,,,,,,,,,,,,,,,,,,,,,,,,,,,,,,,media/dgnb.png,2,2,Symb,e,RT,0,0,0,1,8,0,10,0,1,13,99,e,24.884,2,1,e,1,24.884,10,0,10,0,1,,,,,,,,,,,,,
,,,,,,,,,,,,,,,,,332,2,2024-03-28_10h27.22.721,Symbol-E,2020.1.3,MacIntel,Firefox,Mozilla/5.0 (Macintosh; Intel Mac OS X 10.13; rv:109.0) Gecko/20100101 Firefox/115.0,60,,,,,,,,,,,,,,,,,,,,,,,,,,,,,,,,,,,,,,media/dmnb.png,4,0,Symb,h,RT,0,0,0,1,8,0,11,0,1,13,99,h,5.462,4,1,h,1,5.462,11,0,11,0,1,,,,,,,,,,,,,
,,,,,,,,,,,,,,,,,332,2,2024-03-28_10h27.22.721,Symbol-E,2020.1.3,MacIntel,Firefox,Mozilla/5.0 (Macintosh; Intel Mac OS X 10.13; rv:109.0) Gecko/20100101 Firefox/115.0,60,,,,,,,,,,,,,,,,,,,,,,,,,,,,,,,,,,,,,,media/dfnb.png,3,3,Symb,f,RT,0,0,0,1,8,0,12,0,1,13,99,f,0.99,3,1,f,1,0.99,12,0,12,0,1,,,,,,,,,,,,,
,,,,,,,,,,,,,,,,,332,2,2024-03-28_10h27.22.721,Symbol-E,2020.1.3,MacIntel,Firefox,Mozilla/5.0 (Macintosh; Intel Mac OS X 10.13; rv:109.0) Gecko/20100101 Firefox/115.0,60,,,,,,,,,,,,,,,,,,,,,,,,,,,,,,,,,,,,,,media/djnb.png,1,1,Symb,w,RT,0,0,0,1,8,0,13,0,1,13,99,w,3.107,1,1,w,1,3.107,13,0,13,0,1,,,,,,,,,,,,,
,,,,,,,,,,,,,,,,,332,2,2024-03-28_10h27.22.721,Symbol-E,2020.1.3,MacIntel,Firefox,Mozilla/5.0 (Macintosh; Intel Mac OS X 10.13; rv:109.0) Gecko/20100101 Firefox/115.0,60,,,,,,,,,,,,,,,,,,,,,,,,,,,,,,,,,,,,,,media/dinb.png,6,2,Symb,i,RT,0,0,0,1,8,0,14,0,1,13,99,i,0.835,6,1,i,1,0.835,14,0,14,0,1,,,,,,,,,,,,,
,,,,,,,,,,,,,,,,,332,2,2024-03-28_10h27.22.721,Symbol-E,2020.1.3,MacIntel,Firefox,Mozilla/5.0 (Macintosh; Intel Mac OS X 10.13; rv:109.0) Gecko/20100101 Firefox/115.0,60,,,,,,,,,,,,,,,,,,,,,,,,,,,,,,,,,,,,,,media/dfnb.png,3,3,Symb,f,RT,0,0,0,1,8,0,15,0,1,13,99,f,0.937,3,1,f,1,0.937,15,0,15,0,1,,,,,,,,,,,,,
,,,,,,,,,,,,,,,,,332,2,2024-03-28_10h27.22.721,Symbol-E,2020.1.3,MacIntel,Firefox,Mozilla/5.0 (Macintosh; Intel Mac OS X 10.13; rv:109.0) Gecko/20100101 Firefox/115.0,60,,,,,,,,,,,,,,,,,,,,,,,,,,,,,,,,,,,,,,media/djnb.png,1,1,Symb,w,RT,0,0,0,1,8,0,16,0,1,13,99,w,0.82,1,1,w,1,0.82,16,0,16,0,1,,,,,,,,,,,,,
,,,,,,,,,,,,,,,,,332,2,2024-03-28_10h27.22.721,Symbol-E,2020.1.3,MacIntel,Firefox,Mozilla/5.0 (Macintosh; Intel Mac OS X 10.13; rv:109.0) Gecko/20100101 Firefox/115.0,60,,,,,,,,,,,,,,,,,,,,,,,,,,,,,,,,,,,,,,media/dnnb.png,7,3,Symb,l,RT,0,0,0,1,8,0,17,0,1,13,99,l,1.018,7,1,l,1,1.018,17,0,17,0,1,,,,,,,,,,,,,
,,,,,,,,,,,,,,,,,332,2,2024-03-28_10h27.22.721,Symbol-E,2020.1.3,MacIntel,Firefox,Mozilla/5.0 (Macintosh; Intel Mac OS X 10.13; rv:109.0) Gecko/20100101 Firefox/115.0,60,,,,,,,,,,,,,,,,,,,,,,,,,,,,,,,,,,,,,,media/dcnb.png,0,0,Symb,a,RT,0,0,0,1,8,0,18,0,1,13,99,a,1.956,0,1,a,1,1.956,18,0,18,0,1,,,,,,,,,,,,,
,,,,,,,,,,,,,,,,,332,2,2024-03-28_10h27.22.721,Symbol-E,2020.1.3,MacIntel,Firefox,Mozilla/5.0 (Macintosh; Intel Mac OS X 10.13; rv:109.0) Gecko/20100101 Firefox/115.0,60,,,,,,,,,,,,,,,,,,,,,,,,,,,,,,,,,,,,,,media/dinb.png,6,2,Symb,i,RT,0,0,0,1,8,0,19,0,1,13,99,i,0.752,6,1,i,1,0.752,19,0,19,0,1,,,,,,,,,,,,,
,,,,,,,,,,,,,,,,,332,2,2024-03-28_10h27.22.721,Symbol-E,2020.1.3,MacIntel,Firefox,Mozilla/5.0 (Macintosh; Intel Mac OS X 10.13; rv:109.0) Gecko/20100101 Firefox/115.0,60,,,,,,,,,,,,,,,,,,,,,,,,,,,,,,,,,,,,,,media/dmnb.png,4,0,Symb,h,RT,0,0,0,1,8,0,20,0,1,13,99,h,1.19,4,1,h,1,1.19,20,0,20,0,1,,,,,,,,,,,,,
,,,,,,,,,,,,,,,,,332,2,2024-03-28_10h27.22.721,Symbol-E,2020.1.3,MacIntel,Firefox,Mozilla/5.0 (Macintosh; Intel Mac OS X 10.13; rv:109.0) Gecko/20100101 Firefox/115.0,60,,,,,,,,,,,,,,,,,,,,,,,,,,,,,,,,,,,,,,media/dcnb.png,0,0,Symb,a,RT,0,0,0,1,8,0,21,0,1,13,99,a,1.203,0,1,a,1,1.203,21,0,21,0,1,,,,,,,,,,,,,
,,,,,,,,,,,,,,,,,332,2,2024-03-28_10h27.22.721,Symbol-E,2020.1.3,MacIntel,Firefox,Mozilla/5.0 (Macintosh; Intel Mac OS X 10.13; rv:109.0) Gecko/20100101 Firefox/115.0,60,,,,,,,,,,,,,,,,,,,,,,,,,,,,,,,,,,,,,,media/dfnb.png,3,3,Symb,f,RT,0,0,0,1,8,0,22,0,1,13,99,f,0.872,3,1,f,1,0.872,22,0,22,0,1,,,,,,,,,,,,,
,,,,,,,,,,,,,,,,,332,2,2024-03-28_10h27.22.721,Symbol-E,2020.1.3,MacIntel,Firefox,Mozilla/5.0 (Macintosh; Intel Mac OS X 10.13; rv:109.0) Gecko/20100101 Firefox/115.0,60,,,,,,,,,,,,,,,,,,,,,,,,,,,,,,,,,,,,,,media/dgnb.png,2,2,Symb,e,RT,0,0,0,1,8,0,23,0,1,13,99,e,1.005,2,1,e,1,1.005,23,0,23,0,1,,,,,,,,,,,,,
,,,,,,,,,,,,,,,,,332,2,2024-03-28_10h27.22.721,Symbol-E,2020.1.3,MacIntel,Firefox,Mozilla/5.0 (Macintosh; Intel Mac OS X 10.13; rv:109.0) Gecko/20100101 Firefox/115.0,60,,,,,,,,,,,,,,,,,,,,,,,,,,,,,,,,,,,,,,media/dgnb.png,2,2,Symb,e,RT,0,0,0,1,8,0,24,0,1,13,99,e,0.554,2,1,e,1,0.554,24,0,24,0,1,,,,,,,,,,,,,
,,,,,,,,,,,,,,,,,332,2,2024-03-28_10h27.22.721,Symbol-E,2020.1.3,MacIntel,Firefox,Mozilla/5.0 (Macintosh; Intel Mac OS X 10.13; rv:109.0) Gecko/20100101 Firefox/115.0,60,,,,,,,,,,,,,,,,,,,,,,,,,,,,,,,,,,,,,,media/dinb.png,6,2,Symb,i,RT,0,0,0,1,8,0,25,0,1,13,99,i,0.887,6,1,i,1,0.887,25,0,25,0,1,,,,,,,,,,,,,
,,,,,,,,,,,,,,,,,332,2,2024-03-28_10h27.22.721,Symbol-E,2020.1.3,MacIntel,Firefox,Mozilla/5.0 (Macintosh; Intel Mac OS X 10.13; rv:109.0) Gecko/20100101 Firefox/115.0,60,,,,,,,,,,,,,,,,,,,,,,,,,,,,,,,,,,,,,,media/djnb.png,1,1,Symb,w,RT,0,0,0,1,8,0,26,0,1,13,99,w,2.259,1,1,w,1,2.259,26,0,26,0,1,,,,,,,,,,,,,
,,,,,,,,,,,,,,,,,332,2,2024-03-28_10h27.22.721,Symbol-E,2020.1.3,MacIntel,Firefox,Mozilla/5.0 (Macintosh; Intel Mac OS X 10.13; rv:109.0) Gecko/20100101 Firefox/115.0,60,,,,,,,,,,,,,,,,,,,,,,,,,,,,,,,,,,,,,,media/ddnb.png,5,1,Symb,u,RT,0,0,0,1,8,0,27,0,1,13,99,u,5.049,5,1,u,1,5.049,27,0,27,0,1,,,,,,,,,,,,,
,,,,,,,,,,,,,,,,,332,2,2024-03-28_10h27.22.721,Symbol-E,2020.1.3,MacIntel,Firefox,Mozilla/5.0 (Macintosh; Intel Mac OS X 10.13; rv:109.0) Gecko/20100101 Firefox/115.0,60,,,,,,,,,,,,,,,,,,,,,,,,,,,,,,,,,,,,,,media/ddnb.png,5,1,Symb,u,RT,0,0,0,1,8,0,28,0,1,13,99,u,0.771,5,1,u,1,0.771,28,0,28,0,1,,,,,,,,,,,,,
,,,,,,,,,,,,,,,,,332,2,2024-03-28_10h27.22.721,Symbol-E,2020.1.3,MacIntel,Firefox,Mozilla/5.0 (Macintosh; Intel Mac OS X 10.13; rv:109.0) Gecko/20100101 Firefox/115.0,60,,,,,,,,,,,,,,,,,,,,,,,,,,,,,,,,,,,,,,media/dmnb.png,4,0,Symb,h,RT,0,0,0,1,8,0,29,0,1,13,99,h,3.862,4,1,h,1,3.862,29,0,29,0,1,,,,,,,,,,,,,
,,,,,,,,,,,,,,,,,332,2,2024-03-28_10h27.22.721,Symbol-E,2020.1.3,MacIntel,Firefox,Mozilla/5.0 (Macintosh; Intel Mac OS X 10.13; rv:109.0) Gecko/20100101 Firefox/115.0,60,,,,,,,,,,,,,,,,,,,,,,,,,,,,,,,,,,,,,,media/dnnb.png,7,3,Symb,l,RT,0,0,0,1,8,0,30,0,1,13,99,l,1.071,7,1,l,1,1.071,30,0,30,0,1,,,,,,,,,,,,,
,,,,,,,,,,,,,,,,,332,2,2024-03-28_10h27.22.721,Symbol-E,2020.1.3,MacIntel,Firefox,Mozilla/5.0 (Macintosh; Intel Mac OS X 10.13; rv:109.0) Gecko/20100101 Firefox/115.0,60,,,,,,,,,,,,,,,,,,,,,,,,,,,,,,,,,,,,,,media/dfnb.png,3,3,Symb,f,RT,0,0,0,1,8,0,31,0,1,13,99,f,0.89,3,1,f,1,0.89,31,0,31,0,1,,,,,,,,,,,,,
,,,,,,,,,,,,,,,,,332,2,2024-03-28_10h27.22.721,Symbol-E,2020.1.3,MacIntel,Firefox,Mozilla/5.0 (Macintosh; Intel Mac OS X 10.13; rv:109.0) Gecko/20100101 Firefox/115.0,60,,,,,,,,,,,,,,,,,,,,,,,,,,,,,,,,,,,,,,media/djnb.png,1,1,Symb,w,RT,0,0,0,1,8,0,32,0,1,13,99,w,0.824,1,1,w,1,0.824,32,0,32,0,1,,,,,,,,,,,,,
,,,,,,,,,,,,,,,,,332,2,2024-03-28_10h27.22.721,Symbol-E,2020.1.3,MacIntel,Firefox,Mozilla/5.0 (Macintosh; Intel Mac OS X 10.13; rv:109.0) Gecko/20100101 Firefox/115.0,60,,,,,,,,,,,,,,,,,,,,,,,,,,,,,,,,,,,,,,media/dnnb.png,7,3,Symb,l,RT,0,0,0,1,8,0,33,0,1,13,99,l,1.069,7,1,l,1,1.069,33,0,33,0,1,,,,,,,,,,,,,
,,,,,,,,,,,,,,,,,332,2,2024-03-28_10h27.22.721,Symbol-E,2020.1.3,MacIntel,Firefox,Mozilla/5.0 (Macintosh; Intel Mac OS X 10.13; rv:109.0) Gecko/20100101 Firefox/115.0,60,,,,,,,,,,,,,,,,,,,,,,,,,,,,,,,,,,,,,,media/ddnb.png,5,1,Symb,u,RT,0,0,0,1,8,0,34,0,1,13,99,u,0.853,5,1,u,1,0.853,34,0,34,0,1,,,,,,,,,,,,,
,,,,,,,,,,,,,,,,,332,2,2024-03-28_10h27.22.721,Symbol-E,2020.1.3,MacIntel,Firefox,Mozilla/5.0 (Macintosh; Intel Mac OS X 10.13; rv:109.0) Gecko/20100101 Firefox/115.0,60,,,,,,,,,,,,,,,,,,,,,,,,,,,,,,,,,,,,,,media/djnb.png,1,1,Symb,w,RT,0,0,0,1,8,0,35,0,1,13,99,w,0.739,1,1,w,1,0.739,35,0,35,0,1,,,,,,,,,,,,,
,,,,,,,,,,,,,,,,,332,2,2024-03-28_10h27.22.721,Symbol-E,2020.1.3,MacIntel,Firefox,Mozilla/5.0 (Macintosh; Intel Mac OS X 10.13; rv:109.0) Gecko/20100101 Firefox/115.0,60,,,,,,,,,,,,,,,,,,,,,,,,,,,,,,,,,,,,,,media/dgnb.png,2,2,Symb,e,RT,0,0,0,1,8,0,36,0,1,13,99,e,0.802,2,1,e,1,0.802,36,0,36,0,1,,,,,,,,,,,,,
,,,,,,,,,,,,,,,,,332,2,2024-03-28_10h27.22.721,Symbol-E,2020.1.3,MacIntel,Firefox,Mozilla/5.0 (Macintosh; Intel Mac OS X 10.13; rv:109.0) Gecko/20100101 Firefox/115.0,60,,,,,,,,,,,,,,,,,,,,,,,,,,,,,,,,,,,,,,media/dnnb.png,7,3,Symb,l,RT,0,0,0,1,8,0,37,0,1,13,99,l,1.069,7,1,l,1,1.069,37,0,37,0,1,,,,,,,,,,,,,
,,,,,,,,,,,,,,,,,332,2,2024-03-28_10h27.22.721,Symbol-E,2020.1.3,MacIntel,Firefox,Mozilla/5.0 (Macintosh; Intel Mac OS X 10.13; rv:109.0) Gecko/20100101 Firefox/115.0,60,,,,,,,,,,,,,,,,,,,,,,,,,,,,,,,,,,,,,,media/dinb.png,6,2,Symb,i,RT,0,0,0,1,8,0,38,0,1,13,99,i,0.688,6,1,i,1,0.688,38,0,38,0,1,,,,,,,,,,,,,
,,,,,,,,,,,,,,,,,332,2,2024-03-28_10h27.22.721,Symbol-E,2020.1.3,MacIntel,Firefox,Mozilla/5.0 (Macintosh; Intel Mac OS X 10.13; rv:109.0) Gecko/20100101 Firefox/115.0,60,,,,,,,,,,,,,,,,,,,,,,,,,,,,,,,,,,,,,,media/dinb.png,6,2,Symb,i,RT,0,0,0,1,8,0,39,0,1,13,99,i,0.523,6,1,i,1,0.523,39,0,39,0,1,,,,,,,,,,,,,
,,,,,,,,,,,,,,,,,332,2,2024-03-28_10h27.22.721,Symbol-E,2020.1.3,MacIntel,Firefox,Mozilla/5.0 (Macintosh; Intel Mac OS X 10.13; rv:109.0) Gecko/20100101 Firefox/115.0,60,,,,,,,,,,,,,,,,,,,,,,,,,,,,,,,,,,,,,,media/dfnb.png,3,3,Symb,f,RT,0,0,0,1,8,0,40,0,1,13,99,f,1.04,3,1,f,1,1.04,40,0,40,0,1,,,,,,,,,,,,,
,,,,,,,,,,,,,,,,,332,2,2024-03-28_10h27.22.721,Symbol-E,2020.1.3,MacIntel,Firefox,Mozilla/5.0 (Macintosh; Intel Mac OS X 10.13; rv:109.0) Gecko/20100101 Firefox/115.0,60,,,,,,,,,,,,,,,,,,,,,,,,,,,,,,,,,,,,,,media/dcnb.png,0,0,Symb,a,RT,0,0,0,1,8,0,41,0,1,13,99,a,0.869,0,1,a,1,0.869,41,0,41,0,1,,,,,,,,,,,,,
,,,,,,,,,,,,,,,,,332,2,2024-03-28_10h27.22.721,Symbol-E,2020.1.3,MacIntel,Firefox,Mozilla/5.0 (Macintosh; Intel Mac OS X 10.13; rv:109.0) Gecko/20100101 Firefox/115.0,60,,,,,,,,,,,,,,,,,,,,,,,,,,,,,,,,,,,,,,media/dgnb.png,2,2,Symb,e,RT,0,0,0,1,8,0,42,0,1,13,99,e,0.887,2,1,e,1,0.887,42,0,42,0,1,,,,,,,,,,,,,
,,,,,,,,,,,,,,,,,332,2,2024-03-28_10h27.22.721,Symbol-E,2020.1.3,MacIntel,Firefox,Mozilla/5.0 (Macintosh; Intel Mac OS X 10.13; rv:109.0) Gecko/20100101 Firefox/115.0,60,,,,,,,,,,,,,,,,,,,,,,,,,,,,,,,,,,,,,,media/dmnb.png,4,0,Symb,h,RT,0,0,0,1,8,0,43,0,1,13,99,h,1.236,4,1,h,1,1.236,43,0,43,0,1,,,,,,,,,,,,,
,,,,,,,,,,,,,,,,,332,2,2024-03-28_10h27.22.721,Symbol-E,2020.1.3,MacIntel,Firefox,Mozilla/5.0 (Macintosh; Intel Mac OS X 10.13; rv:109.0) Gecko/20100101 Firefox/115.0,60,,,,,,,,,,,,,,,,,,,,,,,,,,,,,,,,,,,,,,media/dcnb.png,0,0,Symb,a,RT,0,0,0,1,8,0,44,0,1,13,99,a,0.903,0,1,a,1,0.903,44,0,44,0,1,,,,,,,,,,,,,
,,,,,,,,,,,,,,,,,332,2,2024-03-28_10h27.22.721,Symbol-E,2020.1.3,MacIntel,Firefox,Mozilla/5.0 (Macintosh; Intel Mac OS X 10.13; rv:109.0) Gecko/20100101 Firefox/115.0,60,,,,,,,,,,,,,,,,,,,,,,,,,,,,,,,,,,,,,,media/dmnb.png,4,0,Symb,h,RT,0,0,0,1,8,0,45,0,1,13,99,h,0.823,4,1,h,1,0.823,45,0,45,0,1,,,,,,,,,,,,,
,,,,,,,,,,,,,,,,,332,2,2024-03-28_10h27.22.721,Symbol-E,2020.1.3,MacIntel,Firefox,Mozilla/5.0 (Macintosh; Intel Mac OS X 10.13; rv:109.0) Gecko/20100101 Firefox/115.0,60,,,,,,,,,,,,,,,,,,,,,,,,,,,,,,,,,,,,,,media/dfnb.png,3,3,Symb,f,RT,0,0,0,1,8,0,46,0,1,13,99,l,1.221,7,0,l,0,1.221,46,0,46,0,1,,,,,,,,,,,,,
,,,,,,,,,,,,,,,,,332,2,2024-03-28_10h27.22.721,Symbol-E,2020.1.3,MacIntel,Firefox,Mozilla/5.0 (Macintosh; Intel Mac OS X 10.13; rv:109.0) Gecko/20100101 Firefox/115.0,60,,,,,,,,,,,,,,,,,,,,,,,,,,,,,,,,,,,,,,media/ddnb.png,5,1,Symb,u,RT,0,0,0,1,8,0,47,0,1,13,99,u,0.953,5,1,u,1,0.953,47,0,47,0,1,,,,,,,,,,,,,
,,,,,,,,,,,,,,,,,332,2,2024-03-28_10h27.22.721,Symbol-E,2020.1.3,MacIntel,Firefox,Mozilla/5.0 (Macintosh; Intel Mac OS X 10.13; rv:109.0) Gecko/20100101 Firefox/115.0,60,,,,,,,,,,,,,,,,,,,,,,,,,,,,,,,,,,,,,,media/dfnb.png,3,3,Symb,f,RT,0,0,0,1,8,0,48,0,1,13,99,f,1.074,3,1,f,1,1.074,48,0,48,0,1,,,,,,,,,,,,,
,,,,,,,,,,,,,,,,,332,2,2024-03-28_10h27.22.721,Symbol-E,2020.1.3,MacIntel,Firefox,Mozilla/5.0 (Macintosh; Intel Mac OS X 10.13; rv:109.0) Gecko/20100101 Firefox/115.0,60,,,,,,,,,,,,,,,,,,,,,,,,,,,,,,,,,,,,,,media/dnnb.png,7,3,Symb,l,RT,0,0,0,1,8,0,49,0,1,13,99,l,0.954,7,1,l,1,0.954,49,0,49,0,1,,,,,,,,,,,,,
,,,,,,,,,,,,,,,,,332,2,2024-03-28_10h27.22.721,Symbol-E,2020.1.3,MacIntel,Firefox,Mozilla/5.0 (Macintosh; Intel Mac OS X 10.13; rv:109.0) Gecko/20100101 Firefox/115.0,60,,,,,,,,,,,,,,,,,,,,,,,,,,,,,,,,,,,,,,media/ddnb.png,5,1,Symb,u,RT,0,0,0,1,8,0,50,0,1,13,99,u,0.853,5,1,u,1,0.853,50,0,50,0,1,,,,,,,,,,,,,
,,,,,,,,,,,,,,,,,332,2,2024-03-28_10h27.22.721,Symbol-E,2020.1.3,MacIntel,Firefox,Mozilla/5.0 (Macintosh; Intel Mac OS X 10.13; rv:109.0) Gecko/20100101 Firefox/115.0,60,,,,,,,,,,,,,,,,,,,,,,,,,,,,,,,,,,,,,,media/djnb.png,1,1,Symb,w,RT,0,0,0,1,8,0,51,0,1,13,99,w,0.892,1,1,w,1,0.892,51,0,51,0,1,,,,,,,,,,,,,
,,,,,,,,,,,,,,,,,332,2,2024-03-28_10h27.22.721,Symbol-E,2020.1.3,MacIntel,Firefox,Mozilla/5.0 (Macintosh; Intel Mac OS X 10.13; rv:109.0) Gecko/20100101 Firefox/115.0,60,,,,,,,,,,,,,,,,,,,,,,,,,,,,,,,,,,,,,,media/dinb.png,6,2,Symb,i,RT,0,0,0,1,8,0,52,0,1,13,99,u,0.786,5,0,u,0,0.786,52,0,52,0,1,,,,,,,,,,,,,
,,,,,,,,,,,,,,,,,332,2,2024-03-28_10h27.22.721,Symbol-E,2020.1.3,MacIntel,Firefox,Mozilla/5.0 (Macintosh; Intel Mac OS X 10.13; rv:109.0) Gecko/20100101 Firefox/115.0,60,,,,,,,,,,,,,,,,,,,,,,,,,,,,,,,,,,,,,,media/ddnb.png,5,1,Symb,u,RT,0,0,0,1,8,0,53,0,1,13,99,u,0.819,5,1,u,1,0.819,53,0,53,0,1,,,,,,,,,,,,,
,,,,,,,,,,,,,,,,,332,2,2024-03-28_10h27.22.721,Symbol-E,2020.1.3,MacIntel,Firefox,Mozilla/5.0 (Macintosh; Intel Mac OS X 10.13; rv:109.0) Gecko/20100101 Firefox/115.0,60,,,,,,,,,,,,,,,,,,,,,,,,,,,,,,,,,,,,,,media/dmnb.png,4,0,Symb,h,RT,0,0,0,1,8,0,54,0,1,13,99,h,1.771,4,1,h,1,1.771,54,0,54,0,1,,,,,,,,,,,,,
,,,,,,,,,,,,,,,,,332,2,2024-03-28_10h27.22.721,Symbol-E,2020.1.3,MacIntel,Firefox,Mozilla/5.0 (Macintosh; Intel Mac OS X 10.13; rv:109.0) Gecko/20100101 Firefox/115.0,60,,,,,,,,,,,,,,,,,,,,,,,,,,,,,,,,,,,,,,media/dmnb.png,4,0,Symb,h,RT,0,0,0,1,8,0,55,0,1,13,99,h,0.586,4,1,h,1,0.586,55,0,55,0,1,,,,,,,,,,,,,
,,,,,,,,,,,,,,,,,332,2,2024-03-28_10h27.22.721,Symbol-E,2020.1.3,MacIntel,Firefox,Mozilla/5.0 (Macintosh; Intel Mac OS X 10.13; rv:109.0) Gecko/20100101 Firefox/115.0,60,,,,,,,,,,,,,,,,,,,,,,,,,,,,,,,,,,,,,,media/djnb.png,1,1,Symb,w,RT,0,0,0,1,8,0,56,0,1,13,99,w,0.802,1,1,w,1,0.802,56,0,56,0,1,,,,,,,,,,,,,
,,,,,,,,,,,,,,,,,332,2,2024-03-28_10h27.22.721,Symbol-E,2020.1.3,MacIntel,Firefox,Mozilla/5.0 (Macintosh; Intel Mac OS X 10.13; rv:109.0) Gecko/20100101 Firefox/115.0,60,,,,,,,,,,,,,,,,,,,,,,,,,,,,,,,,,,,,,,media/dgnb.png,2,2,Symb,e,RT,0,0,0,1,8,0,57,0,1,13,99,e,0.905,2,1,e,1,0.905,57,0,57,0,1,,,,,,,,,,,,,
,,,,,,,,,,,,,,,,,332,2,2024-03-28_10h27.22.721,Symbol-E,2020.1.3,MacIntel,Firefox,Mozilla/5.0 (Macintosh; Intel Mac OS X 10.13; rv:109.0) Gecko/20100101 Firefox/115.0,60,,,,,,,,,,,,,,,,,,,,,,,,,,,,,,,,,,,,,,media/dinb.png,6,2,Symb,i,RT,0,0,0,1,8,0,58,0,1,13,99,i,0.803,6,1,i,1,0.803,58,0,58,0,1,,,,,,,,,,,,,
,,,,,,,,,,,,,,,,,332,2,2024-03-28_10h27.22.721,Symbol-E,2020.1.3,MacIntel,Firefox,Mozilla/5.0 (Macintosh; Intel Mac OS X 10.13; rv:109.0) Gecko/20100101 Firefox/115.0,60,,,,,,,,,,,,,,,,,,,,,,,,,,,,,,,,,,,,,,media/dnnb.png,7,3,Symb,l,RT,0,0,0,1,8,0,59,0,1,13,99,l,2.394,7,1,l,1,2.394,59,0,59,0,1,,,,,,,,,,,,,
,,,,,,,,,,,,,,,,,332,2,2024-03-28_10h27.22.721,Symbol-E,2020.1.3,MacIntel,Firefox,Mozilla/5.0 (Macintosh; Intel Mac OS X 10.13; rv:109.0) Gecko/20100101 Firefox/115.0,60,,,,,,,,,,,,,,,,,,,,,,,,,,,,,,,,,,,,,,media/dcnb.png,0,0,Symb,a,RT,0,0,0,1,8,0,60,0,1,13,99,a,4.277,0,1,a,1,4.277,60,0,60,0,1,,,,,,,,,,,,,
,,,,,,,,,,,,,,,,,332,2,2024-03-28_10h27.22.721,Symbol-E,2020.1.3,MacIntel,Firefox,Mozilla/5.0 (Macintosh; Intel Mac OS X 10.13; rv:109.0) Gecko/20100101 Firefox/115.0,60,,,,,,,,,,,,,,,,,,,,,,,,,,,,,,,,,,,,,,media/dgnb.png,2,2,Symb,e,RT,0,0,0,1,8,0,61,0,1,13,99,e,0.82,2,1,e,1,0.82,61,0,61,0,1,,,,,,,,,,,,,
,,,,,,,,,,,,,,,,,332,2,2024-03-28_10h27.22.721,Symbol-E,2020.1.3,MacIntel,Firefox,Mozilla/5.0 (Macintosh; Intel Mac OS X 10.13; rv:109.0) Gecko/20100101 Firefox/115.0,60,,,,,,,,,,,,,,,,,,,,,,,,,,,,,,,,,,,,,,media/dfnb.png,3,3,Symb,f,RT,0,0,0,1,8,0,62,0,1,13,99,h,1.21,4,0,h,0,1.21,62,0,62,0,1,,,,,,,,,,,,,
,,,,,,,,,,,,,,,,,332,2,2024-03-28_10h27.22.721,Symbol-E,2020.1.3,MacIntel,Firefox,Mozilla/5.0 (Macintosh; Intel Mac OS X 10.13; rv:109.0) Gecko/20100101 Firefox/115.0,60,,,,,,,,,,,,,,,,,,,,,,,,,,,,,,,,,,,,,,media/dcnb.png,0,0,Symb,a,RT,0,0,0,1,8,0,63,0,1,13,99,a,1.073,0,1,a,1,1.073,63,0,63,0,1,,,,,,,,,,,,,
,,,,,,,,,,,,,,,,,332,2,2024-03-28_10h27.22.721,Symbol-E,2020.1.3,MacIntel,Firefox,Mozilla/5.0 (Macintosh; Intel Mac OS X 10.13; rv:109.0) Gecko/20100101 Firefox/115.0,60,,,,,,,,,,,,,,,,,,,,,,,,,,,,,,,,,,,,,,media/ddnb.png,5,1,Symb,u,RT,0,0,0,1,8,0,64,0,1,13,99,u,0.956,5,1,u,1,0.956,64,0,64,0,1,,,,,,,,,,,,,
,,,,,,,,,,,,,,,,,332,2,2024-03-28_10h27.22.721,Symbol-E,2020.1.3,MacIntel,Firefox,Mozilla/5.0 (Macintosh; Intel Mac OS X 10.13; rv:109.0) Gecko/20100101 Firefox/115.0,60,,,,,,,,,,,,,,,,,,,,,,,,,,,,,,,,,,,,,,media/dgnb.png,2,2,Symb,e,RT,0,0,0,1,8,0,65,0,1,13,99,e,0.956,2,1,e,1,0.956,65,0,65,0,1,,,,,,,,,,,,,
,,,,,,,,,,,,,,,,,332,2,2024-03-28_10h27.22.721,Symbol-E,2020.1.3,MacIntel,Firefox,Mozilla/5.0 (Macintosh; Intel Mac OS X 10.13; rv:109.0) Gecko/20100101 Firefox/115.0,60,,,,,,,,,,,,,,,,,,,,,,,,,,,,,,,,,,,,,,media/djnb.png,1,1,Symb,w,RT,0,0,0,1,8,0,66,0,1,13,99,w,3.39,1,1,w,1,3.39,66,0,66,0,1,,,,,,,,,,,,,
,,,,,,,,,,,,,,,,,332,2,2024-03-28_10h27.22.721,Symbol-E,2020.1.3,MacIntel,Firefox,Mozilla/5.0 (Macintosh; Intel Mac OS X 10.13; rv:109.0) Gecko/20100101 Firefox/115.0,60,,,,,,,,,,,,,,,,,,,,,,,,,,,,,,,,,,,,,,media/dmnb.png,4,0,Symb,h,RT,0,0,0,1,8,0,67,0,1,13,99,h,1.103,4,1,h,1,1.103,67,0,67,0,1,,,,,,,,,,,,,
,,,,,,,,,,,,,,,,,332,2,2024-03-28_10h27.22.721,Symbol-E,2020.1.3,MacIntel,Firefox,Mozilla/5.0 (Macintosh; Intel Mac OS X 10.13; rv:109.0) Gecko/20100101 Firefox/115.0,60,,,,,,,,,,,,,,,,,,,,,,,,,,,,,,,,,,,,,,media/dmnb.png,4,0,Symb,h,RT,0,0,0,1,8,0,68,0,1,13,99,h,0.522,4,1,h,1,0.522,68,0,68,0,1,,,,,,,,,,,,,
,,,,,,,,,,,,,,,,,332,2,2024-03-28_10h27.22.721,Symbol-E,2020.1.3,MacIntel,Firefox,Mozilla/5.0 (Macintosh; Intel Mac OS X 10.13; rv:109.0) Gecko/20100101 Firefox/115.0,60,,,,,,,,,,,,,,,,,,,,,,,,,,,,,,,,,,,,,,media/dcnb.png,0,0,Symb,a,RT,0,0,0,1,8,0,69,0,1,13,99,a,1.339,0,1,a,1,1.339,69,0,69,0,1,,,,,,,,,,,,,
,,,,,,,,,,,,,,,,,332,2,2024-03-28_10h27.22.721,Symbol-E,2020.1.3,MacIntel,Firefox,Mozilla/5.0 (Macintosh; Intel Mac OS X 10.13; rv:109.0) Gecko/20100101 Firefox/115.0,60,,,,,,,,,,,,,,,,,,,,,,,,,,,,,,,,,,,,,,media/dfnb.png,3,3,Symb,f,RT,0,0,0,1,8,0,70,0,1,13,99,f,1.187,3,1,f,1,1.187,70,0,70,0,1,,,,,,,,,,,,,
,,,,,,,,,,,,,,,,,332,2,2024-03-28_10h27.22.721,Symbol-E,2020.1.3,MacIntel,Firefox,Mozilla/5.0 (Macintosh; Intel Mac OS X 10.13; rv:109.0) Gecko/20100101 Firefox/115.0,60,,,,,,,,,,,,,,,,,,,,,,,,,,,,,,,,,,,,,,media/dfnb.png,3,3,Symb,f,RT,0,0,0,1,8,0,71,0,1,13,99,f,0.435,3,1,f,1,0.435,71,0,71,0,1,,,,,,,,,,,,,
,,,,,,,,,,,,,,,,,332,2,2024-03-28_10h27.22.721,Symbol-E,2020.1.3,MacIntel,Firefox,Mozilla/5.0 (Macintosh; Intel Mac OS X 10.13; rv:109.0) Gecko/20100101 Firefox/115.0,60,,,,,,,,,,,,,,,,,,,,,,,,,,,,,,,,,,,,,,media/dgnb.png,2,2,Symb,e,RT,0,0,0,1,8,0,72,0,1,13,99,w,0.852,1,0,w,0,0.852,72,0,72,0,1,,,,,,,,,,,,,
,,,,,,,,,,,,,,,,,332,2,2024-03-28_10h27.22.721,Symbol-E,2020.1.3,MacIntel,Firefox,Mozilla/5.0 (Macintosh; Intel Mac OS X 10.13; rv:109.0) Gecko/20100101 Firefox/115.0,60,,,,,,,,,,,,,,,,,,,,,,,,,,,,,,,,,,,,,,media/ddnb.png,5,1,Symb,u,RT,0,0,0,1,8,0,73,0,1,13,99,u,1.237,5,1,u,1,1.237,73,0,73,0,1,,,,,,,,,,,,,
,,,,,,,,,,,,,,,,,332,2,2024-03-28_10h27.22.721,Symbol-E,2020.1.3,MacIntel,Firefox,Mozilla/5.0 (Macintosh; Intel Mac OS X 10.13; rv:109.0) Gecko/20100101 Firefox/115.0,60,,,,,,,,,,,,,,,,,,,,,,,,,,,,,,,,,,,,,,media/dinb.png,6,2,Symb,i,RT,0,0,0,1,8,0,74,0,1,13,99,i,1.36,6,1,i,1,1.36,74,0,74,0,1,,,,,,,,,,,,,
,,,,,,,,,,,,,,,,,332,2,2024-03-28_10h27.22.721,Symbol-E,2020.1.3,MacIntel,Firefox,Mozilla/5.0 (Macintosh; Intel Mac OS X 10.13; rv:109.0) Gecko/20100101 Firefox/115.0,60,,,,,,,,,,,,,,,,,,,,,,,,,,,,,,,,,,,,,,media/dcnb.png,0,0,Symb,a,RT,0,0,0,1,8,0,75,0,1,13,99,a,1.253,0,1,a,1,1.253,75,0,75,0,1,,,,,,,,,,,,,
,,,,,,,,,,,,,,,,,332,2,2024-03-28_10h27.22.721,Symbol-E,2020.1.3,MacIntel,Firefox,Mozilla/5.0 (Macintosh; Intel Mac OS X 10.13; rv:109.0) Gecko/20100101 Firefox/115.0,60,,,,,,,,,,,,,,,,,,,,,,,,,,,,,,,,,,,,,,media/dnnb.png,7,3,Symb,l,RT,0,0,0,1,8,0,76,0,1,13,99,l,0.935,7,1,l,1,0.935,76,0,76,0,1,,,,,,,,,,,,,
,,,,,,,,,,,,,,,,,332,2,2024-03-28_10h27.22.721,Symbol-E,2020.1.3,MacIntel,Firefox,Mozilla/5.0 (Macintosh; Intel Mac OS X 10.13; rv:109.0) Gecko/20100101 Firefox/115.0,60,,,,,,,,,,,,,,,,,,,,,,,,,,,,,,,,,,,,,,media/dinb.png,6,2,Symb,i,RT,0,0,0,1,8,0,77,0,1,13,99,i,0.702,6,1,i,1,0.702,77,0,77,0,1,,,,,,,,,,,,,
,,,,,,,,,,,,,,,,,332,2,2024-03-28_10h27.22.721,Symbol-E,2020.1.3,MacIntel,Firefox,Mozilla/5.0 (Macintosh; Intel Mac OS X 10.13; rv:109.0) Gecko/20100101 Firefox/115.0,60,,,,,,,,,,,,,,,,,,,,,,,,,,,,,,,,,,,,,,media/djnb.png,1,1,Symb,w,RT,0,0,0,1,8,0,78,0,1,13,99,w,0.787,1,1,w,1,0.787,78,0,78,0,1,,,,,,,,,,,,,
,,,,,,,,,,,,,,,,,332,2,2024-03-28_10h27.22.721,Symbol-E,2020.1.3,MacIntel,Firefox,Mozilla/5.0 (Macintosh; Intel Mac OS X 10.13; rv:109.0) Gecko/20100101 Firefox/115.0,60,,,,,,,,,,,,,,,,,,,,,,,,,,,,,,,,,,,,,,media/dnnb.png,7,3,Symb,l,RT,0,0,0,1,8,0,79,0,1,13,99,l,1.755,7,1,l,1,1.755,79,0,79,0,1,,,,,,,,,,,,,
,,,,,,,,,,,,,,,,,332,2,2024-03-28_10h27.22.721,Symbol-E,2020.1.3,MacIntel,Firefox,Mozilla/5.0 (Macintosh; Intel Mac OS X 10.13; rv:109.0) Gecko/20100101 Firefox/115.0,60,,,,,,,,,,,,,,,,,,,,,,,,,,,,,,,,,,,,,,media/dmnb.png,4,0,Symb,h,RT,0,0,0,1,8,0,80,0,1,13,99,h,1.119,4,1,h,1,1.119,80,0,80,0,1,,,,,,,,,,,,,
,,,,,,,,,,,,,,,,,332,2,2024-03-28_10h27.22.721,Symbol-E,2020.1.3,MacIntel,Firefox,Mozilla/5.0 (Macintosh; Intel Mac OS X 10.13; rv:109.0) Gecko/20100101 Firefox/115.0,60,,,,,,,,,,,,,,,,,,,,,,,,,,,,,,,,,,,,,,media/dfnb.png,3,3,Symb,f,RT,0,0,0,1,8,0,81,0,1,13,99,f,0.973,3,1,f,1,0.973,81,0,81,0,1,,,,,,,,,,,,,
,,,,,,,,,,,,,,,,,332,2,2024-03-28_10h27.22.721,Symbol-E,2020.1.3,MacIntel,Firefox,Mozilla/5.0 (Macintosh; Intel Mac OS X 10.13; rv:109.0) Gecko/20100101 Firefox/115.0,60,,,,,,,,,,,,,,,,,,,,,,,,,,,,,,,,,,,,,,media/dnnb.png,7,3,Symb,l,RT,0,0,0,1,8,0,82,0,1,13,99,l,0.943,7,1,l,1,0.943,82,0,82,0,1,,,,,,,,,,,,,
,,,,,,,,,,,,,,,,,332,2,2024-03-28_10h27.22.721,Symbol-E,2020.1.3,MacIntel,Firefox,Mozilla/5.0 (Macintosh; Intel Mac OS X 10.13; rv:109.0) Gecko/20100101 Firefox/115.0,60,,,,,,,,,,,,,,,,,,,,,,,,,,,,,,,,,,,,,,media/dfnb.png,3,3,Symb,f,RT,0,0,0,1,8,0,83,0,1,13,99,f,0.838,3,1,f,1,0.838,83,0,83,0,1,,,,,,,,,,,,,
,,,,,,,,,,,,,,,,,332,2,2024-03-28_10h27.22.721,Symbol-E,2020.1.3,MacIntel,Firefox,Mozilla/5.0 (Macintosh; Intel Mac OS X 10.13; rv:109.0) Gecko/20100101 Firefox/115.0,60,,,,,,,,,,,,,,,,,,,,,,,,,,,,,,,,,,,,,,media/dcnb.png,0,0,Symb,a,RT,0,0,0,1,8,0,84,0,1,13,99,a,0.802,0,1,a,1,0.802,84,0,84,0,1,,,,,,,,,,,,,
,,,,,,,,,,,,,,,,,332,2,2024-03-28_10h27.22.721,Symbol-E,2020.1.3,MacIntel,Firefox,Mozilla/5.0 (Macintosh; Intel Mac OS X 10.13; rv:109.0) Gecko/20100101 Firefox/115.0,60,,,,,,,,,,,,,,,,,,,,,,,,,,,,,,,,,,,,,,media/dinb.png,6,2,Symb,i,RT,0,0,0,1,8,0,85,0,1,13,99,i,0.852,6,1,i,1,0.852,85,0,85,0,1,,,,,,,,,,,,,
,,,,,,,,,,,,,,,,,332,2,2024-03-28_10h27.22.721,Symbol-E,2020.1.3,MacIntel,Firefox,Mozilla/5.0 (Macintosh; Intel Mac OS X 10.13; rv:109.0) Gecko/20100101 Firefox/115.0,60,,,,,,,,,,,,,,,,,,,,,,,,,,,,,,,,,,,,,,media/dgnb.png,2,2,Symb,e,RT,0,0,0,1,8,0,86,0,1,13,99,e,0.82,2,1,e,1,0.82,86,0,86,0,1,,,,,,,,,,,,,
,,,,,,,,,,,,,,,,,332,2,2024-03-28_10h27.22.721,Symbol-E,2020.1.3,MacIntel,Firefox,Mozilla/5.0 (Macintosh; Intel Mac OS X 10.13; rv:109.0) Gecko/20100101 Firefox/115.0,60,,,,,,,,,,,,,,,,,,,,,,,,,,,,,,,,,,,,,,media/dnnb.png,7,3,Symb,l,RT,0,0,0,1,8,0,87,0,1,13,99,l,1.252,7,1,l,1,1.252,87,0,87,0,1,,,,,,,,,,,,,
,,,,,,,,,,,,,,,,,332,2,2024-03-28_10h27.22.721,Symbol-E,2020.1.3,MacIntel,Firefox,Mozilla/5.0 (Macintosh; Intel Mac OS X 10.13; rv:109.0) Gecko/20100101 Firefox/115.0,60,,,,,,,,,,,,,,,,,,,,,,,,,,,,,,,,,,,,,,media/dcnb.png,0,0,Symb,a,RT,0,0,0,1,8,0,88,0,1,13,99,a,0.92,0,1,a,1,0.92,88,0,88,0,1,,,,,,,,,,,,,
,,,,,,,,,,,,,,,,,332,2,2024-03-28_10h27.22.721,Symbol-E,2020.1.3,MacIntel,Firefox,Mozilla/5.0 (Macintosh; Intel Mac OS X 10.13; rv:109.0) Gecko/20100101 Firefox/115.0,60,,,,,,,,,,,,,,,,,,,,,,,,,,,,,,,,,,,,,,media/dmnb.png,4,0,Symb,h,RT,0,0,0,1,8,0,89,0,1,13,99,h,0.874,4,1,h,1,0.874,89,0,89,0,1,,,,,,,,,,,,,
,,,,,,,,,,,,,,,,,332,2,2024-03-28_10h27.22.721,Symbol-E,2020.1.3,MacIntel,Firefox,Mozilla/5.0 (Macintosh; Intel Mac OS X 10.13; rv:109.0) Gecko/20100101 Firefox/115.0,60,,,,,,,,,,,,,,,,,,,,,,,,,,,,,,,,,,,,,,media/dgnb.png,2,2,Symb,e,RT,0,0,0,1,8,0,90,0,1,13,99,e,0.835,2,1,e,1,0.835,90,0,90,0,1,,,,,,,,,,,,,
,,,,,,,,,,,,,,,,,332,2,2024-03-28_10h27.22.721,Symbol-E,2020.1.3,MacIntel,Firefox,Mozilla/5.0 (Macintosh; Intel Mac OS X 10.13; rv:109.0) Gecko/20100101 Firefox/115.0,60,,,,,,,,,,,,,,,,,,,,,,,,,,,,,,,,,,,,,,media/djnb.png,1,1,Symb,w,RT,0,0,0,1,8,0,91,0,1,13,99,w,0.838,1,1,w,1,0.838,91,0,91,0,1,,,,,,,,,,,,,
,,,,,,,,,,,,,,,,,332,2,2024-03-28_10h27.22.721,Symbol-E,2020.1.3,MacIntel,Firefox,Mozilla/5.0 (Macintosh; Intel Mac OS X 10.13; rv:109.0) Gecko/20100101 Firefox/115.0,60,,,,,,,,,,,,,,,,,,,,,,,,,,,,,,,,,,,,,,media/djnb.png,1,1,Symb,w,RT,0,0,0,1,8,0,92,0,1,13,99,w,0.52,1,1,w,1,0.52,92,0,92,0,1,,,,,,,,,,,,,
,,,,,,,,,,,,,,,,,332,2,2024-03-28_10h27.22.721,Symbol-E,2020.1.3,MacIntel,Firefox,Mozilla/5.0 (Macintosh; Intel Mac OS X 10.13; rv:109.0) Gecko/20100101 Firefox/115.0,60,,,,,,,,,,,,,,,,,,,,,,,,,,,,,,,,,,,,,,media/ddnb.png,5,1,Symb,u,RT,0,0,0,1,8,0,93,0,1,13,99,u,0.973,5,1,u,1,0.973,93,0,93,0,1,,,,,,,,,,,,,
,,,,,,,,,,,,,,,,,332,2,2024-03-28_10h27.22.721,Symbol-E,2020.1.3,MacIntel,Firefox,Mozilla/5.0 (Macintosh; Intel Mac OS X 10.13; rv:109.0) Gecko/20100101 Firefox/115.0,60,,,,,,,,,,,,,,,,,,,,,,,,,,,,,,,,,,,,,,media/dinb.png,6,2,Symb,i,RT,0,0,0,1,8,0,94,0,1,13,99,i,0.773,6,1,i,1,0.773,94,0,94,0,1,,,,,,,,,,,,,
,,,,,,,,,,,,,,,,,332,2,2024-03-28_10h27.22.721,Symbol-E,2020.1.3,MacIntel,Firefox,Mozilla/5.0 (Macintosh; Intel Mac OS X 10.13; rv:109.0) Gecko/20100101 Firefox/115.0,60,,,,,,,,,,,,,,,,,,,,,,,,,,,,,,,,,,,,,,media/ddnb.png,5,1,Symb,u,RT,0,0,0,1,8,0,95,0,1,13,99,u,1.04,5,1,u,1,1.04,95,0,95,0,1,,,,,,,,,,,,,
,,,,,,,,,,,,,,,,,332,2,2024-03-28_10h27.22.721,Symbol-E,2020.1.3,MacIntel,Firefox,Mozilla/5.0 (Macintosh; Intel Mac OS X 10.13; rv:109.0) Gecko/20100101 Firefox/115.0,60,,,,,,,,,,,,,,,,,,,,,,,,,,,,,,,,,,,,,,,,,,,,,,,,,,,,,,,,,,,,,,,,,,,12,0,12,0,1,,,,,,,,
,,,,,,,,,,,,,,,,,332,2,2024-03-28_10h27.22.721,Symbol-E,2020.1.3,MacIntel,Firefox,Mozilla/5.0 (Macintosh; Intel Mac OS X 10.13; rv:109.0) Gecko/20100101 Firefox/115.0,60,,,,,,,,,,,,,,,,,,,,,,,,,,,,,,,,,,,,h,0.741,media/dinb.png,6,2,Symb,i,RT,0,0,0,1,8,0,0,0,1,14,99,i,0.737,6,1,i,1,0.737,0,0,0,0,1,,,,,,,,,,,,,
,,,,,,,,,,,,,,,,,332,2,2024-03-28_10h27.22.721,Symbol-E,2020.1.3,MacIntel,Firefox,Mozilla/5.0 (Macintosh; Intel Mac OS X 10.13; rv:109.0) Gecko/20100101 Firefox/115.0,60,,,,,,,,,,,,,,,,,,,,,,,,,,,,,,,,,,,,,,media/dgnb.png,2,2,Symb,e,RT,0,0,0,1,8,0,1,0,1,14,99,e,2.811,2,1,e,1,2.811,1,0,1,0,1,,,,,,,,,,,,,
,,,,,,,,,,,,,,,,,332,2,2024-03-28_10h27.22.721,Symbol-E,2020.1.3,MacIntel,Firefox,Mozilla/5.0 (Macintosh; Intel Mac OS X 10.13; rv:109.0) Gecko/20100101 Firefox/115.0,60,,,,,,,,,,,,,,,,,,,,,,,,,,,,,,,,,,,,,,media/dcnb.png,0,0,Symb,a,RT,0,0,0,1,8,0,2,0,1,14,99,a,3.045,0,1,a,1,3.045,2,0,2,0,1,,,,,,,,,,,,,
,,,,,,,,,,,,,,,,,332,2,2024-03-28_10h27.22.721,Symbol-E,2020.1.3,MacIntel,Firefox,Mozilla/5.0 (Macintosh; Intel Mac OS X 10.13; rv:109.0) Gecko/20100101 Firefox/115.0,60,,,,,,,,,,,,,,,,,,,,,,,,,,,,,,,,,,,,,,media/ddnb.png,5,1,Symb,u,RT,0,0,0,1,8,0,3,0,1,14,99,u,0.819,5,1,u,1,0.819,3,0,3,0,1,,,,,,,,,,,,,
,,,,,,,,,,,,,,,,,332,2,2024-03-28_10h27.22.721,Symbol-E,2020.1.3,MacIntel,Firefox,Mozilla/5.0 (Macintosh; Intel Mac OS X 10.13; rv:109.0) Gecko/20100101 Firefox/115.0,60,,,,,,,,,,,,,,,,,,,,,,,,,,,,,,,,,,,,,,media/dfnb.png,3,3,Symb,f,RT,0,0,0,1,8,0,4,0,1,14,99,f,0.886,3,1,f,1,0.886,4,0,4,0,1,,,,,,,,,,,,,
,,,,,,,,,,,,,,,,,332,2,2024-03-28_10h27.22.721,Symbol-E,2020.1.3,MacIntel,Firefox,Mozilla/5.0 (Macintosh; Intel Mac OS X 10.13; rv:109.0) Gecko/20100101 Firefox/115.0,60,,,,,,,,,,,,,,,,,,,,,,,,,,,,,,,,,,,,,,media/dcnb.png,0,0,Symb,a,RT,0,0,0,1,8,0,5,0,1,14,99,a,1.037,0,1,a,1,1.037,5,0,5,0,1,,,,,,,,,,,,,
,,,,,,,,,,,,,,,,,332,2,2024-03-28_10h27.22.721,Symbol-E,2020.1.3,MacIntel,Firefox,Mozilla/5.0 (Macintosh; Intel Mac OS X 10.13; rv:109.0) Gecko/20100101 Firefox/115.0,60,,,,,,,,,,,,,,,,,,,,,,,,,,,,,,,,,,,,,,media/djnb.png,1,1,Symb,w,RT,0,0,0,1,8,0,6,0,1,14,99,w,0.706,1,1,w,1,0.706,6,0,6,0,1,,,,,,,,,,,,,
,,,,,,,,,,,,,,,,,332,2,2024-03-28_10h27.22.721,Symbol-E,2020.1.3,MacIntel,Firefox,Mozilla/5.0 (Macintosh; Intel Mac OS X 10.13; rv:109.0) Gecko/20100101 Firefox/115.0,60,,,,,,,,,,,,,,,,,,,,,,,,,,,,,,,,,,,,,,media/dmnb.png,4,0,Symb,h,RT,0,0,0,1,8,0,7,0,1,14,99,h,0.988,4,1,h,1,0.988,7,0,7,0,1,,,,,,,,,,,,,
,,,,,,,,,,,,,,,,,332,2,2024-03-28_10h27.22.721,Symbol-E,2020.1.3,MacIntel,Firefox,Mozilla/5.0 (Macintosh; Intel Mac OS X 10.13; rv:109.0) Gecko/20100101 Firefox/115.0,60,,,,,,,,,,,,,,,,,,,,,,,,,,,,,,,,,,,,,,media/dnnb.png,7,3,Symb,l,RT,0,0,0,1,8,0,8,0,1,14,99,l,0.938,7,1,l,1,0.938,8,0,8,0,1,,,,,,,,,,,,,
,,,,,,,,,,,,,,,,,332,2,2024-03-28_10h27.22.721,Symbol-E,2020.1.3,MacIntel,Firefox,Mozilla/5.0 (Macintosh; Intel Mac OS X 10.13; rv:109.0) Gecko/20100101 Firefox/115.0,60,,,,,,,,,,,,,,,,,,,,,,,,,,,,,,,,,,,,,,media/dfnb.png,3,3,Symb,f,RT,0,0,0,1,8,0,9,0,1,14,99,f,1.103,3,1,f,1,1.103,9,0,9,0,1,,,,,,,,,,,,,
,,,,,,,,,,,,,,,,,332,2,2024-03-28_10h27.22.721,Symbol-E,2020.1.3,MacIntel,Firefox,Mozilla/5.0 (Macintosh; Intel Mac OS X 10.13; rv:109.0) Gecko/20100101 Firefox/115.0,60,,,,,,,,,,,,,,,,,,,,,,,,,,,,,,,,,,,,,,media/dinb.png,6,2,Symb,i,RT,0,0,0,1,8,0,10,0,1,14,99,i,1.035,6,1,i,1,1.035,10,0,10,0,1,,,,,,,,,,,,,
,,,,,,,,,,,,,,,,,332,2,2024-03-28_10h27.22.721,Symbol-E,2020.1.3,MacIntel,Firefox,Mozilla/5.0 (Macintosh; Intel Mac OS X 10.13; rv:109.0) Gecko/20100101 Firefox/115.0,60,,,,,,,,,,,,,,,,,,,,,,,,,,,,,,,,,,,,,,media/dgnb.png,2,2,Symb,e,RT,0,0,0,1,8,0,11,0,1,14,99,e,0.74,2,1,e,1,0.74,11,0,11,0,1,,,,,,,,,,,,,
,,,,,,,,,,,,,,,,,332,2,2024-03-28_10h27.22.721,Symbol-E,2020.1.3,MacIntel,Firefox,Mozilla/5.0 (Macintosh; Intel Mac OS X 10.13; rv:109.0) Gecko/20100101 Firefox/115.0,60,,,,,,,,,,,,,,,,,,,,,,,,,,,,,,,,,,,,,,media/dmnb.png,4,0,Symb,h,RT,0,0,0,1,8,0,12,0,1,14,99,h,0.769,4,1,h,1,0.769,12,0,12,0,1,,,,,,,,,,,,,
,,,,,,,,,,,,,,,,,332,2,2024-03-28_10h27.22.721,Symbol-E,2020.1.3,MacIntel,Firefox,Mozilla/5.0 (Macintosh; Intel Mac OS X 10.13; rv:109.0) Gecko/20100101 Firefox/115.0,60,,,,,,,,,,,,,,,,,,,,,,,,,,,,,,,,,,,,,,media/ddnb.png,5,1,Symb,u,RT,0,0,0,1,8,0,13,0,1,14,99,u,0.805,5,1,u,1,0.805,13,0,13,0,1,,,,,,,,,,,,,
,,,,,,,,,,,,,,,,,332,2,2024-03-28_10h27.22.721,Symbol-E,2020.1.3,MacIntel,Firefox,Mozilla/5.0 (Macintosh; Intel Mac OS X 10.13; rv:109.0) Gecko/20100101 Firefox/115.0,60,,,,,,,,,,,,,,,,,,,,,,,,,,,,,,,,,,,,,,media/dnnb.png,7,3,Symb,l,RT,0,0,0,1,8,0,14,0,1,14,99,l,0.922,7,1,l,1,0.922,14,0,14,0,1,,,,,,,,,,,,,
,,,,,,,,,,,,,,,,,332,2,2024-03-28_10h27.22.721,Symbol-E,2020.1.3,MacIntel,Firefox,Mozilla/5.0 (Macintosh; Intel Mac OS X 10.13; rv:109.0) Gecko/20100101 Firefox/115.0,60,,,,,,,,,,,,,,,,,,,,,,,,,,,,,,,,,,,,,,media/djnb.png,1,1,Symb,w,RT,0,0,0,1,8,0,15,0,1,14,99,w,0.769,1,1,w,1,0.769,15,0,15,0,1,,,,,,,,,,,,,
,,,,,,,,,,,,,,,,,332,2,2024-03-28_10h27.22.721,Symbol-E,2020.1.3,MacIntel,Firefox,Mozilla/5.0 (Macintosh; Intel Mac OS X 10.13; rv:109.0) Gecko/20100101 Firefox/115.0,60,,,,,,,,,,,,,,,,,,,,,,,,,,,,,,,,,,,,,,media/dnnb.png,7,3,Symb,l,RT,0,0,0,1,8,0,16,0,1,14,99,l,0.755,7,1,l,1,0.755,16,0,16,0,1,,,,,,,,,,,,,
,,,,,,,,,,,,,,,,,332,2,2024-03-28_10h27.22.721,Symbol-E,2020.1.3,MacIntel,Firefox,Mozilla/5.0 (Macintosh; Intel Mac OS X 10.13; rv:109.0) Gecko/20100101 Firefox/115.0,60,,,,,,,,,,,,,,,,,,,,,,,,,,,,,,,,,,,,,,media/ddnb.png,5,1,Symb,u,RT,0,0,0,1,8,0,17,0,1,14,99,u,0.855,5,1,u,1,0.855,17,0,17,0,1,,,,,,,,,,,,,
,,,,,,,,,,,,,,,,,332,2,2024-03-28_10h27.22.721,Symbol-E,2020.1.3,MacIntel,Firefox,Mozilla/5.0 (Macintosh; Intel Mac OS X 10.13; rv:109.0) Gecko/20100101 Firefox/115.0,60,,,,,,,,,,,,,,,,,,,,,,,,,,,,,,,,,,,,,,media/dfnb.png,3,3,Symb,f,RT,0,0,0,1,8,0,18,0,1,14,99,f,1.323,3,1,f,1,1.323,18,0,18,0,1,,,,,,,,,,,,,
,,,,,,,,,,,,,,,,,332,2,2024-03-28_10h27.22.721,Symbol-E,2020.1.3,MacIntel,Firefox,Mozilla/5.0 (Macintosh; Intel Mac OS X 10.13; rv:109.0) Gecko/20100101 Firefox/115.0,60,,,,,,,,,,,,,,,,,,,,,,,,,,,,,,,,,,,,,,media/dmnb.png,4,0,Symb,h,RT,0,0,0,1,8,0,19,0,1,14,99,h,0.836,4,1,h,1,0.836,19,0,19,0,1,,,,,,,,,,,,,
,,,,,,,,,,,,,,,,,332,2,2024-03-28_10h27.22.721,Symbol-E,2020.1.3,MacIntel,Firefox,Mozilla/5.0 (Macintosh; Intel Mac OS X 10.13; rv:109.0) Gecko/20100101 Firefox/115.0,60,,,,,,,,,,,,,,,,,,,,,,,,,,,,,,,,,,,,,,media/djnb.png,1,1,Symb,w,RT,0,0,0,1,8,0,20,0,1,14,99,w,0.788,1,1,w,1,0.788,20,0,20,0,1,,,,,,,,,,,,,
,,,,,,,,,,,,,,,,,332,2,2024-03-28_10h27.22.721,Symbol-E,2020.1.3,MacIntel,Firefox,Mozilla/5.0 (Macintosh; Intel Mac OS X 10.13; rv:109.0) Gecko/20100101 Firefox/115.0,60,,,,,,,,,,,,,,,,,,,,,,,,,,,,,,,,,,,,,,media/dcnb.png,0,0,Symb,a,RT,0,0,0,1,8,0,21,0,1,14,99,a,0.885,0,1,a,1,0.885,21,0,21,0,1,,,,,,,,,,,,,
,,,,,,,,,,,,,,,,,332,2,2024-03-28_10h27.22.721,Symbol-E,2020.1.3,MacIntel,Firefox,Mozilla/5.0 (Macintosh; Intel Mac OS X 10.13; rv:109.0) Gecko/20100101 Firefox/115.0,60,,,,,,,,,,,,,,,,,,,,,,,,,,,,,,,,,,,,,,media/dfnb.png,3,3,Symb,f,RT,0,0,0,1,8,0,22,0,1,14,99,f,1.004,3,1,f,1,1.004,22,0,22,0,1,,,,,,,,,,,,,
,,,,,,,,,,,,,,,,,332,2,2024-03-28_10h27.22.721,Symbol-E,2020.1.3,MacIntel,Firefox,Mozilla/5.0 (Macintosh; Intel Mac OS X 10.13; rv:109.0) Gecko/20100101 Firefox/115.0,60,,,,,,,,,,,,,,,,,,,,,,,,,,,,,,,,,,,,,,media/dgnb.png,2,2,Symb,e,RT,0,0,0,1,8,0,23,0,1,14,99,e,1.14,2,1,e,1,1.14,23,0,23,0,1,,,,,,,,,,,,,
,,,,,,,,,,,,,,,,,332,2,2024-03-28_10h27.22.721,Symbol-E,2020.1.3,MacIntel,Firefox,Mozilla/5.0 (Macintosh; Intel Mac OS X 10.13; rv:109.0) Gecko/20100101 Firefox/115.0,60,,,,,,,,,,,,,,,,,,,,,,,,,,,,,,,,,,,,,,media/dmnb.png,4,0,Symb,h,RT,0,0,0,1,8,0,24,0,1,14,99,h,6.769,4,1,h,1,6.769,24,0,24,0,1,,,,,,,,,,,,,
,,,,,,,,,,,,,,,,,332,2,2024-03-28_10h27.22.721,Symbol-E,2020.1.3,MacIntel,Firefox,Mozilla/5.0 (Macintosh; Intel Mac OS X 10.13; rv:109.0) Gecko/20100101 Firefox/115.0,60,,,,,,,,,,,,,,,,,,,,,,,,,,,,,,,,,,,,,,media/dgnb.png,2,2,Symb,e,RT,0,0,0,1,8,0,25,0,1,14,99,e,1.005,2,1,e,1,1.005,25,0,25,0,1,,,,,,,,,,,,,
,,,,,,,,,,,,,,,,,332,2,2024-03-28_10h27.22.721,Symbol-E,2020.1.3,MacIntel,Firefox,Mozilla/5.0 (Macintosh; Intel Mac OS X 10.13; rv:109.0) Gecko/20100101 Firefox/115.0,60,,,,,,,,,,,,,,,,,,,,,,,,,,,,,,,,,,,,,,media/ddnb.png,5,1,Symb,u,RT,0,0,0,1,8,0,26,0,1,14,99,u,0.819,5,1,u,1,0.819,26,0,26,0,1,,,,,,,,,,,,,
,,,,,,,,,,,,,,,,,332,2,2024-03-28_10h27.22.721,Symbol-E,2020.1.3,MacIntel,Firefox,Mozilla/5.0 (Macintosh; Intel Mac OS X 10.13; rv:109.0) Gecko/20100101 Firefox/115.0,60,,,,,,,,,,,,,,,,,,,,,,,,,,,,,,,,,,,,,,media/dnnb.png,7,3,Symb,l,RT,0,0,0,1,8,0,27,0,1,14,99,l,1.503,7,1,l,1,1.503,27,0,27,0,1,,,,,,,,,,,,,
,,,,,,,,,,,,,,,,,332,2,2024-03-28_10h27.22.721,Symbol-E,2020.1.3,MacIntel,Firefox,Mozilla/5.0 (Macintosh; Intel Mac OS X 10.13; rv:109.0) Gecko/20100101 Firefox/115.0,60,,,,,,,,,,,,,,,,,,,,,,,,,,,,,,,,,,,,,,media/dinb.png,6,2,Symb,i,RT,0,0,0,1,8,0,28,0,1,14,99,i,0.77,6,1,i,1,0.77,28,0,28,0,1,,,,,,,,,,,,,
,,,,,,,,,,,,,,,,,332,2,2024-03-28_10h27.22.721,Symbol-E,2020.1.3,MacIntel,Firefox,Mozilla/5.0 (Macintosh; Intel Mac OS X 10.13; rv:109.0) Gecko/20100101 Firefox/115.0,60,,,,,,,,,,,,,,,,,,,,,,,,,,,,,,,,,,,,,,media/dinb.png,6,2,Symb,i,RT,0,0,0,1,8,0,29,0,1,14,99,i,0.473,6,1,i,1,0.473,29,0,29,0,1,,,,,,,,,,,,,
,,,,,,,,,,,,,,,,,332,2,2024-03-28_10h27.22.721,Symbol-E,2020.1.3,MacIntel,Firefox,Mozilla/5.0 (Macintosh; Intel Mac OS X 10.13; rv:109.0) Gecko/20100101 Firefox/115.0,60,,,,,,,,,,,,,,,,,,,,,,,,,,,,,,,,,,,,,,media/djnb.png,1,1,Symb,w,RT,0,0,0,1,8,0,30,0,1,14,99,w,1.003,1,1,w,1,1.003,30,0,30,0,1,,,,,,,,,,,,,
,,,,,,,,,,,,,,,,,332,2,2024-03-28_10h27.22.721,Symbol-E,2020.1.3,MacIntel,Firefox,Mozilla/5.0 (Macintosh; Intel Mac OS X 10.13; rv:109.0) Gecko/20100101 Firefox/115.0,60,,,,,,,,,,,,,,,,,,,,,,,,,,,,,,,,,,,,,,media/dcnb.png,0,0,Symb,a,RT,0,0,0,1,8,0,31,0,1,14,99,a,2.539,0,1,a,1,2.539,31,0,31,0,1,,,,,,,,,,,,,
,,,,,,,,,,,,,,,,,332,2,2024-03-28_10h27.22.721,Symbol-E,2020.1.3,MacIntel,Firefox,Mozilla/5.0 (Macintosh; Intel Mac OS X 10.13; rv:109.0) Gecko/20100101 Firefox/115.0,60,,,,,,,,,,,,,,,,,,,,,,,,,,,,,,,,,,,,,,media/dinb.png,6,2,Symb,i,RT,0,0,0,1,8,0,32,0,1,14,99,i,0.802,6,1,i,1,0.802,32,0,32,0,1,,,,,,,,,,,,,
,,,,,,,,,,,,,,,,,332,2,2024-03-28_10h27.22.721,Symbol-E,2020.1.3,MacIntel,Firefox,Mozilla/5.0 (Macintosh; Intel Mac OS X 10.13; rv:109.0) Gecko/20100101 Firefox/115.0,60,,,,,,,,,,,,,,,,,,,,,,,,,,,,,,,,,,,,,,media/dcnb.png,0,0,Symb,a,RT,0,0,0,1,8,0,33,0,1,14,99,w,2.44,1,0,w,0,2.44,33,0,33,0,1,,,,,,,,,,,,,
,,,,,,,,,,,,,,,,,332,2,2024-03-28_10h27.22.721,Symbol-E,2020.1.3,MacIntel,Firefox,Mozilla/5.0 (Macintosh; Intel Mac OS X 10.13; rv:109.0) Gecko/20100101 Firefox/115.0,60,,,,,,,,,,,,,,,,,,,,,,,,,,,,,,,,,,,,,,media/dgnb.png,2,2,Symb,e,RT,0,0,0,1,8,0,34,0,1,14,99,e,0.823,2,1,e,1,0.823,34,0,34,0,1,,,,,,,,,,,,,
,,,,,,,,,,,,,,,,,332,2,2024-03-28_10h27.22.721,Symbol-E,2020.1.3,MacIntel,Firefox,Mozilla/5.0 (Macintosh; Intel Mac OS X 10.13; rv:109.0) Gecko/20100101 Firefox/115.0,60,,,,,,,,,,,,,,,,,,,,,,,,,,,,,,,,,,,,,,media/dnnb.png,7,3,Symb,l,RT,0,0,0,1,8,0,35,0,1,14,99,l,2.43,7,1,l,1,2.43,35,0,35,0,1,,,,,,,,,,,,,
,,,,,,,,,,,,,,,,,332,2,2024-03-28_10h27.22.721,Symbol-E,2020.1.3,MacIntel,Firefox,Mozilla/5.0 (Macintosh; Intel Mac OS X 10.13; rv:109.0) Gecko/20100101 Firefox/115.0,60,,,,,,,,,,,,,,,,,,,,,,,,,,,,,,,,,,,,,,media/dfnb.png,3,3,Symb,f,RT,0,0,0,1,8,0,36,0,1,14,99,h,0.973,4,0,h,0,0.973,36,0,36,0,1,,,,,,,,,,,,,
,,,,,,,,,,,,,,,,,332,2,2024-03-28_10h27.22.721,Symbol-E,2020.1.3,MacIntel,Firefox,Mozilla/5.0 (Macintosh; Intel Mac OS X 10.13; rv:109.0) Gecko/20100101 Firefox/115.0,60,,,,,,,,,,,,,,,,,,,,,,,,,,,,,,,,,,,,,,media/dgnb.png,2,2,Symb,e,RT,0,0,0,1,8,0,37,0,1,14,99,e,0.919,2,1,e,1,0.919,37,0,37,0,1,,,,,,,,,,,,,
,,,,,,,,,,,,,,,,,332,2,2024-03-28_10h27.22.721,Symbol-E,2020.1.3,MacIntel,Firefox,Mozilla/5.0 (Macintosh; Intel Mac OS X 10.13; rv:109.0) Gecko/20100101 Firefox/115.0,60,,,,,,,,,,,,,,,,,,,,,,,,,,,,,,,,,,,,,,media/djnb.png,1,1,Symb,w,RT,0,0,0,1,8,0,38,0,1,14,99,w,0.773,1,1,w,1,0.773,38,0,38,0,1,,,,,,,,,,,,,
,,,,,,,,,,,,,,,,,332,2,2024-03-28_10h27.22.721,Symbol-E,2020.1.3,MacIntel,Firefox,Mozilla/5.0 (Macintosh; Intel Mac OS X 10.13; rv:109.0) Gecko/20100101 Firefox/115.0,60,,,,,,,,,,,,,,,,,,,,,,,,,,,,,,,,,,,,,,media/djnb.png,1,1,Symb,w,RT,0,0,0,1,8,0,39,0,1,14,99,w,0.468,1,1,w,1,0.468,39,0,39,0,1,,,,,,,,,,,,,
,,,,,,,,,,,,,,,,,332,2,2024-03-28_10h27.22.721,Symbol-E,2020.1.3,MacIntel,Firefox,Mozilla/5.0 (Macintosh; Intel Mac OS X 10.13; rv:109.0) Gecko/20100101 Firefox/115.0,60,,,,,,,,,,,,,,,,,,,,,,,,,,,,,,,,,,,,,,media/dmnb.png,4,0,Symb,h,RT,0,0,0,1,8,0,40,0,1,14,99,h,1.06,4,1,h,1,1.06,40,0,40,0,1,,,,,,,,,,,,,
,,,,,,,,,,,,,,,,,332,2,2024-03-28_10h27.22.721,Symbol-E,2020.1.3,MacIntel,Firefox,Mozilla/5.0 (Macintosh; Intel Mac OS X 10.13; rv:109.0) Gecko/20100101 Firefox/115.0,60,,,,,,,,,,,,,,,,,,,,,,,,,,,,,,,,,,,,,,media/dcnb.png,0,0,Symb,a,RT,0,0,0,1,8,0,41,0,1,14,99,a,0.858,0,1,a,1,0.858,41,0,41,0,1,,,,,,,,,,,,,
,,,,,,,,,,,,,,,,,332,2,2024-03-28_10h27.22.721,Symbol-E,2020.1.3,MacIntel,Firefox,Mozilla/5.0 (Macintosh; Intel Mac OS X 10.13; rv:109.0) Gecko/20100101 Firefox/115.0,60,,,,,,,,,,,,,,,,,,,,,,,,,,,,,,,,,,,,,,media/dnnb.png,7,3,Symb,l,RT,0,0,0,1,8,0,42,0,1,14,99,l,1.002,7,1,l,1,1.002,42,0,42,0,1,,,,,,,,,,,,,
,,,,,,,,,,,,,,,,,332,2,2024-03-28_10h27.22.721,Symbol-E,2020.1.3,MacIntel,Firefox,Mozilla/5.0 (Macintosh; Intel Mac OS X 10.13; rv:109.0) Gecko/20100101 Firefox/115.0,60,,,,,,,,,,,,,,,,,,,,,,,,,,,,,,,,,,,,,,media/dmnb.png,4,0,Symb,h,RT,0,0,0,1,8,0,43,0,1,14,99,f,2.508,3,0,f,0,2.508,43,0,43,0,1,,,,,,,,,,,,,
,,,,,,,,,,,,,,,,,332,2,2024-03-28_10h27.22.721,Symbol-E,2020.1.3,MacIntel,Firefox,Mozilla/5.0 (Macintosh; Intel Mac OS X 10.13; rv:109.0) Gecko/20100101 Firefox/115.0,60,,,,,,,,,,,,,,,,,,,,,,,,,,,,,,,,,,,,,,media/dinb.png,6,2,Symb,i,RT,0,0,0,1,8,0,44,0,1,14,99,i,0.857,6,1,i,1,0.857,44,0,44,0,1,,,,,,,,,,,,,
,,,,,,,,,,,,,,,,,332,2,2024-03-28_10h27.22.721,Symbol-E,2020.1.3,MacIntel,Firefox,Mozilla/5.0 (Macintosh; Intel Mac OS X 10.13; rv:109.0) Gecko/20100101 Firefox/115.0,60,,,,,,,,,,,,,,,,,,,,,,,,,,,,,,,,,,,,,,media/dfnb.png,3,3,Symb,f,RT,0,0,0,1,8,0,45,0,1,14,99,f,0.875,3,1,f,1,0.875,45,0,45,0,1,,,,,,,,,,,,,
,,,,,,,,,,,,,,,,,332,2,2024-03-28_10h27.22.721,Symbol-E,2020.1.3,MacIntel,Firefox,Mozilla/5.0 (Macintosh; Intel Mac OS X 10.13; rv:109.0) Gecko/20100101 Firefox/115.0,60,,,,,,,,,,,,,,,,,,,,,,,,,,,,,,,,,,,,,,media/ddnb.png,5,1,Symb,u,RT,0,0,0,1,8,0,46,0,1,14,99,u,0.902,5,1,u,1,0.902,46,0,46,0,1,,,,,,,,,,,,,
,,,,,,,,,,,,,,,,,332,2,2024-03-28_10h27.22.721,Symbol-E,2020.1.3,MacIntel,Firefox,Mozilla/5.0 (Macintosh; Intel Mac OS X 10.13; rv:109.0) Gecko/20100101 Firefox/115.0,60,,,,,,,,,,,,,,,,,,,,,,,,,,,,,,,,,,,,,,media/ddnb.png,5,1,Symb,u,RT,0,0,0,1,8,0,47,0,1,14,99,u,0.521,5,1,u,1,0.521,47,0,47,0,1,,,,,,,,,,,,,
,,,,,,,,,,,,,,,,,332,2,2024-03-28_10h27.22.721,Symbol-E,2020.1.3,MacIntel,Firefox,Mozilla/5.0 (Macintosh; Intel Mac OS X 10.13; rv:109.0) Gecko/20100101 Firefox/115.0,60,,,,,,,,,,,,,,,,,,,,,,,,,,,,,,,,,,,,,,media/dfnb.png,3,3,Symb,f,RT,0,0,0,1,8,0,48,0,1,14,99,l,2.373,7,0,l,0,2.373,48,0,48,0,1,,,,,,,,,,,,,
,,,,,,,,,,,,,,,,,332,2,2024-03-28_10h27.22.721,Symbol-E,2020.1.3,MacIntel,Firefox,Mozilla/5.0 (Macintosh; Intel Mac OS X 10.13; rv:109.0) Gecko/20100101 Firefox/115.0,60,,,,,,,,,,,,,,,,,,,,,,,,,,,,,,,,,,,,,,media/dmnb.png,4,0,Symb,h,RT,0,0,0,1,8,0,49,0,1,14,99,h,1.336,4,1,h,1,1.336,49,0,49,0,1,,,,,,,,,,,,,
,,,,,,,,,,,,,,,,,332,2,2024-03-28_10h27.22.721,Symbol-E,2020.1.3,MacIntel,Firefox,Mozilla/5.0 (Macintosh; Intel Mac OS X 10.13; rv:109.0) Gecko/20100101 Firefox/115.0,60,,,,,,,,,,,,,,,,,,,,,,,,,,,,,,,,,,,,,,media/dcnb.png,0,0,Symb,a,RT,0,0,0,1,8,0,50,0,1,14,99,a,0.887,0,1,a,1,0.887,50,0,50,0,1,,,,,,,,,,,,,
,,,,,,,,,,,,,,,,,332,2,2024-03-28_10h27.22.721,Symbol-E,2020.1.3,MacIntel,Firefox,Mozilla/5.0 (Macintosh; Intel Mac OS X 10.13; rv:109.0) Gecko/20100101 Firefox/115.0,60,,,,,,,,,,,,,,,,,,,,,,,,,,,,,,,,,,,,,,media/dfnb.png,3,3,Symb,f,RT,0,0,0,1,8,0,51,0,1,14,99,f,1.937,3,1,f,1,1.937,51,0,51,0,1,,,,,,,,,,,,,
,,,,,,,,,,,,,,,,,332,2,2024-03-28_10h27.22.721,Symbol-E,2020.1.3,MacIntel,Firefox,Mozilla/5.0 (Macintosh; Intel Mac OS X 10.13; rv:109.0) Gecko/20100101 Firefox/115.0,60,,,,,,,,,,,,,,,,,,,,,,,,,,,,,,,,,,,,,,media/dgnb.png,2,2,Symb,e,RT,0,0,0,1,8,0,52,0,1,14,99,e,0.991,2,1,e,1,0.991,52,0,52,0,1,,,,,,,,,,,,,
,,,,,,,,,,,,,,,,,332,2,2024-03-28_10h27.22.721,Symbol-E,2020.1.3,MacIntel,Firefox,Mozilla/5.0 (Macintosh; Intel Mac OS X 10.13; rv:109.0) Gecko/20100101 Firefox/115.0,60,,,,,,,,,,,,,,,,,,,,,,,,,,,,,,,,,,,,,,media/dnnb.png,7,3,Symb,l,RT,0,0,0,1,8,0,53,0,1,14,99,l,0.975,7,1,l,1,0.975,53,0,53,0,1,,,,,,,,,,,,,
,,,,,,,,,,,,,,,,,332,2,2024-03-28_10h27.22.721,Symbol-E,2020.1.3,MacIntel,Firefox,Mozilla/5.0 (Macintosh; Intel Mac OS X 10.13; rv:109.0) Gecko/20100101 Firefox/115.0,60,,,,,,,,,,,,,,,,,,,,,,,,,,,,,,,,,,,,,,media/dnnb.png,7,3,Symb,l,RT,0,0,0,1,8,0,54,0,1,14,99,l,0.489,7,1,l,1,0.489,54,0,54,0,1,,,,,,,,,,,,,
,,,,,,,,,,,,,,,,,332,2,2024-03-28_10h27.22.721,Symbol-E,2020.1.3,MacIntel,Firefox,Mozilla/5.0 (Macintosh; Intel Mac OS X 10.13; rv:109.0) Gecko/20100101 Firefox/115.0,60,,,,,,,,,,,,,,,,,,,,,,,,,,,,,,,,,,,,,,media/ddnb.png,5,1,Symb,u,RT,0,0,0,1,8,0,55,0,1,14,99,u,0.872,5,1,u,1,0.872,55,0,55,0,1,,,,,,,,,,,,,
,,,,,,,,,,,,,,,,,332,2,2024-03-28_10h27.22.721,Symbol-E,2020.1.3,MacIntel,Firefox,Mozilla/5.0 (Macintosh; Intel Mac OS X 10.13; rv:109.0) Gecko/20100101 Firefox/115.0,60,,,,,,,,,,,,,,,,,,,,,,,,,,,,,,,,,,,,,,media/dcnb.png,0,0,Symb,a,RT,0,0,0,1,8,0,56,0,1,14,99,a,0.821,0,1,a,1,0.821,56,0,56,0,1,,,,,,,,,,,,,
,,,,,,,,,,,,,,,,,332,2,2024-03-28_10h27.22.721,Symbol-E,2020.1.3,MacIntel,Firefox,Mozilla/5.0 (Macintosh; Intel Mac OS X 10.13; rv:109.0) Gecko/20100101 Firefox/115.0,60,,,,,,,,,,,,,,,,,,,,,,,,,,,,,,,,,,,,,,media/dinb.png,6,2,Symb,i,RT,0,0,0,1,8,0,57,0,1,14,99,i,0.884,6,1,i,1,0.884,57,0,57,0,1,,,,,,,,,,,,,
,,,,,,,,,,,,,,,,,332,2,2024-03-28_10h27.22.721,Symbol-E,2020.1.3,MacIntel,Firefox,Mozilla/5.0 (Macintosh; Intel Mac OS X 10.13; rv:109.0) Gecko/20100101 Firefox/115.0,60,,,,,,,,,,,,,,,,,,,,,,,,,,,,,,,,,,,,,,media/dinb.png,6,2,Symb,i,RT,0,0,0,1,8,0,58,0,1,14,99,i,0.42,6,1,i,1,0.42,58,0,58,0,1,,,,,,,,,,,,,
,,,,,,,,,,,,,,,,,332,2,2024-03-28_10h27.22.721,Symbol-E,2020.1.3,MacIntel,Firefox,Mozilla/5.0 (Macintosh; Intel Mac OS X 10.13; rv:109.0) Gecko/20100101 Firefox/115.0,60,,,,,,,,,,,,,,,,,,,,,,,,,,,,,,,,,,,,,,media/djnb.png,1,1,Symb,w,RT,0,0,0,1,8,0,59,0,1,14,99,w,1.022,1,1,w,1,1.022,59,0,59,0,1,,,,,,,,,,,,,
,,,,,,,,,,,,,,,,,332,2,2024-03-28_10h27.22.721,Symbol-E,2020.1.3,MacIntel,Firefox,Mozilla/5.0 (Macintosh; Intel Mac OS X 10.13; rv:109.0) Gecko/20100101 Firefox/115.0,60,,,,,,,,,,,,,,,,,,,,,,,,,,,,,,,,,,,,,,media/dgnb.png,2,2,Symb,e,RT,0,0,0,1,8,0,60,0,1,14,99,e,0.974,2,1,e,1,0.974,60,0,60,0,1,,,,,,,,,,,,,
,,,,,,,,,,,,,,,,,332,2,2024-03-28_10h27.22.721,Symbol-E,2020.1.3,MacIntel,Firefox,Mozilla/5.0 (Macintosh; Intel Mac OS X 10.13; rv:109.0) Gecko/20100101 Firefox/115.0,60,,,,,,,,,,,,,,,,,,,,,,,,,,,,,,,,,,,,,,media/dmnb.png,4,0,Symb,h,RT,0,0,0,1,8,0,61,0,1,14,99,h,1.572,4,1,h,1,1.572,61,0,61,0,1,,,,,,,,,,,,,
,,,,,,,,,,,,,,,,,332,2,2024-03-28_10h27.22.721,Symbol-E,2020.1.3,MacIntel,Firefox,Mozilla/5.0 (Macintosh; Intel Mac OS X 10.13; rv:109.0) Gecko/20100101 Firefox/115.0,60,,,,,,,,,,,,,,,,,,,,,,,,,,,,,,,,,,,,,,media/ddnb.png,5,1,Symb,u,RT,0,0,0,1,8,0,62,0,1,14,99,u,1.173,5,1,u,1,1.173,62,0,62,0,1,,,,,,,,,,,,,
,,,,,,,,,,,,,,,,,332,2,2024-03-28_10h27.22.721,Symbol-E,2020.1.3,MacIntel,Firefox,Mozilla/5.0 (Macintosh; Intel Mac OS X 10.13; rv:109.0) Gecko/20100101 Firefox/115.0,60,,,,,,,,,,,,,,,,,,,,,,,,,,,,,,,,,,,,,,media/djnb.png,1,1,Symb,w,RT,0,0,0,1,8,0,63,0,1,14,99,w,1.037,1,1,w,1,1.037,63,0,63,0,1,,,,,,,,,,,,,
,,,,,,,,,,,,,,,,,332,2,2024-03-28_10h27.22.721,Symbol-E,2020.1.3,MacIntel,Firefox,Mozilla/5.0 (Macintosh; Intel Mac OS X 10.13; rv:109.0) Gecko/20100101 Firefox/115.0,60,,,,,,,,,,,,,,,,,,,,,,,,,,,,,,,,,,,,,,media/dgnb.png,2,2,Symb,e,RT,0,0,0,1,8,0,64,0,1,14,99,e,1.019,2,1,e,1,1.019,64,0,64,0,1,,,,,,,,,,,,,
,,,,,,,,,,,,,,,,,332,2,2024-03-28_10h27.22.721,Symbol-E,2020.1.3,MacIntel,Firefox,Mozilla/5.0 (Macintosh; Intel Mac OS X 10.13; rv:109.0) Gecko/20100101 Firefox/115.0,60,,,,,,,,,,,,,,,,,,,,,,,,,,,,,,,,,,,,,,media/dinb.png,6,2,Symb,i,RT,0,0,0,1,8,0,65,0,1,14,99,i,1.023,6,1,i,1,1.023,65,0,65,0,1,,,,,,,,,,,,,
,,,,,,,,,,,,,,,,,332,2,2024-03-28_10h27.22.721,Symbol-E,2020.1.3,MacIntel,Firefox,Mozilla/5.0 (Macintosh; Intel Mac OS X 10.13; rv:109.0) Gecko/20100101 Firefox/115.0,60,,,,,,,,,,,,,,,,,,,,,,,,,,,,,,,,,,,,,,media/dgnb.png,2,2,Symb,e,RT,0,0,0,1,8,0,66,0,1,14,99,e,0.786,2,1,e,1,0.786,66,0,66,0,1,,,,,,,,,,,,,
,,,,,,,,,,,,,,,,,332,2,2024-03-28_10h27.22.721,Symbol-E,2020.1.3,MacIntel,Firefox,Mozilla/5.0 (Macintosh; Intel Mac OS X 10.13; rv:109.0) Gecko/20100101 Firefox/115.0,60,,,,,,,,,,,,,,,,,,,,,,,,,,,,,,,,,,,,,,media/dinb.png,6,2,Symb,i,RT,0,0,0,1,8,0,67,0,1,14,99,i,0.852,6,1,i,1,0.852,67,0,67,0,1,,,,,,,,,,,,,
,,,,,,,,,,,,,,,,,332,2,2024-03-28_10h27.22.721,Symbol-E,2020.1.3,MacIntel,Firefox,Mozilla/5.0 (Macintosh; Intel Mac OS X 10.13; rv:109.0) Gecko/20100101 Firefox/115.0,60,,,,,,,,,,,,,,,,,,,,,,,,,,,,,,,,,,,,,,media/ddnb.png,5,1,Symb,u,RT,0,0,0,1,8,0,68,0,1,14,99,u,0.936,5,1,u,1,0.936,68,0,68,0,1,,,,,,,,,,,,,
,,,,,,,,,,,,,,,,,332,2,2024-03-28_10h27.22.721,Symbol-E,2020.1.3,MacIntel,Firefox,Mozilla/5.0 (Macintosh; Intel Mac OS X 10.13; rv:109.0) Gecko/20100101 Firefox/115.0,60,,,,,,,,,,,,,,,,,,,,,,,,,,,,,,,,,,,,,,media/djnb.png,1,1,Symb,w,RT,0,0,0,1,8,0,69,0,1,14,99,w,0.853,1,1,w,1,0.853,69,0,69,0,1,,,,,,,,,,,,,
,,,,,,,,,,,,,,,,,332,2,2024-03-28_10h27.22.721,Symbol-E,2020.1.3,MacIntel,Firefox,Mozilla/5.0 (Macintosh; Intel Mac OS X 10.13; rv:109.0) Gecko/20100101 Firefox/115.0,60,,,,,,,,,,,,,,,,,,,,,,,,,,,,,,,,,,,,,,media/ddnb.png,5,1,Symb,u,RT,0,0,0,1,8,0,70,0,1,14,99,u,0.936,5,1,u,1,0.936,70,0,70,0,1,,,,,,,,,,,,,
,,,,,,,,,,,,,,,,,332,2,2024-03-28_10h27.22.721,Symbol-E,2020.1.3,MacIntel,Firefox,Mozilla/5.0 (Macintosh; Intel Mac OS X 10.13; rv:109.0) Gecko/20100101 Firefox/115.0,60,,,,,,,,,,,,,,,,,,,,,,,,,,,,,,,,,,,,,,media/dmnb.png,4,0,Symb,h,RT,0,0,0,1,8,0,71,0,1,14,99,h,0.957,4,1,h,1,0.957,71,0,71,0,1,,,,,,,,,,,,,
,,,,,,,,,,,,,,,,,332,2,2024-03-28_10h27.22.721,Symbol-E,2020.1.3,MacIntel,Firefox,Mozilla/5.0 (Macintosh; Intel Mac OS X 10.13; rv:109.0) Gecko/20100101 Firefox/115.0,60,,,,,,,,,,,,,,,,,,,,,,,,,,,,,,,,,,,,,,media/dcnb.png,0,0,Symb,a,RT,0,0,0,1,8,0,72,0,1,14,99,a,0.87,0,1,a,1,0.87,72,0,72,0,1,,,,,,,,,,,,,
,,,,,,,,,,,,,,,,,332,2,2024-03-28_10h27.22.721,Symbol-E,2020.1.3,MacIntel,Firefox,Mozilla/5.0 (Macintosh; Intel Mac OS X 10.13; rv:109.0) Gecko/20100101 Firefox/115.0,60,,,,,,,,,,,,,,,,,,,,,,,,,,,,,,,,,,,,,,media/dcnb.png,0,0,Symb,a,RT,0,0,0,1,8,0,73,0,1,14,99,a,0.64,0,1,a,1,0.64,73,0,73,0,1,,,,,,,,,,,,,
,,,,,,,,,,,,,,,,,332,2,2024-03-28_10h27.22.721,Symbol-E,2020.1.3,MacIntel,Firefox,Mozilla/5.0 (Macintosh; Intel Mac OS X 10.13; rv:109.0) Gecko/20100101 Firefox/115.0,60,,,,,,,,,,,,,,,,,,,,,,,,,,,,,,,,,,,,,,media/dmnb.png,4,0,Symb,h,RT,0,0,0,1,8,0,74,0,1,14,99,h,2.556,4,1,h,1,2.556,74,0,74,0,1,,,,,,,,,,,,,
,,,,,,,,,,,,,,,,,332,2,2024-03-28_10h27.22.721,Symbol-E,2020.1.3,MacIntel,Firefox,Mozilla/5.0 (Macintosh; Intel Mac OS X 10.13; rv:109.0) Gecko/20100101 Firefox/115.0,60,,,,,,,,,,,,,,,,,,,,,,,,,,,,,,,,,,,,,,media/dfnb.png,3,3,Symb,f,RT,0,0,0,1,8,0,75,0,1,14,99,f,1.01,3,1,f,1,1.01,75,0,75,0,1,,,,,,,,,,,,,
,,,,,,,,,,,,,,,,,332,2,2024-03-28_10h27.22.721,Symbol-E,2020.1.3,MacIntel,Firefox,Mozilla/5.0 (Macintosh; Intel Mac OS X 10.13; rv:109.0) Gecko/20100101 Firefox/115.0,60,,,,,,,,,,,,,,,,,,,,,,,,,,,,,,,,,,,,,,media/dfnb.png,3,3,Symb,f,RT,0,0,0,1,8,0,76,0,1,14,99,f,0.507,3,1,f,1,0.507,76,0,76,0,1,,,,,,,,,,,,,
,,,,,,,,,,,,,,,,,332,2,2024-03-28_10h27.22.721,Symbol-E,2020.1.3,MacIntel,Firefox,Mozilla/5.0 (Macintosh; Intel Mac OS X 10.13; rv:109.0) Gecko/20100101 Firefox/115.0,60,,,,,,,,,,,,,,,,,,,,,,,,,,,,,,,,,,,,,,media/djnb.png,1,1,Symb,w,RT,0,0,0,1,8,0,77,0,1,14,99,w,0.836,1,1,w,1,0.836,77,0,77,0,1,,,,,,,,,,,,,
,,,,,,,,,,,,,,,,,332,2,2024-03-28_10h27.22.721,Symbol-E,2020.1.3,MacIntel,Firefox,Mozilla/5.0 (Macintosh; Intel Mac OS X 10.13; rv:109.0) Gecko/20100101 Firefox/115.0,60,,,,,,,,,,,,,,,,,,,,,,,,,,,,,,,,,,,,,,media/dnnb.png,7,3,Symb,l,RT,0,0,0,1,8,0,78,0,1,14,99,l,1.057,7,1,l,1,1.057,78,0,78,0,1,,,,,,,,,,,,,
,,,,,,,,,,,,,,,,,332,2,2024-03-28_10h27.22.721,Symbol-E,2020.1.3,MacIntel,Firefox,Mozilla/5.0 (Macintosh; Intel Mac OS X 10.13; rv:109.0) Gecko/20100101 Firefox/115.0,60,,,,,,,,,,,,,,,,,,,,,,,,,,,,,,,,,,,,,,media/dnnb.png,7,3,Symb,l,RT,0,0,0,1,8,0,79,0,1,14,99,l,0.806,7,1,l,1,0.806,79,0,79,0,1,,,,,,,,,,,,,
,,,,,,,,,,,,,,,,,332,2,2024-03-28_10h27.22.721,Symbol-E,2020.1.3,MacIntel,Firefox,Mozilla/5.0 (Macintosh; Intel Mac OS X 10.13; rv:109.0) Gecko/20100101 Firefox/115.0,60,,,,,,,,,,,,,,,,,,,,,,,,,,,,,,,,,,,,,,media/dcnb.png,0,0,Symb,a,RT,0,0,0,1,8,0,80,0,1,14,99,a,0.918,0,1,a,1,0.918,80,0,80,0,1,,,,,,,,,,,,,
,,,,,,,,,,,,,,,,,332,2,2024-03-28_10h27.22.721,Symbol-E,2020.1.3,MacIntel,Firefox,Mozilla/5.0 (Macintosh; Intel Mac OS X 10.13; rv:109.0) Gecko/20100101 Firefox/115.0,60,,,,,,,,,,,,,,,,,,,,,,,,,,,,,,,,,,,,,,media/dgnb.png,2,2,Symb,e,RT,0,0,0,1,8,0,81,0,1,14,99,e,0.803,2,1,e,1,0.803,81,0,81,0,1,,,,,,,,,,,,,
,,,,,,,,,,,,,,,,,332,2,2024-03-28_10h27.22.721,Symbol-E,2020.1.3,MacIntel,Firefox,Mozilla/5.0 (Macintosh; Intel Mac OS X 10.13; rv:109.0) Gecko/20100101 Firefox/115.0,60,,,,,,,,,,,,,,,,,,,,,,,,,,,,,,,,,,,,,,media/dmnb.png,4,0,Symb,h,RT,0,0,0,1,8,0,82,0,1,14,99,h,1.058,4,1,h,1,1.058,82,0,82,0,1,,,,,,,,,,,,,
,,,,,,,,,,,,,,,,,332,2,2024-03-28_10h27.22.721,Symbol-E,2020.1.3,MacIntel,Firefox,Mozilla/5.0 (Macintosh; Intel Mac OS X 10.13; rv:109.0) Gecko/20100101 Firefox/115.0,60,,,,,,,,,,,,,,,,,,,,,,,,,,,,,,,,,,,,,,media/djnb.png,1,1,Symb,w,RT,0,0,0,1,8,0,83,0,1,14,99,w,0.885,1,1,w,1,0.885,83,0,83,0,1,,,,,,,,,,,,,
,,,,,,,,,,,,,,,,,332,2,2024-03-28_10h27.22.721,Symbol-E,2020.1.3,MacIntel,Firefox,Mozilla/5.0 (Macintosh; Intel Mac OS X 10.13; rv:109.0) Gecko/20100101 Firefox/115.0,60,,,,,,,,,,,,,,,,,,,,,,,,,,,,,,,,,,,,,,media/dinb.png,6,2,Symb,i,RT,0,0,0,1,8,0,84,0,1,14,99,i,0.903,6,1,i,1,0.903,84,0,84,0,1,,,,,,,,,,,,,
,,,,,,,,,,,,,,,,,332,2,2024-03-28_10h27.22.721,Symbol-E,2020.1.3,MacIntel,Firefox,Mozilla/5.0 (Macintosh; Intel Mac OS X 10.13; rv:109.0) Gecko/20100101 Firefox/115.0,60,,,,,,,,,,,,,,,,,,,,,,,,,,,,,,,,,,,,,,media/dnnb.png,7,3,Symb,l,RT,0,0,0,1,8,0,85,0,1,14,99,l,1.844,7,1,l,1,1.844,85,0,85,0,1,,,,,,,,,,,,,
,,,,,,,,,,,,,,,,,332,2,2024-03-28_10h27.22.721,Symbol-E,2020.1.3,MacIntel,Firefox,Mozilla/5.0 (Macintosh; Intel Mac OS X 10.13; rv:109.0) Gecko/20100101 Firefox/115.0,60,,,,,,,,,,,,,,,,,,,,,,,,,,,,,,,,,,,,,,media/dfnb.png,3,3,Symb,f,RT,0,0,0,1,8,0,86,0,1,14,99,f,0.84,3,1,f,1,0.84,86,0,86,0,1,,,,,,,,,,,,,
,,,,,,,,,,,,,,,,,332,2,2024-03-28_10h27.22.721,Symbol-E,2020.1.3,MacIntel,Firefox,Mozilla/5.0 (Macintosh; Intel Mac OS X 10.13; rv:109.0) Gecko/20100101 Firefox/115.0,60,,,,,,,,,,,,,,,,,,,,,,,,,,,,,,,,,,,,,,media/dfnb.png,3,3,Symb,f,RT,0,0,0,1,8,0,87,0,1,14,99,f,0.553,3,1,f,1,0.553,87,0,87,0,1,,,,,,,,,,,,,
,,,,,,,,,,,,,,,,,332,2,2024-03-28_10h27.22.721,Symbol-E,2020.1.3,MacIntel,Firefox,Mozilla/5.0 (Macintosh; Intel Mac OS X 10.13; rv:109.0) Gecko/20100101 Firefox/115.0,60,,,,,,,,,,,,,,,,,,,,,,,,,,,,,,,,,,,,,,media/dnnb.png,7,3,Symb,l,RT,0,0,0,1,8,0,88,0,1,14,99,l,1.523,7,1,l,1,1.523,88,0,88,0,1,,,,,,,,,,,,,
,,,,,,,,,,,,,,,,,332,2,2024-03-28_10h27.22.721,Symbol-E,2020.1.3,MacIntel,Firefox,Mozilla/5.0 (Macintosh; Intel Mac OS X 10.13; rv:109.0) Gecko/20100101 Firefox/115.0,60,,,,,,,,,,,,,,,,,,,,,,,,,,,,,,,,,,,,,,media/dcnb.png,0,0,Symb,a,RT,0,0,0,1,8,0,89,0,1,14,99,h,4.177,4,0,h,0,4.177,89,0,89,0,1,,,,,,,,,,,,,
,,,,,,,,,,,,,,,,,332,2,2024-03-28_10h27.22.721,Symbol-E,2020.1.3,MacIntel,Firefox,Mozilla/5.0 (Macintosh; Intel Mac OS X 10.13; rv:109.0) Gecko/20100101 Firefox/115.0,60,,,,,,,,,,,,,,,,,,,,,,,,,,,,,,,,,,,,,,media/dgnb.png,2,2,Symb,e,RT,0,0,0,1,8,0,90,0,1,14,99,e,1.321,2,1,e,1,1.321,90,0,90,0,1,,,,,,,,,,,,,
,,,,,,,,,,,,,,,,,332,2,2024-03-28_10h27.22.721,Symbol-E,2020.1.3,MacIntel,Firefox,Mozilla/5.0 (Macintosh; Intel Mac OS X 10.13; rv:109.0) Gecko/20100101 Firefox/115.0,60,,,,,,,,,,,,,,,,,,,,,,,,,,,,,,,,,,,,,,media/dinb.png,6,2,Symb,i,RT,0,0,0,1,8,0,91,0,1,14,99,i,0.953,6,1,i,1,0.953,91,0,91,0,1,,,,,,,,,,,,,
,,,,,,,,,,,,,,,,,332,2,2024-03-28_10h27.22.721,Symbol-E,2020.1.3,MacIntel,Firefox,Mozilla/5.0 (Macintosh; Intel Mac OS X 10.13; rv:109.0) Gecko/20100101 Firefox/115.0,60,,,,,,,,,,,,,,,,,,,,,,,,,,,,,,,,,,,,,,media/djnb.png,1,1,Symb,w,RT,0,0,0,1,8,0,92,0,1,14,99,w,0.869,1,1,w,1,0.869,92,0,92,0,1,,,,,,,,,,,,,
,,,,,,,,,,,,,,,,,332,2,2024-03-28_10h27.22.721,Symbol-E,2020.1.3,MacIntel,Firefox,Mozilla/5.0 (Macintosh; Intel Mac OS X 10.13; rv:109.0) Gecko/20100101 Firefox/115.0,60,,,,,,,,,,,,,,,,,,,,,,,,,,,,,,,,,,,,,,media/ddnb.png,5,1,Symb,u,RT,0,0,0,1,8,0,93,0,1,14,99,u,6.815,5,1,u,1,6.815,93,0,93,0,1,,,,,,,,,,,,,
,,,,,,,,,,,,,,,,,332,2,2024-03-28_10h27.22.721,Symbol-E,2020.1.3,MacIntel,Firefox,Mozilla/5.0 (Macintosh; Intel Mac OS X 10.13; rv:109.0) Gecko/20100101 Firefox/115.0,60,,,,,,,,,,,,,,,,,,,,,,,,,,,,,,,,,,,,,,media/dmnb.png,4,0,Symb,h,RT,0,0,0,1,8,0,94,0,1,14,99,h,0.937,4,1,h,1,0.937,94,0,94,0,1,,,,,,,,,,,,,
,,,,,,,,,,,,,,,,,332,2,2024-03-28_10h27.22.721,Symbol-E,2020.1.3,MacIntel,Firefox,Mozilla/5.0 (Macintosh; Intel Mac OS X 10.13; rv:109.0) Gecko/20100101 Firefox/115.0,60,,,,,,,,,,,,,,,,,,,,,,,,,,,,,,,,,,,,,,media/ddnb.png,5,1,Symb,u,RT,0,0,0,1,8,0,95,0,1,14,99,u,0.956,5,1,u,1,0.956,95,0,95,0,1,,,,,,,,,,,,,
,,,,,,,,,,,,,,,,,332,2,2024-03-28_10h27.22.721,Symbol-E,2020.1.3,MacIntel,Firefox,Mozilla/5.0 (Macintosh; Intel Mac OS X 10.13; rv:109.0) Gecko/20100101 Firefox/115.0,60,,,,,,,,,,,,,,,,,,,,,,,,,,,,,,,,,,,,,,,,,,,,,,,,,,,,,,,,,,,,,,,,,,,13,0,13,0,1,,,,,,,,
,,,,,,,,,,,,,,,,,332,2,2024-03-28_10h27.22.721,Symbol-E,2020.1.3,MacIntel,Firefox,Mozilla/5.0 (Macintosh; Intel Mac OS X 10.13; rv:109.0) Gecko/20100101 Firefox/115.0,60,,,,,,,,,,,,,,,,,,,,,,,,,,,,,,,,,,,,,,,,,,,,,,,,,,,,,,,,,,,,,,,,,,,,,,,,0,0,0,0,1,,,
,,,,,,,,,,,,,,,,,332,2,2024-03-28_10h27.22.721,Symbol-E,2020.1.3,MacIntel,Firefox,Mozilla/5.0 (Macintosh; Intel Mac OS X 10.13; rv:109.0) Gecko/20100101 Firefox/115.0,60,,,,,,,,,,,,,,,,,,,,,,,,,,,,,,,,,,,,,,,,,,,,,,,,,,,,,,,,,,,,,,,,,,,14,0,14,0,1,,,,,,space,27.69,13
